year,driver_id,driver_name,driver_code,race_entries,starts,wins,podiums,poles,fastest_laps,points,best_finish,championship_position
1950,nino-farina,Nino Farina,FAR,6,6,3,3,2,3,30.0,1.0,1.0
1950,juan-manuel-fangio,Juan Manuel Fangio,FAN,7,7,3,3,4,3,27.0,1.0,2.0
1950,luigi-fagioli,Luigi Fagioli,FAG,6,6,0,5,0,0,28.0,2.0,3.0
1950,louis-rosier,Louis Rosier,ROS,7,7,0,2,0,0,13.0,3.0,4.0
1950,alberto-ascari,Alberto Ascari,ASC,5,5,0,2,0,0,11.0,2.0,5.0
1950,johnnie-parsons,Johnnie Parsons,PAR,1,1,1,1,0,1,9.0,1.0,6.0
1950,bill-holland,Bill Holland,HOL,1,1,0,1,0,0,6.0,2.0,7.0
1950,birabongse-bhanudej,Birabongse Bhanudej,BIR,4,4,0,0,0,0,5.0,4.0,8.0
1950,louis-chiron,Louis Chiron,CHI,5,5,0,1,0,0,4.0,3.0,9.0
1950,mauri-rose,Mauri Rose,ROS,1,1,0,1,0,0,4.0,3.0,9.0
1950,peter-whitehead,Peter Whitehead,WHI,3,3,0,1,0,0,4.0,3.0,9.0
1950,reg-parnell,Reg Parnell,PAR,2,2,0,1,0,0,4.0,3.0,9.0
1950,dorino-serafini,Dorino Serafini,SER,1,1,0,1,0,0,3.0,2.0,13.0
1950,cecil-green,Cecil Green,GRE,1,1,0,0,0,0,3.0,4.0,14.0
1950,raymond-sommer,Raymond Sommer,SOM,5,5,0,0,0,0,3.0,4.0,14.0
1950,robert-manzon,Robert Manzon,MAN,3,3,0,0,0,0,3.0,4.0,14.0
1950,yves-giraud-cabantous,Yves Giraud-Cabantous,CAB,4,4,0,0,0,0,3.0,4.0,14.0
1950,philippe-etancelin,Philippe Étancelin,ETA,6,6,0,0,0,0,3.0,5.0,18.0
1950,felice-bonetto,Felice Bonetto,BON,3,3,0,0,0,0,2.0,5.0,19.0
1950,eugene-chaboud,Eugène Chaboud,CHA,3,3,0,0,0,0,1.0,5.0,20.0
1950,joie-chitwood,Joie Chitwood,CHI,1,1,0,0,0,0,1.0,5.0,20.0
1950,tony-bettenhausen,Tony Bettenhausen,BET,2,2,0,0,0,0,1.0,5.0,20.0
1950,alfredo-pian,Alfredo Pián,PIA,1,1,0,0,0,0,0.0,,
1950,bayliss-levrett,Bayliss Levrett,LEV,1,1,0,0,0,0,0.0,27.0,
1950,bill-cantrell,Bill Cantrell,CAN,1,1,0,0,0,0,0.0,27.0,
1950,bill-schindler,Bill Schindler,SCH,1,1,0,0,0,0,0.0,26.0,
1950,bob-gerard,Bob Gerard,GER,2,2,0,0,0,0,0.0,6.0,
1950,brian-shawe-taylor,Brian Shawe-Taylor,SHA,1,1,0,0,0,0,0.0,10.0,
1950,charles-pozzi,Charles Pozzi,POZ,1,1,0,0,0,0,0.0,6.0,
1950,clemente-biondetti,Clemente Biondetti,BIO,1,1,0,0,0,0,0.0,,
1950,consalvo-sanesi,Consalvo Sanesi,SAN,1,1,0,0,0,0,0.0,,
1950,cuth-harrison,Cuth Harrison,HAR,3,3,0,0,0,0,0.0,7.0,
1950,david-hampshire,David Hampshire,HAM,2,2,0,0,0,0,0.0,9.0,
1950,david-murray,David Murray,MUR,2,2,0,0,0,0,0.0,,
1950,dick-rathmann,Dick Rathmann,RAT,1,1,0,0,0,0,0.0,32.0,
1950,duane-carter,Duane Carter,CAR,1,1,0,0,0,0,0.0,12.0,
1950,duke-dinsmore,Duke Dinsmore,DIN,1,1,0,0,0,0,0.0,33.0,
1950,emmanuel-de-graffenried,Emmanuel de Graffenried,DEG,4,4,0,0,0,0,0.0,6.0,
1950,eugene-martin,Eugène Martin,MAR,2,2,0,0,0,0,0.0,,
1950,franco-comotti,Franco Comotti,COM,1,1,0,0,0,0,0.0,,
1950,franco-rol,Franco Rol,ROL,3,3,0,0,0,0,0.0,,
1950,fred-agabashian,Fred Agabashian,AGA,2,2,0,0,0,0,0.0,25.0,
1950,gene-hartley,Gene Hartley,HAR,1,1,0,0,0,0,0.0,16.0,
1950,geoffrey-crossley,Geoffrey Crossley,CRO,2,2,0,0,0,0,0.0,9.0,
1950,george-connor,George Connor,CON,1,1,0,0,0,0,0.0,8.0,
1950,guy-mairesse,Guy Mairesse,MAI,1,1,0,0,0,0,0.0,,
1950,harry-schell,Harry Schell,SCH,2,2,0,0,0,0,0.0,8.0,
1950,henri-louveau,Henri Louveau,LOU,1,1,0,0,0,0,0.0,,
1950,henry-banks,Henry Banks,BAN,1,1,0,0,0,0,0.0,25.0,
1950,jack-mcgrath,Jack McGrath,MCG,1,1,0,0,0,0,0.0,14.0,
1950,jackie-holmes,Jackie Holmes,HOL,1,1,0,0,0,0,0.0,23.0,
1950,jerry-hoyt,Jerry Hoyt,HOY,1,1,0,0,0,0,0.0,21.0,
1950,jim-rathmann,Jim Rathmann,RAT,1,1,0,0,0,0,0.0,24.0,
1950,jimmy-davies,Jimmy Davies,DAV,1,1,0,0,0,0,0.0,17.0,
1950,jimmy-jackson,Jimmy Jackson,JAC,1,1,0,0,0,0,0.0,29.0,
1950,joe-fry,Joe Fry,FRY,1,1,0,0,0,0,0.0,10.0,
1950,joe-kelly,Joe Kelly,KEL,1,1,0,0,0,0,0.0,,
1950,johnny-claes,Johnny Claes,CLA,6,6,0,0,0,0,0.0,7.0,
1950,johnny-mcdowell,Johnny McDowell,MCD,1,1,0,0,0,0,0.0,18.0,
1950,jose-froilan-gonzalez,José Froilán González,GON,2,2,0,0,0,0,0.0,,
1950,lee-wallard,Lee Wallard,WAL,1,1,0,0,0,0,0.0,6.0,
1950,leslie-johnson,Leslie Johnson,JOH,1,1,0,0,0,0,0.0,,
1950,luigi-villoresi,Luigi Villoresi,VIL,3,3,0,0,0,0,0.0,6.0,
1950,mack-hellings,Mack Hellings,HEL,1,1,0,0,0,0,0.0,13.0,
1950,maurice-trintignant,Maurice Trintignant,TRI,2,2,0,0,0,0,0.0,,
1950,myron-fohr,Myron Fohr,FOH,1,1,0,0,0,0,0.0,11.0,
1950,nello-pagani,Nello Pagani,PAG,1,1,0,0,0,0,0.0,7.0,
1950,pat-flaherty,Pat Flaherty,FLA,1,1,0,0,0,0,0.0,10.0,
1950,paul-pietsch,Paul Pietsch,PIE,1,1,0,0,0,0,0.0,,
1950,paul-russo,Paul Russo,RUS,1,1,0,0,0,0,0.0,9.0,
1950,peter-walker,Peter Walker,WAL,1,1,0,0,0,0,0.0,,
1950,piero-taruffi,Piero Taruffi,TAR,1,1,0,0,0,0,0.0,,
1950,pierre-levegh,Pierre Levegh,LEV,3,3,0,0,0,0,0.0,7.0,
1950,sam-hanks,Sam Hanks,HAN,1,1,0,0,0,0,0.0,30.0,
1950,spider-webb,Spider Webb,WEB,1,1,0,0,0,0,0.0,20.0,
1950,toni-branca,Toni Branca,BRA,2,2,0,0,0,0,0.0,10.0,
1950,tony-rolt,Tony Rolt,ROL,1,1,0,0,0,0,0.0,,
1950,troy-ruttman,Troy Ruttman,RUT,1,1,0,0,0,0,0.0,15.0,
1950,walt-ader,Walt Ader,ADE,1,1,0,0,0,0,0.0,22.0,
1950,walt-brown,Walt Brown,BRO,1,1,0,0,0,0,0.0,19.0,
1950,walt-faulkner,Walt Faulkner,FAU,1,1,0,0,1,0,0.0,7.0,
1951,juan-manuel-fangio,Juan Manuel Fangio,FAN,8,8,3,5,4,5,37.0,1.0,1.0
1951,alberto-ascari,Alberto Ascari,ASC,8,8,2,4,2,0,28.0,1.0,2.0
1951,jose-froilan-gonzalez,José Froilán González,GON,6,6,1,5,1,0,27.0,1.0,3.0
1951,nino-farina,Nino Farina,FAR,8,8,1,4,0,2,22.0,1.0,4.0
1951,luigi-villoresi,Luigi Villoresi,VIL,7,7,0,3,0,0,18.0,3.0,5.0
1951,piero-taruffi,Piero Taruffi,TAR,5,5,0,1,0,0,10.0,2.0,6.0
1951,lee-wallard,Lee Wallard,WAL,1,1,1,1,0,1,9.0,1.0,7.0
1951,felice-bonetto,Felice Bonetto,BON,4,4,0,1,0,0,7.0,3.0,8.0
1951,mike-nazaruk,Mike Nazaruk,NAZ,1,1,0,1,0,0,6.0,2.0,9.0
1951,reg-parnell,Reg Parnell,PAR,3,3,0,0,0,0,5.0,4.0,10.0
1951,luigi-fagioli,Luigi Fagioli,FAG,2,2,1,1,0,0,4.0,1.0,11.0
1951,andy-linden,Andy Linden,LIN,1,1,0,0,0,0,3.0,4.0,12.0
1951,consalvo-sanesi,Consalvo Sanesi,SAN,4,4,0,0,0,0,3.0,4.0,12.0
1951,louis-rosier,Louis Rosier,ROS,7,7,0,0,0,0,3.0,4.0,12.0
1951,jack-mcgrath,Jack McGrath,MCG,1,1,0,1,0,0,2.0,3.0,15.0
1951,manny-ayulo,Manny Ayulo,AYU,1,1,0,1,0,0,2.0,3.0,15.0
1951,bobby-ball,Bobby Ball,BAL,1,1,0,0,0,0,2.0,5.0,17.0
1951,emmanuel-de-graffenried,Emmanuel de Graffenried,DEG,5,5,0,0,0,0,2.0,5.0,17.0
1951,yves-giraud-cabantous,Yves Giraud-Cabantous,CAB,6,6,0,0,0,0,2.0,5.0,17.0
1951,aldo-gordini,Aldo Gordini,GOR,1,1,0,0,0,0,0.0,,
1951,andre-pilette,André Pilette,PIL,1,1,0,0,0,0,0.0,6.0,
1951,andre-simon,André Simon,SIM,4,4,0,0,0,0,0.0,6.0,
1951,bill-mackey,Bill Mackey,MAC,1,1,0,0,0,0,0.0,19.0,
1951,bill-schindler,Bill Schindler,SCH,1,1,0,0,0,0,0.0,13.0,
1951,bill-vukovich,Bill Vukovich,VUK,1,1,0,0,0,0,0.0,29.0,
1951,birabongse-bhanudej,Birabongse Bhanudej,BIR,1,1,0,0,0,0,0.0,,
1951,bob-gerard,Bob Gerard,GER,1,1,0,0,0,0,0.0,11.0,
1951,brian-shawe-taylor,Brian Shawe-Taylor,SHA,1,1,0,0,0,0,0.0,8.0,
1951,carl-forberg,Carl Forberg,FOR,1,1,0,0,0,0,0.0,7.0,
1951,carl-scarborough,Carl Scarborough,SCA,1,1,0,0,0,0,0.0,18.0,
1951,cecil-green,Cecil Green,GRE,1,1,0,0,0,0,0.0,22.0,
1951,chet-miller,Chet Miller,MIL,1,1,0,0,0,0,0.0,25.0,
1951,chico-landi,Chico Landi,LAN,1,1,0,0,0,0,0.0,,
1951,chuck-stevenson,Chuck Stevenson,STE,1,1,0,0,0,0,0.0,20.0,
1951,cliff-griffith,Cliff Griffith,GRI,1,1,0,0,0,0,0.0,28.0,
1951,david-murray,David Murray,MUR,2,2,0,0,0,0,0.0,,
1951,duane-carter,Duane Carter,CAR,1,1,0,0,0,0,0.0,8.0,
1951,duke-dinsmore,Duke Dinsmore,DIN,1,1,0,0,0,0,0.0,24.0,
1951,duke-nalon,Duke Nalon,NAL,1,1,0,0,1,0,0.0,10.0,
1951,duncan-hamilton,Duncan Hamilton,HAM,2,2,0,0,0,0,0.0,12.0,
1951,eugene-chaboud,Eugène Chaboud,CHA,1,1,0,0,0,0,0.0,8.0,
1951,franco-rol,Franco Rol,ROL,1,1,0,0,0,0,0.0,9.0,
1951,fred-agabashian,Fred Agabashian,AGA,1,1,0,0,0,0,0.0,17.0,
1951,gene-force,Gene Force,FOR,1,1,0,0,0,0,0.0,11.0,
1951,george-abecassis,George Abecassis,ABE,1,1,0,0,0,0,0.0,,
1951,george-connor,George Connor,CON,1,1,0,0,0,0,0.0,30.0,
1951,georges-grignard,Georges Grignard,GRI,1,1,0,0,0,0,0.0,,
1951,guy-mairesse,Guy Mairesse,MAI,2,2,0,0,0,0,0.0,9.0,
1951,hans-stuck,Hans Stuck,STU,1,1,0,0,0,0,0.0,,
1951,harry-schell,Harry Schell,SCH,2,2,0,0,0,0,0.0,12.0,
1951,henri-louveau,Henri Louveau,LOU,1,1,0,0,0,0,0.0,,
1951,henry-banks,Henry Banks,BAN,1,1,0,0,0,0,0.0,6.0,
1951,jacques-swaters,Jacques Swaters,SWA,2,2,0,0,0,0,0.0,10.0,
1951,jimmy-davies,Jimmy Davies,DAV,1,1,0,0,0,0,0.0,16.0,
1951,joe-james,Joe James,JAM,1,1,0,0,0,0,0.0,33.0,
1951,joe-kelly,Joe Kelly,KEL,1,1,0,0,0,0,0.0,,
1951,john-james,John James,JAM,1,1,0,0,0,0,0.0,,
1951,johnnie-parsons,Johnnie Parsons,PAR,1,1,0,0,0,0,0.0,21.0,
1951,johnny-claes,Johnny Claes,CLA,7,7,0,0,0,0,0.0,7.0,
1951,johnny-mcdowell,Johnny McDowell,MCD,1,1,0,0,0,0,0.0,32.0,
1951,juan-jover,Juan Jover,JOV,1,1,0,0,0,0,0.0,,
1951,ken-richardson,Ken Richardson,RIC,1,1,0,0,0,0,0.0,,
1951,louis-chiron,Louis Chiron,CHI,7,7,0,0,0,0,0.0,6.0,
1951,mack-hellings,Mack Hellings,HEL,1,1,0,0,0,0,0.0,31.0,
1951,mauri-rose,Mauri Rose,ROS,1,1,0,0,0,0,0.0,14.0,
1951,maurice-trintignant,Maurice Trintignant,TRI,4,4,0,0,0,0,0.0,,
1951,onofre-marimon,Onofre Marimón,MAR,1,1,0,0,0,0,0.0,,
1951,paco-godia,Paco Godia,GOD,1,1,0,0,0,0,0.0,10.0,
1951,paul-pietsch,Paul Pietsch,PIE,1,1,0,0,0,0,0.0,,
1951,peter-hirt,Peter Hirt,HIR,1,1,0,0,0,0,0.0,,
1951,peter-walker,Peter Walker,WAL,1,1,0,0,0,0,0.0,7.0,
1951,peter-whitehead,Peter Whitehead,WHI,4,4,0,0,0,0,0.0,9.0,
1951,philip-fotheringham-parker,Philip Fotheringham-Parker,FOT,1,1,0,0,0,0,0.0,,
1951,philippe-etancelin,Philippe Étancelin,ETA,5,5,0,0,0,0,0.0,8.0,
1951,pierre-levegh,Pierre Levegh,LEV,3,3,0,0,0,0,0.0,8.0,
1951,robert-manzon,Robert Manzon,MAN,4,4,0,0,0,0,0.0,7.0,
1951,rodger-ward,Rodger Ward,WAR,1,1,0,0,0,0,0.0,27.0,
1951,rudi-fischer,Rudi Fischer,FIS,3,3,0,0,0,0,0.0,6.0,
1951,sam-hanks,Sam Hanks,HAN,1,1,0,0,0,0,0.0,12.0,
1951,stirling-moss,Stirling Moss,MOS,1,1,0,0,0,0,0.0,8.0,
1951,toni-branca,Toni Branca,BRA,1,1,0,0,0,0,0.0,,
1951,tony-bettenhausen,Tony Bettenhausen,BET,1,1,0,0,0,0,0.0,9.0,
1951,troy-ruttman,Troy Ruttman,RUT,1,1,0,0,0,0,0.0,23.0,
1951,walt-brown,Walt Brown,BRO,1,1,0,0,0,0,0.0,26.0,
1951,walt-faulkner,Walt Faulkner,FAU,1,1,0,0,0,0,0.0,15.0,
1952,alberto-ascari,Alberto Ascari,ASC,7,7,6,6,5,6,53.5,1.0,1.0
1952,nino-farina,Nino Farina,FAR,8,8,0,4,2,0,27.0,2.0,2.0
1952,piero-taruffi,Piero Taruffi,TAR,6,6,1,3,0,1,22.0,1.0,3.0
1952,rudi-fischer,Rudi Fischer,FIS,6,6,0,2,0,0,10.0,2.0,4.0
1952,mike-hawthorn,Mike Hawthorn,HAW,5,5,0,1,0,0,10.0,3.0,5.0
1952,robert-manzon,Robert Manzon,MAN,7,7,0,1,0,0,9.0,3.0,6.0
1952,troy-ruttman,Troy Ruttman,RUT,1,1,1,1,0,0,8.0,1.0,7.0
1952,luigi-villoresi,Luigi Villoresi,VIL,2,2,0,2,0,0,8.0,3.0,8.0
1952,jose-froilan-gonzalez,José Froilán González,GON,1,1,0,1,0,1,6.5,2.0,9.0
1952,jim-rathmann,Jim Rathmann,RAT,1,1,0,1,0,0,6.0,2.0,10.0
1952,jean-behra,Jean Behra,BEH,6,6,0,1,0,0,6.0,3.0,11.0
1952,sam-hanks,Sam Hanks,HAN,1,1,0,1,0,0,4.0,3.0,12.0
1952,dennis-poore,Dennis Poore,POO,2,2,0,0,0,0,3.0,4.0,13.0
1952,duane-carter,Duane Carter,CAR,1,1,0,0,0,0,3.0,4.0,13.0
1952,ken-wharton,Ken Wharton,WHA,4,4,0,0,0,0,3.0,4.0,13.0
1952,alan-brown,Alan Brown,BRO,4,4,0,0,0,0,2.0,5.0,16.0
1952,art-cross,Art Cross,CRO,1,1,0,0,0,0,2.0,5.0,16.0
1952,eric-thompson,Eric Thompson,THO,1,1,0,0,0,0,2.0,5.0,16.0
1952,felice-bonetto,Felice Bonetto,BON,2,2,0,0,0,0,2.0,5.0,16.0
1952,maurice-trintignant,Maurice Trintignant,TRI,6,6,0,0,0,0,2.0,5.0,16.0
1952,paul-frere,Paul Frère,FRE,3,3,0,0,0,0,2.0,5.0,16.0
1952,bill-vukovich,Bill Vukovich,VUK,1,1,0,0,0,1,1.0,17.0,22.0
1952,adolf-brudes,Adolf Brudes,BRU,1,1,0,0,0,0,0.0,,
1952,alberto-crespo,Alberto Crespo,CRE,1,1,0,0,0,0,0.0,,
1952,andre-simon,André Simon,SIM,2,2,0,0,0,0,0.0,6.0,
1952,andy-linden,Andy Linden,LIN,1,1,0,0,0,0,0.0,33.0,
1952,arthur-legat,Arthur Legat,LEG,1,1,0,0,0,0,0.0,13.0,
1952,bill-aston,Bill Aston,AST,3,3,0,0,0,0,0.0,,
1952,bill-schindler,Bill Schindler,SCH,1,1,0,0,0,0,0.0,14.0,
1952,birabongse-bhanudej,Birabongse Bhanudej,BIR,4,4,0,0,0,0,0.0,10.0,
1952,bob-scott,Bob Scott,SCO,1,1,0,0,0,0,0.0,29.0,
1952,bob-sweikert,Bob Sweikert,SWE,1,1,0,0,0,0,0.0,26.0,
1952,bobby-ball,Bobby Ball,BAL,1,1,0,0,0,0,0.0,32.0,
1952,charles-de-tornaco,Charles de Tornaco,DET,3,3,0,0,0,0,0.0,7.0,
1952,chet-miller,Chet Miller,MIL,1,1,0,0,0,0,0.0,30.0,
1952,chico-landi,Chico Landi,LAN,2,2,0,0,0,0,0.0,8.0,
1952,chuck-stevenson,Chuck Stevenson,STE,1,1,0,0,0,0,0.0,18.0,
1952,cliff-griffith,Cliff Griffith,GRI,1,1,0,0,0,0,0.0,9.0,
1952,david-murray,David Murray,MUR,1,1,0,0,0,0,0.0,,
1952,dries-van-der-lof,Dries van der Lof,VAN,1,1,0,0,0,0,0.0,,
1952,duke-nalon,Duke Nalon,NAL,1,1,0,0,0,0,0.0,25.0,
1952,duncan-hamilton,Duncan Hamilton,HAM,2,2,0,0,0,0,0.0,7.0,
1952,eddie-johnson,Eddie Johnson,JOH,1,1,0,0,0,0,0.0,16.0,
1952,eitel-cantoni,Eitel Cantoni,CAN,3,3,0,0,0,0,0.0,11.0,
1952,emmanuel-de-graffenried,Emmanuel de Graffenried,DEG,4,4,0,0,0,0,0.0,6.0,
1952,eric-brandon,Eric Brandon,BRA,4,4,0,0,0,0,0.0,8.0,
1952,ernst-klodwig,Ernst Klodwig,KLO,1,1,0,0,0,0,0.0,12.0,
1952,franco-comotti,Franco Comotti,COM,1,1,0,0,0,0,0.0,12.0,
1952,franco-rol,Franco Rol,ROL,1,1,0,0,0,0,0.0,,
1952,fred-agabashian,Fred Agabashian,AGA,1,1,0,0,1,0,0.0,27.0,
1952,fritz-riess,Fritz Riess,RIE,1,1,0,0,0,0,0.0,7.0,
1952,gene-hartley,Gene Hartley,HAR,1,1,0,0,0,0,0.0,28.0,
1952,george-abecassis,George Abecassis,ABE,1,1,0,0,0,0,0.0,,
1952,george-connor,George Connor,CON,1,1,0,0,0,0,0.0,8.0,
1952,george-fonder,George Fonder,FON,1,1,0,0,0,0,0.0,15.0,
1952,gino-bianco,Gino Bianco,BIA,4,4,0,0,0,0,0.0,18.0,
1952,graham-whitehead,Graham Whitehead,WHI,1,1,0,0,0,0,0.0,12.0,
1952,hans-klenk,Hans Klenk,KLE,1,1,0,0,0,0,0.0,11.0,
1952,hans-stuck,Hans Stuck,STU,2,2,0,0,0,0,0.0,,
1952,harry-merkel,Harry Merkel,MER,1,1,0,0,0,0,0.0,,
1952,harry-schell,Harry Schell,SCH,4,4,0,0,0,0,0.0,17.0,
1952,helmut-niedermayr,Helmut Niedermayr,NIE,1,1,0,0,0,0,0.0,9.0,
1952,henry-banks,Henry Banks,BAN,1,1,0,0,0,0,0.0,19.0,
1952,jack-mcgrath,Jack McGrath,MCG,1,1,0,0,0,0,0.0,11.0,
1952,jan-flinterman,Jan Flinterman,FLI,2,2,0,0,0,0,0.0,9.0,
1952,jim-rigsby,Jim Rigsby,RIG,1,1,0,0,0,0,0.0,12.0,
1952,jimmy-bryan,Jimmy Bryan,BRY,1,1,0,0,0,0,0.0,6.0,
1952,jimmy-reece,Jimmy Reece,REE,1,1,0,0,0,0,0.0,7.0,
1952,joe-james,Joe James,JAM,1,1,0,0,0,0,0.0,13.0,
1952,johnnie-parsons,Johnnie Parsons,PAR,1,1,0,0,0,0,0.0,10.0,
1952,johnny-claes,Johnny Claes,CLA,5,5,0,0,0,0,0.0,8.0,
1952,johnny-mcdowell,Johnny McDowell,MCD,1,1,0,0,0,0,0.0,21.0,
1952,josef-peters,Josef Peters,PET,1,1,0,0,0,0,0.0,,
1952,karl-gunther-bechem,Karl-Günther Bechem,BEC,1,1,0,0,0,0,0.0,,
1952,ken-downing,Ken Downing,DOW,2,2,0,0,0,0,0.0,9.0,
1952,kenneth-mcalpine,Kenneth McAlpine,MCA,2,2,0,0,0,0,0.0,16.0,
1952,lance-macklin,Lance Macklin,MAC,6,6,0,0,0,0,0.0,8.0,
1952,louis-rosier,Louis Rosier,ROS,4,4,0,0,0,0,0.0,10.0,
1952,ludwig-fischer,Ludwig Fischer,FIS,1,1,0,0,0,0,0.0,,
1952,manny-ayulo,Manny Ayulo,AYU,1,1,0,0,0,0,0.0,20.0,
1952,marcel-balsa,Marcel Balsa,BAL,1,1,0,0,0,0,0.0,,
1952,max-de-terra,Max de Terra,DET,1,1,0,0,0,0,0.0,,
1952,paul-pietsch,Paul Pietsch,PIE,1,1,0,0,0,0,0.0,,
1952,peter-collins,Peter Collins,COL,6,6,0,0,0,0,0.0,6.0,
1952,peter-hirt,Peter Hirt,HIR,3,3,0,0,0,0,0.0,7.0,
1952,peter-whitehead,Peter Whitehead,WHI,3,3,0,0,0,0,0.0,10.0,
1952,philippe-etancelin,Philippe Étancelin,ETA,1,1,0,0,0,0,0.0,8.0,
1952,piero-carini,Piero Carini,CAR,2,2,0,0,0,0,0.0,,
1952,piero-dusio,Piero Dusio,DUS,1,1,0,0,0,0,0.0,,
1952,reg-parnell,Reg Parnell,PAR,1,1,0,0,0,0,0.0,7.0,
1952,robert-obrien,Robert O'Brien,O'B,1,1,0,0,0,0,0.0,14.0,
1952,robin-montgomerie-charrington,Robin Montgomerie-Charrington,MON,1,1,0,0,0,0,0.0,,
1952,rodger-ward,Rodger Ward,WAR,1,1,0,0,0,0,0.0,23.0,
1952,roger-laurent,Roger Laurent,LAU,2,2,0,0,0,0,0.0,6.0,
1952,roy-salvadori,Roy Salvadori,SAL,1,1,0,0,0,0,0.0,8.0,
1952,rudolf-krause,Rudolf Krause,KRA,1,1,0,0,0,0,0.0,,
1952,rudolf-schoeller,Rudolf Schoeller,SCH,1,1,0,0,0,0,0.0,,
1952,spider-webb,Spider Webb,WEB,1,1,0,0,0,0,0.0,22.0,
1952,stirling-moss,Stirling Moss,MOS,5,5,0,0,0,0,0.0,,
1952,theo-helfrich,Theo Helfrich,HEL,1,1,0,0,0,0,0.0,,
1952,toni-ulmen,Toni Ulmen,ULM,2,2,0,0,0,0,0.0,8.0,
1952,tony-bettenhausen,Tony Bettenhausen,BET,1,1,0,0,0,0,0.0,24.0,
1952,tony-crook,Tony Crook,CRO,1,1,0,0,0,0,0.0,21.0,
1952,tony-gaze,Tony Gaze,GAZ,4,4,0,0,0,0,0.0,15.0,
1952,willi-heeks,Willi Heeks,HEE,1,1,0,0,0,0,0.0,,
1952,willi-krakau,Willi Krakau,KRA,1,1,0,0,0,0,0.0,,
1952,yves-giraud-cabantous,Yves Giraud-Cabantous,CAB,1,1,0,0,0,0,0.0,10.0,
1952,elie-bayol,Élie Bayol,BAY,1,1,0,0,0,0,0.0,,
1953,alberto-ascari,Alberto Ascari,ASC,9,9,5,5,6,5,46.5,1.0,1.0
1953,juan-manuel-fangio,Juan Manuel Fangio,FAN,10,10,1,4,2,2,29.5,1.0,2.0
1953,nino-farina,Nino Farina,FAR,8,8,1,5,0,0,32.0,1.0,3.0
1953,mike-hawthorn,Mike Hawthorn,HAW,8,8,1,3,0,0,27.0,1.0,4.0
1953,luigi-villoresi,Luigi Villoresi,VIL,9,9,0,3,0,1,17.0,2.0,5.0
1953,jose-froilan-gonzalez,José Froilán González,GON,6,6,0,3,0,2,14.5,3.0,6.0
1953,bill-vukovich,Bill Vukovich,VUK,1,1,1,1,1,1,9.0,1.0,7.0
1953,emmanuel-de-graffenried,Emmanuel de Graffenried,DEG,7,7,0,0,0,0,7.0,4.0,8.0
1953,felice-bonetto,Felice Bonetto,BON,8,8,0,1,0,0,6.5,3.0,9.0
1953,art-cross,Art Cross,CRO,1,1,0,1,0,0,6.0,2.0,10.0
1953,onofre-marimon,Onofre Marimón,MAR,6,6,0,1,0,0,4.0,3.0,11.0
1953,maurice-trintignant,Maurice Trintignant,TRI,8,8,0,0,0,0,4.0,5.0,12.0
1953,duane-carter,Duane Carter,CAR,2,2,0,1,0,0,2.0,3.0,13.0
1953,sam-hanks,Sam Hanks,HAN,1,1,0,1,0,0,2.0,3.0,13.0
1953,hermann-lang,Hermann Lang,LAN,1,1,0,0,0,0,2.0,5.0,15.0
1953,jack-mcgrath,Jack McGrath,MCG,1,1,0,0,0,0,2.0,5.0,15.0
1953,oscar-alfredo-galvez,Oscar Alfredo Gálvez,GAL,1,1,0,0,0,0,2.0,5.0,15.0
1953,fred-agabashian,Fred Agabashian,AGA,1,1,0,0,0,0,1.5,4.0,18.0
1953,paul-russo,Paul Russo,RUS,2,2,0,0,0,0,1.5,4.0,18.0
1953,adolfo-schwelm-cruz,Adolfo Schwelm Cruz,SCH,1,1,0,0,0,0,0.0,,
1953,alan-brown,Alan Brown,BRO,4,4,0,0,0,0,0.0,9.0,
1953,albert-scherrer,Albert Scherrer,SCH,1,1,0,0,0,0,0.0,9.0,
1953,andre-pilette,André Pilette,PIL,1,1,0,0,0,0,0.0,11.0,
1953,andy-linden,Andy Linden,LIN,3,3,0,0,0,0,0.0,16.0,
1953,arthur-legat,Arthur Legat,LEG,1,1,0,0,0,0,0.0,,
1953,bill-holland,Bill Holland,HOL,1,1,0,0,0,0,0.0,15.0,
1953,birabongse-bhanudej,Birabongse Bhanudej,BIR,4,4,0,0,0,0,0.0,7.0,
1953,bob-gerard,Bob Gerard,GER,2,2,0,0,0,0,0.0,11.0,
1953,bob-scott,Bob Scott,SCO,2,2,0,0,0,0,0.0,12.0,
1953,bob-sweikert,Bob Sweikert,SWE,1,1,0,0,0,0,0.0,20.0,
1953,cal-niday,Cal Niday,NID,1,1,0,0,0,0,0.0,30.0,
1953,carl-scarborough,Carl Scarborough,SCA,1,1,0,0,0,0,0.0,12.0,
1953,carlos-menditeguy,Carlos Menditéguy,MEN,1,1,0,0,0,0,0.0,,
1953,charles-de-tornaco,Charles de Tornaco,DET,1,1,0,0,0,0,0.0,,
1953,chico-landi,Chico Landi,LAN,2,2,0,0,0,0,0.0,,
1953,chuck-stevenson,Chuck Stevenson,STE,3,3,0,0,0,0,0.0,9.0,
1953,don-freeland,Don Freeland,FRE,1,1,0,0,0,0,0.0,27.0,
1953,duke-dinsmore,Duke Dinsmore,DIN,1,1,0,0,0,0,0.0,16.0,
1953,duke-nalon,Duke Nalon,NAL,1,1,0,0,0,0,0.0,11.0,
1953,duncan-hamilton,Duncan Hamilton,HAM,1,1,0,0,0,0,0.0,,
1953,eddie-johnson,Eddie Johnson,JOH,1,1,0,0,0,0,0.0,7.0,
1953,edgar-barth,Edgar Barth,BAR,1,1,0,0,0,0,0.0,,
1953,ernie-mccoy,Ernie McCoy,MCC,1,1,0,0,0,0,0.0,8.0,
1953,ernst-klodwig,Ernst Klodwig,KLO,1,1,0,0,0,0,0.0,15.0,
1953,ernst-loof,Ernst Loof,LOO,1,1,0,0,0,0,0.0,,
1953,erwin-bauer,Erwin Bauer,BAU,1,1,0,0,0,0,0.0,,
1953,fred-wacker,Fred Wacker,WAC,3,3,0,0,0,0,0.0,9.0,
1953,gene-hartley,Gene Hartley,HAR,2,2,0,0,0,0,0.0,9.0,
1953,georges-berger,Georges Berger,BER,1,1,0,0,0,0,0.0,,
1953,hans-herrmann,Hans Herrmann,HER,1,1,0,0,0,0,0.0,9.0,
1953,hans-stuck,Hans Stuck,STU,2,2,0,0,0,0,0.0,14.0,
1953,harry-schell,Harry Schell,SCH,7,7,0,0,0,0,0.0,7.0,
1953,helm-glockler,Helm Glöckler,GLO,1,1,0,0,0,0,0.0,,
1953,ian-stewart,Ian Stewart,STE,1,1,0,0,0,0,0.0,,
1953,jack-fairman,Jack Fairman,FAI,2,2,0,0,0,0,0.0,,
1953,jackie-holmes,Jackie Holmes,HOL,1,1,0,0,0,0,0.0,19.0,
1953,jacques-swaters,Jacques Swaters,SWA,3,3,0,0,0,0,0.0,7.0,
1953,jean-behra,Jean Behra,BEH,6,6,0,0,0,0,0.0,6.0,
1953,jerry-hoyt,Jerry Hoyt,HOY,1,1,0,0,0,0,0.0,23.0,
1953,jim-rathmann,Jim Rathmann,RAT,2,2,0,0,0,0,0.0,7.0,
1953,jimmy-bryan,Jimmy Bryan,BRY,1,1,0,0,0,0,0.0,14.0,
1953,jimmy-davies,Jimmy Davies,DAV,1,1,0,0,0,0,0.0,10.0,
1953,jimmy-daywalt,Jimmy Daywalt,DAY,1,1,0,0,0,0,0.0,6.0,
1953,jimmy-stewart,Jimmy Stewart,STE,1,1,0,0,0,0,0.0,,
1953,john-barber,John Barber,BAR,1,1,0,0,0,0,0.0,8.0,
1953,john-fitch,John Fitch,FIT,1,1,0,0,0,0,0.0,,
1953,johnnie-parsons,Johnnie Parsons,PAR,1,1,0,0,0,0,0.0,26.0,
1953,johnny-claes,Johnny Claes,CLA,5,5,0,0,0,0,0.0,12.0,
1953,johnny-mantz,Johnny Mantz,MAN,1,1,0,0,0,0,0.0,17.0,
1953,johnny-thomson,Johnny Thomson,THO,2,2,0,0,0,0,0.0,19.0,
1953,karl-gunther-bechem,Karl-Günther Bechem,BEC,1,1,0,0,0,0,0.0,,
1953,ken-wharton,Ken Wharton,WHA,5,5,0,0,0,0,0.0,7.0,
1953,kenneth-mcalpine,Kenneth McAlpine,MCA,4,4,0,0,0,0,0.0,13.0,
1953,kurt-adolff,Kurt Adolff,ADO,1,1,0,0,0,0,0.0,,
1953,lance-macklin,Lance Macklin,MAC,6,6,0,0,0,0,0.0,,
1953,louis-chiron,Louis Chiron,CHI,4,4,0,0,0,0,0.0,10.0,
1953,louis-rosier,Louis Rosier,ROS,7,7,0,0,0,0,0.0,7.0,
1953,luigi-musso,Luigi Musso,MUS,1,1,0,0,0,0,0.0,7.0,
1953,manny-ayulo,Manny Ayulo,AYU,1,1,0,0,0,0,0.0,13.0,
1953,marshall-teague,Marshall Teague,TEA,1,1,0,0,0,0,0.0,18.0,
1953,max-de-terra,Max de Terra,DET,1,1,0,0,0,0,0.0,8.0,
1953,mike-nazaruk,Mike Nazaruk,NAZ,1,1,0,0,0,0,0.0,21.0,
1953,oswald-karch,Oswald Karch,KAR,1,1,0,0,0,0,0.0,,
1953,pablo-birger,Pablo Birger,BIR,1,1,0,0,0,0,0.0,,
1953,pat-flaherty,Pat Flaherty,FLA,1,1,0,0,0,0,0.0,22.0,
1953,paul-frere,Paul Frère,FRE,2,2,0,0,0,0,0.0,10.0,
1953,peter-collins,Peter Collins,COL,4,4,0,0,0,0,0.0,8.0,
1953,peter-hirt,Peter Hirt,HIR,1,1,0,0,0,0,0.0,,
1953,peter-whitehead,Peter Whitehead,WHI,1,1,0,0,0,0,0.0,9.0,
1953,piero-carini,Piero Carini,CAR,1,1,0,0,0,0,0.0,,
1953,robert-manzon,Robert Manzon,MAN,1,1,0,0,0,0,0.0,,
1953,roberto-mieres,Roberto Mieres,MIE,3,3,0,0,0,0,0.0,6.0,
1953,rodger-ward,Rodger Ward,WAR,1,1,0,0,0,0,0.0,16.0,
1953,rodney-nuckey,Rodney Nuckey,NUC,1,1,0,0,0,0,0.0,11.0,
1953,roy-salvadori,Roy Salvadori,SAL,5,5,0,0,0,0,0.0,,
1953,rudolf-krause,Rudolf Krause,KRA,1,1,0,0,0,0,0.0,14.0,
1953,sergio-mantovani,Sergio Mantovani,MAN,1,1,0,0,0,0,0.0,7.0,
1953,spider-webb,Spider Webb,WEB,1,1,0,0,0,0,0.0,19.0,
1953,stirling-moss,Stirling Moss,MOS,4,4,0,0,0,0,0.0,6.0,
1953,theo-fitzau,Theo Fitzau,FIT,1,1,0,0,0,0,0.0,,
1953,theo-helfrich,Theo Helfrich,HEL,1,1,0,0,0,0,0.0,12.0,
1953,tony-bettenhausen,Tony Bettenhausen,BET,1,1,0,0,0,0,0.0,9.0,
1953,tony-crook,Tony Crook,CRO,1,1,0,0,0,0,0.0,,
1953,tony-rolt,Tony Rolt,ROL,1,1,0,0,0,0,0.0,,
1953,umberto-maglioli,Umberto Maglioli,MAG,1,1,0,0,0,0,0.0,8.0,
1953,walt-faulkner,Walt Faulkner,FAU,1,1,0,0,0,0,0.0,17.0,
1953,willi-heeks,Willi Heeks,HEE,1,1,0,0,0,0,0.0,,
1953,wolfgang-seidel,Wolfgang Seidel,SEI,1,1,0,0,0,0,0.0,16.0,
1953,yves-giraud-cabantous,Yves Giraud-Cabantous,CAB,2,2,0,0,0,0,0.0,14.0,
1953,elie-bayol,Élie Bayol,BAY,3,3,0,0,0,0,0.0,,
1954,juan-manuel-fangio,Juan Manuel Fangio,FAN,8,8,6,7,5,3,57.14,1.0,1.0
1954,jose-froilan-gonzalez,José Froilán González,GON,9,9,1,5,1,3,26.64,1.0,2.0
1954,mike-hawthorn,Mike Hawthorn,HAW,9,9,1,4,0,1,24.64,1.0,3.0
1954,maurice-trintignant,Maurice Trintignant,TRI,8,8,0,2,0,0,17.0,2.0,4.0
1954,karl-kling,Karl Kling,KLI,6,6,0,1,0,1,12.0,2.0,5.0
1954,bill-vukovich,Bill Vukovich,VUK,1,1,1,1,0,0,8.0,1.0,6.0
1954,hans-herrmann,Hans Herrmann,HER,5,5,0,1,0,1,8.0,3.0,7.0
1954,jimmy-bryan,Jimmy Bryan,BRY,1,1,0,1,0,0,6.0,2.0,8.0
1954,luigi-musso,Luigi Musso,MUS,3,3,0,1,0,0,6.0,2.0,8.0
1954,nino-farina,Nino Farina,FAR,2,2,0,1,1,0,6.0,2.0,8.0
1954,roberto-mieres,Roberto Mieres,MIE,8,8,0,0,0,0,6.0,4.0,11.0
1954,jack-mcgrath,Jack McGrath,MCG,1,1,0,1,1,1,5.0,3.0,12.0
1954,onofre-marimon,Onofre Marimón,MAR,5,5,0,1,0,1,4.14,3.0,13.0
1954,stirling-moss,Stirling Moss,MOS,6,6,0,1,0,1,4.14,3.0,13.0
1954,robert-manzon,Robert Manzon,MAN,6,6,0,1,0,0,4.0,3.0,15.0
1954,sergio-mantovani,Sergio Mantovani,MAN,6,6,0,0,0,0,4.0,5.0,16.0
1954,birabongse-bhanudej,Birabongse Bhanudej,BIR,6,6,0,0,0,0,3.0,4.0,17.0
1954,umberto-maglioli,Umberto Maglioli,MAG,3,3,0,1,0,0,2.0,3.0,18.0
1954,andre-pilette,André Pilette,PIL,3,3,0,0,0,0,2.0,5.0,19.0
1954,luigi-villoresi,Luigi Villoresi,VIL,5,5,0,0,0,0,2.0,5.0,19.0
1954,mike-nazaruk,Mike Nazaruk,NAZ,1,1,0,0,0,0,2.0,5.0,19.0
1954,elie-bayol,Élie Bayol,BAY,1,1,0,0,0,0,2.0,5.0,19.0
1954,duane-carter,Duane Carter,CAR,2,2,0,0,0,0,1.5,4.0,23.0
1954,troy-ruttman,Troy Ruttman,RUT,1,1,0,0,0,0,1.5,4.0,23.0
1954,alberto-ascari,Alberto Ascari,ASC,5,5,0,0,1,2,1.1400000000000001,,25.0
1954,jean-behra,Jean Behra,BEH,8,8,0,0,0,1,0.14,6.0,26.0
1954,alan-brown,Alan Brown,BRO,1,1,0,0,0,0,0.0,,
1954,andy-linden,Andy Linden,LIN,3,3,0,0,0,0,0.0,11.0,
1954,art-cross,Art Cross,CRO,1,1,0,0,0,0,0.0,11.0,
1954,bill-homeier,Bill Homeier,HOM,2,2,0,0,0,0,0.0,24.0,
1954,bill-whitehouse,Bill Whitehouse,WHI,1,1,0,0,0,0,0.0,,
1954,bob-gerard,Bob Gerard,GER,1,1,0,0,0,0,0.0,10.0,
1954,bob-scott,Bob Scott,SCO,2,2,0,0,0,0,0.0,18.0,
1954,bob-sweikert,Bob Sweikert,SWE,1,1,0,0,0,0,0.0,14.0,
1954,cal-niday,Cal Niday,NID,1,1,0,0,0,0,0.0,10.0,
1954,carlos-menditeguy,Carlos Menditéguy,MEN,1,1,0,0,0,0,0.0,,
1954,chuck-stevenson,Chuck Stevenson,STE,1,1,0,0,0,0,0.0,12.0,
1954,clemar-bucci,Clemar Bucci,BUC,4,4,0,0,0,0,0.0,,
1954,danny-kladis,Danny Kladis,KLA,1,1,0,0,0,0,0.0,30.0,
1954,don-beauman,Don Beauman,BEA,1,1,0,0,0,0,0.0,11.0,
1954,don-freeland,Don Freeland,FRE,1,1,0,0,0,0,0.0,7.0,
1954,ed-elisian,Ed Elisian,ELI,1,1,0,0,0,0,0.0,18.0,
1954,eddie-johnson,Eddie Johnson,JOH,1,1,0,0,0,0,0.0,22.0,
1954,emmanuel-de-graffenried,Emmanuel de Graffenried,DEG,2,2,0,0,0,0,0.0,8.0,
1954,eric-brandon,Eric Brandon,BRA,1,1,0,0,0,0,0.0,,
1954,ernie-mccoy,Ernie McCoy,MCC,1,1,0,0,0,0,0.0,16.0,
1954,frank-armi,Frank Armi,ARM,1,1,0,0,0,0,0.0,19.0,
1954,fred-agabashian,Fred Agabashian,AGA,1,1,0,0,0,0,0.0,6.0,
1954,fred-wacker,Fred Wacker,WAC,2,2,0,0,0,0,0.0,6.0,
1954,gene-hartley,Gene Hartley,HAR,1,1,0,0,0,0,0.0,23.0,
1954,george-fonder,George Fonder,FON,2,2,0,0,0,0,0.0,19.0,
1954,georges-berger,Georges Berger,BER,1,1,0,0,0,0,0.0,,
1954,giovanni-de-riu,Giovanni de Riu,DER,1,1,0,0,0,0,0.0,,
1954,harry-schell,Harry Schell,SCH,6,6,0,0,0,0,0.0,6.0,
1954,hermann-lang,Hermann Lang,LAN,1,1,0,0,0,0,0.0,,
1954,horace-gould,Horace Gould,GOU,1,1,0,0,0,0,0.0,15.0,
1954,jacques-pollet,Jacques Pollet,POL,2,2,0,0,0,0,0.0,,
1954,jacques-swaters,Jacques Swaters,SWA,3,3,0,0,0,0,0.0,8.0,
1954,jerry-hoyt,Jerry Hoyt,HOY,2,2,0,0,0,0,0.0,8.0,
1954,jim-rathmann,Jim Rathmann,RAT,2,2,0,0,0,0,0.0,20.0,
1954,jimmy-davies,Jimmy Davies,DAV,2,2,0,0,0,0,0.0,11.0,
1954,jimmy-daywalt,Jimmy Daywalt,DAY,1,1,0,0,0,0,0.0,27.0,
1954,jimmy-jackson,Jimmy Jackson,JAC,1,1,0,0,0,0,0.0,15.0,
1954,jimmy-reece,Jimmy Reece,REE,1,1,0,0,0,0,0.0,17.0,
1954,john-riseley-prichard,John Riseley-Prichard,RIS,1,1,0,0,0,0,0.0,,
1954,johnnie-parsons,Johnnie Parsons,PAR,2,2,0,0,0,0,0.0,11.0,
1954,johnny-thomson,Johnny Thomson,THO,1,1,0,0,0,0,0.0,24.0,
1954,jorge-daponte,Jorge Daponte,DAP,2,2,0,0,0,0,0.0,11.0,
1954,ken-wharton,Ken Wharton,WHA,5,5,0,0,0,0,0.0,6.0,
1954,lance-macklin,Lance Macklin,MAC,1,1,0,0,0,0,0.0,,
1954,larry-crockett,Larry Crockett,CRO,1,1,0,0,0,0,0.0,9.0,
1954,len-duncan,Len Duncan,DUN,1,1,0,0,0,0,0.0,31.0,
1954,leslie-marr,Leslie Marr,MAR,1,1,0,0,0,0,0.0,13.0,
1954,leslie-thorne,Leslie Thorne,THO,1,1,0,0,0,0,0.0,14.0,
1954,louis-rosier,Louis Rosier,ROS,6,6,0,0,0,0,0.0,7.0,
1954,manny-ayulo,Manny Ayulo,AYU,1,1,0,0,0,0,0.0,13.0,
1954,marshall-teague,Marshall Teague,TEA,2,2,0,0,0,0,0.0,15.0,
1954,ottorino-volonterio,Ottorino Volonterio,VOL,1,1,0,0,0,0,0.0,,
1954,paco-godia,Paco Godia,GOD,1,1,0,0,0,0,0.0,6.0,
1954,pat-flaherty,Pat Flaherty,FLA,1,1,0,0,0,0,0.0,28.0,
1954,pat-oconnor,Pat O'Connor,O'C,1,1,0,0,0,0,0.0,21.0,
1954,paul-frere,Paul Frère,FRE,3,3,0,0,0,0,0.0,,
1954,paul-russo,Paul Russo,RUS,1,1,0,0,0,0,0.0,8.0,
1954,peter-collins,Peter Collins,COL,3,3,0,0,0,0,0.0,7.0,
1954,peter-whitehead,Peter Whitehead,WHI,1,1,0,0,0,0,0.0,,
1954,piero-taruffi,Piero Taruffi,TAR,1,1,0,0,0,0,0.0,6.0,
1954,reg-parnell,Reg Parnell,PAR,1,1,0,0,0,0,0.0,,
1954,rodger-ward,Rodger Ward,WAR,1,1,0,0,0,0,0.0,22.0,
1954,rodney-nuckey,Rodney Nuckey,NUC,1,1,0,0,0,0,0.0,,
1954,roger-loyer,Roger Loyer,LOY,1,1,0,0,0,0,0.0,,
1954,ron-flockhart,Ron Flockhart,FLO,1,1,0,0,0,0,0.0,,
1954,roy-salvadori,Roy Salvadori,SAL,2,2,0,0,0,0,0.0,,
1954,sam-hanks,Sam Hanks,HAN,2,2,0,0,0,0,0.0,11.0,
1954,spider-webb,Spider Webb,WEB,1,1,0,0,0,0,0.0,30.0,
1954,theo-helfrich,Theo Helfrich,HEL,1,1,0,0,0,0,0.0,,
1954,tony-bettenhausen,Tony Bettenhausen,BET,2,2,0,0,0,0,0.0,15.0,
1954,walt-faulkner,Walt Faulkner,FAU,1,1,0,0,0,0,0.0,12.0,
1955,juan-manuel-fangio,Juan Manuel Fangio,FAN,6,6,4,5,3,3,41.0,1.0,1.0
1955,stirling-moss,Stirling Moss,MOS,7,7,1,3,1,2,23.0,1.0,2.0
1955,eugenio-castellotti,Eugenio Castellotti,CAS,7,7,0,2,1,0,12.0,2.0,3.0
1955,maurice-trintignant,Maurice Trintignant,TRI,8,8,1,3,0,0,11.33,1.0,4.0
1955,nino-farina,Nino Farina,FAR,5,5,0,3,0,0,10.33,2.0,5.0
1955,piero-taruffi,Piero Taruffi,TAR,4,4,0,1,0,0,9.0,2.0,6.0
1955,bob-sweikert,Bob Sweikert,SWE,1,1,1,1,0,0,8.0,1.0,7.0
1955,roberto-mieres,Roberto Mieres,MIE,6,6,0,0,0,1,7.0,4.0,8.0
1955,jean-behra,Jean Behra,BEH,10,10,0,1,0,0,6.0,3.0,9.0
1955,luigi-musso,Luigi Musso,MUS,7,7,0,1,0,0,6.0,3.0,10.0
1955,karl-kling,Karl Kling,KLI,6,6,0,1,0,0,5.0,3.0,11.0
1955,jimmy-davies,Jimmy Davies,DAV,1,1,0,1,0,0,4.0,3.0,12.0
1955,paul-russo,Paul Russo,RUS,1,1,0,1,0,0,3.0,2.0,13.0
1955,tony-bettenhausen,Tony Bettenhausen,BET,1,1,0,1,0,0,3.0,2.0,13.0
1955,johnny-thomson,Johnny Thomson,THO,1,1,0,0,0,0,3.0,4.0,15.0
1955,paul-frere,Paul Frère,FRE,2,2,0,0,0,0,3.0,4.0,15.0
1955,jose-froilan-gonzalez,José Froilán González,GON,1,1,0,1,1,0,2.0,2.0,17.0
1955,cesare-perdisa,Cesare Perdisa,PER,3,3,0,1,0,0,2.0,3.0,18.0
1955,carlos-menditeguy,Carlos Menditéguy,MEN,3,3,0,0,0,0,2.0,5.0,19.0
1955,luigi-villoresi,Luigi Villoresi,VIL,4,4,0,0,0,0,2.0,5.0,19.0
1955,umberto-maglioli,Umberto Maglioli,MAG,2,2,0,1,0,0,1.33,3.0,21.0
1955,hans-herrmann,Hans Herrmann,HER,2,2,0,0,0,0,1.0,4.0,22.0
1955,bill-homeier,Bill Homeier,HOM,1,1,0,0,0,0,1.0,5.0,23.0
1955,walt-faulkner,Walt Faulkner,FAU,1,1,0,0,0,0,1.0,5.0,23.0
1955,bill-vukovich,Bill Vukovich,VUK,1,1,0,0,0,1,1.0,25.0,25.0
1955,al-herman,Al Herman,HER,1,1,0,0,0,0,0.0,7.0,
1955,al-keller,Al Keller,KEL,1,1,0,0,0,0,0.0,27.0,
1955,alberto-ascari,Alberto Ascari,ASC,2,2,0,0,0,0,0.0,,
1955,alberto-uria,Alberto Uria,URI,1,1,0,0,0,0,0.0,,
1955,andre-simon,André Simon,SIM,2,2,0,0,0,0,0.0,,
1955,andy-linden,Andy Linden,LIN,1,1,0,0,0,0,0.0,6.0,
1955,art-cross,Art Cross,CRO,1,1,0,0,0,0,0.0,17.0,
1955,cal-niday,Cal Niday,NID,1,1,0,0,0,0,0.0,16.0,
1955,chuck-weyant,Chuck Weyant,WEY,1,1,0,0,0,0,0.0,12.0,
1955,clemar-bucci,Clemar Bucci,BUC,1,1,0,0,0,0,0.0,,
1955,don-freeland,Don Freeland,FRE,1,1,0,0,0,0,0.0,15.0,
1955,duane-carter,Duane Carter,CAR,1,1,0,0,0,0,0.0,11.0,
1955,ed-elisian,Ed Elisian,ELI,1,1,0,0,0,0,0.0,30.0,
1955,eddie-johnson,Eddie Johnson,JOH,1,1,0,0,0,0,0.0,13.0,
1955,eddie-russo,Eddie Russo,RUS,1,1,0,0,0,0,0.0,22.0,
1955,fred-agabashian,Fred Agabashian,AGA,1,1,0,0,0,0,0.0,32.0,
1955,harry-schell,Harry Schell,SCH,8,8,0,0,0,0,0.0,6.0,
1955,hermano-da-silva-ramos,Hermano da Silva Ramos,DAS,3,3,0,0,0,0,0.0,8.0,
1955,horace-gould,Horace Gould,GOU,3,3,0,0,0,0,0.0,,
1955,jack-brabham,Jack Brabham,BRA,1,1,0,0,0,0,0.0,,
1955,jack-fairman,Jack Fairman,FAI,1,1,0,0,0,0,0.0,,
1955,jack-mcgrath,Jack McGrath,MCG,1,1,0,0,0,0,0.0,26.0,
1955,jacques-pollet,Jacques Pollet,POL,3,3,0,0,0,0,0.0,7.0,
1955,jean-lucas,Jean Lucas,LUC,1,1,0,0,0,0,0.0,,
1955,jerry-hoyt,Jerry Hoyt,HOY,1,1,0,0,1,0,0.0,31.0,
1955,jesus-iglesias,Jesús Iglesias,IGL,1,1,0,0,0,0,0.0,,
1955,jim-rathmann,Jim Rathmann,RAT,1,1,0,0,0,0,0.0,14.0,
1955,jimmy-bryan,Jimmy Bryan,BRY,1,1,0,0,0,0,0.0,24.0,
1955,jimmy-daywalt,Jimmy Daywalt,DAY,1,1,0,0,0,0,0.0,9.0,
1955,jimmy-reece,Jimmy Reece,REE,1,1,0,0,0,0,0.0,33.0,
1955,john-fitch,John Fitch,FIT,1,1,0,0,0,0,0.0,9.0,
1955,johnnie-parsons,Johnnie Parsons,PAR,1,1,0,0,0,0,0.0,21.0,
1955,johnny-boyd,Johnny Boyd,BOY,1,1,0,0,0,0,0.0,29.0,
1955,johnny-claes,Johnny Claes,CLA,2,2,0,0,0,0,0.0,11.0,
1955,keith-andrews,Keith Andrews,AND,1,1,0,0,0,0,0.0,20.0,
1955,ken-wharton,Ken Wharton,WHA,2,2,0,0,0,0,0.0,9.0,
1955,kenneth-mcalpine,Kenneth McAlpine,MCA,1,1,0,0,0,0,0.0,,
1955,lance-macklin,Lance Macklin,MAC,2,2,0,0,0,0,0.0,8.0,
1955,leslie-marr,Leslie Marr,MAR,1,1,0,0,0,0,0.0,,
1955,louis-chiron,Louis Chiron,CHI,1,1,0,0,0,0,0.0,6.0,
1955,louis-rosier,Louis Rosier,ROS,3,3,0,0,0,0,0.0,9.0,
1955,luigi-piotti,Luigi Piotti,PIO,1,1,0,0,0,0,0.0,,
1955,mike-hawthorn,Mike Hawthorn,HAW,5,5,0,0,0,0,0.0,6.0,
1955,mike-sparken,Mike Sparken,SPA,1,1,0,0,0,0,0.0,7.0,
1955,pablo-birger,Pablo Birger,BIR,1,1,0,0,0,0,0.0,,
1955,pat-flaherty,Pat Flaherty,FLA,1,1,0,0,0,0,0.0,10.0,
1955,pat-oconnor,Pat O'Connor,O'C,1,1,0,0,0,0,0.0,8.0,
1955,peter-collins,Peter Collins,COL,2,2,0,0,0,0,0.0,,
1955,peter-walker,Peter Walker,WAL,2,2,0,0,0,0,0.0,,
1955,ray-crawford,Ray Crawford,CRA,1,1,0,0,0,0,0.0,23.0,
1955,robert-manzon,Robert Manzon,MAN,3,3,0,0,0,0,0.0,,
1955,rodger-ward,Rodger Ward,WAR,1,1,0,0,0,0,0.0,28.0,
1955,roy-salvadori,Roy Salvadori,SAL,1,1,0,0,0,0,0.0,,
1955,sam-hanks,Sam Hanks,HAN,1,1,0,0,0,0,0.0,19.0,
1955,sergio-mantovani,Sergio Mantovani,MAN,2,2,0,0,0,0,0.0,7.0,
1955,shorty-templeman,Shorty Templeman,TEM,1,1,0,0,0,0,0.0,18.0,
1955,ted-whiteaway,Ted Whiteaway,WHI,1,1,0,0,0,0,0.0,,
1955,tony-rolt,Tony Rolt,ROL,1,1,0,0,0,0,0.0,,
1955,elie-bayol,Élie Bayol,BAY,2,2,0,0,0,0,0.0,,
1956,juan-manuel-fangio,Juan Manuel Fangio,FAN,10,10,3,5,6,4,33.0,1.0,1.0
1956,stirling-moss,Stirling Moss,MOS,9,9,2,4,1,3,28.0,1.0,2.0
1956,peter-collins,Peter Collins,COL,9,9,2,5,0,0,25.0,1.0,3.0
1956,jean-behra,Jean Behra,BEH,8,8,0,5,0,0,22.0,2.0,4.0
1956,pat-flaherty,Pat Flaherty,FLA,1,1,1,1,1,0,8.0,1.0,5.0
1956,eugenio-castellotti,Eugenio Castellotti,CAS,10,10,0,1,0,0,7.5,2.0,6.0
1956,paul-frere,Paul Frère,FRE,1,1,0,1,0,0,6.0,2.0,7.0
1956,sam-hanks,Sam Hanks,HAN,1,1,0,1,0,0,6.0,2.0,7.0
1956,paco-godia,Paco Godia,GOD,5,5,0,0,0,0,6.0,4.0,9.0
1956,jack-fairman,Jack Fairman,FAI,2,2,0,0,0,0,5.0,4.0,10.0
1956,luigi-musso,Luigi Musso,MUS,4,4,1,1,0,0,4.0,1.0,11.0
1956,don-freeland,Don Freeland,FRE,1,1,0,1,0,0,4.0,3.0,12.0
1956,mike-hawthorn,Mike Hawthorn,HAW,5,5,0,1,0,0,4.0,3.0,12.0
1956,ron-flockhart,Ron Flockhart,FLO,2,2,0,1,0,0,4.0,3.0,12.0
1956,alfonso-de-portago,Alfonso de Portago,DEP,5,5,0,1,0,0,3.0,2.0,15.0
1956,cesare-perdisa,Cesare Perdisa,PER,5,5,0,1,0,0,3.0,3.0,16.0
1956,harry-schell,Harry Schell,SCH,7,7,0,0,0,0,3.0,4.0,17.0
1956,johnnie-parsons,Johnnie Parsons,PAR,1,1,0,0,0,0,3.0,4.0,17.0
1956,dick-rathmann,Dick Rathmann,RAT,1,1,0,0,0,0,2.0,5.0,19.0
1956,hermano-da-silva-ramos,Hermano da Silva Ramos,DAS,4,4,0,0,0,0,2.0,5.0,19.0
1956,horace-gould,Horace Gould,GOU,4,4,0,0,0,0,2.0,5.0,19.0
1956,louis-rosier,Louis Rosier,ROS,5,5,0,0,0,0,2.0,5.0,19.0
1956,luigi-villoresi,Luigi Villoresi,VIL,5,5,0,0,0,0,2.0,5.0,19.0
1956,olivier-gendebien,Olivier Gendebien,GEN,2,2,0,0,0,0,2.0,5.0,19.0
1956,chico-landi,Chico Landi,LAN,1,1,0,0,0,0,1.5,4.0,25.0
1956,gerino-gerini,Gerino Gerini,GER,2,2,0,0,0,0,1.5,4.0,25.0
1956,paul-russo,Paul Russo,RUS,1,1,0,0,0,1,1.0,33.0,27.0
1956,al-herman,Al Herman,HER,1,1,0,0,0,0,0.0,28.0,
1956,al-keller,Al Keller,KEL,1,1,0,0,0,0,0.0,14.0,
1956,alberto-uria,Alberto Uria,URI,1,1,0,0,0,0,0.0,6.0,
1956,andre-milhoux,André Milhoux,MIL,1,1,0,0,0,0,0.0,,
1956,andre-pilette,André Pilette,PIL,4,4,0,0,0,0,0.0,6.0,
1956,andre-simon,André Simon,SIM,2,2,0,0,0,0,0.0,9.0,
1956,andy-linden,Andy Linden,LIN,1,1,0,0,0,0,0.0,27.0,
1956,archie-scott-brown,Archie Scott Brown,SCO,1,1,0,0,0,0,0.0,,
1956,billy-garrett,Billy Garrett,GAR,1,1,0,0,0,0,0.0,16.0,
1956,bob-christie,Bob Christie,CHR,1,1,0,0,0,0,0.0,13.0,
1956,bob-gerard,Bob Gerard,GER,1,1,0,0,0,0,0.0,11.0,
1956,bob-sweikert,Bob Sweikert,SWE,1,1,0,0,0,0,0.0,6.0,
1956,bob-veith,Bob Veith,VEI,1,1,0,0,0,0,0.0,7.0,
1956,bruce-halford,Bruce Halford,HAL,3,3,0,0,0,0,0.0,,
1956,carlos-menditeguy,Carlos Menditéguy,MEN,1,1,0,0,0,0,0.0,,
1956,cliff-griffith,Cliff Griffith,GRI,1,1,0,0,0,0,0.0,10.0,
1956,colin-chapman,Colin Chapman,CHA,1,1,0,0,0,0,0.0,,
1956,desmond-titterington,Desmond Titterington,TIT,1,1,0,0,0,0,0.0,,
1956,duke-dinsmore,Duke Dinsmore,DIN,1,1,0,0,0,0,0.0,17.0,
1956,ed-elisian,Ed Elisian,ELI,1,1,0,0,0,0,0.0,23.0,
1956,eddie-johnson,Eddie Johnson,JOH,1,1,0,0,0,0,0.0,15.0,
1956,eddie-russo,Eddie Russo,RUS,1,1,0,0,0,0,0.0,23.0,
1956,emmanuel-de-graffenried,Emmanuel de Graffenried,DEG,1,1,0,0,0,0,0.0,7.0,
1956,fred-agabashian,Fred Agabashian,AGA,1,1,0,0,0,0,0.0,12.0,
1956,gene-hartley,Gene Hartley,HAR,1,1,0,0,0,0,0.0,11.0,
1956,giorgio-scarlatti,Giorgio Scarlatti,SCA,2,2,0,0,0,0,0.0,,
1956,jack-brabham,Jack Brabham,BRA,1,1,0,0,0,0,0.0,,
1956,jack-turner,Jack Turner,TUR,1,1,0,0,0,0,0.0,25.0,
1956,jim-rathmann,Jim Rathmann,RAT,1,1,0,0,0,0,0.0,20.0,
1956,jimmy-bryan,Jimmy Bryan,BRY,1,1,0,0,0,0,0.0,19.0,
1956,jimmy-daywalt,Jimmy Daywalt,DAY,1,1,0,0,0,0,0.0,24.0,
1956,jimmy-reece,Jimmy Reece,REE,1,1,0,0,0,0,0.0,9.0,
1956,jo-bonnier,Jo Bonnier,BON,1,1,0,0,0,0,0.0,,
1956,johnnie-tolan,Johnnie Tolan,TOL,1,1,0,0,0,0,0.0,21.0,
1956,johnny-boyd,Johnny Boyd,BOY,1,1,0,0,0,0,0.0,30.0,
1956,johnny-thomson,Johnny Thomson,THO,1,1,0,0,0,0,0.0,32.0,
1956,jose-froilan-gonzalez,José Froilán González,GON,2,2,0,0,0,0,0.0,,
1956,keith-andrews,Keith Andrews,AND,1,1,0,0,0,0,0.0,26.0,
1956,les-leston,Les Leston,LES,1,1,0,0,0,0,0.0,,
1956,louis-chiron,Louis Chiron,CHI,1,1,0,0,0,0,0.0,,
1956,luigi-piotti,Luigi Piotti,PIO,3,3,0,0,0,0,0.0,6.0,
1956,maurice-trintignant,Maurice Trintignant,TRI,5,5,0,0,0,0,0.0,,
1956,ottorino-volonterio,Ottorino Volonterio,VOL,1,1,0,0,0,0,0.0,,
1956,pat-oconnor,Pat O'Connor,O'C,1,1,0,0,0,0,0.0,18.0,
1956,paul-emery,Paul Emery,EME,1,1,0,0,0,0,0.0,,
1956,piero-scotti,Piero Scotti,SCO,1,1,0,0,0,0,0.0,,
1956,piero-taruffi,Piero Taruffi,TAR,2,2,0,0,0,0,0.0,,
1956,ray-crawford,Ray Crawford,CRA,1,1,0,0,0,0,0.0,29.0,
1956,robert-manzon,Robert Manzon,MAN,5,5,0,0,0,0,0.0,9.0,
1956,rodger-ward,Rodger Ward,WAR,1,1,0,0,0,0,0.0,8.0,
1956,roy-salvadori,Roy Salvadori,SAL,3,3,0,0,0,0,0.0,11.0,
1956,tony-bettenhausen,Tony Bettenhausen,BET,1,1,0,0,0,0,0.0,22.0,
1956,tony-brooks,Tony Brooks,BRO,2,2,0,0,0,0,0.0,,
1956,troy-ruttman,Troy Ruttman,RUT,1,1,0,0,0,0,0.0,31.0,
1956,umberto-maglioli,Umberto Maglioli,MAG,3,3,0,0,0,0,0.0,,
1956,wolfgang-von-trips,Wolfgang von Trips,VON,1,1,0,0,0,0,0.0,,
1956,elie-bayol,Élie Bayol,BAY,1,1,0,0,0,0,0.0,6.0,
1956,oscar-gonzalez,Óscar González,GON,1,1,0,0,0,0,0.0,6.0,
1957,juan-manuel-fangio,Juan Manuel Fangio,FAN,7,7,4,6,4,2,46.0,1.0,1.0
1957,stirling-moss,Stirling Moss,MOS,7,7,3,3,2,3,25.0,1.0,2.0
1957,luigi-musso,Luigi Musso,MUS,6,6,0,2,0,1,16.0,2.0,3.0
1957,mike-hawthorn,Mike Hawthorn,HAW,7,7,0,2,0,0,13.0,2.0,4.0
1957,tony-brooks,Tony Brooks,BRO,6,6,1,2,0,1,11.0,1.0,5.0
1957,masten-gregory,Masten Gregory,GRE,4,4,0,1,0,0,10.0,3.0,6.0
1957,harry-schell,Harry Schell,SCH,9,9,0,1,0,0,10.0,3.0,7.0
1957,sam-hanks,Sam Hanks,HAN,1,1,1,1,0,0,8.0,1.0,8.0
1957,peter-collins,Peter Collins,COL,8,8,0,2,0,0,8.0,3.0,9.0
1957,jim-rathmann,Jim Rathmann,RAT,1,1,0,1,0,1,7.0,2.0,10.0
1957,jean-behra,Jean Behra,BEH,6,6,0,1,0,0,6.0,2.0,11.0
1957,maurice-trintignant,Maurice Trintignant,TRI,3,3,0,0,0,0,5.0,4.0,12.0
1957,stuart-lewis-evans,Stuart Lewis-Evans,LEW,6,6,0,0,1,0,5.0,4.0,12.0
1957,carlos-menditeguy,Carlos Menditéguy,MEN,4,4,0,1,0,0,4.0,3.0,14.0
1957,jimmy-bryan,Jimmy Bryan,BRY,1,1,0,1,0,0,4.0,3.0,14.0
1957,wolfgang-von-trips,Wolfgang von Trips,VON,3,3,0,1,0,0,4.0,3.0,14.0
1957,paul-russo,Paul Russo,RUS,1,1,0,0,0,0,3.0,4.0,17.0
1957,andy-linden,Andy Linden,LIN,1,1,0,0,0,0,2.0,5.0,18.0
1957,roy-salvadori,Roy Salvadori,SAL,5,5,0,0,0,0,2.0,5.0,18.0
1957,alfonso-de-portago,Alfonso de Portago,DEP,1,1,0,0,0,0,1.0,5.0,20.0
1957,giorgio-scarlatti,Giorgio Scarlatti,SCA,4,4,0,0,0,0,1.0,5.0,20.0
1957,jose-froilan-gonzalez,José Froilán González,GON,1,1,0,0,0,0,1.0,5.0,20.0
1957,al-herman,Al Herman,HER,1,1,0,0,0,0,0.0,21.0,
1957,al-keller,Al Keller,KEL,1,1,0,0,0,0,0.0,27.0,
1957,alejandro-de-tomaso,Alejandro de Tomaso,DET,1,1,0,0,0,0,0.0,9.0,
1957,andre-simon,André Simon,SIM,2,2,0,0,0,0,0.0,11.0,
1957,bill-cheesbourg,Bill Cheesbourg,CHE,1,1,0,0,0,0,0.0,26.0,
1957,bob-christie,Bob Christie,CHR,1,1,0,0,0,0,0.0,13.0,
1957,bob-gerard,Bob Gerard,GER,1,1,0,0,0,0,0.0,6.0,
1957,bob-veith,Bob Veith,VEI,1,1,0,0,0,0,0.0,9.0,
1957,brian-naylor,Brian Naylor,NAY,1,1,0,0,0,0,0.0,13.0,
1957,bruce-halford,Bruce Halford,HAL,3,3,0,0,0,0,0.0,11.0,
1957,carel-godin-de-beaufort,Carel Godin de Beaufort,DEB,1,1,0,0,0,0,0.0,14.0,
1957,cesare-perdisa,Cesare Perdisa,PER,1,1,0,0,0,0,0.0,6.0,
1957,chuck-weyant,Chuck Weyant,WEY,1,1,0,0,0,0,0.0,14.0,
1957,dick-gibson,Dick Gibson,GIB,1,1,0,0,0,0,0.0,,
1957,don-edmunds,Don Edmunds,EDM,1,1,0,0,0,0,0.0,19.0,
1957,don-freeland,Don Freeland,FRE,1,1,0,0,0,0,0.0,17.0,
1957,ed-elisian,Ed Elisian,ELI,1,1,0,0,0,0,0.0,29.0,
1957,eddie-johnson,Eddie Johnson,JOH,1,1,0,0,0,0,0.0,25.0,
1957,eddie-russo,Eddie Russo,RUS,1,1,0,0,0,0,0.0,32.0,
1957,eddie-sachs,Eddie Sachs,SAC,1,1,0,0,0,0,0.0,23.0,
1957,edgar-barth,Edgar Barth,BAR,1,1,0,0,0,0,0.0,12.0,
1957,elmer-george,Elmer George,GEO,1,1,0,0,0,0,0.0,33.0,
1957,eugenio-castellotti,Eugenio Castellotti,CAS,1,1,0,0,0,0,0.0,,
1957,fred-agabashian,Fred Agabashian,AGA,1,1,0,0,0,0,0.0,22.0,
1957,gene-hartley,Gene Hartley,HAR,1,1,0,0,0,0,0.0,10.0,
1957,hans-herrmann,Hans Herrmann,HER,2,2,0,0,0,0,0.0,,
1957,herbert-mackay-fraser,Herbert MacKay-Fraser,MAC,1,1,0,0,0,0,0.0,,
1957,horace-gould,Horace Gould,GOU,6,6,0,0,0,0,0.0,10.0,
1957,ivor-bueb,Ivor Bueb,BUE,2,2,0,0,0,0,0.0,8.0,
1957,jack-brabham,Jack Brabham,BRA,6,6,0,0,0,0,0.0,6.0,
1957,jack-fairman,Jack Fairman,FAI,1,1,0,0,0,0,0.0,,
1957,jack-turner,Jack Turner,TUR,1,1,0,0,0,0,0.0,11.0,
1957,jimmy-daywalt,Jimmy Daywalt,DAY,1,1,0,0,0,0,0.0,28.0,
1957,jimmy-reece,Jimmy Reece,REE,1,1,0,0,0,0,0.0,18.0,
1957,jo-bonnier,Jo Bonnier,BON,4,4,0,0,0,0,0.0,7.0,
1957,johnnie-parsons,Johnnie Parsons,PAR,1,1,0,0,0,0,0.0,16.0,
1957,johnnie-tolan,Johnnie Tolan,TOL,1,1,0,0,0,0,0.0,20.0,
1957,johnny-boyd,Johnny Boyd,BOY,1,1,0,0,0,0,0.0,6.0,
1957,johnny-thomson,Johnny Thomson,THO,1,1,0,0,0,0,0.0,12.0,
1957,les-leston,Les Leston,LES,2,2,0,0,0,0,0.0,,
1957,luigi-piotti,Luigi Piotti,PIO,4,4,0,0,0,0,0.0,10.0,
1957,marshall-teague,Marshall Teague,TEA,1,1,0,0,0,0,0.0,7.0,
1957,mike-macdowel,Mike MacDowel,MAC,1,1,0,0,0,0,0.0,7.0,
1957,mike-magill,Mike Magill,MAG,1,1,0,0,0,0,0.0,24.0,
1957,ottorino-volonterio,Ottorino Volonterio,VOL,1,1,0,0,0,0,0.0,11.0,
1957,paco-godia,Paco Godia,GOD,3,3,0,0,0,0,0.0,9.0,
1957,pat-oconnor,Pat O'Connor,O'C,1,1,0,0,1,0,0.0,8.0,
1957,paul-england,Paul England,ENG,1,1,0,0,0,0,0.0,,
1957,rodger-ward,Rodger Ward,WAR,1,1,0,0,0,0,0.0,30.0,
1957,ron-flockhart,Ron Flockhart,FLO,2,2,0,0,0,0,0.0,,
1957,tony-bettenhausen,Tony Bettenhausen,BET,1,1,0,0,0,0,0.0,15.0,
1957,tony-marsh,Tony Marsh,MAR,1,1,0,0,0,0,0.0,15.0,
1957,troy-ruttman,Troy Ruttman,RUT,1,1,0,0,0,0,0.0,31.0,
1957,umberto-maglioli,Umberto Maglioli,MAG,1,1,0,0,0,0,0.0,,
1958,mike-hawthorn,Mike Hawthorn,HAW,10,10,1,7,4,5,49.0,1.0,1.0
1958,stirling-moss,Stirling Moss,MOS,10,10,4,5,3,3,41.0,1.0,2.0
1958,tony-brooks,Tony Brooks,BRO,10,10,3,3,1,0,24.0,1.0,3.0
1958,roy-salvadori,Roy Salvadori,SAL,9,9,0,2,0,0,15.0,2.0,4.0
1958,peter-collins,Peter Collins,COL,7,7,1,2,0,0,14.0,1.0,5.0
1958,harry-schell,Harry Schell,SCH,10,10,0,1,0,0,14.0,2.0,6.0
1958,maurice-trintignant,Maurice Trintignant,TRI,9,9,1,2,0,0,12.0,1.0,7.0
1958,luigi-musso,Luigi Musso,MUS,5,5,0,2,0,0,12.0,2.0,8.0
1958,stuart-lewis-evans,Stuart Lewis-Evans,LEW,8,8,0,2,1,0,11.0,3.0,9.0
1958,phil-hill,Phil Hill,HIL,4,4,0,2,0,1,9.0,3.0,10.0
1958,jean-behra,Jean Behra,BEH,10,10,0,1,0,0,9.0,3.0,11.0
1958,wolfgang-von-trips,Wolfgang von Trips,VON,6,6,0,1,0,0,9.0,3.0,11.0
1958,jimmy-bryan,Jimmy Bryan,BRY,1,1,1,1,0,0,8.0,1.0,13.0
1958,juan-manuel-fangio,Juan Manuel Fangio,FAN,2,2,0,0,1,1,7.0,4.0,14.0
1958,george-amick,George Amick,AMI,1,1,0,1,0,0,6.0,2.0,15.0
1958,johnny-boyd,Johnny Boyd,BOY,1,1,0,1,0,0,4.0,3.0,16.0
1958,tony-bettenhausen,Tony Bettenhausen,BET,1,1,0,0,0,1,4.0,4.0,17.0
1958,cliff-allison,Cliff Allison,ALL,9,9,0,0,0,0,3.0,4.0,18.0
1958,jack-brabham,Jack Brabham,BRA,9,9,0,0,0,0,3.0,4.0,18.0
1958,jo-bonnier,Jo Bonnier,BON,9,9,0,0,0,0,3.0,4.0,18.0
1958,jim-rathmann,Jim Rathmann,RAT,1,1,0,0,0,0,2.0,5.0,21.0
1958,al-keller,Al Keller,KEL,1,1,0,0,0,0,0.0,11.0,
1958,alan-stacey,Alan Stacey,STA,1,1,0,0,0,0,0.0,,
1958,andre-guelfi,André Guelfi,GUE,1,1,0,0,0,0,0.0,15.0,
1958,andre-testut,André Testut,TES,1,1,0,0,0,0,0.0,,
1958,anthony-joseph-foyt,Anthony Joseph Foyt,FOY,1,1,0,0,0,0,0.0,16.0,
1958,art-bisch,Art Bisch,BIS,1,1,0,0,0,0,0.0,33.0,
1958,bernie-ecclestone,Bernie Ecclestone,ECC,1,1,0,0,0,0,0.0,,
1958,bill-cheesbourg,Bill Cheesbourg,CHE,1,1,0,0,0,0,0.0,10.0,
1958,billy-garrett,Billy Garrett,GAR,1,1,0,0,0,0,0.0,21.0,
1958,bob-christie,Bob Christie,CHR,1,1,0,0,0,0,0.0,14.0,
1958,bob-veith,Bob Veith,VEI,1,1,0,0,0,0,0.0,26.0,
1958,brian-naylor,Brian Naylor,NAY,1,1,0,0,0,0,0.0,,
1958,bruce-kessler,Bruce Kessler,KES,1,1,0,0,0,0,0.0,,
1958,bruce-mclaren,Bruce McLaren,MCL,2,2,0,0,0,0,0.0,5.0,
1958,carel-godin-de-beaufort,Carel Godin de Beaufort,DEB,2,2,0,0,0,0,0.0,11.0,
1958,carlos-menditeguy,Carlos Menditéguy,MEN,1,1,0,0,0,0,0.0,7.0,
1958,carroll-shelby,Carroll Shelby,SHE,5,5,0,0,0,0,0.0,4.0,
1958,christian-goethals,Christian Goethals,GOE,1,1,0,0,0,0,0.0,,
1958,chuck-weyant,Chuck Weyant,WEY,1,1,0,0,0,0,0.0,24.0,
1958,dempsey-wilson,Dempsey Wilson,WIL,1,1,0,0,0,0,0.0,15.0,
1958,dick-gibson,Dick Gibson,GIB,1,1,0,0,0,0,0.0,,
1958,dick-rathmann,Dick Rathmann,RAT,1,1,0,0,1,0,0.0,27.0,
1958,don-freeland,Don Freeland,FRE,1,1,0,0,0,0,0.0,7.0,
1958,ed-elisian,Ed Elisian,ELI,1,1,0,0,0,0,0.0,28.0,
1958,eddie-johnson,Eddie Johnson,JOH,1,1,0,0,0,0,0.0,9.0,
1958,eddie-sachs,Eddie Sachs,SAC,1,1,0,0,0,0,0.0,22.0,
1958,edgar-barth,Edgar Barth,BAR,1,1,0,0,0,0,0.0,6.0,
1958,francois-picard,François Picard,PIC,1,1,0,0,0,0,0.0,,
1958,gerino-gerini,Gerino Gerini,GER,5,5,0,0,0,0,0.0,9.0,
1958,giorgio-scarlatti,Giorgio Scarlatti,SCA,2,2,0,0,0,0,0.0,,
1958,giulio-cabianca,Giulio Cabianca,CAB,2,2,0,0,0,0,0.0,,
1958,graham-hill,Graham Hill,HIL,9,9,0,0,0,0,0.0,6.0,
1958,hans-herrmann,Hans Herrmann,HER,3,3,0,0,0,0,0.0,9.0,
1958,horace-gould,Horace Gould,GOU,3,3,0,0,0,0,0.0,9.0,
1958,ian-burgess,Ian Burgess,BUR,2,2,0,0,0,0,0.0,7.0,
1958,ivor-bueb,Ivor Bueb,BUE,2,2,0,0,0,0,0.0,11.0,
1958,jack-fairman,Jack Fairman,FAI,2,2,0,0,0,0,0.0,8.0,
1958,jack-turner,Jack Turner,TUR,1,1,0,0,0,0,0.0,25.0,
1958,jerry-unser-jr,Jerry Unser Jr.,UNS,1,1,0,0,0,0,0.0,31.0,
1958,jimmy-reece,Jimmy Reece,REE,1,1,0,0,0,0,0.0,6.0,
1958,johnnie-parsons,Johnnie Parsons,PAR,1,1,0,0,0,0,0.0,12.0,
1958,johnnie-tolan,Johnnie Tolan,TOL,1,1,0,0,0,0,0.0,13.0,
1958,johnny-thomson,Johnny Thomson,THO,1,1,0,0,0,0,0.0,23.0,
1958,jud-larson,Jud Larson,LAR,1,1,0,0,0,0,0.0,8.0,
1958,ken-kavanagh,Ken Kavanagh,KAV,2,2,0,0,0,0,0.0,,
1958,len-sutton,Len Sutton,SUT,1,1,0,0,0,0,0.0,32.0,
1958,louis-chiron,Louis Chiron,CHI,1,1,0,0,0,0,0.0,,
1958,luigi-piotti,Luigi Piotti,PIO,1,1,0,0,0,0,0.0,,
1958,luigi-taramazzo,Luigi Taramazzo,TAR,1,1,0,0,0,0,0.0,,
1958,maria-teresa-de-filippis,Maria Teresa de Filippis,DEF,4,4,0,0,0,0,0.0,10.0,
1958,masten-gregory,Masten Gregory,GRE,4,4,0,0,0,0,0.0,4.0,
1958,mike-magill,Mike Magill,MAG,1,1,0,0,0,0,0.0,17.0,
1958,olivier-gendebien,Olivier Gendebien,GEN,3,3,0,0,0,0,0.0,6.0,
1958,paco-godia,Paco Godia,GOD,4,4,0,0,0,0,0.0,8.0,
1958,pat-oconnor,Pat O'Connor,O'C,1,1,0,0,0,0,0.0,29.0,
1958,paul-emery,Paul Emery,EME,1,1,0,0,0,0,0.0,,
1958,paul-goldsmith,Paul Goldsmith,GOL,1,1,0,0,0,0,0.0,30.0,
1958,paul-russo,Paul Russo,RUS,1,1,0,0,0,0,0.0,18.0,
1958,robert-la-caze,Robert La Caze,LAC,1,1,0,0,0,0,0.0,14.0,
1958,rodger-ward,Rodger Ward,WAR,1,1,0,0,0,0,0.0,20.0,
1958,ron-flockhart,Ron Flockhart,FLO,2,2,0,0,0,0,0.0,,
1958,shorty-templeman,Shorty Templeman,TEM,1,1,0,0,0,0,0.0,19.0,
1958,tom-bridger,Tom Bridger,BRI,1,1,0,0,0,0,0.0,,
1958,tony-marsh,Tony Marsh,MAR,1,1,0,0,0,0,0.0,8.0,
1958,troy-ruttman,Troy Ruttman,RUT,2,2,0,0,0,0,0.0,10.0,
1958,wolfgang-seidel,Wolfgang Seidel,SEI,3,3,0,0,0,0,0.0,,
1959,jack-brabham,Jack Brabham,BRA,8,8,2,5,1,1,34.0,1.0,1.0
1959,tony-brooks,Tony Brooks,BRO,8,8,2,4,1,1,27.0,1.0,2.0
1959,stirling-moss,Stirling Moss,MOS,8,8,2,3,4,4,25.5,1.0,3.0
1959,phil-hill,Phil Hill,HIL,7,7,0,3,0,1,20.0,2.0,4.0
1959,maurice-trintignant,Maurice Trintignant,TRI,8,8,0,2,0,1,19.0,2.0,5.0
1959,bruce-mclaren,Bruce McLaren,MCL,7,7,1,2,0,1,16.5,1.0,6.0
1959,dan-gurney,Dan Gurney,GUR,4,4,0,2,0,0,13.0,2.0,7.0
1959,jo-bonnier,Jo Bonnier,BON,7,7,1,1,1,0,10.0,1.0,8.0
1959,masten-gregory,Masten Gregory,GRE,6,6,0,2,0,0,10.0,2.0,9.0
1959,rodger-ward,Rodger Ward,WAR,2,2,1,1,0,0,8.0,1.0,10.0
1959,jim-rathmann,Jim Rathmann,RAT,1,1,0,1,0,0,6.0,2.0,11.0
1959,johnny-thomson,Johnny Thomson,THO,1,1,0,1,1,1,5.0,3.0,12.0
1959,harry-schell,Harry Schell,SCH,8,8,0,0,0,0,5.0,4.0,13.0
1959,innes-ireland,Innes Ireland,IRE,6,6,0,0,0,0,5.0,4.0,13.0
1959,olivier-gendebien,Olivier Gendebien,GEN,2,2,0,0,0,0,3.0,4.0,15.0
1959,tony-bettenhausen,Tony Bettenhausen,BET,1,1,0,0,0,0,3.0,4.0,15.0
1959,cliff-allison,Cliff Allison,ALL,5,5,0,0,1,0,2.0,5.0,17.0
1959,jean-behra,Jean Behra,BEH,4,4,0,0,0,0,2.0,5.0,17.0
1959,paul-goldsmith,Paul Goldsmith,GOL,1,1,0,0,0,0,2.0,5.0,17.0
1959,al-herman,Al Herman,HER,1,1,0,0,0,0,0.0,13.0,
1959,al-keller,Al Keller,KEL,1,1,0,0,0,0,0.0,18.0,
1959,alain-de-changy,Alain de Changy,DEC,1,1,0,0,0,0,0.0,,
1959,alan-stacey,Alan Stacey,STA,2,2,0,0,0,0,0.0,8.0,
1959,alejandro-de-tomaso,Alejandro de Tomaso,DET,1,1,0,0,0,0,0.0,,
1959,andre-testut,André Testut,TES,1,1,0,0,0,0,0.0,,
1959,anthony-joseph-foyt,Anthony Joseph Foyt,FOY,1,1,0,0,0,0,0.0,10.0,
1959,asdrubal-fontes-bayardo,Asdrúbal Fontes Bayardo,FON,1,1,0,0,0,0,0.0,,
1959,bill-cheesbourg,Bill Cheesbourg,CHE,1,1,0,0,0,0,0.0,21.0,
1959,bill-moss,Bill Moss,MOS,1,1,0,0,0,0,0.0,,
1959,bob-christie,Bob Christie,CHR,1,1,0,0,0,0,0.0,25.0,
1959,bob-said,Bob Said,SAI,1,1,0,0,0,0,0.0,,
1959,bob-veith,Bob Veith,VEI,1,1,0,0,0,0,0.0,12.0,
1959,bobby-grim,Bobby Grim,GRI,1,1,0,0,0,0,0.0,26.0,
1959,brian-naylor,Brian Naylor,NAY,1,1,0,0,0,0,0.0,,
1959,bruce-halford,Bruce Halford,HAL,1,1,0,0,0,0,0.0,,
1959,carel-godin-de-beaufort,Carel Godin de Beaufort,DEB,2,2,0,0,0,0,0.0,9.0,
1959,carroll-shelby,Carroll Shelby,SHE,4,4,0,0,0,0,0.0,8.0,
1959,chris-bristow,Chris Bristow,BRI,1,1,0,0,0,0,0.0,10.0,
1959,chuck-arnold,Chuck Arnold,ARN,1,1,0,0,0,0,0.0,15.0,
1959,chuck-weyant,Chuck Weyant,WEY,1,1,0,0,0,0,0.0,28.0,
1959,colin-davis,Colin Davis,DAV,2,2,0,0,0,0,0.0,11.0,
1959,david-piper,David Piper,PIP,1,1,0,0,0,0,0.0,,
1959,dennis-taylor,Dennis Taylor,TAY,1,1,0,0,0,0,0.0,,
1959,dick-rathmann,Dick Rathmann,RAT,1,1,0,0,0,0,0.0,20.0,
1959,don-branson,Don Branson,BRA,1,1,0,0,0,0,0.0,24.0,
1959,don-freeland,Don Freeland,FRE,1,1,0,0,0,0,0.0,22.0,
1959,duane-carter,Duane Carter,CAR,1,1,0,0,0,0,0.0,7.0,
1959,eddie-johnson,Eddie Johnson,JOH,1,1,0,0,0,0,0.0,8.0,
1959,eddie-sachs,Eddie Sachs,SAC,1,1,0,0,0,0,0.0,17.0,
1959,fritz-dorey,Fritz d'Orey,D'O,3,3,0,0,0,0,0.0,10.0,
1959,gene-hartley,Gene Hartley,HAR,1,1,0,0,0,0,0.0,11.0,
1959,george-constantine,George Constantine,CON,1,1,0,0,0,0,0.0,,
1959,giorgio-scarlatti,Giorgio Scarlatti,SCA,3,3,0,0,0,0,0.0,8.0,
1959,giulio-cabianca,Giulio Cabianca,CAB,1,1,0,0,0,0,0.0,15.0,
1959,graham-hill,Graham Hill,HIL,7,7,0,0,0,0,0.0,7.0,
1959,hans-herrmann,Hans Herrmann,HER,2,2,0,0,0,0,0.0,,
1959,harry-blanchard,Harry Blanchard,BLA,1,1,0,0,0,0,0.0,7.0,
1959,henry-taylor,Henry Taylor,TAY,1,1,0,0,0,0,0.0,11.0,
1959,ian-burgess,Ian Burgess,BUR,4,4,0,0,0,0,0.0,6.0,
1959,ivor-bueb,Ivor Bueb,BUE,2,2,0,0,0,0,0.0,13.0,
1959,jack-fairman,Jack Fairman,FAI,2,2,0,0,0,0,0.0,,
1959,jack-turner,Jack Turner,TUR,1,1,0,0,0,0,0.0,27.0,
1959,jean-lucienbonnet,Jean Lucienbonnet,LUC,1,1,0,0,0,0,0.0,,
1959,jim-mcwithey,Jim McWithey,MCW,1,1,0,0,0,0,0.0,16.0,
1959,jimmy-bryan,Jimmy Bryan,BRY,1,1,0,0,0,0,0.0,33.0,
1959,jimmy-daywalt,Jimmy Daywalt,DAY,1,1,0,0,0,0,0.0,14.0,
1959,johnny-boyd,Johnny Boyd,BOY,1,1,0,0,0,0,0.0,6.0,
1959,jud-larson,Jud Larson,LAR,1,1,0,0,0,0,0.0,29.0,
1959,keith-greene,Keith Greene,GRE,1,1,0,0,0,0,0.0,,
1959,len-sutton,Len Sutton,SUT,1,1,0,0,0,0,0.0,32.0,
1959,lucien-bianchi,Lucien Bianchi,BIA,1,1,0,0,0,0,0.0,,
1959,maria-teresa-de-filippis,Maria Teresa de Filippis,DEF,1,1,0,0,0,0,0.0,,
1959,mike-magill,Mike Magill,MAG,1,1,0,0,0,0,0.0,30.0,
1959,mike-parkes,Mike Parkes,PAR,1,1,0,0,0,0,0.0,,
1959,mike-taylor,Mike Taylor,TAY,1,1,0,0,0,0,0.0,,
1959,mario-de-araujo-cabral,Mário de Araújo Cabral,DEA,1,1,0,0,0,0,0.0,10.0,
1959,pat-flaherty,Pat Flaherty,FLA,1,1,0,0,0,0,0.0,19.0,
1959,paul-russo,Paul Russo,RUS,1,1,0,0,0,0,0.0,9.0,
1959,pete-lovely,Pete Lovely,LOV,1,1,0,0,0,0,0.0,,
1959,peter-ashdown,Peter Ashdown,ASH,1,1,0,0,0,0,0.0,12.0,
1959,phil-cade,Phil Cade,CAD,1,1,0,0,0,0,0.0,,
1959,ray-crawford,Ray Crawford,CRA,1,1,0,0,0,0,0.0,23.0,
1959,red-amick,Red Amick,AMI,1,1,0,0,0,0,0.0,31.0,
1959,ron-flockhart,Ron Flockhart,FLO,5,5,0,0,0,0,0.0,6.0,
1959,roy-salvadori,Roy Salvadori,SAL,7,7,0,0,0,0,0.0,6.0,
1959,tim-parnell,Tim Parnell,PAR,1,1,0,0,0,0,0.0,,
1959,trevor-taylor,Trevor Taylor,TAY,1,1,0,0,0,0,0.0,,
1959,wolfgang-von-trips,Wolfgang von Trips,VON,3,3,0,0,0,0,0.0,6.0,
1960,jack-brabham,Jack Brabham,BRA,8,8,5,5,3,3,43.0,1.0,1.0
1960,bruce-mclaren,Bruce McLaren,MCL,8,8,1,6,0,1,37.0,1.0,2.0
1960,stirling-moss,Stirling Moss,MOS,7,7,2,3,4,2,19.0,1.0,3.0
1960,innes-ireland,Innes Ireland,IRE,8,8,0,3,0,1,18.0,2.0,4.0
1960,phil-hill,Phil Hill,HIL,9,9,1,2,1,2,16.0,1.0,5.0
1960,olivier-gendebien,Olivier Gendebien,GEN,5,5,0,2,0,0,10.0,2.0,6.0
1960,wolfgang-von-trips,Wolfgang von Trips,VON,9,9,0,0,0,0,10.0,4.0,7.0
1960,jim-rathmann,Jim Rathmann,RAT,1,1,1,1,0,1,8.0,1.0,8.0
1960,richie-ginther,Richie Ginther,GIN,4,4,0,1,0,0,8.0,2.0,9.0
1960,jim-clark,Jim Clark,CLA,6,6,0,1,0,0,8.0,3.0,10.0
1960,tony-brooks,Tony Brooks,BRO,7,7,0,0,0,0,7.0,4.0,11.0
1960,cliff-allison,Cliff Allison,ALL,2,2,0,1,0,0,6.0,2.0,12.0
1960,john-surtees,John Surtees,SUR,4,4,0,1,1,1,6.0,2.0,12.0
1960,rodger-ward,Rodger Ward,WAR,1,1,0,1,0,0,6.0,2.0,12.0
1960,graham-hill,Graham Hill,HIL,8,8,0,1,0,1,4.0,3.0,15.0
1960,paul-goldsmith,Paul Goldsmith,GOL,1,1,0,1,0,0,4.0,3.0,15.0
1960,willy-mairesse,Willy Mairesse,MAI,3,3,0,1,0,0,4.0,3.0,15.0
1960,jo-bonnier,Jo Bonnier,BON,8,8,0,0,0,0,4.0,5.0,18.0
1960,carlos-menditeguy,Carlos Menditéguy,MEN,1,1,0,0,0,0,3.0,4.0,19.0
1960,don-branson,Don Branson,BRA,1,1,0,0,0,0,3.0,4.0,19.0
1960,giulio-cabianca,Giulio Cabianca,CAB,1,1,0,0,0,0,3.0,4.0,19.0
1960,henry-taylor,Henry Taylor,TAY,5,5,0,0,0,0,3.0,4.0,19.0
1960,johnny-thomson,Johnny Thomson,THO,1,1,0,0,0,0,2.0,5.0,23.0
1960,eddie-johnson,Eddie Johnson,JOH,1,1,0,0,0,0,1.0,6.0,24.0
1960,hans-herrmann,Hans Herrmann,HER,1,1,0,0,0,0,1.0,6.0,24.0
1960,lucien-bianchi,Lucien Bianchi,BIA,3,3,0,0,0,0,1.0,6.0,24.0
1960,ron-flockhart,Ron Flockhart,FLO,2,2,0,0,0,0,1.0,6.0,24.0
1960,al-herman,Al Herman,HER,1,1,0,0,0,0,0.0,32.0,
1960,alan-stacey,Alan Stacey,STA,4,4,0,0,0,0,0.0,,
1960,alberto-rodriguez-larreta,Alberto Rodriguez Larreta,ROD,1,1,0,0,0,0,0.0,9.0,
1960,alfonso-thiele,Alfonso Thiele,THI,1,1,0,0,0,0,0.0,,
1960,anthony-joseph-foyt,Anthony Joseph Foyt,FOY,1,1,0,0,0,0,0.0,25.0,
1960,antonio-creus,Antonio Creus,CRE,1,1,0,0,0,0,0.0,,
1960,arthur-owen,Arthur Owen,OWE,1,1,0,0,0,0,0.0,,
1960,bill-homeier,Bill Homeier,HOM,1,1,0,0,0,0,0.0,13.0,
1960,bob-christie,Bob Christie,CHR,1,1,0,0,0,0,0.0,10.0,
1960,bob-drake,Bob Drake,DRA,1,1,0,0,0,0,0.0,13.0,
1960,bob-veith,Bob Veith,VEI,1,1,0,0,0,0,0.0,8.0,
1960,bobby-grim,Bobby Grim,GRI,1,1,0,0,0,0,0.0,16.0,
1960,brian-naylor,Brian Naylor,NAY,4,4,0,0,0,0,0.0,13.0,
1960,bruce-halford,Bruce Halford,HAL,2,2,0,0,0,0,0.0,8.0,
1960,bud-tingelstad,Bud Tingelstad,TIN,1,1,0,0,0,0,0.0,9.0,
1960,carel-godin-de-beaufort,Carel Godin de Beaufort,DEB,1,1,0,0,0,0,0.0,8.0,
1960,chris-bristow,Chris Bristow,BRI,3,3,0,0,0,0,0.0,,
1960,chuck-daigh,Chuck Daigh,DAI,6,6,0,0,0,0,0.0,10.0,
1960,chuck-stevenson,Chuck Stevenson,STE,1,1,0,0,0,0,0.0,15.0,
1960,dan-gurney,Dan Gurney,GUR,7,7,0,0,0,0,0.0,10.0,
1960,david-piper,David Piper,PIP,2,2,0,0,0,0,0.0,12.0,
1960,dempsey-wilson,Dempsey Wilson,WIL,1,1,0,0,0,0,0.0,33.0,
1960,dick-rathmann,Dick Rathmann,RAT,1,1,0,0,0,0,0.0,31.0,
1960,don-freeland,Don Freeland,FRE,1,1,0,0,0,0,0.0,22.0,
1960,duane-carter,Duane Carter,CAR,1,1,0,0,0,0,0.0,12.0,
1960,eddie-russo,Eddie Russo,RUS,1,1,0,0,0,0,0.0,26.0,
1960,eddie-sachs,Eddie Sachs,SAC,1,1,0,0,1,0,0.0,21.0,
1960,edgar-barth,Edgar Barth,BAR,1,1,0,0,0,0,0.0,7.0,
1960,ettore-chimeri,Ettore Chimeri,CHI,1,1,0,0,0,0,0.0,,
1960,fred-gamble,Fred Gamble,GAM,1,1,0,0,0,0,0.0,10.0,
1960,gene-force,Gene Force,FOR,1,1,0,0,0,0,0.0,28.0,
1960,gene-hartley,Gene Hartley,HAR,1,1,0,0,0,0,0.0,14.0,
1960,gino-munaron,Gino Munaron,MUN,5,5,0,0,0,0,0.0,13.0,
1960,giorgio-scarlatti,Giorgio Scarlatti,SCA,3,3,0,0,0,0,0.0,,
1960,harry-schell,Harry Schell,SCH,1,1,0,0,0,0,0.0,,
1960,horace-gould,Horace Gould,GOU,1,1,0,0,0,0,0.0,,
1960,ian-burgess,Ian Burgess,BUR,4,4,0,0,0,0,0.0,10.0,
1960,jack-fairman,Jack Fairman,FAI,1,1,0,0,0,0,0.0,,
1960,jim-hall,Jim Hall,HAL,1,1,0,0,0,0,0.0,7.0,
1960,jim-hurtubise,Jim Hurtubise,HUR,1,1,0,0,0,0,0.0,18.0,
1960,jim-mcwithey,Jim McWithey,MCW,1,1,0,0,0,0,0.0,29.0,
1960,jimmy-bryan,Jimmy Bryan,BRY,1,1,0,0,0,0,0.0,19.0,
1960,johnny-boyd,Johnny Boyd,BOY,1,1,0,0,0,0,0.0,27.0,
1960,jose-froilan-gonzalez,José Froilán González,GON,1,1,0,0,0,0,0.0,10.0,
1960,keith-greene,Keith Greene,GRE,1,1,0,0,0,0,0.0,,
1960,lance-reventlow,Lance Reventlow,REV,4,4,0,0,0,0,0.0,,
1960,len-sutton,Len Sutton,SUT,1,1,0,0,0,0,0.0,30.0,
1960,lloyd-ruby,Lloyd Ruby,RUB,1,1,0,0,0,0,0.0,7.0,
1960,masten-gregory,Masten Gregory,GRE,6,6,0,0,0,0,0.0,9.0,
1960,maurice-trintignant,Maurice Trintignant,TRI,6,6,0,1,0,0,0.0,3.0,
1960,mike-taylor,Mike Taylor,TAY,1,1,0,0,0,0,0.0,,
1960,mario-de-araujo-cabral,Mário de Araújo Cabral,DEA,1,1,0,0,0,0,0.0,,
1960,nasif-estefano,Nasif Estéfano,EST,1,1,0,0,0,0,0.0,14.0,
1960,pete-lovely,Pete Lovely,LOV,1,1,0,0,0,0,0.0,11.0,
1960,piero-drogo,Piero Drogo,DRO,1,1,0,0,0,0,0.0,8.0,
1960,red-amick,Red Amick,AMI,1,1,0,0,0,0,0.0,11.0,
1960,roberto-bonomi,Roberto Bonomi,BON,1,1,0,0,0,0,0.0,11.0,
1960,roy-salvadori,Roy Salvadori,SAL,4,4,0,0,0,0,0.0,8.0,
1960,shorty-templeman,Shorty Templeman,TEM,1,1,0,0,0,0,0.0,17.0,
1960,tony-bettenhausen,Tony Bettenhausen,BET,1,1,0,0,0,0,0.0,23.0,
1960,troy-ruttman,Troy Ruttman,RUT,1,1,0,0,0,0,0.0,20.0,
1960,vic-wilson,Vic Wilson,WIL,1,1,0,0,0,0,0.0,,
1960,wayne-weiler,Wayne Weiler,WEI,1,1,0,0,0,0,0.0,24.0,
1960,wolfgang-seidel,Wolfgang Seidel,SEI,1,1,0,0,0,0,0.0,9.0,
1961,phil-hill,Phil Hill,HIL,7,7,2,6,5,2,38.0,1.0,1.0
1961,wolfgang-von-trips,Wolfgang von Trips,VON,7,7,2,4,1,0,33.0,1.0,2.0
1961,stirling-moss,Stirling Moss,MOS,9,9,2,2,1,1,21.0,1.0,3.0
1961,dan-gurney,Dan Gurney,GUR,8,8,0,3,0,0,21.0,2.0,4.0
1961,richie-ginther,Richie Ginther,GIN,7,7,0,3,0,2,16.0,2.0,5.0
1961,innes-ireland,Innes Ireland,IRE,7,7,1,1,0,0,12.0,1.0,6.0
1961,jim-clark,Jim Clark,CLA,8,8,0,2,0,1,11.0,3.0,7.0
1961,bruce-mclaren,Bruce McLaren,MCL,8,8,0,1,0,0,11.0,3.0,8.0
1961,giancarlo-baghetti,Giancarlo Baghetti,BAG,3,3,1,1,0,1,9.0,1.0,9.0
1961,tony-brooks,Tony Brooks,BRO,8,8,0,1,0,1,6.0,3.0,10.0
1961,jack-brabham,Jack Brabham,BRA,8,8,0,0,1,1,4.0,4.0,11.0
1961,john-surtees,John Surtees,SUR,8,8,0,0,0,0,4.0,5.0,12.0
1961,jackie-lewis,Jackie Lewis,LEW,5,5,0,0,0,0,3.0,4.0,13.0
1961,olivier-gendebien,Olivier Gendebien,GEN,3,3,0,0,0,0,3.0,4.0,13.0
1961,graham-hill,Graham Hill,HIL,8,8,0,0,0,0,3.0,5.0,15.0
1961,jo-bonnier,Jo Bonnier,BON,8,8,0,0,0,0,3.0,5.0,15.0
1961,roy-salvadori,Roy Salvadori,SAL,5,5,0,0,0,0,2.0,6.0,17.0
1961,andre-pilette,André Pilette,PIL,1,1,0,0,0,0,0.0,,
1961,bernard-collomb,Bernard Collomb,COL,2,2,0,0,0,0,0.0,,
1961,brian-naylor,Brian Naylor,NAY,1,1,0,0,0,0,0.0,,
1961,carel-godin-de-beaufort,Carel Godin de Beaufort,DEB,6,6,0,0,0,0,0.0,7.0,
1961,cliff-allison,Cliff Allison,ALL,2,2,0,0,0,0,0.0,8.0,
1961,gaetano-starrabba,Gaetano Starrabba,STA,1,1,0,0,0,0,0.0,,
1961,gerry-ashmore,Gerry Ashmore,ASH,3,3,0,0,0,0,0.0,16.0,
1961,giorgio-scarlatti,Giorgio Scarlatti,SCA,1,1,0,0,0,0,0.0,,
1961,hans-herrmann,Hans Herrmann,HER,3,3,0,0,0,0,0.0,9.0,
1961,hap-sharp,Hap Sharp,SHA,1,1,0,0,0,0,0.0,10.0,
1961,henry-taylor,Henry Taylor,TAY,5,5,0,0,0,0,0.0,10.0,
1961,ian-burgess,Ian Burgess,BUR,5,5,0,0,0,0,0.0,12.0,
1961,jack-fairman,Jack Fairman,FAI,2,2,0,0,0,0,0.0,,
1961,jim-hall,Jim Hall,HAL,1,1,0,0,0,0,0.0,,
1961,juan-manuel-bordeu,Juan Manuel Bordeu,BOR,1,1,0,0,0,0,0.0,,
1961,keith-greene,Keith Greene,GRE,1,1,0,0,0,0,0.0,15.0,
1961,lloyd-ruby,Lloyd Ruby,RUB,1,1,0,0,0,0,0.0,,
1961,lorenzo-bandini,Lorenzo Bandini,BAN,4,4,0,0,0,0,0.0,8.0,
1961,lucien-bianchi,Lucien Bianchi,BIA,4,4,0,0,0,0,0.0,,
1961,massimo-natili,Massimo Natili,NAT,2,2,0,0,0,0,0.0,,
1961,masten-gregory,Masten Gregory,GRE,8,8,0,0,0,0,0.0,10.0,
1961,maurice-trintignant,Maurice Trintignant,TRI,5,5,0,0,0,0,0.0,7.0,
1961,michael-may,Michael May,MAY,3,3,0,0,0,0,0.0,11.0,
1961,nino-vaccarella,Nino Vaccarella,VAC,1,1,0,0,0,0,0.0,,
1961,peter-ryan,Peter Ryan,RYA,1,1,0,0,0,0,0.0,9.0,
1961,renato-pirocchi,Renato Pirocchi,PIR,1,1,0,0,0,0,0.0,12.0,
1961,ricardo-rodriguez,Ricardo Rodríguez,ROD,1,1,0,0,0,0,0.0,,
1961,roberto-bussinello,Roberto Bussinello,BUS,1,1,0,0,0,0,0.0,,
1961,roberto-lippi,Roberto Lippi,LIP,1,1,0,0,0,0,0.0,,
1961,roger-penske,Roger Penske,PEN,1,1,0,0,0,0,0.0,8.0,
1961,tim-parnell,Tim Parnell,PAR,2,2,0,0,0,0,0.0,10.0,
1961,tony-maggs,Tony Maggs,MAG,2,2,0,0,0,0,0.0,11.0,
1961,tony-marsh,Tony Marsh,MAR,3,3,0,0,0,0,0.0,15.0,
1961,trevor-taylor,Trevor Taylor,TAY,1,1,0,0,0,0,0.0,13.0,
1961,walt-hansgen,Walt Hansgen,HAN,1,1,0,0,0,0,0.0,,
1961,willy-mairesse,Willy Mairesse,MAI,3,3,0,0,0,0,0.0,,
1961,wolfgang-seidel,Wolfgang Seidel,SEI,5,5,0,0,0,0,0.0,17.0,
1962,graham-hill,Graham Hill,HIL,9,9,4,6,1,3,52.0,1.0,1.0
1962,jim-clark,Jim Clark,CLA,9,9,3,3,6,5,30.0,1.0,2.0
1962,bruce-mclaren,Bruce McLaren,MCL,9,9,1,5,0,1,32.0,1.0,3.0
1962,john-surtees,John Surtees,SUR,9,9,0,2,1,0,19.0,2.0,4.0
1962,dan-gurney,Dan Gurney,GUR,8,8,1,2,1,0,15.0,1.0,5.0
1962,phil-hill,Phil Hill,HIL,7,7,0,3,0,0,14.0,2.0,6.0
1962,tony-maggs,Tony Maggs,MAG,9,9,0,2,0,0,13.0,2.0,7.0
1962,richie-ginther,Richie Ginther,GIN,9,9,0,2,0,0,10.0,2.0,8.0
1962,jack-brabham,Jack Brabham,BRA,8,8,0,0,0,0,9.0,4.0,9.0
1962,trevor-taylor,Trevor Taylor,TAY,9,9,0,1,0,0,6.0,2.0,10.0
1962,giancarlo-baghetti,Giancarlo Baghetti,BAG,4,4,0,0,0,0,5.0,4.0,11.0
1962,lorenzo-bandini,Lorenzo Bandini,BAN,3,3,0,1,0,0,4.0,3.0,12.0
1962,ricardo-rodriguez,Ricardo Rodríguez,ROD,5,5,0,0,0,0,4.0,4.0,13.0
1962,willy-mairesse,Willy Mairesse,MAI,3,3,0,0,0,0,3.0,4.0,14.0
1962,jo-bonnier,Jo Bonnier,BON,7,7,0,0,0,0,3.0,5.0,15.0
1962,innes-ireland,Innes Ireland,IRE,8,8,0,0,0,0,2.0,5.0,16.0
1962,carel-godin-de-beaufort,Carel Godin de Beaufort,DEB,9,9,0,0,0,0,2.0,6.0,17.0
1962,masten-gregory,Masten Gregory,GRE,7,7,0,0,0,0,1.0,6.0,18.0
1962,neville-lederle,Neville Lederle,LED,1,1,0,0,0,0,1.0,6.0,18.0
1962,ben-pon,Ben Pon,PON,1,1,0,0,0,0,0.0,,
1962,bernard-collomb,Bernard Collomb,COL,1,1,0,0,0,0,0.0,,
1962,bruce-johnstone,Bruce Johnstone,JOH,1,1,0,0,0,0,0.0,9.0,
1962,doug-serrurier,Doug Serrurier,SER,1,1,0,0,0,0,0.0,,
1962,ernesto-prinoth,Ernesto Prinoth,PRI,1,1,0,0,0,0,0.0,,
1962,ernie-pieterse,Ernie Pieterse,PIE,1,1,0,0,0,0,0.0,10.0,
1962,gerry-ashmore,Gerry Ashmore,ASH,1,1,0,0,0,0,0.0,,
1962,gunther-seiffert,Günther Seiffert,SEI,1,1,0,0,0,0,0.0,,
1962,hap-sharp,Hap Sharp,SHA,1,1,0,0,0,0,0.0,11.0,
1962,heini-walter,Heini Walter,WAL,1,1,0,0,0,0,0.0,14.0,
1962,heinz-schiller,Heinz Schiller,SCH,1,1,0,0,0,0,0.0,,
1962,ian-burgess,Ian Burgess,BUR,3,3,0,0,0,0,0.0,11.0,
1962,jackie-lewis,Jackie Lewis,LEW,5,5,0,0,0,0,0.0,8.0,
1962,jay-chamberlain,Jay Chamberlain,CHA,3,3,0,0,0,0,0.0,15.0,
1962,jim-hall,Jim Hall,HAL,1,1,0,0,0,0,0.0,,
1962,jo-siffert,Jo Siffert,SIF,5,5,0,0,0,0,0.0,10.0,
1962,john-campbell-jones,John Campbell-Jones,CAM,1,1,0,0,0,0,0.0,11.0,
1962,john-love,John Love,LOV,1,1,0,0,0,0,0.0,8.0,
1962,keith-greene,Keith Greene,GRE,2,2,0,0,0,0,0.0,,
1962,lucien-bianchi,Lucien Bianchi,BIA,2,2,0,0,0,0,0.0,9.0,
1962,maurice-trintignant,Maurice Trintignant,TRI,6,6,0,0,0,0,0.0,7.0,
1962,mike-harris,Mike Harris,HAR,1,1,0,0,0,0,0.0,,
1962,nasif-estefano,Nasif Estéfano,EST,1,1,0,0,0,0,0.0,,
1962,nino-vaccarella,Nino Vaccarella,VAC,3,3,0,0,0,0,0.0,9.0,
1962,rob-schroeder,Rob Schroeder,SCH,1,1,0,0,0,0,0.0,10.0,
1962,roberto-lippi,Roberto Lippi,LIP,1,1,0,0,0,0,0.0,,
1962,roger-penske,Roger Penske,PEN,1,1,0,0,0,0,0.0,9.0,
1962,roy-salvadori,Roy Salvadori,SAL,8,8,0,0,0,0,0.0,,
1962,timmy-mayer,Timmy Mayer,MAY,1,1,0,0,0,0,0.0,,
1962,tony-settember,Tony Settember,SET,2,2,0,0,0,0,0.0,11.0,
1962,tony-shelly,Tony Shelly,SHE,3,3,0,0,0,0,0.0,,
1962,wolfgang-seidel,Wolfgang Seidel,SEI,3,3,0,0,0,0,0.0,,
1963,jim-clark,Jim Clark,CLA,10,10,7,9,7,6,73.0,1.0,1.0
1963,graham-hill,Graham Hill,HIL,10,10,2,5,2,0,29.0,1.0,2.0
1963,richie-ginther,Richie Ginther,GIN,10,10,0,5,0,0,34.0,2.0,3.0
1963,john-surtees,John Surtees,SUR,10,10,1,3,1,3,22.0,1.0,4.0
1963,dan-gurney,Dan Gurney,GUR,10,10,0,3,0,1,19.0,2.0,5.0
1963,bruce-mclaren,Bruce McLaren,MCL,10,10,0,3,0,0,17.0,2.0,6.0
1963,jack-brabham,Jack Brabham,BRA,10,10,0,1,0,0,14.0,2.0,7.0
1963,tony-maggs,Tony Maggs,MAG,10,10,0,1,0,0,9.0,2.0,8.0
1963,innes-ireland,Innes Ireland,IRE,7,7,0,0,0,0,6.0,4.0,9.0
1963,lorenzo-bandini,Lorenzo Bandini,BAN,7,7,0,0,0,0,6.0,5.0,10.0
1963,jo-bonnier,Jo Bonnier,BON,10,10,0,0,0,0,6.0,5.0,11.0
1963,gerhard-mitter,Gerhard Mitter,MIT,2,2,0,0,0,0,3.0,4.0,12.0
1963,jim-hall,Jim Hall,HAL,9,9,0,0,0,0,3.0,5.0,13.0
1963,carel-godin-de-beaufort,Carel Godin de Beaufort,DEB,8,8,0,0,0,0,2.0,6.0,14.0
1963,jo-siffert,Jo Siffert,SIF,9,9,0,0,0,0,1.0,6.0,15.0
1963,ludovico-scarfiotti,Ludovico Scarfiotti,SCA,2,2,0,0,0,0,1.0,6.0,15.0
1963,trevor-taylor,Trevor Taylor,TAY,9,9,0,0,0,0,1.0,6.0,15.0
1963,andre-pilette,André Pilette,PIL,2,2,0,0,0,0,0.0,,
1963,bernard-collomb,Bernard Collomb,COL,2,2,0,0,0,0,0.0,10.0,
1963,bob-anderson,Bob Anderson,AND,2,2,0,0,0,0,0.0,12.0,
1963,brausch-niemann,Brausch Niemann,NIE,1,1,0,0,0,0,0.0,14.0,
1963,chris-amon,Chris Amon,AMO,8,8,0,0,0,0,0.0,7.0,
1963,david-prophet,David Prophet,PRO,1,1,0,0,0,0,0.0,,
1963,doug-serrurier,Doug Serrurier,SER,1,1,0,0,0,0,0.0,11.0,
1963,ernesto-brambilla,Ernesto Brambilla,BRA,1,1,0,0,0,0,0.0,,
1963,ernie-pieterse,Ernie Pieterse,PIE,1,1,0,0,0,0,0.0,,
1963,frank-dochnal,Frank Dochnal,DOC,1,1,0,0,0,0,0.0,,
1963,giancarlo-baghetti,Giancarlo Baghetti,BAG,5,5,0,0,0,0,0.0,15.0,
1963,hap-sharp,Hap Sharp,SHA,2,2,0,0,0,0,0.0,7.0,
1963,ian-burgess,Ian Burgess,BUR,2,2,0,0,0,0,0.0,,
1963,ian-raby,Ian Raby,RAB,3,3,0,0,0,0,0.0,,
1963,john-campbell-jones,John Campbell-Jones,CAM,1,1,0,0,0,0,0.0,13.0,
1963,john-love,John Love,LOV,1,1,0,0,0,0,0.0,9.0,
1963,kurt-kuhnke,Kurt Kuhnke,KUH,1,1,0,0,0,0,0.0,,
1963,lucien-bianchi,Lucien Bianchi,BIA,1,1,0,0,0,0,0.0,,
1963,masten-gregory,Masten Gregory,GRE,5,5,0,0,0,0,0.0,11.0,
1963,maurice-trintignant,Maurice Trintignant,TRI,3,3,0,0,0,0,0.0,8.0,
1963,mike-hailwood,Mike Hailwood,HAI,2,2,0,0,0,0,0.0,8.0,
1963,mike-spence,Mike Spence,SPE,1,1,0,0,0,0,0.0,13.0,
1963,moises-solana,Moisés Solana,SOL,1,1,0,0,0,0,0.0,11.0,
1963,mario-de-araujo-cabral,Mário de Araújo Cabral,DEA,2,2,0,0,0,0,0.0,,
1963,paddy-driver,Paddy Driver,DRI,1,1,0,0,0,0,0.0,,
1963,pedro-rodriguez,Pedro Rodríguez,ROD,2,2,0,0,0,0,0.0,,
1963,peter-arundell,Peter Arundell,ARU,1,1,0,0,0,0,0.0,,
1963,peter-broeker,Peter Broeker,BRO,1,1,0,0,0,0,0.0,7.0,
1963,peter-de-klerk,Peter de Klerk,DEK,1,1,0,0,0,0,0.0,,
1963,phil-hill,Phil Hill,HIL,6,6,0,0,0,0,0.0,11.0,
1963,roberto-lippi,Roberto Lippi,LIP,1,1,0,0,0,0,0.0,,
1963,rodger-ward,Rodger Ward,WAR,1,1,0,0,0,0,0.0,,
1963,sam-tingle,Sam Tingle,TIN,1,1,0,0,0,0,0.0,,
1963,tim-parnell,Tim Parnell,PAR,1,1,0,0,0,0,0.0,,
1963,tony-settember,Tony Settember,SET,5,5,0,0,0,0,0.0,8.0,
1963,trevor-blokdyk,Trevor Blokdyk,BLO,1,1,0,0,0,0,0.0,12.0,
1963,willy-mairesse,Willy Mairesse,MAI,3,3,0,0,0,0,0.0,,
1964,john-surtees,John Surtees,SUR,10,10,2,6,2,2,40.0,1.0,1.0
1964,graham-hill,Graham Hill,HIL,10,10,2,5,1,1,41.0,1.0,2.0
1964,jim-clark,Jim Clark,CLA,11,11,3,3,5,4,32.0,1.0,3.0
1964,lorenzo-bandini,Lorenzo Bandini,BAN,10,10,1,4,0,0,23.0,1.0,4.0
1964,richie-ginther,Richie Ginther,GIN,10,10,0,2,0,0,23.0,2.0,5.0
1964,dan-gurney,Dan Gurney,GUR,10,10,2,2,2,2,19.0,1.0,6.0
1964,bruce-mclaren,Bruce McLaren,MCL,10,10,0,2,0,0,13.0,2.0,7.0
1964,jack-brabham,Jack Brabham,BRA,10,10,0,2,0,1,11.0,3.0,8.0
1964,peter-arundell,Peter Arundell,ARU,4,4,0,2,0,0,11.0,3.0,8.0
1964,jo-siffert,Jo Siffert,SIF,10,10,0,1,0,0,7.0,3.0,10.0
1964,bob-anderson,Bob Anderson,AND,8,8,0,1,0,0,5.0,3.0,11.0
1964,mike-spence,Mike Spence,SPE,7,7,0,0,0,0,4.0,4.0,12.0
1964,tony-maggs,Tony Maggs,MAG,5,5,0,0,0,0,4.0,4.0,12.0
1964,innes-ireland,Innes Ireland,IRE,8,8,0,0,0,0,4.0,5.0,14.0
1964,jo-bonnier,Jo Bonnier,BON,9,9,0,0,0,0,3.0,5.0,15.0
1964,chris-amon,Chris Amon,AMO,9,9,0,0,0,0,2.0,5.0,16.0
1964,maurice-trintignant,Maurice Trintignant,TRI,5,5,0,0,0,0,2.0,5.0,16.0
1964,walt-hansgen,Walt Hansgen,HAN,1,1,0,0,0,0,2.0,5.0,16.0
1964,mike-hailwood,Mike Hailwood,HAI,9,9,0,0,0,0,1.0,6.0,19.0
1964,pedro-rodriguez,Pedro Rodríguez,ROD,1,1,0,0,0,0,1.0,6.0,19.0
1964,phil-hill,Phil Hill,HIL,9,9,0,0,0,0,1.0,6.0,19.0
1964,trevor-taylor,Trevor Taylor,TAY,8,8,0,0,0,0,1.0,6.0,19.0
1964,andre-pilette,André Pilette,PIL,2,2,0,0,0,0,0.0,,
1964,bernard-collomb,Bernard Collomb,COL,1,1,0,0,0,0,0.0,,
1964,carel-godin-de-beaufort,Carel Godin de Beaufort,DEB,2,2,0,0,0,0,0.0,,
1964,edgar-barth,Edgar Barth,BAR,1,1,0,0,0,0,0.0,,
1964,frank-gardner,Frank Gardner,GAR,1,1,0,0,0,0,0.0,,
1964,gerhard-mitter,Gerhard Mitter,MIT,1,1,0,0,0,0,0.0,9.0,
1964,giacomo-russo,Giacomo Russo,RUS,1,1,0,0,0,0,0.0,,
1964,giancarlo-baghetti,Giancarlo Baghetti,BAG,6,6,0,0,0,0,0.0,7.0,
1964,hap-sharp,Hap Sharp,SHA,2,2,0,0,0,0,0.0,13.0,
1964,ian-raby,Ian Raby,RAB,2,2,0,0,0,0,0.0,,
1964,jean-claude-rudaz,Jean-Claude Rudaz,RUD,1,1,0,0,0,0,0.0,,
1964,jochen-rindt,Jochen Rindt,RIN,1,1,0,0,0,0,0.0,,
1964,john-love,John Love,LOV,1,1,0,0,0,0,0.0,,
1964,john-taylor,John Taylor,TAY,1,1,0,0,0,0,0.0,14.0,
1964,ludovico-scarfiotti,Ludovico Scarfiotti,SCA,1,1,0,0,0,0,0.0,9.0,
1964,moises-solana,Moisés Solana,SOL,1,1,0,0,0,0,0.0,10.0,
1964,mario-de-araujo-cabral,Mário de Araújo Cabral,DEA,1,1,0,0,0,0,0.0,,
1964,peter-revson,Peter Revson,REV,6,6,0,0,0,0,0.0,13.0,
1964,richard-attwood,Richard Attwood,ATT,1,1,0,0,0,0,0.0,,
1964,ronnie-bucknum,Ronnie Bucknum,BUC,3,3,0,0,0,0,0.0,13.0,
1965,jim-clark,Jim Clark,CLA,9,9,6,6,6,6,54.0,1.0,1.0
1965,graham-hill,Graham Hill,HIL,10,10,2,6,4,3,47.0,1.0,2.0
1965,jackie-stewart,Jackie Stewart,STE,10,10,1,5,0,0,34.0,1.0,3.0
1965,dan-gurney,Dan Gurney,GUR,9,9,0,5,0,1,25.0,2.0,4.0
1965,john-surtees,John Surtees,SUR,8,8,0,3,0,0,17.0,2.0,5.0
1965,lorenzo-bandini,Lorenzo Bandini,BAN,10,10,0,1,0,0,13.0,2.0,6.0
1965,richie-ginther,Richie Ginther,GIN,8,8,1,1,0,0,11.0,1.0,7.0
1965,mike-spence,Mike Spence,SPE,9,9,0,1,0,0,10.0,3.0,8.0
1965,bruce-mclaren,Bruce McLaren,MCL,10,10,0,1,0,0,10.0,3.0,9.0
1965,jack-brabham,Jack Brabham,BRA,7,7,0,1,0,0,9.0,3.0,10.0
1965,denny-hulme,Denny Hulme,HUL,6,6,0,0,0,0,5.0,4.0,11.0
1965,jo-siffert,Jo Siffert,SIF,10,10,0,0,0,0,5.0,4.0,12.0
1965,jochen-rindt,Jochen Rindt,RIN,10,10,0,0,0,0,4.0,4.0,13.0
1965,pedro-rodriguez,Pedro Rodríguez,ROD,2,2,0,0,0,0,2.0,5.0,14.0
1965,ronnie-bucknum,Ronnie Bucknum,BUC,6,6,0,0,0,0,2.0,5.0,14.0
1965,richard-attwood,Richard Attwood,ATT,8,8,0,0,0,0,2.0,6.0,16.0
1965,alan-rollinson,Alan Rollinson,ROL,1,1,0,0,0,0,0.0,,
1965,bob-anderson,Bob Anderson,AND,7,7,0,0,0,0,0.0,9.0,
1965,bob-bondurant,Bob Bondurant,BON,2,2,0,0,0,0,0.0,9.0,
1965,brausch-niemann,Brausch Niemann,NIE,1,1,0,0,0,0,0.0,,
1965,brian-gubby,Brian Gubby,GUB,1,1,0,0,0,0,0.0,,
1965,chris-amon,Chris Amon,AMO,3,3,0,0,0,0,0.0,,
1965,clive-puzey,Clive Puzey,PUZ,1,1,0,0,0,0,0.0,,
1965,dave-charlton,Dave Charlton,CHA,1,1,0,0,0,0,0.0,,
1965,david-prophet,David Prophet,PRO,1,1,0,0,0,0,0.0,14.0,
1965,doug-serrurier,Doug Serrurier,SER,1,1,0,0,0,0,0.0,,
1965,ernie-pieterse,Ernie Pieterse,PIE,1,1,0,0,0,0,0.0,,
1965,frank-gardner,Frank Gardner,GAR,7,7,0,0,0,0,0.0,8.0,
1965,gerhard-mitter,Gerhard Mitter,MIT,1,1,0,0,0,0,0.0,,
1965,giacomo-russo,Giacomo Russo,RUS,1,1,0,0,0,0,0.0,,
1965,giancarlo-baghetti,Giancarlo Baghetti,BAG,1,1,0,0,0,0,0.0,,
1965,giorgio-bassi,Giorgio Bassi,BAS,1,1,0,0,0,0,0.0,,
1965,ian-raby,Ian Raby,RAB,2,2,0,0,0,0,0.0,11.0,
1965,innes-ireland,Innes Ireland,IRE,7,7,0,0,0,0,0.0,9.0,
1965,jackie-pretorius,Jackie Pretorius,PRE,1,1,0,0,0,0,0.0,,
1965,jo-bonnier,Jo Bonnier,BON,10,10,0,0,0,0,0.0,7.0,
1965,john-love,John Love,LOV,1,1,0,0,0,0,0.0,,
1965,john-rhodes,John Rhodes,RHO,1,1,0,0,0,0,0.0,,
1965,lucien-bianchi,Lucien Bianchi,BIA,1,1,0,0,0,0,0.0,12.0,
1965,ludovico-scarfiotti,Ludovico Scarfiotti,SCA,1,1,0,0,0,0,0.0,,
1965,masten-gregory,Masten Gregory,GRE,4,4,0,0,0,0,0.0,8.0,
1965,mike-hailwood,Mike Hailwood,HAI,1,1,0,0,0,0,0.0,,
1965,moises-solana,Moisés Solana,SOL,2,2,0,0,0,0,0.0,12.0,
1965,neville-lederle,Neville Lederle,LED,1,1,0,0,0,0,0.0,,
1965,nino-vaccarella,Nino Vaccarella,VAC,1,1,0,0,0,0,0.0,12.0,
1965,paul-hawkins,Paul Hawkins,HAW,3,3,0,0,0,0,0.0,9.0,
1965,peter-de-klerk,Peter de Klerk,DEK,1,1,0,0,0,0,0.0,10.0,
1965,roberto-bussinello,Roberto Bussinello,BUS,2,2,0,0,0,0,0.0,13.0,
1965,sam-tingle,Sam Tingle,TIN,1,1,0,0,0,0,0.0,13.0,
1965,tony-maggs,Tony Maggs,MAG,1,1,0,0,0,0,0.0,11.0,
1965,trevor-blokdyk,Trevor Blokdyk,BLO,1,1,0,0,0,0,0.0,,
1965,willy-mairesse,Willy Mairesse,MAI,1,1,0,0,0,0,0.0,,
1966,jack-brabham,Jack Brabham,BRA,9,9,4,5,3,1,45.0,1.0,1.0
1966,john-surtees,John Surtees,SUR,9,9,2,4,2,3,28.0,1.0,2.0
1966,jochen-rindt,Jochen Rindt,RIN,9,9,0,3,0,0,24.0,2.0,3.0
1966,denny-hulme,Denny Hulme,HUL,9,9,0,4,0,1,18.0,2.0,4.0
1966,graham-hill,Graham Hill,HIL,9,9,0,3,0,0,17.0,2.0,5.0
1966,jim-clark,Jim Clark,CLA,9,9,1,2,2,0,16.0,1.0,6.0
1966,jackie-stewart,Jackie Stewart,STE,8,8,1,1,0,0,14.0,1.0,7.0
1966,mike-parkes,Mike Parkes,PAR,4,4,0,2,1,0,12.0,2.0,8.0
1966,lorenzo-bandini,Lorenzo Bandini,BAN,7,7,0,2,1,2,12.0,2.0,9.0
1966,ludovico-scarfiotti,Ludovico Scarfiotti,SCA,2,2,1,1,0,1,9.0,1.0,10.0
1966,richie-ginther,Richie Ginther,GIN,5,5,0,0,0,1,5.0,4.0,11.0
1966,dan-gurney,Dan Gurney,GUR,8,8,0,0,0,0,4.0,5.0,12.0
1966,mike-spence,Mike Spence,SPE,9,9,0,0,0,0,4.0,5.0,12.0
1966,bob-bondurant,Bob Bondurant,BON,7,7,0,0,0,0,3.0,4.0,14.0
1966,jo-siffert,Jo Siffert,SIF,8,8,0,0,0,0,3.0,4.0,14.0
1966,bruce-mclaren,Bruce McLaren,MCL,6,6,0,0,0,0,3.0,5.0,16.0
1966,bob-anderson,Bob Anderson,AND,6,6,0,0,0,0,1.0,6.0,17.0
1966,jo-bonnier,Jo Bonnier,BON,9,9,0,0,0,0,1.0,6.0,17.0
1966,john-taylor,John Taylor,TAY,4,4,0,0,0,0,1.0,6.0,17.0
1966,peter-arundell,Peter Arundell,ARU,8,8,0,0,0,0,1.0,6.0,17.0
1966,alan-rees,Alan Rees,REE,1,1,0,0,0,0,0.0,,
1966,chris-amon,Chris Amon,AMO,2,2,0,0,0,0,0.0,8.0,
1966,chris-irwin,Chris Irwin,IRW,1,1,0,0,0,0,0.0,7.0,
1966,chris-lawrence,Chris Lawrence,LAW,2,2,0,0,0,0,0.0,11.0,
1966,gerhard-mitter,Gerhard Mitter,MIT,1,1,0,0,0,0,0.0,,
1966,giacomo-russo,Giacomo Russo,RUS,1,1,0,0,0,0,0.0,9.0,
1966,giancarlo-baghetti,Giancarlo Baghetti,BAG,1,1,0,0,0,0,0.0,,
1966,guy-ligier,Guy Ligier,LIG,6,6,0,0,0,0,0.0,9.0,
1966,hans-herrmann,Hans Herrmann,HER,1,1,0,0,0,0,0.0,11.0,
1966,hubert-hahne,Hubert Hahne,HAH,1,1,0,0,0,0,0.0,9.0,
1966,innes-ireland,Innes Ireland,IRE,2,2,0,0,0,0,0.0,,
1966,jacky-ickx,Jacky Ickx,ICK,1,1,0,0,0,0,0.0,,
1966,jean-pierre-beltoise,Jean-Pierre Beltoise,BEL,1,1,0,0,0,0,0.0,8.0,
1966,jo-schlesser,Jo Schlesser,SCH,1,1,0,0,0,0,0.0,10.0,
1966,kurt-ahrens-jr,"Kurt Ahrens, Jr.",AHR,1,1,0,0,0,0,0.0,,
1966,moises-solana,Moisés Solana,SOL,1,1,0,0,0,0,0.0,,
1966,pedro-rodriguez,Pedro Rodríguez,ROD,4,4,0,0,0,0,0.0,,
1966,phil-hill,Phil Hill,HIL,3,3,0,0,0,0,0.0,,
1966,piers-courage,Piers Courage,COU,1,1,0,0,0,0,0.0,,
1966,ronnie-bucknum,Ronnie Bucknum,BUC,2,2,0,0,0,0,0.0,8.0,
1966,silvio-moser,Silvio Moser,MOS,1,1,0,0,0,0,0.0,,
1966,trevor-taylor,Trevor Taylor,TAY,1,1,0,0,0,0,0.0,,
1966,vic-wilson,Vic Wilson,WIL,1,1,0,0,0,0,0.0,,
1967,denny-hulme,Denny Hulme,HUL,11,11,2,8,0,2,51.0,1.0,1.0
1967,jack-brabham,Jack Brabham,BRA,11,11,2,6,2,0,48.0,1.0,2.0
1967,jim-clark,Jim Clark,CLA,11,11,4,5,6,5,41.0,1.0,3.0
1967,john-surtees,John Surtees,SUR,9,9,1,2,0,0,20.0,1.0,4.0
1967,chris-amon,Chris Amon,AMO,10,10,0,4,0,0,20.0,3.0,5.0
1967,pedro-rodriguez,Pedro Rodríguez,ROD,8,8,1,1,0,0,15.0,1.0,6.0
1967,graham-hill,Graham Hill,HIL,11,11,0,2,3,2,15.0,2.0,7.0
1967,dan-gurney,Dan Gurney,GUR,11,11,1,2,0,2,13.0,1.0,8.0
1967,jackie-stewart,Jackie Stewart,STE,11,11,0,2,0,0,10.0,2.0,9.0
1967,mike-spence,Mike Spence,SPE,11,11,0,0,0,0,9.0,5.0,10.0
1967,john-love,John Love,LOV,1,1,0,1,0,0,6.0,2.0,11.0
1967,jo-siffert,Jo Siffert,SIF,11,11,0,0,0,0,6.0,4.0,12.0
1967,jochen-rindt,Jochen Rindt,RIN,10,10,0,0,0,0,6.0,4.0,12.0
1967,bruce-mclaren,Bruce McLaren,MCL,9,9,0,0,0,0,3.0,4.0,14.0
1967,jo-bonnier,Jo Bonnier,BON,8,8,0,0,0,0,3.0,6.0,15.0
1967,bob-anderson,Bob Anderson,AND,6,6,0,0,0,0,2.0,5.0,16.0
1967,chris-irwin,Chris Irwin,IRW,9,9,0,0,0,0,2.0,5.0,16.0
1967,mike-parkes,Mike Parkes,PAR,2,2,0,0,0,0,2.0,5.0,16.0
1967,guy-ligier,Guy Ligier,LIG,7,7,0,0,0,0,1.0,8.0,19.0
1967,jacky-ickx,Jacky Ickx,ICK,3,3,0,0,0,0,1.0,6.0,19.0
1967,ludovico-scarfiotti,Ludovico Scarfiotti,SCA,3,3,0,0,0,0,1.0,6.0,19.0
1967,al-pease,Al Pease,PEA,1,1,0,0,0,0,0.0,,
1967,alan-rees,Alan Rees,REE,2,2,0,0,0,0,0.0,7.0,
1967,brian-hart,Brian Hart,HAR,1,1,0,0,0,0,0.0,,
1967,brian-redman,Brian Redman,RED,1,1,0,0,0,0,0.0,,
1967,dave-charlton,Dave Charlton,CHA,1,1,0,0,0,0,0.0,,
1967,david-hobbs,David Hobbs,HOB,3,3,0,0,0,0,0.0,8.0,
1967,eppie-wietzes,Eppie Wietzes,WIE,1,1,0,0,0,0,0.0,,
1967,gerhard-mitter,Gerhard Mitter,MIT,1,1,0,0,0,0,0.0,,
1967,giancarlo-baghetti,Giancarlo Baghetti,BAG,1,1,0,0,0,0,0.0,,
1967,hubert-hahne,Hubert Hahne,HAH,1,1,0,0,0,0,0.0,,
1967,jackie-oliver,Jackie Oliver,OLI,1,1,0,0,0,0,0.0,5.0,
1967,jean-pierre-beltoise,Jean-Pierre Beltoise,BEL,3,3,0,0,0,0,0.0,7.0,
1967,jo-schlesser,Jo Schlesser,SCH,1,1,0,0,0,0,0.0,,
1967,johnny-servoz-gavin,Johnny Servoz-Gavin,SER,1,1,0,0,0,0,0.0,,
1967,jonathan-williams,Jonathan Williams,WIL,1,1,0,0,0,0,0.0,8.0,
1967,kurt-ahrens-jr,"Kurt Ahrens, Jr.",AHR,1,1,0,0,0,0,0.0,,
1967,lorenzo-bandini,Lorenzo Bandini,BAN,1,1,0,0,0,0,0.0,,
1967,luki-botha,Luki Botha,BOT,1,1,0,0,0,0,0.0,,
1967,mike-fisher,Mike Fisher,FIS,2,2,0,0,0,0,0.0,11.0,
1967,moises-solana,Moisés Solana,SOL,2,2,0,0,0,0,0.0,,
1967,piers-courage,Piers Courage,COU,3,3,0,0,0,0,0.0,,
1967,richard-attwood,Richard Attwood,ATT,1,1,0,0,0,0,0.0,10.0,
1967,richie-ginther,Richie Ginther,GIN,1,1,0,0,0,0,0.0,,
1967,sam-tingle,Sam Tingle,TIN,1,1,0,0,0,0,0.0,,
1967,silvio-moser,Silvio Moser,MOS,1,1,0,0,0,0,0.0,,
1967,tom-jones,Tom Jones,JON,1,1,0,0,0,0,0.0,,
1968,graham-hill,Graham Hill,HIL,12,12,3,6,2,0,48.0,1.0,1.0
1968,jackie-stewart,Jackie Stewart,STE,10,10,3,4,0,2,36.0,1.0,2.0
1968,denny-hulme,Denny Hulme,HUL,12,12,2,3,0,0,33.0,1.0,3.0
1968,jacky-ickx,Jacky Ickx,ICK,10,10,1,4,1,0,27.0,1.0,4.0
1968,bruce-mclaren,Bruce McLaren,MCL,11,11,1,3,0,0,22.0,1.0,5.0
1968,pedro-rodriguez,Pedro Rodríguez,ROD,12,12,0,3,0,1,18.0,2.0,6.0
1968,jo-siffert,Jo Siffert,SIF,12,12,1,1,1,3,12.0,1.0,7.0
1968,john-surtees,John Surtees,SUR,12,12,0,2,1,1,12.0,2.0,8.0
1968,jean-pierre-beltoise,Jean-Pierre Beltoise,BEL,12,12,0,1,0,2,11.0,2.0,9.0
1968,chris-amon,Chris Amon,AMO,11,11,0,1,3,0,10.0,2.0,10.0
1968,jim-clark,Jim Clark,CLA,1,1,1,1,1,1,9.0,1.0,11.0
1968,jochen-rindt,Jochen Rindt,RIN,12,12,0,2,2,0,8.0,3.0,12.0
1968,johnny-servoz-gavin,Johnny Servoz-Gavin,SER,5,5,0,1,0,0,6.0,2.0,13.0
1968,richard-attwood,Richard Attwood,ATT,6,6,0,1,0,1,6.0,2.0,13.0
1968,jackie-oliver,Jackie Oliver,OLI,10,10,0,1,0,1,6.0,3.0,15.0
1968,ludovico-scarfiotti,Ludovico Scarfiotti,SCA,3,3,0,0,0,0,6.0,4.0,16.0
1968,lucien-bianchi,Lucien Bianchi,BIA,7,7,0,1,0,0,5.0,3.0,17.0
1968,vic-elford,Vic Elford,ELF,7,7,0,0,0,0,5.0,4.0,18.0
1968,brian-redman,Brian Redman,RED,3,3,0,1,0,0,4.0,3.0,19.0
1968,piers-courage,Piers Courage,COU,11,11,0,0,0,0,4.0,4.0,20.0
1968,dan-gurney,Dan Gurney,GUR,9,9,0,0,0,0,3.0,4.0,21.0
1968,jo-bonnier,Jo Bonnier,BON,9,9,0,0,0,0,3.0,5.0,22.0
1968,jack-brabham,Jack Brabham,BRA,12,12,0,0,0,0,2.0,5.0,23.0
1968,silvio-moser,Silvio Moser,MOS,5,5,0,0,0,0,2.0,5.0,23.0
1968,al-pease,Al Pease,PEA,1,1,0,0,0,0,0.0,,
1968,andrea-de-adamich,Andrea de Adamich,DEA,1,1,0,0,0,0,0.0,,
1968,basil-van-rooyen,Basil van Rooyen,VAN,1,1,0,0,0,0,0.0,,
1968,bill-brack,Bill Brack,BRA,1,1,0,0,0,0,0.0,,
1968,bobby-unser,Bobby Unser,UNS,2,2,0,0,0,0,0.0,,
1968,dave-charlton,Dave Charlton,CHA,1,1,0,0,0,0,0.0,,
1968,david-hobbs,David Hobbs,HOB,1,1,0,0,0,0,0.0,,
1968,derek-bell,Derek Bell,BEL,2,2,0,0,0,0,0.0,,
1968,frank-gardner,Frank Gardner,GAR,1,1,0,0,0,0,0.0,,
1968,henri-pescarolo,Henri Pescarolo,PES,3,3,0,0,0,0,0.0,9.0,
1968,hubert-hahne,Hubert Hahne,HAH,1,1,0,0,0,0,0.0,10.0,
1968,jackie-pretorius,Jackie Pretorius,PRE,1,1,0,0,0,0,0.0,,
1968,jo-schlesser,Jo Schlesser,SCH,1,1,0,0,0,0,0.0,,
1968,john-love,John Love,LOV,1,1,0,0,0,0,0.0,9.0,
1968,kurt-ahrens-jr,"Kurt Ahrens, Jr.",AHR,1,1,0,0,0,0,0.0,12.0,
1968,mario-andretti,Mario Andretti,AND,2,2,0,0,1,0,0.0,,
1968,mike-spence,Mike Spence,SPE,1,1,0,0,0,0,0.0,,
1968,moises-solana,Moisés Solana,SOL,1,1,0,0,0,0,0.0,,
1968,robin-widdows,Robin Widdows,WID,1,1,0,0,0,0,0.0,,
1968,sam-tingle,Sam Tingle,TIN,1,1,0,0,0,0,0.0,,
1969,jackie-stewart,Jackie Stewart,STE,11,11,6,7,2,5,63.0,1.0,1.0
1969,jacky-ickx,Jacky Ickx,ICK,11,11,2,5,2,3,37.0,1.0,2.0
1969,bruce-mclaren,Bruce McLaren,MCL,11,11,0,3,0,0,26.0,2.0,3.0
1969,jochen-rindt,Jochen Rindt,RIN,10,10,1,3,5,2,22.0,1.0,4.0
1969,jean-pierre-beltoise,Jean-Pierre Beltoise,BEL,11,11,0,3,0,1,21.0,2.0,5.0
1969,denny-hulme,Denny Hulme,HUL,11,11,1,2,0,0,20.0,1.0,6.0
1969,graham-hill,Graham Hill,HIL,10,10,1,2,0,0,19.0,1.0,7.0
1969,piers-courage,Piers Courage,COU,10,10,0,2,0,0,16.0,2.0,8.0
1969,jo-siffert,Jo Siffert,SIF,11,11,0,2,0,0,15.0,2.0,9.0
1969,jack-brabham,Jack Brabham,BRA,8,8,0,2,2,1,14.0,2.0,10.0
1969,john-surtees,John Surtees,SUR,10,10,0,1,0,0,6.0,3.0,11.0
1969,chris-amon,Chris Amon,AMO,6,6,0,1,0,0,4.0,3.0,12.0
1969,richard-attwood,Richard Attwood,ATT,2,2,0,0,0,0,3.0,4.0,13.0
1969,pedro-rodriguez,Pedro Rodríguez,ROD,8,8,0,0,0,0,3.0,5.0,14.0
1969,vic-elford,Vic Elford,ELF,5,5,0,0,0,0,3.0,5.0,14.0
1969,jackie-oliver,Jackie Oliver,OLI,10,10,0,0,0,0,1.0,6.0,16.0
1969,johnny-servoz-gavin,Johnny Servoz-Gavin,SER,4,4,0,0,0,0,1.0,6.0,16.0
1969,silvio-moser,Silvio Moser,MOS,7,7,0,0,0,0,1.0,6.0,16.0
1969,al-pease,Al Pease,PEA,1,1,0,0,0,0,0.0,,
1969,basil-van-rooyen,Basil van Rooyen,VAN,1,1,0,0,0,0,0.0,,
1969,bill-brack,Bill Brack,BRA,1,1,0,0,0,0,0.0,,
1969,derek-bell,Derek Bell,BEL,1,1,0,0,0,0,0.0,,
1969,dieter-quester,Dieter Quester,QUE,1,1,0,0,0,0,0.0,,
1969,ernesto-brambilla,Ernesto Brambilla,BRA,1,1,0,0,0,0,0.0,,
1969,francois-cevert,François Cevert,CEV,1,1,0,0,0,0,0.0,,
1969,george-eaton,George Eaton,EAT,2,2,0,0,0,0,0.0,,
1969,gerhard-mitter,Gerhard Mitter,MIT,1,1,0,0,0,0,0.0,,
1969,hans-herrmann,Hans Herrmann,HER,1,1,0,0,0,0,0.0,,
1969,henri-pescarolo,Henri Pescarolo,PES,1,1,0,0,0,0,0.0,5.0,
1969,hubert-hahne,Hubert Hahne,HAH,1,1,0,0,0,0,0.0,,
1969,jo-bonnier,Jo Bonnier,BON,2,2,0,0,0,0,0.0,,
1969,john-cordts,John Cordts,COR,1,1,0,0,0,0,0.0,,
1969,john-love,John Love,LOV,1,1,0,0,0,0,0.0,,
1969,john-miles,John Miles,MIL,5,5,0,0,0,0,0.0,10.0,
1969,kurt-ahrens-jr,"Kurt Ahrens, Jr.",AHR,1,1,0,0,0,0,0.0,7.0,
1969,mario-andretti,Mario Andretti,AND,3,3,0,0,0,0,0.0,,
1969,pete-lovely,Pete Lovely,LOV,3,3,0,0,0,0,0.0,7.0,
1969,peter-westbury,Peter Westbury,WES,1,1,0,0,0,0,0.0,9.0,
1969,peter-de-klerk,Peter de Klerk,DEK,1,1,0,0,0,0,0.0,,
1969,rolf-stommelen,Rolf Stommelen,STO,1,1,0,0,0,0,0.0,8.0,
1969,sam-tingle,Sam Tingle,TIN,1,1,0,0,0,0,0.0,8.0,
1969,xavier-perrot,Xavier Perrot,PER,1,1,0,0,0,0,0.0,10.0,
1970,jochen-rindt,Jochen Rindt,RIN,10,10,5,5,3,1,45.0,1.0,1.0
1970,jacky-ickx,Jacky Ickx,ICK,13,13,3,5,4,5,40.0,1.0,2.0
1970,clay-regazzoni,Clay Regazzoni,REG,8,8,1,4,1,3,33.0,1.0,3.0
1970,denny-hulme,Denny Hulme,HUL,11,11,0,4,0,0,27.0,2.0,4.0
1970,jack-brabham,Jack Brabham,BRA,13,13,1,4,1,4,25.0,1.0,5.0
1970,jackie-stewart,Jackie Stewart,STE,13,13,1,4,4,0,25.0,1.0,5.0
1970,pedro-rodriguez,Pedro Rodríguez,ROD,13,13,1,2,0,0,23.0,1.0,7.0
1970,chris-amon,Chris Amon,AMO,13,13,0,3,0,1,23.0,2.0,8.0
1970,jean-pierre-beltoise,Jean-Pierre Beltoise,BEL,13,13,0,2,0,0,16.0,3.0,9.0
1970,emerson-fittipaldi,Emerson Fittipaldi,FIT,6,6,1,1,0,0,12.0,1.0,10.0
1970,rolf-stommelen,Rolf Stommelen,STO,13,13,0,1,0,0,10.0,3.0,11.0
1970,henri-pescarolo,Henri Pescarolo,PES,13,13,0,1,0,0,8.0,3.0,12.0
1970,graham-hill,Graham Hill,HIL,12,12,0,0,0,0,7.0,4.0,13.0
1970,bruce-mclaren,Bruce McLaren,MCL,3,3,0,1,0,0,6.0,2.0,14.0
1970,mario-andretti,Mario Andretti,AND,5,5,0,1,0,0,4.0,3.0,15.0
1970,reine-wisell,Reine Wisell,WIS,2,2,0,1,0,0,4.0,3.0,15.0
1970,ignazio-giunti,Ignazio Giunti,GIU,4,4,0,0,0,0,3.0,4.0,17.0
1970,john-surtees,John Surtees,SUR,11,11,0,0,0,1,3.0,5.0,18.0
1970,jackie-oliver,Jackie Oliver,OLI,13,13,0,0,0,0,2.0,5.0,19.0
1970,john-miles,John Miles,MIL,10,10,0,0,0,0,2.0,5.0,19.0
1970,johnny-servoz-gavin,Johnny Servoz-Gavin,SER,3,3,0,0,0,0,2.0,5.0,19.0
1970,dan-gurney,Dan Gurney,GUR,3,3,0,0,0,0,1.0,6.0,22.0
1970,derek-bell,Derek Bell,BEL,2,2,0,0,0,0,1.0,6.0,22.0
1970,francois-cevert,François Cevert,CEV,9,9,0,0,0,0,1.0,6.0,22.0
1970,peter-gethin,Peter Gethin,GET,7,7,0,0,0,0,1.0,6.0,22.0
1970,alex-soler-roig,Alex Soler-Roig,SOL,3,3,0,0,0,0,0.0,,
1970,andrea-de-adamich,Andrea de Adamich,DEA,10,10,0,0,0,0,0.0,8.0,
1970,brian-redman,Brian Redman,RED,2,2,0,0,0,0,0.0,,
1970,dave-charlton,Dave Charlton,CHA,1,1,0,0,0,0,0.0,12.0,
1970,george-eaton,George Eaton,EAT,10,10,0,0,0,0,0.0,10.0,
1970,gus-hutchison,Gus Hutchison,HUT,1,1,0,0,0,0,0.0,,
1970,hubert-hahne,Hubert Hahne,HAH,1,1,0,0,0,0,0.0,,
1970,jo-bonnier,Jo Bonnier,BON,2,2,0,0,0,0,0.0,,
1970,jo-siffert,Jo Siffert,SIF,13,13,0,0,0,0,0.0,7.0,
1970,john-love,John Love,LOV,1,1,0,0,0,0,0.0,8.0,
1970,nanni-galli,Nanni Galli,GAL,1,1,0,0,0,0,0.0,,
1970,pete-lovely,Pete Lovely,LOV,4,4,0,0,0,0,0.0,,
1970,peter-westbury,Peter Westbury,WES,1,1,0,0,0,0,0.0,,
1970,peter-de-klerk,Peter de Klerk,DEK,1,1,0,0,0,0,0.0,11.0,
1970,piers-courage,Piers Courage,COU,5,5,0,0,0,0,0.0,,
1970,ronnie-peterson,Ronnie Peterson,PET,9,9,0,0,0,0,0.0,7.0,
1970,silvio-moser,Silvio Moser,MOS,5,5,0,0,0,0,0.0,,
1970,tim-schenken,Tim Schenken,SCH,4,4,0,0,0,0,0.0,,
1971,jackie-stewart,Jackie Stewart,STE,11,11,6,7,6,3,62.0,1.0,1.0
1971,ronnie-peterson,Ronnie Peterson,PET,11,11,0,5,0,0,33.0,2.0,2.0
1971,francois-cevert,François Cevert,CEV,11,11,1,4,0,1,26.0,1.0,3.0
1971,jacky-ickx,Jacky Ickx,ICK,11,11,1,3,2,3,19.0,1.0,4.0
1971,jo-siffert,Jo Siffert,SIF,11,11,1,2,1,1,19.0,1.0,5.0
1971,emerson-fittipaldi,Emerson Fittipaldi,FIT,10,10,0,3,0,0,16.0,2.0,6.0
1971,clay-regazzoni,Clay Regazzoni,REG,11,11,0,3,1,0,13.0,3.0,7.0
1971,mario-andretti,Mario Andretti,AND,7,7,1,1,0,1,12.0,1.0,8.0
1971,peter-gethin,Peter Gethin,GET,11,11,1,1,0,0,9.0,1.0,9.0
1971,pedro-rodriguez,Pedro Rodríguez,ROD,5,5,0,1,0,0,9.0,2.0,10.0
1971,chris-amon,Chris Amon,AMO,10,10,0,1,1,0,9.0,3.0,11.0
1971,denny-hulme,Denny Hulme,HUL,10,10,0,0,0,1,9.0,4.0,12.0
1971,reine-wisell,Reine Wisell,WIS,10,10,0,0,0,0,9.0,4.0,12.0
1971,tim-schenken,Tim Schenken,SCH,10,10,0,1,0,0,5.0,3.0,14.0
1971,howden-ganley,Howden Ganley,GAN,11,11,0,0,0,0,5.0,4.0,15.0
1971,mark-donohue,Mark Donohue,DON,2,2,0,1,0,0,4.0,3.0,16.0
1971,henri-pescarolo,Henri Pescarolo,PES,11,11,0,0,0,1,4.0,4.0,17.0
1971,mike-hailwood,Mike Hailwood,HAI,2,2,0,0,0,0,3.0,4.0,18.0
1971,john-surtees,John Surtees,SUR,11,11,0,0,0,0,3.0,5.0,19.0
1971,rolf-stommelen,Rolf Stommelen,STO,10,10,0,0,0,0,3.0,5.0,19.0
1971,graham-hill,Graham Hill,HIL,11,11,0,0,0,0,2.0,5.0,21.0
1971,jean-pierre-beltoise,Jean-Pierre Beltoise,BEL,7,7,0,0,0,0,1.0,6.0,22.0
1971,alex-soler-roig,Alex Soler-Roig,SOL,5,5,0,0,0,0,0.0,,
1971,andrea-de-adamich,Andrea de Adamich,DEA,7,7,0,0,0,0,0.0,11.0,
1971,brian-redman,Brian Redman,RED,1,1,0,0,0,0,0.0,7.0,
1971,chris-craft,Chris Craft,CRA,2,2,0,0,0,0,0.0,,
1971,dave-charlton,Dave Charlton,CHA,3,3,0,0,0,0,0.0,,
1971,david-hobbs,David Hobbs,HOB,1,1,0,0,0,0,0.0,10.0,
1971,david-walker,David Walker,WAL,1,1,0,0,0,0,0.0,,
1971,derek-bell,Derek Bell,BEL,1,1,0,0,0,0,0.0,,
1971,francois-mazet,François Mazet,MAZ,1,1,0,0,0,0,0.0,13.0,
1971,george-eaton,George Eaton,EAT,1,1,0,0,0,0,0.0,15.0,
1971,gijs-van-lennep,Gijs van Lennep,VAN,2,2,0,0,0,0,0.0,8.0,
1971,helmut-marko,Helmut Marko,MAR,5,5,0,0,0,0,0.0,11.0,
1971,jackie-oliver,Jackie Oliver,OLI,3,3,0,0,0,0,0.0,7.0,
1971,jackie-pretorius,Jackie Pretorius,PRE,1,1,0,0,0,0,0.0,,
1971,jean-pierre-jarier,Jean-Pierre Jarier,JAR,1,1,0,0,0,0,0.0,,
1971,jo-bonnier,Jo Bonnier,BON,5,5,0,0,0,0,0.0,10.0,
1971,john-cannon,John Cannon,CAN,1,1,0,0,0,0,0.0,14.0,
1971,john-love,John Love,LOV,1,1,0,0,0,0,0.0,,
1971,max-jean,Max Jean,JEA,1,1,0,0,0,0,0.0,,
1971,mike-beuttler,Mike Beuttler,BEU,5,5,0,0,0,0,0.0,,
1971,nanni-galli,Nanni Galli,GAL,9,9,0,0,0,0,0.0,11.0,
1971,niki-lauda,Niki Lauda,LAU,1,1,0,0,0,0,0.0,,
1971,pete-lovely,Pete Lovely,LOV,2,2,0,0,0,0,0.0,,
1971,peter-revson,Peter Revson,REV,1,1,0,0,0,0,0.0,,
1971,sam-posey,Sam Posey,POS,1,1,0,0,0,0,0.0,,
1971,silvio-moser,Silvio Moser,MOS,1,1,0,0,0,0,0.0,,
1971,skip-barber,Skip Barber,BAR,4,4,0,0,0,0,0.0,,
1971,vic-elford,Vic Elford,ELF,1,1,0,0,0,0,0.0,11.0,
1972,emerson-fittipaldi,Emerson Fittipaldi,FIT,12,12,5,8,3,0,61.0,1.0,1.0
1972,jackie-stewart,Jackie Stewart,STE,11,11,4,5,2,4,45.0,1.0,2.0
1972,denny-hulme,Denny Hulme,HUL,12,12,1,7,0,1,39.0,1.0,3.0
1972,jacky-ickx,Jacky Ickx,ICK,12,12,1,4,4,3,27.0,1.0,4.0
1972,peter-revson,Peter Revson,REV,9,9,0,4,1,0,23.0,2.0,5.0
1972,francois-cevert,François Cevert,CEV,12,12,0,2,0,0,15.0,2.0,6.0
1972,clay-regazzoni,Clay Regazzoni,REG,10,10,0,2,0,0,15.0,2.0,7.0
1972,mike-hailwood,Mike Hailwood,HAI,10,10,0,1,0,1,13.0,2.0,8.0
1972,ronnie-peterson,Ronnie Peterson,PET,12,12,0,1,0,0,12.0,3.0,9.0
1972,chris-amon,Chris Amon,AMO,12,12,0,1,1,2,12.0,3.0,10.0
1972,jean-pierre-beltoise,Jean-Pierre Beltoise,BEL,11,11,1,1,0,1,9.0,1.0,11.0
1972,howden-ganley,Howden Ganley,GAN,11,11,0,0,0,0,4.0,4.0,12.0
1972,mario-andretti,Mario Andretti,AND,5,5,0,0,0,0,4.0,4.0,12.0
1972,brian-redman,Brian Redman,RED,4,4,0,0,0,0,4.0,5.0,14.0
1972,graham-hill,Graham Hill,HIL,12,12,0,0,0,0,4.0,5.0,15.0
1972,andrea-de-adamich,Andrea de Adamich,DEA,12,12,0,0,0,0,3.0,4.0,16.0
1972,carlos-reutemann,Carlos Reutemann,REU,10,10,0,0,1,0,3.0,4.0,16.0
1972,carlos-pace,Carlos Pace,PAC,11,11,0,0,0,0,3.0,5.0,18.0
1972,tim-schenken,Tim Schenken,SCH,12,12,0,0,0,0,2.0,5.0,19.0
1972,arturo-merzario,Arturo Merzario,MER,2,2,0,0,0,0,1.0,6.0,20.0
1972,peter-gethin,Peter Gethin,GET,11,11,0,0,0,0,1.0,6.0,20.0
1972,alex-soler-roig,Alex Soler-Roig,SOL,2,2,0,0,0,0,0.0,,
1972,bill-brack,Bill Brack,BRA,1,1,0,0,0,0,0.0,,
1972,dave-charlton,Dave Charlton,CHA,4,4,0,0,0,0,0.0,,
1972,david-walker,David Walker,WAL,10,10,0,0,0,0,0.0,9.0,
1972,derek-bell,Derek Bell,BEL,5,5,0,0,0,0,0.0,,
1972,francois-migault,François Migault,MIG,2,2,0,0,0,0,0.0,,
1972,helmut-marko,Helmut Marko,MAR,5,5,0,0,0,0,0.0,8.0,
1972,henri-pescarolo,Henri Pescarolo,PES,12,12,0,0,0,0,0.0,8.0,
1972,jackie-oliver,Jackie Oliver,OLI,1,1,0,0,0,0,0.0,,
1972,jody-scheckter,Jody Scheckter,SCH,1,1,0,0,0,0,0.0,9.0,
1972,john-love,John Love,LOV,1,1,0,0,0,0,0.0,16.0,
1972,john-surtees,John Surtees,SUR,2,2,0,0,0,0,0.0,,
1972,mike-beuttler,Mike Beuttler,BEU,10,10,0,0,0,0,0.0,8.0,
1972,nanni-galli,Nanni Galli,GAL,5,5,0,0,0,0,0.0,13.0,
1972,niki-lauda,Niki Lauda,LAU,12,12,0,0,0,0,0.0,7.0,
1972,patrick-depailler,Patrick Depailler,DEP,2,2,0,0,0,0,0.0,7.0,
1972,reine-wisell,Reine Wisell,WIS,8,8,0,0,0,0,0.0,10.0,
1972,rolf-stommelen,Rolf Stommelen,STO,8,8,0,0,0,0,0.0,10.0,
1972,sam-posey,Sam Posey,POS,1,1,0,0,0,0,0.0,12.0,
1972,skip-barber,Skip Barber,BAR,2,2,0,0,0,0,0.0,16.0,
1972,vern-schuppan,Vern Schuppan,SCH,1,1,0,0,0,0,0.0,,
1972,william-ferguson,William Ferguson,FER,1,1,0,0,0,0,0.0,,
1972,wilson-fittipaldi,Wilson Fittipaldi,FIT,10,10,0,0,0,0,0.0,7.0,
1973,jackie-stewart,Jackie Stewart,STE,15,15,5,8,3,1,71.0,1.0,1.0
1973,emerson-fittipaldi,Emerson Fittipaldi,FIT,15,15,3,8,1,5,55.0,1.0,2.0
1973,ronnie-peterson,Ronnie Peterson,PET,15,15,4,7,9,2,52.0,1.0,3.0
1973,francois-cevert,François Cevert,CEV,15,15,0,7,0,1,47.0,2.0,4.0
1973,peter-revson,Peter Revson,REV,14,14,2,4,0,0,38.0,1.0,5.0
1973,denny-hulme,Denny Hulme,HUL,15,15,1,3,1,3,26.0,1.0,6.0
1973,carlos-reutemann,Carlos Reutemann,REU,15,15,0,2,0,0,16.0,3.0,7.0
1973,james-hunt,James Hunt,HUN,8,8,0,2,0,2,14.0,2.0,8.0
1973,jacky-ickx,Jacky Ickx,ICK,12,12,0,1,0,0,12.0,3.0,9.0
1973,jean-pierre-beltoise,Jean-Pierre Beltoise,BEL,15,15,0,0,0,0,9.0,4.0,10.0
1973,carlos-pace,Carlos Pace,PAC,15,15,0,1,0,2,7.0,3.0,11.0
1973,arturo-merzario,Arturo Merzario,MER,9,9,0,0,0,0,6.0,4.0,12.0
1973,george-follmer,George Follmer,FOL,13,13,0,1,0,0,5.0,3.0,13.0
1973,jackie-oliver,Jackie Oliver,OLI,13,13,0,1,0,0,4.0,3.0,14.0
1973,andrea-de-adamich,Andrea de Adamich,DEA,6,6,0,0,0,0,3.0,4.0,15.0
1973,wilson-fittipaldi,Wilson Fittipaldi,FIT,15,15,0,0,0,0,3.0,5.0,16.0
1973,niki-lauda,Niki Lauda,LAU,15,15,0,0,0,0,2.0,5.0,17.0
1973,clay-regazzoni,Clay Regazzoni,REG,14,14,0,0,1,0,2.0,6.0,18.0
1973,chris-amon,Chris Amon,AMO,7,7,0,0,0,0,1.0,6.0,19.0
1973,gijs-van-lennep,Gijs van Lennep,VAN,3,3,0,0,0,0,1.0,6.0,19.0
1973,howden-ganley,Howden Ganley,GAN,15,15,0,0,0,0,1.0,6.0,19.0
1973,brian-redman,Brian Redman,RED,1,1,0,0,0,0,0.0,,
1973,dave-charlton,Dave Charlton,CHA,1,1,0,0,0,0,0.0,,
1973,david-purley,David Purley,PUR,5,5,0,0,0,0,0.0,9.0,
1973,eddie-keizan,Eddie Keizan,KEI,1,1,0,0,0,0,0.0,,
1973,graham-hill,Graham Hill,HIL,12,12,0,0,0,0,0.0,9.0,
1973,graham-mcrae,Graham McRae,MCR,1,1,0,0,0,0,0.0,,
1973,henri-pescarolo,Henri Pescarolo,PES,3,3,0,0,0,0,0.0,8.0,
1973,jackie-pretorius,Jackie Pretorius,PRE,1,1,0,0,0,0,0.0,,
1973,jean-pierre-jarier,Jean-Pierre Jarier,JAR,10,10,0,0,0,0,0.0,11.0,
1973,jochen-mass,Jochen Mass,MAS,3,3,0,0,0,0,0.0,7.0,
1973,jody-scheckter,Jody Scheckter,SCH,5,5,0,0,0,0,0.0,9.0,
1973,john-watson,John Watson,WAT,2,2,0,0,0,0,0.0,,
1973,luiz-bueno,Luiz Bueno,BUE,1,1,0,0,0,0,0.0,12.0,
1973,mike-beuttler,Mike Beuttler,BEU,14,14,0,0,0,0,0.0,7.0,
1973,mike-hailwood,Mike Hailwood,HAI,15,15,0,0,0,0,0.0,7.0,
1973,nanni-galli,Nanni Galli,GAL,5,5,0,0,0,0,0.0,9.0,
1973,peter-gethin,Peter Gethin,GET,1,1,0,0,0,0,0.0,,
1973,reine-wisell,Reine Wisell,WIS,2,2,0,0,0,0,0.0,,
1973,rikky-von-opel,Rikky von Opel,VON,7,7,0,0,0,0,0.0,13.0,
1973,roger-williamson,Roger Williamson,WIL,2,2,0,0,0,0,0.0,,
1973,rolf-stommelen,Rolf Stommelen,STO,4,4,0,0,0,0,0.0,11.0,
1973,tim-schenken,Tim Schenken,SCH,1,1,0,0,0,0,0.0,14.0,
1973,tom-belso,Tom Belsø,BEL,1,1,0,0,0,0,0.0,,
1974,emerson-fittipaldi,Emerson Fittipaldi,FIT,15,15,3,7,2,0,55.0,1.0,1.0
1974,clay-regazzoni,Clay Regazzoni,REG,15,15,1,7,1,3,52.0,1.0,2.0
1974,jody-scheckter,Jody Scheckter,SCH,15,15,2,6,0,2,45.0,1.0,3.0
1974,niki-lauda,Niki Lauda,LAU,15,15,2,5,9,3,38.0,1.0,4.0
1974,ronnie-peterson,Ronnie Peterson,PET,15,15,3,4,1,2,35.0,1.0,5.0
1974,carlos-reutemann,Carlos Reutemann,REU,15,15,3,4,1,1,32.0,1.0,6.0
1974,denny-hulme,Denny Hulme,HUL,15,15,1,2,0,1,20.0,1.0,7.0
1974,james-hunt,James Hunt,HUN,15,15,0,3,0,0,15.0,3.0,8.0
1974,patrick-depailler,Patrick Depailler,DEP,15,15,0,1,1,1,14.0,2.0,9.0
1974,jacky-ickx,Jacky Ickx,ICK,15,15,0,2,0,0,12.0,3.0,10.0
1974,mike-hailwood,Mike Hailwood,HAI,11,11,0,1,0,0,12.0,3.0,11.0
1974,carlos-pace,Carlos Pace,PAC,14,14,0,1,0,2,11.0,2.0,12.0
1974,jean-pierre-beltoise,Jean-Pierre Beltoise,BEL,15,15,0,1,0,0,10.0,2.0,13.0
1974,jean-pierre-jarier,Jean-Pierre Jarier,JAR,14,14,0,1,0,0,6.0,3.0,14.0
1974,john-watson,John Watson,WAT,15,15,0,0,0,0,6.0,4.0,15.0
1974,hans-joachim-stuck,Hans-Joachim Stuck,STU,14,14,0,0,0,0,5.0,4.0,16.0
1974,arturo-merzario,Arturo Merzario,MER,15,15,0,0,0,0,4.0,4.0,17.0
1974,graham-hill,Graham Hill,HIL,15,15,0,0,0,0,1.0,6.0,18.0
1974,tom-pryce,Tom Pryce,PRY,9,9,0,0,0,0,1.0,6.0,18.0
1974,vittorio-brambilla,Vittorio Brambilla,BRA,13,13,0,0,0,0,1.0,6.0,18.0
1974,bertil-roos,Bertil Roos,ROO,1,1,0,0,0,0,0.0,,
1974,brian-redman,Brian Redman,RED,3,3,0,0,0,0,0.0,7.0,
1974,carlo-facetti,Carlo Facetti,FAC,1,1,0,0,0,0,0.0,,
1974,chris-amon,Chris Amon,AMO,6,6,0,0,0,0,0.0,9.0,
1974,dave-charlton,Dave Charlton,CHA,1,1,0,0,0,0,0.0,19.0,
1974,david-hobbs,David Hobbs,HOB,2,2,0,0,0,0,0.0,7.0,
1974,david-purley,David Purley,PUR,1,1,0,0,0,0,0.0,,
1974,derek-bell,Derek Bell,BEL,5,5,0,0,0,0,0.0,11.0,
1974,dieter-quester,Dieter Quester,QUE,1,1,0,0,0,0,0.0,9.0,
1974,eddie-keizan,Eddie Keizan,KEI,1,1,0,0,0,0,0.0,14.0,
1974,eppie-wietzes,Eppie Wietzes,WIE,1,1,0,0,0,0,0.0,,
1974,francois-migault,François Migault,MIG,11,11,0,0,0,0,0.0,14.0,
1974,gijs-van-lennep,Gijs van Lennep,VAN,2,2,0,0,0,0,0.0,14.0,
1974,guy-edwards,Guy Edwards,EDW,10,10,0,0,0,0,0.0,7.0,
1974,gerard-larrousse,Gérard Larrousse,LAR,2,2,0,0,0,0,0.0,,
1974,helmuth-koinigg,Helmuth Koinigg,KOI,3,3,0,0,0,0,0.0,10.0,
1974,henri-pescarolo,Henri Pescarolo,PES,12,12,0,0,0,0,0.0,9.0,
1974,howden-ganley,Howden Ganley,GAN,4,4,0,0,0,0,0.0,8.0,
1974,ian-ashley,Ian Ashley,ASH,4,4,0,0,0,0,0.0,14.0,
1974,ian-scheckter,Ian Scheckter,SCH,2,2,0,0,0,0,0.0,13.0,
1974,jacques-laffite,Jacques Laffite,LAF,5,5,0,0,0,0,0.0,15.0,
1974,jean-pierre-jabouille,Jean-Pierre Jabouille,JAB,2,2,0,0,0,0,0.0,,
1974,jochen-mass,Jochen Mass,MAS,13,13,0,0,0,0,0.0,7.0,
1974,john-nicholson,John Nicholson,NIC,1,1,0,0,0,0,0.0,,
1974,jose-dolhem,José Dolhem,DOL,3,3,0,0,0,0,0.0,,
1974,larry-perkins,Larry Perkins,PER,1,1,0,0,0,0,0.0,,
1974,lella-lombardi,Lella Lombardi,LOM,1,1,0,0,0,0,0.0,,
1974,leo-kinnunen,Leo Kinnunen,KIN,6,6,0,0,0,0,0.0,,
1974,mario-andretti,Mario Andretti,AND,2,2,0,0,0,0,0.0,7.0,
1974,mark-donohue,Mark Donohue,DON,2,2,0,0,0,0,0.0,12.0,
1974,mike-wilds,Mike Wilds,WIL,5,5,0,0,0,0,0.0,,
1974,paddy-driver,Paddy Driver,DRI,1,1,0,0,0,0,0.0,,
1974,peter-gethin,Peter Gethin,GET,1,1,0,0,0,0,0.0,,
1974,peter-revson,Peter Revson,REV,2,2,0,0,0,0,0.0,,
1974,reine-wisell,Reine Wisell,WIS,1,1,0,0,0,0,0.0,,
1974,richard-robarts,Richard Robarts,ROB,4,4,0,0,0,0,0.0,15.0,
1974,rikky-von-opel,Rikky von Opel,VON,7,7,0,0,0,0,0.0,9.0,
1974,rolf-stommelen,Rolf Stommelen,STO,4,4,0,0,0,0,0.0,11.0,
1974,teddy-pilette,Teddy Pilette,PIL,1,1,0,0,0,0,0.0,17.0,
1974,tim-schenken,Tim Schenken,SCH,9,9,0,0,0,0,0.0,10.0,
1974,tom-belso,Tom Belsø,BEL,4,4,0,0,0,0,0.0,8.0,
1974,vern-schuppan,Vern Schuppan,SCH,7,7,0,0,0,0,0.0,15.0,
1975,niki-lauda,Niki Lauda,LAU,14,14,5,8,9,2,64.5,1.0,1.0
1975,emerson-fittipaldi,Emerson Fittipaldi,FIT,14,14,2,6,0,1,45.0,1.0,2.0
1975,carlos-reutemann,Carlos Reutemann,REU,14,14,1,6,0,0,37.0,1.0,3.0
1975,james-hunt,James Hunt,HUN,14,14,1,4,0,1,33.0,1.0,4.0
1975,clay-regazzoni,Clay Regazzoni,REG,14,14,1,3,0,4,25.0,1.0,5.0
1975,carlos-pace,Carlos Pace,PAC,14,14,1,3,1,1,24.0,1.0,6.0
1975,jody-scheckter,Jody Scheckter,SCH,14,14,1,3,0,0,20.0,1.0,7.0
1975,jochen-mass,Jochen Mass,MAS,14,14,1,4,0,1,20.0,1.0,8.0
1975,patrick-depailler,Patrick Depailler,DEP,14,14,0,1,0,1,12.0,3.0,9.0
1975,tom-pryce,Tom Pryce,PRY,14,14,0,1,1,0,8.0,3.0,10.0
1975,vittorio-brambilla,Vittorio Brambilla,BRA,14,14,1,1,1,1,6.5,1.0,11.0
1975,jacques-laffite,Jacques Laffite,LAF,12,12,0,1,0,0,6.0,2.0,12.0
1975,ronnie-peterson,Ronnie Peterson,PET,14,14,0,0,0,0,6.0,4.0,13.0
1975,mario-andretti,Mario Andretti,AND,12,12,0,0,0,1,5.0,4.0,14.0
1975,mark-donohue,Mark Donohue,DON,12,12,0,0,0,0,4.0,5.0,15.0
1975,jacky-ickx,Jacky Ickx,ICK,9,9,0,1,0,0,3.0,2.0,16.0
1975,alan-jones,Alan Jones,JON,8,8,0,0,0,0,2.0,5.0,17.0
1975,jean-pierre-jarier,Jean-Pierre Jarier,JAR,14,14,0,0,2,1,1.5,4.0,18.0
1975,gijs-van-lennep,Gijs van Lennep,VAN,3,3,0,0,0,0,1.0,6.0,19.0
1975,tony-brise,Tony Brise,BRI,10,10,0,0,0,0,1.0,6.0,19.0
1975,lella-lombardi,Lella Lombardi,LOM,12,12,0,0,0,0,0.5,6.0,21.0
1975,arturo-merzario,Arturo Merzario,MER,7,7,0,0,0,0,0.0,11.0,
1975,bob-evans,Bob Evans,EVA,9,9,0,0,0,0,0.0,9.0,
1975,brett-lunger,Brett Lunger,LUN,3,3,0,0,0,0,0.0,10.0,
1975,brian-henton,Brian Henton,HEN,3,3,0,0,0,0,0.0,16.0,
1975,chris-amon,Chris Amon,AMO,2,2,0,0,0,0,0.0,12.0,
1975,damien-magee,Damien Magee,MAG,1,1,0,0,0,0,0.0,14.0,
1975,dave-charlton,Dave Charlton,CHA,1,1,0,0,0,0,0.0,14.0,
1975,dave-morgan,Dave Morgan,MOR,1,1,0,0,0,0,0.0,18.0,
1975,eddie-keizan,Eddie Keizan,KEI,1,1,0,0,0,0,0.0,13.0,
1975,francois-migault,François Migault,MIG,3,3,0,0,0,0,0.0,,
1975,graham-hill,Graham Hill,HIL,4,4,0,0,0,0,0.0,10.0,
1975,guy-tunmer,Guy Tunmer,TUN,1,1,0,0,0,0,0.0,11.0,
1975,hans-joachim-stuck,Hans-Joachim Stuck,STU,5,5,0,0,0,0,0.0,8.0,
1975,harald-ertl,Harald Ertl,ERT,3,3,0,0,0,0,0.0,8.0,
1975,hiroshi-fushida,Hiroshi Fushida,FUS,2,2,0,0,0,0,0.0,,
1975,ian-ashley,Ian Ashley,ASH,1,1,0,0,0,0,0.0,,
1975,ian-scheckter,Ian Scheckter,SCH,3,3,0,0,0,0,0.0,12.0,
1975,jean-pierre-jabouille,Jean-Pierre Jabouille,JAB,1,1,0,0,0,0,0.0,12.0,
1975,jim-crawford,Jim Crawford,CRA,2,2,0,0,0,0,0.0,13.0,
1975,jo-vonlanthen,Jo Vonlanthen,VON,1,1,0,0,0,0,0.0,,
1975,john-nicholson,John Nicholson,NIC,1,1,0,0,0,0,0.0,17.0,
1975,john-watson,John Watson,WAT,13,13,0,0,0,0,0.0,8.0,
1975,michel-leclere,Michel Leclère,LEC,1,1,0,0,0,0,0.0,,
1975,mike-wilds,Mike Wilds,WIL,2,2,0,0,0,0,0.0,,
1975,renzo-zorzi,Renzo Zorzi,ZOR,1,1,0,0,0,0,0.0,14.0,
1975,roelof-wunderink,Roelof Wunderink,WUN,6,6,0,0,0,0,0.0,,
1975,rolf-stommelen,Rolf Stommelen,STO,6,6,0,0,0,0,0.0,7.0,
1975,tony-trimmer,Tony Trimmer,TRI,3,3,0,0,0,0,0.0,,
1975,torsten-palm,Torsten Palm,PAL,2,2,0,0,0,0,0.0,10.0,
1975,vern-schuppan,Vern Schuppan,SCH,1,1,0,0,0,0,0.0,,
1975,wilson-fittipaldi,Wilson Fittipaldi,FIT,13,13,0,0,0,0,0.0,10.0,
1976,james-hunt,James Hunt,HUN,16,16,6,8,8,2,69.0,1.0,1.0
1976,niki-lauda,Niki Lauda,LAU,14,14,5,9,3,4,68.0,1.0,2.0
1976,jody-scheckter,Jody Scheckter,SCH,16,16,1,5,1,1,49.0,1.0,3.0
1976,patrick-depailler,Patrick Depailler,DEP,16,16,0,7,0,1,39.0,2.0,4.0
1976,clay-regazzoni,Clay Regazzoni,REG,15,15,1,4,1,3,31.0,1.0,5.0
1976,mario-andretti,Mario Andretti,AND,15,15,1,3,1,1,22.0,1.0,6.0
1976,john-watson,John Watson,WAT,16,16,1,3,0,0,20.0,1.0,7.0
1976,jacques-laffite,Jacques Laffite,LAF,16,16,0,3,1,1,20.0,2.0,8.0
1976,jochen-mass,Jochen Mass,MAS,16,16,0,2,0,1,19.0,3.0,9.0
1976,gunnar-nilsson,Gunnar Nilsson,NIL,15,15,0,2,0,0,11.0,3.0,10.0
1976,ronnie-peterson,Ronnie Peterson,PET,16,16,1,1,1,1,10.0,1.0,11.0
1976,tom-pryce,Tom Pryce,PRY,16,16,0,1,0,0,10.0,3.0,12.0
1976,hans-joachim-stuck,Hans-Joachim Stuck,STU,16,16,0,0,0,0,8.0,4.0,13.0
1976,carlos-pace,Carlos Pace,PAC,16,16,0,0,0,0,7.0,4.0,14.0
1976,alan-jones,Alan Jones,JON,14,14,0,0,0,0,7.0,4.0,15.0
1976,carlos-reutemann,Carlos Reutemann,REU,13,13,0,0,0,0,3.0,4.0,16.0
1976,emerson-fittipaldi,Emerson Fittipaldi,FIT,16,16,0,0,0,0,3.0,6.0,17.0
1976,chris-amon,Chris Amon,AMO,9,9,0,0,0,0,2.0,5.0,18.0
1976,rolf-stommelen,Rolf Stommelen,STO,4,4,0,0,0,0,1.0,6.0,19.0
1976,vittorio-brambilla,Vittorio Brambilla,BRA,16,16,0,0,0,0,1.0,6.0,19.0
1976,alessandro-pesenti-rossi,Alessandro Pesenti-Rossi,PES,4,4,0,0,0,0,0.0,11.0,
1976,alex-ribeiro,Alex Ribeiro,RIB,1,1,0,0,0,0,0.0,12.0,
1976,arturo-merzario,Arturo Merzario,MER,14,14,0,0,0,0,0.0,9.0,
1976,bob-evans,Bob Evans,EVA,3,3,0,0,0,0,0.0,10.0,
1976,boy-hayje,Boy Hayje,HAY,1,1,0,0,0,0,0.0,,
1976,brett-lunger,Brett Lunger,LUN,12,12,0,0,0,0,0.0,10.0,
1976,conny-andersson,Conny Andersson,AND,1,1,0,0,0,0,0.0,,
1976,damien-magee,Damien Magee,MAG,1,1,0,0,0,0,0.0,,
1976,divina-galica,Divina Galica,GAL,1,1,0,0,0,0,0.0,,
1976,emilio-zapico,Emilio Zapico,ZAP,1,1,0,0,0,0,0.0,,
1976,emilio-de-villota,Emilio de Villota,DEV,1,1,0,0,0,0,0.0,,
1976,guy-edwards,Guy Edwards,EDW,6,6,0,0,0,0,0.0,15.0,
1976,hans-binder,Hans Binder,BIN,2,2,0,0,0,0,0.0,,
1976,harald-ertl,Harald Ertl,ERT,15,15,0,0,0,0,0.0,7.0,
1976,henri-pescarolo,Henri Pescarolo,PES,9,9,0,0,0,0,0.0,9.0,
1976,ian-ashley,Ian Ashley,ASH,1,1,0,0,0,0,0.0,,
1976,ian-scheckter,Ian Scheckter,SCH,1,1,0,0,0,0,0.0,,
1976,ingo-hoffmann,Ingo Hoffmann,HOF,4,4,0,0,0,0,0.0,11.0,
1976,jac-nellemann,Jac Nellemann,NEL,1,1,0,0,0,0,0.0,,
1976,jacky-ickx,Jacky Ickx,ICK,12,12,0,0,0,0,0.0,7.0,
1976,jean-pierre-jarier,Jean-Pierre Jarier,JAR,16,16,0,0,0,1,0.0,7.0,
1976,kazuyoshi-hoshino,Kazuyoshi Hoshino,HOS,1,1,0,0,0,0,0.0,,
1976,larry-perkins,Larry Perkins,PER,9,9,0,0,0,0,0.0,8.0,
1976,lella-lombardi,Lella Lombardi,LOM,4,4,0,0,0,0,0.0,12.0,
1976,loris-kessel,Loris Kessel,KES,5,5,0,0,0,0,0.0,12.0,
1976,masahiro-hasemi,Masahiro Hasemi,HAS,1,1,0,0,0,0,0.0,11.0,
1976,masami-kuwashima,Masami Kuwashima,KUW,1,1,0,0,0,0,0.0,,
1976,michel-leclere,Michel Leclère,LEC,7,7,0,0,0,0,0.0,10.0,
1976,mike-wilds,Mike Wilds,WIL,1,1,0,0,0,0,0.0,,
1976,noritake-takahara,Noritake Takahara,TAK,1,1,0,0,0,0,0.0,9.0,
1976,otto-stuppacher,Otto Stuppacher,STU,3,3,0,0,0,0,0.0,,
1976,patrick-neve,Patrick Nève,NEV,2,2,0,0,0,0,0.0,18.0,
1976,renzo-zorzi,Renzo Zorzi,ZOR,1,1,0,0,0,0,0.0,9.0,
1976,tony-trimmer,Tony Trimmer,TRI,1,1,0,0,0,0,0.0,,
1976,warwick-brown,Warwick Brown,BRO,1,1,0,0,0,0,0.0,14.0,
1977,niki-lauda,Niki Lauda,LAU,15,15,3,10,2,3,72.0,1.0,1.0
1977,jody-scheckter,Jody Scheckter,SCH,17,17,3,9,1,2,55.0,1.0,2.0
1977,mario-andretti,Mario Andretti,AND,17,17,4,5,7,4,47.0,1.0,3.0
1977,carlos-reutemann,Carlos Reutemann,REU,17,17,1,6,0,0,42.0,1.0,4.0
1977,james-hunt,James Hunt,HUN,17,17,3,5,6,3,40.0,1.0,5.0
1977,jochen-mass,Jochen Mass,MAS,17,17,0,2,0,0,25.0,2.0,6.0
1977,alan-jones,Alan Jones,JON,14,14,1,2,0,0,22.0,1.0,7.0
1977,gunnar-nilsson,Gunnar Nilsson,NIL,17,17,1,2,0,1,20.0,1.0,8.0
1977,patrick-depailler,Patrick Depailler,DEP,17,17,0,3,0,0,20.0,2.0,9.0
1977,jacques-laffite,Jacques Laffite,LAF,17,17,1,2,0,1,18.0,1.0,10.0
1977,hans-joachim-stuck,Hans-Joachim Stuck,STU,15,15,0,2,0,0,12.0,3.0,11.0
1977,emerson-fittipaldi,Emerson Fittipaldi,FIT,16,16,0,0,0,0,11.0,4.0,12.0
1977,john-watson,John Watson,WAT,17,17,0,1,1,2,9.0,2.0,13.0
1977,ronnie-peterson,Ronnie Peterson,PET,17,17,0,1,0,1,7.0,3.0,14.0
1977,carlos-pace,Carlos Pace,PAC,3,3,0,1,0,0,6.0,2.0,15.0
1977,vittorio-brambilla,Vittorio Brambilla,BRA,17,17,0,0,0,0,6.0,4.0,16.0
1977,clay-regazzoni,Clay Regazzoni,REG,17,17,0,0,0,0,5.0,5.0,17.0
1977,patrick-tambay,Patrick Tambay,TAM,9,9,0,0,0,0,5.0,5.0,17.0
1977,jean-pierre-jarier,Jean-Pierre Jarier,JAR,13,13,0,0,0,0,1.0,6.0,19.0
1977,renzo-zorzi,Renzo Zorzi,ZOR,5,5,0,0,0,0,1.0,6.0,19.0
1977,riccardo-patrese,Riccardo Patrese,PAT,9,9,0,0,0,0,1.0,6.0,19.0
1977,alex-ribeiro,Alex Ribeiro,RIB,17,17,0,0,0,0,0.0,8.0,
1977,andy-sutcliffe,Andy Sutcliffe,SUT,1,1,0,0,0,0,0.0,,
1977,arturo-merzario,Arturo Merzario,MER,8,8,0,0,0,0,0.0,14.0,
1977,bernard-de-dryver,Bernard de Dryver,DED,1,1,0,0,0,0,0.0,,
1977,boy-hayje,Boy Hayje,HAY,6,6,0,0,0,0,0.0,,
1977,brett-lunger,Brett Lunger,LUN,13,13,0,0,0,0,0.0,9.0,
1977,brian-henton,Brian Henton,HEN,6,6,0,0,0,0,0.0,10.0,
1977,brian-mcguire,Brian McGuire,MCG,1,1,0,0,0,0,0.0,,
1977,bruno-giacomelli,Bruno Giacomelli,GIA,1,1,0,0,0,0,0.0,,
1977,conny-andersson,Conny Andersson,AND,4,4,0,0,0,0,0.0,,
1977,danny-ongais,Danny Ongais,ONG,2,2,0,0,0,0,0.0,7.0,
1977,david-purley,David Purley,PUR,5,5,0,0,0,0,0.0,13.0,
1977,emilio-de-villota,Emilio de Villota,DEV,7,7,0,0,0,0,0.0,13.0,
1977,gilles-villeneuve,Gilles Villeneuve,VIL,3,3,0,0,0,0,0.0,11.0,
1977,giorgio-francia,Giorgio Francia,FRA,1,1,0,0,0,0,0.0,,
1977,guy-edwards,Guy Edwards,EDW,1,1,0,0,0,0,0.0,,
1977,hans-binder,Hans Binder,BIN,12,12,0,0,0,0,0.0,8.0,
1977,hans-heyer,Hans Heyer,HEY,1,1,0,0,0,0,0.0,,
1977,harald-ertl,Harald Ertl,ERT,5,5,0,0,0,0,0.0,9.0,
1977,hector-rebaque,Héctor Rebaque,REB,6,6,0,0,0,0,0.0,,
1977,ian-ashley,Ian Ashley,ASH,5,5,0,0,0,0,0.0,17.0,
1977,ian-scheckter,Ian Scheckter,SCH,14,14,0,0,0,0,0.0,10.0,
1977,ingo-hoffmann,Ingo Hoffmann,HOF,2,2,0,0,0,0,0.0,7.0,
1977,jackie-oliver,Jackie Oliver,OLI,1,1,0,0,0,0,0.0,9.0,
1977,jacky-ickx,Jacky Ickx,ICK,1,1,0,0,0,0,0.0,10.0,
1977,jean-pierre-jabouille,Jean-Pierre Jabouille,JAB,5,5,0,0,0,0,0.0,,
1977,kazuyoshi-hoshino,Kazuyoshi Hoshino,HOS,1,1,0,0,0,0,0.0,11.0,
1977,kunimitsu-takahashi,Kunimitsu Takahashi,TAK,1,1,0,0,0,0,0.0,9.0,
1977,lamberto-leoni,Lamberto Leoni,LEO,1,1,0,0,0,0,0.0,,
1977,larry-perkins,Larry Perkins,PER,5,5,0,0,0,0,0.0,12.0,
1977,loris-kessel,Loris Kessel,KES,1,1,0,0,0,0,0.0,,
1977,michael-bleekemolen,Michael Bleekemolen,BLE,1,1,0,0,0,0,0.0,,
1977,mikko-kozarowitzky,Mikko Kozarowitzky,KOZ,2,2,0,0,0,0,0.0,,
1977,noritake-takahara,Noritake Takahara,TAK,1,1,0,0,0,0,0.0,,
1977,patrick-neve,Patrick Nève,NEV,11,11,0,0,0,0,0.0,7.0,
1977,rupert-keegan,Rupert Keegan,KEE,12,12,0,0,0,0,0.0,7.0,
1977,teddy-pilette,Teddy Pilette,PIL,3,3,0,0,0,0,0.0,,
1977,tom-pryce,Tom Pryce,PRY,3,3,0,0,0,0,0.0,,
1977,tony-trimmer,Tony Trimmer,TRI,1,1,0,0,0,0,0.0,,
1977,vern-schuppan,Vern Schuppan,SCH,4,4,0,0,0,0,0.0,7.0,
1978,mario-andretti,Mario Andretti,AND,16,16,6,7,8,3,64.0,1.0,1.0
1978,ronnie-peterson,Ronnie Peterson,PET,14,14,2,7,3,3,51.0,1.0,2.0
1978,carlos-reutemann,Carlos Reutemann,REU,16,16,4,7,2,2,48.0,1.0,3.0
1978,niki-lauda,Niki Lauda,LAU,16,16,2,7,1,4,44.0,1.0,4.0
1978,patrick-depailler,Patrick Depailler,DEP,16,16,1,5,0,0,34.0,1.0,5.0
1978,john-watson,John Watson,WAT,16,16,0,3,1,0,25.0,2.0,6.0
1978,jody-scheckter,Jody Scheckter,SCH,16,16,0,4,0,0,24.0,2.0,7.0
1978,jacques-laffite,Jacques Laffite,LAF,16,16,0,2,0,0,19.0,3.0,8.0
1978,gilles-villeneuve,Gilles Villeneuve,VIL,16,16,1,2,0,1,17.0,1.0,9.0
1978,emerson-fittipaldi,Emerson Fittipaldi,FIT,16,16,0,1,0,0,17.0,2.0,10.0
1978,alan-jones,Alan Jones,JON,16,16,0,1,0,2,11.0,2.0,11.0
1978,riccardo-patrese,Riccardo Patrese,PAT,14,14,0,1,0,0,11.0,2.0,12.0
1978,james-hunt,James Hunt,HUN,16,16,0,1,0,0,8.0,3.0,13.0
1978,patrick-tambay,Patrick Tambay,TAM,15,15,0,0,0,0,8.0,4.0,14.0
1978,didier-pironi,Didier Pironi,PIR,16,16,0,0,0,0,7.0,5.0,15.0
1978,clay-regazzoni,Clay Regazzoni,REG,16,16,0,0,0,0,4.0,5.0,16.0
1978,jean-pierre-jabouille,Jean-Pierre Jabouille,JAB,14,14,0,0,0,0,3.0,4.0,17.0
1978,hans-joachim-stuck,Hans-Joachim Stuck,STU,16,16,0,0,0,0,2.0,5.0,18.0
1978,derek-daly,Derek Daly,DAL,10,10,0,0,0,0,1.0,6.0,19.0
1978,hector-rebaque,Héctor Rebaque,REB,16,16,0,0,0,0,1.0,6.0,19.0
1978,vittorio-brambilla,Vittorio Brambilla,BRA,14,14,0,0,0,0,1.0,6.0,19.0
1978,alberto-colombo,Alberto Colombo,COL,3,3,0,0,0,0,0.0,,
1978,arturo-merzario,Arturo Merzario,MER,16,16,0,0,0,0,0.0,,
1978,beppe-gabbiani,Beppe Gabbiani,GAB,2,2,0,0,0,0,0.0,,
1978,bernard-de-dryver,Bernard de Dryver,DED,1,1,0,0,0,0,0.0,,
1978,bobby-rahal,Bobby Rahal,RAH,2,2,0,0,0,0,0.0,12.0,
1978,brett-lunger,Brett Lunger,LUN,15,15,0,0,0,0,0.0,7.0,
1978,bruno-giacomelli,Bruno Giacomelli,GIA,5,5,0,0,0,0,0.0,7.0,
1978,carlo-franchi,Carlo Franchi,FRA,1,1,0,0,0,0,0.0,,
1978,danny-ongais,Danny Ongais,ONG,4,4,0,0,0,0,0.0,,
1978,divina-galica,Divina Galica,GAL,2,2,0,0,0,0,0.0,,
1978,eddie-cheever,Eddie Cheever,CHE,3,3,0,0,0,0,0.0,,
1978,emilio-de-villota,Emilio de Villota,DEV,1,1,0,0,0,0,0.0,,
1978,geoff-lees,Geoff Lees,LEE,1,1,0,0,0,0,0.0,,
1978,hans-binder,Hans Binder,BIN,1,1,0,0,0,0,0.0,,
1978,harald-ertl,Harald Ertl,ERT,5,5,0,0,0,0,0.0,11.0,
1978,jacky-ickx,Jacky Ickx,ICK,4,4,0,0,0,0,0.0,12.0,
1978,jean-pierre-jarier,Jean-Pierre Jarier,JAR,8,8,0,0,1,1,0.0,8.0,
1978,jochen-mass,Jochen Mass,MAS,13,13,0,0,0,0,0.0,7.0,
1978,keke-rosberg,Keke Rosberg,ROS,14,14,0,0,0,0,0.0,10.0,
1978,lamberto-leoni,Lamberto Leoni,LEO,4,4,0,0,0,0,0.0,,
1978,michael-bleekemolen,Michael Bleekemolen,BLE,4,4,0,0,0,0,0.0,,
1978,nelson-piquet,Nelson Piquet,PIQ,5,5,0,0,0,0,0.0,9.0,
1978,patrick-neve,Patrick Nève,NEV,1,1,0,0,0,0,0.0,,
1978,rene-arnoux,René Arnoux,ARN,9,9,0,0,0,0,0.0,9.0,
1978,rolf-stommelen,Rolf Stommelen,STO,14,14,0,0,0,0,0.0,9.0,
1978,rupert-keegan,Rupert Keegan,KEE,13,13,0,0,0,0,0.0,11.0,
1978,tony-trimmer,Tony Trimmer,TRI,1,1,0,0,0,0,0.0,,
1979,jody-scheckter,Jody Scheckter,SCH,15,15,3,6,1,0,60.0,1.0,1.0
1979,gilles-villeneuve,Gilles Villeneuve,VIL,15,15,3,7,1,6,53.0,1.0,2.0
1979,alan-jones,Alan Jones,JON,15,15,4,5,3,1,43.0,1.0,3.0
1979,jacques-laffite,Jacques Laffite,LAF,15,15,2,6,4,2,36.0,1.0,4.0
1979,clay-regazzoni,Clay Regazzoni,REG,15,15,1,5,0,2,32.0,1.0,5.0
1979,patrick-depailler,Patrick Depailler,DEP,7,7,1,2,0,1,22.0,1.0,6.0
1979,carlos-reutemann,Carlos Reutemann,REU,15,15,0,4,0,0,25.0,2.0,7.0
1979,rene-arnoux,René Arnoux,ARN,15,15,0,3,2,2,17.0,2.0,8.0
1979,john-watson,John Watson,WAT,15,15,0,1,0,0,15.0,3.0,9.0
1979,didier-pironi,Didier Pironi,PIR,15,15,0,2,0,0,14.0,3.0,10.0
1979,jean-pierre-jarier,Jean-Pierre Jarier,JAR,13,13,0,2,0,0,14.0,3.0,11.0
1979,mario-andretti,Mario Andretti,AND,15,15,0,1,0,0,14.0,3.0,12.0
1979,jean-pierre-jabouille,Jean-Pierre Jabouille,JAB,15,15,1,1,4,0,9.0,1.0,13.0
1979,niki-lauda,Niki Lauda,LAU,13,13,0,0,0,0,4.0,4.0,14.0
1979,elio-de-angelis,Elio de Angelis,DEA,15,15,0,0,0,0,3.0,4.0,15.0
1979,nelson-piquet,Nelson Piquet,PIQ,15,15,0,0,0,1,3.0,4.0,15.0
1979,jacky-ickx,Jacky Ickx,ICK,8,8,0,0,0,0,3.0,5.0,17.0
1979,jochen-mass,Jochen Mass,MAS,15,15,0,0,0,0,3.0,6.0,18.0
1979,hans-joachim-stuck,Hans-Joachim Stuck,STU,15,15,0,0,0,0,2.0,5.0,19.0
1979,riccardo-patrese,Riccardo Patrese,PAT,15,15,0,0,0,0,2.0,5.0,19.0
1979,emerson-fittipaldi,Emerson Fittipaldi,FIT,15,15,0,0,0,0,1.0,6.0,21.0
1979,alex-ribeiro,Alex Ribeiro,RIB,2,2,0,0,0,0,0.0,,
1979,arturo-merzario,Arturo Merzario,MER,14,14,0,0,0,0,0.0,,
1979,bruno-giacomelli,Bruno Giacomelli,GIA,4,4,0,0,0,0,0.0,17.0,
1979,derek-daly,Derek Daly,DAL,10,10,0,0,0,0,0.0,8.0,
1979,geoff-lees,Geoff Lees,LEE,1,1,0,0,0,0,0.0,7.0,
1979,gianfranco-brancatelli,Gianfranco Brancatelli,BRA,3,3,0,0,0,0,0.0,,
1979,hector-rebaque,Héctor Rebaque,REB,14,14,0,0,0,0,0.0,7.0,
1979,james-hunt,James Hunt,HUN,7,7,0,0,0,0,0.0,8.0,
1979,jan-lammers,Jan Lammers,LAM,15,15,0,0,0,0,0.0,9.0,
1979,keke-rosberg,Keke Rosberg,ROS,8,8,0,0,0,0,0.0,9.0,
1979,marc-surer,Marc Surer,SUR,3,3,0,0,0,0,0.0,,
1979,patrick-gaillard,Patrick Gaillard,GAI,5,5,0,0,0,0,0.0,13.0,
1979,patrick-tambay,Patrick Tambay,TAM,15,15,0,0,0,0,0.0,7.0,
1979,ricardo-zunino,Ricardo Zunino,ZUN,2,2,0,0,0,0,0.0,7.0,
1979,vittorio-brambilla,Vittorio Brambilla,BRA,3,3,0,0,0,0,0.0,12.0,
1980,alan-jones,Alan Jones,JON,14,14,5,10,3,5,71.0,1.0,1.0
1980,nelson-piquet,Nelson Piquet,PIQ,14,14,3,6,2,1,54.0,1.0,2.0
1980,carlos-reutemann,Carlos Reutemann,REU,14,14,1,8,0,1,49.0,1.0,3.0
1980,jacques-laffite,Jacques Laffite,LAF,14,14,1,5,1,1,34.0,1.0,4.0
1980,didier-pironi,Didier Pironi,PIR,14,14,1,5,2,2,32.0,1.0,5.0
1980,rene-arnoux,René Arnoux,ARN,14,14,2,3,3,4,29.0,1.0,6.0
1980,elio-de-angelis,Elio de Angelis,DEA,14,14,0,1,0,0,13.0,2.0,7.0
1980,jean-pierre-jabouille,Jean-Pierre Jabouille,JAB,13,13,1,1,2,0,9.0,1.0,8.0
1980,riccardo-patrese,Riccardo Patrese,PAT,14,14,0,1,0,0,7.0,2.0,9.0
1980,keke-rosberg,Keke Rosberg,ROS,14,14,0,1,0,0,6.0,3.0,10.0
1980,derek-daly,Derek Daly,DAL,14,14,0,0,0,0,6.0,4.0,11.0
1980,john-watson,John Watson,WAT,14,14,0,0,0,0,6.0,4.0,11.0
1980,jean-pierre-jarier,Jean-Pierre Jarier,JAR,14,14,0,0,0,0,6.0,5.0,13.0
1980,gilles-villeneuve,Gilles Villeneuve,VIL,14,14,0,0,0,0,6.0,5.0,14.0
1980,emerson-fittipaldi,Emerson Fittipaldi,FIT,14,14,0,1,0,0,5.0,3.0,15.0
1980,alain-prost,Alain Prost,PRO,13,13,0,0,0,0,5.0,5.0,16.0
1980,jochen-mass,Jochen Mass,MAS,13,13,0,0,0,0,4.0,4.0,17.0
1980,bruno-giacomelli,Bruno Giacomelli,GIA,14,14,0,0,1,0,4.0,5.0,18.0
1980,jody-scheckter,Jody Scheckter,SCH,14,14,0,0,0,0,2.0,5.0,19.0
1980,hector-rebaque,Héctor Rebaque,REB,7,7,0,0,0,0,1.0,6.0,20.0
1980,mario-andretti,Mario Andretti,AND,14,14,0,0,0,0,1.0,6.0,20.0
1980,andrea-de-cesaris,Andrea de Cesaris,DEC,2,2,0,0,0,0,0.0,,
1980,clay-regazzoni,Clay Regazzoni,REG,4,4,0,0,0,0,0.0,9.0,
1980,david-kennedy,David Kennedy,KEN,7,7,0,0,0,0,0.0,,
1980,desire-wilson,Desiré Wilson,WIL,1,1,0,0,0,0,0.0,,
1980,eddie-cheever,Eddie Cheever,CHE,14,14,0,0,0,0,0.0,12.0,
1980,geoff-lees,Geoff Lees,LEE,8,8,0,0,0,0,0.0,13.0,
1980,harald-ertl,Harald Ertl,ERT,1,1,0,0,0,0,0.0,,
1980,jan-lammers,Jan Lammers,LAM,14,14,0,0,0,0,0.0,12.0,
1980,kevin-cogan,Kevin Cogan,COG,1,1,0,0,0,0,0.0,,
1980,manfred-winkelhock,Manfred Winkelhock,WIN,1,1,0,0,0,0,0.0,,
1980,marc-surer,Marc Surer,SUR,11,11,0,0,0,0,0.0,7.0,
1980,mike-thackwell,Mike Thackwell,THA,3,3,0,0,0,0,0.0,,
1980,nigel-mansell,Nigel Mansell,MAN,3,3,0,0,0,0,0.0,,
1980,patrick-depailler,Patrick Depailler,DEP,8,8,0,0,0,0,0.0,,
1980,ricardo-zunino,Ricardo Zunino,ZUN,7,7,0,0,0,0,0.0,7.0,
1980,rupert-keegan,Rupert Keegan,KEE,7,7,0,0,0,0,0.0,9.0,
1980,stefan-johansson,Stefan Johansson,JOH,2,2,0,0,0,0,0.0,,
1980,stephen-south,Stephen South,SOU,1,1,0,0,0,0,0.0,,
1980,tiff-needell,Tiff Needell,NEE,2,2,0,0,0,0,0.0,,
1980,vittorio-brambilla,Vittorio Brambilla,BRA,2,2,0,0,0,0,0.0,,
1981,nelson-piquet,Nelson Piquet,PIQ,15,15,3,7,4,1,50.0,1.0,1.0
1981,carlos-reutemann,Carlos Reutemann,REU,15,15,2,7,2,2,49.0,1.0,2.0
1981,alan-jones,Alan Jones,JON,15,15,2,6,0,5,46.0,1.0,3.0
1981,jacques-laffite,Jacques Laffite,LAF,15,15,2,7,1,1,44.0,1.0,4.0
1981,alain-prost,Alain Prost,PRO,15,15,3,6,2,1,43.0,1.0,5.0
1981,john-watson,John Watson,WAT,15,15,1,4,0,1,27.0,1.0,6.0
1981,gilles-villeneuve,Gilles Villeneuve,VIL,15,15,2,3,1,1,25.0,1.0,7.0
1981,elio-de-angelis,Elio de Angelis,DEA,14,14,0,0,0,0,14.0,4.0,8.0
1981,rene-arnoux,René Arnoux,ARN,15,15,0,1,4,1,11.0,2.0,9.0
1981,hector-rebaque,Héctor Rebaque,REB,15,15,0,0,0,0,11.0,4.0,10.0
1981,riccardo-patrese,Riccardo Patrese,PAT,15,15,0,2,1,0,10.0,2.0,11.0
1981,eddie-cheever,Eddie Cheever,CHE,15,15,0,0,0,0,10.0,4.0,12.0
1981,didier-pironi,Didier Pironi,PIR,15,15,0,0,0,1,9.0,4.0,13.0
1981,nigel-mansell,Nigel Mansell,MAN,14,14,0,1,0,0,8.0,3.0,14.0
1981,bruno-giacomelli,Bruno Giacomelli,GIA,15,15,0,1,0,0,7.0,3.0,15.0
1981,marc-surer,Marc Surer,SUR,14,14,0,0,0,1,4.0,4.0,16.0
1981,mario-andretti,Mario Andretti,AND,15,15,0,0,0,0,3.0,4.0,17.0
1981,andrea-de-cesaris,Andrea de Cesaris,DEC,15,15,0,0,0,0,1.0,6.0,18.0
1981,eliseo-salazar,Eliseo Salazar,SAL,15,15,0,0,0,0,1.0,6.0,18.0
1981,patrick-tambay,Patrick Tambay,TAM,15,15,0,0,0,0,1.0,6.0,18.0
1981,slim-borgudd,Slim Borgudd,BOR,12,12,0,0,0,0,1.0,6.0,18.0
1981,beppe-gabbiani,Beppe Gabbiani,GAB,15,15,0,0,0,0,0.0,,
1981,brian-henton,Brian Henton,HEN,12,12,0,0,0,0,0.0,10.0,
1981,chico-serra,Chico Serra,SER,14,14,0,0,0,0,0.0,7.0,
1981,derek-daly,Derek Daly,DAL,15,15,0,0,0,0,0.0,7.0,
1981,derek-warwick,Derek Warwick,WAR,12,12,0,0,0,0,0.0,,
1981,giorgio-francia,Giorgio Francia,FRA,1,1,0,0,0,0,0.0,,
1981,jacques-villeneuve-sr,"Jacques Villeneuve, Sr.",VIL,2,2,0,0,0,0,0.0,,
1981,jan-lammers,Jan Lammers,LAM,4,4,0,0,0,0,0.0,12.0,
1981,jean-pierre-jabouille,Jean-Pierre Jabouille,JAB,6,6,0,0,0,0,0.0,,
1981,jean-pierre-jarier,Jean-Pierre Jarier,JAR,9,9,0,0,0,0,0.0,7.0,
1981,keke-rosberg,Keke Rosberg,ROS,14,14,0,0,0,0,0.0,9.0,
1981,kevin-cogan,Kevin Cogan,COG,1,1,0,0,0,0,0.0,,
1981,michele-alboreto,Michele Alboreto,ALB,12,12,0,0,0,0,0.0,9.0,
1981,miguel-angel-guerra,Miguel Ángel Guerra,GUE,4,4,0,0,0,0,0.0,,
1981,piercarlo-ghinzani,Piercarlo Ghinzani,GHI,2,2,0,0,0,0,0.0,13.0,
1981,ricardo-londono,Ricardo Londoño,LON,1,1,0,0,0,0,0.0,,
1981,ricardo-zunino,Ricardo Zunino,ZUN,2,2,0,0,0,0,0.0,13.0,
1981,siegfried-stohr,Siegfried Stohr,STO,13,13,0,0,0,0,0.0,7.0,
1982,keke-rosberg,Keke Rosberg,ROS,15,15,1,6,1,0,44.0,1.0,1.0
1982,didier-pironi,Didier Pironi,PIR,12,12,2,6,2,2,39.0,1.0,2.0
1982,john-watson,John Watson,WAT,15,15,2,5,0,1,39.0,1.0,3.0
1982,alain-prost,Alain Prost,PRO,16,16,2,4,5,4,34.0,1.0,4.0
1982,niki-lauda,Niki Lauda,LAU,15,15,2,3,0,1,30.0,1.0,5.0
1982,rene-arnoux,René Arnoux,ARN,16,16,2,4,5,1,28.0,1.0,6.0
1982,patrick-tambay,Patrick Tambay,TAM,8,8,1,3,0,0,25.0,1.0,7.0
1982,michele-alboreto,Michele Alboreto,ALB,16,16,1,2,0,1,25.0,1.0,8.0
1982,elio-de-angelis,Elio de Angelis,DEA,15,15,1,1,0,0,23.0,1.0,9.0
1982,riccardo-patrese,Riccardo Patrese,PAT,15,15,1,3,0,2,21.0,1.0,10.0
1982,nelson-piquet,Nelson Piquet,PIQ,15,15,1,2,1,2,20.0,1.0,11.0
1982,eddie-cheever,Eddie Cheever,CHE,15,15,0,3,0,0,15.0,2.0,12.0
1982,derek-daly,Derek Daly,DAL,15,15,0,0,0,0,8.0,5.0,13.0
1982,nigel-mansell,Nigel Mansell,MAN,13,13,0,1,0,0,7.0,3.0,14.0
1982,carlos-reutemann,Carlos Reutemann,REU,2,2,0,1,0,0,6.0,2.0,15.0
1982,gilles-villeneuve,Gilles Villeneuve,VIL,5,5,0,1,0,0,6.0,2.0,15.0
1982,andrea-de-cesaris,Andrea de Cesaris,DEC,16,16,0,1,1,0,5.0,3.0,17.0
1982,jacques-laffite,Jacques Laffite,LAF,15,15,0,1,0,0,5.0,3.0,17.0
1982,mario-andretti,Mario Andretti,AND,3,3,0,1,1,0,4.0,3.0,19.0
1982,jean-pierre-jarier,Jean-Pierre Jarier,JAR,16,16,0,0,0,0,3.0,4.0,20.0
1982,marc-surer,Marc Surer,SUR,12,12,0,0,0,0,3.0,5.0,21.0
1982,bruno-giacomelli,Bruno Giacomelli,GIA,16,16,0,0,0,0,2.0,5.0,22.0
1982,eliseo-salazar,Eliseo Salazar,SAL,16,16,0,0,0,0,2.0,5.0,22.0
1982,manfred-winkelhock,Manfred Winkelhock,WIN,16,16,0,0,0,0,2.0,5.0,22.0
1982,mauro-baldi,Mauro Baldi,BAL,15,15,0,0,0,0,2.0,6.0,25.0
1982,chico-serra,Chico Serra,SER,15,15,0,0,0,0,1.0,6.0,26.0
1982,brian-henton,Brian Henton,HEN,16,16,0,0,0,1,0.0,7.0,
1982,derek-warwick,Derek Warwick,WAR,14,14,0,0,0,1,0.0,10.0,
1982,emilio-de-villota,Emilio de Villota,DEV,5,5,0,0,0,0,0.0,,
1982,geoff-lees,Geoff Lees,LEE,2,2,0,0,0,0,0.0,12.0,
1982,jan-lammers,Jan Lammers,LAM,6,6,0,0,0,0,0.0,,
1982,jochen-mass,Jochen Mass,MAS,10,10,0,0,0,0,0.0,7.0,
1982,raul-boesel,Raul Boesel,BOE,15,15,0,0,0,0,0.0,8.0,
1982,riccardo-paletti,Riccardo Paletti,PAL,8,8,0,0,0,0,0.0,,
1982,roberto-guerrero,Roberto Guerrero,GUE,14,14,0,0,0,0,0.0,8.0,
1982,roberto-moreno,Roberto Moreno,MOR,1,1,0,0,0,0,0.0,,
1982,rupert-keegan,Rupert Keegan,KEE,5,5,0,0,0,0,0.0,12.0,
1982,slim-borgudd,Slim Borgudd,BOR,3,3,0,0,0,0,0.0,7.0,
1982,teo-fabi,Teo Fabi,FAB,14,14,0,0,0,0,0.0,,
1982,tommy-byrne,Tommy Byrne,BYR,5,5,0,0,0,0,0.0,,
1983,nelson-piquet,Nelson Piquet,PIQ,15,15,3,8,1,4,59.0,1.0,1.0
1983,alain-prost,Alain Prost,PRO,15,15,4,7,3,3,57.0,1.0,2.0
1983,rene-arnoux,René Arnoux,ARN,15,15,3,7,4,2,49.0,1.0,3.0
1983,patrick-tambay,Patrick Tambay,TAM,15,15,1,5,4,1,40.0,1.0,4.0
1983,keke-rosberg,Keke Rosberg,ROS,15,15,1,2,1,0,27.0,1.0,5.0
1983,john-watson,John Watson,WAT,15,15,1,3,0,1,22.0,1.0,6.0
1983,eddie-cheever,Eddie Cheever,CHE,15,15,0,4,0,0,22.0,2.0,7.0
1983,andrea-de-cesaris,Andrea de Cesaris,DEC,15,15,0,2,0,1,15.0,2.0,8.0
1983,riccardo-patrese,Riccardo Patrese,PAT,15,15,1,2,1,1,13.0,1.0,9.0
1983,niki-lauda,Niki Lauda,LAU,15,15,0,2,0,1,12.0,2.0,10.0
1983,jacques-laffite,Jacques Laffite,LAF,15,15,0,0,0,0,11.0,4.0,11.0
1983,michele-alboreto,Michele Alboreto,ALB,15,15,1,1,0,0,10.0,1.0,12.0
1983,nigel-mansell,Nigel Mansell,MAN,15,15,0,1,0,1,10.0,3.0,13.0
1983,derek-warwick,Derek Warwick,WAR,15,15,0,0,0,0,9.0,4.0,14.0
1983,marc-surer,Marc Surer,SUR,15,15,0,0,0,0,4.0,5.0,15.0
1983,mauro-baldi,Mauro Baldi,BAL,15,15,0,0,0,0,3.0,5.0,16.0
1983,danny-sullivan,Danny Sullivan,SUL,15,15,0,0,0,0,2.0,5.0,17.0
1983,elio-de-angelis,Elio de Angelis,DEA,15,15,0,0,1,0,2.0,5.0,17.0
1983,bruno-giacomelli,Bruno Giacomelli,GIA,15,15,0,0,0,0,1.0,6.0,19.0
1983,johnny-cecotto,Johnny Cecotto,CEC,13,13,0,0,0,0,1.0,6.0,19.0
1983,alan-jones,Alan Jones,JON,1,1,0,0,0,0,0.0,,
1983,chico-serra,Chico Serra,SER,4,4,0,0,0,0,0.0,7.0,
1983,corrado-fabi,Corrado Fabi,FAB,15,15,0,0,0,0,0.0,10.0,
1983,eliseo-salazar,Eliseo Salazar,SAL,6,6,0,0,0,0,0.0,14.0,
1983,jacques-villeneuve-sr,"Jacques Villeneuve, Sr.",VIL,1,1,0,0,0,0,0.0,,
1983,jean-louis-schlesser,Jean-Louis Schlesser,SCH,1,1,0,0,0,0,0.0,,
1983,jean-pierre-jarier,Jean-Pierre Jarier,JAR,15,15,0,0,0,0,0.0,7.0,
1983,jonathan-palmer,Jonathan Palmer,PAL,1,1,0,0,0,0,0.0,13.0,
1983,kenny-acheson,Kenny Acheson,ACH,7,7,0,0,0,0,0.0,12.0,
1983,manfred-winkelhock,Manfred Winkelhock,WIN,15,15,0,0,0,0,0.0,8.0,
1983,piercarlo-ghinzani,Piercarlo Ghinzani,GHI,15,15,0,0,0,0,0.0,11.0,
1983,raul-boesel,Raul Boesel,BOE,15,15,0,0,0,0,0.0,7.0,
1983,roberto-guerrero,Roberto Guerrero,GUE,14,14,0,0,0,0,0.0,12.0,
1983,stefan-johansson,Stefan Johansson,JOH,6,6,0,0,0,0,0.0,7.0,
1983,thierry-boutsen,Thierry Boutsen,BOU,10,10,0,0,0,0,0.0,7.0,
1984,niki-lauda,Niki Lauda,LAU,16,16,5,9,0,5,72.0,1.0,1.0
1984,alain-prost,Alain Prost,PRO,16,16,7,9,3,3,71.5,1.0,2.0
1984,elio-de-angelis,Elio de Angelis,DEA,16,16,0,4,1,0,34.0,2.0,3.0
1984,michele-alboreto,Michele Alboreto,ALB,16,16,1,4,1,0,30.5,1.0,4.0
1984,nelson-piquet,Nelson Piquet,PIQ,16,16,2,4,9,3,29.0,1.0,5.0
1984,rene-arnoux,René Arnoux,ARN,16,16,0,4,0,2,27.0,2.0,6.0
1984,derek-warwick,Derek Warwick,WAR,16,16,0,4,0,1,23.0,2.0,7.0
1984,keke-rosberg,Keke Rosberg,ROS,16,16,1,2,0,0,20.5,1.0,8.0
1984,ayrton-senna,Ayrton Senna,SEN,15,15,0,3,0,1,13.0,2.0,9.0
1984,nigel-mansell,Nigel Mansell,MAN,16,16,0,2,1,0,13.0,3.0,10.0
1984,patrick-tambay,Patrick Tambay,TAM,16,16,0,1,1,1,11.0,2.0,11.0
1984,teo-fabi,Teo Fabi,FAB,12,12,0,1,0,0,9.0,3.0,12.0
1984,riccardo-patrese,Riccardo Patrese,PAT,16,16,0,1,0,0,8.0,3.0,13.0
1984,jacques-laffite,Jacques Laffite,LAF,16,16,0,0,0,0,5.0,4.0,14.0
1984,thierry-boutsen,Thierry Boutsen,BOU,16,16,0,0,0,0,5.0,5.0,15.0
1984,eddie-cheever,Eddie Cheever,CHE,16,16,0,0,0,0,3.0,4.0,16.0
1984,stefan-johansson,Stefan Johansson,JOH,7,7,0,0,0,0,3.0,4.0,16.0
1984,andrea-de-cesaris,Andrea de Cesaris,DEC,16,16,0,0,0,0,3.0,5.0,18.0
1984,piercarlo-ghinzani,Piercarlo Ghinzani,GHI,16,16,0,0,0,0,2.0,5.0,19.0
1984,marc-surer,Marc Surer,SUR,16,16,0,0,0,0,1.0,6.0,20.0
1984,corrado-fabi,Corrado Fabi,FAB,3,3,0,0,0,0,0.0,7.0,
1984,francois-hesnault,François Hesnault,HES,16,16,0,0,0,0,0.0,7.0,
1984,gerhard-berger,Gerhard Berger,BER,4,4,0,0,0,0,0.0,6.0,
1984,huub-rothengatter,Huub Rothengatter,ROT,8,8,0,0,0,0,0.0,8.0,
1984,jo-gartner,Jo Gartner,GAR,8,8,0,0,0,0,0.0,5.0,
1984,johnny-cecotto,Johnny Cecotto,CEC,10,10,0,0,0,0,0.0,9.0,
1984,jonathan-palmer,Jonathan Palmer,PAL,15,15,0,0,0,0,0.0,8.0,
1984,manfred-winkelhock,Manfred Winkelhock,WIN,15,15,0,0,0,0,0.0,8.0,
1984,martin-brundle,Martin Brundle,BRU,9,9,0,0,0,0,0.0,,
1984,mauro-baldi,Mauro Baldi,BAL,8,8,0,0,0,0,0.0,8.0,
1984,mike-thackwell,Mike Thackwell,THA,2,2,0,0,0,0,0.0,,
1984,philippe-alliot,Philippe Alliot,ALL,16,16,0,0,0,0,0.0,10.0,
1984,philippe-streiff,Philippe Streiff,STR,1,1,0,0,0,0,0.0,,
1984,pierluigi-martini,Pierluigi Martini,MAR,1,1,0,0,0,0,0.0,,
1984,stefan-bellof,Stefan Bellof,BEL,12,12,0,0,0,0,0.0,,
1985,alain-prost,Alain Prost,PRO,16,16,5,11,2,5,76.0,1.0,1.0
1985,michele-alboreto,Michele Alboreto,ALB,16,16,2,8,1,2,53.0,1.0,2.0
1985,keke-rosberg,Keke Rosberg,ROS,16,16,2,5,2,3,40.0,1.0,3.0
1985,ayrton-senna,Ayrton Senna,SEN,16,16,2,6,7,3,38.0,1.0,4.0
1985,elio-de-angelis,Elio de Angelis,DEA,16,16,1,3,1,0,33.0,1.0,5.0
1985,nigel-mansell,Nigel Mansell,MAN,16,16,2,3,1,1,31.0,1.0,6.0
1985,stefan-johansson,Stefan Johansson,JOH,16,16,0,2,0,0,26.0,2.0,7.0
1985,nelson-piquet,Nelson Piquet,PIQ,16,16,1,2,1,0,21.0,1.0,8.0
1985,jacques-laffite,Jacques Laffite,LAF,15,15,0,3,0,1,16.0,2.0,9.0
1985,niki-lauda,Niki Lauda,LAU,15,15,1,1,0,1,14.0,1.0,10.0
1985,thierry-boutsen,Thierry Boutsen,BOU,16,16,0,1,0,0,11.0,2.0,11.0
1985,patrick-tambay,Patrick Tambay,TAM,15,15,0,2,0,0,11.0,3.0,12.0
1985,marc-surer,Marc Surer,SUR,12,12,0,0,0,0,5.0,4.0,13.0
1985,derek-warwick,Derek Warwick,WAR,15,15,0,0,0,0,5.0,5.0,14.0
1985,philippe-streiff,Philippe Streiff,STR,5,5,0,1,0,0,4.0,3.0,15.0
1985,stefan-bellof,Stefan Bellof,BEL,10,10,0,0,0,0,4.0,4.0,16.0
1985,andrea-de-cesaris,Andrea de Cesaris,DEC,11,11,0,0,0,0,3.0,4.0,17.0
1985,ivan-capelli,Ivan Capelli,CAP,2,2,0,0,0,0,3.0,4.0,17.0
1985,rene-arnoux,René Arnoux,ARN,1,1,0,0,0,0,3.0,4.0,17.0
1985,gerhard-berger,Gerhard Berger,BER,16,16,0,0,0,0,3.0,5.0,20.0
1985,alan-jones,Alan Jones,JON,4,4,0,0,0,0,0.0,,
1985,christian-danner,Christian Danner,DAN,2,2,0,0,0,0,0.0,,
1985,eddie-cheever,Eddie Cheever,CHE,16,16,0,0,0,0,0.0,9.0,
1985,francois-hesnault,François Hesnault,HES,5,5,0,0,0,0,0.0,,
1985,huub-rothengatter,Huub Rothengatter,ROT,8,8,0,0,0,0,0.0,7.0,
1985,john-watson,John Watson,WAT,1,1,0,0,0,0,0.0,7.0,
1985,jonathan-palmer,Jonathan Palmer,PAL,8,8,0,0,0,0,0.0,11.0,
1985,kenny-acheson,Kenny Acheson,ACH,3,3,0,0,0,0,0.0,,
1985,manfred-winkelhock,Manfred Winkelhock,WIN,9,9,0,0,0,0,0.0,12.0,
1985,martin-brundle,Martin Brundle,BRU,16,16,0,0,0,0,0.0,7.0,
1985,mauro-baldi,Mauro Baldi,BAL,3,3,0,0,0,0,0.0,,
1985,philippe-alliot,Philippe Alliot,ALL,14,14,0,0,0,0,0.0,9.0,
1985,piercarlo-ghinzani,Piercarlo Ghinzani,GHI,15,15,0,0,0,0,0.0,9.0,
1985,pierluigi-martini,Pierluigi Martini,MAR,16,16,0,0,0,0,0.0,8.0,
1985,riccardo-patrese,Riccardo Patrese,PAT,16,16,0,0,0,0,0.0,9.0,
1985,teo-fabi,Teo Fabi,FAB,13,13,0,0,1,0,0.0,12.0,
1986,alain-prost,Alain Prost,PRO,16,16,4,11,1,2,74.0,1.0,1.0
1986,nigel-mansell,Nigel Mansell,MAN,16,16,5,9,2,4,72.0,1.0,2.0
1986,nelson-piquet,Nelson Piquet,PIQ,16,16,4,10,2,7,69.0,1.0,3.0
1986,ayrton-senna,Ayrton Senna,SEN,16,16,2,8,8,0,55.0,1.0,4.0
1986,stefan-johansson,Stefan Johansson,JOH,16,16,0,4,0,0,23.0,3.0,5.0
1986,keke-rosberg,Keke Rosberg,ROS,16,16,0,1,1,0,22.0,2.0,6.0
1986,gerhard-berger,Gerhard Berger,BER,16,16,1,2,0,2,17.0,1.0,7.0
1986,jacques-laffite,Jacques Laffite,LAF,9,9,0,2,0,0,14.0,2.0,8.0
1986,michele-alboreto,Michele Alboreto,ALB,16,16,0,1,0,0,14.0,2.0,9.0
1986,rene-arnoux,René Arnoux,ARN,16,16,0,0,0,0,14.0,4.0,10.0
1986,martin-brundle,Martin Brundle,BRU,16,16,0,0,0,0,8.0,4.0,11.0
1986,alan-jones,Alan Jones,JON,16,16,0,0,0,0,4.0,4.0,12.0
1986,johnny-dumfries,Johnny Dumfries,DUM,16,16,0,0,0,0,3.0,5.0,13.0
1986,philippe-streiff,Philippe Streiff,STR,16,16,0,0,0,0,3.0,5.0,13.0
1986,patrick-tambay,Patrick Tambay,TAM,15,15,0,0,0,0,2.0,5.0,15.0
1986,teo-fabi,Teo Fabi,FAB,16,16,0,0,2,1,2.0,5.0,15.0
1986,riccardo-patrese,Riccardo Patrese,PAT,16,16,0,0,0,0,2.0,6.0,17.0
1986,christian-danner,Christian Danner,DAN,16,16,0,0,0,0,1.0,6.0,18.0
1986,philippe-alliot,Philippe Alliot,ALL,7,7,0,0,0,0,1.0,6.0,18.0
1986,alessandro-nannini,Alessandro Nannini,NAN,16,16,0,0,0,0,0.0,14.0,
1986,alex-caffi,Alex Caffi,CAF,1,1,0,0,0,0,0.0,11.0,
1986,allen-berg,Allen Berg,BER,9,9,0,0,0,0,0.0,12.0,
1986,andrea-de-cesaris,Andrea de Cesaris,DEC,16,16,0,0,0,0,0.0,8.0,
1986,derek-warwick,Derek Warwick,WAR,11,11,0,0,0,0,0.0,7.0,
1986,eddie-cheever,Eddie Cheever,CHE,1,1,0,0,0,0,0.0,,
1986,elio-de-angelis,Elio de Angelis,DEA,4,4,0,0,0,0,0.0,8.0,
1986,huub-rothengatter,Huub Rothengatter,ROT,14,14,0,0,0,0,0.0,8.0,
1986,ivan-capelli,Ivan Capelli,CAP,2,2,0,0,0,0,0.0,,
1986,jonathan-palmer,Jonathan Palmer,PAL,16,16,0,0,0,0,0.0,8.0,
1986,marc-surer,Marc Surer,SUR,5,5,0,0,0,0,0.0,9.0,
1986,piercarlo-ghinzani,Piercarlo Ghinzani,GHI,16,16,0,0,0,0,0.0,11.0,
1986,thierry-boutsen,Thierry Boutsen,BOU,16,16,0,0,0,0,0.0,7.0,
1987,nelson-piquet,Nelson Piquet,PIQ,16,16,3,11,4,4,76.0,1.0,1.0
1987,nigel-mansell,Nigel Mansell,MAN,15,15,6,7,8,3,61.0,1.0,2.0
1987,ayrton-senna,Ayrton Senna,SEN,16,16,2,8,1,3,57.0,1.0,3.0
1987,alain-prost,Alain Prost,PRO,16,16,3,7,0,2,46.0,1.0,4.0
1987,gerhard-berger,Gerhard Berger,BER,16,16,2,3,3,3,36.0,1.0,5.0
1987,stefan-johansson,Stefan Johansson,JOH,16,16,0,5,0,0,30.0,2.0,6.0
1987,michele-alboreto,Michele Alboreto,ALB,16,16,0,3,0,0,17.0,2.0,7.0
1987,thierry-boutsen,Thierry Boutsen,BOU,16,16,0,1,0,0,16.0,3.0,8.0
1987,teo-fabi,Teo Fabi,FAB,16,16,0,1,0,1,12.0,3.0,9.0
1987,eddie-cheever,Eddie Cheever,CHE,16,16,0,0,0,0,8.0,4.0,10.0
1987,jonathan-palmer,Jonathan Palmer,PAL,16,16,0,0,0,0,7.0,4.0,11.0
1987,satoru-nakajima,Satoru Nakajima,NAK,16,16,0,0,0,0,7.0,4.0,12.0
1987,riccardo-patrese,Riccardo Patrese,PAT,16,16,0,1,0,0,6.0,3.0,13.0
1987,andrea-de-cesaris,Andrea de Cesaris,DEC,16,16,0,1,0,0,4.0,3.0,14.0
1987,philippe-streiff,Philippe Streiff,STR,16,16,0,0,0,0,4.0,4.0,15.0
1987,derek-warwick,Derek Warwick,WAR,16,16,0,0,0,0,3.0,5.0,16.0
1987,philippe-alliot,Philippe Alliot,ALL,15,15,0,0,0,0,3.0,6.0,17.0
1987,martin-brundle,Martin Brundle,BRU,16,16,0,0,0,0,2.0,5.0,18.0
1987,ivan-capelli,Ivan Capelli,CAP,16,16,0,0,0,0,1.0,6.0,19.0
1987,rene-arnoux,René Arnoux,ARN,15,15,0,0,0,0,1.0,6.0,19.0
1987,roberto-moreno,Roberto Moreno,MOR,2,2,0,0,0,0,1.0,6.0,19.0
1987,adrian-campos,Adrián Campos,CAM,16,16,0,0,0,0,0.0,14.0,
1987,alessandro-nannini,Alessandro Nannini,NAN,16,16,0,0,0,0,0.0,11.0,
1987,alex-caffi,Alex Caffi,CAF,16,16,0,0,0,0,0.0,12.0,
1987,christian-danner,Christian Danner,DAN,16,16,0,0,0,0,0.0,7.0,
1987,franco-forini,Franco Forini,FOR,3,3,0,0,0,0,0.0,,
1987,gabriele-tarquini,Gabriele Tarquini,TAR,1,1,0,0,0,0,0.0,,
1987,nicola-larini,Nicola Larini,LAR,2,2,0,0,0,0,0.0,,
1987,pascal-fabre,Pascal Fabre,FAB,14,14,0,0,0,0,0.0,9.0,
1987,piercarlo-ghinzani,Piercarlo Ghinzani,GHI,15,15,0,0,0,0,0.0,7.0,
1987,stefano-modena,Stefano Modena,MOD,1,1,0,0,0,0,0.0,,
1987,yannick-dalmas,Yannick Dalmas,DAL,3,3,0,0,0,0,0.0,5.0,
1988,ayrton-senna,Ayrton Senna,SEN,16,16,8,11,13,3,94.0,1.0,1.0
1988,alain-prost,Alain Prost,PRO,16,16,7,14,2,7,105.0,1.0,2.0
1988,gerhard-berger,Gerhard Berger,BER,16,16,1,5,1,3,41.0,1.0,3.0
1988,thierry-boutsen,Thierry Boutsen,BOU,16,16,0,5,0,0,27.0,3.0,4.0
1988,michele-alboreto,Michele Alboreto,ALB,16,16,0,3,0,1,24.0,2.0,5.0
1988,nelson-piquet,Nelson Piquet,PIQ,16,16,0,3,0,0,22.0,3.0,6.0
1988,ivan-capelli,Ivan Capelli,CAP,16,16,0,2,0,0,17.0,2.0,7.0
1988,derek-warwick,Derek Warwick,WAR,16,16,0,0,0,0,17.0,4.0,8.0
1988,nigel-mansell,Nigel Mansell,MAN,14,14,0,2,0,1,12.0,2.0,9.0
1988,alessandro-nannini,Alessandro Nannini,NAN,16,16,0,2,0,1,12.0,3.0,10.0
1988,riccardo-patrese,Riccardo Patrese,PAT,16,16,0,0,0,0,8.0,4.0,11.0
1988,eddie-cheever,Eddie Cheever,CHE,16,16,0,1,0,0,6.0,3.0,12.0
1988,mauricio-gugelmin,Maurício Gugelmin,GUG,16,16,0,0,0,0,5.0,4.0,13.0
1988,jonathan-palmer,Jonathan Palmer,PAL,16,16,0,0,0,0,5.0,5.0,14.0
1988,andrea-de-cesaris,Andrea de Cesaris,DEC,16,16,0,0,0,0,3.0,4.0,15.0
1988,pierluigi-martini,Pierluigi Martini,MAR,11,11,0,0,0,0,1.0,6.0,16.0
1988,satoru-nakajima,Satoru Nakajima,NAK,16,16,0,0,0,0,1.0,6.0,16.0
1988,adrian-campos,Adrián Campos,CAM,5,5,0,0,0,0,0.0,16.0,
1988,aguri-suzuki,Aguri Suzuki,SUZ,1,1,0,0,0,0,0.0,16.0,
1988,alex-caffi,Alex Caffi,CAF,16,16,0,0,0,0,0.0,7.0,
1988,bernd-schneider,Bernd Schneider,SCH,16,16,0,0,0,0,0.0,12.0,
1988,gabriele-tarquini,Gabriele Tarquini,TAR,16,16,0,0,0,0,0.0,8.0,
1988,jean-louis-schlesser,Jean-Louis Schlesser,SCH,1,1,0,0,0,0,0.0,11.0,
1988,julian-bailey,Julian Bailey,BAI,16,16,0,0,0,0,0.0,9.0,
1988,luis-perez-sala,Luis Pérez-Sala,PER,16,16,0,0,0,0,0.0,8.0,
1988,martin-brundle,Martin Brundle,BRU,1,1,0,0,0,0,0.0,7.0,
1988,nicola-larini,Nicola Larini,LAR,16,16,0,0,0,0,0.0,9.0,
1988,oscar-larrauri,Oscar Larrauri,LAR,16,16,0,0,0,0,0.0,13.0,
1988,philippe-alliot,Philippe Alliot,ALL,16,16,0,0,0,0,0.0,9.0,
1988,philippe-streiff,Philippe Streiff,STR,16,16,0,0,0,0,0.0,8.0,
1988,piercarlo-ghinzani,Piercarlo Ghinzani,GHI,16,16,0,0,0,0,0.0,14.0,
1988,pierre-henri-raphanel,Pierre-Henri Raphanel,RAP,1,1,0,0,0,0,0.0,,
1988,rene-arnoux,René Arnoux,ARN,16,16,0,0,0,0,0.0,10.0,
1988,stefan-johansson,Stefan Johansson,JOH,16,16,0,0,0,0,0.0,9.0,
1988,stefano-modena,Stefano Modena,MOD,16,16,0,0,0,0,0.0,11.0,
1988,yannick-dalmas,Yannick Dalmas,DAL,14,14,0,0,0,0,0.0,7.0,
1989,alain-prost,Alain Prost,PRO,16,16,4,11,2,5,81.0,1.0,1.0
1989,ayrton-senna,Ayrton Senna,SEN,16,16,6,7,13,3,60.0,1.0,2.0
1989,riccardo-patrese,Riccardo Patrese,PAT,16,16,0,6,1,1,40.0,2.0,3.0
1989,nigel-mansell,Nigel Mansell,MAN,15,15,2,6,0,3,38.0,1.0,4.0
1989,thierry-boutsen,Thierry Boutsen,BOU,16,16,2,5,0,0,37.0,1.0,5.0
1989,alessandro-nannini,Alessandro Nannini,NAN,16,16,1,4,0,0,32.0,1.0,6.0
1989,gerhard-berger,Gerhard Berger,BER,15,15,1,3,0,1,21.0,1.0,7.0
1989,nelson-piquet,Nelson Piquet,PIQ,16,16,0,0,0,0,12.0,4.0,8.0
1989,jean-alesi,Jean Alesi,ALE,8,8,0,0,0,0,8.0,4.0,9.0
1989,derek-warwick,Derek Warwick,WAR,15,15,0,0,0,0,7.0,5.0,10.0
1989,eddie-cheever,Eddie Cheever,CHE,16,16,0,1,0,0,6.0,3.0,11.0
1989,michele-alboreto,Michele Alboreto,ALB,14,14,0,1,0,0,6.0,3.0,11.0
1989,stefan-johansson,Stefan Johansson,JOH,16,16,0,1,0,0,6.0,3.0,11.0
1989,johnny-herbert,Johnny Herbert,HER,8,8,0,0,0,0,5.0,4.0,14.0
1989,pierluigi-martini,Pierluigi Martini,MAR,15,15,0,0,0,0,5.0,5.0,15.0
1989,andrea-de-cesaris,Andrea de Cesaris,DEC,16,16,0,1,0,0,4.0,3.0,16.0
1989,mauricio-gugelmin,Maurício Gugelmin,GUG,16,16,0,1,0,1,4.0,3.0,16.0
1989,stefano-modena,Stefano Modena,MOD,16,16,0,1,0,0,4.0,3.0,16.0
1989,alex-caffi,Alex Caffi,CAF,16,16,0,0,0,0,4.0,4.0,19.0
1989,martin-brundle,Martin Brundle,BRU,16,16,0,0,0,0,4.0,5.0,20.0
1989,christian-danner,Christian Danner,DAN,13,13,0,0,0,0,3.0,4.0,21.0
1989,satoru-nakajima,Satoru Nakajima,NAK,16,16,0,0,0,1,3.0,4.0,21.0
1989,emanuele-pirro,Emanuele Pirro,PIR,10,10,0,0,0,0,2.0,5.0,23.0
1989,rene-arnoux,René Arnoux,ARN,16,16,0,0,0,0,2.0,5.0,23.0
1989,jonathan-palmer,Jonathan Palmer,PAL,16,16,0,0,0,1,2.0,6.0,25.0
1989,gabriele-tarquini,Gabriele Tarquini,TAR,15,15,0,0,0,0,1.0,6.0,26.0
1989,luis-perez-sala,Luis Pérez-Sala,PER,16,16,0,0,0,0,1.0,6.0,26.0
1989,olivier-grouillard,Olivier Grouillard,GRO,16,16,0,0,0,0,1.0,6.0,26.0
1989,philippe-alliot,Philippe Alliot,ALL,16,16,0,0,0,0,1.0,6.0,26.0
1989,aguri-suzuki,Aguri Suzuki,SUZ,16,16,0,0,0,0,0.0,,
1989,bernd-schneider,Bernd Schneider,SCH,16,16,0,0,0,0,0.0,,
1989,bertrand-gachot,Bertrand Gachot,GAC,14,14,0,0,0,0,0.0,12.0,
1989,enrico-bertaggia,Enrico Bertaggia,BER,6,6,0,0,0,0,0.0,,
1989,gregor-foitek,Gregor Foitek,FOI,12,12,0,0,0,0,0.0,,
1989,ivan-capelli,Ivan Capelli,CAP,16,16,0,0,0,0,0.0,11.0,
1989,jj-lehto,JJ Lehto,JAR,4,4,0,0,0,0,0.0,,
1989,joachim-winkelhock,Joachim Winkelhock,WIN,7,7,0,0,0,0,0.0,,
1989,martin-donnelly,Martin Donnelly,DON,1,1,0,0,0,0,0.0,12.0,
1989,nicola-larini,Nicola Larini,LAR,16,16,0,0,0,0,0.0,12.0,
1989,oscar-larrauri,Oscar Larrauri,LAR,5,5,0,0,0,0,0.0,,
1989,paolo-barilla,Paolo Barilla,BAR,1,1,0,0,0,0,0.0,,
1989,piercarlo-ghinzani,Piercarlo Ghinzani,GHI,16,16,0,0,0,0,0.0,,
1989,pierre-henri-raphanel,Pierre-Henri Raphanel,RAP,16,16,0,0,0,0,0.0,,
1989,roberto-moreno,Roberto Moreno,MOR,16,16,0,0,0,0,0.0,,
1989,volker-weidler,Volker Weidler,WEI,10,10,0,0,0,0,0.0,,
1989,yannick-dalmas,Yannick Dalmas,DAL,15,15,0,0,0,0,0.0,,
1989,eric-bernard,Éric Bernard,BER,2,2,0,0,0,0,0.0,11.0,
1990,ayrton-senna,Ayrton Senna,SEN,16,16,6,11,10,2,78.0,1.0,1.0
1990,alain-prost,Alain Prost,PRO,16,16,5,9,0,2,73.0,1.0,2.0
1990,nelson-piquet,Nelson Piquet,PIQ,16,16,2,4,0,0,44.0,1.0,3.0
1990,gerhard-berger,Gerhard Berger,BER,16,16,0,7,2,3,43.0,2.0,4.0
1990,nigel-mansell,Nigel Mansell,MAN,16,16,1,5,3,3,37.0,1.0,5.0
1990,thierry-boutsen,Thierry Boutsen,BOU,16,16,1,3,1,1,34.0,1.0,6.0
1990,riccardo-patrese,Riccardo Patrese,PAT,16,16,1,1,0,4,23.0,1.0,7.0
1990,alessandro-nannini,Alessandro Nannini,NAN,14,14,0,3,0,1,21.0,2.0,8.0
1990,jean-alesi,Jean Alesi,ALE,16,16,0,2,0,0,13.0,2.0,9.0
1990,ivan-capelli,Ivan Capelli,CAP,16,16,0,1,0,0,6.0,2.0,10.0
1990,roberto-moreno,Roberto Moreno,MOR,16,16,0,1,0,0,6.0,2.0,10.0
1990,aguri-suzuki,Aguri Suzuki,SUZ,16,16,0,1,0,0,6.0,3.0,12.0
1990,eric-bernard,Éric Bernard,BER,16,16,0,0,0,0,5.0,4.0,13.0
1990,derek-warwick,Derek Warwick,WAR,16,16,0,0,0,0,3.0,5.0,14.0
1990,satoru-nakajima,Satoru Nakajima,NAK,16,16,0,0,0,0,3.0,6.0,15.0
1990,alex-caffi,Alex Caffi,CAF,14,14,0,0,0,0,2.0,5.0,16.0
1990,stefano-modena,Stefano Modena,MOD,16,16,0,0,0,0,2.0,5.0,16.0
1990,mauricio-gugelmin,Maurício Gugelmin,GUG,16,16,0,0,0,0,1.0,6.0,18.0
1990,andrea-de-cesaris,Andrea de Cesaris,DEC,16,16,0,0,0,0,0.0,10.0,
1990,bernd-schneider,Bernd Schneider,SCH,2,2,0,0,0,0,0.0,12.0,
1990,bertrand-gachot,Bertrand Gachot,GAC,16,16,0,0,0,0,0.0,,
1990,bruno-giacomelli,Bruno Giacomelli,GIA,12,12,0,0,0,0,0.0,,
1990,claudio-langes,Claudio Langes,LAN,14,14,0,0,0,0,0.0,,
1990,david-brabham,David Brabham,BRA,14,14,0,0,0,0,0.0,15.0,
1990,emanuele-pirro,Emanuele Pirro,PIR,14,14,0,0,0,0,0.0,10.0,
1990,gabriele-tarquini,Gabriele Tarquini,TAR,16,16,0,0,0,0,0.0,13.0,
1990,gary-brabham,Gary Brabham,BRA,2,2,0,0,0,0,0.0,,
1990,gianni-morbidelli,Gianni Morbidelli,MOR,4,4,0,0,0,0,0.0,14.0,
1990,gregor-foitek,Gregor Foitek,FOI,10,10,0,0,0,0,0.0,7.0,
1990,jj-lehto,JJ Lehto,JAR,10,10,0,0,0,0,0.0,12.0,
1990,johnny-herbert,Johnny Herbert,HER,2,2,0,0,0,0,0.0,,
1990,martin-donnelly,Martin Donnelly,DON,14,14,0,0,0,0,0.0,7.0,
1990,michele-alboreto,Michele Alboreto,ALB,16,16,0,0,0,0,0.0,9.0,
1990,nicola-larini,Nicola Larini,LAR,16,16,0,0,0,0,0.0,7.0,
1990,olivier-grouillard,Olivier Grouillard,GRO,16,16,0,0,0,0,0.0,13.0,
1990,paolo-barilla,Paolo Barilla,BAR,14,14,0,0,0,0,0.0,11.0,
1990,philippe-alliot,Philippe Alliot,ALL,16,16,0,0,0,0,0.0,9.0,
1990,pierluigi-martini,Pierluigi Martini,MAR,16,16,0,0,0,0,0.0,7.0,
1990,stefan-johansson,Stefan Johansson,JOH,2,2,0,0,0,0,0.0,,
1990,yannick-dalmas,Yannick Dalmas,DAL,16,16,0,0,0,0,0.0,9.0,
1991,ayrton-senna,Ayrton Senna,SEN,16,16,7,12,8,2,96.0,1.0,1.0
1991,nigel-mansell,Nigel Mansell,MAN,16,16,5,9,2,6,72.0,1.0,2.0
1991,riccardo-patrese,Riccardo Patrese,PAT,16,16,2,8,4,2,53.0,1.0,3.0
1991,gerhard-berger,Gerhard Berger,BER,16,16,1,6,2,2,43.0,1.0,4.0
1991,alain-prost,Alain Prost,PRO,15,15,0,5,0,1,34.0,2.0,5.0
1991,nelson-piquet,Nelson Piquet,PIQ,16,16,1,3,0,0,26.5,1.0,6.0
1991,jean-alesi,Jean Alesi,ALE,16,16,0,3,0,1,21.0,3.0,7.0
1991,stefano-modena,Stefano Modena,MOD,16,16,0,1,0,0,10.0,2.0,8.0
1991,andrea-de-cesaris,Andrea de Cesaris,DEC,16,16,0,0,0,0,9.0,4.0,9.0
1991,roberto-moreno,Roberto Moreno,MOR,14,14,0,0,0,1,8.0,4.0,10.0
1991,pierluigi-martini,Pierluigi Martini,MAR,16,16,0,0,0,0,6.0,4.0,11.0
1991,jj-lehto,JJ Lehto,JAR,16,16,0,1,0,0,4.0,3.0,12.0
1991,bertrand-gachot,Bertrand Gachot,GAC,11,11,0,0,0,1,4.0,5.0,13.0
1991,michael-schumacher,Michael Schumacher,MSC,6,6,0,0,0,0,4.0,5.0,13.0
1991,martin-brundle,Martin Brundle,BRU,16,16,0,0,0,0,2.0,5.0,15.0
1991,mika-hakkinen,Mika Häkkinen,HAK,16,16,0,0,0,0,2.0,5.0,15.0
1991,satoru-nakajima,Satoru Nakajima,NAK,16,16,0,0,0,0,2.0,5.0,15.0
1991,aguri-suzuki,Aguri Suzuki,SUZ,16,16,0,0,0,0,1.0,6.0,18.0
1991,emanuele-pirro,Emanuele Pirro,PIR,16,16,0,0,0,0,1.0,6.0,18.0
1991,ivan-capelli,Ivan Capelli,CAP,14,14,0,0,0,0,1.0,6.0,18.0
1991,julian-bailey,Julian Bailey,BAI,4,4,0,0,0,0,1.0,6.0,18.0
1991,mark-blundell,Mark Blundell,BLU,16,16,0,0,0,0,1.0,6.0,18.0
1991,eric-bernard,Éric Bernard,BER,15,15,0,0,0,0,1.0,6.0,18.0
1991,gianni-morbidelli,Gianni Morbidelli,MOR,16,16,0,0,0,0,0.5,6.0,24.0
1991,alex-caffi,Alex Caffi,CAF,12,12,0,0,0,0,0.0,10.0,
1991,alex-zanardi,Alex Zanardi,ZAN,3,3,0,0,0,0,0.0,9.0,
1991,eric-van-de-poele,Eric van de Poele,VAN,16,16,0,0,0,0,0.0,9.0,
1991,fabrizio-barbazza,Fabrizio Barbazza,BAR,12,12,0,0,0,0,0.0,,
1991,gabriele-tarquini,Gabriele Tarquini,TAR,16,16,0,0,0,0,0.0,8.0,
1991,johnny-herbert,Johnny Herbert,HER,8,8,0,0,0,0,0.0,7.0,
1991,karl-wendlinger,Karl Wendlinger,WEN,2,2,0,0,0,0,0.0,20.0,
1991,mauricio-gugelmin,Maurício Gugelmin,GUG,16,16,0,0,0,0,0.0,7.0,
1991,michael-bartels,Michael Bartels,BAR,4,4,0,0,0,0,0.0,,
1991,michele-alboreto,Michele Alboreto,ALB,16,16,0,0,0,0,0.0,13.0,
1991,naoki-hattori,Naoki Hattori,HAT,2,2,0,0,0,0,0.0,,
1991,nicola-larini,Nicola Larini,LAR,16,16,0,0,0,0,0.0,7.0,
1991,olivier-grouillard,Olivier Grouillard,GRO,14,14,0,0,0,0,0.0,10.0,
1991,pedro-chaves,Pedro Chaves,CHA,13,13,0,0,0,0,0.0,,
1991,stefan-johansson,Stefan Johansson,JOH,6,6,0,0,0,0,0.0,,
1991,thierry-boutsen,Thierry Boutsen,BOU,16,16,0,0,0,0,0.0,7.0,
1991,erik-comas,Érik Comas,COM,16,16,0,0,0,0,0.0,8.0,
1992,nigel-mansell,Nigel Mansell,MAN,16,16,9,12,14,8,108.0,1.0,1.0
1992,riccardo-patrese,Riccardo Patrese,PAT,16,16,1,9,1,3,56.0,1.0,2.0
1992,michael-schumacher,Michael Schumacher,MSC,16,16,1,8,0,2,53.0,1.0,3.0
1992,ayrton-senna,Ayrton Senna,SEN,16,16,3,7,1,1,50.0,1.0,4.0
1992,gerhard-berger,Gerhard Berger,BER,16,16,2,5,0,2,49.0,1.0,5.0
1992,martin-brundle,Martin Brundle,BRU,16,16,0,5,0,0,38.0,2.0,6.0
1992,jean-alesi,Jean Alesi,ALE,16,16,0,2,0,0,18.0,3.0,7.0
1992,mika-hakkinen,Mika Häkkinen,HAK,16,16,0,0,0,0,11.0,4.0,8.0
1992,andrea-de-cesaris,Andrea de Cesaris,DEC,16,16,0,0,0,0,8.0,4.0,9.0
1992,michele-alboreto,Michele Alboreto,ALB,16,16,0,0,0,0,6.0,5.0,10.0
1992,erik-comas,Érik Comas,COM,16,16,0,0,0,0,4.0,5.0,11.0
1992,karl-wendlinger,Karl Wendlinger,WEN,14,14,0,0,0,0,3.0,4.0,12.0
1992,ivan-capelli,Ivan Capelli,CAP,14,14,0,0,0,0,3.0,5.0,13.0
1992,thierry-boutsen,Thierry Boutsen,BOU,16,16,0,0,0,0,2.0,5.0,14.0
1992,johnny-herbert,Johnny Herbert,HER,16,16,0,0,0,0,2.0,6.0,15.0
1992,pierluigi-martini,Pierluigi Martini,MAR,16,16,0,0,0,0,2.0,6.0,15.0
1992,bertrand-gachot,Bertrand Gachot,GAC,16,16,0,0,0,0,1.0,6.0,17.0
1992,christian-fittipaldi,Christian Fittipaldi,FIT,13,13,0,0,0,0,1.0,6.0,17.0
1992,stefano-modena,Stefano Modena,MOD,16,16,0,0,0,0,1.0,6.0,17.0
1992,aguri-suzuki,Aguri Suzuki,SUZ,16,16,0,0,0,0,0.0,7.0,
1992,alex-caffi,Alex Caffi,CAF,1,1,0,0,0,0,0.0,,
1992,alex-zanardi,Alex Zanardi,ZAN,3,3,0,0,0,0,0.0,,
1992,andrea-chiesa,Andrea Chiesa,CHI,10,10,0,0,0,0,0.0,,
1992,damon-hill,Damon Hill,HIL,8,8,0,0,0,0,0.0,11.0,
1992,emanuele-naspetti,Emanuele Naspetti,NAS,5,5,0,0,0,0,0.0,11.0,
1992,enrico-bertaggia,Enrico Bertaggia,BER,1,1,0,0,0,0,0.0,,
1992,eric-van-de-poele,Eric van de Poele,VAN,13,13,0,0,0,0,0.0,10.0,
1992,gabriele-tarquini,Gabriele Tarquini,TAR,13,13,0,0,0,0,0.0,14.0,
1992,gianni-morbidelli,Gianni Morbidelli,MOR,16,16,0,0,0,0,0.0,7.0,
1992,giovanna-amati,Giovanna Amati,AMA,3,3,0,0,0,0,0.0,,
1992,jj-lehto,JJ Lehto,JAR,16,16,0,0,0,0,0.0,7.0,
1992,jan-lammers,Jan Lammers,LAM,2,2,0,0,0,0,0.0,12.0,
1992,mauricio-gugelmin,Maurício Gugelmin,GUG,16,16,0,0,0,0,0.0,7.0,
1992,nicola-larini,Nicola Larini,LAR,2,2,0,0,0,0,0.0,11.0,
1992,olivier-grouillard,Olivier Grouillard,GRO,16,16,0,0,0,0,0.0,8.0,
1992,paul-belmondo,Paul Belmondo,BEL,11,11,0,0,0,0,0.0,9.0,
1992,perry-mccarthy,Perry McCarthy,MCC,7,7,0,0,0,0,0.0,,
1992,roberto-moreno,Roberto Moreno,MOR,9,9,0,0,0,0,0.0,,
1992,ukyo-katayama,Ukyo Katayama,KAT,16,16,0,0,0,0,0.0,9.0,
1993,alain-prost,Alain Prost,PRO,16,16,7,12,13,6,99.0,1.0,1.0
1993,ayrton-senna,Ayrton Senna,SEN,16,16,5,7,1,1,73.0,1.0,2.0
1993,damon-hill,Damon Hill,HIL,16,16,3,10,2,4,69.0,1.0,3.0
1993,michael-schumacher,Michael Schumacher,MSC,16,16,1,9,0,5,52.0,1.0,4.0
1993,riccardo-patrese,Riccardo Patrese,PAT,16,16,0,2,0,0,20.0,2.0,5.0
1993,jean-alesi,Jean Alesi,ALE,16,16,0,2,0,0,16.0,2.0,6.0
1993,martin-brundle,Martin Brundle,BRU,16,16,0,1,0,0,13.0,3.0,7.0
1993,gerhard-berger,Gerhard Berger,BER,16,16,0,1,0,0,12.0,3.0,8.0
1993,johnny-herbert,Johnny Herbert,HER,16,16,0,0,0,0,11.0,4.0,9.0
1993,mark-blundell,Mark Blundell,BLU,16,16,0,2,0,0,10.0,3.0,10.0
1993,michael-andretti,Michael Andretti,AND,13,13,0,1,0,0,7.0,3.0,11.0
1993,karl-wendlinger,Karl Wendlinger,WEN,16,16,0,0,0,0,7.0,4.0,12.0
1993,christian-fittipaldi,Christian Fittipaldi,FIT,14,14,0,0,0,0,5.0,4.0,13.0
1993,jj-lehto,JJ Lehto,JAR,16,16,0,0,0,0,5.0,4.0,13.0
1993,mika-hakkinen,Mika Häkkinen,HAK,3,3,0,1,0,0,4.0,3.0,15.0
1993,derek-warwick,Derek Warwick,WAR,16,16,0,0,0,0,4.0,4.0,16.0
1993,philippe-alliot,Philippe Alliot,ALL,14,14,0,0,0,0,2.0,5.0,17.0
1993,rubens-barrichello,Rubens Barrichello,BAR,16,16,0,0,0,0,2.0,5.0,17.0
1993,fabrizio-barbazza,Fabrizio Barbazza,BAR,8,8,0,0,0,0,2.0,6.0,19.0
1993,alex-zanardi,Alex Zanardi,ZAN,12,12,0,0,0,0,1.0,6.0,20.0
1993,eddie-irvine,Eddie Irvine,IRV,2,2,0,0,0,0,1.0,6.0,20.0
1993,erik-comas,Érik Comas,COM,16,16,0,0,0,0,1.0,6.0,20.0
1993,aguri-suzuki,Aguri Suzuki,SUZ,16,16,0,0,0,0,0.0,7.0,
1993,andrea-de-cesaris,Andrea de Cesaris,DEC,16,16,0,0,0,0,0.0,10.0,
1993,emanuele-naspetti,Emanuele Naspetti,NAS,1,1,0,0,0,0,0.0,,
1993,ivan-capelli,Ivan Capelli,CAP,2,2,0,0,0,0,0.0,,
1993,jean-marc-gounon,Jean-Marc Gounon,GOU,2,2,0,0,0,0,0.0,,
1993,luca-badoer,Luca Badoer,BAD,14,14,0,0,0,0,0.0,7.0,
1993,marco-apicella,Marco Apicella,API,1,1,0,0,0,0,0.0,,
1993,michele-alboreto,Michele Alboreto,ALB,14,14,0,0,0,0,0.0,11.0,
1993,pedro-lamy,Pedro Lamy,LAM,4,4,0,0,0,0,0.0,11.0,
1993,pierluigi-martini,Pierluigi Martini,MAR,8,8,0,0,0,0,0.0,7.0,
1993,thierry-boutsen,Thierry Boutsen,BOU,10,10,0,0,0,0,0.0,9.0,
1993,toshio-suzuki,Toshio Suzuki,SUZ,2,2,0,0,0,0,0.0,12.0,
1993,ukyo-katayama,Ukyo Katayama,KAT,16,16,0,0,0,0,0.0,10.0,
1994,michael-schumacher,Michael Schumacher,MSC,14,14,8,10,6,8,92.0,1.0,1.0
1994,damon-hill,Damon Hill,HIL,16,16,6,11,2,6,91.0,1.0,2.0
1994,gerhard-berger,Gerhard Berger,BER,16,16,1,6,2,0,41.0,1.0,3.0
1994,mika-hakkinen,Mika Häkkinen,HAK,15,15,0,6,0,0,26.0,2.0,4.0
1994,jean-alesi,Jean Alesi,ALE,14,14,0,4,1,0,24.0,2.0,5.0
1994,rubens-barrichello,Rubens Barrichello,BAR,16,16,0,1,1,0,19.0,3.0,6.0
1994,martin-brundle,Martin Brundle,BRU,16,16,0,2,0,0,16.0,2.0,7.0
1994,david-coulthard,David Coulthard,COU,8,8,0,1,0,2,14.0,2.0,8.0
1994,nigel-mansell,Nigel Mansell,MAN,4,4,1,1,1,0,13.0,1.0,9.0
1994,jos-verstappen,Jos Verstappen,VER,10,10,0,2,0,0,10.0,3.0,10.0
1994,olivier-panis,Olivier Panis,PAN,16,16,0,1,0,0,9.0,2.0,11.0
1994,mark-blundell,Mark Blundell,BLU,16,16,0,1,0,0,8.0,3.0,12.0
1994,heinz-harald-frentzen,Heinz-Harald Frentzen,FRE,16,16,0,0,0,0,7.0,4.0,13.0
1994,nicola-larini,Nicola Larini,LAR,2,2,0,1,0,0,6.0,2.0,14.0
1994,christian-fittipaldi,Christian Fittipaldi,FIT,16,16,0,0,0,0,6.0,4.0,15.0
1994,eddie-irvine,Eddie Irvine,IRV,13,13,0,0,0,0,6.0,4.0,16.0
1994,ukyo-katayama,Ukyo Katayama,KAT,16,16,0,0,0,0,5.0,5.0,17.0
1994,eric-bernard,Éric Bernard,BER,14,14,0,1,0,0,4.0,3.0,18.0
1994,andrea-de-cesaris,Andrea de Cesaris,DEC,11,11,0,0,0,0,4.0,4.0,19.0
1994,karl-wendlinger,Karl Wendlinger,WEN,4,4,0,0,0,0,4.0,4.0,19.0
1994,pierluigi-martini,Pierluigi Martini,MAR,16,16,0,0,0,0,4.0,5.0,21.0
1994,gianni-morbidelli,Gianni Morbidelli,MOR,16,16,0,0,0,0,3.0,5.0,22.0
1994,erik-comas,Érik Comas,COM,15,15,0,0,0,0,2.0,6.0,23.0
1994,jj-lehto,JJ Lehto,JAR,8,8,0,0,0,0,1.0,6.0,24.0
1994,michele-alboreto,Michele Alboreto,ALB,16,16,0,0,0,0,1.0,6.0,24.0
1994,aguri-suzuki,Aguri Suzuki,SUZ,1,1,0,0,0,0,0.0,,
1994,alex-zanardi,Alex Zanardi,ZAN,10,10,0,0,0,0,0.0,9.0,
1994,andrea-montermini,Andrea Montermini,MON,1,1,0,0,0,0,0.0,,
1994,ayrton-senna,Ayrton Senna,SEN,3,3,0,0,3,0,0.0,,
1994,bertrand-gachot,Bertrand Gachot,GAC,16,16,0,0,0,0,0.0,,
1994,david-brabham,David Brabham,BRA,16,16,0,0,0,0,0.0,10.0,
1994,domenico-schiattarella,Domenico Schiattarella,SCH,2,2,0,0,0,0,0.0,19.0,
1994,franck-lagorce,Franck Lagorce,LAG,2,2,0,0,0,0,0.0,11.0,
1994,hideki-noda,Hideki Noda,NOD,3,3,0,0,0,0,0.0,,
1994,jean-denis-deletraz,Jean-Denis Délétraz,DEL,1,1,0,0,0,0,0.0,,
1994,jean-marc-gounon,Jean-Marc Gounon,GOU,7,7,0,0,0,0,0.0,9.0,
1994,johnny-herbert,Johnny Herbert,HER,16,16,0,0,0,0,0.0,7.0,
1994,mika-salo,Mika Salo,SAL,2,2,0,0,0,0,0.0,10.0,
1994,olivier-beretta,Olivier Beretta,BER,10,10,0,0,0,0,0.0,7.0,
1994,paul-belmondo,Paul Belmondo,BEL,16,16,0,0,0,0,0.0,,
1994,pedro-lamy,Pedro Lamy,LAM,4,4,0,0,0,0,0.0,8.0,
1994,philippe-adams,Philippe Adams,ADA,2,2,0,0,0,0,0.0,16.0,
1994,philippe-alliot,Philippe Alliot,ALL,2,2,0,0,0,0,0.0,,
1994,roland-ratzenberger,Roland Ratzenberger,RAT,3,3,0,0,0,0,0.0,11.0,
1994,taki-inoue,Taki Inoue,INO,1,1,0,0,0,0,0.0,,
1994,yannick-dalmas,Yannick Dalmas,DAL,2,2,0,0,0,0,0.0,14.0,
1995,michael-schumacher,Michael Schumacher,MSC,17,17,9,11,4,8,102.0,1.0,1.0
1995,damon-hill,Damon Hill,HIL,17,17,4,9,7,4,69.0,1.0,2.0
1995,david-coulthard,David Coulthard,COU,17,17,1,8,5,2,49.0,1.0,3.0
1995,johnny-herbert,Johnny Herbert,HER,17,17,2,4,0,0,45.0,1.0,4.0
1995,jean-alesi,Jean Alesi,ALE,17,17,1,5,0,1,42.0,1.0,5.0
1995,gerhard-berger,Gerhard Berger,BER,17,17,0,6,1,2,31.0,3.0,6.0
1995,mika-hakkinen,Mika Häkkinen,HAK,16,16,0,2,0,0,17.0,2.0,7.0
1995,olivier-panis,Olivier Panis,PAN,17,17,0,1,0,0,16.0,2.0,8.0
1995,heinz-harald-frentzen,Heinz-Harald Frentzen,FRE,17,17,0,1,0,0,15.0,3.0,9.0
1995,mark-blundell,Mark Blundell,BLU,15,15,0,0,0,0,13.0,4.0,10.0
1995,rubens-barrichello,Rubens Barrichello,BAR,17,17,0,1,0,0,11.0,2.0,11.0
1995,eddie-irvine,Eddie Irvine,IRV,17,17,0,1,0,0,10.0,3.0,12.0
1995,martin-brundle,Martin Brundle,BRU,11,11,0,1,0,0,7.0,3.0,13.0
1995,gianni-morbidelli,Gianni Morbidelli,MOR,10,10,0,1,0,0,5.0,3.0,14.0
1995,mika-salo,Mika Salo,SAL,17,17,0,0,0,0,5.0,5.0,15.0
1995,jean-christophe-boullion,Jean-Christophe Boullion,BOU,11,11,0,0,0,0,3.0,5.0,16.0
1995,aguri-suzuki,Aguri Suzuki,SUZ,6,6,0,0,0,0,1.0,6.0,17.0
1995,pedro-lamy,Pedro Lamy,LAM,8,8,0,0,0,0,1.0,6.0,18.0
1995,andrea-montermini,Andrea Montermini,MON,17,17,0,0,0,0,0.0,8.0,
1995,bertrand-gachot,Bertrand Gachot,GAC,11,11,0,0,0,0,0.0,8.0,
1995,domenico-schiattarella,Domenico Schiattarella,SCH,5,5,0,0,0,0,0.0,9.0,
1995,gabriele-tarquini,Gabriele Tarquini,TAR,1,1,0,0,0,0,0.0,14.0,
1995,giovanni-lavaggi,Giovanni Lavaggi,LAV,4,4,0,0,0,0,0.0,,
1995,jan-magnussen,Jan Magnussen,MAG,1,1,0,0,0,0,0.0,10.0,
1995,jean-denis-deletraz,Jean-Denis Délétraz,DEL,2,2,0,0,0,0,0.0,15.0,
1995,jos-verstappen,Jos Verstappen,VER,5,5,0,0,0,0,0.0,12.0,
1995,karl-wendlinger,Karl Wendlinger,WEN,6,6,0,0,0,0,0.0,10.0,
1995,luca-badoer,Luca Badoer,BAD,17,17,0,0,0,0,0.0,8.0,
1995,max-papis,Max Papis,PAP,7,7,0,0,0,0,0.0,7.0,
1995,nigel-mansell,Nigel Mansell,MAN,2,2,0,0,0,0,0.0,10.0,
1995,pedro-diniz,Pedro Diniz,DIN,17,17,0,0,0,0,0.0,7.0,
1995,pierluigi-martini,Pierluigi Martini,MAR,9,9,0,0,0,0,0.0,7.0,
1995,roberto-moreno,Roberto Moreno,MOR,17,17,0,0,0,0,0.0,14.0,
1995,taki-inoue,Taki Inoue,INO,17,17,0,0,0,0,0.0,8.0,
1995,ukyo-katayama,Ukyo Katayama,KAT,16,16,0,0,0,0,0.0,7.0,
1996,damon-hill,Damon Hill,HIL,16,16,8,10,9,5,97.0,1.0,1.0
1996,jacques-villeneuve,Jacques Villeneuve,VIL,16,16,4,11,3,6,78.0,1.0,2.0
1996,michael-schumacher,Michael Schumacher,MSC,16,16,3,8,4,2,59.0,1.0,3.0
1996,jean-alesi,Jean Alesi,ALE,16,16,0,8,0,2,47.0,2.0,4.0
1996,mika-hakkinen,Mika Häkkinen,HAK,16,16,0,4,0,0,31.0,3.0,5.0
1996,gerhard-berger,Gerhard Berger,BER,16,16,0,2,0,1,21.0,2.0,6.0
1996,david-coulthard,David Coulthard,COU,16,16,0,2,0,0,18.0,2.0,7.0
1996,rubens-barrichello,Rubens Barrichello,BAR,16,16,0,0,0,0,14.0,4.0,8.0
1996,olivier-panis,Olivier Panis,PAN,16,16,1,1,0,0,13.0,1.0,9.0
1996,eddie-irvine,Eddie Irvine,IRV,16,16,0,1,0,0,11.0,3.0,10.0
1996,martin-brundle,Martin Brundle,BRU,16,16,0,0,0,0,8.0,4.0,11.0
1996,heinz-harald-frentzen,Heinz-Harald Frentzen,FRE,16,16,0,0,0,0,7.0,4.0,12.0
1996,mika-salo,Mika Salo,SAL,16,16,0,0,0,0,5.0,5.0,13.0
1996,johnny-herbert,Johnny Herbert,HER,16,16,0,1,0,0,4.0,3.0,14.0
1996,pedro-diniz,Pedro Diniz,DIN,16,16,0,0,0,0,2.0,6.0,15.0
1996,jos-verstappen,Jos Verstappen,VER,16,16,0,0,0,0,1.0,6.0,16.0
1996,andrea-montermini,Andrea Montermini,MON,10,10,0,0,0,0,0.0,10.0,
1996,giancarlo-fisichella,Giancarlo Fisichella,FIS,8,8,0,0,0,0,0.0,8.0,
1996,giovanni-lavaggi,Giovanni Lavaggi,LAV,6,6,0,0,0,0,0.0,10.0,
1996,luca-badoer,Luca Badoer,BAD,10,10,0,0,0,0,0.0,10.0,
1996,pedro-lamy,Pedro Lamy,LAM,16,16,0,0,0,0,0.0,9.0,
1996,ricardo-rosset,Ricardo Rosset,ROS,16,16,0,0,0,0,0.0,8.0,
1996,tarso-marques,Tarso Marques,MAR,2,2,0,0,0,0,0.0,,
1996,ukyo-katayama,Ukyo Katayama,KAT,16,16,0,0,0,0,0.0,7.0,
1997,jacques-villeneuve,Jacques Villeneuve,VIL,17,17,7,8,10,3,81.0,1.0,1.0
1997,heinz-harald-frentzen,Heinz-Harald Frentzen,FRE,17,17,1,7,1,6,42.0,1.0,2.0
1997,david-coulthard,David Coulthard,COU,17,17,2,4,0,1,36.0,1.0,3.0
1997,jean-alesi,Jean Alesi,ALE,17,17,0,5,1,0,36.0,2.0,4.0
1997,gerhard-berger,Gerhard Berger,BER,14,14,1,2,1,2,27.0,1.0,5.0
1997,mika-hakkinen,Mika Häkkinen,HAK,17,17,1,3,1,1,27.0,1.0,6.0
1997,eddie-irvine,Eddie Irvine,IRV,17,17,0,5,0,0,24.0,2.0,7.0
1997,giancarlo-fisichella,Giancarlo Fisichella,FIS,17,17,0,2,0,1,20.0,2.0,8.0
1997,olivier-panis,Olivier Panis,PAN,10,10,0,2,0,0,16.0,2.0,9.0
1997,johnny-herbert,Johnny Herbert,HER,17,17,0,1,0,0,15.0,3.0,10.0
1997,ralf-schumacher,Ralf Schumacher,RSC,17,17,0,1,0,0,13.0,3.0,11.0
1997,damon-hill,Damon Hill,HIL,17,17,0,1,0,0,7.0,2.0,12.0
1997,rubens-barrichello,Rubens Barrichello,BAR,17,17,0,1,0,0,6.0,2.0,13.0
1997,alexander-wurz,Alexander Wurz,WUR,3,3,0,1,0,0,4.0,3.0,14.0
1997,jarno-trulli,Jarno Trulli,TRU,14,14,0,0,0,0,3.0,4.0,15.0
1997,mika-salo,Mika Salo,SAL,17,17,0,0,0,0,2.0,5.0,16.0
1997,pedro-diniz,Pedro Diniz,DIN,17,17,0,0,0,0,2.0,5.0,16.0
1997,shinji-nakano,Shinji Nakano,NAK,17,17,0,0,0,0,2.0,6.0,18.0
1997,nicola-larini,Nicola Larini,LAR,5,5,0,0,0,0,1.0,6.0,19.0
1997,gianni-morbidelli,Gianni Morbidelli,MOR,8,8,0,0,0,0,0.0,9.0,
1997,jan-magnussen,Jan Magnussen,MAG,17,17,0,0,0,0,0.0,7.0,
1997,jos-verstappen,Jos Verstappen,VER,17,17,0,0,0,0,0.0,8.0,
1997,michael-schumacher,Michael Schumacher,MSC,17,17,5,8,3,3,78.0,1.0,
1997,norberto-fontana,Norberto Fontana,FON,4,4,0,0,0,0,0.0,9.0,
1997,ricardo-rosset,Ricardo Rosset,ROS,1,1,0,0,0,0,0.0,,
1997,tarso-marques,Tarso Marques,MAR,10,10,0,0,0,0,0.0,10.0,
1997,ukyo-katayama,Ukyo Katayama,KAT,17,17,0,0,0,0,0.0,10.0,
1997,vincenzo-sospiri,Vincenzo Sospiri,SOS,1,1,0,0,0,0,0.0,,
1998,mika-hakkinen,Mika Häkkinen,HAK,16,16,8,11,9,6,100.0,1.0,1.0
1998,michael-schumacher,Michael Schumacher,MSC,16,16,6,11,3,6,86.0,1.0,2.0
1998,david-coulthard,David Coulthard,COU,16,16,1,9,3,3,56.0,1.0,3.0
1998,eddie-irvine,Eddie Irvine,IRV,16,16,0,8,0,0,47.0,2.0,4.0
1998,jacques-villeneuve,Jacques Villeneuve,VIL,16,16,0,2,0,0,21.0,3.0,5.0
1998,damon-hill,Damon Hill,HIL,16,16,1,1,0,0,20.0,1.0,6.0
1998,heinz-harald-frentzen,Heinz-Harald Frentzen,FRE,16,16,0,1,0,0,17.0,3.0,7.0
1998,alexander-wurz,Alexander Wurz,WUR,16,16,0,0,0,1,17.0,4.0,8.0
1998,giancarlo-fisichella,Giancarlo Fisichella,FIS,16,16,0,2,1,0,16.0,2.0,9.0
1998,ralf-schumacher,Ralf Schumacher,RSC,16,16,0,2,0,0,14.0,2.0,10.0
1998,jean-alesi,Jean Alesi,ALE,16,16,0,1,0,0,9.0,3.0,11.0
1998,rubens-barrichello,Rubens Barrichello,BAR,16,16,0,0,0,0,4.0,5.0,12.0
1998,mika-salo,Mika Salo,SAL,16,16,0,0,0,0,3.0,4.0,13.0
1998,pedro-diniz,Pedro Diniz,DIN,16,16,0,0,0,0,3.0,5.0,14.0
1998,johnny-herbert,Johnny Herbert,HER,16,16,0,0,0,0,1.0,6.0,15.0
1998,jan-magnussen,Jan Magnussen,MAG,7,7,0,0,0,0,1.0,6.0,16.0
1998,jarno-trulli,Jarno Trulli,TRU,16,16,0,0,0,0,1.0,6.0,17.0
1998,esteban-tuero,Esteban Tuero,TUE,16,16,0,0,0,0,0.0,8.0,
1998,jos-verstappen,Jos Verstappen,VER,9,9,0,0,0,0,0.0,12.0,
1998,olivier-panis,Olivier Panis,PAN,16,16,0,0,0,0,0.0,9.0,
1998,ricardo-rosset,Ricardo Rosset,ROS,16,16,0,0,0,0,0.0,8.0,
1998,shinji-nakano,Shinji Nakano,NAK,16,16,0,0,0,0,0.0,7.0,
1998,toranosuke-takagi,Toranosuke Takagi,TAK,16,16,0,0,0,0,0.0,9.0,
1999,mika-hakkinen,Mika Häkkinen,HAK,16,16,5,10,11,6,76.0,1.0,1.0
1999,eddie-irvine,Eddie Irvine,IRV,16,16,4,9,0,1,74.0,1.0,2.0
1999,heinz-harald-frentzen,Heinz-Harald Frentzen,FRE,16,16,2,6,1,0,54.0,1.0,3.0
1999,david-coulthard,David Coulthard,COU,16,16,2,6,0,3,48.0,1.0,4.0
1999,michael-schumacher,Michael Schumacher,MSC,10,10,2,6,3,5,44.0,1.0,5.0
1999,ralf-schumacher,Ralf Schumacher,RSC,16,16,0,3,0,1,35.0,2.0,6.0
1999,rubens-barrichello,Rubens Barrichello,BAR,16,16,0,3,1,0,21.0,3.0,7.0
1999,johnny-herbert,Johnny Herbert,HER,16,16,1,1,0,0,15.0,1.0,8.0
1999,giancarlo-fisichella,Giancarlo Fisichella,FIS,16,16,0,1,0,0,13.0,2.0,9.0
1999,mika-salo,Mika Salo,SAL,9,9,0,2,0,0,10.0,2.0,10.0
1999,jarno-trulli,Jarno Trulli,TRU,16,16,0,1,0,0,7.0,2.0,11.0
1999,damon-hill,Damon Hill,HIL,16,16,0,0,0,0,7.0,4.0,12.0
1999,alexander-wurz,Alexander Wurz,WUR,16,16,0,0,0,0,3.0,5.0,13.0
1999,pedro-diniz,Pedro Diniz,DIN,16,16,0,0,0,0,3.0,6.0,14.0
1999,olivier-panis,Olivier Panis,PAN,16,16,0,0,0,0,2.0,6.0,15.0
1999,jean-alesi,Jean Alesi,ALE,16,16,0,0,0,0,2.0,6.0,16.0
1999,pedro-de-la-rosa,Pedro de la Rosa,DLR,16,16,0,0,0,0,1.0,6.0,17.0
1999,marc-gene,Marc Gené,GEN,16,16,0,0,0,0,1.0,6.0,18.0
1999,alex-zanardi,Alex Zanardi,ZAN,16,16,0,0,0,0,0.0,7.0,
1999,jacques-villeneuve,Jacques Villeneuve,VIL,16,16,0,0,0,0,0.0,8.0,
1999,luca-badoer,Luca Badoer,BAD,15,15,0,0,0,0,0.0,8.0,
1999,ricardo-zonta,Ricardo Zonta,ZON,13,13,0,0,0,0,0.0,8.0,
1999,stephane-sarrazin,Stéphane Sarrazin,SAR,1,1,0,0,0,0,0.0,,
1999,toranosuke-takagi,Toranosuke Takagi,TAK,16,16,0,0,0,0,0.0,7.0,
2000,michael-schumacher,Michael Schumacher,MSC,17,17,9,12,9,2,108.0,1.0,1.0
2000,mika-hakkinen,Mika Häkkinen,HAK,17,17,4,11,5,9,89.0,1.0,2.0
2000,david-coulthard,David Coulthard,COU,17,17,3,11,2,3,73.0,1.0,3.0
2000,rubens-barrichello,Rubens Barrichello,BAR,17,17,1,9,1,3,62.0,1.0,4.0
2000,ralf-schumacher,Ralf Schumacher,RSC,17,17,0,3,0,0,24.0,3.0,5.0
2000,giancarlo-fisichella,Giancarlo Fisichella,FIS,17,17,0,3,0,0,18.0,2.0,6.0
2000,jacques-villeneuve,Jacques Villeneuve,VIL,17,17,0,0,0,0,17.0,4.0,7.0
2000,jenson-button,Jenson Button,BUT,17,17,0,0,0,0,12.0,4.0,8.0
2000,heinz-harald-frentzen,Heinz-Harald Frentzen,FRE,17,17,0,2,0,0,11.0,3.0,9.0
2000,jarno-trulli,Jarno Trulli,TRU,17,17,0,0,0,0,6.0,4.0,10.0
2000,mika-salo,Mika Salo,SAL,17,17,0,0,0,0,6.0,5.0,11.0
2000,jos-verstappen,Jos Verstappen,VER,17,17,0,0,0,0,5.0,4.0,12.0
2000,eddie-irvine,Eddie Irvine,IRV,16,16,0,0,0,0,4.0,4.0,13.0
2000,ricardo-zonta,Ricardo Zonta,ZON,17,17,0,0,0,0,3.0,6.0,14.0
2000,alexander-wurz,Alexander Wurz,WUR,17,17,0,0,0,0,2.0,5.0,15.0
2000,pedro-de-la-rosa,Pedro de la Rosa,DLR,17,17,0,0,0,0,2.0,6.0,16.0
2000,johnny-herbert,Johnny Herbert,HER,17,17,0,0,0,0,0.0,7.0,17.0
2000,pedro-diniz,Pedro Diniz,DIN,17,17,0,0,0,0,0.0,7.0,18.0
2000,marc-gene,Marc Gené,GEN,17,17,0,0,0,0,0.0,8.0,19.0
2000,nick-heidfeld,Nick Heidfeld,HEI,17,17,0,0,0,0,0.0,8.0,20.0
2000,gaston-mazzacane,Gastón Mazzacane,MAZ,17,17,0,0,0,0,0.0,8.0,21.0
2000,jean-alesi,Jean Alesi,ALE,17,17,0,0,0,0,0.0,9.0,22.0
2000,luciano-burti,Luciano Burti,BUR,1,1,0,0,0,0,0.0,11.0,23.0
2001,michael-schumacher,Michael Schumacher,MSC,17,17,9,14,11,3,123.0,1.0,1.0
2001,david-coulthard,David Coulthard,COU,17,17,2,10,2,3,65.0,1.0,2.0
2001,rubens-barrichello,Rubens Barrichello,BAR,17,17,0,10,0,0,56.0,2.0,3.0
2001,ralf-schumacher,Ralf Schumacher,RSC,17,17,3,5,1,5,49.0,1.0,4.0
2001,mika-hakkinen,Mika Häkkinen,HAK,17,17,2,3,0,3,37.0,1.0,5.0
2001,juan-pablo-montoya,Juan Pablo Montoya,MOY,17,17,1,4,3,3,31.0,1.0,6.0
2001,jacques-villeneuve,Jacques Villeneuve,VIL,17,17,0,2,0,0,12.0,3.0,7.0
2001,nick-heidfeld,Nick Heidfeld,HEI,17,17,0,1,0,0,12.0,3.0,8.0
2001,jarno-trulli,Jarno Trulli,TRU,17,17,0,0,0,0,12.0,4.0,9.0
2001,kimi-raikkonen,Kimi Räikkönen,RAI,17,17,0,0,0,0,9.0,4.0,10.0
2001,giancarlo-fisichella,Giancarlo Fisichella,FIS,17,17,0,1,0,0,8.0,3.0,11.0
2001,eddie-irvine,Eddie Irvine,IRV,17,17,0,1,0,0,6.0,3.0,12.0
2001,heinz-harald-frentzen,Heinz-Harald Frentzen,FRE,15,15,0,0,0,0,6.0,4.0,13.0
2001,olivier-panis,Olivier Panis,PAN,17,17,0,0,0,0,5.0,4.0,14.0
2001,jean-alesi,Jean Alesi,ALE,17,17,0,0,0,0,5.0,5.0,15.0
2001,pedro-de-la-rosa,Pedro de la Rosa,DLR,13,13,0,0,0,0,3.0,5.0,16.0
2001,jenson-button,Jenson Button,BUT,17,17,0,0,0,0,2.0,5.0,17.0
2001,jos-verstappen,Jos Verstappen,VER,17,17,0,0,0,0,1.0,6.0,18.0
2001,ricardo-zonta,Ricardo Zonta,ZON,2,2,0,0,0,0,0.0,7.0,19.0
2001,luciano-burti,Luciano Burti,BUR,14,14,0,0,0,0,0.0,8.0,20.0
2001,enrique-bernoldi,Enrique Bernoldi,BER,17,17,0,0,0,0,0.0,8.0,21.0
2001,tarso-marques,Tarso Marques,MAR,14,14,0,0,0,0,0.0,9.0,22.0
2001,fernando-alonso,Fernando Alonso,ALO,17,17,0,0,0,0,0.0,10.0,23.0
2001,tomas-enge,Tomáš Enge,ENG,3,3,0,0,0,0,0.0,12.0,24.0
2001,gaston-mazzacane,Gastón Mazzacane,MAZ,4,4,0,0,0,0,0.0,12.0,25.0
2001,alex-yoong,Alex Yoong,YOO,3,3,0,0,0,0,0.0,16.0,26.0
2002,michael-schumacher,Michael Schumacher,MSC,17,17,11,17,7,7,144.0,1.0,1.0
2002,rubens-barrichello,Rubens Barrichello,BAR,17,17,4,10,3,5,77.0,1.0,2.0
2002,juan-pablo-montoya,Juan Pablo Montoya,MOY,17,17,0,7,7,3,50.0,2.0,3.0
2002,ralf-schumacher,Ralf Schumacher,RSC,17,17,1,6,0,0,42.0,1.0,4.0
2002,david-coulthard,David Coulthard,COU,17,17,1,6,0,1,41.0,1.0,5.0
2002,kimi-raikkonen,Kimi Räikkönen,RAI,17,17,0,4,0,1,24.0,2.0,6.0
2002,jenson-button,Jenson Button,BUT,17,17,0,0,0,0,14.0,4.0,7.0
2002,jarno-trulli,Jarno Trulli,TRU,17,17,0,0,0,0,9.0,4.0,8.0
2002,eddie-irvine,Eddie Irvine,IRV,17,17,0,1,0,0,8.0,3.0,9.0
2002,nick-heidfeld,Nick Heidfeld,HEI,17,17,0,0,0,0,7.0,4.0,10.0
2002,giancarlo-fisichella,Giancarlo Fisichella,FIS,17,17,0,0,0,0,7.0,5.0,11.0
2002,jacques-villeneuve,Jacques Villeneuve,VIL,17,17,0,0,0,0,4.0,4.0,12.0
2002,felipe-massa,Felipe Massa,MAS,16,16,0,0,0,0,4.0,5.0,13.0
2002,olivier-panis,Olivier Panis,PAN,17,17,0,0,0,0,3.0,5.0,14.0
2002,takuma-sato,Takuma Sato,SAT,17,17,0,0,0,0,2.0,5.0,15.0
2002,mark-webber,Mark Webber,WEB,17,17,0,0,0,0,2.0,5.0,16.0
2002,mika-salo,Mika Salo,SAL,17,17,0,0,0,0,2.0,6.0,17.0
2002,heinz-harald-frentzen,Heinz-Harald Frentzen,FRE,13,13,0,0,0,0,2.0,6.0,18.0
2002,allan-mcnish,Allan McNish,MCN,17,17,0,0,0,0,0.0,7.0,19.0
2002,alex-yoong,Alex Yoong,YOO,15,15,0,0,0,0,0.0,7.0,20.0
2002,pedro-de-la-rosa,Pedro de la Rosa,DLR,17,17,0,0,0,0,0.0,8.0,21.0
2002,enrique-bernoldi,Enrique Bernoldi,BER,12,12,0,0,0,0,0.0,10.0,22.0
2002,anthony-davidson,Anthony Davidson,DAV,2,2,0,0,0,0,0.0,,
2003,michael-schumacher,Michael Schumacher,MSC,16,16,6,8,5,5,93.0,1.0,1.0
2003,kimi-raikkonen,Kimi Räikkönen,RAI,16,16,1,10,2,3,91.0,1.0,2.0
2003,juan-pablo-montoya,Juan Pablo Montoya,MOY,16,16,2,9,1,3,82.0,1.0,3.0
2003,rubens-barrichello,Rubens Barrichello,BAR,16,16,2,8,3,3,65.0,1.0,4.0
2003,ralf-schumacher,Ralf Schumacher,RSC,15,15,2,3,3,1,58.0,1.0,5.0
2003,fernando-alonso,Fernando Alonso,ALO,16,16,1,4,2,1,55.0,1.0,6.0
2003,david-coulthard,David Coulthard,COU,16,16,1,3,0,0,51.0,1.0,7.0
2003,jarno-trulli,Jarno Trulli,TRU,16,16,0,1,0,0,33.0,3.0,8.0
2003,jenson-button,Jenson Button,BUT,16,16,0,0,0,0,17.0,4.0,9.0
2003,mark-webber,Mark Webber,WEB,16,16,0,0,0,0,17.0,6.0,10.0
2003,heinz-harald-frentzen,Heinz-Harald Frentzen,FRE,16,16,0,1,0,0,13.0,3.0,11.0
2003,giancarlo-fisichella,Giancarlo Fisichella,FIS,16,16,1,1,0,0,12.0,1.0,12.0
2003,cristiano-da-matta,Cristiano da Matta,DAM,16,16,0,0,0,0,10.0,6.0,13.0
2003,nick-heidfeld,Nick Heidfeld,HEI,16,16,0,0,0,0,6.0,5.0,14.0
2003,olivier-panis,Olivier Panis,PAN,16,16,0,0,0,0,6.0,5.0,15.0
2003,jacques-villeneuve,Jacques Villeneuve,VIL,15,15,0,0,0,0,6.0,6.0,16.0
2003,marc-gene,Marc Gené,GEN,1,1,0,0,0,0,4.0,5.0,17.0
2003,takuma-sato,Takuma Sato,SAT,1,1,0,0,0,0,3.0,6.0,18.0
2003,ralph-firman,Ralph Firman,FIR,14,14,0,0,0,0,1.0,8.0,19.0
2003,justin-wilson,Justin Wilson,WIL,16,16,0,0,0,0,1.0,8.0,20.0
2003,antonio-pizzonia,Antônio Pizzonia,PIZ,11,11,0,0,0,0,0.0,9.0,21.0
2003,jos-verstappen,Jos Verstappen,VER,16,16,0,0,0,0,0.0,9.0,22.0
2003,nicolas-kiesa,Nicolas Kiesa,KIE,5,5,0,0,0,0,0.0,11.0,23.0
2003,zsolt-baumgartner,Zsolt Baumgartner,BAU,2,2,0,0,0,0,0.0,11.0,24.0
2004,michael-schumacher,Michael Schumacher,MSC,18,18,13,15,8,10,148.0,1.0,1.0
2004,rubens-barrichello,Rubens Barrichello,BAR,18,18,2,14,4,4,114.0,1.0,2.0
2004,jenson-button,Jenson Button,BUT,18,18,0,10,1,0,85.0,2.0,3.0
2004,fernando-alonso,Fernando Alonso,ALO,18,18,0,4,1,0,59.0,2.0,4.0
2004,juan-pablo-montoya,Juan Pablo Montoya,MOY,18,18,1,3,0,2,58.0,1.0,5.0
2004,jarno-trulli,Jarno Trulli,TRU,17,17,1,2,2,0,46.0,1.0,6.0
2004,kimi-raikkonen,Kimi Räikkönen,RAI,18,18,1,4,1,2,45.0,1.0,7.0
2004,takuma-sato,Takuma Sato,SAT,18,18,0,1,0,0,34.0,3.0,8.0
2004,ralf-schumacher,Ralf Schumacher,RSC,12,12,0,1,1,0,24.0,2.0,9.0
2004,david-coulthard,David Coulthard,COU,18,18,0,0,0,0,24.0,4.0,10.0
2004,giancarlo-fisichella,Giancarlo Fisichella,FIS,18,18,0,0,0,0,22.0,4.0,11.0
2004,felipe-massa,Felipe Massa,MAS,18,18,0,0,0,0,12.0,4.0,12.0
2004,mark-webber,Mark Webber,WEB,18,18,0,0,0,0,7.0,6.0,13.0
2004,olivier-panis,Olivier Panis,PAN,17,17,0,0,0,0,6.0,5.0,14.0
2004,antonio-pizzonia,Antônio Pizzonia,PIZ,4,4,0,0,0,0,6.0,7.0,15.0
2004,christian-klien,Christian Klien,KLI,18,18,0,0,0,0,3.0,6.0,16.0
2004,cristiano-da-matta,Cristiano da Matta,DAM,12,12,0,0,0,0,3.0,6.0,17.0
2004,nick-heidfeld,Nick Heidfeld,HEI,18,18,0,0,0,0,3.0,7.0,18.0
2004,timo-glock,Timo Glock,GLO,4,4,0,0,0,0,2.0,7.0,19.0
2004,zsolt-baumgartner,Zsolt Baumgartner,BAU,18,18,0,0,0,0,1.0,8.0,20.0
2004,jacques-villeneuve,Jacques Villeneuve,VIL,3,3,0,0,0,0,0.0,10.0,21.0
2004,ricardo-zonta,Ricardo Zonta,ZON,5,5,0,0,0,0,0.0,10.0,22.0
2004,marc-gene,Marc Gené,GEN,2,2,0,0,0,0,0.0,10.0,23.0
2004,giorgio-pantano,Giorgio Pantano,PAN,14,14,0,0,0,0,0.0,13.0,24.0
2004,gianmaria-bruni,Gianmaria Bruni,BRU,18,18,0,0,0,0,0.0,14.0,25.0
2005,fernando-alonso,Fernando Alonso,ALO,19,19,7,15,6,2,133.0,1.0,1.0
2005,kimi-raikkonen,Kimi Räikkönen,RAI,19,19,7,12,6,10,112.0,1.0,2.0
2005,michael-schumacher,Michael Schumacher,MSC,19,19,1,5,1,3,62.0,1.0,3.0
2005,juan-pablo-montoya,Juan Pablo Montoya,MOY,17,17,3,5,1,1,60.0,1.0,4.0
2005,giancarlo-fisichella,Giancarlo Fisichella,FIS,19,19,1,3,1,1,58.0,1.0,5.0
2005,ralf-schumacher,Ralf Schumacher,RSC,18,18,0,2,1,1,45.0,3.0,6.0
2005,jarno-trulli,Jarno Trulli,TRU,19,19,0,3,1,0,43.0,2.0,7.0
2005,rubens-barrichello,Rubens Barrichello,BAR,19,19,0,4,0,0,38.0,2.0,8.0
2005,jenson-button,Jenson Button,BUT,17,17,0,2,1,0,37.0,3.0,9.0
2005,mark-webber,Mark Webber,WEB,19,19,0,1,0,0,36.0,3.0,10.0
2005,nick-heidfeld,Nick Heidfeld,HEI,14,14,0,3,1,0,28.0,2.0,11.0
2005,david-coulthard,David Coulthard,COU,19,19,0,0,0,0,24.0,4.0,12.0
2005,felipe-massa,Felipe Massa,MAS,19,19,0,0,0,0,11.0,4.0,13.0
2005,jacques-villeneuve,Jacques Villeneuve,VIL,19,19,0,0,0,0,9.0,4.0,14.0
2005,christian-klien,Christian Klien,KLI,15,15,0,0,0,0,9.0,5.0,15.0
2005,tiago-monteiro,Tiago Monteiro,MON,19,19,0,1,0,0,7.0,3.0,16.0
2005,alexander-wurz,Alexander Wurz,WUR,1,1,0,1,0,0,6.0,3.0,17.0
2005,narain-karthikeyan,Narain Karthikeyan,KAR,19,19,0,0,0,0,5.0,4.0,18.0
2005,christijan-albers,Christijan Albers,ALB,19,19,0,0,0,0,4.0,5.0,19.0
2005,pedro-de-la-rosa,Pedro de la Rosa,DLR,1,1,0,0,0,1,4.0,5.0,20.0
2005,patrick-friesacher,Patrick Friesacher,FRI,11,11,0,0,0,0,3.0,6.0,21.0
2005,antonio-pizzonia,Antônio Pizzonia,PIZ,5,5,0,0,0,0,2.0,7.0,22.0
2005,takuma-sato,Takuma Sato,SAT,16,16,0,0,0,0,1.0,8.0,23.0
2005,vitantonio-liuzzi,Vitantonio Liuzzi,LIU,4,4,0,0,0,0,1.0,8.0,24.0
2005,robert-doornbos,Robert Doornbos,DOO,8,8,0,0,0,0,0.0,13.0,25.0
2005,anthony-davidson,Anthony Davidson,DAV,1,1,0,0,0,0,0.0,,
2005,ricardo-zonta,Ricardo Zonta,ZON,1,1,0,0,0,0,0.0,,
2006,fernando-alonso,Fernando Alonso,ALO,18,18,7,14,6,5,134.0,1.0,1.0
2006,michael-schumacher,Michael Schumacher,MSC,18,18,7,12,4,7,121.0,1.0,2.0
2006,felipe-massa,Felipe Massa,MAS,18,18,2,7,3,2,80.0,1.0,3.0
2006,giancarlo-fisichella,Giancarlo Fisichella,FIS,18,18,1,5,1,0,72.0,1.0,4.0
2006,kimi-raikkonen,Kimi Räikkönen,RAI,18,18,0,6,3,3,65.0,2.0,5.0
2006,jenson-button,Jenson Button,BUT,18,18,1,3,1,0,56.0,1.0,6.0
2006,rubens-barrichello,Rubens Barrichello,BAR,18,18,0,0,0,0,30.0,4.0,7.0
2006,juan-pablo-montoya,Juan Pablo Montoya,MOY,10,10,0,2,0,0,26.0,2.0,8.0
2006,nick-heidfeld,Nick Heidfeld,HEI,18,18,0,1,0,0,23.0,3.0,9.0
2006,ralf-schumacher,Ralf Schumacher,RSC,18,18,0,1,0,0,20.0,3.0,10.0
2006,pedro-de-la-rosa,Pedro de la Rosa,DLR,8,8,0,1,0,0,19.0,2.0,11.0
2006,jarno-trulli,Jarno Trulli,TRU,18,18,0,0,0,0,15.0,4.0,12.0
2006,david-coulthard,David Coulthard,COU,18,18,0,1,0,0,14.0,3.0,13.0
2006,mark-webber,Mark Webber,WEB,18,18,0,0,0,0,7.0,6.0,14.0
2006,jacques-villeneuve,Jacques Villeneuve,VIL,12,12,0,0,0,0,7.0,6.0,15.0
2006,robert-kubica,Robert Kubica,KUB,6,6,0,1,0,0,6.0,3.0,16.0
2006,nico-rosberg,Nico Rosberg,ROS,18,18,0,0,0,1,4.0,7.0,17.0
2006,christian-klien,Christian Klien,KLI,15,15,0,0,0,0,2.0,8.0,18.0
2006,vitantonio-liuzzi,Vitantonio Liuzzi,LIU,18,18,0,0,0,0,1.0,8.0,19.0
2006,scott-speed,Scott Speed,SPE,18,18,0,0,0,0,0.0,9.0,20.0
2006,tiago-monteiro,Tiago Monteiro,MON,18,18,0,0,0,0,0.0,9.0,21.0
2006,christijan-albers,Christijan Albers,ALB,18,18,0,0,0,0,0.0,10.0,22.0
2006,takuma-sato,Takuma Sato,SAT,18,18,0,0,0,0,0.0,10.0,23.0
2006,robert-doornbos,Robert Doornbos,DOO,3,3,0,0,0,0,0.0,12.0,24.0
2006,yuji-ide,Yuji Ide,IDE,4,4,0,0,0,0,0.0,13.0,25.0
2006,sakon-yamamoto,Sakon Yamamoto,YAM,7,7,0,0,0,0,0.0,16.0,26.0
2006,franck-montagny,Franck Montagny,MON,7,7,0,0,0,0,0.0,16.0,27.0
2007,kimi-raikkonen,Kimi Räikkönen,RAI,17,17,6,12,3,6,110.0,1.0,1.0
2007,lewis-hamilton,Lewis Hamilton,HAM,17,17,4,12,5,2,109.0,1.0,2.0
2007,fernando-alonso,Fernando Alonso,ALO,17,17,4,12,3,3,109.0,1.0,3.0
2007,felipe-massa,Felipe Massa,MAS,17,17,3,10,6,6,94.0,1.0,4.0
2007,nick-heidfeld,Nick Heidfeld,HEI,17,17,0,2,0,0,61.0,2.0,5.0
2007,robert-kubica,Robert Kubica,KUB,16,16,0,0,0,0,39.0,4.0,6.0
2007,heikki-kovalainen,Heikki Kovalainen,KOV,17,17,0,1,0,0,30.0,2.0,7.0
2007,giancarlo-fisichella,Giancarlo Fisichella,FIS,17,17,0,0,0,0,21.0,4.0,8.0
2007,nico-rosberg,Nico Rosberg,ROS,17,17,0,0,0,0,20.0,4.0,9.0
2007,david-coulthard,David Coulthard,COU,17,17,0,0,0,0,14.0,4.0,10.0
2007,alexander-wurz,Alexander Wurz,WUR,16,16,0,1,0,0,13.0,3.0,11.0
2007,mark-webber,Mark Webber,WEB,17,17,0,1,0,0,10.0,3.0,12.0
2007,jarno-trulli,Jarno Trulli,TRU,17,17,0,0,0,0,8.0,6.0,13.0
2007,sebastian-vettel,Sebastian Vettel,VET,8,8,0,0,0,0,6.0,4.0,14.0
2007,jenson-button,Jenson Button,BUT,17,17,0,0,0,0,6.0,5.0,15.0
2007,ralf-schumacher,Ralf Schumacher,RSC,17,17,0,0,0,0,5.0,6.0,16.0
2007,takuma-sato,Takuma Sato,SAT,17,17,0,0,0,0,4.0,6.0,17.0
2007,vitantonio-liuzzi,Vitantonio Liuzzi,LIU,17,17,0,0,0,0,3.0,6.0,18.0
2007,adrian-sutil,Adrian Sutil,SUT,17,17,0,0,0,0,1.0,8.0,19.0
2007,rubens-barrichello,Rubens Barrichello,BAR,17,17,0,0,0,0,0.0,9.0,20.0
2007,scott-speed,Scott Speed,SPE,10,10,0,0,0,0,0.0,9.0,21.0
2007,kazuki-nakajima,Kazuki Nakajima,NAK,1,1,0,0,0,0,0.0,10.0,22.0
2007,anthony-davidson,Anthony Davidson,DAV,17,17,0,0,0,0,0.0,11.0,23.0
2007,sakon-yamamoto,Sakon Yamamoto,YAM,7,7,0,0,0,0,0.0,12.0,24.0
2007,christijan-albers,Christijan Albers,ALB,9,9,0,0,0,0,0.0,14.0,25.0
2007,markus-winkelhock,Markus Winkelhock,WIN,1,1,0,0,0,0,0.0,,
2008,lewis-hamilton,Lewis Hamilton,HAM,18,18,5,10,7,1,98.0,1.0,1.0
2008,felipe-massa,Felipe Massa,MAS,18,18,6,10,6,3,97.0,1.0,2.0
2008,kimi-raikkonen,Kimi Räikkönen,RAI,18,18,2,9,2,10,75.0,1.0,3.0
2008,robert-kubica,Robert Kubica,KUB,18,18,1,7,1,0,75.0,1.0,4.0
2008,fernando-alonso,Fernando Alonso,ALO,18,18,2,3,0,0,61.0,1.0,5.0
2008,nick-heidfeld,Nick Heidfeld,HEI,18,18,0,4,0,2,60.0,2.0,6.0
2008,heikki-kovalainen,Heikki Kovalainen,KOV,18,18,1,3,1,2,53.0,1.0,7.0
2008,sebastian-vettel,Sebastian Vettel,VET,18,18,1,1,1,0,35.0,1.0,8.0
2008,jarno-trulli,Jarno Trulli,TRU,18,18,0,1,0,0,31.0,3.0,9.0
2008,timo-glock,Timo Glock,GLO,18,18,0,1,0,0,25.0,2.0,10.0
2008,mark-webber,Mark Webber,WEB,18,18,0,0,0,0,21.0,4.0,11.0
2008,nelson-piquet-jr,Nelson Piquet Jr.,PIQ,18,18,0,1,0,0,19.0,2.0,12.0
2008,nico-rosberg,Nico Rosberg,ROS,18,18,0,2,0,0,17.0,2.0,13.0
2008,rubens-barrichello,Rubens Barrichello,BAR,18,18,0,1,0,0,11.0,3.0,14.0
2008,kazuki-nakajima,Kazuki Nakajima,NAK,18,18,0,0,0,0,9.0,6.0,15.0
2008,david-coulthard,David Coulthard,COU,18,18,0,1,0,0,8.0,3.0,16.0
2008,sebastien-bourdais,Sébastien Bourdais,BOU,18,18,0,0,0,0,4.0,7.0,17.0
2008,jenson-button,Jenson Button,BUT,18,18,0,0,0,0,3.0,6.0,18.0
2008,giancarlo-fisichella,Giancarlo Fisichella,FIS,18,18,0,0,0,0,0.0,10.0,19.0
2008,adrian-sutil,Adrian Sutil,SUT,18,18,0,0,0,0,0.0,13.0,20.0
2008,takuma-sato,Takuma Sato,SAT,4,4,0,0,0,0,0.0,13.0,21.0
2008,anthony-davidson,Anthony Davidson,DAV,4,4,0,0,0,0,0.0,15.0,22.0
2009,jenson-button,Jenson Button,BUT,17,17,6,9,4,2,95.0,1.0,1.0
2009,sebastian-vettel,Sebastian Vettel,VET,17,17,4,8,4,3,84.0,1.0,2.0
2009,rubens-barrichello,Rubens Barrichello,BAR,17,17,2,6,1,2,77.0,1.0,3.0
2009,mark-webber,Mark Webber,WEB,17,17,2,8,1,3,69.5,1.0,4.0
2009,lewis-hamilton,Lewis Hamilton,HAM,17,17,2,5,4,0,49.0,1.0,5.0
2009,kimi-raikkonen,Kimi Räikkönen,RAI,17,17,1,5,0,0,48.0,1.0,6.0
2009,nico-rosberg,Nico Rosberg,ROS,17,17,0,0,0,1,34.5,4.0,7.0
2009,jarno-trulli,Jarno Trulli,TRU,17,17,0,3,1,1,32.5,2.0,8.0
2009,fernando-alonso,Fernando Alonso,ALO,17,17,0,1,1,2,26.0,3.0,9.0
2009,timo-glock,Timo Glock,GLO,15,15,0,2,0,1,24.0,2.0,10.0
2009,felipe-massa,Felipe Massa,MAS,10,10,0,1,0,1,22.0,3.0,11.0
2009,heikki-kovalainen,Heikki Kovalainen,KOV,17,17,0,0,0,0,22.0,4.0,12.0
2009,nick-heidfeld,Nick Heidfeld,HEI,17,17,0,1,0,0,19.0,2.0,13.0
2009,robert-kubica,Robert Kubica,KUB,17,17,0,1,0,0,17.0,2.0,14.0
2009,giancarlo-fisichella,Giancarlo Fisichella,FIS,17,17,0,1,1,0,8.0,2.0,15.0
2009,sebastien-buemi,Sébastien Buemi,BUE,17,17,0,0,0,0,6.0,7.0,16.0
2009,adrian-sutil,Adrian Sutil,SUT,17,17,0,0,0,1,5.0,4.0,17.0
2009,kamui-kobayashi,Kamui Kobayashi,KOB,2,2,0,0,0,0,3.0,6.0,18.0
2009,sebastien-bourdais,Sébastien Bourdais,BOU,9,9,0,0,0,0,2.0,8.0,19.0
2009,kazuki-nakajima,Kazuki Nakajima,NAK,17,17,0,0,0,0,0.0,9.0,20.0
2009,nelson-piquet-jr,Nelson Piquet Jr.,PIQ,10,10,0,0,0,0,0.0,10.0,21.0
2009,vitantonio-liuzzi,Vitantonio Liuzzi,LIU,5,5,0,0,0,0,0.0,11.0,22.0
2009,romain-grosjean,Romain Grosjean,GRO,7,7,0,0,0,0,0.0,13.0,23.0
2009,jaime-alguersuari,Jaime Alguersuari,ALG,8,8,0,0,0,0,0.0,14.0,24.0
2009,luca-badoer,Luca Badoer,BAD,2,2,0,0,0,0,0.0,14.0,25.0
2010,sebastian-vettel,Sebastian Vettel,VET,19,19,5,10,10,3,256.0,1.0,1.0
2010,fernando-alonso,Fernando Alonso,ALO,19,19,5,10,2,5,252.0,1.0,2.0
2010,mark-webber,Mark Webber,WEB,19,19,4,10,5,3,242.0,1.0,3.0
2010,lewis-hamilton,Lewis Hamilton,HAM,19,19,3,9,1,5,240.0,1.0,4.0
2010,jenson-button,Jenson Button,BUT,19,19,2,7,0,1,214.0,1.0,5.0
2010,felipe-massa,Felipe Massa,MAS,19,19,0,5,0,0,144.0,2.0,6.0
2010,nico-rosberg,Nico Rosberg,ROS,19,19,0,3,0,0,142.0,3.0,7.0
2010,robert-kubica,Robert Kubica,KUB,19,19,0,3,0,1,136.0,2.0,8.0
2010,michael-schumacher,Michael Schumacher,MSC,19,19,0,0,0,0,72.0,4.0,9.0
2010,rubens-barrichello,Rubens Barrichello,BAR,19,19,0,0,0,0,47.0,4.0,10.0
2010,adrian-sutil,Adrian Sutil,SUT,19,19,0,0,0,0,47.0,5.0,11.0
2010,kamui-kobayashi,Kamui Kobayashi,KOB,19,19,0,0,0,0,32.0,6.0,12.0
2010,vitaly-petrov,Vitaly Petrov,PET,19,19,0,0,0,1,27.0,5.0,13.0
2010,nico-hulkenberg,Nico Hülkenberg,HUL,19,19,0,0,1,0,22.0,6.0,14.0
2010,vitantonio-liuzzi,Vitantonio Liuzzi,LIU,19,19,0,0,0,0,21.0,6.0,15.0
2010,sebastien-buemi,Sébastien Buemi,BUE,19,19,0,0,0,0,8.0,8.0,16.0
2010,pedro-de-la-rosa,Pedro de la Rosa,DLR,14,14,0,0,0,0,6.0,7.0,17.0
2010,nick-heidfeld,Nick Heidfeld,HEI,5,5,0,0,0,0,6.0,8.0,18.0
2010,jaime-alguersuari,Jaime Alguersuari,ALG,19,19,0,0,0,0,5.0,9.0,19.0
2010,heikki-kovalainen,Heikki Kovalainen,KOV,19,19,0,0,0,0,0.0,12.0,20.0
2010,jarno-trulli,Jarno Trulli,TRU,19,19,0,0,0,0,0.0,13.0,21.0
2010,karun-chandhok,Karun Chandhok,CHD,10,10,0,0,0,0,0.0,14.0,22.0
2010,bruno-senna,Bruno Senna,SEN,18,18,0,0,0,0,0.0,14.0,23.0
2010,lucas-di-grassi,Lucas di Grassi,DIG,19,19,0,0,0,0,0.0,14.0,24.0
2010,timo-glock,Timo Glock,GLO,19,19,0,0,0,0,0.0,14.0,25.0
2010,sakon-yamamoto,Sakon Yamamoto,YAM,7,7,0,0,0,0,0.0,15.0,26.0
2010,christian-klien,Christian Klien,KLI,3,3,0,0,0,0,0.0,20.0,27.0
2011,sebastian-vettel,Sebastian Vettel,VET,19,19,11,17,15,3,392.0,1.0,1.0
2011,jenson-button,Jenson Button,BUT,19,19,3,12,0,3,270.0,1.0,2.0
2011,mark-webber,Mark Webber,WEB,19,19,1,10,3,7,258.0,1.0,3.0
2011,fernando-alonso,Fernando Alonso,ALO,19,19,1,10,0,1,257.0,1.0,4.0
2011,lewis-hamilton,Lewis Hamilton,HAM,19,19,3,6,1,3,227.0,1.0,5.0
2011,felipe-massa,Felipe Massa,MAS,19,19,0,0,0,2,118.0,5.0,6.0
2011,nico-rosberg,Nico Rosberg,ROS,19,19,0,0,0,0,89.0,5.0,7.0
2011,michael-schumacher,Michael Schumacher,MSC,19,19,0,0,0,0,76.0,4.0,8.0
2011,adrian-sutil,Adrian Sutil,SUT,19,19,0,0,0,0,42.0,6.0,9.0
2011,vitaly-petrov,Vitaly Petrov,PET,19,19,0,1,0,0,37.0,3.0,10.0
2011,nick-heidfeld,Nick Heidfeld,HEI,11,11,0,1,0,0,34.0,3.0,11.0
2011,kamui-kobayashi,Kamui Kobayashi,KOB,19,19,0,0,0,0,30.0,5.0,12.0
2011,paul-di-resta,Paul di Resta,DIR,19,19,0,0,0,0,27.0,6.0,13.0
2011,jaime-alguersuari,Jaime Alguersuari,ALG,19,19,0,0,0,0,26.0,7.0,14.0
2011,sebastien-buemi,Sébastien Buemi,BUE,19,19,0,0,0,0,15.0,8.0,15.0
2011,sergio-perez,Sergio Pérez,PER,18,18,0,0,0,0,14.0,7.0,16.0
2011,rubens-barrichello,Rubens Barrichello,BAR,19,19,0,0,0,0,4.0,9.0,17.0
2011,bruno-senna,Bruno Senna,SEN,8,8,0,0,0,0,2.0,9.0,18.0
2011,pastor-maldonado,Pastor Maldonado,MAL,19,19,0,0,0,0,1.0,10.0,19.0
2011,pedro-de-la-rosa,Pedro de la Rosa,DLR,1,1,0,0,0,0,0.0,12.0,20.0
2011,jarno-trulli,Jarno Trulli,TRU,18,18,0,0,0,0,0.0,13.0,21.0
2011,heikki-kovalainen,Heikki Kovalainen,KOV,19,19,0,0,0,0,0.0,13.0,22.0
2011,vitantonio-liuzzi,Vitantonio Liuzzi,LIU,17,17,0,0,0,0,0.0,13.0,23.0
2011,jerome-dambrosio,Jérôme d'Ambrosio,DAM,19,19,0,0,0,0,0.0,14.0,24.0
2011,timo-glock,Timo Glock,GLO,19,19,0,0,0,0,0.0,15.0,25.0
2011,narain-karthikeyan,Narain Karthikeyan,KAR,8,8,0,0,0,0,0.0,17.0,26.0
2011,daniel-ricciardo,Daniel Ricciardo,RIC,11,11,0,0,0,0,0.0,18.0,27.0
2011,karun-chandhok,Karun Chandhok,CHD,1,1,0,0,0,0,0.0,20.0,28.0
2012,sebastian-vettel,Sebastian Vettel,VET,20,20,5,10,6,6,281.0,1.0,1.0
2012,fernando-alonso,Fernando Alonso,ALO,20,20,3,13,2,0,278.0,1.0,2.0
2012,kimi-raikkonen,Kimi Räikkönen,RAI,20,20,1,7,0,2,207.0,1.0,3.0
2012,lewis-hamilton,Lewis Hamilton,HAM,20,20,4,7,7,1,190.0,1.0,4.0
2012,jenson-button,Jenson Button,BUT,20,20,3,6,1,2,188.0,1.0,5.0
2012,mark-webber,Mark Webber,WEB,20,20,2,4,1,1,179.0,1.0,6.0
2012,felipe-massa,Felipe Massa,MAS,20,20,0,2,0,0,122.0,2.0,7.0
2012,romain-grosjean,Romain Grosjean,GRO,19,19,0,3,0,1,96.0,2.0,8.0
2012,nico-rosberg,Nico Rosberg,ROS,20,20,1,2,1,2,93.0,1.0,9.0
2012,sergio-perez,Sergio Pérez,PER,20,20,0,3,0,1,66.0,2.0,10.0
2012,nico-hulkenberg,Nico Hülkenberg,HUL,20,20,0,0,0,1,63.0,4.0,11.0
2012,kamui-kobayashi,Kamui Kobayashi,KOB,20,20,0,1,0,1,60.0,3.0,12.0
2012,michael-schumacher,Michael Schumacher,MSC,20,20,0,1,1,1,49.0,3.0,13.0
2012,paul-di-resta,Paul di Resta,DIR,20,20,0,0,0,0,46.0,4.0,14.0
2012,pastor-maldonado,Pastor Maldonado,MAL,20,20,1,1,1,0,45.0,1.0,15.0
2012,bruno-senna,Bruno Senna,SEN,20,20,0,0,0,1,31.0,6.0,16.0
2012,jean-eric-vergne,Jean-Éric Vergne,VER,20,20,0,0,0,0,16.0,8.0,17.0
2012,daniel-ricciardo,Daniel Ricciardo,RIC,20,20,0,0,0,0,10.0,9.0,18.0
2012,vitaly-petrov,Vitaly Petrov,PET,20,20,0,0,0,0,0.0,11.0,19.0
2012,timo-glock,Timo Glock,GLO,20,20,0,0,0,0,0.0,12.0,20.0
2012,charles-pic,Charles Pic,PIC,20,20,0,0,0,0,0.0,12.0,21.0
2012,heikki-kovalainen,Heikki Kovalainen,KOV,20,20,0,0,0,0,0.0,13.0,22.0
2012,jerome-dambrosio,Jérôme d'Ambrosio,DAM,1,1,0,0,0,0,0.0,13.0,23.0
2012,narain-karthikeyan,Narain Karthikeyan,KAR,20,20,0,0,0,0,0.0,15.0,24.0
2012,pedro-de-la-rosa,Pedro de la Rosa,DLR,20,20,0,0,0,0,0.0,17.0,25.0
2013,sebastian-vettel,Sebastian Vettel,VET,19,19,13,16,9,7,397.0,1.0,1.0
2013,fernando-alonso,Fernando Alonso,ALO,19,19,2,9,0,2,242.0,1.0,2.0
2013,mark-webber,Mark Webber,WEB,19,19,0,8,2,5,199.0,2.0,3.0
2013,lewis-hamilton,Lewis Hamilton,HAM,19,19,1,5,5,1,189.0,1.0,4.0
2013,kimi-raikkonen,Kimi Räikkönen,RAI,17,17,1,8,0,2,183.0,1.0,5.0
2013,nico-rosberg,Nico Rosberg,ROS,19,19,2,4,3,0,171.0,1.0,6.0
2013,romain-grosjean,Romain Grosjean,GRO,19,19,0,6,0,0,132.0,2.0,7.0
2013,felipe-massa,Felipe Massa,MAS,19,19,0,1,0,0,112.0,3.0,8.0
2013,jenson-button,Jenson Button,BUT,19,19,0,0,0,0,73.0,4.0,9.0
2013,nico-hulkenberg,Nico Hülkenberg,HUL,19,19,0,0,0,0,51.0,4.0,10.0
2013,sergio-perez,Sergio Pérez,PER,19,19,0,0,0,1,49.0,5.0,11.0
2013,paul-di-resta,Paul di Resta,DIR,19,19,0,0,0,0,48.0,4.0,12.0
2013,adrian-sutil,Adrian Sutil,SUT,19,19,0,0,0,0,29.0,5.0,13.0
2013,daniel-ricciardo,Daniel Ricciardo,RIC,19,19,0,0,0,0,20.0,7.0,14.0
2013,jean-eric-vergne,Jean-Éric Vergne,VER,19,19,0,0,0,0,13.0,6.0,15.0
2013,esteban-gutierrez,Esteban Gutiérrez,GUT,19,19,0,0,0,1,6.0,7.0,16.0
2013,valtteri-bottas,Valtteri Bottas,BOT,19,19,0,0,0,0,4.0,8.0,17.0
2013,pastor-maldonado,Pastor Maldonado,MAL,19,19,0,0,0,0,1.0,10.0,18.0
2013,jules-bianchi,Jules Bianchi,BIA,19,19,0,0,0,0,0.0,13.0,19.0
2013,charles-pic,Charles Pic,PIC,19,19,0,0,0,0,0.0,14.0,20.0
2013,heikki-kovalainen,Heikki Kovalainen,KOV,2,2,0,0,0,0,0.0,14.0,21.0
2013,giedo-van-der-garde,Giedo van der Garde,VDG,19,19,0,0,0,0,0.0,14.0,22.0
2013,max-chilton,Max Chilton,CHI,19,19,0,0,0,0,0.0,14.0,23.0
2014,lewis-hamilton,Lewis Hamilton,HAM,19,19,11,16,7,7,384.0,1.0,1.0
2014,nico-rosberg,Nico Rosberg,ROS,19,19,5,15,11,5,317.0,1.0,2.0
2014,daniel-ricciardo,Daniel Ricciardo,RIC,19,19,3,8,0,1,238.0,1.0,3.0
2014,valtteri-bottas,Valtteri Bottas,BOT,19,19,0,6,0,1,186.0,2.0,4.0
2014,sebastian-vettel,Sebastian Vettel,VET,19,19,0,4,0,2,167.0,2.0,5.0
2014,fernando-alonso,Fernando Alonso,ALO,19,19,0,2,0,0,161.0,2.0,6.0
2014,felipe-massa,Felipe Massa,MAS,19,19,0,3,1,1,134.0,2.0,7.0
2014,jenson-button,Jenson Button,BUT,19,19,0,1,0,0,126.0,3.0,8.0
2014,nico-hulkenberg,Nico Hülkenberg,HUL,19,19,0,0,0,0,96.0,5.0,9.0
2014,sergio-perez,Sergio Pérez,PER,19,19,0,1,0,1,59.0,3.0,10.0
2014,kevin-magnussen,Kevin Magnussen,MAG,19,19,0,1,0,0,55.0,2.0,11.0
2014,kimi-raikkonen,Kimi Räikkönen,RAI,19,19,0,0,0,1,55.0,4.0,12.0
2014,jean-eric-vergne,Jean-Éric Vergne,VER,19,19,0,0,0,0,22.0,6.0,13.0
2014,romain-grosjean,Romain Grosjean,GRO,19,19,0,0,0,0,8.0,8.0,14.0
2014,daniil-kvyat,Daniil Kvyat,KVY,19,19,0,0,0,0,8.0,9.0,15.0
2014,pastor-maldonado,Pastor Maldonado,MAL,19,19,0,0,0,0,2.0,9.0,16.0
2014,jules-bianchi,Jules Bianchi,BIA,15,15,0,0,0,0,2.0,9.0,17.0
2014,adrian-sutil,Adrian Sutil,SUT,19,19,0,0,0,0,0.0,11.0,18.0
2014,marcus-ericsson,Marcus Ericsson,ERI,16,16,0,0,0,0,0.0,11.0,19.0
2014,esteban-gutierrez,Esteban Gutiérrez,GUT,19,19,0,0,0,0,0.0,12.0,20.0
2014,max-chilton,Max Chilton,CHI,16,16,0,0,0,0,0.0,13.0,21.0
2014,kamui-kobayashi,Kamui Kobayashi,KOB,16,16,0,0,0,0,0.0,13.0,22.0
2014,will-stevens,Will Stevens,STE,1,1,0,0,0,0,0.0,17.0,23.0
2014,andre-lotterer,André Lotterer,LOT,1,1,0,0,0,0,0.0,,
2015,lewis-hamilton,Lewis Hamilton,HAM,19,19,10,17,11,8,381.0,1.0,1.0
2015,nico-rosberg,Nico Rosberg,ROS,19,19,6,15,7,5,322.0,1.0,2.0
2015,sebastian-vettel,Sebastian Vettel,VET,19,19,3,13,1,1,278.0,1.0,3.0
2015,kimi-raikkonen,Kimi Räikkönen,RAI,19,19,0,3,0,2,150.0,2.0,4.0
2015,valtteri-bottas,Valtteri Bottas,BOT,19,19,0,2,0,0,136.0,3.0,5.0
2015,felipe-massa,Felipe Massa,MAS,19,19,0,2,0,0,121.0,3.0,6.0
2015,daniil-kvyat,Daniil Kvyat,KVY,19,19,0,1,0,0,95.0,2.0,7.0
2015,daniel-ricciardo,Daniel Ricciardo,RIC,19,19,0,2,0,3,92.0,2.0,8.0
2015,sergio-perez,Sergio Pérez,PER,19,19,0,1,0,0,78.0,3.0,9.0
2015,nico-hulkenberg,Nico Hülkenberg,HUL,19,19,0,0,0,0,58.0,6.0,10.0
2015,romain-grosjean,Romain Grosjean,GRO,19,19,0,1,0,0,51.0,3.0,11.0
2015,max-verstappen,Max Verstappen,VER,19,19,0,0,0,0,49.0,4.0,12.0
2015,felipe-nasr,Felipe Nasr,NAS,19,19,0,0,0,0,27.0,5.0,13.0
2015,pastor-maldonado,Pastor Maldonado,MAL,19,19,0,0,0,0,27.0,7.0,14.0
2015,carlos-sainz-jr,Carlos Sainz Jr.,SAI,19,19,0,0,0,0,18.0,7.0,15.0
2015,jenson-button,Jenson Button,BUT,19,19,0,0,0,0,16.0,6.0,16.0
2015,fernando-alonso,Fernando Alonso,ALO,18,18,0,0,0,0,11.0,5.0,17.0
2015,marcus-ericsson,Marcus Ericsson,ERI,19,19,0,0,0,0,9.0,8.0,18.0
2015,roberto-merhi,Roberto Merhi,MER,14,14,0,0,0,0,0.0,12.0,19.0
2015,alexander-rossi,Alexander Rossi,RSI,5,5,0,0,0,0,0.0,12.0,20.0
2015,will-stevens,Will Stevens,STE,19,19,0,0,0,0,0.0,13.0,21.0
2015,kevin-magnussen,Kevin Magnussen,MAG,1,1,0,0,0,0,0.0,,
2016,nico-rosberg,Nico Rosberg,ROS,21,21,9,16,8,6,385.0,1.0,1.0
2016,lewis-hamilton,Lewis Hamilton,HAM,21,21,10,17,12,3,380.0,1.0,2.0
2016,daniel-ricciardo,Daniel Ricciardo,RIC,21,21,1,8,1,4,256.0,1.0,3.0
2016,sebastian-vettel,Sebastian Vettel,VET,21,21,0,7,0,3,212.0,2.0,4.0
2016,max-verstappen,Max Verstappen,VER,21,21,1,7,0,1,204.0,1.0,5.0
2016,kimi-raikkonen,Kimi Räikkönen,RAI,21,21,0,4,0,1,186.0,2.0,6.0
2016,sergio-perez,Sergio Pérez,PER,21,21,0,2,0,0,101.0,3.0,7.0
2016,valtteri-bottas,Valtteri Bottas,BOT,21,21,0,1,0,0,85.0,3.0,8.0
2016,nico-hulkenberg,Nico Hülkenberg,HUL,21,21,0,0,0,1,72.0,4.0,9.0
2016,fernando-alonso,Fernando Alonso,ALO,20,20,0,0,0,1,54.0,5.0,10.0
2016,felipe-massa,Felipe Massa,MAS,21,21,0,0,0,0,53.0,5.0,11.0
2016,carlos-sainz-jr,Carlos Sainz Jr.,SAI,21,21,0,0,0,0,46.0,6.0,12.0
2016,romain-grosjean,Romain Grosjean,GRO,21,21,0,0,0,0,29.0,5.0,13.0
2016,daniil-kvyat,Daniil Kvyat,KVY,21,21,0,1,0,1,25.0,3.0,14.0
2016,jenson-button,Jenson Button,BUT,21,21,0,0,0,0,21.0,6.0,15.0
2016,kevin-magnussen,Kevin Magnussen,MAG,21,21,0,0,0,0,7.0,7.0,16.0
2016,felipe-nasr,Felipe Nasr,NAS,21,21,0,0,0,0,2.0,9.0,17.0
2016,jolyon-palmer,Jolyon Palmer,PAL,21,21,0,0,0,0,1.0,10.0,18.0
2016,pascal-wehrlein,Pascal Wehrlein,WEH,21,21,0,0,0,0,1.0,10.0,19.0
2016,stoffel-vandoorne,Stoffel Vandoorne,VAN,1,1,0,0,0,0,1.0,10.0,20.0
2016,esteban-gutierrez,Esteban Gutiérrez,GUT,21,21,0,0,0,0,0.0,11.0,21.0
2016,marcus-ericsson,Marcus Ericsson,ERI,21,21,0,0,0,0,0.0,11.0,22.0
2016,esteban-ocon,Esteban Ocon,OCO,9,9,0,0,0,0,0.0,12.0,23.0
2016,rio-haryanto,Rio Haryanto,HAR,12,12,0,0,0,0,0.0,15.0,24.0
2017,lewis-hamilton,Lewis Hamilton,HAM,20,20,9,13,11,7,363.0,1.0,1.0
2017,sebastian-vettel,Sebastian Vettel,VET,20,20,5,13,4,5,317.0,1.0,2.0
2017,valtteri-bottas,Valtteri Bottas,BOT,20,20,3,13,4,2,305.0,1.0,3.0
2017,kimi-raikkonen,Kimi Räikkönen,RAI,20,20,0,7,1,2,205.0,2.0,4.0
2017,daniel-ricciardo,Daniel Ricciardo,RIC,20,20,1,9,0,1,200.0,1.0,5.0
2017,max-verstappen,Max Verstappen,VER,20,20,2,4,0,1,168.0,1.0,6.0
2017,sergio-perez,Sergio Pérez,PER,20,20,0,0,0,1,100.0,4.0,7.0
2017,esteban-ocon,Esteban Ocon,OCO,20,20,0,0,0,0,87.0,5.0,8.0
2017,carlos-sainz-jr,Carlos Sainz Jr.,SAI,20,20,0,0,0,0,54.0,4.0,9.0
2017,nico-hulkenberg,Nico Hülkenberg,HUL,20,20,0,0,0,0,43.0,6.0,10.0
2017,felipe-massa,Felipe Massa,MAS,19,19,0,0,0,0,43.0,6.0,11.0
2017,lance-stroll,Lance Stroll,STR,20,20,0,1,0,0,40.0,3.0,12.0
2017,romain-grosjean,Romain Grosjean,GRO,20,20,0,0,0,0,28.0,6.0,13.0
2017,kevin-magnussen,Kevin Magnussen,MAG,20,20,0,0,0,0,19.0,7.0,14.0
2017,fernando-alonso,Fernando Alonso,ALO,19,19,0,0,0,1,17.0,6.0,15.0
2017,stoffel-vandoorne,Stoffel Vandoorne,VAN,20,20,0,0,0,0,13.0,7.0,16.0
2017,jolyon-palmer,Jolyon Palmer,PAL,16,16,0,0,0,0,8.0,6.0,17.0
2017,pascal-wehrlein,Pascal Wehrlein,WEH,18,18,0,0,0,0,5.0,8.0,18.0
2017,daniil-kvyat,Daniil Kvyat,KVY,15,15,0,0,0,0,5.0,9.0,19.0
2017,marcus-ericsson,Marcus Ericsson,ERI,20,20,0,0,0,0,0.0,11.0,20.0
2017,pierre-gasly,Pierre Gasly,GAS,5,5,0,0,0,0,0.0,12.0,21.0
2017,antonio-giovinazzi,Antonio Giovinazzi,GIO,2,2,0,0,0,0,0.0,12.0,22.0
2017,brendon-hartley,Brendon Hartley,HAR,4,4,0,0,0,0,0.0,13.0,23.0
2017,jenson-button,Jenson Button,BUT,1,1,0,0,0,0,0.0,,
2017,paul-di-resta,Paul di Resta,DIR,1,1,0,0,0,0,0.0,,
2018,lewis-hamilton,Lewis Hamilton,HAM,21,21,11,17,11,3,408.0,1.0,1.0
2018,sebastian-vettel,Sebastian Vettel,VET,21,21,5,12,5,3,320.0,1.0,2.0
2018,kimi-raikkonen,Kimi Räikkönen,RAI,21,21,1,12,1,1,251.0,1.0,3.0
2018,max-verstappen,Max Verstappen,VER,21,21,2,11,0,2,249.0,1.0,4.0
2018,valtteri-bottas,Valtteri Bottas,BOT,21,21,0,8,2,7,247.0,2.0,5.0
2018,daniel-ricciardo,Daniel Ricciardo,RIC,21,21,2,2,2,4,170.0,1.0,6.0
2018,nico-hulkenberg,Nico Hülkenberg,HUL,21,21,0,0,0,0,69.0,5.0,7.0
2018,sergio-perez,Sergio Pérez,PER,21,21,0,1,0,0,62.0,3.0,8.0
2018,kevin-magnussen,Kevin Magnussen,MAG,21,21,0,0,0,1,56.0,5.0,9.0
2018,carlos-sainz-jr,Carlos Sainz Jr.,SAI,21,21,0,0,0,0,53.0,5.0,10.0
2018,fernando-alonso,Fernando Alonso,ALO,21,21,0,0,0,0,50.0,5.0,11.0
2018,esteban-ocon,Esteban Ocon,OCO,21,21,0,0,0,0,49.0,6.0,12.0
2018,charles-leclerc,Charles Leclerc,LEC,21,21,0,0,0,0,39.0,6.0,13.0
2018,romain-grosjean,Romain Grosjean,GRO,21,21,0,0,0,0,37.0,4.0,14.0
2018,pierre-gasly,Pierre Gasly,GAS,21,21,0,0,0,0,29.0,4.0,15.0
2018,stoffel-vandoorne,Stoffel Vandoorne,VAN,21,21,0,0,0,0,12.0,8.0,16.0
2018,marcus-ericsson,Marcus Ericsson,ERI,21,21,0,0,0,0,9.0,9.0,17.0
2018,lance-stroll,Lance Stroll,STR,21,21,0,0,0,0,6.0,8.0,18.0
2018,brendon-hartley,Brendon Hartley,HAR,21,21,0,0,0,0,4.0,9.0,19.0
2018,sergey-sirotkin,Sergey Sirotkin,SIR,21,21,0,0,0,0,1.0,10.0,20.0
2019,lewis-hamilton,Lewis Hamilton,HAM,21,21,11,17,5,6,413.0,1.0,1.0
2019,valtteri-bottas,Valtteri Bottas,BOT,21,21,4,15,5,3,326.0,1.0,2.0
2019,max-verstappen,Max Verstappen,VER,21,21,3,9,3,3,278.0,1.0,3.0
2019,charles-leclerc,Charles Leclerc,LEC,21,21,2,10,6,4,264.0,1.0,4.0
2019,sebastian-vettel,Sebastian Vettel,VET,21,21,1,9,2,2,240.0,1.0,5.0
2019,carlos-sainz-jr,Carlos Sainz Jr.,SAI,21,21,0,1,0,0,96.0,3.0,6.0
2019,pierre-gasly,Pierre Gasly,GAS,21,21,0,1,0,2,95.0,2.0,7.0
2019,alexander-albon,Alexander Albon,ALB,21,21,0,0,0,0,92.0,4.0,8.0
2019,daniel-ricciardo,Daniel Ricciardo,RIC,21,21,0,0,0,0,54.0,4.0,9.0
2019,sergio-perez,Sergio Pérez,PER,21,21,0,0,0,0,52.0,6.0,10.0
2019,lando-norris,Lando Norris,NOR,21,21,0,0,0,0,49.0,6.0,11.0
2019,kimi-raikkonen,Kimi Räikkönen,RAI,21,21,0,0,0,0,43.0,4.0,12.0
2019,daniil-kvyat,Daniil Kvyat,KVY,21,21,0,1,0,0,37.0,3.0,13.0
2019,nico-hulkenberg,Nico Hülkenberg,HUL,21,21,0,0,0,0,37.0,5.0,14.0
2019,lance-stroll,Lance Stroll,STR,21,21,0,0,0,0,21.0,4.0,15.0
2019,kevin-magnussen,Kevin Magnussen,MAG,21,21,0,0,0,1,20.0,6.0,16.0
2019,antonio-giovinazzi,Antonio Giovinazzi,GIO,21,21,0,0,0,0,14.0,5.0,17.0
2019,romain-grosjean,Romain Grosjean,GRO,21,21,0,0,0,0,8.0,7.0,18.0
2019,robert-kubica,Robert Kubica,KUB,21,21,0,0,0,0,1.0,10.0,19.0
2019,george-russell,George Russell,RUS,21,21,0,0,0,0,0.0,11.0,20.0
2020,lewis-hamilton,Lewis Hamilton,HAM,16,16,11,14,10,6,347.0,1.0,1.0
2020,valtteri-bottas,Valtteri Bottas,BOT,17,17,2,11,5,2,223.0,1.0,2.0
2020,max-verstappen,Max Verstappen,VER,17,17,2,11,1,3,214.0,1.0,3.0
2020,sergio-perez,Sergio Pérez,PER,15,15,1,2,0,0,125.0,1.0,4.0
2020,daniel-ricciardo,Daniel Ricciardo,RIC,17,17,0,2,0,2,119.0,3.0,5.0
2020,carlos-sainz-jr,Carlos Sainz Jr.,SAI,17,17,0,1,0,1,105.0,2.0,6.0
2020,alexander-albon,Alexander Albon,ALB,17,17,0,2,0,0,105.0,3.0,7.0
2020,charles-leclerc,Charles Leclerc,LEC,17,17,0,2,0,0,98.0,2.0,8.0
2020,lando-norris,Lando Norris,NOR,17,17,0,1,0,2,97.0,3.0,9.0
2020,pierre-gasly,Pierre Gasly,GAS,17,17,1,1,0,0,75.0,1.0,10.0
2020,lance-stroll,Lance Stroll,STR,16,16,0,2,1,0,75.0,3.0,11.0
2020,esteban-ocon,Esteban Ocon,OCO,17,17,0,1,0,0,62.0,2.0,12.0
2020,sebastian-vettel,Sebastian Vettel,VET,17,17,0,1,0,0,33.0,3.0,13.0
2020,daniil-kvyat,Daniil Kvyat,KVY,17,17,0,0,0,0,32.0,4.0,14.0
2020,nico-hulkenberg,Nico Hülkenberg,HUL,3,3,0,0,0,0,10.0,7.0,15.0
2020,kimi-raikkonen,Kimi Räikkönen,RAI,17,17,0,0,0,0,4.0,9.0,16.0
2020,antonio-giovinazzi,Antonio Giovinazzi,GIO,17,17,0,0,0,0,4.0,9.0,17.0
2020,george-russell,George Russell,RUS,17,17,0,0,0,1,3.0,9.0,18.0
2020,romain-grosjean,Romain Grosjean,GRO,15,15,0,0,0,0,2.0,9.0,19.0
2020,kevin-magnussen,Kevin Magnussen,MAG,17,17,0,0,0,0,1.0,10.0,20.0
2020,nicholas-latifi,Nicholas Latifi,LAT,17,17,0,0,0,0,0.0,11.0,21.0
2020,jack-aitken,Jack Aitken,AIT,1,1,0,0,0,0,0.0,16.0,22.0
2020,pietro-fittipaldi,Pietro Fittipaldi,FIT,2,2,0,0,0,0,0.0,17.0,23.0
2021,max-verstappen,Max Verstappen,VER,22,22,10,18,9,6,388.5,1.0,1.0
2021,lewis-hamilton,Lewis Hamilton,HAM,22,22,8,17,7,6,385.5,1.0,2.0
2021,valtteri-bottas,Valtteri Bottas,BOT,22,22,1,11,3,4,219.0,1.0,3.0
2021,sergio-perez,Sergio Pérez,PER,22,22,1,5,0,2,190.0,1.0,4.0
2021,carlos-sainz-jr,Carlos Sainz Jr.,SAI,22,22,0,4,0,0,163.5,2.0,5.0
2021,lando-norris,Lando Norris,NOR,22,22,0,4,1,1,160.0,2.0,6.0
2021,charles-leclerc,Charles Leclerc,LEC,22,22,0,1,2,0,159.0,2.0,7.0
2021,daniel-ricciardo,Daniel Ricciardo,RIC,22,22,1,1,0,1,114.0,1.0,8.0
2021,pierre-gasly,Pierre Gasly,GAS,22,22,0,1,0,1,110.0,3.0,9.0
2021,fernando-alonso,Fernando Alonso,ALO,22,22,0,1,0,0,81.0,3.0,10.0
2021,esteban-ocon,Esteban Ocon,OCO,22,22,1,1,0,0,74.0,1.0,11.0
2021,sebastian-vettel,Sebastian Vettel,VET,22,22,0,1,0,0,43.0,2.0,12.0
2021,lance-stroll,Lance Stroll,STR,22,22,0,0,0,0,34.0,6.0,13.0
2021,yuki-tsunoda,Yuki Tsunoda,TSU,22,22,0,0,0,0,32.0,4.0,14.0
2021,george-russell,George Russell,RUS,22,22,0,1,0,0,16.0,2.0,15.0
2021,kimi-raikkonen,Kimi Räikkönen,RAI,20,20,0,0,0,0,10.0,8.0,16.0
2021,nicholas-latifi,Nicholas Latifi,LAT,22,22,0,0,0,0,7.0,7.0,17.0
2021,antonio-giovinazzi,Antonio Giovinazzi,GIO,22,22,0,0,0,0,3.0,9.0,18.0
2021,mick-schumacher,Mick Schumacher,MSC,22,22,0,0,0,0,0.0,12.0,19.0
2021,robert-kubica,Robert Kubica,KUB,2,2,0,0,0,0,0.0,14.0,20.0
2021,nikita-mazepin,Nikita Mazepin,MAZ,22,22,0,0,0,0,0.0,14.0,21.0
2022,max-verstappen,Max Verstappen,VER,22,22,15,17,8,5,433.0,1.0,1.0
2022,charles-leclerc,Charles Leclerc,LEC,22,22,3,11,9,3,291.0,1.0,2.0
2022,sergio-perez,Sergio Pérez,PER,22,22,2,11,1,3,291.0,1.0,3.0
2022,george-russell,George Russell,RUS,22,22,1,8,1,4,262.0,1.0,4.0
2022,carlos-sainz-jr,Carlos Sainz Jr.,SAI,22,22,1,9,2,2,228.0,1.0,5.0
2022,lewis-hamilton,Lewis Hamilton,HAM,22,22,0,9,0,2,233.0,2.0,6.0
2022,lando-norris,Lando Norris,NOR,22,22,0,1,0,2,116.0,3.0,7.0
2022,esteban-ocon,Esteban Ocon,OCO,22,22,0,0,0,0,89.0,4.0,8.0
2022,fernando-alonso,Fernando Alonso,ALO,22,22,0,0,0,0,81.0,5.0,9.0
2022,valtteri-bottas,Valtteri Bottas,BOT,22,22,0,0,0,0,47.0,5.0,10.0
2022,daniel-ricciardo,Daniel Ricciardo,RIC,22,22,0,0,0,0,34.0,5.0,11.0
2022,sebastian-vettel,Sebastian Vettel,VET,20,20,0,0,0,0,37.0,6.0,12.0
2022,kevin-magnussen,Kevin Magnussen,MAG,22,22,0,0,1,0,21.0,5.0,13.0
2022,pierre-gasly,Pierre Gasly,GAS,22,22,0,0,0,0,23.0,5.0,14.0
2022,lance-stroll,Lance Stroll,STR,22,22,0,0,0,0,18.0,6.0,15.0
2022,mick-schumacher,Mick Schumacher,MSC,22,22,0,0,0,0,12.0,6.0,16.0
2022,yuki-tsunoda,Yuki Tsunoda,TSU,22,22,0,0,0,0,12.0,7.0,17.0
2022,guanyu-zhou,Guanyu Zhou,ZHO,22,22,0,0,0,1,6.0,8.0,18.0
2022,alexander-albon,Alexander Albon,ALB,21,21,0,0,0,0,4.0,9.0,19.0
2022,nicholas-latifi,Nicholas Latifi,LAT,22,22,0,0,0,0,2.0,9.0,20.0
2022,nyck-de-vries,Nyck de Vries,DEV,1,1,0,0,0,0,2.0,9.0,21.0
2022,nico-hulkenberg,Nico Hülkenberg,HUL,2,2,0,0,0,0,0.0,12.0,22.0
2023,max-verstappen,Max Verstappen,VER,22,22,19,21,13,9,530.0,1.0,1.0
2023,sergio-perez,Sergio Pérez,PER,22,22,2,9,2,2,260.0,1.0,2.0
2023,lewis-hamilton,Lewis Hamilton,HAM,22,22,0,6,1,4,217.0,2.0,3.0
2023,fernando-alonso,Fernando Alonso,ALO,22,22,0,8,0,1,198.0,2.0,4.0
2023,charles-leclerc,Charles Leclerc,LEC,22,22,0,6,4,0,185.0,2.0,5.0
2023,lando-norris,Lando Norris,NOR,22,22,0,7,0,1,184.0,2.0,6.0
2023,carlos-sainz-jr,Carlos Sainz Jr.,SAI,22,22,1,3,2,0,178.0,1.0,7.0
2023,george-russell,George Russell,RUS,22,22,0,2,0,1,157.0,3.0,8.0
2023,oscar-piastri,Oscar Piastri,PIA,22,22,0,2,0,2,82.0,2.0,9.0
2023,lance-stroll,Lance Stroll,STR,22,22,0,0,0,0,68.0,4.0,10.0
2023,pierre-gasly,Pierre Gasly,GAS,22,22,0,1,0,0,54.0,3.0,11.0
2023,esteban-ocon,Esteban Ocon,OCO,22,22,0,1,0,0,56.0,3.0,12.0
2023,alexander-albon,Alexander Albon,ALB,22,22,0,0,0,0,25.0,7.0,13.0
2023,yuki-tsunoda,Yuki Tsunoda,TSU,22,22,0,0,0,1,14.0,8.0,14.0
2023,valtteri-bottas,Valtteri Bottas,BOT,22,22,0,0,0,0,10.0,8.0,15.0
2023,nico-hulkenberg,Nico Hülkenberg,HUL,22,22,0,0,0,0,6.0,7.0,16.0
2023,daniel-ricciardo,Daniel Ricciardo,RIC,7,7,0,0,0,0,6.0,7.0,17.0
2023,guanyu-zhou,Guanyu Zhou,ZHO,22,22,0,0,0,1,6.0,9.0,18.0
2023,kevin-magnussen,Kevin Magnussen,MAG,22,22,0,0,0,0,3.0,10.0,19.0
2023,liam-lawson,Liam Lawson,LAW,5,5,0,0,0,0,2.0,9.0,20.0
2023,logan-sargeant,Logan Sargeant,SAR,22,22,0,0,0,0,1.0,10.0,21.0
2023,nyck-de-vries,Nyck de Vries,DEV,10,10,0,0,0,0,0.0,12.0,22.0
2024,max-verstappen,Max Verstappen,VER,24,24,9,14,10,3,399.0,1.0,1.0
2024,lando-norris,Lando Norris,NOR,24,24,4,13,8,6,344.0,1.0,2.0
2024,charles-leclerc,Charles Leclerc,LEC,24,24,3,13,2,3,327.0,1.0,3.0
2024,oscar-piastri,Oscar Piastri,PIA,24,24,2,8,0,1,265.0,1.0,4.0
2024,carlos-sainz-jr,Carlos Sainz Jr.,SAI,23,23,2,9,1,1,262.0,1.0,5.0
2024,george-russell,George Russell,RUS,24,24,2,4,3,2,226.0,1.0,6.0
2024,lewis-hamilton,Lewis Hamilton,HAM,24,24,2,5,0,2,207.0,1.0,7.0
2024,sergio-perez,Sergio Pérez,PER,24,24,0,4,0,1,138.0,2.0,8.0
2024,fernando-alonso,Fernando Alonso,ALO,24,24,0,0,0,2,70.0,5.0,9.0
2024,pierre-gasly,Pierre Gasly,GAS,24,24,0,1,0,0,40.0,3.0,10.0
2024,nico-hulkenberg,Nico Hülkenberg,HUL,24,24,0,0,0,0,36.0,6.0,11.0
2024,yuki-tsunoda,Yuki Tsunoda,TSU,24,24,0,0,0,0,29.0,7.0,12.0
2024,lance-stroll,Lance Stroll,STR,24,24,0,0,0,0,24.0,6.0,13.0
2024,esteban-ocon,Esteban Ocon,OCO,23,23,0,1,0,1,23.0,2.0,14.0
2024,kevin-magnussen,Kevin Magnussen,MAG,22,22,0,0,0,1,14.0,7.0,15.0
2024,alexander-albon,Alexander Albon,ALB,24,24,0,0,0,0,12.0,7.0,16.0
2024,daniel-ricciardo,Daniel Ricciardo,RIC,18,18,0,0,0,1,7.0,8.0,17.0
2024,oliver-bearman,Oliver Bearman,BEA,3,3,0,0,0,0,7.0,7.0,18.0
2024,franco-colapinto,Franco Colapinto,COL,9,9,0,0,0,0,5.0,8.0,19.0
2024,guanyu-zhou,Guanyu Zhou,ZHO,24,24,0,0,0,0,4.0,8.0,20.0
2024,liam-lawson,Liam Lawson,LAW,6,6,0,0,0,0,4.0,9.0,21.0
2024,valtteri-bottas,Valtteri Bottas,BOT,24,24,0,0,0,0,0.0,11.0,22.0
2024,logan-sargeant,Logan Sargeant,SAR,14,14,0,0,0,0,0.0,11.0,23.0
2024,jack-doohan,Jack Doohan,DOO,1,1,0,0,0,0,0.0,15.0,24.0
2025,lando-norris,Lando Norris,NOR,24,24,7,18,7,6,394.0,1.0,1.0
2025,max-verstappen,Max Verstappen,VER,24,24,8,15,8,3,389.0,1.0,2.0
2025,oscar-piastri,Oscar Piastri,PIA,24,24,7,16,6,6,381.0,1.0,3.0
2025,george-russell,George Russell,RUS,24,24,2,9,2,3,289.0,1.0,4.0
2025,charles-leclerc,Charles Leclerc,LEC,24,24,0,7,1,1,225.0,2.0,5.0
2025,lewis-hamilton,Lewis Hamilton,HAM,24,24,0,0,0,1,135.0,4.0,6.0
2025,kimi-antonelli,Kimi Antonelli,ANT,24,24,0,3,0,3,135.0,2.0,7.0
2025,alexander-albon,Alexander Albon,ALB,24,24,0,0,0,1,70.0,5.0,8.0
2025,carlos-sainz-jr,Carlos Sainz Jr.,SAI,24,24,0,2,0,0,54.0,3.0,9.0
2025,fernando-alonso,Fernando Alonso,ALO,24,24,0,0,0,0,51.0,5.0,10.0
2025,nico-hulkenberg,Nico Hülkenberg,HUL,24,24,0,1,0,0,51.0,3.0,11.0
2025,isack-hadjar,Isack Hadjar,HAD,24,24,0,1,0,0,50.0,3.0,12.0
2025,oliver-bearman,Oliver Bearman,BEA,24,24,0,0,0,0,39.0,4.0,13.0
2025,liam-lawson,Liam Lawson,LAW,24,24,0,0,0,0,38.0,5.0,14.0
2025,esteban-ocon,Esteban Ocon,OCO,24,24,0,0,0,0,34.0,5.0,15.0
2025,lance-stroll,Lance Stroll,STR,24,24,0,0,0,0,29.0,6.0,16.0
2025,yuki-tsunoda,Yuki Tsunoda,TSU,24,24,0,0,0,0,21.0,6.0,17.0
2025,pierre-gasly,Pierre Gasly,GAS,24,24,0,0,0,0,20.0,6.0,18.0
2025,gabriel-bortoleto,Gabriel Bortoleto,BOR,24,24,0,0,0,0,19.0,6.0,19.0
2025,franco-colapinto,Franco Colapinto,COL,18,18,0,0,0,0,0.0,11.0,20.0
2025,jack-doohan,Jack Doohan,DOO,6,6,0,0,0,0,0.0,13.0,21.0
2026,kimi-antonelli,Kimi Antonelli,ANT,12,12,6,10,6,6,216.0,1.0,1.0
2026,george-russell,George Russell,RUS,12,12,2,6,4,0,149.0,1.0,2.0
2026,lewis-hamilton,Lewis Hamilton,HAM,12,12,1,5,0,1,163.0,1.0,3.0
2026,lando-norris,Lando Norris,NOR,12,12,2,4,2,2,127.0,1.0,4.0
2026,charles-leclerc,Charles Leclerc,LEC,12,12,1,4,0,2,127.0,1.0,5.0
2026,max-verstappen,Max Verstappen,VER,12,12,0,4,0,1,100.0,2.0,6.0
2026,oscar-piastri,Oscar Piastri,PIA,12,12,0,2,0,0,83.0,2.0,7.0
2026,isack-hadjar,Isack Hadjar,HAD,11,11,0,0,0,0,68.0,4.0,8.0
2026,liam-lawson,Liam Lawson,LAW,12,12,0,0,0,0,46.0,6.0,9.0
2026,pierre-gasly,Pierre Gasly,GAS,12,12,0,1,0,0,42.0,3.0,10.0
2026,arvid-lindblad,Arvid Lindblad,LIN,12,12,0,0,0,0,22.0,7.0,11.0
2026,franco-colapinto,Franco Colapinto,COL,12,12,0,0,0,0,19.0,6.0,12.0
2026,oliver-bearman,Oliver Bearman,BEA,12,12,0,0,0,0,17.0,5.0,13.0
2026,gabriel-bortoleto,Gabriel Bortoleto,BOR,12,12,0,0,0,0,10.0,8.0,14.0
2026,nico-hulkenberg,Nico Hülkenberg,HUL,12,12,0,0,0,0,6.0,8.0,15.0
2026,carlos-sainz-jr,Carlos Sainz Jr.,SAI,12,12,0,0,0,0,6.0,9.0,16.0
2026,alexander-albon,Alexander Albon,ALB,12,12,0,0,0,0,5.0,8.0,17.0
2026,esteban-ocon,Esteban Ocon,OCO,12,12,0,0,0,0,3.0,9.0,18.0
2026,fernando-alonso,Fernando Alonso,ALO,12,12,0,0,0,0,3.0,9.0,19.0
2026,yuki-tsunoda,Yuki Tsunoda,TSU,1,1,0,0,0,0,0.0,11.0,20.0
2026,lance-stroll,Lance Stroll,STR,12,12,0,0,0,0,0.0,13.0,21.0
2026,valtteri-bottas,Valtteri Bottas,BOT,12,12,0,0,0,0,0.0,13.0,22.0
2026,sergio-perez,Sergio Pérez,PER,12,12,0,0,0,0,0.0,14.0,23.0
