season,round,race_name,race_date,circuit_name,driver_name,driver_code,team_name,predicted_finish,predicted_position,predicted_race_points,predicted_sprint_points,predicted_total_points
2014,1,Australian Grand Prix,2014-03-16,Albert Park Grand Prix Circuit,Fernando Alonso,ALO,Ferrari,6.25684134147344,1,25,0,25
2014,1,Australian Grand Prix,2014-03-16,Albert Park Grand Prix Circuit,Jenson Button,BUT,McLaren,6.970353119128009,2,18,0,18
2014,1,Australian Grand Prix,2014-03-16,Albert Park Grand Prix Circuit,Kevin Magnussen,MAG,McLaren,7.576148845200992,3,15,0,15
2014,1,Australian Grand Prix,2014-03-16,Albert Park Grand Prix Circuit,Nico Rosberg,ROS,Mercedes,7.787231943500164,4,12,0,12
2014,1,Australian Grand Prix,2014-03-16,Albert Park Grand Prix Circuit,Valtteri Bottas,BOT,Williams,8.382905284315127,5,10,0,10
2014,1,Australian Grand Prix,2014-03-16,Albert Park Grand Prix Circuit,Kimi Räikkönen,RAI,Ferrari,8.883201202390644,6,8,0,8
2014,1,Australian Grand Prix,2014-03-16,Albert Park Grand Prix Circuit,Nico Hülkenberg,HUL,Force India,9.294457241476824,7,6,0,6
2014,1,Australian Grand Prix,2014-03-16,Albert Park Grand Prix Circuit,Jean-Éric Vergne,VER,Toro Rosso,10.213758071793636,8,4,0,4
2014,1,Australian Grand Prix,2014-03-16,Albert Park Grand Prix Circuit,Sergio Pérez,PER,Force India,10.43806472027695,9,2,0,2
2014,1,Australian Grand Prix,2014-03-16,Albert Park Grand Prix Circuit,Daniil Kvyat,KVY,Toro Rosso,11.09404168862788,10,1,0,1
2014,1,Australian Grand Prix,2014-03-16,Albert Park Grand Prix Circuit,Romain Grosjean,GRO,Lotus F1,11.683098573866038,11,0,0,0
2014,1,Australian Grand Prix,2014-03-16,Albert Park Grand Prix Circuit,Felipe Massa,MAS,Williams,11.780024462252104,12,0,0,0
2014,1,Australian Grand Prix,2014-03-16,Albert Park Grand Prix Circuit,Esteban Gutiérrez,GUT,Sauber,11.913009502617246,13,0,0,0
2014,1,Australian Grand Prix,2014-03-16,Albert Park Grand Prix Circuit,Adrian Sutil,SUT,Sauber,12.810661227376873,14,0,0,0
2014,1,Australian Grand Prix,2014-03-16,Albert Park Grand Prix Circuit,Sebastian Vettel,VET,Red Bull,12.86542342876596,15,0,0,0
2014,1,Australian Grand Prix,2014-03-16,Albert Park Grand Prix Circuit,Daniel Ricciardo,RIC,Red Bull,13.459923672074815,16,0,0,0
2014,1,Australian Grand Prix,2014-03-16,Albert Park Grand Prix Circuit,Jules Bianchi,BIA,Marussia,13.806779609948752,17,0,0,0
2014,1,Australian Grand Prix,2014-03-16,Albert Park Grand Prix Circuit,Max Chilton,CHI,Marussia,14.352673278623016,18,0,0,0
2014,1,Australian Grand Prix,2014-03-16,Albert Park Grand Prix Circuit,Lewis Hamilton,HAM,Mercedes,15.252380927062978,19,0,0,0
2014,1,Australian Grand Prix,2014-03-16,Albert Park Grand Prix Circuit,Pastor Maldonado,MAL,Lotus F1,16.027991411031703,20,0,0,0
2014,1,Australian Grand Prix,2014-03-16,Albert Park Grand Prix Circuit,Marcus Ericsson,ERI,Caterham,16.206505039770786,21,0,0,0
2014,1,Australian Grand Prix,2014-03-16,Albert Park Grand Prix Circuit,Kamui Kobayashi,KOB,Caterham,17.13484858450578,22,0,0,0
2014,2,Malaysian Grand Prix,2014-03-30,Sepang International Circuit,Lewis Hamilton,HAM,Mercedes,4.618514924684777,1,25,0,25
2014,2,Malaysian Grand Prix,2014-03-30,Sepang International Circuit,Nico Rosberg,ROS,Mercedes,5.089771088628245,2,18,0,18
2014,2,Malaysian Grand Prix,2014-03-30,Sepang International Circuit,Fernando Alonso,ALO,Ferrari,6.439529970489383,3,15,0,15
2014,2,Malaysian Grand Prix,2014-03-30,Sepang International Circuit,Kevin Magnussen,MAG,McLaren,7.01041298119768,4,12,0,12
2014,2,Malaysian Grand Prix,2014-03-30,Sepang International Circuit,Nico Hülkenberg,HUL,Force India,7.051158750613279,5,10,0,10
2014,2,Malaysian Grand Prix,2014-03-30,Sepang International Circuit,Jenson Button,BUT,McLaren,7.283950747570498,6,8,0,8
2014,2,Malaysian Grand Prix,2014-03-30,Sepang International Circuit,Valtteri Bottas,BOT,Williams,8.321958665454408,7,6,0,6
2014,2,Malaysian Grand Prix,2014-03-30,Sepang International Circuit,Sebastian Vettel,VET,Red Bull,8.66284815655632,8,4,0,4
2014,2,Malaysian Grand Prix,2014-03-30,Sepang International Circuit,Kimi Räikkönen,RAI,Ferrari,9.168800966654953,9,2,0,2
2014,2,Malaysian Grand Prix,2014-03-30,Sepang International Circuit,Felipe Massa,MAS,Williams,9.479381818535815,10,1,0,1
2014,2,Malaysian Grand Prix,2014-03-30,Sepang International Circuit,Daniil Kvyat,KVY,Toro Rosso,11.531755247794507,11,0,0,0
2014,2,Malaysian Grand Prix,2014-03-30,Sepang International Circuit,Jean-Éric Vergne,VER,Toro Rosso,13.261601902656585,12,0,0,0
2014,2,Malaysian Grand Prix,2014-03-30,Sepang International Circuit,Daniel Ricciardo,RIC,Red Bull,14.03844464468457,13,0,0,0
2014,2,Malaysian Grand Prix,2014-03-30,Sepang International Circuit,Romain Grosjean,GRO,Lotus F1,14.806239987694298,14,0,0,0
2014,2,Malaysian Grand Prix,2014-03-30,Sepang International Circuit,Marcus Ericsson,ERI,Caterham,15.255257195454105,15,0,0,0
2014,2,Malaysian Grand Prix,2014-03-30,Sepang International Circuit,Kamui Kobayashi,KOB,Caterham,15.282986362336652,16,0,0,0
2014,2,Malaysian Grand Prix,2014-03-30,Sepang International Circuit,Sergio Pérez,PER,Force India,15.574674064886382,17,0,0,0
2014,2,Malaysian Grand Prix,2014-03-30,Sepang International Circuit,Max Chilton,CHI,Marussia,16.206969294364686,18,0,0,0
2014,2,Malaysian Grand Prix,2014-03-30,Sepang International Circuit,Adrian Sutil,SUT,Sauber,16.51549438885688,19,0,0,0
2014,2,Malaysian Grand Prix,2014-03-30,Sepang International Circuit,Esteban Gutiérrez,GUT,Sauber,16.62544209630669,20,0,0,0
2014,2,Malaysian Grand Prix,2014-03-30,Sepang International Circuit,Jules Bianchi,BIA,Marussia,17.460143777396798,21,0,0,0
2014,2,Malaysian Grand Prix,2014-03-30,Sepang International Circuit,Pastor Maldonado,MAL,Lotus F1,17.544831484582932,22,0,0,0
2014,3,Bahrain Grand Prix,2014-04-06,Bahrain International Circuit,Lewis Hamilton,HAM,Mercedes,2.7657631735189003,1,25,0,25
2014,3,Bahrain Grand Prix,2014-04-06,Bahrain International Circuit,Nico Rosberg,ROS,Mercedes,2.8390600003745363,2,18,0,18
2014,3,Bahrain Grand Prix,2014-04-06,Bahrain International Circuit,Nico Hülkenberg,HUL,Force India,7.053323214177414,3,15,0,15
2014,3,Bahrain Grand Prix,2014-04-06,Bahrain International Circuit,Sergio Pérez,PER,Force India,7.77819026211248,4,12,0,12
2014,3,Bahrain Grand Prix,2014-04-06,Bahrain International Circuit,Valtteri Bottas,BOT,Williams,7.8258734370163054,5,10,0,10
2014,3,Bahrain Grand Prix,2014-04-06,Bahrain International Circuit,Sebastian Vettel,VET,Red Bull,8.186811654507723,6,8,0,8
2014,3,Bahrain Grand Prix,2014-04-06,Bahrain International Circuit,Fernando Alonso,ALO,Ferrari,8.4635450252835,7,6,0,6
2014,3,Bahrain Grand Prix,2014-04-06,Bahrain International Circuit,Felipe Massa,MAS,Williams,8.862240184780378,8,4,0,4
2014,3,Bahrain Grand Prix,2014-04-06,Bahrain International Circuit,Kimi Räikkönen,RAI,Ferrari,9.574185448536715,9,2,0,2
2014,3,Bahrain Grand Prix,2014-04-06,Bahrain International Circuit,Daniel Ricciardo,RIC,Red Bull,9.629230486564948,10,1,0,1
2014,3,Bahrain Grand Prix,2014-04-06,Bahrain International Circuit,Daniil Kvyat,KVY,Toro Rosso,11.499190886148956,11,0,0,0
2014,3,Bahrain Grand Prix,2014-04-06,Bahrain International Circuit,Kevin Magnussen,MAG,McLaren,12.134313123079297,12,0,0,0
2014,3,Bahrain Grand Prix,2014-04-06,Bahrain International Circuit,Jenson Button,BUT,McLaren,12.213928776503783,13,0,0,0
2014,3,Bahrain Grand Prix,2014-04-06,Bahrain International Circuit,Romain Grosjean,GRO,Lotus F1,14.591709671438911,14,0,0,0
2014,3,Bahrain Grand Prix,2014-04-06,Bahrain International Circuit,Pastor Maldonado,MAL,Lotus F1,14.651353718920504,15,0,0,0
2014,3,Bahrain Grand Prix,2014-04-06,Bahrain International Circuit,Jules Bianchi,BIA,Marussia,15.4000238422463,16,0,0,0
2014,3,Bahrain Grand Prix,2014-04-06,Bahrain International Circuit,Max Chilton,CHI,Marussia,15.531591650233874,17,0,0,0
2014,3,Bahrain Grand Prix,2014-04-06,Bahrain International Circuit,Kamui Kobayashi,KOB,Caterham,15.66442709799766,18,0,0,0
2014,3,Bahrain Grand Prix,2014-04-06,Bahrain International Circuit,Jean-Éric Vergne,VER,Toro Rosso,16.645836478305526,19,0,0,0
2014,3,Bahrain Grand Prix,2014-04-06,Bahrain International Circuit,Esteban Gutiérrez,GUT,Sauber,16.771413943874567,20,0,0,0
2014,3,Bahrain Grand Prix,2014-04-06,Bahrain International Circuit,Adrian Sutil,SUT,Sauber,18.04589908195256,21,0,0,0
2014,3,Bahrain Grand Prix,2014-04-06,Bahrain International Circuit,Marcus Ericsson,ERI,Caterham,18.55581087189183,22,0,0,0
2014,4,Chinese Grand Prix,2014-04-20,Shanghai International Circuit,Nico Rosberg,ROS,Mercedes,2.9836920029716127,1,25,0,25
2014,4,Chinese Grand Prix,2014-04-20,Shanghai International Circuit,Lewis Hamilton,HAM,Mercedes,3.0408230508567358,2,18,0,18
2014,4,Chinese Grand Prix,2014-04-20,Shanghai International Circuit,Fernando Alonso,ALO,Ferrari,5.556206038138262,3,15,0,15
2014,4,Chinese Grand Prix,2014-04-20,Shanghai International Circuit,Daniel Ricciardo,RIC,Red Bull,6.56039207167145,4,12,0,12
2014,4,Chinese Grand Prix,2014-04-20,Shanghai International Circuit,Sebastian Vettel,VET,Red Bull,6.771574531348359,5,10,0,10
2014,4,Chinese Grand Prix,2014-04-20,Shanghai International Circuit,Nico Hülkenberg,HUL,Force India,7.250477271042808,6,8,0,8
2014,4,Chinese Grand Prix,2014-04-20,Shanghai International Circuit,Valtteri Bottas,BOT,Williams,7.504654928132331,7,6,0,6
2014,4,Chinese Grand Prix,2014-04-20,Shanghai International Circuit,Jenson Button,BUT,McLaren,9.57713371329627,8,4,0,4
2014,4,Chinese Grand Prix,2014-04-20,Shanghai International Circuit,Sergio Pérez,PER,Force India,9.77686783603442,9,2,0,2
2014,4,Chinese Grand Prix,2014-04-20,Shanghai International Circuit,Kimi Räikkönen,RAI,Ferrari,10.253115946111883,10,1,0,1
2014,4,Chinese Grand Prix,2014-04-20,Shanghai International Circuit,Kevin Magnussen,MAG,McLaren,10.921528497467031,11,0,0,0
2014,4,Chinese Grand Prix,2014-04-20,Shanghai International Circuit,Felipe Massa,MAS,Williams,11.64228931049538,12,0,0,0
2014,4,Chinese Grand Prix,2014-04-20,Shanghai International Circuit,Daniil Kvyat,KVY,Toro Rosso,11.69784142778419,13,0,0,0
2014,4,Chinese Grand Prix,2014-04-20,Shanghai International Circuit,Jean-Éric Vergne,VER,Toro Rosso,12.142823142464188,14,0,0,0
2014,4,Chinese Grand Prix,2014-04-20,Shanghai International Circuit,Pastor Maldonado,MAL,Lotus F1,15.28201588926561,15,0,0,0
2014,4,Chinese Grand Prix,2014-04-20,Shanghai International Circuit,Esteban Gutiérrez,GUT,Sauber,16.098977158676206,16,0,0,0
2014,4,Chinese Grand Prix,2014-04-20,Shanghai International Circuit,Jules Bianchi,BIA,Marussia,16.736571385612,17,0,0,0
2014,4,Chinese Grand Prix,2014-04-20,Shanghai International Circuit,Romain Grosjean,GRO,Lotus F1,16.946328141479775,18,0,0,0
2014,4,Chinese Grand Prix,2014-04-20,Shanghai International Circuit,Max Chilton,CHI,Marussia,17.075489507870895,19,0,0,0
2014,4,Chinese Grand Prix,2014-04-20,Shanghai International Circuit,Kamui Kobayashi,KOB,Caterham,17.14541945482071,20,0,0,0
2014,4,Chinese Grand Prix,2014-04-20,Shanghai International Circuit,Adrian Sutil,SUT,Sauber,17.956663869894207,21,0,0,0
2014,4,Chinese Grand Prix,2014-04-20,Shanghai International Circuit,Marcus Ericsson,ERI,Caterham,19.07893553379305,22,0,0,0
2014,5,Spanish Grand Prix,2014-05-11,Circuit de Barcelona-Catalunya,Lewis Hamilton,HAM,Mercedes,1.9975673188826315,1,25,0,25
2014,5,Spanish Grand Prix,2014-05-11,Circuit de Barcelona-Catalunya,Nico Rosberg,ROS,Mercedes,3.5100842448609986,2,18,0,18
2014,5,Spanish Grand Prix,2014-05-11,Circuit de Barcelona-Catalunya,Daniel Ricciardo,RIC,Red Bull,5.842204004868968,3,15,0,15
2014,5,Spanish Grand Prix,2014-05-11,Circuit de Barcelona-Catalunya,Fernando Alonso,ALO,Ferrari,6.653305047272325,4,12,0,12
2014,5,Spanish Grand Prix,2014-05-11,Circuit de Barcelona-Catalunya,Valtteri Bottas,BOT,Williams,6.828989381142012,5,10,0,10
2014,5,Spanish Grand Prix,2014-05-11,Circuit de Barcelona-Catalunya,Sebastian Vettel,VET,Red Bull,7.330884185404152,6,8,0,8
2014,5,Spanish Grand Prix,2014-05-11,Circuit de Barcelona-Catalunya,Nico Hülkenberg,HUL,Force India,8.725947147018264,7,6,0,6
2014,5,Spanish Grand Prix,2014-05-11,Circuit de Barcelona-Catalunya,Kimi Räikkönen,RAI,Ferrari,8.925034317393091,8,4,0,4
2014,5,Spanish Grand Prix,2014-05-11,Circuit de Barcelona-Catalunya,Jenson Button,BUT,McLaren,9.22840092079218,9,2,0,2
2014,5,Spanish Grand Prix,2014-05-11,Circuit de Barcelona-Catalunya,Sergio Pérez,PER,Force India,10.051672501253384,10,1,0,1
2014,5,Spanish Grand Prix,2014-05-11,Circuit de Barcelona-Catalunya,Kevin Magnussen,MAG,McLaren,10.674926521490258,11,0,0,0
2014,5,Spanish Grand Prix,2014-05-11,Circuit de Barcelona-Catalunya,Felipe Massa,MAS,Williams,11.764610981866529,12,0,0,0
2014,5,Spanish Grand Prix,2014-05-11,Circuit de Barcelona-Catalunya,Romain Grosjean,GRO,Lotus F1,13.092670661932493,13,0,0,0
2014,5,Spanish Grand Prix,2014-05-11,Circuit de Barcelona-Catalunya,Daniil Kvyat,KVY,Toro Rosso,13.11587627858347,14,0,0,0
2014,5,Spanish Grand Prix,2014-05-11,Circuit de Barcelona-Catalunya,Pastor Maldonado,MAL,Lotus F1,14.234727671372292,15,0,0,0
2014,5,Spanish Grand Prix,2014-05-11,Circuit de Barcelona-Catalunya,Esteban Gutiérrez,GUT,Sauber,15.988639317440017,16,0,0,0
2014,5,Spanish Grand Prix,2014-05-11,Circuit de Barcelona-Catalunya,Adrian Sutil,SUT,Sauber,16.673493254605347,17,0,0,0
2014,5,Spanish Grand Prix,2014-05-11,Circuit de Barcelona-Catalunya,Jean-Éric Vergne,VER,Toro Rosso,16.808047530071327,18,0,0,0
2014,5,Spanish Grand Prix,2014-05-11,Circuit de Barcelona-Catalunya,Jules Bianchi,BIA,Marussia,16.955593201696832,19,0,0,0
2014,5,Spanish Grand Prix,2014-05-11,Circuit de Barcelona-Catalunya,Max Chilton,CHI,Marussia,17.738168120305538,20,0,0,0
2014,5,Spanish Grand Prix,2014-05-11,Circuit de Barcelona-Catalunya,Marcus Ericsson,ERI,Caterham,18.89209979711037,21,0,0,0
2014,5,Spanish Grand Prix,2014-05-11,Circuit de Barcelona-Catalunya,Kamui Kobayashi,KOB,Caterham,19.00064209100881,22,0,0,0
2014,6,Monaco Grand Prix,2014-05-25,Circuit de Monaco,Lewis Hamilton,HAM,Mercedes,2.976092694191323,1,25,0,25
2014,6,Monaco Grand Prix,2014-05-25,Circuit de Monaco,Nico Rosberg,ROS,Mercedes,2.9965533337113164,2,18,0,18
2014,6,Monaco Grand Prix,2014-05-25,Circuit de Monaco,Daniel Ricciardo,RIC,Red Bull,5.924020089987787,3,15,0,15
2014,6,Monaco Grand Prix,2014-05-25,Circuit de Monaco,Fernando Alonso,ALO,Ferrari,6.2294449340554685,4,12,0,12
2014,6,Monaco Grand Prix,2014-05-25,Circuit de Monaco,Nico Hülkenberg,HUL,Force India,8.436240899629873,5,10,0,10
2014,6,Monaco Grand Prix,2014-05-25,Circuit de Monaco,Jenson Button,BUT,McLaren,8.80485417065919,6,8,0,8
2014,6,Monaco Grand Prix,2014-05-25,Circuit de Monaco,Felipe Massa,MAS,Williams,10.069727826432052,7,6,0,6
2014,6,Monaco Grand Prix,2014-05-25,Circuit de Monaco,Kimi Räikkönen,RAI,Ferrari,10.09274460973183,8,4,0,4
2014,6,Monaco Grand Prix,2014-05-25,Circuit de Monaco,Kevin Magnussen,MAG,McLaren,10.254815232963413,9,2,0,2
2014,6,Monaco Grand Prix,2014-05-25,Circuit de Monaco,Valtteri Bottas,BOT,Williams,11.115197893237005,10,1,0,1
2014,6,Monaco Grand Prix,2014-05-25,Circuit de Monaco,Romain Grosjean,GRO,Lotus F1,11.241161213983842,11,0,0,0
2014,6,Monaco Grand Prix,2014-05-25,Circuit de Monaco,Sebastian Vettel,VET,Red Bull,11.956525521037417,12,0,0,0
2014,6,Monaco Grand Prix,2014-05-25,Circuit de Monaco,Sergio Pérez,PER,Force India,13.981394465762678,13,0,0,0
2014,6,Monaco Grand Prix,2014-05-25,Circuit de Monaco,Jules Bianchi,BIA,Marussia,14.117859637639878,14,0,0,0
2014,6,Monaco Grand Prix,2014-05-25,Circuit de Monaco,Marcus Ericsson,ERI,Caterham,14.56830615131726,15,0,0,0
2014,6,Monaco Grand Prix,2014-05-25,Circuit de Monaco,Jean-Éric Vergne,VER,Toro Rosso,15.360533739963593,16,0,0,0
2014,6,Monaco Grand Prix,2014-05-25,Circuit de Monaco,Esteban Gutiérrez,GUT,Sauber,15.364626243643851,17,0,0,0
2014,6,Monaco Grand Prix,2014-05-25,Circuit de Monaco,Kamui Kobayashi,KOB,Caterham,15.371104815833185,18,0,0,0
2014,6,Monaco Grand Prix,2014-05-25,Circuit de Monaco,Max Chilton,CHI,Marussia,15.629535193672154,19,0,0,0
2014,6,Monaco Grand Prix,2014-05-25,Circuit de Monaco,Adrian Sutil,SUT,Sauber,16.283710996648793,20,0,0,0
2014,6,Monaco Grand Prix,2014-05-25,Circuit de Monaco,Daniil Kvyat,KVY,Toro Rosso,16.354041122559998,21,0,0,0
2014,6,Monaco Grand Prix,2014-05-25,Circuit de Monaco,Pastor Maldonado,MAL,Lotus F1,16.93058563337463,22,0,0,0
2014,7,Canadian Grand Prix,2014-06-08,Circuit Gilles Villeneuve,Daniel Ricciardo,RIC,Red Bull,3.992226848464151,1,25,0,25
2014,7,Canadian Grand Prix,2014-06-08,Circuit Gilles Villeneuve,Nico Rosberg,ROS,Mercedes,4.788837832031287,2,18,0,18
2014,7,Canadian Grand Prix,2014-06-08,Circuit Gilles Villeneuve,Sebastian Vettel,VET,Red Bull,5.012216494970825,3,15,0,15
2014,7,Canadian Grand Prix,2014-06-08,Circuit Gilles Villeneuve,Fernando Alonso,ALO,Ferrari,6.076577335359939,4,12,0,12
2014,7,Canadian Grand Prix,2014-06-08,Circuit Gilles Villeneuve,Valtteri Bottas,BOT,Williams,7.264628666577067,5,10,0,10
2014,7,Canadian Grand Prix,2014-06-08,Circuit Gilles Villeneuve,Jenson Button,BUT,McLaren,7.563678941510774,6,8,0,8
2014,7,Canadian Grand Prix,2014-06-08,Circuit Gilles Villeneuve,Nico Hülkenberg,HUL,Force India,7.567188101393316,7,6,0,6
2014,7,Canadian Grand Prix,2014-06-08,Circuit Gilles Villeneuve,Lewis Hamilton,HAM,Mercedes,7.670012408445011,8,4,0,4
2014,7,Canadian Grand Prix,2014-06-08,Circuit Gilles Villeneuve,Kimi Räikkönen,RAI,Ferrari,10.305324262535583,9,2,0,2
2014,7,Canadian Grand Prix,2014-06-08,Circuit Gilles Villeneuve,Kevin Magnussen,MAG,McLaren,10.330891830473591,10,1,0,1
2014,7,Canadian Grand Prix,2014-06-08,Circuit Gilles Villeneuve,Sergio Pérez,PER,Force India,10.74394281094502,11,0,0,0
2014,7,Canadian Grand Prix,2014-06-08,Circuit Gilles Villeneuve,Felipe Massa,MAS,Williams,12.38150533996448,12,0,0,0
2014,7,Canadian Grand Prix,2014-06-08,Circuit Gilles Villeneuve,Jean-Éric Vergne,VER,Toro Rosso,12.510825170824894,13,0,0,0
2014,7,Canadian Grand Prix,2014-06-08,Circuit Gilles Villeneuve,Romain Grosjean,GRO,Lotus F1,13.497414112127082,14,0,0,0
2014,7,Canadian Grand Prix,2014-06-08,Circuit Gilles Villeneuve,Adrian Sutil,SUT,Sauber,14.952125934506522,15,0,0,0
2014,7,Canadian Grand Prix,2014-06-08,Circuit Gilles Villeneuve,Daniil Kvyat,KVY,Toro Rosso,15.480967018794784,16,0,0,0
2014,7,Canadian Grand Prix,2014-06-08,Circuit Gilles Villeneuve,Esteban Gutiérrez,GUT,Sauber,15.55789481942826,17,0,0,0
2014,7,Canadian Grand Prix,2014-06-08,Circuit Gilles Villeneuve,Kamui Kobayashi,KOB,Caterham,16.62655081662087,18,0,0,0
2014,7,Canadian Grand Prix,2014-06-08,Circuit Gilles Villeneuve,Pastor Maldonado,MAL,Lotus F1,16.736314367370348,19,0,0,0
2014,7,Canadian Grand Prix,2014-06-08,Circuit Gilles Villeneuve,Jules Bianchi,BIA,Marussia,18.340844335176413,20,0,0,0
2014,7,Canadian Grand Prix,2014-06-08,Circuit Gilles Villeneuve,Max Chilton,CHI,Marussia,18.717470590601803,21,0,0,0
2014,7,Canadian Grand Prix,2014-06-08,Circuit Gilles Villeneuve,Marcus Ericsson,ERI,Caterham,18.94346957515153,22,0,0,0
2014,8,Austrian Grand Prix,2014-06-22,Red Bull Ring,Nico Rosberg,ROS,Mercedes,2.737702137567036,1,25,0,25
2014,8,Austrian Grand Prix,2014-06-22,Red Bull Ring,Lewis Hamilton,HAM,Mercedes,3.3160331618878574,2,18,0,18
2014,8,Austrian Grand Prix,2014-06-22,Red Bull Ring,Fernando Alonso,ALO,Ferrari,6.367227049102087,3,15,0,15
2014,8,Austrian Grand Prix,2014-06-22,Red Bull Ring,Valtteri Bottas,BOT,Williams,6.673291699775359,4,12,0,12
2014,8,Austrian Grand Prix,2014-06-22,Red Bull Ring,Daniel Ricciardo,RIC,Red Bull,6.74209084979837,5,10,0,10
2014,8,Austrian Grand Prix,2014-06-22,Red Bull Ring,Felipe Massa,MAS,Williams,7.677856257837627,6,8,0,8
2014,8,Austrian Grand Prix,2014-06-22,Red Bull Ring,Sergio Pérez,PER,Force India,7.684668108667332,7,6,0,6
2014,8,Austrian Grand Prix,2014-06-22,Red Bull Ring,Nico Hülkenberg,HUL,Force India,8.319833193320578,8,4,0,4
2014,8,Austrian Grand Prix,2014-06-22,Red Bull Ring,Jenson Button,BUT,McLaren,9.173654045126934,9,2,0,2
2014,8,Austrian Grand Prix,2014-06-22,Red Bull Ring,Kevin Magnussen,MAG,McLaren,9.857849417797134,10,1,0,1
2014,8,Austrian Grand Prix,2014-06-22,Red Bull Ring,Kimi Räikkönen,RAI,Ferrari,10.574513634554934,11,0,0,0
2014,8,Austrian Grand Prix,2014-06-22,Red Bull Ring,Sebastian Vettel,VET,Red Bull,11.943724730609404,12,0,0,0
2014,8,Austrian Grand Prix,2014-06-22,Red Bull Ring,Pastor Maldonado,MAL,Lotus F1,13.752738866484698,13,0,0,0
2014,8,Austrian Grand Prix,2014-06-22,Red Bull Ring,Romain Grosjean,GRO,Lotus F1,14.23177824361961,14,0,0,0
2014,8,Austrian Grand Prix,2014-06-22,Red Bull Ring,Adrian Sutil,SUT,Sauber,15.575586930379464,15,0,0,0
2014,8,Austrian Grand Prix,2014-06-22,Red Bull Ring,Jules Bianchi,BIA,Marussia,15.661431577684482,16,0,0,0
2014,8,Austrian Grand Prix,2014-06-22,Red Bull Ring,Jean-Éric Vergne,VER,Toro Rosso,16.233120869228994,17,0,0,0
2014,8,Austrian Grand Prix,2014-06-22,Red Bull Ring,Max Chilton,CHI,Marussia,16.939490581573487,18,0,0,0
2014,8,Austrian Grand Prix,2014-06-22,Red Bull Ring,Daniil Kvyat,KVY,Toro Rosso,17.05284903159135,19,0,0,0
2014,8,Austrian Grand Prix,2014-06-22,Red Bull Ring,Esteban Gutiérrez,GUT,Sauber,17.06949382526277,20,0,0,0
2014,8,Austrian Grand Prix,2014-06-22,Red Bull Ring,Kamui Kobayashi,KOB,Caterham,17.223675262198967,21,0,0,0
2014,8,Austrian Grand Prix,2014-06-22,Red Bull Ring,Marcus Ericsson,ERI,Caterham,18.013685869473964,22,0,0,0
2014,9,British Grand Prix,2014-07-06,Silverstone Circuit,Lewis Hamilton,HAM,Mercedes,3.049863173022123,1,25,0,25
2014,9,British Grand Prix,2014-07-06,Silverstone Circuit,Daniel Ricciardo,RIC,Red Bull,4.99685985377359,2,18,0,18
2014,9,British Grand Prix,2014-07-06,Silverstone Circuit,Valtteri Bottas,BOT,Williams,5.500580633627992,3,15,0,15
2014,9,British Grand Prix,2014-07-06,Silverstone Circuit,Sebastian Vettel,VET,Red Bull,6.185579790798908,4,12,0,12
2014,9,British Grand Prix,2014-07-06,Silverstone Circuit,Fernando Alonso,ALO,Ferrari,7.306314262249466,5,10,0,10
2014,9,British Grand Prix,2014-07-06,Silverstone Circuit,Jenson Button,BUT,McLaren,7.329846633211883,6,8,0,8
2014,9,British Grand Prix,2014-07-06,Silverstone Circuit,Nico Rosberg,ROS,Mercedes,7.69163464421151,7,6,0,6
2014,9,British Grand Prix,2014-07-06,Silverstone Circuit,Nico Hülkenberg,HUL,Force India,8.526214731991054,8,4,0,4
2014,9,British Grand Prix,2014-07-06,Silverstone Circuit,Kevin Magnussen,MAG,McLaren,9.11244162164973,9,2,0,2
2014,9,British Grand Prix,2014-07-06,Silverstone Circuit,Sergio Pérez,PER,Force India,10.535218278377345,10,1,0,1
2014,9,British Grand Prix,2014-07-06,Silverstone Circuit,Daniil Kvyat,KVY,Toro Rosso,11.636812499224911,11,0,0,0
2014,9,British Grand Prix,2014-07-06,Silverstone Circuit,Jean-Éric Vergne,VER,Toro Rosso,12.03779610759755,12,0,0,0
2014,9,British Grand Prix,2014-07-06,Silverstone Circuit,Romain Grosjean,GRO,Lotus F1,12.92945124046866,13,0,0,0
2014,9,British Grand Prix,2014-07-06,Silverstone Circuit,Kimi Räikkönen,RAI,Ferrari,13.142264397408963,14,0,0,0
2014,9,British Grand Prix,2014-07-06,Silverstone Circuit,Felipe Massa,MAS,Williams,15.089242099917907,15,0,0,0
2014,9,British Grand Prix,2014-07-06,Silverstone Circuit,Adrian Sutil,SUT,Sauber,15.18539662026346,16,0,0,0
2014,9,British Grand Prix,2014-07-06,Silverstone Circuit,Jules Bianchi,BIA,Marussia,15.55713017334825,17,0,0,0
2014,9,British Grand Prix,2014-07-06,Silverstone Circuit,Kamui Kobayashi,KOB,Caterham,16.0142986092288,18,0,0,0
2014,9,British Grand Prix,2014-07-06,Silverstone Circuit,Max Chilton,CHI,Marussia,16.113817969207837,19,0,0,0
2014,9,British Grand Prix,2014-07-06,Silverstone Circuit,Pastor Maldonado,MAL,Lotus F1,16.684203316848524,20,0,0,0
2014,9,British Grand Prix,2014-07-06,Silverstone Circuit,Esteban Gutiérrez,GUT,Sauber,17.305786215326094,21,0,0,0
2014,9,British Grand Prix,2014-07-06,Silverstone Circuit,Marcus Ericsson,ERI,Caterham,17.658355626826946,22,0,0,0
2014,10,German Grand Prix,2014-07-20,Hockenheimring,Nico Rosberg,ROS,Mercedes,2.306966091980077,1,25,0,25
2014,10,German Grand Prix,2014-07-20,Hockenheimring,Lewis Hamilton,HAM,Mercedes,2.823124679088626,2,18,0,18
2014,10,German Grand Prix,2014-07-20,Hockenheimring,Valtteri Bottas,BOT,Williams,5.0704180095535305,3,15,0,15
2014,10,German Grand Prix,2014-07-20,Hockenheimring,Daniel Ricciardo,RIC,Red Bull,5.609541400121376,4,12,0,12
2014,10,German Grand Prix,2014-07-20,Hockenheimring,Fernando Alonso,ALO,Ferrari,5.843209765114986,5,10,0,10
2014,10,German Grand Prix,2014-07-20,Hockenheimring,Sebastian Vettel,VET,Red Bull,5.932953533387105,6,8,0,8
2014,10,German Grand Prix,2014-07-20,Hockenheimring,Jenson Button,BUT,McLaren,8.207183497303866,7,6,0,6
2014,10,German Grand Prix,2014-07-20,Hockenheimring,Kevin Magnussen,MAG,McLaren,9.210375542777763,8,4,0,4
2014,10,German Grand Prix,2014-07-20,Hockenheimring,Nico Hülkenberg,HUL,Force India,9.880391314253185,9,2,0,2
2014,10,German Grand Prix,2014-07-20,Hockenheimring,Kimi Räikkönen,RAI,Ferrari,10.110482548112197,10,1,0,1
2014,10,German Grand Prix,2014-07-20,Hockenheimring,Sergio Pérez,PER,Force India,11.004207087111684,11,0,0,0
2014,10,German Grand Prix,2014-07-20,Hockenheimring,Jean-Éric Vergne,VER,Toro Rosso,13.84216020635613,12,0,0,0
2014,10,German Grand Prix,2014-07-20,Hockenheimring,Pastor Maldonado,MAL,Lotus F1,14.275388753311454,13,0,0,0
2014,10,German Grand Prix,2014-07-20,Hockenheimring,Felipe Massa,MAS,Williams,14.384904340979592,14,0,0,0
2014,10,German Grand Prix,2014-07-20,Hockenheimring,Esteban Gutiérrez,GUT,Sauber,15.509355884604252,15,0,0,0
2014,10,German Grand Prix,2014-07-20,Hockenheimring,Jules Bianchi,BIA,Marussia,15.864018196436444,16,0,0,0
2014,10,German Grand Prix,2014-07-20,Hockenheimring,Daniil Kvyat,KVY,Toro Rosso,15.952248277148474,17,0,0,0
2014,10,German Grand Prix,2014-07-20,Hockenheimring,Adrian Sutil,SUT,Sauber,16.46820922555278,18,0,0,0
2014,10,German Grand Prix,2014-07-20,Hockenheimring,Kamui Kobayashi,KOB,Caterham,16.724051273522512,19,0,0,0
2014,10,German Grand Prix,2014-07-20,Hockenheimring,Max Chilton,CHI,Marussia,16.982834753321878,20,0,0,0
2014,10,German Grand Prix,2014-07-20,Hockenheimring,Romain Grosjean,GRO,Lotus F1,17.097458026219336,21,0,0,0
2014,10,German Grand Prix,2014-07-20,Hockenheimring,Marcus Ericsson,ERI,Caterham,18.283451796743712,22,0,0,0
2014,11,Hungarian Grand Prix,2014-07-27,Hungaroring,Lewis Hamilton,HAM,Mercedes,3.307288373284913,1,25,0,25
2014,11,Hungarian Grand Prix,2014-07-27,Hungaroring,Nico Rosberg,ROS,Mercedes,3.867320801111721,2,18,0,18
2014,11,Hungarian Grand Prix,2014-07-27,Hungaroring,Daniel Ricciardo,RIC,Red Bull,4.815552470046504,3,15,0,15
2014,11,Hungarian Grand Prix,2014-07-27,Hungaroring,Fernando Alonso,ALO,Ferrari,4.981112178393685,4,12,0,12
2014,11,Hungarian Grand Prix,2014-07-27,Hungaroring,Sebastian Vettel,VET,Red Bull,6.679202035074131,5,10,0,10
2014,11,Hungarian Grand Prix,2014-07-27,Hungaroring,Kimi Räikkönen,RAI,Ferrari,7.50332326629046,6,8,0,8
2014,11,Hungarian Grand Prix,2014-07-27,Hungaroring,Felipe Massa,MAS,Williams,8.763734425191613,7,6,0,6
2014,11,Hungarian Grand Prix,2014-07-27,Hungaroring,Valtteri Bottas,BOT,Williams,9.041843788591294,8,4,0,4
2014,11,Hungarian Grand Prix,2014-07-27,Hungaroring,Jenson Button,BUT,McLaren,9.638372988612684,9,2,0,2
2014,11,Hungarian Grand Prix,2014-07-27,Hungaroring,Kevin Magnussen,MAG,McLaren,9.971677474143114,10,1,0,1
2014,11,Hungarian Grand Prix,2014-07-27,Hungaroring,Jean-Éric Vergne,VER,Toro Rosso,11.047726468167903,11,0,0,0
2014,11,Hungarian Grand Prix,2014-07-27,Hungaroring,Daniil Kvyat,KVY,Toro Rosso,13.619885458376029,12,0,0,0
2014,11,Hungarian Grand Prix,2014-07-27,Hungaroring,Nico Hülkenberg,HUL,Force India,13.622167540075932,13,0,0,0
2014,11,Hungarian Grand Prix,2014-07-27,Hungaroring,Adrian Sutil,SUT,Sauber,14.173146866950551,14,0,0,0
2014,11,Hungarian Grand Prix,2014-07-27,Hungaroring,Pastor Maldonado,MAL,Lotus F1,14.519192458960184,15,0,0,0
2014,11,Hungarian Grand Prix,2014-07-27,Hungaroring,Sergio Pérez,PER,Force India,14.792792928057931,16,0,0,0
2014,11,Hungarian Grand Prix,2014-07-27,Hungaroring,Jules Bianchi,BIA,Marussia,15.750325815043368,17,0,0,0
2014,11,Hungarian Grand Prix,2014-07-27,Hungaroring,Esteban Gutiérrez,GUT,Sauber,16.310293158505093,18,0,0,0
2014,11,Hungarian Grand Prix,2014-07-27,Hungaroring,Romain Grosjean,GRO,Lotus F1,16.75418437998721,19,0,0,0
2014,11,Hungarian Grand Prix,2014-07-27,Hungaroring,Max Chilton,CHI,Marussia,16.85640826935142,20,0,0,0
2014,11,Hungarian Grand Prix,2014-07-27,Hungaroring,Kamui Kobayashi,KOB,Caterham,17.511566540754227,21,0,0,0
2014,11,Hungarian Grand Prix,2014-07-27,Hungaroring,Marcus Ericsson,ERI,Caterham,19.00848655132562,22,0,0,0
2014,12,Belgian Grand Prix,2014-08-24,Circuit de Spa-Francorchamps,Nico Rosberg,ROS,Mercedes,3.1680991661705367,1,25,0,25
2014,12,Belgian Grand Prix,2014-08-24,Circuit de Spa-Francorchamps,Daniel Ricciardo,RIC,Red Bull,4.492730818537364,2,18,0,18
2014,12,Belgian Grand Prix,2014-08-24,Circuit de Spa-Francorchamps,Valtteri Bottas,BOT,Williams,5.807623373242625,3,15,0,15
2014,12,Belgian Grand Prix,2014-08-24,Circuit de Spa-Francorchamps,Sebastian Vettel,VET,Red Bull,6.337695136365039,4,12,0,12
2014,12,Belgian Grand Prix,2014-08-24,Circuit de Spa-Francorchamps,Kimi Räikkönen,RAI,Ferrari,7.27928967943643,5,10,0,10
2014,12,Belgian Grand Prix,2014-08-24,Circuit de Spa-Francorchamps,Jenson Button,BUT,McLaren,7.371366674256369,6,8,0,8
2014,12,Belgian Grand Prix,2014-08-24,Circuit de Spa-Francorchamps,Fernando Alonso,ALO,Ferrari,7.630262107167966,7,6,0,6
2014,12,Belgian Grand Prix,2014-08-24,Circuit de Spa-Francorchamps,Sergio Pérez,PER,Force India,8.601178165607784,8,4,0,4
2014,12,Belgian Grand Prix,2014-08-24,Circuit de Spa-Francorchamps,Lewis Hamilton,HAM,Mercedes,8.762930389797283,9,2,0,2
2014,12,Belgian Grand Prix,2014-08-24,Circuit de Spa-Francorchamps,Nico Hülkenberg,HUL,Force India,10.538183072271645,10,1,0,1
2014,12,Belgian Grand Prix,2014-08-24,Circuit de Spa-Francorchamps,Kevin Magnussen,MAG,McLaren,10.632701735403876,11,0,0,0
2014,12,Belgian Grand Prix,2014-08-24,Circuit de Spa-Francorchamps,Daniil Kvyat,KVY,Toro Rosso,11.788323875073296,12,0,0,0
2014,12,Belgian Grand Prix,2014-08-24,Circuit de Spa-Francorchamps,Felipe Massa,MAS,Williams,11.98703421503795,13,0,0,0
2014,12,Belgian Grand Prix,2014-08-24,Circuit de Spa-Francorchamps,Jean-Éric Vergne,VER,Toro Rosso,12.599255693064396,14,0,0,0
2014,12,Belgian Grand Prix,2014-08-24,Circuit de Spa-Francorchamps,Adrian Sutil,SUT,Sauber,15.04501191040101,15,0,0,0
2014,12,Belgian Grand Prix,2014-08-24,Circuit de Spa-Francorchamps,Esteban Gutiérrez,GUT,Sauber,15.599674327074856,16,0,0,0
2014,12,Belgian Grand Prix,2014-08-24,Circuit de Spa-Francorchamps,Max Chilton,CHI,Marussia,15.953159372201013,17,0,0,0
2014,12,Belgian Grand Prix,2014-08-24,Circuit de Spa-Francorchamps,Romain Grosjean,GRO,Lotus F1,17.12135398700666,18,0,0,0
2014,12,Belgian Grand Prix,2014-08-24,Circuit de Spa-Francorchamps,Jules Bianchi,BIA,Marussia,17.25786995937542,19,0,0,0
2014,12,Belgian Grand Prix,2014-08-24,Circuit de Spa-Francorchamps,Marcus Ericsson,ERI,Caterham,17.43816059967529,20,0,0,0
2014,12,Belgian Grand Prix,2014-08-24,Circuit de Spa-Francorchamps,Pastor Maldonado,MAL,Lotus F1,17.638444468992585,21,0,0,0
2014,12,Belgian Grand Prix,2014-08-24,Circuit de Spa-Francorchamps,André Lotterer,LOT,Caterham,18.3941948237659,22,0,0,0
2014,13,Italian Grand Prix,2014-09-07,Autodromo Nazionale di Monza,Lewis Hamilton,HAM,Mercedes,2.74902972745781,1,25,0,25
2014,13,Italian Grand Prix,2014-09-07,Autodromo Nazionale di Monza,Nico Rosberg,ROS,Mercedes,4.796936611746648,2,18,0,18
2014,13,Italian Grand Prix,2014-09-07,Autodromo Nazionale di Monza,Valtteri Bottas,BOT,Williams,5.983537756937031,3,15,0,15
2014,13,Italian Grand Prix,2014-09-07,Autodromo Nazionale di Monza,Daniel Ricciardo,RIC,Red Bull,6.021280974802588,4,12,0,12
2014,13,Italian Grand Prix,2014-09-07,Autodromo Nazionale di Monza,Sebastian Vettel,VET,Red Bull,6.460382174566227,5,10,0,10
2014,13,Italian Grand Prix,2014-09-07,Autodromo Nazionale di Monza,Felipe Massa,MAS,Williams,7.122185101881323,6,8,0,8
2014,13,Italian Grand Prix,2014-09-07,Autodromo Nazionale di Monza,Sergio Pérez,PER,Force India,8.337822976014282,7,6,0,6
2014,13,Italian Grand Prix,2014-09-07,Autodromo Nazionale di Monza,Kimi Räikkönen,RAI,Ferrari,8.533504169151946,8,4,0,4
2014,13,Italian Grand Prix,2014-09-07,Autodromo Nazionale di Monza,Jenson Button,BUT,McLaren,8.94248911752188,9,2,0,2
2014,13,Italian Grand Prix,2014-09-07,Autodromo Nazionale di Monza,Kevin Magnussen,MAG,McLaren,9.89227540373592,10,1,0,1
2014,13,Italian Grand Prix,2014-09-07,Autodromo Nazionale di Monza,Nico Hülkenberg,HUL,Force India,11.073225883175448,11,0,0,0
2014,13,Italian Grand Prix,2014-09-07,Autodromo Nazionale di Monza,Fernando Alonso,ALO,Ferrari,11.553885665398106,12,0,0,0
2014,13,Italian Grand Prix,2014-09-07,Autodromo Nazionale di Monza,Daniil Kvyat,KVY,Toro Rosso,12.060429538206929,13,0,0,0
2014,13,Italian Grand Prix,2014-09-07,Autodromo Nazionale di Monza,Jean-Éric Vergne,VER,Toro Rosso,13.105414673091264,14,0,0,0
2014,13,Italian Grand Prix,2014-09-07,Autodromo Nazionale di Monza,Pastor Maldonado,MAL,Lotus F1,15.079719004091489,15,0,0,0
2014,13,Italian Grand Prix,2014-09-07,Autodromo Nazionale di Monza,Adrian Sutil,SUT,Sauber,15.49171594355116,16,0,0,0
2014,13,Italian Grand Prix,2014-09-07,Autodromo Nazionale di Monza,Romain Grosjean,GRO,Lotus F1,15.81625447085998,17,0,0,0
2014,13,Italian Grand Prix,2014-09-07,Autodromo Nazionale di Monza,Kamui Kobayashi,KOB,Caterham,16.863988235110376,18,0,0,0
2014,13,Italian Grand Prix,2014-09-07,Autodromo Nazionale di Monza,Esteban Gutiérrez,GUT,Sauber,16.871656823380984,19,0,0,0
2014,13,Italian Grand Prix,2014-09-07,Autodromo Nazionale di Monza,Jules Bianchi,BIA,Marussia,17.377779301815895,20,0,0,0
2014,13,Italian Grand Prix,2014-09-07,Autodromo Nazionale di Monza,Max Chilton,CHI,Marussia,18.554456592578408,21,0,0,0
2014,13,Italian Grand Prix,2014-09-07,Autodromo Nazionale di Monza,Marcus Ericsson,ERI,Caterham,18.63113367911177,22,0,0,0
2014,14,Singapore Grand Prix,2014-09-21,Marina Bay Street Circuit,Lewis Hamilton,HAM,Mercedes,3.992335027944772,1,25,0,25
2014,14,Singapore Grand Prix,2014-09-21,Marina Bay Street Circuit,Sebastian Vettel,VET,Red Bull,4.536023855876179,2,18,0,18
2014,14,Singapore Grand Prix,2014-09-21,Marina Bay Street Circuit,Daniel Ricciardo,RIC,Red Bull,4.694791967134873,3,15,0,15
2014,14,Singapore Grand Prix,2014-09-21,Marina Bay Street Circuit,Fernando Alonso,ALO,Ferrari,5.3778276264351526,4,12,0,12
2014,14,Singapore Grand Prix,2014-09-21,Marina Bay Street Circuit,Felipe Massa,MAS,Williams,7.522291091438103,5,10,0,10
2014,14,Singapore Grand Prix,2014-09-21,Marina Bay Street Circuit,Kimi Räikkönen,RAI,Ferrari,8.482001411655341,6,8,0,8
2014,14,Singapore Grand Prix,2014-09-21,Marina Bay Street Circuit,Sergio Pérez,PER,Force India,8.615563684219937,7,6,0,6
2014,14,Singapore Grand Prix,2014-09-21,Marina Bay Street Circuit,Nico Rosberg,ROS,Mercedes,9.524021899426833,8,4,0,4
2014,14,Singapore Grand Prix,2014-09-21,Marina Bay Street Circuit,Valtteri Bottas,BOT,Williams,9.610217502170611,9,2,0,2
2014,14,Singapore Grand Prix,2014-09-21,Marina Bay Street Circuit,Jean-Éric Vergne,VER,Toro Rosso,9.887131811864718,10,1,0,1
2014,14,Singapore Grand Prix,2014-09-21,Marina Bay Street Circuit,Nico Hülkenberg,HUL,Force India,10.490117061919172,11,0,0,0
2014,14,Singapore Grand Prix,2014-09-21,Marina Bay Street Circuit,Kevin Magnussen,MAG,McLaren,10.79843709740064,12,0,0,0
2014,14,Singapore Grand Prix,2014-09-21,Marina Bay Street Circuit,Daniil Kvyat,KVY,Toro Rosso,12.38152248401931,13,0,0,0
2014,14,Singapore Grand Prix,2014-09-21,Marina Bay Street Circuit,Jenson Button,BUT,McLaren,13.05408581813595,14,0,0,0
2014,14,Singapore Grand Prix,2014-09-21,Marina Bay Street Circuit,Pastor Maldonado,MAL,Lotus F1,13.52575352464654,15,0,0,0
2014,14,Singapore Grand Prix,2014-09-21,Marina Bay Street Circuit,Romain Grosjean,GRO,Lotus F1,14.332722650174809,16,0,0,0
2014,14,Singapore Grand Prix,2014-09-21,Marina Bay Street Circuit,Jules Bianchi,BIA,Marussia,15.768653304620273,17,0,0,0
2014,14,Singapore Grand Prix,2014-09-21,Marina Bay Street Circuit,Marcus Ericsson,ERI,Caterham,16.20566384127199,18,0,0,0
2014,14,Singapore Grand Prix,2014-09-21,Marina Bay Street Circuit,Esteban Gutiérrez,GUT,Sauber,16.771771494160713,19,0,0,0
2014,14,Singapore Grand Prix,2014-09-21,Marina Bay Street Circuit,Max Chilton,CHI,Marussia,17.154068678133992,20,0,0,0
2014,14,Singapore Grand Prix,2014-09-21,Marina Bay Street Circuit,Adrian Sutil,SUT,Sauber,17.219067588009146,21,0,0,0
2014,14,Singapore Grand Prix,2014-09-21,Marina Bay Street Circuit,Kamui Kobayashi,KOB,Caterham,18.606436762719728,22,0,0,0
2014,15,Japanese Grand Prix,2014-10-05,Suzuka Circuit,Lewis Hamilton,HAM,Mercedes,2.5765229204498934,1,25,0,25
2014,15,Japanese Grand Prix,2014-10-05,Suzuka Circuit,Nico Rosberg,ROS,Mercedes,3.086700316910199,2,18,0,18
2014,15,Japanese Grand Prix,2014-10-05,Suzuka Circuit,Daniel Ricciardo,RIC,Red Bull,5.020780918191552,3,15,0,15
2014,15,Japanese Grand Prix,2014-10-05,Suzuka Circuit,Sebastian Vettel,VET,Red Bull,5.19210522078865,4,12,0,12
2014,15,Japanese Grand Prix,2014-10-05,Suzuka Circuit,Valtteri Bottas,BOT,Williams,6.628423748511239,5,10,0,10
2014,15,Japanese Grand Prix,2014-10-05,Suzuka Circuit,Felipe Massa,MAS,Williams,7.711831481238924,6,8,0,8
2014,15,Japanese Grand Prix,2014-10-05,Suzuka Circuit,Jenson Button,BUT,McLaren,8.379469036025666,7,6,0,6
2014,15,Japanese Grand Prix,2014-10-05,Suzuka Circuit,Kimi Räikkönen,RAI,Ferrari,9.971701372818146,8,4,0,4
2014,15,Japanese Grand Prix,2014-10-05,Suzuka Circuit,Nico Hülkenberg,HUL,Force India,10.593969449079584,9,2,0,2
2014,15,Japanese Grand Prix,2014-10-05,Suzuka Circuit,Sergio Pérez,PER,Force India,10.701184476913102,10,1,0,1
2014,15,Japanese Grand Prix,2014-10-05,Suzuka Circuit,Jean-Éric Vergne,VER,Toro Rosso,10.977811058736554,11,0,0,0
2014,15,Japanese Grand Prix,2014-10-05,Suzuka Circuit,Kevin Magnussen,MAG,McLaren,11.501434964066284,12,0,0,0
2014,15,Japanese Grand Prix,2014-10-05,Suzuka Circuit,Daniil Kvyat,KVY,Toro Rosso,11.92739202225694,13,0,0,0
2014,15,Japanese Grand Prix,2014-10-05,Suzuka Circuit,Fernando Alonso,ALO,Ferrari,12.265117825045886,14,0,0,0
2014,15,Japanese Grand Prix,2014-10-05,Suzuka Circuit,Esteban Gutiérrez,GUT,Sauber,15.205403184854788,15,0,0,0
2014,15,Japanese Grand Prix,2014-10-05,Suzuka Circuit,Romain Grosjean,GRO,Lotus F1,15.617251321307824,16,0,0,0
2014,15,Japanese Grand Prix,2014-10-05,Suzuka Circuit,Pastor Maldonado,MAL,Lotus F1,16.227707681729136,17,0,0,0
2014,15,Japanese Grand Prix,2014-10-05,Suzuka Circuit,Marcus Ericsson,ERI,Caterham,17.249195564359756,18,0,0,0
2014,15,Japanese Grand Prix,2014-10-05,Suzuka Circuit,Kamui Kobayashi,KOB,Caterham,17.526202647605853,19,0,0,0
2014,15,Japanese Grand Prix,2014-10-05,Suzuka Circuit,Adrian Sutil,SUT,Sauber,17.825887470578074,20,0,0,0
2014,15,Japanese Grand Prix,2014-10-05,Suzuka Circuit,Max Chilton,CHI,Marussia,18.19174133369471,21,0,0,0
2014,15,Japanese Grand Prix,2014-10-05,Suzuka Circuit,Jules Bianchi,BIA,Marussia,18.68187525555601,22,0,0,0
2014,16,Russian Grand Prix,2014-10-12,Sochi Autodrom,Lewis Hamilton,HAM,Mercedes,2.4214460147854493,1,25,0,25
2014,16,Russian Grand Prix,2014-10-12,Sochi Autodrom,Nico Rosberg,ROS,Mercedes,4.16540286287436,2,18,0,18
2014,16,Russian Grand Prix,2014-10-12,Sochi Autodrom,Valtteri Bottas,BOT,Williams,5.529252645913015,3,15,0,15
2014,16,Russian Grand Prix,2014-10-12,Sochi Autodrom,Daniel Ricciardo,RIC,Red Bull,6.740292578875391,4,12,0,12
2014,16,Russian Grand Prix,2014-10-12,Sochi Autodrom,Jenson Button,BUT,McLaren,6.744822772849327,5,10,0,10
2014,16,Russian Grand Prix,2014-10-12,Sochi Autodrom,Fernando Alonso,ALO,Ferrari,6.792899837361176,6,8,0,8
2014,16,Russian Grand Prix,2014-10-12,Sochi Autodrom,Sebastian Vettel,VET,Red Bull,7.3918240367315935,7,6,0,6
2014,16,Russian Grand Prix,2014-10-12,Sochi Autodrom,Felipe Massa,MAS,Williams,8.568175974396569,8,4,0,4
2014,16,Russian Grand Prix,2014-10-12,Sochi Autodrom,Kevin Magnussen,MAG,McLaren,8.75504014563511,9,2,0,2
2014,16,Russian Grand Prix,2014-10-12,Sochi Autodrom,Sergio Pérez,PER,Force India,9.288591153583264,10,1,0,1
2014,16,Russian Grand Prix,2014-10-12,Sochi Autodrom,Kimi Räikkönen,RAI,Ferrari,9.472693315477136,11,0,0,0
2014,16,Russian Grand Prix,2014-10-12,Sochi Autodrom,Nico Hülkenberg,HUL,Force India,11.687021418705424,12,0,0,0
2014,16,Russian Grand Prix,2014-10-12,Sochi Autodrom,Jean-Éric Vergne,VER,Toro Rosso,12.617159121172724,13,0,0,0
2014,16,Russian Grand Prix,2014-10-12,Sochi Autodrom,Daniil Kvyat,KVY,Toro Rosso,12.940021331976192,14,0,0,0
2014,16,Russian Grand Prix,2014-10-12,Sochi Autodrom,Esteban Gutiérrez,GUT,Sauber,15.281310140641938,15,0,0,0
2014,16,Russian Grand Prix,2014-10-12,Sochi Autodrom,Romain Grosjean,GRO,Lotus F1,15.913308131688996,16,0,0,0
2014,16,Russian Grand Prix,2014-10-12,Sochi Autodrom,Adrian Sutil,SUT,Sauber,16.672016917260173,17,0,0,0
2014,16,Russian Grand Prix,2014-10-12,Sochi Autodrom,Pastor Maldonado,MAL,Lotus F1,16.71513450287868,18,0,0,0
2014,16,Russian Grand Prix,2014-10-12,Sochi Autodrom,Kamui Kobayashi,KOB,Caterham,17.46159295330141,19,0,0,0
2014,16,Russian Grand Prix,2014-10-12,Sochi Autodrom,Marcus Ericsson,ERI,Caterham,18.264803534051488,20,0,0,0
2014,16,Russian Grand Prix,2014-10-12,Sochi Autodrom,Max Chilton,CHI,Marussia,19.065560992983567,21,0,0,0
2014,17,United States Grand Prix,2014-11-02,Circuit of the Americas,Lewis Hamilton,HAM,Mercedes,1.8960607597160632,1,25,0,25
2014,17,United States Grand Prix,2014-11-02,Circuit of the Americas,Nico Rosberg,ROS,Mercedes,3.961742139172188,2,18,0,18
2014,17,United States Grand Prix,2014-11-02,Circuit of the Americas,Valtteri Bottas,BOT,Williams,5.899001766362245,3,15,0,15
2014,17,United States Grand Prix,2014-11-02,Circuit of the Americas,Daniel Ricciardo,RIC,Red Bull,6.241336602191336,4,12,0,12
2014,17,United States Grand Prix,2014-11-02,Circuit of the Americas,Sebastian Vettel,VET,Red Bull,6.439015269500536,5,10,0,10
2014,17,United States Grand Prix,2014-11-02,Circuit of the Americas,Felipe Massa,MAS,Williams,6.671945265413487,6,8,0,8
2014,17,United States Grand Prix,2014-11-02,Circuit of the Americas,Fernando Alonso,ALO,Ferrari,7.078975011468985,7,6,0,6
2014,17,United States Grand Prix,2014-11-02,Circuit of the Americas,Kevin Magnussen,MAG,McLaren,9.235966261850749,8,4,0,4
2014,17,United States Grand Prix,2014-11-02,Circuit of the Americas,Jenson Button,BUT,McLaren,9.98864727417348,9,2,0,2
2014,17,United States Grand Prix,2014-11-02,Circuit of the Americas,Kimi Räikkönen,RAI,Ferrari,11.644002621726289,10,1,0,1
2014,17,United States Grand Prix,2014-11-02,Circuit of the Americas,Jean-Éric Vergne,VER,Toro Rosso,11.689069769490931,11,0,0,0
2014,17,United States Grand Prix,2014-11-02,Circuit of the Americas,Pastor Maldonado,MAL,Lotus F1,12.67745537099599,12,0,0,0
2014,17,United States Grand Prix,2014-11-02,Circuit of the Americas,Daniil Kvyat,KVY,Toro Rosso,12.93045671499217,13,0,0,0
2014,17,United States Grand Prix,2014-11-02,Circuit of the Americas,Nico Hülkenberg,HUL,Force India,13.490318091242864,14,0,0,0
2014,17,United States Grand Prix,2014-11-02,Circuit of the Americas,Romain Grosjean,GRO,Lotus F1,13.579960118643806,15,0,0,0
2014,17,United States Grand Prix,2014-11-02,Circuit of the Americas,Sergio Pérez,PER,Force India,13.837334112923264,16,0,0,0
2014,17,United States Grand Prix,2014-11-02,Circuit of the Americas,Esteban Gutiérrez,GUT,Sauber,14.896414377670853,17,0,0,0
2014,17,United States Grand Prix,2014-11-02,Circuit of the Americas,Adrian Sutil,SUT,Sauber,16.237378339067426,18,0,0,0
2014,18,Brazilian Grand Prix,2014-11-09,Autódromo José Carlos Pace,Nico Rosberg,ROS,Mercedes,3.356297944270888,1,25,0,25
2014,18,Brazilian Grand Prix,2014-11-09,Autódromo José Carlos Pace,Lewis Hamilton,HAM,Mercedes,3.976655909075417,2,18,0,18
2014,18,Brazilian Grand Prix,2014-11-09,Autódromo José Carlos Pace,Felipe Massa,MAS,Williams,5.719341714534977,3,15,0,15
2014,18,Brazilian Grand Prix,2014-11-09,Autódromo José Carlos Pace,Fernando Alonso,ALO,Ferrari,6.812666607847604,4,12,0,12
2014,18,Brazilian Grand Prix,2014-11-09,Autódromo José Carlos Pace,Sebastian Vettel,VET,Red Bull,7.799901392582002,5,10,0,10
2014,18,Brazilian Grand Prix,2014-11-09,Autódromo José Carlos Pace,Kimi Räikkönen,RAI,Ferrari,8.826723679711304,6,8,0,8
2014,18,Brazilian Grand Prix,2014-11-09,Autódromo José Carlos Pace,Valtteri Bottas,BOT,Williams,8.911508642385774,7,6,0,6
2014,18,Brazilian Grand Prix,2014-11-09,Autódromo José Carlos Pace,Jenson Button,BUT,McLaren,9.057126257955368,8,4,0,4
2014,18,Brazilian Grand Prix,2014-11-09,Autódromo José Carlos Pace,Kevin Magnussen,MAG,McLaren,9.876360301776336,9,2,0,2
2014,18,Brazilian Grand Prix,2014-11-09,Autódromo José Carlos Pace,Nico Hülkenberg,HUL,Force India,11.097773596930285,10,1,0,1
2014,18,Brazilian Grand Prix,2014-11-09,Autódromo José Carlos Pace,Daniel Ricciardo,RIC,Red Bull,11.166794663516596,11,0,0,0
2014,18,Brazilian Grand Prix,2014-11-09,Autódromo José Carlos Pace,Daniil Kvyat,KVY,Toro Rosso,12.199720829120173,12,0,0,0
2014,18,Brazilian Grand Prix,2014-11-09,Autódromo José Carlos Pace,Pastor Maldonado,MAL,Lotus F1,12.315583254390049,13,0,0,0
2014,18,Brazilian Grand Prix,2014-11-09,Autódromo José Carlos Pace,Sergio Pérez,PER,Force India,12.417814150922474,14,0,0,0
2014,18,Brazilian Grand Prix,2014-11-09,Autódromo José Carlos Pace,Jean-Éric Vergne,VER,Toro Rosso,12.674800453678166,15,0,0,0
2014,18,Brazilian Grand Prix,2014-11-09,Autódromo José Carlos Pace,Esteban Gutiérrez,GUT,Sauber,14.941401243661543,16,0,0,0
2014,18,Brazilian Grand Prix,2014-11-09,Autódromo José Carlos Pace,Romain Grosjean,GRO,Lotus F1,15.47762941846256,17,0,0,0
2014,18,Brazilian Grand Prix,2014-11-09,Autódromo José Carlos Pace,Adrian Sutil,SUT,Sauber,15.572322622834854,18,0,0,0
2014,19,Abu Dhabi Grand Prix,2014-11-23,Yas Marina Circuit,Lewis Hamilton,HAM,Mercedes,2.237937923883212,1,25,0,25
2014,19,Abu Dhabi Grand Prix,2014-11-23,Yas Marina Circuit,Valtteri Bottas,BOT,Williams,5.356545707684231,2,18,0,18
2014,19,Abu Dhabi Grand Prix,2014-11-23,Yas Marina Circuit,Daniel Ricciardo,RIC,Red Bull,6.054426626666372,3,15,0,15
2014,19,Abu Dhabi Grand Prix,2014-11-23,Yas Marina Circuit,Felipe Massa,MAS,Williams,6.225281525027031,4,12,0,12
2014,19,Abu Dhabi Grand Prix,2014-11-23,Yas Marina Circuit,Nico Rosberg,ROS,Mercedes,7.0736623484731,5,10,0,10
2014,19,Abu Dhabi Grand Prix,2014-11-23,Yas Marina Circuit,Sebastian Vettel,VET,Red Bull,7.429044984055572,6,8,0,8
2014,19,Abu Dhabi Grand Prix,2014-11-23,Yas Marina Circuit,Fernando Alonso,ALO,Ferrari,8.067390085080469,7,6,0,6
2014,19,Abu Dhabi Grand Prix,2014-11-23,Yas Marina Circuit,Jenson Button,BUT,McLaren,8.273457762658506,8,4,0,4
2014,19,Abu Dhabi Grand Prix,2014-11-23,Yas Marina Circuit,Nico Hülkenberg,HUL,Force India,8.822174539180876,9,2,0,2
2014,19,Abu Dhabi Grand Prix,2014-11-23,Yas Marina Circuit,Sergio Pérez,PER,Force India,9.051490841686933,10,1,0,1
2014,19,Abu Dhabi Grand Prix,2014-11-23,Yas Marina Circuit,Kimi Räikkönen,RAI,Ferrari,10.060234438298211,11,0,0,0
2014,19,Abu Dhabi Grand Prix,2014-11-23,Yas Marina Circuit,Kevin Magnussen,MAG,McLaren,10.166580864990449,12,0,0,0
2014,19,Abu Dhabi Grand Prix,2014-11-23,Yas Marina Circuit,Jean-Éric Vergne,VER,Toro Rosso,12.236555989415947,13,0,0,0
2014,19,Abu Dhabi Grand Prix,2014-11-23,Yas Marina Circuit,Romain Grosjean,GRO,Lotus F1,13.795027932712204,14,0,0,0
2014,19,Abu Dhabi Grand Prix,2014-11-23,Yas Marina Circuit,Daniil Kvyat,KVY,Toro Rosso,15.068210865971007,15,0,0,0
2014,19,Abu Dhabi Grand Prix,2014-11-23,Yas Marina Circuit,Esteban Gutiérrez,GUT,Sauber,15.525457350580222,16,0,0,0
2014,19,Abu Dhabi Grand Prix,2014-11-23,Yas Marina Circuit,Adrian Sutil,SUT,Sauber,16.211551985034436,17,0,0,0
2014,19,Abu Dhabi Grand Prix,2014-11-23,Yas Marina Circuit,Pastor Maldonado,MAL,Lotus F1,16.687873047959158,18,0,0,0
2014,19,Abu Dhabi Grand Prix,2014-11-23,Yas Marina Circuit,Kamui Kobayashi,KOB,Caterham,16.806391932506536,19,0,0,0
2014,19,Abu Dhabi Grand Prix,2014-11-23,Yas Marina Circuit,Will Stevens,STE,Caterham,17.295532963412924,20,0,0,0
2015,1,Australian Grand Prix,2015-03-15,Albert Park Grand Prix Circuit,Nico Rosberg,ROS,Mercedes,3.1299984195635555,1,25,0,25
2015,1,Australian Grand Prix,2015-03-15,Albert Park Grand Prix Circuit,Lewis Hamilton,HAM,Mercedes,3.1577383096492007,2,18,0,18
2015,1,Australian Grand Prix,2015-03-15,Albert Park Grand Prix Circuit,Sebastian Vettel,VET,Ferrari,5.903117946085078,3,15,0,15
2015,1,Australian Grand Prix,2015-03-15,Albert Park Grand Prix Circuit,Felipe Massa,MAS,Williams,5.98512506425913,4,12,0,12
2015,1,Australian Grand Prix,2015-03-15,Albert Park Grand Prix Circuit,Daniel Ricciardo,RIC,Red Bull,7.705192950225421,5,10,0,10
2015,1,Australian Grand Prix,2015-03-15,Albert Park Grand Prix Circuit,Nico Hülkenberg,HUL,Force India,9.721522258908028,6,8,0,8
2015,1,Australian Grand Prix,2015-03-15,Albert Park Grand Prix Circuit,Sergio Pérez,PER,Force India,10.091127189571631,7,6,0,6
2015,1,Australian Grand Prix,2015-03-15,Albert Park Grand Prix Circuit,Valtteri Bottas,BOT,Williams,10.285276555961545,8,4,0,4
2015,1,Australian Grand Prix,2015-03-15,Albert Park Grand Prix Circuit,Felipe Nasr,NAS,Sauber,10.411621948912092,9,2,0,2
2015,1,Australian Grand Prix,2015-03-15,Albert Park Grand Prix Circuit,Kimi Räikkönen,RAI,Ferrari,10.615242162655994,10,1,0,1
2015,1,Australian Grand Prix,2015-03-15,Albert Park Grand Prix Circuit,Carlos Sainz,SAI,Toro Rosso,10.69071880702974,11,0,0,0
2015,1,Australian Grand Prix,2015-03-15,Albert Park Grand Prix Circuit,Jenson Button,BUT,McLaren,10.83219505717183,12,0,0,0
2015,1,Australian Grand Prix,2015-03-15,Albert Park Grand Prix Circuit,Max Verstappen,VER,Toro Rosso,11.325334186784442,13,0,0,0
2015,1,Australian Grand Prix,2015-03-15,Albert Park Grand Prix Circuit,Marcus Ericsson,ERI,Sauber,12.17487348178488,14,0,0,0
2015,1,Australian Grand Prix,2015-03-15,Albert Park Grand Prix Circuit,Daniil Kvyat,KVY,Red Bull,12.861336330472357,15,0,0,0
2015,1,Australian Grand Prix,2015-03-15,Albert Park Grand Prix Circuit,Pastor Maldonado,MAL,Lotus F1,14.036430842115772,16,0,0,0
2015,1,Australian Grand Prix,2015-03-15,Albert Park Grand Prix Circuit,Kevin Magnussen,MAG,McLaren,14.422738937774591,17,0,0,0
2015,1,Australian Grand Prix,2015-03-15,Albert Park Grand Prix Circuit,Romain Grosjean,GRO,Lotus F1,14.522059833673676,18,0,0,0
2015,2,Malaysian Grand Prix,2015-03-29,Sepang International Circuit,Lewis Hamilton,HAM,Mercedes,2.5518899148514858,1,25,0,25
2015,2,Malaysian Grand Prix,2015-03-29,Sepang International Circuit,Nico Rosberg,ROS,Mercedes,3.331358613118107,2,18,0,18
2015,2,Malaysian Grand Prix,2015-03-29,Sepang International Circuit,Sebastian Vettel,VET,Ferrari,4.207767499590276,3,15,0,15
2015,2,Malaysian Grand Prix,2015-03-29,Sepang International Circuit,Valtteri Bottas,BOT,Williams,6.212459845466707,4,12,0,12
2015,2,Malaysian Grand Prix,2015-03-29,Sepang International Circuit,Kimi Räikkönen,RAI,Ferrari,6.387599042107067,5,10,0,10
2015,2,Malaysian Grand Prix,2015-03-29,Sepang International Circuit,Felipe Massa,MAS,Williams,6.66344910842255,6,8,0,8
2015,2,Malaysian Grand Prix,2015-03-29,Sepang International Circuit,Daniel Ricciardo,RIC,Red Bull,8.712744710818356,7,6,0,6
2015,2,Malaysian Grand Prix,2015-03-29,Sepang International Circuit,Carlos Sainz,SAI,Toro Rosso,9.82781046892631,8,4,0,4
2015,2,Malaysian Grand Prix,2015-03-29,Sepang International Circuit,Max Verstappen,VER,Toro Rosso,10.196324894564748,9,2,0,2
2015,2,Malaysian Grand Prix,2015-03-29,Sepang International Circuit,Felipe Nasr,NAS,Sauber,10.283990322168036,10,1,0,1
2015,2,Malaysian Grand Prix,2015-03-29,Sepang International Circuit,Daniil Kvyat,KVY,Red Bull,10.83719739480852,11,0,0,0
2015,2,Malaysian Grand Prix,2015-03-29,Sepang International Circuit,Romain Grosjean,GRO,Lotus F1,11.808488858891462,12,0,0,0
2015,2,Malaysian Grand Prix,2015-03-29,Sepang International Circuit,Sergio Pérez,PER,Force India,12.770410640186746,13,0,0,0
2015,2,Malaysian Grand Prix,2015-03-29,Sepang International Circuit,Nico Hülkenberg,HUL,Force India,13.174735973607882,14,0,0,0
2015,2,Malaysian Grand Prix,2015-03-29,Sepang International Circuit,Fernando Alonso,ALO,McLaren,13.58686389090382,15,0,0,0
2015,2,Malaysian Grand Prix,2015-03-29,Sepang International Circuit,Jenson Button,BUT,McLaren,13.592994597048303,16,0,0,0
2015,2,Malaysian Grand Prix,2015-03-29,Sepang International Circuit,Pastor Maldonado,MAL,Lotus F1,15.26417410655498,17,0,0,0
2015,2,Malaysian Grand Prix,2015-03-29,Sepang International Circuit,Marcus Ericsson,ERI,Sauber,15.351244802481478,18,0,0,0
2015,2,Malaysian Grand Prix,2015-03-29,Sepang International Circuit,Roberto Merhi,MER,Manor Marussia,15.42748975457402,19,0,0,0
2015,2,Malaysian Grand Prix,2015-03-29,Sepang International Circuit,Will Stevens,STE,Manor Marussia,16.862506091594625,20,0,0,0
2015,3,Chinese Grand Prix,2015-04-12,Shanghai International Circuit,Lewis Hamilton,HAM,Mercedes,2.0017943277867385,1,25,0,25
2015,3,Chinese Grand Prix,2015-04-12,Shanghai International Circuit,Nico Rosberg,ROS,Mercedes,3.963449566542229,2,18,0,18
2015,3,Chinese Grand Prix,2015-04-12,Shanghai International Circuit,Sebastian Vettel,VET,Ferrari,4.87007197772652,3,15,0,15
2015,3,Chinese Grand Prix,2015-04-12,Shanghai International Circuit,Kimi Räikkönen,RAI,Ferrari,5.435481988679271,4,12,0,12
2015,3,Chinese Grand Prix,2015-04-12,Shanghai International Circuit,Valtteri Bottas,BOT,Williams,6.30648559110997,5,10,0,10
2015,3,Chinese Grand Prix,2015-04-12,Shanghai International Circuit,Felipe Massa,MAS,Williams,6.41551267642756,6,8,0,8
2015,3,Chinese Grand Prix,2015-04-12,Shanghai International Circuit,Daniel Ricciardo,RIC,Red Bull,7.899061152744524,7,6,0,6
2015,3,Chinese Grand Prix,2015-04-12,Shanghai International Circuit,Felipe Nasr,NAS,Sauber,8.93358683313324,8,4,0,4
2015,3,Chinese Grand Prix,2015-04-12,Shanghai International Circuit,Romain Grosjean,GRO,Lotus F1,11.04311493282483,9,2,0,2
2015,3,Chinese Grand Prix,2015-04-12,Shanghai International Circuit,Sergio Pérez,PER,Force India,11.735054080992963,10,1,0,1
2015,3,Chinese Grand Prix,2015-04-12,Shanghai International Circuit,Marcus Ericsson,ERI,Sauber,12.395557885741365,11,0,0,0
2015,3,Chinese Grand Prix,2015-04-12,Shanghai International Circuit,Carlos Sainz,SAI,Toro Rosso,12.577335371295336,12,0,0,0
2015,3,Chinese Grand Prix,2015-04-12,Shanghai International Circuit,Daniil Kvyat,KVY,Red Bull,12.799307908805014,13,0,0,0
2015,3,Chinese Grand Prix,2015-04-12,Shanghai International Circuit,Fernando Alonso,ALO,McLaren,13.134540360939154,14,0,0,0
2015,3,Chinese Grand Prix,2015-04-12,Shanghai International Circuit,Jenson Button,BUT,McLaren,13.255055163788834,15,0,0,0
2015,3,Chinese Grand Prix,2015-04-12,Shanghai International Circuit,Max Verstappen,VER,Toro Rosso,14.030933723585363,16,0,0,0
2015,3,Chinese Grand Prix,2015-04-12,Shanghai International Circuit,Nico Hülkenberg,HUL,Force India,15.493890274256684,17,0,0,0
2015,3,Chinese Grand Prix,2015-04-12,Shanghai International Circuit,Pastor Maldonado,MAL,Lotus F1,15.859459435947285,18,0,0,0
2015,3,Chinese Grand Prix,2015-04-12,Shanghai International Circuit,Will Stevens,STE,Manor Marussia,15.962871084608809,19,0,0,0
2015,3,Chinese Grand Prix,2015-04-12,Shanghai International Circuit,Roberto Merhi,MER,Manor Marussia,16.539509466242745,20,0,0,0
2015,4,Bahrain Grand Prix,2015-04-19,Bahrain International Circuit,Lewis Hamilton,HAM,Mercedes,2.0618676407175784,1,25,0,25
2015,4,Bahrain Grand Prix,2015-04-19,Bahrain International Circuit,Nico Rosberg,ROS,Mercedes,3.931051756158078,2,18,0,18
2015,4,Bahrain Grand Prix,2015-04-19,Bahrain International Circuit,Kimi Räikkönen,RAI,Ferrari,4.30604375151249,3,15,0,15
2015,4,Bahrain Grand Prix,2015-04-19,Bahrain International Circuit,Sebastian Vettel,VET,Ferrari,4.913218905293829,4,12,0,12
2015,4,Bahrain Grand Prix,2015-04-19,Bahrain International Circuit,Valtteri Bottas,BOT,Williams,5.488459769453375,5,10,0,10
2015,4,Bahrain Grand Prix,2015-04-19,Bahrain International Circuit,Daniel Ricciardo,RIC,Red Bull,6.854855101331949,6,8,0,8
2015,4,Bahrain Grand Prix,2015-04-19,Bahrain International Circuit,Felipe Massa,MAS,Williams,8.333911540069849,7,6,0,6
2015,4,Bahrain Grand Prix,2015-04-19,Bahrain International Circuit,Romain Grosjean,GRO,Lotus F1,9.392812865229397,8,4,0,4
2015,4,Bahrain Grand Prix,2015-04-19,Bahrain International Circuit,Sergio Pérez,PER,Force India,9.638422103994444,9,2,0,2
2015,4,Bahrain Grand Prix,2015-04-19,Bahrain International Circuit,Daniil Kvyat,KVY,Red Bull,10.039566119475984,10,1,0,1
2015,4,Bahrain Grand Prix,2015-04-19,Bahrain International Circuit,Fernando Alonso,ALO,McLaren,10.60831780535853,11,0,0,0
2015,4,Bahrain Grand Prix,2015-04-19,Bahrain International Circuit,Felipe Nasr,NAS,Sauber,11.161104474593897,12,0,0,0
2015,4,Bahrain Grand Prix,2015-04-19,Bahrain International Circuit,Nico Hülkenberg,HUL,Force India,12.939781932104577,13,0,0,0
2015,4,Bahrain Grand Prix,2015-04-19,Bahrain International Circuit,Marcus Ericsson,ERI,Sauber,13.90168480190444,14,0,0,0
2015,4,Bahrain Grand Prix,2015-04-19,Bahrain International Circuit,Carlos Sainz,SAI,Toro Rosso,13.999145037430242,15,0,0,0
2015,4,Bahrain Grand Prix,2015-04-19,Bahrain International Circuit,Max Verstappen,VER,Toro Rosso,14.135425748903812,16,0,0,0
2015,4,Bahrain Grand Prix,2015-04-19,Bahrain International Circuit,Pastor Maldonado,MAL,Lotus F1,14.588241621175808,17,0,0,0
2015,4,Bahrain Grand Prix,2015-04-19,Bahrain International Circuit,Will Stevens,STE,Manor Marussia,16.13453894251325,18,0,0,0
2015,4,Bahrain Grand Prix,2015-04-19,Bahrain International Circuit,Roberto Merhi,MER,Manor Marussia,16.376097916073306,19,0,0,0
2015,4,Bahrain Grand Prix,2015-04-19,Bahrain International Circuit,Jenson Button,BUT,McLaren,16.57691139965523,20,0,0,0
2015,5,Spanish Grand Prix,2015-05-10,Circuit de Barcelona-Catalunya,Nico Rosberg,ROS,Mercedes,2.8355958890056114,1,25,0,25
2015,5,Spanish Grand Prix,2015-05-10,Circuit de Barcelona-Catalunya,Lewis Hamilton,HAM,Mercedes,3.2692829590247867,2,18,0,18
2015,5,Spanish Grand Prix,2015-05-10,Circuit de Barcelona-Catalunya,Sebastian Vettel,VET,Ferrari,4.00765419848894,3,15,0,15
2015,5,Spanish Grand Prix,2015-05-10,Circuit de Barcelona-Catalunya,Kimi Räikkönen,RAI,Ferrari,6.016804558678811,4,12,0,12
2015,5,Spanish Grand Prix,2015-05-10,Circuit de Barcelona-Catalunya,Valtteri Bottas,BOT,Williams,6.115554585544441,5,10,0,10
2015,5,Spanish Grand Prix,2015-05-10,Circuit de Barcelona-Catalunya,Felipe Massa,MAS,Williams,6.988720419622512,6,8,0,8
2015,5,Spanish Grand Prix,2015-05-10,Circuit de Barcelona-Catalunya,Daniel Ricciardo,RIC,Red Bull,7.562984528308585,7,6,0,6
2015,5,Spanish Grand Prix,2015-05-10,Circuit de Barcelona-Catalunya,Daniil Kvyat,KVY,Red Bull,9.728588393798285,8,4,0,4
2015,5,Spanish Grand Prix,2015-05-10,Circuit de Barcelona-Catalunya,Romain Grosjean,GRO,Lotus F1,9.915740933321718,9,2,0,2
2015,5,Spanish Grand Prix,2015-05-10,Circuit de Barcelona-Catalunya,Carlos Sainz,SAI,Toro Rosso,10.697658144077566,10,1,0,1
2015,5,Spanish Grand Prix,2015-05-10,Circuit de Barcelona-Catalunya,Max Verstappen,VER,Toro Rosso,11.449495682495428,11,0,0,0
2015,5,Spanish Grand Prix,2015-05-10,Circuit de Barcelona-Catalunya,Felipe Nasr,NAS,Sauber,11.923575650533998,12,0,0,0
2015,5,Spanish Grand Prix,2015-05-10,Circuit de Barcelona-Catalunya,Sergio Pérez,PER,Force India,12.884282084295087,13,0,0,0
2015,5,Spanish Grand Prix,2015-05-10,Circuit de Barcelona-Catalunya,Nico Hülkenberg,HUL,Force India,13.107672468008364,14,0,0,0
2015,5,Spanish Grand Prix,2015-05-10,Circuit de Barcelona-Catalunya,Marcus Ericsson,ERI,Sauber,13.498512537995165,15,0,0,0
2015,5,Spanish Grand Prix,2015-05-10,Circuit de Barcelona-Catalunya,Jenson Button,BUT,McLaren,14.819782263316522,16,0,0,0
2015,5,Spanish Grand Prix,2015-05-10,Circuit de Barcelona-Catalunya,Fernando Alonso,ALO,McLaren,15.944132685205023,17,0,0,0
2015,5,Spanish Grand Prix,2015-05-10,Circuit de Barcelona-Catalunya,Pastor Maldonado,MAL,Lotus F1,16.174892573514377,18,0,0,0
2015,5,Spanish Grand Prix,2015-05-10,Circuit de Barcelona-Catalunya,Will Stevens,STE,Manor Marussia,16.971619431710664,19,0,0,0
2015,5,Spanish Grand Prix,2015-05-10,Circuit de Barcelona-Catalunya,Roberto Merhi,MER,Manor Marussia,16.999023843362632,20,0,0,0
2015,6,Monaco Grand Prix,2015-05-24,Circuit de Monaco,Lewis Hamilton,HAM,Mercedes,3.140869800408737,1,25,0,25
2015,6,Monaco Grand Prix,2015-05-24,Circuit de Monaco,Nico Rosberg,ROS,Mercedes,3.702888850048826,2,18,0,18
2015,6,Monaco Grand Prix,2015-05-24,Circuit de Monaco,Sebastian Vettel,VET,Ferrari,4.620290539036782,3,15,0,15
2015,6,Monaco Grand Prix,2015-05-24,Circuit de Monaco,Daniel Ricciardo,RIC,Red Bull,6.365858776050756,4,12,0,12
2015,6,Monaco Grand Prix,2015-05-24,Circuit de Monaco,Kimi Räikkönen,RAI,Ferrari,7.471923749429271,5,10,0,10
2015,6,Monaco Grand Prix,2015-05-24,Circuit de Monaco,Daniil Kvyat,KVY,Red Bull,8.783203918173268,6,8,0,8
2015,6,Monaco Grand Prix,2015-05-24,Circuit de Monaco,Sergio Pérez,PER,Force India,9.429401546366371,7,6,0,6
2015,6,Monaco Grand Prix,2015-05-24,Circuit de Monaco,Felipe Massa,MAS,Williams,11.057248417029474,8,4,0,4
2015,6,Monaco Grand Prix,2015-05-24,Circuit de Monaco,Nico Hülkenberg,HUL,Force India,11.27958525221124,9,2,0,2
2015,6,Monaco Grand Prix,2015-05-24,Circuit de Monaco,Carlos Sainz,SAI,Toro Rosso,11.30315566424322,10,1,0,1
2015,6,Monaco Grand Prix,2015-05-24,Circuit de Monaco,Valtteri Bottas,BOT,Williams,11.856539136832009,11,0,0,0
2015,6,Monaco Grand Prix,2015-05-24,Circuit de Monaco,Felipe Nasr,NAS,Sauber,11.919364745944918,12,0,0,0
2015,6,Monaco Grand Prix,2015-05-24,Circuit de Monaco,Jenson Button,BUT,McLaren,12.056961222812417,13,0,0,0
2015,6,Monaco Grand Prix,2015-05-24,Circuit de Monaco,Romain Grosjean,GRO,Lotus F1,12.233305260861782,14,0,0,0
2015,6,Monaco Grand Prix,2015-05-24,Circuit de Monaco,Marcus Ericsson,ERI,Sauber,13.434343949972524,15,0,0,0
2015,6,Monaco Grand Prix,2015-05-24,Circuit de Monaco,Max Verstappen,VER,Toro Rosso,13.731168082203526,16,0,0,0
2015,6,Monaco Grand Prix,2015-05-24,Circuit de Monaco,Pastor Maldonado,MAL,Lotus F1,14.929217393953778,17,0,0,0
2015,6,Monaco Grand Prix,2015-05-24,Circuit de Monaco,Fernando Alonso,ALO,McLaren,15.237570580530573,18,0,0,0
2015,6,Monaco Grand Prix,2015-05-24,Circuit de Monaco,Roberto Merhi,MER,Manor Marussia,15.75876209970015,19,0,0,0
2015,6,Monaco Grand Prix,2015-05-24,Circuit de Monaco,Will Stevens,STE,Manor Marussia,15.841838637093392,20,0,0,0
2015,7,Canadian Grand Prix,2015-06-07,Circuit Gilles Villeneuve,Lewis Hamilton,HAM,Mercedes,2.8644540250549846,1,25,0,25
2015,7,Canadian Grand Prix,2015-06-07,Circuit Gilles Villeneuve,Nico Rosberg,ROS,Mercedes,3.8081839306684655,2,18,0,18
2015,7,Canadian Grand Prix,2015-06-07,Circuit Gilles Villeneuve,Sebastian Vettel,VET,Ferrari,4.882934321958488,3,15,0,15
2015,7,Canadian Grand Prix,2015-06-07,Circuit Gilles Villeneuve,Kimi Räikkönen,RAI,Ferrari,6.192216807189295,4,12,0,12
2015,7,Canadian Grand Prix,2015-06-07,Circuit Gilles Villeneuve,Valtteri Bottas,BOT,Williams,6.333577547911711,5,10,0,10
2015,7,Canadian Grand Prix,2015-06-07,Circuit Gilles Villeneuve,Felipe Massa,MAS,Williams,7.119403579640544,6,8,0,8
2015,7,Canadian Grand Prix,2015-06-07,Circuit Gilles Villeneuve,Daniil Kvyat,KVY,Red Bull,9.260540071953953,7,6,0,6
2015,7,Canadian Grand Prix,2015-06-07,Circuit Gilles Villeneuve,Nico Hülkenberg,HUL,Force India,9.403800875682514,8,4,0,4
2015,7,Canadian Grand Prix,2015-06-07,Circuit Gilles Villeneuve,Romain Grosjean,GRO,Lotus F1,9.777515343730927,9,2,0,2
2015,7,Canadian Grand Prix,2015-06-07,Circuit Gilles Villeneuve,Pastor Maldonado,MAL,Lotus F1,11.146678028738542,10,1,0,1
2015,7,Canadian Grand Prix,2015-06-07,Circuit Gilles Villeneuve,Sergio Pérez,PER,Force India,11.256687111294248,11,0,0,0
2015,7,Canadian Grand Prix,2015-06-07,Circuit Gilles Villeneuve,Daniel Ricciardo,RIC,Red Bull,11.900134737678416,12,0,0,0
2015,7,Canadian Grand Prix,2015-06-07,Circuit Gilles Villeneuve,Max Verstappen,VER,Toro Rosso,13.336072114397732,13,0,0,0
2015,7,Canadian Grand Prix,2015-06-07,Circuit Gilles Villeneuve,Carlos Sainz,SAI,Toro Rosso,13.469535792735671,14,0,0,0
2015,7,Canadian Grand Prix,2015-06-07,Circuit Gilles Villeneuve,Marcus Ericsson,ERI,Sauber,13.83932609016657,15,0,0,0
2015,7,Canadian Grand Prix,2015-06-07,Circuit Gilles Villeneuve,Felipe Nasr,NAS,Sauber,14.86602945309303,16,0,0,0
2015,7,Canadian Grand Prix,2015-06-07,Circuit Gilles Villeneuve,Fernando Alonso,ALO,McLaren,15.713760225928354,17,0,0,0
2015,7,Canadian Grand Prix,2015-06-07,Circuit Gilles Villeneuve,Jenson Button,BUT,McLaren,16.41967913680344,18,0,0,0
2015,7,Canadian Grand Prix,2015-06-07,Circuit Gilles Villeneuve,Will Stevens,STE,Manor Marussia,16.89075736727729,19,0,0,0
2015,7,Canadian Grand Prix,2015-06-07,Circuit Gilles Villeneuve,Roberto Merhi,MER,Manor Marussia,16.920440616118718,20,0,0,0
2015,8,Austrian Grand Prix,2015-06-21,Red Bull Ring,Nico Rosberg,ROS,Mercedes,2.621450626930983,1,25,0,25
2015,8,Austrian Grand Prix,2015-06-21,Red Bull Ring,Lewis Hamilton,HAM,Mercedes,3.730786925946092,2,18,0,18
2015,8,Austrian Grand Prix,2015-06-21,Red Bull Ring,Valtteri Bottas,BOT,Williams,5.73798344097081,3,15,0,15
2015,8,Austrian Grand Prix,2015-06-21,Red Bull Ring,Sebastian Vettel,VET,Ferrari,5.857877258846974,4,12,0,12
2015,8,Austrian Grand Prix,2015-06-21,Red Bull Ring,Felipe Massa,MAS,Williams,6.664317774177387,5,10,0,10
2015,8,Austrian Grand Prix,2015-06-21,Red Bull Ring,Daniel Ricciardo,RIC,Red Bull,9.193532839709237,6,8,0,8
2015,8,Austrian Grand Prix,2015-06-21,Red Bull Ring,Nico Hülkenberg,HUL,Force India,9.373074866192892,7,6,0,6
2015,8,Austrian Grand Prix,2015-06-21,Red Bull Ring,Daniil Kvyat,KVY,Red Bull,9.960394673823595,8,4,0,4
2015,8,Austrian Grand Prix,2015-06-21,Red Bull Ring,Sergio Pérez,PER,Force India,9.97113335588732,9,2,0,2
2015,8,Austrian Grand Prix,2015-06-21,Red Bull Ring,Pastor Maldonado,MAL,Lotus F1,10.27829538517038,10,1,0,1
2015,8,Austrian Grand Prix,2015-06-21,Red Bull Ring,Max Verstappen,VER,Toro Rosso,11.057487758744854,11,0,0,0
2015,8,Austrian Grand Prix,2015-06-21,Red Bull Ring,Felipe Nasr,NAS,Sauber,11.396668459956134,12,0,0,0
2015,8,Austrian Grand Prix,2015-06-21,Red Bull Ring,Kimi Räikkönen,RAI,Ferrari,11.910001774908228,13,0,0,0
2015,8,Austrian Grand Prix,2015-06-21,Red Bull Ring,Marcus Ericsson,ERI,Sauber,12.978104298953768,14,0,0,0
2015,8,Austrian Grand Prix,2015-06-21,Red Bull Ring,Romain Grosjean,GRO,Lotus F1,13.084089412963865,15,0,0,0
2015,8,Austrian Grand Prix,2015-06-21,Red Bull Ring,Carlos Sainz,SAI,Toro Rosso,14.470712463098012,16,0,0,0
2015,8,Austrian Grand Prix,2015-06-21,Red Bull Ring,Roberto Merhi,MER,Manor Marussia,15.444684048988863,17,0,0,0
2015,8,Austrian Grand Prix,2015-06-21,Red Bull Ring,Jenson Button,BUT,McLaren,15.792769977836713,18,0,0,0
2015,8,Austrian Grand Prix,2015-06-21,Red Bull Ring,Fernando Alonso,ALO,McLaren,16.345447746136053,19,0,0,0
2015,8,Austrian Grand Prix,2015-06-21,Red Bull Ring,Will Stevens,STE,Manor Marussia,16.49232230943053,20,0,0,0
2015,9,British Grand Prix,2015-07-05,Silverstone Circuit,Lewis Hamilton,HAM,Mercedes,2.7414707785187726,1,25,0,25
2015,9,British Grand Prix,2015-07-05,Silverstone Circuit,Nico Rosberg,ROS,Mercedes,5.024547529155484,2,18,0,18
2015,9,British Grand Prix,2015-07-05,Silverstone Circuit,Sebastian Vettel,VET,Ferrari,5.497487013579086,3,15,0,15
2015,9,British Grand Prix,2015-07-05,Silverstone Circuit,Felipe Massa,MAS,Williams,6.262345931259668,4,12,0,12
2015,9,British Grand Prix,2015-07-05,Silverstone Circuit,Valtteri Bottas,BOT,Williams,6.802918432682542,5,10,0,10
2015,9,British Grand Prix,2015-07-05,Silverstone Circuit,Kimi Räikkönen,RAI,Ferrari,7.882128503484819,6,8,0,8
2015,9,British Grand Prix,2015-07-05,Silverstone Circuit,Daniil Kvyat,KVY,Red Bull,7.9764585410997055,7,6,0,6
2015,9,British Grand Prix,2015-07-05,Silverstone Circuit,Nico Hülkenberg,HUL,Force India,8.512058178659354,8,4,0,4
2015,9,British Grand Prix,2015-07-05,Silverstone Circuit,Sergio Pérez,PER,Force India,10.39898065076673,9,2,0,2
2015,9,British Grand Prix,2015-07-05,Silverstone Circuit,Daniel Ricciardo,RIC,Red Bull,11.160617744160485,10,1,0,1
2015,9,British Grand Prix,2015-07-05,Silverstone Circuit,Marcus Ericsson,ERI,Sauber,12.3693085023057,11,0,0,0
2015,9,British Grand Prix,2015-07-05,Silverstone Circuit,Carlos Sainz,SAI,Toro Rosso,13.265759398116424,12,0,0,0
2015,9,British Grand Prix,2015-07-05,Silverstone Circuit,Fernando Alonso,ALO,McLaren,13.868287491244304,13,0,0,0
2015,9,British Grand Prix,2015-07-05,Silverstone Circuit,Max Verstappen,VER,Toro Rosso,13.895229104172802,14,0,0,0
2015,9,British Grand Prix,2015-07-05,Silverstone Circuit,Romain Grosjean,GRO,Lotus F1,14.213437128295917,15,0,0,0
2015,9,British Grand Prix,2015-07-05,Silverstone Circuit,Pastor Maldonado,MAL,Lotus F1,14.948890790136586,16,0,0,0
2015,9,British Grand Prix,2015-07-05,Silverstone Circuit,Roberto Merhi,MER,Manor Marussia,15.15551439601167,17,0,0,0
2015,9,British Grand Prix,2015-07-05,Silverstone Circuit,Will Stevens,STE,Manor Marussia,15.340276049148883,18,0,0,0
2015,9,British Grand Prix,2015-07-05,Silverstone Circuit,Felipe Nasr,NAS,Sauber,15.784540812143725,19,0,0,0
2015,9,British Grand Prix,2015-07-05,Silverstone Circuit,Jenson Button,BUT,McLaren,16.181121022453006,20,0,0,0
2015,10,Hungarian Grand Prix,2015-07-26,Hungaroring,Sebastian Vettel,VET,Ferrari,3.5338359727910067,1,25,0,25
2015,10,Hungarian Grand Prix,2015-07-26,Hungaroring,Lewis Hamilton,HAM,Mercedes,3.894350269689191,2,18,0,18
2015,10,Hungarian Grand Prix,2015-07-26,Hungaroring,Nico Rosberg,ROS,Mercedes,5.747121896685389,3,15,0,15
2015,10,Hungarian Grand Prix,2015-07-26,Hungaroring,Daniil Kvyat,KVY,Red Bull,5.979988960092193,4,12,0,12
2015,10,Hungarian Grand Prix,2015-07-26,Hungaroring,Daniel Ricciardo,RIC,Red Bull,5.983544133652447,5,10,0,10
2015,10,Hungarian Grand Prix,2015-07-26,Hungaroring,Max Verstappen,VER,Toro Rosso,9.632785516279109,6,8,0,8
2015,10,Hungarian Grand Prix,2015-07-26,Hungaroring,Valtteri Bottas,BOT,Williams,9.751255301087868,7,6,0,6
2015,10,Hungarian Grand Prix,2015-07-26,Hungaroring,Fernando Alonso,ALO,McLaren,9.823240898280856,8,4,0,4
2015,10,Hungarian Grand Prix,2015-07-26,Hungaroring,Kimi Räikkönen,RAI,Ferrari,10.442872833927122,9,2,0,2
2015,10,Hungarian Grand Prix,2015-07-26,Hungaroring,Romain Grosjean,GRO,Lotus F1,10.659980950177369,10,1,0,1
2015,10,Hungarian Grand Prix,2015-07-26,Hungaroring,Felipe Massa,MAS,Williams,10.869230554159056,11,0,0,0
2015,10,Hungarian Grand Prix,2015-07-26,Hungaroring,Jenson Button,BUT,McLaren,11.719390293907008,12,0,0,0
2015,10,Hungarian Grand Prix,2015-07-26,Hungaroring,Marcus Ericsson,ERI,Sauber,12.63407079784528,13,0,0,0
2015,10,Hungarian Grand Prix,2015-07-26,Hungaroring,Felipe Nasr,NAS,Sauber,12.774973467249838,14,0,0,0
2015,10,Hungarian Grand Prix,2015-07-26,Hungaroring,Carlos Sainz,SAI,Toro Rosso,13.721629281101544,15,0,0,0
2015,10,Hungarian Grand Prix,2015-07-26,Hungaroring,Sergio Pérez,PER,Force India,13.99209821912607,16,0,0,0
2015,10,Hungarian Grand Prix,2015-07-26,Hungaroring,Pastor Maldonado,MAL,Lotus F1,14.365566140215916,17,0,0,0
2015,10,Hungarian Grand Prix,2015-07-26,Hungaroring,Nico Hülkenberg,HUL,Force India,15.107676887186829,18,0,0,0
2015,10,Hungarian Grand Prix,2015-07-26,Hungaroring,Roberto Merhi,MER,Manor Marussia,15.344697637881854,19,0,0,0
2015,10,Hungarian Grand Prix,2015-07-26,Hungaroring,Will Stevens,STE,Manor Marussia,16.214255650990825,20,0,0,0
2015,11,Belgian Grand Prix,2015-08-23,Circuit de Spa-Francorchamps,Lewis Hamilton,HAM,Mercedes,2.8738432382247656,1,25,0,25
2015,11,Belgian Grand Prix,2015-08-23,Circuit de Spa-Francorchamps,Nico Rosberg,ROS,Mercedes,2.9057031355595995,2,18,0,18
2015,11,Belgian Grand Prix,2015-08-23,Circuit de Spa-Francorchamps,Daniil Kvyat,KVY,Red Bull,6.884361805551932,3,15,0,15
2015,11,Belgian Grand Prix,2015-08-23,Circuit de Spa-Francorchamps,Kimi Räikkönen,RAI,Ferrari,7.32970172744534,4,12,0,12
2015,11,Belgian Grand Prix,2015-08-23,Circuit de Spa-Francorchamps,Felipe Massa,MAS,Williams,7.986980044658062,5,10,0,10
2015,11,Belgian Grand Prix,2015-08-23,Circuit de Spa-Francorchamps,Sergio Pérez,PER,Force India,8.326722173463814,6,8,0,8
2015,11,Belgian Grand Prix,2015-08-23,Circuit de Spa-Francorchamps,Valtteri Bottas,BOT,Williams,8.379075401091278,7,6,0,6
2015,11,Belgian Grand Prix,2015-08-23,Circuit de Spa-Francorchamps,Sebastian Vettel,VET,Ferrari,8.436722286580066,8,4,0,4
2015,11,Belgian Grand Prix,2015-08-23,Circuit de Spa-Francorchamps,Romain Grosjean,GRO,Lotus F1,8.877165956509712,9,2,0,2
2015,11,Belgian Grand Prix,2015-08-23,Circuit de Spa-Francorchamps,Max Verstappen,VER,Toro Rosso,9.737442802968022,10,1,0,1
2015,11,Belgian Grand Prix,2015-08-23,Circuit de Spa-Francorchamps,Daniel Ricciardo,RIC,Red Bull,11.674422140986168,11,0,0,0
2015,11,Belgian Grand Prix,2015-08-23,Circuit de Spa-Francorchamps,Marcus Ericsson,ERI,Sauber,11.805192611788971,12,0,0,0
2015,11,Belgian Grand Prix,2015-08-23,Circuit de Spa-Francorchamps,Felipe Nasr,NAS,Sauber,12.288190500197384,13,0,0,0
2015,11,Belgian Grand Prix,2015-08-23,Circuit de Spa-Francorchamps,Fernando Alonso,ALO,McLaren,12.96412895664352,14,0,0,0
2015,11,Belgian Grand Prix,2015-08-23,Circuit de Spa-Francorchamps,Jenson Button,BUT,McLaren,13.704432985218656,15,0,0,0
2015,11,Belgian Grand Prix,2015-08-23,Circuit de Spa-Francorchamps,Carlos Sainz,SAI,Toro Rosso,14.020750554393071,16,0,0,0
2015,11,Belgian Grand Prix,2015-08-23,Circuit de Spa-Francorchamps,Nico Hülkenberg,HUL,Force India,14.980842354989072,17,0,0,0
2015,11,Belgian Grand Prix,2015-08-23,Circuit de Spa-Francorchamps,Pastor Maldonado,MAL,Lotus F1,15.48909904299816,18,0,0,0
2015,11,Belgian Grand Prix,2015-08-23,Circuit de Spa-Francorchamps,Roberto Merhi,MER,Manor Marussia,15.763291755434995,19,0,0,0
2015,11,Belgian Grand Prix,2015-08-23,Circuit de Spa-Francorchamps,Will Stevens,STE,Manor Marussia,16.322213408322128,20,0,0,0
2015,12,Italian Grand Prix,2015-09-06,Autodromo Nazionale di Monza,Lewis Hamilton,HAM,Mercedes,3.099005114326653,1,25,0,25
2015,12,Italian Grand Prix,2015-09-06,Autodromo Nazionale di Monza,Sebastian Vettel,VET,Ferrari,4.510376651308511,2,18,0,18
2015,12,Italian Grand Prix,2015-09-06,Autodromo Nazionale di Monza,Valtteri Bottas,BOT,Williams,5.6733993735977295,3,15,0,15
2015,12,Italian Grand Prix,2015-09-06,Autodromo Nazionale di Monza,Felipe Massa,MAS,Williams,6.007973125084388,4,12,0,12
2015,12,Italian Grand Prix,2015-09-06,Autodromo Nazionale di Monza,Kimi Räikkönen,RAI,Ferrari,6.335111145872938,5,10,0,10
2015,12,Italian Grand Prix,2015-09-06,Autodromo Nazionale di Monza,Sergio Pérez,PER,Force India,7.312811393467647,6,8,0,8
2015,12,Italian Grand Prix,2015-09-06,Autodromo Nazionale di Monza,Nico Rosberg,ROS,Mercedes,8.52197187770118,7,6,0,6
2015,12,Italian Grand Prix,2015-09-06,Autodromo Nazionale di Monza,Nico Hülkenberg,HUL,Force India,8.917174638847955,8,4,0,4
2015,12,Italian Grand Prix,2015-09-06,Autodromo Nazionale di Monza,Daniel Ricciardo,RIC,Red Bull,9.023525986110124,9,2,0,2
2015,12,Italian Grand Prix,2015-09-06,Autodromo Nazionale di Monza,Daniil Kvyat,KVY,Red Bull,9.637411209788862,10,1,0,1
2015,12,Italian Grand Prix,2015-09-06,Autodromo Nazionale di Monza,Marcus Ericsson,ERI,Sauber,11.53370352181169,11,0,0,0
2015,12,Italian Grand Prix,2015-09-06,Autodromo Nazionale di Monza,Max Verstappen,VER,Toro Rosso,12.107464830071695,12,0,0,0
2015,12,Italian Grand Prix,2015-09-06,Autodromo Nazionale di Monza,Felipe Nasr,NAS,Sauber,12.977731803202962,13,0,0,0
2015,12,Italian Grand Prix,2015-09-06,Autodromo Nazionale di Monza,Carlos Sainz,SAI,Toro Rosso,13.121730866310472,14,0,0,0
2015,12,Italian Grand Prix,2015-09-06,Autodromo Nazionale di Monza,Jenson Button,BUT,McLaren,14.35996496801986,15,0,0,0
2015,12,Italian Grand Prix,2015-09-06,Autodromo Nazionale di Monza,Romain Grosjean,GRO,Lotus F1,14.376392248230244,16,0,0,0
2015,12,Italian Grand Prix,2015-09-06,Autodromo Nazionale di Monza,Fernando Alonso,ALO,McLaren,15.43302358618208,17,0,0,0
2015,12,Italian Grand Prix,2015-09-06,Autodromo Nazionale di Monza,Pastor Maldonado,MAL,Lotus F1,15.599060710623464,18,0,0,0
2015,12,Italian Grand Prix,2015-09-06,Autodromo Nazionale di Monza,Roberto Merhi,MER,Manor Marussia,15.851944751800335,19,0,0,0
2015,12,Italian Grand Prix,2015-09-06,Autodromo Nazionale di Monza,Will Stevens,STE,Manor Marussia,16.162500663074642,20,0,0,0
2015,13,Singapore Grand Prix,2015-09-20,Marina Bay Street Circuit,Sebastian Vettel,VET,Ferrari,4.011923074144114,1,25,0,25
2015,13,Singapore Grand Prix,2015-09-20,Marina Bay Street Circuit,Nico Rosberg,ROS,Mercedes,4.553930548841154,2,18,0,18
2015,13,Singapore Grand Prix,2015-09-20,Marina Bay Street Circuit,Kimi Räikkönen,RAI,Ferrari,5.196614968457657,3,15,0,15
2015,13,Singapore Grand Prix,2015-09-20,Marina Bay Street Circuit,Daniel Ricciardo,RIC,Red Bull,5.917189005206311,4,12,0,12
2015,13,Singapore Grand Prix,2015-09-20,Marina Bay Street Circuit,Valtteri Bottas,BOT,Williams,6.033007999039964,5,10,0,10
2015,13,Singapore Grand Prix,2015-09-20,Marina Bay Street Circuit,Lewis Hamilton,HAM,Mercedes,8.705847918400973,6,8,0,8
2015,13,Singapore Grand Prix,2015-09-20,Marina Bay Street Circuit,Sergio Pérez,PER,Force India,9.13133761592052,7,6,0,6
2015,13,Singapore Grand Prix,2015-09-20,Marina Bay Street Circuit,Max Verstappen,VER,Toro Rosso,9.222677364259027,8,4,0,4
2015,13,Singapore Grand Prix,2015-09-20,Marina Bay Street Circuit,Daniil Kvyat,KVY,Red Bull,9.32212414707877,9,2,0,2
2015,13,Singapore Grand Prix,2015-09-20,Marina Bay Street Circuit,Carlos Sainz,SAI,Toro Rosso,10.390640187996183,10,1,0,1
2015,13,Singapore Grand Prix,2015-09-20,Marina Bay Street Circuit,Felipe Nasr,NAS,Sauber,11.679013559934797,11,0,0,0
2015,13,Singapore Grand Prix,2015-09-20,Marina Bay Street Circuit,Marcus Ericsson,ERI,Sauber,12.504364630294202,12,0,0,0
2015,13,Singapore Grand Prix,2015-09-20,Marina Bay Street Circuit,Romain Grosjean,GRO,Lotus F1,12.572358598895256,13,0,0,0
2015,13,Singapore Grand Prix,2015-09-20,Marina Bay Street Circuit,Pastor Maldonado,MAL,Lotus F1,12.62405887508852,14,0,0,0
2015,13,Singapore Grand Prix,2015-09-20,Marina Bay Street Circuit,Alexander Rossi,RSS,Manor Marussia,13.407220227945611,15,0,0,0
2015,13,Singapore Grand Prix,2015-09-20,Marina Bay Street Circuit,Felipe Massa,MAS,Williams,13.46282488569496,16,0,0,0
2015,13,Singapore Grand Prix,2015-09-20,Marina Bay Street Circuit,Nico Hülkenberg,HUL,Force India,13.46601008257166,17,0,0,0
2015,13,Singapore Grand Prix,2015-09-20,Marina Bay Street Circuit,Fernando Alonso,ALO,McLaren,14.053214624165845,18,0,0,0
2015,13,Singapore Grand Prix,2015-09-20,Marina Bay Street Circuit,Jenson Button,BUT,McLaren,14.91483872069562,19,0,0,0
2015,13,Singapore Grand Prix,2015-09-20,Marina Bay Street Circuit,Will Stevens,STE,Manor Marussia,16.171618324913094,20,0,0,0
2015,14,Japanese Grand Prix,2015-09-27,Suzuka Circuit,Lewis Hamilton,HAM,Mercedes,2.6900349479581056,1,25,0,25
2015,14,Japanese Grand Prix,2015-09-27,Suzuka Circuit,Sebastian Vettel,VET,Ferrari,4.807305077419285,2,18,0,18
2015,14,Japanese Grand Prix,2015-09-27,Suzuka Circuit,Nico Rosberg,ROS,Mercedes,5.272825935652121,3,15,0,15
2015,14,Japanese Grand Prix,2015-09-27,Suzuka Circuit,Kimi Räikkönen,RAI,Ferrari,5.477780211769888,4,12,0,12
2015,14,Japanese Grand Prix,2015-09-27,Suzuka Circuit,Valtteri Bottas,BOT,Williams,7.246524968416086,5,10,0,10
2015,14,Japanese Grand Prix,2015-09-27,Suzuka Circuit,Nico Hülkenberg,HUL,Force India,9.27209461045815,6,8,0,8
2015,14,Japanese Grand Prix,2015-09-27,Suzuka Circuit,Daniil Kvyat,KVY,Red Bull,9.773970149034586,7,6,0,6
2015,14,Japanese Grand Prix,2015-09-27,Suzuka Circuit,Max Verstappen,VER,Toro Rosso,9.83293370149992,8,4,0,4
2015,14,Japanese Grand Prix,2015-09-27,Suzuka Circuit,Romain Grosjean,GRO,Lotus F1,10.173803473190215,9,2,0,2
2015,14,Japanese Grand Prix,2015-09-27,Suzuka Circuit,Carlos Sainz,SAI,Toro Rosso,11.29526681609888,10,1,0,1
2015,14,Japanese Grand Prix,2015-09-27,Suzuka Circuit,Sergio Pérez,PER,Force India,11.55164162988594,11,0,0,0
2015,14,Japanese Grand Prix,2015-09-27,Suzuka Circuit,Daniel Ricciardo,RIC,Red Bull,11.885369992333024,12,0,0,0
2015,14,Japanese Grand Prix,2015-09-27,Suzuka Circuit,Felipe Massa,MAS,Williams,11.9484094289519,13,0,0,0
2015,14,Japanese Grand Prix,2015-09-27,Suzuka Circuit,Pastor Maldonado,MAL,Lotus F1,12.353744408346463,14,0,0,0
2015,14,Japanese Grand Prix,2015-09-27,Suzuka Circuit,Fernando Alonso,ALO,McLaren,12.748804262468411,15,0,0,0
2015,14,Japanese Grand Prix,2015-09-27,Suzuka Circuit,Marcus Ericsson,ERI,Sauber,13.183484393955398,16,0,0,0
2015,14,Japanese Grand Prix,2015-09-27,Suzuka Circuit,Jenson Button,BUT,McLaren,13.784639680908873,17,0,0,0
2015,14,Japanese Grand Prix,2015-09-27,Suzuka Circuit,Felipe Nasr,NAS,Sauber,15.598550437948914,18,0,0,0
2015,14,Japanese Grand Prix,2015-09-27,Suzuka Circuit,Alexander Rossi,RSS,Manor Marussia,16.373233874772293,19,0,0,0
2015,14,Japanese Grand Prix,2015-09-27,Suzuka Circuit,Will Stevens,STE,Manor Marussia,17.291149334699163,20,0,0,0
2015,15,Russian Grand Prix,2015-10-11,Sochi Autodrom,Lewis Hamilton,HAM,Mercedes,2.84069730761362,1,25,0,25
2015,15,Russian Grand Prix,2015-10-11,Sochi Autodrom,Sebastian Vettel,VET,Ferrari,4.021683458614407,2,18,0,18
2015,15,Russian Grand Prix,2015-10-11,Sochi Autodrom,Sergio Pérez,PER,Force India,6.2769169130843805,3,15,0,15
2015,15,Russian Grand Prix,2015-10-11,Sochi Autodrom,Kimi Räikkönen,RAI,Ferrari,7.832213394921613,4,12,0,12
2015,15,Russian Grand Prix,2015-10-11,Sochi Autodrom,Daniil Kvyat,KVY,Red Bull,7.971523819511474,5,10,0,10
2015,15,Russian Grand Prix,2015-10-11,Sochi Autodrom,Felipe Massa,MAS,Williams,8.63484189956844,6,8,0,8
2015,15,Russian Grand Prix,2015-10-11,Sochi Autodrom,Nico Rosberg,ROS,Mercedes,9.967804190235851,7,6,0,6
2015,15,Russian Grand Prix,2015-10-11,Sochi Autodrom,Valtteri Bottas,BOT,Williams,9.98085176930666,8,4,0,4
2015,15,Russian Grand Prix,2015-10-11,Sochi Autodrom,Felipe Nasr,NAS,Sauber,10.425323364538489,9,2,0,2
2015,15,Russian Grand Prix,2015-10-11,Sochi Autodrom,Jenson Button,BUT,McLaren,10.475934188714056,10,1,0,1
2015,15,Russian Grand Prix,2015-10-11,Sochi Autodrom,Pastor Maldonado,MAL,Lotus F1,10.52566715582949,11,0,0,0
2015,15,Russian Grand Prix,2015-10-11,Sochi Autodrom,Daniel Ricciardo,RIC,Red Bull,10.65682716090122,12,0,0,0
2015,15,Russian Grand Prix,2015-10-11,Sochi Autodrom,Max Verstappen,VER,Toro Rosso,11.033094868236097,13,0,0,0
2015,15,Russian Grand Prix,2015-10-11,Sochi Autodrom,Fernando Alonso,ALO,McLaren,11.833794512332943,14,0,0,0
2015,15,Russian Grand Prix,2015-10-11,Sochi Autodrom,Carlos Sainz,SAI,Toro Rosso,12.806220618510183,15,0,0,0
2015,15,Russian Grand Prix,2015-10-11,Sochi Autodrom,Nico Hülkenberg,HUL,Force India,13.440202743076451,16,0,0,0
2015,15,Russian Grand Prix,2015-10-11,Sochi Autodrom,Romain Grosjean,GRO,Lotus F1,13.837208875360975,17,0,0,0
2015,15,Russian Grand Prix,2015-10-11,Sochi Autodrom,Roberto Merhi,MER,Manor Marussia,15.36132531937482,18,0,0,0
2015,15,Russian Grand Prix,2015-10-11,Sochi Autodrom,Will Stevens,STE,Manor Marussia,16.022999348488202,19,0,0,0
2015,15,Russian Grand Prix,2015-10-11,Sochi Autodrom,Marcus Ericsson,ERI,Sauber,16.58629145566125,20,0,0,0
2015,16,United States Grand Prix,2015-10-25,Circuit of the Americas,Lewis Hamilton,HAM,Mercedes,2.718018692319642,1,25,0,25
2015,16,United States Grand Prix,2015-10-25,Circuit of the Americas,Sebastian Vettel,VET,Ferrari,4.201264011684291,2,18,0,18
2015,16,United States Grand Prix,2015-10-25,Circuit of the Americas,Nico Rosberg,ROS,Mercedes,4.223404400278767,3,15,0,15
2015,16,United States Grand Prix,2015-10-25,Circuit of the Americas,Sergio Pérez,PER,Force India,7.78431158478604,4,12,0,12
2015,16,United States Grand Prix,2015-10-25,Circuit of the Americas,Max Verstappen,VER,Toro Rosso,7.901308925089788,5,10,0,10
2015,16,United States Grand Prix,2015-10-25,Circuit of the Americas,Daniel Ricciardo,RIC,Red Bull,8.96608022986105,6,8,0,8
2015,16,United States Grand Prix,2015-10-25,Circuit of the Americas,Carlos Sainz,SAI,Toro Rosso,10.352571057233822,7,6,0,6
2015,16,United States Grand Prix,2015-10-25,Circuit of the Americas,Jenson Button,BUT,McLaren,10.363872249852284,8,4,0,4
2015,16,United States Grand Prix,2015-10-25,Circuit of the Americas,Pastor Maldonado,MAL,Lotus F1,10.421537733181852,9,2,0,2
2015,16,United States Grand Prix,2015-10-25,Circuit of the Americas,Felipe Nasr,NAS,Sauber,10.556828902274626,10,1,0,1
2015,16,United States Grand Prix,2015-10-25,Circuit of the Americas,Daniil Kvyat,KVY,Red Bull,10.780494053584755,11,0,0,0
2015,16,United States Grand Prix,2015-10-25,Circuit of the Americas,Kimi Räikkönen,RAI,Ferrari,11.272735981202068,12,0,0,0
2015,16,United States Grand Prix,2015-10-25,Circuit of the Americas,Fernando Alonso,ALO,McLaren,11.294202481689426,13,0,0,0
2015,16,United States Grand Prix,2015-10-25,Circuit of the Americas,Valtteri Bottas,BOT,Williams,11.63518934042856,14,0,0,0
2015,16,United States Grand Prix,2015-10-25,Circuit of the Americas,Nico Hülkenberg,HUL,Force India,12.451727564255048,15,0,0,0
2015,16,United States Grand Prix,2015-10-25,Circuit of the Americas,Felipe Massa,MAS,Williams,13.261026014088998,16,0,0,0
2015,16,United States Grand Prix,2015-10-25,Circuit of the Americas,Marcus Ericsson,ERI,Sauber,13.9720276757392,17,0,0,0
2015,16,United States Grand Prix,2015-10-25,Circuit of the Americas,Alexander Rossi,RSS,Manor Marussia,14.294554459615451,18,0,0,0
2015,16,United States Grand Prix,2015-10-25,Circuit of the Americas,Romain Grosjean,GRO,Lotus F1,14.916180765703626,19,0,0,0
2015,16,United States Grand Prix,2015-10-25,Circuit of the Americas,Will Stevens,STE,Manor Marussia,17.306017632970214,20,0,0,0
2015,17,Mexican Grand Prix,2015-11-01,Autódromo Hermanos Rodríguez,Nico Rosberg,ROS,Mercedes,3.4315160056274925,1,25,0,25
2015,17,Mexican Grand Prix,2015-11-01,Autódromo Hermanos Rodríguez,Lewis Hamilton,HAM,Mercedes,3.4324563148904828,2,18,0,18
2015,17,Mexican Grand Prix,2015-11-01,Autódromo Hermanos Rodríguez,Valtteri Bottas,BOT,Williams,5.824621492694722,3,15,0,15
2015,17,Mexican Grand Prix,2015-11-01,Autódromo Hermanos Rodríguez,Daniil Kvyat,KVY,Red Bull,6.765074024729154,4,12,0,12
2015,17,Mexican Grand Prix,2015-11-01,Autódromo Hermanos Rodríguez,Daniel Ricciardo,RIC,Red Bull,6.93521941937827,5,10,0,10
2015,17,Mexican Grand Prix,2015-11-01,Autódromo Hermanos Rodríguez,Felipe Massa,MAS,Williams,8.026264197972576,6,8,0,8
2015,17,Mexican Grand Prix,2015-11-01,Autódromo Hermanos Rodríguez,Sergio Pérez,PER,Force India,8.28885412920009,7,6,0,6
2015,17,Mexican Grand Prix,2015-11-01,Autódromo Hermanos Rodríguez,Nico Hülkenberg,HUL,Force India,9.1802317162689,8,4,0,4
2015,17,Mexican Grand Prix,2015-11-01,Autódromo Hermanos Rodríguez,Max Verstappen,VER,Toro Rosso,9.230724457152858,9,2,0,2
2015,17,Mexican Grand Prix,2015-11-01,Autódromo Hermanos Rodríguez,Sebastian Vettel,VET,Ferrari,9.772217256566591,10,1,0,1
2015,17,Mexican Grand Prix,2015-11-01,Autódromo Hermanos Rodríguez,Romain Grosjean,GRO,Lotus F1,11.574158994661476,11,0,0,0
2015,17,Mexican Grand Prix,2015-11-01,Autódromo Hermanos Rodríguez,Kimi Räikkönen,RAI,Ferrari,11.651263065553175,12,0,0,0
2015,17,Mexican Grand Prix,2015-11-01,Autódromo Hermanos Rodríguez,Carlos Sainz,SAI,Toro Rosso,11.818174301335604,13,0,0,0
2015,17,Mexican Grand Prix,2015-11-01,Autódromo Hermanos Rodríguez,Pastor Maldonado,MAL,Lotus F1,12.300887781829616,14,0,0,0
2015,17,Mexican Grand Prix,2015-11-01,Autódromo Hermanos Rodríguez,Marcus Ericsson,ERI,Sauber,12.784647001235571,15,0,0,0
2015,17,Mexican Grand Prix,2015-11-01,Autódromo Hermanos Rodríguez,Jenson Button,BUT,McLaren,13.65210540021006,16,0,0,0
2015,17,Mexican Grand Prix,2015-11-01,Autódromo Hermanos Rodríguez,Felipe Nasr,NAS,Sauber,14.410554867853811,17,0,0,0
2015,17,Mexican Grand Prix,2015-11-01,Autódromo Hermanos Rodríguez,Alexander Rossi,RSS,Manor Marussia,15.618957230821287,18,0,0,0
2015,17,Mexican Grand Prix,2015-11-01,Autódromo Hermanos Rodríguez,Fernando Alonso,ALO,McLaren,16.148941817543648,19,0,0,0
2015,17,Mexican Grand Prix,2015-11-01,Autódromo Hermanos Rodríguez,Will Stevens,STE,Manor Marussia,16.802838340575878,20,0,0,0
2015,18,Brazilian Grand Prix,2015-11-15,Autódromo José Carlos Pace,Lewis Hamilton,HAM,Mercedes,2.48295700186912,1,25,0,25
2015,18,Brazilian Grand Prix,2015-11-15,Autódromo José Carlos Pace,Nico Rosberg,ROS,Mercedes,3.07954366555678,2,18,0,18
2015,18,Brazilian Grand Prix,2015-11-15,Autódromo José Carlos Pace,Sebastian Vettel,VET,Ferrari,5.112702539407708,3,15,0,15
2015,18,Brazilian Grand Prix,2015-11-15,Autódromo José Carlos Pace,Kimi Räikkönen,RAI,Ferrari,5.731172734532163,4,12,0,12
2015,18,Brazilian Grand Prix,2015-11-15,Autódromo José Carlos Pace,Valtteri Bottas,BOT,Williams,6.717324647424199,5,10,0,10
2015,18,Brazilian Grand Prix,2015-11-15,Autódromo José Carlos Pace,Daniil Kvyat,KVY,Red Bull,7.56397019844538,6,8,0,8
2015,18,Brazilian Grand Prix,2015-11-15,Autódromo José Carlos Pace,Nico Hülkenberg,HUL,Force India,8.417108772504854,7,6,0,6
2015,18,Brazilian Grand Prix,2015-11-15,Autódromo José Carlos Pace,Daniel Ricciardo,RIC,Red Bull,9.396881251916772,8,4,0,4
2015,18,Brazilian Grand Prix,2015-11-15,Autódromo José Carlos Pace,Max Verstappen,VER,Toro Rosso,10.115270710225484,9,2,0,2
2015,18,Brazilian Grand Prix,2015-11-15,Autódromo José Carlos Pace,Romain Grosjean,GRO,Lotus F1,10.45197095928624,10,1,0,1
2015,18,Brazilian Grand Prix,2015-11-15,Autódromo José Carlos Pace,Sergio Pérez,PER,Force India,11.518449312147435,11,0,0,0
2015,18,Brazilian Grand Prix,2015-11-15,Autódromo José Carlos Pace,Pastor Maldonado,MAL,Lotus F1,11.738910554673028,12,0,0,0
2015,18,Brazilian Grand Prix,2015-11-15,Autódromo José Carlos Pace,Felipe Nasr,NAS,Sauber,12.960244137805756,13,0,0,0
2015,18,Brazilian Grand Prix,2015-11-15,Autódromo José Carlos Pace,Jenson Button,BUT,McLaren,13.470959089320251,14,0,0,0
2015,18,Brazilian Grand Prix,2015-11-15,Autódromo José Carlos Pace,Carlos Sainz,SAI,Toro Rosso,14.225377262905289,15,0,0,0
2015,18,Brazilian Grand Prix,2015-11-15,Autódromo José Carlos Pace,Fernando Alonso,ALO,McLaren,14.334014748136424,16,0,0,0
2015,18,Brazilian Grand Prix,2015-11-15,Autódromo José Carlos Pace,Felipe Massa,MAS,Williams,15.294056190909284,17,0,0,0
2015,18,Brazilian Grand Prix,2015-11-15,Autódromo José Carlos Pace,Marcus Ericsson,ERI,Sauber,15.481106137701529,18,0,0,0
2015,18,Brazilian Grand Prix,2015-11-15,Autódromo José Carlos Pace,Alexander Rossi,RSS,Manor Marussia,15.882833425339882,19,0,0,0
2015,18,Brazilian Grand Prix,2015-11-15,Autódromo José Carlos Pace,Will Stevens,STE,Manor Marussia,16.633843057995634,20,0,0,0
2015,19,Abu Dhabi Grand Prix,2015-11-29,Yas Marina Circuit,Lewis Hamilton,HAM,Mercedes,2.182537018047237,1,25,0,25
2015,19,Abu Dhabi Grand Prix,2015-11-29,Yas Marina Circuit,Nico Rosberg,ROS,Mercedes,3.804098979148479,2,18,0,18
2015,19,Abu Dhabi Grand Prix,2015-11-29,Yas Marina Circuit,Sebastian Vettel,VET,Ferrari,4.8293709998491705,3,15,0,15
2015,19,Abu Dhabi Grand Prix,2015-11-29,Yas Marina Circuit,Kimi Räikkönen,RAI,Ferrari,4.880988274740068,4,12,0,12
2015,19,Abu Dhabi Grand Prix,2015-11-29,Yas Marina Circuit,Sergio Pérez,PER,Force India,7.3003072599521746,5,10,0,10
2015,19,Abu Dhabi Grand Prix,2015-11-29,Yas Marina Circuit,Daniel Ricciardo,RIC,Red Bull,7.743490515927967,6,8,0,8
2015,19,Abu Dhabi Grand Prix,2015-11-29,Yas Marina Circuit,Nico Hülkenberg,HUL,Force India,7.951071531132867,7,6,0,6
2015,19,Abu Dhabi Grand Prix,2015-11-29,Yas Marina Circuit,Daniil Kvyat,KVY,Red Bull,9.13388689750401,8,4,0,4
2015,19,Abu Dhabi Grand Prix,2015-11-29,Yas Marina Circuit,Felipe Massa,MAS,Williams,9.160110293103994,9,2,0,2
2015,19,Abu Dhabi Grand Prix,2015-11-29,Yas Marina Circuit,Romain Grosjean,GRO,Lotus F1,10.323952638615117,10,1,0,1
2015,19,Abu Dhabi Grand Prix,2015-11-29,Yas Marina Circuit,Valtteri Bottas,BOT,Williams,11.085305229989592,11,0,0,0
2015,19,Abu Dhabi Grand Prix,2015-11-29,Yas Marina Circuit,Carlos Sainz,SAI,Toro Rosso,12.670684657770646,12,0,0,0
2015,19,Abu Dhabi Grand Prix,2015-11-29,Yas Marina Circuit,Jenson Button,BUT,McLaren,13.07283530492239,13,0,0,0
2015,19,Abu Dhabi Grand Prix,2015-11-29,Yas Marina Circuit,Max Verstappen,VER,Toro Rosso,13.315777483053928,14,0,0,0
2015,19,Abu Dhabi Grand Prix,2015-11-29,Yas Marina Circuit,Felipe Nasr,NAS,Sauber,14.587435752539111,15,0,0,0
2015,19,Abu Dhabi Grand Prix,2015-11-29,Yas Marina Circuit,Marcus Ericsson,ERI,Sauber,14.947641802829231,16,0,0,0
2015,19,Abu Dhabi Grand Prix,2015-11-29,Yas Marina Circuit,Fernando Alonso,ALO,McLaren,15.028827083246108,17,0,0,0
2015,19,Abu Dhabi Grand Prix,2015-11-29,Yas Marina Circuit,Pastor Maldonado,MAL,Lotus F1,15.458552163114664,18,0,0,0
2015,19,Abu Dhabi Grand Prix,2015-11-29,Yas Marina Circuit,Will Stevens,STE,Manor Marussia,16.862130040163876,19,0,0,0
2015,19,Abu Dhabi Grand Prix,2015-11-29,Yas Marina Circuit,Roberto Merhi,MER,Manor Marussia,17.39238730860569,20,0,0,0
2016,1,Australian Grand Prix,2016-03-20,Albert Park Grand Prix Circuit,Lewis Hamilton,HAM,Mercedes,2.5859384553521854,1,25,0,25
2016,1,Australian Grand Prix,2016-03-20,Albert Park Grand Prix Circuit,Nico Rosberg,ROS,Mercedes,3.535270605751495,2,18,0,18
2016,1,Australian Grand Prix,2016-03-20,Albert Park Grand Prix Circuit,Daniel Ricciardo,RIC,Red Bull,6.830674981754343,3,15,0,15
2016,1,Australian Grand Prix,2016-03-20,Albert Park Grand Prix Circuit,Sebastian Vettel,VET,Ferrari,7.255093505966263,4,12,0,12
2016,1,Australian Grand Prix,2016-03-20,Albert Park Grand Prix Circuit,Nico Hülkenberg,HUL,Force India,8.009148517124025,5,10,0,10
2016,1,Australian Grand Prix,2016-03-20,Albert Park Grand Prix Circuit,Felipe Massa,MAS,Williams,8.559213219826274,6,8,0,8
2016,1,Australian Grand Prix,2016-03-20,Albert Park Grand Prix Circuit,Valtteri Bottas,BOT,Williams,9.298007145688056,7,6,0,6
2016,1,Australian Grand Prix,2016-03-20,Albert Park Grand Prix Circuit,Max Verstappen,VER,Toro Rosso,10.0501302868658,8,4,0,4
2016,1,Australian Grand Prix,2016-03-20,Albert Park Grand Prix Circuit,Sergio Pérez,PER,Force India,10.687063200971222,9,2,0,2
2016,1,Australian Grand Prix,2016-03-20,Albert Park Grand Prix Circuit,Romain Grosjean,GRO,Haas F1 Team,10.7775278207482,10,1,0,1
2016,1,Australian Grand Prix,2016-03-20,Albert Park Grand Prix Circuit,Kevin Magnussen,MAG,Renault,11.420809757398162,11,0,0,0
2016,1,Australian Grand Prix,2016-03-20,Albert Park Grand Prix Circuit,Jolyon Palmer,PAL,Renault,11.97137785264706,12,0,0,0
2016,1,Australian Grand Prix,2016-03-20,Albert Park Grand Prix Circuit,Carlos Sainz,SAI,Toro Rosso,12.304567665215009,13,0,0,0
2016,1,Australian Grand Prix,2016-03-20,Albert Park Grand Prix Circuit,Jenson Button,BUT,McLaren,12.45382985752206,14,0,0,0
2016,1,Australian Grand Prix,2016-03-20,Albert Park Grand Prix Circuit,Kimi Räikkönen,RAI,Ferrari,12.620066926409311,15,0,0,0
2016,1,Australian Grand Prix,2016-03-20,Albert Park Grand Prix Circuit,Daniil Kvyat,KVY,Red Bull,12.945371039889364,16,0,0,0
2016,1,Australian Grand Prix,2016-03-20,Albert Park Grand Prix Circuit,Felipe Nasr,NAS,Sauber,14.09269666741758,17,0,0,0
2016,1,Australian Grand Prix,2016-03-20,Albert Park Grand Prix Circuit,Fernando Alonso,ALO,McLaren,14.888665944303089,18,0,0,0
2016,1,Australian Grand Prix,2016-03-20,Albert Park Grand Prix Circuit,Marcus Ericsson,ERI,Sauber,15.604346037817214,19,0,0,0
2016,1,Australian Grand Prix,2016-03-20,Albert Park Grand Prix Circuit,Pascal Wehrlein,WEH,Manor Marussia,15.723059328079517,20,0,0,0
2016,1,Australian Grand Prix,2016-03-20,Albert Park Grand Prix Circuit,Esteban Gutiérrez,GUT,Haas F1 Team,16.64728186041392,21,0,0,0
2016,1,Australian Grand Prix,2016-03-20,Albert Park Grand Prix Circuit,Rio Haryanto,HAR,Manor Marussia,16.88827341901505,22,0,0,0
2016,2,Bahrain Grand Prix,2016-04-03,Bahrain International Circuit,Nico Rosberg,ROS,Mercedes,2.113790303326766,1,25,0,25
2016,2,Bahrain Grand Prix,2016-04-03,Bahrain International Circuit,Lewis Hamilton,HAM,Mercedes,4.096909860732921,2,18,0,18
2016,2,Bahrain Grand Prix,2016-04-03,Bahrain International Circuit,Kimi Räikkönen,RAI,Ferrari,4.53967192850326,3,15,0,15
2016,2,Bahrain Grand Prix,2016-04-03,Bahrain International Circuit,Daniel Ricciardo,RIC,Red Bull,5.639758999589037,4,12,0,12
2016,2,Bahrain Grand Prix,2016-04-03,Bahrain International Circuit,Daniil Kvyat,KVY,Red Bull,7.435828335568576,5,10,0,10
2016,2,Bahrain Grand Prix,2016-04-03,Bahrain International Circuit,Romain Grosjean,GRO,Haas F1 Team,8.31874365706711,6,8,0,8
2016,2,Bahrain Grand Prix,2016-04-03,Bahrain International Circuit,Max Verstappen,VER,Toro Rosso,9.051686996471844,7,6,0,6
2016,2,Bahrain Grand Prix,2016-04-03,Bahrain International Circuit,Felipe Massa,MAS,Williams,9.220133042305498,8,4,0,4
2016,2,Bahrain Grand Prix,2016-04-03,Bahrain International Circuit,Valtteri Bottas,BOT,Williams,9.582254482061836,9,2,0,2
2016,2,Bahrain Grand Prix,2016-04-03,Bahrain International Circuit,Nico Hülkenberg,HUL,Force India,10.710517983177402,10,1,0,1
2016,2,Bahrain Grand Prix,2016-04-03,Bahrain International Circuit,Sergio Pérez,PER,Force India,12.758999697036597,11,0,0,0
2016,2,Bahrain Grand Prix,2016-04-03,Bahrain International Circuit,Stoffel Vandoorne,VAN,McLaren,12.824845585282722,12,0,0,0
2016,2,Bahrain Grand Prix,2016-04-03,Bahrain International Circuit,Kevin Magnussen,MAG,Renault,13.140121495837796,13,0,0,0
2016,2,Bahrain Grand Prix,2016-04-03,Bahrain International Circuit,Sebastian Vettel,VET,Ferrari,13.314863061389726,14,0,0,0
2016,2,Bahrain Grand Prix,2016-04-03,Bahrain International Circuit,Carlos Sainz,SAI,Toro Rosso,13.418758066877553,15,0,0,0
2016,2,Bahrain Grand Prix,2016-04-03,Bahrain International Circuit,Marcus Ericsson,ERI,Sauber,13.69055706290052,16,0,0,0
2016,2,Bahrain Grand Prix,2016-04-03,Bahrain International Circuit,Felipe Nasr,NAS,Sauber,14.6661572945624,17,0,0,0
2016,2,Bahrain Grand Prix,2016-04-03,Bahrain International Circuit,Pascal Wehrlein,WEH,Manor Marussia,14.867339140055016,18,0,0,0
2016,2,Bahrain Grand Prix,2016-04-03,Bahrain International Circuit,Esteban Gutiérrez,GUT,Haas F1 Team,15.509862141352633,19,0,0,0
2016,2,Bahrain Grand Prix,2016-04-03,Bahrain International Circuit,Jenson Button,BUT,McLaren,16.24449021640676,20,0,0,0
2016,2,Bahrain Grand Prix,2016-04-03,Bahrain International Circuit,Rio Haryanto,HAR,Manor Marussia,17.563803829947073,21,0,0,0
2016,2,Bahrain Grand Prix,2016-04-03,Bahrain International Circuit,Jolyon Palmer,PAL,Renault,17.79210682878796,22,0,0,0
2016,3,Chinese Grand Prix,2016-04-17,Shanghai International Circuit,Nico Rosberg,ROS,Mercedes,2.768678628400066,1,25,0,25
2016,3,Chinese Grand Prix,2016-04-17,Shanghai International Circuit,Sebastian Vettel,VET,Ferrari,3.675978512125576,2,18,0,18
2016,3,Chinese Grand Prix,2016-04-17,Shanghai International Circuit,Daniel Ricciardo,RIC,Red Bull,5.244504106946393,3,15,0,15
2016,3,Chinese Grand Prix,2016-04-17,Shanghai International Circuit,Kimi Räikkönen,RAI,Ferrari,5.818941123499865,4,12,0,12
2016,3,Chinese Grand Prix,2016-04-17,Shanghai International Circuit,Lewis Hamilton,HAM,Mercedes,6.004639994057796,5,10,0,10
2016,3,Chinese Grand Prix,2016-04-17,Shanghai International Circuit,Daniil Kvyat,KVY,Red Bull,6.425797296199444,6,8,0,8
2016,3,Chinese Grand Prix,2016-04-17,Shanghai International Circuit,Felipe Massa,MAS,Williams,8.986362032550879,7,6,0,6
2016,3,Chinese Grand Prix,2016-04-17,Shanghai International Circuit,Valtteri Bottas,BOT,Williams,10.145586712357076,8,4,0,4
2016,3,Chinese Grand Prix,2016-04-17,Shanghai International Circuit,Max Verstappen,VER,Toro Rosso,10.493351664320334,9,2,0,2
2016,3,Chinese Grand Prix,2016-04-17,Shanghai International Circuit,Sergio Pérez,PER,Force India,10.83378236147816,10,1,0,1
2016,3,Chinese Grand Prix,2016-04-17,Shanghai International Circuit,Carlos Sainz,SAI,Toro Rosso,10.880248655753045,11,0,0,0
2016,3,Chinese Grand Prix,2016-04-17,Shanghai International Circuit,Fernando Alonso,ALO,McLaren,12.62237516267607,12,0,0,0
2016,3,Chinese Grand Prix,2016-04-17,Shanghai International Circuit,Nico Hülkenberg,HUL,Force India,12.637117868380644,13,0,0,0
2016,3,Chinese Grand Prix,2016-04-17,Shanghai International Circuit,Jenson Button,BUT,McLaren,12.907203750400637,14,0,0,0
2016,3,Chinese Grand Prix,2016-04-17,Shanghai International Circuit,Esteban Gutiérrez,GUT,Haas F1 Team,14.69158631213033,15,0,0,0
2016,3,Chinese Grand Prix,2016-04-17,Shanghai International Circuit,Romain Grosjean,GRO,Haas F1 Team,14.894188334576596,16,0,0,0
2016,3,Chinese Grand Prix,2016-04-17,Shanghai International Circuit,Marcus Ericsson,ERI,Sauber,15.807796522224509,17,0,0,0
2016,3,Chinese Grand Prix,2016-04-17,Shanghai International Circuit,Kevin Magnussen,MAG,Renault,16.41953222890949,18,0,0,0
2016,3,Chinese Grand Prix,2016-04-17,Shanghai International Circuit,Pascal Wehrlein,WEH,Manor Marussia,17.146102553872478,19,0,0,0
2016,3,Chinese Grand Prix,2016-04-17,Shanghai International Circuit,Felipe Nasr,NAS,Sauber,17.40101615180223,20,0,0,0
2016,3,Chinese Grand Prix,2016-04-17,Shanghai International Circuit,Jolyon Palmer,PAL,Renault,17.681510995911484,21,0,0,0
2016,3,Chinese Grand Prix,2016-04-17,Shanghai International Circuit,Rio Haryanto,HAR,Manor Marussia,18.04475205279044,22,0,0,0
2016,4,Russian Grand Prix,2016-05-01,Sochi Autodrom,Nico Rosberg,ROS,Mercedes,2.750387238366419,1,25,0,25
2016,4,Russian Grand Prix,2016-05-01,Sochi Autodrom,Lewis Hamilton,HAM,Mercedes,3.954173623847771,2,18,0,18
2016,4,Russian Grand Prix,2016-05-01,Sochi Autodrom,Kimi Räikkönen,RAI,Ferrari,5.745799188494393,3,15,0,15
2016,4,Russian Grand Prix,2016-05-01,Sochi Autodrom,Valtteri Bottas,BOT,Williams,6.687523210675491,4,12,0,12
2016,4,Russian Grand Prix,2016-05-01,Sochi Autodrom,Felipe Massa,MAS,Williams,6.7956098079013625,5,10,0,10
2016,4,Russian Grand Prix,2016-05-01,Sochi Autodrom,Daniel Ricciardo,RIC,Red Bull,8.962288016607692,6,8,0,8
2016,4,Russian Grand Prix,2016-05-01,Sochi Autodrom,Sergio Pérez,PER,Force India,9.363051628442967,7,6,0,6
2016,4,Russian Grand Prix,2016-05-01,Sochi Autodrom,Fernando Alonso,ALO,McLaren,10.364120506363625,8,4,0,4
2016,4,Russian Grand Prix,2016-05-01,Sochi Autodrom,Jenson Button,BUT,McLaren,10.406968169700267,9,2,0,2
2016,4,Russian Grand Prix,2016-05-01,Sochi Autodrom,Kevin Magnussen,MAG,Renault,10.972008933839168,10,1,0,1
2016,4,Russian Grand Prix,2016-05-01,Sochi Autodrom,Daniil Kvyat,KVY,Red Bull,11.46284158619715,11,0,0,0
2016,4,Russian Grand Prix,2016-05-01,Sochi Autodrom,Romain Grosjean,GRO,Haas F1 Team,11.484451126344512,12,0,0,0
2016,4,Russian Grand Prix,2016-05-01,Sochi Autodrom,Carlos Sainz,SAI,Toro Rosso,11.897903809799969,13,0,0,0
2016,4,Russian Grand Prix,2016-05-01,Sochi Autodrom,Sebastian Vettel,VET,Ferrari,12.322220937846575,14,0,0,0
2016,4,Russian Grand Prix,2016-05-01,Sochi Autodrom,Jolyon Palmer,PAL,Renault,14.698919200935627,15,0,0,0
2016,4,Russian Grand Prix,2016-05-01,Sochi Autodrom,Felipe Nasr,NAS,Sauber,14.918563605803216,16,0,0,0
2016,4,Russian Grand Prix,2016-05-01,Sochi Autodrom,Marcus Ericsson,ERI,Sauber,14.991411688946908,17,0,0,0
2016,4,Russian Grand Prix,2016-05-01,Sochi Autodrom,Max Verstappen,VER,Toro Rosso,15.292962244859428,18,0,0,0
2016,4,Russian Grand Prix,2016-05-01,Sochi Autodrom,Esteban Gutiérrez,GUT,Haas F1 Team,15.461741193645857,19,0,0,0
2016,4,Russian Grand Prix,2016-05-01,Sochi Autodrom,Nico Hülkenberg,HUL,Force India,15.465201817018444,20,0,0,0
2016,4,Russian Grand Prix,2016-05-01,Sochi Autodrom,Pascal Wehrlein,WEH,Manor Marussia,17.530811439834757,21,0,0,0
2016,4,Russian Grand Prix,2016-05-01,Sochi Autodrom,Rio Haryanto,HAR,Manor Marussia,19.02027601904389,22,0,0,0
2016,5,Spanish Grand Prix,2016-05-15,Circuit de Barcelona-Catalunya,Sebastian Vettel,VET,Ferrari,4.2652175262644985,1,25,0,25
2016,5,Spanish Grand Prix,2016-05-15,Circuit de Barcelona-Catalunya,Kimi Räikkönen,RAI,Ferrari,5.230963240237461,2,18,0,18
2016,5,Spanish Grand Prix,2016-05-15,Circuit de Barcelona-Catalunya,Daniel Ricciardo,RIC,Red Bull,5.33158870388055,3,15,0,15
2016,5,Spanish Grand Prix,2016-05-15,Circuit de Barcelona-Catalunya,Max Verstappen,VER,Red Bull,5.485981130899315,4,12,0,12
2016,5,Spanish Grand Prix,2016-05-15,Circuit de Barcelona-Catalunya,Valtteri Bottas,BOT,Williams,6.560148467616474,5,10,0,10
2016,5,Spanish Grand Prix,2016-05-15,Circuit de Barcelona-Catalunya,Felipe Massa,MAS,Williams,7.9566252698902415,6,8,0,8
2016,5,Spanish Grand Prix,2016-05-15,Circuit de Barcelona-Catalunya,Carlos Sainz,SAI,Toro Rosso,9.568734064693516,7,6,0,6
2016,5,Spanish Grand Prix,2016-05-15,Circuit de Barcelona-Catalunya,Nico Rosberg,ROS,Mercedes,9.663410996906276,8,4,0,4
2016,5,Spanish Grand Prix,2016-05-15,Circuit de Barcelona-Catalunya,Sergio Pérez,PER,Force India,10.061223328049918,9,2,0,2
2016,5,Spanish Grand Prix,2016-05-15,Circuit de Barcelona-Catalunya,Lewis Hamilton,HAM,Mercedes,10.361386377608175,10,1,0,1
2016,5,Spanish Grand Prix,2016-05-15,Circuit de Barcelona-Catalunya,Daniil Kvyat,KVY,Toro Rosso,11.676915869683905,11,0,0,0
2016,5,Spanish Grand Prix,2016-05-15,Circuit de Barcelona-Catalunya,Jenson Button,BUT,McLaren,12.239418732448849,12,0,0,0
2016,5,Spanish Grand Prix,2016-05-15,Circuit de Barcelona-Catalunya,Kevin Magnussen,MAG,Renault,13.379377093195217,13,0,0,0
2016,5,Spanish Grand Prix,2016-05-15,Circuit de Barcelona-Catalunya,Esteban Gutiérrez,GUT,Haas F1 Team,13.45569109569383,14,0,0,0
2016,5,Spanish Grand Prix,2016-05-15,Circuit de Barcelona-Catalunya,Marcus Ericsson,ERI,Sauber,13.50764900481314,15,0,0,0
2016,5,Spanish Grand Prix,2016-05-15,Circuit de Barcelona-Catalunya,Jolyon Palmer,PAL,Renault,13.746633917489532,16,0,0,0
2016,5,Spanish Grand Prix,2016-05-15,Circuit de Barcelona-Catalunya,Romain Grosjean,GRO,Haas F1 Team,15.098769880380178,17,0,0,0
2016,5,Spanish Grand Prix,2016-05-15,Circuit de Barcelona-Catalunya,Felipe Nasr,NAS,Sauber,15.186690085412884,18,0,0,0
2016,5,Spanish Grand Prix,2016-05-15,Circuit de Barcelona-Catalunya,Fernando Alonso,ALO,McLaren,15.28957243208059,19,0,0,0
2016,5,Spanish Grand Prix,2016-05-15,Circuit de Barcelona-Catalunya,Nico Hülkenberg,HUL,Force India,15.3976153142546,20,0,0,0
2016,5,Spanish Grand Prix,2016-05-15,Circuit de Barcelona-Catalunya,Pascal Wehrlein,WEH,Manor Marussia,17.006270125256236,21,0,0,0
2016,5,Spanish Grand Prix,2016-05-15,Circuit de Barcelona-Catalunya,Rio Haryanto,HAR,Manor Marussia,17.674228434299433,22,0,0,0
2016,6,Monaco Grand Prix,2016-05-29,Circuit de Monaco,Lewis Hamilton,HAM,Mercedes,3.2793505495263897,1,25,0,25
2016,6,Monaco Grand Prix,2016-05-29,Circuit de Monaco,Nico Rosberg,ROS,Mercedes,5.141583435090257,2,18,0,18
2016,6,Monaco Grand Prix,2016-05-29,Circuit de Monaco,Daniel Ricciardo,RIC,Red Bull,5.149796470428452,3,15,0,15
2016,6,Monaco Grand Prix,2016-05-29,Circuit de Monaco,Sebastian Vettel,VET,Ferrari,5.22955202674323,4,12,0,12
2016,6,Monaco Grand Prix,2016-05-29,Circuit de Monaco,Sergio Pérez,PER,Force India,7.555176212012913,5,10,0,10
2016,6,Monaco Grand Prix,2016-05-29,Circuit de Monaco,Nico Hülkenberg,HUL,Force India,9.361516805251576,6,8,0,8
2016,6,Monaco Grand Prix,2016-05-29,Circuit de Monaco,Fernando Alonso,ALO,McLaren,9.74405211337296,7,6,0,6
2016,6,Monaco Grand Prix,2016-05-29,Circuit de Monaco,Carlos Sainz,SAI,Toro Rosso,9.852654067734868,8,4,0,4
2016,6,Monaco Grand Prix,2016-05-29,Circuit de Monaco,Valtteri Bottas,BOT,Williams,10.87448520339376,9,2,0,2
2016,6,Monaco Grand Prix,2016-05-29,Circuit de Monaco,Jenson Button,BUT,McLaren,10.941303441880214,10,1,0,1
2016,6,Monaco Grand Prix,2016-05-29,Circuit de Monaco,Felipe Massa,MAS,Williams,11.077422901804518,11,0,0,0
2016,6,Monaco Grand Prix,2016-05-29,Circuit de Monaco,Max Verstappen,VER,Red Bull,11.756889315368069,12,0,0,0
2016,6,Monaco Grand Prix,2016-05-29,Circuit de Monaco,Romain Grosjean,GRO,Haas F1 Team,12.340185179881637,13,0,0,0
2016,6,Monaco Grand Prix,2016-05-29,Circuit de Monaco,Esteban Gutiérrez,GUT,Haas F1 Team,12.56444840859023,14,0,0,0
2016,6,Monaco Grand Prix,2016-05-29,Circuit de Monaco,Kimi Räikkönen,RAI,Ferrari,13.32391940320618,15,0,0,0
2016,6,Monaco Grand Prix,2016-05-29,Circuit de Monaco,Daniil Kvyat,KVY,Toro Rosso,14.382171843057025,16,0,0,0
2016,6,Monaco Grand Prix,2016-05-29,Circuit de Monaco,Marcus Ericsson,ERI,Sauber,15.418952836659235,17,0,0,0
2016,6,Monaco Grand Prix,2016-05-29,Circuit de Monaco,Felipe Nasr,NAS,Sauber,15.890893704050844,18,0,0,0
2016,6,Monaco Grand Prix,2016-05-29,Circuit de Monaco,Pascal Wehrlein,WEH,Manor Marussia,16.158472882071653,19,0,0,0
2016,6,Monaco Grand Prix,2016-05-29,Circuit de Monaco,Rio Haryanto,HAR,Manor Marussia,16.395757056924808,20,0,0,0
2016,6,Monaco Grand Prix,2016-05-29,Circuit de Monaco,Kevin Magnussen,MAG,Renault,16.504122321025108,21,0,0,0
2016,6,Monaco Grand Prix,2016-05-29,Circuit de Monaco,Jolyon Palmer,PAL,Renault,17.69366409976777,22,0,0,0
2016,7,Canadian Grand Prix,2016-06-12,Circuit Gilles Villeneuve,Lewis Hamilton,HAM,Mercedes,2.63745115302042,1,25,0,25
2016,7,Canadian Grand Prix,2016-06-12,Circuit Gilles Villeneuve,Sebastian Vettel,VET,Ferrari,3.8751426696256046,2,18,0,18
2016,7,Canadian Grand Prix,2016-06-12,Circuit Gilles Villeneuve,Nico Rosberg,ROS,Mercedes,4.732498986974118,3,15,0,15
2016,7,Canadian Grand Prix,2016-06-12,Circuit Gilles Villeneuve,Max Verstappen,VER,Red Bull,5.334801651858714,4,12,0,12
2016,7,Canadian Grand Prix,2016-06-12,Circuit Gilles Villeneuve,Valtteri Bottas,BOT,Williams,5.452710657988424,5,10,0,10
2016,7,Canadian Grand Prix,2016-06-12,Circuit Gilles Villeneuve,Kimi Räikkönen,RAI,Ferrari,6.099984564032765,6,8,0,8
2016,7,Canadian Grand Prix,2016-06-12,Circuit Gilles Villeneuve,Daniel Ricciardo,RIC,Red Bull,7.059279026442121,7,6,0,6
2016,7,Canadian Grand Prix,2016-06-12,Circuit Gilles Villeneuve,Nico Hülkenberg,HUL,Force India,9.103531638104135,8,4,0,4
2016,7,Canadian Grand Prix,2016-06-12,Circuit Gilles Villeneuve,Sergio Pérez,PER,Force India,10.33375358313774,9,2,0,2
2016,7,Canadian Grand Prix,2016-06-12,Circuit Gilles Villeneuve,Carlos Sainz,SAI,Toro Rosso,10.432275826877806,10,1,0,1
2016,7,Canadian Grand Prix,2016-06-12,Circuit Gilles Villeneuve,Fernando Alonso,ALO,McLaren,11.716048490503065,11,0,0,0
2016,7,Canadian Grand Prix,2016-06-12,Circuit Gilles Villeneuve,Daniil Kvyat,KVY,Toro Rosso,12.267428584356844,12,0,0,0
2016,7,Canadian Grand Prix,2016-06-12,Circuit Gilles Villeneuve,Romain Grosjean,GRO,Haas F1 Team,13.101529481534987,13,0,0,0
2016,7,Canadian Grand Prix,2016-06-12,Circuit Gilles Villeneuve,Esteban Gutiérrez,GUT,Haas F1 Team,13.845817235119917,14,0,0,0
2016,7,Canadian Grand Prix,2016-06-12,Circuit Gilles Villeneuve,Felipe Massa,MAS,Williams,14.1494565445719,15,0,0,0
2016,7,Canadian Grand Prix,2016-06-12,Circuit Gilles Villeneuve,Marcus Ericsson,ERI,Sauber,15.036624729528423,16,0,0,0
2016,7,Canadian Grand Prix,2016-06-12,Circuit Gilles Villeneuve,Kevin Magnussen,MAG,Renault,15.749329627980464,17,0,0,0
2016,7,Canadian Grand Prix,2016-06-12,Circuit Gilles Villeneuve,Felipe Nasr,NAS,Sauber,16.01460059766912,18,0,0,0
2016,7,Canadian Grand Prix,2016-06-12,Circuit Gilles Villeneuve,Jenson Button,BUT,McLaren,16.531026668419898,19,0,0,0
2016,7,Canadian Grand Prix,2016-06-12,Circuit Gilles Villeneuve,Pascal Wehrlein,WEH,Manor Marussia,17.360048973420653,20,0,0,0
2016,7,Canadian Grand Prix,2016-06-12,Circuit Gilles Villeneuve,Rio Haryanto,HAR,Manor Marussia,17.582172675976896,21,0,0,0
2016,7,Canadian Grand Prix,2016-06-12,Circuit Gilles Villeneuve,Jolyon Palmer,PAL,Renault,17.763114155012627,22,0,0,0
2016,8,European Grand Prix,2016-06-19,Baku City Circuit,Nico Rosberg,ROS,Mercedes,4.14595570326776,1,25,0,25
2016,8,European Grand Prix,2016-06-19,Baku City Circuit,Lewis Hamilton,HAM,Mercedes,4.279688714892847,2,18,0,18
2016,8,European Grand Prix,2016-06-19,Baku City Circuit,Sebastian Vettel,VET,Ferrari,4.741127877834333,3,15,0,15
2016,8,European Grand Prix,2016-06-19,Baku City Circuit,Sergio Pérez,PER,Force India,6.34288110142163,4,12,0,12
2016,8,European Grand Prix,2016-06-19,Baku City Circuit,Kimi Räikkönen,RAI,Ferrari,6.683274749747999,5,10,0,10
2016,8,European Grand Prix,2016-06-19,Baku City Circuit,Valtteri Bottas,BOT,Williams,7.113341346321009,6,8,0,8
2016,8,European Grand Prix,2016-06-19,Baku City Circuit,Daniel Ricciardo,RIC,Red Bull,7.361967756350498,7,6,0,6
2016,8,European Grand Prix,2016-06-19,Baku City Circuit,Max Verstappen,VER,Red Bull,8.536644972870187,8,4,0,4
2016,8,European Grand Prix,2016-06-19,Baku City Circuit,Nico Hülkenberg,HUL,Force India,10.02955704764398,9,2,0,2
2016,8,European Grand Prix,2016-06-19,Baku City Circuit,Felipe Massa,MAS,Williams,10.241228927647002,10,1,0,1
2016,8,European Grand Prix,2016-06-19,Baku City Circuit,Jenson Button,BUT,McLaren,11.426576321564417,11,0,0,0
2016,8,European Grand Prix,2016-06-19,Baku City Circuit,Romain Grosjean,GRO,Haas F1 Team,13.114640813236791,12,0,0,0
2016,8,European Grand Prix,2016-06-19,Baku City Circuit,Fernando Alonso,ALO,McLaren,13.783413703463768,13,0,0,0
2016,8,European Grand Prix,2016-06-19,Baku City Circuit,Esteban Gutiérrez,GUT,Haas F1 Team,13.929174170564158,14,0,0,0
2016,8,European Grand Prix,2016-06-19,Baku City Circuit,Kevin Magnussen,MAG,Renault,14.427251126082837,15,0,0,0
2016,8,European Grand Prix,2016-06-19,Baku City Circuit,Jolyon Palmer,PAL,Renault,14.78962488777936,16,0,0,0
2016,8,European Grand Prix,2016-06-19,Baku City Circuit,Carlos Sainz,SAI,Toro Rosso,14.895550614339951,17,0,0,0
2016,8,European Grand Prix,2016-06-19,Baku City Circuit,Felipe Nasr,NAS,Sauber,15.1723367511468,18,0,0,0
2016,8,European Grand Prix,2016-06-19,Baku City Circuit,Marcus Ericsson,ERI,Sauber,15.706150902801038,19,0,0,0
2016,8,European Grand Prix,2016-06-19,Baku City Circuit,Daniil Kvyat,KVY,Toro Rosso,16.405061478927802,20,0,0,0
2016,8,European Grand Prix,2016-06-19,Baku City Circuit,Rio Haryanto,HAR,Manor Marussia,17.63864070691769,21,0,0,0
2016,8,European Grand Prix,2016-06-19,Baku City Circuit,Pascal Wehrlein,WEH,Manor Marussia,17.713144520897526,22,0,0,0
2016,9,Austrian Grand Prix,2016-07-03,Red Bull Ring,Lewis Hamilton,HAM,Mercedes,3.0954116756886423,1,25,0,25
2016,9,Austrian Grand Prix,2016-07-03,Red Bull Ring,Kimi Räikkönen,RAI,Ferrari,4.835989675821435,2,18,0,18
2016,9,Austrian Grand Prix,2016-07-03,Red Bull Ring,Nico Rosberg,ROS,Mercedes,4.856079387693655,3,15,0,15
2016,9,Austrian Grand Prix,2016-07-03,Red Bull Ring,Max Verstappen,VER,Red Bull,5.939441302341534,4,12,0,12
2016,9,Austrian Grand Prix,2016-07-03,Red Bull Ring,Daniel Ricciardo,RIC,Red Bull,6.296421300707669,5,10,0,10
2016,9,Austrian Grand Prix,2016-07-03,Red Bull Ring,Valtteri Bottas,BOT,Williams,8.289638587604003,6,8,0,8
2016,9,Austrian Grand Prix,2016-07-03,Red Bull Ring,Carlos Sainz,SAI,Toro Rosso,9.679277667601356,7,6,0,6
2016,9,Austrian Grand Prix,2016-07-03,Red Bull Ring,Romain Grosjean,GRO,Haas F1 Team,10.267559873685917,8,4,0,4
2016,9,Austrian Grand Prix,2016-07-03,Red Bull Ring,Jenson Button,BUT,McLaren,10.527801456270987,9,2,0,2
2016,9,Austrian Grand Prix,2016-07-03,Red Bull Ring,Sebastian Vettel,VET,Ferrari,11.407453690470616,10,1,0,1
2016,9,Austrian Grand Prix,2016-07-03,Red Bull Ring,Sergio Pérez,PER,Force India,11.95110976038166,11,0,0,0
2016,9,Austrian Grand Prix,2016-07-03,Red Bull Ring,Felipe Massa,MAS,Williams,13.158908759670965,12,0,0,0
2016,9,Austrian Grand Prix,2016-07-03,Red Bull Ring,Esteban Gutiérrez,GUT,Haas F1 Team,13.222024556910746,13,0,0,0
2016,9,Austrian Grand Prix,2016-07-03,Red Bull Ring,Jolyon Palmer,PAL,Renault,13.603398185631736,14,0,0,0
2016,9,Austrian Grand Prix,2016-07-03,Red Bull Ring,Kevin Magnussen,MAG,Renault,13.966005365445152,15,0,0,0
2016,9,Austrian Grand Prix,2016-07-03,Red Bull Ring,Pascal Wehrlein,WEH,Manor Marussia,14.14282767647758,16,0,0,0
2016,9,Austrian Grand Prix,2016-07-03,Red Bull Ring,Nico Hülkenberg,HUL,Force India,14.28618012979092,17,0,0,0
2016,9,Austrian Grand Prix,2016-07-03,Red Bull Ring,Fernando Alonso,ALO,McLaren,14.394411397214752,18,0,0,0
2016,9,Austrian Grand Prix,2016-07-03,Red Bull Ring,Felipe Nasr,NAS,Sauber,15.093226917352345,19,0,0,0
2016,9,Austrian Grand Prix,2016-07-03,Red Bull Ring,Marcus Ericsson,ERI,Sauber,15.144271390686672,20,0,0,0
2016,9,Austrian Grand Prix,2016-07-03,Red Bull Ring,Daniil Kvyat,KVY,Toro Rosso,16.915994526199277,21,0,0,0
2016,9,Austrian Grand Prix,2016-07-03,Red Bull Ring,Rio Haryanto,HAR,Manor Marussia,17.04657420411644,22,0,0,0
2016,10,British Grand Prix,2016-07-10,Silverstone Circuit,Lewis Hamilton,HAM,Mercedes,2.4235553440129034,1,25,0,25
2016,10,British Grand Prix,2016-07-10,Silverstone Circuit,Nico Rosberg,ROS,Mercedes,4.103092698859466,2,18,0,18
2016,10,British Grand Prix,2016-07-10,Silverstone Circuit,Max Verstappen,VER,Red Bull,4.866377983823645,3,15,0,15
2016,10,British Grand Prix,2016-07-10,Silverstone Circuit,Daniel Ricciardo,RIC,Red Bull,5.33242820829336,4,12,0,12
2016,10,British Grand Prix,2016-07-10,Silverstone Circuit,Kimi Räikkönen,RAI,Ferrari,5.5600784485315735,5,10,0,10
2016,10,British Grand Prix,2016-07-10,Silverstone Circuit,Sebastian Vettel,VET,Ferrari,7.506831417643025,6,8,0,8
2016,10,British Grand Prix,2016-07-10,Silverstone Circuit,Nico Hülkenberg,HUL,Force India,7.786443335540818,7,6,0,6
2016,10,British Grand Prix,2016-07-10,Silverstone Circuit,Sergio Pérez,PER,Force India,7.802769460978125,8,4,0,4
2016,10,British Grand Prix,2016-07-10,Silverstone Circuit,Carlos Sainz,SAI,Toro Rosso,10.103192824890977,9,2,0,2
2016,10,British Grand Prix,2016-07-10,Silverstone Circuit,Daniil Kvyat,KVY,Toro Rosso,11.32173326070053,10,1,0,1
2016,10,British Grand Prix,2016-07-10,Silverstone Circuit,Felipe Massa,MAS,Williams,11.461742105981138,11,0,0,0
2016,10,British Grand Prix,2016-07-10,Silverstone Circuit,Valtteri Bottas,BOT,Williams,11.892616998157964,12,0,0,0
2016,10,British Grand Prix,2016-07-10,Silverstone Circuit,Fernando Alonso,ALO,McLaren,12.335360088193076,13,0,0,0
2016,10,British Grand Prix,2016-07-10,Silverstone Circuit,Jenson Button,BUT,McLaren,12.585922831556577,14,0,0,0
2016,10,British Grand Prix,2016-07-10,Silverstone Circuit,Esteban Gutiérrez,GUT,Haas F1 Team,13.852079691990037,15,0,0,0
2016,10,British Grand Prix,2016-07-10,Silverstone Circuit,Kevin Magnussen,MAG,Renault,14.78666309684125,16,0,0,0
2016,10,British Grand Prix,2016-07-10,Silverstone Circuit,Felipe Nasr,NAS,Sauber,15.535849288815337,17,0,0,0
2016,10,British Grand Prix,2016-07-10,Silverstone Circuit,Romain Grosjean,GRO,Haas F1 Team,15.85070660557723,18,0,0,0
2016,10,British Grand Prix,2016-07-10,Silverstone Circuit,Jolyon Palmer,PAL,Renault,16.495714666058653,19,0,0,0
2016,10,British Grand Prix,2016-07-10,Silverstone Circuit,Marcus Ericsson,ERI,Sauber,17.872248335939943,20,0,0,0
2016,10,British Grand Prix,2016-07-10,Silverstone Circuit,Rio Haryanto,HAR,Manor Marussia,18.26708557251485,21,0,0,0
2016,10,British Grand Prix,2016-07-10,Silverstone Circuit,Pascal Wehrlein,WEH,Manor Marussia,19.151515118906172,22,0,0,0
2016,11,Hungarian Grand Prix,2016-07-24,Hungaroring,Lewis Hamilton,HAM,Mercedes,2.5890645734027338,1,25,0,25
2016,11,Hungarian Grand Prix,2016-07-24,Hungaroring,Nico Rosberg,ROS,Mercedes,3.592654795117036,2,18,0,18
2016,11,Hungarian Grand Prix,2016-07-24,Hungaroring,Sebastian Vettel,VET,Ferrari,5.068673880222459,3,15,0,15
2016,11,Hungarian Grand Prix,2016-07-24,Hungaroring,Daniel Ricciardo,RIC,Red Bull,5.64678792854316,4,12,0,12
2016,11,Hungarian Grand Prix,2016-07-24,Hungaroring,Max Verstappen,VER,Red Bull,5.935375773801151,5,10,0,10
2016,11,Hungarian Grand Prix,2016-07-24,Hungaroring,Kimi Räikkönen,RAI,Ferrari,6.376465245910182,6,8,0,8
2016,11,Hungarian Grand Prix,2016-07-24,Hungaroring,Fernando Alonso,ALO,McLaren,9.189489084264192,7,6,0,6
2016,11,Hungarian Grand Prix,2016-07-24,Hungaroring,Sergio Pérez,PER,Force India,9.85053324259188,8,4,0,4
2016,11,Hungarian Grand Prix,2016-07-24,Hungaroring,Nico Hülkenberg,HUL,Force India,10.730493643650329,9,2,0,2
2016,11,Hungarian Grand Prix,2016-07-24,Hungaroring,Valtteri Bottas,BOT,Williams,10.799472375686182,10,1,0,1
2016,11,Hungarian Grand Prix,2016-07-24,Hungaroring,Carlos Sainz,SAI,Toro Rosso,10.91808469869742,11,0,0,0
2016,11,Hungarian Grand Prix,2016-07-24,Hungaroring,Romain Grosjean,GRO,Haas F1 Team,12.60487617589824,12,0,0,0
2016,11,Hungarian Grand Prix,2016-07-24,Hungaroring,Esteban Gutiérrez,GUT,Haas F1 Team,13.062560194478433,13,0,0,0
2016,11,Hungarian Grand Prix,2016-07-24,Hungaroring,Felipe Massa,MAS,Williams,14.890856678842614,14,0,0,0
2016,11,Hungarian Grand Prix,2016-07-24,Hungaroring,Kevin Magnussen,MAG,Renault,15.041170832432051,15,0,0,0
2016,11,Hungarian Grand Prix,2016-07-24,Hungaroring,Daniil Kvyat,KVY,Toro Rosso,15.05558802561459,16,0,0,0
2016,11,Hungarian Grand Prix,2016-07-24,Hungaroring,Jolyon Palmer,PAL,Renault,15.187414928284092,17,0,0,0
2016,11,Hungarian Grand Prix,2016-07-24,Hungaroring,Jenson Button,BUT,McLaren,15.409446983536611,18,0,0,0
2016,11,Hungarian Grand Prix,2016-07-24,Hungaroring,Felipe Nasr,NAS,Sauber,15.948371514575133,19,0,0,0
2016,11,Hungarian Grand Prix,2016-07-24,Hungaroring,Marcus Ericsson,ERI,Sauber,17.00555985517415,20,0,0,0
2016,11,Hungarian Grand Prix,2016-07-24,Hungaroring,Pascal Wehrlein,WEH,Manor Marussia,18.0658186612298,21,0,0,0
2016,11,Hungarian Grand Prix,2016-07-24,Hungaroring,Rio Haryanto,HAR,Manor Marussia,18.72987737793544,22,0,0,0
2016,12,German Grand Prix,2016-07-31,Hockenheimring,Lewis Hamilton,HAM,Mercedes,2.8696004201360905,1,25,0,25
2016,12,German Grand Prix,2016-07-31,Hockenheimring,Nico Rosberg,ROS,Mercedes,3.903203131195484,2,18,0,18
2016,12,German Grand Prix,2016-07-31,Hockenheimring,Daniel Ricciardo,RIC,Red Bull,4.002613255206722,3,15,0,15
2016,12,German Grand Prix,2016-07-31,Hockenheimring,Max Verstappen,VER,Red Bull,4.560528481698122,4,12,0,12
2016,12,German Grand Prix,2016-07-31,Hockenheimring,Sebastian Vettel,VET,Ferrari,5.735443347080871,5,10,0,10
2016,12,German Grand Prix,2016-07-31,Hockenheimring,Kimi Räikkönen,RAI,Ferrari,7.08756909327935,6,8,0,8
2016,12,German Grand Prix,2016-07-31,Hockenheimring,Valtteri Bottas,BOT,Williams,9.575818948913886,7,6,0,6
2016,12,German Grand Prix,2016-07-31,Hockenheimring,Nico Hülkenberg,HUL,Force India,10.0097548232061,8,4,0,4
2016,12,German Grand Prix,2016-07-31,Hockenheimring,Jenson Button,BUT,McLaren,10.573377513024518,9,2,0,2
2016,12,German Grand Prix,2016-07-31,Hockenheimring,Sergio Pérez,PER,Force India,10.643970535962865,10,1,0,1
2016,12,German Grand Prix,2016-07-31,Hockenheimring,Fernando Alonso,ALO,McLaren,10.765662154485108,11,0,0,0
2016,12,German Grand Prix,2016-07-31,Hockenheimring,Esteban Gutiérrez,GUT,Haas F1 Team,12.042415509061827,12,0,0,0
2016,12,German Grand Prix,2016-07-31,Hockenheimring,Carlos Sainz,SAI,Toro Rosso,12.356077907046652,13,0,0,0
2016,12,German Grand Prix,2016-07-31,Hockenheimring,Romain Grosjean,GRO,Haas F1 Team,13.073621878596905,14,0,0,0
2016,12,German Grand Prix,2016-07-31,Hockenheimring,Daniil Kvyat,KVY,Toro Rosso,14.460555192662213,15,0,0,0
2016,12,German Grand Prix,2016-07-31,Hockenheimring,Kevin Magnussen,MAG,Renault,15.790645610743764,16,0,0,0
2016,12,German Grand Prix,2016-07-31,Hockenheimring,Marcus Ericsson,ERI,Sauber,16.07684665214194,17,0,0,0
2016,12,German Grand Prix,2016-07-31,Hockenheimring,Jolyon Palmer,PAL,Renault,16.389130868894796,18,0,0,0
2016,12,German Grand Prix,2016-07-31,Hockenheimring,Felipe Massa,MAS,Williams,16.462596950692642,19,0,0,0
2016,12,German Grand Prix,2016-07-31,Hockenheimring,Felipe Nasr,NAS,Sauber,17.86624429479414,20,0,0,0
2016,12,German Grand Prix,2016-07-31,Hockenheimring,Pascal Wehrlein,WEH,Manor Marussia,17.90978006271222,21,0,0,0
2016,12,German Grand Prix,2016-07-31,Hockenheimring,Rio Haryanto,HAR,Manor Marussia,18.621680501134232,22,0,0,0
2016,13,Belgian Grand Prix,2016-08-28,Circuit de Spa-Francorchamps,Nico Rosberg,ROS,Mercedes,2.6414712943291074,1,25,0,25
2016,13,Belgian Grand Prix,2016-08-28,Circuit de Spa-Francorchamps,Lewis Hamilton,HAM,Mercedes,3.1487818155674163,2,18,0,18
2016,13,Belgian Grand Prix,2016-08-28,Circuit de Spa-Francorchamps,Daniel Ricciardo,RIC,Red Bull,4.332920117096596,3,15,0,15
2016,13,Belgian Grand Prix,2016-08-28,Circuit de Spa-Francorchamps,Sebastian Vettel,VET,Ferrari,6.089737821434764,4,12,0,12
2016,13,Belgian Grand Prix,2016-08-28,Circuit de Spa-Francorchamps,Sergio Pérez,PER,Force India,6.450839511251448,5,10,0,10
2016,13,Belgian Grand Prix,2016-08-28,Circuit de Spa-Francorchamps,Kimi Räikkönen,RAI,Ferrari,7.627494234115313,6,8,0,8
2016,13,Belgian Grand Prix,2016-08-28,Circuit de Spa-Francorchamps,Max Verstappen,VER,Red Bull,8.089046251161658,7,6,0,6
2016,13,Belgian Grand Prix,2016-08-28,Circuit de Spa-Francorchamps,Nico Hülkenberg,HUL,Force India,8.10796504785897,8,4,0,4
2016,13,Belgian Grand Prix,2016-08-28,Circuit de Spa-Francorchamps,Valtteri Bottas,BOT,Williams,9.194311595031657,9,2,0,2
2016,13,Belgian Grand Prix,2016-08-28,Circuit de Spa-Francorchamps,Fernando Alonso,ALO,McLaren,10.923309414554794,10,1,0,1
2016,13,Belgian Grand Prix,2016-08-28,Circuit de Spa-Francorchamps,Felipe Massa,MAS,Williams,11.818697032334716,11,0,0,0
2016,13,Belgian Grand Prix,2016-08-28,Circuit de Spa-Francorchamps,Esteban Gutiérrez,GUT,Haas F1 Team,12.4297820471531,12,0,0,0
2016,13,Belgian Grand Prix,2016-08-28,Circuit de Spa-Francorchamps,Romain Grosjean,GRO,Haas F1 Team,12.591818893513937,13,0,0,0
2016,13,Belgian Grand Prix,2016-08-28,Circuit de Spa-Francorchamps,Daniil Kvyat,KVY,Toro Rosso,13.83256632948838,14,0,0,0
2016,13,Belgian Grand Prix,2016-08-28,Circuit de Spa-Francorchamps,Carlos Sainz,SAI,Toro Rosso,15.444819756407922,15,0,0,0
2016,13,Belgian Grand Prix,2016-08-28,Circuit de Spa-Francorchamps,Jenson Button,BUT,McLaren,15.750269177268788,16,0,0,0
2016,13,Belgian Grand Prix,2016-08-28,Circuit de Spa-Francorchamps,Esteban Ocon,OCO,Manor Marussia,15.915737512637277,17,0,0,0
2016,13,Belgian Grand Prix,2016-08-28,Circuit de Spa-Francorchamps,Jolyon Palmer,PAL,Renault,16.37131385871471,18,0,0,0
2016,13,Belgian Grand Prix,2016-08-28,Circuit de Spa-Francorchamps,Marcus Ericsson,ERI,Sauber,16.866765329811184,19,0,0,0
2016,13,Belgian Grand Prix,2016-08-28,Circuit de Spa-Francorchamps,Felipe Nasr,NAS,Sauber,16.92005545438499,20,0,0,0
2016,13,Belgian Grand Prix,2016-08-28,Circuit de Spa-Francorchamps,Kevin Magnussen,MAG,Renault,16.977388371697693,21,0,0,0
2016,13,Belgian Grand Prix,2016-08-28,Circuit de Spa-Francorchamps,Pascal Wehrlein,WEH,Manor Marussia,18.989173755330167,22,0,0,0
2016,14,Italian Grand Prix,2016-09-04,Autodromo Nazionale di Monza,Nico Rosberg,ROS,Mercedes,2.9694905157383094,1,25,0,25
2016,14,Italian Grand Prix,2016-09-04,Autodromo Nazionale di Monza,Lewis Hamilton,HAM,Mercedes,3.3333293241547386,2,18,0,18
2016,14,Italian Grand Prix,2016-09-04,Autodromo Nazionale di Monza,Sebastian Vettel,VET,Ferrari,5.222988939026289,3,15,0,15
2016,14,Italian Grand Prix,2016-09-04,Autodromo Nazionale di Monza,Kimi Räikkönen,RAI,Ferrari,5.406450218392831,4,12,0,12
2016,14,Italian Grand Prix,2016-09-04,Autodromo Nazionale di Monza,Daniel Ricciardo,RIC,Red Bull,5.698170057710146,5,10,0,10
2016,14,Italian Grand Prix,2016-09-04,Autodromo Nazionale di Monza,Max Verstappen,VER,Red Bull,7.091367112762928,6,8,0,8
2016,14,Italian Grand Prix,2016-09-04,Autodromo Nazionale di Monza,Sergio Pérez,PER,Force India,7.870908156990125,7,6,0,6
2016,14,Italian Grand Prix,2016-09-04,Autodromo Nazionale di Monza,Valtteri Bottas,BOT,Williams,8.040668285164589,8,4,0,4
2016,14,Italian Grand Prix,2016-09-04,Autodromo Nazionale di Monza,Nico Hülkenberg,HUL,Force India,9.781426526307373,9,2,0,2
2016,14,Italian Grand Prix,2016-09-04,Autodromo Nazionale di Monza,Felipe Massa,MAS,Williams,10.988426860141953,10,1,0,1
2016,14,Italian Grand Prix,2016-09-04,Autodromo Nazionale di Monza,Romain Grosjean,GRO,Haas F1 Team,11.341085115378322,11,0,0,0
2016,14,Italian Grand Prix,2016-09-04,Autodromo Nazionale di Monza,Jenson Button,BUT,McLaren,12.670757716147737,12,0,0,0
2016,14,Italian Grand Prix,2016-09-04,Autodromo Nazionale di Monza,Esteban Gutiérrez,GUT,Haas F1 Team,13.012784856215474,13,0,0,0
2016,14,Italian Grand Prix,2016-09-04,Autodromo Nazionale di Monza,Fernando Alonso,ALO,McLaren,13.308986418060757,14,0,0,0
2016,14,Italian Grand Prix,2016-09-04,Autodromo Nazionale di Monza,Carlos Sainz,SAI,Toro Rosso,14.10084785891564,15,0,0,0
2016,14,Italian Grand Prix,2016-09-04,Autodromo Nazionale di Monza,Daniil Kvyat,KVY,Toro Rosso,16.275416983834077,16,0,0,0
2016,14,Italian Grand Prix,2016-09-04,Autodromo Nazionale di Monza,Marcus Ericsson,ERI,Sauber,16.709569880036685,17,0,0,0
2016,14,Italian Grand Prix,2016-09-04,Autodromo Nazionale di Monza,Esteban Ocon,OCO,Manor Marussia,17.02320019339197,18,0,0,0
2016,14,Italian Grand Prix,2016-09-04,Autodromo Nazionale di Monza,Kevin Magnussen,MAG,Renault,17.083269368628574,19,0,0,0
2016,14,Italian Grand Prix,2016-09-04,Autodromo Nazionale di Monza,Jolyon Palmer,PAL,Renault,17.81154185035393,20,0,0,0
2016,14,Italian Grand Prix,2016-09-04,Autodromo Nazionale di Monza,Felipe Nasr,NAS,Sauber,18.624219865693032,21,0,0,0
2016,14,Italian Grand Prix,2016-09-04,Autodromo Nazionale di Monza,Pascal Wehrlein,WEH,Manor Marussia,18.641504193017315,22,0,0,0
2016,15,Singapore Grand Prix,2016-09-18,Marina Bay Street Circuit,Nico Rosberg,ROS,Mercedes,3.28892963233091,1,25,0,25
2016,15,Singapore Grand Prix,2016-09-18,Marina Bay Street Circuit,Lewis Hamilton,HAM,Mercedes,3.4749334371914062,2,18,0,18
2016,15,Singapore Grand Prix,2016-09-18,Marina Bay Street Circuit,Daniel Ricciardo,RIC,Red Bull,4.530633921478627,3,15,0,15
2016,15,Singapore Grand Prix,2016-09-18,Marina Bay Street Circuit,Kimi Räikkönen,RAI,Ferrari,5.036998834647196,4,12,0,12
2016,15,Singapore Grand Prix,2016-09-18,Marina Bay Street Circuit,Max Verstappen,VER,Red Bull,5.343261635247819,5,10,0,10
2016,15,Singapore Grand Prix,2016-09-18,Marina Bay Street Circuit,Sebastian Vettel,VET,Ferrari,5.623775030999277,6,8,0,8
2016,15,Singapore Grand Prix,2016-09-18,Marina Bay Street Circuit,Fernando Alonso,ALO,McLaren,9.886097406656807,7,6,0,6
2016,15,Singapore Grand Prix,2016-09-18,Marina Bay Street Circuit,Sergio Pérez,PER,Force India,10.598454042388385,8,4,0,4
2016,15,Singapore Grand Prix,2016-09-18,Marina Bay Street Circuit,Daniil Kvyat,KVY,Toro Rosso,11.127427428722797,9,2,0,2
2016,15,Singapore Grand Prix,2016-09-18,Marina Bay Street Circuit,Felipe Massa,MAS,Williams,11.52032382339341,10,1,0,1
2016,15,Singapore Grand Prix,2016-09-18,Marina Bay Street Circuit,Esteban Gutiérrez,GUT,Haas F1 Team,12.504003120850184,11,0,0,0
2016,15,Singapore Grand Prix,2016-09-18,Marina Bay Street Circuit,Carlos Sainz,SAI,Toro Rosso,12.617783335225973,12,0,0,0
2016,15,Singapore Grand Prix,2016-09-18,Marina Bay Street Circuit,Kevin Magnussen,MAG,Renault,13.4380354656046,13,0,0,0
2016,15,Singapore Grand Prix,2016-09-18,Marina Bay Street Circuit,Felipe Nasr,NAS,Sauber,14.555958033925563,14,0,0,0
2016,15,Singapore Grand Prix,2016-09-18,Marina Bay Street Circuit,Jolyon Palmer,PAL,Renault,14.871736998307806,15,0,0,0
2016,15,Singapore Grand Prix,2016-09-18,Marina Bay Street Circuit,Nico Hülkenberg,HUL,Force India,15.088981358857428,16,0,0,0
2016,15,Singapore Grand Prix,2016-09-18,Marina Bay Street Circuit,Jenson Button,BUT,McLaren,15.625454345898529,17,0,0,0
2016,15,Singapore Grand Prix,2016-09-18,Marina Bay Street Circuit,Valtteri Bottas,BOT,Williams,15.904516179778923,18,0,0,0
2016,15,Singapore Grand Prix,2016-09-18,Marina Bay Street Circuit,Pascal Wehrlein,WEH,Manor Marussia,15.93843703738248,19,0,0,0
2016,15,Singapore Grand Prix,2016-09-18,Marina Bay Street Circuit,Marcus Ericsson,ERI,Sauber,16.02966752666551,20,0,0,0
2016,15,Singapore Grand Prix,2016-09-18,Marina Bay Street Circuit,Esteban Ocon,OCO,Manor Marussia,17.53319744460715,21,0,0,0
2016,15,Singapore Grand Prix,2016-09-18,Marina Bay Street Circuit,Romain Grosjean,GRO,Haas F1 Team,17.87737918665708,22,0,0,0
2016,16,Malaysian Grand Prix,2016-10-02,Sepang International Circuit,Nico Rosberg,ROS,Mercedes,2.581022029233761,1,25,0,25
2016,16,Malaysian Grand Prix,2016-10-02,Sepang International Circuit,Daniel Ricciardo,RIC,Red Bull,3.528794985548399,2,18,0,18
2016,16,Malaysian Grand Prix,2016-10-02,Sepang International Circuit,Max Verstappen,VER,Red Bull,4.888984605192307,3,15,0,15
2016,16,Malaysian Grand Prix,2016-10-02,Sepang International Circuit,Kimi Räikkönen,RAI,Ferrari,6.009942860733612,4,12,0,12
2016,16,Malaysian Grand Prix,2016-10-02,Sepang International Circuit,Fernando Alonso,ALO,McLaren,8.281258703255107,5,10,0,10
2016,16,Malaysian Grand Prix,2016-10-02,Sepang International Circuit,Sergio Pérez,PER,Force India,8.326449426472216,6,8,0,8
2016,16,Malaysian Grand Prix,2016-10-02,Sepang International Circuit,Lewis Hamilton,HAM,Mercedes,9.003952215541437,7,6,0,6
2016,16,Malaysian Grand Prix,2016-10-02,Sepang International Circuit,Valtteri Bottas,BOT,Williams,9.190291976441662,8,4,0,4
2016,16,Malaysian Grand Prix,2016-10-02,Sepang International Circuit,Nico Hülkenberg,HUL,Force India,9.311216908404736,9,2,0,2
2016,16,Malaysian Grand Prix,2016-10-02,Sepang International Circuit,Jenson Button,BUT,McLaren,11.148214949887766,10,1,0,1
2016,16,Malaysian Grand Prix,2016-10-02,Sepang International Circuit,Sebastian Vettel,VET,Ferrari,11.67661378191907,11,0,0,0
2016,16,Malaysian Grand Prix,2016-10-02,Sepang International Circuit,Carlos Sainz,SAI,Toro Rosso,12.698248208363257,12,0,0,0
2016,16,Malaysian Grand Prix,2016-10-02,Sepang International Circuit,Felipe Massa,MAS,Williams,12.832061465731664,13,0,0,0
2016,16,Malaysian Grand Prix,2016-10-02,Sepang International Circuit,Daniil Kvyat,KVY,Toro Rosso,13.600812307043524,14,0,0,0
2016,16,Malaysian Grand Prix,2016-10-02,Sepang International Circuit,Jolyon Palmer,PAL,Renault,14.176855561615598,15,0,0,0
2016,16,Malaysian Grand Prix,2016-10-02,Sepang International Circuit,Marcus Ericsson,ERI,Sauber,14.302693273125774,16,0,0,0
2016,16,Malaysian Grand Prix,2016-10-02,Sepang International Circuit,Felipe Nasr,NAS,Sauber,15.73341797370155,17,0,0,0
2016,16,Malaysian Grand Prix,2016-10-02,Sepang International Circuit,Esteban Gutiérrez,GUT,Haas F1 Team,16.175801599760447,18,0,0,0
2016,16,Malaysian Grand Prix,2016-10-02,Sepang International Circuit,Romain Grosjean,GRO,Haas F1 Team,16.880501873281702,19,0,0,0
2016,16,Malaysian Grand Prix,2016-10-02,Sepang International Circuit,Pascal Wehrlein,WEH,Manor Marussia,16.946531699071706,20,0,0,0
2016,16,Malaysian Grand Prix,2016-10-02,Sepang International Circuit,Esteban Ocon,OCO,Manor Marussia,16.99558623995021,21,0,0,0
2016,16,Malaysian Grand Prix,2016-10-02,Sepang International Circuit,Kevin Magnussen,MAG,Renault,17.166807344251282,22,0,0,0
2016,17,Japanese Grand Prix,2016-10-09,Suzuka Circuit,Nico Rosberg,ROS,Mercedes,2.207698929724319,1,25,0,25
2016,17,Japanese Grand Prix,2016-10-09,Suzuka Circuit,Lewis Hamilton,HAM,Mercedes,3.061705101246768,2,18,0,18
2016,17,Japanese Grand Prix,2016-10-09,Suzuka Circuit,Max Verstappen,VER,Red Bull,4.723435758475826,3,15,0,15
2016,17,Japanese Grand Prix,2016-10-09,Suzuka Circuit,Sebastian Vettel,VET,Ferrari,4.899710461793075,4,12,0,12
2016,17,Japanese Grand Prix,2016-10-09,Suzuka Circuit,Daniel Ricciardo,RIC,Red Bull,5.1879242214169565,5,10,0,10
2016,17,Japanese Grand Prix,2016-10-09,Suzuka Circuit,Kimi Räikkönen,RAI,Ferrari,5.931957399100849,6,8,0,8
2016,17,Japanese Grand Prix,2016-10-09,Suzuka Circuit,Sergio Pérez,PER,Force India,7.859087527708093,7,6,0,6
2016,17,Japanese Grand Prix,2016-10-09,Suzuka Circuit,Nico Hülkenberg,HUL,Force India,8.595524109030316,8,4,0,4
2016,17,Japanese Grand Prix,2016-10-09,Suzuka Circuit,Valtteri Bottas,BOT,Williams,10.117526872331515,9,2,0,2
2016,17,Japanese Grand Prix,2016-10-09,Suzuka Circuit,Felipe Massa,MAS,Williams,11.376816547168264,10,1,0,1
2016,17,Japanese Grand Prix,2016-10-09,Suzuka Circuit,Fernando Alonso,ALO,McLaren,12.865299009768435,11,0,0,0
2016,17,Japanese Grand Prix,2016-10-09,Suzuka Circuit,Romain Grosjean,GRO,Haas F1 Team,13.319803268958816,12,0,0,0
2016,17,Japanese Grand Prix,2016-10-09,Suzuka Circuit,Daniil Kvyat,KVY,Toro Rosso,13.490228424461517,13,0,0,0
2016,17,Japanese Grand Prix,2016-10-09,Suzuka Circuit,Kevin Magnussen,MAG,Renault,14.64997266976429,14,0,0,0
2016,17,Japanese Grand Prix,2016-10-09,Suzuka Circuit,Carlos Sainz,SAI,Toro Rosso,14.79347927621794,15,0,0,0
2016,17,Japanese Grand Prix,2016-10-09,Suzuka Circuit,Jenson Button,BUT,McLaren,14.824184316147935,16,0,0,0
2016,17,Japanese Grand Prix,2016-10-09,Suzuka Circuit,Jolyon Palmer,PAL,Renault,15.162684371540855,17,0,0,0
2016,17,Japanese Grand Prix,2016-10-09,Suzuka Circuit,Marcus Ericsson,ERI,Sauber,15.568699760952596,18,0,0,0
2016,17,Japanese Grand Prix,2016-10-09,Suzuka Circuit,Felipe Nasr,NAS,Sauber,16.808992821099757,19,0,0,0
2016,17,Japanese Grand Prix,2016-10-09,Suzuka Circuit,Esteban Gutiérrez,GUT,Haas F1 Team,17.699169774486645,20,0,0,0
2016,17,Japanese Grand Prix,2016-10-09,Suzuka Circuit,Esteban Ocon,OCO,Manor Marussia,18.619845871328973,21,0,0,0
2016,17,Japanese Grand Prix,2016-10-09,Suzuka Circuit,Pascal Wehrlein,WEH,Manor Marussia,19.335183940147434,22,0,0,0
2016,18,United States Grand Prix,2016-10-23,Circuit of the Americas,Lewis Hamilton,HAM,Mercedes,2.8056507205875105,1,25,0,25
2016,18,United States Grand Prix,2016-10-23,Circuit of the Americas,Nico Rosberg,ROS,Mercedes,3.153175370287426,2,18,0,18
2016,18,United States Grand Prix,2016-10-23,Circuit of the Americas,Daniel Ricciardo,RIC,Red Bull,4.806140006263126,3,15,0,15
2016,18,United States Grand Prix,2016-10-23,Circuit of the Americas,Sebastian Vettel,VET,Ferrari,6.095331538824532,4,12,0,12
2016,18,United States Grand Prix,2016-10-23,Circuit of the Americas,Sergio Pérez,PER,Force India,8.500069178778539,5,10,0,10
2016,18,United States Grand Prix,2016-10-23,Circuit of the Americas,Fernando Alonso,ALO,McLaren,9.45711187409742,6,8,0,8
2016,18,United States Grand Prix,2016-10-23,Circuit of the Americas,Carlos Sainz,SAI,Toro Rosso,9.990518169704355,7,6,0,6
2016,18,United States Grand Prix,2016-10-23,Circuit of the Americas,Felipe Massa,MAS,Williams,10.446898025372676,8,4,0,4
2016,18,United States Grand Prix,2016-10-23,Circuit of the Americas,Max Verstappen,VER,Red Bull,11.329572205266247,9,2,0,2
2016,18,United States Grand Prix,2016-10-23,Circuit of the Americas,Kimi Räikkönen,RAI,Ferrari,11.426839443860477,10,1,0,1
2016,18,United States Grand Prix,2016-10-23,Circuit of the Americas,Jenson Button,BUT,McLaren,11.746049466789469,11,0,0,0
2016,18,United States Grand Prix,2016-10-23,Circuit of the Americas,Valtteri Bottas,BOT,Williams,12.279976222393993,12,0,0,0
2016,18,United States Grand Prix,2016-10-23,Circuit of the Americas,Daniil Kvyat,KVY,Toro Rosso,12.37930066453744,13,0,0,0
2016,18,United States Grand Prix,2016-10-23,Circuit of the Americas,Romain Grosjean,GRO,Haas F1 Team,12.7267086641729,14,0,0,0
2016,18,United States Grand Prix,2016-10-23,Circuit of the Americas,Kevin Magnussen,MAG,Renault,13.759490385498886,15,0,0,0
2016,18,United States Grand Prix,2016-10-23,Circuit of the Americas,Nico Hülkenberg,HUL,Force India,13.779914499296886,16,0,0,0
2016,18,United States Grand Prix,2016-10-23,Circuit of the Americas,Felipe Nasr,NAS,Sauber,14.251292743041962,17,0,0,0
2016,18,United States Grand Prix,2016-10-23,Circuit of the Americas,Marcus Ericsson,ERI,Sauber,14.307709256246344,18,0,0,0
2016,18,United States Grand Prix,2016-10-23,Circuit of the Americas,Jolyon Palmer,PAL,Renault,14.44037814433977,19,0,0,0
2016,18,United States Grand Prix,2016-10-23,Circuit of the Americas,Pascal Wehrlein,WEH,Manor Marussia,16.371803352106287,20,0,0,0
2016,18,United States Grand Prix,2016-10-23,Circuit of the Americas,Esteban Gutiérrez,GUT,Haas F1 Team,16.997327260784616,21,0,0,0
2016,18,United States Grand Prix,2016-10-23,Circuit of the Americas,Esteban Ocon,OCO,Manor Marussia,17.887617172586413,22,0,0,0
2016,19,Mexican Grand Prix,2016-10-30,Autódromo Hermanos Rodríguez,Lewis Hamilton,HAM,Mercedes,2.0638077475894936,1,25,0,25
2016,19,Mexican Grand Prix,2016-10-30,Autódromo Hermanos Rodríguez,Nico Rosberg,ROS,Mercedes,3.2528810165166284,2,18,0,18
2016,19,Mexican Grand Prix,2016-10-30,Autódromo Hermanos Rodríguez,Daniel Ricciardo,RIC,Red Bull,4.863545009779479,3,15,0,15
2016,19,Mexican Grand Prix,2016-10-30,Autódromo Hermanos Rodríguez,Sebastian Vettel,VET,Ferrari,6.188941259917581,4,12,0,12
2016,19,Mexican Grand Prix,2016-10-30,Autódromo Hermanos Rodríguez,Max Verstappen,VER,Red Bull,6.362561106912806,5,10,0,10
2016,19,Mexican Grand Prix,2016-10-30,Autódromo Hermanos Rodríguez,Kimi Räikkönen,RAI,Ferrari,7.527481737201876,6,8,0,8
2016,19,Mexican Grand Prix,2016-10-30,Autódromo Hermanos Rodríguez,Nico Hülkenberg,HUL,Force India,7.850497886660288,7,6,0,6
2016,19,Mexican Grand Prix,2016-10-30,Autódromo Hermanos Rodríguez,Sergio Pérez,PER,Force India,8.811452065104243,8,4,0,4
2016,19,Mexican Grand Prix,2016-10-30,Autódromo Hermanos Rodríguez,Valtteri Bottas,BOT,Williams,8.955406683900364,9,2,0,2
2016,19,Mexican Grand Prix,2016-10-30,Autódromo Hermanos Rodríguez,Felipe Massa,MAS,Williams,10.207758478961804,10,1,0,1
2016,19,Mexican Grand Prix,2016-10-30,Autódromo Hermanos Rodríguez,Jenson Button,BUT,McLaren,12.741322589985232,11,0,0,0
2016,19,Mexican Grand Prix,2016-10-30,Autódromo Hermanos Rodríguez,Fernando Alonso,ALO,McLaren,13.016613405266776,12,0,0,0
2016,19,Mexican Grand Prix,2016-10-30,Autódromo Hermanos Rodríguez,Marcus Ericsson,ERI,Sauber,13.65860093250394,13,0,0,0
2016,19,Mexican Grand Prix,2016-10-30,Autódromo Hermanos Rodríguez,Carlos Sainz,SAI,Toro Rosso,14.37798669389774,14,0,0,0
2016,19,Mexican Grand Prix,2016-10-30,Autódromo Hermanos Rodríguez,Daniil Kvyat,KVY,Toro Rosso,14.4659476750766,15,0,0,0
2016,19,Mexican Grand Prix,2016-10-30,Autódromo Hermanos Rodríguez,Jolyon Palmer,PAL,Renault,15.094862223109406,16,0,0,0
2016,19,Mexican Grand Prix,2016-10-30,Autódromo Hermanos Rodríguez,Felipe Nasr,NAS,Sauber,15.117469527487456,17,0,0,0
2016,19,Mexican Grand Prix,2016-10-30,Autódromo Hermanos Rodríguez,Kevin Magnussen,MAG,Renault,15.8868901366836,18,0,0,0
2016,19,Mexican Grand Prix,2016-10-30,Autódromo Hermanos Rodríguez,Romain Grosjean,GRO,Haas F1 Team,16.757173959641417,19,0,0,0
2016,19,Mexican Grand Prix,2016-10-30,Autódromo Hermanos Rodríguez,Esteban Gutiérrez,GUT,Haas F1 Team,17.375747427462553,20,0,0,0
2016,19,Mexican Grand Prix,2016-10-30,Autódromo Hermanos Rodríguez,Esteban Ocon,OCO,Manor Marussia,18.613193424000123,21,0,0,0
2016,19,Mexican Grand Prix,2016-10-30,Autódromo Hermanos Rodríguez,Pascal Wehrlein,WEH,Manor Marussia,19.12211796825742,22,0,0,0
2016,20,Brazilian Grand Prix,2016-11-13,Autódromo José Carlos Pace,Lewis Hamilton,HAM,Mercedes,2.268477328449596,1,25,0,25
2016,20,Brazilian Grand Prix,2016-11-13,Autódromo José Carlos Pace,Nico Rosberg,ROS,Mercedes,3.406208630459742,2,18,0,18
2016,20,Brazilian Grand Prix,2016-11-13,Autódromo José Carlos Pace,Max Verstappen,VER,Red Bull,4.898465638079979,3,15,0,15
2016,20,Brazilian Grand Prix,2016-11-13,Autódromo José Carlos Pace,Sergio Pérez,PER,Force India,6.349695454939589,4,12,0,12
2016,20,Brazilian Grand Prix,2016-11-13,Autódromo José Carlos Pace,Daniel Ricciardo,RIC,Red Bull,6.6282836536603975,5,10,0,10
2016,20,Brazilian Grand Prix,2016-11-13,Autódromo José Carlos Pace,Sebastian Vettel,VET,Ferrari,7.835492886830512,6,8,0,8
2016,20,Brazilian Grand Prix,2016-11-13,Autódromo José Carlos Pace,Nico Hülkenberg,HUL,Force India,8.261922607720912,7,6,0,6
2016,20,Brazilian Grand Prix,2016-11-13,Autódromo José Carlos Pace,Carlos Sainz,SAI,Toro Rosso,9.620518507807976,8,4,0,4
2016,20,Brazilian Grand Prix,2016-11-13,Autódromo José Carlos Pace,Valtteri Bottas,BOT,Williams,9.949081774595816,9,2,0,2
2016,20,Brazilian Grand Prix,2016-11-13,Autódromo José Carlos Pace,Fernando Alonso,ALO,McLaren,11.291125505932117,10,1,0,1
2016,20,Brazilian Grand Prix,2016-11-13,Autódromo José Carlos Pace,Daniil Kvyat,KVY,Toro Rosso,12.517900123743036,11,0,0,0
2016,20,Brazilian Grand Prix,2016-11-13,Autódromo José Carlos Pace,Felipe Nasr,NAS,Sauber,13.177755025303645,12,0,0,0
2016,20,Brazilian Grand Prix,2016-11-13,Autódromo José Carlos Pace,Kimi Räikkönen,RAI,Ferrari,13.183529384069097,13,0,0,0
2016,20,Brazilian Grand Prix,2016-11-13,Autódromo José Carlos Pace,Kevin Magnussen,MAG,Renault,13.793865382532404,14,0,0,0
2016,20,Brazilian Grand Prix,2016-11-13,Autódromo José Carlos Pace,Felipe Massa,MAS,Williams,14.099289158540888,15,0,0,0
2016,20,Brazilian Grand Prix,2016-11-13,Autódromo José Carlos Pace,Jenson Button,BUT,McLaren,14.326794960902951,16,0,0,0
2016,20,Brazilian Grand Prix,2016-11-13,Autódromo José Carlos Pace,Esteban Ocon,OCO,Manor Marussia,14.812559800812329,17,0,0,0
2016,20,Brazilian Grand Prix,2016-11-13,Autódromo José Carlos Pace,Esteban Gutiérrez,GUT,Haas F1 Team,15.664934110104282,18,0,0,0
2016,20,Brazilian Grand Prix,2016-11-13,Autódromo José Carlos Pace,Pascal Wehrlein,WEH,Manor Marussia,15.894582774386222,19,0,0,0
2016,20,Brazilian Grand Prix,2016-11-13,Autódromo José Carlos Pace,Jolyon Palmer,PAL,Renault,16.50225958595255,20,0,0,0
2016,20,Brazilian Grand Prix,2016-11-13,Autódromo José Carlos Pace,Marcus Ericsson,ERI,Sauber,16.979973131978223,21,0,0,0
2016,20,Brazilian Grand Prix,2016-11-13,Autódromo José Carlos Pace,Romain Grosjean,GRO,Haas F1 Team,17.878325385996742,22,0,0,0
2016,21,Abu Dhabi Grand Prix,2016-11-27,Yas Marina Circuit,Lewis Hamilton,HAM,Mercedes,2.0454568910317144,1,25,0,25
2016,21,Abu Dhabi Grand Prix,2016-11-27,Yas Marina Circuit,Nico Rosberg,ROS,Mercedes,3.321335621726265,2,18,0,18
2016,21,Abu Dhabi Grand Prix,2016-11-27,Yas Marina Circuit,Sebastian Vettel,VET,Ferrari,4.950172324357951,3,15,0,15
2016,21,Abu Dhabi Grand Prix,2016-11-27,Yas Marina Circuit,Max Verstappen,VER,Red Bull,5.420807590996662,4,12,0,12
2016,21,Abu Dhabi Grand Prix,2016-11-27,Yas Marina Circuit,Daniel Ricciardo,RIC,Red Bull,5.784025699544396,5,10,0,10
2016,21,Abu Dhabi Grand Prix,2016-11-27,Yas Marina Circuit,Kimi Räikkönen,RAI,Ferrari,6.638321783799907,6,8,0,8
2016,21,Abu Dhabi Grand Prix,2016-11-27,Yas Marina Circuit,Sergio Pérez,PER,Force India,7.835069723205371,7,6,0,6
2016,21,Abu Dhabi Grand Prix,2016-11-27,Yas Marina Circuit,Nico Hülkenberg,HUL,Force India,8.653745302859017,8,4,0,4
2016,21,Abu Dhabi Grand Prix,2016-11-27,Yas Marina Circuit,Felipe Massa,MAS,Williams,10.048417462745538,9,2,0,2
2016,21,Abu Dhabi Grand Prix,2016-11-27,Yas Marina Circuit,Fernando Alonso,ALO,McLaren,11.401667424792343,10,1,0,1
2016,21,Abu Dhabi Grand Prix,2016-11-27,Yas Marina Circuit,Romain Grosjean,GRO,Haas F1 Team,13.16297228915804,11,0,0,0
2016,21,Abu Dhabi Grand Prix,2016-11-27,Yas Marina Circuit,Esteban Gutiérrez,GUT,Haas F1 Team,13.748325364986473,12,0,0,0
2016,21,Abu Dhabi Grand Prix,2016-11-27,Yas Marina Circuit,Carlos Sainz,SAI,Toro Rosso,13.815587407862177,13,0,0,0
2016,21,Abu Dhabi Grand Prix,2016-11-27,Yas Marina Circuit,Esteban Ocon,OCO,Manor Marussia,14.291433201219313,14,0,0,0
2016,21,Abu Dhabi Grand Prix,2016-11-27,Yas Marina Circuit,Marcus Ericsson,ERI,Sauber,14.659974479828191,15,0,0,0
2016,21,Abu Dhabi Grand Prix,2016-11-27,Yas Marina Circuit,Felipe Nasr,NAS,Sauber,15.10374778318514,16,0,0,0
2016,21,Abu Dhabi Grand Prix,2016-11-27,Yas Marina Circuit,Valtteri Bottas,BOT,Williams,15.729336783265856,17,0,0,0
2016,21,Abu Dhabi Grand Prix,2016-11-27,Yas Marina Circuit,Pascal Wehrlein,WEH,Manor Marussia,15.938775963252873,18,0,0,0
2016,21,Abu Dhabi Grand Prix,2016-11-27,Yas Marina Circuit,Daniil Kvyat,KVY,Toro Rosso,16.361861246375753,19,0,0,0
2016,21,Abu Dhabi Grand Prix,2016-11-27,Yas Marina Circuit,Jolyon Palmer,PAL,Renault,16.43442404546618,20,0,0,0
2016,21,Abu Dhabi Grand Prix,2016-11-27,Yas Marina Circuit,Jenson Button,BUT,McLaren,16.86218377305652,21,0,0,0
2016,21,Abu Dhabi Grand Prix,2016-11-27,Yas Marina Circuit,Kevin Magnussen,MAG,Renault,17.9355840735402,22,0,0,0
2017,1,Australian Grand Prix,2017-03-26,Albert Park Grand Prix Circuit,Lewis Hamilton,HAM,Mercedes,2.4755629981056115,1,25,0,25
2017,1,Australian Grand Prix,2017-03-26,Albert Park Grand Prix Circuit,Sebastian Vettel,VET,Ferrari,3.8367158111273794,2,18,0,18
2017,1,Australian Grand Prix,2017-03-26,Albert Park Grand Prix Circuit,Valtteri Bottas,BOT,Mercedes,5.185838744539414,3,15,0,15
2017,1,Australian Grand Prix,2017-03-26,Albert Park Grand Prix Circuit,Kimi Räikkönen,RAI,Ferrari,5.403832458116073,4,12,0,12
2017,1,Australian Grand Prix,2017-03-26,Albert Park Grand Prix Circuit,Max Verstappen,VER,Red Bull,6.872719056707184,5,10,0,10
2017,1,Australian Grand Prix,2017-03-26,Albert Park Grand Prix Circuit,Sergio Pérez,PER,Force India,9.030813370474304,6,8,0,8
2017,1,Australian Grand Prix,2017-03-26,Albert Park Grand Prix Circuit,Felipe Massa,MAS,Williams,9.297829049819416,7,6,0,6
2017,1,Australian Grand Prix,2017-03-26,Albert Park Grand Prix Circuit,Carlos Sainz,SAI,Toro Rosso,9.74991392053262,8,4,0,4
2017,1,Australian Grand Prix,2017-03-26,Albert Park Grand Prix Circuit,Nico Hülkenberg,HUL,Renault,10.879233856952643,9,2,0,2
2017,1,Australian Grand Prix,2017-03-26,Albert Park Grand Prix Circuit,Daniel Ricciardo,RIC,Red Bull,10.908774398702056,10,1,0,1
2017,1,Australian Grand Prix,2017-03-26,Albert Park Grand Prix Circuit,Daniil Kvyat,KVY,Toro Rosso,10.956396999972656,11,0,0,0
2017,1,Australian Grand Prix,2017-03-26,Albert Park Grand Prix Circuit,Esteban Ocon,OCO,Force India,11.251834061364102,12,0,0,0
2017,1,Australian Grand Prix,2017-03-26,Albert Park Grand Prix Circuit,Antonio Giovinazzi,GIO,Sauber,11.425830134359364,13,0,0,0
2017,1,Australian Grand Prix,2017-03-26,Albert Park Grand Prix Circuit,Stoffel Vandoorne,VAN,McLaren,12.965620148330483,14,0,0,0
2017,1,Australian Grand Prix,2017-03-26,Albert Park Grand Prix Circuit,Fernando Alonso,ALO,McLaren,13.138596370470824,15,0,0,0
2017,1,Australian Grand Prix,2017-03-26,Albert Park Grand Prix Circuit,Lance Stroll,STR,Williams,14.361762287157855,16,0,0,0
2017,1,Australian Grand Prix,2017-03-26,Albert Park Grand Prix Circuit,Kevin Magnussen,MAG,Haas F1 Team,15.052801756618488,17,0,0,0
2017,1,Australian Grand Prix,2017-03-26,Albert Park Grand Prix Circuit,Romain Grosjean,GRO,Haas F1 Team,15.657096729730988,18,0,0,0
2017,1,Australian Grand Prix,2017-03-26,Albert Park Grand Prix Circuit,Marcus Ericsson,ERI,Sauber,16.05486602844736,19,0,0,0
2017,1,Australian Grand Prix,2017-03-26,Albert Park Grand Prix Circuit,Jolyon Palmer,PAL,Renault,16.75548467889149,20,0,0,0
2017,2,Chinese Grand Prix,2017-04-09,Shanghai International Circuit,Lewis Hamilton,HAM,Mercedes,2.444265191725703,1,25,0,25
2017,2,Chinese Grand Prix,2017-04-09,Shanghai International Circuit,Sebastian Vettel,VET,Ferrari,4.693130681783938,2,18,0,18
2017,2,Chinese Grand Prix,2017-04-09,Shanghai International Circuit,Max Verstappen,VER,Red Bull,4.759676754419917,3,15,0,15
2017,2,Chinese Grand Prix,2017-04-09,Shanghai International Circuit,Valtteri Bottas,BOT,Mercedes,6.403274492368239,4,12,0,12
2017,2,Chinese Grand Prix,2017-04-09,Shanghai International Circuit,Daniel Ricciardo,RIC,Red Bull,6.448462711511452,5,10,0,10
2017,2,Chinese Grand Prix,2017-04-09,Shanghai International Circuit,Kimi Räikkönen,RAI,Ferrari,7.555482034299829,6,8,0,8
2017,2,Chinese Grand Prix,2017-04-09,Shanghai International Circuit,Carlos Sainz,SAI,Toro Rosso,9.680334394623964,7,6,0,6
2017,2,Chinese Grand Prix,2017-04-09,Shanghai International Circuit,Sergio Pérez,PER,Force India,10.042693558923837,8,4,0,4
2017,2,Chinese Grand Prix,2017-04-09,Shanghai International Circuit,Esteban Ocon,OCO,Force India,11.434662670722302,9,2,0,2
2017,2,Chinese Grand Prix,2017-04-09,Shanghai International Circuit,Felipe Massa,MAS,Williams,11.43743643441776,10,1,0,1
2017,2,Chinese Grand Prix,2017-04-09,Shanghai International Circuit,Romain Grosjean,GRO,Haas F1 Team,11.447115369907364,11,0,0,0
2017,2,Chinese Grand Prix,2017-04-09,Shanghai International Circuit,Nico Hülkenberg,HUL,Renault,11.563620707782391,12,0,0,0
2017,2,Chinese Grand Prix,2017-04-09,Shanghai International Circuit,Kevin Magnussen,MAG,Haas F1 Team,11.788998735293196,13,0,0,0
2017,2,Chinese Grand Prix,2017-04-09,Shanghai International Circuit,Fernando Alonso,ALO,McLaren,12.721021636300682,14,0,0,0
2017,2,Chinese Grand Prix,2017-04-09,Shanghai International Circuit,Jolyon Palmer,PAL,Renault,13.810789910903637,15,0,0,0
2017,2,Chinese Grand Prix,2017-04-09,Shanghai International Circuit,Daniil Kvyat,KVY,Toro Rosso,14.45925075789274,16,0,0,0
2017,2,Chinese Grand Prix,2017-04-09,Shanghai International Circuit,Marcus Ericsson,ERI,Sauber,14.488785879602776,17,0,0,0
2017,2,Chinese Grand Prix,2017-04-09,Shanghai International Circuit,Stoffel Vandoorne,VAN,McLaren,15.15431453075393,18,0,0,0
2017,2,Chinese Grand Prix,2017-04-09,Shanghai International Circuit,Lance Stroll,STR,Williams,15.157980101289091,19,0,0,0
2017,2,Chinese Grand Prix,2017-04-09,Shanghai International Circuit,Antonio Giovinazzi,GIO,Sauber,16.550395100177692,20,0,0,0
2017,3,Bahrain Grand Prix,2017-04-16,Bahrain International Circuit,Lewis Hamilton,HAM,Mercedes,2.275268647445494,1,25,0,25
2017,3,Bahrain Grand Prix,2017-04-16,Bahrain International Circuit,Sebastian Vettel,VET,Ferrari,3.4050467056812117,2,18,0,18
2017,3,Bahrain Grand Prix,2017-04-16,Bahrain International Circuit,Valtteri Bottas,BOT,Mercedes,5.747605590613114,3,15,0,15
2017,3,Bahrain Grand Prix,2017-04-16,Bahrain International Circuit,Kimi Räikkönen,RAI,Ferrari,6.323812918027787,4,12,0,12
2017,3,Bahrain Grand Prix,2017-04-16,Bahrain International Circuit,Daniel Ricciardo,RIC,Red Bull,6.626085551693376,5,10,0,10
2017,3,Bahrain Grand Prix,2017-04-16,Bahrain International Circuit,Sergio Pérez,PER,Force India,7.399662888237234,6,8,0,8
2017,3,Bahrain Grand Prix,2017-04-16,Bahrain International Circuit,Felipe Massa,MAS,Williams,8.934801067730529,7,6,0,6
2017,3,Bahrain Grand Prix,2017-04-16,Bahrain International Circuit,Esteban Ocon,OCO,Force India,9.4562041147776,8,4,0,4
2017,3,Bahrain Grand Prix,2017-04-16,Bahrain International Circuit,Max Verstappen,VER,Red Bull,10.00480086754573,9,2,0,2
2017,3,Bahrain Grand Prix,2017-04-16,Bahrain International Circuit,Romain Grosjean,GRO,Haas F1 Team,10.611269859134412,10,1,0,1
2017,3,Bahrain Grand Prix,2017-04-16,Bahrain International Circuit,Nico Hülkenberg,HUL,Renault,10.726825174383816,11,0,0,0
2017,3,Bahrain Grand Prix,2017-04-16,Bahrain International Circuit,Daniil Kvyat,KVY,Toro Rosso,12.360513355989536,12,0,0,0
2017,3,Bahrain Grand Prix,2017-04-16,Bahrain International Circuit,Pascal Wehrlein,WEH,Sauber,13.347857054780428,13,0,0,0
2017,3,Bahrain Grand Prix,2017-04-16,Bahrain International Circuit,Fernando Alonso,ALO,McLaren,13.661836970741785,14,0,0,0
2017,3,Bahrain Grand Prix,2017-04-16,Bahrain International Circuit,Jolyon Palmer,PAL,Renault,14.023706832607903,15,0,0,0
2017,3,Bahrain Grand Prix,2017-04-16,Bahrain International Circuit,Lance Stroll,STR,Williams,14.089643804696598,16,0,0,0
2017,3,Bahrain Grand Prix,2017-04-16,Bahrain International Circuit,Marcus Ericsson,ERI,Sauber,14.27228940067842,17,0,0,0
2017,3,Bahrain Grand Prix,2017-04-16,Bahrain International Circuit,Carlos Sainz,SAI,Toro Rosso,14.47521584292665,18,0,0,0
2017,3,Bahrain Grand Prix,2017-04-16,Bahrain International Circuit,Stoffel Vandoorne,VAN,McLaren,15.904682034238084,19,0,0,0
2017,3,Bahrain Grand Prix,2017-04-16,Bahrain International Circuit,Kevin Magnussen,MAG,Haas F1 Team,16.840811775799935,20,0,0,0
2017,4,Russian Grand Prix,2017-04-30,Sochi Autodrom,Lewis Hamilton,HAM,Mercedes,3.0943245035937044,1,25,0,25
2017,4,Russian Grand Prix,2017-04-30,Sochi Autodrom,Valtteri Bottas,BOT,Mercedes,4.093257636929572,2,18,0,18
2017,4,Russian Grand Prix,2017-04-30,Sochi Autodrom,Sebastian Vettel,VET,Ferrari,4.12300751532213,3,15,0,15
2017,4,Russian Grand Prix,2017-04-30,Sochi Autodrom,Kimi Räikkönen,RAI,Ferrari,4.623302757233736,4,12,0,12
2017,4,Russian Grand Prix,2017-04-30,Sochi Autodrom,Max Verstappen,VER,Red Bull,6.103697429598956,5,10,0,10
2017,4,Russian Grand Prix,2017-04-30,Sochi Autodrom,Sergio Pérez,PER,Force India,7.384554366877996,6,8,0,8
2017,4,Russian Grand Prix,2017-04-30,Sochi Autodrom,Esteban Ocon,OCO,Force India,9.64219031425328,7,6,0,6
2017,4,Russian Grand Prix,2017-04-30,Sochi Autodrom,Felipe Massa,MAS,Williams,9.68257059104792,8,4,0,4
2017,4,Russian Grand Prix,2017-04-30,Sochi Autodrom,Nico Hülkenberg,HUL,Renault,10.741843663974798,9,2,0,2
2017,4,Russian Grand Prix,2017-04-30,Sochi Autodrom,Carlos Sainz,SAI,Toro Rosso,11.464871823213755,10,1,0,1
2017,4,Russian Grand Prix,2017-04-30,Sochi Autodrom,Daniel Ricciardo,RIC,Red Bull,11.534080644057529,11,0,0,0
2017,4,Russian Grand Prix,2017-04-30,Sochi Autodrom,Daniil Kvyat,KVY,Toro Rosso,11.998014176820773,12,0,0,0
2017,4,Russian Grand Prix,2017-04-30,Sochi Autodrom,Kevin Magnussen,MAG,Haas F1 Team,12.365318921650717,13,0,0,0
2017,4,Russian Grand Prix,2017-04-30,Sochi Autodrom,Lance Stroll,STR,Williams,12.417529790772916,14,0,0,0
2017,4,Russian Grand Prix,2017-04-30,Sochi Autodrom,Stoffel Vandoorne,VAN,McLaren,14.41388728048262,15,0,0,0
2017,4,Russian Grand Prix,2017-04-30,Sochi Autodrom,Marcus Ericsson,ERI,Sauber,15.2108875724504,16,0,0,0
2017,4,Russian Grand Prix,2017-04-30,Sochi Autodrom,Pascal Wehrlein,WEH,Sauber,15.418299766230868,17,0,0,0
2017,4,Russian Grand Prix,2017-04-30,Sochi Autodrom,Fernando Alonso,ALO,McLaren,15.586238990977362,18,0,0,0
2017,4,Russian Grand Prix,2017-04-30,Sochi Autodrom,Jolyon Palmer,PAL,Renault,16.288456063773875,19,0,0,0
2017,4,Russian Grand Prix,2017-04-30,Sochi Autodrom,Romain Grosjean,GRO,Haas F1 Team,16.337861967238176,20,0,0,0
2017,5,Spanish Grand Prix,2017-05-14,Circuit de Barcelona-Catalunya,Lewis Hamilton,HAM,Mercedes,2.134123744698824,1,25,0,25
2017,5,Spanish Grand Prix,2017-05-14,Circuit de Barcelona-Catalunya,Sebastian Vettel,VET,Ferrari,4.485673501270518,2,18,0,18
2017,5,Spanish Grand Prix,2017-05-14,Circuit de Barcelona-Catalunya,Daniel Ricciardo,RIC,Red Bull,5.397653473322818,3,15,0,15
2017,5,Spanish Grand Prix,2017-05-14,Circuit de Barcelona-Catalunya,Sergio Pérez,PER,Force India,7.032859084233306,4,12,0,12
2017,5,Spanish Grand Prix,2017-05-14,Circuit de Barcelona-Catalunya,Esteban Ocon,OCO,Force India,8.500603668584844,5,10,0,10
2017,5,Spanish Grand Prix,2017-05-14,Circuit de Barcelona-Catalunya,Nico Hülkenberg,HUL,Renault,9.467096399636205,6,8,0,8
2017,5,Spanish Grand Prix,2017-05-14,Circuit de Barcelona-Catalunya,Carlos Sainz,SAI,Toro Rosso,9.532577452052504,7,6,0,6
2017,5,Spanish Grand Prix,2017-05-14,Circuit de Barcelona-Catalunya,Valtteri Bottas,BOT,Mercedes,9.732136494965056,8,4,0,4
2017,5,Spanish Grand Prix,2017-05-14,Circuit de Barcelona-Catalunya,Max Verstappen,VER,Red Bull,10.68164449463859,9,2,0,2
2017,5,Spanish Grand Prix,2017-05-14,Circuit de Barcelona-Catalunya,Daniil Kvyat,KVY,Toro Rosso,11.102759908681508,10,1,0,1
2017,5,Spanish Grand Prix,2017-05-14,Circuit de Barcelona-Catalunya,Romain Grosjean,GRO,Haas F1 Team,11.71276044051166,11,0,0,0
2017,5,Spanish Grand Prix,2017-05-14,Circuit de Barcelona-Catalunya,Pascal Wehrlein,WEH,Sauber,12.429871169171737,12,0,0,0
2017,5,Spanish Grand Prix,2017-05-14,Circuit de Barcelona-Catalunya,Kevin Magnussen,MAG,Haas F1 Team,12.534734751987918,13,0,0,0
2017,5,Spanish Grand Prix,2017-05-14,Circuit de Barcelona-Catalunya,Felipe Massa,MAS,Williams,12.606743904801446,14,0,0,0
2017,5,Spanish Grand Prix,2017-05-14,Circuit de Barcelona-Catalunya,Kimi Räikkönen,RAI,Ferrari,12.728755165833013,15,0,0,0
2017,5,Spanish Grand Prix,2017-05-14,Circuit de Barcelona-Catalunya,Marcus Ericsson,ERI,Sauber,12.936869029859643,16,0,0,0
2017,5,Spanish Grand Prix,2017-05-14,Circuit de Barcelona-Catalunya,Jolyon Palmer,PAL,Renault,14.204357587001644,17,0,0,0
2017,5,Spanish Grand Prix,2017-05-14,Circuit de Barcelona-Catalunya,Fernando Alonso,ALO,McLaren,14.211042480639238,18,0,0,0
2017,5,Spanish Grand Prix,2017-05-14,Circuit de Barcelona-Catalunya,Lance Stroll,STR,Williams,15.09623290915452,19,0,0,0
2017,5,Spanish Grand Prix,2017-05-14,Circuit de Barcelona-Catalunya,Stoffel Vandoorne,VAN,McLaren,15.743711778875776,20,0,0,0
2017,6,Monaco Grand Prix,2017-05-28,Circuit de Monaco,Sebastian Vettel,VET,Ferrari,2.975626410566236,1,25,0,25
2017,6,Monaco Grand Prix,2017-05-28,Circuit de Monaco,Lewis Hamilton,HAM,Mercedes,4.917107857328818,2,18,0,18
2017,6,Monaco Grand Prix,2017-05-28,Circuit de Monaco,Kimi Räikkönen,RAI,Ferrari,5.266386540324443,3,15,0,15
2017,6,Monaco Grand Prix,2017-05-28,Circuit de Monaco,Valtteri Bottas,BOT,Mercedes,5.466052107590549,4,12,0,12
2017,6,Monaco Grand Prix,2017-05-28,Circuit de Monaco,Daniel Ricciardo,RIC,Red Bull,5.603562195095694,5,10,0,10
2017,6,Monaco Grand Prix,2017-05-28,Circuit de Monaco,Max Verstappen,VER,Red Bull,6.738714902892634,6,8,0,8
2017,6,Monaco Grand Prix,2017-05-28,Circuit de Monaco,Carlos Sainz,SAI,Toro Rosso,8.646319815202977,7,6,0,6
2017,6,Monaco Grand Prix,2017-05-28,Circuit de Monaco,Felipe Massa,MAS,Williams,10.421423394831235,8,4,0,4
2017,6,Monaco Grand Prix,2017-05-28,Circuit de Monaco,Esteban Ocon,OCO,Force India,11.145396828761063,9,2,0,2
2017,6,Monaco Grand Prix,2017-05-28,Circuit de Monaco,Romain Grosjean,GRO,Haas F1 Team,11.33253013927499,10,1,0,1
2017,6,Monaco Grand Prix,2017-05-28,Circuit de Monaco,Kevin Magnussen,MAG,Haas F1 Team,11.499642259907276,11,0,0,0
2017,6,Monaco Grand Prix,2017-05-28,Circuit de Monaco,Sergio Pérez,PER,Force India,11.57600729986562,12,0,0,0
2017,6,Monaco Grand Prix,2017-05-28,Circuit de Monaco,Jolyon Palmer,PAL,Renault,12.869081072102505,13,0,0,0
2017,6,Monaco Grand Prix,2017-05-28,Circuit de Monaco,Daniil Kvyat,KVY,Toro Rosso,13.161718885831176,14,0,0,0
2017,6,Monaco Grand Prix,2017-05-28,Circuit de Monaco,Lance Stroll,STR,Williams,14.267300131962916,15,0,0,0
2017,6,Monaco Grand Prix,2017-05-28,Circuit de Monaco,Nico Hülkenberg,HUL,Renault,15.074190232221042,16,0,0,0
2017,6,Monaco Grand Prix,2017-05-28,Circuit de Monaco,Stoffel Vandoorne,VAN,McLaren,15.203243855534684,17,0,0,0
2017,6,Monaco Grand Prix,2017-05-28,Circuit de Monaco,Jenson Button,BUT,McLaren,15.535498466736254,18,0,0,0
2017,6,Monaco Grand Prix,2017-05-28,Circuit de Monaco,Pascal Wehrlein,WEH,Sauber,15.557882169767536,19,0,0,0
2017,6,Monaco Grand Prix,2017-05-28,Circuit de Monaco,Marcus Ericsson,ERI,Sauber,15.584443952695528,20,0,0,0
2017,7,Canadian Grand Prix,2017-06-11,Circuit Gilles Villeneuve,Lewis Hamilton,HAM,Mercedes,2.4602972649706247,1,25,0,25
2017,7,Canadian Grand Prix,2017-06-11,Circuit Gilles Villeneuve,Valtteri Bottas,BOT,Mercedes,3.756783192865421,2,18,0,18
2017,7,Canadian Grand Prix,2017-06-11,Circuit Gilles Villeneuve,Sebastian Vettel,VET,Ferrari,4.545045921874353,3,15,0,15
2017,7,Canadian Grand Prix,2017-06-11,Circuit Gilles Villeneuve,Daniel Ricciardo,RIC,Red Bull,5.6998767636864685,4,12,0,12
2017,7,Canadian Grand Prix,2017-06-11,Circuit Gilles Villeneuve,Sergio Pérez,PER,Force India,5.983590629128778,5,10,0,10
2017,7,Canadian Grand Prix,2017-06-11,Circuit Gilles Villeneuve,Kimi Räikkönen,RAI,Ferrari,6.976727300964139,6,8,0,8
2017,7,Canadian Grand Prix,2017-06-11,Circuit Gilles Villeneuve,Esteban Ocon,OCO,Force India,7.288785174824709,7,6,0,6
2017,7,Canadian Grand Prix,2017-06-11,Circuit Gilles Villeneuve,Nico Hülkenberg,HUL,Renault,10.245925247008552,8,4,0,4
2017,7,Canadian Grand Prix,2017-06-11,Circuit Gilles Villeneuve,Max Verstappen,VER,Red Bull,11.857553946296417,9,2,0,2
2017,7,Canadian Grand Prix,2017-06-11,Circuit Gilles Villeneuve,Lance Stroll,STR,Williams,12.001855773681736,10,1,0,1
2017,7,Canadian Grand Prix,2017-06-11,Circuit Gilles Villeneuve,Romain Grosjean,GRO,Haas F1 Team,12.21326954450074,11,0,0,0
2017,7,Canadian Grand Prix,2017-06-11,Circuit Gilles Villeneuve,Kevin Magnussen,MAG,Haas F1 Team,12.6795270072644,12,0,0,0
2017,7,Canadian Grand Prix,2017-06-11,Circuit Gilles Villeneuve,Jolyon Palmer,PAL,Renault,13.323168822719058,13,0,0,0
2017,7,Canadian Grand Prix,2017-06-11,Circuit Gilles Villeneuve,Marcus Ericsson,ERI,Sauber,13.8726501119462,14,0,0,0
2017,7,Canadian Grand Prix,2017-06-11,Circuit Gilles Villeneuve,Felipe Massa,MAS,Williams,14.58686994836977,15,0,0,0
2017,7,Canadian Grand Prix,2017-06-11,Circuit Gilles Villeneuve,Stoffel Vandoorne,VAN,McLaren,14.648095442944973,16,0,0,0
2017,7,Canadian Grand Prix,2017-06-11,Circuit Gilles Villeneuve,Pascal Wehrlein,WEH,Sauber,14.829428142279124,17,0,0,0
2017,7,Canadian Grand Prix,2017-06-11,Circuit Gilles Villeneuve,Daniil Kvyat,KVY,Toro Rosso,14.870464267142358,18,0,0,0
2017,7,Canadian Grand Prix,2017-06-11,Circuit Gilles Villeneuve,Fernando Alonso,ALO,McLaren,14.906280368043667,19,0,0,0
2017,7,Canadian Grand Prix,2017-06-11,Circuit Gilles Villeneuve,Carlos Sainz,SAI,Toro Rosso,15.255948935210302,20,0,0,0
2017,8,Azerbaijan Grand Prix,2017-06-25,Baku City Circuit,Valtteri Bottas,BOT,Mercedes,4.192640483715283,1,25,0,25
2017,8,Azerbaijan Grand Prix,2017-06-25,Baku City Circuit,Lewis Hamilton,HAM,Mercedes,4.2422836016976735,2,18,0,18
2017,8,Azerbaijan Grand Prix,2017-06-25,Baku City Circuit,Daniel Ricciardo,RIC,Red Bull,4.286790237512354,3,15,0,15
2017,8,Azerbaijan Grand Prix,2017-06-25,Baku City Circuit,Sebastian Vettel,VET,Ferrari,5.006490134278796,4,12,0,12
2017,8,Azerbaijan Grand Prix,2017-06-25,Baku City Circuit,Esteban Ocon,OCO,Force India,7.478233676449135,5,10,0,10
2017,8,Azerbaijan Grand Prix,2017-06-25,Baku City Circuit,Lance Stroll,STR,Williams,8.874514847042896,6,8,0,8
2017,8,Azerbaijan Grand Prix,2017-06-25,Baku City Circuit,Kevin Magnussen,MAG,Haas F1 Team,10.335711217354216,7,6,0,6
2017,8,Azerbaijan Grand Prix,2017-06-25,Baku City Circuit,Kimi Räikkönen,RAI,Ferrari,10.4873445680017,8,4,0,4
2017,8,Azerbaijan Grand Prix,2017-06-25,Baku City Circuit,Sergio Pérez,PER,Force India,10.695138349344996,9,2,0,2
2017,8,Azerbaijan Grand Prix,2017-06-25,Baku City Circuit,Carlos Sainz,SAI,Toro Rosso,11.452870690476898,10,1,0,1
2017,8,Azerbaijan Grand Prix,2017-06-25,Baku City Circuit,Max Verstappen,VER,Red Bull,12.190509056983654,11,0,0,0
2017,8,Azerbaijan Grand Prix,2017-06-25,Baku City Circuit,Fernando Alonso,ALO,McLaren,12.201676381374948,12,0,0,0
2017,8,Azerbaijan Grand Prix,2017-06-25,Baku City Circuit,Pascal Wehrlein,WEH,Sauber,12.576147382969614,13,0,0,0
2017,8,Azerbaijan Grand Prix,2017-06-25,Baku City Circuit,Romain Grosjean,GRO,Haas F1 Team,12.721473725287508,14,0,0,0
2017,8,Azerbaijan Grand Prix,2017-06-25,Baku City Circuit,Marcus Ericsson,ERI,Sauber,12.868158616709993,15,0,0,0
2017,8,Azerbaijan Grand Prix,2017-06-25,Baku City Circuit,Felipe Massa,MAS,Williams,13.40786256745206,16,0,0,0
2017,8,Azerbaijan Grand Prix,2017-06-25,Baku City Circuit,Stoffel Vandoorne,VAN,McLaren,13.433987156010923,17,0,0,0
2017,8,Azerbaijan Grand Prix,2017-06-25,Baku City Circuit,Nico Hülkenberg,HUL,Renault,14.761398202272437,18,0,0,0
2017,8,Azerbaijan Grand Prix,2017-06-25,Baku City Circuit,Daniil Kvyat,KVY,Toro Rosso,15.193183463634558,19,0,0,0
2017,8,Azerbaijan Grand Prix,2017-06-25,Baku City Circuit,Jolyon Palmer,PAL,Renault,16.30356154218587,20,0,0,0
2017,9,Austrian Grand Prix,2017-07-09,Red Bull Ring,Valtteri Bottas,BOT,Mercedes,3.2582052071934893,1,25,0,25
2017,9,Austrian Grand Prix,2017-07-09,Red Bull Ring,Lewis Hamilton,HAM,Mercedes,3.9919922595826502,2,18,0,18
2017,9,Austrian Grand Prix,2017-07-09,Red Bull Ring,Sebastian Vettel,VET,Ferrari,4.236738231929142,3,15,0,15
2017,9,Austrian Grand Prix,2017-07-09,Red Bull Ring,Daniel Ricciardo,RIC,Red Bull,5.564940292161436,4,12,0,12
2017,9,Austrian Grand Prix,2017-07-09,Red Bull Ring,Kimi Räikkönen,RAI,Ferrari,5.762554965994238,5,10,0,10
2017,9,Austrian Grand Prix,2017-07-09,Red Bull Ring,Esteban Ocon,OCO,Force India,8.419157472570749,6,8,0,8
2017,9,Austrian Grand Prix,2017-07-09,Red Bull Ring,Sergio Pérez,PER,Force India,9.06735615178394,7,6,0,6
2017,9,Austrian Grand Prix,2017-07-09,Red Bull Ring,Romain Grosjean,GRO,Haas F1 Team,10.679820896816878,8,4,0,4
2017,9,Austrian Grand Prix,2017-07-09,Red Bull Ring,Felipe Massa,MAS,Williams,11.293224345454927,9,2,0,2
2017,9,Austrian Grand Prix,2017-07-09,Red Bull Ring,Max Verstappen,VER,Red Bull,11.64498949970059,10,1,0,1
2017,9,Austrian Grand Prix,2017-07-09,Red Bull Ring,Stoffel Vandoorne,VAN,McLaren,11.845781090528568,11,0,0,0
2017,9,Austrian Grand Prix,2017-07-09,Red Bull Ring,Jolyon Palmer,PAL,Renault,12.107678582765828,12,0,0,0
2017,9,Austrian Grand Prix,2017-07-09,Red Bull Ring,Lance Stroll,STR,Williams,12.25933822000212,13,0,0,0
2017,9,Austrian Grand Prix,2017-07-09,Red Bull Ring,Nico Hülkenberg,HUL,Renault,13.080309689255692,14,0,0,0
2017,9,Austrian Grand Prix,2017-07-09,Red Bull Ring,Carlos Sainz,SAI,Toro Rosso,14.07514971766332,15,0,0,0
2017,9,Austrian Grand Prix,2017-07-09,Red Bull Ring,Pascal Wehrlein,WEH,Sauber,14.173232892671972,16,0,0,0
2017,9,Austrian Grand Prix,2017-07-09,Red Bull Ring,Marcus Ericsson,ERI,Sauber,14.25152650578525,17,0,0,0
2017,9,Austrian Grand Prix,2017-07-09,Red Bull Ring,Daniil Kvyat,KVY,Toro Rosso,14.273511469800004,18,0,0,0
2017,9,Austrian Grand Prix,2017-07-09,Red Bull Ring,Kevin Magnussen,MAG,Haas F1 Team,14.35379113594739,19,0,0,0
2017,9,Austrian Grand Prix,2017-07-09,Red Bull Ring,Fernando Alonso,ALO,McLaren,15.331863101093656,20,0,0,0
2017,10,British Grand Prix,2017-07-16,Silverstone Circuit,Lewis Hamilton,HAM,Mercedes,2.06629216015275,1,25,0,25
2017,10,British Grand Prix,2017-07-16,Silverstone Circuit,Valtteri Bottas,BOT,Mercedes,4.0984810136140215,2,18,0,18
2017,10,British Grand Prix,2017-07-16,Silverstone Circuit,Kimi Räikkönen,RAI,Ferrari,4.628938475241174,3,15,0,15
2017,10,British Grand Prix,2017-07-16,Silverstone Circuit,Daniel Ricciardo,RIC,Red Bull,5.987636741311542,4,12,0,12
2017,10,British Grand Prix,2017-07-16,Silverstone Circuit,Sebastian Vettel,VET,Ferrari,6.579248480845876,5,10,0,10
2017,10,British Grand Prix,2017-07-16,Silverstone Circuit,Max Verstappen,VER,Red Bull,6.850613763716082,6,8,0,8
2017,10,British Grand Prix,2017-07-16,Silverstone Circuit,Esteban Ocon,OCO,Force India,8.452398049372048,7,6,0,6
2017,10,British Grand Prix,2017-07-16,Silverstone Circuit,Nico Hülkenberg,HUL,Renault,9.308831949676762,8,4,0,4
2017,10,British Grand Prix,2017-07-16,Silverstone Circuit,Sergio Pérez,PER,Force India,9.72680372100172,9,2,0,2
2017,10,British Grand Prix,2017-07-16,Silverstone Circuit,Felipe Massa,MAS,Williams,10.967046868396178,10,1,0,1
2017,10,British Grand Prix,2017-07-16,Silverstone Circuit,Kevin Magnussen,MAG,Haas F1 Team,12.42659665277217,11,0,0,0
2017,10,British Grand Prix,2017-07-16,Silverstone Circuit,Stoffel Vandoorne,VAN,McLaren,12.482423552167516,12,0,0,0
2017,10,British Grand Prix,2017-07-16,Silverstone Circuit,Romain Grosjean,GRO,Haas F1 Team,12.995174397419404,13,0,0,0
2017,10,British Grand Prix,2017-07-16,Silverstone Circuit,Daniil Kvyat,KVY,Toro Rosso,13.037918482249676,14,0,0,0
2017,10,British Grand Prix,2017-07-16,Silverstone Circuit,Lance Stroll,STR,Williams,14.148737740217154,15,0,0,0
2017,10,British Grand Prix,2017-07-16,Silverstone Circuit,Fernando Alonso,ALO,McLaren,14.43626121495443,16,0,0,0
2017,10,British Grand Prix,2017-07-16,Silverstone Circuit,Carlos Sainz,SAI,Toro Rosso,14.46616024107308,17,0,0,0
2017,10,British Grand Prix,2017-07-16,Silverstone Circuit,Marcus Ericsson,ERI,Sauber,14.801457708671377,18,0,0,0
2017,10,British Grand Prix,2017-07-16,Silverstone Circuit,Pascal Wehrlein,WEH,Sauber,15.655627999059824,19,0,0,0
2017,10,British Grand Prix,2017-07-16,Silverstone Circuit,Jolyon Palmer,PAL,Renault,16.73141746094677,20,0,0,0
2017,11,Hungarian Grand Prix,2017-07-30,Hungaroring,Lewis Hamilton,HAM,Mercedes,3.628389144783013,1,25,0,25
2017,11,Hungarian Grand Prix,2017-07-30,Hungaroring,Sebastian Vettel,VET,Ferrari,3.651230681281285,2,18,0,18
2017,11,Hungarian Grand Prix,2017-07-30,Hungaroring,Kimi Räikkönen,RAI,Ferrari,3.8791744499011553,3,15,0,15
2017,11,Hungarian Grand Prix,2017-07-30,Hungaroring,Valtteri Bottas,BOT,Mercedes,4.064793408783021,4,12,0,12
2017,11,Hungarian Grand Prix,2017-07-30,Hungaroring,Max Verstappen,VER,Red Bull,7.550545875355531,5,10,0,10
2017,11,Hungarian Grand Prix,2017-07-30,Hungaroring,Esteban Ocon,OCO,Force India,9.221250134923087,6,8,0,8
2017,11,Hungarian Grand Prix,2017-07-30,Hungaroring,Sergio Pérez,PER,Force India,9.709715551486212,7,6,0,6
2017,11,Hungarian Grand Prix,2017-07-30,Hungaroring,Fernando Alonso,ALO,McLaren,9.852667513376725,8,4,0,4
2017,11,Hungarian Grand Prix,2017-07-30,Hungaroring,Carlos Sainz,SAI,Toro Rosso,10.405139303836366,9,2,0,2
2017,11,Hungarian Grand Prix,2017-07-30,Hungaroring,Daniel Ricciardo,RIC,Red Bull,11.567717825325252,10,1,0,1
2017,11,Hungarian Grand Prix,2017-07-30,Hungaroring,Stoffel Vandoorne,VAN,McLaren,11.81747128640258,11,0,0,0
2017,11,Hungarian Grand Prix,2017-07-30,Hungaroring,Daniil Kvyat,KVY,Toro Rosso,12.179053094436238,12,0,0,0
2017,11,Hungarian Grand Prix,2017-07-30,Hungaroring,Jolyon Palmer,PAL,Renault,12.734675191812226,13,0,0,0
2017,11,Hungarian Grand Prix,2017-07-30,Hungaroring,Kevin Magnussen,MAG,Haas F1 Team,12.873758905956704,14,0,0,0
2017,11,Hungarian Grand Prix,2017-07-30,Hungaroring,Nico Hülkenberg,HUL,Renault,13.30572421949395,15,0,0,0
2017,11,Hungarian Grand Prix,2017-07-30,Hungaroring,Lance Stroll,STR,Williams,13.694722058869264,16,0,0,0
2017,11,Hungarian Grand Prix,2017-07-30,Hungaroring,Paul di Resta,DIR,Williams,14.673258021437602,17,0,0,0
2017,11,Hungarian Grand Prix,2017-07-30,Hungaroring,Pascal Wehrlein,WEH,Sauber,15.17131305385721,18,0,0,0
2017,11,Hungarian Grand Prix,2017-07-30,Hungaroring,Marcus Ericsson,ERI,Sauber,15.331337796455571,19,0,0,0
2017,11,Hungarian Grand Prix,2017-07-30,Hungaroring,Romain Grosjean,GRO,Haas F1 Team,15.470676470458711,20,0,0,0
2017,12,Belgian Grand Prix,2017-08-27,Circuit de Spa-Francorchamps,Lewis Hamilton,HAM,Mercedes,2.4115857305143056,1,25,0,25
2017,12,Belgian Grand Prix,2017-08-27,Circuit de Spa-Francorchamps,Sebastian Vettel,VET,Ferrari,4.579512346983968,2,18,0,18
2017,12,Belgian Grand Prix,2017-08-27,Circuit de Spa-Francorchamps,Kimi Räikkönen,RAI,Ferrari,4.597496520143228,3,15,0,15
2017,12,Belgian Grand Prix,2017-08-27,Circuit de Spa-Francorchamps,Daniel Ricciardo,RIC,Red Bull,4.999829774655184,4,12,0,12
2017,12,Belgian Grand Prix,2017-08-27,Circuit de Spa-Francorchamps,Valtteri Bottas,BOT,Mercedes,5.244581005572278,5,10,0,10
2017,12,Belgian Grand Prix,2017-08-27,Circuit de Spa-Francorchamps,Esteban Ocon,OCO,Force India,8.79326866450727,6,8,0,8
2017,12,Belgian Grand Prix,2017-08-27,Circuit de Spa-Francorchamps,Nico Hülkenberg,HUL,Renault,10.240480498046988,7,6,0,6
2017,12,Belgian Grand Prix,2017-08-27,Circuit de Spa-Francorchamps,Felipe Massa,MAS,Williams,10.65048366072049,8,4,0,4
2017,12,Belgian Grand Prix,2017-08-27,Circuit de Spa-Francorchamps,Romain Grosjean,GRO,Haas F1 Team,10.742720552141854,9,2,0,2
2017,12,Belgian Grand Prix,2017-08-27,Circuit de Spa-Francorchamps,Carlos Sainz,SAI,Toro Rosso,10.951477923045545,10,1,0,1
2017,12,Belgian Grand Prix,2017-08-27,Circuit de Spa-Francorchamps,Lance Stroll,STR,Williams,12.183398059499009,11,0,0,0
2017,12,Belgian Grand Prix,2017-08-27,Circuit de Spa-Francorchamps,Daniil Kvyat,KVY,Toro Rosso,12.448781613182978,12,0,0,0
2017,12,Belgian Grand Prix,2017-08-27,Circuit de Spa-Francorchamps,Sergio Pérez,PER,Force India,12.576261179593194,13,0,0,0
2017,12,Belgian Grand Prix,2017-08-27,Circuit de Spa-Francorchamps,Jolyon Palmer,PAL,Renault,12.864798438005618,14,0,0,0
2017,12,Belgian Grand Prix,2017-08-27,Circuit de Spa-Francorchamps,Max Verstappen,VER,Red Bull,12.870425881276027,15,0,0,0
2017,12,Belgian Grand Prix,2017-08-27,Circuit de Spa-Francorchamps,Stoffel Vandoorne,VAN,McLaren,13.265503768400466,16,0,0,0
2017,12,Belgian Grand Prix,2017-08-27,Circuit de Spa-Francorchamps,Kevin Magnussen,MAG,Haas F1 Team,13.912515236387875,17,0,0,0
2017,12,Belgian Grand Prix,2017-08-27,Circuit de Spa-Francorchamps,Fernando Alonso,ALO,McLaren,14.51221501013702,18,0,0,0
2017,12,Belgian Grand Prix,2017-08-27,Circuit de Spa-Francorchamps,Marcus Ericsson,ERI,Sauber,15.450977749688745,19,0,0,0
2017,12,Belgian Grand Prix,2017-08-27,Circuit de Spa-Francorchamps,Pascal Wehrlein,WEH,Sauber,17.04840853110396,20,0,0,0
2017,13,Italian Grand Prix,2017-09-03,Autodromo Nazionale di Monza,Lewis Hamilton,HAM,Mercedes,2.422341522578735,1,25,0,25
2017,13,Italian Grand Prix,2017-09-03,Autodromo Nazionale di Monza,Valtteri Bottas,BOT,Mercedes,3.75685852503862,2,18,0,18
2017,13,Italian Grand Prix,2017-09-03,Autodromo Nazionale di Monza,Sebastian Vettel,VET,Ferrari,4.336825386630968,3,15,0,15
2017,13,Italian Grand Prix,2017-09-03,Autodromo Nazionale di Monza,Daniel Ricciardo,RIC,Red Bull,5.765419861525874,4,12,0,12
2017,13,Italian Grand Prix,2017-09-03,Autodromo Nazionale di Monza,Kimi Räikkönen,RAI,Ferrari,6.447837502330975,5,10,0,10
2017,13,Italian Grand Prix,2017-09-03,Autodromo Nazionale di Monza,Esteban Ocon,OCO,Force India,7.83551397939378,6,8,0,8
2017,13,Italian Grand Prix,2017-09-03,Autodromo Nazionale di Monza,Sergio Pérez,PER,Force India,8.954746611485051,7,6,0,6
2017,13,Italian Grand Prix,2017-09-03,Autodromo Nazionale di Monza,Felipe Massa,MAS,Williams,9.412292802265071,8,4,0,4
2017,13,Italian Grand Prix,2017-09-03,Autodromo Nazionale di Monza,Max Verstappen,VER,Red Bull,9.67123815177418,9,2,0,2
2017,13,Italian Grand Prix,2017-09-03,Autodromo Nazionale di Monza,Lance Stroll,STR,Williams,10.58448354072178,10,1,0,1
2017,13,Italian Grand Prix,2017-09-03,Autodromo Nazionale di Monza,Kevin Magnussen,MAG,Haas F1 Team,11.80447605616193,11,0,0,0
2017,13,Italian Grand Prix,2017-09-03,Autodromo Nazionale di Monza,Daniil Kvyat,KVY,Toro Rosso,12.69939933641652,12,0,0,0
2017,13,Italian Grand Prix,2017-09-03,Autodromo Nazionale di Monza,Carlos Sainz,SAI,Toro Rosso,12.71108166894716,13,0,0,0
2017,13,Italian Grand Prix,2017-09-03,Autodromo Nazionale di Monza,Nico Hülkenberg,HUL,Renault,12.871721721330893,14,0,0,0
2017,13,Italian Grand Prix,2017-09-03,Autodromo Nazionale di Monza,Romain Grosjean,GRO,Haas F1 Team,14.140746076391444,15,0,0,0
2017,13,Italian Grand Prix,2017-09-03,Autodromo Nazionale di Monza,Fernando Alonso,ALO,McLaren,14.944821709955106,16,0,0,0
2017,13,Italian Grand Prix,2017-09-03,Autodromo Nazionale di Monza,Stoffel Vandoorne,VAN,McLaren,15.42133350409182,17,0,0,0
2017,13,Italian Grand Prix,2017-09-03,Autodromo Nazionale di Monza,Pascal Wehrlein,WEH,Sauber,15.870035733289878,18,0,0,0
2017,13,Italian Grand Prix,2017-09-03,Autodromo Nazionale di Monza,Marcus Ericsson,ERI,Sauber,16.670607773195496,19,0,0,0
2017,13,Italian Grand Prix,2017-09-03,Autodromo Nazionale di Monza,Jolyon Palmer,PAL,Renault,17.081551742541958,20,0,0,0
2017,14,Singapore Grand Prix,2017-09-17,Marina Bay Street Circuit,Lewis Hamilton,HAM,Mercedes,2.73373270842139,1,25,0,25
2017,14,Singapore Grand Prix,2017-09-17,Marina Bay Street Circuit,Valtteri Bottas,BOT,Mercedes,4.15343678909714,2,18,0,18
2017,14,Singapore Grand Prix,2017-09-17,Marina Bay Street Circuit,Daniel Ricciardo,RIC,Red Bull,4.664570287653914,3,15,0,15
2017,14,Singapore Grand Prix,2017-09-17,Marina Bay Street Circuit,Sergio Pérez,PER,Force India,6.920353462954832,4,12,0,12
2017,14,Singapore Grand Prix,2017-09-17,Marina Bay Street Circuit,Carlos Sainz,SAI,Toro Rosso,8.918696543930775,5,10,0,10
2017,14,Singapore Grand Prix,2017-09-17,Marina Bay Street Circuit,Sebastian Vettel,VET,Ferrari,9.939105566328594,6,8,0,8
2017,14,Singapore Grand Prix,2017-09-17,Marina Bay Street Circuit,Jolyon Palmer,PAL,Renault,10.000914712079046,7,6,0,6
2017,14,Singapore Grand Prix,2017-09-17,Marina Bay Street Circuit,Stoffel Vandoorne,VAN,McLaren,10.704409797230412,8,4,0,4
2017,14,Singapore Grand Prix,2017-09-17,Marina Bay Street Circuit,Lance Stroll,STR,Williams,11.051505848804949,9,2,0,2
2017,14,Singapore Grand Prix,2017-09-17,Marina Bay Street Circuit,Max Verstappen,VER,Red Bull,11.163754551849593,10,1,0,1
2017,14,Singapore Grand Prix,2017-09-17,Marina Bay Street Circuit,Kimi Räikkönen,RAI,Ferrari,11.681792753607114,11,0,0,0
2017,14,Singapore Grand Prix,2017-09-17,Marina Bay Street Circuit,Romain Grosjean,GRO,Haas F1 Team,11.700758405421942,12,0,0,0
2017,14,Singapore Grand Prix,2017-09-17,Marina Bay Street Circuit,Esteban Ocon,OCO,Force India,11.95754422478874,13,0,0,0
2017,14,Singapore Grand Prix,2017-09-17,Marina Bay Street Circuit,Felipe Massa,MAS,Williams,12.167646919896445,14,0,0,0
2017,14,Singapore Grand Prix,2017-09-17,Marina Bay Street Circuit,Kevin Magnussen,MAG,Haas F1 Team,12.639548915775295,15,0,0,0
2017,14,Singapore Grand Prix,2017-09-17,Marina Bay Street Circuit,Nico Hülkenberg,HUL,Renault,12.911185900802892,16,0,0,0
2017,14,Singapore Grand Prix,2017-09-17,Marina Bay Street Circuit,Daniil Kvyat,KVY,Toro Rosso,13.528028790168475,17,0,0,0
2017,14,Singapore Grand Prix,2017-09-17,Marina Bay Street Circuit,Fernando Alonso,ALO,McLaren,13.969915314391596,18,0,0,0
2017,14,Singapore Grand Prix,2017-09-17,Marina Bay Street Circuit,Pascal Wehrlein,WEH,Sauber,14.296449543962517,19,0,0,0
2017,14,Singapore Grand Prix,2017-09-17,Marina Bay Street Circuit,Marcus Ericsson,ERI,Sauber,15.102504511189052,20,0,0,0
2017,15,Malaysian Grand Prix,2017-10-01,Sepang International Circuit,Lewis Hamilton,HAM,Mercedes,2.52728936605085,1,25,0,25
2017,15,Malaysian Grand Prix,2017-10-01,Sepang International Circuit,Max Verstappen,VER,Red Bull,4.748252038119198,2,18,0,18
2017,15,Malaysian Grand Prix,2017-10-01,Sepang International Circuit,Daniel Ricciardo,RIC,Red Bull,4.828586224227522,3,15,0,15
2017,15,Malaysian Grand Prix,2017-10-01,Sepang International Circuit,Valtteri Bottas,BOT,Mercedes,5.493330441270606,4,12,0,12
2017,15,Malaysian Grand Prix,2017-10-01,Sepang International Circuit,Sebastian Vettel,VET,Ferrari,5.998394524042337,5,10,0,10
2017,15,Malaysian Grand Prix,2017-10-01,Sepang International Circuit,Sergio Pérez,PER,Force India,9.052958376636186,6,8,0,8
2017,15,Malaysian Grand Prix,2017-10-01,Sepang International Circuit,Lance Stroll,STR,Williams,9.910823033488008,7,6,0,6
2017,15,Malaysian Grand Prix,2017-10-01,Sepang International Circuit,Stoffel Vandoorne,VAN,McLaren,10.155539537453928,8,4,0,4
2017,15,Malaysian Grand Prix,2017-10-01,Sepang International Circuit,Esteban Ocon,OCO,Force India,10.7798830246415,9,2,0,2
2017,15,Malaysian Grand Prix,2017-10-01,Sepang International Circuit,Fernando Alonso,ALO,McLaren,11.132901984483595,10,1,0,1
2017,15,Malaysian Grand Prix,2017-10-01,Sepang International Circuit,Felipe Massa,MAS,Williams,11.179137174898845,11,0,0,0
2017,15,Malaysian Grand Prix,2017-10-01,Sepang International Circuit,Kimi Räikkönen,RAI,Ferrari,11.816223401347877,12,0,0,0
2017,15,Malaysian Grand Prix,2017-10-01,Sepang International Circuit,Kevin Magnussen,MAG,Haas F1 Team,12.015585448139168,13,0,0,0
2017,15,Malaysian Grand Prix,2017-10-01,Sepang International Circuit,Pierre Gasly,GAS,Toro Rosso,12.666751607977533,14,0,0,0
2017,15,Malaysian Grand Prix,2017-10-01,Sepang International Circuit,Jolyon Palmer,PAL,Renault,13.264215701146638,15,0,0,0
2017,15,Malaysian Grand Prix,2017-10-01,Sepang International Circuit,Romain Grosjean,GRO,Haas F1 Team,13.327451159054704,16,0,0,0
2017,15,Malaysian Grand Prix,2017-10-01,Sepang International Circuit,Nico Hülkenberg,HUL,Renault,13.723968652226068,17,0,0,0
2017,15,Malaysian Grand Prix,2017-10-01,Sepang International Circuit,Carlos Sainz,SAI,Toro Rosso,14.76856960679213,18,0,0,0
2017,15,Malaysian Grand Prix,2017-10-01,Sepang International Circuit,Pascal Wehrlein,WEH,Sauber,15.733758795375149,19,0,0,0
2017,15,Malaysian Grand Prix,2017-10-01,Sepang International Circuit,Marcus Ericsson,ERI,Sauber,16.18863834935645,20,0,0,0
2017,16,Japanese Grand Prix,2017-10-08,Suzuka Circuit,Lewis Hamilton,HAM,Mercedes,1.8098602005189888,1,25,0,25
2017,16,Japanese Grand Prix,2017-10-08,Suzuka Circuit,Valtteri Bottas,BOT,Mercedes,3.85513472583807,2,18,0,18
2017,16,Japanese Grand Prix,2017-10-08,Suzuka Circuit,Daniel Ricciardo,RIC,Red Bull,4.692256435934311,3,15,0,15
2017,16,Japanese Grand Prix,2017-10-08,Suzuka Circuit,Max Verstappen,VER,Red Bull,5.734265451524202,4,12,0,12
2017,16,Japanese Grand Prix,2017-10-08,Suzuka Circuit,Kimi Räikkönen,RAI,Ferrari,6.048978086583652,5,10,0,10
2017,16,Japanese Grand Prix,2017-10-08,Suzuka Circuit,Esteban Ocon,OCO,Force India,8.26117556928104,6,8,0,8
2017,16,Japanese Grand Prix,2017-10-08,Suzuka Circuit,Sergio Pérez,PER,Force India,8.637961625912483,7,6,0,6
2017,16,Japanese Grand Prix,2017-10-08,Suzuka Circuit,Romain Grosjean,GRO,Haas F1 Team,10.467897866265972,8,4,0,4
2017,16,Japanese Grand Prix,2017-10-08,Suzuka Circuit,Sebastian Vettel,VET,Ferrari,11.119951426564842,9,2,0,2
2017,16,Japanese Grand Prix,2017-10-08,Suzuka Circuit,Kevin Magnussen,MAG,Haas F1 Team,11.240548639952904,10,1,0,1
2017,16,Japanese Grand Prix,2017-10-08,Suzuka Circuit,Felipe Massa,MAS,Williams,11.500092814991184,11,0,0,0
2017,16,Japanese Grand Prix,2017-10-08,Suzuka Circuit,Fernando Alonso,ALO,McLaren,12.143977691986343,12,0,0,0
2017,16,Japanese Grand Prix,2017-10-08,Suzuka Circuit,Stoffel Vandoorne,VAN,McLaren,12.56382354104503,13,0,0,0
2017,16,Japanese Grand Prix,2017-10-08,Suzuka Circuit,Jolyon Palmer,PAL,Renault,12.93755052065165,14,0,0,0
2017,16,Japanese Grand Prix,2017-10-08,Suzuka Circuit,Pierre Gasly,GAS,Toro Rosso,13.721291030581511,15,0,0,0
2017,16,Japanese Grand Prix,2017-10-08,Suzuka Circuit,Nico Hülkenberg,HUL,Renault,13.723424326818034,16,0,0,0
2017,16,Japanese Grand Prix,2017-10-08,Suzuka Circuit,Lance Stroll,STR,Williams,13.838913318888594,17,0,0,0
2017,16,Japanese Grand Prix,2017-10-08,Suzuka Circuit,Carlos Sainz,SAI,Toro Rosso,15.891510513471388,18,0,0,0
2017,16,Japanese Grand Prix,2017-10-08,Suzuka Circuit,Pascal Wehrlein,WEH,Sauber,15.972759831522051,19,0,0,0
2017,16,Japanese Grand Prix,2017-10-08,Suzuka Circuit,Marcus Ericsson,ERI,Sauber,16.88056438839564,20,0,0,0
2017,17,United States Grand Prix,2017-10-22,Circuit of the Americas,Lewis Hamilton,HAM,Mercedes,2.1199699052564043,1,25,0,25
2017,17,United States Grand Prix,2017-10-22,Circuit of the Americas,Sebastian Vettel,VET,Ferrari,4.574181654846592,2,18,0,18
2017,17,United States Grand Prix,2017-10-22,Circuit of the Americas,Valtteri Bottas,BOT,Mercedes,4.791172849938094,3,15,0,15
2017,17,United States Grand Prix,2017-10-22,Circuit of the Americas,Kimi Räikkönen,RAI,Ferrari,5.60655766466519,4,12,0,12
2017,17,United States Grand Prix,2017-10-22,Circuit of the Americas,Max Verstappen,VER,Red Bull,5.692050629256293,5,10,0,10
2017,17,United States Grand Prix,2017-10-22,Circuit of the Americas,Esteban Ocon,OCO,Force India,8.099628535195215,6,8,0,8
2017,17,United States Grand Prix,2017-10-22,Circuit of the Americas,Sergio Pérez,PER,Force India,8.644833320838094,7,6,0,6
2017,17,United States Grand Prix,2017-10-22,Circuit of the Americas,Carlos Sainz,SAI,Renault,9.528911632017053,8,4,0,4
2017,17,United States Grand Prix,2017-10-22,Circuit of the Americas,Felipe Massa,MAS,Williams,9.851104609689855,9,2,0,2
2017,17,United States Grand Prix,2017-10-22,Circuit of the Americas,Daniel Ricciardo,RIC,Red Bull,10.7558348082288,10,1,0,1
2017,17,United States Grand Prix,2017-10-22,Circuit of the Americas,Daniil Kvyat,KVY,Toro Rosso,11.43426184950543,11,0,0,0
2017,17,United States Grand Prix,2017-10-22,Circuit of the Americas,Stoffel Vandoorne,VAN,McLaren,11.62911817795582,12,0,0,0
2017,17,United States Grand Prix,2017-10-22,Circuit of the Americas,Lance Stroll,STR,Williams,12.075329643084466,13,0,0,0
2017,17,United States Grand Prix,2017-10-22,Circuit of the Americas,Brendon Hartley,HAR,Toro Rosso,13.334690634198848,14,0,0,0
2017,17,United States Grand Prix,2017-10-22,Circuit of the Americas,Romain Grosjean,GRO,Haas F1 Team,13.4581499047911,15,0,0,0
2017,17,United States Grand Prix,2017-10-22,Circuit of the Americas,Kevin Magnussen,MAG,Haas F1 Team,14.040295233740917,16,0,0,0
2017,17,United States Grand Prix,2017-10-22,Circuit of the Americas,Fernando Alonso,ALO,McLaren,14.594601341918638,17,0,0,0
2017,17,United States Grand Prix,2017-10-22,Circuit of the Americas,Marcus Ericsson,ERI,Sauber,14.861527470489486,18,0,0,0
2017,17,United States Grand Prix,2017-10-22,Circuit of the Americas,Nico Hülkenberg,HUL,Renault,15.692886577672745,19,0,0,0
2017,17,United States Grand Prix,2017-10-22,Circuit of the Americas,Pascal Wehrlein,WEH,Sauber,16.197341739387316,20,0,0,0
2017,18,Mexican Grand Prix,2017-10-29,Autódromo Hermanos Rodríguez,Valtteri Bottas,BOT,Mercedes,3.726601479050371,1,25,0,25
2017,18,Mexican Grand Prix,2017-10-29,Autódromo Hermanos Rodríguez,Max Verstappen,VER,Red Bull,4.396223501771007,2,18,0,18
2017,18,Mexican Grand Prix,2017-10-29,Autódromo Hermanos Rodríguez,Sebastian Vettel,VET,Ferrari,4.997798618710298,3,15,0,15
2017,18,Mexican Grand Prix,2017-10-29,Autódromo Hermanos Rodríguez,Kimi Räikkönen,RAI,Ferrari,5.026018029336666,4,12,0,12
2017,18,Mexican Grand Prix,2017-10-29,Autódromo Hermanos Rodríguez,Lewis Hamilton,HAM,Mercedes,5.026798716925674,5,10,0,10
2017,18,Mexican Grand Prix,2017-10-29,Autódromo Hermanos Rodríguez,Esteban Ocon,OCO,Force India,7.774317979251796,6,8,0,8
2017,18,Mexican Grand Prix,2017-10-29,Autódromo Hermanos Rodríguez,Sergio Pérez,PER,Force India,7.783057204719004,7,6,0,6
2017,18,Mexican Grand Prix,2017-10-29,Autódromo Hermanos Rodríguez,Lance Stroll,STR,Williams,10.077262279773135,8,4,0,4
2017,18,Mexican Grand Prix,2017-10-29,Autódromo Hermanos Rodríguez,Felipe Massa,MAS,Williams,11.048945653511106,9,2,0,2
2017,18,Mexican Grand Prix,2017-10-29,Autódromo Hermanos Rodríguez,Kevin Magnussen,MAG,Haas F1 Team,11.332749306085791,10,1,0,1
2017,18,Mexican Grand Prix,2017-10-29,Autódromo Hermanos Rodríguez,Fernando Alonso,ALO,McLaren,11.34476787958242,11,0,0,0
2017,18,Mexican Grand Prix,2017-10-29,Autódromo Hermanos Rodríguez,Daniel Ricciardo,RIC,Red Bull,12.211196945735828,12,0,0,0
2017,18,Mexican Grand Prix,2017-10-29,Autódromo Hermanos Rodríguez,Romain Grosjean,GRO,Haas F1 Team,13.06611447735948,13,0,0,0
2017,18,Mexican Grand Prix,2017-10-29,Autódromo Hermanos Rodríguez,Stoffel Vandoorne,VAN,McLaren,13.114330736791148,14,0,0,0
2017,18,Mexican Grand Prix,2017-10-29,Autódromo Hermanos Rodríguez,Pierre Gasly,GAS,Toro Rosso,13.13229237869106,15,0,0,0
2017,18,Mexican Grand Prix,2017-10-29,Autódromo Hermanos Rodríguez,Carlos Sainz,SAI,Renault,14.394794724107086,16,0,0,0
2017,18,Mexican Grand Prix,2017-10-29,Autódromo Hermanos Rodríguez,Pascal Wehrlein,WEH,Sauber,14.619824536191343,17,0,0,0
2017,18,Mexican Grand Prix,2017-10-29,Autódromo Hermanos Rodríguez,Nico Hülkenberg,HUL,Renault,15.233595681910138,18,0,0,0
2017,18,Mexican Grand Prix,2017-10-29,Autódromo Hermanos Rodríguez,Brendon Hartley,HAR,Toro Rosso,15.530078489317612,19,0,0,0
2017,18,Mexican Grand Prix,2017-10-29,Autódromo Hermanos Rodríguez,Marcus Ericsson,ERI,Sauber,15.918103635060245,20,0,0,0
2017,19,Brazilian Grand Prix,2017-11-12,Autódromo José Carlos Pace,Lewis Hamilton,HAM,Mercedes,3.766261826463893,1,25,0,25
2017,19,Brazilian Grand Prix,2017-11-12,Autódromo José Carlos Pace,Sebastian Vettel,VET,Ferrari,3.9897770412704983,2,18,0,18
2017,19,Brazilian Grand Prix,2017-11-12,Autódromo José Carlos Pace,Valtteri Bottas,BOT,Mercedes,4.366521019401686,3,15,0,15
2017,19,Brazilian Grand Prix,2017-11-12,Autódromo José Carlos Pace,Max Verstappen,VER,Red Bull,4.864519196637944,4,12,0,12
2017,19,Brazilian Grand Prix,2017-11-12,Autódromo José Carlos Pace,Kimi Räikkönen,RAI,Ferrari,4.939125040738153,5,10,0,10
2017,19,Brazilian Grand Prix,2017-11-12,Autódromo José Carlos Pace,Daniel Ricciardo,RIC,Red Bull,6.23818431081716,6,8,0,8
2017,19,Brazilian Grand Prix,2017-11-12,Autódromo José Carlos Pace,Felipe Massa,MAS,Williams,9.270286606289202,7,6,0,6
2017,19,Brazilian Grand Prix,2017-11-12,Autódromo José Carlos Pace,Sergio Pérez,PER,Force India,9.401051749195451,8,4,0,4
2017,19,Brazilian Grand Prix,2017-11-12,Autódromo José Carlos Pace,Fernando Alonso,ALO,McLaren,10.653748084150308,9,2,0,2
2017,19,Brazilian Grand Prix,2017-11-12,Autódromo José Carlos Pace,Nico Hülkenberg,HUL,Renault,11.272229702347843,10,1,0,1
2017,19,Brazilian Grand Prix,2017-11-12,Autódromo José Carlos Pace,Carlos Sainz,SAI,Renault,11.95805009963338,11,0,0,0
2017,19,Brazilian Grand Prix,2017-11-12,Autódromo José Carlos Pace,Esteban Ocon,OCO,Force India,12.027375024451796,12,0,0,0
2017,19,Brazilian Grand Prix,2017-11-12,Autódromo José Carlos Pace,Lance Stroll,STR,Williams,13.213256138827594,13,0,0,0
2017,19,Brazilian Grand Prix,2017-11-12,Autódromo José Carlos Pace,Pierre Gasly,GAS,Toro Rosso,13.603420664020966,14,0,0,0
2017,19,Brazilian Grand Prix,2017-11-12,Autódromo José Carlos Pace,Romain Grosjean,GRO,Haas F1 Team,14.07450603741745,15,0,0,0
2017,19,Brazilian Grand Prix,2017-11-12,Autódromo José Carlos Pace,Marcus Ericsson,ERI,Sauber,14.38197512504778,16,0,0,0
2017,19,Brazilian Grand Prix,2017-11-12,Autódromo José Carlos Pace,Stoffel Vandoorne,VAN,McLaren,14.38794429843233,17,0,0,0
2017,19,Brazilian Grand Prix,2017-11-12,Autódromo José Carlos Pace,Pascal Wehrlein,WEH,Sauber,14.586039211526131,18,0,0,0
2017,19,Brazilian Grand Prix,2017-11-12,Autódromo José Carlos Pace,Brendon Hartley,HAR,Toro Rosso,15.762576483661476,19,0,0,0
2017,19,Brazilian Grand Prix,2017-11-12,Autódromo José Carlos Pace,Kevin Magnussen,MAG,Haas F1 Team,16.43674673254536,20,0,0,0
2017,20,Abu Dhabi Grand Prix,2017-11-26,Yas Marina Circuit,Valtteri Bottas,BOT,Mercedes,2.8658447755622496,1,25,0,25
2017,20,Abu Dhabi Grand Prix,2017-11-26,Yas Marina Circuit,Lewis Hamilton,HAM,Mercedes,2.9451463961463715,2,18,0,18
2017,20,Abu Dhabi Grand Prix,2017-11-26,Yas Marina Circuit,Sebastian Vettel,VET,Ferrari,4.491480926720307,3,15,0,15
2017,20,Abu Dhabi Grand Prix,2017-11-26,Yas Marina Circuit,Max Verstappen,VER,Red Bull,5.121997913436234,4,12,0,12
2017,20,Abu Dhabi Grand Prix,2017-11-26,Yas Marina Circuit,Kimi Räikkönen,RAI,Ferrari,5.593166701398608,5,10,0,10
2017,20,Abu Dhabi Grand Prix,2017-11-26,Yas Marina Circuit,Sergio Pérez,PER,Force India,7.33543211452875,6,8,0,8
2017,20,Abu Dhabi Grand Prix,2017-11-26,Yas Marina Circuit,Esteban Ocon,OCO,Force India,9.532805885170848,7,6,0,6
2017,20,Abu Dhabi Grand Prix,2017-11-26,Yas Marina Circuit,Felipe Massa,MAS,Williams,10.176067965360874,8,4,0,4
2017,20,Abu Dhabi Grand Prix,2017-11-26,Yas Marina Circuit,Fernando Alonso,ALO,McLaren,10.176880858454677,9,2,0,2
2017,20,Abu Dhabi Grand Prix,2017-11-26,Yas Marina Circuit,Nico Hülkenberg,HUL,Renault,10.715455414651633,10,1,0,1
2017,20,Abu Dhabi Grand Prix,2017-11-26,Yas Marina Circuit,Stoffel Vandoorne,VAN,McLaren,12.320133767676015,11,0,0,0
2017,20,Abu Dhabi Grand Prix,2017-11-26,Yas Marina Circuit,Romain Grosjean,GRO,Haas F1 Team,12.547412744552172,12,0,0,0
2017,20,Abu Dhabi Grand Prix,2017-11-26,Yas Marina Circuit,Kevin Magnussen,MAG,Haas F1 Team,12.64749546487344,13,0,0,0
2017,20,Abu Dhabi Grand Prix,2017-11-26,Yas Marina Circuit,Daniel Ricciardo,RIC,Red Bull,12.930089107986868,14,0,0,0
2017,20,Abu Dhabi Grand Prix,2017-11-26,Yas Marina Circuit,Lance Stroll,STR,Williams,14.78803662577627,15,0,0,0
2017,20,Abu Dhabi Grand Prix,2017-11-26,Yas Marina Circuit,Pascal Wehrlein,WEH,Sauber,14.8721408864329,16,0,0,0
2017,20,Abu Dhabi Grand Prix,2017-11-26,Yas Marina Circuit,Pierre Gasly,GAS,Toro Rosso,15.084002845830128,17,0,0,0
2017,20,Abu Dhabi Grand Prix,2017-11-26,Yas Marina Circuit,Brendon Hartley,HAR,Toro Rosso,15.87191107470078,18,0,0,0
2017,20,Abu Dhabi Grand Prix,2017-11-26,Yas Marina Circuit,Carlos Sainz,SAI,Renault,16.095440002139064,19,0,0,0
2017,20,Abu Dhabi Grand Prix,2017-11-26,Yas Marina Circuit,Marcus Ericsson,ERI,Sauber,16.32564000117669,20,0,0,0
2018,1,Australian Grand Prix,2018-03-25,Albert Park Grand Prix Circuit,Lewis Hamilton,HAM,Mercedes,2.9862394120587057,1,25,0,25
2018,1,Australian Grand Prix,2018-03-25,Albert Park Grand Prix Circuit,Sebastian Vettel,VET,Ferrari,3.5945095884545544,2,18,0,18
2018,1,Australian Grand Prix,2018-03-25,Albert Park Grand Prix Circuit,Kimi Räikkönen,RAI,Ferrari,5.275333713600877,3,15,0,15
2018,1,Australian Grand Prix,2018-03-25,Albert Park Grand Prix Circuit,Valtteri Bottas,BOT,Mercedes,6.241085982718061,4,12,0,12
2018,1,Australian Grand Prix,2018-03-25,Albert Park Grand Prix Circuit,Daniel Ricciardo,RIC,Red Bull,6.382738123706904,5,10,0,10
2018,1,Australian Grand Prix,2018-03-25,Albert Park Grand Prix Circuit,Max Verstappen,VER,Red Bull,6.481689209071744,6,8,0,8
2018,1,Australian Grand Prix,2018-03-25,Albert Park Grand Prix Circuit,Fernando Alonso,ALO,McLaren,8.687539995304148,7,6,0,6
2018,1,Australian Grand Prix,2018-03-25,Albert Park Grand Prix Circuit,Carlos Sainz,SAI,Renault,10.38027261809911,8,4,0,4
2018,1,Australian Grand Prix,2018-03-25,Albert Park Grand Prix Circuit,Nico Hülkenberg,HUL,Renault,10.476268238856004,9,2,0,2
2018,1,Australian Grand Prix,2018-03-25,Albert Park Grand Prix Circuit,Stoffel Vandoorne,VAN,McLaren,10.725300804028508,10,1,0,1
2018,1,Australian Grand Prix,2018-03-25,Albert Park Grand Prix Circuit,Sergio Pérez,PER,Force India,11.236123622090547,11,0,0,0
2018,1,Australian Grand Prix,2018-03-25,Albert Park Grand Prix Circuit,Esteban Ocon,OCO,Force India,11.59083031105292,12,0,0,0
2018,1,Australian Grand Prix,2018-03-25,Albert Park Grand Prix Circuit,Lance Stroll,STR,Williams,13.660692638432572,13,0,0,0
2018,1,Australian Grand Prix,2018-03-25,Albert Park Grand Prix Circuit,Romain Grosjean,GRO,Haas F1 Team,13.745713320703642,14,0,0,0
2018,1,Australian Grand Prix,2018-03-25,Albert Park Grand Prix Circuit,Pierre Gasly,GAS,Toro Rosso,14.725783545302958,15,0,0,0
2018,1,Australian Grand Prix,2018-03-25,Albert Park Grand Prix Circuit,Charles Leclerc,LEC,Sauber,14.817039853750291,16,0,0,0
2018,1,Australian Grand Prix,2018-03-25,Albert Park Grand Prix Circuit,Kevin Magnussen,MAG,Haas F1 Team,15.25616904823318,17,0,0,0
2018,1,Australian Grand Prix,2018-03-25,Albert Park Grand Prix Circuit,Sergey Sirotkin,SIR,Williams,15.52960476402342,18,0,0,0
2018,1,Australian Grand Prix,2018-03-25,Albert Park Grand Prix Circuit,Brendon Hartley,HAR,Toro Rosso,15.578579221479744,19,0,0,0
2018,1,Australian Grand Prix,2018-03-25,Albert Park Grand Prix Circuit,Marcus Ericsson,ERI,Sauber,16.801841104668245,20,0,0,0
2018,2,Bahrain Grand Prix,2018-04-08,Bahrain International Circuit,Lewis Hamilton,HAM,Mercedes,3.336269925711901,1,25,0,25
2018,2,Bahrain Grand Prix,2018-04-08,Bahrain International Circuit,Valtteri Bottas,BOT,Mercedes,3.6130311799548434,2,18,0,18
2018,2,Bahrain Grand Prix,2018-04-08,Bahrain International Circuit,Sebastian Vettel,VET,Ferrari,4.710363836199338,3,15,0,15
2018,2,Bahrain Grand Prix,2018-04-08,Bahrain International Circuit,Fernando Alonso,ALO,McLaren,9.081672755031194,4,12,0,12
2018,2,Bahrain Grand Prix,2018-04-08,Bahrain International Circuit,Nico Hülkenberg,HUL,Renault,9.68841362846853,5,10,0,10
2018,2,Bahrain Grand Prix,2018-04-08,Bahrain International Circuit,Pierre Gasly,GAS,Toro Rosso,9.6995749719847,6,8,0,8
2018,2,Bahrain Grand Prix,2018-04-08,Bahrain International Circuit,Kevin Magnussen,MAG,Haas F1 Team,10.365827614252533,7,6,0,6
2018,2,Bahrain Grand Prix,2018-04-08,Bahrain International Circuit,Carlos Sainz,SAI,Renault,11.049678537741832,8,4,0,4
2018,2,Bahrain Grand Prix,2018-04-08,Bahrain International Circuit,Stoffel Vandoorne,VAN,McLaren,11.137859590366858,9,2,0,2
2018,2,Bahrain Grand Prix,2018-04-08,Bahrain International Circuit,Kimi Räikkönen,RAI,Ferrari,11.442802714344834,10,1,0,1
2018,2,Bahrain Grand Prix,2018-04-08,Bahrain International Circuit,Esteban Ocon,OCO,Force India,11.74999122240922,11,0,0,0
2018,2,Bahrain Grand Prix,2018-04-08,Bahrain International Circuit,Max Verstappen,VER,Red Bull,11.998512725217894,12,0,0,0
2018,2,Bahrain Grand Prix,2018-04-08,Bahrain International Circuit,Daniel Ricciardo,RIC,Red Bull,12.1224525201615,13,0,0,0
2018,2,Bahrain Grand Prix,2018-04-08,Bahrain International Circuit,Romain Grosjean,GRO,Haas F1 Team,12.550892172333342,14,0,0,0
2018,2,Bahrain Grand Prix,2018-04-08,Bahrain International Circuit,Marcus Ericsson,ERI,Sauber,12.753880263061411,15,0,0,0
2018,2,Bahrain Grand Prix,2018-04-08,Bahrain International Circuit,Charles Leclerc,LEC,Sauber,13.371842871269042,16,0,0,0
2018,2,Bahrain Grand Prix,2018-04-08,Bahrain International Circuit,Lance Stroll,STR,Williams,13.52125156088927,17,0,0,0
2018,2,Bahrain Grand Prix,2018-04-08,Bahrain International Circuit,Sergio Pérez,PER,Force India,13.932129834807313,18,0,0,0
2018,2,Bahrain Grand Prix,2018-04-08,Bahrain International Circuit,Sergey Sirotkin,SIR,Williams,14.295584692981777,19,0,0,0
2018,2,Bahrain Grand Prix,2018-04-08,Bahrain International Circuit,Brendon Hartley,HAR,Toro Rosso,15.534904764132358,20,0,0,0
2018,3,Chinese Grand Prix,2018-04-15,Shanghai International Circuit,Valtteri Bottas,BOT,Mercedes,3.2483232789245693,1,25,0,25
2018,3,Chinese Grand Prix,2018-04-15,Shanghai International Circuit,Lewis Hamilton,HAM,Mercedes,3.969341042512541,2,18,0,18
2018,3,Chinese Grand Prix,2018-04-15,Shanghai International Circuit,Daniel Ricciardo,RIC,Red Bull,5.2192069461668105,3,15,0,15
2018,3,Chinese Grand Prix,2018-04-15,Shanghai International Circuit,Kimi Räikkönen,RAI,Ferrari,5.267448959601271,4,12,0,12
2018,3,Chinese Grand Prix,2018-04-15,Shanghai International Circuit,Max Verstappen,VER,Red Bull,5.812335993591391,5,10,0,10
2018,3,Chinese Grand Prix,2018-04-15,Shanghai International Circuit,Sebastian Vettel,VET,Ferrari,5.8435186860852415,6,8,0,8
2018,3,Chinese Grand Prix,2018-04-15,Shanghai International Circuit,Nico Hülkenberg,HUL,Renault,8.588854828042333,7,6,0,6
2018,3,Chinese Grand Prix,2018-04-15,Shanghai International Circuit,Fernando Alonso,ALO,McLaren,8.966941348419255,8,4,0,4
2018,3,Chinese Grand Prix,2018-04-15,Shanghai International Circuit,Kevin Magnussen,MAG,Haas F1 Team,10.15845427263576,9,2,0,2
2018,3,Chinese Grand Prix,2018-04-15,Shanghai International Circuit,Carlos Sainz,SAI,Renault,10.280432392996154,10,1,0,1
2018,3,Chinese Grand Prix,2018-04-15,Shanghai International Circuit,Esteban Ocon,OCO,Force India,11.432371180851131,11,0,0,0
2018,3,Chinese Grand Prix,2018-04-15,Shanghai International Circuit,Sergio Pérez,PER,Force India,11.562050879233524,12,0,0,0
2018,3,Chinese Grand Prix,2018-04-15,Shanghai International Circuit,Stoffel Vandoorne,VAN,McLaren,12.069528675622882,13,0,0,0
2018,3,Chinese Grand Prix,2018-04-15,Shanghai International Circuit,Romain Grosjean,GRO,Haas F1 Team,13.906447263073842,14,0,0,0
2018,3,Chinese Grand Prix,2018-04-15,Shanghai International Circuit,Lance Stroll,STR,Williams,14.543350919223752,15,0,0,0
2018,3,Chinese Grand Prix,2018-04-15,Shanghai International Circuit,Pierre Gasly,GAS,Toro Rosso,14.773080482514526,16,0,0,0
2018,3,Chinese Grand Prix,2018-04-15,Shanghai International Circuit,Sergey Sirotkin,SIR,Williams,14.843877672096427,17,0,0,0
2018,3,Chinese Grand Prix,2018-04-15,Shanghai International Circuit,Marcus Ericsson,ERI,Sauber,15.255112150814073,18,0,0,0
2018,3,Chinese Grand Prix,2018-04-15,Shanghai International Circuit,Charles Leclerc,LEC,Sauber,16.646565019299167,19,0,0,0
2018,3,Chinese Grand Prix,2018-04-15,Shanghai International Circuit,Brendon Hartley,HAR,Toro Rosso,16.672625443899815,20,0,0,0
2018,4,Azerbaijan Grand Prix,2018-04-29,Baku City Circuit,Lewis Hamilton,HAM,Mercedes,3.464124362490728,1,25,0,25
2018,4,Azerbaijan Grand Prix,2018-04-29,Baku City Circuit,Kimi Räikkönen,RAI,Ferrari,5.305896955641959,2,18,0,18
2018,4,Azerbaijan Grand Prix,2018-04-29,Baku City Circuit,Sebastian Vettel,VET,Ferrari,6.026767404808815,3,15,0,15
2018,4,Azerbaijan Grand Prix,2018-04-29,Baku City Circuit,Sergio Pérez,PER,Force India,7.697202657025466,4,12,0,12
2018,4,Azerbaijan Grand Prix,2018-04-29,Baku City Circuit,Valtteri Bottas,BOT,Mercedes,8.019069083717163,5,10,0,10
2018,4,Azerbaijan Grand Prix,2018-04-29,Baku City Circuit,Fernando Alonso,ALO,McLaren,8.146948600333277,6,8,0,8
2018,4,Azerbaijan Grand Prix,2018-04-29,Baku City Circuit,Carlos Sainz,SAI,Renault,9.360366303494878,7,6,0,6
2018,4,Azerbaijan Grand Prix,2018-04-29,Baku City Circuit,Stoffel Vandoorne,VAN,McLaren,10.245333948967478,8,4,0,4
2018,4,Azerbaijan Grand Prix,2018-04-29,Baku City Circuit,Lance Stroll,STR,Williams,10.51689754246198,9,2,0,2
2018,4,Azerbaijan Grand Prix,2018-04-29,Baku City Circuit,Daniel Ricciardo,RIC,Red Bull,11.082293979946202,10,1,0,1
2018,4,Azerbaijan Grand Prix,2018-04-29,Baku City Circuit,Max Verstappen,VER,Red Bull,11.5167583400117,11,0,0,0
2018,4,Azerbaijan Grand Prix,2018-04-29,Baku City Circuit,Charles Leclerc,LEC,Sauber,11.73858167533026,12,0,0,0
2018,4,Azerbaijan Grand Prix,2018-04-29,Baku City Circuit,Brendon Hartley,HAR,Toro Rosso,11.93607875913082,13,0,0,0
2018,4,Azerbaijan Grand Prix,2018-04-29,Baku City Circuit,Pierre Gasly,GAS,Toro Rosso,12.320958524121512,14,0,0,0
2018,4,Azerbaijan Grand Prix,2018-04-29,Baku City Circuit,Marcus Ericsson,ERI,Sauber,12.542080172871342,15,0,0,0
2018,4,Azerbaijan Grand Prix,2018-04-29,Baku City Circuit,Kevin Magnussen,MAG,Haas F1 Team,13.29617125091254,16,0,0,0
2018,4,Azerbaijan Grand Prix,2018-04-29,Baku City Circuit,Esteban Ocon,OCO,Force India,13.355054284153256,17,0,0,0
2018,4,Azerbaijan Grand Prix,2018-04-29,Baku City Circuit,Romain Grosjean,GRO,Haas F1 Team,13.736664240058609,18,0,0,0
2018,4,Azerbaijan Grand Prix,2018-04-29,Baku City Circuit,Nico Hülkenberg,HUL,Renault,14.712362158916797,19,0,0,0
2018,4,Azerbaijan Grand Prix,2018-04-29,Baku City Circuit,Sergey Sirotkin,SIR,Williams,15.712775481342335,20,0,0,0
2018,5,Spanish Grand Prix,2018-05-13,Circuit de Barcelona-Catalunya,Lewis Hamilton,HAM,Mercedes,2.6121478948958106,1,25,0,25
2018,5,Spanish Grand Prix,2018-05-13,Circuit de Barcelona-Catalunya,Valtteri Bottas,BOT,Mercedes,3.4573692154612563,2,18,0,18
2018,5,Spanish Grand Prix,2018-05-13,Circuit de Barcelona-Catalunya,Sebastian Vettel,VET,Ferrari,4.23582975854847,3,15,0,15
2018,5,Spanish Grand Prix,2018-05-13,Circuit de Barcelona-Catalunya,Max Verstappen,VER,Red Bull,5.198560355070865,4,12,0,12
2018,5,Spanish Grand Prix,2018-05-13,Circuit de Barcelona-Catalunya,Daniel Ricciardo,RIC,Red Bull,6.859488802057709,5,10,0,10
2018,5,Spanish Grand Prix,2018-05-13,Circuit de Barcelona-Catalunya,Fernando Alonso,ALO,McLaren,8.133120777504436,6,8,0,8
2018,5,Spanish Grand Prix,2018-05-13,Circuit de Barcelona-Catalunya,Carlos Sainz,SAI,Renault,9.824262068189327,7,6,0,6
2018,5,Spanish Grand Prix,2018-05-13,Circuit de Barcelona-Catalunya,Kevin Magnussen,MAG,Haas F1 Team,9.831467122776106,8,4,0,4
2018,5,Spanish Grand Prix,2018-05-13,Circuit de Barcelona-Catalunya,Kimi Räikkönen,RAI,Ferrari,10.12425180980846,9,2,0,2
2018,5,Spanish Grand Prix,2018-05-13,Circuit de Barcelona-Catalunya,Sergio Pérez,PER,Force India,10.276269397357348,10,1,0,1
2018,5,Spanish Grand Prix,2018-05-13,Circuit de Barcelona-Catalunya,Charles Leclerc,LEC,Sauber,11.418356272370907,11,0,0,0
2018,5,Spanish Grand Prix,2018-05-13,Circuit de Barcelona-Catalunya,Lance Stroll,STR,Williams,12.96804666611398,12,0,0,0
2018,5,Spanish Grand Prix,2018-05-13,Circuit de Barcelona-Catalunya,Marcus Ericsson,ERI,Sauber,13.20491335536486,13,0,0,0
2018,5,Spanish Grand Prix,2018-05-13,Circuit de Barcelona-Catalunya,Stoffel Vandoorne,VAN,McLaren,13.261464976120433,14,0,0,0
2018,5,Spanish Grand Prix,2018-05-13,Circuit de Barcelona-Catalunya,Brendon Hartley,HAR,Toro Rosso,14.027228968685463,15,0,0,0
2018,5,Spanish Grand Prix,2018-05-13,Circuit de Barcelona-Catalunya,Sergey Sirotkin,SIR,Williams,14.136609292552173,16,0,0,0
2018,5,Spanish Grand Prix,2018-05-13,Circuit de Barcelona-Catalunya,Romain Grosjean,GRO,Haas F1 Team,14.409836352567424,17,0,0,0
2018,5,Spanish Grand Prix,2018-05-13,Circuit de Barcelona-Catalunya,Esteban Ocon,OCO,Force India,14.434554900568694,18,0,0,0
2018,5,Spanish Grand Prix,2018-05-13,Circuit de Barcelona-Catalunya,Pierre Gasly,GAS,Toro Rosso,14.87999842047348,19,0,0,0
2018,5,Spanish Grand Prix,2018-05-13,Circuit de Barcelona-Catalunya,Nico Hülkenberg,HUL,Renault,15.287116300094242,20,0,0,0
2018,6,Monaco Grand Prix,2018-05-27,Circuit de Monaco,Sebastian Vettel,VET,Ferrari,3.595107801605816,1,25,0,25
2018,6,Monaco Grand Prix,2018-05-27,Circuit de Monaco,Lewis Hamilton,HAM,Mercedes,3.809964043724464,2,18,0,18
2018,6,Monaco Grand Prix,2018-05-27,Circuit de Monaco,Daniel Ricciardo,RIC,Red Bull,4.496463958989948,3,15,0,15
2018,6,Monaco Grand Prix,2018-05-27,Circuit de Monaco,Kimi Räikkönen,RAI,Ferrari,5.423019920702886,4,12,0,12
2018,6,Monaco Grand Prix,2018-05-27,Circuit de Monaco,Valtteri Bottas,BOT,Mercedes,6.422181250037283,5,10,0,10
2018,6,Monaco Grand Prix,2018-05-27,Circuit de Monaco,Max Verstappen,VER,Red Bull,8.366481167582815,6,8,0,8
2018,6,Monaco Grand Prix,2018-05-27,Circuit de Monaco,Carlos Sainz,SAI,Renault,9.16293575659804,7,6,0,6
2018,6,Monaco Grand Prix,2018-05-27,Circuit de Monaco,Esteban Ocon,OCO,Force India,9.819629093507888,8,4,0,4
2018,6,Monaco Grand Prix,2018-05-27,Circuit de Monaco,Nico Hülkenberg,HUL,Renault,10.199094851527231,9,2,0,2
2018,6,Monaco Grand Prix,2018-05-27,Circuit de Monaco,Pierre Gasly,GAS,Toro Rosso,10.648760903614187,10,1,0,1
2018,6,Monaco Grand Prix,2018-05-27,Circuit de Monaco,Sergio Pérez,PER,Force India,10.756347382420165,11,0,0,0
2018,6,Monaco Grand Prix,2018-05-27,Circuit de Monaco,Kevin Magnussen,MAG,Haas F1 Team,12.83346651553694,12,0,0,0
2018,6,Monaco Grand Prix,2018-05-27,Circuit de Monaco,Marcus Ericsson,ERI,Sauber,12.881766012751296,13,0,0,0
2018,6,Monaco Grand Prix,2018-05-27,Circuit de Monaco,Stoffel Vandoorne,VAN,McLaren,12.960620637314104,14,0,0,0
2018,6,Monaco Grand Prix,2018-05-27,Circuit de Monaco,Romain Grosjean,GRO,Haas F1 Team,13.610223710081184,15,0,0,0
2018,6,Monaco Grand Prix,2018-05-27,Circuit de Monaco,Charles Leclerc,LEC,Sauber,14.646241246192856,16,0,0,0
2018,6,Monaco Grand Prix,2018-05-27,Circuit de Monaco,Fernando Alonso,ALO,McLaren,14.790842422928565,17,0,0,0
2018,6,Monaco Grand Prix,2018-05-27,Circuit de Monaco,Sergey Sirotkin,SIR,Williams,15.141487307307331,18,0,0,0
2018,6,Monaco Grand Prix,2018-05-27,Circuit de Monaco,Brendon Hartley,HAR,Toro Rosso,15.491278606538126,19,0,0,0
2018,6,Monaco Grand Prix,2018-05-27,Circuit de Monaco,Lance Stroll,STR,Williams,15.83479272242513,20,0,0,0
2018,7,Canadian Grand Prix,2018-06-10,Circuit Gilles Villeneuve,Sebastian Vettel,VET,Ferrari,2.777963925974297,1,25,0,25
2018,7,Canadian Grand Prix,2018-06-10,Circuit Gilles Villeneuve,Valtteri Bottas,BOT,Mercedes,3.545778297683684,2,18,0,18
2018,7,Canadian Grand Prix,2018-06-10,Circuit Gilles Villeneuve,Lewis Hamilton,HAM,Mercedes,4.295130253285853,3,15,0,15
2018,7,Canadian Grand Prix,2018-06-10,Circuit Gilles Villeneuve,Max Verstappen,VER,Red Bull,4.954812022240643,4,12,0,12
2018,7,Canadian Grand Prix,2018-06-10,Circuit Gilles Villeneuve,Kimi Räikkönen,RAI,Ferrari,5.421611261426994,5,10,0,10
2018,7,Canadian Grand Prix,2018-06-10,Circuit Gilles Villeneuve,Daniel Ricciardo,RIC,Red Bull,5.478125153990801,6,8,0,8
2018,7,Canadian Grand Prix,2018-06-10,Circuit Gilles Villeneuve,Carlos Sainz,SAI,Renault,9.09552357924272,7,6,0,6
2018,7,Canadian Grand Prix,2018-06-10,Circuit Gilles Villeneuve,Nico Hülkenberg,HUL,Renault,9.446241459191684,8,4,0,4
2018,7,Canadian Grand Prix,2018-06-10,Circuit Gilles Villeneuve,Esteban Ocon,OCO,Force India,9.798572617887151,9,2,0,2
2018,7,Canadian Grand Prix,2018-06-10,Circuit Gilles Villeneuve,Pierre Gasly,GAS,Toro Rosso,11.339934044215008,10,1,0,1
2018,7,Canadian Grand Prix,2018-06-10,Circuit Gilles Villeneuve,Charles Leclerc,LEC,Sauber,11.649160595039914,11,0,0,0
2018,7,Canadian Grand Prix,2018-06-10,Circuit Gilles Villeneuve,Sergio Pérez,PER,Force India,12.32417331487359,12,0,0,0
2018,7,Canadian Grand Prix,2018-06-10,Circuit Gilles Villeneuve,Romain Grosjean,GRO,Haas F1 Team,12.467222272548677,13,0,0,0
2018,7,Canadian Grand Prix,2018-06-10,Circuit Gilles Villeneuve,Kevin Magnussen,MAG,Haas F1 Team,13.037760214008726,14,0,0,0
2018,7,Canadian Grand Prix,2018-06-10,Circuit Gilles Villeneuve,Marcus Ericsson,ERI,Sauber,13.544587962540248,15,0,0,0
2018,7,Canadian Grand Prix,2018-06-10,Circuit Gilles Villeneuve,Fernando Alonso,ALO,McLaren,13.68460693105428,16,0,0,0
2018,7,Canadian Grand Prix,2018-06-10,Circuit Gilles Villeneuve,Stoffel Vandoorne,VAN,McLaren,14.2778340669787,17,0,0,0
2018,7,Canadian Grand Prix,2018-06-10,Circuit Gilles Villeneuve,Sergey Sirotkin,SIR,Williams,16.070222704166184,18,0,0,0
2018,7,Canadian Grand Prix,2018-06-10,Circuit Gilles Villeneuve,Brendon Hartley,HAR,Toro Rosso,16.274236408668862,19,0,0,0
2018,7,Canadian Grand Prix,2018-06-10,Circuit Gilles Villeneuve,Lance Stroll,STR,Williams,16.644976744607387,20,0,0,0
2018,8,French Grand Prix,2018-06-24,Circuit Paul Ricard,Lewis Hamilton,HAM,Mercedes,2.213215027090948,1,25,0,25
2018,8,French Grand Prix,2018-06-24,Circuit Paul Ricard,Max Verstappen,VER,Red Bull,4.017981519463274,2,18,0,18
2018,8,French Grand Prix,2018-06-24,Circuit Paul Ricard,Daniel Ricciardo,RIC,Red Bull,5.039185886613072,3,15,0,15
2018,8,French Grand Prix,2018-06-24,Circuit Paul Ricard,Sebastian Vettel,VET,Ferrari,5.154537085209873,4,12,0,12
2018,8,French Grand Prix,2018-06-24,Circuit Paul Ricard,Kimi Räikkönen,RAI,Ferrari,5.3745856514245,5,10,0,10
2018,8,French Grand Prix,2018-06-24,Circuit Paul Ricard,Valtteri Bottas,BOT,Mercedes,5.79002939266916,6,8,0,8
2018,8,French Grand Prix,2018-06-24,Circuit Paul Ricard,Carlos Sainz,SAI,Renault,8.825782583499182,7,6,0,6
2018,8,French Grand Prix,2018-06-24,Circuit Paul Ricard,Kevin Magnussen,MAG,Haas F1 Team,10.080820442222848,8,4,0,4
2018,8,French Grand Prix,2018-06-24,Circuit Paul Ricard,Nico Hülkenberg,HUL,Renault,10.685982156363114,9,2,0,2
2018,8,French Grand Prix,2018-06-24,Circuit Paul Ricard,Charles Leclerc,LEC,Sauber,11.96731163889368,10,1,0,1
2018,8,French Grand Prix,2018-06-24,Circuit Paul Ricard,Romain Grosjean,GRO,Haas F1 Team,12.673382886052895,11,0,0,0
2018,8,French Grand Prix,2018-06-24,Circuit Paul Ricard,Stoffel Vandoorne,VAN,McLaren,13.21921402287043,12,0,0,0
2018,8,French Grand Prix,2018-06-24,Circuit Paul Ricard,Marcus Ericsson,ERI,Sauber,13.233675299691008,13,0,0,0
2018,8,French Grand Prix,2018-06-24,Circuit Paul Ricard,Sergio Pérez,PER,Force India,13.937023381494376,14,0,0,0
2018,8,French Grand Prix,2018-06-24,Circuit Paul Ricard,Brendon Hartley,HAR,Toro Rosso,14.461986345744332,15,0,0,0
2018,8,French Grand Prix,2018-06-24,Circuit Paul Ricard,Esteban Ocon,OCO,Force India,14.513809913576242,16,0,0,0
2018,8,French Grand Prix,2018-06-24,Circuit Paul Ricard,Fernando Alonso,ALO,McLaren,14.726534659615202,17,0,0,0
2018,8,French Grand Prix,2018-06-24,Circuit Paul Ricard,Pierre Gasly,GAS,Toro Rosso,15.395413088428295,18,0,0,0
2018,8,French Grand Prix,2018-06-24,Circuit Paul Ricard,Sergey Sirotkin,SIR,Williams,15.688624545035704,19,0,0,0
2018,8,French Grand Prix,2018-06-24,Circuit Paul Ricard,Lance Stroll,STR,Williams,15.71013198117974,20,0,0,0
2018,9,Austrian Grand Prix,2018-07-01,Red Bull Ring,Sebastian Vettel,VET,Ferrari,4.099165701067488,1,25,0,25
2018,9,Austrian Grand Prix,2018-07-01,Red Bull Ring,Kimi Räikkönen,RAI,Ferrari,4.14164953602275,2,18,0,18
2018,9,Austrian Grand Prix,2018-07-01,Red Bull Ring,Max Verstappen,VER,Red Bull,4.828487276815847,3,15,0,15
2018,9,Austrian Grand Prix,2018-07-01,Red Bull Ring,Lewis Hamilton,HAM,Mercedes,7.95909736054266,4,12,0,12
2018,9,Austrian Grand Prix,2018-07-01,Red Bull Ring,Romain Grosjean,GRO,Haas F1 Team,8.81115531211089,5,10,0,10
2018,9,Austrian Grand Prix,2018-07-01,Red Bull Ring,Esteban Ocon,OCO,Force India,8.909319429986999,6,8,0,8
2018,9,Austrian Grand Prix,2018-07-01,Red Bull Ring,Sergio Pérez,PER,Force India,9.56243362786727,7,6,0,6
2018,9,Austrian Grand Prix,2018-07-01,Red Bull Ring,Kevin Magnussen,MAG,Haas F1 Team,9.71720483499344,8,4,0,4
2018,9,Austrian Grand Prix,2018-07-01,Red Bull Ring,Valtteri Bottas,BOT,Mercedes,10.027793987337448,9,2,0,2
2018,9,Austrian Grand Prix,2018-07-01,Red Bull Ring,Daniel Ricciardo,RIC,Red Bull,10.083561009355082,10,1,0,1
2018,9,Austrian Grand Prix,2018-07-01,Red Bull Ring,Charles Leclerc,LEC,Sauber,10.96882931079976,11,0,0,0
2018,9,Austrian Grand Prix,2018-07-01,Red Bull Ring,Marcus Ericsson,ERI,Sauber,11.43030783532265,12,0,0,0
2018,9,Austrian Grand Prix,2018-07-01,Red Bull Ring,Fernando Alonso,ALO,McLaren,11.587081675718482,13,0,0,0
2018,9,Austrian Grand Prix,2018-07-01,Red Bull Ring,Pierre Gasly,GAS,Toro Rosso,11.940407913518287,14,0,0,0
2018,9,Austrian Grand Prix,2018-07-01,Red Bull Ring,Carlos Sainz,SAI,Renault,12.09989217114229,15,0,0,0
2018,9,Austrian Grand Prix,2018-07-01,Red Bull Ring,Stoffel Vandoorne,VAN,McLaren,13.45483193520691,16,0,0,0
2018,9,Austrian Grand Prix,2018-07-01,Red Bull Ring,Sergey Sirotkin,SIR,Williams,14.29947847076336,17,0,0,0
2018,9,Austrian Grand Prix,2018-07-01,Red Bull Ring,Lance Stroll,STR,Williams,14.626848329279246,18,0,0,0
2018,9,Austrian Grand Prix,2018-07-01,Red Bull Ring,Nico Hülkenberg,HUL,Renault,15.469877474848207,19,0,0,0
2018,9,Austrian Grand Prix,2018-07-01,Red Bull Ring,Brendon Hartley,HAR,Toro Rosso,15.832199828841365,20,0,0,0
2018,10,British Grand Prix,2018-07-08,Silverstone Circuit,Lewis Hamilton,HAM,Mercedes,2.6171680975689084,1,25,0,25
2018,10,British Grand Prix,2018-07-08,Silverstone Circuit,Sebastian Vettel,VET,Ferrari,4.556886715237067,2,18,0,18
2018,10,British Grand Prix,2018-07-08,Silverstone Circuit,Valtteri Bottas,BOT,Mercedes,4.782673981344889,3,15,0,15
2018,10,British Grand Prix,2018-07-08,Silverstone Circuit,Kimi Räikkönen,RAI,Ferrari,5.039152755861501,4,12,0,12
2018,10,British Grand Prix,2018-07-08,Silverstone Circuit,Daniel Ricciardo,RIC,Red Bull,6.161545607576156,5,10,0,10
2018,10,British Grand Prix,2018-07-08,Silverstone Circuit,Esteban Ocon,OCO,Force India,8.510631123992464,6,8,0,8
2018,10,British Grand Prix,2018-07-08,Silverstone Circuit,Max Verstappen,VER,Red Bull,8.860484785467838,7,6,0,6
2018,10,British Grand Prix,2018-07-08,Silverstone Circuit,Nico Hülkenberg,HUL,Renault,9.130782123631558,8,4,0,4
2018,10,British Grand Prix,2018-07-08,Silverstone Circuit,Sergio Pérez,PER,Force India,9.519055373676174,9,2,0,2
2018,10,British Grand Prix,2018-07-08,Silverstone Circuit,Kevin Magnussen,MAG,Haas F1 Team,10.628192030540406,10,1,0,1
2018,10,British Grand Prix,2018-07-08,Silverstone Circuit,Fernando Alonso,ALO,McLaren,11.355144091122002,11,0,0,0
2018,10,British Grand Prix,2018-07-08,Silverstone Circuit,Romain Grosjean,GRO,Haas F1 Team,11.881739909398396,12,0,0,0
2018,10,British Grand Prix,2018-07-08,Silverstone Circuit,Pierre Gasly,GAS,Toro Rosso,12.832287038558045,13,0,0,0
2018,10,British Grand Prix,2018-07-08,Silverstone Circuit,Stoffel Vandoorne,VAN,McLaren,13.000497773305849,14,0,0,0
2018,10,British Grand Prix,2018-07-08,Silverstone Circuit,Lance Stroll,STR,Williams,13.606320959769942,15,0,0,0
2018,10,British Grand Prix,2018-07-08,Silverstone Circuit,Carlos Sainz,SAI,Renault,14.17571342785792,16,0,0,0
2018,10,British Grand Prix,2018-07-08,Silverstone Circuit,Sergey Sirotkin,SIR,Williams,14.674305145932824,17,0,0,0
2018,10,British Grand Prix,2018-07-08,Silverstone Circuit,Marcus Ericsson,ERI,Sauber,14.838586160296265,18,0,0,0
2018,10,British Grand Prix,2018-07-08,Silverstone Circuit,Charles Leclerc,LEC,Sauber,15.265512842983242,19,0,0,0
2018,10,British Grand Prix,2018-07-08,Silverstone Circuit,Brendon Hartley,HAR,Toro Rosso,17.253609051304423,20,0,0,0
2018,11,German Grand Prix,2018-07-22,Hockenheimring,Lewis Hamilton,HAM,Mercedes,2.544532533523803,1,25,0,25
2018,11,German Grand Prix,2018-07-22,Hockenheimring,Valtteri Bottas,BOT,Mercedes,3.641832196151663,2,18,0,18
2018,11,German Grand Prix,2018-07-22,Hockenheimring,Max Verstappen,VER,Red Bull,5.523681720764976,3,15,0,15
2018,11,German Grand Prix,2018-07-22,Hockenheimring,Kimi Räikkönen,RAI,Ferrari,6.355585282928087,4,12,0,12
2018,11,German Grand Prix,2018-07-22,Hockenheimring,Nico Hülkenberg,HUL,Renault,8.130749668941725,5,10,0,10
2018,11,German Grand Prix,2018-07-22,Hockenheimring,Romain Grosjean,GRO,Haas F1 Team,8.423945872796162,6,8,0,8
2018,11,German Grand Prix,2018-07-22,Hockenheimring,Sergio Pérez,PER,Force India,9.16274482481886,7,6,0,6
2018,11,German Grand Prix,2018-07-22,Hockenheimring,Esteban Ocon,OCO,Force India,9.182380705059686,8,4,0,4
2018,11,German Grand Prix,2018-07-22,Hockenheimring,Kevin Magnussen,MAG,Haas F1 Team,10.063447458300969,9,2,0,2
2018,11,German Grand Prix,2018-07-22,Hockenheimring,Sebastian Vettel,VET,Ferrari,10.074925740539566,10,1,0,1
2018,11,German Grand Prix,2018-07-22,Hockenheimring,Marcus Ericsson,ERI,Sauber,11.264259986670332,11,0,0,0
2018,11,German Grand Prix,2018-07-22,Hockenheimring,Carlos Sainz,SAI,Renault,11.678446392478008,12,0,0,0
2018,11,German Grand Prix,2018-07-22,Hockenheimring,Daniel Ricciardo,RIC,Red Bull,11.962215722160495,13,0,0,0
2018,11,German Grand Prix,2018-07-22,Hockenheimring,Brendon Hartley,HAR,Toro Rosso,12.594033362076084,14,0,0,0
2018,11,German Grand Prix,2018-07-22,Hockenheimring,Stoffel Vandoorne,VAN,McLaren,13.37016807019198,15,0,0,0
2018,11,German Grand Prix,2018-07-22,Hockenheimring,Fernando Alonso,ALO,McLaren,13.514454446222365,16,0,0,0
2018,11,German Grand Prix,2018-07-22,Hockenheimring,Charles Leclerc,LEC,Sauber,13.530925621451184,17,0,0,0
2018,11,German Grand Prix,2018-07-22,Hockenheimring,Pierre Gasly,GAS,Toro Rosso,14.221373493853296,18,0,0,0
2018,11,German Grand Prix,2018-07-22,Hockenheimring,Lance Stroll,STR,Williams,16.061935077692887,19,0,0,0
2018,11,German Grand Prix,2018-07-22,Hockenheimring,Sergey Sirotkin,SIR,Williams,16.539503736000967,20,0,0,0
2018,12,Hungarian Grand Prix,2018-07-29,Hungaroring,Lewis Hamilton,HAM,Mercedes,2.5071023411508606,1,25,0,25
2018,12,Hungarian Grand Prix,2018-07-29,Hungaroring,Sebastian Vettel,VET,Ferrari,3.38277312043494,2,18,0,18
2018,12,Hungarian Grand Prix,2018-07-29,Hungaroring,Valtteri Bottas,BOT,Mercedes,4.994817041691979,3,15,0,15
2018,12,Hungarian Grand Prix,2018-07-29,Hungaroring,Kimi Räikkönen,RAI,Ferrari,5.353636753641244,4,12,0,12
2018,12,Hungarian Grand Prix,2018-07-29,Hungaroring,Daniel Ricciardo,RIC,Red Bull,5.576380126491139,5,10,0,10
2018,12,Hungarian Grand Prix,2018-07-29,Hungaroring,Kevin Magnussen,MAG,Haas F1 Team,9.062983348258072,6,8,0,8
2018,12,Hungarian Grand Prix,2018-07-29,Hungaroring,Romain Grosjean,GRO,Haas F1 Team,9.493977691232802,7,6,0,6
2018,12,Hungarian Grand Prix,2018-07-29,Hungaroring,Carlos Sainz,SAI,Renault,10.055148636163697,8,4,0,4
2018,12,Hungarian Grand Prix,2018-07-29,Hungaroring,Max Verstappen,VER,Red Bull,10.37968235407282,9,2,0,2
2018,12,Hungarian Grand Prix,2018-07-29,Hungaroring,Pierre Gasly,GAS,Toro Rosso,10.475654314762943,10,1,0,1
2018,12,Hungarian Grand Prix,2018-07-29,Hungaroring,Fernando Alonso,ALO,McLaren,10.805767739038233,11,0,0,0
2018,12,Hungarian Grand Prix,2018-07-29,Hungaroring,Nico Hülkenberg,HUL,Renault,11.041393986848304,12,0,0,0
2018,12,Hungarian Grand Prix,2018-07-29,Hungaroring,Esteban Ocon,OCO,Force India,12.450381594768263,13,0,0,0
2018,12,Hungarian Grand Prix,2018-07-29,Hungaroring,Brendon Hartley,HAR,Toro Rosso,12.6805583637188,14,0,0,0
2018,12,Hungarian Grand Prix,2018-07-29,Hungaroring,Sergio Pérez,PER,Force India,13.348291136648225,15,0,0,0
2018,12,Hungarian Grand Prix,2018-07-29,Hungaroring,Marcus Ericsson,ERI,Sauber,13.963740714873536,16,0,0,0
2018,12,Hungarian Grand Prix,2018-07-29,Hungaroring,Charles Leclerc,LEC,Sauber,15.09130105695622,17,0,0,0
2018,12,Hungarian Grand Prix,2018-07-29,Hungaroring,Stoffel Vandoorne,VAN,McLaren,15.223372684035388,18,0,0,0
2018,12,Hungarian Grand Prix,2018-07-29,Hungaroring,Sergey Sirotkin,SIR,Williams,15.870961323587048,19,0,0,0
2018,12,Hungarian Grand Prix,2018-07-29,Hungaroring,Lance Stroll,STR,Williams,15.965502649755871,20,0,0,0
2018,13,Belgian Grand Prix,2018-08-26,Circuit de Spa-Francorchamps,Lewis Hamilton,HAM,Mercedes,2.8409816865359794,1,25,0,25
2018,13,Belgian Grand Prix,2018-08-26,Circuit de Spa-Francorchamps,Sebastian Vettel,VET,Ferrari,3.5472026668448877,2,18,0,18
2018,13,Belgian Grand Prix,2018-08-26,Circuit de Spa-Francorchamps,Valtteri Bottas,BOT,Mercedes,4.773101864651113,3,15,0,15
2018,13,Belgian Grand Prix,2018-08-26,Circuit de Spa-Francorchamps,Max Verstappen,VER,Red Bull,4.90213144254349,4,12,0,12
2018,13,Belgian Grand Prix,2018-08-26,Circuit de Spa-Francorchamps,Sergio Pérez,PER,Force India,7.822064957616497,5,10,0,10
2018,13,Belgian Grand Prix,2018-08-26,Circuit de Spa-Francorchamps,Esteban Ocon,OCO,Force India,8.023801977085,6,8,0,8
2018,13,Belgian Grand Prix,2018-08-26,Circuit de Spa-Francorchamps,Romain Grosjean,GRO,Haas F1 Team,9.199427933648543,7,6,0,6
2018,13,Belgian Grand Prix,2018-08-26,Circuit de Spa-Francorchamps,Kimi Räikkönen,RAI,Ferrari,9.786547188749545,8,4,0,4
2018,13,Belgian Grand Prix,2018-08-26,Circuit de Spa-Francorchamps,Pierre Gasly,GAS,Toro Rosso,10.541270747164,9,2,0,2
2018,13,Belgian Grand Prix,2018-08-26,Circuit de Spa-Francorchamps,Kevin Magnussen,MAG,Haas F1 Team,10.69263012406356,10,1,0,1
2018,13,Belgian Grand Prix,2018-08-26,Circuit de Spa-Francorchamps,Daniel Ricciardo,RIC,Red Bull,11.25611147942725,11,0,0,0
2018,13,Belgian Grand Prix,2018-08-26,Circuit de Spa-Francorchamps,Carlos Sainz,SAI,Renault,11.304921023524532,12,0,0,0
2018,13,Belgian Grand Prix,2018-08-26,Circuit de Spa-Francorchamps,Marcus Ericsson,ERI,Sauber,11.955419344360358,13,0,0,0
2018,13,Belgian Grand Prix,2018-08-26,Circuit de Spa-Francorchamps,Brendon Hartley,HAR,Toro Rosso,14.16551418591544,14,0,0,0
2018,13,Belgian Grand Prix,2018-08-26,Circuit de Spa-Francorchamps,Nico Hülkenberg,HUL,Renault,14.34799501466456,15,0,0,0
2018,13,Belgian Grand Prix,2018-08-26,Circuit de Spa-Francorchamps,Stoffel Vandoorne,VAN,McLaren,14.349498330178116,16,0,0,0
2018,13,Belgian Grand Prix,2018-08-26,Circuit de Spa-Francorchamps,Lance Stroll,STR,Williams,14.524076691769253,17,0,0,0
2018,13,Belgian Grand Prix,2018-08-26,Circuit de Spa-Francorchamps,Sergey Sirotkin,SIR,Williams,14.536372422188297,18,0,0,0
2018,13,Belgian Grand Prix,2018-08-26,Circuit de Spa-Francorchamps,Fernando Alonso,ALO,McLaren,14.61369068774886,19,0,0,0
2018,13,Belgian Grand Prix,2018-08-26,Circuit de Spa-Francorchamps,Charles Leclerc,LEC,Sauber,15.032149318394444,20,0,0,0
2018,14,Italian Grand Prix,2018-09-02,Autodromo Nazionale di Monza,Lewis Hamilton,HAM,Mercedes,3.0206563950269505,1,25,0,25
2018,14,Italian Grand Prix,2018-09-02,Autodromo Nazionale di Monza,Kimi Räikkönen,RAI,Ferrari,4.315128617346971,2,18,0,18
2018,14,Italian Grand Prix,2018-09-02,Autodromo Nazionale di Monza,Valtteri Bottas,BOT,Mercedes,4.708515477569684,3,15,0,15
2018,14,Italian Grand Prix,2018-09-02,Autodromo Nazionale di Monza,Sebastian Vettel,VET,Ferrari,5.312342003079096,4,12,0,12
2018,14,Italian Grand Prix,2018-09-02,Autodromo Nazionale di Monza,Max Verstappen,VER,Red Bull,6.583355869134269,5,10,0,10
2018,14,Italian Grand Prix,2018-09-02,Autodromo Nazionale di Monza,Sergio Pérez,PER,Force India,7.432243955992403,6,8,0,8
2018,14,Italian Grand Prix,2018-09-02,Autodromo Nazionale di Monza,Esteban Ocon,OCO,Force India,7.571108223682059,7,6,0,6
2018,14,Italian Grand Prix,2018-09-02,Autodromo Nazionale di Monza,Carlos Sainz,SAI,Renault,9.771653936730075,8,4,0,4
2018,14,Italian Grand Prix,2018-09-02,Autodromo Nazionale di Monza,Daniel Ricciardo,RIC,Red Bull,11.224160540217214,9,2,0,2
2018,14,Italian Grand Prix,2018-09-02,Autodromo Nazionale di Monza,Lance Stroll,STR,Williams,12.191341896100926,10,1,0,1
2018,14,Italian Grand Prix,2018-09-02,Autodromo Nazionale di Monza,Pierre Gasly,GAS,Toro Rosso,12.281700119956447,11,0,0,0
2018,14,Italian Grand Prix,2018-09-02,Autodromo Nazionale di Monza,Nico Hülkenberg,HUL,Renault,12.412215035326986,12,0,0,0
2018,14,Italian Grand Prix,2018-09-02,Autodromo Nazionale di Monza,Stoffel Vandoorne,VAN,McLaren,12.818012686028467,13,0,0,0
2018,14,Italian Grand Prix,2018-09-02,Autodromo Nazionale di Monza,Charles Leclerc,LEC,Sauber,12.978710776068027,14,0,0,0
2018,14,Italian Grand Prix,2018-09-02,Autodromo Nazionale di Monza,Sergey Sirotkin,SIR,Williams,13.097039679169107,15,0,0,0
2018,14,Italian Grand Prix,2018-09-02,Autodromo Nazionale di Monza,Kevin Magnussen,MAG,Haas F1 Team,13.562588478721626,16,0,0,0
2018,14,Italian Grand Prix,2018-09-02,Autodromo Nazionale di Monza,Marcus Ericsson,ERI,Sauber,14.633675523440882,17,0,0,0
2018,14,Italian Grand Prix,2018-09-02,Autodromo Nazionale di Monza,Brendon Hartley,HAR,Toro Rosso,14.749647807025625,18,0,0,0
2018,14,Italian Grand Prix,2018-09-02,Autodromo Nazionale di Monza,Fernando Alonso,ALO,McLaren,15.178481894134896,19,0,0,0
2018,14,Italian Grand Prix,2018-09-02,Autodromo Nazionale di Monza,Romain Grosjean,GRO,Haas F1 Team,15.282496298608748,20,0,0,0
2018,15,Singapore Grand Prix,2018-09-16,Marina Bay Street Circuit,Lewis Hamilton,HAM,Mercedes,2.251672562582752,1,25,0,25
2018,15,Singapore Grand Prix,2018-09-16,Marina Bay Street Circuit,Sebastian Vettel,VET,Ferrari,4.638388663726164,2,18,0,18
2018,15,Singapore Grand Prix,2018-09-16,Marina Bay Street Circuit,Max Verstappen,VER,Red Bull,5.408996455954809,3,15,0,15
2018,15,Singapore Grand Prix,2018-09-16,Marina Bay Street Circuit,Valtteri Bottas,BOT,Mercedes,5.446665799255051,4,12,0,12
2018,15,Singapore Grand Prix,2018-09-16,Marina Bay Street Circuit,Kimi Räikkönen,RAI,Ferrari,6.096455885488953,5,10,0,10
2018,15,Singapore Grand Prix,2018-09-16,Marina Bay Street Circuit,Daniel Ricciardo,RIC,Red Bull,6.980720052515389,6,8,0,8
2018,15,Singapore Grand Prix,2018-09-16,Marina Bay Street Circuit,Carlos Sainz,SAI,Renault,9.40941560621869,7,6,0,6
2018,15,Singapore Grand Prix,2018-09-16,Marina Bay Street Circuit,Fernando Alonso,ALO,McLaren,10.433179859340385,8,4,0,4
2018,15,Singapore Grand Prix,2018-09-16,Marina Bay Street Circuit,Nico Hülkenberg,HUL,Renault,10.473405484447367,9,2,0,2
2018,15,Singapore Grand Prix,2018-09-16,Marina Bay Street Circuit,Charles Leclerc,LEC,Sauber,11.358433653684438,10,1,0,1
2018,15,Singapore Grand Prix,2018-09-16,Marina Bay Street Circuit,Sergio Pérez,PER,Force India,12.178166447262754,11,0,0,0
2018,15,Singapore Grand Prix,2018-09-16,Marina Bay Street Circuit,Marcus Ericsson,ERI,Sauber,12.24853232021354,12,0,0,0
2018,15,Singapore Grand Prix,2018-09-16,Marina Bay Street Circuit,Pierre Gasly,GAS,Toro Rosso,12.96442284649855,13,0,0,0
2018,15,Singapore Grand Prix,2018-09-16,Marina Bay Street Circuit,Stoffel Vandoorne,VAN,McLaren,13.129805463121608,14,0,0,0
2018,15,Singapore Grand Prix,2018-09-16,Marina Bay Street Circuit,Romain Grosjean,GRO,Haas F1 Team,13.297541343465006,15,0,0,0
2018,15,Singapore Grand Prix,2018-09-16,Marina Bay Street Circuit,Lance Stroll,STR,Williams,14.092460453747924,16,0,0,0
2018,15,Singapore Grand Prix,2018-09-16,Marina Bay Street Circuit,Kevin Magnussen,MAG,Haas F1 Team,14.773051566811642,17,0,0,0
2018,15,Singapore Grand Prix,2018-09-16,Marina Bay Street Circuit,Esteban Ocon,OCO,Force India,15.203701878154767,18,0,0,0
2018,15,Singapore Grand Prix,2018-09-16,Marina Bay Street Circuit,Brendon Hartley,HAR,Toro Rosso,15.58253308539208,19,0,0,0
2018,15,Singapore Grand Prix,2018-09-16,Marina Bay Street Circuit,Sergey Sirotkin,SIR,Williams,16.454814540356097,20,0,0,0
2018,16,Russian Grand Prix,2018-09-30,Sochi Autodrom,Lewis Hamilton,HAM,Mercedes,2.219698358877695,1,25,0,25
2018,16,Russian Grand Prix,2018-09-30,Sochi Autodrom,Valtteri Bottas,BOT,Mercedes,2.9646832520675663,2,18,0,18
2018,16,Russian Grand Prix,2018-09-30,Sochi Autodrom,Sebastian Vettel,VET,Ferrari,4.08407853793822,3,15,0,15
2018,16,Russian Grand Prix,2018-09-30,Sochi Autodrom,Kimi Räikkönen,RAI,Ferrari,5.970453069251923,4,12,0,12
2018,16,Russian Grand Prix,2018-09-30,Sochi Autodrom,Max Verstappen,VER,Red Bull,6.281186547886353,5,10,0,10
2018,16,Russian Grand Prix,2018-09-30,Sochi Autodrom,Daniel Ricciardo,RIC,Red Bull,7.613118890154284,6,8,0,8
2018,16,Russian Grand Prix,2018-09-30,Sochi Autodrom,Esteban Ocon,OCO,Force India,9.095772468157868,7,6,0,6
2018,16,Russian Grand Prix,2018-09-30,Sochi Autodrom,Kevin Magnussen,MAG,Haas F1 Team,10.087056552655037,8,4,0,4
2018,16,Russian Grand Prix,2018-09-30,Sochi Autodrom,Sergio Pérez,PER,Force India,10.183393010327052,9,2,0,2
2018,16,Russian Grand Prix,2018-09-30,Sochi Autodrom,Charles Leclerc,LEC,Sauber,10.5050228807129,10,1,0,1
2018,16,Russian Grand Prix,2018-09-30,Sochi Autodrom,Romain Grosjean,GRO,Haas F1 Team,11.87490040730196,11,0,0,0
2018,16,Russian Grand Prix,2018-09-30,Sochi Autodrom,Nico Hülkenberg,HUL,Renault,11.968241846966873,12,0,0,0
2018,16,Russian Grand Prix,2018-09-30,Sochi Autodrom,Fernando Alonso,ALO,McLaren,13.255800029990702,13,0,0,0
2018,16,Russian Grand Prix,2018-09-30,Sochi Autodrom,Marcus Ericsson,ERI,Sauber,13.25707717722394,14,0,0,0
2018,16,Russian Grand Prix,2018-09-30,Sochi Autodrom,Carlos Sainz,SAI,Renault,13.688264274874571,15,0,0,0
2018,16,Russian Grand Prix,2018-09-30,Sochi Autodrom,Pierre Gasly,GAS,Toro Rosso,14.695201184435948,16,0,0,0
2018,16,Russian Grand Prix,2018-09-30,Sochi Autodrom,Stoffel Vandoorne,VAN,McLaren,14.927959158314684,17,0,0,0
2018,16,Russian Grand Prix,2018-09-30,Sochi Autodrom,Lance Stroll,STR,Williams,15.111913435795234,18,0,0,0
2018,16,Russian Grand Prix,2018-09-30,Sochi Autodrom,Sergey Sirotkin,SIR,Williams,16.563722646037967,19,0,0,0
2018,16,Russian Grand Prix,2018-09-30,Sochi Autodrom,Brendon Hartley,HAR,Toro Rosso,17.06480693667042,20,0,0,0
2018,17,Japanese Grand Prix,2018-10-07,Suzuka Circuit,Lewis Hamilton,HAM,Mercedes,1.8507108843586653,1,25,0,25
2018,17,Japanese Grand Prix,2018-10-07,Suzuka Circuit,Valtteri Bottas,BOT,Mercedes,3.119331749084756,2,18,0,18
2018,17,Japanese Grand Prix,2018-10-07,Suzuka Circuit,Sebastian Vettel,VET,Ferrari,5.701199600323621,3,15,0,15
2018,17,Japanese Grand Prix,2018-10-07,Suzuka Circuit,Daniel Ricciardo,RIC,Red Bull,5.723190993418533,4,12,0,12
2018,17,Japanese Grand Prix,2018-10-07,Suzuka Circuit,Max Verstappen,VER,Red Bull,5.894581206466085,5,10,0,10
2018,17,Japanese Grand Prix,2018-10-07,Suzuka Circuit,Kimi Räikkönen,RAI,Ferrari,5.943725249002139,6,8,0,8
2018,17,Japanese Grand Prix,2018-10-07,Suzuka Circuit,Esteban Ocon,OCO,Force India,8.671390994844362,7,6,0,6
2018,17,Japanese Grand Prix,2018-10-07,Suzuka Circuit,Sergio Pérez,PER,Force India,9.407959790106938,8,4,0,4
2018,17,Japanese Grand Prix,2018-10-07,Suzuka Circuit,Romain Grosjean,GRO,Haas F1 Team,9.98846726996685,9,2,0,2
2018,17,Japanese Grand Prix,2018-10-07,Suzuka Circuit,Carlos Sainz,SAI,Renault,11.647680401094012,10,1,0,1
2018,17,Japanese Grand Prix,2018-10-07,Suzuka Circuit,Pierre Gasly,GAS,Toro Rosso,11.840521776068996,11,0,0,0
2018,17,Japanese Grand Prix,2018-10-07,Suzuka Circuit,Marcus Ericsson,ERI,Sauber,12.283559111928996,12,0,0,0
2018,17,Japanese Grand Prix,2018-10-07,Suzuka Circuit,Charles Leclerc,LEC,Sauber,13.47656571969089,13,0,0,0
2018,17,Japanese Grand Prix,2018-10-07,Suzuka Circuit,Fernando Alonso,ALO,McLaren,13.795662249464732,14,0,0,0
2018,17,Japanese Grand Prix,2018-10-07,Suzuka Circuit,Stoffel Vandoorne,VAN,McLaren,13.894835333270937,15,0,0,0
2018,17,Japanese Grand Prix,2018-10-07,Suzuka Circuit,Brendon Hartley,HAR,Toro Rosso,14.00466200465354,16,0,0,0
2018,17,Japanese Grand Prix,2018-10-07,Suzuka Circuit,Nico Hülkenberg,HUL,Renault,14.985544874984196,17,0,0,0
2018,17,Japanese Grand Prix,2018-10-07,Suzuka Circuit,Sergey Sirotkin,SIR,Williams,15.563976691994212,18,0,0,0
2018,17,Japanese Grand Prix,2018-10-07,Suzuka Circuit,Lance Stroll,STR,Williams,15.60866422410071,19,0,0,0
2018,17,Japanese Grand Prix,2018-10-07,Suzuka Circuit,Kevin Magnussen,MAG,Haas F1 Team,16.051351794187216,20,0,0,0
2018,18,United States Grand Prix,2018-10-21,Circuit of the Americas,Lewis Hamilton,HAM,Mercedes,2.5290297733917626,1,25,0,25
2018,18,United States Grand Prix,2018-10-21,Circuit of the Americas,Max Verstappen,VER,Red Bull,4.444217641704338,2,18,0,18
2018,18,United States Grand Prix,2018-10-21,Circuit of the Americas,Sebastian Vettel,VET,Ferrari,4.99632985957783,3,15,0,15
2018,18,United States Grand Prix,2018-10-21,Circuit of the Americas,Kimi Räikkönen,RAI,Ferrari,5.128679929814755,4,12,0,12
2018,18,United States Grand Prix,2018-10-21,Circuit of the Americas,Valtteri Bottas,BOT,Mercedes,5.303203096259043,5,10,0,10
2018,18,United States Grand Prix,2018-10-21,Circuit of the Americas,Carlos Sainz,SAI,Renault,8.935708388017195,6,8,0,8
2018,18,United States Grand Prix,2018-10-21,Circuit of the Americas,Sergio Pérez,PER,Force India,9.910507254670296,7,6,0,6
2018,18,United States Grand Prix,2018-10-21,Circuit of the Americas,Nico Hülkenberg,HUL,Renault,10.333443955640156,8,4,0,4
2018,18,United States Grand Prix,2018-10-21,Circuit of the Americas,Daniel Ricciardo,RIC,Red Bull,10.840838535090814,9,2,0,2
2018,18,United States Grand Prix,2018-10-21,Circuit of the Americas,Marcus Ericsson,ERI,Sauber,11.40727738916221,10,1,0,1
2018,18,United States Grand Prix,2018-10-21,Circuit of the Americas,Brendon Hartley,HAR,Toro Rosso,11.533363431757056,11,0,0,0
2018,18,United States Grand Prix,2018-10-21,Circuit of the Americas,Stoffel Vandoorne,VAN,McLaren,11.95904701587413,12,0,0,0
2018,18,United States Grand Prix,2018-10-21,Circuit of the Americas,Pierre Gasly,GAS,Toro Rosso,12.688126980781108,13,0,0,0
2018,18,United States Grand Prix,2018-10-21,Circuit of the Americas,Charles Leclerc,LEC,Sauber,13.181777022523372,14,0,0,0
2018,18,United States Grand Prix,2018-10-21,Circuit of the Americas,Romain Grosjean,GRO,Haas F1 Team,13.794119694575237,15,0,0,0
2018,18,United States Grand Prix,2018-10-21,Circuit of the Americas,Lance Stroll,STR,Williams,13.907558815135667,16,0,0,0
2018,18,United States Grand Prix,2018-10-21,Circuit of the Americas,Sergey Sirotkin,SIR,Williams,13.9375840417404,17,0,0,0
2018,18,United States Grand Prix,2018-10-21,Circuit of the Americas,Esteban Ocon,OCO,Force India,14.496510690732784,18,0,0,0
2018,18,United States Grand Prix,2018-10-21,Circuit of the Americas,Fernando Alonso,ALO,McLaren,14.998931982000984,19,0,0,0
2018,18,United States Grand Prix,2018-10-21,Circuit of the Americas,Kevin Magnussen,MAG,Haas F1 Team,16.560353641385596,20,0,0,0
2018,19,Mexican Grand Prix,2018-10-28,Autódromo Hermanos Rodríguez,Max Verstappen,VER,Red Bull,3.3569801343470944,1,25,0,25
2018,19,Mexican Grand Prix,2018-10-28,Autódromo Hermanos Rodríguez,Lewis Hamilton,HAM,Mercedes,4.204041569369952,2,18,0,18
2018,19,Mexican Grand Prix,2018-10-28,Autódromo Hermanos Rodríguez,Sebastian Vettel,VET,Ferrari,4.212891301682818,3,15,0,15
2018,19,Mexican Grand Prix,2018-10-28,Autódromo Hermanos Rodríguez,Kimi Räikkönen,RAI,Ferrari,5.056290575928239,4,12,0,12
2018,19,Mexican Grand Prix,2018-10-28,Autódromo Hermanos Rodríguez,Valtteri Bottas,BOT,Mercedes,5.4021092359897125,5,10,0,10
2018,19,Mexican Grand Prix,2018-10-28,Autódromo Hermanos Rodríguez,Nico Hülkenberg,HUL,Renault,9.200137649835282,6,8,0,8
2018,19,Mexican Grand Prix,2018-10-28,Autódromo Hermanos Rodríguez,Charles Leclerc,LEC,Sauber,10.706995570770644,7,6,0,6
2018,19,Mexican Grand Prix,2018-10-28,Autódromo Hermanos Rodríguez,Daniel Ricciardo,RIC,Red Bull,10.99561164218599,8,4,0,4
2018,19,Mexican Grand Prix,2018-10-28,Autódromo Hermanos Rodríguez,Marcus Ericsson,ERI,Sauber,11.45511131776992,9,2,0,2
2018,19,Mexican Grand Prix,2018-10-28,Autódromo Hermanos Rodríguez,Esteban Ocon,OCO,Force India,11.535270939432325,10,1,0,1
2018,19,Mexican Grand Prix,2018-10-28,Autódromo Hermanos Rodríguez,Stoffel Vandoorne,VAN,McLaren,11.81011350670049,11,0,0,0
2018,19,Mexican Grand Prix,2018-10-28,Autódromo Hermanos Rodríguez,Pierre Gasly,GAS,Toro Rosso,12.706244989508049,12,0,0,0
2018,19,Mexican Grand Prix,2018-10-28,Autódromo Hermanos Rodríguez,Carlos Sainz,SAI,Renault,12.959138466422134,13,0,0,0
2018,19,Mexican Grand Prix,2018-10-28,Autódromo Hermanos Rodríguez,Lance Stroll,STR,Williams,13.23680736661781,14,0,0,0
2018,19,Mexican Grand Prix,2018-10-28,Autódromo Hermanos Rodríguez,Sergio Pérez,PER,Force India,13.690074177822444,15,0,0,0
2018,19,Mexican Grand Prix,2018-10-28,Autódromo Hermanos Rodríguez,Brendon Hartley,HAR,Toro Rosso,14.400420458519298,16,0,0,0
2018,19,Mexican Grand Prix,2018-10-28,Autódromo Hermanos Rodríguez,Sergey Sirotkin,SIR,Williams,14.559568090960868,17,0,0,0
2018,19,Mexican Grand Prix,2018-10-28,Autódromo Hermanos Rodríguez,Romain Grosjean,GRO,Haas F1 Team,14.972028360031697,18,0,0,0
2018,19,Mexican Grand Prix,2018-10-28,Autódromo Hermanos Rodríguez,Kevin Magnussen,MAG,Haas F1 Team,15.114277982388035,19,0,0,0
2018,19,Mexican Grand Prix,2018-10-28,Autódromo Hermanos Rodríguez,Fernando Alonso,ALO,McLaren,15.981719266812496,20,0,0,0
2018,20,Brazilian Grand Prix,2018-11-11,Autódromo José Carlos Pace,Lewis Hamilton,HAM,Mercedes,2.7467219991744143,1,25,0,25
2018,20,Brazilian Grand Prix,2018-11-11,Autódromo José Carlos Pace,Max Verstappen,VER,Red Bull,3.18047090632561,2,18,0,18
2018,20,Brazilian Grand Prix,2018-11-11,Autódromo José Carlos Pace,Valtteri Bottas,BOT,Mercedes,4.935876693243792,3,15,0,15
2018,20,Brazilian Grand Prix,2018-11-11,Autódromo José Carlos Pace,Sebastian Vettel,VET,Ferrari,6.223945763360684,4,12,0,12
2018,20,Brazilian Grand Prix,2018-11-11,Autódromo José Carlos Pace,Kimi Räikkönen,RAI,Ferrari,6.290753209625909,5,10,0,10
2018,20,Brazilian Grand Prix,2018-11-11,Autódromo José Carlos Pace,Daniel Ricciardo,RIC,Red Bull,6.476733110172378,6,8,0,8
2018,20,Brazilian Grand Prix,2018-11-11,Autódromo José Carlos Pace,Charles Leclerc,LEC,Sauber,9.440204245673351,7,6,0,6
2018,20,Brazilian Grand Prix,2018-11-11,Autódromo José Carlos Pace,Romain Grosjean,GRO,Haas F1 Team,10.576544961696904,8,4,0,4
2018,20,Brazilian Grand Prix,2018-11-11,Autódromo José Carlos Pace,Kevin Magnussen,MAG,Haas F1 Team,10.847912611012523,9,2,0,2
2018,20,Brazilian Grand Prix,2018-11-11,Autódromo José Carlos Pace,Sergio Pérez,PER,Force India,11.178989076395956,10,1,0,1
2018,20,Brazilian Grand Prix,2018-11-11,Autódromo José Carlos Pace,Carlos Sainz,SAI,Renault,11.407064853663066,11,0,0,0
2018,20,Brazilian Grand Prix,2018-11-11,Autódromo José Carlos Pace,Esteban Ocon,OCO,Force India,12.585911194319808,12,0,0,0
2018,20,Brazilian Grand Prix,2018-11-11,Autódromo José Carlos Pace,Pierre Gasly,GAS,Toro Rosso,12.69255304551649,13,0,0,0
2018,20,Brazilian Grand Prix,2018-11-11,Autódromo José Carlos Pace,Brendon Hartley,HAR,Toro Rosso,13.224629725623654,14,0,0,0
2018,20,Brazilian Grand Prix,2018-11-11,Autódromo José Carlos Pace,Stoffel Vandoorne,VAN,McLaren,13.528983508280929,15,0,0,0
2018,20,Brazilian Grand Prix,2018-11-11,Autódromo José Carlos Pace,Fernando Alonso,ALO,McLaren,14.6905695114308,16,0,0,0
2018,20,Brazilian Grand Prix,2018-11-11,Autódromo José Carlos Pace,Nico Hülkenberg,HUL,Renault,14.709610243149266,17,0,0,0
2018,20,Brazilian Grand Prix,2018-11-11,Autódromo José Carlos Pace,Sergey Sirotkin,SIR,Williams,15.450302934085585,18,0,0,0
2018,20,Brazilian Grand Prix,2018-11-11,Autódromo José Carlos Pace,Lance Stroll,STR,Williams,15.812270960529997,19,0,0,0
2018,20,Brazilian Grand Prix,2018-11-11,Autódromo José Carlos Pace,Marcus Ericsson,ERI,Sauber,15.85729767417543,20,0,0,0
2018,21,Abu Dhabi Grand Prix,2018-11-25,Yas Marina Circuit,Lewis Hamilton,HAM,Mercedes,2.423077629838092,1,25,0,25
2018,21,Abu Dhabi Grand Prix,2018-11-25,Yas Marina Circuit,Max Verstappen,VER,Red Bull,3.347223580699142,2,18,0,18
2018,21,Abu Dhabi Grand Prix,2018-11-25,Yas Marina Circuit,Valtteri Bottas,BOT,Mercedes,4.830006874965693,3,15,0,15
2018,21,Abu Dhabi Grand Prix,2018-11-25,Yas Marina Circuit,Sebastian Vettel,VET,Ferrari,5.616361200733942,4,12,0,12
2018,21,Abu Dhabi Grand Prix,2018-11-25,Yas Marina Circuit,Daniel Ricciardo,RIC,Red Bull,6.297951921608219,5,10,0,10
2018,21,Abu Dhabi Grand Prix,2018-11-25,Yas Marina Circuit,Carlos Sainz,SAI,Renault,9.088117252115492,6,8,0,8
2018,21,Abu Dhabi Grand Prix,2018-11-25,Yas Marina Circuit,Sergio Pérez,PER,Force India,9.55392369037552,7,6,0,6
2018,21,Abu Dhabi Grand Prix,2018-11-25,Yas Marina Circuit,Charles Leclerc,LEC,Sauber,9.579839835493,8,4,0,4
2018,21,Abu Dhabi Grand Prix,2018-11-25,Yas Marina Circuit,Romain Grosjean,GRO,Haas F1 Team,10.756099221635925,9,2,0,2
2018,21,Abu Dhabi Grand Prix,2018-11-25,Yas Marina Circuit,Kevin Magnussen,MAG,Haas F1 Team,11.285649583730883,10,1,0,1
2018,21,Abu Dhabi Grand Prix,2018-11-25,Yas Marina Circuit,Kimi Räikkönen,RAI,Ferrari,11.532367938095415,11,0,0,0
2018,21,Abu Dhabi Grand Prix,2018-11-25,Yas Marina Circuit,Fernando Alonso,ALO,McLaren,13.1867098964467,12,0,0,0
2018,21,Abu Dhabi Grand Prix,2018-11-25,Yas Marina Circuit,Esteban Ocon,OCO,Force India,13.243305785217082,13,0,0,0
2018,21,Abu Dhabi Grand Prix,2018-11-25,Yas Marina Circuit,Brendon Hartley,HAR,Toro Rosso,13.284502603544269,14,0,0,0
2018,21,Abu Dhabi Grand Prix,2018-11-25,Yas Marina Circuit,Stoffel Vandoorne,VAN,McLaren,13.88561375667502,15,0,0,0
2018,21,Abu Dhabi Grand Prix,2018-11-25,Yas Marina Circuit,Pierre Gasly,GAS,Toro Rosso,13.954558588341802,16,0,0,0
2018,21,Abu Dhabi Grand Prix,2018-11-25,Yas Marina Circuit,Lance Stroll,STR,Williams,14.75133108872692,17,0,0,0
2018,21,Abu Dhabi Grand Prix,2018-11-25,Yas Marina Circuit,Nico Hülkenberg,HUL,Renault,15.24964992483715,18,0,0,0
2018,21,Abu Dhabi Grand Prix,2018-11-25,Yas Marina Circuit,Sergey Sirotkin,SIR,Williams,15.264079577161851,19,0,0,0
2018,21,Abu Dhabi Grand Prix,2018-11-25,Yas Marina Circuit,Marcus Ericsson,ERI,Sauber,15.855390552476788,20,0,0,0
2019,1,Australian Grand Prix,2019-03-17,Albert Park Grand Prix Circuit,Lewis Hamilton,HAM,Mercedes,2.6152372473008563,1,25,0,25
2019,1,Australian Grand Prix,2019-03-17,Albert Park Grand Prix Circuit,Valtteri Bottas,BOT,Mercedes,4.24327054835243,2,18,0,18
2019,1,Australian Grand Prix,2019-03-17,Albert Park Grand Prix Circuit,Sebastian Vettel,VET,Ferrari,4.715206711984973,3,15,0,15
2019,1,Australian Grand Prix,2019-03-17,Albert Park Grand Prix Circuit,Max Verstappen,VER,Red Bull,5.032861899840335,4,12,0,12
2019,1,Australian Grand Prix,2019-03-17,Albert Park Grand Prix Circuit,Charles Leclerc,LEC,Ferrari,6.222483187759624,5,10,0,10
2019,1,Australian Grand Prix,2019-03-17,Albert Park Grand Prix Circuit,Kimi Räikkönen,RAI,Alfa Romeo,8.920767945091697,6,8,0,8
2019,1,Australian Grand Prix,2019-03-17,Albert Park Grand Prix Circuit,Kevin Magnussen,MAG,Haas F1 Team,9.6045455792192,7,6,0,6
2019,1,Australian Grand Prix,2019-03-17,Albert Park Grand Prix Circuit,Nico Hülkenberg,HUL,Renault,9.821704010127252,8,4,0,4
2019,1,Australian Grand Prix,2019-03-17,Albert Park Grand Prix Circuit,Pierre Gasly,GAS,Red Bull,10.545702793744407,9,2,0,2
2019,1,Australian Grand Prix,2019-03-17,Albert Park Grand Prix Circuit,Daniil Kvyat,KVY,Toro Rosso,11.222748295425284,10,1,0,1
2019,1,Australian Grand Prix,2019-03-17,Albert Park Grand Prix Circuit,Lance Stroll,STR,Racing Point,11.889753445273795,11,0,0,0
2019,1,Australian Grand Prix,2019-03-17,Albert Park Grand Prix Circuit,Sergio Pérez,PER,Racing Point,12.397742305357983,12,0,0,0
2019,1,Australian Grand Prix,2019-03-17,Albert Park Grand Prix Circuit,Lando Norris,NOR,McLaren,12.883762307454305,13,0,0,0
2019,1,Australian Grand Prix,2019-03-17,Albert Park Grand Prix Circuit,Alexander Albon,ALB,Toro Rosso,13.100487940644925,14,0,0,0
2019,1,Australian Grand Prix,2019-03-17,Albert Park Grand Prix Circuit,Antonio Giovinazzi,GIO,Alfa Romeo,13.26620517998632,15,0,0,0
2019,1,Australian Grand Prix,2019-03-17,Albert Park Grand Prix Circuit,Romain Grosjean,GRO,Haas F1 Team,14.706306024993811,16,0,0,0
2019,1,Australian Grand Prix,2019-03-17,Albert Park Grand Prix Circuit,Daniel Ricciardo,RIC,Renault,14.796251385015257,17,0,0,0
2019,1,Australian Grand Prix,2019-03-17,Albert Park Grand Prix Circuit,Carlos Sainz,SAI,McLaren,15.689536966121375,18,0,0,0
2019,1,Australian Grand Prix,2019-03-17,Albert Park Grand Prix Circuit,George Russell,RUS,Williams,15.71335178338892,19,0,0,0
2019,1,Australian Grand Prix,2019-03-17,Albert Park Grand Prix Circuit,Robert Kubica,KUB,Williams,15.880806264795035,20,0,0,0
2019,2,Bahrain Grand Prix,2019-03-31,Bahrain International Circuit,Lewis Hamilton,HAM,Mercedes,2.064772253482376,1,25,0,25
2019,2,Bahrain Grand Prix,2019-03-31,Bahrain International Circuit,Valtteri Bottas,BOT,Mercedes,3.752728587959533,2,18,0,18
2019,2,Bahrain Grand Prix,2019-03-31,Bahrain International Circuit,Charles Leclerc,LEC,Ferrari,4.6589382802106245,3,15,0,15
2019,2,Bahrain Grand Prix,2019-03-31,Bahrain International Circuit,Sebastian Vettel,VET,Ferrari,5.008065095566072,4,12,0,12
2019,2,Bahrain Grand Prix,2019-03-31,Bahrain International Circuit,Max Verstappen,VER,Red Bull,6.014910670306185,5,10,0,10
2019,2,Bahrain Grand Prix,2019-03-31,Bahrain International Circuit,Pierre Gasly,GAS,Red Bull,8.620942820216236,6,8,0,8
2019,2,Bahrain Grand Prix,2019-03-31,Bahrain International Circuit,Kimi Räikkönen,RAI,Alfa Romeo,8.826508303320333,7,6,0,6
2019,2,Bahrain Grand Prix,2019-03-31,Bahrain International Circuit,Lando Norris,NOR,McLaren,10.867864870813746,8,4,0,4
2019,2,Bahrain Grand Prix,2019-03-31,Bahrain International Circuit,Sergio Pérez,PER,Racing Point,11.00244347958036,9,2,0,2
2019,2,Bahrain Grand Prix,2019-03-31,Bahrain International Circuit,Alexander Albon,ALB,Toro Rosso,11.690309290371596,10,1,0,1
2019,2,Bahrain Grand Prix,2019-03-31,Bahrain International Circuit,Daniil Kvyat,KVY,Toro Rosso,12.321184359380249,11,0,0,0
2019,2,Bahrain Grand Prix,2019-03-31,Bahrain International Circuit,Kevin Magnussen,MAG,Haas F1 Team,12.323436607724537,12,0,0,0
2019,2,Bahrain Grand Prix,2019-03-31,Bahrain International Circuit,Lance Stroll,STR,Racing Point,13.133256217418891,13,0,0,0
2019,2,Bahrain Grand Prix,2019-03-31,Bahrain International Circuit,Antonio Giovinazzi,GIO,Alfa Romeo,13.136129635924016,14,0,0,0
2019,2,Bahrain Grand Prix,2019-03-31,Bahrain International Circuit,Nico Hülkenberg,HUL,Renault,13.242606522774304,15,0,0,0
2019,2,Bahrain Grand Prix,2019-03-31,Bahrain International Circuit,Carlos Sainz,SAI,McLaren,13.786179754706502,16,0,0,0
2019,2,Bahrain Grand Prix,2019-03-31,Bahrain International Circuit,Daniel Ricciardo,RIC,Renault,14.562838751186847,17,0,0,0
2019,2,Bahrain Grand Prix,2019-03-31,Bahrain International Circuit,George Russell,RUS,Williams,15.585938514951124,18,0,0,0
2019,2,Bahrain Grand Prix,2019-03-31,Bahrain International Circuit,Robert Kubica,KUB,Williams,15.98892275056116,19,0,0,0
2019,2,Bahrain Grand Prix,2019-03-31,Bahrain International Circuit,Romain Grosjean,GRO,Haas F1 Team,16.332180835750865,20,0,0,0
2019,3,Chinese Grand Prix,2019-04-14,Shanghai International Circuit,Lewis Hamilton,HAM,Mercedes,1.70141769392803,1,25,0,25
2019,3,Chinese Grand Prix,2019-04-14,Shanghai International Circuit,Valtteri Bottas,BOT,Mercedes,3.058159507579907,2,18,0,18
2019,3,Chinese Grand Prix,2019-04-14,Shanghai International Circuit,Sebastian Vettel,VET,Ferrari,4.276304563157145,3,15,0,15
2019,3,Chinese Grand Prix,2019-04-14,Shanghai International Circuit,Max Verstappen,VER,Red Bull,4.637580100032448,4,12,0,12
2019,3,Chinese Grand Prix,2019-04-14,Shanghai International Circuit,Charles Leclerc,LEC,Ferrari,5.735729169891272,5,10,0,10
2019,3,Chinese Grand Prix,2019-04-14,Shanghai International Circuit,Pierre Gasly,GAS,Red Bull,7.804121442302927,6,8,0,8
2019,3,Chinese Grand Prix,2019-04-14,Shanghai International Circuit,Daniel Ricciardo,RIC,Renault,8.59896813488417,7,6,0,6
2019,3,Chinese Grand Prix,2019-04-14,Shanghai International Circuit,Kimi Räikkönen,RAI,Alfa Romeo,10.367927367205771,8,4,0,4
2019,3,Chinese Grand Prix,2019-04-14,Shanghai International Circuit,Sergio Pérez,PER,Racing Point,10.7251204308355,9,2,0,2
2019,3,Chinese Grand Prix,2019-04-14,Shanghai International Circuit,Alexander Albon,ALB,Toro Rosso,11.785496297319948,10,1,0,1
2019,3,Chinese Grand Prix,2019-04-14,Shanghai International Circuit,Lance Stroll,STR,Racing Point,12.003851923444468,11,0,0,0
2019,3,Chinese Grand Prix,2019-04-14,Shanghai International Circuit,Kevin Magnussen,MAG,Haas F1 Team,12.069679261282047,12,0,0,0
2019,3,Chinese Grand Prix,2019-04-14,Shanghai International Circuit,Romain Grosjean,GRO,Haas F1 Team,12.154977876662306,13,0,0,0
2019,3,Chinese Grand Prix,2019-04-14,Shanghai International Circuit,Carlos Sainz,SAI,McLaren,14.039891863658324,14,0,0,0
2019,3,Chinese Grand Prix,2019-04-14,Shanghai International Circuit,Antonio Giovinazzi,GIO,Alfa Romeo,14.321447981276645,15,0,0,0
2019,3,Chinese Grand Prix,2019-04-14,Shanghai International Circuit,Lando Norris,NOR,McLaren,14.404932794092264,16,0,0,0
2019,3,Chinese Grand Prix,2019-04-14,Shanghai International Circuit,Daniil Kvyat,KVY,Toro Rosso,14.626265602472529,17,0,0,0
2019,3,Chinese Grand Prix,2019-04-14,Shanghai International Circuit,George Russell,RUS,Williams,16.033344672599956,18,0,0,0
2019,3,Chinese Grand Prix,2019-04-14,Shanghai International Circuit,Nico Hülkenberg,HUL,Renault,16.088362234069344,19,0,0,0
2019,3,Chinese Grand Prix,2019-04-14,Shanghai International Circuit,Robert Kubica,KUB,Williams,16.7684318446294,20,0,0,0
2019,4,Azerbaijan Grand Prix,2019-04-28,Baku City Circuit,Lewis Hamilton,HAM,Mercedes,2.6775036661206832,1,25,0,25
2019,4,Azerbaijan Grand Prix,2019-04-28,Baku City Circuit,Valtteri Bottas,BOT,Mercedes,3.348658937924854,2,18,0,18
2019,4,Azerbaijan Grand Prix,2019-04-28,Baku City Circuit,Sebastian Vettel,VET,Ferrari,4.711630283089411,3,15,0,15
2019,4,Azerbaijan Grand Prix,2019-04-28,Baku City Circuit,Max Verstappen,VER,Red Bull,5.106817839734791,4,12,0,12
2019,4,Azerbaijan Grand Prix,2019-04-28,Baku City Circuit,Charles Leclerc,LEC,Ferrari,5.645761402004728,5,10,0,10
2019,4,Azerbaijan Grand Prix,2019-04-28,Baku City Circuit,Sergio Pérez,PER,Racing Point,9.333740475444662,6,8,0,8
2019,4,Azerbaijan Grand Prix,2019-04-28,Baku City Circuit,Carlos Sainz,SAI,McLaren,10.115069236364796,7,6,0,6
2019,4,Azerbaijan Grand Prix,2019-04-28,Baku City Circuit,Lando Norris,NOR,McLaren,10.345886998800438,8,4,0,4
2019,4,Azerbaijan Grand Prix,2019-04-28,Baku City Circuit,Kimi Räikkönen,RAI,Alfa Romeo,10.916999634982409,9,2,0,2
2019,4,Azerbaijan Grand Prix,2019-04-28,Baku City Circuit,Lance Stroll,STR,Racing Point,10.91850307470308,10,1,0,1
2019,4,Azerbaijan Grand Prix,2019-04-28,Baku City Circuit,Alexander Albon,ALB,Toro Rosso,11.891809630039672,11,0,0,0
2019,4,Azerbaijan Grand Prix,2019-04-28,Baku City Circuit,Kevin Magnussen,MAG,Haas F1 Team,12.123217318833415,12,0,0,0
2019,4,Azerbaijan Grand Prix,2019-04-28,Baku City Circuit,Antonio Giovinazzi,GIO,Alfa Romeo,12.450194474645576,13,0,0,0
2019,4,Azerbaijan Grand Prix,2019-04-28,Baku City Circuit,Pierre Gasly,GAS,Red Bull,12.776462113172904,14,0,0,0
2019,4,Azerbaijan Grand Prix,2019-04-28,Baku City Circuit,Nico Hülkenberg,HUL,Renault,13.641048338021257,15,0,0,0
2019,4,Azerbaijan Grand Prix,2019-04-28,Baku City Circuit,Romain Grosjean,GRO,Haas F1 Team,14.267225126586489,16,0,0,0
2019,4,Azerbaijan Grand Prix,2019-04-28,Baku City Circuit,George Russell,RUS,Williams,15.25219405850797,17,0,0,0
2019,4,Azerbaijan Grand Prix,2019-04-28,Baku City Circuit,Daniil Kvyat,KVY,Toro Rosso,15.315338680617286,18,0,0,0
2019,4,Azerbaijan Grand Prix,2019-04-28,Baku City Circuit,Robert Kubica,KUB,Williams,15.560903856180609,19,0,0,0
2019,4,Azerbaijan Grand Prix,2019-04-28,Baku City Circuit,Daniel Ricciardo,RIC,Renault,15.810354174790309,20,0,0,0
2019,5,Spanish Grand Prix,2019-05-12,Circuit de Barcelona-Catalunya,Lewis Hamilton,HAM,Mercedes,3.172457816459937,1,25,0,25
2019,5,Spanish Grand Prix,2019-05-12,Circuit de Barcelona-Catalunya,Valtteri Bottas,BOT,Mercedes,3.254793841431511,2,18,0,18
2019,5,Spanish Grand Prix,2019-05-12,Circuit de Barcelona-Catalunya,Sebastian Vettel,VET,Ferrari,4.624646546331646,3,15,0,15
2019,5,Spanish Grand Prix,2019-05-12,Circuit de Barcelona-Catalunya,Max Verstappen,VER,Red Bull,4.885115947258986,4,12,0,12
2019,5,Spanish Grand Prix,2019-05-12,Circuit de Barcelona-Catalunya,Charles Leclerc,LEC,Ferrari,6.005369770040644,5,10,0,10
2019,5,Spanish Grand Prix,2019-05-12,Circuit de Barcelona-Catalunya,Pierre Gasly,GAS,Red Bull,8.16454904188847,6,8,0,8
2019,5,Spanish Grand Prix,2019-05-12,Circuit de Barcelona-Catalunya,Carlos Sainz,SAI,McLaren,8.814366322464686,7,6,0,6
2019,5,Spanish Grand Prix,2019-05-12,Circuit de Barcelona-Catalunya,Kevin Magnussen,MAG,Haas F1 Team,10.002517915345187,8,4,0,4
2019,5,Spanish Grand Prix,2019-05-12,Circuit de Barcelona-Catalunya,Daniil Kvyat,KVY,Toro Rosso,11.701601879640773,9,2,0,2
2019,5,Spanish Grand Prix,2019-05-12,Circuit de Barcelona-Catalunya,Romain Grosjean,GRO,Haas F1 Team,11.885899578109631,10,1,0,1
2019,5,Spanish Grand Prix,2019-05-12,Circuit de Barcelona-Catalunya,Daniel Ricciardo,RIC,Renault,12.154640100421544,11,0,0,0
2019,5,Spanish Grand Prix,2019-05-12,Circuit de Barcelona-Catalunya,Alexander Albon,ALB,Toro Rosso,12.21234935596282,12,0,0,0
2019,5,Spanish Grand Prix,2019-05-12,Circuit de Barcelona-Catalunya,Sergio Pérez,PER,Racing Point,13.231434676344758,13,0,0,0
2019,5,Spanish Grand Prix,2019-05-12,Circuit de Barcelona-Catalunya,Kimi Räikkönen,RAI,Alfa Romeo,13.298527329855,14,0,0,0
2019,5,Spanish Grand Prix,2019-05-12,Circuit de Barcelona-Catalunya,Nico Hülkenberg,HUL,Renault,13.45562496110836,15,0,0,0
2019,5,Spanish Grand Prix,2019-05-12,Circuit de Barcelona-Catalunya,Antonio Giovinazzi,GIO,Alfa Romeo,14.78666767395632,16,0,0,0
2019,5,Spanish Grand Prix,2019-05-12,Circuit de Barcelona-Catalunya,Lance Stroll,STR,Racing Point,15.460373320352549,17,0,0,0
2019,5,Spanish Grand Prix,2019-05-12,Circuit de Barcelona-Catalunya,Lando Norris,NOR,McLaren,15.814774838724016,18,0,0,0
2019,5,Spanish Grand Prix,2019-05-12,Circuit de Barcelona-Catalunya,George Russell,RUS,Williams,16.422447526970185,19,0,0,0
2019,5,Spanish Grand Prix,2019-05-12,Circuit de Barcelona-Catalunya,Robert Kubica,KUB,Williams,17.26768741931114,20,0,0,0
2019,6,Monaco Grand Prix,2019-05-26,Circuit de Monaco,Lewis Hamilton,HAM,Mercedes,2.871113232445951,1,25,0,25
2019,6,Monaco Grand Prix,2019-05-26,Circuit de Monaco,Sebastian Vettel,VET,Ferrari,3.759030947584248,2,18,0,18
2019,6,Monaco Grand Prix,2019-05-26,Circuit de Monaco,Valtteri Bottas,BOT,Mercedes,4.515339031286728,3,15,0,15
2019,6,Monaco Grand Prix,2019-05-26,Circuit de Monaco,Max Verstappen,VER,Red Bull,5.035622179951874,4,12,0,12
2019,6,Monaco Grand Prix,2019-05-26,Circuit de Monaco,Pierre Gasly,GAS,Red Bull,7.250695591382204,5,10,0,10
2019,6,Monaco Grand Prix,2019-05-26,Circuit de Monaco,Carlos Sainz,SAI,McLaren,9.727177623073164,6,8,0,8
2019,6,Monaco Grand Prix,2019-05-26,Circuit de Monaco,Daniil Kvyat,KVY,Toro Rosso,9.784662289017875,7,6,0,6
2019,6,Monaco Grand Prix,2019-05-26,Circuit de Monaco,Daniel Ricciardo,RIC,Renault,10.387405226194764,8,4,0,4
2019,6,Monaco Grand Prix,2019-05-26,Circuit de Monaco,Alexander Albon,ALB,Toro Rosso,10.512260768703106,9,2,0,2
2019,6,Monaco Grand Prix,2019-05-26,Circuit de Monaco,Charles Leclerc,LEC,Ferrari,11.101610977112434,10,1,0,1
2019,6,Monaco Grand Prix,2019-05-26,Circuit de Monaco,Romain Grosjean,GRO,Haas F1 Team,11.316261722188989,11,0,0,0
2019,6,Monaco Grand Prix,2019-05-26,Circuit de Monaco,Lando Norris,NOR,McLaren,11.715407822181996,12,0,0,0
2019,6,Monaco Grand Prix,2019-05-26,Circuit de Monaco,Sergio Pérez,PER,Racing Point,11.974420454893462,13,0,0,0
2019,6,Monaco Grand Prix,2019-05-26,Circuit de Monaco,Nico Hülkenberg,HUL,Renault,12.204989912006456,14,0,0,0
2019,6,Monaco Grand Prix,2019-05-26,Circuit de Monaco,Kevin Magnussen,MAG,Haas F1 Team,12.208434323424743,15,0,0,0
2019,6,Monaco Grand Prix,2019-05-26,Circuit de Monaco,Kimi Räikkönen,RAI,Alfa Romeo,13.709410035685815,16,0,0,0
2019,6,Monaco Grand Prix,2019-05-26,Circuit de Monaco,Lance Stroll,STR,Racing Point,14.378681103529408,17,0,0,0
2019,6,Monaco Grand Prix,2019-05-26,Circuit de Monaco,Antonio Giovinazzi,GIO,Alfa Romeo,15.062776252936963,18,0,0,0
2019,6,Monaco Grand Prix,2019-05-26,Circuit de Monaco,George Russell,RUS,Williams,15.658465143249002,19,0,0,0
2019,6,Monaco Grand Prix,2019-05-26,Circuit de Monaco,Robert Kubica,KUB,Williams,16.640971185676573,20,0,0,0
2019,7,Canadian Grand Prix,2019-06-09,Circuit Gilles Villeneuve,Lewis Hamilton,HAM,Mercedes,2.6663157129343733,1,25,0,25
2019,7,Canadian Grand Prix,2019-06-09,Circuit Gilles Villeneuve,Sebastian Vettel,VET,Ferrari,3.102365665524802,2,18,0,18
2019,7,Canadian Grand Prix,2019-06-09,Circuit Gilles Villeneuve,Charles Leclerc,LEC,Ferrari,4.734799602694174,3,15,0,15
2019,7,Canadian Grand Prix,2019-06-09,Circuit Gilles Villeneuve,Valtteri Bottas,BOT,Mercedes,4.952734042678571,4,12,0,12
2019,7,Canadian Grand Prix,2019-06-09,Circuit Gilles Villeneuve,Max Verstappen,VER,Red Bull,4.957876010484594,5,10,0,10
2019,7,Canadian Grand Prix,2019-06-09,Circuit Gilles Villeneuve,Pierre Gasly,GAS,Red Bull,8.306194670385254,6,8,0,8
2019,7,Canadian Grand Prix,2019-06-09,Circuit Gilles Villeneuve,Daniel Ricciardo,RIC,Renault,9.2878538129062,7,6,0,6
2019,7,Canadian Grand Prix,2019-06-09,Circuit Gilles Villeneuve,Carlos Sainz,SAI,McLaren,10.022247966547043,8,4,0,4
2019,7,Canadian Grand Prix,2019-06-09,Circuit Gilles Villeneuve,Nico Hülkenberg,HUL,Renault,10.166095102148171,9,2,0,2
2019,7,Canadian Grand Prix,2019-06-09,Circuit Gilles Villeneuve,Lance Stroll,STR,Racing Point,11.356791841774792,10,1,0,1
2019,7,Canadian Grand Prix,2019-06-09,Circuit Gilles Villeneuve,Daniil Kvyat,KVY,Toro Rosso,11.622583757634832,11,0,0,0
2019,7,Canadian Grand Prix,2019-06-09,Circuit Gilles Villeneuve,Sergio Pérez,PER,Racing Point,12.028539540803964,12,0,0,0
2019,7,Canadian Grand Prix,2019-06-09,Circuit Gilles Villeneuve,Kimi Räikkönen,RAI,Alfa Romeo,12.304757248332738,13,0,0,0
2019,7,Canadian Grand Prix,2019-06-09,Circuit Gilles Villeneuve,Antonio Giovinazzi,GIO,Alfa Romeo,13.418551699783537,14,0,0,0
2019,7,Canadian Grand Prix,2019-06-09,Circuit Gilles Villeneuve,Romain Grosjean,GRO,Haas F1 Team,13.478782790388893,15,0,0,0
2019,7,Canadian Grand Prix,2019-06-09,Circuit Gilles Villeneuve,Kevin Magnussen,MAG,Haas F1 Team,14.913547357563344,16,0,0,0
2019,7,Canadian Grand Prix,2019-06-09,Circuit Gilles Villeneuve,Lando Norris,NOR,McLaren,15.224371342455878,17,0,0,0
2019,7,Canadian Grand Prix,2019-06-09,Circuit Gilles Villeneuve,Alexander Albon,ALB,Toro Rosso,15.312844468185494,18,0,0,0
2019,7,Canadian Grand Prix,2019-06-09,Circuit Gilles Villeneuve,George Russell,RUS,Williams,16.122046528128248,19,0,0,0
2019,7,Canadian Grand Prix,2019-06-09,Circuit Gilles Villeneuve,Robert Kubica,KUB,Williams,16.47680265949421,20,0,0,0
2019,8,French Grand Prix,2019-06-23,Circuit Paul Ricard,Lewis Hamilton,HAM,Mercedes,2.0071652864256806,1,25,0,25
2019,8,French Grand Prix,2019-06-23,Circuit Paul Ricard,Valtteri Bottas,BOT,Mercedes,3.427794650277495,2,18,0,18
2019,8,French Grand Prix,2019-06-23,Circuit Paul Ricard,Charles Leclerc,LEC,Ferrari,4.605567623789553,3,15,0,15
2019,8,French Grand Prix,2019-06-23,Circuit Paul Ricard,Sebastian Vettel,VET,Ferrari,4.924272118040929,4,12,0,12
2019,8,French Grand Prix,2019-06-23,Circuit Paul Ricard,Max Verstappen,VER,Red Bull,5.0502290580922,5,10,0,10
2019,8,French Grand Prix,2019-06-23,Circuit Paul Ricard,Carlos Sainz,SAI,McLaren,8.507282435890183,6,8,0,8
2019,8,French Grand Prix,2019-06-23,Circuit Paul Ricard,Pierre Gasly,GAS,Red Bull,9.001930648791946,7,6,0,6
2019,8,French Grand Prix,2019-06-23,Circuit Paul Ricard,Daniel Ricciardo,RIC,Renault,10.00034590156576,8,4,0,4
2019,8,French Grand Prix,2019-06-23,Circuit Paul Ricard,Nico Hülkenberg,HUL,Renault,10.275113842992535,9,2,0,2
2019,8,French Grand Prix,2019-06-23,Circuit Paul Ricard,Lando Norris,NOR,McLaren,10.304361175207571,10,1,0,1
2019,8,French Grand Prix,2019-06-23,Circuit Paul Ricard,Kimi Räikkönen,RAI,Alfa Romeo,11.274180982251208,11,0,0,0
2019,8,French Grand Prix,2019-06-23,Circuit Paul Ricard,Sergio Pérez,PER,Racing Point,12.196306929803532,12,0,0,0
2019,8,French Grand Prix,2019-06-23,Circuit Paul Ricard,Lance Stroll,STR,Racing Point,12.65531875299253,13,0,0,0
2019,8,French Grand Prix,2019-06-23,Circuit Paul Ricard,Daniil Kvyat,KVY,Toro Rosso,12.945558381287888,14,0,0,0
2019,8,French Grand Prix,2019-06-23,Circuit Paul Ricard,Alexander Albon,ALB,Toro Rosso,13.942872502043722,15,0,0,0
2019,8,French Grand Prix,2019-06-23,Circuit Paul Ricard,Antonio Giovinazzi,GIO,Alfa Romeo,15.041850870065046,16,0,0,0
2019,8,French Grand Prix,2019-06-23,Circuit Paul Ricard,Kevin Magnussen,MAG,Haas F1 Team,15.085301502380736,17,0,0,0
2019,8,French Grand Prix,2019-06-23,Circuit Paul Ricard,George Russell,RUS,Williams,16.64503618693933,18,0,0,0
2019,8,French Grand Prix,2019-06-23,Circuit Paul Ricard,Romain Grosjean,GRO,Haas F1 Team,16.73457746803072,19,0,0,0
2019,8,French Grand Prix,2019-06-23,Circuit Paul Ricard,Robert Kubica,KUB,Williams,17.38693350334029,20,0,0,0
2019,9,Austrian Grand Prix,2019-06-30,Red Bull Ring,Lewis Hamilton,HAM,Mercedes,3.902577118398431,1,25,0,25
2019,9,Austrian Grand Prix,2019-06-30,Red Bull Ring,Charles Leclerc,LEC,Ferrari,3.9817271034367874,2,18,0,18
2019,9,Austrian Grand Prix,2019-06-30,Red Bull Ring,Sebastian Vettel,VET,Ferrari,4.429541647853164,3,15,0,15
2019,9,Austrian Grand Prix,2019-06-30,Red Bull Ring,Valtteri Bottas,BOT,Mercedes,4.4296570771958725,4,12,0,12
2019,9,Austrian Grand Prix,2019-06-30,Red Bull Ring,Max Verstappen,VER,Red Bull,4.604892846988204,5,10,0,10
2019,9,Austrian Grand Prix,2019-06-30,Red Bull Ring,Pierre Gasly,GAS,Red Bull,7.990128362546138,6,8,0,8
2019,9,Austrian Grand Prix,2019-06-30,Red Bull Ring,Carlos Sainz,SAI,McLaren,8.12003409088607,7,6,0,6
2019,9,Austrian Grand Prix,2019-06-30,Red Bull Ring,Lando Norris,NOR,McLaren,8.986837494653146,8,4,0,4
2019,9,Austrian Grand Prix,2019-06-30,Red Bull Ring,Kimi Räikkönen,RAI,Alfa Romeo,10.664246054364025,9,2,0,2
2019,9,Austrian Grand Prix,2019-06-30,Red Bull Ring,Sergio Pérez,PER,Racing Point,11.245372775547004,10,1,0,1
2019,9,Austrian Grand Prix,2019-06-30,Red Bull Ring,Daniel Ricciardo,RIC,Renault,12.477616736511688,11,0,0,0
2019,9,Austrian Grand Prix,2019-06-30,Red Bull Ring,Antonio Giovinazzi,GIO,Alfa Romeo,12.752057680319872,12,0,0,0
2019,9,Austrian Grand Prix,2019-06-30,Red Bull Ring,Nico Hülkenberg,HUL,Renault,12.86970816951632,13,0,0,0
2019,9,Austrian Grand Prix,2019-06-30,Red Bull Ring,Alexander Albon,ALB,Toro Rosso,13.049166420359592,14,0,0,0
2019,9,Austrian Grand Prix,2019-06-30,Red Bull Ring,Lance Stroll,STR,Racing Point,13.154440013022102,15,0,0,0
2019,9,Austrian Grand Prix,2019-06-30,Red Bull Ring,Daniil Kvyat,KVY,Toro Rosso,14.324320232027038,16,0,0,0
2019,9,Austrian Grand Prix,2019-06-30,Red Bull Ring,Romain Grosjean,GRO,Haas F1 Team,14.539443791898464,17,0,0,0
2019,9,Austrian Grand Prix,2019-06-30,Red Bull Ring,Kevin Magnussen,MAG,Haas F1 Team,15.724647005340255,18,0,0,0
2019,9,Austrian Grand Prix,2019-06-30,Red Bull Ring,George Russell,RUS,Williams,16.5938672403356,19,0,0,0
2019,9,Austrian Grand Prix,2019-06-30,Red Bull Ring,Robert Kubica,KUB,Williams,17.467649599039486,20,0,0,0
2019,10,British Grand Prix,2019-07-14,Silverstone Circuit,Lewis Hamilton,HAM,Mercedes,2.574369001893122,1,25,0,25
2019,10,British Grand Prix,2019-07-14,Silverstone Circuit,Valtteri Bottas,BOT,Mercedes,3.7492257777335865,2,18,0,18
2019,10,British Grand Prix,2019-07-14,Silverstone Circuit,Charles Leclerc,LEC,Ferrari,5.5886024054356085,3,15,0,15
2019,10,British Grand Prix,2019-07-14,Silverstone Circuit,Max Verstappen,VER,Red Bull,5.876943460328368,4,12,0,12
2019,10,British Grand Prix,2019-07-14,Silverstone Circuit,Pierre Gasly,GAS,Red Bull,6.545005114700703,5,10,0,10
2019,10,British Grand Prix,2019-07-14,Silverstone Circuit,Carlos Sainz,SAI,McLaren,8.527093299727703,6,8,0,8
2019,10,British Grand Prix,2019-07-14,Silverstone Circuit,Sebastian Vettel,VET,Ferrari,8.605707996813742,7,6,0,6
2019,10,British Grand Prix,2019-07-14,Silverstone Circuit,Daniel Ricciardo,RIC,Renault,8.909934676628652,8,4,0,4
2019,10,British Grand Prix,2019-07-14,Silverstone Circuit,Nico Hülkenberg,HUL,Renault,9.779304746444897,9,2,0,2
2019,10,British Grand Prix,2019-07-14,Silverstone Circuit,Kimi Räikkönen,RAI,Alfa Romeo,10.631459434318668,10,1,0,1
2019,10,British Grand Prix,2019-07-14,Silverstone Circuit,Lando Norris,NOR,McLaren,10.84439725037457,11,0,0,0
2019,10,British Grand Prix,2019-07-14,Silverstone Circuit,Daniil Kvyat,KVY,Toro Rosso,10.907563428334376,12,0,0,0
2019,10,British Grand Prix,2019-07-14,Silverstone Circuit,Alexander Albon,ALB,Toro Rosso,12.415941791113728,13,0,0,0
2019,10,British Grand Prix,2019-07-14,Silverstone Circuit,Lance Stroll,STR,Racing Point,13.399751140674235,14,0,0,0
2019,10,British Grand Prix,2019-07-14,Silverstone Circuit,Sergio Pérez,PER,Racing Point,14.60012253335933,15,0,0,0
2019,10,British Grand Prix,2019-07-14,Silverstone Circuit,George Russell,RUS,Williams,15.119941253820652,16,0,0,0
2019,10,British Grand Prix,2019-07-14,Silverstone Circuit,Antonio Giovinazzi,GIO,Alfa Romeo,15.685263352796204,17,0,0,0
2019,10,British Grand Prix,2019-07-14,Silverstone Circuit,Robert Kubica,KUB,Williams,15.785891403671446,18,0,0,0
2019,10,British Grand Prix,2019-07-14,Silverstone Circuit,Romain Grosjean,GRO,Haas F1 Team,16.944143148686347,19,0,0,0
2019,10,British Grand Prix,2019-07-14,Silverstone Circuit,Kevin Magnussen,MAG,Haas F1 Team,17.189307141147342,20,0,0,0
2019,11,German Grand Prix,2019-07-28,Hockenheimring,Max Verstappen,VER,Red Bull,3.84888056532993,1,25,0,25
2019,11,German Grand Prix,2019-07-28,Hockenheimring,Sebastian Vettel,VET,Ferrari,4.484804528364676,2,18,0,18
2019,11,German Grand Prix,2019-07-28,Hockenheimring,Lewis Hamilton,HAM,Mercedes,5.392070667727941,3,15,0,15
2019,11,German Grand Prix,2019-07-28,Hockenheimring,Carlos Sainz,SAI,McLaren,6.85826515414442,4,12,0,12
2019,11,German Grand Prix,2019-07-28,Hockenheimring,Daniil Kvyat,KVY,Toro Rosso,8.660605882755444,5,10,0,10
2019,11,German Grand Prix,2019-07-28,Hockenheimring,Valtteri Bottas,BOT,Mercedes,8.818006315321387,6,8,0,8
2019,11,German Grand Prix,2019-07-28,Hockenheimring,Lance Stroll,STR,Racing Point,9.64902570808598,7,6,0,6
2019,11,German Grand Prix,2019-07-28,Hockenheimring,Alexander Albon,ALB,Toro Rosso,10.190841568342336,8,4,0,4
2019,11,German Grand Prix,2019-07-28,Hockenheimring,Pierre Gasly,GAS,Red Bull,10.21935100949096,9,2,0,2
2019,11,German Grand Prix,2019-07-28,Hockenheimring,Charles Leclerc,LEC,Ferrari,10.416240745416252,10,1,0,1
2019,11,German Grand Prix,2019-07-28,Hockenheimring,Romain Grosjean,GRO,Haas F1 Team,10.817556249770826,11,0,0,0
2019,11,German Grand Prix,2019-07-28,Hockenheimring,Kimi Räikkönen,RAI,Alfa Romeo,12.163837679373632,12,0,0,0
2019,11,German Grand Prix,2019-07-28,Hockenheimring,Kevin Magnussen,MAG,Haas F1 Team,12.310722136252274,13,0,0,0
2019,11,German Grand Prix,2019-07-28,Hockenheimring,Nico Hülkenberg,HUL,Renault,13.39425523026894,14,0,0,0
2019,11,German Grand Prix,2019-07-28,Hockenheimring,Antonio Giovinazzi,GIO,Alfa Romeo,13.538256205989072,15,0,0,0
2019,11,German Grand Prix,2019-07-28,Hockenheimring,Daniel Ricciardo,RIC,Renault,13.96930519828338,16,0,0,0
2019,11,German Grand Prix,2019-07-28,Hockenheimring,George Russell,RUS,Williams,14.131811453938738,17,0,0,0
2019,11,German Grand Prix,2019-07-28,Hockenheimring,Lando Norris,NOR,McLaren,14.196170966101947,18,0,0,0
2019,11,German Grand Prix,2019-07-28,Hockenheimring,Robert Kubica,KUB,Williams,14.36739301733415,19,0,0,0
2019,11,German Grand Prix,2019-07-28,Hockenheimring,Sergio Pérez,PER,Racing Point,15.430838460029072,20,0,0,0
2019,12,Hungarian Grand Prix,2019-08-04,Hungaroring,Lewis Hamilton,HAM,Mercedes,2.6573625951805924,1,25,0,25
2019,12,Hungarian Grand Prix,2019-08-04,Hungaroring,Max Verstappen,VER,Red Bull,4.125026906878264,2,18,0,18
2019,12,Hungarian Grand Prix,2019-08-04,Hungaroring,Sebastian Vettel,VET,Ferrari,4.947997603783749,3,15,0,15
2019,12,Hungarian Grand Prix,2019-08-04,Hungaroring,Charles Leclerc,LEC,Ferrari,5.502094758458855,4,12,0,12
2019,12,Hungarian Grand Prix,2019-08-04,Hungaroring,Pierre Gasly,GAS,Red Bull,7.0627049255662815,5,10,0,10
2019,12,Hungarian Grand Prix,2019-08-04,Hungaroring,Valtteri Bottas,BOT,Mercedes,7.582373185071566,6,8,0,8
2019,12,Hungarian Grand Prix,2019-08-04,Hungaroring,Carlos Sainz,SAI,McLaren,7.718039045467639,7,6,0,6
2019,12,Hungarian Grand Prix,2019-08-04,Hungaroring,Lando Norris,NOR,McLaren,9.368159991306504,8,4,0,4
2019,12,Hungarian Grand Prix,2019-08-04,Hungaroring,Kimi Räikkönen,RAI,Alfa Romeo,10.02936175423126,9,2,0,2
2019,12,Hungarian Grand Prix,2019-08-04,Hungaroring,Alexander Albon,ALB,Toro Rosso,11.111214227620088,10,1,0,1
2019,12,Hungarian Grand Prix,2019-08-04,Hungaroring,Nico Hülkenberg,HUL,Renault,11.38181285283968,11,0,0,0
2019,12,Hungarian Grand Prix,2019-08-04,Hungaroring,Sergio Pérez,PER,Racing Point,12.149821048133752,12,0,0,0
2019,12,Hungarian Grand Prix,2019-08-04,Hungaroring,Kevin Magnussen,MAG,Haas F1 Team,12.21271754598815,13,0,0,0
2019,12,Hungarian Grand Prix,2019-08-04,Hungaroring,Daniel Ricciardo,RIC,Renault,13.081401563341888,14,0,0,0
2019,12,Hungarian Grand Prix,2019-08-04,Hungaroring,Daniil Kvyat,KVY,Toro Rosso,13.796848019074124,15,0,0,0
2019,12,Hungarian Grand Prix,2019-08-04,Hungaroring,Lance Stroll,STR,Racing Point,14.866210875679004,16,0,0,0
2019,12,Hungarian Grand Prix,2019-08-04,Hungaroring,Antonio Giovinazzi,GIO,Alfa Romeo,15.249887198597389,17,0,0,0
2019,12,Hungarian Grand Prix,2019-08-04,Hungaroring,Romain Grosjean,GRO,Haas F1 Team,15.956123102450777,18,0,0,0
2019,12,Hungarian Grand Prix,2019-08-04,Hungaroring,George Russell,RUS,Williams,15.982865110613764,19,0,0,0
2019,12,Hungarian Grand Prix,2019-08-04,Hungaroring,Robert Kubica,KUB,Williams,17.09151622991159,20,0,0,0
2019,13,Belgian Grand Prix,2019-09-01,Circuit de Spa-Francorchamps,Lewis Hamilton,HAM,Mercedes,3.049499744441285,1,25,0,25
2019,13,Belgian Grand Prix,2019-09-01,Circuit de Spa-Francorchamps,Valtteri Bottas,BOT,Mercedes,4.6591080219702805,2,18,0,18
2019,13,Belgian Grand Prix,2019-09-01,Circuit de Spa-Francorchamps,Charles Leclerc,LEC,Ferrari,4.824401366433274,3,15,0,15
2019,13,Belgian Grand Prix,2019-09-01,Circuit de Spa-Francorchamps,Sebastian Vettel,VET,Ferrari,4.858692603052904,4,12,0,12
2019,13,Belgian Grand Prix,2019-09-01,Circuit de Spa-Francorchamps,Alexander Albon,ALB,Red Bull,7.218939159665085,5,10,0,10
2019,13,Belgian Grand Prix,2019-09-01,Circuit de Spa-Francorchamps,Sergio Pérez,PER,Racing Point,9.23918645909252,6,8,0,8
2019,13,Belgian Grand Prix,2019-09-01,Circuit de Spa-Francorchamps,Lance Stroll,STR,Racing Point,10.38093072553733,7,6,0,6
2019,13,Belgian Grand Prix,2019-09-01,Circuit de Spa-Francorchamps,Daniil Kvyat,KVY,Toro Rosso,10.474285278153598,8,4,0,4
2019,13,Belgian Grand Prix,2019-09-01,Circuit de Spa-Francorchamps,Nico Hülkenberg,HUL,Renault,10.486212655650984,9,2,0,2
2019,13,Belgian Grand Prix,2019-09-01,Circuit de Spa-Francorchamps,Max Verstappen,VER,Red Bull,10.590771088368758,10,1,0,1
2019,13,Belgian Grand Prix,2019-09-01,Circuit de Spa-Francorchamps,Lando Norris,NOR,McLaren,10.59369962623476,11,0,0,0
2019,13,Belgian Grand Prix,2019-09-01,Circuit de Spa-Francorchamps,Pierre Gasly,GAS,Toro Rosso,10.81713262383518,12,0,0,0
2019,13,Belgian Grand Prix,2019-09-01,Circuit de Spa-Francorchamps,Daniel Ricciardo,RIC,Renault,11.94163906669923,13,0,0,0
2019,13,Belgian Grand Prix,2019-09-01,Circuit de Spa-Francorchamps,Carlos Sainz,SAI,McLaren,12.312261396975488,14,0,0,0
2019,13,Belgian Grand Prix,2019-09-01,Circuit de Spa-Francorchamps,Kimi Räikkönen,RAI,Alfa Romeo,13.32921851146635,15,0,0,0
2019,13,Belgian Grand Prix,2019-09-01,Circuit de Spa-Francorchamps,Romain Grosjean,GRO,Haas F1 Team,13.810451439590029,16,0,0,0
2019,13,Belgian Grand Prix,2019-09-01,Circuit de Spa-Francorchamps,Kevin Magnussen,MAG,Haas F1 Team,14.39785359748846,17,0,0,0
2019,13,Belgian Grand Prix,2019-09-01,Circuit de Spa-Francorchamps,George Russell,RUS,Williams,15.351918791758475,18,0,0,0
2019,13,Belgian Grand Prix,2019-09-01,Circuit de Spa-Francorchamps,Antonio Giovinazzi,GIO,Alfa Romeo,15.587218491168258,19,0,0,0
2019,13,Belgian Grand Prix,2019-09-01,Circuit de Spa-Francorchamps,Robert Kubica,KUB,Williams,16.579390143839554,20,0,0,0
2019,14,Italian Grand Prix,2019-09-08,Autodromo Nazionale di Monza,Charles Leclerc,LEC,Ferrari,3.6909945740006913,1,25,0,25
2019,14,Italian Grand Prix,2019-09-08,Autodromo Nazionale di Monza,Lewis Hamilton,HAM,Mercedes,3.7660860744746913,2,18,0,18
2019,14,Italian Grand Prix,2019-09-08,Autodromo Nazionale di Monza,Valtteri Bottas,BOT,Mercedes,4.398268887759545,3,15,0,15
2019,14,Italian Grand Prix,2019-09-08,Autodromo Nazionale di Monza,Alexander Albon,ALB,Red Bull,6.873093445156112,4,12,0,12
2019,14,Italian Grand Prix,2019-09-08,Autodromo Nazionale di Monza,Max Verstappen,VER,Red Bull,7.323278036919759,5,10,0,10
2019,14,Italian Grand Prix,2019-09-08,Autodromo Nazionale di Monza,Sebastian Vettel,VET,Ferrari,8.983137457256596,6,8,0,8
2019,14,Italian Grand Prix,2019-09-08,Autodromo Nazionale di Monza,Nico Hülkenberg,HUL,Renault,9.267185032722308,7,6,0,6
2019,14,Italian Grand Prix,2019-09-08,Autodromo Nazionale di Monza,Lando Norris,NOR,McLaren,9.371207271789704,8,4,0,4
2019,14,Italian Grand Prix,2019-09-08,Autodromo Nazionale di Monza,Daniel Ricciardo,RIC,Renault,9.442636762439996,9,2,0,2
2019,14,Italian Grand Prix,2019-09-08,Autodromo Nazionale di Monza,Sergio Pérez,PER,Racing Point,9.520765178164648,10,1,0,1
2019,14,Italian Grand Prix,2019-09-08,Autodromo Nazionale di Monza,Pierre Gasly,GAS,Toro Rosso,10.713311449943824,11,0,0,0
2019,14,Italian Grand Prix,2019-09-08,Autodromo Nazionale di Monza,Lance Stroll,STR,Racing Point,11.82888155101504,12,0,0,0
2019,14,Italian Grand Prix,2019-09-08,Autodromo Nazionale di Monza,Antonio Giovinazzi,GIO,Alfa Romeo,11.836662167362215,13,0,0,0
2019,14,Italian Grand Prix,2019-09-08,Autodromo Nazionale di Monza,Carlos Sainz,SAI,McLaren,12.654313550726094,14,0,0,0
2019,14,Italian Grand Prix,2019-09-08,Autodromo Nazionale di Monza,Daniil Kvyat,KVY,Toro Rosso,13.33651930756394,15,0,0,0
2019,14,Italian Grand Prix,2019-09-08,Autodromo Nazionale di Monza,Kimi Räikkönen,RAI,Alfa Romeo,14.09747285983719,16,0,0,0
2019,14,Italian Grand Prix,2019-09-08,Autodromo Nazionale di Monza,George Russell,RUS,Williams,14.708643279604807,17,0,0,0
2019,14,Italian Grand Prix,2019-09-08,Autodromo Nazionale di Monza,Kevin Magnussen,MAG,Haas F1 Team,15.46656351728673,18,0,0,0
2019,14,Italian Grand Prix,2019-09-08,Autodromo Nazionale di Monza,Romain Grosjean,GRO,Haas F1 Team,15.690285938825063,19,0,0,0
2019,14,Italian Grand Prix,2019-09-08,Autodromo Nazionale di Monza,Robert Kubica,KUB,Williams,16.04207602227764,20,0,0,0
2019,15,Singapore Grand Prix,2019-09-22,Marina Bay Street Circuit,Sebastian Vettel,VET,Ferrari,3.820261565627157,1,25,0,25
2019,15,Singapore Grand Prix,2019-09-22,Marina Bay Street Circuit,Max Verstappen,VER,Red Bull,4.183242898959005,2,18,0,18
2019,15,Singapore Grand Prix,2019-09-22,Marina Bay Street Circuit,Lewis Hamilton,HAM,Mercedes,4.546665301302296,3,15,0,15
2019,15,Singapore Grand Prix,2019-09-22,Marina Bay Street Circuit,Charles Leclerc,LEC,Ferrari,4.671708804872759,4,12,0,12
2019,15,Singapore Grand Prix,2019-09-22,Marina Bay Street Circuit,Valtteri Bottas,BOT,Mercedes,5.122261837023773,5,10,0,10
2019,15,Singapore Grand Prix,2019-09-22,Marina Bay Street Circuit,Alexander Albon,ALB,Red Bull,6.576583434329581,6,8,0,8
2019,15,Singapore Grand Prix,2019-09-22,Marina Bay Street Circuit,Nico Hülkenberg,HUL,Renault,9.418938611796396,7,6,0,6
2019,15,Singapore Grand Prix,2019-09-22,Marina Bay Street Circuit,Lando Norris,NOR,McLaren,9.428144805073668,8,4,0,4
2019,15,Singapore Grand Prix,2019-09-22,Marina Bay Street Circuit,Pierre Gasly,GAS,Toro Rosso,10.22885020387958,9,2,0,2
2019,15,Singapore Grand Prix,2019-09-22,Marina Bay Street Circuit,Carlos Sainz,SAI,McLaren,10.738081863284194,10,1,0,1
2019,15,Singapore Grand Prix,2019-09-22,Marina Bay Street Circuit,Antonio Giovinazzi,GIO,Alfa Romeo,11.581394304472786,11,0,0,0
2019,15,Singapore Grand Prix,2019-09-22,Marina Bay Street Circuit,Romain Grosjean,GRO,Haas F1 Team,12.412225960703593,12,0,0,0
2019,15,Singapore Grand Prix,2019-09-22,Marina Bay Street Circuit,Daniel Ricciardo,RIC,Renault,12.543238056179089,13,0,0,0
2019,15,Singapore Grand Prix,2019-09-22,Marina Bay Street Circuit,Lance Stroll,STR,Racing Point,12.738709403307023,14,0,0,0
2019,15,Singapore Grand Prix,2019-09-22,Marina Bay Street Circuit,Daniil Kvyat,KVY,Toro Rosso,13.27807240671424,15,0,0,0
2019,15,Singapore Grand Prix,2019-09-22,Marina Bay Street Circuit,Sergio Pérez,PER,Racing Point,14.28727067454764,16,0,0,0
2019,15,Singapore Grand Prix,2019-09-22,Marina Bay Street Circuit,Kimi Räikkönen,RAI,Alfa Romeo,15.351771166606788,17,0,0,0
2019,15,Singapore Grand Prix,2019-09-22,Marina Bay Street Circuit,Kevin Magnussen,MAG,Haas F1 Team,15.68767912329336,18,0,0,0
2019,15,Singapore Grand Prix,2019-09-22,Marina Bay Street Circuit,Robert Kubica,KUB,Williams,15.991316971981504,19,0,0,0
2019,15,Singapore Grand Prix,2019-09-22,Marina Bay Street Circuit,George Russell,RUS,Williams,17.448613841460496,20,0,0,0
2019,16,Russian Grand Prix,2019-09-29,Sochi Autodrom,Lewis Hamilton,HAM,Mercedes,2.590814897321355,1,25,0,25
2019,16,Russian Grand Prix,2019-09-29,Sochi Autodrom,Valtteri Bottas,BOT,Mercedes,3.835549516815667,2,18,0,18
2019,16,Russian Grand Prix,2019-09-29,Sochi Autodrom,Charles Leclerc,LEC,Ferrari,4.231372409943062,3,15,0,15
2019,16,Russian Grand Prix,2019-09-29,Sochi Autodrom,Max Verstappen,VER,Red Bull,5.217233772793708,4,12,0,12
2019,16,Russian Grand Prix,2019-09-29,Sochi Autodrom,Alexander Albon,ALB,Red Bull,6.542466615479482,5,10,0,10
2019,16,Russian Grand Prix,2019-09-29,Sochi Autodrom,Sergio Pérez,PER,Racing Point,9.360837965598668,6,8,0,8
2019,16,Russian Grand Prix,2019-09-29,Sochi Autodrom,Carlos Sainz,SAI,McLaren,9.563749235599698,7,6,0,6
2019,16,Russian Grand Prix,2019-09-29,Sochi Autodrom,Sebastian Vettel,VET,Ferrari,9.984327009296836,8,4,0,4
2019,16,Russian Grand Prix,2019-09-29,Sochi Autodrom,Nico Hülkenberg,HUL,Renault,10.61725823642494,9,2,0,2
2019,16,Russian Grand Prix,2019-09-29,Sochi Autodrom,Lando Norris,NOR,McLaren,10.746636956748686,10,1,0,1
2019,16,Russian Grand Prix,2019-09-29,Sochi Autodrom,Kevin Magnussen,MAG,Haas F1 Team,11.653430329662148,11,0,0,0
2019,16,Russian Grand Prix,2019-09-29,Sochi Autodrom,Lance Stroll,STR,Racing Point,11.747351843261525,12,0,0,0
2019,16,Russian Grand Prix,2019-09-29,Sochi Autodrom,Kimi Räikkönen,RAI,Alfa Romeo,12.45838592737201,13,0,0,0
2019,16,Russian Grand Prix,2019-09-29,Sochi Autodrom,Pierre Gasly,GAS,Toro Rosso,12.58222651259397,14,0,0,0
2019,16,Russian Grand Prix,2019-09-29,Sochi Autodrom,Daniil Kvyat,KVY,Toro Rosso,12.61865908226648,15,0,0,0
2019,16,Russian Grand Prix,2019-09-29,Sochi Autodrom,Daniel Ricciardo,RIC,Renault,14.098179913818983,16,0,0,0
2019,16,Russian Grand Prix,2019-09-29,Sochi Autodrom,Antonio Giovinazzi,GIO,Alfa Romeo,14.578021505299535,17,0,0,0
2019,16,Russian Grand Prix,2019-09-29,Sochi Autodrom,Romain Grosjean,GRO,Haas F1 Team,15.34918806936474,18,0,0,0
2019,16,Russian Grand Prix,2019-09-29,Sochi Autodrom,George Russell,RUS,Williams,16.31474421474871,19,0,0,0
2019,16,Russian Grand Prix,2019-09-29,Sochi Autodrom,Robert Kubica,KUB,Williams,16.480797014274113,20,0,0,0
2019,17,Japanese Grand Prix,2019-10-13,Suzuka Circuit,Valtteri Bottas,BOT,Mercedes,2.7324468189471656,1,25,0,25
2019,17,Japanese Grand Prix,2019-10-13,Suzuka Circuit,Lewis Hamilton,HAM,Mercedes,3.40961564523994,2,18,0,18
2019,17,Japanese Grand Prix,2019-10-13,Suzuka Circuit,Sebastian Vettel,VET,Ferrari,4.512117018966995,3,15,0,15
2019,17,Japanese Grand Prix,2019-10-13,Suzuka Circuit,Alexander Albon,ALB,Red Bull,5.864304265372011,4,12,0,12
2019,17,Japanese Grand Prix,2019-10-13,Suzuka Circuit,Charles Leclerc,LEC,Ferrari,6.434781397487203,5,10,0,10
2019,17,Japanese Grand Prix,2019-10-13,Suzuka Circuit,Carlos Sainz,SAI,McLaren,7.798467630777704,6,8,0,8
2019,17,Japanese Grand Prix,2019-10-13,Suzuka Circuit,Sergio Pérez,PER,Racing Point,9.062400996229703,7,6,0,6
2019,17,Japanese Grand Prix,2019-10-13,Suzuka Circuit,Pierre Gasly,GAS,Toro Rosso,9.975926423377658,8,4,0,4
2019,17,Japanese Grand Prix,2019-10-13,Suzuka Circuit,Max Verstappen,VER,Red Bull,10.176865262913806,9,2,0,2
2019,17,Japanese Grand Prix,2019-10-13,Suzuka Circuit,Lance Stroll,STR,Racing Point,10.849217471315034,10,1,0,1
2019,17,Japanese Grand Prix,2019-10-13,Suzuka Circuit,Lando Norris,NOR,McLaren,11.33800249222947,11,0,0,0
2019,17,Japanese Grand Prix,2019-10-13,Suzuka Circuit,Daniil Kvyat,KVY,Toro Rosso,11.839699326924263,12,0,0,0
2019,17,Japanese Grand Prix,2019-10-13,Suzuka Circuit,Kimi Räikkönen,RAI,Alfa Romeo,12.371842631735806,13,0,0,0
2019,17,Japanese Grand Prix,2019-10-13,Suzuka Circuit,Romain Grosjean,GRO,Haas F1 Team,13.702299166510182,14,0,0,0
2019,17,Japanese Grand Prix,2019-10-13,Suzuka Circuit,Antonio Giovinazzi,GIO,Alfa Romeo,14.537724194421282,15,0,0,0
2019,17,Japanese Grand Prix,2019-10-13,Suzuka Circuit,Daniel Ricciardo,RIC,Renault,14.605539317587295,16,0,0,0
2019,17,Japanese Grand Prix,2019-10-13,Suzuka Circuit,Kevin Magnussen,MAG,Haas F1 Team,15.15734548325541,17,0,0,0
2019,17,Japanese Grand Prix,2019-10-13,Suzuka Circuit,Nico Hülkenberg,HUL,Renault,15.81660587891293,18,0,0,0
2019,17,Japanese Grand Prix,2019-10-13,Suzuka Circuit,George Russell,RUS,Williams,16.297892770721322,19,0,0,0
2019,17,Japanese Grand Prix,2019-10-13,Suzuka Circuit,Robert Kubica,KUB,Williams,16.861850762579753,20,0,0,0
2019,18,Mexican Grand Prix,2019-10-27,Autódromo Hermanos Rodríguez,Lewis Hamilton,HAM,Mercedes,2.3185339582088726,1,25,0,25
2019,18,Mexican Grand Prix,2019-10-27,Autódromo Hermanos Rodríguez,Sebastian Vettel,VET,Ferrari,4.176022459234954,2,18,0,18
2019,18,Mexican Grand Prix,2019-10-27,Autódromo Hermanos Rodríguez,Valtteri Bottas,BOT,Mercedes,4.427611102294606,3,15,0,15
2019,18,Mexican Grand Prix,2019-10-27,Autódromo Hermanos Rodríguez,Charles Leclerc,LEC,Ferrari,5.766307212499232,4,12,0,12
2019,18,Mexican Grand Prix,2019-10-27,Autódromo Hermanos Rodríguez,Alexander Albon,ALB,Red Bull,6.188116633871414,5,10,0,10
2019,18,Mexican Grand Prix,2019-10-27,Autódromo Hermanos Rodríguez,Max Verstappen,VER,Red Bull,6.6579071095216,6,8,0,8
2019,18,Mexican Grand Prix,2019-10-27,Autódromo Hermanos Rodríguez,Sergio Pérez,PER,Racing Point,9.711226297854871,7,6,0,6
2019,18,Mexican Grand Prix,2019-10-27,Autódromo Hermanos Rodríguez,Pierre Gasly,GAS,Toro Rosso,10.169820086947102,8,4,0,4
2019,18,Mexican Grand Prix,2019-10-27,Autódromo Hermanos Rodríguez,Daniel Ricciardo,RIC,Renault,10.5760672547972,9,2,0,2
2019,18,Mexican Grand Prix,2019-10-27,Autódromo Hermanos Rodríguez,Nico Hülkenberg,HUL,Renault,11.07203480756172,10,1,0,1
2019,18,Mexican Grand Prix,2019-10-27,Autódromo Hermanos Rodríguez,Carlos Sainz,SAI,McLaren,11.353930235302926,11,0,0,0
2019,18,Mexican Grand Prix,2019-10-27,Autódromo Hermanos Rodríguez,Daniil Kvyat,KVY,Toro Rosso,11.367227780804669,12,0,0,0
2019,18,Mexican Grand Prix,2019-10-27,Autódromo Hermanos Rodríguez,Lance Stroll,STR,Racing Point,12.200258184483785,13,0,0,0
2019,18,Mexican Grand Prix,2019-10-27,Autódromo Hermanos Rodríguez,Antonio Giovinazzi,GIO,Alfa Romeo,13.652653481736754,14,0,0,0
2019,18,Mexican Grand Prix,2019-10-27,Autódromo Hermanos Rodríguez,Kevin Magnussen,MAG,Haas F1 Team,14.648562015428226,15,0,0,0
2019,18,Mexican Grand Prix,2019-10-27,Autódromo Hermanos Rodríguez,Lando Norris,NOR,McLaren,14.974160814826366,16,0,0,0
2019,18,Mexican Grand Prix,2019-10-27,Autódromo Hermanos Rodríguez,Kimi Räikkönen,RAI,Alfa Romeo,15.061827342350618,17,0,0,0
2019,18,Mexican Grand Prix,2019-10-27,Autódromo Hermanos Rodríguez,Romain Grosjean,GRO,Haas F1 Team,15.661372618721034,18,0,0,0
2019,18,Mexican Grand Prix,2019-10-27,Autódromo Hermanos Rodríguez,George Russell,RUS,Williams,16.238747476704642,19,0,0,0
2019,18,Mexican Grand Prix,2019-10-27,Autódromo Hermanos Rodríguez,Robert Kubica,KUB,Williams,16.78941373800459,20,0,0,0
2019,19,United States Grand Prix,2019-11-03,Circuit of the Americas,Lewis Hamilton,HAM,Mercedes,2.771141102453492,1,25,0,25
2019,19,United States Grand Prix,2019-11-03,Circuit of the Americas,Valtteri Bottas,BOT,Mercedes,4.166772210468753,2,18,0,18
2019,19,United States Grand Prix,2019-11-03,Circuit of the Americas,Max Verstappen,VER,Red Bull,4.931255128990187,3,15,0,15
2019,19,United States Grand Prix,2019-11-03,Circuit of the Americas,Charles Leclerc,LEC,Ferrari,5.625504226467991,4,12,0,12
2019,19,United States Grand Prix,2019-11-03,Circuit of the Americas,Alexander Albon,ALB,Red Bull,7.19842212726465,5,10,0,10
2019,19,United States Grand Prix,2019-11-03,Circuit of the Americas,Daniel Ricciardo,RIC,Renault,8.831983134931905,6,8,0,8
2019,19,United States Grand Prix,2019-11-03,Circuit of the Americas,Carlos Sainz,SAI,McLaren,9.702717427736792,7,6,0,6
2019,19,United States Grand Prix,2019-11-03,Circuit of the Americas,Lando Norris,NOR,McLaren,10.107281994315654,8,4,0,4
2019,19,United States Grand Prix,2019-11-03,Circuit of the Americas,Sergio Pérez,PER,Racing Point,10.715677974680547,9,2,0,2
2019,19,United States Grand Prix,2019-11-03,Circuit of the Americas,Nico Hülkenberg,HUL,Renault,11.235529770674912,10,1,0,1
2019,19,United States Grand Prix,2019-11-03,Circuit of the Americas,Sebastian Vettel,VET,Ferrari,11.66676386346768,11,0,0,0
2019,19,United States Grand Prix,2019-11-03,Circuit of the Americas,Daniil Kvyat,KVY,Toro Rosso,11.946416551743951,12,0,0,0
2019,19,United States Grand Prix,2019-11-03,Circuit of the Americas,Kimi Räikkönen,RAI,Alfa Romeo,12.064262443889495,13,0,0,0
2019,19,United States Grand Prix,2019-11-03,Circuit of the Americas,Lance Stroll,STR,Racing Point,12.573693024828358,14,0,0,0
2019,19,United States Grand Prix,2019-11-03,Circuit of the Americas,Pierre Gasly,GAS,Toro Rosso,12.821317323045314,15,0,0,0
2019,19,United States Grand Prix,2019-11-03,Circuit of the Americas,Antonio Giovinazzi,GIO,Alfa Romeo,13.399333553691289,16,0,0,0
2019,19,United States Grand Prix,2019-11-03,Circuit of the Americas,Romain Grosjean,GRO,Haas F1 Team,14.17273152343762,17,0,0,0
2019,19,United States Grand Prix,2019-11-03,Circuit of the Americas,Kevin Magnussen,MAG,Haas F1 Team,15.327528513601772,18,0,0,0
2019,19,United States Grand Prix,2019-11-03,Circuit of the Americas,George Russell,RUS,Williams,15.88301157040172,19,0,0,0
2019,19,United States Grand Prix,2019-11-03,Circuit of the Americas,Robert Kubica,KUB,Williams,17.402041383869655,20,0,0,0
2019,20,Brazilian Grand Prix,2019-11-17,Autódromo José Carlos Pace,Lewis Hamilton,HAM,Mercedes,5.43775274550924,1,25,0,25
2019,20,Brazilian Grand Prix,2019-11-17,Autódromo José Carlos Pace,Max Verstappen,VER,Red Bull,5.813983478825645,2,18,0,18
2019,20,Brazilian Grand Prix,2019-11-17,Autódromo José Carlos Pace,Carlos Sainz,SAI,McLaren,6.2888622772441,3,15,0,15
2019,20,Brazilian Grand Prix,2019-11-17,Autódromo José Carlos Pace,Pierre Gasly,GAS,Toro Rosso,8.11405656012834,4,12,0,12
2019,20,Brazilian Grand Prix,2019-11-17,Autódromo José Carlos Pace,Daniel Ricciardo,RIC,Renault,8.22525532045534,5,10,0,10
2019,20,Brazilian Grand Prix,2019-11-17,Autódromo José Carlos Pace,Alexander Albon,ALB,Red Bull,9.091968927580364,6,8,0,8
2019,20,Brazilian Grand Prix,2019-11-17,Autódromo José Carlos Pace,Valtteri Bottas,BOT,Mercedes,9.285342532477076,7,6,0,6
2019,20,Brazilian Grand Prix,2019-11-17,Autódromo José Carlos Pace,Lando Norris,NOR,McLaren,9.700224356234854,8,4,0,4
2019,20,Brazilian Grand Prix,2019-11-17,Autódromo José Carlos Pace,Kimi Räikkönen,RAI,Alfa Romeo,9.842206296770383,9,2,0,2
2019,20,Brazilian Grand Prix,2019-11-17,Autódromo José Carlos Pace,Sebastian Vettel,VET,Ferrari,9.985969749543711,10,1,0,1
2019,20,Brazilian Grand Prix,2019-11-17,Autódromo José Carlos Pace,Charles Leclerc,LEC,Ferrari,10.324396466153782,11,0,0,0
2019,20,Brazilian Grand Prix,2019-11-17,Autódromo José Carlos Pace,Sergio Pérez,PER,Racing Point,10.984193164209088,12,0,0,0
2019,20,Brazilian Grand Prix,2019-11-17,Autódromo José Carlos Pace,Daniil Kvyat,KVY,Toro Rosso,10.98914475514264,13,0,0,0
2019,20,Brazilian Grand Prix,2019-11-17,Autódromo José Carlos Pace,Antonio Giovinazzi,GIO,Alfa Romeo,11.051529825692864,14,0,0,0
2019,20,Brazilian Grand Prix,2019-11-17,Autódromo José Carlos Pace,Nico Hülkenberg,HUL,Renault,12.051746917074617,15,0,0,0
2019,20,Brazilian Grand Prix,2019-11-17,Autódromo José Carlos Pace,Kevin Magnussen,MAG,Haas F1 Team,12.7420748098341,16,0,0,0
2019,20,Brazilian Grand Prix,2019-11-17,Autódromo José Carlos Pace,George Russell,RUS,Williams,14.252334322064096,17,0,0,0
2019,20,Brazilian Grand Prix,2019-11-17,Autódromo José Carlos Pace,Romain Grosjean,GRO,Haas F1 Team,14.347896471715837,18,0,0,0
2019,20,Brazilian Grand Prix,2019-11-17,Autódromo José Carlos Pace,Robert Kubica,KUB,Williams,15.770620576511297,19,0,0,0
2019,20,Brazilian Grand Prix,2019-11-17,Autódromo José Carlos Pace,Lance Stroll,STR,Racing Point,15.937379511230382,20,0,0,0
2019,21,Abu Dhabi Grand Prix,2019-12-01,Yas Marina Circuit,Lewis Hamilton,HAM,Mercedes,2.70385534081994,1,25,0,25
2019,21,Abu Dhabi Grand Prix,2019-12-01,Yas Marina Circuit,Valtteri Bottas,BOT,Mercedes,4.243163906291993,2,18,0,18
2019,21,Abu Dhabi Grand Prix,2019-12-01,Yas Marina Circuit,Max Verstappen,VER,Red Bull,4.332188636206986,3,15,0,15
2019,21,Abu Dhabi Grand Prix,2019-12-01,Yas Marina Circuit,Charles Leclerc,LEC,Ferrari,5.685626763716713,4,12,0,12
2019,21,Abu Dhabi Grand Prix,2019-12-01,Yas Marina Circuit,Sebastian Vettel,VET,Ferrari,5.791655631706069,5,10,0,10
2019,21,Abu Dhabi Grand Prix,2019-12-01,Yas Marina Circuit,Alexander Albon,ALB,Red Bull,6.5048463881958245,6,8,0,8
2019,21,Abu Dhabi Grand Prix,2019-12-01,Yas Marina Circuit,Sergio Pérez,PER,Racing Point,9.174203185631509,7,6,0,6
2019,21,Abu Dhabi Grand Prix,2019-12-01,Yas Marina Circuit,Lando Norris,NOR,McLaren,9.357877600017924,8,4,0,4
2019,21,Abu Dhabi Grand Prix,2019-12-01,Yas Marina Circuit,Carlos Sainz,SAI,McLaren,10.00778326418663,9,2,0,2
2019,21,Abu Dhabi Grand Prix,2019-12-01,Yas Marina Circuit,Daniil Kvyat,KVY,Toro Rosso,11.566666862820876,10,1,0,1
2019,21,Abu Dhabi Grand Prix,2019-12-01,Yas Marina Circuit,Daniel Ricciardo,RIC,Renault,11.898616485391006,11,0,0,0
2019,21,Abu Dhabi Grand Prix,2019-12-01,Yas Marina Circuit,Nico Hülkenberg,HUL,Renault,12.492994949656843,12,0,0,0
2019,21,Abu Dhabi Grand Prix,2019-12-01,Yas Marina Circuit,Kimi Räikkönen,RAI,Alfa Romeo,12.739352780266149,13,0,0,0
2019,21,Abu Dhabi Grand Prix,2019-12-01,Yas Marina Circuit,Antonio Giovinazzi,GIO,Alfa Romeo,13.443307490915943,14,0,0,0
2019,21,Abu Dhabi Grand Prix,2019-12-01,Yas Marina Circuit,Kevin Magnussen,MAG,Haas F1 Team,13.563088025842,15,0,0,0
2019,21,Abu Dhabi Grand Prix,2019-12-01,Yas Marina Circuit,Romain Grosjean,GRO,Haas F1 Team,13.954635345906254,16,0,0,0
2019,21,Abu Dhabi Grand Prix,2019-12-01,Yas Marina Circuit,Pierre Gasly,GAS,Toro Rosso,14.250258269548294,17,0,0,0
2019,21,Abu Dhabi Grand Prix,2019-12-01,Yas Marina Circuit,Lance Stroll,STR,Racing Point,15.734092196989264,18,0,0,0
2019,21,Abu Dhabi Grand Prix,2019-12-01,Yas Marina Circuit,George Russell,RUS,Williams,16.735021490891057,19,0,0,0
2019,21,Abu Dhabi Grand Prix,2019-12-01,Yas Marina Circuit,Robert Kubica,KUB,Williams,17.525818488876176,20,0,0,0
2020,1,Austrian Grand Prix,2020-07-05,Red Bull Ring,Valtteri Bottas,BOT,Mercedes,3.1102130091883744,1,25,0,25
2020,1,Austrian Grand Prix,2020-07-05,Red Bull Ring,Lewis Hamilton,HAM,Mercedes,3.75364384262824,2,18,0,18
2020,1,Austrian Grand Prix,2020-07-05,Red Bull Ring,Carlos Sainz,SAI,McLaren,6.28958379060068,3,15,0,15
2020,1,Austrian Grand Prix,2020-07-05,Red Bull Ring,Lando Norris,NOR,McLaren,6.509347318509888,4,12,0,12
2020,1,Austrian Grand Prix,2020-07-05,Red Bull Ring,Charles Leclerc,LEC,Ferrari,7.036290754987768,5,10,0,10
2020,1,Austrian Grand Prix,2020-07-05,Red Bull Ring,Sergio Pérez,PER,Racing Point,7.508572440228075,6,8,0,8
2020,1,Austrian Grand Prix,2020-07-05,Red Bull Ring,Alexander Albon,ALB,Red Bull,9.523985574346463,7,6,0,6
2020,1,Austrian Grand Prix,2020-07-05,Red Bull Ring,Sebastian Vettel,VET,Ferrari,9.752524620312196,8,4,0,4
2020,1,Austrian Grand Prix,2020-07-05,Red Bull Ring,Pierre Gasly,GAS,AlphaTauri,10.54752161620234,9,2,0,2
2020,1,Austrian Grand Prix,2020-07-05,Red Bull Ring,Esteban Ocon,OCO,Renault,10.797680485456862,10,1,0,1
2020,1,Austrian Grand Prix,2020-07-05,Red Bull Ring,Max Verstappen,VER,Red Bull,11.286897633806872,11,0,0,0
2020,1,Austrian Grand Prix,2020-07-05,Red Bull Ring,Antonio Giovinazzi,GIO,Alfa Romeo,11.420756099201194,12,0,0,0
2020,1,Austrian Grand Prix,2020-07-05,Red Bull Ring,Daniil Kvyat,KVY,AlphaTauri,12.261639881280676,13,0,0,0
2020,1,Austrian Grand Prix,2020-07-05,Red Bull Ring,Kimi Räikkönen,RAI,Alfa Romeo,12.95767634982322,14,0,0,0
2020,1,Austrian Grand Prix,2020-07-05,Red Bull Ring,Nicholas Latifi,LAT,Williams,13.468254968613996,15,0,0,0
2020,1,Austrian Grand Prix,2020-07-05,Red Bull Ring,Daniel Ricciardo,RIC,Renault,14.091790866698442,16,0,0,0
2020,1,Austrian Grand Prix,2020-07-05,Red Bull Ring,Kevin Magnussen,MAG,Haas F1 Team,14.859797851516223,17,0,0,0
2020,1,Austrian Grand Prix,2020-07-05,Red Bull Ring,Lance Stroll,STR,Racing Point,14.906070215086183,18,0,0,0
2020,1,Austrian Grand Prix,2020-07-05,Red Bull Ring,Romain Grosjean,GRO,Haas F1 Team,15.2239010000019,19,0,0,0
2020,1,Austrian Grand Prix,2020-07-05,Red Bull Ring,George Russell,RUS,Williams,15.308153062640487,20,0,0,0
2020,2,Styrian Grand Prix,2020-07-12,Red Bull Ring,Lewis Hamilton,HAM,Mercedes,2.652357911236044,1,25,0,25
2020,2,Styrian Grand Prix,2020-07-12,Red Bull Ring,Valtteri Bottas,BOT,Mercedes,3.143109499281079,2,18,0,18
2020,2,Styrian Grand Prix,2020-07-12,Red Bull Ring,Max Verstappen,VER,Red Bull,5.068774121238035,3,15,0,15
2020,2,Styrian Grand Prix,2020-07-12,Red Bull Ring,Alexander Albon,ALB,Red Bull,6.274795245907861,4,12,0,12
2020,2,Styrian Grand Prix,2020-07-12,Red Bull Ring,Sergio Pérez,PER,Racing Point,7.876086100249852,5,10,0,10
2020,2,Styrian Grand Prix,2020-07-12,Red Bull Ring,Lando Norris,NOR,McLaren,8.1408394277982,6,8,0,8
2020,2,Styrian Grand Prix,2020-07-12,Red Bull Ring,Carlos Sainz,SAI,McLaren,8.518511879170946,7,6,0,6
2020,2,Styrian Grand Prix,2020-07-12,Red Bull Ring,Lance Stroll,STR,Racing Point,9.65654880485208,8,4,0,4
2020,2,Styrian Grand Prix,2020-07-12,Red Bull Ring,Daniel Ricciardo,RIC,Renault,10.173242207311096,9,2,0,2
2020,2,Styrian Grand Prix,2020-07-12,Red Bull Ring,Daniil Kvyat,KVY,AlphaTauri,11.430663898329335,10,1,0,1
2020,2,Styrian Grand Prix,2020-07-12,Red Bull Ring,Pierre Gasly,GAS,AlphaTauri,12.285048058221092,11,0,0,0
2020,2,Styrian Grand Prix,2020-07-12,Red Bull Ring,Kimi Räikkönen,RAI,Alfa Romeo,12.359330460302692,12,0,0,0
2020,2,Styrian Grand Prix,2020-07-12,Red Bull Ring,Charles Leclerc,LEC,Ferrari,13.091536219969637,13,0,0,0
2020,2,Styrian Grand Prix,2020-07-12,Red Bull Ring,Antonio Giovinazzi,GIO,Alfa Romeo,13.40900313068365,14,0,0,0
2020,2,Styrian Grand Prix,2020-07-12,Red Bull Ring,Esteban Ocon,OCO,Renault,13.585735780451088,15,0,0,0
2020,2,Styrian Grand Prix,2020-07-12,Red Bull Ring,Sebastian Vettel,VET,Ferrari,13.714359477990977,16,0,0,0
2020,2,Styrian Grand Prix,2020-07-12,Red Bull Ring,Romain Grosjean,GRO,Haas F1 Team,14.119542654334625,17,0,0,0
2020,2,Styrian Grand Prix,2020-07-12,Red Bull Ring,Kevin Magnussen,MAG,Haas F1 Team,14.162937599365918,18,0,0,0
2020,2,Styrian Grand Prix,2020-07-12,Red Bull Ring,George Russell,RUS,Williams,15.054017218870506,19,0,0,0
2020,2,Styrian Grand Prix,2020-07-12,Red Bull Ring,Nicholas Latifi,LAT,Williams,15.52699621034607,20,0,0,0
2020,3,Hungarian Grand Prix,2020-07-19,Hungaroring,Lewis Hamilton,HAM,Mercedes,2.3106856274523806,1,25,0,25
2020,3,Hungarian Grand Prix,2020-07-19,Hungaroring,Valtteri Bottas,BOT,Mercedes,4.057729843819743,2,18,0,18
2020,3,Hungarian Grand Prix,2020-07-19,Hungaroring,Max Verstappen,VER,Red Bull,5.076969262638844,3,15,0,15
2020,3,Hungarian Grand Prix,2020-07-19,Hungaroring,Sebastian Vettel,VET,Ferrari,7.0521020148001785,4,12,0,12
2020,3,Hungarian Grand Prix,2020-07-19,Hungaroring,Sergio Pérez,PER,Racing Point,7.364259103405334,5,10,0,10
2020,3,Hungarian Grand Prix,2020-07-19,Hungaroring,Alexander Albon,ALB,Red Bull,7.397411554887039,6,8,0,8
2020,3,Hungarian Grand Prix,2020-07-19,Hungaroring,Lance Stroll,STR,Racing Point,7.583474108442258,7,6,0,6
2020,3,Hungarian Grand Prix,2020-07-19,Hungaroring,Daniel Ricciardo,RIC,Renault,8.429698022380668,8,4,0,4
2020,3,Hungarian Grand Prix,2020-07-19,Hungaroring,Carlos Sainz,SAI,McLaren,9.088147832907229,9,2,0,2
2020,3,Hungarian Grand Prix,2020-07-19,Hungaroring,Charles Leclerc,LEC,Ferrari,9.178810304285252,10,1,0,1
2020,3,Hungarian Grand Prix,2020-07-19,Hungaroring,Lando Norris,NOR,McLaren,10.086923303913364,11,0,0,0
2020,3,Hungarian Grand Prix,2020-07-19,Hungaroring,Kevin Magnussen,MAG,Haas F1 Team,12.659807962904065,12,0,0,0
2020,3,Hungarian Grand Prix,2020-07-19,Hungaroring,Daniil Kvyat,KVY,AlphaTauri,12.72136195823567,13,0,0,0
2020,3,Hungarian Grand Prix,2020-07-19,Hungaroring,Esteban Ocon,OCO,Renault,12.762629004620612,14,0,0,0
2020,3,Hungarian Grand Prix,2020-07-19,Hungaroring,Kimi Räikkönen,RAI,Alfa Romeo,13.465725390657864,15,0,0,0
2020,3,Hungarian Grand Prix,2020-07-19,Hungaroring,Romain Grosjean,GRO,Haas F1 Team,14.744949773265835,16,0,0,0
2020,3,Hungarian Grand Prix,2020-07-19,Hungaroring,Pierre Gasly,GAS,AlphaTauri,14.934548770742694,17,0,0,0
2020,3,Hungarian Grand Prix,2020-07-19,Hungaroring,Antonio Giovinazzi,GIO,Alfa Romeo,15.191662773010364,18,0,0,0
2020,3,Hungarian Grand Prix,2020-07-19,Hungaroring,George Russell,RUS,Williams,16.589893416247445,19,0,0,0
2020,3,Hungarian Grand Prix,2020-07-19,Hungaroring,Nicholas Latifi,LAT,Williams,16.644964576984385,20,0,0,0
2020,4,British Grand Prix,2020-08-02,Silverstone Circuit,Lewis Hamilton,HAM,Mercedes,2.4384338872555333,1,25,0,25
2020,4,British Grand Prix,2020-08-02,Silverstone Circuit,Max Verstappen,VER,Red Bull,3.86776563676886,2,18,0,18
2020,4,British Grand Prix,2020-08-02,Silverstone Circuit,Charles Leclerc,LEC,Ferrari,5.708551199507556,3,15,0,15
2020,4,British Grand Prix,2020-08-02,Silverstone Circuit,Alexander Albon,ALB,Red Bull,7.059694284734471,4,12,0,12
2020,4,British Grand Prix,2020-08-02,Silverstone Circuit,Lando Norris,NOR,McLaren,7.299356366386206,5,10,0,10
2020,4,British Grand Prix,2020-08-02,Silverstone Circuit,Daniel Ricciardo,RIC,Renault,7.337640779054698,6,8,0,8
2020,4,British Grand Prix,2020-08-02,Silverstone Circuit,Valtteri Bottas,BOT,Mercedes,8.426651164563737,7,6,0,6
2020,4,British Grand Prix,2020-08-02,Silverstone Circuit,Esteban Ocon,OCO,Renault,8.657848177941885,8,4,0,4
2020,4,British Grand Prix,2020-08-02,Silverstone Circuit,Lance Stroll,STR,Racing Point,9.260079872153206,9,2,0,2
2020,4,British Grand Prix,2020-08-02,Silverstone Circuit,Carlos Sainz,SAI,McLaren,10.194406422730529,10,1,0,1
2020,4,British Grand Prix,2020-08-02,Silverstone Circuit,Pierre Gasly,GAS,AlphaTauri,10.317374606833331,11,0,0,0
2020,4,British Grand Prix,2020-08-02,Silverstone Circuit,Sebastian Vettel,VET,Ferrari,10.552264313242697,12,0,0,0
2020,4,British Grand Prix,2020-08-02,Silverstone Circuit,Nico Hülkenberg,HUL,Racing Point,14.02013114721683,13,0,0,0
2020,4,British Grand Prix,2020-08-02,Silverstone Circuit,Daniil Kvyat,KVY,AlphaTauri,14.358916039144088,14,0,0,0
2020,4,British Grand Prix,2020-08-02,Silverstone Circuit,Antonio Giovinazzi,GIO,Alfa Romeo,14.406147118794385,15,0,0,0
2020,4,British Grand Prix,2020-08-02,Silverstone Circuit,George Russell,RUS,Williams,14.611387378248248,16,0,0,0
2020,4,British Grand Prix,2020-08-02,Silverstone Circuit,Kimi Räikkönen,RAI,Alfa Romeo,14.65990775715913,17,0,0,0
2020,4,British Grand Prix,2020-08-02,Silverstone Circuit,Nicholas Latifi,LAT,Williams,15.41813997598749,18,0,0,0
2020,4,British Grand Prix,2020-08-02,Silverstone Circuit,Romain Grosjean,GRO,Haas F1 Team,15.632253859451009,19,0,0,0
2020,4,British Grand Prix,2020-08-02,Silverstone Circuit,Kevin Magnussen,MAG,Haas F1 Team,16.311996240342495,20,0,0,0
2020,5,70th Anniversary Grand Prix,2020-08-09,Silverstone Circuit,Lewis Hamilton,HAM,Mercedes,2.617831548940014,1,25,0,25
2020,5,70th Anniversary Grand Prix,2020-08-09,Silverstone Circuit,Valtteri Bottas,BOT,Mercedes,4.064030029782404,2,18,0,18
2020,5,70th Anniversary Grand Prix,2020-08-09,Silverstone Circuit,Max Verstappen,VER,Red Bull,4.1888347521344445,3,15,0,15
2020,5,70th Anniversary Grand Prix,2020-08-09,Silverstone Circuit,Charles Leclerc,LEC,Ferrari,5.908061689062086,4,12,0,12
2020,5,70th Anniversary Grand Prix,2020-08-09,Silverstone Circuit,Alexander Albon,ALB,Red Bull,6.483865596586964,5,10,0,10
2020,5,70th Anniversary Grand Prix,2020-08-09,Silverstone Circuit,Lance Stroll,STR,Racing Point,8.283778653584402,6,8,0,8
2020,5,70th Anniversary Grand Prix,2020-08-09,Silverstone Circuit,Nico Hülkenberg,HUL,Racing Point,8.748139417447705,7,6,0,6
2020,5,70th Anniversary Grand Prix,2020-08-09,Silverstone Circuit,Lando Norris,NOR,McLaren,8.958964999407696,8,4,0,4
2020,5,70th Anniversary Grand Prix,2020-08-09,Silverstone Circuit,Esteban Ocon,OCO,Renault,9.330582000353926,9,2,0,2
2020,5,70th Anniversary Grand Prix,2020-08-09,Silverstone Circuit,Sebastian Vettel,VET,Ferrari,9.974167688765164,10,1,0,1
2020,5,70th Anniversary Grand Prix,2020-08-09,Silverstone Circuit,Pierre Gasly,GAS,AlphaTauri,10.539571217877985,11,0,0,0
2020,5,70th Anniversary Grand Prix,2020-08-09,Silverstone Circuit,Daniil Kvyat,KVY,AlphaTauri,11.30552793391202,12,0,0,0
2020,5,70th Anniversary Grand Prix,2020-08-09,Silverstone Circuit,Carlos Sainz,SAI,McLaren,11.782951566183623,13,0,0,0
2020,5,70th Anniversary Grand Prix,2020-08-09,Silverstone Circuit,Daniel Ricciardo,RIC,Renault,12.97714127267392,14,0,0,0
2020,5,70th Anniversary Grand Prix,2020-08-09,Silverstone Circuit,Antonio Giovinazzi,GIO,Alfa Romeo,14.921622132624735,15,0,0,0
2020,5,70th Anniversary Grand Prix,2020-08-09,Silverstone Circuit,Romain Grosjean,GRO,Haas F1 Team,14.988519353834365,16,0,0,0
2020,5,70th Anniversary Grand Prix,2020-08-09,Silverstone Circuit,Kimi Räikkönen,RAI,Alfa Romeo,15.033380530985168,17,0,0,0
2020,5,70th Anniversary Grand Prix,2020-08-09,Silverstone Circuit,George Russell,RUS,Williams,16.26504336691157,18,0,0,0
2020,5,70th Anniversary Grand Prix,2020-08-09,Silverstone Circuit,Nicholas Latifi,LAT,Williams,16.723672467818886,19,0,0,0
2020,5,70th Anniversary Grand Prix,2020-08-09,Silverstone Circuit,Kevin Magnussen,MAG,Haas F1 Team,17.218075088094302,20,0,0,0
2020,6,Spanish Grand Prix,2020-08-16,Circuit de Barcelona-Catalunya,Lewis Hamilton,HAM,Mercedes,1.873126157560484,1,25,0,25
2020,6,Spanish Grand Prix,2020-08-16,Circuit de Barcelona-Catalunya,Valtteri Bottas,BOT,Mercedes,3.323472680535482,2,18,0,18
2020,6,Spanish Grand Prix,2020-08-16,Circuit de Barcelona-Catalunya,Max Verstappen,VER,Red Bull,3.679509277873231,3,15,0,15
2020,6,Spanish Grand Prix,2020-08-16,Circuit de Barcelona-Catalunya,Sergio Pérez,PER,Racing Point,6.821711984877721,4,12,0,12
2020,6,Spanish Grand Prix,2020-08-16,Circuit de Barcelona-Catalunya,Lance Stroll,STR,Racing Point,6.906611446266766,5,10,0,10
2020,6,Spanish Grand Prix,2020-08-16,Circuit de Barcelona-Catalunya,Sebastian Vettel,VET,Ferrari,6.945610114267417,6,8,0,8
2020,6,Spanish Grand Prix,2020-08-16,Circuit de Barcelona-Catalunya,Alexander Albon,ALB,Red Bull,7.666401545498725,7,6,0,6
2020,6,Spanish Grand Prix,2020-08-16,Circuit de Barcelona-Catalunya,Carlos Sainz,SAI,McLaren,8.588237115608521,8,4,0,4
2020,6,Spanish Grand Prix,2020-08-16,Circuit de Barcelona-Catalunya,Lando Norris,NOR,McLaren,9.877848205261442,9,2,0,2
2020,6,Spanish Grand Prix,2020-08-16,Circuit de Barcelona-Catalunya,Pierre Gasly,GAS,AlphaTauri,10.984919664787997,10,1,0,1
2020,6,Spanish Grand Prix,2020-08-16,Circuit de Barcelona-Catalunya,Charles Leclerc,LEC,Ferrari,11.591148785933616,11,0,0,0
2020,6,Spanish Grand Prix,2020-08-16,Circuit de Barcelona-Catalunya,Daniel Ricciardo,RIC,Renault,12.105145024926289,12,0,0,0
2020,6,Spanish Grand Prix,2020-08-16,Circuit de Barcelona-Catalunya,Esteban Ocon,OCO,Renault,12.114732500168955,13,0,0,0
2020,6,Spanish Grand Prix,2020-08-16,Circuit de Barcelona-Catalunya,Daniil Kvyat,KVY,AlphaTauri,12.410634314880074,14,0,0,0
2020,6,Spanish Grand Prix,2020-08-16,Circuit de Barcelona-Catalunya,Kimi Räikkönen,RAI,Alfa Romeo,14.108594820673954,15,0,0,0
2020,6,Spanish Grand Prix,2020-08-16,Circuit de Barcelona-Catalunya,Kevin Magnussen,MAG,Haas F1 Team,14.603483407157777,16,0,0,0
2020,6,Spanish Grand Prix,2020-08-16,Circuit de Barcelona-Catalunya,Antonio Giovinazzi,GIO,Alfa Romeo,14.645655389060623,17,0,0,0
2020,6,Spanish Grand Prix,2020-08-16,Circuit de Barcelona-Catalunya,Romain Grosjean,GRO,Haas F1 Team,15.264137151092706,18,0,0,0
2020,6,Spanish Grand Prix,2020-08-16,Circuit de Barcelona-Catalunya,George Russell,RUS,Williams,15.641754034173822,19,0,0,0
2020,6,Spanish Grand Prix,2020-08-16,Circuit de Barcelona-Catalunya,Nicholas Latifi,LAT,Williams,17.01600654383671,20,0,0,0
2020,7,Belgian Grand Prix,2020-08-30,Circuit de Spa-Francorchamps,Lewis Hamilton,HAM,Mercedes,2.414440721898177,1,25,0,25
2020,7,Belgian Grand Prix,2020-08-30,Circuit de Spa-Francorchamps,Valtteri Bottas,BOT,Mercedes,3.522302517034575,2,18,0,18
2020,7,Belgian Grand Prix,2020-08-30,Circuit de Spa-Francorchamps,Max Verstappen,VER,Red Bull,6.289769948622673,3,15,0,15
2020,7,Belgian Grand Prix,2020-08-30,Circuit de Spa-Francorchamps,Alexander Albon,ALB,Red Bull,7.054950267630715,4,12,0,12
2020,7,Belgian Grand Prix,2020-08-30,Circuit de Spa-Francorchamps,Esteban Ocon,OCO,Renault,7.675436310720525,5,10,0,10
2020,7,Belgian Grand Prix,2020-08-30,Circuit de Spa-Francorchamps,Daniel Ricciardo,RIC,Renault,7.959989360957369,6,8,0,8
2020,7,Belgian Grand Prix,2020-08-30,Circuit de Spa-Francorchamps,Lando Norris,NOR,McLaren,8.32091336709649,7,6,0,6
2020,7,Belgian Grand Prix,2020-08-30,Circuit de Spa-Francorchamps,Sergio Pérez,PER,Racing Point,8.948664632793681,8,4,0,4
2020,7,Belgian Grand Prix,2020-08-30,Circuit de Spa-Francorchamps,Lance Stroll,STR,Racing Point,9.191541626389414,9,2,0,2
2020,7,Belgian Grand Prix,2020-08-30,Circuit de Spa-Francorchamps,Pierre Gasly,GAS,AlphaTauri,9.895848667589394,10,1,0,1
2020,7,Belgian Grand Prix,2020-08-30,Circuit de Spa-Francorchamps,Daniil Kvyat,KVY,AlphaTauri,11.60511109056131,11,0,0,0
2020,7,Belgian Grand Prix,2020-08-30,Circuit de Spa-Francorchamps,Sebastian Vettel,VET,Ferrari,12.073204192909843,12,0,0,0
2020,7,Belgian Grand Prix,2020-08-30,Circuit de Spa-Francorchamps,Charles Leclerc,LEC,Ferrari,12.387697458232886,13,0,0,0
2020,7,Belgian Grand Prix,2020-08-30,Circuit de Spa-Francorchamps,Kimi Räikkönen,RAI,Alfa Romeo,13.48193287539014,14,0,0,0
2020,7,Belgian Grand Prix,2020-08-30,Circuit de Spa-Francorchamps,Carlos Sainz,SAI,McLaren,14.262515815854725,15,0,0,0
2020,7,Belgian Grand Prix,2020-08-30,Circuit de Spa-Francorchamps,Romain Grosjean,GRO,Haas F1 Team,15.74984407942774,16,0,0,0
2020,7,Belgian Grand Prix,2020-08-30,Circuit de Spa-Francorchamps,Nicholas Latifi,LAT,Williams,16.06548199954959,17,0,0,0
2020,7,Belgian Grand Prix,2020-08-30,Circuit de Spa-Francorchamps,George Russell,RUS,Williams,16.570303151454656,18,0,0,0
2020,7,Belgian Grand Prix,2020-08-30,Circuit de Spa-Francorchamps,Kevin Magnussen,MAG,Haas F1 Team,16.581919941953256,19,0,0,0
2020,7,Belgian Grand Prix,2020-08-30,Circuit de Spa-Francorchamps,Antonio Giovinazzi,GIO,Alfa Romeo,16.733780893221038,20,0,0,0
2020,8,Italian Grand Prix,2020-09-06,Autodromo Nazionale di Monza,Lewis Hamilton,HAM,Mercedes,4.253544454056808,1,25,0,25
2020,8,Italian Grand Prix,2020-09-06,Autodromo Nazionale di Monza,Valtteri Bottas,BOT,Mercedes,4.949721297818996,2,18,0,18
2020,8,Italian Grand Prix,2020-09-06,Autodromo Nazionale di Monza,Lance Stroll,STR,Racing Point,6.647974685458236,3,15,0,15
2020,8,Italian Grand Prix,2020-09-06,Autodromo Nazionale di Monza,Pierre Gasly,GAS,AlphaTauri,6.83541130120401,4,12,0,12
2020,8,Italian Grand Prix,2020-09-06,Autodromo Nazionale di Monza,Daniel Ricciardo,RIC,Renault,6.922968290122371,5,10,0,10
2020,8,Italian Grand Prix,2020-09-06,Autodromo Nazionale di Monza,Lando Norris,NOR,McLaren,6.9890916472173625,6,8,0,8
2020,8,Italian Grand Prix,2020-09-06,Autodromo Nazionale di Monza,Carlos Sainz,SAI,McLaren,8.23283712019675,7,6,0,6
2020,8,Italian Grand Prix,2020-09-06,Autodromo Nazionale di Monza,Sergio Pérez,PER,Racing Point,8.908801477334281,8,4,0,4
2020,8,Italian Grand Prix,2020-09-06,Autodromo Nazionale di Monza,Esteban Ocon,OCO,Renault,9.090869304662546,9,2,0,2
2020,8,Italian Grand Prix,2020-09-06,Autodromo Nazionale di Monza,Max Verstappen,VER,Red Bull,9.80930538580679,10,1,0,1
2020,8,Italian Grand Prix,2020-09-06,Autodromo Nazionale di Monza,Alexander Albon,ALB,Red Bull,10.09362606155931,11,0,0,0
2020,8,Italian Grand Prix,2020-09-06,Autodromo Nazionale di Monza,Daniil Kvyat,KVY,AlphaTauri,10.438001652770865,12,0,0,0
2020,8,Italian Grand Prix,2020-09-06,Autodromo Nazionale di Monza,Charles Leclerc,LEC,Ferrari,13.367321123811733,13,0,0,0
2020,8,Italian Grand Prix,2020-09-06,Autodromo Nazionale di Monza,Kimi Räikkönen,RAI,Alfa Romeo,13.552547348595038,14,0,0,0
2020,8,Italian Grand Prix,2020-09-06,Autodromo Nazionale di Monza,Romain Grosjean,GRO,Haas F1 Team,14.34533236568008,15,0,0,0
2020,8,Italian Grand Prix,2020-09-06,Autodromo Nazionale di Monza,Nicholas Latifi,LAT,Williams,14.585559446091752,16,0,0,0
2020,8,Italian Grand Prix,2020-09-06,Autodromo Nazionale di Monza,George Russell,RUS,Williams,14.704024984141125,17,0,0,0
2020,8,Italian Grand Prix,2020-09-06,Autodromo Nazionale di Monza,Antonio Giovinazzi,GIO,Alfa Romeo,15.370319924953035,18,0,0,0
2020,8,Italian Grand Prix,2020-09-06,Autodromo Nazionale di Monza,Sebastian Vettel,VET,Ferrari,15.42560234705725,19,0,0,0
2020,8,Italian Grand Prix,2020-09-06,Autodromo Nazionale di Monza,Kevin Magnussen,MAG,Haas F1 Team,16.834299982214716,20,0,0,0
2020,9,Tuscan Grand Prix,2020-09-13,Autodromo Internazionale del Mugello,Lewis Hamilton,HAM,Mercedes,2.7226381651870186,1,25,0,25
2020,9,Tuscan Grand Prix,2020-09-13,Autodromo Internazionale del Mugello,Valtteri Bottas,BOT,Mercedes,4.124358290464267,2,18,0,18
2020,9,Tuscan Grand Prix,2020-09-13,Autodromo Internazionale del Mugello,Daniel Ricciardo,RIC,Renault,6.188072661103075,3,15,0,15
2020,9,Tuscan Grand Prix,2020-09-13,Autodromo Internazionale del Mugello,Alexander Albon,ALB,Red Bull,6.952167049029612,4,12,0,12
2020,9,Tuscan Grand Prix,2020-09-13,Autodromo Internazionale del Mugello,Lando Norris,NOR,McLaren,7.689383807276727,5,10,0,10
2020,9,Tuscan Grand Prix,2020-09-13,Autodromo Internazionale del Mugello,Charles Leclerc,LEC,Ferrari,8.139078022087949,6,8,0,8
2020,9,Tuscan Grand Prix,2020-09-13,Autodromo Internazionale del Mugello,Sergio Pérez,PER,Racing Point,8.512865618190954,7,6,0,6
2020,9,Tuscan Grand Prix,2020-09-13,Autodromo Internazionale del Mugello,Daniil Kvyat,KVY,AlphaTauri,9.28000491567618,8,4,0,4
2020,9,Tuscan Grand Prix,2020-09-13,Autodromo Internazionale del Mugello,Max Verstappen,VER,Red Bull,10.038575371382258,9,2,0,2
2020,9,Tuscan Grand Prix,2020-09-13,Autodromo Internazionale del Mugello,Esteban Ocon,OCO,Renault,10.882347079709277,10,1,0,1
2020,9,Tuscan Grand Prix,2020-09-13,Autodromo Internazionale del Mugello,Sebastian Vettel,VET,Ferrari,11.190894117595676,11,0,0,0
2020,9,Tuscan Grand Prix,2020-09-13,Autodromo Internazionale del Mugello,Lance Stroll,STR,Racing Point,11.21760492800348,12,0,0,0
2020,9,Tuscan Grand Prix,2020-09-13,Autodromo Internazionale del Mugello,Kimi Räikkönen,RAI,Alfa Romeo,11.73253173670691,13,0,0,0
2020,9,Tuscan Grand Prix,2020-09-13,Autodromo Internazionale del Mugello,Romain Grosjean,GRO,Haas F1 Team,13.334243850943505,14,0,0,0
2020,9,Tuscan Grand Prix,2020-09-13,Autodromo Internazionale del Mugello,Carlos Sainz,SAI,McLaren,13.340290534113944,15,0,0,0
2020,9,Tuscan Grand Prix,2020-09-13,Autodromo Internazionale del Mugello,George Russell,RUS,Williams,14.05250162387498,16,0,0,0
2020,9,Tuscan Grand Prix,2020-09-13,Autodromo Internazionale del Mugello,Pierre Gasly,GAS,AlphaTauri,14.174729632404626,17,0,0,0
2020,9,Tuscan Grand Prix,2020-09-13,Autodromo Internazionale del Mugello,Antonio Giovinazzi,GIO,Alfa Romeo,15.140706036847355,18,0,0,0
2020,9,Tuscan Grand Prix,2020-09-13,Autodromo Internazionale del Mugello,Nicholas Latifi,LAT,Williams,15.519645795057118,19,0,0,0
2020,9,Tuscan Grand Prix,2020-09-13,Autodromo Internazionale del Mugello,Kevin Magnussen,MAG,Haas F1 Team,15.524510340073446,20,0,0,0
2020,10,Russian Grand Prix,2020-09-27,Sochi Autodrom,Valtteri Bottas,BOT,Mercedes,3.094703944647599,1,25,0,25
2020,10,Russian Grand Prix,2020-09-27,Sochi Autodrom,Lewis Hamilton,HAM,Mercedes,3.659424020969167,2,18,0,18
2020,10,Russian Grand Prix,2020-09-27,Sochi Autodrom,Max Verstappen,VER,Red Bull,3.8966733958522095,3,15,0,15
2020,10,Russian Grand Prix,2020-09-27,Sochi Autodrom,Sergio Pérez,PER,Racing Point,6.818225904661356,4,12,0,12
2020,10,Russian Grand Prix,2020-09-27,Sochi Autodrom,Daniel Ricciardo,RIC,Renault,7.053443772058266,5,10,0,10
2020,10,Russian Grand Prix,2020-09-27,Sochi Autodrom,Esteban Ocon,OCO,Renault,8.474534626992853,6,8,0,8
2020,10,Russian Grand Prix,2020-09-27,Sochi Autodrom,Charles Leclerc,LEC,Ferrari,8.8392048131967,7,6,0,6
2020,10,Russian Grand Prix,2020-09-27,Sochi Autodrom,Daniil Kvyat,KVY,AlphaTauri,9.110114471872192,8,4,0,4
2020,10,Russian Grand Prix,2020-09-27,Sochi Autodrom,Alexander Albon,ALB,Red Bull,9.260891630744023,9,2,0,2
2020,10,Russian Grand Prix,2020-09-27,Sochi Autodrom,Pierre Gasly,GAS,AlphaTauri,10.243524861643436,10,1,0,1
2020,10,Russian Grand Prix,2020-09-27,Sochi Autodrom,Sebastian Vettel,VET,Ferrari,11.448808404491324,11,0,0,0
2020,10,Russian Grand Prix,2020-09-27,Sochi Autodrom,Lando Norris,NOR,McLaren,11.551546693860573,12,0,0,0
2020,10,Russian Grand Prix,2020-09-27,Sochi Autodrom,Lance Stroll,STR,Racing Point,12.386610169823866,13,0,0,0
2020,10,Russian Grand Prix,2020-09-27,Sochi Autodrom,Antonio Giovinazzi,GIO,Alfa Romeo,12.600684348474651,14,0,0,0
2020,10,Russian Grand Prix,2020-09-27,Sochi Autodrom,Kimi Räikkönen,RAI,Alfa Romeo,13.460143035925825,15,0,0,0
2020,10,Russian Grand Prix,2020-09-27,Sochi Autodrom,Carlos Sainz,SAI,McLaren,13.571685555161295,16,0,0,0
2020,10,Russian Grand Prix,2020-09-27,Sochi Autodrom,Kevin Magnussen,MAG,Haas F1 Team,13.919022412490945,17,0,0,0
2020,10,Russian Grand Prix,2020-09-27,Sochi Autodrom,Nicholas Latifi,LAT,Williams,15.841765671233158,18,0,0,0
2020,10,Russian Grand Prix,2020-09-27,Sochi Autodrom,Romain Grosjean,GRO,Haas F1 Team,16.211864067009994,19,0,0,0
2020,10,Russian Grand Prix,2020-09-27,Sochi Autodrom,George Russell,RUS,Williams,16.492113792580476,20,0,0,0
2020,11,Eifel Grand Prix,2020-10-11,Nürburgring,Lewis Hamilton,HAM,Mercedes,4.96205016400005,1,25,0,25
2020,11,Eifel Grand Prix,2020-10-11,Nürburgring,Max Verstappen,VER,Red Bull,5.329439615158853,2,18,0,18
2020,11,Eifel Grand Prix,2020-10-11,Nürburgring,Daniel Ricciardo,RIC,Renault,5.941946229617623,3,15,0,15
2020,11,Eifel Grand Prix,2020-10-11,Nürburgring,Sergio Pérez,PER,Racing Point,6.369966247126731,4,12,0,12
2020,11,Eifel Grand Prix,2020-10-11,Nürburgring,Carlos Sainz,SAI,McLaren,8.65195679491613,5,10,0,10
2020,11,Eifel Grand Prix,2020-10-11,Nürburgring,Pierre Gasly,GAS,AlphaTauri,8.86146879425437,6,8,0,8
2020,11,Eifel Grand Prix,2020-10-11,Nürburgring,Charles Leclerc,LEC,Ferrari,9.38926386806158,7,6,0,6
2020,11,Eifel Grand Prix,2020-10-11,Nürburgring,Valtteri Bottas,BOT,Mercedes,10.173101607650622,8,4,0,4
2020,11,Eifel Grand Prix,2020-10-11,Nürburgring,Nico Hülkenberg,HUL,Racing Point,10.468630527195312,9,2,0,2
2020,11,Eifel Grand Prix,2020-10-11,Nürburgring,Sebastian Vettel,VET,Ferrari,11.383135750837296,10,1,0,1
2020,11,Eifel Grand Prix,2020-10-11,Nürburgring,Alexander Albon,ALB,Red Bull,12.05154123574635,11,0,0,0
2020,11,Eifel Grand Prix,2020-10-11,Nürburgring,Daniil Kvyat,KVY,AlphaTauri,12.484873394694125,12,0,0,0
2020,11,Eifel Grand Prix,2020-10-11,Nürburgring,Lando Norris,NOR,McLaren,12.51653043036012,13,0,0,0
2020,11,Eifel Grand Prix,2020-10-11,Nürburgring,Kimi Räikkönen,RAI,Alfa Romeo,12.568984120288023,14,0,0,0
2020,11,Eifel Grand Prix,2020-10-11,Nürburgring,Antonio Giovinazzi,GIO,Alfa Romeo,12.58598028960133,15,0,0,0
2020,11,Eifel Grand Prix,2020-10-11,Nürburgring,Esteban Ocon,OCO,Renault,12.673685322756535,16,0,0,0
2020,11,Eifel Grand Prix,2020-10-11,Nürburgring,Romain Grosjean,GRO,Haas F1 Team,12.684023540485263,17,0,0,0
2020,11,Eifel Grand Prix,2020-10-11,Nürburgring,Kevin Magnussen,MAG,Haas F1 Team,13.9561612237475,18,0,0,0
2020,11,Eifel Grand Prix,2020-10-11,Nürburgring,Nicholas Latifi,LAT,Williams,14.835670127192031,19,0,0,0
2020,11,Eifel Grand Prix,2020-10-11,Nürburgring,George Russell,RUS,Williams,16.603564138648995,20,0,0,0
2020,12,Portuguese Grand Prix,2020-10-25,Autódromo Internacional do Algarve,Lewis Hamilton,HAM,Mercedes,1.932154537831398,1,25,0,25
2020,12,Portuguese Grand Prix,2020-10-25,Autódromo Internacional do Algarve,Valtteri Bottas,BOT,Mercedes,3.2457475084074288,2,18,0,18
2020,12,Portuguese Grand Prix,2020-10-25,Autódromo Internacional do Algarve,Max Verstappen,VER,Red Bull,5.773571260524964,3,15,0,15
2020,12,Portuguese Grand Prix,2020-10-25,Autódromo Internacional do Algarve,Charles Leclerc,LEC,Ferrari,6.681548371951734,4,12,0,12
2020,12,Portuguese Grand Prix,2020-10-25,Autódromo Internacional do Algarve,Carlos Sainz,SAI,McLaren,7.386764668469568,5,10,0,10
2020,12,Portuguese Grand Prix,2020-10-25,Autódromo Internacional do Algarve,Pierre Gasly,GAS,AlphaTauri,7.495526148728349,6,8,0,8
2020,12,Portuguese Grand Prix,2020-10-25,Autódromo Internacional do Algarve,Sergio Pérez,PER,Racing Point,7.651187956131611,7,6,0,6
2020,12,Portuguese Grand Prix,2020-10-25,Autódromo Internacional do Algarve,Daniel Ricciardo,RIC,Renault,7.732314079754071,8,4,0,4
2020,12,Portuguese Grand Prix,2020-10-25,Autódromo Internacional do Algarve,Alexander Albon,ALB,Red Bull,9.699140736490376,9,2,0,2
2020,12,Portuguese Grand Prix,2020-10-25,Autódromo Internacional do Algarve,Esteban Ocon,OCO,Renault,10.248887234683592,10,1,0,1
2020,12,Portuguese Grand Prix,2020-10-25,Autódromo Internacional do Algarve,Sebastian Vettel,VET,Ferrari,11.1185133051312,11,0,0,0
2020,12,Portuguese Grand Prix,2020-10-25,Autódromo Internacional do Algarve,Lando Norris,NOR,McLaren,11.783092831172231,12,0,0,0
2020,12,Portuguese Grand Prix,2020-10-25,Autódromo Internacional do Algarve,Kimi Räikkönen,RAI,Alfa Romeo,12.441311384652936,13,0,0,0
2020,12,Portuguese Grand Prix,2020-10-25,Autódromo Internacional do Algarve,Antonio Giovinazzi,GIO,Alfa Romeo,14.396975597036626,14,0,0,0
2020,12,Portuguese Grand Prix,2020-10-25,Autódromo Internacional do Algarve,Lance Stroll,STR,Racing Point,14.579829274017415,15,0,0,0
2020,12,Portuguese Grand Prix,2020-10-25,Autódromo Internacional do Algarve,Daniil Kvyat,KVY,AlphaTauri,14.810933521742708,16,0,0,0
2020,12,Portuguese Grand Prix,2020-10-25,Autódromo Internacional do Algarve,Kevin Magnussen,MAG,Haas F1 Team,14.90919450519633,17,0,0,0
2020,12,Portuguese Grand Prix,2020-10-25,Autódromo Internacional do Algarve,George Russell,RUS,Williams,15.253805278910413,18,0,0,0
2020,12,Portuguese Grand Prix,2020-10-25,Autódromo Internacional do Algarve,Romain Grosjean,GRO,Haas F1 Team,15.72239845069402,19,0,0,0
2020,12,Portuguese Grand Prix,2020-10-25,Autódromo Internacional do Algarve,Nicholas Latifi,LAT,Williams,16.65806241217185,20,0,0,0
2020,13,Emilia Romagna Grand Prix,2020-11-01,Autodromo Enzo e Dino Ferrari,Lewis Hamilton,HAM,Mercedes,1.9373364010263052,1,25,0,25
2020,13,Emilia Romagna Grand Prix,2020-11-01,Autodromo Enzo e Dino Ferrari,Valtteri Bottas,BOT,Mercedes,3.8289539894645976,2,18,0,18
2020,13,Emilia Romagna Grand Prix,2020-11-01,Autodromo Enzo e Dino Ferrari,Daniel Ricciardo,RIC,Renault,5.355228690691441,3,15,0,15
2020,13,Emilia Romagna Grand Prix,2020-11-01,Autodromo Enzo e Dino Ferrari,Charles Leclerc,LEC,Ferrari,6.754718556116486,4,12,0,12
2020,13,Emilia Romagna Grand Prix,2020-11-01,Autodromo Enzo e Dino Ferrari,Sergio Pérez,PER,Racing Point,7.279254243511332,5,10,0,10
2020,13,Emilia Romagna Grand Prix,2020-11-01,Autodromo Enzo e Dino Ferrari,Daniil Kvyat,KVY,AlphaTauri,8.64041949342776,6,8,0,8
2020,13,Emilia Romagna Grand Prix,2020-11-01,Autodromo Enzo e Dino Ferrari,Carlos Sainz,SAI,McLaren,8.952728056830939,7,6,0,6
2020,13,Emilia Romagna Grand Prix,2020-11-01,Autodromo Enzo e Dino Ferrari,Lando Norris,NOR,McLaren,9.529752507356186,8,4,0,4
2020,13,Emilia Romagna Grand Prix,2020-11-01,Autodromo Enzo e Dino Ferrari,Max Verstappen,VER,Red Bull,10.95893881609248,9,2,0,2
2020,13,Emilia Romagna Grand Prix,2020-11-01,Autodromo Enzo e Dino Ferrari,Sebastian Vettel,VET,Ferrari,11.502863774610962,10,1,0,1
2020,13,Emilia Romagna Grand Prix,2020-11-01,Autodromo Enzo e Dino Ferrari,Kimi Räikkönen,RAI,Alfa Romeo,11.649724137721796,11,0,0,0
2020,13,Emilia Romagna Grand Prix,2020-11-01,Autodromo Enzo e Dino Ferrari,Lance Stroll,STR,Racing Point,11.717035274244736,12,0,0,0
2020,13,Emilia Romagna Grand Prix,2020-11-01,Autodromo Enzo e Dino Ferrari,Alexander Albon,ALB,Red Bull,11.859807087041172,13,0,0,0
2020,13,Emilia Romagna Grand Prix,2020-11-01,Autodromo Enzo e Dino Ferrari,Antonio Giovinazzi,GIO,Alfa Romeo,12.003968525596648,14,0,0,0
2020,13,Emilia Romagna Grand Prix,2020-11-01,Autodromo Enzo e Dino Ferrari,Esteban Ocon,OCO,Renault,12.899118001600987,15,0,0,0
2020,13,Emilia Romagna Grand Prix,2020-11-01,Autodromo Enzo e Dino Ferrari,Romain Grosjean,GRO,Haas F1 Team,13.981378129161731,16,0,0,0
2020,13,Emilia Romagna Grand Prix,2020-11-01,Autodromo Enzo e Dino Ferrari,Pierre Gasly,GAS,AlphaTauri,14.25854784496377,17,0,0,0
2020,13,Emilia Romagna Grand Prix,2020-11-01,Autodromo Enzo e Dino Ferrari,Nicholas Latifi,LAT,Williams,14.294065669544487,18,0,0,0
2020,13,Emilia Romagna Grand Prix,2020-11-01,Autodromo Enzo e Dino Ferrari,George Russell,RUS,Williams,15.59691905582108,19,0,0,0
2020,13,Emilia Romagna Grand Prix,2020-11-01,Autodromo Enzo e Dino Ferrari,Kevin Magnussen,MAG,Haas F1 Team,16.526476840076608,20,0,0,0
2020,14,Turkish Grand Prix,2020-11-15,Istanbul Park,Lewis Hamilton,HAM,Mercedes,2.997885752758624,1,25,0,25
2020,14,Turkish Grand Prix,2020-11-15,Istanbul Park,Charles Leclerc,LEC,Ferrari,6.017819283564998,2,18,0,18
2020,14,Turkish Grand Prix,2020-11-15,Istanbul Park,Sergio Pérez,PER,Racing Point,6.04487473739533,3,15,0,15
2020,14,Turkish Grand Prix,2020-11-15,Istanbul Park,Sebastian Vettel,VET,Ferrari,6.382761814914857,4,12,0,12
2020,14,Turkish Grand Prix,2020-11-15,Istanbul Park,Max Verstappen,VER,Red Bull,6.393318430175331,5,10,0,10
2020,14,Turkish Grand Prix,2020-11-15,Istanbul Park,Alexander Albon,ALB,Red Bull,7.892214166479,6,8,0,8
2020,14,Turkish Grand Prix,2020-11-15,Istanbul Park,Lando Norris,NOR,McLaren,8.73915026273058,7,6,0,6
2020,14,Turkish Grand Prix,2020-11-15,Istanbul Park,Carlos Sainz,SAI,McLaren,8.995423047812988,8,4,0,4
2020,14,Turkish Grand Prix,2020-11-15,Istanbul Park,Valtteri Bottas,BOT,Mercedes,9.089091180781969,9,2,0,2
2020,14,Turkish Grand Prix,2020-11-15,Istanbul Park,Daniel Ricciardo,RIC,Renault,9.774357261903369,10,1,0,1
2020,14,Turkish Grand Prix,2020-11-15,Istanbul Park,Lance Stroll,STR,Racing Point,10.29133993979436,11,0,0,0
2020,14,Turkish Grand Prix,2020-11-15,Istanbul Park,Esteban Ocon,OCO,Renault,10.699858287125627,12,0,0,0
2020,14,Turkish Grand Prix,2020-11-15,Istanbul Park,Pierre Gasly,GAS,AlphaTauri,10.737308457593594,13,0,0,0
2020,14,Turkish Grand Prix,2020-11-15,Istanbul Park,Daniil Kvyat,KVY,AlphaTauri,11.049653665799292,14,0,0,0
2020,14,Turkish Grand Prix,2020-11-15,Istanbul Park,Kimi Räikkönen,RAI,Alfa Romeo,13.965035046774414,15,0,0,0
2020,14,Turkish Grand Prix,2020-11-15,Istanbul Park,Antonio Giovinazzi,GIO,Alfa Romeo,15.544507243505386,16,0,0,0
2020,14,Turkish Grand Prix,2020-11-15,Istanbul Park,Romain Grosjean,GRO,Haas F1 Team,15.923118149084091,17,0,0,0
2020,14,Turkish Grand Prix,2020-11-15,Istanbul Park,George Russell,RUS,Williams,16.048121770333907,18,0,0,0
2020,14,Turkish Grand Prix,2020-11-15,Istanbul Park,Kevin Magnussen,MAG,Haas F1 Team,16.15540287652899,19,0,0,0
2020,14,Turkish Grand Prix,2020-11-15,Istanbul Park,Nicholas Latifi,LAT,Williams,16.423849379447034,20,0,0,0
2020,15,Bahrain Grand Prix,2020-11-29,Bahrain International Circuit,Lewis Hamilton,HAM,Mercedes,1.8667107823986144,1,25,0,25
2020,15,Bahrain Grand Prix,2020-11-29,Bahrain International Circuit,Max Verstappen,VER,Red Bull,5.380283898685035,2,18,0,18
2020,15,Bahrain Grand Prix,2020-11-29,Bahrain International Circuit,Alexander Albon,ALB,Red Bull,6.1323063434608125,3,15,0,15
2020,15,Bahrain Grand Prix,2020-11-29,Bahrain International Circuit,Carlos Sainz,SAI,McLaren,6.6103066687217655,4,12,0,12
2020,15,Bahrain Grand Prix,2020-11-29,Bahrain International Circuit,Valtteri Bottas,BOT,Mercedes,7.0151677817751,5,10,0,10
2020,15,Bahrain Grand Prix,2020-11-29,Bahrain International Circuit,Daniel Ricciardo,RIC,Renault,7.564266080033852,6,8,0,8
2020,15,Bahrain Grand Prix,2020-11-29,Bahrain International Circuit,Pierre Gasly,GAS,AlphaTauri,7.7924873478817105,7,6,0,6
2020,15,Bahrain Grand Prix,2020-11-29,Bahrain International Circuit,Lando Norris,NOR,McLaren,8.287133123317926,8,4,0,4
2020,15,Bahrain Grand Prix,2020-11-29,Bahrain International Circuit,Esteban Ocon,OCO,Renault,9.01864625986513,9,2,0,2
2020,15,Bahrain Grand Prix,2020-11-29,Bahrain International Circuit,Charles Leclerc,LEC,Ferrari,10.170530197270915,10,1,0,1
2020,15,Bahrain Grand Prix,2020-11-29,Bahrain International Circuit,Sebastian Vettel,VET,Ferrari,11.4275534373114,11,0,0,0
2020,15,Bahrain Grand Prix,2020-11-29,Bahrain International Circuit,Sergio Pérez,PER,Racing Point,11.939188205324442,12,0,0,0
2020,15,Bahrain Grand Prix,2020-11-29,Bahrain International Circuit,Daniil Kvyat,KVY,AlphaTauri,12.103754665947884,13,0,0,0
2020,15,Bahrain Grand Prix,2020-11-29,Bahrain International Circuit,Kimi Räikkönen,RAI,Alfa Romeo,13.656821988098551,14,0,0,0
2020,15,Bahrain Grand Prix,2020-11-29,Bahrain International Circuit,Lance Stroll,STR,Racing Point,13.734715281539108,15,0,0,0
2020,15,Bahrain Grand Prix,2020-11-29,Bahrain International Circuit,George Russell,RUS,Williams,14.400171752315504,16,0,0,0
2020,15,Bahrain Grand Prix,2020-11-29,Bahrain International Circuit,Antonio Giovinazzi,GIO,Alfa Romeo,14.421520962985712,17,0,0,0
2020,15,Bahrain Grand Prix,2020-11-29,Bahrain International Circuit,Nicholas Latifi,LAT,Williams,15.392531149138764,18,0,0,0
2020,15,Bahrain Grand Prix,2020-11-29,Bahrain International Circuit,Kevin Magnussen,MAG,Haas F1 Team,16.001469231496912,19,0,0,0
2020,15,Bahrain Grand Prix,2020-11-29,Bahrain International Circuit,Romain Grosjean,GRO,Haas F1 Team,16.727203819664947,20,0,0,0
2020,16,Sakhir Grand Prix,2020-12-06,Bahrain International Circuit,Sergio Pérez,PER,Racing Point,5.975498014786,1,25,0,25
2020,16,Sakhir Grand Prix,2020-12-06,Bahrain International Circuit,Esteban Ocon,OCO,Renault,6.718639064507472,2,18,0,18
2020,16,Sakhir Grand Prix,2020-12-06,Bahrain International Circuit,Alexander Albon,ALB,Red Bull,6.733430366318479,3,15,0,15
2020,16,Sakhir Grand Prix,2020-12-06,Bahrain International Circuit,Valtteri Bottas,BOT,Mercedes,6.871237959204185,4,12,0,12
2020,16,Sakhir Grand Prix,2020-12-06,Bahrain International Circuit,Daniel Ricciardo,RIC,Renault,6.9717640616205445,5,10,0,10
2020,16,Sakhir Grand Prix,2020-12-06,Bahrain International Circuit,Carlos Sainz,SAI,McLaren,7.033682846531243,6,8,0,8
2020,16,Sakhir Grand Prix,2020-12-06,Bahrain International Circuit,George Russell,RUS,Mercedes,7.286181193140062,7,6,0,6
2020,16,Sakhir Grand Prix,2020-12-06,Bahrain International Circuit,Lance Stroll,STR,Racing Point,8.540901330673385,8,4,0,4
2020,16,Sakhir Grand Prix,2020-12-06,Bahrain International Circuit,Daniil Kvyat,KVY,AlphaTauri,8.762241005907988,9,2,0,2
2020,16,Sakhir Grand Prix,2020-12-06,Bahrain International Circuit,Lando Norris,NOR,McLaren,9.583885703071946,10,1,0,1
2020,16,Sakhir Grand Prix,2020-12-06,Bahrain International Circuit,Pierre Gasly,GAS,AlphaTauri,10.046666606757777,11,0,0,0
2020,16,Sakhir Grand Prix,2020-12-06,Bahrain International Circuit,Sebastian Vettel,VET,Ferrari,10.508727493556147,12,0,0,0
2020,16,Sakhir Grand Prix,2020-12-06,Bahrain International Circuit,Max Verstappen,VER,Red Bull,10.91900656758724,13,0,0,0
2020,16,Sakhir Grand Prix,2020-12-06,Bahrain International Circuit,Charles Leclerc,LEC,Ferrari,12.945722758229174,14,0,0,0
2020,16,Sakhir Grand Prix,2020-12-06,Bahrain International Circuit,Antonio Giovinazzi,GIO,Alfa Romeo,13.717954534678633,15,0,0,0
2020,16,Sakhir Grand Prix,2020-12-06,Bahrain International Circuit,Kimi Räikkönen,RAI,Alfa Romeo,13.875314953775083,16,0,0,0
2020,16,Sakhir Grand Prix,2020-12-06,Bahrain International Circuit,Kevin Magnussen,MAG,Haas F1 Team,15.033956201744717,17,0,0,0
2020,16,Sakhir Grand Prix,2020-12-06,Bahrain International Circuit,Jack Aitken,AIT,Williams,15.611230698180494,18,0,0,0
2020,16,Sakhir Grand Prix,2020-12-06,Bahrain International Circuit,Pietro Fittipaldi,FIT,Haas F1 Team,16.28559161927633,19,0,0,0
2020,16,Sakhir Grand Prix,2020-12-06,Bahrain International Circuit,Nicholas Latifi,LAT,Williams,16.580285344616666,20,0,0,0
2020,17,Abu Dhabi Grand Prix,2020-12-13,Yas Marina Circuit,Lewis Hamilton,HAM,Mercedes,3.236148822866346,1,25,0,25
2020,17,Abu Dhabi Grand Prix,2020-12-13,Yas Marina Circuit,Max Verstappen,VER,Red Bull,3.659408631221516,2,18,0,18
2020,17,Abu Dhabi Grand Prix,2020-12-13,Yas Marina Circuit,Valtteri Bottas,BOT,Mercedes,4.356921928806544,3,15,0,15
2020,17,Abu Dhabi Grand Prix,2020-12-13,Yas Marina Circuit,Alexander Albon,ALB,Red Bull,5.629861198717017,4,12,0,12
2020,17,Abu Dhabi Grand Prix,2020-12-13,Yas Marina Circuit,Carlos Sainz,SAI,McLaren,6.926624794957338,5,10,0,10
2020,17,Abu Dhabi Grand Prix,2020-12-13,Yas Marina Circuit,Lando Norris,NOR,McLaren,7.370042784206674,6,8,0,8
2020,17,Abu Dhabi Grand Prix,2020-12-13,Yas Marina Circuit,Esteban Ocon,OCO,Renault,8.307492175410186,7,6,0,6
2020,17,Abu Dhabi Grand Prix,2020-12-13,Yas Marina Circuit,Daniel Ricciardo,RIC,Renault,8.573940072674459,8,4,0,4
2020,17,Abu Dhabi Grand Prix,2020-12-13,Yas Marina Circuit,Lance Stroll,STR,Racing Point,9.29740189136641,9,2,0,2
2020,17,Abu Dhabi Grand Prix,2020-12-13,Yas Marina Circuit,Pierre Gasly,GAS,AlphaTauri,9.82572945636665,10,1,0,1
2020,17,Abu Dhabi Grand Prix,2020-12-13,Yas Marina Circuit,Daniil Kvyat,KVY,AlphaTauri,10.797186530029874,11,0,0,0
2020,17,Abu Dhabi Grand Prix,2020-12-13,Yas Marina Circuit,Charles Leclerc,LEC,Ferrari,11.786861961023938,12,0,0,0
2020,17,Abu Dhabi Grand Prix,2020-12-13,Yas Marina Circuit,Sergio Pérez,PER,Racing Point,12.374679333920904,13,0,0,0
2020,17,Abu Dhabi Grand Prix,2020-12-13,Yas Marina Circuit,Sebastian Vettel,VET,Ferrari,12.512386902108569,14,0,0,0
2020,17,Abu Dhabi Grand Prix,2020-12-13,Yas Marina Circuit,Kimi Räikkönen,RAI,Alfa Romeo,12.845024818395888,15,0,0,0
2020,17,Abu Dhabi Grand Prix,2020-12-13,Yas Marina Circuit,Antonio Giovinazzi,GIO,Alfa Romeo,14.529455422686532,16,0,0,0
2020,17,Abu Dhabi Grand Prix,2020-12-13,Yas Marina Circuit,George Russell,RUS,Williams,14.915938123296966,17,0,0,0
2020,17,Abu Dhabi Grand Prix,2020-12-13,Yas Marina Circuit,Kevin Magnussen,MAG,Haas F1 Team,15.96331804013639,18,0,0,0
2020,17,Abu Dhabi Grand Prix,2020-12-13,Yas Marina Circuit,Nicholas Latifi,LAT,Williams,16.147452649908455,19,0,0,0
2020,17,Abu Dhabi Grand Prix,2020-12-13,Yas Marina Circuit,Pietro Fittipaldi,FIT,Haas F1 Team,17.33583731378095,20,0,0,0
2021,1,Bahrain Grand Prix,2021-03-28,Bahrain International Circuit,Lewis Hamilton,HAM,Mercedes,2.5211010978823785,1,25,0,25
2021,1,Bahrain Grand Prix,2021-03-28,Bahrain International Circuit,Valtteri Bottas,BOT,Mercedes,4.519806364348986,2,18,0,18
2021,1,Bahrain Grand Prix,2021-03-28,Bahrain International Circuit,Max Verstappen,VER,Red Bull,5.005383917426447,3,15,0,15
2021,1,Bahrain Grand Prix,2021-03-28,Bahrain International Circuit,Lando Norris,NOR,McLaren,5.80863249559194,4,12,0,12
2021,1,Bahrain Grand Prix,2021-03-28,Bahrain International Circuit,Charles Leclerc,LEC,Ferrari,6.458642172410517,5,10,0,10
2021,1,Bahrain Grand Prix,2021-03-28,Bahrain International Circuit,Sergio Pérez,PER,Red Bull,6.586797522763227,6,8,0,8
2021,1,Bahrain Grand Prix,2021-03-28,Bahrain International Circuit,Daniel Ricciardo,RIC,McLaren,7.333611256662875,7,6,0,6
2021,1,Bahrain Grand Prix,2021-03-28,Bahrain International Circuit,Carlos Sainz,SAI,Ferrari,8.56766794870655,8,4,0,4
2021,1,Bahrain Grand Prix,2021-03-28,Bahrain International Circuit,Lance Stroll,STR,Aston Martin,11.527239465704954,9,2,0,2
2021,1,Bahrain Grand Prix,2021-03-28,Bahrain International Circuit,Yuki Tsunoda,TSU,AlphaTauri,11.77668453551086,10,1,0,1
2021,1,Bahrain Grand Prix,2021-03-28,Bahrain International Circuit,Kimi Räikkönen,RAI,Alfa Romeo,12.195770795599396,11,0,0,0
2021,1,Bahrain Grand Prix,2021-03-28,Bahrain International Circuit,Pierre Gasly,GAS,AlphaTauri,12.539361995019217,12,0,0,0
2021,1,Bahrain Grand Prix,2021-03-28,Bahrain International Circuit,Esteban Ocon,OCO,Alpine F1 Team,12.561660700743095,13,0,0,0
2021,1,Bahrain Grand Prix,2021-03-28,Bahrain International Circuit,Antonio Giovinazzi,GIO,Alfa Romeo,12.7701071569513,14,0,0,0
2021,1,Bahrain Grand Prix,2021-03-28,Bahrain International Circuit,Sebastian Vettel,VET,Aston Martin,13.94131268658018,15,0,0,0
2021,1,Bahrain Grand Prix,2021-03-28,Bahrain International Circuit,George Russell,RUS,Williams,14.365042588505997,16,0,0,0
2021,1,Bahrain Grand Prix,2021-03-28,Bahrain International Circuit,Fernando Alonso,ALO,Alpine F1 Team,15.429257498527477,17,0,0,0
2021,1,Bahrain Grand Prix,2021-03-28,Bahrain International Circuit,Mick Schumacher,MSC,Haas F1 Team,16.087230497105878,18,0,0,0
2021,1,Bahrain Grand Prix,2021-03-28,Bahrain International Circuit,Nicholas Latifi,LAT,Williams,16.392723236516687,19,0,0,0
2021,1,Bahrain Grand Prix,2021-03-28,Bahrain International Circuit,Nikita Mazepin,MAZ,Haas F1 Team,17.223039302252445,20,0,0,0
2021,2,Emilia Romagna Grand Prix,2021-04-18,Autodromo Enzo e Dino Ferrari,Lewis Hamilton,HAM,Mercedes,2.868973343584396,1,25,0,25
2021,2,Emilia Romagna Grand Prix,2021-04-18,Autodromo Enzo e Dino Ferrari,Max Verstappen,VER,Red Bull,3.69591014377228,2,18,0,18
2021,2,Emilia Romagna Grand Prix,2021-04-18,Autodromo Enzo e Dino Ferrari,Charles Leclerc,LEC,Ferrari,6.086794237274778,3,15,0,15
2021,2,Emilia Romagna Grand Prix,2021-04-18,Autodromo Enzo e Dino Ferrari,Carlos Sainz,SAI,Ferrari,6.275979225924601,4,12,0,12
2021,2,Emilia Romagna Grand Prix,2021-04-18,Autodromo Enzo e Dino Ferrari,Lando Norris,NOR,McLaren,6.278337750821221,5,10,0,10
2021,2,Emilia Romagna Grand Prix,2021-04-18,Autodromo Enzo e Dino Ferrari,Daniel Ricciardo,RIC,McLaren,7.53610594607052,6,8,0,8
2021,2,Emilia Romagna Grand Prix,2021-04-18,Autodromo Enzo e Dino Ferrari,Pierre Gasly,GAS,AlphaTauri,8.69222307520946,7,6,0,6
2021,2,Emilia Romagna Grand Prix,2021-04-18,Autodromo Enzo e Dino Ferrari,Sergio Pérez,PER,Red Bull,9.58656321430792,8,4,0,4
2021,2,Emilia Romagna Grand Prix,2021-04-18,Autodromo Enzo e Dino Ferrari,Lance Stroll,STR,Aston Martin,10.056347658105256,9,2,0,2
2021,2,Emilia Romagna Grand Prix,2021-04-18,Autodromo Enzo e Dino Ferrari,Valtteri Bottas,BOT,Mercedes,10.34193621619295,10,1,0,1
2021,2,Emilia Romagna Grand Prix,2021-04-18,Autodromo Enzo e Dino Ferrari,Esteban Ocon,OCO,Alpine F1 Team,11.140104282433096,11,0,0,0
2021,2,Emilia Romagna Grand Prix,2021-04-18,Autodromo Enzo e Dino Ferrari,Fernando Alonso,ALO,Alpine F1 Team,11.714055444144316,12,0,0,0
2021,2,Emilia Romagna Grand Prix,2021-04-18,Autodromo Enzo e Dino Ferrari,Yuki Tsunoda,TSU,AlphaTauri,12.304335718944834,13,0,0,0
2021,2,Emilia Romagna Grand Prix,2021-04-18,Autodromo Enzo e Dino Ferrari,Kimi Räikkönen,RAI,Alfa Romeo,12.889387976083016,14,0,0,0
2021,2,Emilia Romagna Grand Prix,2021-04-18,Autodromo Enzo e Dino Ferrari,Sebastian Vettel,VET,Aston Martin,13.679506083102137,15,0,0,0
2021,2,Emilia Romagna Grand Prix,2021-04-18,Autodromo Enzo e Dino Ferrari,Antonio Giovinazzi,GIO,Alfa Romeo,14.261481736401656,16,0,0,0
2021,2,Emilia Romagna Grand Prix,2021-04-18,Autodromo Enzo e Dino Ferrari,George Russell,RUS,Williams,16.012768977758327,17,0,0,0
2021,2,Emilia Romagna Grand Prix,2021-04-18,Autodromo Enzo e Dino Ferrari,Mick Schumacher,MSC,Haas F1 Team,16.409623506010337,18,0,0,0
2021,2,Emilia Romagna Grand Prix,2021-04-18,Autodromo Enzo e Dino Ferrari,Nikita Mazepin,MAZ,Haas F1 Team,16.581521618637435,19,0,0,0
2021,2,Emilia Romagna Grand Prix,2021-04-18,Autodromo Enzo e Dino Ferrari,Nicholas Latifi,LAT,Williams,16.99077185546083,20,0,0,0
2021,3,Portuguese Grand Prix,2021-05-02,Autódromo Internacional do Algarve,Lewis Hamilton,HAM,Mercedes,2.4624493217060395,1,25,0,25
2021,3,Portuguese Grand Prix,2021-05-02,Autódromo Internacional do Algarve,Max Verstappen,VER,Red Bull,2.916207729156739,2,18,0,18
2021,3,Portuguese Grand Prix,2021-05-02,Autódromo Internacional do Algarve,Valtteri Bottas,BOT,Mercedes,4.797089627110948,3,15,0,15
2021,3,Portuguese Grand Prix,2021-05-02,Autódromo Internacional do Algarve,Sergio Pérez,PER,Red Bull,5.7629675218184415,4,12,0,12
2021,3,Portuguese Grand Prix,2021-05-02,Autódromo Internacional do Algarve,Lando Norris,NOR,McLaren,6.156115007165739,5,10,0,10
2021,3,Portuguese Grand Prix,2021-05-02,Autódromo Internacional do Algarve,Charles Leclerc,LEC,Ferrari,6.948841619984287,6,8,0,8
2021,3,Portuguese Grand Prix,2021-05-02,Autódromo Internacional do Algarve,Daniel Ricciardo,RIC,McLaren,8.232183844707157,7,6,0,6
2021,3,Portuguese Grand Prix,2021-05-02,Autódromo Internacional do Algarve,Esteban Ocon,OCO,Alpine F1 Team,9.10111039920765,8,4,0,4
2021,3,Portuguese Grand Prix,2021-05-02,Autódromo Internacional do Algarve,Carlos Sainz,SAI,Ferrari,9.52611154308558,9,2,0,2
2021,3,Portuguese Grand Prix,2021-05-02,Autódromo Internacional do Algarve,Pierre Gasly,GAS,AlphaTauri,9.79610202323881,10,1,0,1
2021,3,Portuguese Grand Prix,2021-05-02,Autódromo Internacional do Algarve,Fernando Alonso,ALO,Alpine F1 Team,10.664100494228178,11,0,0,0
2021,3,Portuguese Grand Prix,2021-05-02,Autódromo Internacional do Algarve,Lance Stroll,STR,Aston Martin,12.910808545285985,12,0,0,0
2021,3,Portuguese Grand Prix,2021-05-02,Autódromo Internacional do Algarve,Antonio Giovinazzi,GIO,Alfa Romeo,13.099925319464855,13,0,0,0
2021,3,Portuguese Grand Prix,2021-05-02,Autódromo Internacional do Algarve,Sebastian Vettel,VET,Aston Martin,13.304800875775548,14,0,0,0
2021,3,Portuguese Grand Prix,2021-05-02,Autódromo Internacional do Algarve,George Russell,RUS,Williams,14.04584887000629,15,0,0,0
2021,3,Portuguese Grand Prix,2021-05-02,Autódromo Internacional do Algarve,Yuki Tsunoda,TSU,AlphaTauri,14.066552646353507,16,0,0,0
2021,3,Portuguese Grand Prix,2021-05-02,Autódromo Internacional do Algarve,Kimi Räikkönen,RAI,Alfa Romeo,15.832539188349092,17,0,0,0
2021,3,Portuguese Grand Prix,2021-05-02,Autódromo Internacional do Algarve,Mick Schumacher,MSC,Haas F1 Team,16.913548463107,18,0,0,0
2021,3,Portuguese Grand Prix,2021-05-02,Autódromo Internacional do Algarve,Nicholas Latifi,LAT,Williams,16.929803615072984,19,0,0,0
2021,3,Portuguese Grand Prix,2021-05-02,Autódromo Internacional do Algarve,Nikita Mazepin,MAZ,Haas F1 Team,18.16108031641425,20,0,0,0
2021,4,Spanish Grand Prix,2021-05-09,Circuit de Barcelona-Catalunya,Lewis Hamilton,HAM,Mercedes,1.9800370207041107,1,25,0,25
2021,4,Spanish Grand Prix,2021-05-09,Circuit de Barcelona-Catalunya,Max Verstappen,VER,Red Bull,2.954209435898232,2,18,0,18
2021,4,Spanish Grand Prix,2021-05-09,Circuit de Barcelona-Catalunya,Valtteri Bottas,BOT,Mercedes,4.378018504558593,3,15,0,15
2021,4,Spanish Grand Prix,2021-05-09,Circuit de Barcelona-Catalunya,Charles Leclerc,LEC,Ferrari,5.982427855688354,4,12,0,12
2021,4,Spanish Grand Prix,2021-05-09,Circuit de Barcelona-Catalunya,Sergio Pérez,PER,Red Bull,6.131787313370285,5,10,0,10
2021,4,Spanish Grand Prix,2021-05-09,Circuit de Barcelona-Catalunya,Lando Norris,NOR,McLaren,7.130272150774499,6,8,0,8
2021,4,Spanish Grand Prix,2021-05-09,Circuit de Barcelona-Catalunya,Carlos Sainz,SAI,Ferrari,7.306848551761941,7,6,0,6
2021,4,Spanish Grand Prix,2021-05-09,Circuit de Barcelona-Catalunya,Daniel Ricciardo,RIC,McLaren,7.976005587422294,8,4,0,4
2021,4,Spanish Grand Prix,2021-05-09,Circuit de Barcelona-Catalunya,Esteban Ocon,OCO,Alpine F1 Team,9.69790808699173,9,2,0,2
2021,4,Spanish Grand Prix,2021-05-09,Circuit de Barcelona-Catalunya,Pierre Gasly,GAS,AlphaTauri,9.954980812045664,10,1,0,1
2021,4,Spanish Grand Prix,2021-05-09,Circuit de Barcelona-Catalunya,Sebastian Vettel,VET,Aston Martin,11.32882349434706,11,0,0,0
2021,4,Spanish Grand Prix,2021-05-09,Circuit de Barcelona-Catalunya,Lance Stroll,STR,Aston Martin,11.455623702519064,12,0,0,0
2021,4,Spanish Grand Prix,2021-05-09,Circuit de Barcelona-Catalunya,Kimi Räikkönen,RAI,Alfa Romeo,12.784343167372915,13,0,0,0
2021,4,Spanish Grand Prix,2021-05-09,Circuit de Barcelona-Catalunya,Antonio Giovinazzi,GIO,Alfa Romeo,14.01997727712132,14,0,0,0
2021,4,Spanish Grand Prix,2021-05-09,Circuit de Barcelona-Catalunya,Fernando Alonso,ALO,Alpine F1 Team,14.198138774588276,15,0,0,0
2021,4,Spanish Grand Prix,2021-05-09,Circuit de Barcelona-Catalunya,George Russell,RUS,Williams,14.731538112327256,16,0,0,0
2021,4,Spanish Grand Prix,2021-05-09,Circuit de Barcelona-Catalunya,Nicholas Latifi,LAT,Williams,16.083897396886,17,0,0,0
2021,4,Spanish Grand Prix,2021-05-09,Circuit de Barcelona-Catalunya,Yuki Tsunoda,TSU,AlphaTauri,16.116616598246956,18,0,0,0
2021,4,Spanish Grand Prix,2021-05-09,Circuit de Barcelona-Catalunya,Mick Schumacher,MSC,Haas F1 Team,17.249186577537493,19,0,0,0
2021,4,Spanish Grand Prix,2021-05-09,Circuit de Barcelona-Catalunya,Nikita Mazepin,MAZ,Haas F1 Team,18.33971845722601,20,0,0,0
2021,5,Monaco Grand Prix,2021-05-23,Circuit de Monaco,Max Verstappen,VER,Red Bull,4.290747654660489,1,25,0,25
2021,5,Monaco Grand Prix,2021-05-23,Circuit de Monaco,Lewis Hamilton,HAM,Mercedes,4.607487811349307,2,18,0,18
2021,5,Monaco Grand Prix,2021-05-23,Circuit de Monaco,Carlos Sainz,SAI,Ferrari,4.728904896377122,3,15,0,15
2021,5,Monaco Grand Prix,2021-05-23,Circuit de Monaco,Lando Norris,NOR,McLaren,5.36640875314721,4,12,0,12
2021,5,Monaco Grand Prix,2021-05-23,Circuit de Monaco,Sergio Pérez,PER,Red Bull,5.61606753921548,5,10,0,10
2021,5,Monaco Grand Prix,2021-05-23,Circuit de Monaco,Pierre Gasly,GAS,AlphaTauri,7.769089875333182,6,8,0,8
2021,5,Monaco Grand Prix,2021-05-23,Circuit de Monaco,Sebastian Vettel,VET,Aston Martin,8.814142731372463,7,6,0,6
2021,5,Monaco Grand Prix,2021-05-23,Circuit de Monaco,Lance Stroll,STR,Aston Martin,10.5158763178247,8,4,0,4
2021,5,Monaco Grand Prix,2021-05-23,Circuit de Monaco,Valtteri Bottas,BOT,Mercedes,10.737817731239202,9,2,0,2
2021,5,Monaco Grand Prix,2021-05-23,Circuit de Monaco,Daniel Ricciardo,RIC,McLaren,11.2607563024592,10,1,0,1
2021,5,Monaco Grand Prix,2021-05-23,Circuit de Monaco,Esteban Ocon,OCO,Alpine F1 Team,11.319728234662064,11,0,0,0
2021,5,Monaco Grand Prix,2021-05-23,Circuit de Monaco,Kimi Räikkönen,RAI,Alfa Romeo,11.86382510014846,12,0,0,0
2021,5,Monaco Grand Prix,2021-05-23,Circuit de Monaco,Fernando Alonso,ALO,Alpine F1 Team,12.063462086408116,13,0,0,0
2021,5,Monaco Grand Prix,2021-05-23,Circuit de Monaco,Antonio Giovinazzi,GIO,Alfa Romeo,12.181743093248398,14,0,0,0
2021,5,Monaco Grand Prix,2021-05-23,Circuit de Monaco,Yuki Tsunoda,TSU,AlphaTauri,14.005758541532687,15,0,0,0
2021,5,Monaco Grand Prix,2021-05-23,Circuit de Monaco,Charles Leclerc,LEC,Ferrari,14.432424988624405,16,0,0,0
2021,5,Monaco Grand Prix,2021-05-23,Circuit de Monaco,George Russell,RUS,Williams,14.94668726914312,17,0,0,0
2021,5,Monaco Grand Prix,2021-05-23,Circuit de Monaco,Nicholas Latifi,LAT,Williams,15.470272251433974,18,0,0,0
2021,5,Monaco Grand Prix,2021-05-23,Circuit de Monaco,Nikita Mazepin,MAZ,Haas F1 Team,16.572043817656045,19,0,0,0
2021,5,Monaco Grand Prix,2021-05-23,Circuit de Monaco,Mick Schumacher,MSC,Haas F1 Team,16.704916875583976,20,0,0,0
2021,6,Azerbaijan Grand Prix,2021-06-06,Baku City Circuit,Sergio Pérez,PER,Red Bull,4.222717038451169,1,25,0,25
2021,6,Azerbaijan Grand Prix,2021-06-06,Baku City Circuit,Charles Leclerc,LEC,Ferrari,5.333963991545836,2,18,0,18
2021,6,Azerbaijan Grand Prix,2021-06-06,Baku City Circuit,Lando Norris,NOR,McLaren,5.846047396093077,3,15,0,15
2021,6,Azerbaijan Grand Prix,2021-06-06,Baku City Circuit,Carlos Sainz,SAI,Ferrari,7.648106267163152,4,12,0,12
2021,6,Azerbaijan Grand Prix,2021-06-06,Baku City Circuit,Pierre Gasly,GAS,AlphaTauri,7.670844549412884,5,10,0,10
2021,6,Azerbaijan Grand Prix,2021-06-06,Baku City Circuit,Sebastian Vettel,VET,Aston Martin,7.867496418512045,6,8,0,8
2021,6,Azerbaijan Grand Prix,2021-06-06,Baku City Circuit,Lewis Hamilton,HAM,Mercedes,8.319530521725675,7,6,0,6
2021,6,Azerbaijan Grand Prix,2021-06-06,Baku City Circuit,Daniel Ricciardo,RIC,McLaren,8.416863868521594,8,4,0,4
2021,6,Azerbaijan Grand Prix,2021-06-06,Baku City Circuit,Fernando Alonso,ALO,Alpine F1 Team,9.166900081821494,9,2,0,2
2021,6,Azerbaijan Grand Prix,2021-06-06,Baku City Circuit,Max Verstappen,VER,Red Bull,9.286406505318194,10,1,0,1
2021,6,Azerbaijan Grand Prix,2021-06-06,Baku City Circuit,Valtteri Bottas,BOT,Mercedes,9.458551629012804,11,0,0,0
2021,6,Azerbaijan Grand Prix,2021-06-06,Baku City Circuit,Yuki Tsunoda,TSU,AlphaTauri,10.705713011906264,12,0,0,0
2021,6,Azerbaijan Grand Prix,2021-06-06,Baku City Circuit,Kimi Räikkönen,RAI,Alfa Romeo,10.81117568310077,13,0,0,0
2021,6,Azerbaijan Grand Prix,2021-06-06,Baku City Circuit,Antonio Giovinazzi,GIO,Alfa Romeo,12.333519577853863,14,0,0,0
2021,6,Azerbaijan Grand Prix,2021-06-06,Baku City Circuit,Lance Stroll,STR,Aston Martin,14.271303445615915,15,0,0,0
2021,6,Azerbaijan Grand Prix,2021-06-06,Baku City Circuit,Esteban Ocon,OCO,Alpine F1 Team,15.045309555545002,16,0,0,0
2021,6,Azerbaijan Grand Prix,2021-06-06,Baku City Circuit,Mick Schumacher,MSC,Haas F1 Team,15.21489758501773,17,0,0,0
2021,6,Azerbaijan Grand Prix,2021-06-06,Baku City Circuit,Nicholas Latifi,LAT,Williams,15.603607260201978,18,0,0,0
2021,6,Azerbaijan Grand Prix,2021-06-06,Baku City Circuit,Nikita Mazepin,MAZ,Haas F1 Team,15.76385847321859,19,0,0,0
2021,6,Azerbaijan Grand Prix,2021-06-06,Baku City Circuit,George Russell,RUS,Williams,16.219998032380417,20,0,0,0
2021,7,French Grand Prix,2021-06-20,Circuit Paul Ricard,Max Verstappen,VER,Red Bull,3.1573484201039137,1,25,0,25
2021,7,French Grand Prix,2021-06-20,Circuit Paul Ricard,Lewis Hamilton,HAM,Mercedes,3.2874073872443628,2,18,0,18
2021,7,French Grand Prix,2021-06-20,Circuit Paul Ricard,Sergio Pérez,PER,Red Bull,4.566872956677629,3,15,0,15
2021,7,French Grand Prix,2021-06-20,Circuit Paul Ricard,Valtteri Bottas,BOT,Mercedes,4.655138257867366,4,12,0,12
2021,7,French Grand Prix,2021-06-20,Circuit Paul Ricard,Lando Norris,NOR,McLaren,6.533354722639717,5,10,0,10
2021,7,French Grand Prix,2021-06-20,Circuit Paul Ricard,Daniel Ricciardo,RIC,McLaren,7.004456601215874,6,8,0,8
2021,7,French Grand Prix,2021-06-20,Circuit Paul Ricard,Fernando Alonso,ALO,Alpine F1 Team,9.033808513527108,7,6,0,6
2021,7,French Grand Prix,2021-06-20,Circuit Paul Ricard,Pierre Gasly,GAS,AlphaTauri,9.063071014115115,8,4,0,4
2021,7,French Grand Prix,2021-06-20,Circuit Paul Ricard,Sebastian Vettel,VET,Aston Martin,10.238906152779332,9,2,0,2
2021,7,French Grand Prix,2021-06-20,Circuit Paul Ricard,Carlos Sainz,SAI,Ferrari,10.290486401791052,10,1,0,1
2021,7,French Grand Prix,2021-06-20,Circuit Paul Ricard,Esteban Ocon,OCO,Alpine F1 Team,11.526876154731209,11,0,0,0
2021,7,French Grand Prix,2021-06-20,Circuit Paul Ricard,Charles Leclerc,LEC,Ferrari,11.74357663672112,12,0,0,0
2021,7,French Grand Prix,2021-06-20,Circuit Paul Ricard,Lance Stroll,STR,Aston Martin,11.744461548650712,13,0,0,0
2021,7,French Grand Prix,2021-06-20,Circuit Paul Ricard,Yuki Tsunoda,TSU,AlphaTauri,12.118841229227494,14,0,0,0
2021,7,French Grand Prix,2021-06-20,Circuit Paul Ricard,Antonio Giovinazzi,GIO,Alfa Romeo,14.018896942907466,15,0,0,0
2021,7,French Grand Prix,2021-06-20,Circuit Paul Ricard,Kimi Räikkönen,RAI,Alfa Romeo,14.187422243017188,16,0,0,0
2021,7,French Grand Prix,2021-06-20,Circuit Paul Ricard,George Russell,RUS,Williams,14.37242246239022,17,0,0,0
2021,7,French Grand Prix,2021-06-20,Circuit Paul Ricard,Nicholas Latifi,LAT,Williams,17.043037038280854,18,0,0,0
2021,7,French Grand Prix,2021-06-20,Circuit Paul Ricard,Mick Schumacher,MSC,Haas F1 Team,17.898171817784704,19,0,0,0
2021,7,French Grand Prix,2021-06-20,Circuit Paul Ricard,Nikita Mazepin,MAZ,Haas F1 Team,18.21335483069216,20,0,0,0
2021,8,Styrian Grand Prix,2021-06-27,Red Bull Ring,Max Verstappen,VER,Red Bull,3.1151886505651643,1,25,0,25
2021,8,Styrian Grand Prix,2021-06-27,Red Bull Ring,Valtteri Bottas,BOT,Mercedes,3.394342839618832,2,18,0,18
2021,8,Styrian Grand Prix,2021-06-27,Red Bull Ring,Lewis Hamilton,HAM,Mercedes,3.536028151095997,3,15,0,15
2021,8,Styrian Grand Prix,2021-06-27,Red Bull Ring,Sergio Pérez,PER,Red Bull,5.738483700817125,4,12,0,12
2021,8,Styrian Grand Prix,2021-06-27,Red Bull Ring,Lando Norris,NOR,McLaren,6.589887027674572,5,10,0,10
2021,8,Styrian Grand Prix,2021-06-27,Red Bull Ring,Carlos Sainz,SAI,Ferrari,7.712943496344454,6,8,0,8
2021,8,Styrian Grand Prix,2021-06-27,Red Bull Ring,Charles Leclerc,LEC,Ferrari,9.049483426645498,7,6,0,6
2021,8,Styrian Grand Prix,2021-06-27,Red Bull Ring,Fernando Alonso,ALO,Alpine F1 Team,9.421591677891042,8,4,0,4
2021,8,Styrian Grand Prix,2021-06-27,Red Bull Ring,Lance Stroll,STR,Aston Martin,9.530207962493057,9,2,0,2
2021,8,Styrian Grand Prix,2021-06-27,Red Bull Ring,Yuki Tsunoda,TSU,AlphaTauri,10.088699668022976,10,1,0,1
2021,8,Styrian Grand Prix,2021-06-27,Red Bull Ring,Daniel Ricciardo,RIC,McLaren,10.586105855974465,11,0,0,0
2021,8,Styrian Grand Prix,2021-06-27,Red Bull Ring,Esteban Ocon,OCO,Alpine F1 Team,12.081682711875732,12,0,0,0
2021,8,Styrian Grand Prix,2021-06-27,Red Bull Ring,Kimi Räikkönen,RAI,Alfa Romeo,12.112745121805272,13,0,0,0
2021,8,Styrian Grand Prix,2021-06-27,Red Bull Ring,Sebastian Vettel,VET,Aston Martin,12.580802413197446,14,0,0,0
2021,8,Styrian Grand Prix,2021-06-27,Red Bull Ring,Antonio Giovinazzi,GIO,Alfa Romeo,14.03723817372715,15,0,0,0
2021,8,Styrian Grand Prix,2021-06-27,Red Bull Ring,Pierre Gasly,GAS,AlphaTauri,14.309751913590947,16,0,0,0
2021,8,Styrian Grand Prix,2021-06-27,Red Bull Ring,George Russell,RUS,Williams,15.978302466299802,17,0,0,0
2021,8,Styrian Grand Prix,2021-06-27,Red Bull Ring,Nicholas Latifi,LAT,Williams,16.184580596690992,18,0,0,0
2021,8,Styrian Grand Prix,2021-06-27,Red Bull Ring,Mick Schumacher,MSC,Haas F1 Team,16.332157312893436,19,0,0,0
2021,8,Styrian Grand Prix,2021-06-27,Red Bull Ring,Nikita Mazepin,MAZ,Haas F1 Team,17.516924330741315,20,0,0,0
2021,9,Austrian Grand Prix,2021-07-04,Red Bull Ring,Valtteri Bottas,BOT,Mercedes,3.307736812430258,1,25,0,25
2021,9,Austrian Grand Prix,2021-07-04,Red Bull Ring,Max Verstappen,VER,Red Bull,3.359609513607351,2,18,0,18
2021,9,Austrian Grand Prix,2021-07-04,Red Bull Ring,Lewis Hamilton,HAM,Mercedes,4.484196456533849,3,15,0,15
2021,9,Austrian Grand Prix,2021-07-04,Red Bull Ring,Lando Norris,NOR,McLaren,5.497615547761313,4,12,0,12
2021,9,Austrian Grand Prix,2021-07-04,Red Bull Ring,Carlos Sainz,SAI,Ferrari,5.704267279094079,5,10,0,10
2021,9,Austrian Grand Prix,2021-07-04,Red Bull Ring,Sergio Pérez,PER,Red Bull,6.288771488412815,6,8,0,8
2021,9,Austrian Grand Prix,2021-07-04,Red Bull Ring,Charles Leclerc,LEC,Ferrari,6.554527398986314,7,6,0,6
2021,9,Austrian Grand Prix,2021-07-04,Red Bull Ring,Daniel Ricciardo,RIC,McLaren,8.984072885354616,8,4,0,4
2021,9,Austrian Grand Prix,2021-07-04,Red Bull Ring,Pierre Gasly,GAS,AlphaTauri,10.197857815479557,9,2,0,2
2021,9,Austrian Grand Prix,2021-07-04,Red Bull Ring,Yuki Tsunoda,TSU,AlphaTauri,10.80413269883367,10,1,0,1
2021,9,Austrian Grand Prix,2021-07-04,Red Bull Ring,Fernando Alonso,ALO,Alpine F1 Team,11.29551279363727,11,0,0,0
2021,9,Austrian Grand Prix,2021-07-04,Red Bull Ring,Lance Stroll,STR,Aston Martin,12.640998653487523,12,0,0,0
2021,9,Austrian Grand Prix,2021-07-04,Red Bull Ring,Kimi Räikkönen,RAI,Alfa Romeo,12.922670742881136,13,0,0,0
2021,9,Austrian Grand Prix,2021-07-04,Red Bull Ring,Antonio Giovinazzi,GIO,Alfa Romeo,13.72209987833082,14,0,0,0
2021,9,Austrian Grand Prix,2021-07-04,Red Bull Ring,George Russell,RUS,Williams,13.771019471411574,15,0,0,0
2021,9,Austrian Grand Prix,2021-07-04,Red Bull Ring,Sebastian Vettel,VET,Aston Martin,14.352812636214626,16,0,0,0
2021,9,Austrian Grand Prix,2021-07-04,Red Bull Ring,Esteban Ocon,OCO,Alpine F1 Team,14.9796233653832,17,0,0,0
2021,9,Austrian Grand Prix,2021-07-04,Red Bull Ring,Nicholas Latifi,LAT,Williams,16.28720481815583,18,0,0,0
2021,9,Austrian Grand Prix,2021-07-04,Red Bull Ring,Mick Schumacher,MSC,Haas F1 Team,16.60721340186906,19,0,0,0
2021,9,Austrian Grand Prix,2021-07-04,Red Bull Ring,Nikita Mazepin,MAZ,Haas F1 Team,17.797132086124616,20,0,0,0
2021,10,British Grand Prix,2021-07-18,Silverstone Circuit,Lewis Hamilton,HAM,Mercedes,2.978282534301297,1,25,0,25
2021,10,British Grand Prix,2021-07-18,Silverstone Circuit,Valtteri Bottas,BOT,Mercedes,4.667797716093976,2,18,0,18
2021,10,British Grand Prix,2021-07-18,Silverstone Circuit,Charles Leclerc,LEC,Ferrari,4.759127901911029,3,15,0,15
2021,10,British Grand Prix,2021-07-18,Silverstone Circuit,Lando Norris,NOR,McLaren,5.136403028855719,4,12,0,12
2021,10,British Grand Prix,2021-07-18,Silverstone Circuit,Carlos Sainz,SAI,Ferrari,6.919451937954557,5,10,0,10
2021,10,British Grand Prix,2021-07-18,Silverstone Circuit,Daniel Ricciardo,RIC,McLaren,7.144470851552832,6,8,0,8
2021,10,British Grand Prix,2021-07-18,Silverstone Circuit,Max Verstappen,VER,Red Bull,9.563158852033537,7,6,0,6
2021,10,British Grand Prix,2021-07-18,Silverstone Circuit,Fernando Alonso,ALO,Alpine F1 Team,9.756499389904835,8,4,0,4
2021,10,British Grand Prix,2021-07-18,Silverstone Circuit,Esteban Ocon,OCO,Alpine F1 Team,10.25742668682012,9,2,0,2
2021,10,British Grand Prix,2021-07-18,Silverstone Circuit,Sergio Pérez,PER,Red Bull,10.283730510006585,10,1,0,1
2021,10,British Grand Prix,2021-07-18,Silverstone Circuit,Pierre Gasly,GAS,AlphaTauri,10.334660910877126,11,0,0,0
2021,10,British Grand Prix,2021-07-18,Silverstone Circuit,Lance Stroll,STR,Aston Martin,10.44616930791775,12,0,0,0
2021,10,British Grand Prix,2021-07-18,Silverstone Circuit,Yuki Tsunoda,TSU,AlphaTauri,11.676502921340829,13,0,0,0
2021,10,British Grand Prix,2021-07-18,Silverstone Circuit,Antonio Giovinazzi,GIO,Alfa Romeo,13.521412842432197,14,0,0,0
2021,10,British Grand Prix,2021-07-18,Silverstone Circuit,Sebastian Vettel,VET,Aston Martin,13.720499464453171,15,0,0,0
2021,10,British Grand Prix,2021-07-18,Silverstone Circuit,George Russell,RUS,Williams,14.17864209378008,16,0,0,0
2021,10,British Grand Prix,2021-07-18,Silverstone Circuit,Kimi Räikkönen,RAI,Alfa Romeo,14.293243009868991,17,0,0,0
2021,10,British Grand Prix,2021-07-18,Silverstone Circuit,Nicholas Latifi,LAT,Williams,14.822031973109064,18,0,0,0
2021,10,British Grand Prix,2021-07-18,Silverstone Circuit,Mick Schumacher,MSC,Haas F1 Team,16.62232232936117,19,0,0,0
2021,10,British Grand Prix,2021-07-18,Silverstone Circuit,Nikita Mazepin,MAZ,Haas F1 Team,16.97249091525366,20,0,0,0
2021,11,Hungarian Grand Prix,2021-08-01,Hungaroring,Lewis Hamilton,HAM,Mercedes,3.389398906082476,1,25,0,25
2021,11,Hungarian Grand Prix,2021-08-01,Hungaroring,Carlos Sainz,SAI,Ferrari,4.75194151175263,2,18,0,18
2021,11,Hungarian Grand Prix,2021-08-01,Hungaroring,Max Verstappen,VER,Red Bull,6.28951634030818,3,15,0,15
2021,11,Hungarian Grand Prix,2021-08-01,Hungaroring,Fernando Alonso,ALO,Alpine F1 Team,6.722644368874719,4,12,0,12
2021,11,Hungarian Grand Prix,2021-08-01,Hungaroring,Pierre Gasly,GAS,AlphaTauri,7.67742844614634,5,10,0,10
2021,11,Hungarian Grand Prix,2021-08-01,Hungaroring,Esteban Ocon,OCO,Alpine F1 Team,7.749928955395632,6,8,0,8
2021,11,Hungarian Grand Prix,2021-08-01,Hungaroring,Valtteri Bottas,BOT,Mercedes,9.746814369421768,7,6,0,6
2021,11,Hungarian Grand Prix,2021-08-01,Hungaroring,Yuki Tsunoda,TSU,AlphaTauri,9.777455724233205,8,4,0,4
2021,11,Hungarian Grand Prix,2021-08-01,Hungaroring,Daniel Ricciardo,RIC,McLaren,9.858194573777176,9,2,0,2
2021,11,Hungarian Grand Prix,2021-08-01,Hungaroring,Lando Norris,NOR,McLaren,10.473862909963634,10,1,0,1
2021,11,Hungarian Grand Prix,2021-08-01,Hungaroring,Charles Leclerc,LEC,Ferrari,11.40737999094247,11,0,0,0
2021,11,Hungarian Grand Prix,2021-08-01,Hungaroring,Sergio Pérez,PER,Red Bull,11.432903373520128,12,0,0,0
2021,11,Hungarian Grand Prix,2021-08-01,Hungaroring,Kimi Räikkönen,RAI,Alfa Romeo,11.55098859020828,13,0,0,0
2021,11,Hungarian Grand Prix,2021-08-01,Hungaroring,Nicholas Latifi,LAT,Williams,12.562677241796257,14,0,0,0
2021,11,Hungarian Grand Prix,2021-08-01,Hungaroring,George Russell,RUS,Williams,12.80893914015408,15,0,0,0
2021,11,Hungarian Grand Prix,2021-08-01,Hungaroring,Antonio Giovinazzi,GIO,Alfa Romeo,13.807510783076829,16,0,0,0
2021,11,Hungarian Grand Prix,2021-08-01,Hungaroring,Lance Stroll,STR,Aston Martin,14.81381528648716,17,0,0,0
2021,11,Hungarian Grand Prix,2021-08-01,Hungaroring,Mick Schumacher,MSC,Haas F1 Team,15.309776123356157,18,0,0,0
2021,11,Hungarian Grand Prix,2021-08-01,Hungaroring,Sebastian Vettel,VET,Aston Martin,15.444014159570289,19,0,0,0
2021,11,Hungarian Grand Prix,2021-08-01,Hungaroring,Nikita Mazepin,MAZ,Haas F1 Team,16.239420408404737,20,0,0,0
2021,12,Belgian Grand Prix,2021-08-29,Circuit de Spa-Francorchamps,Max Verstappen,VER,Red Bull,4.290493029298886,1,25,0,25
2021,12,Belgian Grand Prix,2021-08-29,Circuit de Spa-Francorchamps,Lewis Hamilton,HAM,Mercedes,5.414457121874696,2,18,0,18
2021,12,Belgian Grand Prix,2021-08-29,Circuit de Spa-Francorchamps,Daniel Ricciardo,RIC,McLaren,6.612345782592796,3,15,0,15
2021,12,Belgian Grand Prix,2021-08-29,Circuit de Spa-Francorchamps,Charles Leclerc,LEC,Ferrari,6.977746344829388,4,12,0,12
2021,12,Belgian Grand Prix,2021-08-29,Circuit de Spa-Francorchamps,Valtteri Bottas,BOT,Mercedes,7.994315166384119,5,10,0,10
2021,12,Belgian Grand Prix,2021-08-29,Circuit de Spa-Francorchamps,Sebastian Vettel,VET,Aston Martin,8.209682836612354,6,8,0,8
2021,12,Belgian Grand Prix,2021-08-29,Circuit de Spa-Francorchamps,Pierre Gasly,GAS,AlphaTauri,8.471929219570344,7,6,0,6
2021,12,Belgian Grand Prix,2021-08-29,Circuit de Spa-Francorchamps,Esteban Ocon,OCO,Alpine F1 Team,8.570409100428998,8,4,0,4
2021,12,Belgian Grand Prix,2021-08-29,Circuit de Spa-Francorchamps,George Russell,RUS,Williams,8.624254944751364,9,2,0,2
2021,12,Belgian Grand Prix,2021-08-29,Circuit de Spa-Francorchamps,Carlos Sainz,SAI,Ferrari,8.880875078408348,10,1,0,1
2021,12,Belgian Grand Prix,2021-08-29,Circuit de Spa-Francorchamps,Lando Norris,NOR,McLaren,10.024836062965376,11,0,0,0
2021,12,Belgian Grand Prix,2021-08-29,Circuit de Spa-Francorchamps,Fernando Alonso,ALO,Alpine F1 Team,10.326456416801314,12,0,0,0
2021,12,Belgian Grand Prix,2021-08-29,Circuit de Spa-Francorchamps,Nicholas Latifi,LAT,Williams,11.135327434786866,13,0,0,0
2021,12,Belgian Grand Prix,2021-08-29,Circuit de Spa-Francorchamps,Sergio Pérez,PER,Red Bull,11.185215342906035,14,0,0,0
2021,12,Belgian Grand Prix,2021-08-29,Circuit de Spa-Francorchamps,Antonio Giovinazzi,GIO,Alfa Romeo,13.281512385519964,15,0,0,0
2021,12,Belgian Grand Prix,2021-08-29,Circuit de Spa-Francorchamps,Yuki Tsunoda,TSU,AlphaTauri,13.418111318511531,16,0,0,0
2021,12,Belgian Grand Prix,2021-08-29,Circuit de Spa-Francorchamps,Lance Stroll,STR,Aston Martin,15.071094337081634,17,0,0,0
2021,12,Belgian Grand Prix,2021-08-29,Circuit de Spa-Francorchamps,Kimi Räikkönen,RAI,Alfa Romeo,15.21002893137721,18,0,0,0
2021,12,Belgian Grand Prix,2021-08-29,Circuit de Spa-Francorchamps,Mick Schumacher,MSC,Haas F1 Team,16.33824593906334,19,0,0,0
2021,12,Belgian Grand Prix,2021-08-29,Circuit de Spa-Francorchamps,Nikita Mazepin,MAZ,Haas F1 Team,16.908986668591655,20,0,0,0
2021,13,Dutch Grand Prix,2021-09-05,Circuit Park Zandvoort,Lewis Hamilton,HAM,Mercedes,3.415291849844973,1,25,0,25
2021,13,Dutch Grand Prix,2021-09-05,Circuit Park Zandvoort,Max Verstappen,VER,Red Bull,4.097002873791365,2,18,0,18
2021,13,Dutch Grand Prix,2021-09-05,Circuit Park Zandvoort,Valtteri Bottas,BOT,Mercedes,4.521653870833435,3,15,0,15
2021,13,Dutch Grand Prix,2021-09-05,Circuit Park Zandvoort,Charles Leclerc,LEC,Ferrari,6.059500086056795,4,12,0,12
2021,13,Dutch Grand Prix,2021-09-05,Circuit Park Zandvoort,Carlos Sainz,SAI,Ferrari,6.53087335565692,5,10,0,10
2021,13,Dutch Grand Prix,2021-09-05,Circuit Park Zandvoort,Fernando Alonso,ALO,Alpine F1 Team,7.228138357256779,6,8,0,8
2021,13,Dutch Grand Prix,2021-09-05,Circuit Park Zandvoort,Pierre Gasly,GAS,AlphaTauri,8.480492849883406,7,6,0,6
2021,13,Dutch Grand Prix,2021-09-05,Circuit Park Zandvoort,Esteban Ocon,OCO,Alpine F1 Team,8.752119091386781,8,4,0,4
2021,13,Dutch Grand Prix,2021-09-05,Circuit Park Zandvoort,Lando Norris,NOR,McLaren,9.819745307274632,9,2,0,2
2021,13,Dutch Grand Prix,2021-09-05,Circuit Park Zandvoort,Sergio Pérez,PER,Red Bull,9.886733966196992,10,1,0,1
2021,13,Dutch Grand Prix,2021-09-05,Circuit Park Zandvoort,Daniel Ricciardo,RIC,McLaren,10.5418090683381,11,0,0,0
2021,13,Dutch Grand Prix,2021-09-05,Circuit Park Zandvoort,Lance Stroll,STR,Aston Martin,12.493045390160155,12,0,0,0
2021,13,Dutch Grand Prix,2021-09-05,Circuit Park Zandvoort,Sebastian Vettel,VET,Aston Martin,13.111533153616367,13,0,0,0
2021,13,Dutch Grand Prix,2021-09-05,Circuit Park Zandvoort,Antonio Giovinazzi,GIO,Alfa Romeo,13.647812799821184,14,0,0,0
2021,13,Dutch Grand Prix,2021-09-05,Circuit Park Zandvoort,George Russell,RUS,Williams,14.246845244814535,15,0,0,0
2021,13,Dutch Grand Prix,2021-09-05,Circuit Park Zandvoort,Nicholas Latifi,LAT,Williams,14.477092271397416,16,0,0,0
2021,13,Dutch Grand Prix,2021-09-05,Circuit Park Zandvoort,Robert Kubica,KUB,Alfa Romeo,14.733044306002547,17,0,0,0
2021,13,Dutch Grand Prix,2021-09-05,Circuit Park Zandvoort,Yuki Tsunoda,TSU,AlphaTauri,15.71833038969788,18,0,0,0
2021,13,Dutch Grand Prix,2021-09-05,Circuit Park Zandvoort,Mick Schumacher,MSC,Haas F1 Team,17.025291183708827,19,0,0,0
2021,13,Dutch Grand Prix,2021-09-05,Circuit Park Zandvoort,Nikita Mazepin,MAZ,Haas F1 Team,17.908415294221527,20,0,0,0
2021,14,Italian Grand Prix,2021-09-12,Autodromo Nazionale di Monza,Valtteri Bottas,BOT,Mercedes,4.353090710545181,1,25,0,25
2021,14,Italian Grand Prix,2021-09-12,Autodromo Nazionale di Monza,Daniel Ricciardo,RIC,McLaren,5.725391370255495,2,18,0,18
2021,14,Italian Grand Prix,2021-09-12,Autodromo Nazionale di Monza,Lando Norris,NOR,McLaren,6.634831857824948,3,15,0,15
2021,14,Italian Grand Prix,2021-09-12,Autodromo Nazionale di Monza,Carlos Sainz,SAI,Ferrari,7.089604759134967,4,12,0,12
2021,14,Italian Grand Prix,2021-09-12,Autodromo Nazionale di Monza,Charles Leclerc,LEC,Ferrari,7.09688477170705,5,10,0,10
2021,14,Italian Grand Prix,2021-09-12,Autodromo Nazionale di Monza,Sergio Pérez,PER,Red Bull,7.78669444350431,6,8,0,8
2021,14,Italian Grand Prix,2021-09-12,Autodromo Nazionale di Monza,Lewis Hamilton,HAM,Mercedes,8.908917419651607,7,6,0,6
2021,14,Italian Grand Prix,2021-09-12,Autodromo Nazionale di Monza,Fernando Alonso,ALO,Alpine F1 Team,9.202932397779374,8,4,0,4
2021,14,Italian Grand Prix,2021-09-12,Autodromo Nazionale di Monza,Lance Stroll,STR,Aston Martin,9.840235397265449,9,2,0,2
2021,14,Italian Grand Prix,2021-09-12,Autodromo Nazionale di Monza,Esteban Ocon,OCO,Alpine F1 Team,10.39979528720244,10,1,0,1
2021,14,Italian Grand Prix,2021-09-12,Autodromo Nazionale di Monza,Max Verstappen,VER,Red Bull,10.865376407675392,11,0,0,0
2021,14,Italian Grand Prix,2021-09-12,Autodromo Nazionale di Monza,Sebastian Vettel,VET,Aston Martin,10.99627192048322,12,0,0,0
2021,14,Italian Grand Prix,2021-09-12,Autodromo Nazionale di Monza,George Russell,RUS,Williams,11.345387433623808,13,0,0,0
2021,14,Italian Grand Prix,2021-09-12,Autodromo Nazionale di Monza,Nicholas Latifi,LAT,Williams,12.673799205443116,14,0,0,0
2021,14,Italian Grand Prix,2021-09-12,Autodromo Nazionale di Monza,Antonio Giovinazzi,GIO,Alfa Romeo,13.089084695824871,15,0,0,0
2021,14,Italian Grand Prix,2021-09-12,Autodromo Nazionale di Monza,Pierre Gasly,GAS,AlphaTauri,13.857947509708058,16,0,0,0
2021,14,Italian Grand Prix,2021-09-12,Autodromo Nazionale di Monza,Robert Kubica,KUB,Alfa Romeo,14.15584386075012,17,0,0,0
2021,14,Italian Grand Prix,2021-09-12,Autodromo Nazionale di Monza,Yuki Tsunoda,TSU,AlphaTauri,14.972556287161993,18,0,0,0
2021,14,Italian Grand Prix,2021-09-12,Autodromo Nazionale di Monza,Mick Schumacher,MSC,Haas F1 Team,16.25823713851811,19,0,0,0
2021,14,Italian Grand Prix,2021-09-12,Autodromo Nazionale di Monza,Nikita Mazepin,MAZ,Haas F1 Team,16.6312673480207,20,0,0,0
2021,15,Russian Grand Prix,2021-09-26,Sochi Autodrom,Lewis Hamilton,HAM,Mercedes,2.8943470624936576,1,25,0,25
2021,15,Russian Grand Prix,2021-09-26,Sochi Autodrom,Max Verstappen,VER,Red Bull,4.543543730525643,2,18,0,18
2021,15,Russian Grand Prix,2021-09-26,Sochi Autodrom,Valtteri Bottas,BOT,Mercedes,5.672397494669701,3,15,0,15
2021,15,Russian Grand Prix,2021-09-26,Sochi Autodrom,Carlos Sainz,SAI,Ferrari,5.690608789130408,4,12,0,12
2021,15,Russian Grand Prix,2021-09-26,Sochi Autodrom,Daniel Ricciardo,RIC,McLaren,6.729323693135739,5,10,0,10
2021,15,Russian Grand Prix,2021-09-26,Sochi Autodrom,Lando Norris,NOR,McLaren,7.803921404409358,6,8,0,8
2021,15,Russian Grand Prix,2021-09-26,Sochi Autodrom,Fernando Alonso,ALO,Alpine F1 Team,8.580488951134221,7,6,0,6
2021,15,Russian Grand Prix,2021-09-26,Sochi Autodrom,Sergio Pérez,PER,Red Bull,9.021021124355585,8,4,0,4
2021,15,Russian Grand Prix,2021-09-26,Sochi Autodrom,Charles Leclerc,LEC,Ferrari,9.980444982775316,9,2,0,2
2021,15,Russian Grand Prix,2021-09-26,Sochi Autodrom,Esteban Ocon,OCO,Alpine F1 Team,11.044436880364335,10,1,0,1
2021,15,Russian Grand Prix,2021-09-26,Sochi Autodrom,Pierre Gasly,GAS,AlphaTauri,11.054120235095516,11,0,0,0
2021,15,Russian Grand Prix,2021-09-26,Sochi Autodrom,Sebastian Vettel,VET,Aston Martin,11.218638259243477,12,0,0,0
2021,15,Russian Grand Prix,2021-09-26,Sochi Autodrom,George Russell,RUS,Williams,11.728579326259528,13,0,0,0
2021,15,Russian Grand Prix,2021-09-26,Sochi Autodrom,Lance Stroll,STR,Aston Martin,11.827559193557915,14,0,0,0
2021,15,Russian Grand Prix,2021-09-26,Sochi Autodrom,Kimi Räikkönen,RAI,Alfa Romeo,11.854620244770716,15,0,0,0
2021,15,Russian Grand Prix,2021-09-26,Sochi Autodrom,Antonio Giovinazzi,GIO,Alfa Romeo,14.25260121520295,16,0,0,0
2021,15,Russian Grand Prix,2021-09-26,Sochi Autodrom,Yuki Tsunoda,TSU,AlphaTauri,14.97704758385466,17,0,0,0
2021,15,Russian Grand Prix,2021-09-26,Sochi Autodrom,Nicholas Latifi,LAT,Williams,15.645121002112074,18,0,0,0
2021,15,Russian Grand Prix,2021-09-26,Sochi Autodrom,Nikita Mazepin,MAZ,Haas F1 Team,17.618542634435006,19,0,0,0
2021,15,Russian Grand Prix,2021-09-26,Sochi Autodrom,Mick Schumacher,MSC,Haas F1 Team,17.683865854860457,20,0,0,0
2021,16,Turkish Grand Prix,2021-10-10,Istanbul Park,Valtteri Bottas,BOT,Mercedes,3.679011633864615,1,25,0,25
2021,16,Turkish Grand Prix,2021-10-10,Istanbul Park,Lewis Hamilton,HAM,Mercedes,4.316551684834544,2,18,0,18
2021,16,Turkish Grand Prix,2021-10-10,Istanbul Park,Max Verstappen,VER,Red Bull,4.880309903237324,3,15,0,15
2021,16,Turkish Grand Prix,2021-10-10,Istanbul Park,Charles Leclerc,LEC,Ferrari,5.202415929883322,4,12,0,12
2021,16,Turkish Grand Prix,2021-10-10,Istanbul Park,Sergio Pérez,PER,Red Bull,6.844931355783131,5,10,0,10
2021,16,Turkish Grand Prix,2021-10-10,Istanbul Park,Carlos Sainz,SAI,Ferrari,7.351206437178382,6,8,0,8
2021,16,Turkish Grand Prix,2021-10-10,Istanbul Park,Lando Norris,NOR,McLaren,7.395263532623383,7,6,0,6
2021,16,Turkish Grand Prix,2021-10-10,Istanbul Park,Pierre Gasly,GAS,AlphaTauri,8.417083098742388,8,4,0,4
2021,16,Turkish Grand Prix,2021-10-10,Istanbul Park,Esteban Ocon,OCO,Alpine F1 Team,9.462648386490036,9,2,0,2
2021,16,Turkish Grand Prix,2021-10-10,Istanbul Park,Daniel Ricciardo,RIC,McLaren,9.833163295042327,10,1,0,1
2021,16,Turkish Grand Prix,2021-10-10,Istanbul Park,Fernando Alonso,ALO,Alpine F1 Team,11.37749417979071,11,0,0,0
2021,16,Turkish Grand Prix,2021-10-10,Istanbul Park,Lance Stroll,STR,Aston Martin,11.487173819436912,12,0,0,0
2021,16,Turkish Grand Prix,2021-10-10,Istanbul Park,Antonio Giovinazzi,GIO,Alfa Romeo,12.454931201203156,13,0,0,0
2021,16,Turkish Grand Prix,2021-10-10,Istanbul Park,Kimi Räikkönen,RAI,Alfa Romeo,12.754112347778625,14,0,0,0
2021,16,Turkish Grand Prix,2021-10-10,Istanbul Park,George Russell,RUS,Williams,13.517743287962032,15,0,0,0
2021,16,Turkish Grand Prix,2021-10-10,Istanbul Park,Yuki Tsunoda,TSU,AlphaTauri,13.773837503328766,16,0,0,0
2021,16,Turkish Grand Prix,2021-10-10,Istanbul Park,Sebastian Vettel,VET,Aston Martin,14.489660783860504,17,0,0,0
2021,16,Turkish Grand Prix,2021-10-10,Istanbul Park,Nicholas Latifi,LAT,Williams,15.40085175535634,18,0,0,0
2021,16,Turkish Grand Prix,2021-10-10,Istanbul Park,Mick Schumacher,MSC,Haas F1 Team,17.35759433344086,19,0,0,0
2021,16,Turkish Grand Prix,2021-10-10,Istanbul Park,Nikita Mazepin,MAZ,Haas F1 Team,18.46153670957037,20,0,0,0
2021,17,United States Grand Prix,2021-10-24,Circuit of the Americas,Max Verstappen,VER,Red Bull,3.542131573291785,1,25,0,25
2021,17,United States Grand Prix,2021-10-24,Circuit of the Americas,Lewis Hamilton,HAM,Mercedes,3.819509577115821,2,18,0,18
2021,17,United States Grand Prix,2021-10-24,Circuit of the Americas,Sergio Pérez,PER,Red Bull,5.311967175868651,3,15,0,15
2021,17,United States Grand Prix,2021-10-24,Circuit of the Americas,Valtteri Bottas,BOT,Mercedes,5.779786721459981,4,12,0,12
2021,17,United States Grand Prix,2021-10-24,Circuit of the Americas,Charles Leclerc,LEC,Ferrari,6.286023297550365,5,10,0,10
2021,17,United States Grand Prix,2021-10-24,Circuit of the Americas,Daniel Ricciardo,RIC,McLaren,7.30710798080526,6,8,0,8
2021,17,United States Grand Prix,2021-10-24,Circuit of the Americas,Carlos Sainz,SAI,Ferrari,7.536024806599013,7,6,0,6
2021,17,United States Grand Prix,2021-10-24,Circuit of the Americas,Lando Norris,NOR,McLaren,7.736730545808049,8,4,0,4
2021,17,United States Grand Prix,2021-10-24,Circuit of the Americas,Sebastian Vettel,VET,Aston Martin,11.373151484606735,9,2,0,2
2021,17,United States Grand Prix,2021-10-24,Circuit of the Americas,Antonio Giovinazzi,GIO,Alfa Romeo,11.976632007799616,10,1,0,1
2021,17,United States Grand Prix,2021-10-24,Circuit of the Americas,Yuki Tsunoda,TSU,AlphaTauri,12.218080517935578,11,0,0,0
2021,17,United States Grand Prix,2021-10-24,Circuit of the Americas,Lance Stroll,STR,Aston Martin,12.58046342487978,12,0,0,0
2021,17,United States Grand Prix,2021-10-24,Circuit of the Americas,Kimi Räikkönen,RAI,Alfa Romeo,12.803630440193473,13,0,0,0
2021,17,United States Grand Prix,2021-10-24,Circuit of the Americas,George Russell,RUS,Williams,13.096467112094574,14,0,0,0
2021,17,United States Grand Prix,2021-10-24,Circuit of the Americas,Pierre Gasly,GAS,AlphaTauri,13.477194061594554,15,0,0,0
2021,17,United States Grand Prix,2021-10-24,Circuit of the Americas,Nicholas Latifi,LAT,Williams,14.272774724324936,16,0,0,0
2021,17,United States Grand Prix,2021-10-24,Circuit of the Americas,Fernando Alonso,ALO,Alpine F1 Team,14.752639457959024,17,0,0,0
2021,17,United States Grand Prix,2021-10-24,Circuit of the Americas,Esteban Ocon,OCO,Alpine F1 Team,14.883957601288744,18,0,0,0
2021,17,United States Grand Prix,2021-10-24,Circuit of the Americas,Mick Schumacher,MSC,Haas F1 Team,16.734727116774653,19,0,0,0
2021,17,United States Grand Prix,2021-10-24,Circuit of the Americas,Nikita Mazepin,MAZ,Haas F1 Team,17.1980677442782,20,0,0,0
2021,18,Mexico City Grand Prix,2021-11-07,Autódromo Hermanos Rodríguez,Max Verstappen,VER,Red Bull,2.718215929122059,1,25,0,25
2021,18,Mexico City Grand Prix,2021-11-07,Autódromo Hermanos Rodríguez,Lewis Hamilton,HAM,Mercedes,3.0845971168733013,2,18,0,18
2021,18,Mexico City Grand Prix,2021-11-07,Autódromo Hermanos Rodríguez,Sergio Pérez,PER,Red Bull,5.0670882274868525,3,15,0,15
2021,18,Mexico City Grand Prix,2021-11-07,Autódromo Hermanos Rodríguez,Charles Leclerc,LEC,Ferrari,6.345756565761842,4,12,0,12
2021,18,Mexico City Grand Prix,2021-11-07,Autódromo Hermanos Rodríguez,Carlos Sainz,SAI,Ferrari,6.617415792497109,5,10,0,10
2021,18,Mexico City Grand Prix,2021-11-07,Autódromo Hermanos Rodríguez,Pierre Gasly,GAS,AlphaTauri,7.239257191266695,6,8,0,8
2021,18,Mexico City Grand Prix,2021-11-07,Autódromo Hermanos Rodríguez,Valtteri Bottas,BOT,Mercedes,8.275369881744084,7,6,0,6
2021,18,Mexico City Grand Prix,2021-11-07,Autódromo Hermanos Rodríguez,Daniel Ricciardo,RIC,McLaren,9.789683419962731,8,4,0,4
2021,18,Mexico City Grand Prix,2021-11-07,Autódromo Hermanos Rodríguez,Fernando Alonso,ALO,Alpine F1 Team,9.99652211758985,9,2,0,2
2021,18,Mexico City Grand Prix,2021-11-07,Autódromo Hermanos Rodríguez,Lando Norris,NOR,McLaren,10.04372548934809,10,1,0,1
2021,18,Mexico City Grand Prix,2021-11-07,Autódromo Hermanos Rodríguez,Sebastian Vettel,VET,Aston Martin,10.099344253485636,11,0,0,0
2021,18,Mexico City Grand Prix,2021-11-07,Autódromo Hermanos Rodríguez,Kimi Räikkönen,RAI,Alfa Romeo,11.194215268638304,12,0,0,0
2021,18,Mexico City Grand Prix,2021-11-07,Autódromo Hermanos Rodríguez,Esteban Ocon,OCO,Alpine F1 Team,11.97598366439068,13,0,0,0
2021,18,Mexico City Grand Prix,2021-11-07,Autódromo Hermanos Rodríguez,Antonio Giovinazzi,GIO,Alfa Romeo,12.527102654241917,14,0,0,0
2021,18,Mexico City Grand Prix,2021-11-07,Autódromo Hermanos Rodríguez,Lance Stroll,STR,Aston Martin,13.274522030005482,15,0,0,0
2021,18,Mexico City Grand Prix,2021-11-07,Autódromo Hermanos Rodríguez,George Russell,RUS,Williams,15.016066527169915,16,0,0,0
2021,18,Mexico City Grand Prix,2021-11-07,Autódromo Hermanos Rodríguez,Nicholas Latifi,LAT,Williams,15.94365384327588,17,0,0,0
2021,18,Mexico City Grand Prix,2021-11-07,Autódromo Hermanos Rodríguez,Yuki Tsunoda,TSU,AlphaTauri,16.19392913936554,18,0,0,0
2021,18,Mexico City Grand Prix,2021-11-07,Autódromo Hermanos Rodríguez,Mick Schumacher,MSC,Haas F1 Team,17.76081236084225,19,0,0,0
2021,18,Mexico City Grand Prix,2021-11-07,Autódromo Hermanos Rodríguez,Nikita Mazepin,MAZ,Haas F1 Team,18.09925101092129,20,0,0,0
2021,19,São Paulo Grand Prix,2021-11-14,Autódromo José Carlos Pace,Lewis Hamilton,HAM,Mercedes,2.847763594648578,1,25,0,25
2021,19,São Paulo Grand Prix,2021-11-14,Autódromo José Carlos Pace,Max Verstappen,VER,Red Bull,3.023845892822919,2,18,0,18
2021,19,São Paulo Grand Prix,2021-11-14,Autódromo José Carlos Pace,Valtteri Bottas,BOT,Mercedes,5.056403455091834,3,15,0,15
2021,19,São Paulo Grand Prix,2021-11-14,Autódromo José Carlos Pace,Sergio Pérez,PER,Red Bull,5.355773371174728,4,12,0,12
2021,19,São Paulo Grand Prix,2021-11-14,Autódromo José Carlos Pace,Carlos Sainz,SAI,Ferrari,6.143219453685097,5,10,0,10
2021,19,São Paulo Grand Prix,2021-11-14,Autódromo José Carlos Pace,Charles Leclerc,LEC,Ferrari,6.62493611582609,6,8,0,8
2021,19,São Paulo Grand Prix,2021-11-14,Autódromo José Carlos Pace,Pierre Gasly,GAS,AlphaTauri,8.431319479682305,7,6,0,6
2021,19,São Paulo Grand Prix,2021-11-14,Autódromo José Carlos Pace,Esteban Ocon,OCO,Alpine F1 Team,9.821250589512436,8,4,0,4
2021,19,São Paulo Grand Prix,2021-11-14,Autódromo José Carlos Pace,Fernando Alonso,ALO,Alpine F1 Team,9.911152096351357,9,2,0,2
2021,19,São Paulo Grand Prix,2021-11-14,Autódromo José Carlos Pace,Lando Norris,NOR,McLaren,10.69845890154897,10,1,0,1
2021,19,São Paulo Grand Prix,2021-11-14,Autódromo José Carlos Pace,Sebastian Vettel,VET,Aston Martin,11.668843429496729,11,0,0,0
2021,19,São Paulo Grand Prix,2021-11-14,Autódromo José Carlos Pace,Kimi Räikkönen,RAI,Alfa Romeo,12.419113132985672,12,0,0,0
2021,19,São Paulo Grand Prix,2021-11-14,Autódromo José Carlos Pace,Daniel Ricciardo,RIC,McLaren,13.403377897866314,13,0,0,0
2021,19,São Paulo Grand Prix,2021-11-14,Autódromo José Carlos Pace,Antonio Giovinazzi,GIO,Alfa Romeo,13.418955171933222,14,0,0,0
2021,19,São Paulo Grand Prix,2021-11-14,Autódromo José Carlos Pace,George Russell,RUS,Williams,13.873819322805902,15,0,0,0
2021,19,São Paulo Grand Prix,2021-11-14,Autódromo José Carlos Pace,Yuki Tsunoda,TSU,AlphaTauri,14.090679651933897,16,0,0,0
2021,19,São Paulo Grand Prix,2021-11-14,Autódromo José Carlos Pace,Nicholas Latifi,LAT,Williams,15.54854696353208,17,0,0,0
2021,19,São Paulo Grand Prix,2021-11-14,Autódromo José Carlos Pace,Lance Stroll,STR,Aston Martin,15.585778520971592,18,0,0,0
2021,19,São Paulo Grand Prix,2021-11-14,Autódromo José Carlos Pace,Mick Schumacher,MSC,Haas F1 Team,16.532359934313032,19,0,0,0
2021,19,São Paulo Grand Prix,2021-11-14,Autódromo José Carlos Pace,Nikita Mazepin,MAZ,Haas F1 Team,17.335572510002045,20,0,0,0
2021,20,Qatar Grand Prix,2021-11-21,Losail International Circuit,Lewis Hamilton,HAM,Mercedes,2.41008135510812,1,25,0,25
2021,20,Qatar Grand Prix,2021-11-21,Losail International Circuit,Max Verstappen,VER,Red Bull,3.317467370183099,2,18,0,18
2021,20,Qatar Grand Prix,2021-11-21,Losail International Circuit,Sergio Pérez,PER,Red Bull,5.721177255020522,3,15,0,15
2021,20,Qatar Grand Prix,2021-11-21,Losail International Circuit,Carlos Sainz,SAI,Ferrari,7.1240316151862215,4,12,0,12
2021,20,Qatar Grand Prix,2021-11-21,Losail International Circuit,Charles Leclerc,LEC,Ferrari,7.8327957620058,5,10,0,10
2021,20,Qatar Grand Prix,2021-11-21,Losail International Circuit,Esteban Ocon,OCO,Alpine F1 Team,8.697699992149905,6,8,0,8
2021,20,Qatar Grand Prix,2021-11-21,Losail International Circuit,Fernando Alonso,ALO,Alpine F1 Team,9.205445910714998,7,6,0,6
2021,20,Qatar Grand Prix,2021-11-21,Losail International Circuit,Lando Norris,NOR,McLaren,9.820755996952348,8,4,0,4
2021,20,Qatar Grand Prix,2021-11-21,Losail International Circuit,Lance Stroll,STR,Aston Martin,10.638358520638384,9,2,0,2
2021,20,Qatar Grand Prix,2021-11-21,Losail International Circuit,Pierre Gasly,GAS,AlphaTauri,10.802341529708144,10,1,0,1
2021,20,Qatar Grand Prix,2021-11-21,Losail International Circuit,Valtteri Bottas,BOT,Mercedes,11.223596451045044,11,0,0,0
2021,20,Qatar Grand Prix,2021-11-21,Losail International Circuit,Daniel Ricciardo,RIC,McLaren,11.466140888275104,12,0,0,0
2021,20,Qatar Grand Prix,2021-11-21,Losail International Circuit,Yuki Tsunoda,TSU,AlphaTauri,11.526911177438931,13,0,0,0
2021,20,Qatar Grand Prix,2021-11-21,Losail International Circuit,Sebastian Vettel,VET,Aston Martin,11.770672195923998,14,0,0,0
2021,20,Qatar Grand Prix,2021-11-21,Losail International Circuit,Kimi Räikkönen,RAI,Alfa Romeo,13.404562556303617,15,0,0,0
2021,20,Qatar Grand Prix,2021-11-21,Losail International Circuit,Antonio Giovinazzi,GIO,Alfa Romeo,14.399507828113114,16,0,0,0
2021,20,Qatar Grand Prix,2021-11-21,Losail International Circuit,George Russell,RUS,Williams,16.09602507834203,17,0,0,0
2021,20,Qatar Grand Prix,2021-11-21,Losail International Circuit,Mick Schumacher,MSC,Haas F1 Team,16.307783806037648,18,0,0,0
2021,20,Qatar Grand Prix,2021-11-21,Losail International Circuit,Nicholas Latifi,LAT,Williams,16.66932804654658,19,0,0,0
2021,20,Qatar Grand Prix,2021-11-21,Losail International Circuit,Nikita Mazepin,MAZ,Haas F1 Team,17.704248606826248,20,0,0,0
2021,21,Saudi Arabian Grand Prix,2021-12-05,Jeddah Corniche Circuit,Lewis Hamilton,HAM,Mercedes,2.688206139727636,1,25,0,25
2021,21,Saudi Arabian Grand Prix,2021-12-05,Jeddah Corniche Circuit,Max Verstappen,VER,Red Bull,3.954148440631164,2,18,0,18
2021,21,Saudi Arabian Grand Prix,2021-12-05,Jeddah Corniche Circuit,Valtteri Bottas,BOT,Mercedes,4.877573262917089,3,15,0,15
2021,21,Saudi Arabian Grand Prix,2021-12-05,Jeddah Corniche Circuit,Carlos Sainz,SAI,Ferrari,7.221313589426691,4,12,0,12
2021,21,Saudi Arabian Grand Prix,2021-12-05,Jeddah Corniche Circuit,Charles Leclerc,LEC,Ferrari,7.33597441392545,5,10,0,10
2021,21,Saudi Arabian Grand Prix,2021-12-05,Jeddah Corniche Circuit,Pierre Gasly,GAS,AlphaTauri,8.66314918109974,6,8,0,8
2021,21,Saudi Arabian Grand Prix,2021-12-05,Jeddah Corniche Circuit,Esteban Ocon,OCO,Alpine F1 Team,8.674572915470947,7,6,0,6
2021,21,Saudi Arabian Grand Prix,2021-12-05,Jeddah Corniche Circuit,Daniel Ricciardo,RIC,McLaren,8.71434350991898,8,4,0,4
2021,21,Saudi Arabian Grand Prix,2021-12-05,Jeddah Corniche Circuit,Sergio Pérez,PER,Red Bull,11.089274485812604,9,2,0,2
2021,21,Saudi Arabian Grand Prix,2021-12-05,Jeddah Corniche Circuit,Lando Norris,NOR,McLaren,11.26101332617294,10,1,0,1
2021,21,Saudi Arabian Grand Prix,2021-12-05,Jeddah Corniche Circuit,Antonio Giovinazzi,GIO,Alfa Romeo,11.33885527354026,11,0,0,0
2021,21,Saudi Arabian Grand Prix,2021-12-05,Jeddah Corniche Circuit,Fernando Alonso,ALO,Alpine F1 Team,11.538090187599405,12,0,0,0
2021,21,Saudi Arabian Grand Prix,2021-12-05,Jeddah Corniche Circuit,Lance Stroll,STR,Aston Martin,11.643008283833304,13,0,0,0
2021,21,Saudi Arabian Grand Prix,2021-12-05,Jeddah Corniche Circuit,Yuki Tsunoda,TSU,AlphaTauri,13.199080766074594,14,0,0,0
2021,21,Saudi Arabian Grand Prix,2021-12-05,Jeddah Corniche Circuit,Sebastian Vettel,VET,Aston Martin,13.370217127385857,15,0,0,0
2021,21,Saudi Arabian Grand Prix,2021-12-05,Jeddah Corniche Circuit,Kimi Räikkönen,RAI,Alfa Romeo,14.036223381435477,16,0,0,0
2021,21,Saudi Arabian Grand Prix,2021-12-05,Jeddah Corniche Circuit,Nicholas Latifi,LAT,Williams,14.786555485808982,17,0,0,0
2021,21,Saudi Arabian Grand Prix,2021-12-05,Jeddah Corniche Circuit,George Russell,RUS,Williams,16.91722805623141,18,0,0,0
2021,21,Saudi Arabian Grand Prix,2021-12-05,Jeddah Corniche Circuit,Nikita Mazepin,MAZ,Haas F1 Team,17.254076148345458,19,0,0,0
2021,21,Saudi Arabian Grand Prix,2021-12-05,Jeddah Corniche Circuit,Mick Schumacher,MSC,Haas F1 Team,17.324091037478816,20,0,0,0
2021,22,Abu Dhabi Grand Prix,2021-12-12,Yas Marina Circuit,Lewis Hamilton,HAM,Mercedes,2.8216596313663262,1,25,0,25
2021,22,Abu Dhabi Grand Prix,2021-12-12,Yas Marina Circuit,Max Verstappen,VER,Red Bull,2.9684496425953357,2,18,0,18
2021,22,Abu Dhabi Grand Prix,2021-12-12,Yas Marina Circuit,Carlos Sainz,SAI,Ferrari,5.98005961452427,3,15,0,15
2021,22,Abu Dhabi Grand Prix,2021-12-12,Yas Marina Circuit,Valtteri Bottas,BOT,Mercedes,6.102371385842682,4,12,0,12
2021,22,Abu Dhabi Grand Prix,2021-12-12,Yas Marina Circuit,Pierre Gasly,GAS,AlphaTauri,8.339598361276881,5,10,0,10
2021,22,Abu Dhabi Grand Prix,2021-12-12,Yas Marina Circuit,Fernando Alonso,ALO,Alpine F1 Team,8.346441832668368,6,8,0,8
2021,22,Abu Dhabi Grand Prix,2021-12-12,Yas Marina Circuit,Charles Leclerc,LEC,Ferrari,8.690733969679957,7,6,0,6
2021,22,Abu Dhabi Grand Prix,2021-12-12,Yas Marina Circuit,Yuki Tsunoda,TSU,AlphaTauri,8.879176745569309,8,4,0,4
2021,22,Abu Dhabi Grand Prix,2021-12-12,Yas Marina Circuit,Lando Norris,NOR,McLaren,9.028495795564728,9,2,0,2
2021,22,Abu Dhabi Grand Prix,2021-12-12,Yas Marina Circuit,Esteban Ocon,OCO,Alpine F1 Team,9.756780442807452,10,1,0,1
2021,22,Abu Dhabi Grand Prix,2021-12-12,Yas Marina Circuit,Sergio Pérez,PER,Red Bull,9.939315794103432,11,0,0,0
2021,22,Abu Dhabi Grand Prix,2021-12-12,Yas Marina Circuit,Sebastian Vettel,VET,Aston Martin,11.590635153508876,12,0,0,0
2021,22,Abu Dhabi Grand Prix,2021-12-12,Yas Marina Circuit,Daniel Ricciardo,RIC,McLaren,12.251735031476487,13,0,0,0
2021,22,Abu Dhabi Grand Prix,2021-12-12,Yas Marina Circuit,Lance Stroll,STR,Aston Martin,13.307092651939076,14,0,0,0
2021,22,Abu Dhabi Grand Prix,2021-12-12,Yas Marina Circuit,Antonio Giovinazzi,GIO,Alfa Romeo,15.119193278917214,15,0,0,0
2021,22,Abu Dhabi Grand Prix,2021-12-12,Yas Marina Circuit,Kimi Räikkönen,RAI,Alfa Romeo,15.730167369533158,16,0,0,0
2021,22,Abu Dhabi Grand Prix,2021-12-12,Yas Marina Circuit,Mick Schumacher,MSC,Haas F1 Team,15.945108490561314,17,0,0,0
2021,22,Abu Dhabi Grand Prix,2021-12-12,Yas Marina Circuit,George Russell,RUS,Williams,16.325646987320276,18,0,0,0
2021,22,Abu Dhabi Grand Prix,2021-12-12,Yas Marina Circuit,Nicholas Latifi,LAT,Williams,16.355374353494724,19,0,0,0
2021,22,Abu Dhabi Grand Prix,2021-12-12,Yas Marina Circuit,Nikita Mazepin,MAZ,Haas F1 Team,18.213965138707803,20,0,0,0
2022,1,Bahrain Grand Prix,2022-03-20,Bahrain International Circuit,Lewis Hamilton,HAM,Mercedes,3.781910764865609,1,25,0,25
2022,1,Bahrain Grand Prix,2022-03-20,Bahrain International Circuit,Charles Leclerc,LEC,Ferrari,4.419767031443339,2,18,0,18
2022,1,Bahrain Grand Prix,2022-03-20,Bahrain International Circuit,Carlos Sainz,SAI,Ferrari,4.785982304702951,3,15,0,15
2022,1,Bahrain Grand Prix,2022-03-20,Bahrain International Circuit,George Russell,RUS,Mercedes,6.199884333519566,4,12,0,12
2022,1,Bahrain Grand Prix,2022-03-20,Bahrain International Circuit,Esteban Ocon,OCO,Alpine F1 Team,8.921984662226594,5,10,0,10
2022,1,Bahrain Grand Prix,2022-03-20,Bahrain International Circuit,Max Verstappen,VER,Red Bull,8.935969289050842,6,8,0,8
2022,1,Bahrain Grand Prix,2022-03-20,Bahrain International Circuit,Valtteri Bottas,BOT,Alfa Romeo,8.95395158961971,7,6,0,6
2022,1,Bahrain Grand Prix,2022-03-20,Bahrain International Circuit,Yuki Tsunoda,TSU,AlphaTauri,9.112241127442706,8,4,0,4
2022,1,Bahrain Grand Prix,2022-03-20,Bahrain International Circuit,Fernando Alonso,ALO,Alpine F1 Team,9.177293091768338,9,2,0,2
2022,1,Bahrain Grand Prix,2022-03-20,Bahrain International Circuit,Lance Stroll,STR,Aston Martin,11.623949470735576,10,1,0,1
2022,1,Bahrain Grand Prix,2022-03-20,Bahrain International Circuit,Guanyu Zhou,ZHO,Alfa Romeo,11.79253970634951,11,0,0,0
2022,1,Bahrain Grand Prix,2022-03-20,Bahrain International Circuit,Kevin Magnussen,MAG,Haas F1 Team,11.851616197034687,12,0,0,0
2022,1,Bahrain Grand Prix,2022-03-20,Bahrain International Circuit,Alexander Albon,ALB,Williams,11.980166616387104,13,0,0,0
2022,1,Bahrain Grand Prix,2022-03-20,Bahrain International Circuit,Sergio Pérez,PER,Red Bull,12.276783520402685,14,0,0,0
2022,1,Bahrain Grand Prix,2022-03-20,Bahrain International Circuit,Lando Norris,NOR,McLaren,12.30232435033188,15,0,0,0
2022,1,Bahrain Grand Prix,2022-03-20,Bahrain International Circuit,Mick Schumacher,MSC,Haas F1 Team,13.024986279758409,16,0,0,0
2022,1,Bahrain Grand Prix,2022-03-20,Bahrain International Circuit,Daniel Ricciardo,RIC,McLaren,13.337791881581625,17,0,0,0
2022,1,Bahrain Grand Prix,2022-03-20,Bahrain International Circuit,Pierre Gasly,GAS,AlphaTauri,14.042643928980771,18,0,0,0
2022,1,Bahrain Grand Prix,2022-03-20,Bahrain International Circuit,Nico Hülkenberg,HUL,Aston Martin,14.569299558055878,19,0,0,0
2022,1,Bahrain Grand Prix,2022-03-20,Bahrain International Circuit,Nicholas Latifi,LAT,Williams,15.626466708465676,20,0,0,0
2022,2,Saudi Arabian Grand Prix,2022-03-27,Jeddah Corniche Circuit,Max Verstappen,VER,Red Bull,3.386294211005777,1,25,0,25
2022,2,Saudi Arabian Grand Prix,2022-03-27,Jeddah Corniche Circuit,Charles Leclerc,LEC,Ferrari,4.0126386865319255,2,18,0,18
2022,2,Saudi Arabian Grand Prix,2022-03-27,Jeddah Corniche Circuit,Carlos Sainz,SAI,Ferrari,5.369121129209414,3,15,0,15
2022,2,Saudi Arabian Grand Prix,2022-03-27,Jeddah Corniche Circuit,Sergio Pérez,PER,Red Bull,6.73730307498403,4,12,0,12
2022,2,Saudi Arabian Grand Prix,2022-03-27,Jeddah Corniche Circuit,George Russell,RUS,Mercedes,7.22456527888944,5,10,0,10
2022,2,Saudi Arabian Grand Prix,2022-03-27,Jeddah Corniche Circuit,Lewis Hamilton,HAM,Mercedes,7.905398110422417,6,8,0,8
2022,2,Saudi Arabian Grand Prix,2022-03-27,Jeddah Corniche Circuit,Esteban Ocon,OCO,Alpine F1 Team,7.980780216121122,7,6,0,6
2022,2,Saudi Arabian Grand Prix,2022-03-27,Jeddah Corniche Circuit,Pierre Gasly,GAS,AlphaTauri,9.35981999740402,8,4,0,4
2022,2,Saudi Arabian Grand Prix,2022-03-27,Jeddah Corniche Circuit,Lando Norris,NOR,McLaren,10.781797046080424,9,2,0,2
2022,2,Saudi Arabian Grand Prix,2022-03-27,Jeddah Corniche Circuit,Kevin Magnussen,MAG,Haas F1 Team,11.19132467103974,10,1,0,1
2022,2,Saudi Arabian Grand Prix,2022-03-27,Jeddah Corniche Circuit,Valtteri Bottas,BOT,Alfa Romeo,11.44852816956682,11,0,0,0
2022,2,Saudi Arabian Grand Prix,2022-03-27,Jeddah Corniche Circuit,Guanyu Zhou,ZHO,Alfa Romeo,12.081926425683545,12,0,0,0
2022,2,Saudi Arabian Grand Prix,2022-03-27,Jeddah Corniche Circuit,Alexander Albon,ALB,Williams,12.672665559909165,13,0,0,0
2022,2,Saudi Arabian Grand Prix,2022-03-27,Jeddah Corniche Circuit,Nico Hülkenberg,HUL,Aston Martin,12.75548625119029,14,0,0,0
2022,2,Saudi Arabian Grand Prix,2022-03-27,Jeddah Corniche Circuit,Lance Stroll,STR,Aston Martin,13.028434296685091,15,0,0,0
2022,2,Saudi Arabian Grand Prix,2022-03-27,Jeddah Corniche Circuit,Fernando Alonso,ALO,Alpine F1 Team,13.056651419939527,16,0,0,0
2022,2,Saudi Arabian Grand Prix,2022-03-27,Jeddah Corniche Circuit,Daniel Ricciardo,RIC,McLaren,13.490671026955924,17,0,0,0
2022,2,Saudi Arabian Grand Prix,2022-03-27,Jeddah Corniche Circuit,Yuki Tsunoda,TSU,AlphaTauri,14.147997071897526,18,0,0,0
2022,2,Saudi Arabian Grand Prix,2022-03-27,Jeddah Corniche Circuit,Nicholas Latifi,LAT,Williams,16.398207929746476,19,0,0,0
2022,2,Saudi Arabian Grand Prix,2022-03-27,Jeddah Corniche Circuit,Mick Schumacher,MSC,Haas F1 Team,16.889792677281978,20,0,0,0
2022,3,Australian Grand Prix,2022-04-10,Albert Park Grand Prix Circuit,Charles Leclerc,LEC,Ferrari,4.223119016171478,1,25,0,25
2022,3,Australian Grand Prix,2022-04-10,Albert Park Grand Prix Circuit,Sergio Pérez,PER,Red Bull,4.7023912272817405,2,18,0,18
2022,3,Australian Grand Prix,2022-04-10,Albert Park Grand Prix Circuit,Lewis Hamilton,HAM,Mercedes,5.152842311445528,3,15,0,15
2022,3,Australian Grand Prix,2022-04-10,Albert Park Grand Prix Circuit,George Russell,RUS,Mercedes,6.212920332371574,4,12,0,12
2022,3,Australian Grand Prix,2022-04-10,Albert Park Grand Prix Circuit,Lando Norris,NOR,McLaren,7.605027694065598,5,10,0,10
2022,3,Australian Grand Prix,2022-04-10,Albert Park Grand Prix Circuit,Esteban Ocon,OCO,Alpine F1 Team,8.3165012172264,6,8,0,8
2022,3,Australian Grand Prix,2022-04-10,Albert Park Grand Prix Circuit,Daniel Ricciardo,RIC,McLaren,8.703958093200388,7,6,0,6
2022,3,Australian Grand Prix,2022-04-10,Albert Park Grand Prix Circuit,Valtteri Bottas,BOT,Alfa Romeo,9.45977480934564,8,4,0,4
2022,3,Australian Grand Prix,2022-04-10,Albert Park Grand Prix Circuit,Max Verstappen,VER,Red Bull,9.703796168230378,9,2,0,2
2022,3,Australian Grand Prix,2022-04-10,Albert Park Grand Prix Circuit,Pierre Gasly,GAS,AlphaTauri,10.638831876710162,10,1,0,1
2022,3,Australian Grand Prix,2022-04-10,Albert Park Grand Prix Circuit,Carlos Sainz,SAI,Ferrari,11.733848220071,11,0,0,0
2022,3,Australian Grand Prix,2022-04-10,Albert Park Grand Prix Circuit,Alexander Albon,ALB,Williams,11.75164265156005,12,0,0,0
2022,3,Australian Grand Prix,2022-04-10,Albert Park Grand Prix Circuit,Guanyu Zhou,ZHO,Alfa Romeo,12.089235853753518,13,0,0,0
2022,3,Australian Grand Prix,2022-04-10,Albert Park Grand Prix Circuit,Lance Stroll,STR,Aston Martin,12.776653954515735,14,0,0,0
2022,3,Australian Grand Prix,2022-04-10,Albert Park Grand Prix Circuit,Yuki Tsunoda,TSU,AlphaTauri,13.041324970899897,15,0,0,0
2022,3,Australian Grand Prix,2022-04-10,Albert Park Grand Prix Circuit,Fernando Alonso,ALO,Alpine F1 Team,13.364225707446671,16,0,0,0
2022,3,Australian Grand Prix,2022-04-10,Albert Park Grand Prix Circuit,Kevin Magnussen,MAG,Haas F1 Team,14.100806304818615,17,0,0,0
2022,3,Australian Grand Prix,2022-04-10,Albert Park Grand Prix Circuit,Mick Schumacher,MSC,Haas F1 Team,14.61696514335491,18,0,0,0
2022,3,Australian Grand Prix,2022-04-10,Albert Park Grand Prix Circuit,Sebastian Vettel,VET,Aston Martin,14.700890631734564,19,0,0,0
2022,3,Australian Grand Prix,2022-04-10,Albert Park Grand Prix Circuit,Nicholas Latifi,LAT,Williams,15.878833305661828,20,0,0,0
2022,4,Emilia Romagna Grand Prix,2022-04-24,Autodromo Enzo e Dino Ferrari,Max Verstappen,VER,Red Bull,3.474984354302661,1,25,0,25
2022,4,Emilia Romagna Grand Prix,2022-04-24,Autodromo Enzo e Dino Ferrari,Sergio Pérez,PER,Red Bull,4.785610718771978,2,18,0,18
2022,4,Emilia Romagna Grand Prix,2022-04-24,Autodromo Enzo e Dino Ferrari,Charles Leclerc,LEC,Ferrari,5.53923545732535,3,15,0,15
2022,4,Emilia Romagna Grand Prix,2022-04-24,Autodromo Enzo e Dino Ferrari,George Russell,RUS,Mercedes,5.951638941073151,4,12,0,12
2022,4,Emilia Romagna Grand Prix,2022-04-24,Autodromo Enzo e Dino Ferrari,Lando Norris,NOR,McLaren,7.191132922633253,5,10,0,10
2022,4,Emilia Romagna Grand Prix,2022-04-24,Autodromo Enzo e Dino Ferrari,Valtteri Bottas,BOT,Alfa Romeo,8.199973342461586,6,8,0,8
2022,4,Emilia Romagna Grand Prix,2022-04-24,Autodromo Enzo e Dino Ferrari,Lewis Hamilton,HAM,Mercedes,8.98813848732776,7,6,0,6
2022,4,Emilia Romagna Grand Prix,2022-04-24,Autodromo Enzo e Dino Ferrari,Yuki Tsunoda,TSU,AlphaTauri,9.648385420359444,8,4,0,4
2022,4,Emilia Romagna Grand Prix,2022-04-24,Autodromo Enzo e Dino Ferrari,Kevin Magnussen,MAG,Haas F1 Team,10.355413389672906,9,2,0,2
2022,4,Emilia Romagna Grand Prix,2022-04-24,Autodromo Enzo e Dino Ferrari,Sebastian Vettel,VET,Aston Martin,10.393559182059448,10,1,0,1
2022,4,Emilia Romagna Grand Prix,2022-04-24,Autodromo Enzo e Dino Ferrari,Carlos Sainz,SAI,Ferrari,11.05667698817416,11,0,0,0
2022,4,Emilia Romagna Grand Prix,2022-04-24,Autodromo Enzo e Dino Ferrari,Pierre Gasly,GAS,AlphaTauri,11.30538622065344,12,0,0,0
2022,4,Emilia Romagna Grand Prix,2022-04-24,Autodromo Enzo e Dino Ferrari,Alexander Albon,ALB,Williams,12.068399544459526,13,0,0,0
2022,4,Emilia Romagna Grand Prix,2022-04-24,Autodromo Enzo e Dino Ferrari,Lance Stroll,STR,Aston Martin,12.20408737098004,14,0,0,0
2022,4,Emilia Romagna Grand Prix,2022-04-24,Autodromo Enzo e Dino Ferrari,Esteban Ocon,OCO,Alpine F1 Team,12.27456989133394,15,0,0,0
2022,4,Emilia Romagna Grand Prix,2022-04-24,Autodromo Enzo e Dino Ferrari,Daniel Ricciardo,RIC,McLaren,14.01734806642631,16,0,0,0
2022,4,Emilia Romagna Grand Prix,2022-04-24,Autodromo Enzo e Dino Ferrari,Guanyu Zhou,ZHO,Alfa Romeo,14.037852721381988,17,0,0,0
2022,4,Emilia Romagna Grand Prix,2022-04-24,Autodromo Enzo e Dino Ferrari,Fernando Alonso,ALO,Alpine F1 Team,14.368787642324936,18,0,0,0
2022,4,Emilia Romagna Grand Prix,2022-04-24,Autodromo Enzo e Dino Ferrari,Mick Schumacher,MSC,Haas F1 Team,14.622245147860808,19,0,0,0
2022,4,Emilia Romagna Grand Prix,2022-04-24,Autodromo Enzo e Dino Ferrari,Nicholas Latifi,LAT,Williams,15.808504752298768,20,0,0,0
2022,5,Miami Grand Prix,2022-05-08,Miami International Autodrome,Max Verstappen,VER,Red Bull,3.874639293987941,1,25,0,25
2022,5,Miami Grand Prix,2022-05-08,Miami International Autodrome,Charles Leclerc,LEC,Ferrari,4.345438369117034,2,18,0,18
2022,5,Miami Grand Prix,2022-05-08,Miami International Autodrome,Carlos Sainz,SAI,Ferrari,5.269842260673076,3,15,0,15
2022,5,Miami Grand Prix,2022-05-08,Miami International Autodrome,Sergio Pérez,PER,Red Bull,5.290424252556552,4,12,0,12
2022,5,Miami Grand Prix,2022-05-08,Miami International Autodrome,George Russell,RUS,Mercedes,5.755096511493699,5,10,0,10
2022,5,Miami Grand Prix,2022-05-08,Miami International Autodrome,Lewis Hamilton,HAM,Mercedes,6.441016665268324,6,8,0,8
2022,5,Miami Grand Prix,2022-05-08,Miami International Autodrome,Valtteri Bottas,BOT,Alfa Romeo,9.50095524748549,7,6,0,6
2022,5,Miami Grand Prix,2022-05-08,Miami International Autodrome,Esteban Ocon,OCO,Alpine F1 Team,10.396022326251844,8,4,0,4
2022,5,Miami Grand Prix,2022-05-08,Miami International Autodrome,Alexander Albon,ALB,Williams,10.983349132226907,9,2,0,2
2022,5,Miami Grand Prix,2022-05-08,Miami International Autodrome,Daniel Ricciardo,RIC,McLaren,11.89386147684199,10,1,0,1
2022,5,Miami Grand Prix,2022-05-08,Miami International Autodrome,Fernando Alonso,ALO,Alpine F1 Team,12.046657189201294,11,0,0,0
2022,5,Miami Grand Prix,2022-05-08,Miami International Autodrome,Yuki Tsunoda,TSU,AlphaTauri,12.09547994267637,12,0,0,0
2022,5,Miami Grand Prix,2022-05-08,Miami International Autodrome,Lance Stroll,STR,Aston Martin,12.182784481631122,13,0,0,0
2022,5,Miami Grand Prix,2022-05-08,Miami International Autodrome,Lando Norris,NOR,McLaren,12.708394000040697,14,0,0,0
2022,5,Miami Grand Prix,2022-05-08,Miami International Autodrome,Pierre Gasly,GAS,AlphaTauri,13.10305500609533,15,0,0,0
2022,5,Miami Grand Prix,2022-05-08,Miami International Autodrome,Kevin Magnussen,MAG,Haas F1 Team,13.923285205377944,16,0,0,0
2022,5,Miami Grand Prix,2022-05-08,Miami International Autodrome,Sebastian Vettel,VET,Aston Martin,14.355949273220284,17,0,0,0
2022,5,Miami Grand Prix,2022-05-08,Miami International Autodrome,Mick Schumacher,MSC,Haas F1 Team,15.00524103700852,18,0,0,0
2022,5,Miami Grand Prix,2022-05-08,Miami International Autodrome,Nicholas Latifi,LAT,Williams,15.664384893080104,19,0,0,0
2022,5,Miami Grand Prix,2022-05-08,Miami International Autodrome,Guanyu Zhou,ZHO,Alfa Romeo,15.805862772977562,20,0,0,0
2022,6,Spanish Grand Prix,2022-05-22,Circuit de Barcelona-Catalunya,Max Verstappen,VER,Red Bull,3.026883921588805,1,25,0,25
2022,6,Spanish Grand Prix,2022-05-22,Circuit de Barcelona-Catalunya,Sergio Pérez,PER,Red Bull,4.156658282836013,2,18,0,18
2022,6,Spanish Grand Prix,2022-05-22,Circuit de Barcelona-Catalunya,George Russell,RUS,Mercedes,4.607313564707287,3,15,0,15
2022,6,Spanish Grand Prix,2022-05-22,Circuit de Barcelona-Catalunya,Carlos Sainz,SAI,Ferrari,4.924495652623007,4,12,0,12
2022,6,Spanish Grand Prix,2022-05-22,Circuit de Barcelona-Catalunya,Lewis Hamilton,HAM,Mercedes,5.33066346482266,5,10,0,10
2022,6,Spanish Grand Prix,2022-05-22,Circuit de Barcelona-Catalunya,Valtteri Bottas,BOT,Alfa Romeo,8.583363891996944,6,8,0,8
2022,6,Spanish Grand Prix,2022-05-22,Circuit de Barcelona-Catalunya,Lando Norris,NOR,McLaren,8.770028199330728,7,6,0,6
2022,6,Spanish Grand Prix,2022-05-22,Circuit de Barcelona-Catalunya,Esteban Ocon,OCO,Alpine F1 Team,8.988305003193085,8,4,0,4
2022,6,Spanish Grand Prix,2022-05-22,Circuit de Barcelona-Catalunya,Fernando Alonso,ALO,Alpine F1 Team,10.211242541281107,9,2,0,2
2022,6,Spanish Grand Prix,2022-05-22,Circuit de Barcelona-Catalunya,Charles Leclerc,LEC,Ferrari,10.307522359425173,10,1,0,1
2022,6,Spanish Grand Prix,2022-05-22,Circuit de Barcelona-Catalunya,Daniel Ricciardo,RIC,McLaren,11.778109488358464,11,0,0,0
2022,6,Spanish Grand Prix,2022-05-22,Circuit de Barcelona-Catalunya,Yuki Tsunoda,TSU,AlphaTauri,11.996164816844598,12,0,0,0
2022,6,Spanish Grand Prix,2022-05-22,Circuit de Barcelona-Catalunya,Pierre Gasly,GAS,AlphaTauri,12.151447883240392,13,0,0,0
2022,6,Spanish Grand Prix,2022-05-22,Circuit de Barcelona-Catalunya,Sebastian Vettel,VET,Aston Martin,12.23128949471843,14,0,0,0
2022,6,Spanish Grand Prix,2022-05-22,Circuit de Barcelona-Catalunya,Lance Stroll,STR,Aston Martin,13.781704865996645,15,0,0,0
2022,6,Spanish Grand Prix,2022-05-22,Circuit de Barcelona-Catalunya,Mick Schumacher,MSC,Haas F1 Team,13.958127365800864,16,0,0,0
2022,6,Spanish Grand Prix,2022-05-22,Circuit de Barcelona-Catalunya,Kevin Magnussen,MAG,Haas F1 Team,14.998883526858783,17,0,0,0
2022,6,Spanish Grand Prix,2022-05-22,Circuit de Barcelona-Catalunya,Alexander Albon,ALB,Williams,15.036465298523469,18,0,0,0
2022,6,Spanish Grand Prix,2022-05-22,Circuit de Barcelona-Catalunya,Nicholas Latifi,LAT,Williams,15.65913779709115,19,0,0,0
2022,6,Spanish Grand Prix,2022-05-22,Circuit de Barcelona-Catalunya,Guanyu Zhou,ZHO,Alfa Romeo,15.92389613340637,20,0,0,0
2022,7,Monaco Grand Prix,2022-05-29,Circuit de Monaco,Max Verstappen,VER,Red Bull,3.3516951440443283,1,25,0,25
2022,7,Monaco Grand Prix,2022-05-29,Circuit de Monaco,Sergio Pérez,PER,Red Bull,3.49360559480242,2,18,0,18
2022,7,Monaco Grand Prix,2022-05-29,Circuit de Monaco,Carlos Sainz,SAI,Ferrari,4.133785028789984,3,15,0,15
2022,7,Monaco Grand Prix,2022-05-29,Circuit de Monaco,Charles Leclerc,LEC,Ferrari,5.237325801303292,4,12,0,12
2022,7,Monaco Grand Prix,2022-05-29,Circuit de Monaco,George Russell,RUS,Mercedes,6.283063304640254,5,10,0,10
2022,7,Monaco Grand Prix,2022-05-29,Circuit de Monaco,Lando Norris,NOR,McLaren,7.084450431494063,6,8,0,8
2022,7,Monaco Grand Prix,2022-05-29,Circuit de Monaco,Lewis Hamilton,HAM,Mercedes,7.547581922791673,7,6,0,6
2022,7,Monaco Grand Prix,2022-05-29,Circuit de Monaco,Fernando Alonso,ALO,Alpine F1 Team,9.380009778342687,8,4,0,4
2022,7,Monaco Grand Prix,2022-05-29,Circuit de Monaco,Valtteri Bottas,BOT,Alfa Romeo,10.072300908159823,9,2,0,2
2022,7,Monaco Grand Prix,2022-05-29,Circuit de Monaco,Sebastian Vettel,VET,Aston Martin,10.615823511305209,10,1,0,1
2022,7,Monaco Grand Prix,2022-05-29,Circuit de Monaco,Pierre Gasly,GAS,AlphaTauri,10.966168622504664,11,0,0,0
2022,7,Monaco Grand Prix,2022-05-29,Circuit de Monaco,Esteban Ocon,OCO,Alpine F1 Team,11.372220780101284,12,0,0,0
2022,7,Monaco Grand Prix,2022-05-29,Circuit de Monaco,Daniel Ricciardo,RIC,McLaren,11.492856586646983,13,0,0,0
2022,7,Monaco Grand Prix,2022-05-29,Circuit de Monaco,Lance Stroll,STR,Aston Martin,13.57496330483318,14,0,0,0
2022,7,Monaco Grand Prix,2022-05-29,Circuit de Monaco,Guanyu Zhou,ZHO,Alfa Romeo,14.034992539652194,15,0,0,0
2022,7,Monaco Grand Prix,2022-05-29,Circuit de Monaco,Yuki Tsunoda,TSU,AlphaTauri,14.306269107774275,16,0,0,0
2022,7,Monaco Grand Prix,2022-05-29,Circuit de Monaco,Nicholas Latifi,LAT,Williams,15.516636149785136,17,0,0,0
2022,7,Monaco Grand Prix,2022-05-29,Circuit de Monaco,Alexander Albon,ALB,Williams,16.05313523460538,18,0,0,0
2022,7,Monaco Grand Prix,2022-05-29,Circuit de Monaco,Kevin Magnussen,MAG,Haas F1 Team,16.69721227304975,19,0,0,0
2022,7,Monaco Grand Prix,2022-05-29,Circuit de Monaco,Mick Schumacher,MSC,Haas F1 Team,16.88706462694531,20,0,0,0
2022,8,Azerbaijan Grand Prix,2022-06-12,Baku City Circuit,Max Verstappen,VER,Red Bull,3.114503243487259,1,25,0,25
2022,8,Azerbaijan Grand Prix,2022-06-12,Baku City Circuit,Sergio Pérez,PER,Red Bull,3.9292946431140745,2,18,0,18
2022,8,Azerbaijan Grand Prix,2022-06-12,Baku City Circuit,George Russell,RUS,Mercedes,4.948524856017725,3,15,0,15
2022,8,Azerbaijan Grand Prix,2022-06-12,Baku City Circuit,Lewis Hamilton,HAM,Mercedes,5.694585978814711,4,12,0,12
2022,8,Azerbaijan Grand Prix,2022-06-12,Baku City Circuit,Fernando Alonso,ALO,Alpine F1 Team,9.078148609356552,5,10,0,10
2022,8,Azerbaijan Grand Prix,2022-06-12,Baku City Circuit,Pierre Gasly,GAS,AlphaTauri,9.183550750125471,6,8,0,8
2022,8,Azerbaijan Grand Prix,2022-06-12,Baku City Circuit,Lando Norris,NOR,McLaren,9.399118182472476,7,6,0,6
2022,8,Azerbaijan Grand Prix,2022-06-12,Baku City Circuit,Sebastian Vettel,VET,Aston Martin,9.665596429391906,8,4,0,4
2022,8,Azerbaijan Grand Prix,2022-06-12,Baku City Circuit,Daniel Ricciardo,RIC,McLaren,10.094780269620728,9,2,0,2
2022,8,Azerbaijan Grand Prix,2022-06-12,Baku City Circuit,Esteban Ocon,OCO,Alpine F1 Team,10.932249659050042,10,1,0,1
2022,8,Azerbaijan Grand Prix,2022-06-12,Baku City Circuit,Valtteri Bottas,BOT,Alfa Romeo,11.086405773754905,11,0,0,0
2022,8,Azerbaijan Grand Prix,2022-06-12,Baku City Circuit,Charles Leclerc,LEC,Ferrari,11.317930488016884,12,0,0,0
2022,8,Azerbaijan Grand Prix,2022-06-12,Baku City Circuit,Carlos Sainz,SAI,Ferrari,11.57037045083066,13,0,0,0
2022,8,Azerbaijan Grand Prix,2022-06-12,Baku City Circuit,Yuki Tsunoda,TSU,AlphaTauri,12.322420129775155,14,0,0,0
2022,8,Azerbaijan Grand Prix,2022-06-12,Baku City Circuit,Alexander Albon,ALB,Williams,13.131569376456833,15,0,0,0
2022,8,Azerbaijan Grand Prix,2022-06-12,Baku City Circuit,Lance Stroll,STR,Aston Martin,13.937618070128028,16,0,0,0
2022,8,Azerbaijan Grand Prix,2022-06-12,Baku City Circuit,Mick Schumacher,MSC,Haas F1 Team,14.71377636863206,17,0,0,0
2022,8,Azerbaijan Grand Prix,2022-06-12,Baku City Circuit,Kevin Magnussen,MAG,Haas F1 Team,14.90764930069532,18,0,0,0
2022,8,Azerbaijan Grand Prix,2022-06-12,Baku City Circuit,Nicholas Latifi,LAT,Williams,15.049936478301984,19,0,0,0
2022,8,Azerbaijan Grand Prix,2022-06-12,Baku City Circuit,Guanyu Zhou,ZHO,Alfa Romeo,15.590551333696986,20,0,0,0
2022,9,Canadian Grand Prix,2022-06-19,Circuit Gilles Villeneuve,Max Verstappen,VER,Red Bull,2.345862646023784,1,25,0,25
2022,9,Canadian Grand Prix,2022-06-19,Circuit Gilles Villeneuve,Carlos Sainz,SAI,Ferrari,4.410771795261977,2,18,0,18
2022,9,Canadian Grand Prix,2022-06-19,Circuit Gilles Villeneuve,Lewis Hamilton,HAM,Mercedes,4.579544953641484,3,15,0,15
2022,9,Canadian Grand Prix,2022-06-19,Circuit Gilles Villeneuve,George Russell,RUS,Mercedes,4.8202382568017175,4,12,0,12
2022,9,Canadian Grand Prix,2022-06-19,Circuit Gilles Villeneuve,Charles Leclerc,LEC,Ferrari,5.677919653426044,5,10,0,10
2022,9,Canadian Grand Prix,2022-06-19,Circuit Gilles Villeneuve,Fernando Alonso,ALO,Alpine F1 Team,9.16764348628954,6,8,0,8
2022,9,Canadian Grand Prix,2022-06-19,Circuit Gilles Villeneuve,Valtteri Bottas,BOT,Alfa Romeo,9.3348424493604,7,6,0,6
2022,9,Canadian Grand Prix,2022-06-19,Circuit Gilles Villeneuve,Esteban Ocon,OCO,Alpine F1 Team,9.69730189577148,8,4,0,4
2022,9,Canadian Grand Prix,2022-06-19,Circuit Gilles Villeneuve,Sebastian Vettel,VET,Aston Martin,10.864122379623682,9,2,0,2
2022,9,Canadian Grand Prix,2022-06-19,Circuit Gilles Villeneuve,Lance Stroll,STR,Aston Martin,11.068155987578216,10,1,0,1
2022,9,Canadian Grand Prix,2022-06-19,Circuit Gilles Villeneuve,Sergio Pérez,PER,Red Bull,11.160759151746149,11,0,0,0
2022,9,Canadian Grand Prix,2022-06-19,Circuit Gilles Villeneuve,Daniel Ricciardo,RIC,McLaren,11.30544376383775,12,0,0,0
2022,9,Canadian Grand Prix,2022-06-19,Circuit Gilles Villeneuve,Guanyu Zhou,ZHO,Alfa Romeo,12.068694194646614,13,0,0,0
2022,9,Canadian Grand Prix,2022-06-19,Circuit Gilles Villeneuve,Pierre Gasly,GAS,AlphaTauri,12.59726591351843,14,0,0,0
2022,9,Canadian Grand Prix,2022-06-19,Circuit Gilles Villeneuve,Lando Norris,NOR,McLaren,13.10788884536918,15,0,0,0
2022,9,Canadian Grand Prix,2022-06-19,Circuit Gilles Villeneuve,Alexander Albon,ALB,Williams,13.453794321001876,16,0,0,0
2022,9,Canadian Grand Prix,2022-06-19,Circuit Gilles Villeneuve,Yuki Tsunoda,TSU,AlphaTauri,15.01740102316573,17,0,0,0
2022,9,Canadian Grand Prix,2022-06-19,Circuit Gilles Villeneuve,Nicholas Latifi,LAT,Williams,15.97428475530465,18,0,0,0
2022,9,Canadian Grand Prix,2022-06-19,Circuit Gilles Villeneuve,Kevin Magnussen,MAG,Haas F1 Team,16.64560558068617,19,0,0,0
2022,9,Canadian Grand Prix,2022-06-19,Circuit Gilles Villeneuve,Mick Schumacher,MSC,Haas F1 Team,17.248315241572634,20,0,0,0
2022,10,British Grand Prix,2022-07-03,Silverstone Circuit,Lewis Hamilton,HAM,Mercedes,4.033071110128585,1,25,0,25
2022,10,British Grand Prix,2022-07-03,Silverstone Circuit,Max Verstappen,VER,Red Bull,4.81880473769728,2,18,0,18
2022,10,British Grand Prix,2022-07-03,Silverstone Circuit,Carlos Sainz,SAI,Ferrari,4.85360038777574,3,15,0,15
2022,10,British Grand Prix,2022-07-03,Silverstone Circuit,Charles Leclerc,LEC,Ferrari,5.162353161689135,4,12,0,12
2022,10,British Grand Prix,2022-07-03,Silverstone Circuit,Sergio Pérez,PER,Red Bull,5.908070480214228,5,10,0,10
2022,10,British Grand Prix,2022-07-03,Silverstone Circuit,Fernando Alonso,ALO,Alpine F1 Team,8.725284551613798,6,8,0,8
2022,10,British Grand Prix,2022-07-03,Silverstone Circuit,Lando Norris,NOR,McLaren,8.959784104703232,7,6,0,6
2022,10,British Grand Prix,2022-07-03,Silverstone Circuit,George Russell,RUS,Mercedes,10.710062636772555,8,4,0,4
2022,10,British Grand Prix,2022-07-03,Silverstone Circuit,Lance Stroll,STR,Aston Martin,11.027566175263845,9,2,0,2
2022,10,British Grand Prix,2022-07-03,Silverstone Circuit,Mick Schumacher,MSC,Haas F1 Team,11.066556804718283,10,1,0,1
2022,10,British Grand Prix,2022-07-03,Silverstone Circuit,Sebastian Vettel,VET,Aston Martin,11.19656436474332,11,0,0,0
2022,10,British Grand Prix,2022-07-03,Silverstone Circuit,Kevin Magnussen,MAG,Haas F1 Team,11.676984729015274,12,0,0,0
2022,10,British Grand Prix,2022-07-03,Silverstone Circuit,Daniel Ricciardo,RIC,McLaren,12.213889242174307,13,0,0,0
2022,10,British Grand Prix,2022-07-03,Silverstone Circuit,Esteban Ocon,OCO,Alpine F1 Team,12.405842023977955,14,0,0,0
2022,10,British Grand Prix,2022-07-03,Silverstone Circuit,Valtteri Bottas,BOT,Alfa Romeo,12.722516468304098,15,0,0,0
2022,10,British Grand Prix,2022-07-03,Silverstone Circuit,Yuki Tsunoda,TSU,AlphaTauri,13.30335729346846,16,0,0,0
2022,10,British Grand Prix,2022-07-03,Silverstone Circuit,Pierre Gasly,GAS,AlphaTauri,13.833605222714652,17,0,0,0
2022,10,British Grand Prix,2022-07-03,Silverstone Circuit,Nicholas Latifi,LAT,Williams,14.522889043569188,18,0,0,0
2022,10,British Grand Prix,2022-07-03,Silverstone Circuit,Guanyu Zhou,ZHO,Alfa Romeo,15.088773581908196,19,0,0,0
2022,10,British Grand Prix,2022-07-03,Silverstone Circuit,Alexander Albon,ALB,Williams,16.683330866576455,20,0,0,0
2022,11,Austrian Grand Prix,2022-07-10,Red Bull Ring,Max Verstappen,VER,Red Bull,2.907148858885178,1,25,0,25
2022,11,Austrian Grand Prix,2022-07-10,Red Bull Ring,Charles Leclerc,LEC,Ferrari,3.978015334230791,2,18,0,18
2022,11,Austrian Grand Prix,2022-07-10,Red Bull Ring,Lewis Hamilton,HAM,Mercedes,4.170509598557774,3,15,0,15
2022,11,Austrian Grand Prix,2022-07-10,Red Bull Ring,George Russell,RUS,Mercedes,4.97820770996738,4,12,0,12
2022,11,Austrian Grand Prix,2022-07-10,Red Bull Ring,Lando Norris,NOR,McLaren,8.756150315794994,5,10,0,10
2022,11,Austrian Grand Prix,2022-07-10,Red Bull Ring,Esteban Ocon,OCO,Alpine F1 Team,8.976429669320323,6,8,0,8
2022,11,Austrian Grand Prix,2022-07-10,Red Bull Ring,Fernando Alonso,ALO,Alpine F1 Team,9.77973094107266,7,6,0,6
2022,11,Austrian Grand Prix,2022-07-10,Red Bull Ring,Sergio Pérez,PER,Red Bull,10.21941593178625,8,4,0,4
2022,11,Austrian Grand Prix,2022-07-10,Red Bull Ring,Mick Schumacher,MSC,Haas F1 Team,10.69397073602432,9,2,0,2
2022,11,Austrian Grand Prix,2022-07-10,Red Bull Ring,Daniel Ricciardo,RIC,McLaren,10.808086936870184,10,1,0,1
2022,11,Austrian Grand Prix,2022-07-10,Red Bull Ring,Kevin Magnussen,MAG,Haas F1 Team,11.412717246489194,11,0,0,0
2022,11,Austrian Grand Prix,2022-07-10,Red Bull Ring,Carlos Sainz,SAI,Ferrari,11.524070066735716,12,0,0,0
2022,11,Austrian Grand Prix,2022-07-10,Red Bull Ring,Valtteri Bottas,BOT,Alfa Romeo,11.549073045329212,13,0,0,0
2022,11,Austrian Grand Prix,2022-07-10,Red Bull Ring,Lance Stroll,STR,Aston Martin,12.30712813895615,14,0,0,0
2022,11,Austrian Grand Prix,2022-07-10,Red Bull Ring,Alexander Albon,ALB,Williams,13.680310699789043,15,0,0,0
2022,11,Austrian Grand Prix,2022-07-10,Red Bull Ring,Guanyu Zhou,ZHO,Alfa Romeo,13.698111803783725,16,0,0,0
2022,11,Austrian Grand Prix,2022-07-10,Red Bull Ring,Pierre Gasly,GAS,AlphaTauri,13.80426434551132,17,0,0,0
2022,11,Austrian Grand Prix,2022-07-10,Red Bull Ring,Sebastian Vettel,VET,Aston Martin,14.664114273748272,18,0,0,0
2022,11,Austrian Grand Prix,2022-07-10,Red Bull Ring,Yuki Tsunoda,TSU,AlphaTauri,14.899658062841215,19,0,0,0
2022,11,Austrian Grand Prix,2022-07-10,Red Bull Ring,Nicholas Latifi,LAT,Williams,16.530400854253745,20,0,0,0
2022,12,French Grand Prix,2022-07-24,Circuit Paul Ricard,Max Verstappen,VER,Red Bull,2.4060551024092853,1,25,0,25
2022,12,French Grand Prix,2022-07-24,Circuit Paul Ricard,Lewis Hamilton,HAM,Mercedes,3.764105282220588,2,18,0,18
2022,12,French Grand Prix,2022-07-24,Circuit Paul Ricard,George Russell,RUS,Mercedes,3.949504822658724,3,15,0,15
2022,12,French Grand Prix,2022-07-24,Circuit Paul Ricard,Sergio Pérez,PER,Red Bull,5.51383308721561,4,12,0,12
2022,12,French Grand Prix,2022-07-24,Circuit Paul Ricard,Carlos Sainz,SAI,Ferrari,6.007668161139626,5,10,0,10
2022,12,French Grand Prix,2022-07-24,Circuit Paul Ricard,Lando Norris,NOR,McLaren,7.616231744945211,6,8,0,8
2022,12,French Grand Prix,2022-07-24,Circuit Paul Ricard,Fernando Alonso,ALO,Alpine F1 Team,8.751387161028605,7,6,0,6
2022,12,French Grand Prix,2022-07-24,Circuit Paul Ricard,Esteban Ocon,OCO,Alpine F1 Team,9.190754576598978,8,4,0,4
2022,12,French Grand Prix,2022-07-24,Circuit Paul Ricard,Daniel Ricciardo,RIC,McLaren,10.44246576080916,9,2,0,2
2022,12,French Grand Prix,2022-07-24,Circuit Paul Ricard,Charles Leclerc,LEC,Ferrari,10.83531948304944,10,1,0,1
2022,12,French Grand Prix,2022-07-24,Circuit Paul Ricard,Lance Stroll,STR,Aston Martin,11.518210590422338,11,0,0,0
2022,12,French Grand Prix,2022-07-24,Circuit Paul Ricard,Pierre Gasly,GAS,AlphaTauri,11.594675023429234,12,0,0,0
2022,12,French Grand Prix,2022-07-24,Circuit Paul Ricard,Sebastian Vettel,VET,Aston Martin,12.196559313035948,13,0,0,0
2022,12,French Grand Prix,2022-07-24,Circuit Paul Ricard,Valtteri Bottas,BOT,Alfa Romeo,13.204889803634115,14,0,0,0
2022,12,French Grand Prix,2022-07-24,Circuit Paul Ricard,Alexander Albon,ALB,Williams,13.605945961587208,15,0,0,0
2022,12,French Grand Prix,2022-07-24,Circuit Paul Ricard,Mick Schumacher,MSC,Haas F1 Team,14.389542158200111,16,0,0,0
2022,12,French Grand Prix,2022-07-24,Circuit Paul Ricard,Guanyu Zhou,ZHO,Alfa Romeo,14.472932871145268,17,0,0,0
2022,12,French Grand Prix,2022-07-24,Circuit Paul Ricard,Kevin Magnussen,MAG,Haas F1 Team,16.158870231419584,18,0,0,0
2022,12,French Grand Prix,2022-07-24,Circuit Paul Ricard,Nicholas Latifi,LAT,Williams,16.415147190406728,19,0,0,0
2022,12,French Grand Prix,2022-07-24,Circuit Paul Ricard,Yuki Tsunoda,TSU,AlphaTauri,17.053788061142797,20,0,0,0
2022,13,Hungarian Grand Prix,2022-07-31,Hungaroring,Max Verstappen,VER,Red Bull,2.329543826001581,1,25,0,25
2022,13,Hungarian Grand Prix,2022-07-31,Hungaroring,Lewis Hamilton,HAM,Mercedes,3.73227710333916,2,18,0,18
2022,13,Hungarian Grand Prix,2022-07-31,Hungaroring,George Russell,RUS,Mercedes,4.319938644205379,3,15,0,15
2022,13,Hungarian Grand Prix,2022-07-31,Hungaroring,Carlos Sainz,SAI,Ferrari,5.207656663819067,4,12,0,12
2022,13,Hungarian Grand Prix,2022-07-31,Hungaroring,Charles Leclerc,LEC,Ferrari,5.506323442724384,5,10,0,10
2022,13,Hungarian Grand Prix,2022-07-31,Hungaroring,Sergio Pérez,PER,Red Bull,5.844324507042745,6,8,0,8
2022,13,Hungarian Grand Prix,2022-07-31,Hungaroring,Lando Norris,NOR,McLaren,7.271668011303629,7,6,0,6
2022,13,Hungarian Grand Prix,2022-07-31,Hungaroring,Fernando Alonso,ALO,Alpine F1 Team,8.392316717371965,8,4,0,4
2022,13,Hungarian Grand Prix,2022-07-31,Hungaroring,Esteban Ocon,OCO,Alpine F1 Team,9.104771063659191,9,2,0,2
2022,13,Hungarian Grand Prix,2022-07-31,Hungaroring,Sebastian Vettel,VET,Aston Martin,11.43474650812773,10,1,0,1
2022,13,Hungarian Grand Prix,2022-07-31,Hungaroring,Lance Stroll,STR,Aston Martin,12.21402718803615,11,0,0,0
2022,13,Hungarian Grand Prix,2022-07-31,Hungaroring,Pierre Gasly,GAS,AlphaTauri,12.599844520959966,12,0,0,0
2022,13,Hungarian Grand Prix,2022-07-31,Hungaroring,Daniel Ricciardo,RIC,McLaren,12.82794627143632,13,0,0,0
2022,13,Hungarian Grand Prix,2022-07-31,Hungaroring,Guanyu Zhou,ZHO,Alfa Romeo,13.643364376029352,14,0,0,0
2022,13,Hungarian Grand Prix,2022-07-31,Hungaroring,Mick Schumacher,MSC,Haas F1 Team,14.461436753839967,15,0,0,0
2022,13,Hungarian Grand Prix,2022-07-31,Hungaroring,Alexander Albon,ALB,Williams,15.09894490891242,16,0,0,0
2022,13,Hungarian Grand Prix,2022-07-31,Hungaroring,Kevin Magnussen,MAG,Haas F1 Team,15.62109603688255,17,0,0,0
2022,13,Hungarian Grand Prix,2022-07-31,Hungaroring,Yuki Tsunoda,TSU,AlphaTauri,15.914329951160136,18,0,0,0
2022,13,Hungarian Grand Prix,2022-07-31,Hungaroring,Valtteri Bottas,BOT,Alfa Romeo,16.30775910777343,19,0,0,0
2022,13,Hungarian Grand Prix,2022-07-31,Hungaroring,Nicholas Latifi,LAT,Williams,16.595497386801416,20,0,0,0
2022,14,Belgian Grand Prix,2022-08-28,Circuit de Spa-Francorchamps,Max Verstappen,VER,Red Bull,2.8923265449500373,1,25,0,25
2022,14,Belgian Grand Prix,2022-08-28,Circuit de Spa-Francorchamps,George Russell,RUS,Mercedes,5.129281780724496,2,18,0,18
2022,14,Belgian Grand Prix,2022-08-28,Circuit de Spa-Francorchamps,Sergio Pérez,PER,Red Bull,5.407297544968885,3,15,0,15
2022,14,Belgian Grand Prix,2022-08-28,Circuit de Spa-Francorchamps,Carlos Sainz,SAI,Ferrari,5.521278852832512,4,12,0,12
2022,14,Belgian Grand Prix,2022-08-28,Circuit de Spa-Francorchamps,Charles Leclerc,LEC,Ferrari,5.836811732920591,5,10,0,10
2022,14,Belgian Grand Prix,2022-08-28,Circuit de Spa-Francorchamps,Fernando Alonso,ALO,Alpine F1 Team,8.000236232850858,6,8,0,8
2022,14,Belgian Grand Prix,2022-08-28,Circuit de Spa-Francorchamps,Esteban Ocon,OCO,Alpine F1 Team,8.943616319366404,7,6,0,6
2022,14,Belgian Grand Prix,2022-08-28,Circuit de Spa-Francorchamps,Sebastian Vettel,VET,Aston Martin,10.307598880166788,8,4,0,4
2022,14,Belgian Grand Prix,2022-08-28,Circuit de Spa-Francorchamps,Lewis Hamilton,HAM,Mercedes,10.383991060843757,9,2,0,2
2022,14,Belgian Grand Prix,2022-08-28,Circuit de Spa-Francorchamps,Lando Norris,NOR,McLaren,10.807827072477052,10,1,0,1
2022,14,Belgian Grand Prix,2022-08-28,Circuit de Spa-Francorchamps,Lance Stroll,STR,Aston Martin,11.20709035433253,11,0,0,0
2022,14,Belgian Grand Prix,2022-08-28,Circuit de Spa-Francorchamps,Alexander Albon,ALB,Williams,11.331866321214386,12,0,0,0
2022,14,Belgian Grand Prix,2022-08-28,Circuit de Spa-Francorchamps,Pierre Gasly,GAS,AlphaTauri,11.574722250904,13,0,0,0
2022,14,Belgian Grand Prix,2022-08-28,Circuit de Spa-Francorchamps,Daniel Ricciardo,RIC,McLaren,12.98437471789736,14,0,0,0
2022,14,Belgian Grand Prix,2022-08-28,Circuit de Spa-Francorchamps,Yuki Tsunoda,TSU,AlphaTauri,13.197238561867271,15,0,0,0
2022,14,Belgian Grand Prix,2022-08-28,Circuit de Spa-Francorchamps,Guanyu Zhou,ZHO,Alfa Romeo,13.635375635924415,16,0,0,0
2022,14,Belgian Grand Prix,2022-08-28,Circuit de Spa-Francorchamps,Mick Schumacher,MSC,Haas F1 Team,15.221848970216229,17,0,0,0
2022,14,Belgian Grand Prix,2022-08-28,Circuit de Spa-Francorchamps,Valtteri Bottas,BOT,Alfa Romeo,15.222485735306607,18,0,0,0
2022,14,Belgian Grand Prix,2022-08-28,Circuit de Spa-Francorchamps,Kevin Magnussen,MAG,Haas F1 Team,15.432354073933904,19,0,0,0
2022,14,Belgian Grand Prix,2022-08-28,Circuit de Spa-Francorchamps,Nicholas Latifi,LAT,Williams,16.484500823569,20,0,0,0
2022,15,Dutch Grand Prix,2022-09-04,Circuit Park Zandvoort,Max Verstappen,VER,Red Bull,2.7752852235430163,1,25,0,25
2022,15,Dutch Grand Prix,2022-09-04,Circuit Park Zandvoort,George Russell,RUS,Mercedes,4.010337275350272,2,18,0,18
2022,15,Dutch Grand Prix,2022-09-04,Circuit Park Zandvoort,Lewis Hamilton,HAM,Mercedes,4.5234072046157365,3,15,0,15
2022,15,Dutch Grand Prix,2022-09-04,Circuit Park Zandvoort,Charles Leclerc,LEC,Ferrari,5.16807499641828,4,12,0,12
2022,15,Dutch Grand Prix,2022-09-04,Circuit Park Zandvoort,Sergio Pérez,PER,Red Bull,5.670332258681844,5,10,0,10
2022,15,Dutch Grand Prix,2022-09-04,Circuit Park Zandvoort,Carlos Sainz,SAI,Ferrari,7.112788615848436,6,8,0,8
2022,15,Dutch Grand Prix,2022-09-04,Circuit Park Zandvoort,Lando Norris,NOR,McLaren,7.489534193759088,7,6,0,6
2022,15,Dutch Grand Prix,2022-09-04,Circuit Park Zandvoort,Fernando Alonso,ALO,Alpine F1 Team,7.723374936649306,8,4,0,4
2022,15,Dutch Grand Prix,2022-09-04,Circuit Park Zandvoort,Esteban Ocon,OCO,Alpine F1 Team,9.190075585222957,9,2,0,2
2022,15,Dutch Grand Prix,2022-09-04,Circuit Park Zandvoort,Lance Stroll,STR,Aston Martin,11.574445179269963,10,1,0,1
2022,15,Dutch Grand Prix,2022-09-04,Circuit Park Zandvoort,Pierre Gasly,GAS,AlphaTauri,11.801173923673858,11,0,0,0
2022,15,Dutch Grand Prix,2022-09-04,Circuit Park Zandvoort,Daniel Ricciardo,RIC,McLaren,12.667848996285183,12,0,0,0
2022,15,Dutch Grand Prix,2022-09-04,Circuit Park Zandvoort,Mick Schumacher,MSC,Haas F1 Team,12.853678571504863,13,0,0,0
2022,15,Dutch Grand Prix,2022-09-04,Circuit Park Zandvoort,Sebastian Vettel,VET,Aston Martin,13.43694341902972,14,0,0,0
2022,15,Dutch Grand Prix,2022-09-04,Circuit Park Zandvoort,Alexander Albon,ALB,Williams,13.47504387946789,15,0,0,0
2022,15,Dutch Grand Prix,2022-09-04,Circuit Park Zandvoort,Kevin Magnussen,MAG,Haas F1 Team,14.043141145483624,16,0,0,0
2022,15,Dutch Grand Prix,2022-09-04,Circuit Park Zandvoort,Guanyu Zhou,ZHO,Alfa Romeo,15.587621081873843,17,0,0,0
2022,15,Dutch Grand Prix,2022-09-04,Circuit Park Zandvoort,Valtteri Bottas,BOT,Alfa Romeo,16.941989229771274,18,0,0,0
2022,15,Dutch Grand Prix,2022-09-04,Circuit Park Zandvoort,Yuki Tsunoda,TSU,AlphaTauri,17.0690965907863,19,0,0,0
2022,15,Dutch Grand Prix,2022-09-04,Circuit Park Zandvoort,Nicholas Latifi,LAT,Williams,17.147750422681426,20,0,0,0
2022,16,Italian Grand Prix,2022-09-11,Autodromo Nazionale di Monza,Max Verstappen,VER,Red Bull,3.182740245996421,1,25,0,25
2022,16,Italian Grand Prix,2022-09-11,Autodromo Nazionale di Monza,Charles Leclerc,LEC,Ferrari,4.449505110593071,2,18,0,18
2022,16,Italian Grand Prix,2022-09-11,Autodromo Nazionale di Monza,George Russell,RUS,Mercedes,4.60427308027118,3,15,0,15
2022,16,Italian Grand Prix,2022-09-11,Autodromo Nazionale di Monza,Lewis Hamilton,HAM,Mercedes,5.1178407639851775,4,12,0,12
2022,16,Italian Grand Prix,2022-09-11,Autodromo Nazionale di Monza,Carlos Sainz,SAI,Ferrari,5.7041556116498375,5,10,0,10
2022,16,Italian Grand Prix,2022-09-11,Autodromo Nazionale di Monza,Sergio Pérez,PER,Red Bull,6.282966181772633,6,8,0,8
2022,16,Italian Grand Prix,2022-09-11,Autodromo Nazionale di Monza,Lando Norris,NOR,McLaren,8.743630465181182,7,6,0,6
2022,16,Italian Grand Prix,2022-09-11,Autodromo Nazionale di Monza,Esteban Ocon,OCO,Alpine F1 Team,10.159294189944225,8,4,0,4
2022,16,Italian Grand Prix,2022-09-11,Autodromo Nazionale di Monza,Pierre Gasly,GAS,AlphaTauri,10.94637507066176,9,2,0,2
2022,16,Italian Grand Prix,2022-09-11,Autodromo Nazionale di Monza,Fernando Alonso,ALO,Alpine F1 Team,12.378647714189531,10,1,0,1
2022,16,Italian Grand Prix,2022-09-11,Autodromo Nazionale di Monza,Nyck de Vries,DEV,Williams,12.479047528594558,11,0,0,0
2022,16,Italian Grand Prix,2022-09-11,Autodromo Nazionale di Monza,Mick Schumacher,MSC,Haas F1 Team,12.663933634052253,12,0,0,0
2022,16,Italian Grand Prix,2022-09-11,Autodromo Nazionale di Monza,Guanyu Zhou,ZHO,Alfa Romeo,12.842498861163923,13,0,0,0
2022,16,Italian Grand Prix,2022-09-11,Autodromo Nazionale di Monza,Valtteri Bottas,BOT,Alfa Romeo,13.537009466520328,14,0,0,0
2022,16,Italian Grand Prix,2022-09-11,Autodromo Nazionale di Monza,Yuki Tsunoda,TSU,AlphaTauri,13.59410570563189,15,0,0,0
2022,16,Italian Grand Prix,2022-09-11,Autodromo Nazionale di Monza,Daniel Ricciardo,RIC,McLaren,13.894074806302529,16,0,0,0
2022,16,Italian Grand Prix,2022-09-11,Autodromo Nazionale di Monza,Lance Stroll,STR,Aston Martin,14.716941611733915,17,0,0,0
2022,16,Italian Grand Prix,2022-09-11,Autodromo Nazionale di Monza,Sebastian Vettel,VET,Aston Martin,15.670657892835177,18,0,0,0
2022,16,Italian Grand Prix,2022-09-11,Autodromo Nazionale di Monza,Nicholas Latifi,LAT,Williams,15.679132589213287,19,0,0,0
2022,16,Italian Grand Prix,2022-09-11,Autodromo Nazionale di Monza,Kevin Magnussen,MAG,Haas F1 Team,15.780339221955307,20,0,0,0
2022,17,Singapore Grand Prix,2022-10-02,Marina Bay Street Circuit,Sergio Pérez,PER,Red Bull,3.921802252956723,1,25,0,25
2022,17,Singapore Grand Prix,2022-10-02,Marina Bay Street Circuit,Charles Leclerc,LEC,Ferrari,3.988550859205255,2,18,0,18
2022,17,Singapore Grand Prix,2022-10-02,Marina Bay Street Circuit,Max Verstappen,VER,Red Bull,4.823850365034096,3,15,0,15
2022,17,Singapore Grand Prix,2022-10-02,Marina Bay Street Circuit,Carlos Sainz,SAI,Ferrari,5.257969150192127,4,12,0,12
2022,17,Singapore Grand Prix,2022-10-02,Marina Bay Street Circuit,Lewis Hamilton,HAM,Mercedes,6.874775115672696,5,10,0,10
2022,17,Singapore Grand Prix,2022-10-02,Marina Bay Street Circuit,Lando Norris,NOR,McLaren,7.819484515953954,6,8,0,8
2022,17,Singapore Grand Prix,2022-10-02,Marina Bay Street Circuit,George Russell,RUS,Mercedes,8.369303443913381,7,6,0,6
2022,17,Singapore Grand Prix,2022-10-02,Marina Bay Street Circuit,Daniel Ricciardo,RIC,McLaren,9.217562145350596,8,4,0,4
2022,17,Singapore Grand Prix,2022-10-02,Marina Bay Street Circuit,Lance Stroll,STR,Aston Martin,9.662433500832185,9,2,0,2
2022,17,Singapore Grand Prix,2022-10-02,Marina Bay Street Circuit,Sebastian Vettel,VET,Aston Martin,9.907818579417924,10,1,0,1
2022,17,Singapore Grand Prix,2022-10-02,Marina Bay Street Circuit,Pierre Gasly,GAS,AlphaTauri,10.888807763448716,11,0,0,0
2022,17,Singapore Grand Prix,2022-10-02,Marina Bay Street Circuit,Esteban Ocon,OCO,Alpine F1 Team,12.629837538314437,12,0,0,0
2022,17,Singapore Grand Prix,2022-10-02,Marina Bay Street Circuit,Valtteri Bottas,BOT,Alfa Romeo,12.815821831403271,13,0,0,0
2022,17,Singapore Grand Prix,2022-10-02,Marina Bay Street Circuit,Kevin Magnussen,MAG,Haas F1 Team,12.913287167382215,14,0,0,0
2022,17,Singapore Grand Prix,2022-10-02,Marina Bay Street Circuit,Yuki Tsunoda,TSU,AlphaTauri,14.394417527080948,15,0,0,0
2022,17,Singapore Grand Prix,2022-10-02,Marina Bay Street Circuit,Fernando Alonso,ALO,Alpine F1 Team,14.425294255245,16,0,0,0
2022,17,Singapore Grand Prix,2022-10-02,Marina Bay Street Circuit,Mick Schumacher,MSC,Haas F1 Team,14.456732290142185,17,0,0,0
2022,17,Singapore Grand Prix,2022-10-02,Marina Bay Street Circuit,Alexander Albon,ALB,Williams,15.19571162812048,18,0,0,0
2022,17,Singapore Grand Prix,2022-10-02,Marina Bay Street Circuit,Guanyu Zhou,ZHO,Alfa Romeo,16.493608541982923,19,0,0,0
2022,17,Singapore Grand Prix,2022-10-02,Marina Bay Street Circuit,Nicholas Latifi,LAT,Williams,16.520652620820048,20,0,0,0
2022,18,Japanese Grand Prix,2022-10-09,Suzuka Circuit,Max Verstappen,VER,Red Bull,2.400418883187911,1,25,0,25
2022,18,Japanese Grand Prix,2022-10-09,Suzuka Circuit,Sergio Pérez,PER,Red Bull,4.0442997291377765,2,18,0,18
2022,18,Japanese Grand Prix,2022-10-09,Suzuka Circuit,Charles Leclerc,LEC,Ferrari,5.185247061899679,3,15,0,15
2022,18,Japanese Grand Prix,2022-10-09,Suzuka Circuit,Lewis Hamilton,HAM,Mercedes,6.444051384901326,4,12,0,12
2022,18,Japanese Grand Prix,2022-10-09,Suzuka Circuit,Esteban Ocon,OCO,Alpine F1 Team,7.436827247574245,5,10,0,10
2022,18,Japanese Grand Prix,2022-10-09,Suzuka Circuit,George Russell,RUS,Mercedes,7.979030169355758,6,8,0,8
2022,18,Japanese Grand Prix,2022-10-09,Suzuka Circuit,Fernando Alonso,ALO,Alpine F1 Team,8.152298762222973,7,6,0,6
2022,18,Japanese Grand Prix,2022-10-09,Suzuka Circuit,Lando Norris,NOR,McLaren,9.239434657395469,8,4,0,4
2022,18,Japanese Grand Prix,2022-10-09,Suzuka Circuit,Sebastian Vettel,VET,Aston Martin,9.517228575424513,9,2,0,2
2022,18,Japanese Grand Prix,2022-10-09,Suzuka Circuit,Daniel Ricciardo,RIC,McLaren,11.279962109935138,10,1,0,1
2022,18,Japanese Grand Prix,2022-10-09,Suzuka Circuit,Carlos Sainz,SAI,Ferrari,12.383782940686874,11,0,0,0
2022,18,Japanese Grand Prix,2022-10-09,Suzuka Circuit,Lance Stroll,STR,Aston Martin,12.437069702476714,12,0,0,0
2022,18,Japanese Grand Prix,2022-10-09,Suzuka Circuit,Nicholas Latifi,LAT,Williams,13.075886187386534,13,0,0,0
2022,18,Japanese Grand Prix,2022-10-09,Suzuka Circuit,Kevin Magnussen,MAG,Haas F1 Team,13.539547307083248,14,0,0,0
2022,18,Japanese Grand Prix,2022-10-09,Suzuka Circuit,Valtteri Bottas,BOT,Alfa Romeo,14.009576589346327,15,0,0,0
2022,18,Japanese Grand Prix,2022-10-09,Suzuka Circuit,Yuki Tsunoda,TSU,AlphaTauri,14.1869877190967,16,0,0,0
2022,18,Japanese Grand Prix,2022-10-09,Suzuka Circuit,Pierre Gasly,GAS,AlphaTauri,14.96535575580332,17,0,0,0
2022,18,Japanese Grand Prix,2022-10-09,Suzuka Circuit,Guanyu Zhou,ZHO,Alfa Romeo,15.005473844917276,18,0,0,0
2022,18,Japanese Grand Prix,2022-10-09,Suzuka Circuit,Mick Schumacher,MSC,Haas F1 Team,15.054304113993876,19,0,0,0
2022,18,Japanese Grand Prix,2022-10-09,Suzuka Circuit,Alexander Albon,ALB,Williams,17.029611602069362,20,0,0,0
2022,19,United States Grand Prix,2022-10-23,Circuit of the Americas,Max Verstappen,VER,Red Bull,2.232174342416279,1,25,0,25
2022,19,United States Grand Prix,2022-10-23,Circuit of the Americas,Charles Leclerc,LEC,Ferrari,4.161002752967526,2,18,0,18
2022,19,United States Grand Prix,2022-10-23,Circuit of the Americas,Sergio Pérez,PER,Red Bull,4.740700556211032,3,15,0,15
2022,19,United States Grand Prix,2022-10-23,Circuit of the Americas,Lewis Hamilton,HAM,Mercedes,5.830449442180082,4,12,0,12
2022,19,United States Grand Prix,2022-10-23,Circuit of the Americas,George Russell,RUS,Mercedes,6.083344360937973,5,10,0,10
2022,19,United States Grand Prix,2022-10-23,Circuit of the Americas,Lando Norris,NOR,McLaren,8.158680333446611,6,8,0,8
2022,19,United States Grand Prix,2022-10-23,Circuit of the Americas,Fernando Alonso,ALO,Alpine F1 Team,8.72406998981475,7,6,0,6
2022,19,United States Grand Prix,2022-10-23,Circuit of the Americas,Sebastian Vettel,VET,Aston Martin,9.972845977878482,8,4,0,4
2022,19,United States Grand Prix,2022-10-23,Circuit of the Americas,Esteban Ocon,OCO,Alpine F1 Team,10.814120377314184,9,2,0,2
2022,19,United States Grand Prix,2022-10-23,Circuit of the Americas,Yuki Tsunoda,TSU,AlphaTauri,11.324544356438471,10,1,0,1
2022,19,United States Grand Prix,2022-10-23,Circuit of the Americas,Carlos Sainz,SAI,Ferrari,12.115630204971744,11,0,0,0
2022,19,United States Grand Prix,2022-10-23,Circuit of the Americas,Kevin Magnussen,MAG,Haas F1 Team,12.508694352063078,12,0,0,0
2022,19,United States Grand Prix,2022-10-23,Circuit of the Americas,Pierre Gasly,GAS,AlphaTauri,12.803465486827696,13,0,0,0
2022,19,United States Grand Prix,2022-10-23,Circuit of the Americas,Alexander Albon,ALB,Williams,12.838589023749623,14,0,0,0
2022,19,United States Grand Prix,2022-10-23,Circuit of the Americas,Guanyu Zhou,ZHO,Alfa Romeo,12.877993368142825,15,0,0,0
2022,19,United States Grand Prix,2022-10-23,Circuit of the Americas,Daniel Ricciardo,RIC,McLaren,13.289285306357325,16,0,0,0
2022,19,United States Grand Prix,2022-10-23,Circuit of the Americas,Lance Stroll,STR,Aston Martin,13.944838845568745,17,0,0,0
2022,19,United States Grand Prix,2022-10-23,Circuit of the Americas,Mick Schumacher,MSC,Haas F1 Team,14.657824376770565,18,0,0,0
2022,19,United States Grand Prix,2022-10-23,Circuit of the Americas,Nicholas Latifi,LAT,Williams,15.55516083697559,19,0,0,0
2022,19,United States Grand Prix,2022-10-23,Circuit of the Americas,Valtteri Bottas,BOT,Alfa Romeo,15.607773610661273,20,0,0,0
2022,20,Mexico City Grand Prix,2022-10-30,Autódromo Hermanos Rodríguez,Max Verstappen,VER,Red Bull,2.476394327292513,1,25,0,25
2022,20,Mexico City Grand Prix,2022-10-30,Autódromo Hermanos Rodríguez,Lewis Hamilton,HAM,Mercedes,3.372276523047757,2,18,0,18
2022,20,Mexico City Grand Prix,2022-10-30,Autódromo Hermanos Rodríguez,Sergio Pérez,PER,Red Bull,3.8843357884620975,3,15,0,15
2022,20,Mexico City Grand Prix,2022-10-30,Autódromo Hermanos Rodríguez,George Russell,RUS,Mercedes,5.289582808618271,4,12,0,12
2022,20,Mexico City Grand Prix,2022-10-30,Autódromo Hermanos Rodríguez,Carlos Sainz,SAI,Ferrari,6.120583869303529,5,10,0,10
2022,20,Mexico City Grand Prix,2022-10-30,Autódromo Hermanos Rodríguez,Charles Leclerc,LEC,Ferrari,6.322687918420932,6,8,0,8
2022,20,Mexico City Grand Prix,2022-10-30,Autódromo Hermanos Rodríguez,Lando Norris,NOR,McLaren,8.963847786530796,7,6,0,6
2022,20,Mexico City Grand Prix,2022-10-30,Autódromo Hermanos Rodríguez,Daniel Ricciardo,RIC,McLaren,9.313807621005475,8,4,0,4
2022,20,Mexico City Grand Prix,2022-10-30,Autódromo Hermanos Rodríguez,Esteban Ocon,OCO,Alpine F1 Team,10.050892234359676,9,2,0,2
2022,20,Mexico City Grand Prix,2022-10-30,Autódromo Hermanos Rodríguez,Pierre Gasly,GAS,AlphaTauri,11.676080767740292,10,1,0,1
2022,20,Mexico City Grand Prix,2022-10-30,Autódromo Hermanos Rodríguez,Valtteri Bottas,BOT,Alfa Romeo,11.849776642797345,11,0,0,0
2022,20,Mexico City Grand Prix,2022-10-30,Autódromo Hermanos Rodríguez,Sebastian Vettel,VET,Aston Martin,12.363681922865425,12,0,0,0
2022,20,Mexico City Grand Prix,2022-10-30,Autódromo Hermanos Rodríguez,Alexander Albon,ALB,Williams,13.23981595371559,13,0,0,0
2022,20,Mexico City Grand Prix,2022-10-30,Autódromo Hermanos Rodríguez,Fernando Alonso,ALO,Alpine F1 Team,13.349940486450151,14,0,0,0
2022,20,Mexico City Grand Prix,2022-10-30,Autódromo Hermanos Rodríguez,Lance Stroll,STR,Aston Martin,13.697903994895244,15,0,0,0
2022,20,Mexico City Grand Prix,2022-10-30,Autódromo Hermanos Rodríguez,Guanyu Zhou,ZHO,Alfa Romeo,13.793367911784388,16,0,0,0
2022,20,Mexico City Grand Prix,2022-10-30,Autódromo Hermanos Rodríguez,Mick Schumacher,MSC,Haas F1 Team,15.14977394664823,17,0,0,0
2022,20,Mexico City Grand Prix,2022-10-30,Autódromo Hermanos Rodríguez,Kevin Magnussen,MAG,Haas F1 Team,15.448033410542628,18,0,0,0
2022,20,Mexico City Grand Prix,2022-10-30,Autódromo Hermanos Rodríguez,Yuki Tsunoda,TSU,AlphaTauri,16.29746577939456,19,0,0,0
2022,20,Mexico City Grand Prix,2022-10-30,Autódromo Hermanos Rodríguez,Nicholas Latifi,LAT,Williams,16.62756283701193,20,0,0,0
2022,21,São Paulo Grand Prix,2022-11-13,Autódromo José Carlos Pace,George Russell,RUS,Mercedes,3.810948341052355,1,25,0,25
2022,21,São Paulo Grand Prix,2022-11-13,Autódromo José Carlos Pace,Lewis Hamilton,HAM,Mercedes,3.895388723378725,2,18,0,18
2022,21,São Paulo Grand Prix,2022-11-13,Autódromo José Carlos Pace,Max Verstappen,VER,Red Bull,4.046405406491092,3,15,0,15
2022,21,São Paulo Grand Prix,2022-11-13,Autódromo José Carlos Pace,Carlos Sainz,SAI,Ferrari,4.780144617986566,4,12,0,12
2022,21,São Paulo Grand Prix,2022-11-13,Autódromo José Carlos Pace,Sergio Pérez,PER,Red Bull,5.402367902114228,5,10,0,10
2022,21,São Paulo Grand Prix,2022-11-13,Autódromo José Carlos Pace,Charles Leclerc,LEC,Ferrari,5.515544515725741,6,8,0,8
2022,21,São Paulo Grand Prix,2022-11-13,Autódromo José Carlos Pace,Fernando Alonso,ALO,Alpine F1 Team,8.08759937598808,7,6,0,6
2022,21,São Paulo Grand Prix,2022-11-13,Autódromo José Carlos Pace,Esteban Ocon,OCO,Alpine F1 Team,9.91672302563391,8,4,0,4
2022,21,São Paulo Grand Prix,2022-11-13,Autódromo José Carlos Pace,Sebastian Vettel,VET,Aston Martin,10.625602398850187,9,2,0,2
2022,21,São Paulo Grand Prix,2022-11-13,Autódromo José Carlos Pace,Valtteri Bottas,BOT,Alfa Romeo,11.04486224867724,10,1,0,1
2022,21,São Paulo Grand Prix,2022-11-13,Autódromo José Carlos Pace,Lance Stroll,STR,Aston Martin,11.699676624372794,11,0,0,0
2022,21,São Paulo Grand Prix,2022-11-13,Autódromo José Carlos Pace,Pierre Gasly,GAS,AlphaTauri,12.64426626893664,12,0,0,0
2022,21,São Paulo Grand Prix,2022-11-13,Autódromo José Carlos Pace,Guanyu Zhou,ZHO,Alfa Romeo,13.107660623352098,13,0,0,0
2022,21,São Paulo Grand Prix,2022-11-13,Autódromo José Carlos Pace,Mick Schumacher,MSC,Haas F1 Team,13.224231744437589,14,0,0,0
2022,21,São Paulo Grand Prix,2022-11-13,Autódromo José Carlos Pace,Lando Norris,NOR,McLaren,13.660845200737402,15,0,0,0
2022,21,São Paulo Grand Prix,2022-11-13,Autódromo José Carlos Pace,Alexander Albon,ALB,Williams,14.254637500043176,16,0,0,0
2022,21,São Paulo Grand Prix,2022-11-13,Autódromo José Carlos Pace,Daniel Ricciardo,RIC,McLaren,15.142934184636154,17,0,0,0
2022,21,São Paulo Grand Prix,2022-11-13,Autódromo José Carlos Pace,Yuki Tsunoda,TSU,AlphaTauri,15.701715238271529,18,0,0,0
2022,21,São Paulo Grand Prix,2022-11-13,Autódromo José Carlos Pace,Nicholas Latifi,LAT,Williams,15.809254966911064,19,0,0,0
2022,21,São Paulo Grand Prix,2022-11-13,Autódromo José Carlos Pace,Kevin Magnussen,MAG,Haas F1 Team,16.66832752996058,20,0,0,0
2022,22,Abu Dhabi Grand Prix,2022-11-20,Yas Marina Circuit,Max Verstappen,VER,Red Bull,2.93116982739593,1,25,0,25
2022,22,Abu Dhabi Grand Prix,2022-11-20,Yas Marina Circuit,Sergio Pérez,PER,Red Bull,4.877427972258487,2,18,0,18
2022,22,Abu Dhabi Grand Prix,2022-11-20,Yas Marina Circuit,Charles Leclerc,LEC,Ferrari,4.923196096461336,3,15,0,15
2022,22,Abu Dhabi Grand Prix,2022-11-20,Yas Marina Circuit,Carlos Sainz,SAI,Ferrari,5.289812671548162,4,12,0,12
2022,22,Abu Dhabi Grand Prix,2022-11-20,Yas Marina Circuit,George Russell,RUS,Mercedes,5.74097312391712,5,10,0,10
2022,22,Abu Dhabi Grand Prix,2022-11-20,Yas Marina Circuit,Lando Norris,NOR,McLaren,8.51255001876461,6,8,0,8
2022,22,Abu Dhabi Grand Prix,2022-11-20,Yas Marina Circuit,Esteban Ocon,OCO,Alpine F1 Team,9.075048803440708,7,6,0,6
2022,22,Abu Dhabi Grand Prix,2022-11-20,Yas Marina Circuit,Lewis Hamilton,HAM,Mercedes,9.339510205334223,8,4,0,4
2022,22,Abu Dhabi Grand Prix,2022-11-20,Yas Marina Circuit,Sebastian Vettel,VET,Aston Martin,9.680064572713633,9,2,0,2
2022,22,Abu Dhabi Grand Prix,2022-11-20,Yas Marina Circuit,Daniel Ricciardo,RIC,McLaren,9.76860547871305,10,1,0,1
2022,22,Abu Dhabi Grand Prix,2022-11-20,Yas Marina Circuit,Lance Stroll,STR,Aston Martin,10.74054269211106,11,0,0,0
2022,22,Abu Dhabi Grand Prix,2022-11-20,Yas Marina Circuit,Yuki Tsunoda,TSU,AlphaTauri,12.22134312329884,12,0,0,0
2022,22,Abu Dhabi Grand Prix,2022-11-20,Yas Marina Circuit,Valtteri Bottas,BOT,Alfa Romeo,13.36104699686279,13,0,0,0
2022,22,Abu Dhabi Grand Prix,2022-11-20,Yas Marina Circuit,Alexander Albon,ALB,Williams,13.43380408646441,14,0,0,0
2022,22,Abu Dhabi Grand Prix,2022-11-20,Yas Marina Circuit,Guanyu Zhou,ZHO,Alfa Romeo,13.519166814383546,15,0,0,0
2022,22,Abu Dhabi Grand Prix,2022-11-20,Yas Marina Circuit,Pierre Gasly,GAS,AlphaTauri,13.687389736502473,16,0,0,0
2022,22,Abu Dhabi Grand Prix,2022-11-20,Yas Marina Circuit,Fernando Alonso,ALO,Alpine F1 Team,14.027030758701564,17,0,0,0
2022,22,Abu Dhabi Grand Prix,2022-11-20,Yas Marina Circuit,Mick Schumacher,MSC,Haas F1 Team,15.131693936500035,18,0,0,0
2022,22,Abu Dhabi Grand Prix,2022-11-20,Yas Marina Circuit,Kevin Magnussen,MAG,Haas F1 Team,16.213870576193912,19,0,0,0
2022,22,Abu Dhabi Grand Prix,2022-11-20,Yas Marina Circuit,Nicholas Latifi,LAT,Williams,17.004894637014136,20,0,0,0
2023,1,Bahrain Grand Prix,2023-03-05,Bahrain International Circuit,Max Verstappen,VER,Red Bull,3.377222294647216,1,25,0,25
2023,1,Bahrain Grand Prix,2023-03-05,Bahrain International Circuit,Sergio Pérez,PER,Red Bull,3.99547241250494,2,18,0,18
2023,1,Bahrain Grand Prix,2023-03-05,Bahrain International Circuit,Lewis Hamilton,HAM,Mercedes,5.56590981976315,3,15,0,15
2023,1,Bahrain Grand Prix,2023-03-05,Bahrain International Circuit,Carlos Sainz,SAI,Ferrari,6.601837310555801,4,12,0,12
2023,1,Bahrain Grand Prix,2023-03-05,Bahrain International Circuit,Fernando Alonso,ALO,Aston Martin,6.825605137802552,5,10,0,10
2023,1,Bahrain Grand Prix,2023-03-05,Bahrain International Circuit,George Russell,RUS,Mercedes,6.83450939571294,6,8,0,8
2023,1,Bahrain Grand Prix,2023-03-05,Bahrain International Circuit,Lance Stroll,STR,Aston Martin,9.171446695930372,7,6,0,6
2023,1,Bahrain Grand Prix,2023-03-05,Bahrain International Circuit,Pierre Gasly,GAS,Alpine F1 Team,10.91396348400867,8,4,0,4
2023,1,Bahrain Grand Prix,2023-03-05,Bahrain International Circuit,Charles Leclerc,LEC,Ferrari,11.254572588063956,9,2,0,2
2023,1,Bahrain Grand Prix,2023-03-05,Bahrain International Circuit,Valtteri Bottas,BOT,Alfa Romeo,11.436150934956858,10,1,0,1
2023,1,Bahrain Grand Prix,2023-03-05,Bahrain International Circuit,Lando Norris,NOR,McLaren,11.66111318372186,11,0,0,0
2023,1,Bahrain Grand Prix,2023-03-05,Bahrain International Circuit,Yuki Tsunoda,TSU,AlphaTauri,12.18561040152658,12,0,0,0
2023,1,Bahrain Grand Prix,2023-03-05,Bahrain International Circuit,Alexander Albon,ALB,Williams,12.679083128755549,13,0,0,0
2023,1,Bahrain Grand Prix,2023-03-05,Bahrain International Circuit,Logan Sargeant,SAR,Williams,13.192313961132928,14,0,0,0
2023,1,Bahrain Grand Prix,2023-03-05,Bahrain International Circuit,Kevin Magnussen,MAG,Haas F1 Team,13.493223724280938,15,0,0,0
2023,1,Bahrain Grand Prix,2023-03-05,Bahrain International Circuit,Esteban Ocon,OCO,Alpine F1 Team,13.58612007026083,16,0,0,0
2023,1,Bahrain Grand Prix,2023-03-05,Bahrain International Circuit,Nyck de Vries,DEV,AlphaTauri,13.657755755522151,17,0,0,0
2023,1,Bahrain Grand Prix,2023-03-05,Bahrain International Circuit,Nico Hülkenberg,HUL,Haas F1 Team,14.525648196084417,18,0,0,0
2023,1,Bahrain Grand Prix,2023-03-05,Bahrain International Circuit,Guanyu Zhou,ZHO,Alfa Romeo,14.543142159739682,19,0,0,0
2023,1,Bahrain Grand Prix,2023-03-05,Bahrain International Circuit,Oscar Piastri,PIA,McLaren,15.772991739425686,20,0,0,0
2023,2,Saudi Arabian Grand Prix,2023-03-19,Jeddah Corniche Circuit,Max Verstappen,VER,Red Bull,2.3372249438305563,1,25,0,25
2023,2,Saudi Arabian Grand Prix,2023-03-19,Jeddah Corniche Circuit,Sergio Pérez,PER,Red Bull,2.750115903458173,2,18,0,18
2023,2,Saudi Arabian Grand Prix,2023-03-19,Jeddah Corniche Circuit,George Russell,RUS,Mercedes,5.247356697484946,3,15,0,15
2023,2,Saudi Arabian Grand Prix,2023-03-19,Jeddah Corniche Circuit,Lewis Hamilton,HAM,Mercedes,5.461147484481887,4,12,0,12
2023,2,Saudi Arabian Grand Prix,2023-03-19,Jeddah Corniche Circuit,Carlos Sainz,SAI,Ferrari,6.567787535142876,5,10,0,10
2023,2,Saudi Arabian Grand Prix,2023-03-19,Jeddah Corniche Circuit,Fernando Alonso,ALO,Aston Martin,7.137694257131753,6,8,0,8
2023,2,Saudi Arabian Grand Prix,2023-03-19,Jeddah Corniche Circuit,Charles Leclerc,LEC,Ferrari,7.796221686529156,7,6,0,6
2023,2,Saudi Arabian Grand Prix,2023-03-19,Jeddah Corniche Circuit,Esteban Ocon,OCO,Alpine F1 Team,9.876094697291714,8,4,0,4
2023,2,Saudi Arabian Grand Prix,2023-03-19,Jeddah Corniche Circuit,Pierre Gasly,GAS,Alpine F1 Team,9.999122959270515,9,2,0,2
2023,2,Saudi Arabian Grand Prix,2023-03-19,Jeddah Corniche Circuit,Kevin Magnussen,MAG,Haas F1 Team,12.411515141097594,10,1,0,1
2023,2,Saudi Arabian Grand Prix,2023-03-19,Jeddah Corniche Circuit,Yuki Tsunoda,TSU,AlphaTauri,12.433489225493416,11,0,0,0
2023,2,Saudi Arabian Grand Prix,2023-03-19,Jeddah Corniche Circuit,Nico Hülkenberg,HUL,Haas F1 Team,13.078236474116016,12,0,0,0
2023,2,Saudi Arabian Grand Prix,2023-03-19,Jeddah Corniche Circuit,Guanyu Zhou,ZHO,Alfa Romeo,13.537302124038264,13,0,0,0
2023,2,Saudi Arabian Grand Prix,2023-03-19,Jeddah Corniche Circuit,Nyck de Vries,DEV,AlphaTauri,13.655079390694471,14,0,0,0
2023,2,Saudi Arabian Grand Prix,2023-03-19,Jeddah Corniche Circuit,Oscar Piastri,PIA,McLaren,13.89630765002825,15,0,0,0
2023,2,Saudi Arabian Grand Prix,2023-03-19,Jeddah Corniche Circuit,Lance Stroll,STR,Aston Martin,14.063055221081388,16,0,0,0
2023,2,Saudi Arabian Grand Prix,2023-03-19,Jeddah Corniche Circuit,Lando Norris,NOR,McLaren,14.35847957462643,17,0,0,0
2023,2,Saudi Arabian Grand Prix,2023-03-19,Jeddah Corniche Circuit,Logan Sargeant,SAR,Williams,14.647803502208298,18,0,0,0
2023,2,Saudi Arabian Grand Prix,2023-03-19,Jeddah Corniche Circuit,Valtteri Bottas,BOT,Alfa Romeo,14.768033167653709,19,0,0,0
2023,2,Saudi Arabian Grand Prix,2023-03-19,Jeddah Corniche Circuit,Alexander Albon,ALB,Williams,15.23974582514747,20,0,0,0
2023,3,Australian Grand Prix,2023-04-02,Albert Park Grand Prix Circuit,Max Verstappen,VER,Red Bull,2.724409462056055,1,25,0,25
2023,3,Australian Grand Prix,2023-04-02,Albert Park Grand Prix Circuit,Lewis Hamilton,HAM,Mercedes,4.454454485322658,2,18,0,18
2023,3,Australian Grand Prix,2023-04-02,Albert Park Grand Prix Circuit,Sergio Pérez,PER,Red Bull,5.023502883584578,3,15,0,15
2023,3,Australian Grand Prix,2023-04-02,Albert Park Grand Prix Circuit,Fernando Alonso,ALO,Aston Martin,5.5885327067399695,4,12,0,12
2023,3,Australian Grand Prix,2023-04-02,Albert Park Grand Prix Circuit,Lance Stroll,STR,Aston Martin,8.532087702934955,5,10,0,10
2023,3,Australian Grand Prix,2023-04-02,Albert Park Grand Prix Circuit,Lando Norris,NOR,McLaren,8.56556112863882,6,8,0,8
2023,3,Australian Grand Prix,2023-04-02,Albert Park Grand Prix Circuit,Carlos Sainz,SAI,Ferrari,9.568076944960849,7,6,0,6
2023,3,Australian Grand Prix,2023-04-02,Albert Park Grand Prix Circuit,George Russell,RUS,Mercedes,10.805399974541894,8,4,0,4
2023,3,Australian Grand Prix,2023-04-02,Albert Park Grand Prix Circuit,Oscar Piastri,PIA,McLaren,10.998697173219163,9,2,0,2
2023,3,Australian Grand Prix,2023-04-02,Albert Park Grand Prix Circuit,Nico Hülkenberg,HUL,Haas F1 Team,11.09906319584208,10,1,0,1
2023,3,Australian Grand Prix,2023-04-02,Albert Park Grand Prix Circuit,Pierre Gasly,GAS,Alpine F1 Team,11.629139371991144,11,0,0,0
2023,3,Australian Grand Prix,2023-04-02,Albert Park Grand Prix Circuit,Guanyu Zhou,ZHO,Alfa Romeo,11.737783177563012,12,0,0,0
2023,3,Australian Grand Prix,2023-04-02,Albert Park Grand Prix Circuit,Charles Leclerc,LEC,Ferrari,11.977344454644708,13,0,0,0
2023,3,Australian Grand Prix,2023-04-02,Albert Park Grand Prix Circuit,Yuki Tsunoda,TSU,AlphaTauri,12.675329733170578,14,0,0,0
2023,3,Australian Grand Prix,2023-04-02,Albert Park Grand Prix Circuit,Valtteri Bottas,BOT,Alfa Romeo,12.703860157968627,15,0,0,0
2023,3,Australian Grand Prix,2023-04-02,Albert Park Grand Prix Circuit,Esteban Ocon,OCO,Alpine F1 Team,13.21071004324228,16,0,0,0
2023,3,Australian Grand Prix,2023-04-02,Albert Park Grand Prix Circuit,Nyck de Vries,DEV,AlphaTauri,14.303155719745789,17,0,0,0
2023,3,Australian Grand Prix,2023-04-02,Albert Park Grand Prix Circuit,Kevin Magnussen,MAG,Haas F1 Team,15.419444758711148,18,0,0,0
2023,3,Australian Grand Prix,2023-04-02,Albert Park Grand Prix Circuit,Logan Sargeant,SAR,Williams,15.68524755783286,19,0,0,0
2023,3,Australian Grand Prix,2023-04-02,Albert Park Grand Prix Circuit,Alexander Albon,ALB,Williams,15.94194513223863,20,0,0,0
2023,4,Azerbaijan Grand Prix,2023-04-30,Baku City Circuit,Sergio Pérez,PER,Red Bull,2.694921184488436,1,25,0,25
2023,4,Azerbaijan Grand Prix,2023-04-30,Baku City Circuit,Max Verstappen,VER,Red Bull,3.1837969797877834,2,18,0,18
2023,4,Azerbaijan Grand Prix,2023-04-30,Baku City Circuit,Charles Leclerc,LEC,Ferrari,4.766018208247652,3,15,0,15
2023,4,Azerbaijan Grand Prix,2023-04-30,Baku City Circuit,Fernando Alonso,ALO,Aston Martin,6.22460593601003,4,12,0,12
2023,4,Azerbaijan Grand Prix,2023-04-30,Baku City Circuit,Lewis Hamilton,HAM,Mercedes,6.311877831322522,5,10,0,10
2023,4,Azerbaijan Grand Prix,2023-04-30,Baku City Circuit,Carlos Sainz,SAI,Ferrari,6.365538890147289,6,8,0,8
2023,4,Azerbaijan Grand Prix,2023-04-30,Baku City Circuit,George Russell,RUS,Mercedes,8.193764560925267,7,6,0,6
2023,4,Azerbaijan Grand Prix,2023-04-30,Baku City Circuit,Lance Stroll,STR,Aston Martin,8.271911320848524,8,4,0,4
2023,4,Azerbaijan Grand Prix,2023-04-30,Baku City Circuit,Lando Norris,NOR,McLaren,9.35480897706858,9,2,0,2
2023,4,Azerbaijan Grand Prix,2023-04-30,Baku City Circuit,Oscar Piastri,PIA,McLaren,11.598053865173709,10,1,0,1
2023,4,Azerbaijan Grand Prix,2023-04-30,Baku City Circuit,Yuki Tsunoda,TSU,AlphaTauri,11.839366495161908,11,0,0,0
2023,4,Azerbaijan Grand Prix,2023-04-30,Baku City Circuit,Pierre Gasly,GAS,Alpine F1 Team,13.099362956822404,12,0,0,0
2023,4,Azerbaijan Grand Prix,2023-04-30,Baku City Circuit,Alexander Albon,ALB,Williams,13.428343242502448,13,0,0,0
2023,4,Azerbaijan Grand Prix,2023-04-30,Baku City Circuit,Kevin Magnussen,MAG,Haas F1 Team,13.772627989171994,14,0,0,0
2023,4,Azerbaijan Grand Prix,2023-04-30,Baku City Circuit,Esteban Ocon,OCO,Alpine F1 Team,14.50113734031522,15,0,0,0
2023,4,Azerbaijan Grand Prix,2023-04-30,Baku City Circuit,Nico Hülkenberg,HUL,Haas F1 Team,15.051091282810862,16,0,0,0
2023,4,Azerbaijan Grand Prix,2023-04-30,Baku City Circuit,Guanyu Zhou,ZHO,Alfa Romeo,15.244573801518104,17,0,0,0
2023,4,Azerbaijan Grand Prix,2023-04-30,Baku City Circuit,Logan Sargeant,SAR,Williams,15.357064746323791,18,0,0,0
2023,4,Azerbaijan Grand Prix,2023-04-30,Baku City Circuit,Valtteri Bottas,BOT,Alfa Romeo,15.43555227879854,19,0,0,0
2023,4,Azerbaijan Grand Prix,2023-04-30,Baku City Circuit,Nyck de Vries,DEV,AlphaTauri,15.703010287176411,20,0,0,0
2023,5,Miami Grand Prix,2023-05-07,Miami International Autodrome,Max Verstappen,VER,Red Bull,2.6225102779895098,1,25,0,25
2023,5,Miami Grand Prix,2023-05-07,Miami International Autodrome,Sergio Pérez,PER,Red Bull,3.673787157156263,2,18,0,18
2023,5,Miami Grand Prix,2023-05-07,Miami International Autodrome,Fernando Alonso,ALO,Aston Martin,4.847369311040267,3,15,0,15
2023,5,Miami Grand Prix,2023-05-07,Miami International Autodrome,George Russell,RUS,Mercedes,5.2104888279959,4,12,0,12
2023,5,Miami Grand Prix,2023-05-07,Miami International Autodrome,Carlos Sainz,SAI,Ferrari,6.129692188132818,5,10,0,10
2023,5,Miami Grand Prix,2023-05-07,Miami International Autodrome,Lewis Hamilton,HAM,Mercedes,6.524696088677547,6,8,0,8
2023,5,Miami Grand Prix,2023-05-07,Miami International Autodrome,Charles Leclerc,LEC,Ferrari,6.525783197753868,7,6,0,6
2023,5,Miami Grand Prix,2023-05-07,Miami International Autodrome,Pierre Gasly,GAS,Alpine F1 Team,10.075464394412691,8,4,0,4
2023,5,Miami Grand Prix,2023-05-07,Miami International Autodrome,Lance Stroll,STR,Aston Martin,10.22402264356209,9,2,0,2
2023,5,Miami Grand Prix,2023-05-07,Miami International Autodrome,Esteban Ocon,OCO,Alpine F1 Team,10.522851733421271,10,1,0,1
2023,5,Miami Grand Prix,2023-05-07,Miami International Autodrome,Kevin Magnussen,MAG,Haas F1 Team,11.897598589559802,11,0,0,0
2023,5,Miami Grand Prix,2023-05-07,Miami International Autodrome,Yuki Tsunoda,TSU,AlphaTauri,12.425615105890834,12,0,0,0
2023,5,Miami Grand Prix,2023-05-07,Miami International Autodrome,Valtteri Bottas,BOT,Alfa Romeo,13.319838723566344,13,0,0,0
2023,5,Miami Grand Prix,2023-05-07,Miami International Autodrome,Nico Hülkenberg,HUL,Haas F1 Team,13.96457024207052,14,0,0,0
2023,5,Miami Grand Prix,2023-05-07,Miami International Autodrome,Guanyu Zhou,ZHO,Alfa Romeo,14.421050287834566,15,0,0,0
2023,5,Miami Grand Prix,2023-05-07,Miami International Autodrome,Alexander Albon,ALB,Williams,14.422845519245556,16,0,0,0
2023,5,Miami Grand Prix,2023-05-07,Miami International Autodrome,Lando Norris,NOR,McLaren,14.509803440748152,17,0,0,0
2023,5,Miami Grand Prix,2023-05-07,Miami International Autodrome,Oscar Piastri,PIA,McLaren,15.301945962244297,18,0,0,0
2023,5,Miami Grand Prix,2023-05-07,Miami International Autodrome,Nyck de Vries,DEV,AlphaTauri,15.986029196203924,19,0,0,0
2023,5,Miami Grand Prix,2023-05-07,Miami International Autodrome,Logan Sargeant,SAR,Williams,17.609744630758406,20,0,0,0
2023,6,Monaco Grand Prix,2023-05-28,Circuit de Monaco,Max Verstappen,VER,Red Bull,3.170330120179305,1,25,0,25
2023,6,Monaco Grand Prix,2023-05-28,Circuit de Monaco,Fernando Alonso,ALO,Aston Martin,3.3171113584919323,2,18,0,18
2023,6,Monaco Grand Prix,2023-05-28,Circuit de Monaco,Lewis Hamilton,HAM,Mercedes,4.880171702234096,3,15,0,15
2023,6,Monaco Grand Prix,2023-05-28,Circuit de Monaco,Charles Leclerc,LEC,Ferrari,6.59287382761024,4,12,0,12
2023,6,Monaco Grand Prix,2023-05-28,Circuit de Monaco,Carlos Sainz,SAI,Ferrari,7.1138351532977016,5,10,0,10
2023,6,Monaco Grand Prix,2023-05-28,Circuit de Monaco,Esteban Ocon,OCO,Alpine F1 Team,7.792254476163476,6,8,0,8
2023,6,Monaco Grand Prix,2023-05-28,Circuit de Monaco,George Russell,RUS,Mercedes,7.810814143920221,7,6,0,6
2023,6,Monaco Grand Prix,2023-05-28,Circuit de Monaco,Pierre Gasly,GAS,Alpine F1 Team,9.2267208811942,8,4,0,4
2023,6,Monaco Grand Prix,2023-05-28,Circuit de Monaco,Lando Norris,NOR,McLaren,9.59188615488066,9,2,0,2
2023,6,Monaco Grand Prix,2023-05-28,Circuit de Monaco,Sergio Pérez,PER,Red Bull,10.085550979199745,10,1,0,1
2023,6,Monaco Grand Prix,2023-05-28,Circuit de Monaco,Oscar Piastri,PIA,McLaren,12.253312388124655,11,0,0,0
2023,6,Monaco Grand Prix,2023-05-28,Circuit de Monaco,Valtteri Bottas,BOT,Alfa Romeo,12.6816808680932,12,0,0,0
2023,6,Monaco Grand Prix,2023-05-28,Circuit de Monaco,Yuki Tsunoda,TSU,AlphaTauri,13.49615163392642,13,0,0,0
2023,6,Monaco Grand Prix,2023-05-28,Circuit de Monaco,Nyck de Vries,DEV,AlphaTauri,13.927607904814334,14,0,0,0
2023,6,Monaco Grand Prix,2023-05-28,Circuit de Monaco,Guanyu Zhou,ZHO,Alfa Romeo,14.039673254711834,15,0,0,0
2023,6,Monaco Grand Prix,2023-05-28,Circuit de Monaco,Lance Stroll,STR,Aston Martin,14.3524120826045,16,0,0,0
2023,6,Monaco Grand Prix,2023-05-28,Circuit de Monaco,Alexander Albon,ALB,Williams,14.379366483396696,17,0,0,0
2023,6,Monaco Grand Prix,2023-05-28,Circuit de Monaco,Nico Hülkenberg,HUL,Haas F1 Team,15.475309858468318,18,0,0,0
2023,6,Monaco Grand Prix,2023-05-28,Circuit de Monaco,Kevin Magnussen,MAG,Haas F1 Team,15.73992069765691,19,0,0,0
2023,6,Monaco Grand Prix,2023-05-28,Circuit de Monaco,Logan Sargeant,SAR,Williams,16.67809921897091,20,0,0,0
2023,7,Spanish Grand Prix,2023-06-04,Circuit de Barcelona-Catalunya,Max Verstappen,VER,Red Bull,1.675151257738865,1,25,0,25
2023,7,Spanish Grand Prix,2023-06-04,Circuit de Barcelona-Catalunya,Lewis Hamilton,HAM,Mercedes,3.948720906562001,2,18,0,18
2023,7,Spanish Grand Prix,2023-06-04,Circuit de Barcelona-Catalunya,Sergio Pérez,PER,Red Bull,4.866454611395039,3,15,0,15
2023,7,Spanish Grand Prix,2023-06-04,Circuit de Barcelona-Catalunya,George Russell,RUS,Mercedes,5.252483326044233,4,12,0,12
2023,7,Spanish Grand Prix,2023-06-04,Circuit de Barcelona-Catalunya,Carlos Sainz,SAI,Ferrari,6.54847825669451,5,10,0,10
2023,7,Spanish Grand Prix,2023-06-04,Circuit de Barcelona-Catalunya,Fernando Alonso,ALO,Aston Martin,6.71571375490117,6,8,0,8
2023,7,Spanish Grand Prix,2023-06-04,Circuit de Barcelona-Catalunya,Esteban Ocon,OCO,Alpine F1 Team,8.064206744653655,7,6,0,6
2023,7,Spanish Grand Prix,2023-06-04,Circuit de Barcelona-Catalunya,Charles Leclerc,LEC,Ferrari,8.794075309054943,8,4,0,4
2023,7,Spanish Grand Prix,2023-06-04,Circuit de Barcelona-Catalunya,Lance Stroll,STR,Aston Martin,8.851241161092279,9,2,0,2
2023,7,Spanish Grand Prix,2023-06-04,Circuit de Barcelona-Catalunya,Pierre Gasly,GAS,Alpine F1 Team,9.512441427073648,10,1,0,1
2023,7,Spanish Grand Prix,2023-06-04,Circuit de Barcelona-Catalunya,Guanyu Zhou,ZHO,Alfa Romeo,11.795512927067556,11,0,0,0
2023,7,Spanish Grand Prix,2023-06-04,Circuit de Barcelona-Catalunya,Oscar Piastri,PIA,McLaren,13.08610740215687,12,0,0,0
2023,7,Spanish Grand Prix,2023-06-04,Circuit de Barcelona-Catalunya,Yuki Tsunoda,TSU,AlphaTauri,13.292801760570176,13,0,0,0
2023,7,Spanish Grand Prix,2023-06-04,Circuit de Barcelona-Catalunya,Nyck de Vries,DEV,AlphaTauri,14.101726863976712,14,0,0,0
2023,7,Spanish Grand Prix,2023-06-04,Circuit de Barcelona-Catalunya,Lando Norris,NOR,McLaren,14.557648546555791,15,0,0,0
2023,7,Spanish Grand Prix,2023-06-04,Circuit de Barcelona-Catalunya,Kevin Magnussen,MAG,Haas F1 Team,14.875177803992658,16,0,0,0
2023,7,Spanish Grand Prix,2023-06-04,Circuit de Barcelona-Catalunya,Nico Hülkenberg,HUL,Haas F1 Team,14.942146061394563,17,0,0,0
2023,7,Spanish Grand Prix,2023-06-04,Circuit de Barcelona-Catalunya,Alexander Albon,ALB,Williams,15.59821691303725,18,0,0,0
2023,7,Spanish Grand Prix,2023-06-04,Circuit de Barcelona-Catalunya,Valtteri Bottas,BOT,Alfa Romeo,15.811172505767551,19,0,0,0
2023,7,Spanish Grand Prix,2023-06-04,Circuit de Barcelona-Catalunya,Logan Sargeant,SAR,Williams,18.231355286934274,20,0,0,0
2023,8,Canadian Grand Prix,2023-06-18,Circuit Gilles Villeneuve,Max Verstappen,VER,Red Bull,2.1944391038813618,1,25,0,25
2023,8,Canadian Grand Prix,2023-06-18,Circuit Gilles Villeneuve,Fernando Alonso,ALO,Aston Martin,4.278639840315343,2,18,0,18
2023,8,Canadian Grand Prix,2023-06-18,Circuit Gilles Villeneuve,Lewis Hamilton,HAM,Mercedes,4.430610658498644,3,15,0,15
2023,8,Canadian Grand Prix,2023-06-18,Circuit Gilles Villeneuve,Carlos Sainz,SAI,Ferrari,6.32461312840158,4,12,0,12
2023,8,Canadian Grand Prix,2023-06-18,Circuit Gilles Villeneuve,Sergio Pérez,PER,Red Bull,6.4267810043882925,5,10,0,10
2023,8,Canadian Grand Prix,2023-06-18,Circuit Gilles Villeneuve,Charles Leclerc,LEC,Ferrari,7.289049197844935,6,8,0,8
2023,8,Canadian Grand Prix,2023-06-18,Circuit Gilles Villeneuve,Lance Stroll,STR,Aston Martin,8.147627856042472,7,6,0,6
2023,8,Canadian Grand Prix,2023-06-18,Circuit Gilles Villeneuve,Esteban Ocon,OCO,Alpine F1 Team,8.924781286884995,8,4,0,4
2023,8,Canadian Grand Prix,2023-06-18,Circuit Gilles Villeneuve,George Russell,RUS,Mercedes,10.577924011153891,9,2,0,2
2023,8,Canadian Grand Prix,2023-06-18,Circuit Gilles Villeneuve,Valtteri Bottas,BOT,Alfa Romeo,11.158327448949494,10,1,0,1
2023,8,Canadian Grand Prix,2023-06-18,Circuit Gilles Villeneuve,Oscar Piastri,PIA,McLaren,11.17565063771089,11,0,0,0
2023,8,Canadian Grand Prix,2023-06-18,Circuit Gilles Villeneuve,Pierre Gasly,GAS,Alpine F1 Team,11.863928717503452,12,0,0,0
2023,8,Canadian Grand Prix,2023-06-18,Circuit Gilles Villeneuve,Alexander Albon,ALB,Williams,12.21870720149952,13,0,0,0
2023,8,Canadian Grand Prix,2023-06-18,Circuit Gilles Villeneuve,Lando Norris,NOR,McLaren,12.952809473492229,14,0,0,0
2023,8,Canadian Grand Prix,2023-06-18,Circuit Gilles Villeneuve,Nico Hülkenberg,HUL,Haas F1 Team,13.888425648715597,15,0,0,0
2023,8,Canadian Grand Prix,2023-06-18,Circuit Gilles Villeneuve,Yuki Tsunoda,TSU,AlphaTauri,13.940816760037348,16,0,0,0
2023,8,Canadian Grand Prix,2023-06-18,Circuit Gilles Villeneuve,Guanyu Zhou,ZHO,Alfa Romeo,14.354301974273003,17,0,0,0
2023,8,Canadian Grand Prix,2023-06-18,Circuit Gilles Villeneuve,Kevin Magnussen,MAG,Haas F1 Team,14.822258043242693,18,0,0,0
2023,8,Canadian Grand Prix,2023-06-18,Circuit Gilles Villeneuve,Nyck de Vries,DEV,AlphaTauri,15.682605446644224,19,0,0,0
2023,8,Canadian Grand Prix,2023-06-18,Circuit Gilles Villeneuve,Logan Sargeant,SAR,Williams,17.451776466022242,20,0,0,0
2023,9,Austrian Grand Prix,2023-07-02,Red Bull Ring,Max Verstappen,VER,Red Bull,1.8318932349645385,1,25,0,25
2023,9,Austrian Grand Prix,2023-07-02,Red Bull Ring,Charles Leclerc,LEC,Ferrari,4.3093470517426775,2,18,0,18
2023,9,Austrian Grand Prix,2023-07-02,Red Bull Ring,Lewis Hamilton,HAM,Mercedes,5.782499518725328,3,15,0,15
2023,9,Austrian Grand Prix,2023-07-02,Red Bull Ring,Sergio Pérez,PER,Red Bull,5.796907541876233,4,12,0,12
2023,9,Austrian Grand Prix,2023-07-02,Red Bull Ring,Carlos Sainz,SAI,Ferrari,5.971872076666305,5,10,0,10
2023,9,Austrian Grand Prix,2023-07-02,Red Bull Ring,Fernando Alonso,ALO,Aston Martin,6.039897889067773,6,8,0,8
2023,9,Austrian Grand Prix,2023-07-02,Red Bull Ring,George Russell,RUS,Mercedes,6.943941102116474,7,6,0,6
2023,9,Austrian Grand Prix,2023-07-02,Red Bull Ring,Lando Norris,NOR,McLaren,9.131419224377122,8,4,0,4
2023,9,Austrian Grand Prix,2023-07-02,Red Bull Ring,Lance Stroll,STR,Aston Martin,9.394587898174317,9,2,0,2
2023,9,Austrian Grand Prix,2023-07-02,Red Bull Ring,Pierre Gasly,GAS,Alpine F1 Team,11.619815599304951,10,1,0,1
2023,9,Austrian Grand Prix,2023-07-02,Red Bull Ring,Alexander Albon,ALB,Williams,12.245011382126682,11,0,0,0
2023,9,Austrian Grand Prix,2023-07-02,Red Bull Ring,Esteban Ocon,OCO,Alpine F1 Team,12.621051937935508,12,0,0,0
2023,9,Austrian Grand Prix,2023-07-02,Red Bull Ring,Guanyu Zhou,ZHO,Alfa Romeo,13.175849165898732,13,0,0,0
2023,9,Austrian Grand Prix,2023-07-02,Red Bull Ring,Logan Sargeant,SAR,Williams,14.231078010009156,14,0,0,0
2023,9,Austrian Grand Prix,2023-07-02,Red Bull Ring,Valtteri Bottas,BOT,Alfa Romeo,14.363749895392337,15,0,0,0
2023,9,Austrian Grand Prix,2023-07-02,Red Bull Ring,Oscar Piastri,PIA,McLaren,14.565610979663516,16,0,0,0
2023,9,Austrian Grand Prix,2023-07-02,Red Bull Ring,Kevin Magnussen,MAG,Haas F1 Team,15.08568543867088,17,0,0,0
2023,9,Austrian Grand Prix,2023-07-02,Red Bull Ring,Nyck de Vries,DEV,AlphaTauri,15.75671646012588,18,0,0,0
2023,9,Austrian Grand Prix,2023-07-02,Red Bull Ring,Yuki Tsunoda,TSU,AlphaTauri,16.435741141385407,19,0,0,0
2023,9,Austrian Grand Prix,2023-07-02,Red Bull Ring,Nico Hülkenberg,HUL,Haas F1 Team,16.67248720112876,20,0,0,0
2023,10,British Grand Prix,2023-07-09,Silverstone Circuit,Max Verstappen,VER,Red Bull,2.922171234462448,1,25,0,25
2023,10,British Grand Prix,2023-07-09,Silverstone Circuit,Lewis Hamilton,HAM,Mercedes,5.061288558030359,2,18,0,18
2023,10,British Grand Prix,2023-07-09,Silverstone Circuit,Sergio Pérez,PER,Red Bull,5.80849377494439,3,15,0,15
2023,10,British Grand Prix,2023-07-09,Silverstone Circuit,George Russell,RUS,Mercedes,6.423890598685791,4,12,0,12
2023,10,British Grand Prix,2023-07-09,Silverstone Circuit,Lando Norris,NOR,McLaren,6.7858058706945625,5,10,0,10
2023,10,British Grand Prix,2023-07-09,Silverstone Circuit,Fernando Alonso,ALO,Aston Martin,6.870741258304475,6,8,0,8
2023,10,British Grand Prix,2023-07-09,Silverstone Circuit,Charles Leclerc,LEC,Ferrari,7.063905951657274,7,6,0,6
2023,10,British Grand Prix,2023-07-09,Silverstone Circuit,Carlos Sainz,SAI,Ferrari,8.585006647971527,8,4,0,4
2023,10,British Grand Prix,2023-07-09,Silverstone Circuit,Oscar Piastri,PIA,McLaren,9.49007314737645,9,2,0,2
2023,10,British Grand Prix,2023-07-09,Silverstone Circuit,Alexander Albon,ALB,Williams,10.319730596226355,10,1,0,1
2023,10,British Grand Prix,2023-07-09,Silverstone Circuit,Lance Stroll,STR,Aston Martin,12.028561382786362,11,0,0,0
2023,10,British Grand Prix,2023-07-09,Silverstone Circuit,Valtteri Bottas,BOT,Alfa Romeo,13.024395335895266,12,0,0,0
2023,10,British Grand Prix,2023-07-09,Silverstone Circuit,Logan Sargeant,SAR,Williams,13.480852801253398,13,0,0,0
2023,10,British Grand Prix,2023-07-09,Silverstone Circuit,Pierre Gasly,GAS,Alpine F1 Team,13.672625459623164,14,0,0,0
2023,10,British Grand Prix,2023-07-09,Silverstone Circuit,Esteban Ocon,OCO,Alpine F1 Team,13.820986914690245,15,0,0,0
2023,10,British Grand Prix,2023-07-09,Silverstone Circuit,Guanyu Zhou,ZHO,Alfa Romeo,14.474339855483931,16,0,0,0
2023,10,British Grand Prix,2023-07-09,Silverstone Circuit,Nico Hülkenberg,HUL,Haas F1 Team,14.736139867056034,17,0,0,0
2023,10,British Grand Prix,2023-07-09,Silverstone Circuit,Nyck de Vries,DEV,AlphaTauri,15.575374209433935,18,0,0,0
2023,10,British Grand Prix,2023-07-09,Silverstone Circuit,Yuki Tsunoda,TSU,AlphaTauri,15.716265776345132,19,0,0,0
2023,10,British Grand Prix,2023-07-09,Silverstone Circuit,Kevin Magnussen,MAG,Haas F1 Team,17.28661969707801,20,0,0,0
2023,11,Hungarian Grand Prix,2023-07-23,Hungaroring,Max Verstappen,VER,Red Bull,2.5542272759505025,1,25,0,25
2023,11,Hungarian Grand Prix,2023-07-23,Hungaroring,Lewis Hamilton,HAM,Mercedes,5.201221884827179,2,18,0,18
2023,11,Hungarian Grand Prix,2023-07-23,Hungaroring,Lando Norris,NOR,McLaren,5.28143524869453,3,15,0,15
2023,11,Hungarian Grand Prix,2023-07-23,Hungaroring,George Russell,RUS,Mercedes,5.422954350282655,4,12,0,12
2023,11,Hungarian Grand Prix,2023-07-23,Hungaroring,Sergio Pérez,PER,Red Bull,5.7465535420936815,5,10,0,10
2023,11,Hungarian Grand Prix,2023-07-23,Hungaroring,Oscar Piastri,PIA,McLaren,7.253734988657317,6,8,0,8
2023,11,Hungarian Grand Prix,2023-07-23,Hungaroring,Charles Leclerc,LEC,Ferrari,7.800589840469827,7,6,0,6
2023,11,Hungarian Grand Prix,2023-07-23,Hungaroring,Fernando Alonso,ALO,Aston Martin,8.064795523859477,8,4,0,4
2023,11,Hungarian Grand Prix,2023-07-23,Hungaroring,Carlos Sainz,SAI,Ferrari,8.872935773166109,9,2,0,2
2023,11,Hungarian Grand Prix,2023-07-23,Hungaroring,Lance Stroll,STR,Aston Martin,9.260092477024266,10,1,0,1
2023,11,Hungarian Grand Prix,2023-07-23,Hungaroring,Alexander Albon,ALB,Williams,11.8729670550303,11,0,0,0
2023,11,Hungarian Grand Prix,2023-07-23,Hungaroring,Valtteri Bottas,BOT,Alfa Romeo,12.922443128549006,12,0,0,0
2023,11,Hungarian Grand Prix,2023-07-23,Hungaroring,Daniel Ricciardo,RIC,AlphaTauri,13.182648425467285,13,0,0,0
2023,11,Hungarian Grand Prix,2023-07-23,Hungaroring,Nico Hülkenberg,HUL,Haas F1 Team,14.653513905531758,14,0,0,0
2023,11,Hungarian Grand Prix,2023-07-23,Hungaroring,Yuki Tsunoda,TSU,AlphaTauri,14.808008191296436,15,0,0,0
2023,11,Hungarian Grand Prix,2023-07-23,Hungaroring,Guanyu Zhou,ZHO,Alfa Romeo,14.980830339363331,16,0,0,0
2023,11,Hungarian Grand Prix,2023-07-23,Hungaroring,Kevin Magnussen,MAG,Haas F1 Team,15.491035551522764,17,0,0,0
2023,11,Hungarian Grand Prix,2023-07-23,Hungaroring,Esteban Ocon,OCO,Alpine F1 Team,15.649920082979987,18,0,0,0
2023,11,Hungarian Grand Prix,2023-07-23,Hungaroring,Logan Sargeant,SAR,Williams,15.875621072363677,19,0,0,0
2023,11,Hungarian Grand Prix,2023-07-23,Hungaroring,Pierre Gasly,GAS,Alpine F1 Team,16.31069997970927,20,0,0,0
2023,12,Belgian Grand Prix,2023-07-30,Circuit de Spa-Francorchamps,Max Verstappen,VER,Red Bull,3.268122964609256,1,25,0,25
2023,12,Belgian Grand Prix,2023-07-30,Circuit de Spa-Francorchamps,Sergio Pérez,PER,Red Bull,4.629801063084739,2,18,0,18
2023,12,Belgian Grand Prix,2023-07-30,Circuit de Spa-Francorchamps,Lewis Hamilton,HAM,Mercedes,5.256944588332442,3,15,0,15
2023,12,Belgian Grand Prix,2023-07-30,Circuit de Spa-Francorchamps,Charles Leclerc,LEC,Ferrari,5.470797257379726,4,12,0,12
2023,12,Belgian Grand Prix,2023-07-30,Circuit de Spa-Francorchamps,George Russell,RUS,Mercedes,6.875288151588548,5,10,0,10
2023,12,Belgian Grand Prix,2023-07-30,Circuit de Spa-Francorchamps,Fernando Alonso,ALO,Aston Martin,7.052371184616862,6,8,0,8
2023,12,Belgian Grand Prix,2023-07-30,Circuit de Spa-Francorchamps,Lando Norris,NOR,McLaren,7.125719547664001,7,6,0,6
2023,12,Belgian Grand Prix,2023-07-30,Circuit de Spa-Francorchamps,Lance Stroll,STR,Aston Martin,10.33596140633802,8,4,0,4
2023,12,Belgian Grand Prix,2023-07-30,Circuit de Spa-Francorchamps,Carlos Sainz,SAI,Ferrari,10.670755532989809,9,2,0,2
2023,12,Belgian Grand Prix,2023-07-30,Circuit de Spa-Francorchamps,Esteban Ocon,OCO,Alpine F1 Team,11.540733011024036,10,1,0,1
2023,12,Belgian Grand Prix,2023-07-30,Circuit de Spa-Francorchamps,Alexander Albon,ALB,Williams,11.699655057529244,11,0,0,0
2023,12,Belgian Grand Prix,2023-07-30,Circuit de Spa-Francorchamps,Yuki Tsunoda,TSU,AlphaTauri,12.056878526615185,12,0,0,0
2023,12,Belgian Grand Prix,2023-07-30,Circuit de Spa-Francorchamps,Oscar Piastri,PIA,McLaren,12.170413773341233,13,0,0,0
2023,12,Belgian Grand Prix,2023-07-30,Circuit de Spa-Francorchamps,Pierre Gasly,GAS,Alpine F1 Team,12.194571670253936,14,0,0,0
2023,12,Belgian Grand Prix,2023-07-30,Circuit de Spa-Francorchamps,Valtteri Bottas,BOT,Alfa Romeo,12.76587730744076,15,0,0,0
2023,12,Belgian Grand Prix,2023-07-30,Circuit de Spa-Francorchamps,Guanyu Zhou,ZHO,Alfa Romeo,13.595454128986049,16,0,0,0
2023,12,Belgian Grand Prix,2023-07-30,Circuit de Spa-Francorchamps,Kevin Magnussen,MAG,Haas F1 Team,13.7985678852188,17,0,0,0
2023,12,Belgian Grand Prix,2023-07-30,Circuit de Spa-Francorchamps,Daniel Ricciardo,RIC,AlphaTauri,14.136753093802852,18,0,0,0
2023,12,Belgian Grand Prix,2023-07-30,Circuit de Spa-Francorchamps,Logan Sargeant,SAR,Williams,15.611550487849602,19,0,0,0
2023,12,Belgian Grand Prix,2023-07-30,Circuit de Spa-Francorchamps,Nico Hülkenberg,HUL,Haas F1 Team,16.19262764529445,20,0,0,0
2023,13,Dutch Grand Prix,2023-08-27,Circuit Park Zandvoort,Max Verstappen,VER,Red Bull,2.1613231311480603,1,25,0,25
2023,13,Dutch Grand Prix,2023-08-27,Circuit Park Zandvoort,Fernando Alonso,ALO,Aston Martin,4.84846441386586,2,18,0,18
2023,13,Dutch Grand Prix,2023-08-27,Circuit Park Zandvoort,Lewis Hamilton,HAM,Mercedes,5.267900748528306,3,15,0,15
2023,13,Dutch Grand Prix,2023-08-27,Circuit Park Zandvoort,Sergio Pérez,PER,Red Bull,5.67797642230674,4,12,0,12
2023,13,Dutch Grand Prix,2023-08-27,Circuit Park Zandvoort,Lando Norris,NOR,McLaren,6.686904327585255,5,10,0,10
2023,13,Dutch Grand Prix,2023-08-27,Circuit Park Zandvoort,Carlos Sainz,SAI,Ferrari,7.166117750443116,6,8,0,8
2023,13,Dutch Grand Prix,2023-08-27,Circuit Park Zandvoort,Pierre Gasly,GAS,Alpine F1 Team,8.299582008759781,7,6,0,6
2023,13,Dutch Grand Prix,2023-08-27,Circuit Park Zandvoort,Oscar Piastri,PIA,McLaren,8.736403824571594,8,4,0,4
2023,13,Dutch Grand Prix,2023-08-27,Circuit Park Zandvoort,Alexander Albon,ALB,Williams,9.794763158055783,9,2,0,2
2023,13,Dutch Grand Prix,2023-08-27,Circuit Park Zandvoort,Esteban Ocon,OCO,Alpine F1 Team,10.600712374894696,10,1,0,1
2023,13,Dutch Grand Prix,2023-08-27,Circuit Park Zandvoort,George Russell,RUS,Mercedes,11.581708484450468,11,0,0,0
2023,13,Dutch Grand Prix,2023-08-27,Circuit Park Zandvoort,Lance Stroll,STR,Aston Martin,11.9507686495048,12,0,0,0
2023,13,Dutch Grand Prix,2023-08-27,Circuit Park Zandvoort,Liam Lawson,LAW,AlphaTauri,12.703829243984387,13,0,0,0
2023,13,Dutch Grand Prix,2023-08-27,Circuit Park Zandvoort,Valtteri Bottas,BOT,Alfa Romeo,13.92901214852542,14,0,0,0
2023,13,Dutch Grand Prix,2023-08-27,Circuit Park Zandvoort,Charles Leclerc,LEC,Ferrari,13.971983352827378,15,0,0,0
2023,13,Dutch Grand Prix,2023-08-27,Circuit Park Zandvoort,Yuki Tsunoda,TSU,AlphaTauri,14.474491220107147,16,0,0,0
2023,13,Dutch Grand Prix,2023-08-27,Circuit Park Zandvoort,Nico Hülkenberg,HUL,Haas F1 Team,14.731911192275714,17,0,0,0
2023,13,Dutch Grand Prix,2023-08-27,Circuit Park Zandvoort,Kevin Magnussen,MAG,Haas F1 Team,15.478563961922903,18,0,0,0
2023,13,Dutch Grand Prix,2023-08-27,Circuit Park Zandvoort,Guanyu Zhou,ZHO,Alfa Romeo,15.684476631006994,19,0,0,0
2023,13,Dutch Grand Prix,2023-08-27,Circuit Park Zandvoort,Logan Sargeant,SAR,Williams,16.010494795134854,20,0,0,0
2023,14,Italian Grand Prix,2023-09-03,Autodromo Nazionale di Monza,Max Verstappen,VER,Red Bull,2.1747080558703167,1,25,0,25
2023,14,Italian Grand Prix,2023-09-03,Autodromo Nazionale di Monza,Sergio Pérez,PER,Red Bull,4.18915993538785,2,18,0,18
2023,14,Italian Grand Prix,2023-09-03,Autodromo Nazionale di Monza,Charles Leclerc,LEC,Ferrari,5.406470704236125,3,15,0,15
2023,14,Italian Grand Prix,2023-09-03,Autodromo Nazionale di Monza,Carlos Sainz,SAI,Ferrari,5.508384284272512,4,12,0,12
2023,14,Italian Grand Prix,2023-09-03,Autodromo Nazionale di Monza,Lewis Hamilton,HAM,Mercedes,6.13229865764317,5,10,0,10
2023,14,Italian Grand Prix,2023-09-03,Autodromo Nazionale di Monza,George Russell,RUS,Mercedes,6.323914822279874,6,8,0,8
2023,14,Italian Grand Prix,2023-09-03,Autodromo Nazionale di Monza,Lando Norris,NOR,McLaren,7.303494049878467,7,6,0,6
2023,14,Italian Grand Prix,2023-09-03,Autodromo Nazionale di Monza,Fernando Alonso,ALO,Aston Martin,8.820914453135224,8,4,0,4
2023,14,Italian Grand Prix,2023-09-03,Autodromo Nazionale di Monza,Alexander Albon,ALB,Williams,9.743510537853057,9,2,0,2
2023,14,Italian Grand Prix,2023-09-03,Autodromo Nazionale di Monza,Oscar Piastri,PIA,McLaren,10.405253792453388,10,1,0,1
2023,14,Italian Grand Prix,2023-09-03,Autodromo Nazionale di Monza,Liam Lawson,LAW,AlphaTauri,12.333147944561958,11,0,0,0
2023,14,Italian Grand Prix,2023-09-03,Autodromo Nazionale di Monza,Valtteri Bottas,BOT,Alfa Romeo,12.43451056471852,12,0,0,0
2023,14,Italian Grand Prix,2023-09-03,Autodromo Nazionale di Monza,Pierre Gasly,GAS,Alpine F1 Team,13.194970804644058,13,0,0,0
2023,14,Italian Grand Prix,2023-09-03,Autodromo Nazionale di Monza,Logan Sargeant,SAR,Williams,13.329697001813058,14,0,0,0
2023,14,Italian Grand Prix,2023-09-03,Autodromo Nazionale di Monza,Lance Stroll,STR,Aston Martin,13.601801970104177,15,0,0,0
2023,14,Italian Grand Prix,2023-09-03,Autodromo Nazionale di Monza,Guanyu Zhou,ZHO,Alfa Romeo,14.427813255055549,16,0,0,0
2023,14,Italian Grand Prix,2023-09-03,Autodromo Nazionale di Monza,Esteban Ocon,OCO,Alpine F1 Team,15.73643744510158,17,0,0,0
2023,14,Italian Grand Prix,2023-09-03,Autodromo Nazionale di Monza,Nico Hülkenberg,HUL,Haas F1 Team,15.81545159753566,18,0,0,0
2023,14,Italian Grand Prix,2023-09-03,Autodromo Nazionale di Monza,Yuki Tsunoda,TSU,AlphaTauri,16.212970501252517,19,0,0,0
2023,14,Italian Grand Prix,2023-09-03,Autodromo Nazionale di Monza,Kevin Magnussen,MAG,Haas F1 Team,16.63553131520769,20,0,0,0
2023,15,Singapore Grand Prix,2023-09-17,Marina Bay Street Circuit,Lando Norris,NOR,McLaren,3.9422180865680914,1,25,0,25
2023,15,Singapore Grand Prix,2023-09-17,Marina Bay Street Circuit,Carlos Sainz,SAI,Ferrari,4.301756051089288,2,18,0,18
2023,15,Singapore Grand Prix,2023-09-17,Marina Bay Street Circuit,Max Verstappen,VER,Red Bull,4.7063746488794855,3,15,0,15
2023,15,Singapore Grand Prix,2023-09-17,Marina Bay Street Circuit,Lewis Hamilton,HAM,Mercedes,4.816442905923761,4,12,0,12
2023,15,Singapore Grand Prix,2023-09-17,Marina Bay Street Circuit,Charles Leclerc,LEC,Ferrari,5.050445079916907,5,10,0,10
2023,15,Singapore Grand Prix,2023-09-17,Marina Bay Street Circuit,Sergio Pérez,PER,Red Bull,6.672026728733197,6,8,0,8
2023,15,Singapore Grand Prix,2023-09-17,Marina Bay Street Circuit,Oscar Piastri,PIA,McLaren,8.740924229924524,7,6,0,6
2023,15,Singapore Grand Prix,2023-09-17,Marina Bay Street Circuit,Pierre Gasly,GAS,Alpine F1 Team,9.647622256494294,8,4,0,4
2023,15,Singapore Grand Prix,2023-09-17,Marina Bay Street Circuit,George Russell,RUS,Mercedes,10.263369856812895,9,2,0,2
2023,15,Singapore Grand Prix,2023-09-17,Marina Bay Street Circuit,Alexander Albon,ALB,Williams,11.82224367490248,10,1,0,1
2023,15,Singapore Grand Prix,2023-09-17,Marina Bay Street Circuit,Fernando Alonso,ALO,Aston Martin,12.232722359086686,11,0,0,0
2023,15,Singapore Grand Prix,2023-09-17,Marina Bay Street Circuit,Kevin Magnussen,MAG,Haas F1 Team,12.537333248598538,12,0,0,0
2023,15,Singapore Grand Prix,2023-09-17,Marina Bay Street Circuit,Liam Lawson,LAW,AlphaTauri,12.569691752606444,13,0,0,0
2023,15,Singapore Grand Prix,2023-09-17,Marina Bay Street Circuit,Guanyu Zhou,ZHO,Alfa Romeo,13.384925568334364,14,0,0,0
2023,15,Singapore Grand Prix,2023-09-17,Marina Bay Street Circuit,Nico Hülkenberg,HUL,Haas F1 Team,13.407204827036464,15,0,0,0
2023,15,Singapore Grand Prix,2023-09-17,Marina Bay Street Circuit,Esteban Ocon,OCO,Alpine F1 Team,14.36873593912185,16,0,0,0
2023,15,Singapore Grand Prix,2023-09-17,Marina Bay Street Circuit,Logan Sargeant,SAR,Williams,15.02854468295859,17,0,0,0
2023,15,Singapore Grand Prix,2023-09-17,Marina Bay Street Circuit,Valtteri Bottas,BOT,Alfa Romeo,15.098841318358115,18,0,0,0
2023,15,Singapore Grand Prix,2023-09-17,Marina Bay Street Circuit,Yuki Tsunoda,TSU,AlphaTauri,15.675889044011512,19,0,0,0
2023,15,Singapore Grand Prix,2023-09-17,Marina Bay Street Circuit,Lance Stroll,STR,Aston Martin,15.723708094275336,20,0,0,0
2023,16,Japanese Grand Prix,2023-09-24,Suzuka Circuit,Max Verstappen,VER,Red Bull,1.595364590918843,1,25,0,25
2023,16,Japanese Grand Prix,2023-09-24,Suzuka Circuit,Lando Norris,NOR,McLaren,4.61831934968245,2,18,0,18
2023,16,Japanese Grand Prix,2023-09-24,Suzuka Circuit,Charles Leclerc,LEC,Ferrari,5.7409438291466826,3,15,0,15
2023,16,Japanese Grand Prix,2023-09-24,Suzuka Circuit,Lewis Hamilton,HAM,Mercedes,6.42319677908142,4,12,0,12
2023,16,Japanese Grand Prix,2023-09-24,Suzuka Circuit,Oscar Piastri,PIA,McLaren,6.516097393270693,5,10,0,10
2023,16,Japanese Grand Prix,2023-09-24,Suzuka Circuit,Carlos Sainz,SAI,Ferrari,7.575675517880324,6,8,0,8
2023,16,Japanese Grand Prix,2023-09-24,Suzuka Circuit,George Russell,RUS,Mercedes,7.704196500656866,7,6,0,6
2023,16,Japanese Grand Prix,2023-09-24,Suzuka Circuit,Fernando Alonso,ALO,Aston Martin,8.799438308795722,8,4,0,4
2023,16,Japanese Grand Prix,2023-09-24,Suzuka Circuit,Pierre Gasly,GAS,Alpine F1 Team,10.707626809163132,9,2,0,2
2023,16,Japanese Grand Prix,2023-09-24,Suzuka Circuit,Sergio Pérez,PER,Red Bull,11.270055014430014,10,1,0,1
2023,16,Japanese Grand Prix,2023-09-24,Suzuka Circuit,Esteban Ocon,OCO,Alpine F1 Team,11.322931973046026,11,0,0,0
2023,16,Japanese Grand Prix,2023-09-24,Suzuka Circuit,Liam Lawson,LAW,AlphaTauri,12.449055969052944,12,0,0,0
2023,16,Japanese Grand Prix,2023-09-24,Suzuka Circuit,Yuki Tsunoda,TSU,AlphaTauri,12.643490565755092,13,0,0,0
2023,16,Japanese Grand Prix,2023-09-24,Suzuka Circuit,Alexander Albon,ALB,Williams,13.407594182764056,14,0,0,0
2023,16,Japanese Grand Prix,2023-09-24,Suzuka Circuit,Guanyu Zhou,ZHO,Alfa Romeo,13.9084483484888,15,0,0,0
2023,16,Japanese Grand Prix,2023-09-24,Suzuka Circuit,Nico Hülkenberg,HUL,Haas F1 Team,14.453057131774203,16,0,0,0
2023,16,Japanese Grand Prix,2023-09-24,Suzuka Circuit,Lance Stroll,STR,Aston Martin,14.529073362892586,17,0,0,0
2023,16,Japanese Grand Prix,2023-09-24,Suzuka Circuit,Kevin Magnussen,MAG,Haas F1 Team,15.646578238928791,18,0,0,0
2023,16,Japanese Grand Prix,2023-09-24,Suzuka Circuit,Logan Sargeant,SAR,Williams,15.73907259142108,19,0,0,0
2023,16,Japanese Grand Prix,2023-09-24,Suzuka Circuit,Valtteri Bottas,BOT,Alfa Romeo,16.528120731911432,20,0,0,0
2023,17,Qatar Grand Prix,2023-10-08,Losail International Circuit,Max Verstappen,VER,Red Bull,1.8405885801941912,1,25,0,25
2023,17,Qatar Grand Prix,2023-10-08,Losail International Circuit,Lando Norris,NOR,McLaren,4.973529553139311,2,18,0,18
2023,17,Qatar Grand Prix,2023-10-08,Losail International Circuit,Oscar Piastri,PIA,McLaren,5.414431403791829,3,15,0,15
2023,17,Qatar Grand Prix,2023-10-08,Losail International Circuit,George Russell,RUS,Mercedes,5.887110966847343,4,12,0,12
2023,17,Qatar Grand Prix,2023-10-08,Losail International Circuit,Charles Leclerc,LEC,Ferrari,6.981993695851696,5,10,0,10
2023,17,Qatar Grand Prix,2023-10-08,Losail International Circuit,Fernando Alonso,ALO,Aston Martin,7.341444435309154,6,8,0,8
2023,17,Qatar Grand Prix,2023-10-08,Losail International Circuit,Sergio Pérez,PER,Red Bull,8.510323165246708,7,6,0,6
2023,17,Qatar Grand Prix,2023-10-08,Losail International Circuit,Esteban Ocon,OCO,Alpine F1 Team,9.610422662812669,8,4,0,4
2023,17,Qatar Grand Prix,2023-10-08,Losail International Circuit,Lewis Hamilton,HAM,Mercedes,11.292792758636752,9,2,0,2
2023,17,Qatar Grand Prix,2023-10-08,Losail International Circuit,Lance Stroll,STR,Aston Martin,11.58176748453916,10,1,0,1
2023,17,Qatar Grand Prix,2023-10-08,Losail International Circuit,Pierre Gasly,GAS,Alpine F1 Team,11.768854146990568,11,0,0,0
2023,17,Qatar Grand Prix,2023-10-08,Losail International Circuit,Valtteri Bottas,BOT,Alfa Romeo,11.954006692569685,12,0,0,0
2023,17,Qatar Grand Prix,2023-10-08,Losail International Circuit,Guanyu Zhou,ZHO,Alfa Romeo,12.195859314485237,13,0,0,0
2023,17,Qatar Grand Prix,2023-10-08,Losail International Circuit,Carlos Sainz,SAI,Ferrari,12.383939981993016,14,0,0,0
2023,17,Qatar Grand Prix,2023-10-08,Losail International Circuit,Alexander Albon,ALB,Williams,13.441526263036378,15,0,0,0
2023,17,Qatar Grand Prix,2023-10-08,Losail International Circuit,Yuki Tsunoda,TSU,AlphaTauri,13.90115034065494,16,0,0,0
2023,17,Qatar Grand Prix,2023-10-08,Losail International Circuit,Liam Lawson,LAW,AlphaTauri,14.774838644793078,17,0,0,0
2023,17,Qatar Grand Prix,2023-10-08,Losail International Circuit,Nico Hülkenberg,HUL,Haas F1 Team,14.822749404104664,18,0,0,0
2023,17,Qatar Grand Prix,2023-10-08,Losail International Circuit,Kevin Magnussen,MAG,Haas F1 Team,14.949735859272607,19,0,0,0
2023,17,Qatar Grand Prix,2023-10-08,Losail International Circuit,Logan Sargeant,SAR,Williams,15.805564845291972,20,0,0,0
2023,18,United States Grand Prix,2023-10-22,Circuit of the Americas,Max Verstappen,VER,Red Bull,1.9244271428613304,1,25,0,25
2023,18,United States Grand Prix,2023-10-22,Circuit of the Americas,Lando Norris,NOR,McLaren,5.191887501300326,2,18,0,18
2023,18,United States Grand Prix,2023-10-22,Circuit of the Americas,Carlos Sainz,SAI,Ferrari,5.86526303693862,3,15,0,15
2023,18,United States Grand Prix,2023-10-22,Circuit of the Americas,George Russell,RUS,Mercedes,6.650952773464461,4,12,0,12
2023,18,United States Grand Prix,2023-10-22,Circuit of the Americas,Sergio Pérez,PER,Red Bull,7.342703483514878,5,10,0,10
2023,18,United States Grand Prix,2023-10-22,Circuit of the Americas,Pierre Gasly,GAS,Alpine F1 Team,9.298749926665549,6,8,0,8
2023,18,United States Grand Prix,2023-10-22,Circuit of the Americas,Alexander Albon,ALB,Williams,10.45346360330886,7,6,0,6
2023,18,United States Grand Prix,2023-10-22,Circuit of the Americas,Yuki Tsunoda,TSU,AlphaTauri,10.915248211342972,8,4,0,4
2023,18,United States Grand Prix,2023-10-22,Circuit of the Americas,Lewis Hamilton,HAM,Mercedes,10.998207093336385,9,2,0,2
2023,18,United States Grand Prix,2023-10-22,Circuit of the Americas,Lance Stroll,STR,Aston Martin,11.42620212872785,10,1,0,1
2023,18,United States Grand Prix,2023-10-22,Circuit of the Americas,Oscar Piastri,PIA,McLaren,11.880128080667989,11,0,0,0
2023,18,United States Grand Prix,2023-10-22,Circuit of the Americas,Charles Leclerc,LEC,Ferrari,12.14761273468971,12,0,0,0
2023,18,United States Grand Prix,2023-10-22,Circuit of the Americas,Logan Sargeant,SAR,Williams,12.60262462720896,13,0,0,0
2023,18,United States Grand Prix,2023-10-22,Circuit of the Americas,Nico Hülkenberg,HUL,Haas F1 Team,12.686613601680865,14,0,0,0
2023,18,United States Grand Prix,2023-10-22,Circuit of the Americas,Valtteri Bottas,BOT,Alfa Romeo,12.875914172797737,15,0,0,0
2023,18,United States Grand Prix,2023-10-22,Circuit of the Americas,Fernando Alonso,ALO,Aston Martin,13.003543786521822,16,0,0,0
2023,18,United States Grand Prix,2023-10-22,Circuit of the Americas,Guanyu Zhou,ZHO,Alfa Romeo,13.080081641649477,17,0,0,0
2023,18,United States Grand Prix,2023-10-22,Circuit of the Americas,Kevin Magnussen,MAG,Haas F1 Team,13.649146208216258,18,0,0,0
2023,18,United States Grand Prix,2023-10-22,Circuit of the Americas,Daniel Ricciardo,RIC,AlphaTauri,14.042253529347192,19,0,0,0
2023,18,United States Grand Prix,2023-10-22,Circuit of the Americas,Esteban Ocon,OCO,Alpine F1 Team,14.26338530438712,20,0,0,0
2023,19,Mexico City Grand Prix,2023-10-29,Autódromo Hermanos Rodríguez,Max Verstappen,VER,Red Bull,1.7164822845019634,1,25,0,25
2023,19,Mexico City Grand Prix,2023-10-29,Autódromo Hermanos Rodríguez,Lando Norris,NOR,McLaren,5.155181283493924,2,18,0,18
2023,19,Mexico City Grand Prix,2023-10-29,Autódromo Hermanos Rodríguez,Carlos Sainz,SAI,Ferrari,5.5613432810934,3,15,0,15
2023,19,Mexico City Grand Prix,2023-10-29,Autódromo Hermanos Rodríguez,Lewis Hamilton,HAM,Mercedes,5.69655239287453,4,12,0,12
2023,19,Mexico City Grand Prix,2023-10-29,Autódromo Hermanos Rodríguez,Charles Leclerc,LEC,Ferrari,5.860276277341256,5,10,0,10
2023,19,Mexico City Grand Prix,2023-10-29,Autódromo Hermanos Rodríguez,George Russell,RUS,Mercedes,6.541286910128082,6,8,0,8
2023,19,Mexico City Grand Prix,2023-10-29,Autódromo Hermanos Rodríguez,Oscar Piastri,PIA,McLaren,7.536974933534843,7,6,0,6
2023,19,Mexico City Grand Prix,2023-10-29,Autódromo Hermanos Rodríguez,Daniel Ricciardo,RIC,AlphaTauri,10.309066055819258,8,4,0,4
2023,19,Mexico City Grand Prix,2023-10-29,Autódromo Hermanos Rodríguez,Alexander Albon,ALB,Williams,10.510102114498148,9,2,0,2
2023,19,Mexico City Grand Prix,2023-10-29,Autódromo Hermanos Rodríguez,Esteban Ocon,OCO,Alpine F1 Team,10.742508384366502,10,1,0,1
2023,19,Mexico City Grand Prix,2023-10-29,Autódromo Hermanos Rodríguez,Pierre Gasly,GAS,Alpine F1 Team,11.20644639482306,11,0,0,0
2023,19,Mexico City Grand Prix,2023-10-29,Autódromo Hermanos Rodríguez,Sergio Pérez,PER,Red Bull,11.29773560112206,12,0,0,0
2023,19,Mexico City Grand Prix,2023-10-29,Autódromo Hermanos Rodríguez,Yuki Tsunoda,TSU,AlphaTauri,13.518543625297912,13,0,0,0
2023,19,Mexico City Grand Prix,2023-10-29,Autódromo Hermanos Rodríguez,Guanyu Zhou,ZHO,Alfa Romeo,13.573482111158222,14,0,0,0
2023,19,Mexico City Grand Prix,2023-10-29,Autódromo Hermanos Rodríguez,Nico Hülkenberg,HUL,Haas F1 Team,13.669027573900213,15,0,0,0
2023,19,Mexico City Grand Prix,2023-10-29,Autódromo Hermanos Rodríguez,Valtteri Bottas,BOT,Alfa Romeo,14.028181996809264,16,0,0,0
2023,19,Mexico City Grand Prix,2023-10-29,Autódromo Hermanos Rodríguez,Lance Stroll,STR,Aston Martin,14.3343934351122,17,0,0,0
2023,19,Mexico City Grand Prix,2023-10-29,Autódromo Hermanos Rodríguez,Logan Sargeant,SAR,Williams,14.991757304859664,18,0,0,0
2023,19,Mexico City Grand Prix,2023-10-29,Autódromo Hermanos Rodríguez,Fernando Alonso,ALO,Aston Martin,15.546073644688173,19,0,0,0
2023,19,Mexico City Grand Prix,2023-10-29,Autódromo Hermanos Rodríguez,Kevin Magnussen,MAG,Haas F1 Team,16.24686747012693,20,0,0,0
2023,20,São Paulo Grand Prix,2023-11-05,Autódromo José Carlos Pace,Max Verstappen,VER,Red Bull,2.444805761153864,1,25,0,25
2023,20,São Paulo Grand Prix,2023-11-05,Autódromo José Carlos Pace,Lando Norris,NOR,McLaren,5.388999556478007,2,18,0,18
2023,20,São Paulo Grand Prix,2023-11-05,Autódromo José Carlos Pace,Carlos Sainz,SAI,Ferrari,7.966724502081339,3,15,0,15
2023,20,São Paulo Grand Prix,2023-11-05,Autódromo José Carlos Pace,Sergio Pérez,PER,Red Bull,8.279940604534353,4,12,0,12
2023,20,São Paulo Grand Prix,2023-11-05,Autódromo José Carlos Pace,Fernando Alonso,ALO,Aston Martin,8.376201480870861,5,10,0,10
2023,20,São Paulo Grand Prix,2023-11-05,Autódromo José Carlos Pace,Pierre Gasly,GAS,Alpine F1 Team,8.580789392428622,6,8,0,8
2023,20,São Paulo Grand Prix,2023-11-05,Autódromo José Carlos Pace,Lewis Hamilton,HAM,Mercedes,8.753379565940921,7,6,0,6
2023,20,São Paulo Grand Prix,2023-11-05,Autódromo José Carlos Pace,Lance Stroll,STR,Aston Martin,8.878624196577325,8,4,0,4
2023,20,São Paulo Grand Prix,2023-11-05,Autódromo José Carlos Pace,George Russell,RUS,Mercedes,10.16199659289986,9,2,0,2
2023,20,São Paulo Grand Prix,2023-11-05,Autódromo José Carlos Pace,Charles Leclerc,LEC,Ferrari,11.050645320808648,10,1,0,1
2023,20,São Paulo Grand Prix,2023-11-05,Autódromo José Carlos Pace,Esteban Ocon,OCO,Alpine F1 Team,11.21294204011383,11,0,0,0
2023,20,São Paulo Grand Prix,2023-11-05,Autódromo José Carlos Pace,Oscar Piastri,PIA,McLaren,11.48390812514292,12,0,0,0
2023,20,São Paulo Grand Prix,2023-11-05,Autódromo José Carlos Pace,Yuki Tsunoda,TSU,AlphaTauri,11.670760810620852,13,0,0,0
2023,20,São Paulo Grand Prix,2023-11-05,Autódromo José Carlos Pace,Nico Hülkenberg,HUL,Haas F1 Team,12.698067073278857,14,0,0,0
2023,20,São Paulo Grand Prix,2023-11-05,Autódromo José Carlos Pace,Daniel Ricciardo,RIC,AlphaTauri,12.717225938992652,15,0,0,0
2023,20,São Paulo Grand Prix,2023-11-05,Autódromo José Carlos Pace,Logan Sargeant,SAR,Williams,13.134062228243591,16,0,0,0
2023,20,São Paulo Grand Prix,2023-11-05,Autódromo José Carlos Pace,Alexander Albon,ALB,Williams,14.654371853093306,17,0,0,0
2023,20,São Paulo Grand Prix,2023-11-05,Autódromo José Carlos Pace,Valtteri Bottas,BOT,Alfa Romeo,14.762604396970255,18,0,0,0
2023,20,São Paulo Grand Prix,2023-11-05,Autódromo José Carlos Pace,Guanyu Zhou,ZHO,Alfa Romeo,14.943550922854984,19,0,0,0
2023,20,São Paulo Grand Prix,2023-11-05,Autódromo José Carlos Pace,Kevin Magnussen,MAG,Haas F1 Team,15.4422736679869,20,0,0,0
2023,21,Las Vegas Grand Prix,2023-11-19,Las Vegas Strip Street Circuit,Max Verstappen,VER,Red Bull,3.483198548594237,1,25,0,25
2023,21,Las Vegas Grand Prix,2023-11-19,Las Vegas Strip Street Circuit,Charles Leclerc,LEC,Ferrari,4.348814476802012,2,18,0,18
2023,21,Las Vegas Grand Prix,2023-11-19,Las Vegas Strip Street Circuit,Sergio Pérez,PER,Red Bull,6.286274185251024,3,15,0,15
2023,21,Las Vegas Grand Prix,2023-11-19,Las Vegas Strip Street Circuit,Carlos Sainz,SAI,Ferrari,7.33883531687249,4,12,0,12
2023,21,Las Vegas Grand Prix,2023-11-19,Las Vegas Strip Street Circuit,George Russell,RUS,Mercedes,7.624883912898347,5,10,0,10
2023,21,Las Vegas Grand Prix,2023-11-19,Las Vegas Strip Street Circuit,Lewis Hamilton,HAM,Mercedes,7.865263743539778,6,8,0,8
2023,21,Las Vegas Grand Prix,2023-11-19,Las Vegas Strip Street Circuit,Esteban Ocon,OCO,Alpine F1 Team,8.064634984784327,7,6,0,6
2023,21,Las Vegas Grand Prix,2023-11-19,Las Vegas Strip Street Circuit,Lance Stroll,STR,Aston Martin,8.536355327389238,8,4,0,4
2023,21,Las Vegas Grand Prix,2023-11-19,Las Vegas Strip Street Circuit,Fernando Alonso,ALO,Aston Martin,9.575309547886752,9,2,0,2
2023,21,Las Vegas Grand Prix,2023-11-19,Las Vegas Strip Street Circuit,Oscar Piastri,PIA,McLaren,9.813392833217016,10,1,0,1
2023,21,Las Vegas Grand Prix,2023-11-19,Las Vegas Strip Street Circuit,Pierre Gasly,GAS,Alpine F1 Team,11.104021402399178,11,0,0,0
2023,21,Las Vegas Grand Prix,2023-11-19,Las Vegas Strip Street Circuit,Lando Norris,NOR,McLaren,11.84879348140852,12,0,0,0
2023,21,Las Vegas Grand Prix,2023-11-19,Las Vegas Strip Street Circuit,Alexander Albon,ALB,Williams,13.053999821582854,13,0,0,0
2023,21,Las Vegas Grand Prix,2023-11-19,Las Vegas Strip Street Circuit,Daniel Ricciardo,RIC,AlphaTauri,13.637158547958936,14,0,0,0
2023,21,Las Vegas Grand Prix,2023-11-19,Las Vegas Strip Street Circuit,Kevin Magnussen,MAG,Haas F1 Team,13.712318077885934,15,0,0,0
2023,21,Las Vegas Grand Prix,2023-11-19,Las Vegas Strip Street Circuit,Guanyu Zhou,ZHO,Alfa Romeo,14.474562699754252,16,0,0,0
2023,21,Las Vegas Grand Prix,2023-11-19,Las Vegas Strip Street Circuit,Yuki Tsunoda,TSU,AlphaTauri,14.897255075060222,17,0,0,0
2023,21,Las Vegas Grand Prix,2023-11-19,Las Vegas Strip Street Circuit,Logan Sargeant,SAR,Williams,15.041250021802089,18,0,0,0
2023,21,Las Vegas Grand Prix,2023-11-19,Las Vegas Strip Street Circuit,Valtteri Bottas,BOT,Alfa Romeo,15.284567343450728,19,0,0,0
2023,21,Las Vegas Grand Prix,2023-11-19,Las Vegas Strip Street Circuit,Nico Hülkenberg,HUL,Haas F1 Team,15.504499282839896,20,0,0,0
2023,22,Abu Dhabi Grand Prix,2023-11-26,Yas Marina Circuit,Max Verstappen,VER,Red Bull,2.058608679393606,1,25,0,25
2023,22,Abu Dhabi Grand Prix,2023-11-26,Yas Marina Circuit,George Russell,RUS,Mercedes,5.318910832532523,2,18,0,18
2023,22,Abu Dhabi Grand Prix,2023-11-26,Yas Marina Circuit,Charles Leclerc,LEC,Ferrari,5.45214796954214,3,15,0,15
2023,22,Abu Dhabi Grand Prix,2023-11-26,Yas Marina Circuit,Sergio Pérez,PER,Red Bull,5.682482084905643,4,12,0,12
2023,22,Abu Dhabi Grand Prix,2023-11-26,Yas Marina Circuit,Lando Norris,NOR,McLaren,6.451620830217244,5,10,0,10
2023,22,Abu Dhabi Grand Prix,2023-11-26,Yas Marina Circuit,Oscar Piastri,PIA,McLaren,7.311903812072013,6,8,0,8
2023,22,Abu Dhabi Grand Prix,2023-11-26,Yas Marina Circuit,Lewis Hamilton,HAM,Mercedes,8.486837766348634,7,6,0,6
2023,22,Abu Dhabi Grand Prix,2023-11-26,Yas Marina Circuit,Lance Stroll,STR,Aston Martin,9.190248259186518,8,4,0,4
2023,22,Abu Dhabi Grand Prix,2023-11-26,Yas Marina Circuit,Fernando Alonso,ALO,Aston Martin,9.22281876356445,9,2,0,2
2023,22,Abu Dhabi Grand Prix,2023-11-26,Yas Marina Circuit,Yuki Tsunoda,TSU,AlphaTauri,10.901450534978244,10,1,0,1
2023,22,Abu Dhabi Grand Prix,2023-11-26,Yas Marina Circuit,Daniel Ricciardo,RIC,AlphaTauri,11.238660274732297,11,0,0,0
2023,22,Abu Dhabi Grand Prix,2023-11-26,Yas Marina Circuit,Carlos Sainz,SAI,Ferrari,11.256271407671056,12,0,0,0
2023,22,Abu Dhabi Grand Prix,2023-11-26,Yas Marina Circuit,Esteban Ocon,OCO,Alpine F1 Team,11.315632139188178,13,0,0,0
2023,22,Abu Dhabi Grand Prix,2023-11-26,Yas Marina Circuit,Pierre Gasly,GAS,Alpine F1 Team,11.57445026502209,14,0,0,0
2023,22,Abu Dhabi Grand Prix,2023-11-26,Yas Marina Circuit,Alexander Albon,ALB,Williams,13.711332015476364,15,0,0,0
2023,22,Abu Dhabi Grand Prix,2023-11-26,Yas Marina Circuit,Nico Hülkenberg,HUL,Haas F1 Team,14.897395319014032,16,0,0,0
2023,22,Abu Dhabi Grand Prix,2023-11-26,Yas Marina Circuit,Valtteri Bottas,BOT,Alfa Romeo,14.920921218880151,17,0,0,0
2023,22,Abu Dhabi Grand Prix,2023-11-26,Yas Marina Circuit,Guanyu Zhou,ZHO,Alfa Romeo,15.215858090415017,18,0,0,0
2023,22,Abu Dhabi Grand Prix,2023-11-26,Yas Marina Circuit,Logan Sargeant,SAR,Williams,15.227097740760666,19,0,0,0
2023,22,Abu Dhabi Grand Prix,2023-11-26,Yas Marina Circuit,Kevin Magnussen,MAG,Haas F1 Team,16.924630013806482,20,0,0,0
2024,1,Bahrain Grand Prix,2024-03-02,Bahrain International Circuit,Max Verstappen,VER,Red Bull,3.762932724846924,1,25,0,25
2024,1,Bahrain Grand Prix,2024-03-02,Bahrain International Circuit,Sergio Pérez,PER,Red Bull,4.321868349457888,2,18,0,18
2024,1,Bahrain Grand Prix,2024-03-02,Bahrain International Circuit,Charles Leclerc,LEC,Ferrari,5.573973207651688,3,15,0,15
2024,1,Bahrain Grand Prix,2024-03-02,Bahrain International Circuit,Carlos Sainz,SAI,Ferrari,5.807723524156719,4,12,0,12
2024,1,Bahrain Grand Prix,2024-03-02,Bahrain International Circuit,George Russell,RUS,Mercedes,5.816243123810047,5,10,0,10
2024,1,Bahrain Grand Prix,2024-03-02,Bahrain International Circuit,Lando Norris,NOR,McLaren,6.681431184335708,6,8,0,8
2024,1,Bahrain Grand Prix,2024-03-02,Bahrain International Circuit,Lewis Hamilton,HAM,Mercedes,7.741712253128298,7,6,0,6
2024,1,Bahrain Grand Prix,2024-03-02,Bahrain International Circuit,Oscar Piastri,PIA,McLaren,8.21963615208733,8,4,0,4
2024,1,Bahrain Grand Prix,2024-03-02,Bahrain International Circuit,Fernando Alonso,ALO,Aston Martin,8.748531970649891,9,2,0,2
2024,1,Bahrain Grand Prix,2024-03-02,Bahrain International Circuit,Lance Stroll,STR,Aston Martin,10.996356536981546,10,1,0,1
2024,1,Bahrain Grand Prix,2024-03-02,Bahrain International Circuit,Daniel Ricciardo,RIC,RB F1 Team,12.361639590389904,11,0,0,0
2024,1,Bahrain Grand Prix,2024-03-02,Bahrain International Circuit,Yuki Tsunoda,TSU,RB F1 Team,12.401391100661542,12,0,0,0
2024,1,Bahrain Grand Prix,2024-03-02,Bahrain International Circuit,Kevin Magnussen,MAG,Haas F1 Team,12.8028105071918,13,0,0,0
2024,1,Bahrain Grand Prix,2024-03-02,Bahrain International Circuit,Guanyu Zhou,ZHO,Sauber,13.339629937511017,14,0,0,0
2024,1,Bahrain Grand Prix,2024-03-02,Bahrain International Circuit,Alexander Albon,ALB,Williams,14.391623774917887,15,0,0,0
2024,1,Bahrain Grand Prix,2024-03-02,Bahrain International Circuit,Nico Hülkenberg,HUL,Haas F1 Team,14.655216447370888,16,0,0,0
2024,1,Bahrain Grand Prix,2024-03-02,Bahrain International Circuit,Esteban Ocon,OCO,Alpine F1 Team,15.445172310668632,17,0,0,0
2024,1,Bahrain Grand Prix,2024-03-02,Bahrain International Circuit,Pierre Gasly,GAS,Alpine F1 Team,15.61202002776634,18,0,0,0
2024,1,Bahrain Grand Prix,2024-03-02,Bahrain International Circuit,Valtteri Bottas,BOT,Sauber,16.51743784146372,19,0,0,0
2024,1,Bahrain Grand Prix,2024-03-02,Bahrain International Circuit,Logan Sargeant,SAR,Williams,16.59211861504508,20,0,0,0
2024,2,Saudi Arabian Grand Prix,2024-03-09,Jeddah Corniche Circuit,Max Verstappen,VER,Red Bull,2.441663915424813,1,25,0,25
2024,2,Saudi Arabian Grand Prix,2024-03-09,Jeddah Corniche Circuit,Sergio Pérez,PER,Red Bull,3.57677072081184,2,18,0,18
2024,2,Saudi Arabian Grand Prix,2024-03-09,Jeddah Corniche Circuit,Charles Leclerc,LEC,Ferrari,4.562381762676868,3,15,0,15
2024,2,Saudi Arabian Grand Prix,2024-03-09,Jeddah Corniche Circuit,George Russell,RUS,Mercedes,6.788280620815964,4,12,0,12
2024,2,Saudi Arabian Grand Prix,2024-03-09,Jeddah Corniche Circuit,Lando Norris,NOR,McLaren,7.595874087677295,5,10,0,10
2024,2,Saudi Arabian Grand Prix,2024-03-09,Jeddah Corniche Circuit,Fernando Alonso,ALO,Aston Martin,7.900417395104894,6,8,0,8
2024,2,Saudi Arabian Grand Prix,2024-03-09,Jeddah Corniche Circuit,Oscar Piastri,PIA,McLaren,8.274383697366268,7,6,0,6
2024,2,Saudi Arabian Grand Prix,2024-03-09,Jeddah Corniche Circuit,Lewis Hamilton,HAM,Mercedes,8.389632698486217,8,4,0,4
2024,2,Saudi Arabian Grand Prix,2024-03-09,Jeddah Corniche Circuit,Oliver Bearman,BEA,Ferrari,8.609170699664212,9,2,0,2
2024,2,Saudi Arabian Grand Prix,2024-03-09,Jeddah Corniche Circuit,Nico Hülkenberg,HUL,Haas F1 Team,12.885995565123288,10,1,0,1
2024,2,Saudi Arabian Grand Prix,2024-03-09,Jeddah Corniche Circuit,Alexander Albon,ALB,Williams,12.91524040589623,11,0,0,0
2024,2,Saudi Arabian Grand Prix,2024-03-09,Jeddah Corniche Circuit,Kevin Magnussen,MAG,Haas F1 Team,13.036466292809164,12,0,0,0
2024,2,Saudi Arabian Grand Prix,2024-03-09,Jeddah Corniche Circuit,Esteban Ocon,OCO,Alpine F1 Team,13.36156706250199,13,0,0,0
2024,2,Saudi Arabian Grand Prix,2024-03-09,Jeddah Corniche Circuit,Logan Sargeant,SAR,Williams,14.450173160044285,14,0,0,0
2024,2,Saudi Arabian Grand Prix,2024-03-09,Jeddah Corniche Circuit,Daniel Ricciardo,RIC,RB F1 Team,14.53773592598922,15,0,0,0
2024,2,Saudi Arabian Grand Prix,2024-03-09,Jeddah Corniche Circuit,Yuki Tsunoda,TSU,RB F1 Team,14.80245909755449,16,0,0,0
2024,2,Saudi Arabian Grand Prix,2024-03-09,Jeddah Corniche Circuit,Lance Stroll,STR,Aston Martin,14.904888548809376,17,0,0,0
2024,2,Saudi Arabian Grand Prix,2024-03-09,Jeddah Corniche Circuit,Valtteri Bottas,BOT,Sauber,15.787633280105254,18,0,0,0
2024,2,Saudi Arabian Grand Prix,2024-03-09,Jeddah Corniche Circuit,Guanyu Zhou,ZHO,Sauber,15.98689953102454,19,0,0,0
2024,2,Saudi Arabian Grand Prix,2024-03-09,Jeddah Corniche Circuit,Pierre Gasly,GAS,Alpine F1 Team,16.668287505257894,20,0,0,0
2024,3,Australian Grand Prix,2024-03-24,Albert Park Grand Prix Circuit,Carlos Sainz,SAI,Ferrari,4.317752080133128,1,25,0,25
2024,3,Australian Grand Prix,2024-03-24,Albert Park Grand Prix Circuit,Charles Leclerc,LEC,Ferrari,4.4843073724853735,2,18,0,18
2024,3,Australian Grand Prix,2024-03-24,Albert Park Grand Prix Circuit,Lando Norris,NOR,McLaren,5.2064669900466445,3,15,0,15
2024,3,Australian Grand Prix,2024-03-24,Albert Park Grand Prix Circuit,Oscar Piastri,PIA,McLaren,6.757018810811874,4,12,0,12
2024,3,Australian Grand Prix,2024-03-24,Albert Park Grand Prix Circuit,Sergio Pérez,PER,Red Bull,6.84400564240203,5,10,0,10
2024,3,Australian Grand Prix,2024-03-24,Albert Park Grand Prix Circuit,Lance Stroll,STR,Aston Martin,8.668374325503173,6,8,0,8
2024,3,Australian Grand Prix,2024-03-24,Albert Park Grand Prix Circuit,Fernando Alonso,ALO,Aston Martin,9.149383305814895,7,6,0,6
2024,3,Australian Grand Prix,2024-03-24,Albert Park Grand Prix Circuit,Yuki Tsunoda,TSU,RB F1 Team,9.476001564170096,8,4,0,4
2024,3,Australian Grand Prix,2024-03-24,Albert Park Grand Prix Circuit,Max Verstappen,VER,Red Bull,9.697167843608309,9,2,0,2
2024,3,Australian Grand Prix,2024-03-24,Albert Park Grand Prix Circuit,Nico Hülkenberg,HUL,Haas F1 Team,11.188153389853708,10,1,0,1
2024,3,Australian Grand Prix,2024-03-24,Albert Park Grand Prix Circuit,Kevin Magnussen,MAG,Haas F1 Team,11.434682556470465,11,0,0,0
2024,3,Australian Grand Prix,2024-03-24,Albert Park Grand Prix Circuit,George Russell,RUS,Mercedes,11.641237866300369,12,0,0,0
2024,3,Australian Grand Prix,2024-03-24,Albert Park Grand Prix Circuit,Alexander Albon,ALB,Williams,11.692923684475986,13,0,0,0
2024,3,Australian Grand Prix,2024-03-24,Albert Park Grand Prix Circuit,Daniel Ricciardo,RIC,RB F1 Team,12.058748334311542,14,0,0,0
2024,3,Australian Grand Prix,2024-03-24,Albert Park Grand Prix Circuit,Lewis Hamilton,HAM,Mercedes,12.092148020148109,15,0,0,0
2024,3,Australian Grand Prix,2024-03-24,Albert Park Grand Prix Circuit,Pierre Gasly,GAS,Alpine F1 Team,13.440947518600742,16,0,0,0
2024,3,Australian Grand Prix,2024-03-24,Albert Park Grand Prix Circuit,Esteban Ocon,OCO,Alpine F1 Team,14.32705828313588,17,0,0,0
2024,3,Australian Grand Prix,2024-03-24,Albert Park Grand Prix Circuit,Guanyu Zhou,ZHO,Sauber,14.545369231065628,18,0,0,0
2024,3,Australian Grand Prix,2024-03-24,Albert Park Grand Prix Circuit,Valtteri Bottas,BOT,Sauber,14.624567059966637,19,0,0,0
2024,4,Japanese Grand Prix,2024-04-07,Suzuka Circuit,Max Verstappen,VER,Red Bull,2.807761819901196,1,25,0,25
2024,4,Japanese Grand Prix,2024-04-07,Suzuka Circuit,Sergio Pérez,PER,Red Bull,3.309573644741308,2,18,0,18
2024,4,Japanese Grand Prix,2024-04-07,Suzuka Circuit,Carlos Sainz,SAI,Ferrari,4.7530768987956495,3,15,0,15
2024,4,Japanese Grand Prix,2024-04-07,Suzuka Circuit,Charles Leclerc,LEC,Ferrari,5.16329750727443,4,12,0,12
2024,4,Japanese Grand Prix,2024-04-07,Suzuka Circuit,Lando Norris,NOR,McLaren,5.97030840097668,5,10,0,10
2024,4,Japanese Grand Prix,2024-04-07,Suzuka Circuit,George Russell,RUS,Mercedes,7.522319150070672,6,8,0,8
2024,4,Japanese Grand Prix,2024-04-07,Suzuka Circuit,Oscar Piastri,PIA,McLaren,7.575003946306466,7,6,0,6
2024,4,Japanese Grand Prix,2024-04-07,Suzuka Circuit,Fernando Alonso,ALO,Aston Martin,7.759281753212147,8,4,0,4
2024,4,Japanese Grand Prix,2024-04-07,Suzuka Circuit,Lewis Hamilton,HAM,Mercedes,8.143379449062234,9,2,0,2
2024,4,Japanese Grand Prix,2024-04-07,Suzuka Circuit,Yuki Tsunoda,TSU,RB F1 Team,11.41187240336692,10,1,0,1
2024,4,Japanese Grand Prix,2024-04-07,Suzuka Circuit,Lance Stroll,STR,Aston Martin,11.596715504481452,11,0,0,0
2024,4,Japanese Grand Prix,2024-04-07,Suzuka Circuit,Nico Hülkenberg,HUL,Haas F1 Team,12.376634172605051,12,0,0,0
2024,4,Japanese Grand Prix,2024-04-07,Suzuka Circuit,Kevin Magnussen,MAG,Haas F1 Team,13.707988890354027,13,0,0,0
2024,4,Japanese Grand Prix,2024-04-07,Suzuka Circuit,Esteban Ocon,OCO,Alpine F1 Team,14.08807611577406,14,0,0,0
2024,4,Japanese Grand Prix,2024-04-07,Suzuka Circuit,Valtteri Bottas,BOT,Sauber,14.697309197472856,15,0,0,0
2024,4,Japanese Grand Prix,2024-04-07,Suzuka Circuit,Pierre Gasly,GAS,Alpine F1 Team,15.31534611708902,16,0,0,0
2024,4,Japanese Grand Prix,2024-04-07,Suzuka Circuit,Daniel Ricciardo,RIC,RB F1 Team,15.997823031856868,17,0,0,0
2024,4,Japanese Grand Prix,2024-04-07,Suzuka Circuit,Alexander Albon,ALB,Williams,16.445195425860064,18,0,0,0
2024,4,Japanese Grand Prix,2024-04-07,Suzuka Circuit,Guanyu Zhou,ZHO,Sauber,16.533695538774946,19,0,0,0
2024,4,Japanese Grand Prix,2024-04-07,Suzuka Circuit,Logan Sargeant,SAR,Williams,16.644818769417068,20,0,0,0
2024,5,Chinese Grand Prix,2024-04-21,Shanghai International Circuit,Max Verstappen,VER,Red Bull,2.9640129651121505,1,25,0,25
2024,5,Chinese Grand Prix,2024-04-21,Shanghai International Circuit,Sergio Pérez,PER,Red Bull,4.27001763713,2,18,0,18
2024,5,Chinese Grand Prix,2024-04-21,Shanghai International Circuit,Charles Leclerc,LEC,Ferrari,4.806103499579304,3,15,0,15
2024,5,Chinese Grand Prix,2024-04-21,Shanghai International Circuit,Lando Norris,NOR,McLaren,5.093953696461776,4,12,0,12
2024,5,Chinese Grand Prix,2024-04-21,Shanghai International Circuit,Carlos Sainz,SAI,Ferrari,5.561814432228131,5,10,0,10
2024,5,Chinese Grand Prix,2024-04-21,Shanghai International Circuit,George Russell,RUS,Mercedes,7.573983004351874,6,8,0,8
2024,5,Chinese Grand Prix,2024-04-21,Shanghai International Circuit,Oscar Piastri,PIA,McLaren,7.790672228941982,7,6,0,6
2024,5,Chinese Grand Prix,2024-04-21,Shanghai International Circuit,Fernando Alonso,ALO,Aston Martin,8.738214998449974,8,4,0,4
2024,5,Chinese Grand Prix,2024-04-21,Shanghai International Circuit,Lewis Hamilton,HAM,Mercedes,9.98735005925447,9,2,0,2
2024,5,Chinese Grand Prix,2024-04-21,Shanghai International Circuit,Nico Hülkenberg,HUL,Haas F1 Team,11.54362121640151,10,1,0,1
2024,5,Chinese Grand Prix,2024-04-21,Shanghai International Circuit,Esteban Ocon,OCO,Alpine F1 Team,11.80020773375386,11,0,0,0
2024,5,Chinese Grand Prix,2024-04-21,Shanghai International Circuit,Lance Stroll,STR,Aston Martin,12.307030119456249,12,0,0,0
2024,5,Chinese Grand Prix,2024-04-21,Shanghai International Circuit,Alexander Albon,ALB,Williams,12.970074787010226,13,0,0,0
2024,5,Chinese Grand Prix,2024-04-21,Shanghai International Circuit,Kevin Magnussen,MAG,Haas F1 Team,13.833163856664866,14,0,0,0
2024,5,Chinese Grand Prix,2024-04-21,Shanghai International Circuit,Pierre Gasly,GAS,Alpine F1 Team,14.123336696758985,15,0,0,0
2024,5,Chinese Grand Prix,2024-04-21,Shanghai International Circuit,Guanyu Zhou,ZHO,Sauber,14.698818237163572,16,0,0,0
2024,5,Chinese Grand Prix,2024-04-21,Shanghai International Circuit,Daniel Ricciardo,RIC,RB F1 Team,15.66230627024403,17,0,0,0
2024,5,Chinese Grand Prix,2024-04-21,Shanghai International Circuit,Logan Sargeant,SAR,Williams,15.754419993773292,18,0,0,0
2024,5,Chinese Grand Prix,2024-04-21,Shanghai International Circuit,Yuki Tsunoda,TSU,RB F1 Team,15.829882422343108,19,0,0,0
2024,5,Chinese Grand Prix,2024-04-21,Shanghai International Circuit,Valtteri Bottas,BOT,Sauber,16.795547001895123,20,0,0,0
2024,6,Miami Grand Prix,2024-05-05,Miami International Autodrome,Max Verstappen,VER,Red Bull,3.080330788631749,1,25,0,25
2024,6,Miami Grand Prix,2024-05-05,Miami International Autodrome,Lando Norris,NOR,McLaren,4.070201271938947,2,18,0,18
2024,6,Miami Grand Prix,2024-05-05,Miami International Autodrome,Sergio Pérez,PER,Red Bull,4.2100112481385965,3,15,0,15
2024,6,Miami Grand Prix,2024-05-05,Miami International Autodrome,Charles Leclerc,LEC,Ferrari,4.568215622278283,4,12,0,12
2024,6,Miami Grand Prix,2024-05-05,Miami International Autodrome,Carlos Sainz,SAI,Ferrari,6.431709858096441,5,10,0,10
2024,6,Miami Grand Prix,2024-05-05,Miami International Autodrome,Lewis Hamilton,HAM,Mercedes,7.573828447382792,6,8,0,8
2024,6,Miami Grand Prix,2024-05-05,Miami International Autodrome,George Russell,RUS,Mercedes,8.206538593351096,7,6,0,6
2024,6,Miami Grand Prix,2024-05-05,Miami International Autodrome,Oscar Piastri,PIA,McLaren,9.678018618454736,8,4,0,4
2024,6,Miami Grand Prix,2024-05-05,Miami International Autodrome,Fernando Alonso,ALO,Aston Martin,9.920232464139122,9,2,0,2
2024,6,Miami Grand Prix,2024-05-05,Miami International Autodrome,Yuki Tsunoda,TSU,RB F1 Team,10.421488626451373,10,1,0,1
2024,6,Miami Grand Prix,2024-05-05,Miami International Autodrome,Esteban Ocon,OCO,Alpine F1 Team,11.557239102293362,11,0,0,0
2024,6,Miami Grand Prix,2024-05-05,Miami International Autodrome,Nico Hülkenberg,HUL,Haas F1 Team,12.438789067754149,12,0,0,0
2024,6,Miami Grand Prix,2024-05-05,Miami International Autodrome,Pierre Gasly,GAS,Alpine F1 Team,12.75124414803248,13,0,0,0
2024,6,Miami Grand Prix,2024-05-05,Miami International Autodrome,Lance Stroll,STR,Aston Martin,13.72418968395873,14,0,0,0
2024,6,Miami Grand Prix,2024-05-05,Miami International Autodrome,Daniel Ricciardo,RIC,RB F1 Team,14.23820836929883,15,0,0,0
2024,6,Miami Grand Prix,2024-05-05,Miami International Autodrome,Guanyu Zhou,ZHO,Sauber,14.63984812409813,16,0,0,0
2024,6,Miami Grand Prix,2024-05-05,Miami International Autodrome,Kevin Magnussen,MAG,Haas F1 Team,15.413635998139291,17,0,0,0
2024,6,Miami Grand Prix,2024-05-05,Miami International Autodrome,Alexander Albon,ALB,Williams,15.499225643501378,18,0,0,0
2024,6,Miami Grand Prix,2024-05-05,Miami International Autodrome,Valtteri Bottas,BOT,Sauber,15.788934417044954,19,0,0,0
2024,6,Miami Grand Prix,2024-05-05,Miami International Autodrome,Logan Sargeant,SAR,Williams,17.533256661789938,20,0,0,0
2024,7,Emilia Romagna Grand Prix,2024-05-19,Autodromo Enzo e Dino Ferrari,Max Verstappen,VER,Red Bull,2.5784147525578582,1,25,0,25
2024,7,Emilia Romagna Grand Prix,2024-05-19,Autodromo Enzo e Dino Ferrari,Lando Norris,NOR,McLaren,3.551053428686261,2,18,0,18
2024,7,Emilia Romagna Grand Prix,2024-05-19,Autodromo Enzo e Dino Ferrari,Charles Leclerc,LEC,Ferrari,4.811986365165629,3,15,0,15
2024,7,Emilia Romagna Grand Prix,2024-05-19,Autodromo Enzo e Dino Ferrari,Carlos Sainz,SAI,Ferrari,5.9969284948812325,4,12,0,12
2024,7,Emilia Romagna Grand Prix,2024-05-19,Autodromo Enzo e Dino Ferrari,Sergio Pérez,PER,Red Bull,6.048969677299623,5,10,0,10
2024,7,Emilia Romagna Grand Prix,2024-05-19,Autodromo Enzo e Dino Ferrari,Oscar Piastri,PIA,McLaren,6.768970782944669,6,8,0,8
2024,7,Emilia Romagna Grand Prix,2024-05-19,Autodromo Enzo e Dino Ferrari,Lewis Hamilton,HAM,Mercedes,6.990177123583291,7,6,0,6
2024,7,Emilia Romagna Grand Prix,2024-05-19,Autodromo Enzo e Dino Ferrari,George Russell,RUS,Mercedes,7.490345486511958,8,4,0,4
2024,7,Emilia Romagna Grand Prix,2024-05-19,Autodromo Enzo e Dino Ferrari,Yuki Tsunoda,TSU,RB F1 Team,10.800095157449393,9,2,0,2
2024,7,Emilia Romagna Grand Prix,2024-05-19,Autodromo Enzo e Dino Ferrari,Lance Stroll,STR,Aston Martin,11.036041997890829,10,1,0,1
2024,7,Emilia Romagna Grand Prix,2024-05-19,Autodromo Enzo e Dino Ferrari,Nico Hülkenberg,HUL,Haas F1 Team,12.431523605306952,11,0,0,0
2024,7,Emilia Romagna Grand Prix,2024-05-19,Autodromo Enzo e Dino Ferrari,Kevin Magnussen,MAG,Haas F1 Team,12.891050886215154,12,0,0,0
2024,7,Emilia Romagna Grand Prix,2024-05-19,Autodromo Enzo e Dino Ferrari,Daniel Ricciardo,RIC,RB F1 Team,13.10245813927645,13,0,0,0
2024,7,Emilia Romagna Grand Prix,2024-05-19,Autodromo Enzo e Dino Ferrari,Esteban Ocon,OCO,Alpine F1 Team,13.543028541200217,14,0,0,0
2024,7,Emilia Romagna Grand Prix,2024-05-19,Autodromo Enzo e Dino Ferrari,Fernando Alonso,ALO,Aston Martin,14.011610537106408,15,0,0,0
2024,7,Emilia Romagna Grand Prix,2024-05-19,Autodromo Enzo e Dino Ferrari,Pierre Gasly,GAS,Alpine F1 Team,14.042498136534768,16,0,0,0
2024,7,Emilia Romagna Grand Prix,2024-05-19,Autodromo Enzo e Dino Ferrari,Guanyu Zhou,ZHO,Sauber,15.316671487401186,17,0,0,0
2024,7,Emilia Romagna Grand Prix,2024-05-19,Autodromo Enzo e Dino Ferrari,Valtteri Bottas,BOT,Sauber,16.518128211197325,18,0,0,0
2024,7,Emilia Romagna Grand Prix,2024-05-19,Autodromo Enzo e Dino Ferrari,Logan Sargeant,SAR,Williams,16.860689978145025,19,0,0,0
2024,7,Emilia Romagna Grand Prix,2024-05-19,Autodromo Enzo e Dino Ferrari,Alexander Albon,ALB,Williams,17.10959737096837,20,0,0,0
2024,8,Monaco Grand Prix,2024-05-26,Circuit de Monaco,Charles Leclerc,LEC,Ferrari,4.1737472666240025,1,25,0,25
2024,8,Monaco Grand Prix,2024-05-26,Circuit de Monaco,Lando Norris,NOR,McLaren,4.371117913632312,2,18,0,18
2024,8,Monaco Grand Prix,2024-05-26,Circuit de Monaco,Oscar Piastri,PIA,McLaren,4.637357994077399,3,15,0,15
2024,8,Monaco Grand Prix,2024-05-26,Circuit de Monaco,Carlos Sainz,SAI,Ferrari,5.353278134033014,4,12,0,12
2024,8,Monaco Grand Prix,2024-05-26,Circuit de Monaco,Max Verstappen,VER,Red Bull,5.364814890739142,5,10,0,10
2024,8,Monaco Grand Prix,2024-05-26,Circuit de Monaco,George Russell,RUS,Mercedes,6.305581714969665,6,8,0,8
2024,8,Monaco Grand Prix,2024-05-26,Circuit de Monaco,Lewis Hamilton,HAM,Mercedes,7.147160671548573,7,6,0,6
2024,8,Monaco Grand Prix,2024-05-26,Circuit de Monaco,Yuki Tsunoda,TSU,RB F1 Team,10.32047719498113,8,4,0,4
2024,8,Monaco Grand Prix,2024-05-26,Circuit de Monaco,Fernando Alonso,ALO,Aston Martin,11.626279357951256,9,2,0,2
2024,8,Monaco Grand Prix,2024-05-26,Circuit de Monaco,Pierre Gasly,GAS,Alpine F1 Team,11.992770437487344,10,1,0,1
2024,8,Monaco Grand Prix,2024-05-26,Circuit de Monaco,Daniel Ricciardo,RIC,RB F1 Team,12.03953117658858,11,0,0,0
2024,8,Monaco Grand Prix,2024-05-26,Circuit de Monaco,Alexander Albon,ALB,Williams,12.16591335229853,12,0,0,0
2024,8,Monaco Grand Prix,2024-05-26,Circuit de Monaco,Lance Stroll,STR,Aston Martin,12.221917777824183,13,0,0,0
2024,8,Monaco Grand Prix,2024-05-26,Circuit de Monaco,Sergio Pérez,PER,Red Bull,12.608869664874222,14,0,0,0
2024,8,Monaco Grand Prix,2024-05-26,Circuit de Monaco,Valtteri Bottas,BOT,Sauber,13.961728454221218,15,0,0,0
2024,8,Monaco Grand Prix,2024-05-26,Circuit de Monaco,Esteban Ocon,OCO,Alpine F1 Team,14.460884825346216,16,0,0,0
2024,8,Monaco Grand Prix,2024-05-26,Circuit de Monaco,Logan Sargeant,SAR,Williams,15.138079980885124,17,0,0,0
2024,8,Monaco Grand Prix,2024-05-26,Circuit de Monaco,Guanyu Zhou,ZHO,Sauber,15.465757418922662,18,0,0,0
2024,8,Monaco Grand Prix,2024-05-26,Circuit de Monaco,Nico Hülkenberg,HUL,Haas F1 Team,16.166641766033965,19,0,0,0
2024,8,Monaco Grand Prix,2024-05-26,Circuit de Monaco,Kevin Magnussen,MAG,Haas F1 Team,16.668821557279035,20,0,0,0
2024,9,Canadian Grand Prix,2024-06-09,Circuit Gilles Villeneuve,Max Verstappen,VER,Red Bull,3.3981250203855,1,25,0,25
2024,9,Canadian Grand Prix,2024-06-09,Circuit Gilles Villeneuve,Lando Norris,NOR,McLaren,4.3175536619190975,2,18,0,18
2024,9,Canadian Grand Prix,2024-06-09,Circuit Gilles Villeneuve,George Russell,RUS,Mercedes,5.728215642619997,3,15,0,15
2024,9,Canadian Grand Prix,2024-06-09,Circuit Gilles Villeneuve,Lewis Hamilton,HAM,Mercedes,5.853826330532213,4,12,0,12
2024,9,Canadian Grand Prix,2024-06-09,Circuit Gilles Villeneuve,Oscar Piastri,PIA,McLaren,6.491384181887413,5,10,0,10
2024,9,Canadian Grand Prix,2024-06-09,Circuit Gilles Villeneuve,Fernando Alonso,ALO,Aston Martin,9.151067070184714,6,8,0,8
2024,9,Canadian Grand Prix,2024-06-09,Circuit Gilles Villeneuve,Lance Stroll,STR,Aston Martin,9.668633461580406,7,6,0,6
2024,9,Canadian Grand Prix,2024-06-09,Circuit Gilles Villeneuve,Daniel Ricciardo,RIC,RB F1 Team,9.945254134023871,8,4,0,4
2024,9,Canadian Grand Prix,2024-06-09,Circuit Gilles Villeneuve,Pierre Gasly,GAS,Alpine F1 Team,10.435963068181817,9,2,0,2
2024,9,Canadian Grand Prix,2024-06-09,Circuit Gilles Villeneuve,Esteban Ocon,OCO,Alpine F1 Team,10.682452772169938,10,1,0,1
2024,9,Canadian Grand Prix,2024-06-09,Circuit Gilles Villeneuve,Carlos Sainz,SAI,Ferrari,11.529828508297255,11,0,0,0
2024,9,Canadian Grand Prix,2024-06-09,Circuit Gilles Villeneuve,Charles Leclerc,LEC,Ferrari,11.729748774509794,12,0,0,0
2024,9,Canadian Grand Prix,2024-06-09,Circuit Gilles Villeneuve,Nico Hülkenberg,HUL,Haas F1 Team,12.085981591884249,13,0,0,0
2024,9,Canadian Grand Prix,2024-06-09,Circuit Gilles Villeneuve,Kevin Magnussen,MAG,Haas F1 Team,12.820765940758584,14,0,0,0
2024,9,Canadian Grand Prix,2024-06-09,Circuit Gilles Villeneuve,Yuki Tsunoda,TSU,RB F1 Team,13.04740631235689,15,0,0,0
2024,9,Canadian Grand Prix,2024-06-09,Circuit Gilles Villeneuve,Sergio Pérez,PER,Red Bull,13.136265409631216,16,0,0,0
2024,9,Canadian Grand Prix,2024-06-09,Circuit Gilles Villeneuve,Valtteri Bottas,BOT,Sauber,13.410604442508696,17,0,0,0
2024,9,Canadian Grand Prix,2024-06-09,Circuit Gilles Villeneuve,Guanyu Zhou,ZHO,Sauber,15.199023495670886,18,0,0,0
2024,9,Canadian Grand Prix,2024-06-09,Circuit Gilles Villeneuve,Alexander Albon,ALB,Williams,16.181024857184987,19,0,0,0
2024,9,Canadian Grand Prix,2024-06-09,Circuit Gilles Villeneuve,Logan Sargeant,SAR,Williams,17.44351665911324,20,0,0,0
2024,10,Spanish Grand Prix,2024-06-23,Circuit de Barcelona-Catalunya,Max Verstappen,VER,Red Bull,2.556024303154424,1,25,0,25
2024,10,Spanish Grand Prix,2024-06-23,Circuit de Barcelona-Catalunya,Lando Norris,NOR,McLaren,3.5246541830243023,2,18,0,18
2024,10,Spanish Grand Prix,2024-06-23,Circuit de Barcelona-Catalunya,Lewis Hamilton,HAM,Mercedes,4.348727912945533,3,15,0,15
2024,10,Spanish Grand Prix,2024-06-23,Circuit de Barcelona-Catalunya,George Russell,RUS,Mercedes,4.486688997716968,4,12,0,12
2024,10,Spanish Grand Prix,2024-06-23,Circuit de Barcelona-Catalunya,Charles Leclerc,LEC,Ferrari,5.816084075885693,5,10,0,10
2024,10,Spanish Grand Prix,2024-06-23,Circuit de Barcelona-Catalunya,Oscar Piastri,PIA,McLaren,6.332893811802643,6,8,0,8
2024,10,Spanish Grand Prix,2024-06-23,Circuit de Barcelona-Catalunya,Carlos Sainz,SAI,Ferrari,6.602876704404469,7,6,0,6
2024,10,Spanish Grand Prix,2024-06-23,Circuit de Barcelona-Catalunya,Sergio Pérez,PER,Red Bull,7.80796275855029,8,4,0,4
2024,10,Spanish Grand Prix,2024-06-23,Circuit de Barcelona-Catalunya,Pierre Gasly,GAS,Alpine F1 Team,10.92425977185999,9,2,0,2
2024,10,Spanish Grand Prix,2024-06-23,Circuit de Barcelona-Catalunya,Esteban Ocon,OCO,Alpine F1 Team,11.20167859488355,10,1,0,1
2024,10,Spanish Grand Prix,2024-06-23,Circuit de Barcelona-Catalunya,Fernando Alonso,ALO,Aston Martin,11.94606719321783,11,0,0,0
2024,10,Spanish Grand Prix,2024-06-23,Circuit de Barcelona-Catalunya,Nico Hülkenberg,HUL,Haas F1 Team,12.497322175841546,12,0,0,0
2024,10,Spanish Grand Prix,2024-06-23,Circuit de Barcelona-Catalunya,Lance Stroll,STR,Aston Martin,13.13611411296094,13,0,0,0
2024,10,Spanish Grand Prix,2024-06-23,Circuit de Barcelona-Catalunya,Daniel Ricciardo,RIC,RB F1 Team,13.362574477704134,14,0,0,0
2024,10,Spanish Grand Prix,2024-06-23,Circuit de Barcelona-Catalunya,Guanyu Zhou,ZHO,Sauber,14.152035393809893,15,0,0,0
2024,10,Spanish Grand Prix,2024-06-23,Circuit de Barcelona-Catalunya,Valtteri Bottas,BOT,Sauber,15.228684098266497,16,0,0,0
2024,10,Spanish Grand Prix,2024-06-23,Circuit de Barcelona-Catalunya,Kevin Magnussen,MAG,Haas F1 Team,15.771035376729207,17,0,0,0
2024,10,Spanish Grand Prix,2024-06-23,Circuit de Barcelona-Catalunya,Alexander Albon,ALB,Williams,16.172056170599415,18,0,0,0
2024,10,Spanish Grand Prix,2024-06-23,Circuit de Barcelona-Catalunya,Yuki Tsunoda,TSU,RB F1 Team,16.482830901614733,19,0,0,0
2024,10,Spanish Grand Prix,2024-06-23,Circuit de Barcelona-Catalunya,Logan Sargeant,SAR,Williams,18.035393838202086,20,0,0,0
2024,11,Austrian Grand Prix,2024-06-30,Red Bull Ring,George Russell,RUS,Mercedes,4.19897014590336,1,25,0,25
2024,11,Austrian Grand Prix,2024-06-30,Red Bull Ring,Oscar Piastri,PIA,McLaren,4.45050337975878,2,18,0,18
2024,11,Austrian Grand Prix,2024-06-30,Red Bull Ring,Lewis Hamilton,HAM,Mercedes,4.59204001670082,3,15,0,15
2024,11,Austrian Grand Prix,2024-06-30,Red Bull Ring,Carlos Sainz,SAI,Ferrari,4.79882644963246,4,12,0,12
2024,11,Austrian Grand Prix,2024-06-30,Red Bull Ring,Max Verstappen,VER,Red Bull,5.285395236565509,5,10,0,10
2024,11,Austrian Grand Prix,2024-06-30,Red Bull Ring,Charles Leclerc,LEC,Ferrari,7.928573745488096,6,8,0,8
2024,11,Austrian Grand Prix,2024-06-30,Red Bull Ring,Sergio Pérez,PER,Red Bull,9.242423895155042,7,6,0,6
2024,11,Austrian Grand Prix,2024-06-30,Red Bull Ring,Lando Norris,NOR,McLaren,10.437768855213172,8,4,0,4
2024,11,Austrian Grand Prix,2024-06-30,Red Bull Ring,Nico Hülkenberg,HUL,Haas F1 Team,10.83974354600828,9,2,0,2
2024,11,Austrian Grand Prix,2024-06-30,Red Bull Ring,Daniel Ricciardo,RIC,RB F1 Team,11.098135067227464,10,1,0,1
2024,11,Austrian Grand Prix,2024-06-30,Red Bull Ring,Pierre Gasly,GAS,Alpine F1 Team,11.6540685980686,11,0,0,0
2024,11,Austrian Grand Prix,2024-06-30,Red Bull Ring,Esteban Ocon,OCO,Alpine F1 Team,12.027374472151486,12,0,0,0
2024,11,Austrian Grand Prix,2024-06-30,Red Bull Ring,Lance Stroll,STR,Aston Martin,12.275209468990154,13,0,0,0
2024,11,Austrian Grand Prix,2024-06-30,Red Bull Ring,Kevin Magnussen,MAG,Haas F1 Team,12.360602278440524,14,0,0,0
2024,11,Austrian Grand Prix,2024-06-30,Red Bull Ring,Yuki Tsunoda,TSU,RB F1 Team,13.766925530021265,15,0,0,0
2024,11,Austrian Grand Prix,2024-06-30,Red Bull Ring,Alexander Albon,ALB,Williams,14.877033025807831,16,0,0,0
2024,11,Austrian Grand Prix,2024-06-30,Red Bull Ring,Fernando Alonso,ALO,Aston Martin,15.06544211320289,17,0,0,0
2024,11,Austrian Grand Prix,2024-06-30,Red Bull Ring,Valtteri Bottas,BOT,Sauber,15.387649440810865,18,0,0,0
2024,11,Austrian Grand Prix,2024-06-30,Red Bull Ring,Guanyu Zhou,ZHO,Sauber,15.698608580042317,19,0,0,0
2024,11,Austrian Grand Prix,2024-06-30,Red Bull Ring,Logan Sargeant,SAR,Williams,17.378037021263793,20,0,0,0
2024,12,British Grand Prix,2024-07-07,Silverstone Circuit,Max Verstappen,VER,Red Bull,4.050329967717151,1,25,0,25
2024,12,British Grand Prix,2024-07-07,Silverstone Circuit,Lando Norris,NOR,McLaren,4.104748425646139,2,18,0,18
2024,12,British Grand Prix,2024-07-07,Silverstone Circuit,Lewis Hamilton,HAM,Mercedes,4.787044088062925,3,15,0,15
2024,12,British Grand Prix,2024-07-07,Silverstone Circuit,Oscar Piastri,PIA,McLaren,5.456829049623439,4,12,0,12
2024,12,British Grand Prix,2024-07-07,Silverstone Circuit,Carlos Sainz,SAI,Ferrari,6.543076623637895,5,10,0,10
2024,12,British Grand Prix,2024-07-07,Silverstone Circuit,Lance Stroll,STR,Aston Martin,9.133327948597977,6,8,0,8
2024,12,British Grand Prix,2024-07-07,Silverstone Circuit,Fernando Alonso,ALO,Aston Martin,9.424284801693052,7,6,0,6
2024,12,British Grand Prix,2024-07-07,Silverstone Circuit,Nico Hülkenberg,HUL,Haas F1 Team,9.552345935314683,8,4,0,4
2024,12,British Grand Prix,2024-07-07,Silverstone Circuit,Charles Leclerc,LEC,Ferrari,10.533228506178588,9,2,0,2
2024,12,British Grand Prix,2024-07-07,Silverstone Circuit,George Russell,RUS,Mercedes,11.070409367892283,10,1,0,1
2024,12,British Grand Prix,2024-07-07,Silverstone Circuit,Yuki Tsunoda,TSU,RB F1 Team,11.640716341218624,11,0,0,0
2024,12,British Grand Prix,2024-07-07,Silverstone Circuit,Daniel Ricciardo,RIC,RB F1 Team,12.463530388847555,12,0,0,0
2024,12,British Grand Prix,2024-07-07,Silverstone Circuit,Alexander Albon,ALB,Williams,12.563248070062548,13,0,0,0
2024,12,British Grand Prix,2024-07-07,Silverstone Circuit,Kevin Magnussen,MAG,Haas F1 Team,12.656387997560676,14,0,0,0
2024,12,British Grand Prix,2024-07-07,Silverstone Circuit,Logan Sargeant,SAR,Williams,13.397666625885376,15,0,0,0
2024,12,British Grand Prix,2024-07-07,Silverstone Circuit,Sergio Pérez,PER,Red Bull,13.598482969170473,16,0,0,0
2024,12,British Grand Prix,2024-07-07,Silverstone Circuit,Esteban Ocon,OCO,Alpine F1 Team,14.875882160663403,17,0,0,0
2024,12,British Grand Prix,2024-07-07,Silverstone Circuit,Valtteri Bottas,BOT,Sauber,15.345938114981877,18,0,0,0
2024,12,British Grand Prix,2024-07-07,Silverstone Circuit,Pierre Gasly,GAS,Alpine F1 Team,15.796854211475925,19,0,0,0
2024,12,British Grand Prix,2024-07-07,Silverstone Circuit,Guanyu Zhou,ZHO,Sauber,16.220051045444052,20,0,0,0
2024,13,Hungarian Grand Prix,2024-07-21,Hungaroring,Oscar Piastri,PIA,McLaren,3.0503642900394072,1,25,0,25
2024,13,Hungarian Grand Prix,2024-07-21,Hungaroring,Lando Norris,NOR,McLaren,3.564994519527873,2,18,0,18
2024,13,Hungarian Grand Prix,2024-07-21,Hungaroring,Lewis Hamilton,HAM,Mercedes,4.044201953773636,3,15,0,15
2024,13,Hungarian Grand Prix,2024-07-21,Hungaroring,Charles Leclerc,LEC,Ferrari,5.276603962550026,4,12,0,12
2024,13,Hungarian Grand Prix,2024-07-21,Hungaroring,Carlos Sainz,SAI,Ferrari,5.633074494622257,5,10,0,10
2024,13,Hungarian Grand Prix,2024-07-21,Hungaroring,Max Verstappen,VER,Red Bull,5.765565363305178,6,8,0,8
2024,13,Hungarian Grand Prix,2024-07-21,Hungaroring,George Russell,RUS,Mercedes,6.449027772689424,7,6,0,6
2024,13,Hungarian Grand Prix,2024-07-21,Hungaroring,Sergio Pérez,PER,Red Bull,9.562371621448351,8,4,0,4
2024,13,Hungarian Grand Prix,2024-07-21,Hungaroring,Yuki Tsunoda,TSU,RB F1 Team,11.167867236875075,9,2,0,2
2024,13,Hungarian Grand Prix,2024-07-21,Hungaroring,Lance Stroll,STR,Aston Martin,11.326945974211736,10,1,0,1
2024,13,Hungarian Grand Prix,2024-07-21,Hungaroring,Fernando Alonso,ALO,Aston Martin,11.636484718780284,11,0,0,0
2024,13,Hungarian Grand Prix,2024-07-21,Hungaroring,Nico Hülkenberg,HUL,Haas F1 Team,12.219251189753534,12,0,0,0
2024,13,Hungarian Grand Prix,2024-07-21,Hungaroring,Daniel Ricciardo,RIC,RB F1 Team,12.867071326746732,13,0,0,0
2024,13,Hungarian Grand Prix,2024-07-21,Hungaroring,Alexander Albon,ALB,Williams,13.808200349278035,14,0,0,0
2024,13,Hungarian Grand Prix,2024-07-21,Hungaroring,Kevin Magnussen,MAG,Haas F1 Team,14.92405026114236,15,0,0,0
2024,13,Hungarian Grand Prix,2024-07-21,Hungaroring,Valtteri Bottas,BOT,Sauber,15.353263556483205,16,0,0,0
2024,13,Hungarian Grand Prix,2024-07-21,Hungaroring,Guanyu Zhou,ZHO,Sauber,15.64074967082819,17,0,0,0
2024,13,Hungarian Grand Prix,2024-07-21,Hungaroring,Logan Sargeant,SAR,Williams,15.7772895316441,18,0,0,0
2024,13,Hungarian Grand Prix,2024-07-21,Hungaroring,Esteban Ocon,OCO,Alpine F1 Team,16.741427030936894,19,0,0,0
2024,13,Hungarian Grand Prix,2024-07-21,Hungaroring,Pierre Gasly,GAS,Alpine F1 Team,17.04780970523765,20,0,0,0
2024,14,Belgian Grand Prix,2024-07-28,Circuit de Spa-Francorchamps,Max Verstappen,VER,Red Bull,3.988601943584852,1,25,0,25
2024,14,Belgian Grand Prix,2024-07-28,Circuit de Spa-Francorchamps,Lewis Hamilton,HAM,Mercedes,4.15091200044801,2,18,0,18
2024,14,Belgian Grand Prix,2024-07-28,Circuit de Spa-Francorchamps,Oscar Piastri,PIA,McLaren,4.191122183126221,3,15,0,15
2024,14,Belgian Grand Prix,2024-07-28,Circuit de Spa-Francorchamps,Charles Leclerc,LEC,Ferrari,5.389239032754571,4,12,0,12
2024,14,Belgian Grand Prix,2024-07-28,Circuit de Spa-Francorchamps,Lando Norris,NOR,McLaren,6.204830714657874,5,10,0,10
2024,14,Belgian Grand Prix,2024-07-28,Circuit de Spa-Francorchamps,Carlos Sainz,SAI,Ferrari,7.150481277262332,6,8,0,8
2024,14,Belgian Grand Prix,2024-07-28,Circuit de Spa-Francorchamps,Sergio Pérez,PER,Red Bull,8.236572934312063,7,6,0,6
2024,14,Belgian Grand Prix,2024-07-28,Circuit de Spa-Francorchamps,Fernando Alonso,ALO,Aston Martin,10.311680462072486,8,4,0,4
2024,14,Belgian Grand Prix,2024-07-28,Circuit de Spa-Francorchamps,Daniel Ricciardo,RIC,RB F1 Team,11.18379532637624,9,2,0,2
2024,14,Belgian Grand Prix,2024-07-28,Circuit de Spa-Francorchamps,Esteban Ocon,OCO,Alpine F1 Team,11.190268269022429,10,1,0,1
2024,14,Belgian Grand Prix,2024-07-28,Circuit de Spa-Francorchamps,George Russell,RUS,Mercedes,11.276903112238635,11,0,0,0
2024,14,Belgian Grand Prix,2024-07-28,Circuit de Spa-Francorchamps,Lance Stroll,STR,Aston Martin,11.369796361826902,12,0,0,0
2024,14,Belgian Grand Prix,2024-07-28,Circuit de Spa-Francorchamps,Alexander Albon,ALB,Williams,11.822295445898224,13,0,0,0
2024,14,Belgian Grand Prix,2024-07-28,Circuit de Spa-Francorchamps,Pierre Gasly,GAS,Alpine F1 Team,12.28394282981042,14,0,0,0
2024,14,Belgian Grand Prix,2024-07-28,Circuit de Spa-Francorchamps,Yuki Tsunoda,TSU,RB F1 Team,13.878171193765825,15,0,0,0
2024,14,Belgian Grand Prix,2024-07-28,Circuit de Spa-Francorchamps,Kevin Magnussen,MAG,Haas F1 Team,13.908536786759337,16,0,0,0
2024,14,Belgian Grand Prix,2024-07-28,Circuit de Spa-Francorchamps,Nico Hülkenberg,HUL,Haas F1 Team,15.05040785749338,17,0,0,0
2024,14,Belgian Grand Prix,2024-07-28,Circuit de Spa-Francorchamps,Valtteri Bottas,BOT,Sauber,15.101514044327123,18,0,0,0
2024,14,Belgian Grand Prix,2024-07-28,Circuit de Spa-Francorchamps,Logan Sargeant,SAR,Williams,16.293271167278714,19,0,0,0
2024,14,Belgian Grand Prix,2024-07-28,Circuit de Spa-Francorchamps,Guanyu Zhou,ZHO,Sauber,17.482440782256965,20,0,0,0
2024,15,Dutch Grand Prix,2024-08-25,Circuit Park Zandvoort,Max Verstappen,VER,Red Bull,3.3150644823048685,1,25,0,25
2024,15,Dutch Grand Prix,2024-08-25,Circuit Park Zandvoort,Lando Norris,NOR,McLaren,3.4632149397583425,2,18,0,18
2024,15,Dutch Grand Prix,2024-08-25,Circuit Park Zandvoort,Oscar Piastri,PIA,McLaren,5.39456334810619,3,15,0,15
2024,15,Dutch Grand Prix,2024-08-25,Circuit Park Zandvoort,Carlos Sainz,SAI,Ferrari,5.8171444952471765,4,12,0,12
2024,15,Dutch Grand Prix,2024-08-25,Circuit Park Zandvoort,Lewis Hamilton,HAM,Mercedes,6.524123489577216,5,10,0,10
2024,15,Dutch Grand Prix,2024-08-25,Circuit Park Zandvoort,Charles Leclerc,LEC,Ferrari,7.558599390740835,6,8,0,8
2024,15,Dutch Grand Prix,2024-08-25,Circuit Park Zandvoort,George Russell,RUS,Mercedes,7.656931633583812,7,6,0,6
2024,15,Dutch Grand Prix,2024-08-25,Circuit Park Zandvoort,Sergio Pérez,PER,Red Bull,8.086840871771907,8,4,0,4
2024,15,Dutch Grand Prix,2024-08-25,Circuit Park Zandvoort,Pierre Gasly,GAS,Alpine F1 Team,10.908479691876746,9,2,0,2
2024,15,Dutch Grand Prix,2024-08-25,Circuit Park Zandvoort,Fernando Alonso,ALO,Aston Martin,11.065794206949738,10,1,0,1
2024,15,Dutch Grand Prix,2024-08-25,Circuit Park Zandvoort,Daniel Ricciardo,RIC,RB F1 Team,12.283564470172594,11,0,0,0
2024,15,Dutch Grand Prix,2024-08-25,Circuit Park Zandvoort,Nico Hülkenberg,HUL,Haas F1 Team,12.42240217807718,12,0,0,0
2024,15,Dutch Grand Prix,2024-08-25,Circuit Park Zandvoort,Lance Stroll,STR,Aston Martin,12.976771354852875,13,0,0,0
2024,15,Dutch Grand Prix,2024-08-25,Circuit Park Zandvoort,Alexander Albon,ALB,Williams,13.157251287362415,14,0,0,0
2024,15,Dutch Grand Prix,2024-08-25,Circuit Park Zandvoort,Esteban Ocon,OCO,Alpine F1 Team,13.196936715877742,15,0,0,0
2024,15,Dutch Grand Prix,2024-08-25,Circuit Park Zandvoort,Yuki Tsunoda,TSU,RB F1 Team,14.714018028723022,16,0,0,0
2024,15,Dutch Grand Prix,2024-08-25,Circuit Park Zandvoort,Kevin Magnussen,MAG,Haas F1 Team,15.154661298969632,17,0,0,0
2024,15,Dutch Grand Prix,2024-08-25,Circuit Park Zandvoort,Logan Sargeant,SAR,Williams,15.99480333572521,18,0,0,0
2024,15,Dutch Grand Prix,2024-08-25,Circuit Park Zandvoort,Valtteri Bottas,BOT,Sauber,17.090446759641562,19,0,0,0
2024,15,Dutch Grand Prix,2024-08-25,Circuit Park Zandvoort,Guanyu Zhou,ZHO,Sauber,17.15363659691574,20,0,0,0
2024,16,Italian Grand Prix,2024-09-01,Autodromo Nazionale di Monza,Oscar Piastri,PIA,McLaren,3.336284018433295,1,25,0,25
2024,16,Italian Grand Prix,2024-09-01,Autodromo Nazionale di Monza,Charles Leclerc,LEC,Ferrari,3.5158702691810277,2,18,0,18
2024,16,Italian Grand Prix,2024-09-01,Autodromo Nazionale di Monza,Lando Norris,NOR,McLaren,4.008979002079886,3,15,0,15
2024,16,Italian Grand Prix,2024-09-01,Autodromo Nazionale di Monza,Carlos Sainz,SAI,Ferrari,4.987507305236413,4,12,0,12
2024,16,Italian Grand Prix,2024-09-01,Autodromo Nazionale di Monza,Lewis Hamilton,HAM,Mercedes,5.33372205146873,5,10,0,10
2024,16,Italian Grand Prix,2024-09-01,Autodromo Nazionale di Monza,Max Verstappen,VER,Red Bull,5.506960771950031,6,8,0,8
2024,16,Italian Grand Prix,2024-09-01,Autodromo Nazionale di Monza,George Russell,RUS,Mercedes,7.516395470579892,7,6,0,6
2024,16,Italian Grand Prix,2024-09-01,Autodromo Nazionale di Monza,Sergio Pérez,PER,Red Bull,7.698243943131175,8,4,0,4
2024,16,Italian Grand Prix,2024-09-01,Autodromo Nazionale di Monza,Alexander Albon,ALB,Williams,11.493899675013024,9,2,0,2
2024,16,Italian Grand Prix,2024-09-01,Autodromo Nazionale di Monza,Kevin Magnussen,MAG,Haas F1 Team,12.288304527729316,10,1,0,1
2024,16,Italian Grand Prix,2024-09-01,Autodromo Nazionale di Monza,Fernando Alonso,ALO,Aston Martin,12.583521981396984,11,0,0,0
2024,16,Italian Grand Prix,2024-09-01,Autodromo Nazionale di Monza,Franco Colapinto,COL,Williams,12.842668160383692,12,0,0,0
2024,16,Italian Grand Prix,2024-09-01,Autodromo Nazionale di Monza,Daniel Ricciardo,RIC,RB F1 Team,13.428154781837575,13,0,0,0
2024,16,Italian Grand Prix,2024-09-01,Autodromo Nazionale di Monza,Pierre Gasly,GAS,Alpine F1 Team,13.79844671986774,14,0,0,0
2024,16,Italian Grand Prix,2024-09-01,Autodromo Nazionale di Monza,Valtteri Bottas,BOT,Sauber,14.502678544494731,15,0,0,0
2024,16,Italian Grand Prix,2024-09-01,Autodromo Nazionale di Monza,Esteban Ocon,OCO,Alpine F1 Team,14.822249572438428,16,0,0,0
2024,16,Italian Grand Prix,2024-09-01,Autodromo Nazionale di Monza,Nico Hülkenberg,HUL,Haas F1 Team,15.88550027056277,17,0,0,0
2024,16,Italian Grand Prix,2024-09-01,Autodromo Nazionale di Monza,Yuki Tsunoda,TSU,RB F1 Team,16.205611322705064,18,0,0,0
2024,16,Italian Grand Prix,2024-09-01,Autodromo Nazionale di Monza,Lance Stroll,STR,Aston Martin,16.23749616388135,19,0,0,0
2024,16,Italian Grand Prix,2024-09-01,Autodromo Nazionale di Monza,Guanyu Zhou,ZHO,Sauber,16.833132116147738,20,0,0,0
2024,17,Azerbaijan Grand Prix,2024-09-15,Baku City Circuit,Oscar Piastri,PIA,McLaren,3.5216877826515343,1,25,0,25
2024,17,Azerbaijan Grand Prix,2024-09-15,Baku City Circuit,Charles Leclerc,LEC,Ferrari,3.866368358865656,2,18,0,18
2024,17,Azerbaijan Grand Prix,2024-09-15,Baku City Circuit,Lando Norris,NOR,McLaren,4.37368837230286,3,15,0,15
2024,17,Azerbaijan Grand Prix,2024-09-15,Baku City Circuit,Max Verstappen,VER,Red Bull,5.184789781793862,4,12,0,12
2024,17,Azerbaijan Grand Prix,2024-09-15,Baku City Circuit,George Russell,RUS,Mercedes,5.9059176922865815,5,10,0,10
2024,17,Azerbaijan Grand Prix,2024-09-15,Baku City Circuit,Lewis Hamilton,HAM,Mercedes,7.743750515811904,6,8,0,8
2024,17,Azerbaijan Grand Prix,2024-09-15,Baku City Circuit,Fernando Alonso,ALO,Aston Martin,8.667204326404663,7,6,0,6
2024,17,Azerbaijan Grand Prix,2024-09-15,Baku City Circuit,Alexander Albon,ALB,Williams,10.493125018074034,8,4,0,4
2024,17,Azerbaijan Grand Prix,2024-09-15,Baku City Circuit,Carlos Sainz,SAI,Ferrari,10.837944922302936,9,2,0,2
2024,17,Azerbaijan Grand Prix,2024-09-15,Baku City Circuit,Franco Colapinto,COL,Williams,11.063542519621237,10,1,0,1
2024,17,Azerbaijan Grand Prix,2024-09-15,Baku City Circuit,Oliver Bearman,BEA,Haas F1 Team,11.198012422722288,11,0,0,0
2024,17,Azerbaijan Grand Prix,2024-09-15,Baku City Circuit,Sergio Pérez,PER,Red Bull,11.44918139376963,12,0,0,0
2024,17,Azerbaijan Grand Prix,2024-09-15,Baku City Circuit,Daniel Ricciardo,RIC,RB F1 Team,12.641887430251204,13,0,0,0
2024,17,Azerbaijan Grand Prix,2024-09-15,Baku City Circuit,Nico Hülkenberg,HUL,Haas F1 Team,13.055713730627822,14,0,0,0
2024,17,Azerbaijan Grand Prix,2024-09-15,Baku City Circuit,Pierre Gasly,GAS,Alpine F1 Team,13.36359615657287,15,0,0,0
2024,17,Azerbaijan Grand Prix,2024-09-15,Baku City Circuit,Esteban Ocon,OCO,Alpine F1 Team,14.15088245944802,16,0,0,0
2024,17,Azerbaijan Grand Prix,2024-09-15,Baku City Circuit,Guanyu Zhou,ZHO,Sauber,14.965579178229175,17,0,0,0
2024,17,Azerbaijan Grand Prix,2024-09-15,Baku City Circuit,Valtteri Bottas,BOT,Sauber,15.232645200937686,18,0,0,0
2024,17,Azerbaijan Grand Prix,2024-09-15,Baku City Circuit,Lance Stroll,STR,Aston Martin,15.767517520659784,19,0,0,0
2024,17,Azerbaijan Grand Prix,2024-09-15,Baku City Circuit,Yuki Tsunoda,TSU,RB F1 Team,16.36501420552604,20,0,0,0
2024,18,Singapore Grand Prix,2024-09-22,Marina Bay Street Circuit,Lando Norris,NOR,McLaren,3.233819337074174,1,25,0,25
2024,18,Singapore Grand Prix,2024-09-22,Marina Bay Street Circuit,Max Verstappen,VER,Red Bull,3.749733093981764,2,18,0,18
2024,18,Singapore Grand Prix,2024-09-22,Marina Bay Street Circuit,Oscar Piastri,PIA,McLaren,4.119848389294404,3,15,0,15
2024,18,Singapore Grand Prix,2024-09-22,Marina Bay Street Circuit,Charles Leclerc,LEC,Ferrari,5.0382658480764295,4,12,0,12
2024,18,Singapore Grand Prix,2024-09-22,Marina Bay Street Circuit,George Russell,RUS,Mercedes,6.1770156441765005,5,10,0,10
2024,18,Singapore Grand Prix,2024-09-22,Marina Bay Street Circuit,Lewis Hamilton,HAM,Mercedes,6.531781932606741,6,8,0,8
2024,18,Singapore Grand Prix,2024-09-22,Marina Bay Street Circuit,Carlos Sainz,SAI,Ferrari,7.478359179709181,7,6,0,6
2024,18,Singapore Grand Prix,2024-09-22,Marina Bay Street Circuit,Sergio Pérez,PER,Red Bull,10.286069422168932,8,4,0,4
2024,18,Singapore Grand Prix,2024-09-22,Marina Bay Street Circuit,Fernando Alonso,ALO,Aston Martin,10.510044047767185,9,2,0,2
2024,18,Singapore Grand Prix,2024-09-22,Marina Bay Street Circuit,Franco Colapinto,COL,Williams,11.900823479012812,10,1,0,1
2024,18,Singapore Grand Prix,2024-09-22,Marina Bay Street Circuit,Nico Hülkenberg,HUL,Haas F1 Team,12.375250881287164,11,0,0,0
2024,18,Singapore Grand Prix,2024-09-22,Marina Bay Street Circuit,Yuki Tsunoda,TSU,RB F1 Team,12.55508443195275,12,0,0,0
2024,18,Singapore Grand Prix,2024-09-22,Marina Bay Street Circuit,Esteban Ocon,OCO,Alpine F1 Team,14.01731852869353,13,0,0,0
2024,18,Singapore Grand Prix,2024-09-22,Marina Bay Street Circuit,Lance Stroll,STR,Aston Martin,14.28614096958586,14,0,0,0
2024,18,Singapore Grand Prix,2024-09-22,Marina Bay Street Circuit,Daniel Ricciardo,RIC,RB F1 Team,14.398618117993122,15,0,0,0
2024,18,Singapore Grand Prix,2024-09-22,Marina Bay Street Circuit,Pierre Gasly,GAS,Alpine F1 Team,15.008880550005555,16,0,0,0
2024,18,Singapore Grand Prix,2024-09-22,Marina Bay Street Circuit,Alexander Albon,ALB,Williams,15.123311666447124,17,0,0,0
2024,18,Singapore Grand Prix,2024-09-22,Marina Bay Street Circuit,Guanyu Zhou,ZHO,Sauber,15.21605410920779,18,0,0,0
2024,18,Singapore Grand Prix,2024-09-22,Marina Bay Street Circuit,Valtteri Bottas,BOT,Sauber,15.56835756249945,19,0,0,0
2024,18,Singapore Grand Prix,2024-09-22,Marina Bay Street Circuit,Kevin Magnussen,MAG,Haas F1 Team,16.30746664801057,20,0,0,0
2024,19,United States Grand Prix,2024-10-20,Circuit of the Americas,Charles Leclerc,LEC,Ferrari,3.835186879943414,1,25,0,25
2024,19,United States Grand Prix,2024-10-20,Circuit of the Americas,Lando Norris,NOR,McLaren,3.965728647018983,2,18,0,18
2024,19,United States Grand Prix,2024-10-20,Circuit of the Americas,Max Verstappen,VER,Red Bull,3.9682958083658826,3,15,0,15
2024,19,United States Grand Prix,2024-10-20,Circuit of the Americas,Oscar Piastri,PIA,McLaren,4.8323419645631205,4,12,0,12
2024,19,United States Grand Prix,2024-10-20,Circuit of the Americas,Carlos Sainz,SAI,Ferrari,5.368247443052344,5,10,0,10
2024,19,United States Grand Prix,2024-10-20,Circuit of the Americas,George Russell,RUS,Mercedes,6.372024867771437,6,8,0,8
2024,19,United States Grand Prix,2024-10-20,Circuit of the Americas,Sergio Pérez,PER,Red Bull,9.408342201916703,7,6,0,6
2024,19,United States Grand Prix,2024-10-20,Circuit of the Americas,Nico Hülkenberg,HUL,Haas F1 Team,10.74499409301908,8,4,0,4
2024,19,United States Grand Prix,2024-10-20,Circuit of the Americas,Lewis Hamilton,HAM,Mercedes,11.201524155743089,9,2,0,2
2024,19,United States Grand Prix,2024-10-20,Circuit of the Americas,Liam Lawson,LAW,RB F1 Team,11.702868724123226,10,1,0,1
2024,19,United States Grand Prix,2024-10-20,Circuit of the Americas,Fernando Alonso,ALO,Aston Martin,11.996917718121992,11,0,0,0
2024,19,United States Grand Prix,2024-10-20,Circuit of the Americas,Franco Colapinto,COL,Williams,12.026622493845304,12,0,0,0
2024,19,United States Grand Prix,2024-10-20,Circuit of the Americas,Kevin Magnussen,MAG,Haas F1 Team,12.109835646023514,13,0,0,0
2024,19,United States Grand Prix,2024-10-20,Circuit of the Americas,Pierre Gasly,GAS,Alpine F1 Team,12.592728433664286,14,0,0,0
2024,19,United States Grand Prix,2024-10-20,Circuit of the Americas,Yuki Tsunoda,TSU,RB F1 Team,13.456426819575,15,0,0,0
2024,19,United States Grand Prix,2024-10-20,Circuit of the Americas,Lance Stroll,STR,Aston Martin,14.220343933333773,16,0,0,0
2024,19,United States Grand Prix,2024-10-20,Circuit of the Americas,Alexander Albon,ALB,Williams,14.679659611559227,17,0,0,0
2024,19,United States Grand Prix,2024-10-20,Circuit of the Americas,Esteban Ocon,OCO,Alpine F1 Team,15.39430059809532,18,0,0,0
2024,19,United States Grand Prix,2024-10-20,Circuit of the Americas,Valtteri Bottas,BOT,Sauber,16.454497389609735,19,0,0,0
2024,19,United States Grand Prix,2024-10-20,Circuit of the Americas,Guanyu Zhou,ZHO,Sauber,17.049904227856903,20,0,0,0
2024,20,Mexico City Grand Prix,2024-10-27,Autódromo Hermanos Rodríguez,Lando Norris,NOR,McLaren,3.650114748677252,1,25,0,25
2024,20,Mexico City Grand Prix,2024-10-27,Autódromo Hermanos Rodríguez,Carlos Sainz,SAI,Ferrari,4.215157050450351,2,18,0,18
2024,20,Mexico City Grand Prix,2024-10-27,Autódromo Hermanos Rodríguez,Charles Leclerc,LEC,Ferrari,4.252135776166923,3,15,0,15
2024,20,Mexico City Grand Prix,2024-10-27,Autódromo Hermanos Rodríguez,Max Verstappen,VER,Red Bull,4.931102805967734,4,12,0,12
2024,20,Mexico City Grand Prix,2024-10-27,Autódromo Hermanos Rodríguez,George Russell,RUS,Mercedes,5.589054312487092,5,10,0,10
2024,20,Mexico City Grand Prix,2024-10-27,Autódromo Hermanos Rodríguez,Oscar Piastri,PIA,McLaren,6.36268289008547,6,8,0,8
2024,20,Mexico City Grand Prix,2024-10-27,Autódromo Hermanos Rodríguez,Lewis Hamilton,HAM,Mercedes,6.40771572535052,7,6,0,6
2024,20,Mexico City Grand Prix,2024-10-27,Autódromo Hermanos Rodríguez,Kevin Magnussen,MAG,Haas F1 Team,10.838133037210309,8,4,0,4
2024,20,Mexico City Grand Prix,2024-10-27,Autódromo Hermanos Rodríguez,Nico Hülkenberg,HUL,Haas F1 Team,10.92404411447349,9,2,0,2
2024,20,Mexico City Grand Prix,2024-10-27,Autódromo Hermanos Rodríguez,Pierre Gasly,GAS,Alpine F1 Team,11.294405677592726,10,1,0,1
2024,20,Mexico City Grand Prix,2024-10-27,Autódromo Hermanos Rodríguez,Lance Stroll,STR,Aston Martin,12.643649491614612,11,0,0,0
2024,20,Mexico City Grand Prix,2024-10-27,Autódromo Hermanos Rodríguez,Franco Colapinto,COL,Williams,12.82628620840988,12,0,0,0
2024,20,Mexico City Grand Prix,2024-10-27,Autódromo Hermanos Rodríguez,Esteban Ocon,OCO,Alpine F1 Team,13.01402573280117,13,0,0,0
2024,20,Mexico City Grand Prix,2024-10-27,Autódromo Hermanos Rodríguez,Sergio Pérez,PER,Red Bull,13.075275200128452,14,0,0,0
2024,20,Mexico City Grand Prix,2024-10-27,Autódromo Hermanos Rodríguez,Valtteri Bottas,BOT,Sauber,14.142263154900656,15,0,0,0
2024,20,Mexico City Grand Prix,2024-10-27,Autódromo Hermanos Rodríguez,Liam Lawson,LAW,RB F1 Team,14.51720166486658,16,0,0,0
2024,20,Mexico City Grand Prix,2024-10-27,Autódromo Hermanos Rodríguez,Fernando Alonso,ALO,Aston Martin,15.146241388031372,17,0,0,0
2024,20,Mexico City Grand Prix,2024-10-27,Autódromo Hermanos Rodríguez,Guanyu Zhou,ZHO,Sauber,15.215578696152898,18,0,0,0
2024,20,Mexico City Grand Prix,2024-10-27,Autódromo Hermanos Rodríguez,Yuki Tsunoda,TSU,RB F1 Team,15.627242094997673,19,0,0,0
2024,20,Mexico City Grand Prix,2024-10-27,Autódromo Hermanos Rodríguez,Alexander Albon,ALB,Williams,16.002083414134887,20,0,0,0
2024,21,São Paulo Grand Prix,2024-11-03,Autódromo José Carlos Pace,Max Verstappen,VER,Red Bull,4.316586720339067,1,25,0,25
2024,21,São Paulo Grand Prix,2024-11-03,Autódromo José Carlos Pace,Lando Norris,NOR,McLaren,4.94822186615609,2,18,0,18
2024,21,São Paulo Grand Prix,2024-11-03,Autódromo José Carlos Pace,George Russell,RUS,Mercedes,5.558351664941341,3,15,0,15
2024,21,São Paulo Grand Prix,2024-11-03,Autódromo José Carlos Pace,Charles Leclerc,LEC,Ferrari,6.502070971088539,4,12,0,12
2024,21,São Paulo Grand Prix,2024-11-03,Autódromo José Carlos Pace,Oscar Piastri,PIA,McLaren,6.955890035780104,5,10,0,10
2024,21,São Paulo Grand Prix,2024-11-03,Autódromo José Carlos Pace,Pierre Gasly,GAS,Alpine F1 Team,8.439071345919409,6,8,0,8
2024,21,São Paulo Grand Prix,2024-11-03,Autódromo José Carlos Pace,Esteban Ocon,OCO,Alpine F1 Team,9.574767822054394,7,6,0,6
2024,21,São Paulo Grand Prix,2024-11-03,Autódromo José Carlos Pace,Lewis Hamilton,HAM,Mercedes,9.716132325809244,8,4,0,4
2024,21,São Paulo Grand Prix,2024-11-03,Autódromo José Carlos Pace,Yuki Tsunoda,TSU,RB F1 Team,10.413056874416435,9,2,0,2
2024,21,São Paulo Grand Prix,2024-11-03,Autódromo José Carlos Pace,Liam Lawson,LAW,RB F1 Team,10.540781513592362,10,1,0,1
2024,21,São Paulo Grand Prix,2024-11-03,Autódromo José Carlos Pace,Carlos Sainz,SAI,Ferrari,10.99047073922809,11,0,0,0
2024,21,São Paulo Grand Prix,2024-11-03,Autódromo José Carlos Pace,Oliver Bearman,BEA,Haas F1 Team,11.482417829684378,12,0,0,0
2024,21,São Paulo Grand Prix,2024-11-03,Autódromo José Carlos Pace,Sergio Pérez,PER,Red Bull,11.678904265873014,13,0,0,0
2024,21,São Paulo Grand Prix,2024-11-03,Autódromo José Carlos Pace,Fernando Alonso,ALO,Aston Martin,12.51821974211648,14,0,0,0
2024,21,São Paulo Grand Prix,2024-11-03,Autódromo José Carlos Pace,Valtteri Bottas,BOT,Sauber,13.484125516223552,15,0,0,0
2024,21,São Paulo Grand Prix,2024-11-03,Autódromo José Carlos Pace,Alexander Albon,ALB,Williams,14.549326528004665,16,0,0,0
2024,21,São Paulo Grand Prix,2024-11-03,Autódromo José Carlos Pace,Guanyu Zhou,ZHO,Sauber,14.85065560087545,17,0,0,0
2024,21,São Paulo Grand Prix,2024-11-03,Autódromo José Carlos Pace,Franco Colapinto,COL,Williams,14.980176397061792,18,0,0,0
2024,21,São Paulo Grand Prix,2024-11-03,Autódromo José Carlos Pace,Lance Stroll,STR,Aston Martin,15.341407666542109,19,0,0,0
2024,21,São Paulo Grand Prix,2024-11-03,Autódromo José Carlos Pace,Nico Hülkenberg,HUL,Haas F1 Team,15.574849344854504,20,0,0,0
2024,22,Las Vegas Grand Prix,2024-11-23,Las Vegas Strip Street Circuit,George Russell,RUS,Mercedes,4.273276480566599,1,25,0,25
2024,22,Las Vegas Grand Prix,2024-11-23,Las Vegas Strip Street Circuit,Lewis Hamilton,HAM,Mercedes,4.4077864934454185,2,18,0,18
2024,22,Las Vegas Grand Prix,2024-11-23,Las Vegas Strip Street Circuit,Charles Leclerc,LEC,Ferrari,5.043466166033872,3,15,0,15
2024,22,Las Vegas Grand Prix,2024-11-23,Las Vegas Strip Street Circuit,Max Verstappen,VER,Red Bull,5.386457829619684,4,12,0,12
2024,22,Las Vegas Grand Prix,2024-11-23,Las Vegas Strip Street Circuit,Carlos Sainz,SAI,Ferrari,5.547857569850444,5,10,0,10
2024,22,Las Vegas Grand Prix,2024-11-23,Las Vegas Strip Street Circuit,Lando Norris,NOR,McLaren,6.656228087204351,6,8,0,8
2024,22,Las Vegas Grand Prix,2024-11-23,Las Vegas Strip Street Circuit,Oscar Piastri,PIA,McLaren,7.58093819665997,7,6,0,6
2024,22,Las Vegas Grand Prix,2024-11-23,Las Vegas Strip Street Circuit,Sergio Pérez,PER,Red Bull,10.906174388842146,8,4,0,4
2024,22,Las Vegas Grand Prix,2024-11-23,Las Vegas Strip Street Circuit,Nico Hülkenberg,HUL,Haas F1 Team,10.928546268989033,9,2,0,2
2024,22,Las Vegas Grand Prix,2024-11-23,Las Vegas Strip Street Circuit,Yuki Tsunoda,TSU,RB F1 Team,11.105970255358336,10,1,0,1
2024,22,Las Vegas Grand Prix,2024-11-23,Las Vegas Strip Street Circuit,Fernando Alonso,ALO,Aston Martin,11.513536767368716,11,0,0,0
2024,22,Las Vegas Grand Prix,2024-11-23,Las Vegas Strip Street Circuit,Kevin Magnussen,MAG,Haas F1 Team,12.866623343894664,12,0,0,0
2024,22,Las Vegas Grand Prix,2024-11-23,Las Vegas Strip Street Circuit,Franco Colapinto,COL,Williams,13.45883524922359,13,0,0,0
2024,22,Las Vegas Grand Prix,2024-11-23,Las Vegas Strip Street Circuit,Liam Lawson,LAW,RB F1 Team,13.680751919691923,14,0,0,0
2024,22,Las Vegas Grand Prix,2024-11-23,Las Vegas Strip Street Circuit,Esteban Ocon,OCO,Alpine F1 Team,14.314711702605562,15,0,0,0
2024,22,Las Vegas Grand Prix,2024-11-23,Las Vegas Strip Street Circuit,Guanyu Zhou,ZHO,Sauber,14.435645070715204,16,0,0,0
2024,22,Las Vegas Grand Prix,2024-11-23,Las Vegas Strip Street Circuit,Lance Stroll,STR,Aston Martin,14.450184332593874,17,0,0,0
2024,22,Las Vegas Grand Prix,2024-11-23,Las Vegas Strip Street Circuit,Pierre Gasly,GAS,Alpine F1 Team,15.653831856756971,18,0,0,0
2024,22,Las Vegas Grand Prix,2024-11-23,Las Vegas Strip Street Circuit,Valtteri Bottas,BOT,Sauber,15.88526668616472,19,0,0,0
2024,22,Las Vegas Grand Prix,2024-11-23,Las Vegas Strip Street Circuit,Alexander Albon,ALB,Williams,16.100360525064094,20,0,0,0
2024,23,Qatar Grand Prix,2024-12-01,Losail International Circuit,Max Verstappen,VER,Red Bull,3.4076479197694347,1,25,0,25
2024,23,Qatar Grand Prix,2024-12-01,Losail International Circuit,Charles Leclerc,LEC,Ferrari,3.7832066122953054,2,18,0,18
2024,23,Qatar Grand Prix,2024-12-01,Losail International Circuit,George Russell,RUS,Mercedes,5.134719409303577,3,15,0,15
2024,23,Qatar Grand Prix,2024-12-01,Losail International Circuit,Oscar Piastri,PIA,McLaren,5.658880045886658,4,12,0,12
2024,23,Qatar Grand Prix,2024-12-01,Losail International Circuit,Lando Norris,NOR,McLaren,6.918258730648623,5,10,0,10
2024,23,Qatar Grand Prix,2024-12-01,Losail International Circuit,Carlos Sainz,SAI,Ferrari,6.956325665562505,6,8,0,8
2024,23,Qatar Grand Prix,2024-12-01,Losail International Circuit,Lewis Hamilton,HAM,Mercedes,8.88597776418356,7,6,0,6
2024,23,Qatar Grand Prix,2024-12-01,Losail International Circuit,Pierre Gasly,GAS,Alpine F1 Team,9.673160803528257,8,4,0,4
2024,23,Qatar Grand Prix,2024-12-01,Losail International Circuit,Fernando Alonso,ALO,Aston Martin,10.073809559352489,9,2,0,2
2024,23,Qatar Grand Prix,2024-12-01,Losail International Circuit,Kevin Magnussen,MAG,Haas F1 Team,11.457604967674316,10,1,0,1
2024,23,Qatar Grand Prix,2024-12-01,Losail International Circuit,Yuki Tsunoda,TSU,RB F1 Team,12.448934789067142,11,0,0,0
2024,23,Qatar Grand Prix,2024-12-01,Losail International Circuit,Guanyu Zhou,ZHO,Sauber,12.546365859447842,12,0,0,0
2024,23,Qatar Grand Prix,2024-12-01,Losail International Circuit,Valtteri Bottas,BOT,Sauber,13.04458959557219,13,0,0,0
2024,23,Qatar Grand Prix,2024-12-01,Losail International Circuit,Liam Lawson,LAW,RB F1 Team,13.370187062373027,14,0,0,0
2024,23,Qatar Grand Prix,2024-12-01,Losail International Circuit,Sergio Pérez,PER,Red Bull,13.747318434054607,15,0,0,0
2024,23,Qatar Grand Prix,2024-12-01,Losail International Circuit,Nico Hülkenberg,HUL,Haas F1 Team,14.257284312011508,16,0,0,0
2024,23,Qatar Grand Prix,2024-12-01,Losail International Circuit,Lance Stroll,STR,Aston Martin,14.592589883412693,17,0,0,0
2024,23,Qatar Grand Prix,2024-12-01,Losail International Circuit,Alexander Albon,ALB,Williams,14.684955094811848,18,0,0,0
2024,23,Qatar Grand Prix,2024-12-01,Losail International Circuit,Esteban Ocon,OCO,Alpine F1 Team,15.47347457750583,19,0,0,0
2024,23,Qatar Grand Prix,2024-12-01,Losail International Circuit,Franco Colapinto,COL,Williams,16.36169531161698,20,0,0,0
2024,24,Abu Dhabi Grand Prix,2024-12-08,Yas Marina Circuit,Lando Norris,NOR,McLaren,3.781119541141925,1,25,0,25
2024,24,Abu Dhabi Grand Prix,2024-12-08,Yas Marina Circuit,Charles Leclerc,LEC,Ferrari,4.450968761658622,2,18,0,18
2024,24,Abu Dhabi Grand Prix,2024-12-08,Yas Marina Circuit,Carlos Sainz,SAI,Ferrari,4.635682818087708,3,15,0,15
2024,24,Abu Dhabi Grand Prix,2024-12-08,Yas Marina Circuit,Max Verstappen,VER,Red Bull,4.891998735407334,4,12,0,12
2024,24,Abu Dhabi Grand Prix,2024-12-08,Yas Marina Circuit,George Russell,RUS,Mercedes,5.212696739855266,5,10,0,10
2024,24,Abu Dhabi Grand Prix,2024-12-08,Yas Marina Circuit,Lewis Hamilton,HAM,Mercedes,5.857983553575221,6,8,0,8
2024,24,Abu Dhabi Grand Prix,2024-12-08,Yas Marina Circuit,Oscar Piastri,PIA,McLaren,7.907716378297238,7,6,0,6
2024,24,Abu Dhabi Grand Prix,2024-12-08,Yas Marina Circuit,Pierre Gasly,GAS,Alpine F1 Team,8.904244213282233,8,4,0,4
2024,24,Abu Dhabi Grand Prix,2024-12-08,Yas Marina Circuit,Nico Hülkenberg,HUL,Haas F1 Team,10.336570244365507,9,2,0,2
2024,24,Abu Dhabi Grand Prix,2024-12-08,Yas Marina Circuit,Fernando Alonso,ALO,Aston Martin,10.60580417297117,10,1,0,1
2024,24,Abu Dhabi Grand Prix,2024-12-08,Yas Marina Circuit,Yuki Tsunoda,TSU,RB F1 Team,12.651861514861125,11,0,0,0
2024,24,Abu Dhabi Grand Prix,2024-12-08,Yas Marina Circuit,Guanyu Zhou,ZHO,Sauber,13.202132378171688,12,0,0,0
2024,24,Abu Dhabi Grand Prix,2024-12-08,Yas Marina Circuit,Alexander Albon,ALB,Williams,13.26030005659331,13,0,0,0
2024,24,Abu Dhabi Grand Prix,2024-12-08,Yas Marina Circuit,Lance Stroll,STR,Aston Martin,13.745852767049035,14,0,0,0
2024,24,Abu Dhabi Grand Prix,2024-12-08,Yas Marina Circuit,Jack Doohan,DOO,Alpine F1 Team,14.023899279869882,15,0,0,0
2024,24,Abu Dhabi Grand Prix,2024-12-08,Yas Marina Circuit,Kevin Magnussen,MAG,Haas F1 Team,14.143366757309908,16,0,0,0
2024,24,Abu Dhabi Grand Prix,2024-12-08,Yas Marina Circuit,Sergio Pérez,PER,Red Bull,14.554755762512338,17,0,0,0
2024,24,Abu Dhabi Grand Prix,2024-12-08,Yas Marina Circuit,Liam Lawson,LAW,RB F1 Team,14.816951306734202,18,0,0,0
2024,24,Abu Dhabi Grand Prix,2024-12-08,Yas Marina Circuit,Valtteri Bottas,BOT,Sauber,15.859336554817284,19,0,0,0
2024,24,Abu Dhabi Grand Prix,2024-12-08,Yas Marina Circuit,Franco Colapinto,COL,Williams,15.968285241015575,20,0,0,0
2025,1,Australian Grand Prix,2025-03-16,Albert Park Grand Prix Circuit,Lando Norris,NOR,McLaren,3.841815655087172,1,25,0,25
2025,1,Australian Grand Prix,2025-03-16,Albert Park Grand Prix Circuit,Max Verstappen,VER,Red Bull,4.501956185603943,2,18,0,18
2025,1,Australian Grand Prix,2025-03-16,Albert Park Grand Prix Circuit,George Russell,RUS,Mercedes,4.701815931768046,3,15,0,15
2025,1,Australian Grand Prix,2025-03-16,Albert Park Grand Prix Circuit,Charles Leclerc,LEC,Ferrari,7.164985386460248,4,12,0,12
2025,1,Australian Grand Prix,2025-03-16,Albert Park Grand Prix Circuit,Andrea Kimi Antonelli,ANT,Mercedes,8.08379475894534,5,10,0,10
2025,1,Australian Grand Prix,2025-03-16,Albert Park Grand Prix Circuit,Lewis Hamilton,HAM,Ferrari,8.567162948693461,6,8,0,8
2025,1,Australian Grand Prix,2025-03-16,Albert Park Grand Prix Circuit,Oscar Piastri,PIA,McLaren,8.81780204817431,7,6,0,6
2025,1,Australian Grand Prix,2025-03-16,Albert Park Grand Prix Circuit,Alexander Albon,ALB,Williams,9.28976481123004,8,4,0,4
2025,1,Australian Grand Prix,2025-03-16,Albert Park Grand Prix Circuit,Nico Hülkenberg,HUL,Sauber,10.287786668382893,9,2,0,2
2025,1,Australian Grand Prix,2025-03-16,Albert Park Grand Prix Circuit,Lance Stroll,STR,Aston Martin,10.404236665411686,10,1,0,1
2025,1,Australian Grand Prix,2025-03-16,Albert Park Grand Prix Circuit,Pierre Gasly,GAS,Alpine F1 Team,11.452092528998785,11,0,0,0
2025,1,Australian Grand Prix,2025-03-16,Albert Park Grand Prix Circuit,Carlos Sainz,SAI,Williams,12.923069104466808,12,0,0,0
2025,1,Australian Grand Prix,2025-03-16,Albert Park Grand Prix Circuit,Yuki Tsunoda,TSU,RB F1 Team,12.99445360109059,13,0,0,0
2025,1,Australian Grand Prix,2025-03-16,Albert Park Grand Prix Circuit,Esteban Ocon,OCO,Haas F1 Team,13.046789094278436,14,0,0,0
2025,1,Australian Grand Prix,2025-03-16,Albert Park Grand Prix Circuit,Liam Lawson,LAW,Red Bull,13.449878883603152,15,0,0,0
2025,1,Australian Grand Prix,2025-03-16,Albert Park Grand Prix Circuit,Oliver Bearman,BEA,Haas F1 Team,13.454530387434293,16,0,0,0
2025,1,Australian Grand Prix,2025-03-16,Albert Park Grand Prix Circuit,Jack Doohan,DOO,Alpine F1 Team,14.424765466996316,17,0,0,0
2025,1,Australian Grand Prix,2025-03-16,Albert Park Grand Prix Circuit,Fernando Alonso,ALO,Aston Martin,14.551290249249298,18,0,0,0
2025,1,Australian Grand Prix,2025-03-16,Albert Park Grand Prix Circuit,Gabriel Bortoleto,BOR,Sauber,14.746081072437978,19,0,0,0
2025,1,Australian Grand Prix,2025-03-16,Albert Park Grand Prix Circuit,Isack Hadjar,HAD,RB F1 Team,15.77900711199457,20,0,0,0
2025,2,Chinese Grand Prix,2025-03-23,Shanghai International Circuit,Lando Norris,NOR,McLaren,3.975674544695997,1,25,0,25
2025,2,Chinese Grand Prix,2025-03-23,Shanghai International Circuit,George Russell,RUS,Mercedes,4.576815707608385,2,18,0,18
2025,2,Chinese Grand Prix,2025-03-23,Shanghai International Circuit,Max Verstappen,VER,Red Bull,5.72596913743199,3,15,0,15
2025,2,Chinese Grand Prix,2025-03-23,Shanghai International Circuit,Oscar Piastri,PIA,McLaren,6.036236628962432,4,12,0,12
2025,2,Chinese Grand Prix,2025-03-23,Shanghai International Circuit,Andrea Kimi Antonelli,ANT,Mercedes,6.267814784719462,5,10,0,10
2025,2,Chinese Grand Prix,2025-03-23,Shanghai International Circuit,Alexander Albon,ALB,Williams,9.146898269175416,6,8,0,8
2025,2,Chinese Grand Prix,2025-03-23,Shanghai International Circuit,Esteban Ocon,OCO,Haas F1 Team,9.52264870183606,7,6,0,6
2025,2,Chinese Grand Prix,2025-03-23,Shanghai International Circuit,Oliver Bearman,BEA,Haas F1 Team,10.73858251899244,8,4,0,4
2025,2,Chinese Grand Prix,2025-03-23,Shanghai International Circuit,Charles Leclerc,LEC,Ferrari,10.817335276842789,9,2,0,2
2025,2,Chinese Grand Prix,2025-03-23,Shanghai International Circuit,Lance Stroll,STR,Aston Martin,10.92019516636293,10,1,0,1
2025,2,Chinese Grand Prix,2025-03-23,Shanghai International Circuit,Carlos Sainz,SAI,Williams,11.616235934223273,11,0,0,0
2025,2,Chinese Grand Prix,2025-03-23,Shanghai International Circuit,Lewis Hamilton,HAM,Ferrari,11.732529945058957,12,0,0,0
2025,2,Chinese Grand Prix,2025-03-23,Shanghai International Circuit,Liam Lawson,LAW,Red Bull,11.955445176470487,13,0,0,0
2025,2,Chinese Grand Prix,2025-03-23,Shanghai International Circuit,Isack Hadjar,HAD,RB F1 Team,12.415959166242253,14,0,0,0
2025,2,Chinese Grand Prix,2025-03-23,Shanghai International Circuit,Nico Hülkenberg,HUL,Sauber,12.624928526366707,15,0,0,0
2025,2,Chinese Grand Prix,2025-03-23,Shanghai International Circuit,Jack Doohan,DOO,Alpine F1 Team,13.420949252582984,16,0,0,0
2025,2,Chinese Grand Prix,2025-03-23,Shanghai International Circuit,Yuki Tsunoda,TSU,RB F1 Team,14.175507379629831,17,0,0,0
2025,2,Chinese Grand Prix,2025-03-23,Shanghai International Circuit,Gabriel Bortoleto,BOR,Sauber,14.458438400904942,18,0,0,0
2025,2,Chinese Grand Prix,2025-03-23,Shanghai International Circuit,Fernando Alonso,ALO,Aston Martin,14.654281262377772,19,0,0,0
2025,2,Chinese Grand Prix,2025-03-23,Shanghai International Circuit,Pierre Gasly,GAS,Alpine F1 Team,14.879247419647252,20,0,0,0
2025,3,Japanese Grand Prix,2025-04-06,Suzuka Circuit,Max Verstappen,VER,Red Bull,3.069436402244029,1,25,0,25
2025,3,Japanese Grand Prix,2025-04-06,Suzuka Circuit,Lando Norris,NOR,McLaren,3.434904763745578,2,18,0,18
2025,3,Japanese Grand Prix,2025-04-06,Suzuka Circuit,George Russell,RUS,Mercedes,5.056100475333061,3,15,0,15
2025,3,Japanese Grand Prix,2025-04-06,Suzuka Circuit,Charles Leclerc,LEC,Ferrari,5.466686628709454,4,12,0,12
2025,3,Japanese Grand Prix,2025-04-06,Suzuka Circuit,Oscar Piastri,PIA,McLaren,5.474522097255631,5,10,0,10
2025,3,Japanese Grand Prix,2025-04-06,Suzuka Circuit,Andrea Kimi Antonelli,ANT,Mercedes,6.704550579823319,6,8,0,8
2025,3,Japanese Grand Prix,2025-04-06,Suzuka Circuit,Lewis Hamilton,HAM,Ferrari,7.285499173900665,7,6,0,6
2025,3,Japanese Grand Prix,2025-04-06,Suzuka Circuit,Yuki Tsunoda,TSU,Red Bull,10.815662292263395,8,4,0,4
2025,3,Japanese Grand Prix,2025-04-06,Suzuka Circuit,Fernando Alonso,ALO,Aston Martin,10.925805092662712,9,2,0,2
2025,3,Japanese Grand Prix,2025-04-06,Suzuka Circuit,Isack Hadjar,HAD,RB F1 Team,11.35038847232597,10,1,0,1
2025,3,Japanese Grand Prix,2025-04-06,Suzuka Circuit,Alexander Albon,ALB,Williams,11.436564354787146,11,0,0,0
2025,3,Japanese Grand Prix,2025-04-06,Suzuka Circuit,Oliver Bearman,BEA,Haas F1 Team,12.38934234066587,12,0,0,0
2025,3,Japanese Grand Prix,2025-04-06,Suzuka Circuit,Carlos Sainz,SAI,Williams,12.692566524116954,13,0,0,0
2025,3,Japanese Grand Prix,2025-04-06,Suzuka Circuit,Pierre Gasly,GAS,Alpine F1 Team,12.962345998008994,14,0,0,0
2025,3,Japanese Grand Prix,2025-04-06,Suzuka Circuit,Jack Doohan,DOO,Alpine F1 Team,14.442770264907743,15,0,0,0
2025,3,Japanese Grand Prix,2025-04-06,Suzuka Circuit,Esteban Ocon,OCO,Haas F1 Team,15.069265883604103,16,0,0,0
2025,3,Japanese Grand Prix,2025-04-06,Suzuka Circuit,Liam Lawson,LAW,RB F1 Team,15.072280573593066,17,0,0,0
2025,3,Japanese Grand Prix,2025-04-06,Suzuka Circuit,Nico Hülkenberg,HUL,Sauber,15.351408607389708,18,0,0,0
2025,3,Japanese Grand Prix,2025-04-06,Suzuka Circuit,Lance Stroll,STR,Aston Martin,16.33266119832953,19,0,0,0
2025,3,Japanese Grand Prix,2025-04-06,Suzuka Circuit,Gabriel Bortoleto,BOR,Sauber,17.011591542411654,20,0,0,0
2025,4,Bahrain Grand Prix,2025-04-13,Bahrain International Circuit,Lando Norris,NOR,McLaren,3.288311234768821,1,25,0,25
2025,4,Bahrain Grand Prix,2025-04-13,Bahrain International Circuit,Oscar Piastri,PIA,McLaren,3.656274720187747,2,18,0,18
2025,4,Bahrain Grand Prix,2025-04-13,Bahrain International Circuit,George Russell,RUS,Mercedes,4.166961076695994,3,15,0,15
2025,4,Bahrain Grand Prix,2025-04-13,Bahrain International Circuit,Charles Leclerc,LEC,Ferrari,5.513912429074197,4,12,0,12
2025,4,Bahrain Grand Prix,2025-04-13,Bahrain International Circuit,Max Verstappen,VER,Red Bull,5.710464347220016,5,10,0,10
2025,4,Bahrain Grand Prix,2025-04-13,Bahrain International Circuit,Lewis Hamilton,HAM,Ferrari,6.223525374298902,6,8,0,8
2025,4,Bahrain Grand Prix,2025-04-13,Bahrain International Circuit,Andrea Kimi Antonelli,ANT,Mercedes,9.392777745885526,7,6,0,6
2025,4,Bahrain Grand Prix,2025-04-13,Bahrain International Circuit,Pierre Gasly,GAS,Alpine F1 Team,9.761564190927963,8,4,0,4
2025,4,Bahrain Grand Prix,2025-04-13,Bahrain International Circuit,Esteban Ocon,OCO,Haas F1 Team,10.145207680202942,9,2,0,2
2025,4,Bahrain Grand Prix,2025-04-13,Bahrain International Circuit,Alexander Albon,ALB,Williams,10.690821453317946,10,1,0,1
2025,4,Bahrain Grand Prix,2025-04-13,Bahrain International Circuit,Yuki Tsunoda,TSU,Red Bull,11.100826028605209,11,0,0,0
2025,4,Bahrain Grand Prix,2025-04-13,Bahrain International Circuit,Oliver Bearman,BEA,Haas F1 Team,11.722153124354676,12,0,0,0
2025,4,Bahrain Grand Prix,2025-04-13,Bahrain International Circuit,Isack Hadjar,HAD,RB F1 Team,13.034150912694162,13,0,0,0
2025,4,Bahrain Grand Prix,2025-04-13,Bahrain International Circuit,Jack Doohan,DOO,Alpine F1 Team,14.097896754469936,14,0,0,0
2025,4,Bahrain Grand Prix,2025-04-13,Bahrain International Circuit,Fernando Alonso,ALO,Aston Martin,14.570099074536564,15,0,0,0
2025,4,Bahrain Grand Prix,2025-04-13,Bahrain International Circuit,Liam Lawson,LAW,RB F1 Team,14.996111492874816,16,0,0,0
2025,4,Bahrain Grand Prix,2025-04-13,Bahrain International Circuit,Carlos Sainz,SAI,Williams,15.258483196133945,17,0,0,0
2025,4,Bahrain Grand Prix,2025-04-13,Bahrain International Circuit,Lance Stroll,STR,Aston Martin,15.386543942829508,18,0,0,0
2025,4,Bahrain Grand Prix,2025-04-13,Bahrain International Circuit,Nico Hülkenberg,HUL,Sauber,15.423444554125116,19,0,0,0
2025,4,Bahrain Grand Prix,2025-04-13,Bahrain International Circuit,Gabriel Bortoleto,BOR,Sauber,15.998341115059768,20,0,0,0
2025,5,Saudi Arabian Grand Prix,2025-04-20,Jeddah Corniche Circuit,Oscar Piastri,PIA,McLaren,2.836793855051356,1,25,0,25
2025,5,Saudi Arabian Grand Prix,2025-04-20,Jeddah Corniche Circuit,Max Verstappen,VER,Red Bull,3.7826990715428512,2,18,0,18
2025,5,Saudi Arabian Grand Prix,2025-04-20,Jeddah Corniche Circuit,Lando Norris,NOR,McLaren,4.198754939369425,3,15,0,15
2025,5,Saudi Arabian Grand Prix,2025-04-20,Jeddah Corniche Circuit,George Russell,RUS,Mercedes,5.0120142203701326,4,12,0,12
2025,5,Saudi Arabian Grand Prix,2025-04-20,Jeddah Corniche Circuit,Charles Leclerc,LEC,Ferrari,5.272470789268337,5,10,0,10
2025,5,Saudi Arabian Grand Prix,2025-04-20,Jeddah Corniche Circuit,Lewis Hamilton,HAM,Ferrari,7.330701632651089,6,8,0,8
2025,5,Saudi Arabian Grand Prix,2025-04-20,Jeddah Corniche Circuit,Andrea Kimi Antonelli,ANT,Mercedes,7.65137602819457,7,6,0,6
2025,5,Saudi Arabian Grand Prix,2025-04-20,Jeddah Corniche Circuit,Carlos Sainz,SAI,Williams,9.77704313325543,8,4,0,4
2025,5,Saudi Arabian Grand Prix,2025-04-20,Jeddah Corniche Circuit,Alexander Albon,ALB,Williams,10.32602571841104,9,2,0,2
2025,5,Saudi Arabian Grand Prix,2025-04-20,Jeddah Corniche Circuit,Isack Hadjar,HAD,RB F1 Team,12.118582022213406,10,1,0,1
2025,5,Saudi Arabian Grand Prix,2025-04-20,Jeddah Corniche Circuit,Fernando Alonso,ALO,Aston Martin,12.461893644957984,11,0,0,0
2025,5,Saudi Arabian Grand Prix,2025-04-20,Jeddah Corniche Circuit,Liam Lawson,LAW,RB F1 Team,13.10763835643523,12,0,0,0
2025,5,Saudi Arabian Grand Prix,2025-04-20,Jeddah Corniche Circuit,Oliver Bearman,BEA,Haas F1 Team,13.275732221303958,13,0,0,0
2025,5,Saudi Arabian Grand Prix,2025-04-20,Jeddah Corniche Circuit,Esteban Ocon,OCO,Haas F1 Team,13.554768704598178,14,0,0,0
2025,5,Saudi Arabian Grand Prix,2025-04-20,Jeddah Corniche Circuit,Nico Hülkenberg,HUL,Sauber,14.121847368218582,15,0,0,0
2025,5,Saudi Arabian Grand Prix,2025-04-20,Jeddah Corniche Circuit,Yuki Tsunoda,TSU,Red Bull,14.745040916766408,16,0,0,0
2025,5,Saudi Arabian Grand Prix,2025-04-20,Jeddah Corniche Circuit,Pierre Gasly,GAS,Alpine F1 Team,15.042834811777167,17,0,0,0
2025,5,Saudi Arabian Grand Prix,2025-04-20,Jeddah Corniche Circuit,Lance Stroll,STR,Aston Martin,15.317464263197042,18,0,0,0
2025,5,Saudi Arabian Grand Prix,2025-04-20,Jeddah Corniche Circuit,Jack Doohan,DOO,Alpine F1 Team,15.680628058081922,19,0,0,0
2025,5,Saudi Arabian Grand Prix,2025-04-20,Jeddah Corniche Circuit,Gabriel Bortoleto,BOR,Sauber,16.87765244033618,20,0,0,0
2025,6,Miami Grand Prix,2025-05-04,Miami International Autodrome,Oscar Piastri,PIA,McLaren,2.9650200169752656,1,25,0,25
2025,6,Miami Grand Prix,2025-05-04,Miami International Autodrome,Lando Norris,NOR,McLaren,3.804344203561644,2,18,0,18
2025,6,Miami Grand Prix,2025-05-04,Miami International Autodrome,Max Verstappen,VER,Red Bull,4.184996011806893,3,15,0,15
2025,6,Miami Grand Prix,2025-05-04,Miami International Autodrome,George Russell,RUS,Mercedes,4.43993192915514,4,12,0,12
2025,6,Miami Grand Prix,2025-05-04,Miami International Autodrome,Charles Leclerc,LEC,Ferrari,6.469823993266606,5,10,0,10
2025,6,Miami Grand Prix,2025-05-04,Miami International Autodrome,Andrea Kimi Antonelli,ANT,Mercedes,7.007259609476176,6,8,0,8
2025,6,Miami Grand Prix,2025-05-04,Miami International Autodrome,Alexander Albon,ALB,Williams,8.21262795975893,7,6,0,6
2025,6,Miami Grand Prix,2025-05-04,Miami International Autodrome,Lewis Hamilton,HAM,Ferrari,8.676004391756123,8,4,0,4
2025,6,Miami Grand Prix,2025-05-04,Miami International Autodrome,Carlos Sainz,SAI,Williams,9.39758208435896,9,2,0,2
2025,6,Miami Grand Prix,2025-05-04,Miami International Autodrome,Yuki Tsunoda,TSU,Red Bull,10.611247591118554,10,1,0,1
2025,6,Miami Grand Prix,2025-05-04,Miami International Autodrome,Isack Hadjar,HAD,RB F1 Team,12.014405101842604,11,0,0,0
2025,6,Miami Grand Prix,2025-05-04,Miami International Autodrome,Esteban Ocon,OCO,Haas F1 Team,13.39308604951812,12,0,0,0
2025,6,Miami Grand Prix,2025-05-04,Miami International Autodrome,Fernando Alonso,ALO,Aston Martin,13.973039342601837,13,0,0,0
2025,6,Miami Grand Prix,2025-05-04,Miami International Autodrome,Nico Hülkenberg,HUL,Sauber,14.038093023024114,14,0,0,0
2025,6,Miami Grand Prix,2025-05-04,Miami International Autodrome,Pierre Gasly,GAS,Alpine F1 Team,14.082234110423627,15,0,0,0
2025,6,Miami Grand Prix,2025-05-04,Miami International Autodrome,Liam Lawson,LAW,RB F1 Team,15.27572056583648,16,0,0,0
2025,6,Miami Grand Prix,2025-05-04,Miami International Autodrome,Lance Stroll,STR,Aston Martin,15.441047911921595,17,0,0,0
2025,6,Miami Grand Prix,2025-05-04,Miami International Autodrome,Oliver Bearman,BEA,Haas F1 Team,15.68341108927622,18,0,0,0
2025,6,Miami Grand Prix,2025-05-04,Miami International Autodrome,Gabriel Bortoleto,BOR,Sauber,16.682393049481476,19,0,0,0
2025,6,Miami Grand Prix,2025-05-04,Miami International Autodrome,Jack Doohan,DOO,Alpine F1 Team,17.517257791718396,20,0,0,0
2025,7,Emilia Romagna Grand Prix,2025-05-18,Autodromo Enzo e Dino Ferrari,Max Verstappen,VER,Red Bull,3.221554968993471,1,25,0,25
2025,7,Emilia Romagna Grand Prix,2025-05-18,Autodromo Enzo e Dino Ferrari,Lando Norris,NOR,McLaren,3.688238290801989,2,18,0,18
2025,7,Emilia Romagna Grand Prix,2025-05-18,Autodromo Enzo e Dino Ferrari,Oscar Piastri,PIA,McLaren,3.865558830116151,3,15,0,15
2025,7,Emilia Romagna Grand Prix,2025-05-18,Autodromo Enzo e Dino Ferrari,Lewis Hamilton,HAM,Ferrari,5.896248085866802,4,12,0,12
2025,7,Emilia Romagna Grand Prix,2025-05-18,Autodromo Enzo e Dino Ferrari,George Russell,RUS,Mercedes,6.089937150175473,5,10,0,10
2025,7,Emilia Romagna Grand Prix,2025-05-18,Autodromo Enzo e Dino Ferrari,Charles Leclerc,LEC,Ferrari,7.459729677936004,6,8,0,8
2025,7,Emilia Romagna Grand Prix,2025-05-18,Autodromo Enzo e Dino Ferrari,Alexander Albon,ALB,Williams,7.944180094195774,7,6,0,6
2025,7,Emilia Romagna Grand Prix,2025-05-18,Autodromo Enzo e Dino Ferrari,Carlos Sainz,SAI,Williams,9.583558939827627,8,4,0,4
2025,7,Emilia Romagna Grand Prix,2025-05-18,Autodromo Enzo e Dino Ferrari,Yuki Tsunoda,TSU,Red Bull,11.275875962652368,9,2,0,2
2025,7,Emilia Romagna Grand Prix,2025-05-18,Autodromo Enzo e Dino Ferrari,Isack Hadjar,HAD,RB F1 Team,11.387621332371332,10,1,0,1
2025,7,Emilia Romagna Grand Prix,2025-05-18,Autodromo Enzo e Dino Ferrari,Fernando Alonso,ALO,Aston Martin,12.394854625516349,11,0,0,0
2025,7,Emilia Romagna Grand Prix,2025-05-18,Autodromo Enzo e Dino Ferrari,Andrea Kimi Antonelli,ANT,Mercedes,12.485861309818056,12,0,0,0
2025,7,Emilia Romagna Grand Prix,2025-05-18,Autodromo Enzo e Dino Ferrari,Pierre Gasly,GAS,Alpine F1 Team,12.52882794329293,13,0,0,0
2025,7,Emilia Romagna Grand Prix,2025-05-18,Autodromo Enzo e Dino Ferrari,Nico Hülkenberg,HUL,Sauber,13.858884883606978,14,0,0,0
2025,7,Emilia Romagna Grand Prix,2025-05-18,Autodromo Enzo e Dino Ferrari,Liam Lawson,LAW,RB F1 Team,13.90347631603729,15,0,0,0
2025,7,Emilia Romagna Grand Prix,2025-05-18,Autodromo Enzo e Dino Ferrari,Lance Stroll,STR,Aston Martin,14.163936593014096,16,0,0,0
2025,7,Emilia Romagna Grand Prix,2025-05-18,Autodromo Enzo e Dino Ferrari,Oliver Bearman,BEA,Haas F1 Team,15.091277512520168,17,0,0,0
2025,7,Emilia Romagna Grand Prix,2025-05-18,Autodromo Enzo e Dino Ferrari,Franco Colapinto,COL,Alpine F1 Team,15.177691788669977,18,0,0,0
2025,7,Emilia Romagna Grand Prix,2025-05-18,Autodromo Enzo e Dino Ferrari,Esteban Ocon,OCO,Haas F1 Team,15.97691261353027,19,0,0,0
2025,7,Emilia Romagna Grand Prix,2025-05-18,Autodromo Enzo e Dino Ferrari,Gabriel Bortoleto,BOR,Sauber,15.997226909743915,20,0,0,0
2025,8,Monaco Grand Prix,2025-05-25,Circuit de Monaco,Lando Norris,NOR,McLaren,3.172165704341853,1,25,0,25
2025,8,Monaco Grand Prix,2025-05-25,Circuit de Monaco,Max Verstappen,VER,Red Bull,4.139954103999645,2,18,0,18
2025,8,Monaco Grand Prix,2025-05-25,Circuit de Monaco,Oscar Piastri,PIA,McLaren,4.450427182641579,3,15,0,15
2025,8,Monaco Grand Prix,2025-05-25,Circuit de Monaco,Charles Leclerc,LEC,Ferrari,4.706648246649104,4,12,0,12
2025,8,Monaco Grand Prix,2025-05-25,Circuit de Monaco,Lewis Hamilton,HAM,Ferrari,6.332546627514643,5,10,0,10
2025,8,Monaco Grand Prix,2025-05-25,Circuit de Monaco,George Russell,RUS,Mercedes,8.457764915338283,6,8,0,8
2025,8,Monaco Grand Prix,2025-05-25,Circuit de Monaco,Alexander Albon,ALB,Williams,9.376012805288369,7,6,0,6
2025,8,Monaco Grand Prix,2025-05-25,Circuit de Monaco,Isack Hadjar,HAD,RB F1 Team,9.619421873430928,8,4,0,4
2025,8,Monaco Grand Prix,2025-05-25,Circuit de Monaco,Carlos Sainz,SAI,Williams,10.195372560536628,9,2,0,2
2025,8,Monaco Grand Prix,2025-05-25,Circuit de Monaco,Esteban Ocon,OCO,Haas F1 Team,10.765497147163218,10,1,0,1
2025,8,Monaco Grand Prix,2025-05-25,Circuit de Monaco,Liam Lawson,LAW,RB F1 Team,10.77351212410955,11,0,0,0
2025,8,Monaco Grand Prix,2025-05-25,Circuit de Monaco,Oliver Bearman,BEA,Haas F1 Team,12.401745659116738,12,0,0,0
2025,8,Monaco Grand Prix,2025-05-25,Circuit de Monaco,Andrea Kimi Antonelli,ANT,Mercedes,13.604947945845009,13,0,0,0
2025,8,Monaco Grand Prix,2025-05-25,Circuit de Monaco,Franco Colapinto,COL,Alpine F1 Team,13.78484352664664,14,0,0,0
2025,8,Monaco Grand Prix,2025-05-25,Circuit de Monaco,Yuki Tsunoda,TSU,Red Bull,14.461754763589996,15,0,0,0
2025,8,Monaco Grand Prix,2025-05-25,Circuit de Monaco,Gabriel Bortoleto,BOR,Sauber,14.64956960167807,16,0,0,0
2025,8,Monaco Grand Prix,2025-05-25,Circuit de Monaco,Lance Stroll,STR,Aston Martin,15.002694259256671,17,0,0,0
2025,8,Monaco Grand Prix,2025-05-25,Circuit de Monaco,Nico Hülkenberg,HUL,Sauber,15.21692198654351,18,0,0,0
2025,8,Monaco Grand Prix,2025-05-25,Circuit de Monaco,Pierre Gasly,GAS,Alpine F1 Team,15.769117641416551,19,0,0,0
2025,8,Monaco Grand Prix,2025-05-25,Circuit de Monaco,Fernando Alonso,ALO,Aston Martin,16.021226220380388,20,0,0,0
2025,9,Spanish Grand Prix,2025-06-01,Circuit de Barcelona-Catalunya,Lando Norris,NOR,McLaren,2.736900929316273,1,25,0,25
2025,9,Spanish Grand Prix,2025-06-01,Circuit de Barcelona-Catalunya,Oscar Piastri,PIA,McLaren,3.24077739386826,2,18,0,18
2025,9,Spanish Grand Prix,2025-06-01,Circuit de Barcelona-Catalunya,Charles Leclerc,LEC,Ferrari,4.964296291464184,3,15,0,15
2025,9,Spanish Grand Prix,2025-06-01,Circuit de Barcelona-Catalunya,George Russell,RUS,Mercedes,5.787928033258047,4,12,0,12
2025,9,Spanish Grand Prix,2025-06-01,Circuit de Barcelona-Catalunya,Lewis Hamilton,HAM,Ferrari,5.965965400992405,5,10,0,10
2025,9,Spanish Grand Prix,2025-06-01,Circuit de Barcelona-Catalunya,Max Verstappen,VER,Red Bull,6.911052209911825,6,8,0,8
2025,9,Spanish Grand Prix,2025-06-01,Circuit de Barcelona-Catalunya,Isack Hadjar,HAD,RB F1 Team,9.587438434546794,7,6,0,6
2025,9,Spanish Grand Prix,2025-06-01,Circuit de Barcelona-Catalunya,Pierre Gasly,GAS,Alpine F1 Team,10.852056701641231,8,4,0,4
2025,9,Spanish Grand Prix,2025-06-01,Circuit de Barcelona-Catalunya,Nico Hülkenberg,HUL,Sauber,10.968248951216564,9,2,0,2
2025,9,Spanish Grand Prix,2025-06-01,Circuit de Barcelona-Catalunya,Fernando Alonso,ALO,Aston Martin,11.026936855907245,10,1,0,1
2025,9,Spanish Grand Prix,2025-06-01,Circuit de Barcelona-Catalunya,Liam Lawson,LAW,RB F1 Team,11.388069650321007,11,0,0,0
2025,9,Spanish Grand Prix,2025-06-01,Circuit de Barcelona-Catalunya,Yuki Tsunoda,TSU,Red Bull,12.412693351801344,12,0,0,0
2025,9,Spanish Grand Prix,2025-06-01,Circuit de Barcelona-Catalunya,Carlos Sainz,SAI,Williams,13.416918990183795,13,0,0,0
2025,9,Spanish Grand Prix,2025-06-01,Circuit de Barcelona-Catalunya,Gabriel Bortoleto,BOR,Sauber,13.563884661121111,14,0,0,0
2025,9,Spanish Grand Prix,2025-06-01,Circuit de Barcelona-Catalunya,Esteban Ocon,OCO,Haas F1 Team,13.90148802187366,15,0,0,0
2025,9,Spanish Grand Prix,2025-06-01,Circuit de Barcelona-Catalunya,Alexander Albon,ALB,Williams,14.353922004948917,16,0,0,0
2025,9,Spanish Grand Prix,2025-06-01,Circuit de Barcelona-Catalunya,Andrea Kimi Antonelli,ANT,Mercedes,14.469432933386052,17,0,0,0
2025,9,Spanish Grand Prix,2025-06-01,Circuit de Barcelona-Catalunya,Franco Colapinto,COL,Alpine F1 Team,15.254253332589576,18,0,0,0
2025,9,Spanish Grand Prix,2025-06-01,Circuit de Barcelona-Catalunya,Oliver Bearman,BEA,Haas F1 Team,15.3113137891037,19,0,0,0
2025,10,Canadian Grand Prix,2025-06-15,Circuit Gilles Villeneuve,Max Verstappen,VER,Red Bull,3.838249371658799,1,25,0,25
2025,10,Canadian Grand Prix,2025-06-15,Circuit Gilles Villeneuve,George Russell,RUS,Mercedes,4.1313630968919295,2,18,0,18
2025,10,Canadian Grand Prix,2025-06-15,Circuit Gilles Villeneuve,Oscar Piastri,PIA,McLaren,5.636911822666246,3,15,0,15
2025,10,Canadian Grand Prix,2025-06-15,Circuit Gilles Villeneuve,Charles Leclerc,LEC,Ferrari,6.02810409934074,4,12,0,12
2025,10,Canadian Grand Prix,2025-06-15,Circuit Gilles Villeneuve,Lewis Hamilton,HAM,Ferrari,6.085896617923623,5,10,0,10
2025,10,Canadian Grand Prix,2025-06-15,Circuit Gilles Villeneuve,Andrea Kimi Antonelli,ANT,Mercedes,8.02713725118481,6,8,0,8
2025,10,Canadian Grand Prix,2025-06-15,Circuit Gilles Villeneuve,Nico Hülkenberg,HUL,Sauber,9.52087427394448,7,6,0,6
2025,10,Canadian Grand Prix,2025-06-15,Circuit Gilles Villeneuve,Fernando Alonso,ALO,Aston Martin,10.14918771506271,8,4,0,4
2025,10,Canadian Grand Prix,2025-06-15,Circuit Gilles Villeneuve,Lando Norris,NOR,McLaren,10.960465054231122,9,2,0,2
2025,10,Canadian Grand Prix,2025-06-15,Circuit Gilles Villeneuve,Carlos Sainz,SAI,Williams,10.99938169483788,10,1,0,1
2025,10,Canadian Grand Prix,2025-06-15,Circuit Gilles Villeneuve,Esteban Ocon,OCO,Haas F1 Team,11.10334011975343,11,0,0,0
2025,10,Canadian Grand Prix,2025-06-15,Circuit Gilles Villeneuve,Yuki Tsunoda,TSU,Red Bull,11.879040398470927,12,0,0,0
2025,10,Canadian Grand Prix,2025-06-15,Circuit Gilles Villeneuve,Oliver Bearman,BEA,Haas F1 Team,12.865605353358225,13,0,0,0
2025,10,Canadian Grand Prix,2025-06-15,Circuit Gilles Villeneuve,Isack Hadjar,HAD,RB F1 Team,13.065641570235318,14,0,0,0
2025,10,Canadian Grand Prix,2025-06-15,Circuit Gilles Villeneuve,Alexander Albon,ALB,Williams,13.336215136858826,15,0,0,0
2025,10,Canadian Grand Prix,2025-06-15,Circuit Gilles Villeneuve,Pierre Gasly,GAS,Alpine F1 Team,13.58918439425632,16,0,0,0
2025,10,Canadian Grand Prix,2025-06-15,Circuit Gilles Villeneuve,Gabriel Bortoleto,BOR,Sauber,13.908708113723348,17,0,0,0
2025,10,Canadian Grand Prix,2025-06-15,Circuit Gilles Villeneuve,Franco Colapinto,COL,Alpine F1 Team,14.151590748767497,18,0,0,0
2025,10,Canadian Grand Prix,2025-06-15,Circuit Gilles Villeneuve,Lance Stroll,STR,Aston Martin,14.99213414183503,19,0,0,0
2025,10,Canadian Grand Prix,2025-06-15,Circuit Gilles Villeneuve,Liam Lawson,LAW,RB F1 Team,15.361757222185172,20,0,0,0
2025,11,Austrian Grand Prix,2025-06-29,Red Bull Ring,Oscar Piastri,PIA,McLaren,3.117459928039456,1,25,0,25
2025,11,Austrian Grand Prix,2025-06-29,Red Bull Ring,Lando Norris,NOR,McLaren,4.074467983405483,2,18,0,18
2025,11,Austrian Grand Prix,2025-06-29,Red Bull Ring,Charles Leclerc,LEC,Ferrari,4.560705302179778,3,15,0,15
2025,11,Austrian Grand Prix,2025-06-29,Red Bull Ring,Lewis Hamilton,HAM,Ferrari,5.392885560045396,4,12,0,12
2025,11,Austrian Grand Prix,2025-06-29,Red Bull Ring,George Russell,RUS,Mercedes,5.943639853357229,5,10,0,10
2025,11,Austrian Grand Prix,2025-06-29,Red Bull Ring,Liam Lawson,LAW,RB F1 Team,9.57900528259951,6,8,0,8
2025,11,Austrian Grand Prix,2025-06-29,Red Bull Ring,Fernando Alonso,ALO,Aston Martin,9.69152162600145,7,6,0,6
2025,11,Austrian Grand Prix,2025-06-29,Red Bull Ring,Max Verstappen,VER,Red Bull,10.274020424745943,8,4,0,4
2025,11,Austrian Grand Prix,2025-06-29,Red Bull Ring,Gabriel Bortoleto,BOR,Sauber,10.582596700538629,9,2,0,2
2025,11,Austrian Grand Prix,2025-06-29,Red Bull Ring,Nico Hülkenberg,HUL,Sauber,10.774316067468208,10,1,0,1
2025,11,Austrian Grand Prix,2025-06-29,Red Bull Ring,Esteban Ocon,OCO,Haas F1 Team,11.187687368510035,11,0,0,0
2025,11,Austrian Grand Prix,2025-06-29,Red Bull Ring,Isack Hadjar,HAD,RB F1 Team,12.200118039109531,12,0,0,0
2025,11,Austrian Grand Prix,2025-06-29,Red Bull Ring,Pierre Gasly,GAS,Alpine F1 Team,12.551342910020502,13,0,0,0
2025,11,Austrian Grand Prix,2025-06-29,Red Bull Ring,Oliver Bearman,BEA,Haas F1 Team,12.67609212387218,14,0,0,0
2025,11,Austrian Grand Prix,2025-06-29,Red Bull Ring,Andrea Kimi Antonelli,ANT,Mercedes,13.316825337102502,15,0,0,0
2025,11,Austrian Grand Prix,2025-06-29,Red Bull Ring,Lance Stroll,STR,Aston Martin,13.536791540652668,16,0,0,0
2025,11,Austrian Grand Prix,2025-06-29,Red Bull Ring,Franco Colapinto,COL,Alpine F1 Team,14.210384702116706,17,0,0,0
2025,11,Austrian Grand Prix,2025-06-29,Red Bull Ring,Alexander Albon,ALB,Williams,14.258655067476983,18,0,0,0
2025,11,Austrian Grand Prix,2025-06-29,Red Bull Ring,Yuki Tsunoda,TSU,Red Bull,14.291090776462095,19,0,0,0
2025,11,Austrian Grand Prix,2025-06-29,Red Bull Ring,Carlos Sainz,SAI,Williams,15.807512872733543,20,0,0,0
2025,12,British Grand Prix,2025-07-06,Silverstone Circuit,Lando Norris,NOR,McLaren,3.3637675231383057,1,25,0,25
2025,12,British Grand Prix,2025-07-06,Silverstone Circuit,Oscar Piastri,PIA,McLaren,3.876202704658848,2,18,0,18
2025,12,British Grand Prix,2025-07-06,Silverstone Circuit,Lewis Hamilton,HAM,Ferrari,5.492445645095728,3,15,0,15
2025,12,British Grand Prix,2025-07-06,Silverstone Circuit,Max Verstappen,VER,Red Bull,6.63786400318941,4,12,0,12
2025,12,British Grand Prix,2025-07-06,Silverstone Circuit,Nico Hülkenberg,HUL,Sauber,8.170396824103015,5,10,0,10
2025,12,British Grand Prix,2025-07-06,Silverstone Circuit,George Russell,RUS,Mercedes,8.700674787682367,6,8,0,8
2025,12,British Grand Prix,2025-07-06,Silverstone Circuit,Fernando Alonso,ALO,Aston Martin,9.81919835508311,7,6,0,6
2025,12,British Grand Prix,2025-07-06,Silverstone Circuit,Charles Leclerc,LEC,Ferrari,9.996382074668412,8,4,0,4
2025,12,British Grand Prix,2025-07-06,Silverstone Circuit,Alexander Albon,ALB,Williams,10.197970402805648,9,2,0,2
2025,12,British Grand Prix,2025-07-06,Silverstone Circuit,Pierre Gasly,GAS,Alpine F1 Team,10.224486899613543,10,1,0,1
2025,12,British Grand Prix,2025-07-06,Silverstone Circuit,Lance Stroll,STR,Aston Martin,10.510632178593337,11,0,0,0
2025,12,British Grand Prix,2025-07-06,Silverstone Circuit,Oliver Bearman,BEA,Haas F1 Team,12.204574312941588,12,0,0,0
2025,12,British Grand Prix,2025-07-06,Silverstone Circuit,Esteban Ocon,OCO,Haas F1 Team,12.740325973583465,13,0,0,0
2025,12,British Grand Prix,2025-07-06,Silverstone Circuit,Carlos Sainz,SAI,Williams,12.793456442981322,14,0,0,0
2025,12,British Grand Prix,2025-07-06,Silverstone Circuit,Yuki Tsunoda,TSU,Red Bull,13.00783308775849,15,0,0,0
2025,12,British Grand Prix,2025-07-06,Silverstone Circuit,Andrea Kimi Antonelli,ANT,Mercedes,13.428394049455454,16,0,0,0
2025,12,British Grand Prix,2025-07-06,Silverstone Circuit,Isack Hadjar,HAD,RB F1 Team,14.148539478272705,17,0,0,0
2025,12,British Grand Prix,2025-07-06,Silverstone Circuit,Liam Lawson,LAW,RB F1 Team,14.294127779671667,18,0,0,0
2025,12,British Grand Prix,2025-07-06,Silverstone Circuit,Gabriel Bortoleto,BOR,Sauber,14.38630353410073,19,0,0,0
2025,12,British Grand Prix,2025-07-06,Silverstone Circuit,Franco Colapinto,COL,Alpine F1 Team,16.58032775108503,20,0,0,0
2025,13,Belgian Grand Prix,2025-07-27,Circuit de Spa-Francorchamps,Oscar Piastri,PIA,McLaren,3.0559484730226165,1,25,0,25
2025,13,Belgian Grand Prix,2025-07-27,Circuit de Spa-Francorchamps,Lando Norris,NOR,McLaren,3.743133992079117,2,18,0,18
2025,13,Belgian Grand Prix,2025-07-27,Circuit de Spa-Francorchamps,Charles Leclerc,LEC,Ferrari,5.091614633767341,3,15,0,15
2025,13,Belgian Grand Prix,2025-07-27,Circuit de Spa-Francorchamps,Max Verstappen,VER,Red Bull,5.747737038424746,4,12,0,12
2025,13,Belgian Grand Prix,2025-07-27,Circuit de Spa-Francorchamps,Lewis Hamilton,HAM,Ferrari,6.379646750588027,5,10,0,10
2025,13,Belgian Grand Prix,2025-07-27,Circuit de Spa-Francorchamps,George Russell,RUS,Mercedes,6.615784980163014,6,8,0,8
2025,13,Belgian Grand Prix,2025-07-27,Circuit de Spa-Francorchamps,Alexander Albon,ALB,Williams,9.725876949870294,7,6,0,6
2025,13,Belgian Grand Prix,2025-07-27,Circuit de Spa-Francorchamps,Liam Lawson,LAW,RB F1 Team,10.674046081456028,8,4,0,4
2025,13,Belgian Grand Prix,2025-07-27,Circuit de Spa-Francorchamps,Pierre Gasly,GAS,Alpine F1 Team,10.755193836483784,9,2,0,2
2025,13,Belgian Grand Prix,2025-07-27,Circuit de Spa-Francorchamps,Gabriel Bortoleto,BOR,Sauber,11.193228345119795,10,1,0,1
2025,13,Belgian Grand Prix,2025-07-27,Circuit de Spa-Francorchamps,Nico Hülkenberg,HUL,Sauber,11.80985653036577,11,0,0,0
2025,13,Belgian Grand Prix,2025-07-27,Circuit de Spa-Francorchamps,Oliver Bearman,BEA,Haas F1 Team,12.521272237448231,12,0,0,0
2025,13,Belgian Grand Prix,2025-07-27,Circuit de Spa-Francorchamps,Andrea Kimi Antonelli,ANT,Mercedes,12.564815473757893,13,0,0,0
2025,13,Belgian Grand Prix,2025-07-27,Circuit de Spa-Francorchamps,Lance Stroll,STR,Aston Martin,12.854329431281698,14,0,0,0
2025,13,Belgian Grand Prix,2025-07-27,Circuit de Spa-Francorchamps,Yuki Tsunoda,TSU,Red Bull,13.354867984739956,15,0,0,0
2025,13,Belgian Grand Prix,2025-07-27,Circuit de Spa-Francorchamps,Esteban Ocon,OCO,Haas F1 Team,13.888936035523534,16,0,0,0
2025,13,Belgian Grand Prix,2025-07-27,Circuit de Spa-Francorchamps,Fernando Alonso,ALO,Aston Martin,14.562634680983685,17,0,0,0
2025,13,Belgian Grand Prix,2025-07-27,Circuit de Spa-Francorchamps,Isack Hadjar,HAD,RB F1 Team,15.31950038923064,18,0,0,0
2025,13,Belgian Grand Prix,2025-07-27,Circuit de Spa-Francorchamps,Carlos Sainz,SAI,Williams,15.6218975108712,19,0,0,0
2025,13,Belgian Grand Prix,2025-07-27,Circuit de Spa-Francorchamps,Franco Colapinto,COL,Alpine F1 Team,16.38918262530599,20,0,0,0
2025,14,Hungarian Grand Prix,2025-08-03,Hungaroring,Lando Norris,NOR,McLaren,2.332922832691058,1,25,0,25
2025,14,Hungarian Grand Prix,2025-08-03,Hungaroring,Oscar Piastri,PIA,McLaren,2.7191806875773143,2,18,0,18
2025,14,Hungarian Grand Prix,2025-08-03,Hungaroring,Charles Leclerc,LEC,Ferrari,4.683638153558993,3,15,0,15
2025,14,Hungarian Grand Prix,2025-08-03,Hungaroring,George Russell,RUS,Mercedes,4.782094055736136,4,12,0,12
2025,14,Hungarian Grand Prix,2025-08-03,Hungaroring,Lewis Hamilton,HAM,Ferrari,8.046361275337812,5,10,0,10
2025,14,Hungarian Grand Prix,2025-08-03,Hungaroring,Max Verstappen,VER,Red Bull,8.421743133296443,6,8,0,8
2025,14,Hungarian Grand Prix,2025-08-03,Hungaroring,Fernando Alonso,ALO,Aston Martin,8.672368083316591,7,6,0,6
2025,14,Hungarian Grand Prix,2025-08-03,Hungaroring,Gabriel Bortoleto,BOR,Sauber,10.009033872560186,8,4,0,4
2025,14,Hungarian Grand Prix,2025-08-03,Hungaroring,Andrea Kimi Antonelli,ANT,Mercedes,10.359211791308166,9,2,0,2
2025,14,Hungarian Grand Prix,2025-08-03,Hungaroring,Liam Lawson,LAW,RB F1 Team,10.457452573334455,10,1,0,1
2025,14,Hungarian Grand Prix,2025-08-03,Hungaroring,Lance Stroll,STR,Aston Martin,10.584418350912369,11,0,0,0
2025,14,Hungarian Grand Prix,2025-08-03,Hungaroring,Isack Hadjar,HAD,RB F1 Team,11.600670087482795,12,0,0,0
2025,14,Hungarian Grand Prix,2025-08-03,Hungaroring,Nico Hülkenberg,HUL,Sauber,12.252082280813513,13,0,0,0
2025,14,Hungarian Grand Prix,2025-08-03,Hungaroring,Alexander Albon,ALB,Williams,13.714094331414676,14,0,0,0
2025,14,Hungarian Grand Prix,2025-08-03,Hungaroring,Carlos Sainz,SAI,Williams,14.21057567052656,15,0,0,0
2025,14,Hungarian Grand Prix,2025-08-03,Hungaroring,Esteban Ocon,OCO,Haas F1 Team,14.663806767507856,16,0,0,0
2025,14,Hungarian Grand Prix,2025-08-03,Hungaroring,Yuki Tsunoda,TSU,Red Bull,15.102759455702335,17,0,0,0
2025,14,Hungarian Grand Prix,2025-08-03,Hungaroring,Pierre Gasly,GAS,Alpine F1 Team,15.453349492724266,18,0,0,0
2025,14,Hungarian Grand Prix,2025-08-03,Hungaroring,Oliver Bearman,BEA,Haas F1 Team,15.852609769372917,19,0,0,0
2025,14,Hungarian Grand Prix,2025-08-03,Hungaroring,Franco Colapinto,COL,Alpine F1 Team,15.996036146784496,20,0,0,0
2025,15,Dutch Grand Prix,2025-08-31,Circuit Park Zandvoort,Oscar Piastri,PIA,McLaren,4.573890177798472,1,25,0,25
2025,15,Dutch Grand Prix,2025-08-31,Circuit Park Zandvoort,Max Verstappen,VER,Red Bull,4.983691795777319,2,18,0,18
2025,15,Dutch Grand Prix,2025-08-31,Circuit Park Zandvoort,George Russell,RUS,Mercedes,5.18274143358069,3,15,0,15
2025,15,Dutch Grand Prix,2025-08-31,Circuit Park Zandvoort,Fernando Alonso,ALO,Aston Martin,7.846030535587596,4,12,0,12
2025,15,Dutch Grand Prix,2025-08-31,Circuit Park Zandvoort,Lando Norris,NOR,McLaren,8.437350562431293,5,10,0,10
2025,15,Dutch Grand Prix,2025-08-31,Circuit Park Zandvoort,Alexander Albon,ALB,Williams,8.46717028438245,6,8,0,8
2025,15,Dutch Grand Prix,2025-08-31,Circuit Park Zandvoort,Isack Hadjar,HAD,RB F1 Team,8.86860900895166,7,6,0,6
2025,15,Dutch Grand Prix,2025-08-31,Circuit Park Zandvoort,Lance Stroll,STR,Aston Martin,8.925608762401275,8,4,0,4
2025,15,Dutch Grand Prix,2025-08-31,Circuit Park Zandvoort,Oliver Bearman,BEA,Haas F1 Team,10.348028445978146,9,2,0,2
2025,15,Dutch Grand Prix,2025-08-31,Circuit Park Zandvoort,Yuki Tsunoda,TSU,Red Bull,11.136139218856131,10,1,0,1
2025,15,Dutch Grand Prix,2025-08-31,Circuit Park Zandvoort,Esteban Ocon,OCO,Haas F1 Team,11.3119781244747,11,0,0,0
2025,15,Dutch Grand Prix,2025-08-31,Circuit Park Zandvoort,Liam Lawson,LAW,RB F1 Team,11.930606024162794,12,0,0,0
2025,15,Dutch Grand Prix,2025-08-31,Circuit Park Zandvoort,Carlos Sainz,SAI,Williams,12.304288456651925,13,0,0,0
2025,15,Dutch Grand Prix,2025-08-31,Circuit Park Zandvoort,Gabriel Bortoleto,BOR,Sauber,12.9054434078638,14,0,0,0
2025,15,Dutch Grand Prix,2025-08-31,Circuit Park Zandvoort,Franco Colapinto,COL,Alpine F1 Team,13.17968074285636,15,0,0,0
2025,15,Dutch Grand Prix,2025-08-31,Circuit Park Zandvoort,Nico Hülkenberg,HUL,Sauber,13.336580715630182,16,0,0,0
2025,15,Dutch Grand Prix,2025-08-31,Circuit Park Zandvoort,Andrea Kimi Antonelli,ANT,Mercedes,13.523818670855736,17,0,0,0
2025,15,Dutch Grand Prix,2025-08-31,Circuit Park Zandvoort,Pierre Gasly,GAS,Alpine F1 Team,14.38723381135548,18,0,0,0
2025,15,Dutch Grand Prix,2025-08-31,Circuit Park Zandvoort,Charles Leclerc,LEC,Ferrari,14.524361547808912,19,0,0,0
2025,15,Dutch Grand Prix,2025-08-31,Circuit Park Zandvoort,Lewis Hamilton,HAM,Ferrari,14.634971896291118,20,0,0,0
2025,16,Italian Grand Prix,2025-09-07,Autodromo Nazionale di Monza,Lando Norris,NOR,McLaren,3.905790251824943,1,25,0,25
2025,16,Italian Grand Prix,2025-09-07,Autodromo Nazionale di Monza,Oscar Piastri,PIA,McLaren,4.557247842986138,2,18,0,18
2025,16,Italian Grand Prix,2025-09-07,Autodromo Nazionale di Monza,Charles Leclerc,LEC,Ferrari,5.307196059202313,3,15,0,15
2025,16,Italian Grand Prix,2025-09-07,Autodromo Nazionale di Monza,Max Verstappen,VER,Red Bull,5.445702634570682,4,12,0,12
2025,16,Italian Grand Prix,2025-09-07,Autodromo Nazionale di Monza,George Russell,RUS,Mercedes,6.319267998580012,5,10,0,10
2025,16,Italian Grand Prix,2025-09-07,Autodromo Nazionale di Monza,Lewis Hamilton,HAM,Ferrari,6.356250529285303,6,8,0,8
2025,16,Italian Grand Prix,2025-09-07,Autodromo Nazionale di Monza,Alexander Albon,ALB,Williams,8.714687719521534,7,6,0,6
2025,16,Italian Grand Prix,2025-09-07,Autodromo Nazionale di Monza,Andrea Kimi Antonelli,ANT,Mercedes,9.824861624748412,8,4,0,4
2025,16,Italian Grand Prix,2025-09-07,Autodromo Nazionale di Monza,Isack Hadjar,HAD,RB F1 Team,11.101899655447207,9,2,0,2
2025,16,Italian Grand Prix,2025-09-07,Autodromo Nazionale di Monza,Gabriel Bortoleto,BOR,Sauber,11.26210079790378,10,1,0,1
2025,16,Italian Grand Prix,2025-09-07,Autodromo Nazionale di Monza,Carlos Sainz,SAI,Williams,11.507405110308998,11,0,0,0
2025,16,Italian Grand Prix,2025-09-07,Autodromo Nazionale di Monza,Oliver Bearman,BEA,Haas F1 Team,12.110322098363522,12,0,0,0
2025,16,Italian Grand Prix,2025-09-07,Autodromo Nazionale di Monza,Yuki Tsunoda,TSU,Red Bull,12.955479954073706,13,0,0,0
2025,16,Italian Grand Prix,2025-09-07,Autodromo Nazionale di Monza,Liam Lawson,LAW,RB F1 Team,13.527301621924526,14,0,0,0
2025,16,Italian Grand Prix,2025-09-07,Autodromo Nazionale di Monza,Esteban Ocon,OCO,Haas F1 Team,14.218316280631258,15,0,0,0
2025,16,Italian Grand Prix,2025-09-07,Autodromo Nazionale di Monza,Fernando Alonso,ALO,Aston Martin,14.806723231302083,16,0,0,0
2025,16,Italian Grand Prix,2025-09-07,Autodromo Nazionale di Monza,Pierre Gasly,GAS,Alpine F1 Team,14.847931500525624,17,0,0,0
2025,16,Italian Grand Prix,2025-09-07,Autodromo Nazionale di Monza,Franco Colapinto,COL,Alpine F1 Team,15.25026715523039,18,0,0,0
2025,16,Italian Grand Prix,2025-09-07,Autodromo Nazionale di Monza,Lance Stroll,STR,Aston Martin,15.347011577592935,19,0,0,0
2025,16,Italian Grand Prix,2025-09-07,Autodromo Nazionale di Monza,Nico Hülkenberg,HUL,Sauber,15.70103808719183,20,0,0,0
2025,17,Azerbaijan Grand Prix,2025-09-21,Baku City Circuit,Max Verstappen,VER,Red Bull,3.742266679758945,1,25,0,25
2025,17,Azerbaijan Grand Prix,2025-09-21,Baku City Circuit,George Russell,RUS,Mercedes,4.812414184362808,2,18,0,18
2025,17,Azerbaijan Grand Prix,2025-09-21,Baku City Circuit,Lando Norris,NOR,McLaren,6.285762895293178,3,15,0,15
2025,17,Azerbaijan Grand Prix,2025-09-21,Baku City Circuit,Andrea Kimi Antonelli,ANT,Mercedes,7.344802035849195,4,12,0,12
2025,17,Azerbaijan Grand Prix,2025-09-21,Baku City Circuit,Carlos Sainz,SAI,Williams,8.032160312700544,5,10,0,10
2025,17,Azerbaijan Grand Prix,2025-09-21,Baku City Circuit,Charles Leclerc,LEC,Ferrari,8.15726937742015,6,8,0,8
2025,17,Azerbaijan Grand Prix,2025-09-21,Baku City Circuit,Yuki Tsunoda,TSU,Red Bull,8.38585959570484,7,6,0,6
2025,17,Azerbaijan Grand Prix,2025-09-21,Baku City Circuit,Lewis Hamilton,HAM,Ferrari,8.79494592180615,8,4,0,4
2025,17,Azerbaijan Grand Prix,2025-09-21,Baku City Circuit,Liam Lawson,LAW,RB F1 Team,8.884823306813711,9,2,0,2
2025,17,Azerbaijan Grand Prix,2025-09-21,Baku City Circuit,Oscar Piastri,PIA,McLaren,10.315055444094703,10,1,0,1
2025,17,Azerbaijan Grand Prix,2025-09-21,Baku City Circuit,Isack Hadjar,HAD,RB F1 Team,10.87930042814874,11,0,0,0
2025,17,Azerbaijan Grand Prix,2025-09-21,Baku City Circuit,Alexander Albon,ALB,Williams,10.896298720050355,12,0,0,0
2025,17,Azerbaijan Grand Prix,2025-09-21,Baku City Circuit,Gabriel Bortoleto,BOR,Sauber,11.446617875180372,13,0,0,0
2025,17,Azerbaijan Grand Prix,2025-09-21,Baku City Circuit,Oliver Bearman,BEA,Haas F1 Team,12.541433867610657,14,0,0,0
2025,17,Azerbaijan Grand Prix,2025-09-21,Baku City Circuit,Esteban Ocon,OCO,Haas F1 Team,13.810525414690249,15,0,0,0
2025,17,Azerbaijan Grand Prix,2025-09-21,Baku City Circuit,Fernando Alonso,ALO,Aston Martin,13.846725925998904,16,0,0,0
2025,17,Azerbaijan Grand Prix,2025-09-21,Baku City Circuit,Nico Hülkenberg,HUL,Sauber,14.251321164690554,17,0,0,0
2025,17,Azerbaijan Grand Prix,2025-09-21,Baku City Circuit,Lance Stroll,STR,Aston Martin,15.08526792100784,18,0,0,0
2025,17,Azerbaijan Grand Prix,2025-09-21,Baku City Circuit,Pierre Gasly,GAS,Alpine F1 Team,15.8049267443298,19,0,0,0
2025,17,Azerbaijan Grand Prix,2025-09-21,Baku City Circuit,Franco Colapinto,COL,Alpine F1 Team,16.69897018952565,20,0,0,0
2025,18,Singapore Grand Prix,2025-10-05,Marina Bay Street Circuit,Max Verstappen,VER,Red Bull,3.2366961967202195,1,25,0,25
2025,18,Singapore Grand Prix,2025-10-05,Marina Bay Street Circuit,George Russell,RUS,Mercedes,4.314277817579508,2,18,0,18
2025,18,Singapore Grand Prix,2025-10-05,Marina Bay Street Circuit,Lando Norris,NOR,McLaren,4.614550587154406,3,15,0,15
2025,18,Singapore Grand Prix,2025-10-05,Marina Bay Street Circuit,Oscar Piastri,PIA,McLaren,5.212137924015948,4,12,0,12
2025,18,Singapore Grand Prix,2025-10-05,Marina Bay Street Circuit,Charles Leclerc,LEC,Ferrari,6.1946930971383445,5,10,0,10
2025,18,Singapore Grand Prix,2025-10-05,Marina Bay Street Circuit,Andrea Kimi Antonelli,ANT,Mercedes,7.3214570581748,6,8,0,8
2025,18,Singapore Grand Prix,2025-10-05,Marina Bay Street Circuit,Lewis Hamilton,HAM,Ferrari,7.654960994149985,7,6,0,6
2025,18,Singapore Grand Prix,2025-10-05,Marina Bay Street Circuit,Fernando Alonso,ALO,Aston Martin,9.167202207059956,8,4,0,4
2025,18,Singapore Grand Prix,2025-10-05,Marina Bay Street Circuit,Carlos Sainz,SAI,Williams,10.634563114998576,9,2,0,2
2025,18,Singapore Grand Prix,2025-10-05,Marina Bay Street Circuit,Isack Hadjar,HAD,RB F1 Team,11.268654969222656,10,1,0,1
2025,18,Singapore Grand Prix,2025-10-05,Marina Bay Street Circuit,Yuki Tsunoda,TSU,Red Bull,11.45901046023732,11,0,0,0
2025,18,Singapore Grand Prix,2025-10-05,Marina Bay Street Circuit,Oliver Bearman,BEA,Haas F1 Team,11.665935373654127,12,0,0,0
2025,18,Singapore Grand Prix,2025-10-05,Marina Bay Street Circuit,Liam Lawson,LAW,RB F1 Team,13.004407793644878,13,0,0,0
2025,18,Singapore Grand Prix,2025-10-05,Marina Bay Street Circuit,Lance Stroll,STR,Aston Martin,13.318455379094368,14,0,0,0
2025,18,Singapore Grand Prix,2025-10-05,Marina Bay Street Circuit,Alexander Albon,ALB,Williams,13.346533832239183,15,0,0,0
2025,18,Singapore Grand Prix,2025-10-05,Marina Bay Street Circuit,Gabriel Bortoleto,BOR,Sauber,14.60902901653086,16,0,0,0
2025,18,Singapore Grand Prix,2025-10-05,Marina Bay Street Circuit,Franco Colapinto,COL,Alpine F1 Team,15.81801790584229,17,0,0,0
2025,18,Singapore Grand Prix,2025-10-05,Marina Bay Street Circuit,Esteban Ocon,OCO,Haas F1 Team,16.054095598845606,18,0,0,0
2025,18,Singapore Grand Prix,2025-10-05,Marina Bay Street Circuit,Nico Hülkenberg,HUL,Sauber,16.37461413298761,19,0,0,0
2025,18,Singapore Grand Prix,2025-10-05,Marina Bay Street Circuit,Pierre Gasly,GAS,Alpine F1 Team,16.618767435506744,20,0,0,0
2025,19,United States Grand Prix,2025-10-19,Circuit of the Americas,Max Verstappen,VER,Red Bull,2.875452319435224,1,25,0,25
2025,19,United States Grand Prix,2025-10-19,Circuit of the Americas,Lando Norris,NOR,McLaren,3.6807728836475473,2,18,0,18
2025,19,United States Grand Prix,2025-10-19,Circuit of the Americas,Oscar Piastri,PIA,McLaren,5.419001051893408,3,15,0,15
2025,19,United States Grand Prix,2025-10-19,Circuit of the Americas,George Russell,RUS,Mercedes,5.8101625510702855,4,12,0,12
2025,19,United States Grand Prix,2025-10-19,Circuit of the Americas,Lewis Hamilton,HAM,Ferrari,6.938757505023733,5,10,0,10
2025,19,United States Grand Prix,2025-10-19,Circuit of the Americas,Charles Leclerc,LEC,Ferrari,7.588777136738047,6,8,0,8
2025,19,United States Grand Prix,2025-10-19,Circuit of the Americas,Yuki Tsunoda,TSU,Red Bull,9.621867107409049,7,6,0,6
2025,19,United States Grand Prix,2025-10-19,Circuit of the Americas,Fernando Alonso,ALO,Aston Martin,10.596995459460256,8,4,0,4
2025,19,United States Grand Prix,2025-10-19,Circuit of the Americas,Nico Hülkenberg,HUL,Sauber,10.669606825620813,9,2,0,2
2025,19,United States Grand Prix,2025-10-19,Circuit of the Americas,Andrea Kimi Antonelli,ANT,Mercedes,10.868414169528537,10,1,0,1
2025,19,United States Grand Prix,2025-10-19,Circuit of the Americas,Oliver Bearman,BEA,Haas F1 Team,11.308487117414742,11,0,0,0
2025,19,United States Grand Prix,2025-10-19,Circuit of the Americas,Alexander Albon,ALB,Williams,12.62127598454238,12,0,0,0
2025,19,United States Grand Prix,2025-10-19,Circuit of the Americas,Liam Lawson,LAW,RB F1 Team,12.794578271876912,13,0,0,0
2025,19,United States Grand Prix,2025-10-19,Circuit of the Americas,Lance Stroll,STR,Aston Martin,13.14270543068043,14,0,0,0
2025,19,United States Grand Prix,2025-10-19,Circuit of the Americas,Esteban Ocon,OCO,Haas F1 Team,13.895245012728784,15,0,0,0
2025,19,United States Grand Prix,2025-10-19,Circuit of the Americas,Isack Hadjar,HAD,RB F1 Team,14.149317348462407,16,0,0,0
2025,19,United States Grand Prix,2025-10-19,Circuit of the Americas,Carlos Sainz,SAI,Williams,15.311176587301588,17,0,0,0
2025,19,United States Grand Prix,2025-10-19,Circuit of the Americas,Gabriel Bortoleto,BOR,Sauber,15.444047669617708,18,0,0,0
2025,19,United States Grand Prix,2025-10-19,Circuit of the Americas,Franco Colapinto,COL,Alpine F1 Team,16.602575185171,19,0,0,0
2025,19,United States Grand Prix,2025-10-19,Circuit of the Americas,Pierre Gasly,GAS,Alpine F1 Team,16.74871568639693,20,0,0,0
2025,20,Mexico City Grand Prix,2025-10-26,Autódromo Hermanos Rodríguez,Max Verstappen,VER,Red Bull,3.2799447503809227,1,25,0,25
2025,20,Mexico City Grand Prix,2025-10-26,Autódromo Hermanos Rodríguez,Lando Norris,NOR,McLaren,4.160818291150452,2,18,0,18
2025,20,Mexico City Grand Prix,2025-10-26,Autódromo Hermanos Rodríguez,Charles Leclerc,LEC,Ferrari,4.409721070413505,3,15,0,15
2025,20,Mexico City Grand Prix,2025-10-26,Autódromo Hermanos Rodríguez,Oscar Piastri,PIA,McLaren,5.623968123908647,4,12,0,12
2025,20,Mexico City Grand Prix,2025-10-26,Autódromo Hermanos Rodríguez,George Russell,RUS,Mercedes,6.279790639190107,5,10,0,10
2025,20,Mexico City Grand Prix,2025-10-26,Autódromo Hermanos Rodríguez,Andrea Kimi Antonelli,ANT,Mercedes,7.221752776596526,6,8,0,8
2025,20,Mexico City Grand Prix,2025-10-26,Autódromo Hermanos Rodríguez,Lewis Hamilton,HAM,Ferrari,7.596095930793228,7,6,0,6
2025,20,Mexico City Grand Prix,2025-10-26,Autódromo Hermanos Rodríguez,Oliver Bearman,BEA,Haas F1 Team,9.468010921001348,8,4,0,4
2025,20,Mexico City Grand Prix,2025-10-26,Autódromo Hermanos Rodríguez,Yuki Tsunoda,TSU,Red Bull,10.38922387023582,9,2,0,2
2025,20,Mexico City Grand Prix,2025-10-26,Autódromo Hermanos Rodríguez,Esteban Ocon,OCO,Haas F1 Team,10.82036879388886,10,1,0,1
2025,20,Mexico City Grand Prix,2025-10-26,Autódromo Hermanos Rodríguez,Gabriel Bortoleto,BOR,Sauber,12.119257459044215,11,0,0,0
2025,20,Mexico City Grand Prix,2025-10-26,Autódromo Hermanos Rodríguez,Isack Hadjar,HAD,RB F1 Team,13.021010963956275,12,0,0,0
2025,20,Mexico City Grand Prix,2025-10-26,Autódromo Hermanos Rodríguez,Alexander Albon,ALB,Williams,13.077612753178196,13,0,0,0
2025,20,Mexico City Grand Prix,2025-10-26,Autódromo Hermanos Rodríguez,Lance Stroll,STR,Aston Martin,14.21311751293516,14,0,0,0
2025,20,Mexico City Grand Prix,2025-10-26,Autódromo Hermanos Rodríguez,Carlos Sainz,SAI,Williams,14.517956170070876,15,0,0,0
2025,20,Mexico City Grand Prix,2025-10-26,Autódromo Hermanos Rodríguez,Nico Hülkenberg,HUL,Sauber,15.182418131735997,16,0,0,0
2025,20,Mexico City Grand Prix,2025-10-26,Autódromo Hermanos Rodríguez,Pierre Gasly,GAS,Alpine F1 Team,15.399068422549668,17,0,0,0
2025,20,Mexico City Grand Prix,2025-10-26,Autódromo Hermanos Rodríguez,Fernando Alonso,ALO,Aston Martin,15.45136154654169,18,0,0,0
2025,20,Mexico City Grand Prix,2025-10-26,Autódromo Hermanos Rodríguez,Franco Colapinto,COL,Alpine F1 Team,15.68718678320473,19,0,0,0
2025,20,Mexico City Grand Prix,2025-10-26,Autódromo Hermanos Rodríguez,Liam Lawson,LAW,RB F1 Team,15.756378830355851,20,0,0,0
2025,21,São Paulo Grand Prix,2025-11-09,Autódromo José Carlos Pace,Lando Norris,NOR,McLaren,3.0921948898429306,1,25,0,25
2025,21,São Paulo Grand Prix,2025-11-09,Autódromo José Carlos Pace,Max Verstappen,VER,Red Bull,4.022831018524539,2,18,0,18
2025,21,São Paulo Grand Prix,2025-11-09,Autódromo José Carlos Pace,George Russell,RUS,Mercedes,5.229685003564019,3,15,0,15
2025,21,São Paulo Grand Prix,2025-11-09,Autódromo José Carlos Pace,Andrea Kimi Antonelli,ANT,Mercedes,6.028234008686143,4,12,0,12
2025,21,São Paulo Grand Prix,2025-11-09,Autódromo José Carlos Pace,Oscar Piastri,PIA,McLaren,6.201563013180915,5,10,0,10
2025,21,São Paulo Grand Prix,2025-11-09,Autódromo José Carlos Pace,Oliver Bearman,BEA,Haas F1 Team,9.561250574240212,6,8,0,8
2025,21,São Paulo Grand Prix,2025-11-09,Autódromo José Carlos Pace,Liam Lawson,LAW,RB F1 Team,9.799480389693278,7,6,0,6
2025,21,São Paulo Grand Prix,2025-11-09,Autódromo José Carlos Pace,Isack Hadjar,HAD,RB F1 Team,10.285598997888592,8,4,0,4
2025,21,São Paulo Grand Prix,2025-11-09,Autódromo José Carlos Pace,Pierre Gasly,GAS,Alpine F1 Team,11.239280814977503,9,2,0,2
2025,21,São Paulo Grand Prix,2025-11-09,Autódromo José Carlos Pace,Nico Hülkenberg,HUL,Sauber,11.24137769860837,10,1,0,1
2025,21,São Paulo Grand Prix,2025-11-09,Autódromo José Carlos Pace,Alexander Albon,ALB,Williams,11.598343546550076,11,0,0,0
2025,21,São Paulo Grand Prix,2025-11-09,Autódromo José Carlos Pace,Esteban Ocon,OCO,Haas F1 Team,11.868968632977424,12,0,0,0
2025,21,São Paulo Grand Prix,2025-11-09,Autódromo José Carlos Pace,Carlos Sainz,SAI,Williams,11.92141284705926,13,0,0,0
2025,21,São Paulo Grand Prix,2025-11-09,Autódromo José Carlos Pace,Fernando Alonso,ALO,Aston Martin,12.637736823934238,14,0,0,0
2025,21,São Paulo Grand Prix,2025-11-09,Autódromo José Carlos Pace,Charles Leclerc,LEC,Ferrari,12.95527047692132,15,0,0,0
2025,21,São Paulo Grand Prix,2025-11-09,Autódromo José Carlos Pace,Lewis Hamilton,HAM,Ferrari,13.417507139982606,16,0,0,0
2025,21,São Paulo Grand Prix,2025-11-09,Autódromo José Carlos Pace,Yuki Tsunoda,TSU,Red Bull,13.864155289155295,17,0,0,0
2025,21,São Paulo Grand Prix,2025-11-09,Autódromo José Carlos Pace,Franco Colapinto,COL,Alpine F1 Team,14.590368505788753,18,0,0,0
2025,21,São Paulo Grand Prix,2025-11-09,Autódromo José Carlos Pace,Lance Stroll,STR,Aston Martin,14.94639812465616,19,0,0,0
2025,21,São Paulo Grand Prix,2025-11-09,Autódromo José Carlos Pace,Gabriel Bortoleto,BOR,Sauber,15.2042142116462,20,0,0,0
2025,22,Las Vegas Grand Prix,2025-11-23,Las Vegas Strip Street Circuit,Max Verstappen,VER,Red Bull,4.479103234654895,1,25,0,25
2025,22,Las Vegas Grand Prix,2025-11-23,Las Vegas Strip Street Circuit,George Russell,RUS,Mercedes,4.999378857370135,2,18,0,18
2025,22,Las Vegas Grand Prix,2025-11-23,Las Vegas Strip Street Circuit,Andrea Kimi Antonelli,ANT,Mercedes,5.401676747554847,3,15,0,15
2025,22,Las Vegas Grand Prix,2025-11-23,Las Vegas Strip Street Circuit,Charles Leclerc,LEC,Ferrari,5.973293414469756,4,12,0,12
2025,22,Las Vegas Grand Prix,2025-11-23,Las Vegas Strip Street Circuit,Carlos Sainz,SAI,Williams,8.083036824230822,5,10,0,10
2025,22,Las Vegas Grand Prix,2025-11-23,Las Vegas Strip Street Circuit,Lewis Hamilton,HAM,Ferrari,9.077624936953631,6,8,0,8
2025,22,Las Vegas Grand Prix,2025-11-23,Las Vegas Strip Street Circuit,Isack Hadjar,HAD,RB F1 Team,9.113992133543768,7,6,0,6
2025,22,Las Vegas Grand Prix,2025-11-23,Las Vegas Strip Street Circuit,Nico Hülkenberg,HUL,Sauber,10.354718702779849,8,4,0,4
2025,22,Las Vegas Grand Prix,2025-11-23,Las Vegas Strip Street Circuit,Oliver Bearman,BEA,Haas F1 Team,10.80854926680168,9,2,0,2
2025,22,Las Vegas Grand Prix,2025-11-23,Las Vegas Strip Street Circuit,Yuki Tsunoda,TSU,Red Bull,10.86214653110654,10,1,0,1
2025,22,Las Vegas Grand Prix,2025-11-23,Las Vegas Strip Street Circuit,Esteban Ocon,OCO,Haas F1 Team,10.92777901090659,11,0,0,0
2025,22,Las Vegas Grand Prix,2025-11-23,Las Vegas Strip Street Circuit,Lando Norris,NOR,McLaren,11.587177230802231,12,0,0,0
2025,22,Las Vegas Grand Prix,2025-11-23,Las Vegas Strip Street Circuit,Oscar Piastri,PIA,McLaren,11.603790070671728,13,0,0,0
2025,22,Las Vegas Grand Prix,2025-11-23,Las Vegas Strip Street Circuit,Fernando Alonso,ALO,Aston Martin,12.426225589095475,14,0,0,0
2025,22,Las Vegas Grand Prix,2025-11-23,Las Vegas Strip Street Circuit,Liam Lawson,LAW,RB F1 Team,13.105653409090907,15,0,0,0
2025,22,Las Vegas Grand Prix,2025-11-23,Las Vegas Strip Street Circuit,Pierre Gasly,GAS,Alpine F1 Team,13.248906520562777,16,0,0,0
2025,22,Las Vegas Grand Prix,2025-11-23,Las Vegas Strip Street Circuit,Alexander Albon,ALB,Williams,13.5642172276105,17,0,0,0
2025,22,Las Vegas Grand Prix,2025-11-23,Las Vegas Strip Street Circuit,Lance Stroll,STR,Aston Martin,15.158835722209078,18,0,0,0
2025,22,Las Vegas Grand Prix,2025-11-23,Las Vegas Strip Street Circuit,Franco Colapinto,COL,Alpine F1 Team,15.174713953775171,19,0,0,0
2025,22,Las Vegas Grand Prix,2025-11-23,Las Vegas Strip Street Circuit,Gabriel Bortoleto,BOR,Sauber,15.514613618895616,20,0,0,0
2025,23,Qatar Grand Prix,2025-11-30,Losail International Circuit,Max Verstappen,VER,Red Bull,2.8446839830934603,1,25,0,25
2025,23,Qatar Grand Prix,2025-11-30,Losail International Circuit,Oscar Piastri,PIA,McLaren,4.043257795861612,2,18,0,18
2025,23,Qatar Grand Prix,2025-11-30,Losail International Circuit,Lando Norris,NOR,McLaren,5.038521543334921,3,15,0,15
2025,23,Qatar Grand Prix,2025-11-30,Losail International Circuit,Andrea Kimi Antonelli,ANT,Mercedes,5.914201343709524,4,12,0,12
2025,23,Qatar Grand Prix,2025-11-30,Losail International Circuit,George Russell,RUS,Mercedes,5.963653470917165,5,10,0,10
2025,23,Qatar Grand Prix,2025-11-30,Losail International Circuit,Charles Leclerc,LEC,Ferrari,7.537033922171019,6,8,0,8
2025,23,Qatar Grand Prix,2025-11-30,Losail International Circuit,Carlos Sainz,SAI,Williams,8.096374636558028,7,6,0,6
2025,23,Qatar Grand Prix,2025-11-30,Losail International Circuit,Fernando Alonso,ALO,Aston Martin,9.100625340312842,8,4,0,4
2025,23,Qatar Grand Prix,2025-11-30,Losail International Circuit,Lewis Hamilton,HAM,Ferrari,10.498392946869306,9,2,0,2
2025,23,Qatar Grand Prix,2025-11-30,Losail International Circuit,Yuki Tsunoda,TSU,Red Bull,10.781281548675183,10,1,0,1
2025,23,Qatar Grand Prix,2025-11-30,Losail International Circuit,Alexander Albon,ALB,Williams,11.896857882767032,11,0,0,0
2025,23,Qatar Grand Prix,2025-11-30,Losail International Circuit,Liam Lawson,LAW,RB F1 Team,12.059349603986796,12,0,0,0
2025,23,Qatar Grand Prix,2025-11-30,Losail International Circuit,Isack Hadjar,HAD,RB F1 Team,13.454163106566703,13,0,0,0
2025,23,Qatar Grand Prix,2025-11-30,Losail International Circuit,Esteban Ocon,OCO,Haas F1 Team,14.014105901225973,14,0,0,0
2025,23,Qatar Grand Prix,2025-11-30,Losail International Circuit,Gabriel Bortoleto,BOR,Sauber,14.13021013939763,15,0,0,0
2025,23,Qatar Grand Prix,2025-11-30,Losail International Circuit,Franco Colapinto,COL,Alpine F1 Team,14.595536440271609,16,0,0,0
2025,23,Qatar Grand Prix,2025-11-30,Losail International Circuit,Oliver Bearman,BEA,Haas F1 Team,14.761103497808366,17,0,0,0
2025,23,Qatar Grand Prix,2025-11-30,Losail International Circuit,Pierre Gasly,GAS,Alpine F1 Team,14.864459094439088,18,0,0,0
2025,23,Qatar Grand Prix,2025-11-30,Losail International Circuit,Lance Stroll,STR,Aston Martin,15.096455207811964,19,0,0,0
2025,23,Qatar Grand Prix,2025-11-30,Losail International Circuit,Nico Hülkenberg,HUL,Sauber,16.046937819250488,20,0,0,0
2025,24,Abu Dhabi Grand Prix,2025-12-07,Yas Marina Circuit,Max Verstappen,VER,Red Bull,2.6555770279652,1,25,0,25
2025,24,Abu Dhabi Grand Prix,2025-12-07,Yas Marina Circuit,Lando Norris,NOR,McLaren,3.830284419440358,2,18,0,18
2025,24,Abu Dhabi Grand Prix,2025-12-07,Yas Marina Circuit,Oscar Piastri,PIA,McLaren,4.592958597883461,3,15,0,15
2025,24,Abu Dhabi Grand Prix,2025-12-07,Yas Marina Circuit,Charles Leclerc,LEC,Ferrari,5.549198005162188,4,12,0,12
2025,24,Abu Dhabi Grand Prix,2025-12-07,Yas Marina Circuit,George Russell,RUS,Mercedes,6.1685461515751685,5,10,0,10
2025,24,Abu Dhabi Grand Prix,2025-12-07,Yas Marina Circuit,Lewis Hamilton,HAM,Ferrari,9.012220197335946,6,8,0,8
2025,24,Abu Dhabi Grand Prix,2025-12-07,Yas Marina Circuit,Fernando Alonso,ALO,Aston Martin,9.5981828082248,7,6,0,6
2025,24,Abu Dhabi Grand Prix,2025-12-07,Yas Marina Circuit,Andrea Kimi Antonelli,ANT,Mercedes,9.868479549125468,8,4,0,4
2025,24,Abu Dhabi Grand Prix,2025-12-07,Yas Marina Circuit,Nico Hülkenberg,HUL,Sauber,10.458069199727891,9,2,0,2
2025,24,Abu Dhabi Grand Prix,2025-12-07,Yas Marina Circuit,Esteban Ocon,OCO,Haas F1 Team,10.774437094642655,10,1,0,1
2025,24,Abu Dhabi Grand Prix,2025-12-07,Yas Marina Circuit,Oliver Bearman,BEA,Haas F1 Team,11.539461711276182,11,0,0,0
2025,24,Abu Dhabi Grand Prix,2025-12-07,Yas Marina Circuit,Carlos Sainz,SAI,Williams,11.800043946833814,12,0,0,0
2025,24,Abu Dhabi Grand Prix,2025-12-07,Yas Marina Circuit,Gabriel Bortoleto,BOR,Sauber,12.108238785936985,13,0,0,0
2025,24,Abu Dhabi Grand Prix,2025-12-07,Yas Marina Circuit,Lance Stroll,STR,Aston Martin,12.472011024268738,14,0,0,0
2025,24,Abu Dhabi Grand Prix,2025-12-07,Yas Marina Circuit,Yuki Tsunoda,TSU,Red Bull,12.57049696650355,15,0,0,0
2025,24,Abu Dhabi Grand Prix,2025-12-07,Yas Marina Circuit,Alexander Albon,ALB,Williams,14.271389492213864,16,0,0,0
2025,24,Abu Dhabi Grand Prix,2025-12-07,Yas Marina Circuit,Liam Lawson,LAW,RB F1 Team,14.618610167610166,17,0,0,0
2025,24,Abu Dhabi Grand Prix,2025-12-07,Yas Marina Circuit,Isack Hadjar,HAD,RB F1 Team,14.781720635795,18,0,0,0
2025,24,Abu Dhabi Grand Prix,2025-12-07,Yas Marina Circuit,Pierre Gasly,GAS,Alpine F1 Team,16.12893934869479,19,0,0,0
2025,24,Abu Dhabi Grand Prix,2025-12-07,Yas Marina Circuit,Franco Colapinto,COL,Alpine F1 Team,17.046569073358796,20,0,0,0
2026,1,Australian Grand Prix,2026-03-08,Albert Park Grand Prix Circuit,George Russell,RUS,Mercedes,4.422291347401833,1,25,0,25
2026,1,Australian Grand Prix,2026-03-08,Albert Park Grand Prix Circuit,Charles Leclerc,LEC,Ferrari,5.324785366033405,2,18,0,18
2026,1,Australian Grand Prix,2026-03-08,Albert Park Grand Prix Circuit,Andrea Kimi Antonelli,ANT,Mercedes,5.3459959150326775,3,15,0,15
2026,1,Australian Grand Prix,2026-03-08,Albert Park Grand Prix Circuit,Lewis Hamilton,HAM,Ferrari,5.858124588620033,4,12,0,12
2026,1,Australian Grand Prix,2026-03-08,Albert Park Grand Prix Circuit,Lando Norris,NOR,McLaren,6.816999368686868,5,10,0,10
2026,1,Australian Grand Prix,2026-03-08,Albert Park Grand Prix Circuit,Max Verstappen,VER,Red Bull,7.264039996426469,6,8,0,8
2026,1,Australian Grand Prix,2026-03-08,Albert Park Grand Prix Circuit,Arvid Lindblad,LIN,RB F1 Team,9.789703418830449,7,6,0,6
2026,1,Australian Grand Prix,2026-03-08,Albert Park Grand Prix Circuit,Oliver Bearman,BEA,Haas F1 Team,10.134106748575498,8,4,0,4
2026,1,Australian Grand Prix,2026-03-08,Albert Park Grand Prix Circuit,Gabriel Bortoleto,BOR,Audi,11.049287285853628,9,2,0,2
2026,1,Australian Grand Prix,2026-03-08,Albert Park Grand Prix Circuit,Esteban Ocon,OCO,Haas F1 Team,11.819004530313348,10,1,0,1
2026,1,Australian Grand Prix,2026-03-08,Albert Park Grand Prix Circuit,Pierre Gasly,GAS,Alpine F1 Team,12.37157622656614,11,0,0,0
2026,1,Australian Grand Prix,2026-03-08,Albert Park Grand Prix Circuit,Liam Lawson,LAW,RB F1 Team,12.688403245876929,12,0,0,0
2026,1,Australian Grand Prix,2026-03-08,Albert Park Grand Prix Circuit,Oscar Piastri,PIA,McLaren,12.765746707951973,13,0,0,0
2026,1,Australian Grand Prix,2026-03-08,Albert Park Grand Prix Circuit,Isack Hadjar,HAD,Red Bull,13.009488078199354,14,0,0,0
2026,1,Australian Grand Prix,2026-03-08,Albert Park Grand Prix Circuit,Alexander Albon,ALB,Williams,13.483640114556772,15,0,0,0
2026,1,Australian Grand Prix,2026-03-08,Albert Park Grand Prix Circuit,Franco Colapinto,COL,Alpine F1 Team,13.88052630249275,16,0,0,0
2026,1,Australian Grand Prix,2026-03-08,Albert Park Grand Prix Circuit,Carlos Sainz,SAI,Williams,13.917522410222798,17,0,0,0
2026,1,Australian Grand Prix,2026-03-08,Albert Park Grand Prix Circuit,Fernando Alonso,ALO,Aston Martin,15.494311556499056,18,0,0,0
2026,1,Australian Grand Prix,2026-03-08,Albert Park Grand Prix Circuit,Lance Stroll,STR,Aston Martin,15.740235571172509,19,0,0,0
2026,1,Australian Grand Prix,2026-03-08,Albert Park Grand Prix Circuit,Sergio Pérez,PER,Cadillac F1 Team,15.800011632678295,20,0,0,0
2026,1,Australian Grand Prix,2026-03-08,Albert Park Grand Prix Circuit,Nico Hülkenberg,HUL,Audi,16.583617147562,21,0,0,0
2026,1,Australian Grand Prix,2026-03-08,Albert Park Grand Prix Circuit,Valtteri Bottas,BOT,Cadillac F1 Team,16.65261683405372,22,0,0,0
2026,2,Chinese Grand Prix,2026-03-15,Shanghai International Circuit,George Russell,RUS,Mercedes,4.009318089089505,1,25,0,25
2026,2,Chinese Grand Prix,2026-03-15,Shanghai International Circuit,Andrea Kimi Antonelli,ANT,Mercedes,4.358300531656454,2,18,0,18
2026,2,Chinese Grand Prix,2026-03-15,Shanghai International Circuit,Lewis Hamilton,HAM,Ferrari,6.137417380723065,3,15,0,15
2026,2,Chinese Grand Prix,2026-03-15,Shanghai International Circuit,Charles Leclerc,LEC,Ferrari,7.055832089980826,4,12,0,12
2026,2,Chinese Grand Prix,2026-03-15,Shanghai International Circuit,Oliver Bearman,BEA,Haas F1 Team,7.842951582355187,5,10,0,10
2026,2,Chinese Grand Prix,2026-03-15,Shanghai International Circuit,Isack Hadjar,HAD,Red Bull,10.036184494648955,6,8,0,8
2026,2,Chinese Grand Prix,2026-03-15,Shanghai International Circuit,Pierre Gasly,GAS,Alpine F1 Team,10.120630388421151,7,6,0,6
2026,2,Chinese Grand Prix,2026-03-15,Shanghai International Circuit,Liam Lawson,LAW,RB F1 Team,10.525336309523816,8,4,0,4
2026,2,Chinese Grand Prix,2026-03-15,Shanghai International Circuit,Max Verstappen,VER,Red Bull,10.644427460489965,9,2,0,2
2026,2,Chinese Grand Prix,2026-03-15,Shanghai International Circuit,Nico Hülkenberg,HUL,Audi,11.776214594546834,10,1,0,1
2026,2,Chinese Grand Prix,2026-03-15,Shanghai International Circuit,Carlos Sainz,SAI,Williams,12.149036819940411,11,0,0,0
2026,2,Chinese Grand Prix,2026-03-15,Shanghai International Circuit,Lando Norris,NOR,McLaren,12.179577973016356,12,0,0,0
2026,2,Chinese Grand Prix,2026-03-15,Shanghai International Circuit,Arvid Lindblad,LIN,RB F1 Team,12.27991793170714,13,0,0,0
2026,2,Chinese Grand Prix,2026-03-15,Shanghai International Circuit,Franco Colapinto,COL,Alpine F1 Team,12.717121304320822,14,0,0,0
2026,2,Chinese Grand Prix,2026-03-15,Shanghai International Circuit,Esteban Ocon,OCO,Haas F1 Team,13.230757211086008,15,0,0,0
2026,2,Chinese Grand Prix,2026-03-15,Shanghai International Circuit,Oscar Piastri,PIA,McLaren,13.256603449655822,16,0,0,0
2026,2,Chinese Grand Prix,2026-03-15,Shanghai International Circuit,Valtteri Bottas,BOT,Cadillac F1 Team,14.80092028085204,17,0,0,0
2026,2,Chinese Grand Prix,2026-03-15,Shanghai International Circuit,Fernando Alonso,ALO,Aston Martin,15.375760886128909,18,0,0,0
2026,2,Chinese Grand Prix,2026-03-15,Shanghai International Circuit,Sergio Pérez,PER,Cadillac F1 Team,15.703739571625142,19,0,0,0
2026,2,Chinese Grand Prix,2026-03-15,Shanghai International Circuit,Gabriel Bortoleto,BOR,Audi,15.97413510038909,20,0,0,0
2026,2,Chinese Grand Prix,2026-03-15,Shanghai International Circuit,Lance Stroll,STR,Aston Martin,16.769848600011102,21,0,0,0
2026,2,Chinese Grand Prix,2026-03-15,Shanghai International Circuit,Alexander Albon,ALB,Williams,17.21715761962993,22,0,0,0
2026,3,Japanese Grand Prix,2026-03-29,Suzuka Circuit,Andrea Kimi Antonelli,ANT,Mercedes,2.9000536468753717,1,25,0,25
2026,3,Japanese Grand Prix,2026-03-29,Suzuka Circuit,George Russell,RUS,Mercedes,4.390686956066981,2,18,0,18
2026,3,Japanese Grand Prix,2026-03-29,Suzuka Circuit,Charles Leclerc,LEC,Ferrari,4.791661672360823,3,15,0,15
2026,3,Japanese Grand Prix,2026-03-29,Suzuka Circuit,Oscar Piastri,PIA,McLaren,5.678894371507158,4,12,0,12
2026,3,Japanese Grand Prix,2026-03-29,Suzuka Circuit,Lando Norris,NOR,McLaren,6.014069800379357,5,10,0,10
2026,3,Japanese Grand Prix,2026-03-29,Suzuka Circuit,Lewis Hamilton,HAM,Ferrari,6.34029267882623,6,8,0,8
2026,3,Japanese Grand Prix,2026-03-29,Suzuka Circuit,Max Verstappen,VER,Red Bull,7.530031847234863,7,6,0,6
2026,3,Japanese Grand Prix,2026-03-29,Suzuka Circuit,Pierre Gasly,GAS,Alpine F1 Team,10.193219010156511,8,4,0,4
2026,3,Japanese Grand Prix,2026-03-29,Suzuka Circuit,Liam Lawson,LAW,RB F1 Team,10.438499529540936,9,2,0,2
2026,3,Japanese Grand Prix,2026-03-29,Suzuka Circuit,Esteban Ocon,OCO,Haas F1 Team,11.52636945938446,10,1,0,1
2026,3,Japanese Grand Prix,2026-03-29,Suzuka Circuit,Isack Hadjar,HAD,Red Bull,11.60254348836896,11,0,0,0
2026,3,Japanese Grand Prix,2026-03-29,Suzuka Circuit,Nico Hülkenberg,HUL,Audi,12.57434233265471,12,0,0,0
2026,3,Japanese Grand Prix,2026-03-29,Suzuka Circuit,Arvid Lindblad,LIN,RB F1 Team,13.245504972489762,13,0,0,0
2026,3,Japanese Grand Prix,2026-03-29,Suzuka Circuit,Gabriel Bortoleto,BOR,Audi,13.712489906968026,14,0,0,0
2026,3,Japanese Grand Prix,2026-03-29,Suzuka Circuit,Carlos Sainz,SAI,Williams,14.13849970852845,15,0,0,0
2026,3,Japanese Grand Prix,2026-03-29,Suzuka Circuit,Franco Colapinto,COL,Alpine F1 Team,15.360461669775006,16,0,0,0
2026,3,Japanese Grand Prix,2026-03-29,Suzuka Circuit,Fernando Alonso,ALO,Aston Martin,15.69401142676768,17,0,0,0
2026,3,Japanese Grand Prix,2026-03-29,Suzuka Circuit,Oliver Bearman,BEA,Haas F1 Team,15.909533971815216,18,0,0,0
2026,3,Japanese Grand Prix,2026-03-29,Suzuka Circuit,Sergio Pérez,PER,Cadillac F1 Team,16.862015104789005,19,0,0,0
2026,3,Japanese Grand Prix,2026-03-29,Suzuka Circuit,Valtteri Bottas,BOT,Cadillac F1 Team,17.493628931366064,20,0,0,0
2026,3,Japanese Grand Prix,2026-03-29,Suzuka Circuit,Alexander Albon,ALB,Williams,17.87606887643875,21,0,0,0
2026,3,Japanese Grand Prix,2026-03-29,Suzuka Circuit,Lance Stroll,STR,Aston Martin,18.365368268907645,22,0,0,0
2026,4,Miami Grand Prix,2026-05-03,Miami International Autodrome,Andrea Kimi Antonelli,ANT,Mercedes,2.605682851280457,1,25,0,25
2026,4,Miami Grand Prix,2026-05-03,Miami International Autodrome,George Russell,RUS,Mercedes,4.556371307118073,2,18,0,18
2026,4,Miami Grand Prix,2026-05-03,Miami International Autodrome,Oscar Piastri,PIA,McLaren,4.709433057107052,3,15,0,15
2026,4,Miami Grand Prix,2026-05-03,Miami International Autodrome,Lando Norris,NOR,McLaren,4.9883092577372965,4,12,0,12
2026,4,Miami Grand Prix,2026-05-03,Miami International Autodrome,Max Verstappen,VER,Red Bull,5.753756631189145,5,10,0,10
2026,4,Miami Grand Prix,2026-05-03,Miami International Autodrome,Lewis Hamilton,HAM,Ferrari,6.143781931149333,6,8,0,8
2026,4,Miami Grand Prix,2026-05-03,Miami International Autodrome,Charles Leclerc,LEC,Ferrari,6.658555200459549,7,6,0,6
2026,4,Miami Grand Prix,2026-05-03,Miami International Autodrome,Franco Colapinto,COL,Alpine F1 Team,10.7235898430597,8,4,0,4
2026,4,Miami Grand Prix,2026-05-03,Miami International Autodrome,Carlos Sainz,SAI,Williams,10.877589643596888,9,2,0,2
2026,4,Miami Grand Prix,2026-05-03,Miami International Autodrome,Alexander Albon,ALB,Williams,11.889422541993516,10,1,0,1
2026,4,Miami Grand Prix,2026-05-03,Miami International Autodrome,Oliver Bearman,BEA,Haas F1 Team,12.396400798853914,11,0,0,0
2026,4,Miami Grand Prix,2026-05-03,Miami International Autodrome,Gabriel Bortoleto,BOR,Audi,13.331681230235985,12,0,0,0
2026,4,Miami Grand Prix,2026-05-03,Miami International Autodrome,Esteban Ocon,OCO,Haas F1 Team,14.051564366049725,13,0,0,0
2026,4,Miami Grand Prix,2026-05-03,Miami International Autodrome,Arvid Lindblad,LIN,RB F1 Team,14.550368675034104,14,0,0,0
2026,4,Miami Grand Prix,2026-05-03,Miami International Autodrome,Fernando Alonso,ALO,Aston Martin,14.854643117932971,15,0,0,0
2026,4,Miami Grand Prix,2026-05-03,Miami International Autodrome,Liam Lawson,LAW,RB F1 Team,16.032435080850515,16,0,0,0
2026,4,Miami Grand Prix,2026-05-03,Miami International Autodrome,Pierre Gasly,GAS,Alpine F1 Team,16.10068091726657,17,0,0,0
2026,4,Miami Grand Prix,2026-05-03,Miami International Autodrome,Nico Hülkenberg,HUL,Audi,16.163816941663907,18,0,0,0
2026,4,Miami Grand Prix,2026-05-03,Miami International Autodrome,Sergio Pérez,PER,Cadillac F1 Team,16.187754572095336,19,0,0,0
2026,4,Miami Grand Prix,2026-05-03,Miami International Autodrome,Isack Hadjar,HAD,Red Bull,16.248950132510764,20,0,0,0
2026,4,Miami Grand Prix,2026-05-03,Miami International Autodrome,Lance Stroll,STR,Aston Martin,16.521381296738824,21,0,0,0
2026,4,Miami Grand Prix,2026-05-03,Miami International Autodrome,Valtteri Bottas,BOT,Cadillac F1 Team,17.192128687792557,22,0,0,0
2026,5,Canadian Grand Prix,2026-05-24,Circuit Gilles Villeneuve,Andrea Kimi Antonelli,ANT,Mercedes,3.687147012100159,1,25,0,25
2026,5,Canadian Grand Prix,2026-05-24,Circuit Gilles Villeneuve,Lewis Hamilton,HAM,Ferrari,4.229343277201162,2,18,0,18
2026,5,Canadian Grand Prix,2026-05-24,Circuit Gilles Villeneuve,Charles Leclerc,LEC,Ferrari,5.414519409791793,3,15,0,15
2026,5,Canadian Grand Prix,2026-05-24,Circuit Gilles Villeneuve,Max Verstappen,VER,Red Bull,6.20804193746432,4,12,0,12
2026,5,Canadian Grand Prix,2026-05-24,Circuit Gilles Villeneuve,Isack Hadjar,HAD,Red Bull,8.779304498810019,5,10,0,10
2026,5,Canadian Grand Prix,2026-05-24,Circuit Gilles Villeneuve,Franco Colapinto,COL,Alpine F1 Team,8.990150789729595,6,8,0,8
2026,5,Canadian Grand Prix,2026-05-24,Circuit Gilles Villeneuve,Liam Lawson,LAW,RB F1 Team,9.675848769286269,7,6,0,6
2026,5,Canadian Grand Prix,2026-05-24,Circuit Gilles Villeneuve,Oscar Piastri,PIA,McLaren,9.84326710105073,8,4,0,4
2026,5,Canadian Grand Prix,2026-05-24,Circuit Gilles Villeneuve,Pierre Gasly,GAS,Alpine F1 Team,10.128433621933626,9,2,0,2
2026,5,Canadian Grand Prix,2026-05-24,Circuit Gilles Villeneuve,George Russell,RUS,Mercedes,10.145604711236048,10,1,0,1
2026,5,Canadian Grand Prix,2026-05-24,Circuit Gilles Villeneuve,Carlos Sainz,SAI,Williams,11.27787753627092,11,0,0,0
2026,5,Canadian Grand Prix,2026-05-24,Circuit Gilles Villeneuve,Oliver Bearman,BEA,Haas F1 Team,11.498537798441042,12,0,0,0
2026,5,Canadian Grand Prix,2026-05-24,Circuit Gilles Villeneuve,Lando Norris,NOR,McLaren,11.74011180436116,13,0,0,0
2026,5,Canadian Grand Prix,2026-05-24,Circuit Gilles Villeneuve,Esteban Ocon,OCO,Haas F1 Team,13.064584695365523,14,0,0,0
2026,5,Canadian Grand Prix,2026-05-24,Circuit Gilles Villeneuve,Gabriel Bortoleto,BOR,Audi,13.385182078077175,15,0,0,0
2026,5,Canadian Grand Prix,2026-05-24,Circuit Gilles Villeneuve,Nico Hülkenberg,HUL,Audi,13.613396906214517,16,0,0,0
2026,5,Canadian Grand Prix,2026-05-24,Circuit Gilles Villeneuve,Lance Stroll,STR,Aston Martin,15.590150464986785,17,0,0,0
2026,5,Canadian Grand Prix,2026-05-24,Circuit Gilles Villeneuve,Valtteri Bottas,BOT,Cadillac F1 Team,16.377065158551183,18,0,0,0
2026,5,Canadian Grand Prix,2026-05-24,Circuit Gilles Villeneuve,Arvid Lindblad,LIN,RB F1 Team,16.740470076634075,19,0,0,0
2026,5,Canadian Grand Prix,2026-05-24,Circuit Gilles Villeneuve,Alexander Albon,ALB,Williams,16.867346306692713,20,0,0,0
2026,5,Canadian Grand Prix,2026-05-24,Circuit Gilles Villeneuve,Sergio Pérez,PER,Cadillac F1 Team,16.911360453752383,21,0,0,0
2026,5,Canadian Grand Prix,2026-05-24,Circuit Gilles Villeneuve,Fernando Alonso,ALO,Aston Martin,16.933497677180913,22,0,0,0
2026,6,Monaco Grand Prix,2026-06-07,Circuit de Monaco,Andrea Kimi Antonelli,ANT,Mercedes,3.6978925894772585,1,25,0,25
2026,6,Monaco Grand Prix,2026-06-07,Circuit de Monaco,Lewis Hamilton,HAM,Ferrari,5.327919533836486,2,18,0,18
2026,6,Monaco Grand Prix,2026-06-07,Circuit de Monaco,Pierre Gasly,GAS,Alpine F1 Team,7.622744314713064,3,15,0,15
2026,6,Monaco Grand Prix,2026-06-07,Circuit de Monaco,Isack Hadjar,HAD,Red Bull,7.877007561678518,4,12,0,12
2026,6,Monaco Grand Prix,2026-06-07,Circuit de Monaco,Oscar Piastri,PIA,McLaren,8.071643439084989,5,10,0,10
2026,6,Monaco Grand Prix,2026-06-07,Circuit de Monaco,Liam Lawson,LAW,RB F1 Team,9.069245401816852,6,8,0,8
2026,6,Monaco Grand Prix,2026-06-07,Circuit de Monaco,George Russell,RUS,Mercedes,9.610297691928745,7,6,0,6
2026,6,Monaco Grand Prix,2026-06-07,Circuit de Monaco,Arvid Lindblad,LIN,RB F1 Team,10.28325214368964,8,4,0,4
2026,6,Monaco Grand Prix,2026-06-07,Circuit de Monaco,Alexander Albon,ALB,Williams,10.906390287177254,9,2,0,2
2026,6,Monaco Grand Prix,2026-06-07,Circuit de Monaco,Charles Leclerc,LEC,Ferrari,11.21592531490267,10,1,0,1
2026,6,Monaco Grand Prix,2026-06-07,Circuit de Monaco,Esteban Ocon,OCO,Haas F1 Team,11.303943727853996,11,0,0,0
2026,6,Monaco Grand Prix,2026-06-07,Circuit de Monaco,Gabriel Bortoleto,BOR,Audi,11.764840034621225,12,0,0,0
2026,6,Monaco Grand Prix,2026-06-07,Circuit de Monaco,Franco Colapinto,COL,Alpine F1 Team,12.289506702607484,13,0,0,0
2026,6,Monaco Grand Prix,2026-06-07,Circuit de Monaco,Nico Hülkenberg,HUL,Audi,12.840910480322773,14,0,0,0
2026,6,Monaco Grand Prix,2026-06-07,Circuit de Monaco,Lando Norris,NOR,McLaren,12.845406783662362,15,0,0,0
2026,6,Monaco Grand Prix,2026-06-07,Circuit de Monaco,Max Verstappen,VER,Red Bull,12.940114616542637,16,0,0,0
2026,6,Monaco Grand Prix,2026-06-07,Circuit de Monaco,Carlos Sainz,SAI,Williams,13.368751562824864,17,0,0,0
2026,6,Monaco Grand Prix,2026-06-07,Circuit de Monaco,Fernando Alonso,ALO,Aston Martin,14.26690443894874,18,0,0,0
2026,6,Monaco Grand Prix,2026-06-07,Circuit de Monaco,Sergio Pérez,PER,Cadillac F1 Team,14.850369435150762,19,0,0,0
2026,6,Monaco Grand Prix,2026-06-07,Circuit de Monaco,Oliver Bearman,BEA,Haas F1 Team,15.491767058298608,20,0,0,0
2026,6,Monaco Grand Prix,2026-06-07,Circuit de Monaco,Lance Stroll,STR,Aston Martin,16.694135972486766,21,0,0,0
2026,6,Monaco Grand Prix,2026-06-07,Circuit de Monaco,Valtteri Bottas,BOT,Cadillac F1 Team,17.92505042882621,22,0,0,0
2026,7,Barcelona Grand Prix,2026-06-14,Circuit de Barcelona-Catalunya,Lewis Hamilton,HAM,Ferrari,4.098910528771197,1,25,0,25
2026,7,Barcelona Grand Prix,2026-06-14,Circuit de Barcelona-Catalunya,George Russell,RUS,Mercedes,4.281421781599544,2,18,0,18
2026,7,Barcelona Grand Prix,2026-06-14,Circuit de Barcelona-Catalunya,Max Verstappen,VER,Red Bull,6.012795546590718,3,15,0,15
2026,7,Barcelona Grand Prix,2026-06-14,Circuit de Barcelona-Catalunya,Oscar Piastri,PIA,McLaren,6.153343227705371,4,12,0,12
2026,7,Barcelona Grand Prix,2026-06-14,Circuit de Barcelona-Catalunya,Isack Hadjar,HAD,Red Bull,7.155731005226654,5,10,0,10
2026,7,Barcelona Grand Prix,2026-06-14,Circuit de Barcelona-Catalunya,Lando Norris,NOR,McLaren,7.236524988756532,6,8,0,8
2026,7,Barcelona Grand Prix,2026-06-14,Circuit de Barcelona-Catalunya,Liam Lawson,LAW,RB F1 Team,9.099719814491126,7,6,0,6
2026,7,Barcelona Grand Prix,2026-06-14,Circuit de Barcelona-Catalunya,Pierre Gasly,GAS,Alpine F1 Team,9.176771203824126,8,4,0,4
2026,7,Barcelona Grand Prix,2026-06-14,Circuit de Barcelona-Catalunya,Andrea Kimi Antonelli,ANT,Mercedes,9.40197514790474,9,2,0,2
2026,7,Barcelona Grand Prix,2026-06-14,Circuit de Barcelona-Catalunya,Charles Leclerc,LEC,Ferrari,9.560446527858694,10,1,0,1
2026,7,Barcelona Grand Prix,2026-06-14,Circuit de Barcelona-Catalunya,Arvid Lindblad,LIN,RB F1 Team,10.477729166941314,11,0,0,0
2026,7,Barcelona Grand Prix,2026-06-14,Circuit de Barcelona-Catalunya,Franco Colapinto,COL,Alpine F1 Team,10.64686923377766,12,0,0,0
2026,7,Barcelona Grand Prix,2026-06-14,Circuit de Barcelona-Catalunya,Gabriel Bortoleto,BOR,Audi,12.288363901300407,13,0,0,0
2026,7,Barcelona Grand Prix,2026-06-14,Circuit de Barcelona-Catalunya,Carlos Sainz,SAI,Williams,13.066877154766766,14,0,0,0
2026,7,Barcelona Grand Prix,2026-06-14,Circuit de Barcelona-Catalunya,Esteban Ocon,OCO,Haas F1 Team,13.240401490179288,15,0,0,0
2026,7,Barcelona Grand Prix,2026-06-14,Circuit de Barcelona-Catalunya,Oliver Bearman,BEA,Haas F1 Team,14.485301829399466,16,0,0,0
2026,7,Barcelona Grand Prix,2026-06-14,Circuit de Barcelona-Catalunya,Sergio Pérez,PER,Cadillac F1 Team,15.276188769386344,17,0,0,0
2026,7,Barcelona Grand Prix,2026-06-14,Circuit de Barcelona-Catalunya,Nico Hülkenberg,HUL,Audi,15.873436879249216,18,0,0,0
2026,7,Barcelona Grand Prix,2026-06-14,Circuit de Barcelona-Catalunya,Alexander Albon,ALB,Williams,15.982939504123328,19,0,0,0
2026,7,Barcelona Grand Prix,2026-06-14,Circuit de Barcelona-Catalunya,Fernando Alonso,ALO,Aston Martin,18.081036815627304,20,0,0,0
2026,7,Barcelona Grand Prix,2026-06-14,Circuit de Barcelona-Catalunya,Valtteri Bottas,BOT,Cadillac F1 Team,18.978574703054065,21,0,0,0
2026,7,Barcelona Grand Prix,2026-06-14,Circuit de Barcelona-Catalunya,Lance Stroll,STR,Aston Martin,19.00173503415425,22,0,0,0
2026,8,Austrian Grand Prix,2026-06-28,Red Bull Ring,George Russell,RUS,Mercedes,3.50693049643011,1,25,0,25
2026,8,Austrian Grand Prix,2026-06-28,Red Bull Ring,Andrea Kimi Antonelli,ANT,Mercedes,4.4147169121124605,2,18,0,18
2026,8,Austrian Grand Prix,2026-06-28,Red Bull Ring,Oscar Piastri,PIA,McLaren,4.933222618028303,3,15,0,15
2026,8,Austrian Grand Prix,2026-06-28,Red Bull Ring,Max Verstappen,VER,Red Bull,5.05889098130088,4,12,0,12
2026,8,Austrian Grand Prix,2026-06-28,Red Bull Ring,Lewis Hamilton,HAM,Ferrari,5.707637820293152,5,10,0,10
2026,8,Austrian Grand Prix,2026-06-28,Red Bull Ring,Lando Norris,NOR,McLaren,6.437785598582032,6,8,0,8
2026,8,Austrian Grand Prix,2026-06-28,Red Bull Ring,Isack Hadjar,HAD,Red Bull,7.953687267674801,7,6,0,6
2026,8,Austrian Grand Prix,2026-06-28,Red Bull Ring,Charles Leclerc,LEC,Ferrari,8.292055199202967,8,4,0,4
2026,8,Austrian Grand Prix,2026-06-28,Red Bull Ring,Liam Lawson,LAW,RB F1 Team,10.428352569341412,9,2,0,2
2026,8,Austrian Grand Prix,2026-06-28,Red Bull Ring,Arvid Lindblad,LIN,RB F1 Team,10.995304040967463,10,1,0,1
2026,8,Austrian Grand Prix,2026-06-28,Red Bull Ring,Pierre Gasly,GAS,Alpine F1 Team,12.132163128099185,11,0,0,0
2026,8,Austrian Grand Prix,2026-06-28,Red Bull Ring,Gabriel Bortoleto,BOR,Audi,12.486623609472831,12,0,0,0
2026,8,Austrian Grand Prix,2026-06-28,Red Bull Ring,Franco Colapinto,COL,Alpine F1 Team,12.927163191058252,13,0,0,0
2026,8,Austrian Grand Prix,2026-06-28,Red Bull Ring,Nico Hülkenberg,HUL,Audi,13.521383085575566,14,0,0,0
2026,8,Austrian Grand Prix,2026-06-28,Red Bull Ring,Oliver Bearman,BEA,Haas F1 Team,14.32659906467405,15,0,0,0
2026,8,Austrian Grand Prix,2026-06-28,Red Bull Ring,Esteban Ocon,OCO,Haas F1 Team,15.340780888412358,16,0,0,0
2026,8,Austrian Grand Prix,2026-06-28,Red Bull Ring,Alexander Albon,ALB,Williams,16.22392132009766,17,0,0,0
2026,8,Austrian Grand Prix,2026-06-28,Red Bull Ring,Carlos Sainz,SAI,Williams,16.892379680245526,18,0,0,0
2026,8,Austrian Grand Prix,2026-06-28,Red Bull Ring,Lance Stroll,STR,Aston Martin,17.75465851772749,19,0,0,0
2026,8,Austrian Grand Prix,2026-06-28,Red Bull Ring,Fernando Alonso,ALO,Aston Martin,17.83535973777326,20,0,0,0
2026,8,Austrian Grand Prix,2026-06-28,Red Bull Ring,Sergio Pérez,PER,Cadillac F1 Team,18.76354971261372,21,0,0,0
2026,8,Austrian Grand Prix,2026-06-28,Red Bull Ring,Valtteri Bottas,BOT,Cadillac F1 Team,18.85958386752136,22,0,0,0
2026,9,British Grand Prix,2026-07-05,Silverstone Circuit,Charles Leclerc,LEC,Ferrari,4.399076967441078,1,25,0,25
2026,9,British Grand Prix,2026-07-05,Silverstone Circuit,Lewis Hamilton,HAM,Ferrari,4.823910776752005,2,18,0,18
2026,9,British Grand Prix,2026-07-05,Silverstone Circuit,George Russell,RUS,Mercedes,5.180931710492493,3,15,0,15
2026,9,British Grand Prix,2026-07-05,Silverstone Circuit,Lando Norris,NOR,McLaren,6.320263064561011,4,12,0,12
2026,9,British Grand Prix,2026-07-05,Silverstone Circuit,Isack Hadjar,HAD,Red Bull,6.8823779091007,5,10,0,10
2026,9,British Grand Prix,2026-07-05,Silverstone Circuit,Liam Lawson,LAW,RB F1 Team,8.481991021659498,6,8,0,8
2026,9,British Grand Prix,2026-07-05,Silverstone Circuit,Andrea Kimi Antonelli,ANT,Mercedes,9.007878157789916,7,6,0,6
2026,9,British Grand Prix,2026-07-05,Silverstone Circuit,Oscar Piastri,PIA,McLaren,9.339767970149502,8,4,0,4
2026,9,British Grand Prix,2026-07-05,Silverstone Circuit,Arvid Lindblad,LIN,RB F1 Team,9.668668146852982,9,2,0,2
2026,9,British Grand Prix,2026-07-05,Silverstone Circuit,Franco Colapinto,COL,Alpine F1 Team,10.32148534473218,10,1,0,1
2026,9,British Grand Prix,2026-07-05,Silverstone Circuit,Pierre Gasly,GAS,Alpine F1 Team,10.94418663647183,11,0,0,0
2026,9,British Grand Prix,2026-07-05,Silverstone Circuit,Gabriel Bortoleto,BOR,Audi,11.137295954208712,12,0,0,0
2026,9,British Grand Prix,2026-07-05,Silverstone Circuit,Max Verstappen,VER,Red Bull,12.247167141713826,13,0,0,0
2026,9,British Grand Prix,2026-07-05,Silverstone Circuit,Oliver Bearman,BEA,Haas F1 Team,13.201585200141835,14,0,0,0
2026,9,British Grand Prix,2026-07-05,Silverstone Circuit,Esteban Ocon,OCO,Haas F1 Team,13.593055882909075,15,0,0,0
2026,9,British Grand Prix,2026-07-05,Silverstone Circuit,Carlos Sainz,SAI,Williams,15.493787433155092,16,0,0,0
2026,9,British Grand Prix,2026-07-05,Silverstone Circuit,Sergio Pérez,PER,Cadillac F1 Team,16.060369016224843,17,0,0,0
2026,9,British Grand Prix,2026-07-05,Silverstone Circuit,Nico Hülkenberg,HUL,Audi,16.888824383949373,18,0,0,0
2026,9,British Grand Prix,2026-07-05,Silverstone Circuit,Valtteri Bottas,BOT,Cadillac F1 Team,16.90398049932424,19,0,0,0
2026,9,British Grand Prix,2026-07-05,Silverstone Circuit,Fernando Alonso,ALO,Aston Martin,17.047738892785972,20,0,0,0
2026,9,British Grand Prix,2026-07-05,Silverstone Circuit,Alexander Albon,ALB,Williams,17.218887865983703,21,0,0,0
2026,9,British Grand Prix,2026-07-05,Silverstone Circuit,Lance Stroll,STR,Aston Martin,17.97044463719665,22,0,0,0
2026,10,Belgian Grand Prix,2026-07-19,Circuit de Spa-Francorchamps,Charles Leclerc,LEC,Ferrari,4.1634890895193095,1,25,0,25
2026,10,Belgian Grand Prix,2026-07-19,Circuit de Spa-Francorchamps,Andrea Kimi Antonelli,ANT,Mercedes,4.327483084597411,2,18,0,18
2026,10,Belgian Grand Prix,2026-07-19,Circuit de Spa-Francorchamps,Max Verstappen,VER,Red Bull,4.431069038182414,3,15,0,15
2026,10,Belgian Grand Prix,2026-07-19,Circuit de Spa-Francorchamps,Lewis Hamilton,HAM,Ferrari,5.162583890019566,4,12,0,12
2026,10,Belgian Grand Prix,2026-07-19,Circuit de Spa-Francorchamps,Oscar Piastri,PIA,McLaren,6.235558056772887,5,10,0,10
2026,10,Belgian Grand Prix,2026-07-19,Circuit de Spa-Francorchamps,Isack Hadjar,HAD,Red Bull,6.892550643936672,6,8,0,8
2026,10,Belgian Grand Prix,2026-07-19,Circuit de Spa-Francorchamps,Lando Norris,NOR,McLaren,7.817323334401424,7,6,0,6
2026,10,Belgian Grand Prix,2026-07-19,Circuit de Spa-Francorchamps,Arvid Lindblad,LIN,RB F1 Team,9.843826176453993,8,4,0,4
2026,10,Belgian Grand Prix,2026-07-19,Circuit de Spa-Francorchamps,Gabriel Bortoleto,BOR,Audi,9.943371994293855,9,2,0,2
2026,10,Belgian Grand Prix,2026-07-19,Circuit de Spa-Francorchamps,Liam Lawson,LAW,RB F1 Team,10.767199019271118,10,1,0,1
2026,10,Belgian Grand Prix,2026-07-19,Circuit de Spa-Francorchamps,Franco Colapinto,COL,Alpine F1 Team,10.882493572780028,11,0,0,0
2026,10,Belgian Grand Prix,2026-07-19,Circuit de Spa-Francorchamps,Pierre Gasly,GAS,Alpine F1 Team,11.17236367882795,12,0,0,0
2026,10,Belgian Grand Prix,2026-07-19,Circuit de Spa-Francorchamps,George Russell,RUS,Mercedes,13.225442075215687,13,0,0,0
2026,10,Belgian Grand Prix,2026-07-19,Circuit de Spa-Francorchamps,Nico Hülkenberg,HUL,Audi,13.595829568092734,14,0,0,0
2026,10,Belgian Grand Prix,2026-07-19,Circuit de Spa-Francorchamps,Oliver Bearman,BEA,Haas F1 Team,13.886817106254334,15,0,0,0
2026,10,Belgian Grand Prix,2026-07-19,Circuit de Spa-Francorchamps,Alexander Albon,ALB,Williams,14.892479161275602,16,0,0,0
2026,10,Belgian Grand Prix,2026-07-19,Circuit de Spa-Francorchamps,Esteban Ocon,OCO,Haas F1 Team,15.365757775648294,17,0,0,0
2026,10,Belgian Grand Prix,2026-07-19,Circuit de Spa-Francorchamps,Carlos Sainz,SAI,Williams,16.18517806555095,18,0,0,0
2026,10,Belgian Grand Prix,2026-07-19,Circuit de Spa-Francorchamps,Fernando Alonso,ALO,Aston Martin,16.814161672371384,19,0,0,0
2026,10,Belgian Grand Prix,2026-07-19,Circuit de Spa-Francorchamps,Valtteri Bottas,BOT,Cadillac F1 Team,18.107904436498185,20,0,0,0
2026,10,Belgian Grand Prix,2026-07-19,Circuit de Spa-Francorchamps,Lance Stroll,STR,Aston Martin,18.37978539189856,21,0,0,0
2026,10,Belgian Grand Prix,2026-07-19,Circuit de Spa-Francorchamps,Sergio Pérez,PER,Cadillac F1 Team,18.46855347507652,22,0,0,0
2026,11,Hungarian Grand Prix,2026-07-26,Hungaroring,Max Verstappen,VER,Red Bull,4.484928317622934,1,25,0,25
2026,11,Hungarian Grand Prix,2026-07-26,Hungaroring,Charles Leclerc,LEC,Ferrari,4.907827214576919,2,18,0,18
2026,11,Hungarian Grand Prix,2026-07-26,Hungaroring,Lewis Hamilton,HAM,Ferrari,5.366839214232672,3,15,0,15
2026,11,Hungarian Grand Prix,2026-07-26,Hungaroring,Lando Norris,NOR,McLaren,5.575724223048625,4,12,0,12
2026,11,Hungarian Grand Prix,2026-07-26,Hungaroring,Andrea Kimi Antonelli,ANT,Mercedes,6.107880678992372,5,10,0,10
2026,11,Hungarian Grand Prix,2026-07-26,Hungaroring,Isack Hadjar,HAD,Red Bull,6.296997814938148,6,8,0,8
2026,11,Hungarian Grand Prix,2026-07-26,Hungaroring,George Russell,RUS,Mercedes,6.539740765218279,7,6,0,6
2026,11,Hungarian Grand Prix,2026-07-26,Hungaroring,Liam Lawson,LAW,RB F1 Team,9.123302186441382,8,4,0,4
2026,11,Hungarian Grand Prix,2026-07-26,Hungaroring,Arvid Lindblad,LIN,RB F1 Team,10.094771828737692,9,2,0,2
2026,11,Hungarian Grand Prix,2026-07-26,Hungaroring,Gabriel Bortoleto,BOR,Audi,10.442056057484042,10,1,0,1
2026,11,Hungarian Grand Prix,2026-07-26,Hungaroring,Nico Hülkenberg,HUL,Audi,11.55963422987741,11,0,0,0
2026,11,Hungarian Grand Prix,2026-07-26,Hungaroring,Oscar Piastri,PIA,McLaren,11.898271001297866,12,0,0,0
2026,11,Hungarian Grand Prix,2026-07-26,Hungaroring,Pierre Gasly,GAS,Alpine F1 Team,12.320627080382115,13,0,0,0
2026,11,Hungarian Grand Prix,2026-07-26,Hungaroring,Franco Colapinto,COL,Alpine F1 Team,13.829476579828595,14,0,0,0
2026,11,Hungarian Grand Prix,2026-07-26,Hungaroring,Fernando Alonso,ALO,Aston Martin,14.750866015892004,15,0,0,0
2026,11,Hungarian Grand Prix,2026-07-26,Hungaroring,Esteban Ocon,OCO,Haas F1 Team,14.852629921132252,16,0,0,0
2026,11,Hungarian Grand Prix,2026-07-26,Hungaroring,Alexander Albon,ALB,Williams,16.04565906232357,17,0,0,0
2026,11,Hungarian Grand Prix,2026-07-26,Hungaroring,Lance Stroll,STR,Aston Martin,16.136471354404183,18,0,0,0
2026,11,Hungarian Grand Prix,2026-07-26,Hungaroring,Oliver Bearman,BEA,Haas F1 Team,16.336810086832244,19,0,0,0
2026,11,Hungarian Grand Prix,2026-07-26,Hungaroring,Carlos Sainz,SAI,Williams,17.13093560524564,20,0,0,0
2026,11,Hungarian Grand Prix,2026-07-26,Hungaroring,Sergio Pérez,PER,Cadillac F1 Team,18.489520131804102,21,0,0,0
2026,11,Hungarian Grand Prix,2026-07-26,Hungaroring,Valtteri Bottas,BOT,Cadillac F1 Team,18.8441165186517,22,0,0,0
2026,12,Dutch Grand Prix,2026-08-23,Circuit Park Zandvoort,Andrea Kimi Antonelli,ANT,Mercedes,4.161142930190725,1,25,0,25
2026,12,Dutch Grand Prix,2026-08-23,Circuit Park Zandvoort,Lando Norris,NOR,McLaren,4.381373929468758,2,18,0,18
2026,12,Dutch Grand Prix,2026-08-23,Circuit Park Zandvoort,George Russell,RUS,Mercedes,5.261552953990454,3,15,0,15
2026,12,Dutch Grand Prix,2026-08-23,Circuit Park Zandvoort,Lewis Hamilton,HAM,Ferrari,5.337092603253706,4,12,0,12
2026,12,Dutch Grand Prix,2026-08-23,Circuit Park Zandvoort,Charles Leclerc,LEC,Ferrari,6.323818644766959,5,10,0,10
2026,12,Dutch Grand Prix,2026-08-23,Circuit Park Zandvoort,Oscar Piastri,PIA,McLaren,7.593303928885226,6,8,0,8
2026,12,Dutch Grand Prix,2026-08-23,Circuit Park Zandvoort,Liam Lawson,LAW,Red Bull,9.68169621350871,7,6,0,6
2026,12,Dutch Grand Prix,2026-08-23,Circuit Park Zandvoort,Nico Hülkenberg,HUL,Audi,10.22084670618229,8,4,0,4
2026,12,Dutch Grand Prix,2026-08-23,Circuit Park Zandvoort,Pierre Gasly,GAS,Alpine F1 Team,11.257862458384482,9,2,0,2
2026,12,Dutch Grand Prix,2026-08-23,Circuit Park Zandvoort,Arvid Lindblad,LIN,RB F1 Team,11.661156771150308,10,1,0,1
2026,12,Dutch Grand Prix,2026-08-23,Circuit Park Zandvoort,Fernando Alonso,ALO,Aston Martin,12.07512748238998,11,0,0,0
2026,12,Dutch Grand Prix,2026-08-23,Circuit Park Zandvoort,Yuki Tsunoda,TSU,RB F1 Team,12.255798895629573,12,0,0,0
2026,12,Dutch Grand Prix,2026-08-23,Circuit Park Zandvoort,Gabriel Bortoleto,BOR,Audi,12.81811830782914,13,0,0,0
2026,12,Dutch Grand Prix,2026-08-23,Circuit Park Zandvoort,Max Verstappen,VER,Red Bull,12.992965103917143,14,0,0,0
2026,12,Dutch Grand Prix,2026-08-23,Circuit Park Zandvoort,Franco Colapinto,COL,Alpine F1 Team,13.458783453657558,15,0,0,0
2026,12,Dutch Grand Prix,2026-08-23,Circuit Park Zandvoort,Sergio Pérez,PER,Cadillac F1 Team,16.0324643536644,16,0,0,0
2026,12,Dutch Grand Prix,2026-08-23,Circuit Park Zandvoort,Carlos Sainz,SAI,Williams,16.263349377502795,17,0,0,0
2026,12,Dutch Grand Prix,2026-08-23,Circuit Park Zandvoort,Alexander Albon,ALB,Williams,16.825193650138573,18,0,0,0
2026,12,Dutch Grand Prix,2026-08-23,Circuit Park Zandvoort,Valtteri Bottas,BOT,Cadillac F1 Team,17.50285061577992,19,0,0,0
2026,12,Dutch Grand Prix,2026-08-23,Circuit Park Zandvoort,Esteban Ocon,OCO,Haas F1 Team,17.568798489748907,20,0,0,0
2026,12,Dutch Grand Prix,2026-08-23,Circuit Park Zandvoort,Oliver Bearman,BEA,Haas F1 Team,17.808332134287255,21,0,0,0
2026,12,Dutch Grand Prix,2026-08-23,Circuit Park Zandvoort,Lance Stroll,STR,Aston Martin,18.053093733430657,22,0,0,0
