season,round,race_name,race_date,circuit_name,driver_name,driver_code,team_name,predicted_finish,predicted_position,predicted_race_points,predicted_sprint_points,predicted_total_points
2014,1,Australian Grand Prix,2014-03-16,Albert Park Grand Prix Circuit,Lewis Hamilton,HAM,Mercedes,10.695702463568736,1,25,0,25
2014,1,Australian Grand Prix,2014-03-16,Albert Park Grand Prix Circuit,Nico Rosberg,ROS,Mercedes,10.891551710216094,2,18,0,18
2014,1,Australian Grand Prix,2014-03-16,Albert Park Grand Prix Circuit,Sergio Pérez,PER,Force India,10.994895132200575,3,15,0,15
2014,1,Australian Grand Prix,2014-03-16,Albert Park Grand Prix Circuit,Fernando Alonso,ALO,Ferrari,11.085482707484871,4,12,0,12
2014,1,Australian Grand Prix,2014-03-16,Albert Park Grand Prix Circuit,Kimi Räikkönen,RAI,Ferrari,11.085482707484871,5,10,0,10
2014,1,Australian Grand Prix,2014-03-16,Albert Park Grand Prix Circuit,Nico Hülkenberg,HUL,Force India,11.74683698588302,6,8,0,8
2014,1,Australian Grand Prix,2014-03-16,Albert Park Grand Prix Circuit,Daniel Ricciardo,RIC,Red Bull,11.797439072951072,7,6,0,6
2014,1,Australian Grand Prix,2014-03-16,Albert Park Grand Prix Circuit,Sebastian Vettel,VET,Red Bull,11.917535529232609,8,4,0,4
2014,1,Australian Grand Prix,2014-03-16,Albert Park Grand Prix Circuit,Daniil Kvyat,KVY,Toro Rosso,12.162163021531764,9,2,0,2
2014,1,Australian Grand Prix,2014-03-16,Albert Park Grand Prix Circuit,Jean-Éric Vergne,VER,Toro Rosso,12.162163021531764,10,1,0,1
2014,1,Australian Grand Prix,2014-03-16,Albert Park Grand Prix Circuit,Jenson Button,BUT,McLaren,12.162163021531764,11,0,0,0
2014,1,Australian Grand Prix,2014-03-16,Albert Park Grand Prix Circuit,Kevin Magnussen,MAG,McLaren,12.162163021531764,12,0,0,0
2014,1,Australian Grand Prix,2014-03-16,Albert Park Grand Prix Circuit,Felipe Massa,MAS,Williams,12.17557449651814,13,0,0,0
2014,1,Australian Grand Prix,2014-03-16,Albert Park Grand Prix Circuit,Valtteri Bottas,BOT,Williams,12.17557449651814,14,0,0,0
2014,1,Australian Grand Prix,2014-03-16,Albert Park Grand Prix Circuit,Romain Grosjean,GRO,Lotus F1,12.359941119684583,15,0,0,0
2014,1,Australian Grand Prix,2014-03-16,Albert Park Grand Prix Circuit,Pastor Maldonado,MAL,Lotus F1,12.405760057688186,16,0,0,0
2014,1,Australian Grand Prix,2014-03-16,Albert Park Grand Prix Circuit,Esteban Gutiérrez,GUT,Sauber,12.43870428194467,17,0,0,0
2014,1,Australian Grand Prix,2014-03-16,Albert Park Grand Prix Circuit,Adrian Sutil,SUT,Sauber,12.58684831375832,18,0,0,0
2014,1,Australian Grand Prix,2014-03-16,Albert Park Grand Prix Circuit,Max Chilton,CHI,Marussia,12.971877215482678,19,0,0,0
2014,1,Australian Grand Prix,2014-03-16,Albert Park Grand Prix Circuit,Jules Bianchi,BIA,Marussia,13.039513638581829,20,0,0,0
2014,1,Australian Grand Prix,2014-03-16,Albert Park Grand Prix Circuit,Kamui Kobayashi,KOB,Caterham,14.45409082172774,21,0,0,0
2014,1,Australian Grand Prix,2014-03-16,Albert Park Grand Prix Circuit,Marcus Ericsson,ERI,Caterham,14.45409082172774,22,0,0,0
2014,2,Malaysian Grand Prix,2014-03-30,Sepang International Circuit,Nico Rosberg,ROS,Mercedes,3.755880570262093,1,25,0,25
2014,2,Malaysian Grand Prix,2014-03-30,Sepang International Circuit,Kevin Magnussen,MAG,McLaren,4.447023902838365,2,18,0,18
2014,2,Malaysian Grand Prix,2014-03-30,Sepang International Circuit,Jenson Button,BUT,McLaren,4.598704348460815,3,15,0,15
2014,2,Malaysian Grand Prix,2014-03-30,Sepang International Circuit,Fernando Alonso,ALO,Ferrari,6.270668653851313,4,12,0,12
2014,2,Malaysian Grand Prix,2014-03-30,Sepang International Circuit,Kimi Räikkönen,RAI,Ferrari,7.16808880260014,5,10,0,10
2014,2,Malaysian Grand Prix,2014-03-30,Sepang International Circuit,Valtteri Bottas,BOT,Williams,7.726134189373643,6,8,0,8
2014,2,Malaysian Grand Prix,2014-03-30,Sepang International Circuit,Lewis Hamilton,HAM,Mercedes,7.7759730955015876,7,6,0,6
2014,2,Malaysian Grand Prix,2014-03-30,Sepang International Circuit,Nico Hülkenberg,HUL,Force India,8.365053693250921,8,4,0,4
2014,2,Malaysian Grand Prix,2014-03-30,Sepang International Circuit,Felipe Massa,MAS,Williams,10.159900031477052,9,2,0,2
2014,2,Malaysian Grand Prix,2014-03-30,Sepang International Circuit,Sergio Pérez,PER,Force India,10.520780798287037,10,1,0,1
2014,2,Malaysian Grand Prix,2014-03-30,Sepang International Circuit,Jean-Éric Vergne,VER,Toro Rosso,11.264828085827602,11,0,0,0
2014,2,Malaysian Grand Prix,2014-03-30,Sepang International Circuit,Daniil Kvyat,KVY,Toro Rosso,12.160760825128447,12,0,0,0
2014,2,Malaysian Grand Prix,2014-03-30,Sepang International Circuit,Esteban Gutiérrez,GUT,Sauber,14.028311966375275,13,0,0,0
2014,2,Malaysian Grand Prix,2014-03-30,Sepang International Circuit,Adrian Sutil,SUT,Sauber,14.065730466371646,14,0,0,0
2014,2,Malaysian Grand Prix,2014-03-30,Sepang International Circuit,Max Chilton,CHI,Marussia,14.657408818415115,15,0,0,0
2014,2,Malaysian Grand Prix,2014-03-30,Sepang International Circuit,Romain Grosjean,GRO,Lotus F1,14.946395833381496,16,0,0,0
2014,2,Malaysian Grand Prix,2014-03-30,Sepang International Circuit,Pastor Maldonado,MAL,Lotus F1,14.992214771385097,17,0,0,0
2014,2,Malaysian Grand Prix,2014-03-30,Sepang International Circuit,Jules Bianchi,BIA,Marussia,14.995554786832043,18,0,0,0
2014,2,Malaysian Grand Prix,2014-03-30,Sepang International Circuit,Sebastian Vettel,VET,Red Bull,14.99985120700893,19,0,0,0
2014,2,Malaysian Grand Prix,2014-03-30,Sepang International Circuit,Daniel Ricciardo,RIC,Red Bull,15.184602067388573,20,0,0,0
2014,2,Malaysian Grand Prix,2014-03-30,Sepang International Circuit,Kamui Kobayashi,KOB,Caterham,16.39529631635753,21,0,0,0
2014,2,Malaysian Grand Prix,2014-03-30,Sepang International Circuit,Marcus Ericsson,ERI,Caterham,17.317087322454636,22,0,0,0
2014,3,Bahrain Grand Prix,2014-04-06,Bahrain International Circuit,Nico Rosberg,ROS,Mercedes,3.224998879412724,1,25,0,25
2014,3,Bahrain Grand Prix,2014-04-06,Bahrain International Circuit,Lewis Hamilton,HAM,Mercedes,3.76837710836218,2,18,0,18
2014,3,Bahrain Grand Prix,2014-04-06,Bahrain International Circuit,Fernando Alonso,ALO,Ferrari,6.270668653851313,3,15,0,15
2014,3,Bahrain Grand Prix,2014-04-06,Bahrain International Circuit,Jenson Button,BUT,McLaren,6.330990086668232,4,12,0,12
2014,3,Bahrain Grand Prix,2014-04-06,Bahrain International Circuit,Kevin Magnussen,MAG,McLaren,6.632207699112829,5,10,0,10
2014,3,Bahrain Grand Prix,2014-04-06,Bahrain International Circuit,Nico Hülkenberg,HUL,Force India,7.882953569626123,6,8,0,8
2014,3,Bahrain Grand Prix,2014-04-06,Bahrain International Circuit,Valtteri Bottas,BOT,Williams,8.557776312491326,7,6,0,6
2014,3,Bahrain Grand Prix,2014-04-06,Bahrain International Circuit,Kimi Räikkönen,RAI,Ferrari,9.000853469499155,8,4,0,4
2014,3,Bahrain Grand Prix,2014-04-06,Bahrain International Circuit,Sebastian Vettel,VET,Red Bull,9.24149676596788,9,2,0,2
2014,3,Bahrain Grand Prix,2014-04-06,Bahrain International Circuit,Felipe Massa,MAS,Williams,9.799645553450825,10,1,0,1
2014,3,Bahrain Grand Prix,2014-04-06,Bahrain International Circuit,Sergio Pérez,PER,Force India,9.973117263019873,11,0,0,0
2014,3,Bahrain Grand Prix,2014-04-06,Bahrain International Circuit,Daniil Kvyat,KVY,Toro Rosso,12.30757711433743,12,0,0,0
2014,3,Bahrain Grand Prix,2014-04-06,Bahrain International Circuit,Jean-Éric Vergne,VER,Toro Rosso,12.519108087765796,13,0,0,0
2014,3,Bahrain Grand Prix,2014-04-06,Bahrain International Circuit,Daniel Ricciardo,RIC,Red Bull,12.606887540588088,14,0,0,0
2014,3,Bahrain Grand Prix,2014-04-06,Bahrain International Circuit,Adrian Sutil,SUT,Sauber,15.019964492259612,15,0,0,0
2014,3,Bahrain Grand Prix,2014-04-06,Bahrain International Circuit,Romain Grosjean,GRO,Lotus F1,15.020595200588003,16,0,0,0
2014,3,Bahrain Grand Prix,2014-04-06,Bahrain International Circuit,Esteban Gutiérrez,GUT,Sauber,15.171323405034236,17,0,0,0
2014,3,Bahrain Grand Prix,2014-04-06,Bahrain International Circuit,Pastor Maldonado,MAL,Lotus F1,15.281263827628504,18,0,0,0
2014,3,Bahrain Grand Prix,2014-04-06,Bahrain International Circuit,Max Chilton,CHI,Marussia,15.629959078869977,19,0,0,0
2014,3,Bahrain Grand Prix,2014-04-06,Bahrain International Circuit,Jules Bianchi,BIA,Marussia,15.708561961567224,20,0,0,0
2014,3,Bahrain Grand Prix,2014-04-06,Bahrain International Circuit,Kamui Kobayashi,KOB,Caterham,16.98071713833073,21,0,0,0
2014,3,Bahrain Grand Prix,2014-04-06,Bahrain International Circuit,Marcus Ericsson,ERI,Caterham,18.07091177315784,22,0,0,0
2014,4,Chinese Grand Prix,2014-04-20,Shanghai International Circuit,Lewis Hamilton,HAM,Mercedes,2.855735171363003,1,25,0,25
2014,4,Chinese Grand Prix,2014-04-20,Shanghai International Circuit,Nico Rosberg,ROS,Mercedes,3.357680782664235,2,18,0,18
2014,4,Chinese Grand Prix,2014-04-20,Shanghai International Circuit,Nico Hülkenberg,HUL,Force India,6.953888378700295,3,15,0,15
2014,4,Chinese Grand Prix,2014-04-20,Shanghai International Circuit,Fernando Alonso,ALO,Ferrari,7.212327789109558,4,12,0,12
2014,4,Chinese Grand Prix,2014-04-20,Shanghai International Circuit,Sebastian Vettel,VET,Red Bull,7.304585888939303,5,10,0,10
2014,4,Chinese Grand Prix,2014-04-20,Shanghai International Circuit,Sergio Pérez,PER,Force India,7.828699049335545,6,8,0,8
2014,4,Chinese Grand Prix,2014-04-20,Shanghai International Circuit,Jenson Button,BUT,McLaren,7.993847233818121,7,6,0,6
2014,4,Chinese Grand Prix,2014-04-20,Shanghai International Circuit,Kevin Magnussen,MAG,McLaren,8.058876490621687,8,4,0,4
2014,4,Chinese Grand Prix,2014-04-20,Shanghai International Circuit,Valtteri Bottas,BOT,Williams,8.441836444948319,9,2,0,2
2014,4,Chinese Grand Prix,2014-04-20,Shanghai International Circuit,Daniel Ricciardo,RIC,Red Bull,8.6557138152764,10,1,0,1
2014,4,Chinese Grand Prix,2014-04-20,Shanghai International Circuit,Felipe Massa,MAS,Williams,9.154045315961172,11,0,0,0
2014,4,Chinese Grand Prix,2014-04-20,Shanghai International Circuit,Kimi Räikkönen,RAI,Ferrari,9.32856113576138,12,0,0,0
2014,4,Chinese Grand Prix,2014-04-20,Shanghai International Circuit,Daniil Kvyat,KVY,Toro Rosso,12.664471995503838,13,0,0,0
2014,4,Chinese Grand Prix,2014-04-20,Shanghai International Circuit,Jean-Éric Vergne,VER,Toro Rosso,12.785283422865811,14,0,0,0
2014,4,Chinese Grand Prix,2014-04-20,Shanghai International Circuit,Romain Grosjean,GRO,Lotus F1,14.457996988433992,15,0,0,0
2014,4,Chinese Grand Prix,2014-04-20,Shanghai International Circuit,Pastor Maldonado,MAL,Lotus F1,15.01631669945324,16,0,0,0
2014,4,Chinese Grand Prix,2014-04-20,Shanghai International Circuit,Max Chilton,CHI,Marussia,15.335347605484056,17,0,0,0
2014,4,Chinese Grand Prix,2014-04-20,Shanghai International Circuit,Adrian Sutil,SUT,Sauber,15.878043071766562,18,0,0,0
2014,4,Chinese Grand Prix,2014-04-20,Shanghai International Circuit,Jules Bianchi,BIA,Marussia,15.91548480159885,19,0,0,0
2014,4,Chinese Grand Prix,2014-04-20,Shanghai International Circuit,Esteban Gutiérrez,GUT,Sauber,15.997888618569217,20,0,0,0
2014,4,Chinese Grand Prix,2014-04-20,Shanghai International Circuit,Marcus Ericsson,ERI,Caterham,17.047608948601876,21,0,0,0
2014,4,Chinese Grand Prix,2014-04-20,Shanghai International Circuit,Kamui Kobayashi,KOB,Caterham,17.2545317886335,22,0,0,0
2014,5,Spanish Grand Prix,2014-05-11,Circuit de Barcelona-Catalunya,Lewis Hamilton,HAM,Mercedes,2.82145486963501,1,25,0,25
2014,5,Spanish Grand Prix,2014-05-11,Circuit de Barcelona-Catalunya,Nico Rosberg,ROS,Mercedes,3.432097114991733,2,18,0,18
2014,5,Spanish Grand Prix,2014-05-11,Circuit de Barcelona-Catalunya,Sebastian Vettel,VET,Red Bull,5.85949664733651,3,15,0,15
2014,5,Spanish Grand Prix,2014-05-11,Circuit de Barcelona-Catalunya,Fernando Alonso,ALO,Ferrari,6.44526064677692,4,12,0,12
2014,5,Spanish Grand Prix,2014-05-11,Circuit de Barcelona-Catalunya,Nico Hülkenberg,HUL,Force India,7.068538528846933,5,10,0,10
2014,5,Spanish Grand Prix,2014-05-11,Circuit de Barcelona-Catalunya,Daniel Ricciardo,RIC,Red Bull,7.384219110656327,6,8,0,8
2014,5,Spanish Grand Prix,2014-05-11,Circuit de Barcelona-Catalunya,Sergio Pérez,PER,Force India,8.448693110672345,7,6,0,6
2014,5,Spanish Grand Prix,2014-05-11,Circuit de Barcelona-Catalunya,Jenson Button,BUT,McLaren,8.765984939285918,8,4,0,4
2014,5,Spanish Grand Prix,2014-05-11,Circuit de Barcelona-Catalunya,Kevin Magnussen,MAG,McLaren,8.765984939285918,9,2,0,2
2014,5,Spanish Grand Prix,2014-05-11,Circuit de Barcelona-Catalunya,Kimi Räikkönen,RAI,Ferrari,8.871893485061062,10,1,0,1
2014,5,Spanish Grand Prix,2014-05-11,Circuit de Barcelona-Catalunya,Valtteri Bottas,BOT,Williams,8.895555353523765,11,0,0,0
2014,5,Spanish Grand Prix,2014-05-11,Circuit de Barcelona-Catalunya,Felipe Massa,MAS,Williams,10.683078613102747,12,0,0,0
2014,5,Spanish Grand Prix,2014-05-11,Circuit de Barcelona-Catalunya,Daniil Kvyat,KVY,Toro Rosso,12.624211575020729,13,0,0,0
2014,5,Spanish Grand Prix,2014-05-11,Circuit de Barcelona-Catalunya,Jean-Éric Vergne,VER,Toro Rosso,12.888305300067644,14,0,0,0
2014,5,Spanish Grand Prix,2014-05-11,Circuit de Barcelona-Catalunya,Romain Grosjean,GRO,Lotus F1,14.50542520130518,15,0,0,0
2014,5,Spanish Grand Prix,2014-05-11,Circuit de Barcelona-Catalunya,Pastor Maldonado,MAL,Lotus F1,14.97605627897013,16,0,0,0
2014,5,Spanish Grand Prix,2014-05-11,Circuit de Barcelona-Catalunya,Adrian Sutil,SUT,Sauber,15.694466712352847,17,0,0,0
2014,5,Spanish Grand Prix,2014-05-11,Circuit de Barcelona-Catalunya,Esteban Gutiérrez,GUT,Sauber,15.899183702360125,18,0,0,0
2014,5,Spanish Grand Prix,2014-05-11,Circuit de Barcelona-Catalunya,Max Chilton,CHI,Marussia,16.622514549972877,19,0,0,0
2014,5,Spanish Grand Prix,2014-05-11,Circuit de Barcelona-Catalunya,Jules Bianchi,BIA,Marussia,16.706243737048297,20,0,0,0
2014,5,Spanish Grand Prix,2014-05-11,Circuit de Barcelona-Catalunya,Marcus Ericsson,ERI,Caterham,17.081643698260212,21,0,0,0
2014,5,Spanish Grand Prix,2014-05-11,Circuit de Barcelona-Catalunya,Kamui Kobayashi,KOB,Caterham,18.101216050587727,22,0,0,0
2014,6,Monaco Grand Prix,2014-05-25,Circuit de Monaco,Lewis Hamilton,HAM,Mercedes,2.82145486963501,1,25,0,25
2014,6,Monaco Grand Prix,2014-05-25,Circuit de Monaco,Nico Rosberg,ROS,Mercedes,3.432097114991733,2,18,0,18
2014,6,Monaco Grand Prix,2014-05-25,Circuit de Monaco,Sebastian Vettel,VET,Red Bull,6.050774456001154,3,15,0,15
2014,6,Monaco Grand Prix,2014-05-25,Circuit de Monaco,Fernando Alonso,ALO,Ferrari,6.27374778709228,4,12,0,12
2014,6,Monaco Grand Prix,2014-05-25,Circuit de Monaco,Daniel Ricciardo,RIC,Red Bull,7.110412680000508,5,10,0,10
2014,6,Monaco Grand Prix,2014-05-25,Circuit de Monaco,Kimi Räikkönen,RAI,Ferrari,8.368479213028511,6,8,0,8
2014,6,Monaco Grand Prix,2014-05-25,Circuit de Monaco,Valtteri Bottas,BOT,Williams,8.804488699708287,7,6,0,6
2014,6,Monaco Grand Prix,2014-05-25,Circuit de Monaco,Nico Hülkenberg,HUL,Force India,8.917946792305111,8,4,0,4
2014,6,Monaco Grand Prix,2014-05-25,Circuit de Monaco,Jenson Button,BUT,McLaren,9.18624467190575,9,2,0,2
2014,6,Monaco Grand Prix,2014-05-25,Circuit de Monaco,Sergio Pérez,PER,Force India,9.433829846718726,10,1,0,1
2014,6,Monaco Grand Prix,2014-05-25,Circuit de Monaco,Kevin Magnussen,MAG,McLaren,9.789720795995606,11,0,0,0
2014,6,Monaco Grand Prix,2014-05-25,Circuit de Monaco,Felipe Massa,MAS,Williams,10.517064595960738,12,0,0,0
2014,6,Monaco Grand Prix,2014-05-25,Circuit de Monaco,Daniil Kvyat,KVY,Toro Rosso,13.39700341845764,13,0,0,0
2014,6,Monaco Grand Prix,2014-05-25,Circuit de Monaco,Jean-Éric Vergne,VER,Toro Rosso,13.454174303472929,14,0,0,0
2014,6,Monaco Grand Prix,2014-05-25,Circuit de Monaco,Romain Grosjean,GRO,Lotus F1,13.679532735292804,15,0,0,0
2014,6,Monaco Grand Prix,2014-05-25,Circuit de Monaco,Pastor Maldonado,MAL,Lotus F1,15.235328518907414,16,0,0,0
2014,6,Monaco Grand Prix,2014-05-25,Circuit de Monaco,Max Chilton,CHI,Marussia,15.437030358528888,17,0,0,0
2014,6,Monaco Grand Prix,2014-05-25,Circuit de Monaco,Jules Bianchi,BIA,Marussia,15.504666781628035,18,0,0,0
2014,6,Monaco Grand Prix,2014-05-25,Circuit de Monaco,Marcus Ericsson,ERI,Caterham,15.759739688417437,19,0,0,0
2014,6,Monaco Grand Prix,2014-05-25,Circuit de Monaco,Esteban Gutiérrez,GUT,Sauber,15.899183702360125,20,0,0,0
2014,6,Monaco Grand Prix,2014-05-25,Circuit de Monaco,Adrian Sutil,SUT,Sauber,15.901389552384474,21,0,0,0
2014,6,Monaco Grand Prix,2014-05-25,Circuit de Monaco,Kamui Kobayashi,KOB,Caterham,16.4301012833641,22,0,0,0
2014,7,Canadian Grand Prix,2014-06-08,Circuit Gilles Villeneuve,Lewis Hamilton,HAM,Mercedes,2.82145486963501,1,25,0,25
2014,7,Canadian Grand Prix,2014-06-08,Circuit Gilles Villeneuve,Nico Rosberg,ROS,Mercedes,3.432097114991733,2,18,0,18
2014,7,Canadian Grand Prix,2014-06-08,Circuit Gilles Villeneuve,Sebastian Vettel,VET,Red Bull,5.770879116128531,3,15,0,15
2014,7,Canadian Grand Prix,2014-06-08,Circuit Gilles Villeneuve,Daniel Ricciardo,RIC,Red Bull,6.203411820790115,4,12,0,12
2014,7,Canadian Grand Prix,2014-06-08,Circuit Gilles Villeneuve,Fernando Alonso,ALO,Ferrari,6.809623677455047,5,10,0,10
2014,7,Canadian Grand Prix,2014-06-08,Circuit Gilles Villeneuve,Nico Hülkenberg,HUL,Force India,7.905287820133393,6,8,0,8
2014,7,Canadian Grand Prix,2014-06-08,Circuit Gilles Villeneuve,Kimi Räikkönen,RAI,Ferrari,9.115503619645793,7,6,0,6
2014,7,Canadian Grand Prix,2014-06-08,Circuit Gilles Villeneuve,Sergio Pérez,PER,Force India,9.12754040394629,8,4,0,4
2014,7,Canadian Grand Prix,2014-06-08,Circuit Gilles Villeneuve,Valtteri Bottas,BOT,Williams,10.0442016273872,9,2,0,2
2014,7,Canadian Grand Prix,2014-06-08,Circuit Gilles Villeneuve,Felipe Massa,MAS,Williams,10.662874396060774,10,1,0,1
2014,7,Canadian Grand Prix,2014-06-08,Circuit Gilles Villeneuve,Jenson Button,BUT,McLaren,11.924916412600446,11,0,0,0
2014,7,Canadian Grand Prix,2014-06-08,Circuit Gilles Villeneuve,Kevin Magnussen,MAG,McLaren,12.707852565252074,12,0,0,0
2014,7,Canadian Grand Prix,2014-06-08,Circuit Gilles Villeneuve,Romain Grosjean,GRO,Lotus F1,13.335172853033914,13,0,0,0
2014,7,Canadian Grand Prix,2014-06-08,Circuit Gilles Villeneuve,Daniil Kvyat,KVY,Toro Rosso,14.248501179303172,14,0,0,0
2014,7,Canadian Grand Prix,2014-06-08,Circuit Gilles Villeneuve,Pastor Maldonado,MAL,Lotus F1,14.389899254863757,15,0,0,0
2014,7,Canadian Grand Prix,2014-06-08,Circuit Gilles Villeneuve,Jean-Éric Vergne,VER,Toro Rosso,14.770521423661934,16,0,0,0
2014,7,Canadian Grand Prix,2014-06-08,Circuit Gilles Villeneuve,Jules Bianchi,BIA,Marussia,15.937835388672186,17,0,0,0
2014,7,Canadian Grand Prix,2014-06-08,Circuit Gilles Villeneuve,Adrian Sutil,SUT,Sauber,15.939809970926476,18,0,0,0
2014,7,Canadian Grand Prix,2014-06-08,Circuit Gilles Villeneuve,Esteban Gutiérrez,GUT,Sauber,15.985841164249404,19,0,0,0
2014,7,Canadian Grand Prix,2014-06-08,Circuit Gilles Villeneuve,Max Chilton,CHI,Marussia,16.423617265293252,20,0,0,0
2014,7,Canadian Grand Prix,2014-06-08,Circuit Gilles Villeneuve,Kamui Kobayashi,KOB,Caterham,16.94045671784762,21,0,0,0
2014,7,Canadian Grand Prix,2014-06-08,Circuit Gilles Villeneuve,Marcus Ericsson,ERI,Caterham,17.03062628536711,22,0,0,0
2014,8,Austrian Grand Prix,2014-06-22,Red Bull Ring,Nico Rosberg,ROS,Mercedes,3.432097114991733,1,25,0,25
2014,8,Austrian Grand Prix,2014-06-22,Red Bull Ring,Lewis Hamilton,HAM,Mercedes,3.490819826494616,2,18,0,18
2014,8,Austrian Grand Prix,2014-06-22,Red Bull Ring,Daniel Ricciardo,RIC,Red Bull,4.906658952705276,3,15,0,15
2014,8,Austrian Grand Prix,2014-06-22,Red Bull Ring,Sebastian Vettel,VET,Red Bull,5.312875950550682,4,12,0,12
2014,8,Austrian Grand Prix,2014-06-22,Red Bull Ring,Fernando Alonso,ALO,Ferrari,7.082623036349603,5,10,0,10
2014,8,Austrian Grand Prix,2014-06-22,Red Bull Ring,Nico Hülkenberg,HUL,Force India,7.905287820133393,6,8,0,8
2014,8,Austrian Grand Prix,2014-06-22,Red Bull Ring,Sergio Pérez,PER,Force India,9.23615953735872,7,6,0,6
2014,8,Austrian Grand Prix,2014-06-22,Red Bull Ring,Kimi Räikkönen,RAI,Ferrari,9.32856113576138,8,4,0,4
2014,8,Austrian Grand Prix,2014-06-22,Red Bull Ring,Valtteri Bottas,BOT,Williams,9.742690433288608,9,2,0,2
2014,8,Austrian Grand Prix,2014-06-22,Red Bull Ring,Jenson Button,BUT,McLaren,11.193235597615477,10,1,0,1
2014,8,Austrian Grand Prix,2014-06-22,Red Bull Ring,Felipe Massa,MAS,Williams,11.299706774539173,11,0,0,0
2014,8,Austrian Grand Prix,2014-06-22,Red Bull Ring,Kevin Magnussen,MAG,McLaren,12.643881561738798,12,0,0,0
2014,8,Austrian Grand Prix,2014-06-22,Red Bull Ring,Romain Grosjean,GRO,Lotus F1,13.504803931656314,13,0,0,0
2014,8,Austrian Grand Prix,2014-06-22,Red Bull Ring,Jean-Éric Vergne,VER,Toro Rosso,13.985855281104826,14,0,0,0
2014,8,Austrian Grand Prix,2014-06-22,Red Bull Ring,Pastor Maldonado,MAL,Lotus F1,14.371409731537035,15,0,0,0
2014,8,Austrian Grand Prix,2014-06-22,Red Bull Ring,Daniil Kvyat,KVY,Toro Rosso,14.564994415780042,16,0,0,0
2014,8,Austrian Grand Prix,2014-06-22,Red Bull Ring,Jules Bianchi,BIA,Marussia,15.0617708865904,17,0,0,0
2014,8,Austrian Grand Prix,2014-06-22,Red Bull Ring,Max Chilton,CHI,Marussia,15.273738112908688,18,0,0,0
2014,8,Austrian Grand Prix,2014-06-22,Red Bull Ring,Esteban Gutiérrez,GUT,Sauber,15.899183702360125,19,0,0,0
2014,8,Austrian Grand Prix,2014-06-22,Red Bull Ring,Adrian Sutil,SUT,Sauber,15.967401470174194,20,0,0,0
2014,8,Austrian Grand Prix,2014-06-22,Red Bull Ring,Marcus Ericsson,ERI,Caterham,16.488619284993803,21,0,0,0
2014,8,Austrian Grand Prix,2014-06-22,Red Bull Ring,Kamui Kobayashi,KOB,Caterham,16.691811652796975,22,0,0,0
2014,9,British Grand Prix,2014-07-06,Silverstone Circuit,Lewis Hamilton,HAM,Mercedes,2.9301515036905013,1,25,0,25
2014,9,British Grand Prix,2014-07-06,Silverstone Circuit,Nico Rosberg,ROS,Mercedes,3.2994152117402225,2,18,0,18
2014,9,British Grand Prix,2014-07-06,Silverstone Circuit,Daniel Ricciardo,RIC,Red Bull,5.228762063237698,3,15,0,15
2014,9,British Grand Prix,2014-07-06,Silverstone Circuit,Fernando Alonso,ALO,Ferrari,6.44526064677692,4,12,0,12
2014,9,British Grand Prix,2014-07-06,Silverstone Circuit,Sebastian Vettel,VET,Red Bull,6.765634489544419,5,10,0,10
2014,9,British Grand Prix,2014-07-06,Silverstone Circuit,Valtteri Bottas,BOT,Williams,8.32137733398795,6,8,0,8
2014,9,British Grand Prix,2014-07-06,Silverstone Circuit,Kimi Räikkönen,RAI,Ferrari,9.115503619645793,7,6,0,6
2014,9,British Grand Prix,2014-07-06,Silverstone Circuit,Nico Hülkenberg,HUL,Force India,9.347862039632536,8,4,0,4
2014,9,British Grand Prix,2014-07-06,Silverstone Circuit,Felipe Massa,MAS,Williams,9.524605870956584,9,2,0,2
2014,9,British Grand Prix,2014-07-06,Silverstone Circuit,Sergio Pérez,PER,Force India,10.080987593118516,10,1,0,1
2014,9,British Grand Prix,2014-07-06,Silverstone Circuit,Jenson Button,BUT,McLaren,11.493051013656752,11,0,0,0
2014,9,British Grand Prix,2014-07-06,Silverstone Circuit,Kevin Magnussen,MAG,McLaren,11.859543212683857,12,0,0,0
2014,9,British Grand Prix,2014-07-06,Silverstone Circuit,Romain Grosjean,GRO,Lotus F1,13.545064352139423,13,0,0,0
2014,9,British Grand Prix,2014-07-06,Silverstone Circuit,Pastor Maldonado,MAL,Lotus F1,14.837530153668911,14,0,0,0
2014,9,British Grand Prix,2014-07-06,Silverstone Circuit,Jean-Éric Vergne,VER,Toro Rosso,15.16763700237638,15,0,0,0
2014,9,British Grand Prix,2014-07-06,Silverstone Circuit,Daniil Kvyat,KVY,Toro Rosso,15.316287004611048,16,0,0,0
2014,9,British Grand Prix,2014-07-06,Silverstone Circuit,Esteban Gutiérrez,GUT,Sauber,16.136974285798637,17,0,0,0
2014,9,British Grand Prix,2014-07-06,Silverstone Circuit,Adrian Sutil,SUT,Sauber,16.15910984963456,18,0,0,0
2014,9,British Grand Prix,2014-07-06,Silverstone Circuit,Jules Bianchi,BIA,Marussia,16.251910459458077,19,0,0,0
2014,9,British Grand Prix,2014-07-06,Silverstone Circuit,Max Chilton,CHI,Marussia,16.451515394028526,20,0,0,0
2014,9,British Grand Prix,2014-07-06,Silverstone Circuit,Marcus Ericsson,ERI,Caterham,17.428231748186906,21,0,0,0
2014,9,British Grand Prix,2014-07-06,Silverstone Circuit,Kamui Kobayashi,KOB,Caterham,17.456686803911026,22,0,0,0
2014,10,German Grand Prix,2014-07-20,Hockenheimring,Lewis Hamilton,HAM,Mercedes,2.9301515036905013,1,25,0,25
2014,10,German Grand Prix,2014-07-20,Hockenheimring,Nico Rosberg,ROS,Mercedes,3.9560608237249983,2,18,0,18
2014,10,German Grand Prix,2014-07-20,Hockenheimring,Daniel Ricciardo,RIC,Red Bull,4.906658952705276,3,15,0,15
2014,10,German Grand Prix,2014-07-20,Hockenheimring,Sebastian Vettel,VET,Red Bull,6.30763132396657,4,12,0,12
2014,10,German Grand Prix,2014-07-20,Hockenheimring,Valtteri Bottas,BOT,Williams,6.694974452516053,5,10,0,10
2014,10,German Grand Prix,2014-07-20,Hockenheimring,Fernando Alonso,ALO,Ferrari,6.9111101766649625,6,8,0,8
2014,10,German Grand Prix,2014-07-20,Hockenheimring,Jenson Button,BUT,McLaren,8.902958789710409,7,6,0,6
2014,10,German Grand Prix,2014-07-20,Hockenheimring,Kimi Räikkönen,RAI,Ferrari,8.961868964489845,8,4,0,4
2014,10,German Grand Prix,2014-07-20,Hockenheimring,Felipe Massa,MAS,Williams,9.314694487087133,9,2,0,2
2014,10,German Grand Prix,2014-07-20,Hockenheimring,Nico Hülkenberg,HUL,Force India,9.751655477804292,10,1,0,1
2014,10,German Grand Prix,2014-07-20,Hockenheimring,Kevin Magnussen,MAG,McLaren,10.177027906195727,11,0,0,0
2014,10,German Grand Prix,2014-07-20,Hockenheimring,Sergio Pérez,PER,Force India,11.062913869510842,12,0,0,0
2014,10,German Grand Prix,2014-07-20,Hockenheimring,Romain Grosjean,GRO,Lotus F1,12.900844200549706,13,0,0,0
2014,10,German Grand Prix,2014-07-20,Hockenheimring,Pastor Maldonado,MAL,Lotus F1,13.918883307826444,14,0,0,0
2014,10,German Grand Prix,2014-07-20,Hockenheimring,Jean-Éric Vergne,VER,Toro Rosso,14.310084147275663,15,0,0,0
2014,10,German Grand Prix,2014-07-20,Hockenheimring,Daniil Kvyat,KVY,Toro Rosso,14.627819492424733,16,0,0,0
2014,10,German Grand Prix,2014-07-20,Hockenheimring,Esteban Gutiérrez,GUT,Sauber,15.433459917871408,17,0,0,0
2014,10,German Grand Prix,2014-07-20,Hockenheimring,Adrian Sutil,SUT,Sauber,15.711342618143473,18,0,0,0
2014,10,German Grand Prix,2014-07-20,Hockenheimring,Jules Bianchi,BIA,Marussia,16.21165003897497,19,0,0,0
2014,10,German Grand Prix,2014-07-20,Hockenheimring,Max Chilton,CHI,Marussia,16.411254973545418,20,0,0,0
2014,10,German Grand Prix,2014-07-20,Hockenheimring,Marcus Ericsson,ERI,Caterham,17.054862665243498,21,0,0,0
2014,10,German Grand Prix,2014-07-20,Hockenheimring,Kamui Kobayashi,KOB,Caterham,17.214271368150392,22,0,0,0
2014,11,Hungarian Grand Prix,2014-07-27,Hungaroring,Lewis Hamilton,HAM,Mercedes,3.105817218508971,1,25,0,25
2014,11,Hungarian Grand Prix,2014-07-27,Hungaroring,Nico Rosberg,ROS,Mercedes,3.4114852648971685,2,18,0,18
2014,11,Hungarian Grand Prix,2014-07-27,Hungaroring,Daniel Ricciardo,RIC,Red Bull,5.381854401351187,3,15,0,15
2014,11,Hungarian Grand Prix,2014-07-27,Hungaroring,Sebastian Vettel,VET,Red Bull,6.57212695663913,4,12,0,12
2014,11,Hungarian Grand Prix,2014-07-27,Hungaroring,Valtteri Bottas,BOT,Williams,6.580324302369416,5,10,0,10
2014,11,Hungarian Grand Prix,2014-07-27,Hungaroring,Fernando Alonso,ALO,Ferrari,7.082623036349603,6,8,0,8
2014,11,Hungarian Grand Prix,2014-07-27,Hungaroring,Jenson Button,BUT,McLaren,8.55569374170602,7,6,0,6
2014,11,Hungarian Grand Prix,2014-07-27,Hungaroring,Felipe Massa,MAS,Williams,9.141162299977138,8,4,0,4
2014,11,Hungarian Grand Prix,2014-07-27,Hungaroring,Kimi Räikkönen,RAI,Ferrari,9.312773028595966,9,2,0,2
2014,11,Hungarian Grand Prix,2014-07-27,Hungaroring,Nico Hülkenberg,HUL,Force India,9.780040426427885,10,1,0,1
2014,11,Hungarian Grand Prix,2014-07-27,Hungaroring,Kevin Magnussen,MAG,McLaren,9.812412008414798,11,0,0,0
2014,11,Hungarian Grand Prix,2014-07-27,Hungaroring,Sergio Pérez,PER,Force India,11.13640227016248,12,0,0,0
2014,11,Hungarian Grand Prix,2014-07-27,Hungaroring,Jean-Éric Vergne,VER,Toro Rosso,13.508799812408778,13,0,0,0
2014,11,Hungarian Grand Prix,2014-07-27,Hungaroring,Romain Grosjean,GRO,Lotus F1,14.010831503231833,14,0,0,0
2014,11,Hungarian Grand Prix,2014-07-27,Hungaroring,Daniil Kvyat,KVY,Toro Rosso,14.132113090541868,15,0,0,0
2014,11,Hungarian Grand Prix,2014-07-27,Hungaroring,Pastor Maldonado,MAL,Lotus F1,14.487251580011446,16,0,0,0
2014,11,Hungarian Grand Prix,2014-07-27,Hungaroring,Esteban Gutiérrez,GUT,Sauber,15.630762558581573,17,0,0,0
2014,11,Hungarian Grand Prix,2014-07-27,Hungaroring,Adrian Sutil,SUT,Sauber,15.76019158356024,18,0,0,0
2014,11,Hungarian Grand Prix,2014-07-27,Hungaroring,Jules Bianchi,BIA,Marussia,16.21165003897497,19,0,0,0
2014,11,Hungarian Grand Prix,2014-07-27,Hungaroring,Max Chilton,CHI,Marussia,16.423617265293252,20,0,0,0
2014,11,Hungarian Grand Prix,2014-07-27,Hungaroring,Marcus Ericsson,ERI,Caterham,17.198178604174107,21,0,0,0
2014,11,Hungarian Grand Prix,2014-07-27,Hungaroring,Kamui Kobayashi,KOB,Caterham,17.214271368150392,22,0,0,0
2014,12,Belgian Grand Prix,2014-08-24,Circuit de Spa-Francorchamps,Lewis Hamilton,HAM,Mercedes,3.375095403970318,1,25,0,25
2014,12,Belgian Grand Prix,2014-08-24,Circuit de Spa-Francorchamps,Nico Rosberg,ROS,Mercedes,3.847831102736546,2,18,0,18
2014,12,Belgian Grand Prix,2014-08-24,Circuit de Spa-Francorchamps,Daniel Ricciardo,RIC,Red Bull,4.906658952705276,3,15,0,15
2014,12,Belgian Grand Prix,2014-08-24,Circuit de Spa-Francorchamps,Sebastian Vettel,VET,Red Bull,5.381415855770089,4,12,0,12
2014,12,Belgian Grand Prix,2014-08-24,Circuit de Spa-Francorchamps,Fernando Alonso,ALO,Ferrari,6.385318803997951,5,10,0,10
2014,12,Belgian Grand Prix,2014-08-24,Circuit de Spa-Francorchamps,Valtteri Bottas,BOT,Williams,6.637931780229277,6,8,0,8
2014,12,Belgian Grand Prix,2014-08-24,Circuit de Spa-Francorchamps,Felipe Massa,MAS,Williams,8.391252106460879,7,6,0,6
2014,12,Belgian Grand Prix,2014-08-24,Circuit de Spa-Francorchamps,Kimi Räikkönen,RAI,Ferrari,8.59240124145711,8,4,0,4
2014,12,Belgian Grand Prix,2014-08-24,Circuit de Spa-Francorchamps,Jenson Button,BUT,McLaren,9.20705958307877,9,2,0,2
2014,12,Belgian Grand Prix,2014-08-24,Circuit de Spa-Francorchamps,Nico Hülkenberg,HUL,Force India,10.400077348600464,10,1,0,1
2014,12,Belgian Grand Prix,2014-08-24,Circuit de Spa-Francorchamps,Sergio Pérez,PER,Force India,10.459348768629605,11,0,0,0
2014,12,Belgian Grand Prix,2014-08-24,Circuit de Spa-Francorchamps,Kevin Magnussen,MAG,McLaren,10.47824551864032,12,0,0,0
2014,12,Belgian Grand Prix,2014-08-24,Circuit de Spa-Francorchamps,Jean-Éric Vergne,VER,Toro Rosso,12.743326522879997,13,0,0,0
2014,12,Belgian Grand Prix,2014-08-24,Circuit de Spa-Francorchamps,Daniil Kvyat,KVY,Toro Rosso,13.701357563987663,14,0,0,0
2014,12,Belgian Grand Prix,2014-08-24,Circuit de Spa-Francorchamps,Adrian Sutil,SUT,Sauber,14.950318703759695,15,0,0,0
2014,12,Belgian Grand Prix,2014-08-24,Circuit de Spa-Francorchamps,Esteban Gutiérrez,GUT,Sauber,15.182962026612934,16,0,0,0
2014,12,Belgian Grand Prix,2014-08-24,Circuit de Spa-Francorchamps,Romain Grosjean,GRO,Lotus F1,15.326173133572029,17,0,0,0
2014,12,Belgian Grand Prix,2014-08-24,Circuit de Spa-Francorchamps,Pastor Maldonado,MAL,Lotus F1,15.56147325026795,18,0,0,0
2014,12,Belgian Grand Prix,2014-08-24,Circuit de Spa-Francorchamps,Max Chilton,CHI,Marussia,16.42397756359338,19,0,0,0
2014,12,Belgian Grand Prix,2014-08-24,Circuit de Spa-Francorchamps,Jules Bianchi,BIA,Marussia,16.503976278440355,20,0,0,0
2014,12,Belgian Grand Prix,2014-08-24,Circuit de Spa-Francorchamps,Marcus Ericsson,ERI,Caterham,16.534895797813913,21,0,0,0
2014,12,Belgian Grand Prix,2014-08-24,Circuit de Spa-Francorchamps,André Lotterer,LOT,Caterham,17.110066439644125,22,0,0,0
2014,13,Italian Grand Prix,2014-09-07,Autodromo Nazionale di Monza,Lewis Hamilton,HAM,Mercedes,3.744617083383975,1,25,0,25
2014,13,Italian Grand Prix,2014-09-07,Autodromo Nazionale di Monza,Nico Rosberg,ROS,Mercedes,3.853055746075531,2,18,0,18
2014,13,Italian Grand Prix,2014-09-07,Autodromo Nazionale di Monza,Daniel Ricciardo,RIC,Red Bull,4.906658952705276,3,15,0,15
2014,13,Italian Grand Prix,2014-09-07,Autodromo Nazionale di Monza,Valtteri Bottas,BOT,Williams,5.2296027142557815,4,12,0,12
2014,13,Italian Grand Prix,2014-09-07,Autodromo Nazionale di Monza,Fernando Alonso,ALO,Ferrari,6.330610496630283,5,10,0,10
2014,13,Italian Grand Prix,2014-09-07,Autodromo Nazionale di Monza,Sebastian Vettel,VET,Red Bull,6.376171229185977,6,8,0,8
2014,13,Italian Grand Prix,2014-09-07,Autodromo Nazionale di Monza,Kimi Räikkönen,RAI,Ferrari,7.34954813426668,7,6,0,6
2014,13,Italian Grand Prix,2014-09-07,Autodromo Nazionale di Monza,Felipe Massa,MAS,Williams,8.374005366204122,8,4,0,4
2014,13,Italian Grand Prix,2014-09-07,Autodromo Nazionale di Monza,Jenson Button,BUT,McLaren,9.765481076230833,9,2,0,2
2014,13,Italian Grand Prix,2014-09-07,Autodromo Nazionale di Monza,Sergio Pérez,PER,Force India,10.791545418098954,10,1,0,1
2014,13,Italian Grand Prix,2014-09-07,Autodromo Nazionale di Monza,Kevin Magnussen,MAG,McLaren,11.322497417481395,11,0,0,0
2014,13,Italian Grand Prix,2014-09-07,Autodromo Nazionale di Monza,Nico Hülkenberg,HUL,Force India,11.787097406366131,12,0,0,0
2014,13,Italian Grand Prix,2014-09-07,Autodromo Nazionale di Monza,Jean-Éric Vergne,VER,Toro Rosso,13.188856790972016,13,0,0,0
2014,13,Italian Grand Prix,2014-09-07,Autodromo Nazionale di Monza,Daniil Kvyat,KVY,Toro Rosso,13.42754291368489,14,0,0,0
2014,13,Italian Grand Prix,2014-09-07,Autodromo Nazionale di Monza,Adrian Sutil,SUT,Sauber,15.036057256235896,15,0,0,0
2014,13,Italian Grand Prix,2014-09-07,Autodromo Nazionale di Monza,Esteban Gutiérrez,GUT,Sauber,15.182962026612934,16,0,0,0
2014,13,Italian Grand Prix,2014-09-07,Autodromo Nazionale di Monza,Romain Grosjean,GRO,Lotus F1,15.451278338419977,17,0,0,0
2014,13,Italian Grand Prix,2014-09-07,Autodromo Nazionale di Monza,Pastor Maldonado,MAL,Lotus F1,16.114675503947378,18,0,0,0
2014,13,Italian Grand Prix,2014-09-07,Autodromo Nazionale di Monza,Max Chilton,CHI,Marussia,16.678867734432263,19,0,0,0
2014,13,Italian Grand Prix,2014-09-07,Autodromo Nazionale di Monza,Jules Bianchi,BIA,Marussia,16.730411393555126,20,0,0,0
2014,13,Italian Grand Prix,2014-09-07,Autodromo Nazionale di Monza,Marcus Ericsson,ERI,Caterham,17.28122658560942,21,0,0,0
2014,13,Italian Grand Prix,2014-09-07,Autodromo Nazionale di Monza,Kamui Kobayashi,KOB,Caterham,17.44059403993474,22,0,0,0
2014,14,Singapore Grand Prix,2014-09-21,Marina Bay Street Circuit,Lewis Hamilton,HAM,Mercedes,3.366497341529879,1,25,0,25
2014,14,Singapore Grand Prix,2014-09-21,Marina Bay Street Circuit,Nico Rosberg,ROS,Mercedes,3.853055746075531,2,18,0,18
2014,14,Singapore Grand Prix,2014-09-21,Marina Bay Street Circuit,Daniel Ricciardo,RIC,Red Bull,4.738684299379579,3,15,0,15
2014,14,Singapore Grand Prix,2014-09-21,Marina Bay Street Circuit,Sebastian Vettel,VET,Red Bull,5.126630909545637,4,12,0,12
2014,14,Singapore Grand Prix,2014-09-21,Marina Bay Street Circuit,Valtteri Bottas,BOT,Williams,5.52422964220412,5,10,0,10
2014,14,Singapore Grand Prix,2014-09-21,Marina Bay Street Circuit,Fernando Alonso,ALO,Ferrari,6.268280187913626,6,8,0,8
2014,14,Singapore Grand Prix,2014-09-21,Marina Bay Street Circuit,Felipe Massa,MAS,Williams,7.453924422914089,7,6,0,6
2014,14,Singapore Grand Prix,2014-09-21,Marina Bay Street Circuit,Kimi Räikkönen,RAI,Ferrari,7.765415896857904,8,4,0,4
2014,14,Singapore Grand Prix,2014-09-21,Marina Bay Street Circuit,Jenson Button,BUT,McLaren,10.51678249554636,9,2,0,2
2014,14,Singapore Grand Prix,2014-09-21,Marina Bay Street Circuit,Sergio Pérez,PER,Force India,10.693677519755983,10,1,0,1
2014,14,Singapore Grand Prix,2014-09-21,Marina Bay Street Circuit,Kevin Magnussen,MAG,McLaren,11.322497417481395,11,0,0,0
2014,14,Singapore Grand Prix,2014-09-21,Marina Bay Street Circuit,Nico Hülkenberg,HUL,Force India,11.783025257998034,12,0,0,0
2014,14,Singapore Grand Prix,2014-09-21,Marina Bay Street Circuit,Jean-Éric Vergne,VER,Toro Rosso,12.941946920169796,13,0,0,0
2014,14,Singapore Grand Prix,2014-09-21,Marina Bay Street Circuit,Daniil Kvyat,KVY,Toro Rosso,12.967354522503836,14,0,0,0
2014,14,Singapore Grand Prix,2014-09-21,Marina Bay Street Circuit,Adrian Sutil,SUT,Sauber,15.534293119838656,15,0,0,0
2014,14,Singapore Grand Prix,2014-09-21,Marina Bay Street Circuit,Esteban Gutiérrez,GUT,Sauber,15.590567866537144,16,0,0,0
2014,14,Singapore Grand Prix,2014-09-21,Marina Bay Street Circuit,Romain Grosjean,GRO,Lotus F1,15.59383882990035,17,0,0,0
2014,14,Singapore Grand Prix,2014-09-21,Marina Bay Street Circuit,Pastor Maldonado,MAL,Lotus F1,15.782973706834554,18,0,0,0
2014,14,Singapore Grand Prix,2014-09-21,Marina Bay Street Circuit,Max Chilton,CHI,Marussia,16.15269237501051,19,0,0,0
2014,14,Singapore Grand Prix,2014-09-21,Marina Bay Street Circuit,Marcus Ericsson,ERI,Caterham,16.413553897504123,20,0,0,0
2014,14,Singapore Grand Prix,2014-09-21,Marina Bay Street Circuit,Jules Bianchi,BIA,Marussia,16.423521165912824,21,0,0,0
2014,14,Singapore Grand Prix,2014-09-21,Marina Bay Street Circuit,Kamui Kobayashi,KOB,Caterham,17.335344903601232,22,0,0,0
2014,15,Japanese Grand Prix,2014-10-05,Suzuka Circuit,Lewis Hamilton,HAM,Mercedes,3.351110134774299,1,25,0,25
2014,15,Japanese Grand Prix,2014-10-05,Suzuka Circuit,Nico Rosberg,ROS,Mercedes,4.035120768535299,2,18,0,18
2014,15,Japanese Grand Prix,2014-10-05,Suzuka Circuit,Daniel Ricciardo,RIC,Red Bull,4.738684299379579,3,15,0,15
2014,15,Japanese Grand Prix,2014-10-05,Suzuka Circuit,Sebastian Vettel,VET,Red Bull,5.150616178741655,4,12,0,12
2014,15,Japanese Grand Prix,2014-10-05,Suzuka Circuit,Fernando Alonso,ALO,Ferrari,6.05735023901779,5,10,0,10
2014,15,Japanese Grand Prix,2014-10-05,Suzuka Circuit,Valtteri Bottas,BOT,Williams,6.8575566456179935,6,8,0,8
2014,15,Japanese Grand Prix,2014-10-05,Suzuka Circuit,Kimi Räikkönen,RAI,Ferrari,7.108561675776571,7,6,0,6
2014,15,Japanese Grand Prix,2014-10-05,Suzuka Circuit,Felipe Massa,MAS,Williams,7.7469811732814,8,4,0,4
2014,15,Japanese Grand Prix,2014-10-05,Suzuka Circuit,Sergio Pérez,PER,Force India,10.541104635052704,9,2,0,2
2014,15,Japanese Grand Prix,2014-10-05,Suzuka Circuit,Nico Hülkenberg,HUL,Force India,11.823285678481144,10,1,0,1
2014,15,Japanese Grand Prix,2014-10-05,Suzuka Circuit,Jenson Button,BUT,McLaren,12.169339724684866,11,0,0,0
2014,15,Japanese Grand Prix,2014-10-05,Suzuka Circuit,Jean-Éric Vergne,VER,Toro Rosso,12.22467879033532,12,0,0,0
2014,15,Japanese Grand Prix,2014-10-05,Suzuka Circuit,Kevin Magnussen,MAG,McLaren,12.685101069069225,13,0,0,0
2014,15,Japanese Grand Prix,2014-10-05,Suzuka Circuit,Daniil Kvyat,KVY,Toro Rosso,13.28142959328972,14,0,0,0
2014,15,Japanese Grand Prix,2014-10-05,Suzuka Circuit,Pastor Maldonado,MAL,Lotus F1,15.355632105453308,15,0,0,0
2014,15,Japanese Grand Prix,2014-10-05,Suzuka Circuit,Romain Grosjean,GRO,Lotus F1,15.5153401753316,16,0,0,0
2014,15,Japanese Grand Prix,2014-10-05,Suzuka Circuit,Esteban Gutiérrez,GUT,Sauber,15.816678741835338,17,0,0,0
2014,15,Japanese Grand Prix,2014-10-05,Suzuka Circuit,Adrian Sutil,SUT,Sauber,16.0688731478219,18,0,0,0
2014,15,Japanese Grand Prix,2014-10-05,Suzuka Circuit,Max Chilton,CHI,Marussia,16.66650544268443,19,0,0,0
2014,15,Japanese Grand Prix,2014-10-05,Suzuka Circuit,Jules Bianchi,BIA,Marussia,16.746504157531405,20,0,0,0
2014,15,Japanese Grand Prix,2014-10-05,Suzuka Circuit,Kamui Kobayashi,KOB,Caterham,17.106448024948794,21,0,0,0
2014,15,Japanese Grand Prix,2014-10-05,Suzuka Circuit,Marcus Ericsson,ERI,Caterham,17.444324512163192,22,0,0,0
2014,16,Russian Grand Prix,2014-10-12,Sochi Autodrom,Lewis Hamilton,HAM,Mercedes,3.09073305509636,1,25,0,25
2014,16,Russian Grand Prix,2014-10-12,Sochi Autodrom,Nico Rosberg,ROS,Mercedes,4.082516187905915,2,18,0,18
2014,16,Russian Grand Prix,2014-10-12,Sochi Autodrom,Daniel Ricciardo,RIC,Red Bull,4.545843296712955,3,15,0,15
2014,16,Russian Grand Prix,2014-10-12,Sochi Autodrom,Sebastian Vettel,VET,Red Bull,5.109455621697481,4,12,0,12
2014,16,Russian Grand Prix,2014-10-12,Sochi Autodrom,Felipe Massa,MAS,Williams,6.931744971513611,5,10,0,10
2014,16,Russian Grand Prix,2014-10-12,Sochi Autodrom,Valtteri Bottas,BOT,Williams,7.052710562977749,6,8,0,8
2014,16,Russian Grand Prix,2014-10-12,Sochi Autodrom,Fernando Alonso,ALO,Ferrari,7.36457557781794,7,6,0,6
2014,16,Russian Grand Prix,2014-10-12,Sochi Autodrom,Kimi Räikkönen,RAI,Ferrari,7.803484501304298,8,4,0,4
2014,16,Russian Grand Prix,2014-10-12,Sochi Autodrom,Jenson Button,BUT,McLaren,10.607802786432392,9,2,0,2
2014,16,Russian Grand Prix,2014-10-12,Sochi Autodrom,Sergio Pérez,PER,Force India,10.857709454252875,10,1,0,1
2014,16,Russian Grand Prix,2014-10-12,Sochi Autodrom,Nico Hülkenberg,HUL,Force India,11.579675543896412,11,0,0,0
2014,16,Russian Grand Prix,2014-10-12,Sochi Autodrom,Jean-Éric Vergne,VER,Toro Rosso,12.26639444552815,12,0,0,0
2014,16,Russian Grand Prix,2014-10-12,Sochi Autodrom,Daniil Kvyat,KVY,Toro Rosso,12.758893655516156,13,0,0,0
2014,16,Russian Grand Prix,2014-10-12,Sochi Autodrom,Kevin Magnussen,MAG,McLaren,12.931132987973736,14,0,0,0
2014,16,Russian Grand Prix,2014-10-12,Sochi Autodrom,Esteban Gutiérrez,GUT,Sauber,15.740166732242727,15,0,0,0
2014,16,Russian Grand Prix,2014-10-12,Sochi Autodrom,Romain Grosjean,GRO,Lotus F1,15.801517117382206,16,0,0,0
2014,16,Russian Grand Prix,2014-10-12,Sochi Autodrom,Pastor Maldonado,MAL,Lotus F1,15.847336055385806,17,0,0,0
2014,16,Russian Grand Prix,2014-10-12,Sochi Autodrom,Adrian Sutil,SUT,Sauber,15.878043071766562,18,0,0,0
2014,16,Russian Grand Prix,2014-10-12,Sochi Autodrom,Max Chilton,CHI,Marussia,16.72161404680289,19,0,0,0
2014,16,Russian Grand Prix,2014-10-12,Sochi Autodrom,Kamui Kobayashi,KOB,Caterham,17.29727810100413,20,0,0,0
2014,16,Russian Grand Prix,2014-10-12,Sochi Autodrom,Marcus Ericsson,ERI,Caterham,17.444324512163192,21,0,0,0
2014,17,United States Grand Prix,2014-11-02,Circuit of the Americas,Lewis Hamilton,HAM,Mercedes,2.82145486963501,1,25,0,25
2014,17,United States Grand Prix,2014-11-02,Circuit of the Americas,Nico Rosberg,ROS,Mercedes,3.5785529172752,2,18,0,18
2014,17,United States Grand Prix,2014-11-02,Circuit of the Americas,Daniel Ricciardo,RIC,Red Bull,4.966600795484245,3,15,0,15
2014,17,United States Grand Prix,2014-11-02,Circuit of the Americas,Sebastian Vettel,VET,Red Bull,5.45061633331676,4,12,0,12
2014,17,United States Grand Prix,2014-11-02,Circuit of the Americas,Valtteri Bottas,BOT,Williams,6.556339033173398,5,10,0,10
2014,17,United States Grand Prix,2014-11-02,Circuit of the Americas,Fernando Alonso,ALO,Ferrari,7.884795438012386,6,8,0,8
2014,17,United States Grand Prix,2014-11-02,Circuit of the Americas,Felipe Massa,MAS,Williams,8.063585992481572,7,6,0,6
2014,17,United States Grand Prix,2014-11-02,Circuit of the Americas,Jenson Button,BUT,McLaren,8.921229177389757,8,4,0,4
2014,17,United States Grand Prix,2014-11-02,Circuit of the Americas,Kimi Räikkönen,RAI,Ferrari,9.011373940290929,9,2,0,2
2014,17,United States Grand Prix,2014-11-02,Circuit of the Americas,Kevin Magnussen,MAG,McLaren,10.177027906195727,10,1,0,1
2014,17,United States Grand Prix,2014-11-02,Circuit of the Americas,Sergio Pérez,PER,Force India,12.240524535901104,11,0,0,0
2014,17,United States Grand Prix,2014-11-02,Circuit of the Americas,Jean-Éric Vergne,VER,Toro Rosso,12.484713733970633,12,0,0,0
2014,17,United States Grand Prix,2014-11-02,Circuit of the Americas,Nico Hülkenberg,HUL,Force India,12.589568905711776,13,0,0,0
2014,17,United States Grand Prix,2014-11-02,Circuit of the Americas,Daniil Kvyat,KVY,Toro Rosso,13.25102759426141,14,0,0,0
2014,17,United States Grand Prix,2014-11-02,Circuit of the Americas,Romain Grosjean,GRO,Lotus F1,15.801517117382206,15,0,0,0
2014,17,United States Grand Prix,2014-11-02,Circuit of the Americas,Pastor Maldonado,MAL,Lotus F1,15.831243291409525,16,0,0,0
2014,17,United States Grand Prix,2014-11-02,Circuit of the Americas,Adrian Sutil,SUT,Sauber,15.954012264615416,17,0,0,0
2014,17,United States Grand Prix,2014-11-02,Circuit of the Americas,Esteban Gutiérrez,GUT,Sauber,16.0139813825455,18,0,0,0
2014,18,Brazilian Grand Prix,2014-11-09,Autódromo José Carlos Pace,Lewis Hamilton,HAM,Mercedes,2.922099242013928,1,25,0,25
2014,18,Brazilian Grand Prix,2014-11-09,Autódromo José Carlos Pace,Nico Rosberg,ROS,Mercedes,3.684421932993103,2,18,0,18
2014,18,Brazilian Grand Prix,2014-11-09,Autódromo José Carlos Pace,Sebastian Vettel,VET,Red Bull,5.659745567922811,3,15,0,15
2014,18,Brazilian Grand Prix,2014-11-09,Autódromo José Carlos Pace,Daniel Ricciardo,RIC,Red Bull,6.363998035948002,4,12,0,12
2014,18,Brazilian Grand Prix,2014-11-09,Autódromo José Carlos Pace,Valtteri Bottas,BOT,Williams,6.740910517527303,5,10,0,10
2014,18,Brazilian Grand Prix,2014-11-09,Autódromo José Carlos Pace,Felipe Massa,MAS,Williams,6.768864970540812,6,8,0,8
2014,18,Brazilian Grand Prix,2014-11-09,Autódromo José Carlos Pace,Fernando Alonso,ALO,Ferrari,8.80414052541782,7,6,0,6
2014,18,Brazilian Grand Prix,2014-11-09,Autódromo José Carlos Pace,Jenson Button,BUT,McLaren,10.025712747942048,8,4,0,4
2014,18,Brazilian Grand Prix,2014-11-09,Autódromo José Carlos Pace,Kimi Räikkönen,RAI,Ferrari,10.32496859455337,9,2,0,2
2014,18,Brazilian Grand Prix,2014-11-09,Autódromo José Carlos Pace,Kevin Magnussen,MAG,McLaren,11.053288548918868,10,1,0,1
2014,18,Brazilian Grand Prix,2014-11-09,Autódromo José Carlos Pace,Sergio Pérez,PER,Force India,11.236980342716318,11,0,0,0
2014,18,Brazilian Grand Prix,2014-11-09,Autódromo José Carlos Pace,Nico Hülkenberg,HUL,Force India,12.235284576469866,12,0,0,0
2014,18,Brazilian Grand Prix,2014-11-09,Autódromo José Carlos Pace,Jean-Éric Vergne,VER,Toro Rosso,12.485635982296802,13,0,0,0
2014,18,Brazilian Grand Prix,2014-11-09,Autódromo José Carlos Pace,Pastor Maldonado,MAL,Lotus F1,13.291023020812196,14,0,0,0
2014,18,Brazilian Grand Prix,2014-11-09,Autódromo José Carlos Pace,Daniil Kvyat,KVY,Toro Rosso,13.496670894155905,15,0,0,0
2014,18,Brazilian Grand Prix,2014-11-09,Autódromo José Carlos Pace,Romain Grosjean,GRO,Lotus F1,13.54560455530918,16,0,0,0
2014,18,Brazilian Grand Prix,2014-11-09,Autódromo José Carlos Pace,Esteban Gutiérrez,GUT,Sauber,15.87508177429198,17,0,0,0
2014,18,Brazilian Grand Prix,2014-11-09,Autódromo José Carlos Pace,Adrian Sutil,SUT,Sauber,15.99214850752282,18,0,0,0
2014,19,Abu Dhabi Grand Prix,2014-11-23,Yas Marina Circuit,Lewis Hamilton,HAM,Mercedes,2.82145486963501,1,25,0,25
2014,19,Abu Dhabi Grand Prix,2014-11-23,Yas Marina Circuit,Nico Rosberg,ROS,Mercedes,3.583777560614185,2,18,0,18
2014,19,Abu Dhabi Grand Prix,2014-11-23,Yas Marina Circuit,Sebastian Vettel,VET,Red Bull,5.559101195543893,3,15,0,15
2014,19,Abu Dhabi Grand Prix,2014-11-23,Yas Marina Circuit,Daniel Ricciardo,RIC,Red Bull,6.504733343920765,4,12,0,12
2014,19,Abu Dhabi Grand Prix,2014-11-23,Yas Marina Circuit,Felipe Massa,MAS,Williams,6.668220598161894,5,10,0,10
2014,19,Abu Dhabi Grand Prix,2014-11-23,Yas Marina Circuit,Valtteri Bottas,BOT,Williams,7.93343403981372,6,8,0,8
2014,19,Abu Dhabi Grand Prix,2014-11-23,Yas Marina Circuit,Fernando Alonso,ALO,Ferrari,8.176417320375066,7,6,0,6
2014,19,Abu Dhabi Grand Prix,2014-11-23,Yas Marina Circuit,Jenson Button,BUT,McLaren,8.485582238014347,8,4,0,4
2014,19,Abu Dhabi Grand Prix,2014-11-23,Yas Marina Circuit,Kimi Räikkönen,RAI,Ferrari,9.447603255936617,9,2,0,2
2014,19,Abu Dhabi Grand Prix,2014-11-23,Yas Marina Circuit,Kevin Magnussen,MAG,McLaren,9.797024801659218,10,1,0,1
2014,19,Abu Dhabi Grand Prix,2014-11-23,Yas Marina Circuit,Sergio Pérez,PER,Force India,11.337530963382584,11,0,0,0
2014,19,Abu Dhabi Grand Prix,2014-11-23,Yas Marina Circuit,Nico Hülkenberg,HUL,Force India,11.607458275294675,12,0,0,0
2014,19,Abu Dhabi Grand Prix,2014-11-23,Yas Marina Circuit,Jean-Éric Vergne,VER,Toro Rosso,12.525896402779912,13,0,0,0
2014,19,Abu Dhabi Grand Prix,2014-11-23,Yas Marina Circuit,Daniil Kvyat,KVY,Toro Rosso,13.287218592404384,14,0,0,0
2014,19,Abu Dhabi Grand Prix,2014-11-23,Yas Marina Circuit,Pastor Maldonado,MAL,Lotus F1,13.331283441295303,15,0,0,0
2014,19,Abu Dhabi Grand Prix,2014-11-23,Yas Marina Circuit,Romain Grosjean,GRO,Lotus F1,13.859679626095064,16,0,0,0
2014,19,Abu Dhabi Grand Prix,2014-11-23,Yas Marina Circuit,Esteban Gutiérrez,GUT,Sauber,15.939444122843234,17,0,0,0
2014,19,Abu Dhabi Grand Prix,2014-11-23,Yas Marina Circuit,Adrian Sutil,SUT,Sauber,16.07260362005037,18,0,0,0
2014,19,Abu Dhabi Grand Prix,2014-11-23,Yas Marina Circuit,Kamui Kobayashi,KOB,Caterham,16.477916246055376,19,0,0,0
2014,19,Abu Dhabi Grand Prix,2014-11-23,Yas Marina Circuit,Will Stevens,STE,Caterham,17.053086887885584,20,0,0,0
2015,1,Australian Grand Prix,2015-03-15,Albert Park Grand Prix Circuit,Lewis Hamilton,HAM,Mercedes,2.9228023411170896,1,25,0,25
2015,1,Australian Grand Prix,2015-03-15,Albert Park Grand Prix Circuit,Nico Rosberg,ROS,Mercedes,3.522620840373944,2,18,0,18
2015,1,Australian Grand Prix,2015-03-15,Albert Park Grand Prix Circuit,Valtteri Bottas,BOT,Williams,4.892406716033692,3,15,0,15
2015,1,Australian Grand Prix,2015-03-15,Albert Park Grand Prix Circuit,Felipe Massa,MAS,Williams,4.99549600127468,4,12,0,12
2015,1,Australian Grand Prix,2015-03-15,Albert Park Grand Prix Circuit,Jenson Button,BUT,McLaren,6.456557052834428,5,10,0,10
2015,1,Australian Grand Prix,2015-03-15,Albert Park Grand Prix Circuit,Daniel Ricciardo,RIC,Red Bull,6.492986692636526,6,8,0,8
2015,1,Australian Grand Prix,2015-03-15,Albert Park Grand Prix Circuit,Sebastian Vettel,VET,Ferrari,8.501439213530139,7,6,0,6
2015,1,Australian Grand Prix,2015-03-15,Albert Park Grand Prix Circuit,Nico Hülkenberg,HUL,Force India,8.906749921472075,8,4,0,4
2015,1,Australian Grand Prix,2015-03-15,Albert Park Grand Prix Circuit,Kevin Magnussen,MAG,McLaren,9.141953838191732,9,2,0,2
2015,1,Australian Grand Prix,2015-03-15,Albert Park Grand Prix Circuit,Kimi Räikkönen,RAI,Ferrari,9.538763426895471,10,1,0,1
2015,1,Australian Grand Prix,2015-03-15,Albert Park Grand Prix Circuit,Daniil Kvyat,KVY,Red Bull,9.68418890131617,11,0,0,0
2015,1,Australian Grand Prix,2015-03-15,Albert Park Grand Prix Circuit,Sergio Pérez,PER,Force India,9.891602384223944,12,0,0,0
2015,1,Australian Grand Prix,2015-03-15,Albert Park Grand Prix Circuit,Max Verstappen,VER,Toro Rosso,12.119352385675151,13,0,0,0
2015,1,Australian Grand Prix,2015-03-15,Albert Park Grand Prix Circuit,Carlos Sainz,SAI,Toro Rosso,12.555668950184868,14,0,0,0
2015,1,Australian Grand Prix,2015-03-15,Albert Park Grand Prix Circuit,Felipe Nasr,NAS,Sauber,14.22700323334313,15,0,0,0
2015,1,Australian Grand Prix,2015-03-15,Albert Park Grand Prix Circuit,Romain Grosjean,GRO,Lotus F1,14.29866277380878,16,0,0,0
2015,1,Australian Grand Prix,2015-03-15,Albert Park Grand Prix Circuit,Pastor Maldonado,MAL,Lotus F1,14.498134020764216,17,0,0,0
2015,1,Australian Grand Prix,2015-03-15,Albert Park Grand Prix Circuit,Marcus Ericsson,ERI,Sauber,15.552118720872606,18,0,0,0
2015,2,Malaysian Grand Prix,2015-03-29,Sepang International Circuit,Lewis Hamilton,HAM,Mercedes,2.5093882827484744,1,25,0,25
2015,2,Malaysian Grand Prix,2015-03-29,Sepang International Circuit,Nico Rosberg,ROS,Mercedes,3.279597272175122,2,18,0,18
2015,2,Malaysian Grand Prix,2015-03-29,Sepang International Circuit,Felipe Massa,MAS,Williams,4.610580091448104,3,15,0,15
2015,2,Malaysian Grand Prix,2015-03-29,Sepang International Circuit,Valtteri Bottas,BOT,Williams,5.886421721969612,4,12,0,12
2015,2,Malaysian Grand Prix,2015-03-29,Sepang International Circuit,Daniel Ricciardo,RIC,Red Bull,6.680562519186378,5,10,0,10
2015,2,Malaysian Grand Prix,2015-03-29,Sepang International Circuit,Jenson Button,BUT,McLaren,6.811908552889606,6,8,0,8
2015,2,Malaysian Grand Prix,2015-03-29,Sepang International Circuit,Sebastian Vettel,VET,Ferrari,6.859019985501139,7,6,0,6
2015,2,Malaysian Grand Prix,2015-03-29,Sepang International Circuit,Fernando Alonso,ALO,McLaren,7.780820599624926,8,4,0,4
2015,2,Malaysian Grand Prix,2015-03-29,Sepang International Circuit,Kimi Räikkönen,RAI,Ferrari,9.070488097902276,9,2,0,2
2015,2,Malaysian Grand Prix,2015-03-29,Sepang International Circuit,Nico Hülkenberg,HUL,Force India,9.209103936923508,10,1,0,1
2015,2,Malaysian Grand Prix,2015-03-29,Sepang International Circuit,Daniil Kvyat,KVY,Red Bull,10.136810339466097,11,0,0,0
2015,2,Malaysian Grand Prix,2015-03-29,Sepang International Circuit,Sergio Pérez,PER,Force India,10.70808978078348,12,0,0,0
2015,2,Malaysian Grand Prix,2015-03-29,Sepang International Circuit,Felipe Nasr,NAS,Sauber,10.916744504191824,13,0,0,0
2015,2,Malaysian Grand Prix,2015-03-29,Sepang International Circuit,Carlos Sainz,SAI,Toro Rosso,12.595929370667976,14,0,0,0
2015,2,Malaysian Grand Prix,2015-03-29,Sepang International Circuit,Max Verstappen,VER,Toro Rosso,12.957694839649228,15,0,0,0
2015,2,Malaysian Grand Prix,2015-03-29,Sepang International Circuit,Marcus Ericsson,ERI,Sauber,13.028070518621648,16,0,0,0
2015,2,Malaysian Grand Prix,2015-03-29,Sepang International Circuit,Roberto Merhi,MER,Manor Marussia,13.653112801526897,17,0,0,0
2015,2,Malaysian Grand Prix,2015-03-29,Sepang International Circuit,Pastor Maldonado,MAL,Lotus F1,14.336597905593884,18,0,0,0
2015,2,Malaysian Grand Prix,2015-03-29,Sepang International Circuit,Romain Grosjean,GRO,Lotus F1,14.51351648509586,19,0,0,0
2015,2,Malaysian Grand Prix,2015-03-29,Sepang International Circuit,Will Stevens,STE,Manor Marussia,14.533122563504776,20,0,0,0
2015,3,Chinese Grand Prix,2015-04-12,Shanghai International Circuit,Lewis Hamilton,HAM,Mercedes,2.480987457949514,1,25,0,25
2015,3,Chinese Grand Prix,2015-04-12,Shanghai International Circuit,Nico Rosberg,ROS,Mercedes,3.2511964473761616,2,18,0,18
2015,3,Chinese Grand Prix,2015-04-12,Shanghai International Circuit,Felipe Massa,MAS,Williams,4.894851628895762,3,15,0,15
2015,3,Chinese Grand Prix,2015-04-12,Shanghai International Circuit,Sebastian Vettel,VET,Ferrari,5.275521357816745,4,12,0,12
2015,3,Chinese Grand Prix,2015-04-12,Shanghai International Circuit,Valtteri Bottas,BOT,Williams,5.524775326922302,5,10,0,10
2015,3,Chinese Grand Prix,2015-04-12,Shanghai International Circuit,Daniel Ricciardo,RIC,Red Bull,6.17979946231153,6,8,0,8
2015,3,Chinese Grand Prix,2015-04-12,Shanghai International Circuit,Kimi Räikkönen,RAI,Ferrari,7.33145259324179,7,6,0,6
2015,3,Chinese Grand Prix,2015-04-12,Shanghai International Circuit,Fernando Alonso,ALO,McLaren,9.291325235153788,8,4,0,4
2015,3,Chinese Grand Prix,2015-04-12,Shanghai International Circuit,Nico Hülkenberg,HUL,Force India,9.429997452927733,9,2,0,2
2015,3,Chinese Grand Prix,2015-04-12,Shanghai International Circuit,Daniil Kvyat,KVY,Red Bull,10.064519015199306,10,1,0,1
2015,3,Chinese Grand Prix,2015-04-12,Shanghai International Circuit,Sergio Pérez,PER,Force India,10.18956216327587,11,0,0,0
2015,3,Chinese Grand Prix,2015-04-12,Shanghai International Circuit,Jenson Button,BUT,McLaren,10.310577440632462,12,0,0,0
2015,3,Chinese Grand Prix,2015-04-12,Shanghai International Circuit,Felipe Nasr,NAS,Sauber,11.161819437323988,13,0,0,0
2015,3,Chinese Grand Prix,2015-04-12,Shanghai International Circuit,Max Verstappen,VER,Toro Rosso,11.694151058294832,14,0,0,0
2015,3,Chinese Grand Prix,2015-04-12,Shanghai International Circuit,Carlos Sainz,SAI,Toro Rosso,12.188075100664408,15,0,0,0
2015,3,Chinese Grand Prix,2015-04-12,Shanghai International Circuit,Marcus Ericsson,ERI,Sauber,13.511149240014072,16,0,0,0
2015,3,Chinese Grand Prix,2015-04-12,Shanghai International Circuit,Romain Grosjean,GRO,Lotus F1,13.6401875841398,17,0,0,0
2015,3,Chinese Grand Prix,2015-04-12,Shanghai International Circuit,Pastor Maldonado,MAL,Lotus F1,13.68276104659309,18,0,0,0
2015,3,Chinese Grand Prix,2015-04-12,Shanghai International Circuit,Will Stevens,STE,Manor Marussia,16.21127556755153,19,0,0,0
2015,3,Chinese Grand Prix,2015-04-12,Shanghai International Circuit,Roberto Merhi,MER,Manor Marussia,16.57903675926753,20,0,0,0
2015,4,Bahrain Grand Prix,2015-04-19,Bahrain International Circuit,Lewis Hamilton,HAM,Mercedes,2.480987457949514,1,25,0,25
2015,4,Bahrain Grand Prix,2015-04-19,Bahrain International Circuit,Nico Rosberg,ROS,Mercedes,3.2718082974707263,2,18,0,18
2015,4,Bahrain Grand Prix,2015-04-19,Bahrain International Circuit,Sebastian Vettel,VET,Ferrari,4.622853543360389,3,15,0,15
2015,4,Bahrain Grand Prix,2015-04-19,Bahrain International Circuit,Felipe Massa,MAS,Williams,4.642121109428112,4,12,0,12
2015,4,Bahrain Grand Prix,2015-04-19,Bahrain International Circuit,Valtteri Bottas,BOT,Williams,5.572203239667705,5,10,0,10
2015,4,Bahrain Grand Prix,2015-04-19,Bahrain International Circuit,Kimi Räikkönen,RAI,Ferrari,6.687400198485491,6,8,0,8
2015,4,Bahrain Grand Prix,2015-04-19,Bahrain International Circuit,Daniel Ricciardo,RIC,Red Bull,7.687835274770102,7,6,0,6
2015,4,Bahrain Grand Prix,2015-04-19,Bahrain International Circuit,Nico Hülkenberg,HUL,Force India,9.223074612896108,8,4,0,4
2015,4,Bahrain Grand Prix,2015-04-19,Bahrain International Circuit,Sergio Pérez,PER,Force India,9.585177021332958,9,2,0,2
2015,4,Bahrain Grand Prix,2015-04-19,Bahrain International Circuit,Daniil Kvyat,KVY,Red Bull,10.156440172411328,10,1,0,1
2015,4,Bahrain Grand Prix,2015-04-19,Bahrain International Circuit,Jenson Button,BUT,McLaren,10.486375536069154,11,0,0,0
2015,4,Bahrain Grand Prix,2015-04-19,Bahrain International Circuit,Fernando Alonso,ALO,McLaren,10.491696166739343,12,0,0,0
2015,4,Bahrain Grand Prix,2015-04-19,Bahrain International Circuit,Felipe Nasr,NAS,Sauber,10.79550584748004,13,0,0,0
2015,4,Bahrain Grand Prix,2015-04-19,Bahrain International Circuit,Max Verstappen,VER,Toro Rosso,12.222992408144076,14,0,0,0
2015,4,Bahrain Grand Prix,2015-04-19,Bahrain International Circuit,Carlos Sainz,SAI,Toro Rosso,12.43168523524914,15,0,0,0
2015,4,Bahrain Grand Prix,2015-04-19,Bahrain International Circuit,Marcus Ericsson,ERI,Sauber,12.554814160442517,16,0,0,0
2015,4,Bahrain Grand Prix,2015-04-19,Bahrain International Circuit,Romain Grosjean,GRO,Lotus F1,12.666511545698045,17,0,0,0
2015,4,Bahrain Grand Prix,2015-04-19,Bahrain International Circuit,Pastor Maldonado,MAL,Lotus F1,14.164161231663968,18,0,0,0
2015,4,Bahrain Grand Prix,2015-04-19,Bahrain International Circuit,Will Stevens,STE,Manor Marussia,16.331540945693877,19,0,0,0
2015,4,Bahrain Grand Prix,2015-04-19,Bahrain International Circuit,Roberto Merhi,MER,Manor Marussia,16.492379297378253,20,0,0,0
2015,5,Spanish Grand Prix,2015-05-10,Circuit de Barcelona-Catalunya,Lewis Hamilton,HAM,Mercedes,2.5554037902770124,1,25,0,25
2015,5,Spanish Grand Prix,2015-05-10,Circuit de Barcelona-Catalunya,Nico Rosberg,ROS,Mercedes,3.580909714967593,2,18,0,18
2015,5,Spanish Grand Prix,2015-05-10,Circuit de Barcelona-Catalunya,Sebastian Vettel,VET,Ferrari,4.394777744211778,3,15,0,15
2015,5,Spanish Grand Prix,2015-05-10,Circuit de Barcelona-Catalunya,Felipe Massa,MAS,Williams,5.33164962588305,4,12,0,12
2015,5,Spanish Grand Prix,2015-05-10,Circuit de Barcelona-Catalunya,Kimi Räikkönen,RAI,Ferrari,5.427034979624057,5,10,0,10
2015,5,Spanish Grand Prix,2015-05-10,Circuit de Barcelona-Catalunya,Valtteri Bottas,BOT,Williams,5.590432051217941,6,8,0,8
2015,5,Spanish Grand Prix,2015-05-10,Circuit de Barcelona-Catalunya,Daniel Ricciardo,RIC,Red Bull,6.9126250288856665,7,6,0,6
2015,5,Spanish Grand Prix,2015-05-10,Circuit de Barcelona-Catalunya,Sergio Pérez,PER,Force India,9.741619489923838,8,4,0,4
2015,5,Spanish Grand Prix,2015-05-10,Circuit de Barcelona-Catalunya,Daniil Kvyat,KVY,Red Bull,10.396186971227989,9,2,0,2
2015,5,Spanish Grand Prix,2015-05-10,Circuit de Barcelona-Catalunya,Nico Hülkenberg,HUL,Force India,10.638047726533651,10,1,0,1
2015,5,Spanish Grand Prix,2015-05-10,Circuit de Barcelona-Catalunya,Fernando Alonso,ALO,McLaren,11.27718692792561,11,0,0,0
2015,5,Spanish Grand Prix,2015-05-10,Circuit de Barcelona-Catalunya,Jenson Button,BUT,McLaren,11.816936834496303,12,0,0,0
2015,5,Spanish Grand Prix,2015-05-10,Circuit de Barcelona-Catalunya,Romain Grosjean,GRO,Lotus F1,11.985531731677634,13,0,0,0
2015,5,Spanish Grand Prix,2015-05-10,Circuit de Barcelona-Catalunya,Felipe Nasr,NAS,Sauber,12.00908051278194,14,0,0,0
2015,5,Spanish Grand Prix,2015-05-10,Circuit de Barcelona-Catalunya,Max Verstappen,VER,Toro Rosso,12.347881071669752,15,0,0,0
2015,5,Spanish Grand Prix,2015-05-10,Circuit de Barcelona-Catalunya,Carlos Sainz,SAI,Toro Rosso,12.476169423237288,16,0,0,0
2015,5,Spanish Grand Prix,2015-05-10,Circuit de Barcelona-Catalunya,Marcus Ericsson,ERI,Sauber,12.770115090743383,17,0,0,0
2015,5,Spanish Grand Prix,2015-05-10,Circuit de Barcelona-Catalunya,Pastor Maldonado,MAL,Lotus F1,13.975749439738305,18,0,0,0
2015,5,Spanish Grand Prix,2015-05-10,Circuit de Barcelona-Catalunya,Will Stevens,STE,Manor Marussia,16.29128052521077,19,0,0,0
2015,5,Spanish Grand Prix,2015-05-10,Circuit de Barcelona-Catalunya,Roberto Merhi,MER,Manor Marussia,16.452118876895145,20,0,0,0
2015,6,Monaco Grand Prix,2015-05-24,Circuit de Monaco,Lewis Hamilton,HAM,Mercedes,2.5554037902770124,1,25,0,25
2015,6,Monaco Grand Prix,2015-05-24,Circuit de Monaco,Nico Rosberg,ROS,Mercedes,3.194544184175773,2,18,0,18
2015,6,Monaco Grand Prix,2015-05-24,Circuit de Monaco,Sebastian Vettel,VET,Ferrari,4.517506564440216,3,15,0,15
2015,6,Monaco Grand Prix,2015-05-24,Circuit de Monaco,Kimi Räikkönen,RAI,Ferrari,5.474644368421837,4,12,0,12
2015,6,Monaco Grand Prix,2015-05-24,Circuit de Monaco,Valtteri Bottas,BOT,Williams,6.718268757502813,5,10,0,10
2015,6,Monaco Grand Prix,2015-05-24,Circuit de Monaco,Felipe Massa,MAS,Williams,6.72264471030064,6,8,0,8
2015,6,Monaco Grand Prix,2015-05-24,Circuit de Monaco,Daniel Ricciardo,RIC,Red Bull,9.536609712658237,7,6,0,6
2015,6,Monaco Grand Prix,2015-05-24,Circuit de Monaco,Nico Hülkenberg,HUL,Force India,11.376731884537673,8,4,0,4
2015,6,Monaco Grand Prix,2015-05-24,Circuit de Monaco,Sergio Pérez,PER,Force India,11.5320631171202,9,2,0,2
2015,6,Monaco Grand Prix,2015-05-24,Circuit de Monaco,Romain Grosjean,GRO,Lotus F1,11.628190866354362,10,1,0,1
2015,6,Monaco Grand Prix,2015-05-24,Circuit de Monaco,Daniil Kvyat,KVY,Red Bull,12.066573808206927,11,0,0,0
2015,6,Monaco Grand Prix,2015-05-24,Circuit de Monaco,Max Verstappen,VER,Toro Rosso,12.184590904985994,12,0,0,0
2015,6,Monaco Grand Prix,2015-05-24,Circuit de Monaco,Carlos Sainz,SAI,Toro Rosso,12.20929379843856,13,0,0,0
2015,6,Monaco Grand Prix,2015-05-24,Circuit de Monaco,Felipe Nasr,NAS,Sauber,12.213471621578352,14,0,0,0
2015,6,Monaco Grand Prix,2015-05-24,Circuit de Monaco,Marcus Ericsson,ERI,Sauber,12.651269466939093,15,0,0,0
2015,6,Monaco Grand Prix,2015-05-24,Circuit de Monaco,Fernando Alonso,ALO,McLaren,13.724747653707617,16,0,0,0
2015,6,Monaco Grand Prix,2015-05-24,Circuit de Monaco,Pastor Maldonado,MAL,Lotus F1,14.156766958404935,17,0,0,0
2015,6,Monaco Grand Prix,2015-05-24,Circuit de Monaco,Jenson Button,BUT,McLaren,14.496799865885553,18,0,0,0
2015,6,Monaco Grand Prix,2015-05-24,Circuit de Monaco,Will Stevens,STE,Manor Marussia,16.29128052521077,19,0,0,0
2015,6,Monaco Grand Prix,2015-05-24,Circuit de Monaco,Roberto Merhi,MER,Manor Marussia,16.43602611291886,20,0,0,0
2015,7,Canadian Grand Prix,2015-06-07,Circuit Gilles Villeneuve,Lewis Hamilton,HAM,Mercedes,3.02925620431718,1,25,0,25
2015,7,Canadian Grand Prix,2015-06-07,Circuit Gilles Villeneuve,Nico Rosberg,ROS,Mercedes,3.1660460356337348,2,18,0,18
2015,7,Canadian Grand Prix,2015-06-07,Circuit Gilles Villeneuve,Sebastian Vettel,VET,Ferrari,4.353617187167604,3,15,0,15
2015,7,Canadian Grand Prix,2015-06-07,Circuit Gilles Villeneuve,Kimi Räikkönen,RAI,Ferrari,5.433483811377663,4,12,0,12
2015,7,Canadian Grand Prix,2015-06-07,Circuit Gilles Villeneuve,Valtteri Bottas,BOT,Williams,6.361564140282628,5,10,0,10
2015,7,Canadian Grand Prix,2015-06-07,Circuit Gilles Villeneuve,Felipe Massa,MAS,Williams,8.251132246913368,6,8,0,8
2015,7,Canadian Grand Prix,2015-06-07,Circuit Gilles Villeneuve,Daniel Ricciardo,RIC,Red Bull,8.354046024584381,7,6,0,6
2015,7,Canadian Grand Prix,2015-06-07,Circuit Gilles Villeneuve,Daniil Kvyat,KVY,Red Bull,10.006573560020694,8,4,0,4
2015,7,Canadian Grand Prix,2015-06-07,Circuit Gilles Villeneuve,Sergio Pérez,PER,Force India,11.01715048052102,9,2,0,2
2015,7,Canadian Grand Prix,2015-06-07,Circuit Gilles Villeneuve,Nico Hülkenberg,HUL,Force India,11.700256228801402,10,1,0,1
2015,7,Canadian Grand Prix,2015-06-07,Circuit Gilles Villeneuve,Carlos Sainz,SAI,Toro Rosso,12.427613086881042,11,0,0,0
2015,7,Canadian Grand Prix,2015-06-07,Circuit Gilles Villeneuve,Max Verstappen,VER,Toro Rosso,12.434369998590416,12,0,0,0
2015,7,Canadian Grand Prix,2015-06-07,Circuit Gilles Villeneuve,Felipe Nasr,NAS,Sauber,12.61154917155404,13,0,0,0
2015,7,Canadian Grand Prix,2015-06-07,Circuit Gilles Villeneuve,Romain Grosjean,GRO,Lotus F1,12.721456071422873,14,0,0,0
2015,7,Canadian Grand Prix,2015-06-07,Circuit Gilles Villeneuve,Jenson Button,BUT,McLaren,13.152583761036132,15,0,0,0
2015,7,Canadian Grand Prix,2015-06-07,Circuit Gilles Villeneuve,Marcus Ericsson,ERI,Sauber,13.330212022968391,16,0,0,0
2015,7,Canadian Grand Prix,2015-06-07,Circuit Gilles Villeneuve,Pastor Maldonado,MAL,Lotus F1,13.538145019516366,17,0,0,0
2015,7,Canadian Grand Prix,2015-06-07,Circuit Gilles Villeneuve,Fernando Alonso,ALO,McLaren,13.659407326498355,18,0,0,0
2015,7,Canadian Grand Prix,2015-06-07,Circuit Gilles Villeneuve,Will Stevens,STE,Manor Marussia,16.29128052521077,19,0,0,0
2015,7,Canadian Grand Prix,2015-06-07,Circuit Gilles Villeneuve,Roberto Merhi,MER,Manor Marussia,16.452118876895145,20,0,0,0
2015,8,Austrian Grand Prix,2015-06-21,Red Bull Ring,Lewis Hamilton,HAM,Mercedes,2.71658384207056,1,25,0,25
2015,8,Austrian Grand Prix,2015-06-21,Red Bull Ring,Nico Rosberg,ROS,Mercedes,3.033364132382224,2,18,0,18
2015,8,Austrian Grand Prix,2015-06-21,Red Bull Ring,Sebastian Vettel,VET,Ferrari,4.517506564440216,3,15,0,15
2015,8,Austrian Grand Prix,2015-06-21,Red Bull Ring,Kimi Räikkönen,RAI,Ferrari,5.534586211200806,4,12,0,12
2015,8,Austrian Grand Prix,2015-06-21,Red Bull Ring,Valtteri Bottas,BOT,Williams,6.142326886873837,5,10,0,10
2015,8,Austrian Grand Prix,2015-06-21,Red Bull Ring,Felipe Massa,MAS,Williams,7.278208857086341,6,8,0,8
2015,8,Austrian Grand Prix,2015-06-21,Red Bull Ring,Daniel Ricciardo,RIC,Red Bull,8.760290861814996,7,6,0,6
2015,8,Austrian Grand Prix,2015-06-21,Red Bull Ring,Sergio Pérez,PER,Force India,9.9963136137085,8,4,0,4
2015,8,Austrian Grand Prix,2015-06-21,Red Bull Ring,Daniil Kvyat,KVY,Red Bull,10.43020030294256,9,2,0,2
2015,8,Austrian Grand Prix,2015-06-21,Red Bull Ring,Nico Hülkenberg,HUL,Force India,11.740883507074756,10,1,0,1
2015,8,Austrian Grand Prix,2015-06-21,Red Bull Ring,Romain Grosjean,GRO,Lotus F1,12.230669442318831,11,0,0,0
2015,8,Austrian Grand Prix,2015-06-21,Red Bull Ring,Pastor Maldonado,MAL,Lotus F1,12.282979910571743,12,0,0,0
2015,8,Austrian Grand Prix,2015-06-21,Red Bull Ring,Carlos Sainz,SAI,Toro Rosso,12.910601125434791,13,0,0,0
2015,8,Austrian Grand Prix,2015-06-21,Red Bull Ring,Felipe Nasr,NAS,Sauber,12.921552093971826,14,0,0,0
2015,8,Austrian Grand Prix,2015-06-21,Red Bull Ring,Marcus Ericsson,ERI,Sauber,13.56497655066922,15,0,0,0
2015,8,Austrian Grand Prix,2015-06-21,Red Bull Ring,Max Verstappen,VER,Toro Rosso,13.611177040166837,16,0,0,0
2015,8,Austrian Grand Prix,2015-06-21,Red Bull Ring,Fernando Alonso,ALO,McLaren,14.16864295919281,17,0,0,0
2015,8,Austrian Grand Prix,2015-06-21,Red Bull Ring,Jenson Button,BUT,McLaren,15.318206657948611,18,0,0,0
2015,8,Austrian Grand Prix,2015-06-21,Red Bull Ring,Will Stevens,STE,Manor Marussia,16.29128052521077,19,0,0,0
2015,8,Austrian Grand Prix,2015-06-21,Red Bull Ring,Roberto Merhi,MER,Manor Marussia,16.43602611291886,20,0,0,0
2015,9,British Grand Prix,2015-07-05,Silverstone Circuit,Lewis Hamilton,HAM,Mercedes,2.71658384207056,1,25,0,25
2015,9,British Grand Prix,2015-07-05,Silverstone Circuit,Nico Rosberg,ROS,Mercedes,3.3745346431708825,2,18,0,18
2015,9,British Grand Prix,2015-07-05,Silverstone Circuit,Sebastian Vettel,VET,Ferrari,4.683891559236917,3,15,0,15
2015,9,British Grand Prix,2015-07-05,Silverstone Circuit,Kimi Räikkönen,RAI,Ferrari,6.035630059557662,4,12,0,12
2015,9,British Grand Prix,2015-07-05,Silverstone Circuit,Valtteri Bottas,BOT,Williams,6.142326886873837,5,10,0,10
2015,9,British Grand Prix,2015-07-05,Silverstone Circuit,Felipe Massa,MAS,Williams,7.837487811467639,6,8,0,8
2015,9,British Grand Prix,2015-07-05,Silverstone Circuit,Daniel Ricciardo,RIC,Red Bull,9.119133022801318,7,6,0,6
2015,9,British Grand Prix,2015-07-05,Silverstone Circuit,Daniil Kvyat,KVY,Red Bull,10.679243730180945,8,4,0,4
2015,9,British Grand Prix,2015-07-05,Silverstone Circuit,Nico Hülkenberg,HUL,Force India,10.975422482196608,9,2,0,2
2015,9,British Grand Prix,2015-07-05,Silverstone Circuit,Sergio Pérez,PER,Force India,10.997551238351766,10,1,0,1
2015,9,British Grand Prix,2015-07-05,Silverstone Circuit,Pastor Maldonado,MAL,Lotus F1,12.495360335641909,11,0,0,0
2015,9,British Grand Prix,2015-07-05,Silverstone Circuit,Romain Grosjean,GRO,Lotus F1,12.643600344047586,12,0,0,0
2015,9,British Grand Prix,2015-07-05,Silverstone Circuit,Max Verstappen,VER,Toro Rosso,12.71933449554414,13,0,0,0
2015,9,British Grand Prix,2015-07-05,Silverstone Circuit,Carlos Sainz,SAI,Toro Rosso,13.060432060801835,14,0,0,0
2015,9,British Grand Prix,2015-07-05,Silverstone Circuit,Felipe Nasr,NAS,Sauber,13.30906301194948,15,0,0,0
2015,9,British Grand Prix,2015-07-05,Silverstone Circuit,Marcus Ericsson,ERI,Sauber,13.653005423016603,16,0,0,0
2015,9,British Grand Prix,2015-07-05,Silverstone Circuit,Fernando Alonso,ALO,McLaren,14.196541087928088,17,0,0,0
2015,9,British Grand Prix,2015-07-05,Silverstone Circuit,Jenson Button,BUT,McLaren,14.334812640572029,18,0,0,0
2015,9,British Grand Prix,2015-07-05,Silverstone Circuit,Will Stevens,STE,Manor Marussia,16.315448181717596,19,0,0,0
2015,9,British Grand Prix,2015-07-05,Silverstone Circuit,Roberto Merhi,MER,Manor Marussia,16.492379297378253,20,0,0,0
2015,10,Hungarian Grand Prix,2015-07-26,Hungaroring,Lewis Hamilton,HAM,Mercedes,2.5554037902770124,1,25,0,25
2015,10,Hungarian Grand Prix,2015-07-26,Hungaroring,Nico Rosberg,ROS,Mercedes,3.1660460356337348,2,18,0,18
2015,10,Hungarian Grand Prix,2015-07-26,Hungaroring,Sebastian Vettel,VET,Ferrari,4.622853543360389,3,15,0,15
2015,10,Hungarian Grand Prix,2015-07-26,Hungaroring,Valtteri Bottas,BOT,Williams,6.213740068815259,4,12,0,12
2015,10,Hungarian Grand Prix,2015-07-26,Hungaroring,Felipe Massa,MAS,Williams,6.250258449692306,5,10,0,10
2015,10,Hungarian Grand Prix,2015-07-26,Hungaroring,Kimi Räikkönen,RAI,Ferrari,6.3563188205873775,6,8,0,8
2015,10,Hungarian Grand Prix,2015-07-26,Hungaroring,Daniil Kvyat,KVY,Red Bull,9.840600507661492,7,6,0,6
2015,10,Hungarian Grand Prix,2015-07-26,Hungaroring,Daniel Ricciardo,RIC,Red Bull,10.236428423451777,8,4,0,4
2015,10,Hungarian Grand Prix,2015-07-26,Hungaroring,Nico Hülkenberg,HUL,Force India,12.170637419511454,9,2,0,2
2015,10,Hungarian Grand Prix,2015-07-26,Hungaroring,Sergio Pérez,PER,Force India,12.493090065762573,10,1,0,1
2015,10,Hungarian Grand Prix,2015-07-26,Hungaroring,Pastor Maldonado,MAL,Lotus F1,12.65906885325536,11,0,0,0
2015,10,Hungarian Grand Prix,2015-07-26,Hungaroring,Max Verstappen,VER,Toro Rosso,12.747401284632618,12,0,0,0
2015,10,Hungarian Grand Prix,2015-07-26,Hungaroring,Carlos Sainz,SAI,Toro Rosso,12.838929792333657,13,0,0,0
2015,10,Hungarian Grand Prix,2015-07-26,Hungaroring,Romain Grosjean,GRO,Lotus F1,12.875586096012844,14,0,0,0
2015,10,Hungarian Grand Prix,2015-07-26,Hungaroring,Felipe Nasr,NAS,Sauber,13.367069912712203,15,0,0,0
2015,10,Hungarian Grand Prix,2015-07-26,Hungaroring,Marcus Ericsson,ERI,Sauber,13.777310313766424,16,0,0,0
2015,10,Hungarian Grand Prix,2015-07-26,Hungaroring,Fernando Alonso,ALO,McLaren,14.2203425043566,17,0,0,0
2015,10,Hungarian Grand Prix,2015-07-26,Hungaroring,Jenson Button,BUT,McLaren,15.318206657948611,18,0,0,0
2015,10,Hungarian Grand Prix,2015-07-26,Hungaroring,Will Stevens,STE,Manor Marussia,16.01746587490802,19,0,0,0
2015,10,Hungarian Grand Prix,2015-07-26,Hungaroring,Roberto Merhi,MER,Manor Marussia,16.387177147502094,20,0,0,0
2015,11,Belgian Grand Prix,2015-08-23,Circuit de Spa-Francorchamps,Lewis Hamilton,HAM,Mercedes,3.02925620431718,1,25,0,25
2015,11,Belgian Grand Prix,2015-08-23,Circuit de Spa-Francorchamps,Nico Rosberg,ROS,Mercedes,3.189100730335321,2,18,0,18
2015,11,Belgian Grand Prix,2015-08-23,Circuit de Spa-Francorchamps,Sebastian Vettel,VET,Ferrari,4.622853543360389,3,15,0,15
2015,11,Belgian Grand Prix,2015-08-23,Circuit de Spa-Francorchamps,Kimi Räikkönen,RAI,Ferrari,6.144082208672213,4,12,0,12
2015,11,Belgian Grand Prix,2015-08-23,Circuit de Spa-Francorchamps,Daniil Kvyat,KVY,Red Bull,6.931861040234977,5,10,0,10
2015,11,Belgian Grand Prix,2015-08-23,Circuit de Spa-Francorchamps,Daniel Ricciardo,RIC,Red Bull,7.311811109147454,6,8,0,8
2015,11,Belgian Grand Prix,2015-08-23,Circuit de Spa-Francorchamps,Valtteri Bottas,BOT,Williams,7.340603712587526,7,6,0,6
2015,11,Belgian Grand Prix,2015-08-23,Circuit de Spa-Francorchamps,Felipe Massa,MAS,Williams,8.162848935872633,8,4,0,4
2015,11,Belgian Grand Prix,2015-08-23,Circuit de Spa-Francorchamps,Sergio Pérez,PER,Force India,10.748425926385,9,2,0,2
2015,11,Belgian Grand Prix,2015-08-23,Circuit de Spa-Francorchamps,Max Verstappen,VER,Toro Rosso,11.501239372186388,10,1,0,1
2015,11,Belgian Grand Prix,2015-08-23,Circuit de Spa-Francorchamps,Nico Hülkenberg,HUL,Force India,11.604944602974308,11,0,0,0
2015,11,Belgian Grand Prix,2015-08-23,Circuit de Spa-Francorchamps,Romain Grosjean,GRO,Lotus F1,12.039250112558388,12,0,0,0
2015,11,Belgian Grand Prix,2015-08-23,Circuit de Spa-Francorchamps,Fernando Alonso,ALO,McLaren,12.206992038464428,13,0,0,0
2015,11,Belgian Grand Prix,2015-08-23,Circuit de Spa-Francorchamps,Jenson Button,BUT,McLaren,12.311790565696578,14,0,0,0
2015,11,Belgian Grand Prix,2015-08-23,Circuit de Spa-Francorchamps,Carlos Sainz,SAI,Toro Rosso,12.940474573791722,15,0,0,0
2015,11,Belgian Grand Prix,2015-08-23,Circuit de Spa-Francorchamps,Pastor Maldonado,MAL,Lotus F1,13.04451178715159,16,0,0,0
2015,11,Belgian Grand Prix,2015-08-23,Circuit de Spa-Francorchamps,Felipe Nasr,NAS,Sauber,13.159196674939096,17,0,0,0
2015,11,Belgian Grand Prix,2015-08-23,Circuit de Spa-Francorchamps,Marcus Ericsson,ERI,Sauber,13.51391975578719,18,0,0,0
2015,11,Belgian Grand Prix,2015-08-23,Circuit de Spa-Francorchamps,Will Stevens,STE,Manor Marussia,16.063119801915345,19,0,0,0
2015,11,Belgian Grand Prix,2015-08-23,Circuit de Spa-Francorchamps,Roberto Merhi,MER,Manor Marussia,16.223958153599728,20,0,0,0
2015,12,Italian Grand Prix,2015-09-06,Autodromo Nazionale di Monza,Lewis Hamilton,HAM,Mercedes,2.71658384207056,1,25,0,25
2015,12,Italian Grand Prix,2015-09-06,Autodromo Nazionale di Monza,Nico Rosberg,ROS,Mercedes,3.346224629798224,2,18,0,18
2015,12,Italian Grand Prix,2015-09-06,Autodromo Nazionale di Monza,Sebastian Vettel,VET,Ferrari,5.82073148824496,3,15,0,15
2015,12,Italian Grand Prix,2015-09-06,Autodromo Nazionale di Monza,Felipe Massa,MAS,Williams,6.226273180496288,4,12,0,12
2015,12,Italian Grand Prix,2015-09-06,Autodromo Nazionale di Monza,Kimi Räikkönen,RAI,Ferrari,7.125848783816334,5,10,0,10
2015,12,Italian Grand Prix,2015-09-06,Autodromo Nazionale di Monza,Valtteri Bottas,BOT,Williams,7.1841604660223,6,8,0,8
2015,12,Italian Grand Prix,2015-09-06,Autodromo Nazionale di Monza,Daniil Kvyat,KVY,Red Bull,7.825093592349574,7,6,0,6
2015,12,Italian Grand Prix,2015-09-06,Autodromo Nazionale di Monza,Daniel Ricciardo,RIC,Red Bull,9.251321346454176,8,4,0,4
2015,12,Italian Grand Prix,2015-09-06,Autodromo Nazionale di Monza,Sergio Pérez,PER,Force India,9.353754515347608,9,2,0,2
2015,12,Italian Grand Prix,2015-09-06,Autodromo Nazionale di Monza,Romain Grosjean,GRO,Lotus F1,10.802449310315424,10,1,0,1
2015,12,Italian Grand Prix,2015-09-06,Autodromo Nazionale di Monza,Nico Hülkenberg,HUL,Force India,10.869838092376844,11,0,0,0
2015,12,Italian Grand Prix,2015-09-06,Autodromo Nazionale di Monza,Max Verstappen,VER,Toro Rosso,11.128175547243796,12,0,0,0
2015,12,Italian Grand Prix,2015-09-06,Autodromo Nazionale di Monza,Pastor Maldonado,MAL,Lotus F1,12.203933906730528,13,0,0,0
2015,12,Italian Grand Prix,2015-09-06,Autodromo Nazionale di Monza,Carlos Sainz,SAI,Toro Rosso,13.179160696504596,14,0,0,0
2015,12,Italian Grand Prix,2015-09-06,Autodromo Nazionale di Monza,Marcus Ericsson,ERI,Sauber,13.245096776150726,15,0,0,0
2015,12,Italian Grand Prix,2015-09-06,Autodromo Nazionale di Monza,Fernando Alonso,ALO,McLaren,13.417967648499472,16,0,0,0
2015,12,Italian Grand Prix,2015-09-06,Autodromo Nazionale di Monza,Felipe Nasr,NAS,Sauber,13.438800324356531,17,0,0,0
2015,12,Italian Grand Prix,2015-09-06,Autodromo Nazionale di Monza,Jenson Button,BUT,McLaren,13.86537775572279,18,0,0,0
2015,12,Italian Grand Prix,2015-09-06,Autodromo Nazionale di Monza,Will Stevens,STE,Manor Marussia,15.500521589761329,19,0,0,0
2015,12,Italian Grand Prix,2015-09-06,Autodromo Nazionale di Monza,Roberto Merhi,MER,Manor Marussia,15.6613599414457,20,0,0,0
2015,13,Singapore Grand Prix,2015-09-20,Marina Bay Street Circuit,Lewis Hamilton,HAM,Mercedes,2.819406210558173,1,25,0,25
2015,13,Singapore Grand Prix,2015-09-20,Marina Bay Street Circuit,Nico Rosberg,ROS,Mercedes,4.563921627435786,2,18,0,18
2015,13,Singapore Grand Prix,2015-09-20,Marina Bay Street Circuit,Sebastian Vettel,VET,Ferrari,5.046349385570575,3,15,0,15
2015,13,Singapore Grand Prix,2015-09-20,Marina Bay Street Circuit,Felipe Massa,MAS,Williams,6.226273180496288,4,12,0,12
2015,13,Singapore Grand Prix,2015-09-20,Marina Bay Street Circuit,Kimi Räikkönen,RAI,Ferrari,7.109567827497698,5,10,0,10
2015,13,Singapore Grand Prix,2015-09-20,Marina Bay Street Circuit,Valtteri Bottas,BOT,Williams,7.6476036341247156,6,8,0,8
2015,13,Singapore Grand Prix,2015-09-20,Marina Bay Street Circuit,Daniil Kvyat,KVY,Red Bull,8.150399832433843,7,6,0,6
2015,13,Singapore Grand Prix,2015-09-20,Marina Bay Street Circuit,Daniel Ricciardo,RIC,Red Bull,8.294596742861803,8,4,0,4
2015,13,Singapore Grand Prix,2015-09-20,Marina Bay Street Circuit,Sergio Pérez,PER,Force India,8.898745448992091,9,2,0,2
2015,13,Singapore Grand Prix,2015-09-20,Marina Bay Street Circuit,Nico Hülkenberg,HUL,Force India,9.9391502043943,10,1,0,1
2015,13,Singapore Grand Prix,2015-09-20,Marina Bay Street Circuit,Max Verstappen,VER,Toro Rosso,11.08446635709772,11,0,0,0
2015,13,Singapore Grand Prix,2015-09-20,Marina Bay Street Circuit,Fernando Alonso,ALO,McLaren,11.682935261728316,12,0,0,0
2015,13,Singapore Grand Prix,2015-09-20,Marina Bay Street Circuit,Romain Grosjean,GRO,Lotus F1,11.852057555871076,13,0,0,0
2015,13,Singapore Grand Prix,2015-09-20,Marina Bay Street Circuit,Pastor Maldonado,MAL,Lotus F1,12.808229253204413,14,0,0,0
2015,13,Singapore Grand Prix,2015-09-20,Marina Bay Street Circuit,Carlos Sainz,SAI,Toro Rosso,12.865085625718711,15,0,0,0
2015,13,Singapore Grand Prix,2015-09-20,Marina Bay Street Circuit,Marcus Ericsson,ERI,Sauber,13.168648083552604,16,0,0,0
2015,13,Singapore Grand Prix,2015-09-20,Marina Bay Street Circuit,Felipe Nasr,NAS,Sauber,13.398539903873422,17,0,0,0
2015,13,Singapore Grand Prix,2015-09-20,Marina Bay Street Circuit,Jenson Button,BUT,McLaren,13.475972047718548,18,0,0,0
2015,13,Singapore Grand Prix,2015-09-20,Marina Bay Street Circuit,Alexander Rossi,RSS,Manor Marussia,14.1864382066381,19,0,0,0
2015,13,Singapore Grand Prix,2015-09-20,Marina Bay Street Circuit,Will Stevens,STE,Manor Marussia,15.436159241210076,20,0,0,0
2015,14,Japanese Grand Prix,2015-09-27,Suzuka Circuit,Lewis Hamilton,HAM,Mercedes,3.1386503039405405,1,25,0,25
2015,14,Japanese Grand Prix,2015-09-27,Suzuka Circuit,Sebastian Vettel,VET,Ferrari,4.454719586990747,2,18,0,18
2015,14,Japanese Grand Prix,2015-09-27,Suzuka Circuit,Nico Rosberg,ROS,Mercedes,4.683695964377041,3,15,0,15
2015,14,Japanese Grand Prix,2015-09-27,Suzuka Circuit,Kimi Räikkönen,RAI,Ferrari,6.547608275616789,4,12,0,12
2015,14,Japanese Grand Prix,2015-09-27,Suzuka Circuit,Daniil Kvyat,KVY,Red Bull,6.654809123175517,5,10,0,10
2015,14,Japanese Grand Prix,2015-09-27,Suzuka Circuit,Daniel Ricciardo,RIC,Red Bull,7.158251043505999,6,8,0,8
2015,14,Japanese Grand Prix,2015-09-27,Suzuka Circuit,Valtteri Bottas,BOT,Williams,7.290642325931177,7,6,0,6
2015,14,Japanese Grand Prix,2015-09-27,Suzuka Circuit,Felipe Massa,MAS,Williams,7.4813533465188495,8,4,0,4
2015,14,Japanese Grand Prix,2015-09-27,Suzuka Circuit,Sergio Pérez,PER,Force India,8.733798945014653,9,2,0,2
2015,14,Japanese Grand Prix,2015-09-27,Suzuka Circuit,Nico Hülkenberg,HUL,Force India,10.496564537826783,10,1,0,1
2015,14,Japanese Grand Prix,2015-09-27,Suzuka Circuit,Max Verstappen,VER,Toro Rosso,10.817145639482822,11,0,0,0
2015,14,Japanese Grand Prix,2015-09-27,Suzuka Circuit,Romain Grosjean,GRO,Lotus F1,12.14558215930488,12,0,0,0
2015,14,Japanese Grand Prix,2015-09-27,Suzuka Circuit,Carlos Sainz,SAI,Toro Rosso,12.323085270558236,13,0,0,0
2015,14,Japanese Grand Prix,2015-09-27,Suzuka Circuit,Jenson Button,BUT,McLaren,12.44372106252196,14,0,0,0
2015,14,Japanese Grand Prix,2015-09-27,Suzuka Circuit,Fernando Alonso,ALO,McLaren,13.04640082745962,15,0,0,0
2015,14,Japanese Grand Prix,2015-09-27,Suzuka Circuit,Marcus Ericsson,ERI,Sauber,13.208908504035714,16,0,0,0
2015,14,Japanese Grand Prix,2015-09-27,Suzuka Circuit,Felipe Nasr,NAS,Sauber,13.438800324356531,17,0,0,0
2015,14,Japanese Grand Prix,2015-09-27,Suzuka Circuit,Pastor Maldonado,MAL,Lotus F1,13.542129220994957,18,0,0,0
2015,14,Japanese Grand Prix,2015-09-27,Suzuka Circuit,Alexander Rossi,RSS,Manor Marussia,15.282632290131604,19,0,0,0
2015,14,Japanese Grand Prix,2015-09-27,Suzuka Circuit,Will Stevens,STE,Manor Marussia,15.500521589761329,20,0,0,0
2015,15,Russian Grand Prix,2015-10-11,Sochi Autodrom,Lewis Hamilton,HAM,Mercedes,3.1547177610025137,1,25,0,25
2015,15,Russian Grand Prix,2015-10-11,Sochi Autodrom,Sebastian Vettel,VET,Ferrari,4.394777744211778,2,18,0,18
2015,15,Russian Grand Prix,2015-10-11,Sochi Autodrom,Nico Rosberg,ROS,Mercedes,4.683695964377041,3,15,0,15
2015,15,Russian Grand Prix,2015-10-11,Sochi Autodrom,Kimi Räikkönen,RAI,Ferrari,5.325949769850322,4,12,0,12
2015,15,Russian Grand Prix,2015-10-11,Sochi Autodrom,Daniel Ricciardo,RIC,Red Bull,7.21473677958577,5,10,0,10
2015,15,Russian Grand Prix,2015-10-11,Sochi Autodrom,Daniil Kvyat,KVY,Red Bull,7.542904903610704,6,8,0,8
2015,15,Russian Grand Prix,2015-10-11,Sochi Autodrom,Valtteri Bottas,BOT,Williams,8.011931827478843,7,6,0,6
2015,15,Russian Grand Prix,2015-10-11,Sochi Autodrom,Felipe Massa,MAS,Williams,8.924682908601064,8,4,0,4
2015,15,Russian Grand Prix,2015-10-11,Sochi Autodrom,Sergio Pérez,PER,Force India,9.050403764214826,9,2,0,2
2015,15,Russian Grand Prix,2015-10-11,Sochi Autodrom,Romain Grosjean,GRO,Lotus F1,10.198973186225569,10,1,0,1
2015,15,Russian Grand Prix,2015-10-11,Sochi Autodrom,Max Verstappen,VER,Toro Rosso,10.618169762183651,11,0,0,0
2015,15,Russian Grand Prix,2015-10-11,Sochi Autodrom,Nico Hülkenberg,HUL,Force India,10.735003480500955,12,0,0,0
2015,15,Russian Grand Prix,2015-10-11,Sochi Autodrom,Fernando Alonso,ALO,McLaren,11.561174239185242,13,0,0,0
2015,15,Russian Grand Prix,2015-10-11,Sochi Autodrom,Pastor Maldonado,MAL,Lotus F1,11.76244048079494,14,0,0,0
2015,15,Russian Grand Prix,2015-10-11,Sochi Autodrom,Carlos Sainz,SAI,Toro Rosso,12.244298287417037,15,0,0,0
2015,15,Russian Grand Prix,2015-10-11,Sochi Autodrom,Jenson Button,BUT,McLaren,12.44372106252196,16,0,0,0
2015,15,Russian Grand Prix,2015-10-11,Sochi Autodrom,Marcus Ericsson,ERI,Sauber,13.46446985481969,17,0,0,0
2015,15,Russian Grand Prix,2015-10-11,Sochi Autodrom,Felipe Nasr,NAS,Sauber,13.50569213462768,18,0,0,0
2015,15,Russian Grand Prix,2015-10-11,Sochi Autodrom,Roberto Merhi,MER,Manor Marussia,16.274489997748546,19,0,0,0
2015,15,Russian Grand Prix,2015-10-11,Sochi Autodrom,Will Stevens,STE,Manor Marussia,16.315448181717596,20,0,0,0
2015,16,United States Grand Prix,2015-10-25,Circuit of the Americas,Lewis Hamilton,HAM,Mercedes,2.96187675833589,1,25,0,25
2015,16,United States Grand Prix,2015-10-25,Circuit of the Americas,Sebastian Vettel,VET,Ferrari,4.394777744211778,2,18,0,18
2015,16,United States Grand Prix,2015-10-25,Circuit of the Americas,Nico Rosberg,ROS,Mercedes,4.506570052358578,3,15,0,15
2015,16,United States Grand Prix,2015-10-25,Circuit of the Americas,Kimi Räikkönen,RAI,Ferrari,5.760168342386364,4,12,0,12
2015,16,United States Grand Prix,2015-10-25,Circuit of the Americas,Sergio Pérez,PER,Force India,7.232178024324207,5,10,0,10
2015,16,United States Grand Prix,2015-10-25,Circuit of the Americas,Valtteri Bottas,BOT,Williams,7.322333324908177,6,8,0,8
2015,16,United States Grand Prix,2015-10-25,Circuit of the Americas,Felipe Massa,MAS,Williams,7.392859007232978,7,6,0,6
2015,16,United States Grand Prix,2015-10-25,Circuit of the Americas,Daniel Ricciardo,RIC,Red Bull,8.529212502746532,8,4,0,4
2015,16,United States Grand Prix,2015-10-25,Circuit of the Americas,Daniil Kvyat,KVY,Red Bull,8.576088876200586,9,2,0,2
2015,16,United States Grand Prix,2015-10-25,Circuit of the Americas,Nico Hülkenberg,HUL,Force India,10.15553925836034,10,1,0,1
2015,16,United States Grand Prix,2015-10-25,Circuit of the Americas,Pastor Maldonado,MAL,Lotus F1,10.875246116867844,11,0,0,0
2015,16,United States Grand Prix,2015-10-25,Circuit of the Americas,Romain Grosjean,GRO,Lotus F1,11.266951898514982,12,0,0,0
2015,16,United States Grand Prix,2015-10-25,Circuit of the Americas,Max Verstappen,VER,Toro Rosso,11.37206768474496,13,0,0,0
2015,16,United States Grand Prix,2015-10-25,Circuit of the Americas,Felipe Nasr,NAS,Sauber,12.248204658983644,14,0,0,0
2015,16,United States Grand Prix,2015-10-25,Circuit of the Americas,Fernando Alonso,ALO,McLaren,12.546117773956311,15,0,0,0
2015,16,United States Grand Prix,2015-10-25,Circuit of the Americas,Carlos Sainz,SAI,Toro Rosso,12.619688255565004,16,0,0,0
2015,16,United States Grand Prix,2015-10-25,Circuit of the Americas,Marcus Ericsson,ERI,Sauber,13.061844349791404,17,0,0,0
2015,16,United States Grand Prix,2015-10-25,Circuit of the Americas,Jenson Button,BUT,McLaren,13.353100926390852,18,0,0,0
2015,16,United States Grand Prix,2015-10-25,Circuit of the Americas,Alexander Rossi,RSS,Manor Marussia,15.484428825785043,19,0,0,0
2015,16,United States Grand Prix,2015-10-25,Circuit of the Americas,Will Stevens,STE,Manor Marussia,15.500521589761329,20,0,0,0
2015,17,Mexican Grand Prix,2015-11-01,Autódromo Hermanos Rodríguez,Lewis Hamilton,HAM,Mercedes,3.09073305509636,1,25,0,25
2015,17,Mexican Grand Prix,2015-11-01,Autódromo Hermanos Rodríguez,Sebastian Vettel,VET,Ferrari,4.290706687387106,2,18,0,18
2015,17,Mexican Grand Prix,2015-11-01,Autódromo Hermanos Rodríguez,Nico Rosberg,ROS,Mercedes,4.744803233480932,3,15,0,15
2015,17,Mexican Grand Prix,2015-11-01,Autódromo Hermanos Rodríguez,Kimi Räikkönen,RAI,Ferrari,5.884070169195846,4,12,0,12
2015,17,Mexican Grand Prix,2015-11-01,Autódromo Hermanos Rodríguez,Sergio Pérez,PER,Force India,7.116798172410439,5,10,0,10
2015,17,Mexican Grand Prix,2015-11-01,Autódromo Hermanos Rodríguez,Valtteri Bottas,BOT,Williams,8.62314223846558,6,8,0,8
2015,17,Mexican Grand Prix,2015-11-01,Autódromo Hermanos Rodríguez,Felipe Massa,MAS,Williams,8.675423274556875,7,6,0,6
2015,17,Mexican Grand Prix,2015-11-01,Autódromo Hermanos Rodríguez,Daniel Ricciardo,RIC,Red Bull,9.539529515809416,8,4,0,4
2015,17,Mexican Grand Prix,2015-11-01,Autódromo Hermanos Rodríguez,Nico Hülkenberg,HUL,Force India,10.053708646858505,9,2,0,2
2015,17,Mexican Grand Prix,2015-11-01,Autódromo Hermanos Rodríguez,Daniil Kvyat,KVY,Red Bull,10.210642062998422,10,1,0,1
2015,17,Mexican Grand Prix,2015-11-01,Autódromo Hermanos Rodríguez,Max Verstappen,VER,Toro Rosso,10.82938997246324,11,0,0,0
2015,17,Mexican Grand Prix,2015-11-01,Autódromo Hermanos Rodríguez,Jenson Button,BUT,McLaren,12.20982597218625,12,0,0,0
2015,17,Mexican Grand Prix,2015-11-01,Autódromo Hermanos Rodríguez,Pastor Maldonado,MAL,Lotus F1,12.26730359542601,13,0,0,0
2015,17,Mexican Grand Prix,2015-11-01,Autódromo Hermanos Rodríguez,Carlos Sainz,SAI,Toro Rosso,12.284181404169164,14,0,0,0
2015,17,Mexican Grand Prix,2015-11-01,Autódromo Hermanos Rodríguez,Felipe Nasr,NAS,Sauber,12.509161850945128,15,0,0,0
2015,17,Mexican Grand Prix,2015-11-01,Autódromo Hermanos Rodríguez,Romain Grosjean,GRO,Lotus F1,12.860071474852502,16,0,0,0
2015,17,Mexican Grand Prix,2015-11-01,Autódromo Hermanos Rodríguez,Fernando Alonso,ALO,McLaren,13.179321748822124,17,0,0,0
2015,17,Mexican Grand Prix,2015-11-01,Autódromo Hermanos Rodríguez,Marcus Ericsson,ERI,Sauber,13.22850676933992,18,0,0,0
2015,17,Mexican Grand Prix,2015-11-01,Autódromo Hermanos Rodríguez,Alexander Rossi,RSS,Manor Marussia,15.531155431499734,19,0,0,0
2015,17,Mexican Grand Prix,2015-11-01,Autódromo Hermanos Rodríguez,Will Stevens,STE,Manor Marussia,15.815936541400609,20,0,0,0
2015,18,Brazilian Grand Prix,2015-11-15,Autódromo José Carlos Pace,Lewis Hamilton,HAM,Mercedes,2.758870531143542,1,25,0,25
2015,18,Brazilian Grand Prix,2015-11-15,Autódromo José Carlos Pace,Nico Rosberg,ROS,Mercedes,3.52907952057019,2,18,0,18
2015,18,Brazilian Grand Prix,2015-11-15,Autódromo José Carlos Pace,Sebastian Vettel,VET,Ferrari,4.643605149624561,3,15,0,15
2015,18,Brazilian Grand Prix,2015-11-15,Autódromo José Carlos Pace,Kimi Räikkönen,RAI,Ferrari,6.220624652982988,4,12,0,12
2015,18,Brazilian Grand Prix,2015-11-15,Autódromo José Carlos Pace,Daniil Kvyat,KVY,Red Bull,8.373169094277678,5,10,0,10
2015,18,Brazilian Grand Prix,2015-11-15,Autódromo José Carlos Pace,Daniel Ricciardo,RIC,Red Bull,8.396039309364767,6,8,0,8
2015,18,Brazilian Grand Prix,2015-11-15,Autódromo José Carlos Pace,Sergio Pérez,PER,Force India,8.472346444508906,7,6,0,6
2015,18,Brazilian Grand Prix,2015-11-15,Autódromo José Carlos Pace,Valtteri Bottas,BOT,Williams,8.515783116159621,8,4,0,4
2015,18,Brazilian Grand Prix,2015-11-15,Autódromo José Carlos Pace,Felipe Massa,MAS,Williams,8.620955409640722,9,2,0,2
2015,18,Brazilian Grand Prix,2015-11-15,Autódromo José Carlos Pace,Nico Hülkenberg,HUL,Force India,9.627001665355571,10,1,0,1
2015,18,Brazilian Grand Prix,2015-11-15,Autódromo José Carlos Pace,Max Verstappen,VER,Toro Rosso,10.60052103328217,11,0,0,0
2015,18,Brazilian Grand Prix,2015-11-15,Autódromo José Carlos Pace,Jenson Button,BUT,McLaren,11.63321634335636,12,0,0,0
2015,18,Brazilian Grand Prix,2015-11-15,Autódromo José Carlos Pace,Carlos Sainz,SAI,Toro Rosso,12.055312464988091,13,0,0,0
2015,18,Brazilian Grand Prix,2015-11-15,Autódromo José Carlos Pace,Fernando Alonso,ALO,McLaren,12.250954994809984,14,0,0,0
2015,18,Brazilian Grand Prix,2015-11-15,Autódromo José Carlos Pace,Romain Grosjean,GRO,Lotus F1,12.25902463571059,15,0,0,0
2015,18,Brazilian Grand Prix,2015-11-15,Autódromo José Carlos Pace,Pastor Maldonado,MAL,Lotus F1,12.46973106120146,16,0,0,0
2015,18,Brazilian Grand Prix,2015-11-15,Autódromo José Carlos Pace,Felipe Nasr,NAS,Sauber,12.857737236151692,17,0,0,0
2015,18,Brazilian Grand Prix,2015-11-15,Autódromo José Carlos Pace,Marcus Ericsson,ERI,Sauber,13.436334439522804,18,0,0,0
2015,18,Brazilian Grand Prix,2015-11-15,Autódromo José Carlos Pace,Alexander Rossi,RSS,Manor Marussia,15.780868153734364,19,0,0,0
2015,18,Brazilian Grand Prix,2015-11-15,Autódromo José Carlos Pace,Will Stevens,STE,Manor Marussia,15.998757453364089,20,0,0,0
2015,19,Abu Dhabi Grand Prix,2015-11-29,Yas Marina Circuit,Lewis Hamilton,HAM,Mercedes,2.6880856935285227,1,25,0,25
2015,19,Abu Dhabi Grand Prix,2015-11-29,Yas Marina Circuit,Nico Rosberg,ROS,Mercedes,3.3745346431708825,2,18,0,18
2015,19,Abu Dhabi Grand Prix,2015-11-29,Yas Marina Circuit,Sebastian Vettel,VET,Ferrari,5.5073746398147225,3,15,0,15
2015,19,Abu Dhabi Grand Prix,2015-11-29,Yas Marina Circuit,Kimi Räikkönen,RAI,Ferrari,6.635919020408226,4,12,0,12
2015,19,Abu Dhabi Grand Prix,2015-11-29,Yas Marina Circuit,Sergio Pérez,PER,Force India,8.092054792966211,5,10,0,10
2015,19,Abu Dhabi Grand Prix,2015-11-29,Yas Marina Circuit,Valtteri Bottas,BOT,Williams,8.099819285058127,6,8,0,8
2015,19,Abu Dhabi Grand Prix,2015-11-29,Yas Marina Circuit,Felipe Massa,MAS,Williams,8.434219507905887,7,6,0,6
2015,19,Abu Dhabi Grand Prix,2015-11-29,Yas Marina Circuit,Nico Hülkenberg,HUL,Force India,8.795886279466782,8,4,0,4
2015,19,Abu Dhabi Grand Prix,2015-11-29,Yas Marina Circuit,Daniil Kvyat,KVY,Red Bull,9.547571284734456,9,2,0,2
2015,19,Abu Dhabi Grand Prix,2015-11-29,Yas Marina Circuit,Daniel Ricciardo,RIC,Red Bull,10.072635846027634,10,1,0,1
2015,19,Abu Dhabi Grand Prix,2015-11-29,Yas Marina Circuit,Max Verstappen,VER,Toro Rosso,10.602782555428073,11,0,0,0
2015,19,Abu Dhabi Grand Prix,2015-11-29,Yas Marina Circuit,Jenson Button,BUT,McLaren,11.660565619150905,12,0,0,0
2015,19,Abu Dhabi Grand Prix,2015-11-29,Yas Marina Circuit,Carlos Sainz,SAI,Toro Rosso,11.97411072063837,13,0,0,0
2015,19,Abu Dhabi Grand Prix,2015-11-29,Yas Marina Circuit,Romain Grosjean,GRO,Lotus F1,12.155175363366055,14,0,0,0
2015,19,Abu Dhabi Grand Prix,2015-11-29,Yas Marina Circuit,Pastor Maldonado,MAL,Lotus F1,12.483535595270036,15,0,0,0
2015,19,Abu Dhabi Grand Prix,2015-11-29,Yas Marina Circuit,Felipe Nasr,NAS,Sauber,12.719883449632334,16,0,0,0
2015,19,Abu Dhabi Grand Prix,2015-11-29,Yas Marina Circuit,Fernando Alonso,ALO,McLaren,13.144181262854884,17,0,0,0
2015,19,Abu Dhabi Grand Prix,2015-11-29,Yas Marina Circuit,Marcus Ericsson,ERI,Sauber,13.968298809938412,18,0,0,0
2015,19,Abu Dhabi Grand Prix,2015-11-29,Yas Marina Circuit,Will Stevens,STE,Manor Marussia,16.1753743978046,19,0,0,0
2015,19,Abu Dhabi Grand Prix,2015-11-29,Yas Marina Circuit,Roberto Merhi,MER,Manor Marussia,16.209548268355498,20,0,0,0
2016,1,Australian Grand Prix,2016-03-20,Albert Park Grand Prix Circuit,Lewis Hamilton,HAM,Mercedes,2.98036481293794,1,25,0,25
2016,1,Australian Grand Prix,2016-03-20,Albert Park Grand Prix Circuit,Nico Rosberg,ROS,Mercedes,3.087992997232605,2,18,0,18
2016,1,Australian Grand Prix,2016-03-20,Albert Park Grand Prix Circuit,Sebastian Vettel,VET,Ferrari,6.149589019555961,3,15,0,15
2016,1,Australian Grand Prix,2016-03-20,Albert Park Grand Prix Circuit,Kimi Räikkönen,RAI,Ferrari,6.736563392787144,4,12,0,12
2016,1,Australian Grand Prix,2016-03-20,Albert Park Grand Prix Circuit,Sergio Pérez,PER,Force India,7.849721127888027,5,10,0,10
2016,1,Australian Grand Prix,2016-03-20,Albert Park Grand Prix Circuit,Nico Hülkenberg,HUL,Force India,8.696486753773494,6,8,0,8
2016,1,Australian Grand Prix,2016-03-20,Albert Park Grand Prix Circuit,Felipe Massa,MAS,Williams,8.993650326639314,7,6,0,6
2016,1,Australian Grand Prix,2016-03-20,Albert Park Grand Prix Circuit,Valtteri Bottas,BOT,Williams,9.221873254468465,8,4,0,4
2016,1,Australian Grand Prix,2016-03-20,Albert Park Grand Prix Circuit,Daniil Kvyat,KVY,Red Bull,9.307703955457686,9,2,0,2
2016,1,Australian Grand Prix,2016-03-20,Albert Park Grand Prix Circuit,Daniel Ricciardo,RIC,Red Bull,9.617445475434462,10,1,0,1
2016,1,Australian Grand Prix,2016-03-20,Albert Park Grand Prix Circuit,Jenson Button,BUT,McLaren,11.33953713505615,11,0,0,0
2016,1,Australian Grand Prix,2016-03-20,Albert Park Grand Prix Circuit,Max Verstappen,VER,Toro Rosso,11.564175718888052,12,0,0,0
2016,1,Australian Grand Prix,2016-03-20,Albert Park Grand Prix Circuit,Carlos Sainz,SAI,Toro Rosso,11.66684566140048,13,0,0,0
2016,1,Australian Grand Prix,2016-03-20,Albert Park Grand Prix Circuit,Felipe Nasr,NAS,Sauber,11.793183539916994,14,0,0,0
2016,1,Australian Grand Prix,2016-03-20,Albert Park Grand Prix Circuit,Romain Grosjean,GRO,Haas F1 Team,12.223301379388884,15,0,0,0
2016,1,Australian Grand Prix,2016-03-20,Albert Park Grand Prix Circuit,Jolyon Palmer,PAL,Renault,12.276938329042926,16,0,0,0
2016,1,Australian Grand Prix,2016-03-20,Albert Park Grand Prix Circuit,Kevin Magnussen,MAG,Renault,12.340277228534232,17,0,0,0
2016,1,Australian Grand Prix,2016-03-20,Albert Park Grand Prix Circuit,Fernando Alonso,ALO,McLaren,12.656374216732612,18,0,0,0
2016,1,Australian Grand Prix,2016-03-20,Albert Park Grand Prix Circuit,Esteban Gutiérrez,GUT,Haas F1 Team,13.490053731463156,19,0,0,0
2016,1,Australian Grand Prix,2016-03-20,Albert Park Grand Prix Circuit,Marcus Ericsson,ERI,Sauber,13.78692799314505,20,0,0,0
2016,1,Australian Grand Prix,2016-03-20,Albert Park Grand Prix Circuit,Pascal Wehrlein,WEH,Manor Marussia,15.340185458395004,21,0,0,0
2016,1,Australian Grand Prix,2016-03-20,Albert Park Grand Prix Circuit,Rio Haryanto,HAR,Manor Marussia,16.29146293372369,22,0,0,0
2016,2,Bahrain Grand Prix,2016-04-03,Bahrain International Circuit,Lewis Hamilton,HAM,Mercedes,2.670568334542023,1,25,0,25
2016,2,Bahrain Grand Prix,2016-04-03,Bahrain International Circuit,Nico Rosberg,ROS,Mercedes,2.987348624853687,2,18,0,18
2016,2,Bahrain Grand Prix,2016-04-03,Bahrain International Circuit,Sebastian Vettel,VET,Ferrari,6.047065603002849,3,15,0,15
2016,2,Bahrain Grand Prix,2016-04-03,Bahrain International Circuit,Kimi Räikkönen,RAI,Ferrari,6.572225305017404,4,12,0,12
2016,2,Bahrain Grand Prix,2016-04-03,Bahrain International Circuit,Daniel Ricciardo,RIC,Red Bull,7.959303935839752,5,10,0,10
2016,2,Bahrain Grand Prix,2016-04-03,Bahrain International Circuit,Valtteri Bottas,BOT,Williams,8.08517234168472,6,8,0,8
2016,2,Bahrain Grand Prix,2016-04-03,Bahrain International Circuit,Sergio Pérez,PER,Force India,8.120455617765167,7,6,0,6
2016,2,Bahrain Grand Prix,2016-04-03,Bahrain International Circuit,Nico Hülkenberg,HUL,Force India,8.497250313017203,8,4,0,4
2016,2,Bahrain Grand Prix,2016-04-03,Bahrain International Circuit,Felipe Massa,MAS,Williams,8.878879367861584,9,2,0,2
2016,2,Bahrain Grand Prix,2016-04-03,Bahrain International Circuit,Daniil Kvyat,KVY,Red Bull,9.271636445557906,10,1,0,1
2016,2,Bahrain Grand Prix,2016-04-03,Bahrain International Circuit,Romain Grosjean,GRO,Haas F1 Team,11.24718457089704,11,0,0,0
2016,2,Bahrain Grand Prix,2016-04-03,Bahrain International Circuit,Max Verstappen,VER,Toro Rosso,11.501441363799351,12,0,0,0
2016,2,Bahrain Grand Prix,2016-04-03,Bahrain International Circuit,Carlos Sainz,SAI,Toro Rosso,12.219519978029773,13,0,0,0
2016,2,Bahrain Grand Prix,2016-04-03,Bahrain International Circuit,Esteban Gutiérrez,GUT,Haas F1 Team,12.658577399942333,14,0,0,0
2016,2,Bahrain Grand Prix,2016-04-03,Bahrain International Circuit,Kevin Magnussen,MAG,Renault,13.155013883124258,15,0,0,0
2016,2,Bahrain Grand Prix,2016-04-03,Bahrain International Circuit,Stoffel Vandoorne,VAN,McLaren,13.521074888831212,16,0,0,0
2016,2,Bahrain Grand Prix,2016-04-03,Bahrain International Circuit,Jenson Button,BUT,McLaren,13.609583095706425,17,0,0,0
2016,2,Bahrain Grand Prix,2016-04-03,Bahrain International Circuit,Felipe Nasr,NAS,Sauber,13.614253173226938,18,0,0,0
2016,2,Bahrain Grand Prix,2016-04-03,Bahrain International Circuit,Jolyon Palmer,PAL,Renault,13.755820481656253,19,0,0,0
2016,2,Bahrain Grand Prix,2016-04-03,Bahrain International Circuit,Marcus Ericsson,ERI,Sauber,14.072400609027,20,0,0,0
2016,2,Bahrain Grand Prix,2016-04-03,Bahrain International Circuit,Pascal Wehrlein,WEH,Manor Marussia,16.492379297378253,21,0,0,0
2016,2,Bahrain Grand Prix,2016-04-03,Bahrain International Circuit,Rio Haryanto,HAR,Manor Marussia,17.219837899388608,22,0,0,0
2016,3,Chinese Grand Prix,2016-04-17,Shanghai International Circuit,Lewis Hamilton,HAM,Mercedes,2.6421675097430626,1,25,0,25
2016,3,Chinese Grand Prix,2016-04-17,Shanghai International Circuit,Nico Rosberg,ROS,Mercedes,2.9589478000547267,2,18,0,18
2016,3,Chinese Grand Prix,2016-04-17,Shanghai International Circuit,Sebastian Vettel,VET,Ferrari,5.608100109537724,3,15,0,15
2016,3,Chinese Grand Prix,2016-04-17,Shanghai International Circuit,Kimi Räikkönen,RAI,Ferrari,5.758537213489582,4,12,0,12
2016,3,Chinese Grand Prix,2016-04-17,Shanghai International Circuit,Daniel Ricciardo,RIC,Red Bull,6.343802544532391,5,10,0,10
2016,3,Chinese Grand Prix,2016-04-17,Shanghai International Circuit,Daniil Kvyat,KVY,Red Bull,7.9387264866279,6,8,0,8
2016,3,Chinese Grand Prix,2016-04-17,Shanghai International Circuit,Valtteri Bottas,BOT,Williams,7.977966102160196,7,6,0,6
2016,3,Chinese Grand Prix,2016-04-17,Shanghai International Circuit,Felipe Massa,MAS,Williams,8.556601190860585,8,4,0,4
2016,3,Chinese Grand Prix,2016-04-17,Shanghai International Circuit,Romain Grosjean,GRO,Haas F1 Team,9.206866167925073,9,2,0,2
2016,3,Chinese Grand Prix,2016-04-17,Shanghai International Circuit,Nico Hülkenberg,HUL,Force India,10.412600461223567,10,1,0,1
2016,3,Chinese Grand Prix,2016-04-17,Shanghai International Circuit,Sergio Pérez,PER,Force India,11.428673239474794,11,0,0,0
2016,3,Chinese Grand Prix,2016-04-17,Shanghai International Circuit,Max Verstappen,VER,Toro Rosso,11.550951201283008,12,0,0,0
2016,3,Chinese Grand Prix,2016-04-17,Shanghai International Circuit,Esteban Gutiérrez,GUT,Haas F1 Team,11.790229402910596,13,0,0,0
2016,3,Chinese Grand Prix,2016-04-17,Shanghai International Circuit,Carlos Sainz,SAI,Toro Rosso,12.66557498348115,14,0,0,0
2016,3,Chinese Grand Prix,2016-04-17,Shanghai International Circuit,Kevin Magnussen,MAG,Renault,13.578871644827736,15,0,0,0
2016,3,Chinese Grand Prix,2016-04-17,Shanghai International Circuit,Fernando Alonso,ALO,McLaren,14.145492554995778,16,0,0,0
2016,3,Chinese Grand Prix,2016-04-17,Shanghai International Circuit,Jolyon Palmer,PAL,Renault,14.268047864959383,17,0,0,0
2016,3,Chinese Grand Prix,2016-04-17,Shanghai International Circuit,Felipe Nasr,NAS,Sauber,14.487628277250126,18,0,0,0
2016,3,Chinese Grand Prix,2016-04-17,Shanghai International Circuit,Marcus Ericsson,ERI,Sauber,14.49187879433815,19,0,0,0
2016,3,Chinese Grand Prix,2016-04-17,Shanghai International Circuit,Jenson Button,BUT,McLaren,15.276801088429066,20,0,0,0
2016,3,Chinese Grand Prix,2016-04-17,Shanghai International Circuit,Pascal Wehrlein,WEH,Manor Marussia,16.209548268355498,21,0,0,0
2016,3,Chinese Grand Prix,2016-04-17,Shanghai International Circuit,Rio Haryanto,HAR,Manor Marussia,17.44365677270691,22,0,0,0
2016,4,Russian Grand Prix,2016-05-01,Sochi Autodrom,Lewis Hamilton,HAM,Mercedes,2.7938479553655133,1,25,0,25
2016,4,Russian Grand Prix,2016-05-01,Sochi Autodrom,Nico Rosberg,ROS,Mercedes,3.224998879412724,2,18,0,18
2016,4,Russian Grand Prix,2016-05-01,Sochi Autodrom,Sebastian Vettel,VET,Ferrari,5.330851169473966,3,15,0,15
2016,4,Russian Grand Prix,2016-05-01,Sochi Autodrom,Kimi Räikkönen,RAI,Ferrari,5.346900564383663,4,12,0,12
2016,4,Russian Grand Prix,2016-05-01,Sochi Autodrom,Daniel Ricciardo,RIC,Red Bull,6.611157969272388,5,10,0,10
2016,4,Russian Grand Prix,2016-05-01,Sochi Autodrom,Daniil Kvyat,KVY,Red Bull,7.748956905050603,6,8,0,8
2016,4,Russian Grand Prix,2016-05-01,Sochi Autodrom,Felipe Massa,MAS,Williams,8.435093922669907,7,6,0,6
2016,4,Russian Grand Prix,2016-05-01,Sochi Autodrom,Valtteri Bottas,BOT,Williams,9.368898875988162,8,4,0,4
2016,4,Russian Grand Prix,2016-05-01,Sochi Autodrom,Sergio Pérez,PER,Force India,10.07266222090352,9,2,0,2
2016,4,Russian Grand Prix,2016-05-01,Sochi Autodrom,Romain Grosjean,GRO,Haas F1 Team,11.36035565139314,10,1,0,1
2016,4,Russian Grand Prix,2016-05-01,Sochi Autodrom,Nico Hülkenberg,HUL,Force India,11.461984747807373,11,0,0,0
2016,4,Russian Grand Prix,2016-05-01,Sochi Autodrom,Max Verstappen,VER,Toro Rosso,11.533439247712211,12,0,0,0
2016,4,Russian Grand Prix,2016-05-01,Sochi Autodrom,Carlos Sainz,SAI,Toro Rosso,12.46217570550217,13,0,0,0
2016,4,Russian Grand Prix,2016-05-01,Sochi Autodrom,Jenson Button,BUT,McLaren,13.36574965604004,14,0,0,0
2016,4,Russian Grand Prix,2016-05-01,Sochi Autodrom,Felipe Nasr,NAS,Sauber,13.754876830716336,15,0,0,0
2016,4,Russian Grand Prix,2016-05-01,Sochi Autodrom,Esteban Gutiérrez,GUT,Haas F1 Team,13.919882610001588,16,0,0,0
2016,4,Russian Grand Prix,2016-05-01,Sochi Autodrom,Fernando Alonso,ALO,McLaren,14.206534177653472,17,0,0,0
2016,4,Russian Grand Prix,2016-05-01,Sochi Autodrom,Kevin Magnussen,MAG,Renault,14.319170986738936,18,0,0,0
2016,4,Russian Grand Prix,2016-05-01,Sochi Autodrom,Marcus Ericsson,ERI,Sauber,14.965329444751852,19,0,0,0
2016,4,Russian Grand Prix,2016-05-01,Sochi Autodrom,Jolyon Palmer,PAL,Renault,15.26353674681615,20,0,0,0
2016,4,Russian Grand Prix,2016-05-01,Sochi Autodrom,Pascal Wehrlein,WEH,Manor Marussia,16.619923547049787,21,0,0,0
2016,4,Russian Grand Prix,2016-05-01,Sochi Autodrom,Rio Haryanto,HAR,Manor Marussia,17.185106620548737,22,0,0,0
2016,5,Spanish Grand Prix,2016-05-15,Circuit de Barcelona-Catalunya,Lewis Hamilton,HAM,Mercedes,2.868264287693012,1,25,0,25
2016,5,Spanish Grand Prix,2016-05-15,Circuit de Barcelona-Catalunya,Nico Rosberg,ROS,Mercedes,3.033364132382224,2,18,0,18
2016,5,Spanish Grand Prix,2016-05-15,Circuit de Barcelona-Catalunya,Sebastian Vettel,VET,Ferrari,4.986473072247401,3,15,0,15
2016,5,Spanish Grand Prix,2016-05-15,Circuit de Barcelona-Catalunya,Kimi Räikkönen,RAI,Ferrari,5.655110778772668,4,12,0,12
2016,5,Spanish Grand Prix,2016-05-15,Circuit de Barcelona-Catalunya,Daniel Ricciardo,RIC,Red Bull,6.2915664315344,5,10,0,10
2016,5,Spanish Grand Prix,2016-05-15,Circuit de Barcelona-Catalunya,Felipe Massa,MAS,Williams,8.496110532076957,6,8,0,8
2016,5,Spanish Grand Prix,2016-05-15,Circuit de Barcelona-Catalunya,Valtteri Bottas,BOT,Williams,8.510199317280911,7,6,0,6
2016,5,Spanish Grand Prix,2016-05-15,Circuit de Barcelona-Catalunya,Max Verstappen,VER,Red Bull,9.293157351562408,8,4,0,4
2016,5,Spanish Grand Prix,2016-05-15,Circuit de Barcelona-Catalunya,Romain Grosjean,GRO,Haas F1 Team,10.533880227772292,9,2,0,2
2016,5,Spanish Grand Prix,2016-05-15,Circuit de Barcelona-Catalunya,Sergio Pérez,PER,Force India,11.036077801009856,10,1,0,1
2016,5,Spanish Grand Prix,2016-05-15,Circuit de Barcelona-Catalunya,Nico Hülkenberg,HUL,Force India,11.7624765650482,11,0,0,0
2016,5,Spanish Grand Prix,2016-05-15,Circuit de Barcelona-Catalunya,Daniil Kvyat,KVY,Toro Rosso,11.85339849632383,12,0,0,0
2016,5,Spanish Grand Prix,2016-05-15,Circuit de Barcelona-Catalunya,Fernando Alonso,ALO,McLaren,12.22721975191321,13,0,0,0
2016,5,Spanish Grand Prix,2016-05-15,Circuit de Barcelona-Catalunya,Carlos Sainz,SAI,Toro Rosso,12.316389179558431,14,0,0,0
2016,5,Spanish Grand Prix,2016-05-15,Circuit de Barcelona-Catalunya,Kevin Magnussen,MAG,Renault,12.671662999310984,15,0,0,0
2016,5,Spanish Grand Prix,2016-05-15,Circuit de Barcelona-Catalunya,Jenson Button,BUT,McLaren,13.311191551664232,16,0,0,0
2016,5,Spanish Grand Prix,2016-05-15,Circuit de Barcelona-Catalunya,Jolyon Palmer,PAL,Renault,13.4816756115457,17,0,0,0
2016,5,Spanish Grand Prix,2016-05-15,Circuit de Barcelona-Catalunya,Esteban Gutiérrez,GUT,Haas F1 Team,13.805084929816212,18,0,0,0
2016,5,Spanish Grand Prix,2016-05-15,Circuit de Barcelona-Catalunya,Marcus Ericsson,ERI,Sauber,14.707179724639015,19,0,0,0
2016,5,Spanish Grand Prix,2016-05-15,Circuit de Barcelona-Catalunya,Felipe Nasr,NAS,Sauber,14.98521136059899,20,0,0,0
2016,5,Spanish Grand Prix,2016-05-15,Circuit de Barcelona-Catalunya,Pascal Wehrlein,WEH,Manor Marussia,16.522683574808138,21,0,0,0
2016,5,Spanish Grand Prix,2016-05-15,Circuit de Barcelona-Catalunya,Rio Haryanto,HAR,Manor Marussia,16.604424733985812,22,0,0,0
2016,6,Monaco Grand Prix,2016-05-29,Circuit de Monaco,Nico Rosberg,ROS,Mercedes,3.2517001931808203,1,25,0,25
2016,6,Monaco Grand Prix,2016-05-29,Circuit de Monaco,Lewis Hamilton,HAM,Mercedes,3.954304113008884,2,18,0,18
2016,6,Monaco Grand Prix,2016-05-29,Circuit de Monaco,Sebastian Vettel,VET,Ferrari,5.646987089705787,3,15,0,15
2016,6,Monaco Grand Prix,2016-05-29,Circuit de Monaco,Kimi Räikkönen,RAI,Ferrari,5.707580007206314,4,12,0,12
2016,6,Monaco Grand Prix,2016-05-29,Circuit de Monaco,Daniel Ricciardo,RIC,Red Bull,5.737479133928493,5,10,0,10
2016,6,Monaco Grand Prix,2016-05-29,Circuit de Monaco,Max Verstappen,VER,Red Bull,6.93750454070047,6,8,0,8
2016,6,Monaco Grand Prix,2016-05-29,Circuit de Monaco,Felipe Massa,MAS,Williams,7.916355620364132,7,6,0,6
2016,6,Monaco Grand Prix,2016-05-29,Circuit de Monaco,Valtteri Bottas,BOT,Williams,8.51856313132587,8,4,0,4
2016,6,Monaco Grand Prix,2016-05-29,Circuit de Monaco,Sergio Pérez,PER,Force India,11.05519247149427,9,2,0,2
2016,6,Monaco Grand Prix,2016-05-29,Circuit de Monaco,Daniil Kvyat,KVY,Toro Rosso,11.546028688930663,10,1,0,1
2016,6,Monaco Grand Prix,2016-05-29,Circuit de Monaco,Nico Hülkenberg,HUL,Force India,11.733311452499636,11,0,0,0
2016,6,Monaco Grand Prix,2016-05-29,Circuit de Monaco,Carlos Sainz,SAI,Toro Rosso,11.7667342415564,12,0,0,0
2016,6,Monaco Grand Prix,2016-05-29,Circuit de Monaco,Romain Grosjean,GRO,Haas F1 Team,11.925243615813878,13,0,0,0
2016,6,Monaco Grand Prix,2016-05-29,Circuit de Monaco,Jenson Button,BUT,McLaren,12.012637523493968,14,0,0,0
2016,6,Monaco Grand Prix,2016-05-29,Circuit de Monaco,Fernando Alonso,ALO,McLaren,12.932450035081857,15,0,0,0
2016,6,Monaco Grand Prix,2016-05-29,Circuit de Monaco,Kevin Magnussen,MAG,Renault,13.26891981106145,16,0,0,0
2016,6,Monaco Grand Prix,2016-05-29,Circuit de Monaco,Esteban Gutiérrez,GUT,Haas F1 Team,13.549523579032236,17,0,0,0
2016,6,Monaco Grand Prix,2016-05-29,Circuit de Monaco,Jolyon Palmer,PAL,Renault,13.945905585549216,18,0,0,0
2016,6,Monaco Grand Prix,2016-05-29,Circuit de Monaco,Marcus Ericsson,ERI,Sauber,14.376498942424382,19,0,0,0
2016,6,Monaco Grand Prix,2016-05-29,Circuit de Monaco,Felipe Nasr,NAS,Sauber,14.612070895347706,20,0,0,0
2016,6,Monaco Grand Prix,2016-05-29,Circuit de Monaco,Pascal Wehrlein,WEH,Manor Marussia,16.538776338784423,21,0,0,0
2016,6,Monaco Grand Prix,2016-05-29,Circuit de Monaco,Rio Haryanto,HAR,Manor Marussia,16.798885790449788,22,0,0,0
2016,7,Canadian Grand Prix,2016-06-12,Circuit Gilles Villeneuve,Lewis Hamilton,HAM,Mercedes,3.5917009165348173,1,25,0,25
2016,7,Canadian Grand Prix,2016-06-12,Circuit Gilles Villeneuve,Nico Rosberg,ROS,Mercedes,3.6102781719205863,2,18,0,18
2016,7,Canadian Grand Prix,2016-06-12,Circuit Gilles Villeneuve,Sebastian Vettel,VET,Ferrari,5.136910176199258,3,15,0,15
2016,7,Canadian Grand Prix,2016-06-12,Circuit Gilles Villeneuve,Kimi Räikkönen,RAI,Ferrari,5.408489864670721,4,12,0,12
2016,7,Canadian Grand Prix,2016-06-12,Circuit Gilles Villeneuve,Daniel Ricciardo,RIC,Red Bull,5.737479133928493,5,10,0,10
2016,7,Canadian Grand Prix,2016-06-12,Circuit Gilles Villeneuve,Max Verstappen,VER,Red Bull,6.9821119225050605,6,8,0,8
2016,7,Canadian Grand Prix,2016-06-12,Circuit Gilles Villeneuve,Valtteri Bottas,BOT,Williams,7.962578895404616,7,6,0,6
2016,7,Canadian Grand Prix,2016-06-12,Circuit Gilles Villeneuve,Felipe Massa,MAS,Williams,8.583713638854997,8,4,0,4
2016,7,Canadian Grand Prix,2016-06-12,Circuit Gilles Villeneuve,Sergio Pérez,PER,Force India,8.771287819247092,9,2,0,2
2016,7,Canadian Grand Prix,2016-06-12,Circuit Gilles Villeneuve,Nico Hülkenberg,HUL,Force India,10.044482202991546,10,1,0,1
2016,7,Canadian Grand Prix,2016-06-12,Circuit Gilles Villeneuve,Fernando Alonso,ALO,McLaren,11.526898823699243,11,0,0,0
2016,7,Canadian Grand Prix,2016-06-12,Circuit Gilles Villeneuve,Daniil Kvyat,KVY,Toro Rosso,11.546316380663916,12,0,0,0
2016,7,Canadian Grand Prix,2016-06-12,Circuit Gilles Villeneuve,Carlos Sainz,SAI,Toro Rosso,11.86552438822554,13,0,0,0
2016,7,Canadian Grand Prix,2016-06-12,Circuit Gilles Villeneuve,Jenson Button,BUT,McLaren,12.279902229572604,14,0,0,0
2016,7,Canadian Grand Prix,2016-06-12,Circuit Gilles Villeneuve,Romain Grosjean,GRO,Haas F1 Team,12.40031048439324,15,0,0,0
2016,7,Canadian Grand Prix,2016-06-12,Circuit Gilles Villeneuve,Esteban Gutiérrez,GUT,Haas F1 Team,13.361338299043176,16,0,0,0
2016,7,Canadian Grand Prix,2016-06-12,Circuit Gilles Villeneuve,Kevin Magnussen,MAG,Renault,14.412569633333549,17,0,0,0
2016,7,Canadian Grand Prix,2016-06-12,Circuit Gilles Villeneuve,Marcus Ericsson,ERI,Sauber,14.707179724639015,18,0,0,0
2016,7,Canadian Grand Prix,2016-06-12,Circuit Gilles Villeneuve,Felipe Nasr,NAS,Sauber,15.042077492510852,19,0,0,0
2016,7,Canadian Grand Prix,2016-06-12,Circuit Gilles Villeneuve,Jolyon Palmer,PAL,Renault,15.509393247074035,20,0,0,0
2016,7,Canadian Grand Prix,2016-06-12,Circuit Gilles Villeneuve,Pascal Wehrlein,WEH,Manor Marussia,16.452118876895145,21,0,0,0
2016,7,Canadian Grand Prix,2016-06-12,Circuit Gilles Villeneuve,Rio Haryanto,HAR,Manor Marussia,16.856604708208913,22,0,0,0
2016,8,European Grand Prix,2016-06-19,Baku City Circuit,Lewis Hamilton,HAM,Mercedes,3.366497341529879,1,25,0,25
2016,8,European Grand Prix,2016-06-19,Baku City Circuit,Nico Rosberg,ROS,Mercedes,4.082516187905915,2,18,0,18
2016,8,European Grand Prix,2016-06-19,Baku City Circuit,Sebastian Vettel,VET,Ferrari,5.353052890032638,3,15,0,15
2016,8,European Grand Prix,2016-06-19,Baku City Circuit,Kimi Räikkönen,RAI,Ferrari,5.42930060691401,4,12,0,12
2016,8,European Grand Prix,2016-06-19,Baku City Circuit,Max Verstappen,VER,Red Bull,5.800168092982954,5,10,0,10
2016,8,European Grand Prix,2016-06-19,Baku City Circuit,Daniel Ricciardo,RIC,Red Bull,6.203411820790115,6,8,0,8
2016,8,European Grand Prix,2016-06-19,Baku City Circuit,Valtteri Bottas,BOT,Williams,8.090049430193016,7,6,0,6
2016,8,European Grand Prix,2016-06-19,Baku City Circuit,Felipe Massa,MAS,Williams,8.46851428033884,8,4,0,4
2016,8,European Grand Prix,2016-06-19,Baku City Circuit,Sergio Pérez,PER,Force India,9.071583183365512,9,2,0,2
2016,8,European Grand Prix,2016-06-19,Baku City Circuit,Nico Hülkenberg,HUL,Force India,10.829177584267086,10,1,0,1
2016,8,European Grand Prix,2016-06-19,Baku City Circuit,Fernando Alonso,ALO,McLaren,11.930395910119314,11,0,0,0
2016,8,European Grand Prix,2016-06-19,Baku City Circuit,Carlos Sainz,SAI,Toro Rosso,12.172183277997377,12,0,0,0
2016,8,European Grand Prix,2016-06-19,Baku City Circuit,Daniil Kvyat,KVY,Toro Rosso,12.302582717643162,13,0,0,0
2016,8,European Grand Prix,2016-06-19,Baku City Circuit,Jenson Button,BUT,McLaren,12.47448111615327,14,0,0,0
2016,8,European Grand Prix,2016-06-19,Baku City Circuit,Romain Grosjean,GRO,Haas F1 Team,13.620300727013714,15,0,0,0
2016,8,European Grand Prix,2016-06-19,Baku City Circuit,Esteban Gutiérrez,GUT,Haas F1 Team,13.762783148576062,16,0,0,0
2016,8,European Grand Prix,2016-06-19,Baku City Circuit,Kevin Magnussen,MAG,Renault,14.838935197629214,17,0,0,0
2016,8,European Grand Prix,2016-06-19,Baku City Circuit,Jolyon Palmer,PAL,Renault,15.18601419475602,18,0,0,0
2016,8,European Grand Prix,2016-06-19,Baku City Circuit,Marcus Ericsson,ERI,Sauber,15.63860183738494,19,0,0,0
2016,8,European Grand Prix,2016-06-19,Baku City Circuit,Felipe Nasr,NAS,Sauber,15.840398373038385,20,0,0,0
2016,8,European Grand Prix,2016-06-19,Baku City Circuit,Pascal Wehrlein,WEH,Manor Marussia,16.694534312655772,21,0,0,0
2016,8,European Grand Prix,2016-06-19,Baku City Circuit,Rio Haryanto,HAR,Manor Marussia,17.534225014943534,22,0,0,0
2016,9,Austrian Grand Prix,2016-07-03,Red Bull Ring,Lewis Hamilton,HAM,Mercedes,3.137542473154358,1,25,0,25
2016,9,Austrian Grand Prix,2016-07-03,Red Bull Ring,Nico Rosberg,ROS,Mercedes,3.8501879004289385,2,18,0,18
2016,9,Austrian Grand Prix,2016-07-03,Red Bull Ring,Sebastian Vettel,VET,Ferrari,5.353052890032638,3,15,0,15
2016,9,Austrian Grand Prix,2016-07-03,Red Bull Ring,Kimi Räikkönen,RAI,Ferrari,5.621554643028102,4,12,0,12
2016,9,Austrian Grand Prix,2016-07-03,Red Bull Ring,Max Verstappen,VER,Red Bull,5.871002214404888,5,10,0,10
2016,9,Austrian Grand Prix,2016-07-03,Red Bull Ring,Daniel Ricciardo,RIC,Red Bull,6.439214918705462,6,8,0,8
2016,9,Austrian Grand Prix,2016-07-03,Red Bull Ring,Valtteri Bottas,BOT,Williams,6.681281910477571,7,6,0,6
2016,9,Austrian Grand Prix,2016-07-03,Red Bull Ring,Sergio Pérez,PER,Force India,7.588726759178499,8,4,0,4
2016,9,Austrian Grand Prix,2016-07-03,Red Bull Ring,Felipe Massa,MAS,Williams,9.02632011600023,9,2,0,2
2016,9,Austrian Grand Prix,2016-07-03,Red Bull Ring,Nico Hülkenberg,HUL,Force India,9.352154236821264,10,1,0,1
2016,9,Austrian Grand Prix,2016-07-03,Red Bull Ring,Fernando Alonso,ALO,McLaren,12.112447132845544,11,0,0,0
2016,9,Austrian Grand Prix,2016-07-03,Red Bull Ring,Jenson Button,BUT,McLaren,12.396204329812544,12,0,0,0
2016,9,Austrian Grand Prix,2016-07-03,Red Bull Ring,Carlos Sainz,SAI,Toro Rosso,12.406506801259466,13,0,0,0
2016,9,Austrian Grand Prix,2016-07-03,Red Bull Ring,Kevin Magnussen,MAG,Renault,12.92790821937756,14,0,0,0
2016,9,Austrian Grand Prix,2016-07-03,Red Bull Ring,Romain Grosjean,GRO,Haas F1 Team,13.24353979633323,15,0,0,0
2016,9,Austrian Grand Prix,2016-07-03,Red Bull Ring,Daniil Kvyat,KVY,Toro Rosso,13.526080809342618,16,0,0,0
2016,9,Austrian Grand Prix,2016-07-03,Red Bull Ring,Esteban Gutiérrez,GUT,Haas F1 Team,13.978666250605322,17,0,0,0
2016,9,Austrian Grand Prix,2016-07-03,Red Bull Ring,Jolyon Palmer,PAL,Renault,14.455653597920511,18,0,0,0
2016,9,Austrian Grand Prix,2016-07-03,Red Bull Ring,Felipe Nasr,NAS,Sauber,14.711396710296215,19,0,0,0
2016,9,Austrian Grand Prix,2016-07-03,Red Bull Ring,Marcus Ericsson,ERI,Sauber,14.925069024268742,20,0,0,0
2016,9,Austrian Grand Prix,2016-07-03,Red Bull Ring,Pascal Wehrlein,WEH,Manor Marussia,16.3903715003825,21,0,0,0
2016,9,Austrian Grand Prix,2016-07-03,Red Bull Ring,Rio Haryanto,HAR,Manor Marussia,16.985687407751605,22,0,0,0
2016,10,British Grand Prix,2016-07-10,Silverstone Circuit,Lewis Hamilton,HAM,Mercedes,3.0270225845760828,1,25,0,25
2016,10,British Grand Prix,2016-07-10,Silverstone Circuit,Nico Rosberg,ROS,Mercedes,4.80657564061967,2,18,0,18
2016,10,British Grand Prix,2016-07-10,Silverstone Circuit,Sebastian Vettel,VET,Ferrari,4.890847933807215,3,15,0,15
2016,10,British Grand Prix,2016-07-10,Silverstone Circuit,Daniel Ricciardo,RIC,Red Bull,5.683046025575641,4,12,0,12
2016,10,British Grand Prix,2016-07-10,Silverstone Circuit,Kimi Räikkönen,RAI,Ferrari,5.7177384531781925,5,10,0,10
2016,10,British Grand Prix,2016-07-10,Silverstone Circuit,Max Verstappen,VER,Red Bull,5.743910258907661,6,8,0,8
2016,10,British Grand Prix,2016-07-10,Silverstone Circuit,Sergio Pérez,PER,Force India,8.047826540914183,7,6,0,6
2016,10,British Grand Prix,2016-07-10,Silverstone Circuit,Nico Hülkenberg,HUL,Force India,9.19961268745715,8,4,0,4
2016,10,British Grand Prix,2016-07-10,Silverstone Circuit,Valtteri Bottas,BOT,Williams,9.21390410712805,9,2,0,2
2016,10,British Grand Prix,2016-07-10,Silverstone Circuit,Felipe Massa,MAS,Williams,11.398355106977553,10,1,0,1
2016,10,British Grand Prix,2016-07-10,Silverstone Circuit,Fernando Alonso,ALO,McLaren,11.827103647061644,11,0,0,0
2016,10,British Grand Prix,2016-07-10,Silverstone Circuit,Jenson Button,BUT,McLaren,11.978576770494575,12,0,0,0
2016,10,British Grand Prix,2016-07-10,Silverstone Circuit,Carlos Sainz,SAI,Toro Rosso,11.980543314031964,13,0,0,0
2016,10,British Grand Prix,2016-07-10,Silverstone Circuit,Daniil Kvyat,KVY,Toro Rosso,12.260408296695829,14,0,0,0
2016,10,British Grand Prix,2016-07-10,Silverstone Circuit,Romain Grosjean,GRO,Haas F1 Team,12.619809580292587,15,0,0,0
2016,10,British Grand Prix,2016-07-10,Silverstone Circuit,Esteban Gutiérrez,GUT,Haas F1 Team,13.65666073202165,16,0,0,0
2016,10,British Grand Prix,2016-07-10,Silverstone Circuit,Kevin Magnussen,MAG,Renault,14.805481430147216,17,0,0,0
2016,10,British Grand Prix,2016-07-10,Silverstone Circuit,Felipe Nasr,NAS,Sauber,14.9658622294394,18,0,0,0
2016,10,British Grand Prix,2016-07-10,Silverstone Circuit,Marcus Ericsson,ERI,Sauber,15.104415111981266,19,0,0,0
2016,10,British Grand Prix,2016-07-10,Silverstone Circuit,Jolyon Palmer,PAL,Renault,15.710114197689744,20,0,0,0
2016,10,British Grand Prix,2016-07-10,Silverstone Circuit,Pascal Wehrlein,WEH,Manor Marussia,17.046028249690593,21,0,0,0
2016,10,British Grand Prix,2016-07-10,Silverstone Circuit,Rio Haryanto,HAR,Manor Marussia,17.578805540091025,22,0,0,0
2016,11,Hungarian Grand Prix,2016-07-24,Hungaroring,Lewis Hamilton,HAM,Mercedes,2.71658384207056,1,25,0,25
2016,11,Hungarian Grand Prix,2016-07-24,Hungaroring,Nico Rosberg,ROS,Mercedes,3.346224629798224,2,18,0,18
2016,11,Hungarian Grand Prix,2016-07-24,Hungaroring,Max Verstappen,VER,Red Bull,5.184338295457288,3,15,0,15
2016,11,Hungarian Grand Prix,2016-07-24,Hungaroring,Sebastian Vettel,VET,Ferrari,5.473483362916145,4,12,0,12
2016,11,Hungarian Grand Prix,2016-07-24,Hungaroring,Kimi Räikkönen,RAI,Ferrari,5.789980049736661,5,10,0,10
2016,11,Hungarian Grand Prix,2016-07-24,Hungaroring,Daniel Ricciardo,RIC,Red Bull,5.82140624590348,6,8,0,8
2016,11,Hungarian Grand Prix,2016-07-24,Hungaroring,Sergio Pérez,PER,Force India,7.827079367863536,7,6,0,6
2016,11,Hungarian Grand Prix,2016-07-24,Hungaroring,Nico Hülkenberg,HUL,Force India,9.181659627724647,8,4,0,4
2016,11,Hungarian Grand Prix,2016-07-24,Hungaroring,Fernando Alonso,ALO,McLaren,11.075108695257452,9,2,0,2
2016,11,Hungarian Grand Prix,2016-07-24,Hungaroring,Valtteri Bottas,BOT,Williams,11.163174571592062,10,1,0,1
2016,11,Hungarian Grand Prix,2016-07-24,Hungaroring,Carlos Sainz,SAI,Toro Rosso,12.185856671154546,11,0,0,0
2016,11,Hungarian Grand Prix,2016-07-24,Hungaroring,Jenson Button,BUT,McLaren,12.303504965969331,12,0,0,0
2016,11,Hungarian Grand Prix,2016-07-24,Hungaroring,Felipe Massa,MAS,Williams,12.38756654208522,13,0,0,0
2016,11,Hungarian Grand Prix,2016-07-24,Hungaroring,Daniil Kvyat,KVY,Toro Rosso,12.888404271825795,14,0,0,0
2016,11,Hungarian Grand Prix,2016-07-24,Hungaroring,Romain Grosjean,GRO,Haas F1 Team,12.974442961936514,15,0,0,0
2016,11,Hungarian Grand Prix,2016-07-24,Hungaroring,Esteban Gutiérrez,GUT,Haas F1 Team,13.978666250605322,16,0,0,0
2016,11,Hungarian Grand Prix,2016-07-24,Hungaroring,Marcus Ericsson,ERI,Sauber,15.33613286036852,17,0,0,0
2016,11,Hungarian Grand Prix,2016-07-24,Hungaroring,Felipe Nasr,NAS,Sauber,15.816230716531557,18,0,0,0
2016,11,Hungarian Grand Prix,2016-07-24,Hungaroring,Kevin Magnussen,MAG,Renault,15.828893119998243,19,0,0,0
2016,11,Hungarian Grand Prix,2016-07-24,Hungaroring,Jolyon Palmer,PAL,Renault,15.91521337178529,20,0,0,0
2016,11,Hungarian Grand Prix,2016-07-24,Hungaroring,Pascal Wehrlein,WEH,Manor Marussia,16.863786718568914,21,0,0,0
2016,11,Hungarian Grand Prix,2016-07-24,Hungaroring,Rio Haryanto,HAR,Manor Marussia,18.005894269952908,22,0,0,0
2016,12,German Grand Prix,2016-07-31,Hockenheimring,Lewis Hamilton,HAM,Mercedes,2.5554037902770124,1,25,0,25
2016,12,German Grand Prix,2016-07-31,Hockenheimring,Nico Rosberg,ROS,Mercedes,3.346224629798224,2,18,0,18
2016,12,German Grand Prix,2016-07-31,Hockenheimring,Max Verstappen,VER,Red Bull,5.072223948735439,3,15,0,15
2016,12,German Grand Prix,2016-07-31,Hockenheimring,Sebastian Vettel,VET,Ferrari,5.441792363939145,4,12,0,12
2016,12,German Grand Prix,2016-07-31,Hockenheimring,Daniel Ricciardo,RIC,Red Bull,5.5333886039759,5,10,0,10
2016,12,German Grand Prix,2016-07-31,Hockenheimring,Kimi Räikkönen,RAI,Ferrari,5.967056497199063,6,8,0,8
2016,12,German Grand Prix,2016-07-31,Hockenheimring,Sergio Pérez,PER,Force India,9.009105655306064,7,6,0,6
2016,12,German Grand Prix,2016-07-31,Hockenheimring,Valtteri Bottas,BOT,Williams,10.027245566783536,8,4,0,4
2016,12,German Grand Prix,2016-07-31,Hockenheimring,Nico Hülkenberg,HUL,Force India,10.059522633192024,9,2,0,2
2016,12,German Grand Prix,2016-07-31,Hockenheimring,Fernando Alonso,ALO,McLaren,11.494263936068382,10,1,0,1
2016,12,German Grand Prix,2016-07-31,Hockenheimring,Jenson Button,BUT,McLaren,11.89135285489995,11,0,0,0
2016,12,German Grand Prix,2016-07-31,Hockenheimring,Carlos Sainz,SAI,Toro Rosso,12.110737239723887,12,0,0,0
2016,12,German Grand Prix,2016-07-31,Hockenheimring,Romain Grosjean,GRO,Haas F1 Team,13.29837427021025,13,0,0,0
2016,12,German Grand Prix,2016-07-31,Hockenheimring,Felipe Massa,MAS,Williams,13.653762626380392,14,0,0,0
2016,12,German Grand Prix,2016-07-31,Hockenheimring,Esteban Gutiérrez,GUT,Haas F1 Team,13.723104899821346,15,0,0,0
2016,12,German Grand Prix,2016-07-31,Hockenheimring,Daniil Kvyat,KVY,Toro Rosso,13.779247636391371,16,0,0,0
2016,12,German Grand Prix,2016-07-31,Hockenheimring,Kevin Magnussen,MAG,Renault,14.624733298814396,17,0,0,0
2016,12,German Grand Prix,2016-07-31,Hockenheimring,Jolyon Palmer,PAL,Renault,14.838834421274068,18,0,0,0
2016,12,German Grand Prix,2016-07-31,Hockenheimring,Marcus Ericsson,ERI,Sauber,15.309825389680023,19,0,0,0
2016,12,German Grand Prix,2016-07-31,Hockenheimring,Felipe Nasr,NAS,Sauber,15.816230716531557,20,0,0,0
2016,12,German Grand Prix,2016-07-31,Hockenheimring,Pascal Wehrlein,WEH,Manor Marussia,17.19979225814323,21,0,0,0
2016,12,German Grand Prix,2016-07-31,Hockenheimring,Rio Haryanto,HAR,Manor Marussia,17.3136776966919,22,0,0,0
2016,13,Belgian Grand Prix,2016-08-28,Circuit de Spa-Francorchamps,Lewis Hamilton,HAM,Mercedes,2.82145486963501,1,25,0,25
2016,13,Belgian Grand Prix,2016-08-28,Circuit de Spa-Francorchamps,Nico Rosberg,ROS,Mercedes,3.346224629798224,2,18,0,18
2016,13,Belgian Grand Prix,2016-08-28,Circuit de Spa-Francorchamps,Max Verstappen,VER,Red Bull,4.260546988666943,3,15,0,15
2016,13,Belgian Grand Prix,2016-08-28,Circuit de Spa-Francorchamps,Sebastian Vettel,VET,Ferrari,5.432065235736427,4,12,0,12
2016,13,Belgian Grand Prix,2016-08-28,Circuit de Spa-Francorchamps,Kimi Räikkönen,RAI,Ferrari,5.543539761866997,5,10,0,10
2016,13,Belgian Grand Prix,2016-08-28,Circuit de Spa-Francorchamps,Daniel Ricciardo,RIC,Red Bull,5.7709415347918585,6,8,0,8
2016,13,Belgian Grand Prix,2016-08-28,Circuit de Spa-Francorchamps,Sergio Pérez,PER,Force India,8.438235149842757,7,6,0,6
2016,13,Belgian Grand Prix,2016-08-28,Circuit de Spa-Francorchamps,Nico Hülkenberg,HUL,Force India,10.96261230509713,8,4,0,4
2016,13,Belgian Grand Prix,2016-08-28,Circuit de Spa-Francorchamps,Valtteri Bottas,BOT,Williams,11.24518866987522,9,2,0,2
2016,13,Belgian Grand Prix,2016-08-28,Circuit de Spa-Francorchamps,Jenson Button,BUT,McLaren,12.100155251867712,10,1,0,1
2016,13,Belgian Grand Prix,2016-08-28,Circuit de Spa-Francorchamps,Fernando Alonso,ALO,McLaren,12.35767989927912,11,0,0,0
2016,13,Belgian Grand Prix,2016-08-28,Circuit de Spa-Francorchamps,Romain Grosjean,GRO,Haas F1 Team,12.890945440236614,12,0,0,0
2016,13,Belgian Grand Prix,2016-08-28,Circuit de Spa-Francorchamps,Felipe Massa,MAS,Williams,13.341644724915172,13,0,0,0
2016,13,Belgian Grand Prix,2016-08-28,Circuit de Spa-Francorchamps,Daniil Kvyat,KVY,Toro Rosso,13.502144330395952,14,0,0,0
2016,13,Belgian Grand Prix,2016-08-28,Circuit de Spa-Francorchamps,Carlos Sainz,SAI,Toro Rosso,13.586136409400634,15,0,0,0
2016,13,Belgian Grand Prix,2016-08-28,Circuit de Spa-Francorchamps,Esteban Gutiérrez,GUT,Haas F1 Team,13.83790258000672,16,0,0,0
2016,13,Belgian Grand Prix,2016-08-28,Circuit de Spa-Francorchamps,Kevin Magnussen,MAG,Renault,15.038134184548788,17,0,0,0
2016,13,Belgian Grand Prix,2016-08-28,Circuit de Spa-Francorchamps,Jolyon Palmer,PAL,Renault,15.136816728083666,18,0,0,0
2016,13,Belgian Grand Prix,2016-08-28,Circuit de Spa-Francorchamps,Marcus Ericsson,ERI,Sauber,15.387043135544292,19,0,0,0
2016,13,Belgian Grand Prix,2016-08-28,Circuit de Spa-Francorchamps,Felipe Nasr,NAS,Sauber,15.64956829698304,20,0,0,0
2016,13,Belgian Grand Prix,2016-08-28,Circuit de Spa-Francorchamps,Esteban Ocon,OCO,Manor Marussia,15.831480303266932,21,0,0,0
2016,13,Belgian Grand Prix,2016-08-28,Circuit de Spa-Francorchamps,Pascal Wehrlein,WEH,Manor Marussia,17.200892894083758,22,0,0,0
2016,14,Italian Grand Prix,2016-09-04,Autodromo Nazionale di Monza,Lewis Hamilton,HAM,Mercedes,2.6880856935285227,1,25,0,25
2016,14,Italian Grand Prix,2016-09-04,Autodromo Nazionale di Monza,Nico Rosberg,ROS,Mercedes,3.583777560614185,2,18,0,18
2016,14,Italian Grand Prix,2016-09-04,Autodromo Nazionale di Monza,Daniel Ricciardo,RIC,Red Bull,4.5011313685636205,3,15,0,15
2016,14,Italian Grand Prix,2016-09-04,Autodromo Nazionale di Monza,Max Verstappen,VER,Red Bull,5.718106674620915,4,12,0,12
2016,14,Italian Grand Prix,2016-09-04,Autodromo Nazionale di Monza,Kimi Räikkönen,RAI,Ferrari,5.938784760275215,5,10,0,10
2016,14,Italian Grand Prix,2016-09-04,Autodromo Nazionale di Monza,Sebastian Vettel,VET,Ferrari,6.881441926788107,6,8,0,8
2016,14,Italian Grand Prix,2016-09-04,Autodromo Nazionale di Monza,Sergio Pérez,PER,Force India,8.97308123463449,7,6,0,6
2016,14,Italian Grand Prix,2016-09-04,Autodromo Nazionale di Monza,Nico Hülkenberg,HUL,Force India,9.04952760811171,8,4,0,4
2016,14,Italian Grand Prix,2016-09-04,Autodromo Nazionale di Monza,Valtteri Bottas,BOT,Williams,11.355609024275273,9,2,0,2
2016,14,Italian Grand Prix,2016-09-04,Autodromo Nazionale di Monza,Fernando Alonso,ALO,McLaren,11.986059778826084,10,1,0,1
2016,14,Italian Grand Prix,2016-09-04,Autodromo Nazionale di Monza,Jenson Button,BUT,McLaren,12.218063021180052,11,0,0,0
2016,14,Italian Grand Prix,2016-09-04,Autodromo Nazionale di Monza,Felipe Massa,MAS,Williams,12.382560520025546,12,0,0,0
2016,14,Italian Grand Prix,2016-09-04,Autodromo Nazionale di Monza,Carlos Sainz,SAI,Toro Rosso,12.644408650388208,13,0,0,0
2016,14,Italian Grand Prix,2016-09-04,Autodromo Nazionale di Monza,Romain Grosjean,GRO,Haas F1 Team,12.784823023682202,14,0,0,0
2016,14,Italian Grand Prix,2016-09-04,Autodromo Nazionale di Monza,Esteban Gutiérrez,GUT,Haas F1 Team,13.65666073202165,15,0,0,0
2016,14,Italian Grand Prix,2016-09-04,Autodromo Nazionale di Monza,Daniil Kvyat,KVY,Toro Rosso,13.86395274516299,16,0,0,0
2016,14,Italian Grand Prix,2016-09-04,Autodromo Nazionale di Monza,Kevin Magnussen,MAG,Renault,15.584639632726518,17,0,0,0
2016,14,Italian Grand Prix,2016-09-04,Autodromo Nazionale di Monza,Marcus Ericsson,ERI,Sauber,15.62606243325389,18,0,0,0
2016,14,Italian Grand Prix,2016-09-04,Autodromo Nazionale di Monza,Jolyon Palmer,PAL,Renault,15.715507704213962,19,0,0,0
2016,14,Italian Grand Prix,2016-09-04,Autodromo Nazionale di Monza,Felipe Nasr,NAS,Sauber,16.058646152292194,20,0,0,0
2016,14,Italian Grand Prix,2016-09-04,Autodromo Nazionale di Monza,Pascal Wehrlein,WEH,Manor Marussia,16.993970054052134,21,0,0,0
2016,14,Italian Grand Prix,2016-09-04,Autodromo Nazionale di Monza,Esteban Ocon,OCO,Manor Marussia,17.15228664267679,22,0,0,0
2016,15,Singapore Grand Prix,2016-09-18,Marina Bay Street Circuit,Lewis Hamilton,HAM,Mercedes,2.95413677288652,1,25,0,25
2016,15,Singapore Grand Prix,2016-09-18,Marina Bay Street Circuit,Nico Rosberg,ROS,Mercedes,3.432097114991733,2,18,0,18
2016,15,Singapore Grand Prix,2016-09-18,Marina Bay Street Circuit,Daniel Ricciardo,RIC,Red Bull,4.5011313685636205,3,15,0,15
2016,15,Singapore Grand Prix,2016-09-18,Marina Bay Street Circuit,Max Verstappen,VER,Red Bull,4.615906111115358,4,12,0,12
2016,15,Singapore Grand Prix,2016-09-18,Marina Bay Street Circuit,Sebastian Vettel,VET,Ferrari,6.078606620982858,5,10,0,10
2016,15,Singapore Grand Prix,2016-09-18,Marina Bay Street Circuit,Kimi Räikkönen,RAI,Ferrari,6.301380421556935,6,8,0,8
2016,15,Singapore Grand Prix,2016-09-18,Marina Bay Street Circuit,Sergio Pérez,PER,Force India,8.47518007276859,7,6,0,6
2016,15,Singapore Grand Prix,2016-09-18,Marina Bay Street Circuit,Nico Hülkenberg,HUL,Force India,9.497331158059223,8,4,0,4
2016,15,Singapore Grand Prix,2016-09-18,Marina Bay Street Circuit,Valtteri Bottas,BOT,Williams,11.429539243449684,9,2,0,2
2016,15,Singapore Grand Prix,2016-09-18,Marina Bay Street Circuit,Carlos Sainz,SAI,Toro Rosso,12.094188316088855,10,1,0,1
2016,15,Singapore Grand Prix,2016-09-18,Marina Bay Street Circuit,Fernando Alonso,ALO,McLaren,12.37779447775764,11,0,0,0
2016,15,Singapore Grand Prix,2016-09-18,Marina Bay Street Circuit,Felipe Massa,MAS,Williams,12.736999545113752,12,0,0,0
2016,15,Singapore Grand Prix,2016-09-18,Marina Bay Street Circuit,Jenson Button,BUT,McLaren,13.01659680118776,13,0,0,0
2016,15,Singapore Grand Prix,2016-09-18,Marina Bay Street Circuit,Romain Grosjean,GRO,Haas F1 Team,13.683810886059067,14,0,0,0
2016,15,Singapore Grand Prix,2016-09-18,Marina Bay Street Circuit,Daniil Kvyat,KVY,Toro Rosso,13.783497632635454,15,0,0,0
2016,15,Singapore Grand Prix,2016-09-18,Marina Bay Street Circuit,Esteban Gutiérrez,GUT,Haas F1 Team,13.938094948477255,16,0,0,0
2016,15,Singapore Grand Prix,2016-09-18,Marina Bay Street Circuit,Jolyon Palmer,PAL,Renault,15.479957833791284,17,0,0,0
2016,15,Singapore Grand Prix,2016-09-18,Marina Bay Street Circuit,Felipe Nasr,NAS,Sauber,15.587065473020166,18,0,0,0
2016,15,Singapore Grand Prix,2016-09-18,Marina Bay Street Circuit,Marcus Ericsson,ERI,Sauber,15.775789212621456,19,0,0,0
2016,15,Singapore Grand Prix,2016-09-18,Marina Bay Street Circuit,Kevin Magnussen,MAG,Renault,15.804791191930102,20,0,0,0
2016,15,Singapore Grand Prix,2016-09-18,Marina Bay Street Circuit,Pascal Wehrlein,WEH,Manor Marussia,16.221893192665952,21,0,0,0
2016,15,Singapore Grand Prix,2016-09-18,Marina Bay Street Circuit,Esteban Ocon,OCO,Manor Marussia,16.396261296685317,22,0,0,0
2016,16,Malaysian Grand Prix,2016-10-02,Sepang International Circuit,Lewis Hamilton,HAM,Mercedes,2.71658384207056,1,25,0,25
2016,16,Malaysian Grand Prix,2016-10-02,Sepang International Circuit,Nico Rosberg,ROS,Mercedes,3.033364132382224,2,18,0,18
2016,16,Malaysian Grand Prix,2016-10-02,Sepang International Circuit,Daniel Ricciardo,RIC,Red Bull,4.906658952705276,3,15,0,15
2016,16,Malaysian Grand Prix,2016-10-02,Sepang International Circuit,Max Verstappen,VER,Red Bull,5.080236934929888,4,12,0,12
2016,16,Malaysian Grand Prix,2016-10-02,Sepang International Circuit,Kimi Räikkönen,RAI,Ferrari,5.543539761866997,5,10,0,10
2016,16,Malaysian Grand Prix,2016-10-02,Sepang International Circuit,Sebastian Vettel,VET,Ferrari,5.715052621551638,6,8,0,8
2016,16,Malaysian Grand Prix,2016-10-02,Sepang International Circuit,Sergio Pérez,PER,Force India,10.4583842689533,7,6,0,6
2016,16,Malaysian Grand Prix,2016-10-02,Sepang International Circuit,Nico Hülkenberg,HUL,Force India,10.785051817213658,8,4,0,4
2016,16,Malaysian Grand Prix,2016-10-02,Sepang International Circuit,Valtteri Bottas,BOT,Williams,11.216380036846065,9,2,0,2
2016,16,Malaysian Grand Prix,2016-10-02,Sepang International Circuit,Fernando Alonso,ALO,McLaren,11.629178297674722,10,1,0,1
2016,16,Malaysian Grand Prix,2016-10-02,Sepang International Circuit,Felipe Massa,MAS,Williams,11.737512763760884,11,0,0,0
2016,16,Malaysian Grand Prix,2016-10-02,Sepang International Circuit,Jenson Button,BUT,McLaren,13.15138674498528,12,0,0,0
2016,16,Malaysian Grand Prix,2016-10-02,Sepang International Circuit,Carlos Sainz,SAI,Toro Rosso,13.385391282970806,13,0,0,0
2016,16,Malaysian Grand Prix,2016-10-02,Sepang International Circuit,Romain Grosjean,GRO,Haas F1 Team,13.766861188745183,14,0,0,0
2016,16,Malaysian Grand Prix,2016-10-02,Sepang International Circuit,Daniil Kvyat,KVY,Toro Rosso,13.934828068300831,15,0,0,0
2016,16,Malaysian Grand Prix,2016-10-02,Sepang International Circuit,Esteban Gutiérrez,GUT,Haas F1 Team,14.063673298443604,16,0,0,0
2016,16,Malaysian Grand Prix,2016-10-02,Sepang International Circuit,Kevin Magnussen,MAG,Renault,14.953777281148744,17,0,0,0
2016,16,Malaysian Grand Prix,2016-10-02,Sepang International Circuit,Jolyon Palmer,PAL,Renault,15.458719950527463,18,0,0,0
2016,16,Malaysian Grand Prix,2016-10-02,Sepang International Circuit,Marcus Ericsson,ERI,Sauber,15.69202736458626,19,0,0,0
2016,16,Malaysian Grand Prix,2016-10-02,Sepang International Circuit,Felipe Nasr,NAS,Sauber,15.715489658483042,20,0,0,0
2016,16,Malaysian Grand Prix,2016-10-02,Sepang International Circuit,Esteban Ocon,OCO,Manor Marussia,16.436521717168425,21,0,0,0
2016,16,Malaysian Grand Prix,2016-10-02,Sepang International Circuit,Pascal Wehrlein,WEH,Manor Marussia,16.469076453180683,22,0,0,0
2016,17,Japanese Grand Prix,2016-10-09,Suzuka Circuit,Lewis Hamilton,HAM,Mercedes,3.010054585164334,1,25,0,25
2016,17,Japanese Grand Prix,2016-10-09,Suzuka Circuit,Nico Rosberg,ROS,Mercedes,3.1660460356337348,2,18,0,18
2016,17,Japanese Grand Prix,2016-10-09,Suzuka Circuit,Daniel Ricciardo,RIC,Red Bull,4.587003853757129,3,15,0,15
2016,17,Japanese Grand Prix,2016-10-09,Suzuka Circuit,Max Verstappen,VER,Red Bull,4.826048001140701,4,12,0,12
2016,17,Japanese Grand Prix,2016-10-09,Suzuka Circuit,Sebastian Vettel,VET,Ferrari,5.483439524089253,5,10,0,10
2016,17,Japanese Grand Prix,2016-10-09,Suzuka Circuit,Kimi Räikkönen,RAI,Ferrari,6.018664778203888,6,8,0,8
2016,17,Japanese Grand Prix,2016-10-09,Suzuka Circuit,Nico Hülkenberg,HUL,Force India,8.226518611528624,7,6,0,6
2016,17,Japanese Grand Prix,2016-10-09,Suzuka Circuit,Sergio Pérez,PER,Force India,8.529136110184277,8,4,0,4
2016,17,Japanese Grand Prix,2016-10-09,Suzuka Circuit,Valtteri Bottas,BOT,Williams,10.03593234916196,9,2,0,2
2016,17,Japanese Grand Prix,2016-10-09,Suzuka Circuit,Fernando Alonso,ALO,McLaren,11.70429772910538,10,1,0,1
2016,17,Japanese Grand Prix,2016-10-09,Suzuka Circuit,Jenson Button,BUT,McLaren,12.361345318864991,11,0,0,0
2016,17,Japanese Grand Prix,2016-10-09,Suzuka Circuit,Felipe Massa,MAS,Williams,12.651309470191157,12,0,0,0
2016,17,Japanese Grand Prix,2016-10-09,Suzuka Circuit,Carlos Sainz,SAI,Toro Rosso,14.147090105117153,13,0,0,0
2016,17,Japanese Grand Prix,2016-10-09,Suzuka Circuit,Daniil Kvyat,KVY,Toro Rosso,14.208642718603604,14,0,0,0
2016,17,Japanese Grand Prix,2016-10-09,Suzuka Circuit,Romain Grosjean,GRO,Haas F1 Team,14.68679120351199,15,0,0,0
2016,17,Japanese Grand Prix,2016-10-09,Suzuka Circuit,Esteban Gutiérrez,GUT,Haas F1 Team,14.913433870627404,16,0,0,0
2016,17,Japanese Grand Prix,2016-10-09,Suzuka Circuit,Kevin Magnussen,MAG,Renault,15.291074103904515,17,0,0,0
2016,17,Japanese Grand Prix,2016-10-09,Suzuka Circuit,Marcus Ericsson,ERI,Sauber,15.327754770099276,18,0,0,0
2016,17,Japanese Grand Prix,2016-10-09,Suzuka Circuit,Jolyon Palmer,PAL,Renault,15.495124149033831,19,0,0,0
2016,17,Japanese Grand Prix,2016-10-09,Suzuka Circuit,Felipe Nasr,NAS,Sauber,15.687962297377531,20,0,0,0
2016,17,Japanese Grand Prix,2016-10-09,Suzuka Circuit,Esteban Ocon,OCO,Manor Marussia,16.533695960971396,21,0,0,0
2016,17,Japanese Grand Prix,2016-10-09,Suzuka Circuit,Pascal Wehrlein,WEH,Manor Marussia,16.694534312655772,22,0,0,0
2016,18,United States Grand Prix,2016-10-23,Circuit of the Americas,Nico Rosberg,ROS,Mercedes,3.1660460356337348,1,25,0,25
2016,18,United States Grand Prix,2016-10-23,Circuit of the Americas,Lewis Hamilton,HAM,Mercedes,3.602357328949952,2,18,0,18
2016,18,United States Grand Prix,2016-10-23,Circuit of the Americas,Daniel Ricciardo,RIC,Red Bull,4.5011313685636205,3,15,0,15
2016,18,United States Grand Prix,2016-10-23,Circuit of the Americas,Max Verstappen,VER,Red Bull,4.592463467565972,4,12,0,12
2016,18,United States Grand Prix,2016-10-23,Circuit of the Americas,Sebastian Vettel,VET,Ferrari,5.394983214058362,5,10,0,10
2016,18,United States Grand Prix,2016-10-23,Circuit of the Americas,Kimi Räikkönen,RAI,Ferrari,5.982234085850752,6,8,0,8
2016,18,United States Grand Prix,2016-10-23,Circuit of the Americas,Sergio Pérez,PER,Force India,8.52625292926051,7,6,0,6
2016,18,United States Grand Prix,2016-10-23,Circuit of the Americas,Nico Hülkenberg,HUL,Force India,9.452324621700098,8,4,0,4
2016,18,United States Grand Prix,2016-10-23,Circuit of the Americas,Valtteri Bottas,BOT,Williams,10.922431873863362,9,2,0,2
2016,18,United States Grand Prix,2016-10-23,Circuit of the Americas,Fernando Alonso,ALO,McLaren,11.861392688127289,10,1,0,1
2016,18,United States Grand Prix,2016-10-23,Circuit of the Americas,Felipe Massa,MAS,Williams,12.31680619539326,11,0,0,0
2016,18,United States Grand Prix,2016-10-23,Circuit of the Americas,Jenson Button,BUT,McLaren,12.890244119813577,12,0,0,0
2016,18,United States Grand Prix,2016-10-23,Circuit of the Americas,Carlos Sainz,SAI,Toro Rosso,13.381157553583948,13,0,0,0
2016,18,United States Grand Prix,2016-10-23,Circuit of the Americas,Daniil Kvyat,KVY,Toro Rosso,13.98915067664834,14,0,0,0
2016,18,United States Grand Prix,2016-10-23,Circuit of the Americas,Kevin Magnussen,MAG,Renault,14.309225540559064,15,0,0,0
2016,18,United States Grand Prix,2016-10-23,Circuit of the Americas,Jolyon Palmer,PAL,Renault,14.44621549347154,16,0,0,0
2016,18,United States Grand Prix,2016-10-23,Circuit of the Americas,Romain Grosjean,GRO,Haas F1 Team,14.695018824671502,17,0,0,0
2016,18,United States Grand Prix,2016-10-23,Circuit of the Americas,Esteban Gutiérrez,GUT,Haas F1 Team,15.02777624851826,18,0,0,0
2016,18,United States Grand Prix,2016-10-23,Circuit of the Americas,Felipe Nasr,NAS,Sauber,15.454895616039266,19,0,0,0
2016,18,United States Grand Prix,2016-10-23,Circuit of the Americas,Marcus Ericsson,ERI,Sauber,15.700324589125364,20,0,0,0
2016,18,United States Grand Prix,2016-10-23,Circuit of the Americas,Esteban Ocon,OCO,Manor Marussia,16.269793569181232,21,0,0,0
2016,18,United States Grand Prix,2016-10-23,Circuit of the Americas,Pascal Wehrlein,WEH,Manor Marussia,16.39848764149461,22,0,0,0
2016,19,Mexican Grand Prix,2016-10-30,Autódromo Hermanos Rodríguez,Lewis Hamilton,HAM,Mercedes,2.8442790184969926,1,25,0,25
2016,19,Mexican Grand Prix,2016-10-30,Autódromo Hermanos Rodríguez,Nico Rosberg,ROS,Mercedes,3.194544184175773,2,18,0,18
2016,19,Mexican Grand Prix,2016-10-30,Autódromo Hermanos Rodríguez,Daniel Ricciardo,RIC,Red Bull,4.5011313685636205,3,15,0,15
2016,19,Mexican Grand Prix,2016-10-30,Autódromo Hermanos Rodríguez,Max Verstappen,VER,Red Bull,4.879480786360805,4,12,0,12
2016,19,Mexican Grand Prix,2016-10-30,Autódromo Hermanos Rodríguez,Sebastian Vettel,VET,Ferrari,5.768915671017229,5,10,0,10
2016,19,Mexican Grand Prix,2016-10-30,Autódromo Hermanos Rodríguez,Kimi Räikkönen,RAI,Ferrari,6.17771656175295,6,8,0,8
2016,19,Mexican Grand Prix,2016-10-30,Autódromo Hermanos Rodríguez,Sergio Pérez,PER,Force India,8.355588809045548,7,6,0,6
2016,19,Mexican Grand Prix,2016-10-30,Autódromo Hermanos Rodríguez,Nico Hülkenberg,HUL,Force India,10.080223530565048,8,4,0,4
2016,19,Mexican Grand Prix,2016-10-30,Autódromo Hermanos Rodríguez,Valtteri Bottas,BOT,Williams,10.705030963490708,9,2,0,2
2016,19,Mexican Grand Prix,2016-10-30,Autódromo Hermanos Rodríguez,Felipe Massa,MAS,Williams,11.145201893645966,10,1,0,1
2016,19,Mexican Grand Prix,2016-10-30,Autódromo Hermanos Rodríguez,Fernando Alonso,ALO,McLaren,11.257288481511848,11,0,0,0
2016,19,Mexican Grand Prix,2016-10-30,Autódromo Hermanos Rodríguez,Carlos Sainz,SAI,Toro Rosso,11.807586591713298,12,0,0,0
2016,19,Mexican Grand Prix,2016-10-30,Autódromo Hermanos Rodríguez,Daniil Kvyat,KVY,Toro Rosso,11.948404143751008,13,0,0,0
2016,19,Mexican Grand Prix,2016-10-30,Autódromo Hermanos Rodríguez,Jenson Button,BUT,McLaren,12.760183661978738,14,0,0,0
2016,19,Mexican Grand Prix,2016-10-30,Autódromo Hermanos Rodríguez,Kevin Magnussen,MAG,Renault,14.291179765477269,15,0,0,0
2016,19,Mexican Grand Prix,2016-10-30,Autódromo Hermanos Rodríguez,Jolyon Palmer,PAL,Renault,14.40595507298843,16,0,0,0
2016,19,Mexican Grand Prix,2016-10-30,Autódromo Hermanos Rodríguez,Romain Grosjean,GRO,Haas F1 Team,15.52766679693241,17,0,0,0
2016,19,Mexican Grand Prix,2016-10-30,Autódromo Hermanos Rodríguez,Esteban Gutiérrez,GUT,Haas F1 Team,15.556178145170817,18,0,0,0
2016,19,Mexican Grand Prix,2016-10-30,Autódromo Hermanos Rodríguez,Felipe Nasr,NAS,Sauber,15.660064168642254,19,0,0,0
2016,19,Mexican Grand Prix,2016-10-30,Autódromo Hermanos Rodríguez,Marcus Ericsson,ERI,Sauber,15.816230716531557,20,0,0,0
2016,19,Mexican Grand Prix,2016-10-30,Autódromo Hermanos Rodríguez,Esteban Ocon,OCO,Manor Marussia,16.420363224753462,21,0,0,0
2016,19,Mexican Grand Prix,2016-10-30,Autódromo Hermanos Rodríguez,Pascal Wehrlein,WEH,Manor Marussia,16.597294340414123,22,0,0,0
2016,20,Brazilian Grand Prix,2016-11-13,Autódromo José Carlos Pace,Lewis Hamilton,HAM,Mercedes,2.9404105115298904,1,25,0,25
2016,20,Brazilian Grand Prix,2016-11-13,Autódromo José Carlos Pace,Nico Rosberg,ROS,Mercedes,3.2666904080126526,2,18,0,18
2016,20,Brazilian Grand Prix,2016-11-13,Autódromo José Carlos Pace,Max Verstappen,VER,Red Bull,4.858152468300212,3,15,0,15
2016,20,Brazilian Grand Prix,2016-11-13,Autódromo José Carlos Pace,Daniel Ricciardo,RIC,Red Bull,4.914448103189156,4,12,0,12
2016,20,Brazilian Grand Prix,2016-11-13,Autódromo José Carlos Pace,Kimi Räikkönen,RAI,Ferrari,5.905990735749283,5,10,0,10
2016,20,Brazilian Grand Prix,2016-11-13,Autódromo José Carlos Pace,Sebastian Vettel,VET,Ferrari,5.955365396018591,6,8,0,8
2016,20,Brazilian Grand Prix,2016-11-13,Autódromo José Carlos Pace,Sergio Pérez,PER,Force India,9.009105655306064,7,6,0,6
2016,20,Brazilian Grand Prix,2016-11-13,Autódromo José Carlos Pace,Nico Hülkenberg,HUL,Force India,10.006995249531936,8,4,0,4
2016,20,Brazilian Grand Prix,2016-11-13,Autódromo José Carlos Pace,Valtteri Bottas,BOT,Williams,11.203881983286577,9,2,0,2
2016,20,Brazilian Grand Prix,2016-11-13,Autódromo José Carlos Pace,Fernando Alonso,ALO,McLaren,11.483386662525785,10,1,0,1
2016,20,Brazilian Grand Prix,2016-11-13,Autódromo José Carlos Pace,Felipe Massa,MAS,Williams,12.17557449651814,11,0,0,0
2016,20,Brazilian Grand Prix,2016-11-13,Autódromo José Carlos Pace,Carlos Sainz,SAI,Toro Rosso,12.34378454307222,12,0,0,0
2016,20,Brazilian Grand Prix,2016-11-13,Autódromo José Carlos Pace,Jenson Button,BUT,McLaren,12.353358244015691,13,0,0,0
2016,20,Brazilian Grand Prix,2016-11-13,Autódromo José Carlos Pace,Daniil Kvyat,KVY,Toro Rosso,12.73475045576695,14,0,0,0
2016,20,Brazilian Grand Prix,2016-11-13,Autódromo José Carlos Pace,Kevin Magnussen,MAG,Renault,13.513738143889835,15,0,0,0
2016,20,Brazilian Grand Prix,2016-11-13,Autódromo José Carlos Pace,Jolyon Palmer,PAL,Renault,13.956932185070972,16,0,0,0
2016,20,Brazilian Grand Prix,2016-11-13,Autódromo José Carlos Pace,Marcus Ericsson,ERI,Sauber,14.547830019014002,17,0,0,0
2016,20,Brazilian Grand Prix,2016-11-13,Autódromo José Carlos Pace,Felipe Nasr,NAS,Sauber,14.961109432530847,18,0,0,0
2016,20,Brazilian Grand Prix,2016-11-13,Autódromo José Carlos Pace,Romain Grosjean,GRO,Haas F1 Team,15.598623674412286,19,0,0,0
2016,20,Brazilian Grand Prix,2016-11-13,Autódromo José Carlos Pace,Esteban Gutiérrez,GUT,Haas F1 Team,15.6899327177184,20,0,0,0
2016,20,Brazilian Grand Prix,2016-11-13,Autódromo José Carlos Pace,Esteban Ocon,OCO,Manor Marussia,16.061054840981576,21,0,0,0
2016,20,Brazilian Grand Prix,2016-11-13,Autódromo José Carlos Pace,Pascal Wehrlein,WEH,Manor Marussia,16.25403747203695,22,0,0,0
2016,21,Abu Dhabi Grand Prix,2016-11-27,Yas Marina Circuit,Lewis Hamilton,HAM,Mercedes,2.5554037902770124,1,25,0,25
2016,21,Abu Dhabi Grand Prix,2016-11-27,Yas Marina Circuit,Nico Rosberg,ROS,Mercedes,3.194544184175773,2,18,0,18
2016,21,Abu Dhabi Grand Prix,2016-11-27,Yas Marina Circuit,Max Verstappen,VER,Red Bull,4.606971635657256,3,15,0,15
2016,21,Abu Dhabi Grand Prix,2016-11-27,Yas Marina Circuit,Daniel Ricciardo,RIC,Red Bull,4.790314842671506,4,12,0,12
2016,21,Abu Dhabi Grand Prix,2016-11-27,Yas Marina Circuit,Sebastian Vettel,VET,Ferrari,5.9146628664186425,5,10,0,10
2016,21,Abu Dhabi Grand Prix,2016-11-27,Yas Marina Circuit,Kimi Räikkönen,RAI,Ferrari,6.316806132048084,6,8,0,8
2016,21,Abu Dhabi Grand Prix,2016-11-27,Yas Marina Circuit,Sergio Pérez,PER,Force India,8.04209340630986,7,6,0,6
2016,21,Abu Dhabi Grand Prix,2016-11-27,Yas Marina Circuit,Nico Hülkenberg,HUL,Force India,8.795886279466782,8,4,0,4
2016,21,Abu Dhabi Grand Prix,2016-11-27,Yas Marina Circuit,Felipe Massa,MAS,Williams,11.365672369868484,9,2,0,2
2016,21,Abu Dhabi Grand Prix,2016-11-27,Yas Marina Circuit,Valtteri Bottas,BOT,Williams,11.733312876642366,10,1,0,1
2016,21,Abu Dhabi Grand Prix,2016-11-27,Yas Marina Circuit,Carlos Sainz,SAI,Toro Rosso,11.912148334362064,11,0,0,0
2016,21,Abu Dhabi Grand Prix,2016-11-27,Yas Marina Circuit,Fernando Alonso,ALO,McLaren,11.99436691363259,12,0,0,0
2016,21,Abu Dhabi Grand Prix,2016-11-27,Yas Marina Circuit,Jenson Button,BUT,McLaren,12.667650761076986,13,0,0,0
2016,21,Abu Dhabi Grand Prix,2016-11-27,Yas Marina Circuit,Daniil Kvyat,KVY,Toro Rosso,13.097774748375432,14,0,0,0
2016,21,Abu Dhabi Grand Prix,2016-11-27,Yas Marina Circuit,Felipe Nasr,NAS,Sauber,14.332182864136636,15,0,0,0
2016,21,Abu Dhabi Grand Prix,2016-11-27,Yas Marina Circuit,Marcus Ericsson,ERI,Sauber,14.4425357246767,16,0,0,0
2016,21,Abu Dhabi Grand Prix,2016-11-27,Yas Marina Circuit,Jolyon Palmer,PAL,Renault,14.898130605370792,17,0,0,0
2016,21,Abu Dhabi Grand Prix,2016-11-27,Yas Marina Circuit,Kevin Magnussen,MAG,Renault,15.038134184548788,18,0,0,0
2016,21,Abu Dhabi Grand Prix,2016-11-27,Yas Marina Circuit,Romain Grosjean,GRO,Haas F1 Team,15.66298602296354,19,0,0,0
2016,21,Abu Dhabi Grand Prix,2016-11-27,Yas Marina Circuit,Esteban Gutiérrez,GUT,Haas F1 Team,15.73824355087494,20,0,0,0
2016,21,Abu Dhabi Grand Prix,2016-11-27,Yas Marina Circuit,Esteban Ocon,OCO,Manor Marussia,16.2029017589101,21,0,0,0
2016,21,Abu Dhabi Grand Prix,2016-11-27,Yas Marina Circuit,Pascal Wehrlein,WEH,Manor Marussia,16.63755476089723,22,0,0,0
2017,1,Australian Grand Prix,2017-03-26,Albert Park Grand Prix Circuit,Lewis Hamilton,HAM,Mercedes,2.610032655127392,1,25,0,25
2017,1,Australian Grand Prix,2017-03-26,Albert Park Grand Prix Circuit,Max Verstappen,VER,Red Bull,5.726930085501812,2,18,0,18
2017,1,Australian Grand Prix,2017-03-26,Albert Park Grand Prix Circuit,Sebastian Vettel,VET,Ferrari,6.147709975381767,3,15,0,15
2017,1,Australian Grand Prix,2017-03-26,Albert Park Grand Prix Circuit,Daniel Ricciardo,RIC,Red Bull,6.363998035948002,4,12,0,12
2017,1,Australian Grand Prix,2017-03-26,Albert Park Grand Prix Circuit,Kimi Räikkönen,RAI,Ferrari,6.862103589311319,5,10,0,10
2017,1,Australian Grand Prix,2017-03-26,Albert Park Grand Prix Circuit,Valtteri Bottas,BOT,Mercedes,7.890637504695107,6,8,0,8
2017,1,Australian Grand Prix,2017-03-26,Albert Park Grand Prix Circuit,Sergio Pérez,PER,Force India,9.107647693042884,7,6,0,6
2017,1,Australian Grand Prix,2017-03-26,Albert Park Grand Prix Circuit,Esteban Ocon,OCO,Force India,11.155549107280974,8,4,0,4
2017,1,Australian Grand Prix,2017-03-26,Albert Park Grand Prix Circuit,Nico Hülkenberg,HUL,Renault,11.452486980567649,9,2,0,2
2017,1,Australian Grand Prix,2017-03-26,Albert Park Grand Prix Circuit,Carlos Sainz,SAI,Toro Rosso,11.841933101451923,10,1,0,1
2017,1,Australian Grand Prix,2017-03-26,Albert Park Grand Prix Circuit,Fernando Alonso,ALO,McLaren,12.199680270755172,11,0,0,0
2017,1,Australian Grand Prix,2017-03-26,Albert Park Grand Prix Circuit,Felipe Massa,MAS,Williams,12.280728168840698,12,0,0,0
2017,1,Australian Grand Prix,2017-03-26,Albert Park Grand Prix Circuit,Lance Stroll,STR,Williams,12.32184572513176,13,0,0,0
2017,1,Australian Grand Prix,2017-03-26,Albert Park Grand Prix Circuit,Stoffel Vandoorne,VAN,McLaren,12.474253714476388,14,0,0,0
2017,1,Australian Grand Prix,2017-03-26,Albert Park Grand Prix Circuit,Antonio Giovinazzi,GIO,Sauber,13.56403477240211,15,0,0,0
2017,1,Australian Grand Prix,2017-03-26,Albert Park Grand Prix Circuit,Daniil Kvyat,KVY,Toro Rosso,13.692808957329817,16,0,0,0
2017,1,Australian Grand Prix,2017-03-26,Albert Park Grand Prix Circuit,Marcus Ericsson,ERI,Sauber,14.685977047544688,17,0,0,0
2017,1,Australian Grand Prix,2017-03-26,Albert Park Grand Prix Circuit,Jolyon Palmer,PAL,Renault,15.088547143508697,18,0,0,0
2017,1,Australian Grand Prix,2017-03-26,Albert Park Grand Prix Circuit,Romain Grosjean,GRO,Haas F1 Team,15.4106583286903,19,0,0,0
2017,1,Australian Grand Prix,2017-03-26,Albert Park Grand Prix Circuit,Kevin Magnussen,MAG,Haas F1 Team,15.521084633992452,20,0,0,0
2017,2,Chinese Grand Prix,2017-04-09,Shanghai International Circuit,Lewis Hamilton,HAM,Mercedes,2.5093882827484744,1,25,0,25
2017,2,Chinese Grand Prix,2017-04-09,Shanghai International Circuit,Sebastian Vettel,VET,Ferrari,4.65125436815935,2,18,0,18
2017,2,Chinese Grand Prix,2017-04-09,Shanghai International Circuit,Max Verstappen,VER,Red Bull,5.626285713122894,3,15,0,15
2017,2,Chinese Grand Prix,2017-04-09,Shanghai International Circuit,Daniel Ricciardo,RIC,Red Bull,5.837752901562806,4,12,0,12
2017,2,Chinese Grand Prix,2017-04-09,Shanghai International Circuit,Valtteri Bottas,BOT,Mercedes,6.033689471727448,5,10,0,10
2017,2,Chinese Grand Prix,2017-04-09,Shanghai International Circuit,Kimi Räikkönen,RAI,Ferrari,6.132090061367686,6,8,0,8
2017,2,Chinese Grand Prix,2017-04-09,Shanghai International Circuit,Sergio Pérez,PER,Force India,8.877929336731846,7,6,0,6
2017,2,Chinese Grand Prix,2017-04-09,Shanghai International Circuit,Esteban Ocon,OCO,Force India,10.983438228829796,8,4,0,4
2017,2,Chinese Grand Prix,2017-04-09,Shanghai International Circuit,Carlos Sainz,SAI,Toro Rosso,11.253462203992536,9,2,0,2
2017,2,Chinese Grand Prix,2017-04-09,Shanghai International Circuit,Felipe Massa,MAS,Williams,11.46719021722116,10,1,0,1
2017,2,Chinese Grand Prix,2017-04-09,Shanghai International Circuit,Fernando Alonso,ALO,McLaren,12.096585708051284,11,0,0,0
2017,2,Chinese Grand Prix,2017-04-09,Shanghai International Circuit,Daniil Kvyat,KVY,Toro Rosso,12.69987748709721,12,0,0,0
2017,2,Chinese Grand Prix,2017-04-09,Shanghai International Circuit,Stoffel Vandoorne,VAN,McLaren,12.868437752223578,13,0,0,0
2017,2,Chinese Grand Prix,2017-04-09,Shanghai International Circuit,Lance Stroll,STR,Williams,13.57195810474171,14,0,0,0
2017,2,Chinese Grand Prix,2017-04-09,Shanghai International Circuit,Nico Hülkenberg,HUL,Renault,13.653911349727723,15,0,0,0
2017,2,Chinese Grand Prix,2017-04-09,Shanghai International Circuit,Antonio Giovinazzi,GIO,Sauber,14.376398052290662,16,0,0,0
2017,2,Chinese Grand Prix,2017-04-09,Shanghai International Circuit,Marcus Ericsson,ERI,Sauber,14.734246632119657,17,0,0,0
2017,2,Chinese Grand Prix,2017-04-09,Shanghai International Circuit,Romain Grosjean,GRO,Haas F1 Team,15.361644011555256,18,0,0,0
2017,2,Chinese Grand Prix,2017-04-09,Shanghai International Circuit,Jolyon Palmer,PAL,Renault,15.523595246531189,19,0,0,0
2017,2,Chinese Grand Prix,2017-04-09,Shanghai International Circuit,Kevin Magnussen,MAG,Haas F1 Team,15.636203274686029,20,0,0,0
2017,3,Bahrain Grand Prix,2017-04-16,Bahrain International Circuit,Lewis Hamilton,HAM,Mercedes,2.480987457949514,1,25,0,25
2017,3,Bahrain Grand Prix,2017-04-16,Bahrain International Circuit,Sebastian Vettel,VET,Ferrari,4.610361786335254,2,18,0,18
2017,3,Bahrain Grand Prix,2017-04-16,Bahrain International Circuit,Max Verstappen,VER,Red Bull,4.883142292735754,3,15,0,15
2017,3,Bahrain Grand Prix,2017-04-16,Bahrain International Circuit,Valtteri Bottas,BOT,Mercedes,5.315536142685325,4,12,0,12
2017,3,Bahrain Grand Prix,2017-04-16,Bahrain International Circuit,Daniel Ricciardo,RIC,Red Bull,5.9353467829845705,5,10,0,10
2017,3,Bahrain Grand Prix,2017-04-16,Bahrain International Circuit,Kimi Räikkönen,RAI,Ferrari,6.3177884412547,6,8,0,8
2017,3,Bahrain Grand Prix,2017-04-16,Bahrain International Circuit,Sergio Pérez,PER,Force India,8.96264926258612,7,6,0,6
2017,3,Bahrain Grand Prix,2017-04-16,Bahrain International Circuit,Esteban Ocon,OCO,Force India,10.824111495716558,8,4,0,4
2017,3,Bahrain Grand Prix,2017-04-16,Bahrain International Circuit,Carlos Sainz,SAI,Toro Rosso,11.789487730724716,9,2,0,2
2017,3,Bahrain Grand Prix,2017-04-16,Bahrain International Circuit,Felipe Massa,MAS,Williams,12.136998098117177,10,1,0,1
2017,3,Bahrain Grand Prix,2017-04-16,Bahrain International Circuit,Daniil Kvyat,KVY,Toro Rosso,12.954130626327544,11,0,0,0
2017,3,Bahrain Grand Prix,2017-04-16,Bahrain International Circuit,Fernando Alonso,ALO,McLaren,13.442270685352367,12,0,0,0
2017,3,Bahrain Grand Prix,2017-04-16,Bahrain International Circuit,Lance Stroll,STR,Williams,13.464437719013212,13,0,0,0
2017,3,Bahrain Grand Prix,2017-04-16,Bahrain International Circuit,Nico Hülkenberg,HUL,Renault,13.653911349727723,14,0,0,0
2017,3,Bahrain Grand Prix,2017-04-16,Bahrain International Circuit,Stoffel Vandoorne,VAN,McLaren,13.822790039035633,15,0,0,0
2017,3,Bahrain Grand Prix,2017-04-16,Bahrain International Circuit,Romain Grosjean,GRO,Haas F1 Team,13.890990749251118,16,0,0,0
2017,3,Bahrain Grand Prix,2017-04-16,Bahrain International Circuit,Kevin Magnussen,MAG,Haas F1 Team,14.16065558416755,17,0,0,0
2017,3,Bahrain Grand Prix,2017-04-16,Bahrain International Circuit,Marcus Ericsson,ERI,Sauber,14.75033939609594,18,0,0,0
2017,3,Bahrain Grand Prix,2017-04-16,Bahrain International Circuit,Pascal Wehrlein,WEH,Sauber,15.026594215461875,19,0,0,0
2017,3,Bahrain Grand Prix,2017-04-16,Bahrain International Circuit,Jolyon Palmer,PAL,Renault,15.516812485341848,20,0,0,0
2017,4,Russian Grand Prix,2017-04-30,Sochi Autodrom,Lewis Hamilton,HAM,Mercedes,2.6136693612010244,1,25,0,25
2017,4,Russian Grand Prix,2017-04-30,Sochi Autodrom,Sebastian Vettel,VET,Ferrari,4.158024784135596,2,18,0,18
2017,4,Russian Grand Prix,2017-04-30,Sochi Autodrom,Valtteri Bottas,BOT,Mercedes,5.2852242896309445,3,15,0,15
2017,4,Russian Grand Prix,2017-04-30,Sochi Autodrom,Kimi Räikkönen,RAI,Ferrari,5.309900374940625,4,12,0,12
2017,4,Russian Grand Prix,2017-04-30,Sochi Autodrom,Max Verstappen,VER,Red Bull,6.392219516647676,5,10,0,10
2017,4,Russian Grand Prix,2017-04-30,Sochi Autodrom,Daniel Ricciardo,RIC,Red Bull,7.681320481951458,6,8,0,8
2017,4,Russian Grand Prix,2017-04-30,Sochi Autodrom,Sergio Pérez,PER,Force India,8.406273839613013,7,6,0,6
2017,4,Russian Grand Prix,2017-04-30,Sochi Autodrom,Esteban Ocon,OCO,Force India,10.798703893382518,8,4,0,4
2017,4,Russian Grand Prix,2017-04-30,Sochi Autodrom,Felipe Massa,MAS,Williams,11.160012052392217,9,2,0,2
2017,4,Russian Grand Prix,2017-04-30,Sochi Autodrom,Carlos Sainz,SAI,Toro Rosso,12.226874436183438,10,1,0,1
2017,4,Russian Grand Prix,2017-04-30,Sochi Autodrom,Kevin Magnussen,MAG,Haas F1 Team,12.56873388026938,11,0,0,0
2017,4,Russian Grand Prix,2017-04-30,Sochi Autodrom,Daniil Kvyat,KVY,Toro Rosso,12.763848490610483,12,0,0,0
2017,4,Russian Grand Prix,2017-04-30,Sochi Autodrom,Romain Grosjean,GRO,Haas F1 Team,13.0329469389509,13,0,0,0
2017,4,Russian Grand Prix,2017-04-30,Sochi Autodrom,Nico Hülkenberg,HUL,Renault,13.441250594740136,14,0,0,0
2017,4,Russian Grand Prix,2017-04-30,Sochi Autodrom,Fernando Alonso,ALO,McLaren,13.627087700170645,15,0,0,0
2017,4,Russian Grand Prix,2017-04-30,Sochi Autodrom,Lance Stroll,STR,Williams,13.804808664492224,16,0,0,0
2017,4,Russian Grand Prix,2017-04-30,Sochi Autodrom,Stoffel Vandoorne,VAN,McLaren,14.548584872762104,17,0,0,0
2017,4,Russian Grand Prix,2017-04-30,Sochi Autodrom,Jolyon Palmer,PAL,Renault,14.664104793101265,18,0,0,0
2017,4,Russian Grand Prix,2017-04-30,Sochi Autodrom,Marcus Ericsson,ERI,Sauber,14.75033939609594,19,0,0,0
2017,4,Russian Grand Prix,2017-04-30,Sochi Autodrom,Pascal Wehrlein,WEH,Sauber,15.049134209247317,20,0,0,0
2017,5,Spanish Grand Prix,2017-05-14,Circuit de Barcelona-Catalunya,Lewis Hamilton,HAM,Mercedes,2.7640117548159644,1,25,0,25
2017,5,Spanish Grand Prix,2017-05-14,Circuit de Barcelona-Catalunya,Valtteri Bottas,BOT,Mercedes,4.072435935903889,2,18,0,18
2017,5,Spanish Grand Prix,2017-05-14,Circuit de Barcelona-Catalunya,Sebastian Vettel,VET,Ferrari,4.173438593003116,3,15,0,15
2017,5,Spanish Grand Prix,2017-05-14,Circuit de Barcelona-Catalunya,Kimi Räikkönen,RAI,Ferrari,5.385874422579883,4,12,0,12
2017,5,Spanish Grand Prix,2017-05-14,Circuit de Barcelona-Catalunya,Max Verstappen,VER,Red Bull,5.583486381499124,5,10,0,10
2017,5,Spanish Grand Prix,2017-05-14,Circuit de Barcelona-Catalunya,Daniel Ricciardo,RIC,Red Bull,7.2536466950805885,6,8,0,8
2017,5,Spanish Grand Prix,2017-05-14,Circuit de Barcelona-Catalunya,Sergio Pérez,PER,Force India,9.595938129216208,7,6,0,6
2017,5,Spanish Grand Prix,2017-05-14,Circuit de Barcelona-Catalunya,Esteban Ocon,OCO,Force India,10.856275063224755,8,4,0,4
2017,5,Spanish Grand Prix,2017-05-14,Circuit de Barcelona-Catalunya,Carlos Sainz,SAI,Toro Rosso,11.253113414841428,9,2,0,2
2017,5,Spanish Grand Prix,2017-05-14,Circuit de Barcelona-Catalunya,Felipe Massa,MAS,Williams,11.293215203548671,10,1,0,1
2017,5,Spanish Grand Prix,2017-05-14,Circuit de Barcelona-Catalunya,Nico Hülkenberg,HUL,Renault,12.479441252603356,11,0,0,0
2017,5,Spanish Grand Prix,2017-05-14,Circuit de Barcelona-Catalunya,Daniil Kvyat,KVY,Toro Rosso,12.850346054261726,12,0,0,0
2017,5,Spanish Grand Prix,2017-05-14,Circuit de Barcelona-Catalunya,Romain Grosjean,GRO,Haas F1 Team,13.261898115810224,13,0,0,0
2017,5,Spanish Grand Prix,2017-05-14,Circuit de Barcelona-Catalunya,Kevin Magnussen,MAG,Haas F1 Team,13.310498775295756,14,0,0,0
2017,5,Spanish Grand Prix,2017-05-14,Circuit de Barcelona-Catalunya,Lance Stroll,STR,Williams,13.321854037469103,15,0,0,0
2017,5,Spanish Grand Prix,2017-05-14,Circuit de Barcelona-Catalunya,Jolyon Palmer,PAL,Renault,14.203627471875706,16,0,0,0
2017,5,Spanish Grand Prix,2017-05-14,Circuit de Barcelona-Catalunya,Marcus Ericsson,ERI,Sauber,14.925069024268742,17,0,0,0
2017,5,Spanish Grand Prix,2017-05-14,Circuit de Barcelona-Catalunya,Pascal Wehrlein,WEH,Sauber,15.270552267294374,18,0,0,0
2017,5,Spanish Grand Prix,2017-05-14,Circuit de Barcelona-Catalunya,Fernando Alonso,ALO,McLaren,15.281158840736058,19,0,0,0
2017,5,Spanish Grand Prix,2017-05-14,Circuit de Barcelona-Catalunya,Stoffel Vandoorne,VAN,McLaren,15.761256696899096,20,0,0,0
2017,6,Monaco Grand Prix,2017-05-28,Circuit de Monaco,Lewis Hamilton,HAM,Mercedes,2.819406210558173,1,25,0,25
2017,6,Monaco Grand Prix,2017-05-28,Circuit de Monaco,Sebastian Vettel,VET,Ferrari,4.217986136454849,2,18,0,18
2017,6,Monaco Grand Prix,2017-05-28,Circuit de Monaco,Valtteri Bottas,BOT,Mercedes,4.978425149361379,3,15,0,15
2017,6,Monaco Grand Prix,2017-05-28,Circuit de Monaco,Kimi Räikkönen,RAI,Ferrari,5.456389510743314,4,12,0,12
2017,6,Monaco Grand Prix,2017-05-28,Circuit de Monaco,Daniel Ricciardo,RIC,Red Bull,7.158251043505999,5,10,0,10
2017,6,Monaco Grand Prix,2017-05-28,Circuit de Monaco,Max Verstappen,VER,Red Bull,7.718038996014881,6,8,0,8
2017,6,Monaco Grand Prix,2017-05-28,Circuit de Monaco,Sergio Pérez,PER,Force India,8.52625292926051,7,6,0,6
2017,6,Monaco Grand Prix,2017-05-28,Circuit de Monaco,Esteban Ocon,OCO,Force India,9.189890911896011,8,4,0,4
2017,6,Monaco Grand Prix,2017-05-28,Circuit de Monaco,Nico Hülkenberg,HUL,Renault,11.13189050406269,9,2,0,2
2017,6,Monaco Grand Prix,2017-05-28,Circuit de Monaco,Carlos Sainz,SAI,Toro Rosso,11.24994110688807,10,1,0,1
2017,6,Monaco Grand Prix,2017-05-28,Circuit de Monaco,Felipe Massa,MAS,Williams,12.035154391235006,11,0,0,0
2017,6,Monaco Grand Prix,2017-05-28,Circuit de Monaco,Romain Grosjean,GRO,Haas F1 Team,12.686440884334669,12,0,0,0
2017,6,Monaco Grand Prix,2017-05-28,Circuit de Monaco,Daniil Kvyat,KVY,Toro Rosso,12.793752666463703,13,0,0,0
2017,6,Monaco Grand Prix,2017-05-28,Circuit de Monaco,Kevin Magnussen,MAG,Haas F1 Team,13.40249343479752,14,0,0,0
2017,6,Monaco Grand Prix,2017-05-28,Circuit de Monaco,Pascal Wehrlein,WEH,Sauber,13.569035094980226,15,0,0,0
2017,6,Monaco Grand Prix,2017-05-28,Circuit de Monaco,Lance Stroll,STR,Williams,13.595668687771877,16,0,0,0
2017,6,Monaco Grand Prix,2017-05-28,Circuit de Monaco,Marcus Ericsson,ERI,Sauber,13.701459406329256,17,0,0,0
2017,6,Monaco Grand Prix,2017-05-28,Circuit de Monaco,Jolyon Palmer,PAL,Renault,13.712781095917462,18,0,0,0
2017,6,Monaco Grand Prix,2017-05-28,Circuit de Monaco,Jenson Button,BUT,McLaren,14.6875146584751,19,0,0,0
2017,6,Monaco Grand Prix,2017-05-28,Circuit de Monaco,Stoffel Vandoorne,VAN,McLaren,15.745163932922813,20,0,0,0
2017,7,Canadian Grand Prix,2017-06-11,Circuit Gilles Villeneuve,Lewis Hamilton,HAM,Mercedes,2.9858620275319088,1,25,0,25
2017,7,Canadian Grand Prix,2017-06-11,Circuit Gilles Villeneuve,Sebastian Vettel,VET,Ferrari,4.173438593003116,2,18,0,18
2017,7,Canadian Grand Prix,2017-06-11,Circuit Gilles Villeneuve,Valtteri Bottas,BOT,Mercedes,4.607294983884118,3,15,0,15
2017,7,Canadian Grand Prix,2017-06-11,Circuit Gilles Villeneuve,Kimi Räikkönen,RAI,Ferrari,5.289690612429792,4,12,0,12
2017,7,Canadian Grand Prix,2017-06-11,Circuit Gilles Villeneuve,Daniel Ricciardo,RIC,Red Bull,6.160612489166346,5,10,0,10
2017,7,Canadian Grand Prix,2017-06-11,Circuit Gilles Villeneuve,Max Verstappen,VER,Red Bull,7.104194374284235,6,8,0,8
2017,7,Canadian Grand Prix,2017-06-11,Circuit Gilles Villeneuve,Sergio Pérez,PER,Force India,9.19453415593202,7,6,0,6
2017,7,Canadian Grand Prix,2017-06-11,Circuit Gilles Villeneuve,Esteban Ocon,OCO,Force India,10.262037784754176,8,4,0,4
2017,7,Canadian Grand Prix,2017-06-11,Circuit Gilles Villeneuve,Carlos Sainz,SAI,Toro Rosso,11.114411636840284,9,2,0,2
2017,7,Canadian Grand Prix,2017-06-11,Circuit Gilles Villeneuve,Nico Hülkenberg,HUL,Renault,11.158874798078674,10,1,0,1
2017,7,Canadian Grand Prix,2017-06-11,Circuit Gilles Villeneuve,Romain Grosjean,GRO,Haas F1 Team,12.132499055561508,11,0,0,0
2017,7,Canadian Grand Prix,2017-06-11,Circuit Gilles Villeneuve,Kevin Magnussen,MAG,Haas F1 Team,12.425280652231246,12,0,0,0
2017,7,Canadian Grand Prix,2017-06-11,Circuit Gilles Villeneuve,Felipe Massa,MAS,Williams,12.428282976058195,13,0,0,0
2017,7,Canadian Grand Prix,2017-06-11,Circuit Gilles Villeneuve,Daniil Kvyat,KVY,Toro Rosso,12.871452225024443,14,0,0,0
2017,7,Canadian Grand Prix,2017-06-11,Circuit Gilles Villeneuve,Jolyon Palmer,PAL,Renault,13.23933044550376,15,0,0,0
2017,7,Canadian Grand Prix,2017-06-11,Circuit Gilles Villeneuve,Lance Stroll,STR,Williams,13.813987976214358,16,0,0,0
2017,7,Canadian Grand Prix,2017-06-11,Circuit Gilles Villeneuve,Marcus Ericsson,ERI,Sauber,14.492189675983106,17,0,0,0
2017,7,Canadian Grand Prix,2017-06-11,Circuit Gilles Villeneuve,Pascal Wehrlein,WEH,Sauber,14.521179682531868,18,0,0,0
2017,7,Canadian Grand Prix,2017-06-11,Circuit Gilles Villeneuve,Fernando Alonso,ALO,McLaren,15.370433578354213,19,0,0,0
2017,7,Canadian Grand Prix,2017-06-11,Circuit Gilles Villeneuve,Stoffel Vandoorne,VAN,McLaren,15.761256696899096,20,0,0,0
2017,8,Azerbaijan Grand Prix,2017-06-25,Baku City Circuit,Lewis Hamilton,HAM,Mercedes,2.9858620275319088,1,25,0,25
2017,8,Azerbaijan Grand Prix,2017-06-25,Baku City Circuit,Valtteri Bottas,BOT,Mercedes,3.590424955227417,2,18,0,18
2017,8,Azerbaijan Grand Prix,2017-06-25,Baku City Circuit,Sebastian Vettel,VET,Ferrari,4.201936741545154,3,15,0,15
2017,8,Azerbaijan Grand Prix,2017-06-25,Baku City Circuit,Kimi Räikkönen,RAI,Ferrari,5.289690612429792,4,12,0,12
2017,8,Azerbaijan Grand Prix,2017-06-25,Baku City Circuit,Daniel Ricciardo,RIC,Red Bull,6.169210551606784,5,10,0,10
2017,8,Azerbaijan Grand Prix,2017-06-25,Baku City Circuit,Max Verstappen,VER,Red Bull,7.608926271366864,6,8,0,8
2017,8,Azerbaijan Grand Prix,2017-06-25,Baku City Circuit,Sergio Pérez,PER,Force India,7.829035890194274,7,6,0,6
2017,8,Azerbaijan Grand Prix,2017-06-25,Baku City Circuit,Esteban Ocon,OCO,Force India,8.38874447844615,8,4,0,4
2017,8,Azerbaijan Grand Prix,2017-06-25,Baku City Circuit,Nico Hülkenberg,HUL,Renault,11.483202841571096,9,2,0,2
2017,8,Azerbaijan Grand Prix,2017-06-25,Baku City Circuit,Carlos Sainz,SAI,Toro Rosso,12.301713645872518,10,1,0,1
2017,8,Azerbaijan Grand Prix,2017-06-25,Baku City Circuit,Romain Grosjean,GRO,Haas F1 Team,12.49848473001685,11,0,0,0
2017,8,Azerbaijan Grand Prix,2017-06-25,Baku City Circuit,Felipe Massa,MAS,Williams,12.507111960418134,12,0,0,0
2017,8,Azerbaijan Grand Prix,2017-06-25,Baku City Circuit,Lance Stroll,STR,Williams,12.843824685821902,13,0,0,0
2017,8,Azerbaijan Grand Prix,2017-06-25,Baku City Circuit,Daniil Kvyat,KVY,Toro Rosso,13.242385567236372,14,0,0,0
2017,8,Azerbaijan Grand Prix,2017-06-25,Baku City Circuit,Jolyon Palmer,PAL,Renault,13.25879404290372,15,0,0,0
2017,8,Azerbaijan Grand Prix,2017-06-25,Baku City Circuit,Kevin Magnussen,MAG,Haas F1 Team,13.402562774171129,16,0,0,0
2017,8,Azerbaijan Grand Prix,2017-06-25,Baku City Circuit,Marcus Ericsson,ERI,Sauber,13.71595842685541,17,0,0,0
2017,8,Azerbaijan Grand Prix,2017-06-25,Baku City Circuit,Pascal Wehrlein,WEH,Sauber,13.899594079922322,18,0,0,0
2017,8,Azerbaijan Grand Prix,2017-06-25,Baku City Circuit,Fernando Alonso,ALO,McLaren,15.645350569492903,19,0,0,0
2017,8,Azerbaijan Grand Prix,2017-06-25,Baku City Circuit,Stoffel Vandoorne,VAN,McLaren,15.801517117382206,20,0,0,0
2017,9,Austrian Grand Prix,2017-07-09,Red Bull Ring,Lewis Hamilton,HAM,Mercedes,3.137542473154358,1,25,0,25
2017,9,Austrian Grand Prix,2017-07-09,Red Bull Ring,Valtteri Bottas,BOT,Mercedes,3.5990230176678564,2,18,0,18
2017,9,Austrian Grand Prix,2017-07-09,Red Bull Ring,Sebastian Vettel,VET,Ferrari,4.533800772143461,3,15,0,15
2017,9,Austrian Grand Prix,2017-07-09,Red Bull Ring,Daniel Ricciardo,RIC,Red Bull,5.1843812289399045,4,12,0,12
2017,9,Austrian Grand Prix,2017-07-09,Red Bull Ring,Kimi Räikkönen,RAI,Ferrari,6.204875336384951,5,10,0,10
2017,9,Austrian Grand Prix,2017-07-09,Red Bull Ring,Max Verstappen,VER,Red Bull,7.203515652851699,6,8,0,8
2017,9,Austrian Grand Prix,2017-07-09,Red Bull Ring,Esteban Ocon,OCO,Force India,8.282831758106063,7,6,0,6
2017,9,Austrian Grand Prix,2017-07-09,Red Bull Ring,Sergio Pérez,PER,Force India,8.6025499781377,8,4,0,4
2017,9,Austrian Grand Prix,2017-07-09,Red Bull Ring,Carlos Sainz,SAI,Toro Rosso,11.277172787022703,9,2,0,2
2017,9,Austrian Grand Prix,2017-07-09,Red Bull Ring,Lance Stroll,STR,Williams,11.775054335081473,10,1,0,1
2017,9,Austrian Grand Prix,2017-07-09,Red Bull Ring,Kevin Magnussen,MAG,Haas F1 Team,12.290082808018292,11,0,0,0
2017,9,Austrian Grand Prix,2017-07-09,Red Bull Ring,Romain Grosjean,GRO,Haas F1 Team,12.562223693147695,12,0,0,0
2017,9,Austrian Grand Prix,2017-07-09,Red Bull Ring,Felipe Massa,MAS,Williams,12.640801815580254,13,0,0,0
2017,9,Austrian Grand Prix,2017-07-09,Red Bull Ring,Nico Hülkenberg,HUL,Renault,12.686962949025014,14,0,0,0
2017,9,Austrian Grand Prix,2017-07-09,Red Bull Ring,Daniil Kvyat,KVY,Toro Rosso,13.038176088365727,15,0,0,0
2017,9,Austrian Grand Prix,2017-07-09,Red Bull Ring,Pascal Wehrlein,WEH,Sauber,13.41979045298523,16,0,0,0
2017,9,Austrian Grand Prix,2017-07-09,Red Bull Ring,Marcus Ericsson,ERI,Sauber,13.53789271504704,17,0,0,0
2017,9,Austrian Grand Prix,2017-07-09,Red Bull Ring,Jolyon Palmer,PAL,Renault,13.630233971959044,18,0,0,0
2017,9,Austrian Grand Prix,2017-07-09,Red Bull Ring,Fernando Alonso,ALO,McLaren,13.902050656149232,19,0,0,0
2017,9,Austrian Grand Prix,2017-07-09,Red Bull Ring,Stoffel Vandoorne,VAN,McLaren,14.441432642007843,20,0,0,0
2017,10,British Grand Prix,2017-07-16,Silverstone Circuit,Lewis Hamilton,HAM,Mercedes,3.137542473154358,1,25,0,25
2017,10,British Grand Prix,2017-07-16,Silverstone Circuit,Valtteri Bottas,BOT,Mercedes,3.5705248691258182,2,18,0,18
2017,10,British Grand Prix,2017-07-16,Silverstone Circuit,Sebastian Vettel,VET,Ferrari,4.243097298589328,3,15,0,15
2017,10,British Grand Prix,2017-07-16,Silverstone Circuit,Daniel Ricciardo,RIC,Red Bull,4.57752672208978,4,12,0,12
2017,10,British Grand Prix,2017-07-16,Silverstone Circuit,Kimi Räikkönen,RAI,Ferrari,6.391482622687729,5,10,0,10
2017,10,British Grand Prix,2017-07-16,Silverstone Circuit,Sergio Pérez,PER,Force India,8.099580907478371,6,8,0,8
2017,10,British Grand Prix,2017-07-16,Silverstone Circuit,Esteban Ocon,OCO,Force India,8.43096474955043,7,6,0,6
2017,10,British Grand Prix,2017-07-16,Silverstone Circuit,Max Verstappen,VER,Red Bull,8.541587047729106,8,4,0,4
2017,10,British Grand Prix,2017-07-16,Silverstone Circuit,Nico Hülkenberg,HUL,Renault,11.265928559876594,9,2,0,2
2017,10,British Grand Prix,2017-07-16,Silverstone Circuit,Lance Stroll,STR,Williams,12.03717415774032,10,1,0,1
2017,10,British Grand Prix,2017-07-16,Silverstone Circuit,Romain Grosjean,GRO,Haas F1 Team,12.183355744678742,11,0,0,0
2017,10,British Grand Prix,2017-07-16,Silverstone Circuit,Carlos Sainz,SAI,Toro Rosso,12.38743842437166,12,0,0,0
2017,10,British Grand Prix,2017-07-16,Silverstone Circuit,Kevin Magnussen,MAG,Haas F1 Team,12.506173166148086,13,0,0,0
2017,10,British Grand Prix,2017-07-16,Silverstone Circuit,Felipe Massa,MAS,Williams,12.692492139000436,14,0,0,0
2017,10,British Grand Prix,2017-07-16,Silverstone Circuit,Daniil Kvyat,KVY,Toro Rosso,13.087578731774933,15,0,0,0
2017,10,British Grand Prix,2017-07-16,Silverstone Circuit,Jolyon Palmer,PAL,Renault,13.524907073883886,16,0,0,0
2017,10,British Grand Prix,2017-07-16,Silverstone Circuit,Pascal Wehrlein,WEH,Sauber,13.84335353247994,17,0,0,0
2017,10,British Grand Prix,2017-07-16,Silverstone Circuit,Marcus Ericsson,ERI,Sauber,13.972800153543542,18,0,0,0
2017,10,British Grand Prix,2017-07-16,Silverstone Circuit,Stoffel Vandoorne,VAN,McLaren,14.26380376286123,19,0,0,0
2017,10,British Grand Prix,2017-07-16,Silverstone Circuit,Fernando Alonso,ALO,McLaren,14.342802831157895,20,0,0,0
2017,11,Hungarian Grand Prix,2017-07-30,Hungaroring,Lewis Hamilton,HAM,Mercedes,2.868264287693012,1,25,0,25
2017,11,Hungarian Grand Prix,2017-07-30,Hungaroring,Valtteri Bottas,BOT,Mercedes,3.3876820460339734,2,18,0,18
2017,11,Hungarian Grand Prix,2017-07-30,Hungaroring,Sebastian Vettel,VET,Ferrari,4.394777744211778,3,15,0,15
2017,11,Hungarian Grand Prix,2017-07-30,Hungaroring,Daniel Ricciardo,RIC,Red Bull,4.729207167712231,4,12,0,12
2017,11,Hungarian Grand Prix,2017-07-30,Hungaroring,Kimi Räikkönen,RAI,Ferrari,5.531048004841862,5,10,0,10
2017,11,Hungarian Grand Prix,2017-07-30,Hungaroring,Max Verstappen,VER,Red Bull,6.755376532265949,6,8,0,8
2017,11,Hungarian Grand Prix,2017-07-30,Hungaroring,Esteban Ocon,OCO,Force India,9.710824284697948,7,6,0,6
2017,11,Hungarian Grand Prix,2017-07-30,Hungaroring,Sergio Pérez,PER,Force India,10.997887331047318,8,4,0,4
2017,11,Hungarian Grand Prix,2017-07-30,Hungaroring,Lance Stroll,STR,Williams,12.214517079083402,9,2,0,2
2017,11,Hungarian Grand Prix,2017-07-30,Hungaroring,Paul di Resta,DIR,Williams,12.216757165327422,10,1,0,1
2017,11,Hungarian Grand Prix,2017-07-30,Hungaroring,Nico Hülkenberg,HUL,Renault,12.23675325464157,11,0,0,0
2017,11,Hungarian Grand Prix,2017-07-30,Hungaroring,Romain Grosjean,GRO,Haas F1 Team,12.308108767585248,12,0,0,0
2017,11,Hungarian Grand Prix,2017-07-30,Hungaroring,Kevin Magnussen,MAG,Haas F1 Team,12.33681403136875,13,0,0,0
2017,11,Hungarian Grand Prix,2017-07-30,Hungaroring,Carlos Sainz,SAI,Toro Rosso,13.057896565147264,14,0,0,0
2017,11,Hungarian Grand Prix,2017-07-30,Hungaroring,Fernando Alonso,ALO,McLaren,13.26279520883881,15,0,0,0
2017,11,Hungarian Grand Prix,2017-07-30,Hungaroring,Jolyon Palmer,PAL,Renault,13.397978135153448,16,0,0,0
2017,11,Hungarian Grand Prix,2017-07-30,Hungaroring,Stoffel Vandoorne,VAN,McLaren,14.202746519294973,17,0,0,0
2017,11,Hungarian Grand Prix,2017-07-30,Hungaroring,Daniil Kvyat,KVY,Toro Rosso,14.50163111174882,18,0,0,0
2017,11,Hungarian Grand Prix,2017-07-30,Hungaroring,Marcus Ericsson,ERI,Sauber,14.707179724639015,19,0,0,0
2017,11,Hungarian Grand Prix,2017-07-30,Hungaroring,Pascal Wehrlein,WEH,Sauber,15.270552267294374,20,0,0,0
2017,12,Belgian Grand Prix,2017-08-27,Circuit de Spa-Francorchamps,Lewis Hamilton,HAM,Mercedes,2.7640117548159644,1,25,0,25
2017,12,Belgian Grand Prix,2017-08-27,Circuit de Spa-Francorchamps,Valtteri Bottas,BOT,Mercedes,3.1780643865840577,2,18,0,18
2017,12,Belgian Grand Prix,2017-08-27,Circuit de Spa-Francorchamps,Sebastian Vettel,VET,Ferrari,4.394777744211778,3,15,0,15
2017,12,Belgian Grand Prix,2017-08-27,Circuit de Spa-Francorchamps,Daniel Ricciardo,RIC,Red Bull,4.974002741900311,4,12,0,12
2017,12,Belgian Grand Prix,2017-08-27,Circuit de Spa-Francorchamps,Kimi Räikkönen,RAI,Ferrari,5.427034979624057,5,10,0,10
2017,12,Belgian Grand Prix,2017-08-27,Circuit de Spa-Francorchamps,Max Verstappen,VER,Red Bull,7.508039689489856,6,8,0,8
2017,12,Belgian Grand Prix,2017-08-27,Circuit de Spa-Francorchamps,Sergio Pérez,PER,Force India,9.0391042868663,7,6,0,6
2017,12,Belgian Grand Prix,2017-08-27,Circuit de Spa-Francorchamps,Esteban Ocon,OCO,Force India,9.39839877105682,8,4,0,4
2017,12,Belgian Grand Prix,2017-08-27,Circuit de Spa-Francorchamps,Fernando Alonso,ALO,McLaren,11.691469558271528,9,2,0,2
2017,12,Belgian Grand Prix,2017-08-27,Circuit de Spa-Francorchamps,Lance Stroll,STR,Williams,12.318748503079789,10,1,0,1
2017,12,Belgian Grand Prix,2017-08-27,Circuit de Spa-Francorchamps,Felipe Massa,MAS,Williams,12.438727797364646,11,0,0,0
2017,12,Belgian Grand Prix,2017-08-27,Circuit de Spa-Francorchamps,Romain Grosjean,GRO,Haas F1 Team,12.445452427985607,12,0,0,0
2017,12,Belgian Grand Prix,2017-08-27,Circuit de Spa-Francorchamps,Kevin Magnussen,MAG,Haas F1 Team,12.540660504145016,13,0,0,0
2017,12,Belgian Grand Prix,2017-08-27,Circuit de Spa-Francorchamps,Carlos Sainz,SAI,Toro Rosso,12.685935433522117,14,0,0,0
2017,12,Belgian Grand Prix,2017-08-27,Circuit de Spa-Francorchamps,Nico Hülkenberg,HUL,Renault,12.705327991209224,15,0,0,0
2017,12,Belgian Grand Prix,2017-08-27,Circuit de Spa-Francorchamps,Stoffel Vandoorne,VAN,McLaren,13.366360690083496,16,0,0,0
2017,12,Belgian Grand Prix,2017-08-27,Circuit de Spa-Francorchamps,Jolyon Palmer,PAL,Renault,13.897041302044148,17,0,0,0
2017,12,Belgian Grand Prix,2017-08-27,Circuit de Spa-Francorchamps,Daniil Kvyat,KVY,Toro Rosso,13.918861325176032,18,0,0,0
2017,12,Belgian Grand Prix,2017-08-27,Circuit de Spa-Francorchamps,Marcus Ericsson,ERI,Sauber,14.04870453497004,19,0,0,0
2017,12,Belgian Grand Prix,2017-08-27,Circuit de Spa-Francorchamps,Pascal Wehrlein,WEH,Sauber,14.537393731556092,20,0,0,0
2017,13,Italian Grand Prix,2017-09-03,Autodromo Nazionale di Monza,Lewis Hamilton,HAM,Mercedes,2.71658384207056,1,25,0,25
2017,13,Italian Grand Prix,2017-09-03,Autodromo Nazionale di Monza,Valtteri Bottas,BOT,Mercedes,3.1780643865840577,2,18,0,18
2017,13,Italian Grand Prix,2017-09-03,Autodromo Nazionale di Monza,Sebastian Vettel,VET,Ferrari,4.394777744211778,3,15,0,15
2017,13,Italian Grand Prix,2017-09-03,Autodromo Nazionale di Monza,Daniel Ricciardo,RIC,Red Bull,5.124439845852168,4,12,0,12
2017,13,Italian Grand Prix,2017-09-03,Autodromo Nazionale di Monza,Kimi Räikkönen,RAI,Ferrari,5.427034979624057,5,10,0,10
2017,13,Italian Grand Prix,2017-09-03,Autodromo Nazionale di Monza,Max Verstappen,VER,Red Bull,8.065018179308629,6,8,0,8
2017,13,Italian Grand Prix,2017-09-03,Autodromo Nazionale di Monza,Sergio Pérez,PER,Force India,10.339745807038865,7,6,0,6
2017,13,Italian Grand Prix,2017-09-03,Autodromo Nazionale di Monza,Esteban Ocon,OCO,Force India,10.574928780907136,8,4,0,4
2017,13,Italian Grand Prix,2017-09-03,Autodromo Nazionale di Monza,Felipe Massa,MAS,Williams,11.15906511473323,9,2,0,2
2017,13,Italian Grand Prix,2017-09-03,Autodromo Nazionale di Monza,Carlos Sainz,SAI,Toro Rosso,12.21329800438396,10,1,0,1
2017,13,Italian Grand Prix,2017-09-03,Autodromo Nazionale di Monza,Nico Hülkenberg,HUL,Renault,12.22378962199292,11,0,0,0
2017,13,Italian Grand Prix,2017-09-03,Autodromo Nazionale di Monza,Romain Grosjean,GRO,Haas F1 Team,12.260726685603036,12,0,0,0
2017,13,Italian Grand Prix,2017-09-03,Autodromo Nazionale di Monza,Lance Stroll,STR,Williams,12.298135142101591,13,0,0,0
2017,13,Italian Grand Prix,2017-09-03,Autodromo Nazionale di Monza,Fernando Alonso,ALO,McLaren,12.630445439862031,14,0,0,0
2017,13,Italian Grand Prix,2017-09-03,Autodromo Nazionale di Monza,Kevin Magnussen,MAG,Haas F1 Team,12.77362270688974,15,0,0,0
2017,13,Italian Grand Prix,2017-09-03,Autodromo Nazionale di Monza,Daniil Kvyat,KVY,Toro Rosso,13.372248795230492,16,0,0,0
2017,13,Italian Grand Prix,2017-09-03,Autodromo Nazionale di Monza,Stoffel Vandoorne,VAN,McLaren,13.64017534038627,17,0,0,0
2017,13,Italian Grand Prix,2017-09-03,Autodromo Nazionale di Monza,Jolyon Palmer,PAL,Renault,13.678722013601666,18,0,0,0
2017,13,Italian Grand Prix,2017-09-03,Autodromo Nazionale di Monza,Marcus Ericsson,ERI,Sauber,14.747440145122129,19,0,0,0
2017,13,Italian Grand Prix,2017-09-03,Autodromo Nazionale di Monza,Pascal Wehrlein,WEH,Sauber,15.103889847745858,20,0,0,0
2017,14,Singapore Grand Prix,2017-09-17,Marina Bay Street Circuit,Lewis Hamilton,HAM,Mercedes,2.71658384207056,1,25,0,25
2017,14,Singapore Grand Prix,2017-09-17,Marina Bay Street Circuit,Valtteri Bottas,BOT,Mercedes,3.3876820460339734,2,18,0,18
2017,14,Singapore Grand Prix,2017-09-17,Marina Bay Street Circuit,Sebastian Vettel,VET,Ferrari,4.353617187167604,3,15,0,15
2017,14,Singapore Grand Prix,2017-09-17,Marina Bay Street Circuit,Kimi Räikkönen,RAI,Ferrari,4.642731002192743,4,12,0,12
2017,14,Singapore Grand Prix,2017-09-17,Marina Bay Street Circuit,Daniel Ricciardo,RIC,Red Bull,6.160612489166346,5,10,0,10
2017,14,Singapore Grand Prix,2017-09-17,Marina Bay Street Circuit,Max Verstappen,VER,Red Bull,6.687914122425608,6,8,0,8
2017,14,Singapore Grand Prix,2017-09-17,Marina Bay Street Circuit,Sergio Pérez,PER,Force India,10.137529671968252,7,6,0,6
2017,14,Singapore Grand Prix,2017-09-17,Marina Bay Street Circuit,Esteban Ocon,OCO,Force India,10.273711168462542,8,4,0,4
2017,14,Singapore Grand Prix,2017-09-17,Marina Bay Street Circuit,Felipe Massa,MAS,Williams,11.995935365446686,9,2,0,2
2017,14,Singapore Grand Prix,2017-09-17,Marina Bay Street Circuit,Lance Stroll,STR,Williams,12.015633715992896,10,1,0,1
2017,14,Singapore Grand Prix,2017-09-17,Marina Bay Street Circuit,Carlos Sainz,SAI,Toro Rosso,12.351151790903318,11,0,0,0
2017,14,Singapore Grand Prix,2017-09-17,Marina Bay Street Circuit,Nico Hülkenberg,HUL,Renault,12.390229867822663,12,0,0,0
2017,14,Singapore Grand Prix,2017-09-17,Marina Bay Street Circuit,Romain Grosjean,GRO,Haas F1 Team,12.5110736321206,13,0,0,0
2017,14,Singapore Grand Prix,2017-09-17,Marina Bay Street Circuit,Kevin Magnussen,MAG,Haas F1 Team,13.02261964679775,14,0,0,0
2017,14,Singapore Grand Prix,2017-09-17,Marina Bay Street Circuit,Fernando Alonso,ALO,McLaren,13.29271601129796,15,0,0,0
2017,14,Singapore Grand Prix,2017-09-17,Marina Bay Street Circuit,Daniil Kvyat,KVY,Toro Rosso,13.311191551664232,16,0,0,0
2017,14,Singapore Grand Prix,2017-09-17,Marina Bay Street Circuit,Jolyon Palmer,PAL,Renault,13.529550070355375,17,0,0,0
2017,14,Singapore Grand Prix,2017-09-17,Marina Bay Street Circuit,Stoffel Vandoorne,VAN,McLaren,14.27212234213448,18,0,0,0
2017,14,Singapore Grand Prix,2017-09-17,Marina Bay Street Circuit,Marcus Ericsson,ERI,Sauber,15.502861008355715,19,0,0,0
2017,14,Singapore Grand Prix,2017-09-17,Marina Bay Street Circuit,Pascal Wehrlein,WEH,Sauber,15.864437015357632,20,0,0,0
2017,15,Malaysian Grand Prix,2017-10-01,Sepang International Circuit,Lewis Hamilton,HAM,Mercedes,2.5554037902770124,1,25,0,25
2017,15,Malaysian Grand Prix,2017-10-01,Sepang International Circuit,Valtteri Bottas,BOT,Mercedes,3.3297448322065084,2,18,0,18
2017,15,Malaysian Grand Prix,2017-10-01,Sepang International Circuit,Sebastian Vettel,VET,Ferrari,4.889574801499467,3,15,0,15
2017,15,Malaysian Grand Prix,2017-10-01,Sepang International Circuit,Kimi Räikkönen,RAI,Ferrari,5.156312137453968,4,12,0,12
2017,15,Malaysian Grand Prix,2017-10-01,Sepang International Circuit,Max Verstappen,VER,Red Bull,6.308715138741247,5,10,0,10
2017,15,Malaysian Grand Prix,2017-10-01,Sepang International Circuit,Daniel Ricciardo,RIC,Red Bull,6.379273075926492,6,8,0,8
2017,15,Malaysian Grand Prix,2017-10-01,Sepang International Circuit,Sergio Pérez,PER,Force India,10.548061886520427,7,6,0,6
2017,15,Malaysian Grand Prix,2017-10-01,Sepang International Circuit,Esteban Ocon,OCO,Force India,10.981677608017558,8,4,0,4
2017,15,Malaysian Grand Prix,2017-10-01,Sepang International Circuit,Carlos Sainz,SAI,Toro Rosso,11.259825729645952,9,2,0,2
2017,15,Malaysian Grand Prix,2017-10-01,Sepang International Circuit,Felipe Massa,MAS,Williams,11.905833977457956,10,1,0,1
2017,15,Malaysian Grand Prix,2017-10-01,Sepang International Circuit,Stoffel Vandoorne,VAN,McLaren,12.070954505723252,11,0,0,0
2017,15,Malaysian Grand Prix,2017-10-01,Sepang International Circuit,Lance Stroll,STR,Williams,12.077313342220856,12,0,0,0
2017,15,Malaysian Grand Prix,2017-10-01,Sepang International Circuit,Jolyon Palmer,PAL,Renault,12.103368231307911,13,0,0,0
2017,15,Malaysian Grand Prix,2017-10-01,Sepang International Circuit,Nico Hülkenberg,HUL,Renault,12.111501932007917,14,0,0,0
2017,15,Malaysian Grand Prix,2017-10-01,Sepang International Circuit,Pierre Gasly,GAS,Toro Rosso,12.239940691238282,15,0,0,0
2017,15,Malaysian Grand Prix,2017-10-01,Sepang International Circuit,Romain Grosjean,GRO,Haas F1 Team,12.48200329553944,16,0,0,0
2017,15,Malaysian Grand Prix,2017-10-01,Sepang International Circuit,Fernando Alonso,ALO,McLaren,12.817146484255606,17,0,0,0
2017,15,Malaysian Grand Prix,2017-10-01,Sepang International Circuit,Kevin Magnussen,MAG,Haas F1 Team,13.285554305929018,18,0,0,0
2017,15,Malaysian Grand Prix,2017-10-01,Sepang International Circuit,Marcus Ericsson,ERI,Sauber,15.55921419281511,19,0,0,0
2017,15,Malaysian Grand Prix,2017-10-01,Sepang International Circuit,Pascal Wehrlein,WEH,Sauber,15.88211093403463,20,0,0,0
2017,16,Japanese Grand Prix,2017-10-08,Suzuka Circuit,Lewis Hamilton,HAM,Mercedes,2.5554037902770124,1,25,0,25
2017,16,Japanese Grand Prix,2017-10-08,Suzuka Circuit,Valtteri Bottas,BOT,Mercedes,3.3297448322065084,2,18,0,18
2017,16,Japanese Grand Prix,2017-10-08,Suzuka Circuit,Sebastian Vettel,VET,Ferrari,4.526669733210298,3,15,0,15
2017,16,Japanese Grand Prix,2017-10-08,Suzuka Circuit,Kimi Räikkönen,RAI,Ferrari,5.380759732506119,4,12,0,12
2017,16,Japanese Grand Prix,2017-10-08,Suzuka Circuit,Max Verstappen,VER,Red Bull,5.848489674108619,5,10,0,10
2017,16,Japanese Grand Prix,2017-10-08,Suzuka Circuit,Daniel Ricciardo,RIC,Red Bull,5.911498501685863,6,8,0,8
2017,16,Japanese Grand Prix,2017-10-08,Suzuka Circuit,Sergio Pérez,PER,Force India,9.44470043384902,7,6,0,6
2017,16,Japanese Grand Prix,2017-10-08,Suzuka Circuit,Esteban Ocon,OCO,Force India,11.08137441173282,8,4,0,4
2017,16,Japanese Grand Prix,2017-10-08,Suzuka Circuit,Nico Hülkenberg,HUL,Renault,11.433015416448004,9,2,0,2
2017,16,Japanese Grand Prix,2017-10-08,Suzuka Circuit,Carlos Sainz,SAI,Toro Rosso,11.747166713184871,10,1,0,1
2017,16,Japanese Grand Prix,2017-10-08,Suzuka Circuit,Lance Stroll,STR,Williams,11.975738024375662,11,0,0,0
2017,16,Japanese Grand Prix,2017-10-08,Suzuka Circuit,Stoffel Vandoorne,VAN,McLaren,12.036491178516444,12,0,0,0
2017,16,Japanese Grand Prix,2017-10-08,Suzuka Circuit,Felipe Massa,MAS,Williams,12.178230602669332,13,0,0,0
2017,16,Japanese Grand Prix,2017-10-08,Suzuka Circuit,Fernando Alonso,ALO,McLaren,12.294223737985853,14,0,0,0
2017,16,Japanese Grand Prix,2017-10-08,Suzuka Circuit,Romain Grosjean,GRO,Haas F1 Team,12.40688386410878,15,0,0,0
2017,16,Japanese Grand Prix,2017-10-08,Suzuka Circuit,Jolyon Palmer,PAL,Renault,12.697769901790926,16,0,0,0
2017,16,Japanese Grand Prix,2017-10-08,Suzuka Circuit,Kevin Magnussen,MAG,Haas F1 Team,13.285554305929018,17,0,0,0
2017,16,Japanese Grand Prix,2017-10-08,Suzuka Circuit,Pierre Gasly,GAS,Toro Rosso,13.295874354248674,18,0,0,0
2017,16,Japanese Grand Prix,2017-10-08,Suzuka Circuit,Marcus Ericsson,ERI,Sauber,15.56722335690697,19,0,0,0
2017,16,Japanese Grand Prix,2017-10-08,Suzuka Circuit,Pascal Wehrlein,WEH,Sauber,16.051208494386167,20,0,0,0
2017,17,United States Grand Prix,2017-10-22,Circuit of the Americas,Lewis Hamilton,HAM,Mercedes,2.5554037902770124,1,25,0,25
2017,17,United States Grand Prix,2017-10-22,Circuit of the Americas,Valtteri Bottas,BOT,Mercedes,3.828476306681562,2,18,0,18
2017,17,United States Grand Prix,2017-10-22,Circuit of the Americas,Daniel Ricciardo,RIC,Red Bull,4.5011313685636205,3,15,0,15
2017,17,United States Grand Prix,2017-10-22,Circuit of the Americas,Max Verstappen,VER,Red Bull,4.9768889634353775,4,12,0,12
2017,17,United States Grand Prix,2017-10-22,Circuit of the Americas,Sebastian Vettel,VET,Ferrari,5.713805862218901,5,10,0,10
2017,17,United States Grand Prix,2017-10-22,Circuit of the Americas,Kimi Räikkönen,RAI,Ferrari,6.751454324988893,6,8,0,8
2017,17,United States Grand Prix,2017-10-22,Circuit of the Americas,Sergio Pérez,PER,Force India,8.877929336731846,7,6,0,6
2017,17,United States Grand Prix,2017-10-22,Circuit of the Americas,Esteban Ocon,OCO,Force India,9.629190776629825,8,4,0,4
2017,17,United States Grand Prix,2017-10-22,Circuit of the Americas,Carlos Sainz,SAI,Renault,10.823853195943428,9,2,0,2
2017,17,United States Grand Prix,2017-10-22,Circuit of the Americas,Romain Grosjean,GRO,Haas F1 Team,12.238982772765088,10,1,0,1
2017,17,United States Grand Prix,2017-10-22,Circuit of the Americas,Fernando Alonso,ALO,McLaren,12.48275446992509,11,0,0,0
2017,17,United States Grand Prix,2017-10-22,Circuit of the Americas,Felipe Massa,MAS,Williams,12.558993134596294,12,0,0,0
2017,17,United States Grand Prix,2017-10-22,Circuit of the Americas,Nico Hülkenberg,HUL,Renault,12.593616739174498,13,0,0,0
2017,17,United States Grand Prix,2017-10-22,Circuit of the Americas,Kevin Magnussen,MAG,Haas F1 Team,12.69171244032249,14,0,0,0
2017,17,United States Grand Prix,2017-10-22,Circuit of the Americas,Brendon Hartley,HAR,Toro Rosso,12.707138250764984,15,0,0,0
2017,17,United States Grand Prix,2017-10-22,Circuit of the Americas,Stoffel Vandoorne,VAN,McLaren,12.867125565070484,16,0,0,0
2017,17,United States Grand Prix,2017-10-22,Circuit of the Americas,Daniil Kvyat,KVY,Toro Rosso,13.625266622450116,17,0,0,0
2017,17,United States Grand Prix,2017-10-22,Circuit of the Americas,Lance Stroll,STR,Williams,13.825687909167868,18,0,0,0
2017,17,United States Grand Prix,2017-10-22,Circuit of the Americas,Marcus Ericsson,ERI,Sauber,15.56722335690697,19,0,0,0
2017,17,United States Grand Prix,2017-10-22,Circuit of the Americas,Pascal Wehrlein,WEH,Sauber,15.928799363908883,20,0,0,0
2017,18,Mexican Grand Prix,2017-10-29,Autódromo Hermanos Rodríguez,Lewis Hamilton,HAM,Mercedes,2.5554037902770124,1,25,0,25
2017,18,Mexican Grand Prix,2017-10-29,Autódromo Hermanos Rodríguez,Valtteri Bottas,BOT,Mercedes,3.678800490010617,2,18,0,18
2017,18,Mexican Grand Prix,2017-10-29,Autódromo Hermanos Rodríguez,Max Verstappen,VER,Red Bull,4.592463467565972,3,15,0,15
2017,18,Mexican Grand Prix,2017-10-29,Autódromo Hermanos Rodríguez,Daniel Ricciardo,RIC,Red Bull,5.56518351363895,4,12,0,12
2017,18,Mexican Grand Prix,2017-10-29,Autódromo Hermanos Rodríguez,Sebastian Vettel,VET,Ferrari,5.88515634527973,5,10,0,10
2017,18,Mexican Grand Prix,2017-10-29,Autódromo Hermanos Rodríguez,Kimi Räikkönen,RAI,Ferrari,6.636074473075125,6,8,0,8
2017,18,Mexican Grand Prix,2017-10-29,Autódromo Hermanos Rodríguez,Sergio Pérez,PER,Force India,8.351975513774471,7,6,0,6
2017,18,Mexican Grand Prix,2017-10-29,Autódromo Hermanos Rodríguez,Esteban Ocon,OCO,Force India,8.661534219236815,8,4,0,4
2017,18,Mexican Grand Prix,2017-10-29,Autódromo Hermanos Rodríguez,Felipe Massa,MAS,Williams,11.139288578291046,9,2,0,2
2017,18,Mexican Grand Prix,2017-10-29,Autódromo Hermanos Rodríguez,Carlos Sainz,SAI,Renault,11.553810818063726,10,1,0,1
2017,18,Mexican Grand Prix,2017-10-29,Autódromo Hermanos Rodríguez,Lance Stroll,STR,Williams,12.179087738477284,11,0,0,0
2017,18,Mexican Grand Prix,2017-10-29,Autódromo Hermanos Rodríguez,Nico Hülkenberg,HUL,Renault,12.429467475594778,12,0,0,0
2017,18,Mexican Grand Prix,2017-10-29,Autódromo Hermanos Rodríguez,Stoffel Vandoorne,VAN,McLaren,12.63797942484764,13,0,0,0
2017,18,Mexican Grand Prix,2017-10-29,Autódromo Hermanos Rodríguez,Romain Grosjean,GRO,Haas F1 Team,13.2106398205114,14,0,0,0
2017,18,Mexican Grand Prix,2017-10-29,Autódromo Hermanos Rodríguez,Kevin Magnussen,MAG,Haas F1 Team,13.34904072483553,15,0,0,0
2017,18,Mexican Grand Prix,2017-10-29,Autódromo Hermanos Rodríguez,Pierre Gasly,GAS,Toro Rosso,13.360563596807197,16,0,0,0
2017,18,Mexican Grand Prix,2017-10-29,Autódromo Hermanos Rodríguez,Brendon Hartley,HAR,Toro Rosso,13.428200019906344,17,0,0,0
2017,18,Mexican Grand Prix,2017-10-29,Autódromo Hermanos Rodríguez,Fernando Alonso,ALO,McLaren,13.461584628415482,18,0,0,0
2017,18,Mexican Grand Prix,2017-10-29,Autódromo Hermanos Rodríguez,Marcus Ericsson,ERI,Sauber,15.699222248289448,19,0,0,0
2017,18,Mexican Grand Prix,2017-10-29,Autódromo Hermanos Rodríguez,Pascal Wehrlein,WEH,Sauber,15.994855309926765,20,0,0,0
2017,19,Brazilian Grand Prix,2017-11-12,Autódromo José Carlos Pace,Lewis Hamilton,HAM,Mercedes,3.118197398887825,1,25,0,25
2017,19,Brazilian Grand Prix,2017-11-12,Autódromo José Carlos Pace,Max Verstappen,VER,Red Bull,3.660850604532607,2,18,0,18
2017,19,Brazilian Grand Prix,2017-11-12,Autódromo José Carlos Pace,Valtteri Bottas,BOT,Mercedes,3.995968078893939,3,15,0,15
2017,19,Brazilian Grand Prix,2017-11-12,Autódromo José Carlos Pace,Sebastian Vettel,VET,Ferrari,5.633152469632305,4,12,0,12
2017,19,Brazilian Grand Prix,2017-11-12,Autódromo José Carlos Pace,Daniel Ricciardo,RIC,Red Bull,5.960858607101708,5,10,0,10
2017,19,Brazilian Grand Prix,2017-11-12,Autódromo José Carlos Pace,Kimi Räikkönen,RAI,Ferrari,6.256682431651166,6,8,0,8
2017,19,Brazilian Grand Prix,2017-11-12,Autódromo José Carlos Pace,Sergio Pérez,PER,Force India,8.310810246107522,7,6,0,6
2017,19,Brazilian Grand Prix,2017-11-12,Autódromo José Carlos Pace,Esteban Ocon,OCO,Force India,8.370972104653166,8,4,0,4
2017,19,Brazilian Grand Prix,2017-11-12,Autódromo José Carlos Pace,Lance Stroll,STR,Williams,11.941841129545963,9,2,0,2
2017,19,Brazilian Grand Prix,2017-11-12,Autódromo José Carlos Pace,Carlos Sainz,SAI,Renault,11.958023206080126,10,1,0,1
2017,19,Brazilian Grand Prix,2017-11-12,Autódromo José Carlos Pace,Felipe Massa,MAS,Williams,12.340516778423424,11,0,0,0
2017,19,Brazilian Grand Prix,2017-11-12,Autódromo José Carlos Pace,Kevin Magnussen,MAG,Haas F1 Team,12.383878557993167,12,0,0,0
2017,19,Brazilian Grand Prix,2017-11-12,Autódromo José Carlos Pace,Nico Hülkenberg,HUL,Renault,12.386876024199916,13,0,0,0
2017,19,Brazilian Grand Prix,2017-11-12,Autódromo José Carlos Pace,Stoffel Vandoorne,VAN,McLaren,12.553997410194944,14,0,0,0
2017,19,Brazilian Grand Prix,2017-11-12,Autódromo José Carlos Pace,Fernando Alonso,ALO,McLaren,13.062313280580014,15,0,0,0
2017,19,Brazilian Grand Prix,2017-11-12,Autódromo José Carlos Pace,Romain Grosjean,GRO,Haas F1 Team,13.186537892443257,16,0,0,0
2017,19,Brazilian Grand Prix,2017-11-12,Autódromo José Carlos Pace,Pierre Gasly,GAS,Toro Rosso,13.360563596807197,17,0,0,0
2017,19,Brazilian Grand Prix,2017-11-12,Autódromo José Carlos Pace,Brendon Hartley,HAR,Toro Rosso,13.900506100877564,18,0,0,0
2017,19,Brazilian Grand Prix,2017-11-12,Autódromo José Carlos Pace,Marcus Ericsson,ERI,Sauber,15.518953772332,19,0,0,0
2017,19,Brazilian Grand Prix,2017-11-12,Autódromo José Carlos Pace,Pascal Wehrlein,WEH,Sauber,15.864437015357632,20,0,0,0
2017,20,Abu Dhabi Grand Prix,2017-11-26,Yas Marina Circuit,Lewis Hamilton,HAM,Mercedes,3.197484315933328,1,25,0,25
2017,20,Abu Dhabi Grand Prix,2017-11-26,Yas Marina Circuit,Max Verstappen,VER,Red Bull,3.646078717347197,2,18,0,18
2017,20,Abu Dhabi Grand Prix,2017-11-26,Yas Marina Circuit,Valtteri Bottas,BOT,Mercedes,3.808640677117771,3,15,0,15
2017,20,Abu Dhabi Grand Prix,2017-11-26,Yas Marina Circuit,Sebastian Vettel,VET,Ferrari,4.629462829381147,4,12,0,12
2017,20,Abu Dhabi Grand Prix,2017-11-26,Yas Marina Circuit,Kimi Räikkönen,RAI,Ferrari,5.427034979624057,5,10,0,10
2017,20,Abu Dhabi Grand Prix,2017-11-26,Yas Marina Circuit,Daniel Ricciardo,RIC,Red Bull,6.522429095875118,6,8,0,8
2017,20,Abu Dhabi Grand Prix,2017-11-26,Yas Marina Circuit,Sergio Pérez,PER,Force India,8.092054792966211,7,6,0,6
2017,20,Abu Dhabi Grand Prix,2017-11-26,Yas Marina Circuit,Esteban Ocon,OCO,Force India,8.9598229473152,8,4,0,4
2017,20,Abu Dhabi Grand Prix,2017-11-26,Yas Marina Circuit,Felipe Massa,MAS,Williams,11.147857999797155,9,2,0,2
2017,20,Abu Dhabi Grand Prix,2017-11-26,Yas Marina Circuit,Fernando Alonso,ALO,McLaren,12.318649228709988,10,1,0,1
2017,20,Abu Dhabi Grand Prix,2017-11-26,Yas Marina Circuit,Nico Hülkenberg,HUL,Renault,12.43796536430594,11,0,0,0
2017,20,Abu Dhabi Grand Prix,2017-11-26,Yas Marina Circuit,Carlos Sainz,SAI,Renault,12.447789851621694,12,0,0,0
2017,20,Abu Dhabi Grand Prix,2017-11-26,Yas Marina Circuit,Lance Stroll,STR,Williams,12.457752566146016,13,0,0,0
2017,20,Abu Dhabi Grand Prix,2017-11-26,Yas Marina Circuit,Kevin Magnussen,MAG,Haas F1 Team,12.526679714158776,14,0,0,0
2017,20,Abu Dhabi Grand Prix,2017-11-26,Yas Marina Circuit,Stoffel Vandoorne,VAN,McLaren,12.87996506106522,15,0,0,0
2017,20,Abu Dhabi Grand Prix,2017-11-26,Yas Marina Circuit,Romain Grosjean,GRO,Haas F1 Team,13.137009452284548,16,0,0,0
2017,20,Abu Dhabi Grand Prix,2017-11-26,Yas Marina Circuit,Pierre Gasly,GAS,Toro Rosso,14.457996988433992,17,0,0,0
2017,20,Abu Dhabi Grand Prix,2017-11-26,Yas Marina Circuit,Brendon Hartley,HAR,Toro Rosso,15.038134184548788,18,0,0,0
2017,20,Abu Dhabi Grand Prix,2017-11-26,Yas Marina Circuit,Marcus Ericsson,ERI,Sauber,15.327754770099276,19,0,0,0
2017,20,Abu Dhabi Grand Prix,2017-11-26,Yas Marina Circuit,Pascal Wehrlein,WEH,Sauber,15.928799363908883,20,0,0,0
2018,1,Australian Grand Prix,2018-03-25,Albert Park Grand Prix Circuit,Lewis Hamilton,HAM,Mercedes,3.160073696137471,1,25,0,25
2018,1,Australian Grand Prix,2018-03-25,Albert Park Grand Prix Circuit,Valtteri Bottas,BOT,Mercedes,3.7352550886677607,2,18,0,18
2018,1,Australian Grand Prix,2018-03-25,Albert Park Grand Prix Circuit,Max Verstappen,VER,Red Bull,4.515945167846044,3,15,0,15
2018,1,Australian Grand Prix,2018-03-25,Albert Park Grand Prix Circuit,Sebastian Vettel,VET,Ferrari,4.523822941389657,4,12,0,12
2018,1,Australian Grand Prix,2018-03-25,Albert Park Grand Prix Circuit,Kimi Räikkönen,RAI,Ferrari,4.777716590557844,5,10,0,10
2018,1,Australian Grand Prix,2018-03-25,Albert Park Grand Prix Circuit,Daniel Ricciardo,RIC,Red Bull,7.448369902612617,6,8,0,8
2018,1,Australian Grand Prix,2018-03-25,Albert Park Grand Prix Circuit,Sergio Pérez,PER,Force India,8.645167689318775,7,6,0,6
2018,1,Australian Grand Prix,2018-03-25,Albert Park Grand Prix Circuit,Esteban Ocon,OCO,Force India,8.760053844800513,8,4,0,4
2018,1,Australian Grand Prix,2018-03-25,Albert Park Grand Prix Circuit,Nico Hülkenberg,HUL,Renault,11.576998785198205,9,2,0,2
2018,1,Australian Grand Prix,2018-03-25,Albert Park Grand Prix Circuit,Carlos Sainz,SAI,Renault,12.09766041879461,10,1,0,1
2018,1,Australian Grand Prix,2018-03-25,Albert Park Grand Prix Circuit,Sergey Sirotkin,SIR,Williams,12.239545500031417,11,0,0,0
2018,1,Australian Grand Prix,2018-03-25,Albert Park Grand Prix Circuit,Fernando Alonso,ALO,McLaren,12.347235077972671,12,0,0,0
2018,1,Australian Grand Prix,2018-03-25,Albert Park Grand Prix Circuit,Kevin Magnussen,MAG,Haas F1 Team,12.43425986672482,13,0,0,0
2018,1,Australian Grand Prix,2018-03-25,Albert Park Grand Prix Circuit,Lance Stroll,STR,Williams,12.524958233594564,14,0,0,0
2018,1,Australian Grand Prix,2018-03-25,Albert Park Grand Prix Circuit,Romain Grosjean,GRO,Haas F1 Team,12.898053812929325,15,0,0,0
2018,1,Australian Grand Prix,2018-03-25,Albert Park Grand Prix Circuit,Stoffel Vandoorne,VAN,McLaren,13.179321748822124,16,0,0,0
2018,1,Australian Grand Prix,2018-03-25,Albert Park Grand Prix Circuit,Charles Leclerc,LEC,Sauber,14.22700323334313,17,0,0,0
2018,1,Australian Grand Prix,2018-03-25,Albert Park Grand Prix Circuit,Pierre Gasly,GAS,Toro Rosso,14.667449290185512,18,0,0,0
2018,1,Australian Grand Prix,2018-03-25,Albert Park Grand Prix Circuit,Brendon Hartley,HAR,Toro Rosso,14.973771835997535,19,0,0,0
2018,1,Australian Grand Prix,2018-03-25,Albert Park Grand Prix Circuit,Marcus Ericsson,ERI,Sauber,15.463565308354612,20,0,0,0
2018,2,Bahrain Grand Prix,2018-04-08,Bahrain International Circuit,Lewis Hamilton,HAM,Mercedes,3.16594329795332,1,25,0,25
2018,2,Bahrain Grand Prix,2018-04-08,Bahrain International Circuit,Valtteri Bottas,BOT,Mercedes,3.6219803886263646,2,18,0,18
2018,2,Bahrain Grand Prix,2018-04-08,Bahrain International Circuit,Sebastian Vettel,VET,Ferrari,4.001797361004382,3,15,0,15
2018,2,Bahrain Grand Prix,2018-04-08,Bahrain International Circuit,Kimi Räikkönen,RAI,Ferrari,4.215562194992829,4,12,0,12
2018,2,Bahrain Grand Prix,2018-04-08,Bahrain International Circuit,Max Verstappen,VER,Red Bull,5.425949715427652,5,10,0,10
2018,2,Bahrain Grand Prix,2018-04-08,Bahrain International Circuit,Daniel Ricciardo,RIC,Red Bull,7.768649613214398,6,8,0,8
2018,2,Bahrain Grand Prix,2018-04-08,Bahrain International Circuit,Esteban Ocon,OCO,Force India,10.69954085648483,7,6,0,6
2018,2,Bahrain Grand Prix,2018-04-08,Bahrain International Circuit,Sergio Pérez,PER,Force India,10.805975027434288,8,4,0,4
2018,2,Bahrain Grand Prix,2018-04-08,Bahrain International Circuit,Fernando Alonso,ALO,McLaren,11.636579425623134,9,2,0,2
2018,2,Bahrain Grand Prix,2018-04-08,Bahrain International Circuit,Carlos Sainz,SAI,Renault,11.895649777098772,10,1,0,1
2018,2,Bahrain Grand Prix,2018-04-08,Bahrain International Circuit,Nico Hülkenberg,HUL,Renault,11.921552113696476,11,0,0,0
2018,2,Bahrain Grand Prix,2018-04-08,Bahrain International Circuit,Lance Stroll,STR,Williams,12.64659601493138,12,0,0,0
2018,2,Bahrain Grand Prix,2018-04-08,Bahrain International Circuit,Stoffel Vandoorne,VAN,McLaren,12.709352007049564,13,0,0,0
2018,2,Bahrain Grand Prix,2018-04-08,Bahrain International Circuit,Sergey Sirotkin,SIR,Williams,13.13406254143141,14,0,0,0
2018,2,Bahrain Grand Prix,2018-04-08,Bahrain International Circuit,Romain Grosjean,GRO,Haas F1 Team,13.975316924723128,15,0,0,0
2018,2,Bahrain Grand Prix,2018-04-08,Bahrain International Circuit,Charles Leclerc,LEC,Sauber,14.512971008066453,16,0,0,0
2018,2,Bahrain Grand Prix,2018-04-08,Bahrain International Circuit,Kevin Magnussen,MAG,Haas F1 Team,14.523622900481278,17,0,0,0
2018,2,Bahrain Grand Prix,2018-04-08,Bahrain International Circuit,Pierre Gasly,GAS,Toro Rosso,14.73651569784363,18,0,0,0
2018,2,Bahrain Grand Prix,2018-04-08,Bahrain International Circuit,Marcus Ericsson,ERI,Sauber,14.949236680775568,19,0,0,0
2018,2,Bahrain Grand Prix,2018-04-08,Bahrain International Circuit,Brendon Hartley,HAR,Toro Rosso,15.038134184548788,20,0,0,0
2018,3,Chinese Grand Prix,2018-04-15,Shanghai International Circuit,Lewis Hamilton,HAM,Mercedes,3.426656288179499,1,25,0,25
2018,3,Chinese Grand Prix,2018-04-15,Shanghai International Circuit,Valtteri Bottas,BOT,Mercedes,3.5990230176678564,2,18,0,18
2018,3,Chinese Grand Prix,2018-04-15,Shanghai International Circuit,Sebastian Vettel,VET,Ferrari,4.173438593003116,3,15,0,15
2018,3,Chinese Grand Prix,2018-04-15,Shanghai International Circuit,Kimi Räikkönen,RAI,Ferrari,5.330083584533281,4,12,0,12
2018,3,Chinese Grand Prix,2018-04-15,Shanghai International Circuit,Max Verstappen,VER,Red Bull,5.949430453492217,5,10,0,10
2018,3,Chinese Grand Prix,2018-04-15,Shanghai International Circuit,Daniel Ricciardo,RIC,Red Bull,7.296782461536544,6,8,0,8
2018,3,Chinese Grand Prix,2018-04-15,Shanghai International Circuit,Fernando Alonso,ALO,McLaren,10.524779156577663,7,6,0,6
2018,3,Chinese Grand Prix,2018-04-15,Shanghai International Circuit,Nico Hülkenberg,HUL,Renault,10.671202562818012,8,4,0,4
2018,3,Chinese Grand Prix,2018-04-15,Shanghai International Circuit,Sergio Pérez,PER,Force India,11.199767373422375,9,2,0,2
2018,3,Chinese Grand Prix,2018-04-15,Shanghai International Circuit,Esteban Ocon,OCO,Force India,11.749493092034212,10,1,0,1
2018,3,Chinese Grand Prix,2018-04-15,Shanghai International Circuit,Stoffel Vandoorne,VAN,McLaren,12.239453717265963,11,0,0,0
2018,3,Chinese Grand Prix,2018-04-15,Shanghai International Circuit,Kevin Magnussen,MAG,Haas F1 Team,12.343193884585888,12,0,0,0
2018,3,Chinese Grand Prix,2018-04-15,Shanghai International Circuit,Carlos Sainz,SAI,Renault,12.556444932958543,13,0,0,0
2018,3,Chinese Grand Prix,2018-04-15,Shanghai International Circuit,Lance Stroll,STR,Williams,12.694389757469065,14,0,0,0
2018,3,Chinese Grand Prix,2018-04-15,Shanghai International Circuit,Pierre Gasly,GAS,Toro Rosso,13.04163060462422,15,0,0,0
2018,3,Chinese Grand Prix,2018-04-15,Shanghai International Circuit,Romain Grosjean,GRO,Haas F1 Team,13.27240174668059,16,0,0,0
2018,3,Chinese Grand Prix,2018-04-15,Shanghai International Circuit,Marcus Ericsson,ERI,Sauber,13.537235608825588,17,0,0,0
2018,3,Chinese Grand Prix,2018-04-15,Shanghai International Circuit,Charles Leclerc,LEC,Sauber,13.620042172341602,18,0,0,0
2018,3,Chinese Grand Prix,2018-04-15,Shanghai International Circuit,Sergey Sirotkin,SIR,Williams,13.630243002753776,19,0,0,0
2018,3,Chinese Grand Prix,2018-04-15,Shanghai International Circuit,Brendon Hartley,HAR,Toro Rosso,14.65890000047404,20,0,0,0
2018,4,Azerbaijan Grand Prix,2018-04-29,Baku City Circuit,Lewis Hamilton,HAM,Mercedes,3.137542473154358,1,25,0,25
2018,4,Azerbaijan Grand Prix,2018-04-29,Baku City Circuit,Valtteri Bottas,BOT,Mercedes,3.5990230176678564,2,18,0,18
2018,4,Azerbaijan Grand Prix,2018-04-29,Baku City Circuit,Sebastian Vettel,VET,Ferrari,4.196493287704701,3,15,0,15
2018,4,Azerbaijan Grand Prix,2018-04-29,Baku City Circuit,Kimi Räikkönen,RAI,Ferrari,5.305740007339489,4,12,0,12
2018,4,Azerbaijan Grand Prix,2018-04-29,Baku City Circuit,Daniel Ricciardo,RIC,Red Bull,6.163495670090114,5,10,0,10
2018,4,Azerbaijan Grand Prix,2018-04-29,Baku City Circuit,Max Verstappen,VER,Red Bull,7.023072353504382,6,8,0,8
2018,4,Azerbaijan Grand Prix,2018-04-29,Baku City Circuit,Nico Hülkenberg,HUL,Renault,9.93927957702502,7,6,0,6
2018,4,Azerbaijan Grand Prix,2018-04-29,Baku City Circuit,Fernando Alonso,ALO,McLaren,10.533078416532486,8,4,0,4
2018,4,Azerbaijan Grand Prix,2018-04-29,Baku City Circuit,Sergio Pérez,PER,Force India,10.87270942035789,9,2,0,2
2018,4,Azerbaijan Grand Prix,2018-04-29,Baku City Circuit,Esteban Ocon,OCO,Force India,11.266501214089589,10,1,0,1
2018,4,Azerbaijan Grand Prix,2018-04-29,Baku City Circuit,Stoffel Vandoorne,VAN,McLaren,11.50065178671027,11,0,0,0
2018,4,Azerbaijan Grand Prix,2018-04-29,Baku City Circuit,Carlos Sainz,SAI,Renault,11.728913928958065,12,0,0,0
2018,4,Azerbaijan Grand Prix,2018-04-29,Baku City Circuit,Kevin Magnussen,MAG,Haas F1 Team,12.655762135193,13,0,0,0
2018,4,Azerbaijan Grand Prix,2018-04-29,Baku City Circuit,Lance Stroll,STR,Williams,12.871082457398089,14,0,0,0
2018,4,Azerbaijan Grand Prix,2018-04-29,Baku City Circuit,Pierre Gasly,GAS,Toro Rosso,13.52897158816314,15,0,0,0
2018,4,Azerbaijan Grand Prix,2018-04-29,Baku City Circuit,Romain Grosjean,GRO,Haas F1 Team,13.618651772770203,16,0,0,0
2018,4,Azerbaijan Grand Prix,2018-04-29,Baku City Circuit,Sergey Sirotkin,SIR,Williams,13.994372688391476,17,0,0,0
2018,4,Azerbaijan Grand Prix,2018-04-29,Baku City Circuit,Brendon Hartley,HAR,Toro Rosso,14.451977160442414,18,0,0,0
2018,4,Azerbaijan Grand Prix,2018-04-29,Baku City Circuit,Marcus Ericsson,ERI,Sauber,14.470735746678503,19,0,0,0
2018,4,Azerbaijan Grand Prix,2018-04-29,Baku City Circuit,Charles Leclerc,LEC,Sauber,14.57649966882018,20,0,0,0
2018,5,Spanish Grand Prix,2018-05-13,Circuit de Barcelona-Catalunya,Lewis Hamilton,HAM,Mercedes,2.9858620275319088,1,25,0,25
2018,5,Spanish Grand Prix,2018-05-13,Circuit de Barcelona-Catalunya,Valtteri Bottas,BOT,Mercedes,4.305791982072763,2,18,0,18
2018,5,Spanish Grand Prix,2018-05-13,Circuit de Barcelona-Catalunya,Sebastian Vettel,VET,Ferrari,4.353617187167604,3,15,0,15
2018,5,Spanish Grand Prix,2018-05-13,Circuit de Barcelona-Catalunya,Kimi Räikkönen,RAI,Ferrari,5.305740007339489,4,12,0,12
2018,5,Spanish Grand Prix,2018-05-13,Circuit de Barcelona-Catalunya,Daniel Ricciardo,RIC,Red Bull,7.06096658315348,5,10,0,10
2018,5,Spanish Grand Prix,2018-05-13,Circuit de Barcelona-Catalunya,Max Verstappen,VER,Red Bull,7.4115077108082845,6,8,0,8
2018,5,Spanish Grand Prix,2018-05-13,Circuit de Barcelona-Catalunya,Nico Hülkenberg,HUL,Renault,9.372368043000076,7,6,0,6
2018,5,Spanish Grand Prix,2018-05-13,Circuit de Barcelona-Catalunya,Carlos Sainz,SAI,Renault,9.484121605312898,8,4,0,4
2018,5,Spanish Grand Prix,2018-05-13,Circuit de Barcelona-Catalunya,Sergio Pérez,PER,Force India,9.7519903226191,9,2,0,2
2018,5,Spanish Grand Prix,2018-05-13,Circuit de Barcelona-Catalunya,Fernando Alonso,ALO,McLaren,9.754693696882995,10,1,0,1
2018,5,Spanish Grand Prix,2018-05-13,Circuit de Barcelona-Catalunya,Esteban Ocon,OCO,Force India,11.265425945215076,11,0,0,0
2018,5,Spanish Grand Prix,2018-05-13,Circuit de Barcelona-Catalunya,Stoffel Vandoorne,VAN,McLaren,11.465978276810196,12,0,0,0
2018,5,Spanish Grand Prix,2018-05-13,Circuit de Barcelona-Catalunya,Charles Leclerc,LEC,Sauber,12.37840541670463,13,0,0,0
2018,5,Spanish Grand Prix,2018-05-13,Circuit de Barcelona-Catalunya,Kevin Magnussen,MAG,Haas F1 Team,12.49128452352292,14,0,0,0
2018,5,Spanish Grand Prix,2018-05-13,Circuit de Barcelona-Catalunya,Marcus Ericsson,ERI,Sauber,13.114841753293916,15,0,0,0
2018,5,Spanish Grand Prix,2018-05-13,Circuit de Barcelona-Catalunya,Pierre Gasly,GAS,Toro Rosso,13.302587796585703,16,0,0,0
2018,5,Spanish Grand Prix,2018-05-13,Circuit de Barcelona-Catalunya,Romain Grosjean,GRO,Haas F1 Team,13.397149504302025,17,0,0,0
2018,5,Spanish Grand Prix,2018-05-13,Circuit de Barcelona-Catalunya,Lance Stroll,STR,Williams,13.876817621100049,18,0,0,0
2018,5,Spanish Grand Prix,2018-05-13,Circuit de Barcelona-Catalunya,Brendon Hartley,HAR,Toro Rosso,14.344824929688157,19,0,0,0
2018,5,Spanish Grand Prix,2018-05-13,Circuit de Barcelona-Catalunya,Sergey Sirotkin,SIR,Williams,14.577010058616686,20,0,0,0
2018,6,Monaco Grand Prix,2018-05-27,Circuit de Monaco,Lewis Hamilton,HAM,Mercedes,2.9858620275319088,1,25,0,25
2018,6,Monaco Grand Prix,2018-05-27,Circuit de Monaco,Sebastian Vettel,VET,Ferrari,4.454719586990747,2,18,0,18
2018,6,Monaco Grand Prix,2018-05-27,Circuit de Monaco,Valtteri Bottas,BOT,Mercedes,4.816912643334033,3,15,0,15
2018,6,Monaco Grand Prix,2018-05-27,Circuit de Monaco,Kimi Räikkönen,RAI,Ferrari,5.525141946499321,4,12,0,12
2018,6,Monaco Grand Prix,2018-05-27,Circuit de Monaco,Daniel Ricciardo,RIC,Red Bull,6.163495670090114,5,10,0,10
2018,6,Monaco Grand Prix,2018-05-27,Circuit de Monaco,Max Verstappen,VER,Red Bull,7.351253278531933,6,8,0,8
2018,6,Monaco Grand Prix,2018-05-27,Circuit de Monaco,Fernando Alonso,ALO,McLaren,9.530053236269746,7,6,0,6
2018,6,Monaco Grand Prix,2018-05-27,Circuit de Monaco,Carlos Sainz,SAI,Renault,9.662842186836668,8,4,0,4
2018,6,Monaco Grand Prix,2018-05-27,Circuit de Monaco,Nico Hülkenberg,HUL,Renault,10.539211155633964,9,2,0,2
2018,6,Monaco Grand Prix,2018-05-27,Circuit de Monaco,Sergio Pérez,PER,Force India,10.922602706092322,10,1,0,1
2018,6,Monaco Grand Prix,2018-05-27,Circuit de Monaco,Kevin Magnussen,MAG,Haas F1 Team,11.524472379957292,11,0,0,0
2018,6,Monaco Grand Prix,2018-05-27,Circuit de Monaco,Stoffel Vandoorne,VAN,McLaren,11.64994111236201,12,0,0,0
2018,6,Monaco Grand Prix,2018-05-27,Circuit de Monaco,Charles Leclerc,LEC,Sauber,12.509161850945128,13,0,0,0
2018,6,Monaco Grand Prix,2018-05-27,Circuit de Monaco,Esteban Ocon,OCO,Force India,12.887127498132822,14,0,0,0
2018,6,Monaco Grand Prix,2018-05-27,Circuit de Monaco,Marcus Ericsson,ERI,Sauber,12.912803082225697,15,0,0,0
2018,6,Monaco Grand Prix,2018-05-27,Circuit de Monaco,Romain Grosjean,GRO,Haas F1 Team,13.485658216610576,16,0,0,0
2018,6,Monaco Grand Prix,2018-05-27,Circuit de Monaco,Pierre Gasly,GAS,Toro Rosso,13.50950799076318,17,0,0,0
2018,6,Monaco Grand Prix,2018-05-27,Circuit de Monaco,Lance Stroll,STR,Williams,14.12042775568478,18,0,0,0
2018,6,Monaco Grand Prix,2018-05-27,Circuit de Monaco,Brendon Hartley,HAR,Toro Rosso,14.344824929688157,19,0,0,0
2018,6,Monaco Grand Prix,2018-05-27,Circuit de Monaco,Sergey Sirotkin,SIR,Williams,14.796295190396144,20,0,0,0
2018,7,Canadian Grand Prix,2018-06-10,Circuit Gilles Villeneuve,Lewis Hamilton,HAM,Mercedes,2.95736387898987,1,25,0,25
2018,7,Canadian Grand Prix,2018-06-10,Circuit Gilles Villeneuve,Valtteri Bottas,BOT,Mercedes,3.8641515634969785,2,18,0,18
2018,7,Canadian Grand Prix,2018-06-10,Circuit Gilles Villeneuve,Sebastian Vettel,VET,Ferrari,4.394777744211778,3,15,0,15
2018,7,Canadian Grand Prix,2018-06-10,Circuit Gilles Villeneuve,Kimi Räikkönen,RAI,Ferrari,5.166907414909751,4,12,0,12
2018,7,Canadian Grand Prix,2018-06-10,Circuit Gilles Villeneuve,Daniel Ricciardo,RIC,Red Bull,6.163495670090114,5,10,0,10
2018,7,Canadian Grand Prix,2018-06-10,Circuit Gilles Villeneuve,Max Verstappen,VER,Red Bull,7.405411986728833,6,8,0,8
2018,7,Canadian Grand Prix,2018-06-10,Circuit Gilles Villeneuve,Nico Hülkenberg,HUL,Renault,9.782612171187328,7,6,0,6
2018,7,Canadian Grand Prix,2018-06-10,Circuit Gilles Villeneuve,Carlos Sainz,SAI,Renault,10.524374320550328,8,4,0,4
2018,7,Canadian Grand Prix,2018-06-10,Circuit Gilles Villeneuve,Sergio Pérez,PER,Force India,10.570768616735169,9,2,0,2
2018,7,Canadian Grand Prix,2018-06-10,Circuit Gilles Villeneuve,Esteban Ocon,OCO,Force India,10.741871985344886,10,1,0,1
2018,7,Canadian Grand Prix,2018-06-10,Circuit Gilles Villeneuve,Fernando Alonso,ALO,McLaren,11.437497288755488,11,0,0,0
2018,7,Canadian Grand Prix,2018-06-10,Circuit Gilles Villeneuve,Kevin Magnussen,MAG,Haas F1 Team,11.689485823346905,12,0,0,0
2018,7,Canadian Grand Prix,2018-06-10,Circuit Gilles Villeneuve,Pierre Gasly,GAS,Toro Rosso,11.87031900080497,13,0,0,0
2018,7,Canadian Grand Prix,2018-06-10,Circuit Gilles Villeneuve,Charles Leclerc,LEC,Sauber,12.68450455225848,14,0,0,0
2018,7,Canadian Grand Prix,2018-06-10,Circuit Gilles Villeneuve,Stoffel Vandoorne,VAN,McLaren,12.73596909648348,15,0,0,0
2018,7,Canadian Grand Prix,2018-06-10,Circuit Gilles Villeneuve,Marcus Ericsson,ERI,Sauber,12.969827739023795,16,0,0,0
2018,7,Canadian Grand Prix,2018-06-10,Circuit Gilles Villeneuve,Romain Grosjean,GRO,Haas F1 Team,13.50175098058686,17,0,0,0
2018,7,Canadian Grand Prix,2018-06-10,Circuit Gilles Villeneuve,Brendon Hartley,HAR,Toro Rosso,13.706288740503226,18,0,0,0
2018,7,Canadian Grand Prix,2018-06-10,Circuit Gilles Villeneuve,Lance Stroll,STR,Williams,13.969907417803771,19,0,0,0
2018,7,Canadian Grand Prix,2018-06-10,Circuit Gilles Villeneuve,Sergey Sirotkin,SIR,Williams,14.796295190396144,20,0,0,0
2018,8,French Grand Prix,2018-06-24,Circuit Paul Ricard,Lewis Hamilton,HAM,Mercedes,3.223414958347871,1,25,0,25
2018,8,French Grand Prix,2018-06-24,Circuit Paul Ricard,Valtteri Bottas,BOT,Mercedes,4.097754492142911,2,18,0,18
2018,8,French Grand Prix,2018-06-24,Circuit Paul Ricard,Sebastian Vettel,VET,Ferrari,4.610361786335254,3,15,0,15
2018,8,French Grand Prix,2018-06-24,Circuit Paul Ricard,Daniel Ricciardo,RIC,Red Bull,4.906658952705276,4,12,0,12
2018,8,French Grand Prix,2018-06-24,Circuit Paul Ricard,Max Verstappen,VER,Red Bull,5.421731923229304,5,10,0,10
2018,8,French Grand Prix,2018-06-24,Circuit Paul Ricard,Kimi Räikkönen,RAI,Ferrari,5.5464352115974425,6,8,0,8
2018,8,French Grand Prix,2018-06-24,Circuit Paul Ricard,Carlos Sainz,SAI,Renault,9.606692582757717,7,6,0,6
2018,8,French Grand Prix,2018-06-24,Circuit Paul Ricard,Nico Hülkenberg,HUL,Renault,10.689709495743918,8,4,0,4
2018,8,French Grand Prix,2018-06-24,Circuit Paul Ricard,Sergio Pérez,PER,Force India,11.059925589323486,9,2,0,2
2018,8,French Grand Prix,2018-06-24,Circuit Paul Ricard,Esteban Ocon,OCO,Force India,11.812505008700173,10,1,0,1
2018,8,French Grand Prix,2018-06-24,Circuit Paul Ricard,Fernando Alonso,ALO,McLaren,12.46225233444762,11,0,0,0
2018,8,French Grand Prix,2018-06-24,Circuit Paul Ricard,Charles Leclerc,LEC,Sauber,12.538641601647264,12,0,0,0
2018,8,French Grand Prix,2018-06-24,Circuit Paul Ricard,Kevin Magnussen,MAG,Haas F1 Team,12.613914895653682,13,0,0,0
2018,8,French Grand Prix,2018-06-24,Circuit Paul Ricard,Stoffel Vandoorne,VAN,McLaren,12.995473881748088,14,0,0,0
2018,8,French Grand Prix,2018-06-24,Circuit Paul Ricard,Pierre Gasly,GAS,Toro Rosso,13.48142380979274,15,0,0,0
2018,8,French Grand Prix,2018-06-24,Circuit Paul Ricard,Romain Grosjean,GRO,Haas F1 Team,13.546286784891878,16,0,0,0
2018,8,French Grand Prix,2018-06-24,Circuit Paul Ricard,Marcus Ericsson,ERI,Sauber,13.548370839240468,17,0,0,0
2018,8,French Grand Prix,2018-06-24,Circuit Paul Ricard,Lance Stroll,STR,Williams,14.173257378091527,18,0,0,0
2018,8,French Grand Prix,2018-06-24,Circuit Paul Ricard,Brendon Hartley,HAR,Toro Rosso,14.642807236497756,19,0,0,0
2018,8,French Grand Prix,2018-06-24,Circuit Paul Ricard,Sergey Sirotkin,SIR,Williams,14.836555610879254,20,0,0,0
2018,9,Austrian Grand Prix,2018-07-01,Red Bull Ring,Lewis Hamilton,HAM,Mercedes,2.9858620275319088,1,25,0,25
2018,9,Austrian Grand Prix,2018-07-01,Red Bull Ring,Sebastian Vettel,VET,Ferrari,4.442387133009557,2,18,0,18
2018,9,Austrian Grand Prix,2018-07-01,Red Bull Ring,Valtteri Bottas,BOT,Mercedes,4.691222095859105,3,15,0,15
2018,9,Austrian Grand Prix,2018-07-01,Red Bull Ring,Kimi Räikkönen,RAI,Ferrari,5.4678407608372,4,12,0,12
2018,9,Austrian Grand Prix,2018-07-01,Red Bull Ring,Max Verstappen,VER,Red Bull,5.686227555901864,5,10,0,10
2018,9,Austrian Grand Prix,2018-07-01,Red Bull Ring,Daniel Ricciardo,RIC,Red Bull,5.761464403124511,6,8,0,8
2018,9,Austrian Grand Prix,2018-07-01,Red Bull Ring,Carlos Sainz,SAI,Renault,9.770424563346868,7,6,0,6
2018,9,Austrian Grand Prix,2018-07-01,Red Bull Ring,Sergio Pérez,PER,Force India,11.044755073673374,8,4,0,4
2018,9,Austrian Grand Prix,2018-07-01,Red Bull Ring,Nico Hülkenberg,HUL,Renault,11.343208209585256,9,2,0,2
2018,9,Austrian Grand Prix,2018-07-01,Red Bull Ring,Esteban Ocon,OCO,Force India,11.485397601046069,10,1,0,1
2018,9,Austrian Grand Prix,2018-07-01,Red Bull Ring,Kevin Magnussen,MAG,Haas F1 Team,12.142528000800793,11,0,0,0
2018,9,Austrian Grand Prix,2018-07-01,Red Bull Ring,Charles Leclerc,LEC,Sauber,12.472973578830114,12,0,0,0
2018,9,Austrian Grand Prix,2018-07-01,Red Bull Ring,Fernando Alonso,ALO,McLaren,12.766722808257128,13,0,0,0
2018,9,Austrian Grand Prix,2018-07-01,Red Bull Ring,Pierre Gasly,GAS,Toro Rosso,12.830116412511838,14,0,0,0
2018,9,Austrian Grand Prix,2018-07-01,Red Bull Ring,Romain Grosjean,GRO,Haas F1 Team,12.97578004678175,15,0,0,0
2018,9,Austrian Grand Prix,2018-07-01,Red Bull Ring,Stoffel Vandoorne,VAN,McLaren,13.080959947389758,16,0,0,0
2018,9,Austrian Grand Prix,2018-07-01,Red Bull Ring,Marcus Ericsson,ERI,Sauber,13.192406731643134,17,0,0,0
2018,9,Austrian Grand Prix,2018-07-01,Red Bull Ring,Brendon Hartley,HAR,Toro Rosso,13.94070079292199,18,0,0,0
2018,9,Austrian Grand Prix,2018-07-01,Red Bull Ring,Lance Stroll,STR,Williams,14.339919797640045,19,0,0,0
2018,9,Austrian Grand Prix,2018-07-01,Red Bull Ring,Sergey Sirotkin,SIR,Williams,14.796295190396144,20,0,0,0
2018,10,British Grand Prix,2018-07-08,Silverstone Circuit,Lewis Hamilton,HAM,Mercedes,3.154743067916824,1,25,0,25
2018,10,British Grand Prix,2018-07-08,Silverstone Circuit,Max Verstappen,VER,Red Bull,4.171064165144096,2,18,0,18
2018,10,British Grand Prix,2018-07-08,Silverstone Circuit,Sebastian Vettel,VET,Ferrari,4.394777744211778,3,15,0,15
2018,10,British Grand Prix,2018-07-08,Silverstone Circuit,Valtteri Bottas,BOT,Mercedes,4.772435876070369,4,12,0,12
2018,10,British Grand Prix,2018-07-08,Silverstone Circuit,Kimi Räikkönen,RAI,Ferrari,5.474644368421837,5,10,0,10
2018,10,British Grand Prix,2018-07-08,Silverstone Circuit,Daniel Ricciardo,RIC,Red Bull,5.56518351363895,6,8,0,8
2018,10,British Grand Prix,2018-07-08,Silverstone Circuit,Kevin Magnussen,MAG,Haas F1 Team,9.980235282049016,7,6,0,6
2018,10,British Grand Prix,2018-07-08,Silverstone Circuit,Sergio Pérez,PER,Force India,10.50109049534468,8,4,0,4
2018,10,British Grand Prix,2018-07-08,Silverstone Circuit,Esteban Ocon,OCO,Force India,10.874244919706069,9,2,0,2
2018,10,British Grand Prix,2018-07-08,Silverstone Circuit,Nico Hülkenberg,HUL,Renault,11.178198748475594,10,1,0,1
2018,10,British Grand Prix,2018-07-08,Silverstone Circuit,Romain Grosjean,GRO,Haas F1 Team,11.27970529130151,11,0,0,0
2018,10,British Grand Prix,2018-07-08,Silverstone Circuit,Carlos Sainz,SAI,Renault,12.1082122744841,12,0,0,0
2018,10,British Grand Prix,2018-07-08,Silverstone Circuit,Fernando Alonso,ALO,McLaren,12.32508765025618,13,0,0,0
2018,10,British Grand Prix,2018-07-08,Silverstone Circuit,Charles Leclerc,LEC,Sauber,12.991327666800414,14,0,0,0
2018,10,British Grand Prix,2018-07-08,Silverstone Circuit,Marcus Ericsson,ERI,Sauber,13.535996954774497,15,0,0,0
2018,10,British Grand Prix,2018-07-08,Silverstone Circuit,Pierre Gasly,GAS,Toro Rosso,13.645667945211576,16,0,0,0
2018,10,British Grand Prix,2018-07-08,Silverstone Circuit,Stoffel Vandoorne,VAN,McLaren,13.695435490676228,17,0,0,0
2018,10,British Grand Prix,2018-07-08,Silverstone Circuit,Sergey Sirotkin,SIR,Williams,14.777731009232392,18,0,0,0
2018,10,British Grand Prix,2018-07-08,Silverstone Circuit,Brendon Hartley,HAR,Toro Rosso,14.823144135892877,19,0,0,0
2018,10,British Grand Prix,2018-07-08,Silverstone Circuit,Lance Stroll,STR,Williams,15.149529347738088,20,0,0,0
2018,11,German Grand Prix,2018-07-22,Hockenheimring,Lewis Hamilton,HAM,Mercedes,3.1547177610025137,1,25,0,25
2018,11,German Grand Prix,2018-07-22,Hockenheimring,Sebastian Vettel,VET,Ferrari,4.035480924571418,2,18,0,18
2018,11,German Grand Prix,2018-07-22,Hockenheimring,Kimi Räikkönen,RAI,Ferrari,4.203210765103563,3,15,0,15
2018,11,German Grand Prix,2018-07-22,Hockenheimring,Valtteri Bottas,BOT,Mercedes,4.66672592860764,4,12,0,12
2018,11,German Grand Prix,2018-07-22,Hockenheimring,Max Verstappen,VER,Red Bull,4.8641023777439605,5,10,0,10
2018,11,German Grand Prix,2018-07-22,Hockenheimring,Daniel Ricciardo,RIC,Red Bull,5.524790541535462,6,8,0,8
2018,11,German Grand Prix,2018-07-22,Hockenheimring,Esteban Ocon,OCO,Force India,9.497434210875838,7,6,0,6
2018,11,German Grand Prix,2018-07-22,Hockenheimring,Sergio Pérez,PER,Force India,10.213544634585984,8,4,0,4
2018,11,German Grand Prix,2018-07-22,Hockenheimring,Nico Hülkenberg,HUL,Renault,10.480645082092218,9,2,0,2
2018,11,German Grand Prix,2018-07-22,Hockenheimring,Kevin Magnussen,MAG,Haas F1 Team,10.770826517005348,10,1,0,1
2018,11,German Grand Prix,2018-07-22,Hockenheimring,Romain Grosjean,GRO,Haas F1 Team,11.666170444475377,11,0,0,0
2018,11,German Grand Prix,2018-07-22,Hockenheimring,Fernando Alonso,ALO,McLaren,11.9108552867165,12,0,0,0
2018,11,German Grand Prix,2018-07-22,Hockenheimring,Carlos Sainz,SAI,Renault,12.289429806651546,13,0,0,0
2018,11,German Grand Prix,2018-07-22,Hockenheimring,Stoffel Vandoorne,VAN,McLaren,13.360563596807197,14,0,0,0
2018,11,German Grand Prix,2018-07-22,Hockenheimring,Charles Leclerc,LEC,Sauber,13.557899988767543,15,0,0,0
2018,11,German Grand Prix,2018-07-22,Hockenheimring,Pierre Gasly,GAS,Toro Rosso,13.605407524728466,16,0,0,0
2018,11,German Grand Prix,2018-07-22,Hockenheimring,Marcus Ericsson,ERI,Sauber,13.777361301854734,17,0,0,0
2018,11,German Grand Prix,2018-07-22,Hockenheimring,Brendon Hartley,HAR,Toro Rosso,14.56359858363031,18,0,0,0
2018,11,German Grand Prix,2018-07-22,Hockenheimring,Lance Stroll,STR,Williams,14.778588145040343,19,0,0,0
2018,11,German Grand Prix,2018-07-22,Hockenheimring,Sergey Sirotkin,SIR,Williams,15.011285239052055,20,0,0,0
2018,12,Hungarian Grand Prix,2018-07-29,Hungaroring,Lewis Hamilton,HAM,Mercedes,3.1547177610025137,1,25,0,25
2018,12,Hungarian Grand Prix,2018-07-29,Hungaroring,Max Verstappen,VER,Red Bull,4.128095790848991,2,18,0,18
2018,12,Hungarian Grand Prix,2018-07-29,Hungaroring,Sebastian Vettel,VET,Ferrari,4.1577785569169485,3,15,0,15
2018,12,Hungarian Grand Prix,2018-07-29,Hungaroring,Kimi Räikkönen,RAI,Ferrari,4.353617187167604,4,12,0,12
2018,12,Hungarian Grand Prix,2018-07-29,Hungaroring,Valtteri Bottas,BOT,Mercedes,4.787849803745977,5,10,0,10
2018,12,Hungarian Grand Prix,2018-07-29,Hungaroring,Daniel Ricciardo,RIC,Red Bull,6.63897770656669,6,8,0,8
2018,12,Hungarian Grand Prix,2018-07-29,Hungaroring,Esteban Ocon,OCO,Force India,9.83408948840001,7,6,0,6
2018,12,Hungarian Grand Prix,2018-07-29,Hungaroring,Nico Hülkenberg,HUL,Renault,9.88214768444844,8,4,0,4
2018,12,Hungarian Grand Prix,2018-07-29,Hungaroring,Sergio Pérez,PER,Force India,9.97067852392322,9,2,0,2
2018,12,Hungarian Grand Prix,2018-07-29,Hungaroring,Romain Grosjean,GRO,Haas F1 Team,10.587136111915877,10,1,0,1
2018,12,Hungarian Grand Prix,2018-07-29,Hungaroring,Kevin Magnussen,MAG,Haas F1 Team,10.74466654697398,11,0,0,0
2018,12,Hungarian Grand Prix,2018-07-29,Hungaroring,Carlos Sainz,SAI,Renault,11.306021698852582,12,0,0,0
2018,12,Hungarian Grand Prix,2018-07-29,Hungaroring,Fernando Alonso,ALO,McLaren,11.606121485530632,13,0,0,0
2018,12,Hungarian Grand Prix,2018-07-29,Hungaroring,Marcus Ericsson,ERI,Sauber,12.912803082225697,14,0,0,0
2018,12,Hungarian Grand Prix,2018-07-29,Hungaroring,Charles Leclerc,LEC,Sauber,13.22850676933992,15,0,0,0
2018,12,Hungarian Grand Prix,2018-07-29,Hungaroring,Stoffel Vandoorne,VAN,McLaren,13.360563596807197,16,0,0,0
2018,12,Hungarian Grand Prix,2018-07-29,Hungaroring,Pierre Gasly,GAS,Toro Rosso,14.691551218253656,17,0,0,0
2018,12,Hungarian Grand Prix,2018-07-29,Hungaroring,Brendon Hartley,HAR,Toro Rosso,14.724059113762904,18,0,0,0
2018,12,Hungarian Grand Prix,2018-07-29,Hungaroring,Sergey Sirotkin,SIR,Williams,15.557790687229785,19,0,0,0
2018,12,Hungarian Grand Prix,2018-07-29,Hungaroring,Lance Stroll,STR,Williams,15.671867139408992,20,0,0,0
2018,13,Belgian Grand Prix,2018-08-26,Circuit de Spa-Francorchamps,Lewis Hamilton,HAM,Mercedes,2.865842532782534,1,25,0,25
2018,13,Belgian Grand Prix,2018-08-26,Circuit de Spa-Francorchamps,Sebastian Vettel,VET,Ferrari,4.242046170261933,2,18,0,18
2018,13,Belgian Grand Prix,2018-08-26,Circuit de Spa-Francorchamps,Kimi Räikkönen,RAI,Ferrari,4.353617187167604,3,15,0,15
2018,13,Belgian Grand Prix,2018-08-26,Circuit de Spa-Francorchamps,Valtteri Bottas,BOT,Mercedes,4.675323991048078,4,12,0,12
2018,13,Belgian Grand Prix,2018-08-26,Circuit de Spa-Francorchamps,Max Verstappen,VER,Red Bull,6.338236565659583,5,10,0,10
2018,13,Belgian Grand Prix,2018-08-26,Circuit de Spa-Francorchamps,Daniel Ricciardo,RIC,Red Bull,7.197160959000817,6,8,0,8
2018,13,Belgian Grand Prix,2018-08-26,Circuit de Spa-Francorchamps,Kevin Magnussen,MAG,Haas F1 Team,9.207044512084092,7,6,0,6
2018,13,Belgian Grand Prix,2018-08-26,Circuit de Spa-Francorchamps,Romain Grosjean,GRO,Haas F1 Team,9.832778225033756,8,4,0,4
2018,13,Belgian Grand Prix,2018-08-26,Circuit de Spa-Francorchamps,Sergio Pérez,PER,Force India,10.166639189004089,9,2,0,2
2018,13,Belgian Grand Prix,2018-08-26,Circuit de Spa-Francorchamps,Esteban Ocon,OCO,Force India,10.849137195003818,10,1,0,1
2018,13,Belgian Grand Prix,2018-08-26,Circuit de Spa-Francorchamps,Nico Hülkenberg,HUL,Renault,11.55010083729876,11,0,0,0
2018,13,Belgian Grand Prix,2018-08-26,Circuit de Spa-Francorchamps,Fernando Alonso,ALO,McLaren,12.14388536387105,12,0,0,0
2018,13,Belgian Grand Prix,2018-08-26,Circuit de Spa-Francorchamps,Carlos Sainz,SAI,Renault,12.3580955707537,13,0,0,0
2018,13,Belgian Grand Prix,2018-08-26,Circuit de Spa-Francorchamps,Pierre Gasly,GAS,Toro Rosso,12.36369181755528,14,0,0,0
2018,13,Belgian Grand Prix,2018-08-26,Circuit de Spa-Francorchamps,Charles Leclerc,LEC,Sauber,13.428127156278462,15,0,0,0
2018,13,Belgian Grand Prix,2018-08-26,Circuit de Spa-Francorchamps,Brendon Hartley,HAR,Toro Rosso,13.489257263472602,16,0,0,0
2018,13,Belgian Grand Prix,2018-08-26,Circuit de Spa-Francorchamps,Stoffel Vandoorne,VAN,McLaren,13.534170187543586,17,0,0,0
2018,13,Belgian Grand Prix,2018-08-26,Circuit de Spa-Francorchamps,Marcus Ericsson,ERI,Sauber,13.55411083689669,18,0,0,0
2018,13,Belgian Grand Prix,2018-08-26,Circuit de Spa-Francorchamps,Sergey Sirotkin,SIR,Williams,15.051545659535163,19,0,0,0
2018,13,Belgian Grand Prix,2018-08-26,Circuit de Spa-Francorchamps,Lance Stroll,STR,Williams,15.092663215826226,20,0,0,0
2018,14,Italian Grand Prix,2018-09-02,Autodromo Nazionale di Monza,Lewis Hamilton,HAM,Mercedes,2.865842532782534,1,25,0,25
2018,14,Italian Grand Prix,2018-09-02,Autodromo Nazionale di Monza,Sebastian Vettel,VET,Ferrari,4.242046170261933,2,18,0,18
2018,14,Italian Grand Prix,2018-09-02,Autodromo Nazionale di Monza,Valtteri Bottas,BOT,Mercedes,4.67244081012431,3,15,0,15
2018,14,Italian Grand Prix,2018-09-02,Autodromo Nazionale di Monza,Kimi Räikkönen,RAI,Ferrari,5.0566102167946685,4,12,0,12
2018,14,Italian Grand Prix,2018-09-02,Autodromo Nazionale di Monza,Max Verstappen,VER,Red Bull,6.096581460135047,5,10,0,10
2018,14,Italian Grand Prix,2018-09-02,Autodromo Nazionale di Monza,Daniel Ricciardo,RIC,Red Bull,7.503705301568172,6,8,0,8
2018,14,Italian Grand Prix,2018-09-02,Autodromo Nazionale di Monza,Sergio Pérez,PER,Force India,8.48062352660904,7,6,0,6
2018,14,Italian Grand Prix,2018-09-02,Autodromo Nazionale di Monza,Esteban Ocon,OCO,Force India,9.022061727181566,8,4,0,4
2018,14,Italian Grand Prix,2018-09-02,Autodromo Nazionale di Monza,Romain Grosjean,GRO,Haas F1 Team,9.139408088984943,9,2,0,2
2018,14,Italian Grand Prix,2018-09-02,Autodromo Nazionale di Monza,Kevin Magnussen,MAG,Haas F1 Team,9.793008682603151,10,1,0,1
2018,14,Italian Grand Prix,2018-09-02,Autodromo Nazionale di Monza,Nico Hülkenberg,HUL,Renault,12.036460247087636,11,0,0,0
2018,14,Italian Grand Prix,2018-09-02,Autodromo Nazionale di Monza,Carlos Sainz,SAI,Renault,12.340812287054383,12,0,0,0
2018,14,Italian Grand Prix,2018-09-02,Autodromo Nazionale di Monza,Pierre Gasly,GAS,Toro Rosso,12.458259979680763,13,0,0,0
2018,14,Italian Grand Prix,2018-09-02,Autodromo Nazionale di Monza,Fernando Alonso,ALO,McLaren,12.714467016114666,14,0,0,0
2018,14,Italian Grand Prix,2018-09-02,Autodromo Nazionale di Monza,Marcus Ericsson,ERI,Sauber,13.298549486112714,15,0,0,0
2018,14,Italian Grand Prix,2018-09-02,Autodromo Nazionale di Monza,Lance Stroll,STR,Williams,13.53728715555959,16,0,0,0
2018,14,Italian Grand Prix,2018-09-02,Autodromo Nazionale di Monza,Brendon Hartley,HAR,Toro Rosso,13.581830065790305,17,0,0,0
2018,14,Italian Grand Prix,2018-09-02,Autodromo Nazionale di Monza,Stoffel Vandoorne,VAN,McLaren,13.6188535171407,18,0,0,0
2018,14,Italian Grand Prix,2018-09-02,Autodromo Nazionale di Monza,Charles Leclerc,LEC,Sauber,13.836846531963529,19,0,0,0
2018,14,Italian Grand Prix,2018-09-02,Autodromo Nazionale di Monza,Sergey Sirotkin,SIR,Williams,14.777731009232392,20,0,0,0
2018,15,Singapore Grand Prix,2018-09-16,Marina Bay Street Circuit,Lewis Hamilton,HAM,Mercedes,2.5554037902770124,1,25,0,25
2018,15,Singapore Grand Prix,2018-09-16,Marina Bay Street Circuit,Valtteri Bottas,BOT,Mercedes,3.774047576825792,2,18,0,18
2018,15,Singapore Grand Prix,2018-09-16,Marina Bay Street Circuit,Sebastian Vettel,VET,Ferrari,4.353617187167604,3,15,0,15
2018,15,Singapore Grand Prix,2018-09-16,Marina Bay Street Circuit,Kimi Räikkönen,RAI,Ferrari,5.000786668869013,4,12,0,12
2018,15,Singapore Grand Prix,2018-09-16,Marina Bay Street Circuit,Max Verstappen,VER,Red Bull,7.01677781801307,5,10,0,10
2018,15,Singapore Grand Prix,2018-09-16,Marina Bay Street Circuit,Daniel Ricciardo,RIC,Red Bull,7.939343072686474,6,8,0,8
2018,15,Singapore Grand Prix,2018-09-16,Marina Bay Street Circuit,Sergio Pérez,PER,Force India,8.48062352660904,7,6,0,6
2018,15,Singapore Grand Prix,2018-09-16,Marina Bay Street Circuit,Esteban Ocon,OCO,Force India,9.097181158612225,8,4,0,4
2018,15,Singapore Grand Prix,2018-09-16,Marina Bay Street Circuit,Carlos Sainz,SAI,Renault,11.71364358473994,9,2,0,2
2018,15,Singapore Grand Prix,2018-09-16,Marina Bay Street Circuit,Nico Hülkenberg,HUL,Renault,11.991708675356731,10,1,0,1
2018,15,Singapore Grand Prix,2018-09-16,Marina Bay Street Circuit,Romain Grosjean,GRO,Haas F1 Team,12.23326410363903,11,0,0,0
2018,15,Singapore Grand Prix,2018-09-16,Marina Bay Street Circuit,Stoffel Vandoorne,VAN,McLaren,12.341613218054366,12,0,0,0
2018,15,Singapore Grand Prix,2018-09-16,Marina Bay Street Circuit,Kevin Magnussen,MAG,Haas F1 Team,12.41476896274293,13,0,0,0
2018,15,Singapore Grand Prix,2018-09-16,Marina Bay Street Circuit,Pierre Gasly,GAS,Toro Rosso,12.59611376620012,14,0,0,0
2018,15,Singapore Grand Prix,2018-09-16,Marina Bay Street Circuit,Fernando Alonso,ALO,McLaren,12.669661984300838,15,0,0,0
2018,15,Singapore Grand Prix,2018-09-16,Marina Bay Street Circuit,Lance Stroll,STR,Williams,12.874247764934518,16,0,0,0
2018,15,Singapore Grand Prix,2018-09-16,Marina Bay Street Circuit,Sergey Sirotkin,SIR,Williams,13.626652453394708,17,0,0,0
2018,15,Singapore Grand Prix,2018-09-16,Marina Bay Street Circuit,Brendon Hartley,HAR,Toro Rosso,13.719264252892494,18,0,0,0
2018,15,Singapore Grand Prix,2018-09-16,Marina Bay Street Circuit,Marcus Ericsson,ERI,Sauber,14.167687275414377,19,0,0,0
2018,15,Singapore Grand Prix,2018-09-16,Marina Bay Street Circuit,Charles Leclerc,LEC,Sauber,14.496406661640306,20,0,0,0
2018,16,Russian Grand Prix,2018-09-30,Sochi Autodrom,Lewis Hamilton,HAM,Mercedes,2.5554037902770124,1,25,0,25
2018,16,Russian Grand Prix,2018-09-30,Sochi Autodrom,Valtteri Bottas,BOT,Mercedes,3.5644299173758776,2,18,0,18
2018,16,Russian Grand Prix,2018-09-30,Sochi Autodrom,Sebastian Vettel,VET,Ferrari,4.394777744211778,3,15,0,15
2018,16,Russian Grand Prix,2018-09-30,Sochi Autodrom,Kimi Räikkönen,RAI,Ferrari,5.330851169473966,4,12,0,12
2018,16,Russian Grand Prix,2018-09-30,Sochi Autodrom,Max Verstappen,VER,Red Bull,5.67023283286246,5,10,0,10
2018,16,Russian Grand Prix,2018-09-30,Sochi Autodrom,Daniel Ricciardo,RIC,Red Bull,8.263960221358225,6,8,0,8
2018,16,Russian Grand Prix,2018-09-30,Sochi Autodrom,Sergio Pérez,PER,Force India,9.135308689190891,7,6,0,6
2018,16,Russian Grand Prix,2018-09-30,Sochi Autodrom,Esteban Ocon,OCO,Force India,9.680327702841712,8,4,0,4
2018,16,Russian Grand Prix,2018-09-30,Sochi Autodrom,Carlos Sainz,SAI,Renault,11.928573143412644,9,2,0,2
2018,16,Russian Grand Prix,2018-09-30,Sochi Autodrom,Kevin Magnussen,MAG,Haas F1 Team,12.17016267666513,10,1,0,1
2018,16,Russian Grand Prix,2018-09-30,Sochi Autodrom,Fernando Alonso,ALO,McLaren,12.246683349313171,11,0,0,0
2018,16,Russian Grand Prix,2018-09-30,Sochi Autodrom,Nico Hülkenberg,HUL,Renault,12.37770214907382,12,0,0,0
2018,16,Russian Grand Prix,2018-09-30,Sochi Autodrom,Pierre Gasly,GAS,Toro Rosso,12.458259979680763,13,0,0,0
2018,16,Russian Grand Prix,2018-09-30,Sochi Autodrom,Romain Grosjean,GRO,Haas F1 Team,12.545731961031189,14,0,0,0
2018,16,Russian Grand Prix,2018-09-30,Sochi Autodrom,Marcus Ericsson,ERI,Sauber,13.355574142910816,15,0,0,0
2018,16,Russian Grand Prix,2018-09-30,Sochi Autodrom,Charles Leclerc,LEC,Sauber,13.361235346007314,16,0,0,0
2018,16,Russian Grand Prix,2018-09-30,Sochi Autodrom,Stoffel Vandoorne,VAN,McLaren,13.496740271804113,17,0,0,0
2018,16,Russian Grand Prix,2018-09-30,Sochi Autodrom,Brendon Hartley,HAR,Toro Rosso,13.581830065790305,18,0,0,0
2018,16,Russian Grand Prix,2018-09-30,Sochi Autodrom,Lance Stroll,STR,Williams,14.380180218123153,19,0,0,0
2018,16,Russian Grand Prix,2018-09-30,Sochi Autodrom,Sergey Sirotkin,SIR,Williams,14.82046284690297,20,0,0,0
2018,17,Japanese Grand Prix,2018-10-07,Suzuka Circuit,Lewis Hamilton,HAM,Mercedes,2.5554037902770124,1,25,0,25
2018,17,Japanese Grand Prix,2018-10-07,Suzuka Circuit,Valtteri Bottas,BOT,Mercedes,3.5644299173758776,2,18,0,18
2018,17,Japanese Grand Prix,2018-10-07,Suzuka Circuit,Sebastian Vettel,VET,Ferrari,4.201936741545154,3,15,0,15
2018,17,Japanese Grand Prix,2018-10-07,Suzuka Circuit,Max Verstappen,VER,Red Bull,5.228285415196856,4,12,0,12
2018,17,Japanese Grand Prix,2018-10-07,Suzuka Circuit,Kimi Räikkönen,RAI,Ferrari,5.385874422579883,5,10,0,10
2018,17,Japanese Grand Prix,2018-10-07,Suzuka Circuit,Daniel Ricciardo,RIC,Red Bull,7.197160959000817,6,8,0,8
2018,17,Japanese Grand Prix,2018-10-07,Suzuka Circuit,Sergio Pérez,PER,Force India,9.788154223651407,7,6,0,6
2018,17,Japanese Grand Prix,2018-10-07,Suzuka Circuit,Esteban Ocon,OCO,Force India,10.8115328806719,8,4,0,4
2018,17,Japanese Grand Prix,2018-10-07,Suzuka Circuit,Charles Leclerc,LEC,Sauber,12.237423989202671,9,2,0,2
2018,17,Japanese Grand Prix,2018-10-07,Suzuka Circuit,Romain Grosjean,GRO,Haas F1 Team,12.293596040763893,10,1,0,1
2018,17,Japanese Grand Prix,2018-10-07,Suzuka Circuit,Kevin Magnussen,MAG,Haas F1 Team,12.310851155131388,11,0,0,0
2018,17,Japanese Grand Prix,2018-10-07,Suzuka Circuit,Carlos Sainz,SAI,Renault,12.62000302100663,12,0,0,0
2018,17,Japanese Grand Prix,2018-10-07,Suzuka Circuit,Fernando Alonso,ALO,McLaren,12.806983228740236,13,0,0,0
2018,17,Japanese Grand Prix,2018-10-07,Suzuka Circuit,Pierre Gasly,GAS,Toro Rosso,12.8510328010942,14,0,0,0
2018,17,Japanese Grand Prix,2018-10-07,Suzuka Circuit,Nico Hülkenberg,HUL,Renault,13.057784595443971,15,0,0,0
2018,17,Japanese Grand Prix,2018-10-07,Suzuka Circuit,Marcus Ericsson,ERI,Sauber,13.232667152126243,16,0,0,0
2018,17,Japanese Grand Prix,2018-10-07,Suzuka Circuit,Brendon Hartley,HAR,Toro Rosso,13.564718773991414,17,0,0,0
2018,17,Japanese Grand Prix,2018-10-07,Suzuka Circuit,Lance Stroll,STR,Williams,13.738310739882929,18,0,0,0
2018,17,Japanese Grand Prix,2018-10-07,Suzuka Circuit,Stoffel Vandoorne,VAN,McLaren,13.752301622588089,19,0,0,0
2018,17,Japanese Grand Prix,2018-10-07,Suzuka Circuit,Sergey Sirotkin,SIR,Williams,14.142524059834033,20,0,0,0
2018,18,United States Grand Prix,2018-10-21,Circuit of the Americas,Lewis Hamilton,HAM,Mercedes,2.5554037902770124,1,25,0,25
2018,18,United States Grand Prix,2018-10-21,Circuit of the Americas,Valtteri Bottas,BOT,Mercedes,3.539362491656425,2,18,0,18
2018,18,United States Grand Prix,2018-10-21,Circuit of the Americas,Max Verstappen,VER,Red Bull,4.02310094192546,3,15,0,15
2018,18,United States Grand Prix,2018-10-21,Circuit of the Americas,Sebastian Vettel,VET,Ferrari,4.394777744211778,4,12,0,12
2018,18,United States Grand Prix,2018-10-21,Circuit of the Americas,Kimi Räikkönen,RAI,Ferrari,5.534586211200806,5,10,0,10
2018,18,United States Grand Prix,2018-10-21,Circuit of the Americas,Daniel Ricciardo,RIC,Red Bull,7.1102293453427,6,8,0,8
2018,18,United States Grand Prix,2018-10-21,Circuit of the Americas,Sergio Pérez,PER,Force India,8.893316543487426,7,6,0,6
2018,18,United States Grand Prix,2018-10-21,Circuit of the Americas,Esteban Ocon,OCO,Force India,9.855288957643756,8,4,0,4
2018,18,United States Grand Prix,2018-10-21,Circuit of the Americas,Carlos Sainz,SAI,Renault,11.257185563209523,9,2,0,2
2018,18,United States Grand Prix,2018-10-21,Circuit of the Americas,Romain Grosjean,GRO,Haas F1 Team,12.233983817771822,10,1,0,1
2018,18,United States Grand Prix,2018-10-21,Circuit of the Americas,Kevin Magnussen,MAG,Haas F1 Team,12.425116324522858,11,0,0,0
2018,18,United States Grand Prix,2018-10-21,Circuit of the Americas,Charles Leclerc,LEC,Sauber,12.72476497274159,12,0,0,0
2018,18,United States Grand Prix,2018-10-21,Circuit of the Americas,Fernando Alonso,ALO,McLaren,13.145332163286447,13,0,0,0
2018,18,United States Grand Prix,2018-10-21,Circuit of the Americas,Marcus Ericsson,ERI,Sauber,13.232667152126243,14,0,0,0
2018,18,United States Grand Prix,2018-10-21,Circuit of the Americas,Nico Hülkenberg,HUL,Renault,13.6110587363952,15,0,0,0
2018,18,United States Grand Prix,2018-10-21,Circuit of the Americas,Lance Stroll,STR,Williams,13.681444607971065,16,0,0,0
2018,18,United States Grand Prix,2018-10-21,Circuit of the Americas,Stoffel Vandoorne,VAN,McLaren,13.859679626095064,17,0,0,0
2018,18,United States Grand Prix,2018-10-21,Circuit of the Americas,Pierre Gasly,GAS,Toro Rosso,13.963403290360644,18,0,0,0
2018,18,United States Grand Prix,2018-10-21,Circuit of the Americas,Sergey Sirotkin,SIR,Williams,14.158616823810316,19,0,0,0
2018,18,United States Grand Prix,2018-10-21,Circuit of the Americas,Brendon Hartley,HAR,Toro Rosso,14.549329485590103,20,0,0,0
2018,19,Mexican Grand Prix,2018-10-28,Autódromo Hermanos Rodríguez,Lewis Hamilton,HAM,Mercedes,2.6880856935285227,1,25,0,25
2018,19,Mexican Grand Prix,2018-10-28,Autódromo Hermanos Rodríguez,Valtteri Bottas,BOT,Mercedes,3.3297448322065084,2,18,0,18
2018,19,Mexican Grand Prix,2018-10-28,Autódromo Hermanos Rodríguez,Max Verstappen,VER,Red Bull,3.788282031302302,3,15,0,15
2018,19,Mexican Grand Prix,2018-10-28,Autódromo Hermanos Rodríguez,Kimi Räikkönen,RAI,Ferrari,4.435583525424921,4,12,0,12
2018,19,Mexican Grand Prix,2018-10-28,Autódromo Hermanos Rodríguez,Sebastian Vettel,VET,Ferrari,5.153518242818858,5,10,0,10
2018,19,Mexican Grand Prix,2018-10-28,Autódromo Hermanos Rodríguez,Daniel Ricciardo,RIC,Red Bull,7.392458175974109,6,8,0,8
2018,19,Mexican Grand Prix,2018-10-28,Autódromo Hermanos Rodríguez,Sergio Pérez,PER,Force India,10.242373670088632,7,6,0,6
2018,19,Mexican Grand Prix,2018-10-28,Autódromo Hermanos Rodríguez,Carlos Sainz,SAI,Renault,11.841853672987058,8,4,0,4
2018,19,Mexican Grand Prix,2018-10-28,Autódromo Hermanos Rodríguez,Nico Hülkenberg,HUL,Renault,11.897133681202185,9,2,0,2
2018,19,Mexican Grand Prix,2018-10-28,Autódromo Hermanos Rodríguez,Esteban Ocon,OCO,Force India,11.91212397229426,10,1,0,1
2018,19,Mexican Grand Prix,2018-10-28,Autódromo Hermanos Rodríguez,Charles Leclerc,LEC,Sauber,12.711377986015735,11,0,0,0
2018,19,Mexican Grand Prix,2018-10-28,Autódromo Hermanos Rodríguez,Marcus Ericsson,ERI,Sauber,13.117287300212476,12,0,0,0
2018,19,Mexican Grand Prix,2018-10-28,Autódromo Hermanos Rodríguez,Fernando Alonso,ALO,McLaren,13.145845110738918,13,0,0,0
2018,19,Mexican Grand Prix,2018-10-28,Autódromo Hermanos Rodríguez,Lance Stroll,STR,Williams,13.300172595804066,14,0,0,0
2018,19,Mexican Grand Prix,2018-10-28,Autódromo Hermanos Rodríguez,Stoffel Vandoorne,VAN,McLaren,13.524807732226032,15,0,0,0
2018,19,Mexican Grand Prix,2018-10-28,Autódromo Hermanos Rodríguez,Romain Grosjean,GRO,Haas F1 Team,14.033592621850458,16,0,0,0
2018,19,Mexican Grand Prix,2018-10-28,Autódromo Hermanos Rodríguez,Kevin Magnussen,MAG,Haas F1 Team,14.055329372635844,17,0,0,0
2018,19,Mexican Grand Prix,2018-10-28,Autódromo Hermanos Rodríguez,Pierre Gasly,GAS,Toro Rosso,14.202746519294973,18,0,0,0
2018,19,Mexican Grand Prix,2018-10-28,Autódromo Hermanos Rodríguez,Brendon Hartley,HAR,Toro Rosso,14.304584847120216,19,0,0,0
2018,19,Mexican Grand Prix,2018-10-28,Autódromo Hermanos Rodríguez,Sergey Sirotkin,SIR,Williams,14.52248054009337,20,0,0,0
2018,20,Brazilian Grand Prix,2018-11-11,Autódromo José Carlos Pace,Lewis Hamilton,HAM,Mercedes,2.817228214449478,1,25,0,25
2018,20,Brazilian Grand Prix,2018-11-11,Autódromo José Carlos Pace,Valtteri Bottas,BOT,Mercedes,3.4303892045854263,2,18,0,18
2018,20,Brazilian Grand Prix,2018-11-11,Autódromo José Carlos Pace,Max Verstappen,VER,Red Bull,3.5091701589101576,3,15,0,15
2018,20,Brazilian Grand Prix,2018-11-11,Autódromo José Carlos Pace,Sebastian Vettel,VET,Ferrari,4.454261559546522,4,12,0,12
2018,20,Brazilian Grand Prix,2018-11-11,Autódromo José Carlos Pace,Kimi Räikkönen,RAI,Ferrari,4.4703109544562185,5,10,0,10
2018,20,Brazilian Grand Prix,2018-11-11,Autódromo José Carlos Pace,Daniel Ricciardo,RIC,Red Bull,7.411633494654772,6,8,0,8
2018,20,Brazilian Grand Prix,2018-11-11,Autódromo José Carlos Pace,Nico Hülkenberg,HUL,Renault,11.181300216569127,7,6,0,6
2018,20,Brazilian Grand Prix,2018-11-11,Autódromo José Carlos Pace,Sergio Pérez,PER,Force India,11.298258519664328,8,4,0,4
2018,20,Brazilian Grand Prix,2018-11-11,Autódromo José Carlos Pace,Carlos Sainz,SAI,Renault,11.901108699401908,9,2,0,2
2018,20,Brazilian Grand Prix,2018-11-11,Autódromo José Carlos Pace,Charles Leclerc,LEC,Sauber,11.912254009133758,10,1,0,1
2018,20,Brazilian Grand Prix,2018-11-11,Autódromo José Carlos Pace,Esteban Ocon,OCO,Force India,12.362584642826144,11,0,0,0
2018,20,Brazilian Grand Prix,2018-11-11,Autódromo José Carlos Pace,Fernando Alonso,ALO,McLaren,12.709802839284734,12,0,0,0
2018,20,Brazilian Grand Prix,2018-11-11,Autódromo José Carlos Pace,Marcus Ericsson,ERI,Sauber,12.744901990882004,13,0,0,0
2018,20,Brazilian Grand Prix,2018-11-11,Autódromo José Carlos Pace,Stoffel Vandoorne,VAN,McLaren,12.912469244235686,14,0,0,0
2018,20,Brazilian Grand Prix,2018-11-11,Autódromo José Carlos Pace,Pierre Gasly,GAS,Toro Rosso,13.524807732226032,15,0,0,0
2018,20,Brazilian Grand Prix,2018-11-11,Autódromo José Carlos Pace,Brendon Hartley,HAR,Toro Rosso,13.640216183137383,16,0,0,0
2018,20,Brazilian Grand Prix,2018-11-11,Autódromo José Carlos Pace,Romain Grosjean,GRO,Haas F1 Team,13.988693870699166,17,0,0,0
2018,20,Brazilian Grand Prix,2018-11-11,Autódromo José Carlos Pace,Kevin Magnussen,MAG,Haas F1 Team,14.295016416511189,18,0,0,0
2018,20,Brazilian Grand Prix,2018-11-11,Autódromo José Carlos Pace,Lance Stroll,STR,Williams,14.635818276841276,19,0,0,0
2018,20,Brazilian Grand Prix,2018-11-11,Autódromo José Carlos Pace,Sergey Sirotkin,SIR,Williams,14.737470588749282,20,0,0,0
2018,21,Abu Dhabi Grand Prix,2018-11-25,Yas Marina Circuit,Lewis Hamilton,HAM,Mercedes,2.71658384207056,1,25,0,25
2018,21,Abu Dhabi Grand Prix,2018-11-25,Yas Marina Circuit,Max Verstappen,VER,Red Bull,3.5221400515686443,2,18,0,18
2018,21,Abu Dhabi Grand Prix,2018-11-25,Yas Marina Circuit,Valtteri Bottas,BOT,Mercedes,3.8339894196047615,3,15,0,15
2018,21,Abu Dhabi Grand Prix,2018-11-25,Yas Marina Circuit,Kimi Räikkönen,RAI,Ferrari,4.394777744211778,4,12,0,12
2018,21,Abu Dhabi Grand Prix,2018-11-25,Yas Marina Circuit,Sebastian Vettel,VET,Ferrari,5.427034979624057,5,10,0,10
2018,21,Abu Dhabi Grand Prix,2018-11-25,Yas Marina Circuit,Daniel Ricciardo,RIC,Red Bull,6.777193807450731,6,8,0,8
2018,21,Abu Dhabi Grand Prix,2018-11-25,Yas Marina Circuit,Sergio Pérez,PER,Force India,10.03657403419161,7,6,0,6
2018,21,Abu Dhabi Grand Prix,2018-11-25,Yas Marina Circuit,Nico Hülkenberg,HUL,Renault,11.368911463658629,8,4,0,4
2018,21,Abu Dhabi Grand Prix,2018-11-25,Yas Marina Circuit,Charles Leclerc,LEC,Sauber,11.748123320820456,9,2,0,2
2018,21,Abu Dhabi Grand Prix,2018-11-25,Yas Marina Circuit,Carlos Sainz,SAI,Renault,11.895649777098772,10,1,0,1
2018,21,Abu Dhabi Grand Prix,2018-11-25,Yas Marina Circuit,Romain Grosjean,GRO,Haas F1 Team,12.256741490697312,11,0,0,0
2018,21,Abu Dhabi Grand Prix,2018-11-25,Yas Marina Circuit,Esteban Ocon,OCO,Force India,12.601540282181366,12,0,0,0
2018,21,Abu Dhabi Grand Prix,2018-11-25,Yas Marina Circuit,Kevin Magnussen,MAG,Haas F1 Team,12.609251069765849,13,0,0,0
2018,21,Abu Dhabi Grand Prix,2018-11-25,Yas Marina Circuit,Marcus Ericsson,ERI,Sauber,12.854147206243658,14,0,0,0
2018,21,Abu Dhabi Grand Prix,2018-11-25,Yas Marina Circuit,Brendon Hartley,HAR,Toro Rosso,13.294772252374123,15,0,0,0
2018,21,Abu Dhabi Grand Prix,2018-11-25,Yas Marina Circuit,Pierre Gasly,GAS,Toro Rosso,13.506739478692412,16,0,0,0
2018,21,Abu Dhabi Grand Prix,2018-11-25,Yas Marina Circuit,Stoffel Vandoorne,VAN,McLaren,14.237217940663417,17,0,0,0
2018,21,Abu Dhabi Grand Prix,2018-11-25,Yas Marina Circuit,Fernando Alonso,ALO,McLaren,14.638499244551618,18,0,0,0
2018,21,Abu Dhabi Grand Prix,2018-11-25,Yas Marina Circuit,Sergey Sirotkin,SIR,Williams,15.051545659535163,19,0,0,0
2018,21,Abu Dhabi Grand Prix,2018-11-25,Yas Marina Circuit,Lance Stroll,STR,Williams,15.133436583761805,20,0,0,0
2019,1,Australian Grand Prix,2019-03-17,Albert Park Grand Prix Circuit,Lewis Hamilton,HAM,Mercedes,2.948451407736051,1,25,0,25
2019,1,Australian Grand Prix,2019-03-17,Albert Park Grand Prix Circuit,Max Verstappen,VER,Red Bull,4.0750127032475865,2,18,0,18
2019,1,Australian Grand Prix,2019-03-17,Albert Park Grand Prix Circuit,Sebastian Vettel,VET,Ferrari,4.812936756414796,3,15,0,15
2019,1,Australian Grand Prix,2019-03-17,Albert Park Grand Prix Circuit,Valtteri Bottas,BOT,Mercedes,4.827454166859008,4,12,0,12
2019,1,Australian Grand Prix,2019-03-17,Albert Park Grand Prix Circuit,Charles Leclerc,LEC,Ferrari,7.528801029555218,5,10,0,10
2019,1,Australian Grand Prix,2019-03-17,Albert Park Grand Prix Circuit,Pierre Gasly,GAS,Red Bull,9.6841355157954,6,8,0,8
2019,1,Australian Grand Prix,2019-03-17,Albert Park Grand Prix Circuit,Daniel Ricciardo,RIC,Renault,9.81817881305983,7,6,0,6
2019,1,Australian Grand Prix,2019-03-17,Albert Park Grand Prix Circuit,Kimi Räikkönen,RAI,Alfa Romeo,10.383851653250268,8,4,0,4
2019,1,Australian Grand Prix,2019-03-17,Albert Park Grand Prix Circuit,Nico Hülkenberg,HUL,Renault,10.907434357421655,9,2,0,2
2019,1,Australian Grand Prix,2019-03-17,Albert Park Grand Prix Circuit,Sergio Pérez,PER,Racing Point,11.086506237534614,10,1,0,1
2019,1,Australian Grand Prix,2019-03-17,Albert Park Grand Prix Circuit,Carlos Sainz,SAI,McLaren,12.019357586242752,11,0,0,0
2019,1,Australian Grand Prix,2019-03-17,Albert Park Grand Prix Circuit,Lando Norris,NOR,McLaren,12.230880935011497,12,0,0,0
2019,1,Australian Grand Prix,2019-03-17,Albert Park Grand Prix Circuit,Romain Grosjean,GRO,Haas F1 Team,12.546561274392111,13,0,0,0
2019,1,Australian Grand Prix,2019-03-17,Albert Park Grand Prix Circuit,Alexander Albon,ALB,Toro Rosso,12.64988011771564,14,0,0,0
2019,1,Australian Grand Prix,2019-03-17,Albert Park Grand Prix Circuit,Kevin Magnussen,MAG,Haas F1 Team,13.17705066984837,15,0,0,0
2019,1,Australian Grand Prix,2019-03-17,Albert Park Grand Prix Circuit,Lance Stroll,STR,Racing Point,13.2321643345737,16,0,0,0
2019,1,Australian Grand Prix,2019-03-17,Albert Park Grand Prix Circuit,Daniil Kvyat,KVY,Toro Rosso,13.36931327052866,17,0,0,0
2019,1,Australian Grand Prix,2019-03-17,Albert Park Grand Prix Circuit,Antonio Giovinazzi,GIO,Alfa Romeo,13.556629643811828,18,0,0,0
2019,1,Australian Grand Prix,2019-03-17,Albert Park Grand Prix Circuit,George Russell,RUS,Williams,13.737462276411938,19,0,0,0
2019,1,Australian Grand Prix,2019-03-17,Albert Park Grand Prix Circuit,Robert Kubica,KUB,Williams,14.262716699632882,20,0,0,0
2019,2,Bahrain Grand Prix,2019-03-31,Bahrain International Circuit,Lewis Hamilton,HAM,Mercedes,2.6866269835635843,1,25,0,25
2019,2,Bahrain Grand Prix,2019-03-31,Bahrain International Circuit,Valtteri Bottas,BOT,Mercedes,3.695653110662451,2,18,0,18
2019,2,Bahrain Grand Prix,2019-03-31,Bahrain International Circuit,Max Verstappen,VER,Red Bull,4.252971830846263,3,15,0,15
2019,2,Bahrain Grand Prix,2019-03-31,Bahrain International Circuit,Sebastian Vettel,VET,Ferrari,4.423178569010739,4,12,0,12
2019,2,Bahrain Grand Prix,2019-03-31,Bahrain International Circuit,Charles Leclerc,LEC,Ferrari,6.208120762606452,5,10,0,10
2019,2,Bahrain Grand Prix,2019-03-31,Bahrain International Circuit,Pierre Gasly,GAS,Red Bull,8.939894182057191,6,8,0,8
2019,2,Bahrain Grand Prix,2019-03-31,Bahrain International Circuit,Kimi Räikkönen,RAI,Alfa Romeo,9.84069286162832,7,6,0,6
2019,2,Bahrain Grand Prix,2019-03-31,Bahrain International Circuit,Daniel Ricciardo,RIC,Renault,9.974549779394035,8,4,0,4
2019,2,Bahrain Grand Prix,2019-03-31,Bahrain International Circuit,Nico Hülkenberg,HUL,Renault,10.565740052846955,9,2,0,2
2019,2,Bahrain Grand Prix,2019-03-31,Bahrain International Circuit,Sergio Pérez,PER,Racing Point,11.618090875448242,10,1,0,1
2019,2,Bahrain Grand Prix,2019-03-31,Bahrain International Circuit,Lando Norris,NOR,McLaren,12.21360283204142,11,0,0,0
2019,2,Bahrain Grand Prix,2019-03-31,Bahrain International Circuit,Kevin Magnussen,MAG,Haas F1 Team,12.253243677271524,12,0,0,0
2019,2,Bahrain Grand Prix,2019-03-31,Bahrain International Circuit,Romain Grosjean,GRO,Haas F1 Team,12.369078787860143,13,0,0,0
2019,2,Bahrain Grand Prix,2019-03-31,Bahrain International Circuit,Lance Stroll,STR,Racing Point,12.965660793657277,14,0,0,0
2019,2,Bahrain Grand Prix,2019-03-31,Bahrain International Circuit,Carlos Sainz,SAI,McLaren,13.107640353822584,15,0,0,0
2019,2,Bahrain Grand Prix,2019-03-31,Bahrain International Circuit,Daniil Kvyat,KVY,Toro Rosso,13.111875266961771,16,0,0,0
2019,2,Bahrain Grand Prix,2019-03-31,Bahrain International Circuit,Antonio Giovinazzi,GIO,Alfa Romeo,13.74223842866192,17,0,0,0
2019,2,Bahrain Grand Prix,2019-03-31,Bahrain International Circuit,Alexander Albon,ALB,Toro Rosso,13.746074201209142,18,0,0,0
2019,2,Bahrain Grand Prix,2019-03-31,Bahrain International Circuit,George Russell,RUS,Williams,15.051545659535163,19,0,0,0
2019,2,Bahrain Grand Prix,2019-03-31,Bahrain International Circuit,Robert Kubica,KUB,Williams,15.367927161846389,20,0,0,0
2019,3,Chinese Grand Prix,2019-04-14,Shanghai International Circuit,Lewis Hamilton,HAM,Mercedes,2.480987457949514,1,25,0,25
2019,3,Chinese Grand Prix,2019-04-14,Shanghai International Circuit,Valtteri Bottas,BOT,Mercedes,3.255328499879011,2,18,0,18
2019,3,Chinese Grand Prix,2019-04-14,Shanghai International Circuit,Max Verstappen,VER,Red Bull,3.8963318713360535,3,15,0,15
2019,3,Chinese Grand Prix,2019-04-14,Shanghai International Circuit,Sebastian Vettel,VET,Ferrari,4.629462829381147,4,12,0,12
2019,3,Chinese Grand Prix,2019-04-14,Shanghai International Circuit,Charles Leclerc,LEC,Ferrari,5.777680295957162,5,10,0,10
2019,3,Chinese Grand Prix,2019-04-14,Shanghai International Circuit,Pierre Gasly,GAS,Red Bull,9.386296571554704,6,8,0,8
2019,3,Chinese Grand Prix,2019-04-14,Shanghai International Circuit,Kimi Räikkönen,RAI,Alfa Romeo,9.748350080338016,7,6,0,6
2019,3,Chinese Grand Prix,2019-04-14,Shanghai International Circuit,Daniel Ricciardo,RIC,Renault,10.24651325948553,8,4,0,4
2019,3,Chinese Grand Prix,2019-04-14,Shanghai International Circuit,Lando Norris,NOR,McLaren,11.153357002915063,9,2,0,2
2019,3,Chinese Grand Prix,2019-04-14,Shanghai International Circuit,Sergio Pérez,PER,Racing Point,11.79784913698145,10,1,0,1
2019,3,Chinese Grand Prix,2019-04-14,Shanghai International Circuit,Kevin Magnussen,MAG,Haas F1 Team,12.382068848546128,11,0,0,0
2019,3,Chinese Grand Prix,2019-04-14,Shanghai International Circuit,Romain Grosjean,GRO,Haas F1 Team,12.576726398753976,12,0,0,0
2019,3,Chinese Grand Prix,2019-04-14,Shanghai International Circuit,Nico Hülkenberg,HUL,Renault,12.606227709196748,13,0,0,0
2019,3,Chinese Grand Prix,2019-04-14,Shanghai International Circuit,Carlos Sainz,SAI,McLaren,12.63810749819116,14,0,0,0
2019,3,Chinese Grand Prix,2019-04-14,Shanghai International Circuit,Alexander Albon,ALB,Toro Rosso,12.864904403037688,15,0,0,0
2019,3,Chinese Grand Prix,2019-04-14,Shanghai International Circuit,Daniil Kvyat,KVY,Toro Rosso,13.111875266961771,16,0,0,0
2019,3,Chinese Grand Prix,2019-04-14,Shanghai International Circuit,Lance Stroll,STR,Racing Point,13.262404813250532,17,0,0,0
2019,3,Chinese Grand Prix,2019-04-14,Shanghai International Circuit,Antonio Giovinazzi,GIO,Alfa Romeo,13.391768844415328,18,0,0,0
2019,3,Chinese Grand Prix,2019-04-14,Shanghai International Circuit,George Russell,RUS,Williams,15.051545659535163,19,0,0,0
2019,3,Chinese Grand Prix,2019-04-14,Shanghai International Circuit,Robert Kubica,KUB,Williams,15.367927161846389,20,0,0,0
2019,4,Azerbaijan Grand Prix,2019-04-28,Baku City Circuit,Lewis Hamilton,HAM,Mercedes,2.480987457949514,1,25,0,25
2019,4,Azerbaijan Grand Prix,2019-04-28,Baku City Circuit,Valtteri Bottas,BOT,Mercedes,3.226830351336973,2,18,0,18
2019,4,Azerbaijan Grand Prix,2019-04-28,Baku City Circuit,Max Verstappen,VER,Red Bull,4.669147909141274,3,15,0,15
2019,4,Azerbaijan Grand Prix,2019-04-28,Baku City Circuit,Sebastian Vettel,VET,Ferrari,5.137468847909162,4,12,0,12
2019,4,Azerbaijan Grand Prix,2019-04-28,Baku City Circuit,Charles Leclerc,LEC,Ferrari,5.427034979624057,5,10,0,10
2019,4,Azerbaijan Grand Prix,2019-04-28,Baku City Circuit,Pierre Gasly,GAS,Red Bull,9.272142288433606,6,8,0,8
2019,4,Azerbaijan Grand Prix,2019-04-28,Baku City Circuit,Kimi Räikkönen,RAI,Alfa Romeo,9.958857624962794,7,6,0,6
2019,4,Azerbaijan Grand Prix,2019-04-28,Baku City Circuit,Sergio Pérez,PER,Racing Point,10.48233298938274,8,4,0,4
2019,4,Azerbaijan Grand Prix,2019-04-28,Baku City Circuit,Daniel Ricciardo,RIC,Renault,10.848759852531252,9,2,0,2
2019,4,Azerbaijan Grand Prix,2019-04-28,Baku City Circuit,Lance Stroll,STR,Racing Point,11.912891013155376,10,1,0,1
2019,4,Azerbaijan Grand Prix,2019-04-28,Baku City Circuit,Kevin Magnussen,MAG,Haas F1 Team,12.382068848546128,11,0,0,0
2019,4,Azerbaijan Grand Prix,2019-04-28,Baku City Circuit,Romain Grosjean,GRO,Haas F1 Team,12.432171633487815,12,0,0,0
2019,4,Azerbaijan Grand Prix,2019-04-28,Baku City Circuit,Lando Norris,NOR,McLaren,12.554557978220394,13,0,0,0
2019,4,Azerbaijan Grand Prix,2019-04-28,Baku City Circuit,Alexander Albon,ALB,Toro Rosso,12.828716130922675,14,0,0,0
2019,4,Azerbaijan Grand Prix,2019-04-28,Baku City Circuit,Carlos Sainz,SAI,McLaren,13.11424974960666,15,0,0,0
2019,4,Azerbaijan Grand Prix,2019-04-28,Baku City Circuit,Daniil Kvyat,KVY,Toro Rosso,13.369438628402024,16,0,0,0
2019,4,Azerbaijan Grand Prix,2019-04-28,Baku City Circuit,Antonio Giovinazzi,GIO,Alfa Romeo,13.483166460222916,17,0,0,0
2019,4,Azerbaijan Grand Prix,2019-04-28,Baku City Circuit,Nico Hülkenberg,HUL,Renault,13.646941022328162,18,0,0,0
2019,4,Azerbaijan Grand Prix,2019-04-28,Baku City Circuit,George Russell,RUS,Williams,15.882565015467732,19,0,0,0
2019,4,Azerbaijan Grand Prix,2019-04-28,Baku City Circuit,Robert Kubica,KUB,Williams,16.198946517778975,20,0,0,0
2019,5,Spanish Grand Prix,2019-05-12,Circuit de Barcelona-Catalunya,Lewis Hamilton,HAM,Mercedes,2.5554037902770124,1,25,0,25
2019,5,Spanish Grand Prix,2019-05-12,Circuit de Barcelona-Catalunya,Valtteri Bottas,BOT,Mercedes,3.1495662380420195,2,18,0,18
2019,5,Spanish Grand Prix,2019-05-12,Circuit de Barcelona-Catalunya,Sebastian Vettel,VET,Ferrari,4.394777744211778,3,15,0,15
2019,5,Spanish Grand Prix,2019-05-12,Circuit de Barcelona-Catalunya,Max Verstappen,VER,Red Bull,4.8790346214921785,4,12,0,12
2019,5,Spanish Grand Prix,2019-05-12,Circuit de Barcelona-Catalunya,Charles Leclerc,LEC,Ferrari,5.642619021747533,5,10,0,10
2019,5,Spanish Grand Prix,2019-05-12,Circuit de Barcelona-Catalunya,Pierre Gasly,GAS,Red Bull,9.78049083778876,6,8,0,8
2019,5,Spanish Grand Prix,2019-05-12,Circuit de Barcelona-Catalunya,Sergio Pérez,PER,Racing Point,10.474501310674505,7,6,0,6
2019,5,Spanish Grand Prix,2019-05-12,Circuit de Barcelona-Catalunya,Carlos Sainz,SAI,McLaren,10.70881473890665,8,4,0,4
2019,5,Spanish Grand Prix,2019-05-12,Circuit de Barcelona-Catalunya,Lando Norris,NOR,McLaren,11.703076371808198,9,2,0,2
2019,5,Spanish Grand Prix,2019-05-12,Circuit de Barcelona-Catalunya,Daniel Ricciardo,RIC,Renault,11.722790430225414,10,1,0,1
2019,5,Spanish Grand Prix,2019-05-12,Circuit de Barcelona-Catalunya,Kimi Räikkönen,RAI,Alfa Romeo,12.158497601945893,11,0,0,0
2019,5,Spanish Grand Prix,2019-05-12,Circuit de Barcelona-Catalunya,Kevin Magnussen,MAG,Haas F1 Team,12.50288999394559,12,0,0,0
2019,5,Spanish Grand Prix,2019-05-12,Circuit de Barcelona-Catalunya,Lance Stroll,STR,Racing Point,12.722146476992188,13,0,0,0
2019,5,Spanish Grand Prix,2019-05-12,Circuit de Barcelona-Catalunya,Alexander Albon,ALB,Toro Rosso,13.153984798126316,14,0,0,0
2019,5,Spanish Grand Prix,2019-05-12,Circuit de Barcelona-Catalunya,Daniil Kvyat,KVY,Toro Rosso,13.340902641627885,15,0,0,0
2019,5,Spanish Grand Prix,2019-05-12,Circuit de Barcelona-Catalunya,Romain Grosjean,GRO,Haas F1 Team,13.36713613307571,16,0,0,0
2019,5,Spanish Grand Prix,2019-05-12,Circuit de Barcelona-Catalunya,Antonio Giovinazzi,GIO,Alfa Romeo,13.377964310346751,17,0,0,0
2019,5,Spanish Grand Prix,2019-05-12,Circuit de Barcelona-Catalunya,Nico Hülkenberg,HUL,Renault,13.813603441876678,18,0,0,0
2019,5,Spanish Grand Prix,2019-05-12,Circuit de Barcelona-Catalunya,George Russell,RUS,Williams,15.573883451206068,19,0,0,0
2019,5,Spanish Grand Prix,2019-05-12,Circuit de Barcelona-Catalunya,Robert Kubica,KUB,Williams,15.890264953517292,20,0,0,0
2019,6,Monaco Grand Prix,2019-05-26,Circuit de Monaco,Lewis Hamilton,HAM,Mercedes,2.5554037902770124,1,25,0,25
2019,6,Monaco Grand Prix,2019-05-26,Circuit de Monaco,Valtteri Bottas,BOT,Mercedes,3.3876820460339734,2,18,0,18
2019,6,Monaco Grand Prix,2019-05-26,Circuit de Monaco,Sebastian Vettel,VET,Ferrari,4.683891559236917,3,15,0,15
2019,6,Monaco Grand Prix,2019-05-26,Circuit de Monaco,Max Verstappen,VER,Red Bull,5.483518615609952,4,12,0,12
2019,6,Monaco Grand Prix,2019-05-26,Circuit de Monaco,Charles Leclerc,LEC,Ferrari,5.777680295957162,5,10,0,10
2019,6,Monaco Grand Prix,2019-05-26,Circuit de Monaco,Pierre Gasly,GAS,Red Bull,7.761085173098525,6,8,0,8
2019,6,Monaco Grand Prix,2019-05-26,Circuit de Monaco,Carlos Sainz,SAI,McLaren,11.274235147319253,7,6,0,6
2019,6,Monaco Grand Prix,2019-05-26,Circuit de Monaco,Lando Norris,NOR,McLaren,11.498620470656707,8,4,0,4
2019,6,Monaco Grand Prix,2019-05-26,Circuit de Monaco,Sergio Pérez,PER,Racing Point,11.637486179512512,9,2,0,2
2019,6,Monaco Grand Prix,2019-05-26,Circuit de Monaco,Kevin Magnussen,MAG,Haas F1 Team,12.142528000800793,10,1,0,1
2019,6,Monaco Grand Prix,2019-05-26,Circuit de Monaco,Kimi Räikkönen,RAI,Alfa Romeo,12.175479269986711,11,0,0,0
2019,6,Monaco Grand Prix,2019-05-26,Circuit de Monaco,Daniel Ricciardo,RIC,Renault,12.523093841944416,12,0,0,0
2019,6,Monaco Grand Prix,2019-05-26,Circuit de Monaco,Lance Stroll,STR,Racing Point,13.05849682157364,13,0,0,0
2019,6,Monaco Grand Prix,2019-05-26,Circuit de Monaco,Daniil Kvyat,KVY,Toro Rosso,13.089709621111222,14,0,0,0
2019,6,Monaco Grand Prix,2019-05-26,Circuit de Monaco,Alexander Albon,ALB,Toro Rosso,13.106191055588631,15,0,0,0
2019,6,Monaco Grand Prix,2019-05-26,Circuit de Monaco,Romain Grosjean,GRO,Haas F1 Team,13.193669346411475,16,0,0,0
2019,6,Monaco Grand Prix,2019-05-26,Circuit de Monaco,Nico Hülkenberg,HUL,Renault,13.300162638531518,17,0,0,0
2019,6,Monaco Grand Prix,2019-05-26,Circuit de Monaco,Antonio Giovinazzi,GIO,Alfa Romeo,13.68161117390842,18,0,0,0
2019,6,Monaco Grand Prix,2019-05-26,Circuit de Monaco,George Russell,RUS,Williams,15.842304594984622,19,0,0,0
2019,6,Monaco Grand Prix,2019-05-26,Circuit de Monaco,Robert Kubica,KUB,Williams,16.14259333331958,20,0,0,0
2019,7,Canadian Grand Prix,2019-06-09,Circuit Gilles Villeneuve,Lewis Hamilton,HAM,Mercedes,2.5554037902770124,1,25,0,25
2019,7,Canadian Grand Prix,2019-06-09,Circuit Gilles Villeneuve,Valtteri Bottas,BOT,Mercedes,3.1780643865840577,2,18,0,18
2019,7,Canadian Grand Prix,2019-06-09,Circuit Gilles Villeneuve,Sebastian Vettel,VET,Ferrari,4.394777744211778,3,15,0,15
2019,7,Canadian Grand Prix,2019-06-09,Circuit Gilles Villeneuve,Max Verstappen,VER,Red Bull,5.336719581407999,4,12,0,12
2019,7,Canadian Grand Prix,2019-06-09,Circuit Gilles Villeneuve,Charles Leclerc,LEC,Ferrari,5.548390116429752,5,10,0,10
2019,7,Canadian Grand Prix,2019-06-09,Circuit Gilles Villeneuve,Pierre Gasly,GAS,Red Bull,7.273574333469188,6,8,0,8
2019,7,Canadian Grand Prix,2019-06-09,Circuit Gilles Villeneuve,Daniel Ricciardo,RIC,Renault,11.403905350460022,7,6,0,6
2019,7,Canadian Grand Prix,2019-06-09,Circuit Gilles Villeneuve,Sergio Pérez,PER,Racing Point,11.435270044441902,8,4,0,4
2019,7,Canadian Grand Prix,2019-06-09,Circuit Gilles Villeneuve,Kimi Räikkönen,RAI,Alfa Romeo,11.481904294343662,9,2,0,2
2019,7,Canadian Grand Prix,2019-06-09,Circuit Gilles Villeneuve,Lando Norris,NOR,McLaren,11.52223579168506,10,1,0,1
2019,7,Canadian Grand Prix,2019-06-09,Circuit Gilles Villeneuve,Carlos Sainz,SAI,McLaren,11.546955926004408,11,0,0,0
2019,7,Canadian Grand Prix,2019-06-09,Circuit Gilles Villeneuve,Daniil Kvyat,KVY,Toro Rosso,11.94526269672664,12,0,0,0
2019,7,Canadian Grand Prix,2019-06-09,Circuit Gilles Villeneuve,Alexander Albon,ALB,Toro Rosso,12.02370655926959,13,0,0,0
2019,7,Canadian Grand Prix,2019-06-09,Circuit Gilles Villeneuve,Nico Hülkenberg,HUL,Renault,12.39770494382283,14,0,0,0
2019,7,Canadian Grand Prix,2019-06-09,Circuit Gilles Villeneuve,Romain Grosjean,GRO,Haas F1 Team,12.822934381498664,15,0,0,0
2019,7,Canadian Grand Prix,2019-06-09,Circuit Gilles Villeneuve,Kevin Magnussen,MAG,Haas F1 Team,12.90367476654962,16,0,0,0
2019,7,Canadian Grand Prix,2019-06-09,Circuit Gilles Villeneuve,Lance Stroll,STR,Racing Point,13.095386408633072,17,0,0,0
2019,7,Canadian Grand Prix,2019-06-09,Circuit Gilles Villeneuve,Antonio Giovinazzi,GIO,Alfa Romeo,13.686315233015284,18,0,0,0
2019,7,Canadian Grand Prix,2019-06-09,Circuit Gilles Villeneuve,George Russell,RUS,Williams,15.842304594984622,19,0,0,0
2019,7,Canadian Grand Prix,2019-06-09,Circuit Gilles Villeneuve,Robert Kubica,KUB,Williams,16.14259333331958,20,0,0,0
2019,8,French Grand Prix,2019-06-23,Circuit Paul Ricard,Lewis Hamilton,HAM,Mercedes,2.5554037902770124,1,25,0,25
2019,8,French Grand Prix,2019-06-23,Circuit Paul Ricard,Valtteri Bottas,BOT,Mercedes,3.1780643865840577,2,18,0,18
2019,8,French Grand Prix,2019-06-23,Circuit Paul Ricard,Sebastian Vettel,VET,Ferrari,4.394777744211778,3,15,0,15
2019,8,French Grand Prix,2019-06-23,Circuit Paul Ricard,Max Verstappen,VER,Red Bull,5.184338295457288,4,12,0,12
2019,8,French Grand Prix,2019-06-23,Circuit Paul Ricard,Charles Leclerc,LEC,Ferrari,5.42930060691401,5,10,0,10
2019,8,French Grand Prix,2019-06-23,Circuit Paul Ricard,Pierre Gasly,GAS,Red Bull,7.390914036004128,6,8,0,8
2019,8,French Grand Prix,2019-06-23,Circuit Paul Ricard,Daniel Ricciardo,RIC,Renault,11.10429705517124,7,6,0,6
2019,8,French Grand Prix,2019-06-23,Circuit Paul Ricard,Lando Norris,NOR,McLaren,11.202692226626253,8,4,0,4
2019,8,French Grand Prix,2019-06-23,Circuit Paul Ricard,Carlos Sainz,SAI,McLaren,11.428449721093749,9,2,0,2
2019,8,French Grand Prix,2019-06-23,Circuit Paul Ricard,Sergio Pérez,PER,Racing Point,11.55064989635567,10,1,0,1
2019,8,French Grand Prix,2019-06-23,Circuit Paul Ricard,Nico Hülkenberg,HUL,Renault,11.82090969392227,11,0,0,0
2019,8,French Grand Prix,2019-06-23,Circuit Paul Ricard,Kevin Magnussen,MAG,Haas F1 Team,11.98496861972391,12,0,0,0
2019,8,French Grand Prix,2019-06-23,Circuit Paul Ricard,Daniil Kvyat,KVY,Toro Rosso,12.33298471667147,13,0,0,0
2019,8,French Grand Prix,2019-06-23,Circuit Paul Ricard,Kimi Räikkönen,RAI,Alfa Romeo,12.415668189393177,14,0,0,0
2019,8,French Grand Prix,2019-06-23,Circuit Paul Ricard,Alexander Albon,ALB,Toro Rosso,12.74006286550286,15,0,0,0
2019,8,French Grand Prix,2019-06-23,Circuit Paul Ricard,Lance Stroll,STR,Racing Point,12.905532642266184,16,0,0,0
2019,8,French Grand Prix,2019-06-23,Circuit Paul Ricard,Romain Grosjean,GRO,Haas F1 Team,13.254017920526657,17,0,0,0
2019,8,French Grand Prix,2019-06-23,Circuit Paul Ricard,Antonio Giovinazzi,GIO,Alfa Romeo,14.241101971115258,18,0,0,0
2019,8,French Grand Prix,2019-06-23,Circuit Paul Ricard,George Russell,RUS,Williams,15.882565015467732,19,0,0,0
2019,8,French Grand Prix,2019-06-23,Circuit Paul Ricard,Robert Kubica,KUB,Williams,16.170491462054855,20,0,0,0
2019,9,Austrian Grand Prix,2019-06-30,Red Bull Ring,Lewis Hamilton,HAM,Mercedes,2.5554037902770124,1,25,0,25
2019,9,Austrian Grand Prix,2019-06-30,Red Bull Ring,Valtteri Bottas,BOT,Mercedes,3.1780643865840577,2,18,0,18
2019,9,Austrian Grand Prix,2019-06-30,Red Bull Ring,Sebastian Vettel,VET,Ferrari,4.442387133009557,3,15,0,15
2019,9,Austrian Grand Prix,2019-06-30,Red Bull Ring,Charles Leclerc,LEC,Ferrari,5.346900564383663,4,12,0,12
2019,9,Austrian Grand Prix,2019-06-30,Red Bull Ring,Max Verstappen,VER,Red Bull,5.639512356684967,5,10,0,10
2019,9,Austrian Grand Prix,2019-06-30,Red Bull Ring,Pierre Gasly,GAS,Red Bull,7.982538094396055,6,8,0,8
2019,9,Austrian Grand Prix,2019-06-30,Red Bull Ring,Lando Norris,NOR,McLaren,9.420206588709528,7,6,0,6
2019,9,Austrian Grand Prix,2019-06-30,Red Bull Ring,Carlos Sainz,SAI,McLaren,9.712817085487009,8,4,0,4
2019,9,Austrian Grand Prix,2019-06-30,Red Bull Ring,Sergio Pérez,PER,Racing Point,11.26979756702129,9,2,0,2
2019,9,Austrian Grand Prix,2019-06-30,Red Bull Ring,Kimi Räikkönen,RAI,Alfa Romeo,11.628516344517593,10,1,0,1
2019,9,Austrian Grand Prix,2019-06-30,Red Bull Ring,Daniel Ricciardo,RIC,Renault,11.820713931004333,11,0,0,0
2019,9,Austrian Grand Prix,2019-06-30,Red Bull Ring,Nico Hülkenberg,HUL,Renault,11.982523890460309,12,0,0,0
2019,9,Austrian Grand Prix,2019-06-30,Red Bull Ring,Daniil Kvyat,KVY,Toro Rosso,12.710142040169304,13,0,0,0
2019,9,Austrian Grand Prix,2019-06-30,Red Bull Ring,Romain Grosjean,GRO,Haas F1 Team,12.742649306084909,14,0,0,0
2019,9,Austrian Grand Prix,2019-06-30,Red Bull Ring,Lance Stroll,STR,Racing Point,12.891463610552789,15,0,0,0
2019,9,Austrian Grand Prix,2019-06-30,Red Bull Ring,Kevin Magnussen,MAG,Haas F1 Team,13.027891957736587,16,0,0,0
2019,9,Austrian Grand Prix,2019-06-30,Red Bull Ring,Alexander Albon,ALB,Toro Rosso,13.24116917280661,17,0,0,0
2019,9,Austrian Grand Prix,2019-06-30,Red Bull Ring,Antonio Giovinazzi,GIO,Alfa Romeo,14.101539144606363,18,0,0,0
2019,9,Austrian Grand Prix,2019-06-30,Red Bull Ring,George Russell,RUS,Williams,15.826211831008338,19,0,0,0
2019,9,Austrian Grand Prix,2019-06-30,Red Bull Ring,Robert Kubica,KUB,Williams,16.130231041571747,20,0,0,0
2019,10,British Grand Prix,2019-07-14,Silverstone Circuit,Lewis Hamilton,HAM,Mercedes,2.71658384207056,1,25,0,25
2019,10,British Grand Prix,2019-07-14,Silverstone Circuit,Valtteri Bottas,BOT,Mercedes,3.3297448322065084,2,18,0,18
2019,10,British Grand Prix,2019-07-14,Silverstone Circuit,Sebastian Vettel,VET,Ferrari,4.394777744211778,3,15,0,15
2019,10,British Grand Prix,2019-07-14,Silverstone Circuit,Max Verstappen,VER,Red Bull,4.633958874915863,4,12,0,12
2019,10,British Grand Prix,2019-07-14,Silverstone Circuit,Charles Leclerc,LEC,Ferrari,5.549763799852496,5,10,0,10
2019,10,British Grand Prix,2019-07-14,Silverstone Circuit,Pierre Gasly,GAS,Red Bull,7.27069115254542,6,8,0,8
2019,10,British Grand Prix,2019-07-14,Silverstone Circuit,Carlos Sainz,SAI,McLaren,9.885804415260637,7,6,0,6
2019,10,British Grand Prix,2019-07-14,Silverstone Circuit,Lando Norris,NOR,McLaren,10.355275145045855,8,4,0,4
2019,10,British Grand Prix,2019-07-14,Silverstone Circuit,Daniel Ricciardo,RIC,Renault,11.09871854696404,9,2,0,2
2019,10,British Grand Prix,2019-07-14,Silverstone Circuit,Nico Hülkenberg,HUL,Renault,11.166354970063187,10,1,0,1
2019,10,British Grand Prix,2019-07-14,Silverstone Circuit,Kimi Räikkönen,RAI,Alfa Romeo,12.087873550443588,11,0,0,0
2019,10,British Grand Prix,2019-07-14,Silverstone Circuit,Sergio Pérez,PER,Racing Point,12.334433901400638,12,0,0,0
2019,10,British Grand Prix,2019-07-14,Silverstone Circuit,Daniil Kvyat,KVY,Toro Rosso,12.693536328740551,13,0,0,0
2019,10,British Grand Prix,2019-07-14,Silverstone Circuit,Alexander Albon,ALB,Toro Rosso,13.28142959328972,14,0,0,0
2019,10,British Grand Prix,2019-07-14,Silverstone Circuit,Lance Stroll,STR,Racing Point,13.628687619737589,15,0,0,0
2019,10,British Grand Prix,2019-07-14,Silverstone Circuit,Kevin Magnussen,MAG,Haas F1 Team,13.968684524025228,16,0,0,0
2019,10,British Grand Prix,2019-07-14,Silverstone Circuit,Romain Grosjean,GRO,Haas F1 Team,14.073853042333567,17,0,0,0
2019,10,British Grand Prix,2019-07-14,Silverstone Circuit,Antonio Giovinazzi,GIO,Alfa Romeo,14.07685783569642,18,0,0,0
2019,10,British Grand Prix,2019-07-14,Silverstone Circuit,Robert Kubica,KUB,Williams,15.781563589159996,19,0,0,0
2019,10,British Grand Prix,2019-07-14,Silverstone Circuit,George Russell,RUS,Williams,16.06862726676898,20,0,0,0
2019,11,German Grand Prix,2019-07-28,Hockenheimring,Lewis Hamilton,HAM,Mercedes,2.71658384207056,1,25,0,25
2019,11,German Grand Prix,2019-07-28,Hockenheimring,Valtteri Bottas,BOT,Mercedes,3.3297448322065084,2,18,0,18
2019,11,German Grand Prix,2019-07-28,Hockenheimring,Max Verstappen,VER,Red Bull,4.152081060045009,3,15,0,15
2019,11,German Grand Prix,2019-07-28,Hockenheimring,Charles Leclerc,LEC,Ferrari,5.428172321463297,4,12,0,12
2019,11,German Grand Prix,2019-07-28,Hockenheimring,Sebastian Vettel,VET,Ferrari,5.672912913931034,5,10,0,10
2019,11,German Grand Prix,2019-07-28,Hockenheimring,Pierre Gasly,GAS,Red Bull,7.330423377220499,6,8,0,8
2019,11,German Grand Prix,2019-07-28,Hockenheimring,Carlos Sainz,SAI,McLaren,9.54400113695598,7,6,0,6
2019,11,German Grand Prix,2019-07-28,Hockenheimring,Lando Norris,NOR,McLaren,11.038055502135016,8,4,0,4
2019,11,German Grand Prix,2019-07-28,Hockenheimring,Kimi Räikkönen,RAI,Alfa Romeo,11.254159176878275,9,2,0,2
2019,11,German Grand Prix,2019-07-28,Hockenheimring,Nico Hülkenberg,HUL,Renault,11.907129738995836,10,1,0,1
2019,11,German Grand Prix,2019-07-28,Hockenheimring,Daniel Ricciardo,RIC,Renault,12.176727624066176,11,0,0,0
2019,11,German Grand Prix,2019-07-28,Hockenheimring,Sergio Pérez,PER,Racing Point,12.386746283235231,12,0,0,0
2019,11,German Grand Prix,2019-07-28,Hockenheimring,Daniil Kvyat,KVY,Toro Rosso,12.526179204617492,13,0,0,0
2019,11,German Grand Prix,2019-07-28,Hockenheimring,Alexander Albon,ALB,Toro Rosso,12.967354522503836,14,0,0,0
2019,11,German Grand Prix,2019-07-28,Hockenheimring,Lance Stroll,STR,Racing Point,13.247835645644392,15,0,0,0
2019,11,German Grand Prix,2019-07-28,Hockenheimring,Antonio Giovinazzi,GIO,Alfa Romeo,13.951998275182692,16,0,0,0
2019,11,German Grand Prix,2019-07-28,Hockenheimring,Kevin Magnussen,MAG,Haas F1 Team,15.401870623129993,17,0,0,0
2019,11,German Grand Prix,2019-07-28,Hockenheimring,Romain Grosjean,GRO,Haas F1 Team,15.475349384695413,18,0,0,0
2019,11,German Grand Prix,2019-07-28,Hockenheimring,George Russell,RUS,Williams,15.842304594984622,19,0,0,0
2019,11,German Grand Prix,2019-07-28,Hockenheimring,Robert Kubica,KUB,Williams,15.877024640613776,20,0,0,0
2019,12,Hungarian Grand Prix,2019-08-04,Hungaroring,Lewis Hamilton,HAM,Mercedes,3.077494869287876,1,25,0,25
2019,12,Hungarian Grand Prix,2019-08-04,Hungaroring,Max Verstappen,VER,Red Bull,4.124407670484664,2,18,0,18
2019,12,Hungarian Grand Prix,2019-08-04,Hungaroring,Valtteri Bottas,BOT,Mercedes,4.305791982072763,3,15,0,15
2019,12,Hungarian Grand Prix,2019-08-04,Hungaroring,Sebastian Vettel,VET,Ferrari,5.315463962718386,4,12,0,12
2019,12,Hungarian Grand Prix,2019-08-04,Hungaroring,Charles Leclerc,LEC,Ferrari,5.624360354586198,5,10,0,10
2019,12,Hungarian Grand Prix,2019-08-04,Hungaroring,Pierre Gasly,GAS,Red Bull,6.845900546598319,6,8,0,8
2019,12,Hungarian Grand Prix,2019-08-04,Hungaroring,Carlos Sainz,SAI,McLaren,9.61679740309211,7,6,0,6
2019,12,Hungarian Grand Prix,2019-08-04,Hungaroring,Lando Norris,NOR,McLaren,10.444995570158294,8,4,0,4
2019,12,Hungarian Grand Prix,2019-08-04,Hungaroring,Kimi Räikkönen,RAI,Alfa Romeo,11.24349988715804,9,2,0,2
2019,12,Hungarian Grand Prix,2019-08-04,Hungaroring,Daniel Ricciardo,RIC,Renault,11.281968365631766,10,1,0,1
2019,12,Hungarian Grand Prix,2019-08-04,Hungaroring,Daniil Kvyat,KVY,Toro Rosso,11.65655430029076,11,0,0,0
2019,12,Hungarian Grand Prix,2019-08-04,Hungaroring,Alexander Albon,ALB,Toro Rosso,11.927535680230491,12,0,0,0
2019,12,Hungarian Grand Prix,2019-08-04,Hungaroring,Lance Stroll,STR,Racing Point,12.082336069131449,13,0,0,0
2019,12,Hungarian Grand Prix,2019-08-04,Hungaroring,Sergio Pérez,PER,Racing Point,12.294903012315404,14,0,0,0
2019,12,Hungarian Grand Prix,2019-08-04,Hungaroring,Nico Hülkenberg,HUL,Renault,12.421245288514235,15,0,0,0
2019,12,Hungarian Grand Prix,2019-08-04,Hungaroring,Antonio Giovinazzi,GIO,Alfa Romeo,13.637466267598516,16,0,0,0
2019,12,Hungarian Grand Prix,2019-08-04,Hungaroring,Romain Grosjean,GRO,Haas F1 Team,14.075769994311536,17,0,0,0
2019,12,Hungarian Grand Prix,2019-08-04,Hungaroring,Kevin Magnussen,MAG,Haas F1 Team,14.443629808988955,18,0,0,0
2019,12,Hungarian Grand Prix,2019-08-04,Hungaroring,George Russell,RUS,Williams,15.568489944681849,19,0,0,0
2019,12,Hungarian Grand Prix,2019-08-04,Hungaroring,Robert Kubica,KUB,Williams,16.093744367902804,20,0,0,0
2019,13,Belgian Grand Prix,2019-09-01,Circuit de Spa-Francorchamps,Lewis Hamilton,HAM,Mercedes,2.9858620275319088,1,25,0,25
2019,13,Belgian Grand Prix,2019-09-01,Circuit de Spa-Francorchamps,Max Verstappen,VER,Red Bull,4.177852399415603,2,18,0,18
2019,13,Belgian Grand Prix,2019-09-01,Circuit de Spa-Francorchamps,Valtteri Bottas,BOT,Mercedes,4.617238736799245,3,15,0,15
2019,13,Belgian Grand Prix,2019-09-01,Circuit de Spa-Francorchamps,Sebastian Vettel,VET,Ferrari,5.315463962718386,4,12,0,12
2019,13,Belgian Grand Prix,2019-09-01,Circuit de Spa-Francorchamps,Charles Leclerc,LEC,Ferrari,5.621554643028102,5,10,0,10
2019,13,Belgian Grand Prix,2019-09-01,Circuit de Spa-Francorchamps,Carlos Sainz,SAI,McLaren,8.276010804334847,6,8,0,8
2019,13,Belgian Grand Prix,2019-09-01,Circuit de Spa-Francorchamps,Alexander Albon,ALB,Red Bull,9.412688963419798,7,6,0,6
2019,13,Belgian Grand Prix,2019-09-01,Circuit de Spa-Francorchamps,Lando Norris,NOR,McLaren,9.737355598559098,8,4,0,4
2019,13,Belgian Grand Prix,2019-09-01,Circuit de Spa-Francorchamps,Pierre Gasly,GAS,Toro Rosso,10.387068453128544,9,2,0,2
2019,13,Belgian Grand Prix,2019-09-01,Circuit de Spa-Francorchamps,Kimi Räikkönen,RAI,Alfa Romeo,11.27190347235448,10,1,0,1
2019,13,Belgian Grand Prix,2019-09-01,Circuit de Spa-Francorchamps,Sergio Pérez,PER,Racing Point,11.892835445036871,11,0,0,0
2019,13,Belgian Grand Prix,2019-09-01,Circuit de Spa-Francorchamps,Daniil Kvyat,KVY,Toro Rosso,12.236436740404086,12,0,0,0
2019,13,Belgian Grand Prix,2019-09-01,Circuit de Spa-Francorchamps,Daniel Ricciardo,RIC,Renault,12.285927584548729,13,0,0,0
2019,13,Belgian Grand Prix,2019-09-01,Circuit de Spa-Francorchamps,Nico Hülkenberg,HUL,Renault,12.51747025767557,14,0,0,0
2019,13,Belgian Grand Prix,2019-09-01,Circuit de Spa-Francorchamps,Lance Stroll,STR,Racing Point,12.725422970771197,15,0,0,0
2019,13,Belgian Grand Prix,2019-09-01,Circuit de Spa-Francorchamps,Antonio Giovinazzi,GIO,Alfa Romeo,13.726145664685635,16,0,0,0
2019,13,Belgian Grand Prix,2019-09-01,Circuit de Spa-Francorchamps,Romain Grosjean,GRO,Haas F1 Team,14.541237380803304,17,0,0,0
2019,13,Belgian Grand Prix,2019-09-01,Circuit de Spa-Francorchamps,Kevin Magnussen,MAG,Haas F1 Team,14.712998827134546,18,0,0,0
2019,13,Belgian Grand Prix,2019-09-01,Circuit de Spa-Francorchamps,George Russell,RUS,Williams,15.882565015467732,19,0,0,0
2019,13,Belgian Grand Prix,2019-09-01,Circuit de Spa-Francorchamps,Robert Kubica,KUB,Williams,15.913554588868434,20,0,0,0
2019,14,Italian Grand Prix,2019-09-08,Autodromo Nazionale di Monza,Lewis Hamilton,HAM,Mercedes,3.1787030301985326,1,25,0,25
2019,14,Italian Grand Prix,2019-09-08,Autodromo Nazionale di Monza,Charles Leclerc,LEC,Ferrari,4.330816116103886,2,18,0,18
2019,14,Italian Grand Prix,2019-09-08,Autodromo Nazionale di Monza,Max Verstappen,VER,Red Bull,4.45519830301516,3,15,0,15
2019,14,Italian Grand Prix,2019-09-08,Autodromo Nazionale di Monza,Valtteri Bottas,BOT,Mercedes,4.663842747683872,4,12,0,12
2019,14,Italian Grand Prix,2019-09-08,Autodromo Nazionale di Monza,Sebastian Vettel,VET,Ferrari,5.427034979624057,5,10,0,10
2019,14,Italian Grand Prix,2019-09-08,Autodromo Nazionale di Monza,Alexander Albon,ALB,Red Bull,7.664804041230051,6,8,0,8
2019,14,Italian Grand Prix,2019-09-08,Autodromo Nazionale di Monza,Daniil Kvyat,KVY,Toro Rosso,9.84728867350089,7,6,0,6
2019,14,Italian Grand Prix,2019-09-08,Autodromo Nazionale di Monza,Carlos Sainz,SAI,McLaren,10.036426088436771,8,4,0,4
2019,14,Italian Grand Prix,2019-09-08,Autodromo Nazionale di Monza,Pierre Gasly,GAS,Toro Rosso,10.155989294276992,9,2,0,2
2019,14,Italian Grand Prix,2019-09-08,Autodromo Nazionale di Monza,Sergio Pérez,PER,Racing Point,10.319267890450291,10,1,0,1
2019,14,Italian Grand Prix,2019-09-08,Autodromo Nazionale di Monza,Lando Norris,NOR,McLaren,10.600071582989976,11,0,0,0
2019,14,Italian Grand Prix,2019-09-08,Autodromo Nazionale di Monza,Kimi Räikkönen,RAI,Alfa Romeo,11.48597644271176,12,0,0,0
2019,14,Italian Grand Prix,2019-09-08,Autodromo Nazionale di Monza,Lance Stroll,STR,Racing Point,11.806976358431037,13,0,0,0
2019,14,Italian Grand Prix,2019-09-08,Autodromo Nazionale di Monza,Nico Hülkenberg,HUL,Renault,12.273860123090838,14,0,0,0
2019,14,Italian Grand Prix,2019-09-08,Autodromo Nazionale di Monza,Daniel Ricciardo,RIC,Renault,12.285927584548729,15,0,0,0
2019,14,Italian Grand Prix,2019-09-08,Autodromo Nazionale di Monza,Romain Grosjean,GRO,Haas F1 Team,13.718445646030249,16,0,0,0
2019,14,Italian Grand Prix,2019-09-08,Autodromo Nazionale di Monza,Kevin Magnussen,MAG,Haas F1 Team,13.81080868321808,17,0,0,0
2019,14,Italian Grand Prix,2019-09-08,Autodromo Nazionale di Monza,Antonio Giovinazzi,GIO,Alfa Romeo,13.94446495312812,18,0,0,0
2019,14,Italian Grand Prix,2019-09-08,Autodromo Nazionale di Monza,George Russell,RUS,Williams,15.051545659535163,19,0,0,0
2019,14,Italian Grand Prix,2019-09-08,Autodromo Nazionale di Monza,Robert Kubica,KUB,Williams,15.367927161846389,20,0,0,0
2019,15,Singapore Grand Prix,2019-09-22,Marina Bay Street Circuit,Lewis Hamilton,HAM,Mercedes,2.9858620275319088,1,25,0,25
2019,15,Singapore Grand Prix,2019-09-22,Marina Bay Street Circuit,Charles Leclerc,LEC,Ferrari,4.410827139121475,2,18,0,18
2019,15,Singapore Grand Prix,2019-09-22,Marina Bay Street Circuit,Valtteri Bottas,BOT,Mercedes,4.804922943875895,3,15,0,15
2019,15,Singapore Grand Prix,2019-09-22,Marina Bay Street Circuit,Max Verstappen,VER,Red Bull,5.079611206453716,4,12,0,12
2019,15,Singapore Grand Prix,2019-09-22,Marina Bay Street Circuit,Sebastian Vettel,VET,Ferrari,5.230020357011954,5,10,0,10
2019,15,Singapore Grand Prix,2019-09-22,Marina Bay Street Circuit,Alexander Albon,ALB,Red Bull,7.325823549812753,6,8,0,8
2019,15,Singapore Grand Prix,2019-09-22,Marina Bay Street Circuit,Lando Norris,NOR,McLaren,9.753468225833211,7,6,0,6
2019,15,Singapore Grand Prix,2019-09-22,Marina Bay Street Circuit,Carlos Sainz,SAI,McLaren,9.79094548588846,8,4,0,4
2019,15,Singapore Grand Prix,2019-09-22,Marina Bay Street Circuit,Daniel Ricciardo,RIC,Renault,10.242521638086515,9,2,0,2
2019,15,Singapore Grand Prix,2019-09-22,Marina Bay Street Circuit,Daniil Kvyat,KVY,Toro Rosso,10.270267308488556,10,1,0,1
2019,15,Singapore Grand Prix,2019-09-22,Marina Bay Street Circuit,Pierre Gasly,GAS,Toro Rosso,10.64408556645308,11,0,0,0
2019,15,Singapore Grand Prix,2019-09-22,Marina Bay Street Circuit,Sergio Pérez,PER,Racing Point,10.739026657982238,12,0,0,0
2019,15,Singapore Grand Prix,2019-09-22,Marina Bay Street Circuit,Nico Hülkenberg,HUL,Renault,11.175550727586328,13,0,0,0
2019,15,Singapore Grand Prix,2019-09-22,Marina Bay Street Circuit,Kimi Räikkönen,RAI,Alfa Romeo,12.164872820762756,14,0,0,0
2019,15,Singapore Grand Prix,2019-09-22,Marina Bay Street Circuit,Lance Stroll,STR,Racing Point,12.244463246632106,15,0,0,0
2019,15,Singapore Grand Prix,2019-09-22,Marina Bay Street Circuit,Antonio Giovinazzi,GIO,Alfa Romeo,13.756993765795874,16,0,0,0
2019,15,Singapore Grand Prix,2019-09-22,Marina Bay Street Circuit,Romain Grosjean,GRO,Haas F1 Team,13.909644648262972,17,0,0,0
2019,15,Singapore Grand Prix,2019-09-22,Marina Bay Street Circuit,Kevin Magnussen,MAG,Haas F1 Team,14.004168220993318,18,0,0,0
2019,15,Singapore Grand Prix,2019-09-22,Marina Bay Street Circuit,George Russell,RUS,Williams,14.769294011354187,19,0,0,0
2019,15,Singapore Grand Prix,2019-09-22,Marina Bay Street Circuit,Robert Kubica,KUB,Williams,15.303564813295136,20,0,0,0
2019,16,Russian Grand Prix,2019-09-29,Sochi Autodrom,Lewis Hamilton,HAM,Mercedes,3.1787030301985326,1,25,0,25
2019,16,Russian Grand Prix,2019-09-29,Sochi Autodrom,Charles Leclerc,LEC,Ferrari,4.192437135374056,2,18,0,18
2019,16,Russian Grand Prix,2019-09-29,Sochi Autodrom,Sebastian Vettel,VET,Ferrari,4.242046170261933,3,15,0,15
2019,16,Russian Grand Prix,2019-09-29,Sochi Autodrom,Max Verstappen,VER,Red Bull,4.510745201552609,4,12,0,12
2019,16,Russian Grand Prix,2019-09-29,Sochi Autodrom,Valtteri Bottas,BOT,Mercedes,4.67244081012431,5,10,0,10
2019,16,Russian Grand Prix,2019-09-29,Sochi Autodrom,Alexander Albon,ALB,Red Bull,7.322940368888985,6,8,0,8
2019,16,Russian Grand Prix,2019-09-29,Sochi Autodrom,Lando Norris,NOR,McLaren,10.483015358891102,7,6,0,6
2019,16,Russian Grand Prix,2019-09-29,Sochi Autodrom,Daniil Kvyat,KVY,Toro Rosso,10.990386817220962,8,4,0,4
2019,16,Russian Grand Prix,2019-09-29,Sochi Autodrom,Sergio Pérez,PER,Racing Point,11.062693420748372,9,2,0,2
2019,16,Russian Grand Prix,2019-09-29,Sochi Autodrom,Pierre Gasly,GAS,Toro Rosso,11.168177888498231,10,1,0,1
2019,16,Russian Grand Prix,2019-09-29,Sochi Autodrom,Carlos Sainz,SAI,McLaren,11.24332717238266,11,0,0,0
2019,16,Russian Grand Prix,2019-09-29,Sochi Autodrom,Kimi Räikkönen,RAI,Alfa Romeo,11.925248062055353,12,0,0,0
2019,16,Russian Grand Prix,2019-09-29,Sochi Autodrom,Lance Stroll,STR,Racing Point,12.284723667115216,13,0,0,0
2019,16,Russian Grand Prix,2019-09-29,Sochi Autodrom,Nico Hülkenberg,HUL,Renault,12.303338335499234,14,0,0,0
2019,16,Russian Grand Prix,2019-09-29,Sochi Autodrom,Daniel Ricciardo,RIC,Renault,12.357349438112529,15,0,0,0
2019,16,Russian Grand Prix,2019-09-29,Sochi Autodrom,Romain Grosjean,GRO,Haas F1 Team,12.801820736248436,16,0,0,0
2019,16,Russian Grand Prix,2019-09-29,Sochi Autodrom,Kevin Magnussen,MAG,Haas F1 Team,13.010645124116394,17,0,0,0
2019,16,Russian Grand Prix,2019-09-29,Sochi Autodrom,Antonio Giovinazzi,GIO,Alfa Romeo,13.55856806356611,18,0,0,0
2019,16,Russian Grand Prix,2019-09-29,Sochi Autodrom,George Russell,RUS,Williams,14.84462281950354,19,0,0,0
2019,16,Russian Grand Prix,2019-09-29,Sochi Autodrom,Robert Kubica,KUB,Williams,15.367927161846389,20,0,0,0
2019,17,Japanese Grand Prix,2019-10-13,Suzuka Circuit,Lewis Hamilton,HAM,Mercedes,2.819406210558173,1,25,0,25
2019,17,Japanese Grand Prix,2019-10-13,Suzuka Circuit,Valtteri Bottas,BOT,Mercedes,3.72168101571926,2,18,0,18
2019,17,Japanese Grand Prix,2019-10-13,Suzuka Circuit,Charles Leclerc,LEC,Ferrari,4.324665561773591,3,15,0,15
2019,17,Japanese Grand Prix,2019-10-13,Suzuka Circuit,Max Verstappen,VER,Red Bull,4.883364290417321,4,12,0,12
2019,17,Japanese Grand Prix,2019-10-13,Suzuka Circuit,Sebastian Vettel,VET,Ferrari,5.212948979849848,5,10,0,10
2019,17,Japanese Grand Prix,2019-10-13,Suzuka Circuit,Alexander Albon,ALB,Red Bull,7.241818348109132,6,8,0,8
2019,17,Japanese Grand Prix,2019-10-13,Suzuka Circuit,Sergio Pérez,PER,Racing Point,10.145617218379114,7,6,0,6
2019,17,Japanese Grand Prix,2019-10-13,Suzuka Circuit,Carlos Sainz,SAI,McLaren,10.547161605307704,8,4,0,4
2019,17,Japanese Grand Prix,2019-10-13,Suzuka Circuit,Lando Norris,NOR,McLaren,10.598058163809426,9,2,0,2
2019,17,Japanese Grand Prix,2019-10-13,Suzuka Circuit,Daniel Ricciardo,RIC,Renault,11.301392401431787,10,1,0,1
2019,17,Japanese Grand Prix,2019-10-13,Suzuka Circuit,Kimi Räikkönen,RAI,Alfa Romeo,11.66752617572886,11,0,0,0
2019,17,Japanese Grand Prix,2019-10-13,Suzuka Circuit,Nico Hülkenberg,HUL,Renault,11.956849664409182,12,0,0,0
2019,17,Japanese Grand Prix,2019-10-13,Suzuka Circuit,Daniil Kvyat,KVY,Toro Rosso,12.572871129595768,13,0,0,0
2019,17,Japanese Grand Prix,2019-10-13,Suzuka Circuit,Pierre Gasly,GAS,Toro Rosso,12.589711633526392,14,0,0,0
2019,17,Japanese Grand Prix,2019-10-13,Suzuka Circuit,Lance Stroll,STR,Racing Point,13.097709635857212,15,0,0,0
2019,17,Japanese Grand Prix,2019-10-13,Suzuka Circuit,Antonio Giovinazzi,GIO,Alfa Romeo,13.64430661604231,16,0,0,0
2019,17,Japanese Grand Prix,2019-10-13,Suzuka Circuit,Kevin Magnussen,MAG,Haas F1 Team,14.029375426984428,17,0,0,0
2019,17,Japanese Grand Prix,2019-10-13,Suzuka Circuit,Romain Grosjean,GRO,Haas F1 Team,14.47180115485608,18,0,0,0
2019,17,Japanese Grand Prix,2019-10-13,Suzuka Circuit,George Russell,RUS,Williams,15.882565015467732,19,0,0,0
2019,17,Japanese Grand Prix,2019-10-13,Suzuka Circuit,Robert Kubica,KUB,Williams,16.198946517778975,20,0,0,0
2019,18,Mexican Grand Prix,2019-10-27,Autódromo Hermanos Rodríguez,Lewis Hamilton,HAM,Mercedes,2.71658384207056,1,25,0,25
2019,18,Mexican Grand Prix,2019-10-27,Autódromo Hermanos Rodríguez,Valtteri Bottas,BOT,Mercedes,3.1780643865840577,2,18,0,18
2019,18,Mexican Grand Prix,2019-10-27,Autódromo Hermanos Rodríguez,Charles Leclerc,LEC,Ferrari,4.201936741545154,3,15,0,15
2019,18,Mexican Grand Prix,2019-10-27,Autódromo Hermanos Rodríguez,Sebastian Vettel,VET,Ferrari,5.15716880099078,4,12,0,12
2019,18,Mexican Grand Prix,2019-10-27,Autódromo Hermanos Rodríguez,Max Verstappen,VER,Red Bull,6.296628794694377,5,10,0,10
2019,18,Mexican Grand Prix,2019-10-27,Autódromo Hermanos Rodríguez,Alexander Albon,ALB,Red Bull,6.738736235150505,6,8,0,8
2019,18,Mexican Grand Prix,2019-10-27,Autódromo Hermanos Rodríguez,Sergio Pérez,PER,Racing Point,9.793103194396725,7,6,0,6
2019,18,Mexican Grand Prix,2019-10-27,Autódromo Hermanos Rodríguez,Carlos Sainz,SAI,McLaren,11.2674152977561,8,4,0,4
2019,18,Mexican Grand Prix,2019-10-27,Autódromo Hermanos Rodríguez,Pierre Gasly,GAS,Toro Rosso,11.857279989501295,9,2,0,2
2019,18,Mexican Grand Prix,2019-10-27,Autódromo Hermanos Rodríguez,Lando Norris,NOR,McLaren,11.908235192675392,10,1,0,1
2019,18,Mexican Grand Prix,2019-10-27,Autódromo Hermanos Rodríguez,Nico Hülkenberg,HUL,Renault,11.95306520777434,11,0,0,0
2019,18,Mexican Grand Prix,2019-10-27,Autódromo Hermanos Rodríguez,Daniil Kvyat,KVY,Toro Rosso,12.205297640361952,12,0,0,0
2019,18,Mexican Grand Prix,2019-10-27,Autódromo Hermanos Rodríguez,Daniel Ricciardo,RIC,Renault,12.321793076736284,13,0,0,0
2019,18,Mexican Grand Prix,2019-10-27,Autódromo Hermanos Rodríguez,Lance Stroll,STR,Racing Point,12.336525201848644,14,0,0,0
2019,18,Mexican Grand Prix,2019-10-27,Autódromo Hermanos Rodríguez,Kimi Räikkönen,RAI,Alfa Romeo,13.132566791362985,15,0,0,0
2019,18,Mexican Grand Prix,2019-10-27,Autódromo Hermanos Rodríguez,Antonio Giovinazzi,GIO,Alfa Romeo,13.74749350789489,16,0,0,0
2019,18,Mexican Grand Prix,2019-10-27,Autódromo Hermanos Rodríguez,Kevin Magnussen,MAG,Haas F1 Team,14.208607048456582,17,0,0,0
2019,18,Mexican Grand Prix,2019-10-27,Autódromo Hermanos Rodríguez,Romain Grosjean,GRO,Haas F1 Team,14.221879055902756,18,0,0,0
2019,18,Mexican Grand Prix,2019-10-27,Autódromo Hermanos Rodríguez,George Russell,RUS,Williams,15.842304594984622,19,0,0,0
2019,18,Mexican Grand Prix,2019-10-27,Autódromo Hermanos Rodríguez,Robert Kubica,KUB,Williams,16.158686097295867,20,0,0,0
2019,19,United States Grand Prix,2019-11-03,Circuit of the Americas,Lewis Hamilton,HAM,Mercedes,2.6880856935285227,1,25,0,25
2019,19,United States Grand Prix,2019-11-03,Circuit of the Americas,Valtteri Bottas,BOT,Mercedes,3.3876820460339734,2,18,0,18
2019,19,United States Grand Prix,2019-11-03,Circuit of the Americas,Charles Leclerc,LEC,Ferrari,4.476346007396042,3,15,0,15
2019,19,United States Grand Prix,2019-11-03,Circuit of the Americas,Sebastian Vettel,VET,Ferrari,5.274303405674212,4,12,0,12
2019,19,United States Grand Prix,2019-11-03,Circuit of the Americas,Max Verstappen,VER,Red Bull,5.718942063484538,5,10,0,10
2019,19,United States Grand Prix,2019-11-03,Circuit of the Americas,Alexander Albon,ALB,Red Bull,6.738736235150505,6,8,0,8
2019,19,United States Grand Prix,2019-11-03,Circuit of the Americas,Sergio Pérez,PER,Racing Point,10.117164637319652,7,6,0,6
2019,19,United States Grand Prix,2019-11-03,Circuit of the Americas,Carlos Sainz,SAI,McLaren,10.902738475463892,8,4,0,4
2019,19,United States Grand Prix,2019-11-03,Circuit of the Americas,Daniel Ricciardo,RIC,Renault,11.911523168457189,9,2,0,2
2019,19,United States Grand Prix,2019-11-03,Circuit of the Americas,Lando Norris,NOR,McLaren,11.943788908197488,10,1,0,1
2019,19,United States Grand Prix,2019-11-03,Circuit of the Americas,Nico Hülkenberg,HUL,Renault,12.318725542254814,11,0,0,0
2019,19,United States Grand Prix,2019-11-03,Circuit of the Americas,Pierre Gasly,GAS,Toro Rosso,12.458259979680763,12,0,0,0
2019,19,United States Grand Prix,2019-11-03,Circuit of the Americas,Lance Stroll,STR,Racing Point,12.698435893962024,13,0,0,0
2019,19,United States Grand Prix,2019-11-03,Circuit of the Americas,Daniil Kvyat,KVY,Toro Rosso,13.170210124162272,14,0,0,0
2019,19,United States Grand Prix,2019-11-03,Circuit of the Americas,Antonio Giovinazzi,GIO,Alfa Romeo,13.787753928378,15,0,0,0
2019,19,United States Grand Prix,2019-11-03,Circuit of the Americas,Kimi Räikkönen,RAI,Alfa Romeo,13.944467693506397,16,0,0,0
2019,19,United States Grand Prix,2019-11-03,Circuit of the Americas,Kevin Magnussen,MAG,Haas F1 Team,14.523622900481278,17,0,0,0
2019,19,United States Grand Prix,2019-11-03,Circuit of the Americas,Romain Grosjean,GRO,Haas F1 Team,14.735590126799568,18,0,0,0
2019,19,United States Grand Prix,2019-11-03,Circuit of the Americas,George Russell,RUS,Williams,15.882565015467732,19,0,0,0
2019,19,United States Grand Prix,2019-11-03,Circuit of the Americas,Robert Kubica,KUB,Williams,16.18285375380269,20,0,0,0
2019,20,Brazilian Grand Prix,2019-11-17,Autódromo José Carlos Pace,Lewis Hamilton,HAM,Mercedes,2.817228214449478,1,25,0,25
2019,20,Brazilian Grand Prix,2019-11-17,Autódromo José Carlos Pace,Valtteri Bottas,BOT,Mercedes,3.2502106104209374,2,18,0,18
2019,20,Brazilian Grand Prix,2019-11-17,Autódromo José Carlos Pace,Charles Leclerc,LEC,Ferrari,4.7900490445390345,3,15,0,15
2019,20,Brazilian Grand Prix,2019-11-17,Autódromo José Carlos Pace,Max Verstappen,VER,Red Bull,4.912585576653063,4,12,0,12
2019,20,Brazilian Grand Prix,2019-11-17,Autódromo José Carlos Pace,Sebastian Vettel,VET,Ferrari,5.093012755268671,5,10,0,10
2019,20,Brazilian Grand Prix,2019-11-17,Autódromo José Carlos Pace,Alexander Albon,ALB,Red Bull,6.4316344590471495,6,8,0,8
2019,20,Brazilian Grand Prix,2019-11-17,Autódromo José Carlos Pace,Carlos Sainz,SAI,McLaren,10.296151392721177,7,6,0,6
2019,20,Brazilian Grand Prix,2019-11-17,Autódromo José Carlos Pace,Lando Norris,NOR,McLaren,10.73114985825183,8,4,0,4
2019,20,Brazilian Grand Prix,2019-11-17,Autódromo José Carlos Pace,Sergio Pérez,PER,Racing Point,11.148513598026929,9,2,0,2
2019,20,Brazilian Grand Prix,2019-11-17,Autódromo José Carlos Pace,Daniel Ricciardo,RIC,Renault,11.567962626866516,10,1,0,1
2019,20,Brazilian Grand Prix,2019-11-17,Autódromo José Carlos Pace,Nico Hülkenberg,HUL,Renault,12.44208055869326,11,0,0,0
2019,20,Brazilian Grand Prix,2019-11-17,Autódromo José Carlos Pace,Pierre Gasly,GAS,Toro Rosso,12.484166616165858,12,0,0,0
2019,20,Brazilian Grand Prix,2019-11-17,Autódromo José Carlos Pace,Kimi Räikkönen,RAI,Alfa Romeo,12.579914025388844,13,0,0,0
2019,20,Brazilian Grand Prix,2019-11-17,Autódromo José Carlos Pace,Lance Stroll,STR,Racing Point,12.834870222754766,14,0,0,0
2019,20,Brazilian Grand Prix,2019-11-17,Autódromo José Carlos Pace,Daniil Kvyat,KVY,Toro Rosso,13.145791691667982,15,0,0,0
2019,20,Brazilian Grand Prix,2019-11-17,Autódromo José Carlos Pace,Antonio Giovinazzi,GIO,Alfa Romeo,14.217985277900096,16,0,0,0
2019,20,Brazilian Grand Prix,2019-11-17,Autódromo José Carlos Pace,Kevin Magnussen,MAG,Haas F1 Team,14.38630165604188,17,0,0,0
2019,20,Brazilian Grand Prix,2019-11-17,Autódromo José Carlos Pace,Romain Grosjean,GRO,Haas F1 Team,14.671227778248314,18,0,0,0
2019,20,Brazilian Grand Prix,2019-11-17,Autódromo José Carlos Pace,George Russell,RUS,Williams,15.81820266691648,19,0,0,0
2019,20,Brazilian Grand Prix,2019-11-17,Autódromo José Carlos Pace,Robert Kubica,KUB,Williams,16.11849140525143,20,0,0,0
2019,21,Abu Dhabi Grand Prix,2019-12-01,Yas Marina Circuit,Lewis Hamilton,HAM,Mercedes,2.71658384207056,1,25,0,25
2019,21,Abu Dhabi Grand Prix,2019-12-01,Yas Marina Circuit,Valtteri Bottas,BOT,Mercedes,3.848534943334316,2,18,0,18
2019,21,Abu Dhabi Grand Prix,2019-12-01,Yas Marina Circuit,Max Verstappen,VER,Red Bull,4.820539266714583,3,15,0,15
2019,21,Abu Dhabi Grand Prix,2019-12-01,Yas Marina Circuit,Charles Leclerc,LEC,Ferrari,5.962873940157284,4,12,0,12
2019,21,Abu Dhabi Grand Prix,2019-12-01,Yas Marina Circuit,Sebastian Vettel,VET,Ferrari,6.559917244194726,5,10,0,10
2019,21,Abu Dhabi Grand Prix,2019-12-01,Yas Marina Circuit,Alexander Albon,ALB,Red Bull,6.588462530996195,6,8,0,8
2019,21,Abu Dhabi Grand Prix,2019-12-01,Yas Marina Circuit,Carlos Sainz,SAI,McLaren,8.210871510547033,7,6,0,6
2019,21,Abu Dhabi Grand Prix,2019-12-01,Yas Marina Circuit,Lando Norris,NOR,McLaren,9.214134620746544,8,4,0,4
2019,21,Abu Dhabi Grand Prix,2019-12-01,Yas Marina Circuit,Sergio Pérez,PER,Racing Point,9.720767298415316,9,2,0,2
2019,21,Abu Dhabi Grand Prix,2019-12-01,Yas Marina Circuit,Pierre Gasly,GAS,Toro Rosso,10.615285794763905,10,1,0,1
2019,21,Abu Dhabi Grand Prix,2019-12-01,Yas Marina Circuit,Daniel Ricciardo,RIC,Renault,10.767859091329788,11,0,0,0
2019,21,Abu Dhabi Grand Prix,2019-12-01,Yas Marina Circuit,Kimi Räikkönen,RAI,Alfa Romeo,11.60072196157672,12,0,0,0
2019,21,Abu Dhabi Grand Prix,2019-12-01,Yas Marina Circuit,Antonio Giovinazzi,GIO,Alfa Romeo,12.337507373307696,13,0,0,0
2019,21,Abu Dhabi Grand Prix,2019-12-01,Yas Marina Circuit,Nico Hülkenberg,HUL,Renault,12.667433314801576,14,0,0,0
2019,21,Abu Dhabi Grand Prix,2019-12-01,Yas Marina Circuit,Daniil Kvyat,KVY,Toro Rosso,12.696249496986608,15,0,0,0
2019,21,Abu Dhabi Grand Prix,2019-12-01,Yas Marina Circuit,Lance Stroll,STR,Racing Point,13.01997025891555,16,0,0,0
2019,21,Abu Dhabi Grand Prix,2019-12-01,Yas Marina Circuit,Kevin Magnussen,MAG,Haas F1 Team,14.029375426984428,17,0,0,0
2019,21,Abu Dhabi Grand Prix,2019-12-01,Yas Marina Circuit,Romain Grosjean,GRO,Haas F1 Team,14.404909344584931,18,0,0,0
2019,21,Abu Dhabi Grand Prix,2019-12-01,Yas Marina Circuit,George Russell,RUS,Williams,15.608750365164958,19,0,0,0
2019,21,Abu Dhabi Grand Prix,2019-12-01,Yas Marina Circuit,Robert Kubica,KUB,Williams,16.198946517778975,20,0,0,0
2020,1,Austrian Grand Prix,2020-07-05,Red Bull Ring,Lewis Hamilton,HAM,Mercedes,2.6832578185412834,1,25,0,25
2020,1,Austrian Grand Prix,2020-07-05,Red Bull Ring,Valtteri Bottas,BOT,Mercedes,3.2878207462367928,2,18,0,18
2020,1,Austrian Grand Prix,2020-07-05,Red Bull Ring,Max Verstappen,VER,Red Bull,4.415166970013339,3,15,0,15
2020,1,Austrian Grand Prix,2020-07-05,Red Bull Ring,Sebastian Vettel,VET,Ferrari,5.513299137593676,4,12,0,12
2020,1,Austrian Grand Prix,2020-07-05,Red Bull Ring,Charles Leclerc,LEC,Ferrari,5.587327793421538,5,10,0,10
2020,1,Austrian Grand Prix,2020-07-05,Red Bull Ring,Alexander Albon,ALB,Red Bull,6.731856273138203,6,8,0,8
2020,1,Austrian Grand Prix,2020-07-05,Red Bull Ring,Lando Norris,NOR,McLaren,8.883946175597217,7,6,0,6
2020,1,Austrian Grand Prix,2020-07-05,Red Bull Ring,Carlos Sainz,SAI,McLaren,9.000966850559498,8,4,0,4
2020,1,Austrian Grand Prix,2020-07-05,Red Bull Ring,Sergio Pérez,PER,Racing Point,10.453236642471175,9,2,0,2
2020,1,Austrian Grand Prix,2020-07-05,Red Bull Ring,Pierre Gasly,GAS,AlphaTauri,10.821367172174034,10,1,0,1
2020,1,Austrian Grand Prix,2020-07-05,Red Bull Ring,Daniel Ricciardo,RIC,Renault,11.317348464281554,11,0,0,0
2020,1,Austrian Grand Prix,2020-07-05,Red Bull Ring,Kimi Räikkönen,RAI,Alfa Romeo,11.69883482108053,12,0,0,0
2020,1,Austrian Grand Prix,2020-07-05,Red Bull Ring,Esteban Ocon,OCO,Renault,11.985838897117722,13,0,0,0
2020,1,Austrian Grand Prix,2020-07-05,Red Bull Ring,Antonio Giovinazzi,GIO,Alfa Romeo,12.591807779430068,14,0,0,0
2020,1,Austrian Grand Prix,2020-07-05,Red Bull Ring,Daniil Kvyat,KVY,AlphaTauri,12.693593390835415,15,0,0,0
2020,1,Austrian Grand Prix,2020-07-05,Red Bull Ring,Lance Stroll,STR,Racing Point,12.790414767880304,16,0,0,0
2020,1,Austrian Grand Prix,2020-07-05,Red Bull Ring,Romain Grosjean,GRO,Haas F1 Team,14.648253807430043,17,0,0,0
2020,1,Austrian Grand Prix,2020-07-05,Red Bull Ring,Nicholas Latifi,LAT,Williams,14.693532198491392,18,0,0,0
2020,1,Austrian Grand Prix,2020-07-05,Red Bull Ring,Kevin Magnussen,MAG,Haas F1 Team,14.70320074652993,19,0,0,0
2020,1,Austrian Grand Prix,2020-07-05,Red Bull Ring,George Russell,RUS,Williams,15.68613804709532,20,0,0,0
2020,2,Styrian Grand Prix,2020-07-12,Red Bull Ring,Lewis Hamilton,HAM,Mercedes,2.896531655181665,1,25,0,25
2020,2,Styrian Grand Prix,2020-07-12,Red Bull Ring,Valtteri Bottas,BOT,Mercedes,3.5010945828771742,2,18,0,18
2020,2,Styrian Grand Prix,2020-07-12,Red Bull Ring,Max Verstappen,VER,Red Bull,4.748410425407613,3,15,0,15
2020,2,Styrian Grand Prix,2020-07-12,Red Bull Ring,Charles Leclerc,LEC,Ferrari,5.950881792852758,4,12,0,12
2020,2,Styrian Grand Prix,2020-07-12,Red Bull Ring,Sebastian Vettel,VET,Ferrari,6.965024013090161,5,10,0,10
2020,2,Styrian Grand Prix,2020-07-12,Red Bull Ring,Lando Norris,NOR,McLaren,7.063219937613514,6,8,0,8
2020,2,Styrian Grand Prix,2020-07-12,Red Bull Ring,Alexander Albon,ALB,Red Bull,7.71754780044359,7,6,0,6
2020,2,Styrian Grand Prix,2020-07-12,Red Bull Ring,Carlos Sainz,SAI,McLaren,8.07912147337875,8,4,0,4
2020,2,Styrian Grand Prix,2020-07-12,Red Bull Ring,Sergio Pérez,PER,Racing Point,9.644136044200076,9,2,0,2
2020,2,Styrian Grand Prix,2020-07-12,Red Bull Ring,Pierre Gasly,GAS,AlphaTauri,10.27259556647344,10,1,0,1
2020,2,Styrian Grand Prix,2020-07-12,Red Bull Ring,Esteban Ocon,OCO,Renault,11.637402840537892,11,0,0,0
2020,2,Styrian Grand Prix,2020-07-12,Red Bull Ring,Daniel Ricciardo,RIC,Renault,11.639447670303442,12,0,0,0
2020,2,Styrian Grand Prix,2020-07-12,Red Bull Ring,Kimi Räikkönen,RAI,Alfa Romeo,12.083996076434206,13,0,0,0
2020,2,Styrian Grand Prix,2020-07-12,Red Bull Ring,Antonio Giovinazzi,GIO,Alfa Romeo,12.609245235050151,14,0,0,0
2020,2,Styrian Grand Prix,2020-07-12,Red Bull Ring,Daniil Kvyat,KVY,AlphaTauri,12.704880678431362,15,0,0,0
2020,2,Styrian Grand Prix,2020-07-12,Red Bull Ring,Lance Stroll,STR,Racing Point,13.303495990808614,16,0,0,0
2020,2,Styrian Grand Prix,2020-07-12,Red Bull Ring,Romain Grosjean,GRO,Haas F1 Team,14.892945698427766,17,0,0,0
2020,2,Styrian Grand Prix,2020-07-12,Red Bull Ring,Kevin Magnussen,MAG,Haas F1 Team,14.933779530158915,18,0,0,0
2020,2,Styrian Grand Prix,2020-07-12,Red Bull Ring,Nicholas Latifi,LAT,Williams,15.47643016255158,19,0,0,0
2020,2,Styrian Grand Prix,2020-07-12,Red Bull Ring,George Russell,RUS,Williams,15.56912957885321,20,0,0,0
2020,3,Hungarian Grand Prix,2020-07-19,Hungaroring,Lewis Hamilton,HAM,Mercedes,2.8320956945574336,1,25,0,25
2020,3,Hungarian Grand Prix,2020-07-19,Hungaroring,Valtteri Bottas,BOT,Mercedes,3.4926845974387866,2,18,0,18
2020,3,Hungarian Grand Prix,2020-07-19,Hungaroring,Max Verstappen,VER,Red Bull,4.143482997604571,3,15,0,15
2020,3,Hungarian Grand Prix,2020-07-19,Hungaroring,Lando Norris,NOR,McLaren,6.300896971374117,4,12,0,12
2020,3,Hungarian Grand Prix,2020-07-19,Hungaroring,Charles Leclerc,LEC,Ferrari,7.073976820893719,5,10,0,10
2020,3,Hungarian Grand Prix,2020-07-19,Hungaroring,Alexander Albon,ALB,Red Bull,7.341210756568333,6,8,0,8
2020,3,Hungarian Grand Prix,2020-07-19,Hungaroring,Carlos Sainz,SAI,McLaren,7.634070097009713,7,6,0,6
2020,3,Hungarian Grand Prix,2020-07-19,Hungaroring,Sebastian Vettel,VET,Ferrari,8.073679998752974,8,4,0,4
2020,3,Hungarian Grand Prix,2020-07-19,Hungaroring,Sergio Pérez,PER,Racing Point,9.051070863990242,9,2,0,2
2020,3,Hungarian Grand Prix,2020-07-19,Hungaroring,Pierre Gasly,GAS,AlphaTauri,10.157001611665308,10,1,0,1
2020,3,Hungarian Grand Prix,2020-07-19,Hungaroring,Daniel Ricciardo,RIC,Renault,10.4578590034838,11,0,0,0
2020,3,Hungarian Grand Prix,2020-07-19,Hungaroring,Kimi Räikkönen,RAI,Alfa Romeo,11.1085344785367,12,0,0,0
2020,3,Hungarian Grand Prix,2020-07-19,Hungaroring,Lance Stroll,STR,Racing Point,11.396386983810658,13,0,0,0
2020,3,Hungarian Grand Prix,2020-07-19,Hungaroring,Antonio Giovinazzi,GIO,Alfa Romeo,12.618271912313622,14,0,0,0
2020,3,Hungarian Grand Prix,2020-07-19,Hungaroring,Daniil Kvyat,KVY,AlphaTauri,12.682444962918034,15,0,0,0
2020,3,Hungarian Grand Prix,2020-07-19,Hungaroring,Esteban Ocon,OCO,Renault,12.85535946104816,16,0,0,0
2020,3,Hungarian Grand Prix,2020-07-19,Hungaroring,Kevin Magnussen,MAG,Haas F1 Team,14.429386096227155,17,0,0,0
2020,3,Hungarian Grand Prix,2020-07-19,Hungaroring,Romain Grosjean,GRO,Haas F1 Team,14.44955858855793,18,0,0,0
2020,3,Hungarian Grand Prix,2020-07-19,Hungaroring,George Russell,RUS,Williams,15.68613804709532,19,0,0,0
2020,3,Hungarian Grand Prix,2020-07-19,Hungaroring,Nicholas Latifi,LAT,Williams,15.796449238271542,20,0,0,0
2020,4,British Grand Prix,2020-08-02,Silverstone Circuit,Lewis Hamilton,HAM,Mercedes,2.8320956945574336,1,25,0,25
2020,4,British Grand Prix,2020-08-02,Silverstone Circuit,Valtteri Bottas,BOT,Mercedes,3.445256684693382,2,18,0,18
2020,4,British Grand Prix,2020-08-02,Silverstone Circuit,Max Verstappen,VER,Red Bull,4.600604426171979,3,15,0,15
2020,4,British Grand Prix,2020-08-02,Silverstone Circuit,Alexander Albon,ALB,Red Bull,7.325823549812753,4,12,0,12
2020,4,British Grand Prix,2020-08-02,Silverstone Circuit,Charles Leclerc,LEC,Ferrari,7.767169360054055,5,10,0,10
2020,4,British Grand Prix,2020-08-02,Silverstone Circuit,Sebastian Vettel,VET,Ferrari,7.784537736888987,6,8,0,8
2020,4,British Grand Prix,2020-08-02,Silverstone Circuit,Lando Norris,NOR,McLaren,7.828807273424871,7,6,0,6
2020,4,British Grand Prix,2020-08-02,Silverstone Circuit,Carlos Sainz,SAI,McLaren,7.955848754198794,8,4,0,4
2020,4,British Grand Prix,2020-08-02,Silverstone Circuit,Lance Stroll,STR,Racing Point,9.955793602752516,9,2,0,2
2020,4,British Grand Prix,2020-08-02,Silverstone Circuit,Nico Hülkenberg,HUL,Racing Point,10.006037318149314,10,1,0,1
2020,4,British Grand Prix,2020-08-02,Silverstone Circuit,Pierre Gasly,GAS,AlphaTauri,10.810515229421943,11,0,0,0
2020,4,British Grand Prix,2020-08-02,Silverstone Circuit,Daniel Ricciardo,RIC,Renault,11.111760531605464,12,0,0,0
2020,4,British Grand Prix,2020-08-02,Silverstone Circuit,Esteban Ocon,OCO,Renault,11.99791593907728,13,0,0,0
2020,4,British Grand Prix,2020-08-02,Silverstone Circuit,Kimi Räikkönen,RAI,Alfa Romeo,12.03078972483358,14,0,0,0
2020,4,British Grand Prix,2020-08-02,Silverstone Circuit,Antonio Giovinazzi,GIO,Alfa Romeo,12.68893433182504,15,0,0,0
2020,4,British Grand Prix,2020-08-02,Silverstone Circuit,Daniil Kvyat,KVY,AlphaTauri,12.911442859427924,16,0,0,0
2020,4,British Grand Prix,2020-08-02,Silverstone Circuit,Kevin Magnussen,MAG,Haas F1 Team,13.77091090655818,17,0,0,0
2020,4,British Grand Prix,2020-08-02,Silverstone Circuit,Romain Grosjean,GRO,Haas F1 Team,14.067441572756076,18,0,0,0
2020,4,British Grand Prix,2020-08-02,Silverstone Circuit,George Russell,RUS,Williams,15.710305703602144,19,0,0,0
2020,4,British Grand Prix,2020-08-02,Silverstone Circuit,Nicholas Latifi,LAT,Williams,16.038506194408097,20,0,0,0
2020,5,70th Anniversary Grand Prix,2020-08-09,Silverstone Circuit,Lewis Hamilton,HAM,Mercedes,2.604128410101544,1,25,0,25
2020,5,70th Anniversary Grand Prix,2020-08-09,Silverstone Circuit,Valtteri Bottas,BOT,Mercedes,3.636558110760743,2,18,0,18
2020,5,70th Anniversary Grand Prix,2020-08-09,Silverstone Circuit,Max Verstappen,VER,Red Bull,4.411829448291968,3,15,0,15
2020,5,70th Anniversary Grand Prix,2020-08-09,Silverstone Circuit,Charles Leclerc,LEC,Ferrari,5.9124373161922925,4,12,0,12
2020,5,70th Anniversary Grand Prix,2020-08-09,Silverstone Circuit,Lando Norris,NOR,McLaren,6.948040782083196,5,10,0,10
2020,5,70th Anniversary Grand Prix,2020-08-09,Silverstone Circuit,Sebastian Vettel,VET,Ferrari,7.226233219045819,6,8,0,8
2020,5,70th Anniversary Grand Prix,2020-08-09,Silverstone Circuit,Alexander Albon,ALB,Red Bull,7.380547846748848,7,6,0,6
2020,5,70th Anniversary Grand Prix,2020-08-09,Silverstone Circuit,Carlos Sainz,SAI,McLaren,9.86458253750048,8,4,0,4
2020,5,70th Anniversary Grand Prix,2020-08-09,Silverstone Circuit,Daniel Ricciardo,RIC,Renault,9.873182372413146,9,2,0,2
2020,5,70th Anniversary Grand Prix,2020-08-09,Silverstone Circuit,Lance Stroll,STR,Racing Point,9.89189983812921,10,1,0,1
2020,5,70th Anniversary Grand Prix,2020-08-09,Silverstone Circuit,Nico Hülkenberg,HUL,Racing Point,10.441417050774264,11,0,0,0
2020,5,70th Anniversary Grand Prix,2020-08-09,Silverstone Circuit,Esteban Ocon,OCO,Renault,10.500186019995708,12,0,0,0
2020,5,70th Anniversary Grand Prix,2020-08-09,Silverstone Circuit,Pierre Gasly,GAS,AlphaTauri,11.339980109798134,13,0,0,0
2020,5,70th Anniversary Grand Prix,2020-08-09,Silverstone Circuit,Daniil Kvyat,KVY,AlphaTauri,13.013463037853088,14,0,0,0
2020,5,70th Anniversary Grand Prix,2020-08-09,Silverstone Circuit,Kimi Räikkönen,RAI,Alfa Romeo,13.520513713397168,15,0,0,0
2020,5,70th Anniversary Grand Prix,2020-08-09,Silverstone Circuit,Antonio Giovinazzi,GIO,Alfa Romeo,13.7484084151309,16,0,0,0
2020,5,70th Anniversary Grand Prix,2020-08-09,Silverstone Circuit,Kevin Magnussen,MAG,Haas F1 Team,14.79692401894788,17,0,0,0
2020,5,70th Anniversary Grand Prix,2020-08-09,Silverstone Circuit,Romain Grosjean,GRO,Haas F1 Team,14.990072250822738,18,0,0,0
2020,5,70th Anniversary Grand Prix,2020-08-09,Silverstone Circuit,George Russell,RUS,Williams,15.491741896922848,19,0,0,0
2020,5,70th Anniversary Grand Prix,2020-08-09,Silverstone Circuit,Nicholas Latifi,LAT,Williams,15.898432410495074,20,0,0,0
2020,6,Spanish Grand Prix,2020-08-16,Circuit de Barcelona-Catalunya,Lewis Hamilton,HAM,Mercedes,2.568093274276273,1,25,0,25
2020,6,Spanish Grand Prix,2020-08-16,Circuit de Barcelona-Catalunya,Valtteri Bottas,BOT,Mercedes,3.31844904700975,2,18,0,18
2020,6,Spanish Grand Prix,2020-08-16,Circuit de Barcelona-Catalunya,Max Verstappen,VER,Red Bull,3.89550711235436,3,15,0,15
2020,6,Spanish Grand Prix,2020-08-16,Circuit de Barcelona-Catalunya,Charles Leclerc,LEC,Ferrari,6.416586952476829,4,12,0,12
2020,6,Spanish Grand Prix,2020-08-16,Circuit de Barcelona-Catalunya,Alexander Albon,ALB,Red Bull,7.058444736216425,5,10,0,10
2020,6,Spanish Grand Prix,2020-08-16,Circuit de Barcelona-Catalunya,Sebastian Vettel,VET,Ferrari,8.351905023286408,6,8,0,8
2020,6,Spanish Grand Prix,2020-08-16,Circuit de Barcelona-Catalunya,Sergio Pérez,PER,Racing Point,8.35800506773799,7,6,0,6
2020,6,Spanish Grand Prix,2020-08-16,Circuit de Barcelona-Catalunya,Lando Norris,NOR,McLaren,8.472671099480165,8,4,0,4
2020,6,Spanish Grand Prix,2020-08-16,Circuit de Barcelona-Catalunya,Carlos Sainz,SAI,McLaren,9.019873424610168,9,2,0,2
2020,6,Spanish Grand Prix,2020-08-16,Circuit de Barcelona-Catalunya,Lance Stroll,STR,Racing Point,9.565322032902646,10,1,0,1
2020,6,Spanish Grand Prix,2020-08-16,Circuit de Barcelona-Catalunya,Daniel Ricciardo,RIC,Renault,10.046181156907954,11,0,0,0
2020,6,Spanish Grand Prix,2020-08-16,Circuit de Barcelona-Catalunya,Esteban Ocon,OCO,Renault,11.15803877401553,12,0,0,0
2020,6,Spanish Grand Prix,2020-08-16,Circuit de Barcelona-Catalunya,Pierre Gasly,GAS,AlphaTauri,12.235868542870184,13,0,0,0
2020,6,Spanish Grand Prix,2020-08-16,Circuit de Barcelona-Catalunya,Daniil Kvyat,KVY,AlphaTauri,12.702791247044226,14,0,0,0
2020,6,Spanish Grand Prix,2020-08-16,Circuit de Barcelona-Catalunya,Kimi Räikkönen,RAI,Alfa Romeo,13.715100221369106,15,0,0,0
2020,6,Spanish Grand Prix,2020-08-16,Circuit de Barcelona-Catalunya,Antonio Giovinazzi,GIO,Alfa Romeo,13.8251564628899,16,0,0,0
2020,6,Spanish Grand Prix,2020-08-16,Circuit de Barcelona-Catalunya,Kevin Magnussen,MAG,Haas F1 Team,14.71416720612803,17,0,0,0
2020,6,Spanish Grand Prix,2020-08-16,Circuit de Barcelona-Catalunya,Romain Grosjean,GRO,Haas F1 Team,14.866143107059768,18,0,0,0
2020,6,Spanish Grand Prix,2020-08-16,Circuit de Barcelona-Catalunya,George Russell,RUS,Williams,15.670045283119036,19,0,0,0
2020,6,Spanish Grand Prix,2020-08-16,Circuit de Barcelona-Catalunya,Nicholas Latifi,LAT,Williams,15.998245773924983,20,0,0,0
2020,7,Belgian Grand Prix,2020-08-30,Circuit de Spa-Francorchamps,Lewis Hamilton,HAM,Mercedes,2.568093274276273,1,25,0,25
2020,7,Belgian Grand Prix,2020-08-30,Circuit de Spa-Francorchamps,Valtteri Bottas,BOT,Mercedes,3.6075628620348894,2,18,0,18
2020,7,Belgian Grand Prix,2020-08-30,Circuit de Spa-Francorchamps,Max Verstappen,VER,Red Bull,4.009877746089907,3,15,0,15
2020,7,Belgian Grand Prix,2020-08-30,Circuit de Spa-Francorchamps,Alexander Albon,ALB,Red Bull,5.965882964297298,4,12,0,12
2020,7,Belgian Grand Prix,2020-08-30,Circuit de Spa-Francorchamps,Sergio Pérez,PER,Racing Point,7.245001152465249,5,10,0,10
2020,7,Belgian Grand Prix,2020-08-30,Circuit de Spa-Francorchamps,Lance Stroll,STR,Racing Point,8.168366297038517,6,8,0,8
2020,7,Belgian Grand Prix,2020-08-30,Circuit de Spa-Francorchamps,Charles Leclerc,LEC,Ferrari,8.936919452312244,7,6,0,6
2020,7,Belgian Grand Prix,2020-08-30,Circuit de Spa-Francorchamps,Sebastian Vettel,VET,Ferrari,9.50015901211362,8,4,0,4
2020,7,Belgian Grand Prix,2020-08-30,Circuit de Spa-Francorchamps,Lando Norris,NOR,McLaren,9.823817795929582,9,2,0,2
2020,7,Belgian Grand Prix,2020-08-30,Circuit de Spa-Francorchamps,Daniel Ricciardo,RIC,Renault,10.425598667597406,10,1,0,1
2020,7,Belgian Grand Prix,2020-08-30,Circuit de Spa-Francorchamps,Carlos Sainz,SAI,McLaren,10.96805579866374,11,0,0,0
2020,7,Belgian Grand Prix,2020-08-30,Circuit de Spa-Francorchamps,Esteban Ocon,OCO,Renault,11.440493286866465,12,0,0,0
2020,7,Belgian Grand Prix,2020-08-30,Circuit de Spa-Francorchamps,Pierre Gasly,GAS,AlphaTauri,11.992687170716122,13,0,0,0
2020,7,Belgian Grand Prix,2020-08-30,Circuit de Spa-Francorchamps,Daniil Kvyat,KVY,AlphaTauri,12.541390917991713,14,0,0,0
2020,7,Belgian Grand Prix,2020-08-30,Circuit de Spa-Francorchamps,Kimi Räikkönen,RAI,Alfa Romeo,14.648289477577066,15,0,0,0
2020,7,Belgian Grand Prix,2020-08-30,Circuit de Spa-Francorchamps,Antonio Giovinazzi,GIO,Alfa Romeo,15.255838668145024,16,0,0,0
2020,7,Belgian Grand Prix,2020-08-30,Circuit de Spa-Francorchamps,Romain Grosjean,GRO,Haas F1 Team,15.452908975720607,17,0,0,0
2020,7,Belgian Grand Prix,2020-08-30,Circuit de Spa-Francorchamps,Kevin Magnussen,MAG,Haas F1 Team,15.523948678796778,18,0,0,0
2020,7,Belgian Grand Prix,2020-08-30,Circuit de Spa-Francorchamps,George Russell,RUS,Williams,15.726398467578427,19,0,0,0
2020,7,Belgian Grand Prix,2020-08-30,Circuit de Spa-Francorchamps,Nicholas Latifi,LAT,Williams,16.026143902660266,20,0,0,0
2020,8,Italian Grand Prix,2020-09-06,Autodromo Nazionale di Monza,Lewis Hamilton,HAM,Mercedes,2.568093274276273,1,25,0,25
2020,8,Italian Grand Prix,2020-09-06,Autodromo Nazionale di Monza,Valtteri Bottas,BOT,Mercedes,3.631548131230909,2,18,0,18
2020,8,Italian Grand Prix,2020-09-06,Autodromo Nazionale di Monza,Max Verstappen,VER,Red Bull,4.1930264103174055,3,15,0,15
2020,8,Italian Grand Prix,2020-09-06,Autodromo Nazionale di Monza,Alexander Albon,ALB,Red Bull,6.610705046789733,4,12,0,12
2020,8,Italian Grand Prix,2020-09-06,Autodromo Nazionale di Monza,Sergio Pérez,PER,Racing Point,7.692479027648754,5,10,0,10
2020,8,Italian Grand Prix,2020-09-06,Autodromo Nazionale di Monza,Daniel Ricciardo,RIC,Renault,7.961862982719396,6,8,0,8
2020,8,Italian Grand Prix,2020-09-06,Autodromo Nazionale di Monza,Charles Leclerc,LEC,Ferrari,8.50630711149688,7,6,0,6
2020,8,Italian Grand Prix,2020-09-06,Autodromo Nazionale di Monza,Esteban Ocon,OCO,Renault,9.104445568859784,8,4,0,4
2020,8,Italian Grand Prix,2020-09-06,Autodromo Nazionale di Monza,Lance Stroll,STR,Racing Point,9.368351009834775,9,2,0,2
2020,8,Italian Grand Prix,2020-09-06,Autodromo Nazionale di Monza,Sebastian Vettel,VET,Ferrari,9.7523187346178,10,1,0,1
2020,8,Italian Grand Prix,2020-09-06,Autodromo Nazionale di Monza,Lando Norris,NOR,McLaren,10.611037879833034,11,0,0,0
2020,8,Italian Grand Prix,2020-09-06,Autodromo Nazionale di Monza,Carlos Sainz,SAI,McLaren,11.7370366575659,12,0,0,0
2020,8,Italian Grand Prix,2020-09-06,Autodromo Nazionale di Monza,Pierre Gasly,GAS,AlphaTauri,12.14388536387105,13,0,0,0
2020,8,Italian Grand Prix,2020-09-06,Autodromo Nazionale di Monza,Daniil Kvyat,KVY,AlphaTauri,13.245329555592932,14,0,0,0
2020,8,Italian Grand Prix,2020-09-06,Autodromo Nazionale di Monza,Kimi Räikkönen,RAI,Alfa Romeo,13.310802716940154,15,0,0,0
2020,8,Italian Grand Prix,2020-09-06,Autodromo Nazionale di Monza,Antonio Giovinazzi,GIO,Alfa Romeo,14.837674578371638,16,0,0,0
2020,8,Italian Grand Prix,2020-09-06,Autodromo Nazionale di Monza,Romain Grosjean,GRO,Haas F1 Team,15.581256335586142,17,0,0,0
2020,8,Italian Grand Prix,2020-09-06,Autodromo Nazionale di Monza,Kevin Magnussen,MAG,Haas F1 Team,15.636203274686029,18,0,0,0
2020,8,Italian Grand Prix,2020-09-06,Autodromo Nazionale di Monza,George Russell,RUS,Williams,15.710305703602144,19,0,0,0
2020,8,Italian Grand Prix,2020-09-06,Autodromo Nazionale di Monza,Nicholas Latifi,LAT,Williams,16.04223666663656,20,0,0,0
2020,9,Tuscan Grand Prix,2020-09-13,Autodromo Internazionale del Mugello,Lewis Hamilton,HAM,Mercedes,3.0569591413741324,1,25,0,25
2020,9,Tuscan Grand Prix,2020-09-13,Autodromo Internazionale del Mugello,Valtteri Bottas,BOT,Mercedes,4.674442095556313,2,18,0,18
2020,9,Tuscan Grand Prix,2020-09-13,Autodromo Internazionale del Mugello,Max Verstappen,VER,Red Bull,4.896055558061966,3,15,0,15
2020,9,Tuscan Grand Prix,2020-09-13,Autodromo Internazionale del Mugello,Alexander Albon,ALB,Red Bull,7.667223106115705,4,12,0,12
2020,9,Tuscan Grand Prix,2020-09-13,Autodromo Internazionale del Mugello,Lando Norris,NOR,McLaren,7.882458026401369,5,10,0,10
2020,9,Tuscan Grand Prix,2020-09-13,Autodromo Internazionale del Mugello,Daniel Ricciardo,RIC,Renault,8.204888298799611,6,8,0,8
2020,9,Tuscan Grand Prix,2020-09-13,Autodromo Internazionale del Mugello,Carlos Sainz,SAI,McLaren,8.294876712250655,7,6,0,6
2020,9,Tuscan Grand Prix,2020-09-13,Autodromo Internazionale del Mugello,Esteban Ocon,OCO,Renault,8.345519406514201,8,4,0,4
2020,9,Tuscan Grand Prix,2020-09-13,Autodromo Internazionale del Mugello,Sergio Pérez,PER,Racing Point,8.664803583862668,9,2,0,2
2020,9,Tuscan Grand Prix,2020-09-13,Autodromo Internazionale del Mugello,Lance Stroll,STR,Racing Point,8.991740668131813,10,1,0,1
2020,9,Tuscan Grand Prix,2020-09-13,Autodromo Internazionale del Mugello,Charles Leclerc,LEC,Ferrari,9.33266417776602,11,0,0,0
2020,9,Tuscan Grand Prix,2020-09-13,Autodromo Internazionale del Mugello,Pierre Gasly,GAS,AlphaTauri,9.59845224467248,12,0,0,0
2020,9,Tuscan Grand Prix,2020-09-13,Autodromo Internazionale del Mugello,Sebastian Vettel,VET,Ferrari,10.386852160735677,13,0,0,0
2020,9,Tuscan Grand Prix,2020-09-13,Autodromo Internazionale del Mugello,Daniil Kvyat,KVY,AlphaTauri,11.782137935331129,14,0,0,0
2020,9,Tuscan Grand Prix,2020-09-13,Autodromo Internazionale del Mugello,Kimi Räikkönen,RAI,Alfa Romeo,14.438533391034031,15,0,0,0
2020,9,Tuscan Grand Prix,2020-09-13,Autodromo Internazionale del Mugello,Antonio Giovinazzi,GIO,Alfa Romeo,15.15871211575005,16,0,0,0
2020,9,Tuscan Grand Prix,2020-09-13,Autodromo Internazionale del Mugello,Romain Grosjean,GRO,Haas F1 Team,15.52766679693241,17,0,0,0
2020,9,Tuscan Grand Prix,2020-09-13,Autodromo Internazionale del Mugello,Kevin Magnussen,MAG,Haas F1 Team,15.840662814610216,18,0,0,0
2020,9,Tuscan Grand Prix,2020-09-13,Autodromo Internazionale del Mugello,George Russell,RUS,Williams,15.842304594984622,19,0,0,0
2020,9,Tuscan Grand Prix,2020-09-13,Autodromo Internazionale del Mugello,Nicholas Latifi,LAT,Williams,15.997644842003576,20,0,0,0
2020,10,Russian Grand Prix,2020-09-27,Sochi Autodrom,Lewis Hamilton,HAM,Mercedes,2.7292733260698205,1,25,0,25
2020,10,Russian Grand Prix,2020-09-27,Sochi Autodrom,Valtteri Bottas,BOT,Mercedes,3.342434316205769,2,18,0,18
2020,10,Russian Grand Prix,2020-09-27,Sochi Autodrom,Max Verstappen,VER,Red Bull,5.698605523831416,3,15,0,15
2020,10,Russian Grand Prix,2020-09-27,Sochi Autodrom,Alexander Albon,ALB,Red Bull,6.8181413181228745,4,12,0,12
2020,10,Russian Grand Prix,2020-09-27,Sochi Autodrom,Sergio Pérez,PER,Racing Point,7.2547535428940115,5,10,0,10
2020,10,Russian Grand Prix,2020-09-27,Sochi Autodrom,Lando Norris,NOR,McLaren,8.031210588416249,6,8,0,8
2020,10,Russian Grand Prix,2020-09-27,Sochi Autodrom,Daniel Ricciardo,RIC,Renault,8.514562410889448,7,6,0,6
2020,10,Russian Grand Prix,2020-09-27,Sochi Autodrom,Carlos Sainz,SAI,McLaren,8.689085937119131,8,4,0,4
2020,10,Russian Grand Prix,2020-09-27,Sochi Autodrom,Lance Stroll,STR,Racing Point,9.085439829395856,9,2,0,2
2020,10,Russian Grand Prix,2020-09-27,Sochi Autodrom,Esteban Ocon,OCO,Renault,9.4512366977876,10,1,0,1
2020,10,Russian Grand Prix,2020-09-27,Sochi Autodrom,Pierre Gasly,GAS,AlphaTauri,10.055279995081632,11,0,0,0
2020,10,Russian Grand Prix,2020-09-27,Sochi Autodrom,Charles Leclerc,LEC,Ferrari,10.258916867718147,12,0,0,0
2020,10,Russian Grand Prix,2020-09-27,Sochi Autodrom,Sebastian Vettel,VET,Ferrari,10.88091075640685,13,0,0,0
2020,10,Russian Grand Prix,2020-09-27,Sochi Autodrom,Daniil Kvyat,KVY,AlphaTauri,11.025338107591311,14,0,0,0
2020,10,Russian Grand Prix,2020-09-27,Sochi Autodrom,Kimi Räikkönen,RAI,Alfa Romeo,12.840133927364969,15,0,0,0
2020,10,Russian Grand Prix,2020-09-27,Sochi Autodrom,Antonio Giovinazzi,GIO,Alfa Romeo,15.040848619489111,16,0,0,0
2020,10,Russian Grand Prix,2020-09-27,Sochi Autodrom,Romain Grosjean,GRO,Haas F1 Team,15.325694984802166,17,0,0,0
2020,10,Russian Grand Prix,2020-09-27,Sochi Autodrom,Kevin Magnussen,MAG,Haas F1 Team,15.406867065576217,18,0,0,0
2020,10,Russian Grand Prix,2020-09-27,Sochi Autodrom,George Russell,RUS,Williams,15.415448652817064,19,0,0,0
2020,10,Russian Grand Prix,2020-09-27,Sochi Autodrom,Nicholas Latifi,LAT,Williams,16.04329876901091,20,0,0,0
2020,11,Eifel Grand Prix,2020-10-11,Nürburgring,Lewis Hamilton,HAM,Mercedes,2.95413677288652,1,25,0,25
2020,11,Eifel Grand Prix,2020-10-11,Nürburgring,Valtteri Bottas,BOT,Mercedes,3.3876820460339734,2,18,0,18
2020,11,Eifel Grand Prix,2020-10-11,Nürburgring,Max Verstappen,VER,Red Bull,6.028316980088498,3,15,0,15
2020,11,Eifel Grand Prix,2020-10-11,Nürburgring,Daniel Ricciardo,RIC,Renault,6.785749962197995,4,12,0,12
2020,11,Eifel Grand Prix,2020-10-11,Nürburgring,Sergio Pérez,PER,Racing Point,7.707953194166043,5,10,0,10
2020,11,Eifel Grand Prix,2020-10-11,Nürburgring,Alexander Albon,ALB,Red Bull,8.050174517495195,6,8,0,8
2020,11,Eifel Grand Prix,2020-10-11,Nürburgring,Esteban Ocon,OCO,Renault,8.4670831792871,7,6,0,6
2020,11,Eifel Grand Prix,2020-10-11,Nürburgring,Carlos Sainz,SAI,McLaren,8.483560815787795,8,4,0,4
2020,11,Eifel Grand Prix,2020-10-11,Nürburgring,Lando Norris,NOR,McLaren,8.5558551704416,9,2,0,2
2020,11,Eifel Grand Prix,2020-10-11,Nürburgring,Pierre Gasly,GAS,AlphaTauri,9.154810366735202,10,1,0,1
2020,11,Eifel Grand Prix,2020-10-11,Nürburgring,Nico Hülkenberg,HUL,Racing Point,9.603333057822365,11,0,0,0
2020,11,Eifel Grand Prix,2020-10-11,Nürburgring,Daniil Kvyat,KVY,AlphaTauri,10.23463538405559,12,0,0,0
2020,11,Eifel Grand Prix,2020-10-11,Nürburgring,Charles Leclerc,LEC,Ferrari,10.914826369696875,13,0,0,0
2020,11,Eifel Grand Prix,2020-10-11,Nürburgring,Sebastian Vettel,VET,Ferrari,11.21604398214147,14,0,0,0
2020,11,Eifel Grand Prix,2020-10-11,Nürburgring,Kimi Räikkönen,RAI,Alfa Romeo,13.519018733111368,15,0,0,0
2020,11,Eifel Grand Prix,2020-10-11,Nürburgring,Antonio Giovinazzi,GIO,Alfa Romeo,14.200841550632148,16,0,0,0
2020,11,Eifel Grand Prix,2020-10-11,Nürburgring,Kevin Magnussen,MAG,Haas F1 Team,14.764283864098992,17,0,0,0
2020,11,Eifel Grand Prix,2020-10-11,Nürburgring,Romain Grosjean,GRO,Haas F1 Team,14.970462091302617,18,0,0,0
2020,11,Eifel Grand Prix,2020-10-11,Nürburgring,George Russell,RUS,Williams,14.995192475075772,19,0,0,0
2020,11,Eifel Grand Prix,2020-10-11,Nürburgring,Nicholas Latifi,LAT,Williams,15.1833191819687,20,0,0,0
2020,12,Portuguese Grand Prix,2020-10-25,Autódromo Internacional do Algarve,Lewis Hamilton,HAM,Mercedes,2.95413677288652,1,25,0,25
2020,12,Portuguese Grand Prix,2020-10-25,Autódromo Internacional do Algarve,Valtteri Bottas,BOT,Mercedes,4.059952781288236,2,18,0,18
2020,12,Portuguese Grand Prix,2020-10-25,Autódromo Internacional do Algarve,Max Verstappen,VER,Red Bull,6.028316980088498,3,15,0,15
2020,12,Portuguese Grand Prix,2020-10-25,Autódromo Internacional do Algarve,Daniel Ricciardo,RIC,Renault,6.611157969272388,4,12,0,12
2020,12,Portuguese Grand Prix,2020-10-25,Autódromo Internacional do Algarve,Pierre Gasly,GAS,AlphaTauri,7.85382715727939,5,10,0,10
2020,12,Portuguese Grand Prix,2020-10-25,Autódromo Internacional do Algarve,Alexander Albon,ALB,Red Bull,8.074969254597969,6,8,0,8
2020,12,Portuguese Grand Prix,2020-10-25,Autódromo Internacional do Algarve,Carlos Sainz,SAI,McLaren,8.125539863034332,7,6,0,6
2020,12,Portuguese Grand Prix,2020-10-25,Autódromo Internacional do Algarve,Sergio Pérez,PER,Racing Point,8.36930085293475,8,4,0,4
2020,12,Portuguese Grand Prix,2020-10-25,Autódromo Internacional do Algarve,Lando Norris,NOR,McLaren,8.62255752904662,9,2,0,2
2020,12,Portuguese Grand Prix,2020-10-25,Autódromo Internacional do Algarve,Esteban Ocon,OCO,Renault,8.662352614711542,10,1,0,1
2020,12,Portuguese Grand Prix,2020-10-25,Autódromo Internacional do Algarve,Lance Stroll,STR,Racing Point,9.67278068492569,11,0,0,0
2020,12,Portuguese Grand Prix,2020-10-25,Autódromo Internacional do Algarve,Daniil Kvyat,KVY,AlphaTauri,10.130881890305645,12,0,0,0
2020,12,Portuguese Grand Prix,2020-10-25,Autódromo Internacional do Algarve,Charles Leclerc,LEC,Ferrari,10.628457783001563,13,0,0,0
2020,12,Portuguese Grand Prix,2020-10-25,Autódromo Internacional do Algarve,Sebastian Vettel,VET,Ferrari,11.9519585694319,14,0,0,0
2020,12,Portuguese Grand Prix,2020-10-25,Autódromo Internacional do Algarve,Kimi Räikkönen,RAI,Alfa Romeo,13.12253664714218,15,0,0,0
2020,12,Portuguese Grand Prix,2020-10-25,Autódromo Internacional do Algarve,Romain Grosjean,GRO,Haas F1 Team,13.285428833144682,16,0,0,0
2020,12,Portuguese Grand Prix,2020-10-25,Autódromo Internacional do Algarve,Antonio Giovinazzi,GIO,Alfa Romeo,13.849504145555036,17,0,0,0
2020,12,Portuguese Grand Prix,2020-10-25,Autódromo Internacional do Algarve,Kevin Magnussen,MAG,Haas F1 Team,13.871355028374142,18,0,0,0
2020,12,Portuguese Grand Prix,2020-10-25,Autódromo Internacional do Algarve,George Russell,RUS,Williams,14.80436239902043,19,0,0,0
2020,12,Portuguese Grand Prix,2020-10-25,Autódromo Internacional do Algarve,Nicholas Latifi,LAT,Williams,15.222550836744055,20,0,0,0
2020,13,Emilia Romagna Grand Prix,2020-11-01,Autodromo Enzo e Dino Ferrari,Lewis Hamilton,HAM,Mercedes,2.95413677288652,1,25,0,25
2020,13,Emilia Romagna Grand Prix,2020-11-01,Autodromo Enzo e Dino Ferrari,Valtteri Bottas,BOT,Mercedes,3.515377222460406,2,18,0,18
2020,13,Emilia Romagna Grand Prix,2020-11-01,Autodromo Enzo e Dino Ferrari,Max Verstappen,VER,Red Bull,6.071639001813047,3,15,0,15
2020,13,Emilia Romagna Grand Prix,2020-11-01,Autodromo Enzo e Dino Ferrari,Pierre Gasly,GAS,AlphaTauri,7.30586630279086,4,12,0,12
2020,13,Emilia Romagna Grand Prix,2020-11-01,Autodromo Enzo e Dino Ferrari,Sergio Pérez,PER,Racing Point,7.319905046779117,5,10,0,10
2020,13,Emilia Romagna Grand Prix,2020-11-01,Autodromo Enzo e Dino Ferrari,Daniel Ricciardo,RIC,Renault,7.427345336124703,6,8,0,8
2020,13,Emilia Romagna Grand Prix,2020-11-01,Autodromo Enzo e Dino Ferrari,Carlos Sainz,SAI,McLaren,8.370556159310553,7,6,0,6
2020,13,Emilia Romagna Grand Prix,2020-11-01,Autodromo Enzo e Dino Ferrari,Lando Norris,NOR,McLaren,8.769220032686562,8,4,0,4
2020,13,Emilia Romagna Grand Prix,2020-11-01,Autodromo Enzo e Dino Ferrari,Charles Leclerc,LEC,Ferrari,9.010638084406333,9,2,0,2
2020,13,Emilia Romagna Grand Prix,2020-11-01,Autodromo Enzo e Dino Ferrari,Alexander Albon,ALB,Red Bull,9.54782689860977,10,1,0,1
2020,13,Emilia Romagna Grand Prix,2020-11-01,Autodromo Enzo e Dino Ferrari,Esteban Ocon,OCO,Renault,9.601318135320172,11,0,0,0
2020,13,Emilia Romagna Grand Prix,2020-11-01,Autodromo Enzo e Dino Ferrari,Daniil Kvyat,KVY,AlphaTauri,10.114775280515772,12,0,0,0
2020,13,Emilia Romagna Grand Prix,2020-11-01,Autodromo Enzo e Dino Ferrari,Lance Stroll,STR,Racing Point,10.49535572234442,13,0,0,0
2020,13,Emilia Romagna Grand Prix,2020-11-01,Autodromo Enzo e Dino Ferrari,Sebastian Vettel,VET,Ferrari,10.773828442622133,14,0,0,0
2020,13,Emilia Romagna Grand Prix,2020-11-01,Autodromo Enzo e Dino Ferrari,Kimi Räikkönen,RAI,Alfa Romeo,13.074742904604497,15,0,0,0
2020,13,Emilia Romagna Grand Prix,2020-11-01,Autodromo Enzo e Dino Ferrari,Romain Grosjean,GRO,Haas F1 Team,13.559243483447457,16,0,0,0
2020,13,Emilia Romagna Grand Prix,2020-11-01,Autodromo Enzo e Dino Ferrari,Antonio Giovinazzi,GIO,Alfa Romeo,13.845855309327256,17,0,0,0
2020,13,Emilia Romagna Grand Prix,2020-11-01,Autodromo Enzo e Dino Ferrari,Kevin Magnussen,MAG,Haas F1 Team,14.145169678676917,18,0,0,0
2020,13,Emilia Romagna Grand Prix,2020-11-01,Autodromo Enzo e Dino Ferrari,George Russell,RUS,Williams,15.011285239052055,19,0,0,0
2020,13,Emilia Romagna Grand Prix,2020-11-01,Autodromo Enzo e Dino Ferrari,Nicholas Latifi,LAT,Williams,15.167226417992415,20,0,0,0
2020,14,Turkish Grand Prix,2020-11-15,Istanbul Park,Lewis Hamilton,HAM,Mercedes,2.82145486963501,1,25,0,25
2020,14,Turkish Grand Prix,2020-11-15,Istanbul Park,Valtteri Bottas,BOT,Mercedes,3.530764429215986,2,18,0,18
2020,14,Turkish Grand Prix,2020-11-15,Istanbul Park,Max Verstappen,VER,Red Bull,6.322899216008159,3,15,0,15
2020,14,Turkish Grand Prix,2020-11-15,Istanbul Park,Sergio Pérez,PER,Racing Point,6.578833316036927,4,12,0,12
2020,14,Turkish Grand Prix,2020-11-15,Istanbul Park,Daniel Ricciardo,RIC,Renault,6.785749962197995,5,10,0,10
2020,14,Turkish Grand Prix,2020-11-15,Istanbul Park,Charles Leclerc,LEC,Ferrari,8.722390839863772,6,8,0,8
2020,14,Turkish Grand Prix,2020-11-15,Istanbul Park,Alexander Albon,ALB,Red Bull,9.660983423378037,7,6,0,6
2020,14,Turkish Grand Prix,2020-11-15,Istanbul Park,Carlos Sainz,SAI,McLaren,9.775294613546455,8,4,0,4
2020,14,Turkish Grand Prix,2020-11-15,Istanbul Park,Esteban Ocon,OCO,Renault,9.927139212547814,9,2,0,2
2020,14,Turkish Grand Prix,2020-11-15,Istanbul Park,Lance Stroll,STR,Racing Point,10.1285692472001,10,1,0,1
2020,14,Turkish Grand Prix,2020-11-15,Istanbul Park,Daniil Kvyat,KVY,AlphaTauri,10.2843767108504,11,0,0,0
2020,14,Turkish Grand Prix,2020-11-15,Istanbul Park,Pierre Gasly,GAS,AlphaTauri,10.549439467349844,12,0,0,0
2020,14,Turkish Grand Prix,2020-11-15,Istanbul Park,Sebastian Vettel,VET,Ferrari,10.567976633203996,13,0,0,0
2020,14,Turkish Grand Prix,2020-11-15,Istanbul Park,Lando Norris,NOR,McLaren,10.63424643592444,14,0,0,0
2020,14,Turkish Grand Prix,2020-11-15,Istanbul Park,Kimi Räikkönen,RAI,Alfa Romeo,13.078815052972594,15,0,0,0
2020,14,Turkish Grand Prix,2020-11-15,Istanbul Park,Antonio Giovinazzi,GIO,Alfa Romeo,13.541570350999876,16,0,0,0
2020,14,Turkish Grand Prix,2020-11-15,Istanbul Park,Romain Grosjean,GRO,Haas F1 Team,14.277442690999504,17,0,0,0
2020,14,Turkish Grand Prix,2020-11-15,Istanbul Park,Kevin Magnussen,MAG,Haas F1 Team,14.84727612225268,18,0,0,0
2020,14,Turkish Grand Prix,2020-11-15,Istanbul Park,George Russell,RUS,Williams,15.051545659535163,19,0,0,0
2020,14,Turkish Grand Prix,2020-11-15,Istanbul Park,Nicholas Latifi,LAT,Williams,15.20688590655412,20,0,0,0
2020,15,Bahrain Grand Prix,2020-11-29,Bahrain International Circuit,Lewis Hamilton,HAM,Mercedes,2.568093274276273,1,25,0,25
2020,15,Bahrain Grand Prix,2020-11-29,Bahrain International Circuit,Valtteri Bottas,BOT,Mercedes,4.355165040967418,2,18,0,18
2020,15,Bahrain Grand Prix,2020-11-29,Bahrain International Circuit,Max Verstappen,VER,Red Bull,5.77628492056866,3,15,0,15
2020,15,Bahrain Grand Prix,2020-11-29,Bahrain International Circuit,Charles Leclerc,LEC,Ferrari,6.133314928350526,4,12,0,12
2020,15,Bahrain Grand Prix,2020-11-29,Bahrain International Circuit,Sergio Pérez,PER,Racing Point,7.049967729985333,5,10,0,10
2020,15,Bahrain Grand Prix,2020-11-29,Bahrain International Circuit,Lando Norris,NOR,McLaren,7.58951359837533,6,8,0,8
2020,15,Bahrain Grand Prix,2020-11-29,Bahrain International Circuit,Daniel Ricciardo,RIC,Renault,7.653092336239549,7,6,0,6
2020,15,Bahrain Grand Prix,2020-11-29,Bahrain International Circuit,Sebastian Vettel,VET,Ferrari,8.454426017795194,8,4,0,4
2020,15,Bahrain Grand Prix,2020-11-29,Bahrain International Circuit,Carlos Sainz,SAI,McLaren,8.89080853708857,9,2,0,2
2020,15,Bahrain Grand Prix,2020-11-29,Bahrain International Circuit,Alexander Albon,ALB,Red Bull,9.258899873975643,10,1,0,1
2020,15,Bahrain Grand Prix,2020-11-29,Bahrain International Circuit,Pierre Gasly,GAS,AlphaTauri,9.871535958321193,11,0,0,0
2020,15,Bahrain Grand Prix,2020-11-29,Bahrain International Circuit,Esteban Ocon,OCO,Renault,10.037149401337402,12,0,0,0
2020,15,Bahrain Grand Prix,2020-11-29,Bahrain International Circuit,Lance Stroll,STR,Racing Point,11.141505831552914,13,0,0,0
2020,15,Bahrain Grand Prix,2020-11-29,Bahrain International Circuit,Daniil Kvyat,KVY,AlphaTauri,11.478097601198384,14,0,0,0
2020,15,Bahrain Grand Prix,2020-11-29,Bahrain International Circuit,Kimi Räikkönen,RAI,Alfa Romeo,12.25476794261373,15,0,0,0
2020,15,Bahrain Grand Prix,2020-11-29,Bahrain International Circuit,Antonio Giovinazzi,GIO,Alfa Romeo,13.399589240361305,16,0,0,0
2020,15,Bahrain Grand Prix,2020-11-29,Bahrain International Circuit,Romain Grosjean,GRO,Haas F1 Team,14.395717065493246,17,0,0,0
2020,15,Bahrain Grand Prix,2020-11-29,Bahrain International Circuit,Kevin Magnussen,MAG,Haas F1 Team,14.746360417986851,18,0,0,0
2020,15,Bahrain Grand Prix,2020-11-29,Bahrain International Circuit,George Russell,RUS,Williams,15.726398467578427,19,0,0,0
2020,15,Bahrain Grand Prix,2020-11-29,Bahrain International Circuit,Nicholas Latifi,LAT,Williams,16.29562714881319,20,0,0,0
2020,16,Sakhir Grand Prix,2020-12-06,Bahrain International Circuit,Valtteri Bottas,BOT,Mercedes,4.896677380832533,1,25,0,25
2020,16,Sakhir Grand Prix,2020-12-06,Bahrain International Circuit,Max Verstappen,VER,Red Bull,5.674324254421284,2,18,0,18
2020,16,Sakhir Grand Prix,2020-12-06,Bahrain International Circuit,Carlos Sainz,SAI,McLaren,6.651175456232803,3,15,0,15
2020,16,Sakhir Grand Prix,2020-12-06,Bahrain International Circuit,Sergio Pérez,PER,Racing Point,7.003849276294277,4,12,0,12
2020,16,Sakhir Grand Prix,2020-12-06,Bahrain International Circuit,Charles Leclerc,LEC,Ferrari,7.132361977514153,5,10,0,10
2020,16,Sakhir Grand Prix,2020-12-06,Bahrain International Circuit,Lando Norris,NOR,McLaren,7.174438453455167,6,8,0,8
2020,16,Sakhir Grand Prix,2020-12-06,Bahrain International Circuit,Alexander Albon,ALB,Red Bull,7.828721596197671,7,6,0,6
2020,16,Sakhir Grand Prix,2020-12-06,Bahrain International Circuit,Daniel Ricciardo,RIC,Renault,8.101470917556458,8,4,0,4
2020,16,Sakhir Grand Prix,2020-12-06,Bahrain International Circuit,George Russell,RUS,Mercedes,8.132761751331994,9,2,0,2
2020,16,Sakhir Grand Prix,2020-12-06,Bahrain International Circuit,Sebastian Vettel,VET,Ferrari,8.735209668713047,10,1,0,1
2020,16,Sakhir Grand Prix,2020-12-06,Bahrain International Circuit,Pierre Gasly,GAS,AlphaTauri,9.198171450530936,11,0,0,0
2020,16,Sakhir Grand Prix,2020-12-06,Bahrain International Circuit,Lance Stroll,STR,Racing Point,10.505267399078669,12,0,0,0
2020,16,Sakhir Grand Prix,2020-12-06,Bahrain International Circuit,Esteban Ocon,OCO,Renault,10.600043029235668,13,0,0,0
2020,16,Sakhir Grand Prix,2020-12-06,Bahrain International Circuit,Daniil Kvyat,KVY,AlphaTauri,11.356013133683996,14,0,0,0
2020,16,Sakhir Grand Prix,2020-12-06,Bahrain International Circuit,Kimi Räikkönen,RAI,Alfa Romeo,13.115752705924526,15,0,0,0
2020,16,Sakhir Grand Prix,2020-12-06,Bahrain International Circuit,Antonio Giovinazzi,GIO,Alfa Romeo,13.691542283219038,16,0,0,0
2020,16,Sakhir Grand Prix,2020-12-06,Bahrain International Circuit,Jack Aitken,AIT,Williams,14.14743396948914,17,0,0,0
2020,16,Sakhir Grand Prix,2020-12-06,Bahrain International Circuit,Pietro Fittipaldi,FIT,Haas F1 Team,14.373581902751656,18,0,0,0
2020,16,Sakhir Grand Prix,2020-12-06,Bahrain International Circuit,Kevin Magnussen,MAG,Haas F1 Team,15.43390271002938,19,0,0,0
2020,16,Sakhir Grand Prix,2020-12-06,Bahrain International Circuit,Nicholas Latifi,LAT,Williams,15.537566688768754,20,0,0,0
2020,17,Abu Dhabi Grand Prix,2020-12-13,Yas Marina Circuit,Lewis Hamilton,HAM,Mercedes,2.8373714597376205,1,25,0,25
2020,17,Abu Dhabi Grand Prix,2020-12-13,Yas Marina Circuit,Valtteri Bottas,BOT,Mercedes,4.740407065244225,2,18,0,18
2020,17,Abu Dhabi Grand Prix,2020-12-13,Yas Marina Circuit,Max Verstappen,VER,Red Bull,5.262963505783673,3,15,0,15
2020,17,Abu Dhabi Grand Prix,2020-12-13,Yas Marina Circuit,Sergio Pérez,PER,Racing Point,5.397562842651262,4,12,0,12
2020,17,Abu Dhabi Grand Prix,2020-12-13,Yas Marina Circuit,Carlos Sainz,SAI,McLaren,7.169242323072791,5,10,0,10
2020,17,Abu Dhabi Grand Prix,2020-12-13,Yas Marina Circuit,Alexander Albon,ALB,Red Bull,7.333337287319371,6,8,0,8
2020,17,Abu Dhabi Grand Prix,2020-12-13,Yas Marina Circuit,Charles Leclerc,LEC,Ferrari,7.3749930768088925,7,6,0,6
2020,17,Abu Dhabi Grand Prix,2020-12-13,Yas Marina Circuit,Lando Norris,NOR,McLaren,7.5652960839302015,8,4,0,4
2020,17,Abu Dhabi Grand Prix,2020-12-13,Yas Marina Circuit,Daniel Ricciardo,RIC,Renault,7.922781282770853,9,2,0,2
2020,17,Abu Dhabi Grand Prix,2020-12-13,Yas Marina Circuit,Esteban Ocon,OCO,Renault,8.27252472189876,10,1,0,1
2020,17,Abu Dhabi Grand Prix,2020-12-13,Yas Marina Circuit,Sebastian Vettel,VET,Ferrari,8.441101495028674,11,0,0,0
2020,17,Abu Dhabi Grand Prix,2020-12-13,Yas Marina Circuit,Lance Stroll,STR,Racing Point,9.082712618734124,12,0,0,0
2020,17,Abu Dhabi Grand Prix,2020-12-13,Yas Marina Circuit,Daniil Kvyat,KVY,AlphaTauri,10.970237370463746,13,0,0,0
2020,17,Abu Dhabi Grand Prix,2020-12-13,Yas Marina Circuit,Pierre Gasly,GAS,AlphaTauri,11.20381855980919,14,0,0,0
2020,17,Abu Dhabi Grand Prix,2020-12-13,Yas Marina Circuit,Kimi Räikkönen,RAI,Alfa Romeo,13.105744612598508,15,0,0,0
2020,17,Abu Dhabi Grand Prix,2020-12-13,Yas Marina Circuit,Antonio Giovinazzi,GIO,Alfa Romeo,14.316221402545915,16,0,0,0
2020,17,Abu Dhabi Grand Prix,2020-12-13,Yas Marina Circuit,George Russell,RUS,Williams,14.33456066853274,17,0,0,0
2020,17,Abu Dhabi Grand Prix,2020-12-13,Yas Marina Circuit,Nicholas Latifi,LAT,Williams,15.464607792880608,18,0,0,0
2020,17,Abu Dhabi Grand Prix,2020-12-13,Yas Marina Circuit,Kevin Magnussen,MAG,Haas F1 Team,15.636203274686029,19,0,0,0
2020,17,Abu Dhabi Grand Prix,2020-12-13,Yas Marina Circuit,Pietro Fittipaldi,FIT,Haas F1 Team,15.90937829081744,20,0,0,0
2021,1,Bahrain Grand Prix,2021-03-28,Bahrain International Circuit,Lewis Hamilton,HAM,Mercedes,3.181471194453297,1,25,0,25
2021,1,Bahrain Grand Prix,2021-03-28,Bahrain International Circuit,Valtteri Bottas,BOT,Mercedes,4.831402299347548,2,18,0,18
2021,1,Bahrain Grand Prix,2021-03-28,Bahrain International Circuit,Max Verstappen,VER,Red Bull,5.627105653307177,3,15,0,15
2021,1,Bahrain Grand Prix,2021-03-28,Bahrain International Circuit,Sergio Pérez,PER,Red Bull,6.375868814090992,4,12,0,12
2021,1,Bahrain Grand Prix,2021-03-28,Bahrain International Circuit,Lando Norris,NOR,McLaren,6.521381733086014,5,10,0,10
2021,1,Bahrain Grand Prix,2021-03-28,Bahrain International Circuit,Daniel Ricciardo,RIC,McLaren,6.9287847811583205,6,8,0,8
2021,1,Bahrain Grand Prix,2021-03-28,Bahrain International Circuit,Charles Leclerc,LEC,Ferrari,8.994076677183042,7,6,0,6
2021,1,Bahrain Grand Prix,2021-03-28,Bahrain International Circuit,Carlos Sainz,SAI,Ferrari,9.321320261776789,8,4,0,4
2021,1,Bahrain Grand Prix,2021-03-28,Bahrain International Circuit,Pierre Gasly,GAS,AlphaTauri,11.125955744785156,9,2,0,2
2021,1,Bahrain Grand Prix,2021-03-28,Bahrain International Circuit,Esteban Ocon,OCO,Alpine F1 Team,11.129043040429789,10,1,0,1
2021,1,Bahrain Grand Prix,2021-03-28,Bahrain International Circuit,Sebastian Vettel,VET,Aston Martin,11.941275601216816,11,0,0,0
2021,1,Bahrain Grand Prix,2021-03-28,Bahrain International Circuit,Lance Stroll,STR,Aston Martin,11.997967220700245,12,0,0,0
2021,1,Bahrain Grand Prix,2021-03-28,Bahrain International Circuit,Yuki Tsunoda,TSU,AlphaTauri,12.70273464726142,13,0,0,0
2021,1,Bahrain Grand Prix,2021-03-28,Bahrain International Circuit,Kimi Räikkönen,RAI,Alfa Romeo,12.896365922919964,14,0,0,0
2021,1,Bahrain Grand Prix,2021-03-28,Bahrain International Circuit,Fernando Alonso,ALO,Alpine F1 Team,13.088551344235942,15,0,0,0
2021,1,Bahrain Grand Prix,2021-03-28,Bahrain International Circuit,Antonio Giovinazzi,GIO,Alfa Romeo,14.1890352322662,16,0,0,0
2021,1,Bahrain Grand Prix,2021-03-28,Bahrain International Circuit,George Russell,RUS,Williams,14.416247419162744,17,0,0,0
2021,1,Bahrain Grand Prix,2021-03-28,Bahrain International Circuit,Mick Schumacher,MSC,Haas F1 Team,14.675229413296847,18,0,0,0
2021,1,Bahrain Grand Prix,2021-03-28,Bahrain International Circuit,Nicholas Latifi,LAT,Williams,15.420558220526644,19,0,0,0
2021,1,Bahrain Grand Prix,2021-03-28,Bahrain International Circuit,Nikita Mazepin,MAZ,Haas F1 Team,16.200063844750858,20,0,0,0
2021,2,Emilia Romagna Grand Prix,2021-04-18,Autodromo Enzo e Dino Ferrari,Lewis Hamilton,HAM,Mercedes,3.132746574628765,1,25,0,25
2021,2,Emilia Romagna Grand Prix,2021-04-18,Autodromo Enzo e Dino Ferrari,Max Verstappen,VER,Red Bull,4.380667007272696,2,18,0,18
2021,2,Emilia Romagna Grand Prix,2021-04-18,Autodromo Enzo e Dino Ferrari,Valtteri Bottas,BOT,Mercedes,4.806662948719032,3,15,0,15
2021,2,Emilia Romagna Grand Prix,2021-04-18,Autodromo Enzo e Dino Ferrari,Sergio Pérez,PER,Red Bull,5.566432292735461,4,12,0,12
2021,2,Emilia Romagna Grand Prix,2021-04-18,Autodromo Enzo e Dino Ferrari,Lando Norris,NOR,McLaren,5.929431017179433,5,10,0,10
2021,2,Emilia Romagna Grand Prix,2021-04-18,Autodromo Enzo e Dino Ferrari,Daniel Ricciardo,RIC,McLaren,7.207291396120429,6,8,0,8
2021,2,Emilia Romagna Grand Prix,2021-04-18,Autodromo Enzo e Dino Ferrari,Carlos Sainz,SAI,Ferrari,8.113522236442412,7,6,0,6
2021,2,Emilia Romagna Grand Prix,2021-04-18,Autodromo Enzo e Dino Ferrari,Charles Leclerc,LEC,Ferrari,8.893531405683023,8,4,0,4
2021,2,Emilia Romagna Grand Prix,2021-04-18,Autodromo Enzo e Dino Ferrari,Lance Stroll,STR,Aston Martin,11.946614142303076,9,2,0,2
2021,2,Emilia Romagna Grand Prix,2021-04-18,Autodromo Enzo e Dino Ferrari,Pierre Gasly,GAS,AlphaTauri,12.379975554596443,10,1,0,1
2021,2,Emilia Romagna Grand Prix,2021-04-18,Autodromo Enzo e Dino Ferrari,Yuki Tsunoda,TSU,AlphaTauri,12.558139511377348,11,0,0,0
2021,2,Emilia Romagna Grand Prix,2021-04-18,Autodromo Enzo e Dino Ferrari,Sebastian Vettel,VET,Aston Martin,12.820648101802114,12,0,0,0
2021,2,Emilia Romagna Grand Prix,2021-04-18,Autodromo Enzo e Dino Ferrari,Esteban Ocon,OCO,Alpine F1 Team,13.112257871978962,13,0,0,0
2021,2,Emilia Romagna Grand Prix,2021-04-18,Autodromo Enzo e Dino Ferrari,Kimi Räikkönen,RAI,Alfa Romeo,14.07299692749856,14,0,0,0
2021,2,Emilia Romagna Grand Prix,2021-04-18,Autodromo Enzo e Dino Ferrari,Antonio Giovinazzi,GIO,Alfa Romeo,15.093770386357,15,0,0,0
2021,2,Emilia Romagna Grand Prix,2021-04-18,Autodromo Enzo e Dino Ferrari,George Russell,RUS,Williams,15.167848274965008,16,0,0,0
2021,2,Emilia Romagna Grand Prix,2021-04-18,Autodromo Enzo e Dino Ferrari,Fernando Alonso,ALO,Alpine F1 Team,15.745163932922813,17,0,0,0
2021,2,Emilia Romagna Grand Prix,2021-04-18,Autodromo Enzo e Dino Ferrari,Mick Schumacher,MSC,Haas F1 Team,15.955775332223611,18,0,0,0
2021,2,Emilia Romagna Grand Prix,2021-04-18,Autodromo Enzo e Dino Ferrari,Nicholas Latifi,LAT,Williams,15.998245773924983,19,0,0,0
2021,2,Emilia Romagna Grand Prix,2021-04-18,Autodromo Enzo e Dino Ferrari,Nikita Mazepin,MAZ,Haas F1 Team,16.43723585498549,20,0,0,0
2021,3,Portuguese Grand Prix,2021-05-02,Autódromo Internacional do Algarve,Lewis Hamilton,HAM,Mercedes,3.1328438983718443,1,25,0,25
2021,3,Portuguese Grand Prix,2021-05-02,Autódromo Internacional do Algarve,Max Verstappen,VER,Red Bull,3.6111447634803975,2,18,0,18
2021,3,Portuguese Grand Prix,2021-05-02,Autódromo Internacional do Algarve,Valtteri Bottas,BOT,Mercedes,4.756479785341428,3,15,0,15
2021,3,Portuguese Grand Prix,2021-05-02,Autódromo Internacional do Algarve,Lando Norris,NOR,McLaren,6.017120415032896,4,12,0,12
2021,3,Portuguese Grand Prix,2021-05-02,Autódromo Internacional do Algarve,Sergio Pérez,PER,Red Bull,6.603387755824204,5,10,0,10
2021,3,Portuguese Grand Prix,2021-05-02,Autódromo Internacional do Algarve,Daniel Ricciardo,RIC,McLaren,6.942297031664089,6,8,0,8
2021,3,Portuguese Grand Prix,2021-05-02,Autódromo Internacional do Algarve,Carlos Sainz,SAI,Ferrari,8.255483034464376,7,6,0,6
2021,3,Portuguese Grand Prix,2021-05-02,Autódromo Internacional do Algarve,Charles Leclerc,LEC,Ferrari,8.94287987559961,8,4,0,4
2021,3,Portuguese Grand Prix,2021-05-02,Autódromo Internacional do Algarve,Esteban Ocon,OCO,Alpine F1 Team,10.73026416165117,9,2,0,2
2021,3,Portuguese Grand Prix,2021-05-02,Autódromo Internacional do Algarve,Pierre Gasly,GAS,AlphaTauri,10.819757486103487,10,1,0,1
2021,3,Portuguese Grand Prix,2021-05-02,Autódromo Internacional do Algarve,Lance Stroll,STR,Aston Martin,11.705940230717678,11,0,0,0
2021,3,Portuguese Grand Prix,2021-05-02,Autódromo Internacional do Algarve,Yuki Tsunoda,TSU,AlphaTauri,12.909790352369493,12,0,0,0
2021,3,Portuguese Grand Prix,2021-05-02,Autódromo Internacional do Algarve,Fernando Alonso,ALO,Alpine F1 Team,13.418007871534998,13,0,0,0
2021,3,Portuguese Grand Prix,2021-05-02,Autódromo Internacional do Algarve,Sebastian Vettel,VET,Aston Martin,13.453136399124896,14,0,0,0
2021,3,Portuguese Grand Prix,2021-05-02,Autódromo Internacional do Algarve,Kimi Räikkönen,RAI,Alfa Romeo,13.739797780881943,15,0,0,0
2021,3,Portuguese Grand Prix,2021-05-02,Autódromo Internacional do Algarve,Antonio Giovinazzi,GIO,Alfa Romeo,14.319750160963247,16,0,0,0
2021,3,Portuguese Grand Prix,2021-05-02,Autódromo Internacional do Algarve,George Russell,RUS,Williams,15.151755510988725,17,0,0,0
2021,3,Portuguese Grand Prix,2021-05-02,Autódromo Internacional do Algarve,Nicholas Latifi,LAT,Williams,15.896007812637588,18,0,0,0
2021,3,Portuguese Grand Prix,2021-05-02,Autódromo Internacional do Algarve,Mick Schumacher,MSC,Haas F1 Team,15.955775332223611,19,0,0,0
2021,3,Portuguese Grand Prix,2021-05-02,Autódromo Internacional do Algarve,Nikita Mazepin,MAZ,Haas F1 Team,16.807256621570886,20,0,0,0
2021,4,Spanish Grand Prix,2021-05-09,Circuit de Barcelona-Catalunya,Lewis Hamilton,HAM,Mercedes,2.9792279093586527,1,25,0,25
2021,4,Spanish Grand Prix,2021-05-09,Circuit de Barcelona-Catalunya,Max Verstappen,VER,Red Bull,3.756516150731168,2,18,0,18
2021,4,Spanish Grand Prix,2021-05-09,Circuit de Barcelona-Catalunya,Valtteri Bottas,BOT,Mercedes,4.777228124259993,3,15,0,15
2021,4,Spanish Grand Prix,2021-05-09,Circuit de Barcelona-Catalunya,Sergio Pérez,PER,Red Bull,5.7450115718012125,4,12,0,12
2021,4,Spanish Grand Prix,2021-05-09,Circuit de Barcelona-Catalunya,Lando Norris,NOR,McLaren,6.433283636340808,5,10,0,10
2021,4,Spanish Grand Prix,2021-05-09,Circuit de Barcelona-Catalunya,Daniel Ricciardo,RIC,McLaren,7.259306190123,6,8,0,8
2021,4,Spanish Grand Prix,2021-05-09,Circuit de Barcelona-Catalunya,Carlos Sainz,SAI,Ferrari,8.671962087934121,7,6,0,6
2021,4,Spanish Grand Prix,2021-05-09,Circuit de Barcelona-Catalunya,Charles Leclerc,LEC,Ferrari,9.079682882508523,8,4,0,4
2021,4,Spanish Grand Prix,2021-05-09,Circuit de Barcelona-Catalunya,Esteban Ocon,OCO,Alpine F1 Team,10.669117683794475,9,2,0,2
2021,4,Spanish Grand Prix,2021-05-09,Circuit de Barcelona-Catalunya,Lance Stroll,STR,Aston Martin,12.005882587717378,10,1,0,1
2021,4,Spanish Grand Prix,2021-05-09,Circuit de Barcelona-Catalunya,Fernando Alonso,ALO,Alpine F1 Team,12.032626675401998,11,0,0,0
2021,4,Spanish Grand Prix,2021-05-09,Circuit de Barcelona-Catalunya,Sebastian Vettel,VET,Aston Martin,12.092087521651717,12,0,0,0
2021,4,Spanish Grand Prix,2021-05-09,Circuit de Barcelona-Catalunya,Pierre Gasly,GAS,AlphaTauri,12.158497601945893,13,0,0,0
2021,4,Spanish Grand Prix,2021-05-09,Circuit de Barcelona-Catalunya,Yuki Tsunoda,TSU,AlphaTauri,13.63910393778154,14,0,0,0
2021,4,Spanish Grand Prix,2021-05-09,Circuit de Barcelona-Catalunya,Kimi Räikkönen,RAI,Alfa Romeo,13.75920256581866,15,0,0,0
2021,4,Spanish Grand Prix,2021-05-09,Circuit de Barcelona-Catalunya,Antonio Giovinazzi,GIO,Alfa Romeo,14.135256439763737,16,0,0,0
2021,4,Spanish Grand Prix,2021-05-09,Circuit de Barcelona-Catalunya,George Russell,RUS,Williams,15.071636629806047,17,0,0,0
2021,4,Spanish Grand Prix,2021-05-09,Circuit de Barcelona-Catalunya,Nicholas Latifi,LAT,Williams,15.698763287105075,18,0,0,0
2021,4,Spanish Grand Prix,2021-05-09,Circuit de Barcelona-Catalunya,Mick Schumacher,MSC,Haas F1 Team,15.955775332223611,19,0,0,0
2021,4,Spanish Grand Prix,2021-05-09,Circuit de Barcelona-Catalunya,Nikita Mazepin,MAZ,Haas F1 Team,16.660210210411826,20,0,0,0
2021,5,Monaco Grand Prix,2021-05-23,Circuit de Monaco,Lewis Hamilton,HAM,Mercedes,2.6739145880720336,1,25,0,25
2021,5,Monaco Grand Prix,2021-05-23,Circuit de Monaco,Valtteri Bottas,BOT,Mercedes,3.902414073381989,2,18,0,18
2021,5,Monaco Grand Prix,2021-05-23,Circuit de Monaco,Max Verstappen,VER,Red Bull,4.215776093293431,3,15,0,15
2021,5,Monaco Grand Prix,2021-05-23,Circuit de Monaco,Lando Norris,NOR,McLaren,6.475713525548979,4,12,0,12
2021,5,Monaco Grand Prix,2021-05-23,Circuit de Monaco,Sergio Pérez,PER,Red Bull,6.807603513147706,5,10,0,10
2021,5,Monaco Grand Prix,2021-05-23,Circuit de Monaco,Daniel Ricciardo,RIC,McLaren,7.191580055320729,6,8,0,8
2021,5,Monaco Grand Prix,2021-05-23,Circuit de Monaco,Carlos Sainz,SAI,Ferrari,7.21483624320847,7,6,0,6
2021,5,Monaco Grand Prix,2021-05-23,Circuit de Monaco,Charles Leclerc,LEC,Ferrari,7.338971611923394,8,4,0,4
2021,5,Monaco Grand Prix,2021-05-23,Circuit de Monaco,Pierre Gasly,GAS,AlphaTauri,11.09594507994054,9,2,0,2
2021,5,Monaco Grand Prix,2021-05-23,Circuit de Monaco,Esteban Ocon,OCO,Alpine F1 Team,11.89334475079775,10,1,0,1
2021,5,Monaco Grand Prix,2021-05-23,Circuit de Monaco,Sebastian Vettel,VET,Aston Martin,12.056052385826447,11,0,0,0
2021,5,Monaco Grand Prix,2021-05-23,Circuit de Monaco,Fernando Alonso,ALO,Alpine F1 Team,12.591234129098783,12,0,0,0
2021,5,Monaco Grand Prix,2021-05-23,Circuit de Monaco,Lance Stroll,STR,Aston Martin,12.669684081517468,13,0,0,0
2021,5,Monaco Grand Prix,2021-05-23,Circuit de Monaco,Yuki Tsunoda,TSU,AlphaTauri,13.502534606621197,14,0,0,0
2021,5,Monaco Grand Prix,2021-05-23,Circuit de Monaco,Kimi Räikkönen,RAI,Alfa Romeo,13.635478796639095,15,0,0,0
2021,5,Monaco Grand Prix,2021-05-23,Circuit de Monaco,Antonio Giovinazzi,GIO,Alfa Romeo,14.2989533378801,16,0,0,0
2021,5,Monaco Grand Prix,2021-05-23,Circuit de Monaco,George Russell,RUS,Williams,15.68613804709532,17,0,0,0
2021,5,Monaco Grand Prix,2021-05-23,Circuit de Monaco,Mick Schumacher,MSC,Haas F1 Team,15.939682568247328,18,0,0,0
2021,5,Monaco Grand Prix,2021-05-23,Circuit de Monaco,Nicholas Latifi,LAT,Williams,16.001976246153443,19,0,0,0
2021,5,Monaco Grand Prix,2021-05-23,Circuit de Monaco,Nikita Mazepin,MAZ,Haas F1 Team,16.512615287576466,20,0,0,0
2021,6,Azerbaijan Grand Prix,2021-06-06,Baku City Circuit,Lewis Hamilton,HAM,Mercedes,3.0916833413276694,1,25,0,25
2021,6,Azerbaijan Grand Prix,2021-06-06,Baku City Circuit,Max Verstappen,VER,Red Bull,3.9687171890457336,2,18,0,18
2021,6,Azerbaijan Grand Prix,2021-06-06,Baku City Circuit,Valtteri Bottas,BOT,Mercedes,4.839979813745725,3,15,0,15
2021,6,Azerbaijan Grand Prix,2021-06-06,Baku City Circuit,Sergio Pérez,PER,Red Bull,5.502585792408995,4,12,0,12
2021,6,Azerbaijan Grand Prix,2021-06-06,Baku City Circuit,Lando Norris,NOR,McLaren,5.5906706440967415,5,10,0,10
2021,6,Azerbaijan Grand Prix,2021-06-06,Baku City Circuit,Charles Leclerc,LEC,Ferrari,6.002386769796444,6,8,0,8
2021,6,Azerbaijan Grand Prix,2021-06-06,Baku City Circuit,Carlos Sainz,SAI,Ferrari,7.0153967009414,7,6,0,6
2021,6,Azerbaijan Grand Prix,2021-06-06,Baku City Circuit,Daniel Ricciardo,RIC,McLaren,7.982538094396055,8,4,0,4
2021,6,Azerbaijan Grand Prix,2021-06-06,Baku City Circuit,Sebastian Vettel,VET,Aston Martin,11.083795477635872,9,2,0,2
2021,6,Azerbaijan Grand Prix,2021-06-06,Baku City Circuit,Lance Stroll,STR,Aston Martin,11.20794238786872,10,1,0,1
2021,6,Azerbaijan Grand Prix,2021-06-06,Baku City Circuit,Pierre Gasly,GAS,AlphaTauri,12.013842510224348,11,0,0,0
2021,6,Azerbaijan Grand Prix,2021-06-06,Baku City Circuit,Esteban Ocon,OCO,Alpine F1 Team,12.26639444552815,12,0,0,0
2021,6,Azerbaijan Grand Prix,2021-06-06,Baku City Circuit,Fernando Alonso,ALO,Alpine F1 Team,12.31649723046984,13,0,0,0
2021,6,Azerbaijan Grand Prix,2021-06-06,Baku City Circuit,Kimi Räikkönen,RAI,Alfa Romeo,12.438932597886884,14,0,0,0
2021,6,Azerbaijan Grand Prix,2021-06-06,Baku City Circuit,Yuki Tsunoda,TSU,AlphaTauri,13.361250163179914,15,0,0,0
2021,6,Azerbaijan Grand Prix,2021-06-06,Baku City Circuit,Antonio Giovinazzi,GIO,Alfa Romeo,14.036164049073223,16,0,0,0
2021,6,Azerbaijan Grand Prix,2021-06-06,Baku City Circuit,George Russell,RUS,Williams,15.726398467578427,17,0,0,0
2021,6,Azerbaijan Grand Prix,2021-06-06,Baku City Circuit,Mick Schumacher,MSC,Haas F1 Team,16.03692254048898,18,0,0,0
2021,6,Azerbaijan Grand Prix,2021-06-06,Baku City Circuit,Nicholas Latifi,LAT,Williams,16.299357621041647,19,0,0,0
2021,6,Azerbaijan Grand Prix,2021-06-06,Baku City Circuit,Nikita Mazepin,MAZ,Haas F1 Team,16.904496593812535,20,0,0,0
2021,7,French Grand Prix,2021-06-20,Circuit Paul Ricard,Lewis Hamilton,HAM,Mercedes,3.504027387616775,1,25,0,25
2021,7,French Grand Prix,2021-06-20,Circuit Paul Ricard,Max Verstappen,VER,Red Bull,3.622911375688767,2,18,0,18
2021,7,French Grand Prix,2021-06-20,Circuit Paul Ricard,Charles Leclerc,LEC,Ferrari,5.805346363370365,3,15,0,15
2021,7,French Grand Prix,2021-06-20,Circuit Paul Ricard,Sergio Pérez,PER,Red Bull,5.815258154655613,4,12,0,12
2021,7,French Grand Prix,2021-06-20,Circuit Paul Ricard,Valtteri Bottas,BOT,Mercedes,6.065979329439717,5,10,0,10
2021,7,French Grand Prix,2021-06-20,Circuit Paul Ricard,Lando Norris,NOR,McLaren,6.186221154343222,6,8,0,8
2021,7,French Grand Prix,2021-06-20,Circuit Paul Ricard,Carlos Sainz,SAI,Ferrari,6.757949371453524,7,6,0,6
2021,7,French Grand Prix,2021-06-20,Circuit Paul Ricard,Daniel Ricciardo,RIC,McLaren,7.7927761720755235,8,4,0,4
2021,7,French Grand Prix,2021-06-20,Circuit Paul Ricard,Sebastian Vettel,VET,Aston Martin,9.260533538490904,9,2,0,2
2021,7,French Grand Prix,2021-06-20,Circuit Paul Ricard,Pierre Gasly,GAS,AlphaTauri,9.836501294153052,10,1,0,1
2021,7,French Grand Prix,2021-06-20,Circuit Paul Ricard,Yuki Tsunoda,TSU,AlphaTauri,11.733516174611742,11,0,0,0
2021,7,French Grand Prix,2021-06-20,Circuit Paul Ricard,Lance Stroll,STR,Aston Martin,11.762204660495634,12,0,0,0
2021,7,French Grand Prix,2021-06-20,Circuit Paul Ricard,Fernando Alonso,ALO,Alpine F1 Team,11.908688837901792,13,0,0,0
2021,7,French Grand Prix,2021-06-20,Circuit Paul Ricard,Kimi Räikkönen,RAI,Alfa Romeo,12.247867457729132,14,0,0,0
2021,7,French Grand Prix,2021-06-20,Circuit Paul Ricard,Esteban Ocon,OCO,Alpine F1 Team,12.254582868965722,15,0,0,0
2021,7,French Grand Prix,2021-06-20,Circuit Paul Ricard,Antonio Giovinazzi,GIO,Alfa Romeo,13.896293431847972,16,0,0,0
2021,7,French Grand Prix,2021-06-20,Circuit Paul Ricard,Mick Schumacher,MSC,Haas F1 Team,15.635563640514668,17,0,0,0
2021,7,French Grand Prix,2021-06-20,Circuit Paul Ricard,George Russell,RUS,Williams,15.726398467578427,18,0,0,0
2021,7,French Grand Prix,2021-06-20,Circuit Paul Ricard,Nicholas Latifi,LAT,Williams,16.31171991278948,19,0,0,0
2021,7,French Grand Prix,2021-06-20,Circuit Paul Ricard,Nikita Mazepin,MAZ,Haas F1 Team,17.43421272227145,20,0,0,0
2021,8,Styrian Grand Prix,2021-06-27,Red Bull Ring,Lewis Hamilton,HAM,Mercedes,3.324650901378386,1,25,0,25
2021,8,Styrian Grand Prix,2021-06-27,Red Bull Ring,Max Verstappen,VER,Red Bull,3.6100731132619512,2,18,0,18
2021,8,Styrian Grand Prix,2021-06-27,Red Bull Ring,Sergio Pérez,PER,Red Bull,4.526240050643273,3,15,0,15
2021,8,Styrian Grand Prix,2021-06-27,Red Bull Ring,Valtteri Bottas,BOT,Mercedes,4.821271862227936,4,12,0,12
2021,8,Styrian Grand Prix,2021-06-27,Red Bull Ring,Lando Norris,NOR,McLaren,5.597951038719006,5,10,0,10
2021,8,Styrian Grand Prix,2021-06-27,Red Bull Ring,Charles Leclerc,LEC,Ferrari,7.422524081618459,6,8,0,8
2021,8,Styrian Grand Prix,2021-06-27,Red Bull Ring,Carlos Sainz,SAI,Ferrari,7.8013951443694305,7,6,0,6
2021,8,Styrian Grand Prix,2021-06-27,Red Bull Ring,Daniel Ricciardo,RIC,McLaren,8.448171376012482,8,4,0,4
2021,8,Styrian Grand Prix,2021-06-27,Red Bull Ring,Pierre Gasly,GAS,AlphaTauri,9.981781522367925,9,2,0,2
2021,8,Styrian Grand Prix,2021-06-27,Red Bull Ring,Sebastian Vettel,VET,Aston Martin,10.297002621228897,10,1,0,1
2021,8,Styrian Grand Prix,2021-06-27,Red Bull Ring,Lance Stroll,STR,Aston Martin,11.522901358600242,11,0,0,0
2021,8,Styrian Grand Prix,2021-06-27,Red Bull Ring,Fernando Alonso,ALO,Alpine F1 Team,11.926035895278543,12,0,0,0
2021,8,Styrian Grand Prix,2021-06-27,Red Bull Ring,Yuki Tsunoda,TSU,AlphaTauri,12.140818213772398,13,0,0,0
2021,8,Styrian Grand Prix,2021-06-27,Red Bull Ring,Esteban Ocon,OCO,Alpine F1 Team,12.400567428717387,14,0,0,0
2021,8,Styrian Grand Prix,2021-06-27,Red Bull Ring,Kimi Räikkönen,RAI,Alfa Romeo,13.401919800441252,15,0,0,0
2021,8,Styrian Grand Prix,2021-06-27,Red Bull Ring,Antonio Giovinazzi,GIO,Alfa Romeo,13.910088689070216,16,0,0,0
2021,8,Styrian Grand Prix,2021-06-27,Red Bull Ring,George Russell,RUS,Williams,15.04029046446212,17,0,0,0
2021,8,Styrian Grand Prix,2021-06-27,Red Bull Ring,Nicholas Latifi,LAT,Williams,15.669682293816182,18,0,0,0
2021,8,Styrian Grand Prix,2021-06-27,Red Bull Ring,Mick Schumacher,MSC,Haas F1 Team,15.99820056987703,19,0,0,0
2021,8,Styrian Grand Prix,2021-06-27,Red Bull Ring,Nikita Mazepin,MAZ,Haas F1 Team,16.658851783168966,20,0,0,0
2021,9,Austrian Grand Prix,2021-07-04,Red Bull Ring,Lewis Hamilton,HAM,Mercedes,3.405749526219194,1,25,0,25
2021,9,Austrian Grand Prix,2021-07-04,Red Bull Ring,Max Verstappen,VER,Red Bull,3.4598228320289346,2,18,0,18
2021,9,Austrian Grand Prix,2021-07-04,Red Bull Ring,Sergio Pérez,PER,Red Bull,4.470267879018392,3,15,0,15
2021,9,Austrian Grand Prix,2021-07-04,Red Bull Ring,Valtteri Bottas,BOT,Mercedes,4.902370487068742,4,12,0,12
2021,9,Austrian Grand Prix,2021-07-04,Red Bull Ring,Lando Norris,NOR,McLaren,5.657892881497975,5,10,0,10
2021,9,Austrian Grand Prix,2021-07-04,Red Bull Ring,Charles Leclerc,LEC,Ferrari,6.624105491431614,6,8,0,8
2021,9,Austrian Grand Prix,2021-07-04,Red Bull Ring,Carlos Sainz,SAI,Ferrari,7.208394469906767,7,6,0,6
2021,9,Austrian Grand Prix,2021-07-04,Red Bull Ring,Daniel Ricciardo,RIC,McLaren,9.476695504053984,8,4,0,4
2021,9,Austrian Grand Prix,2021-07-04,Red Bull Ring,Pierre Gasly,GAS,AlphaTauri,10.073507051734127,9,2,0,2
2021,9,Austrian Grand Prix,2021-07-04,Red Bull Ring,Sebastian Vettel,VET,Aston Martin,10.108070599068594,10,1,0,1
2021,9,Austrian Grand Prix,2021-07-04,Red Bull Ring,Lance Stroll,STR,Aston Martin,11.096492205258386,11,0,0,0
2021,9,Austrian Grand Prix,2021-07-04,Red Bull Ring,Yuki Tsunoda,TSU,AlphaTauri,11.981445797965325,12,0,0,0
2021,9,Austrian Grand Prix,2021-07-04,Red Bull Ring,Fernando Alonso,ALO,Alpine F1 Team,12.212369754754434,13,0,0,0
2021,9,Austrian Grand Prix,2021-07-04,Red Bull Ring,Esteban Ocon,OCO,Alpine F1 Team,12.976605897347,14,0,0,0
2021,9,Austrian Grand Prix,2021-07-04,Red Bull Ring,Kimi Räikkönen,RAI,Alfa Romeo,13.062104220658794,15,0,0,0
2021,9,Austrian Grand Prix,2021-07-04,Red Bull Ring,Antonio Giovinazzi,GIO,Alfa Romeo,13.728846841085144,16,0,0,0
2021,9,Austrian Grand Prix,2021-07-04,Red Bull Ring,George Russell,RUS,Williams,15.497648350899537,17,0,0,0
2021,9,Austrian Grand Prix,2021-07-04,Red Bull Ring,Nicholas Latifi,LAT,Williams,15.685775057792466,18,0,0,0
2021,9,Austrian Grand Prix,2021-07-04,Red Bull Ring,Mick Schumacher,MSC,Haas F1 Team,15.71295132244503,19,0,0,0
2021,9,Austrian Grand Prix,2021-07-04,Red Bull Ring,Nikita Mazepin,MAZ,Haas F1 Team,16.548339847816028,20,0,0,0
2021,10,British Grand Prix,2021-07-18,Silverstone Circuit,Max Verstappen,VER,Red Bull,3.569686953679103,1,25,0,25
2021,10,British Grand Prix,2021-07-18,Silverstone Circuit,Sergio Pérez,PER,Red Bull,4.451292786350586,2,18,0,18
2021,10,British Grand Prix,2021-07-18,Silverstone Circuit,Lewis Hamilton,HAM,Mercedes,4.593581998379718,3,15,0,15
2021,10,British Grand Prix,2021-07-18,Silverstone Circuit,Valtteri Bottas,BOT,Mercedes,5.057945723816984,4,12,0,12
2021,10,British Grand Prix,2021-07-18,Silverstone Circuit,Lando Norris,NOR,McLaren,6.066250885805897,5,10,0,10
2021,10,British Grand Prix,2021-07-18,Silverstone Circuit,Carlos Sainz,SAI,Ferrari,6.899578091796186,6,8,0,8
2021,10,British Grand Prix,2021-07-18,Silverstone Circuit,Charles Leclerc,LEC,Ferrari,7.461649480444619,7,6,0,6
2021,10,British Grand Prix,2021-07-18,Silverstone Circuit,Daniel Ricciardo,RIC,McLaren,8.847655688615601,8,4,0,4
2021,10,British Grand Prix,2021-07-18,Silverstone Circuit,Pierre Gasly,GAS,AlphaTauri,9.771235674784885,9,2,0,2
2021,10,British Grand Prix,2021-07-18,Silverstone Circuit,Sebastian Vettel,VET,Aston Martin,9.85954181810572,10,1,0,1
2021,10,British Grand Prix,2021-07-18,Silverstone Circuit,Lance Stroll,STR,Aston Martin,11.403861548441975,11,0,0,0
2021,10,British Grand Prix,2021-07-18,Silverstone Circuit,Yuki Tsunoda,TSU,AlphaTauri,11.900659511729382,12,0,0,0
2021,10,British Grand Prix,2021-07-18,Silverstone Circuit,Esteban Ocon,OCO,Alpine F1 Team,12.00888239867538,13,0,0,0
2021,10,British Grand Prix,2021-07-18,Silverstone Circuit,Fernando Alonso,ALO,Alpine F1 Team,12.239940691238282,14,0,0,0
2021,10,British Grand Prix,2021-07-18,Silverstone Circuit,Kimi Räikkönen,RAI,Alfa Romeo,13.589357106609263,15,0,0,0
2021,10,British Grand Prix,2021-07-18,Silverstone Circuit,Antonio Giovinazzi,GIO,Alfa Romeo,13.825973393480115,16,0,0,0
2021,10,British Grand Prix,2021-07-18,Silverstone Circuit,George Russell,RUS,Williams,14.517952672791216,17,0,0,0
2021,10,British Grand Prix,2021-07-18,Silverstone Circuit,Nicholas Latifi,LAT,Williams,15.163437266121562,18,0,0,0
2021,10,British Grand Prix,2021-07-18,Silverstone Circuit,Mick Schumacher,MSC,Haas F1 Team,15.893285526841158,19,0,0,0
2021,10,British Grand Prix,2021-07-18,Silverstone Circuit,Nikita Mazepin,MAZ,Haas F1 Team,16.335264598987518,20,0,0,0
2021,11,Hungarian Grand Prix,2021-08-01,Hungaroring,Lewis Hamilton,HAM,Mercedes,3.333248963818825,1,25,0,25
2021,11,Hungarian Grand Prix,2021-08-01,Hungaroring,Max Verstappen,VER,Red Bull,3.765155552671549,2,18,0,18
2021,11,Hungarian Grand Prix,2021-08-01,Hungaroring,Valtteri Bottas,BOT,Mercedes,4.826986743744605,3,15,0,15
2021,11,Hungarian Grand Prix,2021-08-01,Hungaroring,Lando Norris,NOR,McLaren,6.078553361682325,4,12,0,12
2021,11,Hungarian Grand Prix,2021-08-01,Hungaroring,Sergio Pérez,PER,Red Bull,6.147438187200595,5,10,0,10
2021,11,Hungarian Grand Prix,2021-08-01,Hungaroring,Charles Leclerc,LEC,Ferrari,6.550899842667565,6,8,0,8
2021,11,Hungarian Grand Prix,2021-08-01,Hungaroring,Carlos Sainz,SAI,Ferrari,6.982193866415581,7,6,0,6
2021,11,Hungarian Grand Prix,2021-08-01,Hungaroring,Daniel Ricciardo,RIC,McLaren,7.335525596855791,8,4,0,4
2021,11,Hungarian Grand Prix,2021-08-01,Hungaroring,Pierre Gasly,GAS,AlphaTauri,10.040609442363223,9,2,0,2
2021,11,Hungarian Grand Prix,2021-08-01,Hungaroring,Fernando Alonso,ALO,Alpine F1 Team,10.45049561245268,10,1,0,1
2021,11,Hungarian Grand Prix,2021-08-01,Hungaroring,Sebastian Vettel,VET,Aston Martin,10.753222874463546,11,0,0,0
2021,11,Hungarian Grand Prix,2021-08-01,Hungaroring,Yuki Tsunoda,TSU,AlphaTauri,12.010700646714064,12,0,0,0
2021,11,Hungarian Grand Prix,2021-08-01,Hungaroring,Lance Stroll,STR,Aston Martin,12.037041384162388,13,0,0,0
2021,11,Hungarian Grand Prix,2021-08-01,Hungaroring,Esteban Ocon,OCO,Alpine F1 Team,12.877506366243823,14,0,0,0
2021,11,Hungarian Grand Prix,2021-08-01,Hungaroring,Kimi Räikkönen,RAI,Alfa Romeo,13.546161075016604,15,0,0,0
2021,11,Hungarian Grand Prix,2021-08-01,Hungaroring,Antonio Giovinazzi,GIO,Alfa Romeo,14.135256439763737,16,0,0,0
2021,11,Hungarian Grand Prix,2021-08-01,Hungaroring,George Russell,RUS,Williams,14.477692252308106,17,0,0,0
2021,11,Hungarian Grand Prix,2021-08-01,Hungaroring,Nicholas Latifi,LAT,Williams,15.240185313880565,18,0,0,0
2021,11,Hungarian Grand Prix,2021-08-01,Hungaroring,Mick Schumacher,MSC,Haas F1 Team,15.853025106358048,19,0,0,0
2021,11,Hungarian Grand Prix,2021-08-01,Hungaroring,Nikita Mazepin,MAZ,Haas F1 Team,16.44205058966347,20,0,0,0
2021,12,Belgian Grand Prix,2021-08-29,Circuit de Spa-Francorchamps,Lewis Hamilton,HAM,Mercedes,3.140407961152201,1,25,0,25
2021,12,Belgian Grand Prix,2021-08-29,Circuit de Spa-Francorchamps,Max Verstappen,VER,Red Bull,4.634841879041474,2,18,0,18
2021,12,Belgian Grand Prix,2021-08-29,Circuit de Spa-Francorchamps,Valtteri Bottas,BOT,Mercedes,4.886526809867194,3,15,0,15
2021,12,Belgian Grand Prix,2021-08-29,Circuit de Spa-Francorchamps,Lando Norris,NOR,McLaren,6.428306391915604,4,12,0,12
2021,12,Belgian Grand Prix,2021-08-29,Circuit de Spa-Francorchamps,Sergio Pérez,PER,Red Bull,7.036073744249549,5,10,0,10
2021,12,Belgian Grand Prix,2021-08-29,Circuit de Spa-Francorchamps,Carlos Sainz,SAI,Ferrari,7.096159184458364,6,8,0,8
2021,12,Belgian Grand Prix,2021-08-29,Circuit de Spa-Francorchamps,Charles Leclerc,LEC,Ferrari,7.2341303198325075,7,6,0,6
2021,12,Belgian Grand Prix,2021-08-29,Circuit de Spa-Francorchamps,Daniel Ricciardo,RIC,McLaren,7.71332235261709,8,4,0,4
2021,12,Belgian Grand Prix,2021-08-29,Circuit de Spa-Francorchamps,Esteban Ocon,OCO,Alpine F1 Team,8.476398913478178,9,2,0,2
2021,12,Belgian Grand Prix,2021-08-29,Circuit de Spa-Francorchamps,Fernando Alonso,ALO,Alpine F1 Team,8.589071904854336,10,1,0,1
2021,12,Belgian Grand Prix,2021-08-29,Circuit de Spa-Francorchamps,Pierre Gasly,GAS,AlphaTauri,10.872205684085056,11,0,0,0
2021,12,Belgian Grand Prix,2021-08-29,Circuit de Spa-Francorchamps,Sebastian Vettel,VET,Aston Martin,12.109447651221272,12,0,0,0
2021,12,Belgian Grand Prix,2021-08-29,Circuit de Spa-Francorchamps,Yuki Tsunoda,TSU,AlphaTauri,12.401517034816829,13,0,0,0
2021,12,Belgian Grand Prix,2021-08-29,Circuit de Spa-Francorchamps,Nicholas Latifi,LAT,Williams,12.851265505795183,14,0,0,0
2021,12,Belgian Grand Prix,2021-08-29,Circuit de Spa-Francorchamps,Lance Stroll,STR,Aston Martin,12.8998029690404,15,0,0,0
2021,12,Belgian Grand Prix,2021-08-29,Circuit de Spa-Francorchamps,George Russell,RUS,Williams,12.916769094562213,16,0,0,0
2021,12,Belgian Grand Prix,2021-08-29,Circuit de Spa-Francorchamps,Kimi Räikkönen,RAI,Alfa Romeo,13.711774352947474,17,0,0,0
2021,12,Belgian Grand Prix,2021-08-29,Circuit de Spa-Francorchamps,Antonio Giovinazzi,GIO,Alfa Romeo,14.196313683329992,18,0,0,0
2021,12,Belgian Grand Prix,2021-08-29,Circuit de Spa-Francorchamps,Mick Schumacher,MSC,Haas F1 Team,15.635563640514668,19,0,0,0
2021,12,Belgian Grand Prix,2021-08-29,Circuit de Spa-Francorchamps,Nikita Mazepin,MAZ,Haas F1 Team,16.482311010146578,20,0,0,0
2021,13,Dutch Grand Prix,2021-09-05,Circuit Park Zandvoort,Lewis Hamilton,HAM,Mercedes,3.522077274810252,1,25,0,25
2021,13,Dutch Grand Prix,2021-09-05,Circuit Park Zandvoort,Valtteri Bottas,BOT,Mercedes,5.280499333374144,2,18,0,18
2021,13,Dutch Grand Prix,2021-09-05,Circuit Park Zandvoort,Max Verstappen,VER,Red Bull,5.282290378777586,3,15,0,15
2021,13,Dutch Grand Prix,2021-09-05,Circuit Park Zandvoort,Carlos Sainz,SAI,Ferrari,6.321858939970113,4,12,0,12
2021,13,Dutch Grand Prix,2021-09-05,Circuit Park Zandvoort,Charles Leclerc,LEC,Ferrari,7.077139732651368,5,10,0,10
2021,13,Dutch Grand Prix,2021-09-05,Circuit Park Zandvoort,Lando Norris,NOR,McLaren,8.26027343714284,6,8,0,8
2021,13,Dutch Grand Prix,2021-09-05,Circuit Park Zandvoort,Sergio Pérez,PER,Red Bull,8.630481539423704,7,6,0,6
2021,13,Dutch Grand Prix,2021-09-05,Circuit Park Zandvoort,Esteban Ocon,OCO,Alpine F1 Team,8.714315805813346,8,4,0,4
2021,13,Dutch Grand Prix,2021-09-05,Circuit Park Zandvoort,Daniel Ricciardo,RIC,McLaren,8.808364422889467,9,2,0,2
2021,13,Dutch Grand Prix,2021-09-05,Circuit Park Zandvoort,Fernando Alonso,ALO,Alpine F1 Team,9.493765641388784,10,1,0,1
2021,13,Dutch Grand Prix,2021-09-05,Circuit Park Zandvoort,Pierre Gasly,GAS,AlphaTauri,11.552351165154692,11,0,0,0
2021,13,Dutch Grand Prix,2021-09-05,Circuit Park Zandvoort,George Russell,RUS,Williams,11.964123349640523,12,0,0,0
2021,13,Dutch Grand Prix,2021-09-05,Circuit Park Zandvoort,Nicholas Latifi,LAT,Williams,12.478169714091385,13,0,0,0
2021,13,Dutch Grand Prix,2021-09-05,Circuit Park Zandvoort,Sebastian Vettel,VET,Aston Martin,12.482803812879244,14,0,0,0
2021,13,Dutch Grand Prix,2021-09-05,Circuit Park Zandvoort,Lance Stroll,STR,Aston Martin,12.72869628394596,15,0,0,0
2021,13,Dutch Grand Prix,2021-09-05,Circuit Park Zandvoort,Yuki Tsunoda,TSU,AlphaTauri,12.973430894716175,16,0,0,0
2021,13,Dutch Grand Prix,2021-09-05,Circuit Park Zandvoort,Antonio Giovinazzi,GIO,Alfa Romeo,14.177145476575186,17,0,0,0
2021,13,Dutch Grand Prix,2021-09-05,Circuit Park Zandvoort,Robert Kubica,KUB,Alfa Romeo,14.33856225864961,18,0,0,0
2021,13,Dutch Grand Prix,2021-09-05,Circuit Park Zandvoort,Mick Schumacher,MSC,Haas F1 Team,15.869117870334332,19,0,0,0
2021,13,Dutch Grand Prix,2021-09-05,Circuit Park Zandvoort,Nikita Mazepin,MAZ,Haas F1 Team,17.393952301788342,20,0,0,0
2021,14,Italian Grand Prix,2021-09-12,Autodromo Nazionale di Monza,Lewis Hamilton,HAM,Mercedes,3.333248963818825,1,25,0,25
2021,14,Italian Grand Prix,2021-09-12,Autodromo Nazionale di Monza,Valtteri Bottas,BOT,Mercedes,4.818388681304167,2,18,0,18
2021,14,Italian Grand Prix,2021-09-12,Autodromo Nazionale di Monza,Max Verstappen,VER,Red Bull,5.510971059085565,3,15,0,15
2021,14,Italian Grand Prix,2021-09-12,Autodromo Nazionale di Monza,Carlos Sainz,SAI,Ferrari,6.427617471783495,4,12,0,12
2021,14,Italian Grand Prix,2021-09-12,Autodromo Nazionale di Monza,Charles Leclerc,LEC,Ferrari,7.019532254791505,5,10,0,10
2021,14,Italian Grand Prix,2021-09-12,Autodromo Nazionale di Monza,Lando Norris,NOR,McLaren,7.294954834662716,6,8,0,8
2021,14,Italian Grand Prix,2021-09-12,Autodromo Nazionale di Monza,Sergio Pérez,PER,Red Bull,7.996732146312484,7,6,0,6
2021,14,Italian Grand Prix,2021-09-12,Autodromo Nazionale di Monza,Fernando Alonso,ALO,Alpine F1 Team,8.451133820169408,8,4,0,4
2021,14,Italian Grand Prix,2021-09-12,Autodromo Nazionale di Monza,Daniel Ricciardo,RIC,McLaren,8.593513331619368,9,2,0,2
2021,14,Italian Grand Prix,2021-09-12,Autodromo Nazionale di Monza,Esteban Ocon,OCO,Alpine F1 Team,8.74486842428249,10,1,0,1
2021,14,Italian Grand Prix,2021-09-12,Autodromo Nazionale di Monza,Pierre Gasly,GAS,AlphaTauri,10.371380562837102,11,0,0,0
2021,14,Italian Grand Prix,2021-09-12,Autodromo Nazionale di Monza,Yuki Tsunoda,TSU,AlphaTauri,12.034651392570176,12,0,0,0
2021,14,Italian Grand Prix,2021-09-12,Autodromo Nazionale di Monza,George Russell,RUS,Williams,12.538888187497,13,0,0,0
2021,14,Italian Grand Prix,2021-09-12,Autodromo Nazionale di Monza,Sebastian Vettel,VET,Aston Martin,12.612078882252057,14,0,0,0
2021,14,Italian Grand Prix,2021-09-12,Autodromo Nazionale di Monza,Nicholas Latifi,LAT,Williams,12.679463600835822,15,0,0,0
2021,14,Italian Grand Prix,2021-09-12,Autodromo Nazionale di Monza,Lance Stroll,STR,Aston Martin,13.297782893839242,16,0,0,0
2021,14,Italian Grand Prix,2021-09-12,Autodromo Nazionale di Monza,Antonio Giovinazzi,GIO,Alfa Romeo,14.165339158209235,17,0,0,0
2021,14,Italian Grand Prix,2021-09-12,Autodromo Nazionale di Monza,Robert Kubica,KUB,Alfa Romeo,14.721080739955102,18,0,0,0
2021,14,Italian Grand Prix,2021-09-12,Autodromo Nazionale di Monza,Mick Schumacher,MSC,Haas F1 Team,15.893285526841158,19,0,0,0
2021,14,Italian Grand Prix,2021-09-12,Autodromo Nazionale di Monza,Nikita Mazepin,MAZ,Haas F1 Team,16.275388170114955,20,0,0,0
2021,15,Russian Grand Prix,2021-09-26,Sochi Autodrom,Lewis Hamilton,HAM,Mercedes,3.309289001537117,1,25,0,25
2021,15,Russian Grand Prix,2021-09-26,Sochi Autodrom,Valtteri Bottas,BOT,Mercedes,4.805884655472355,2,18,0,18
2021,15,Russian Grand Prix,2021-09-26,Sochi Autodrom,Charles Leclerc,LEC,Ferrari,5.789959156614785,3,15,0,15
2021,15,Russian Grand Prix,2021-09-26,Sochi Autodrom,Max Verstappen,VER,Red Bull,6.313476240318547,4,12,0,12
2021,15,Russian Grand Prix,2021-09-26,Sochi Autodrom,Daniel Ricciardo,RIC,McLaren,6.719824431875892,5,10,0,10
2021,15,Russian Grand Prix,2021-09-26,Sochi Autodrom,Carlos Sainz,SAI,Ferrari,7.043473391696241,6,8,0,8
2021,15,Russian Grand Prix,2021-09-26,Sochi Autodrom,Lando Norris,NOR,McLaren,7.148715874361395,7,6,0,6
2021,15,Russian Grand Prix,2021-09-26,Sochi Autodrom,Esteban Ocon,OCO,Alpine F1 Team,7.9385480717370065,8,4,0,4
2021,15,Russian Grand Prix,2021-09-26,Sochi Autodrom,Fernando Alonso,ALO,Alpine F1 Team,8.021821018973325,9,2,0,2
2021,15,Russian Grand Prix,2021-09-26,Sochi Autodrom,Sergio Pérez,PER,Red Bull,8.214796631016323,10,1,0,1
2021,15,Russian Grand Prix,2021-09-26,Sochi Autodrom,Pierre Gasly,GAS,AlphaTauri,10.402646348993722,11,0,0,0
2021,15,Russian Grand Prix,2021-09-26,Sochi Autodrom,Yuki Tsunoda,TSU,AlphaTauri,12.081659924687116,12,0,0,0
2021,15,Russian Grand Prix,2021-09-26,Sochi Autodrom,George Russell,RUS,Williams,12.253350034099991,13,0,0,0
2021,15,Russian Grand Prix,2021-09-26,Sochi Autodrom,Lance Stroll,STR,Aston Martin,12.28300195291654,14,0,0,0
2021,15,Russian Grand Prix,2021-09-26,Sochi Autodrom,Sebastian Vettel,VET,Aston Martin,12.316764302808403,15,0,0,0
2021,15,Russian Grand Prix,2021-09-26,Sochi Autodrom,Nicholas Latifi,LAT,Williams,12.71869320353673,16,0,0,0
2021,15,Russian Grand Prix,2021-09-26,Sochi Autodrom,Kimi Räikkönen,RAI,Alfa Romeo,13.45244955852514,17,0,0,0
2021,15,Russian Grand Prix,2021-09-26,Sochi Autodrom,Antonio Giovinazzi,GIO,Alfa Romeo,14.100397428816184,18,0,0,0
2021,15,Russian Grand Prix,2021-09-26,Sochi Autodrom,Mick Schumacher,MSC,Haas F1 Team,15.90937829081744,19,0,0,0
2021,15,Russian Grand Prix,2021-09-26,Sochi Autodrom,Nikita Mazepin,MAZ,Haas F1 Team,17.43421272227145,20,0,0,0
2021,16,Turkish Grand Prix,2021-10-10,Istanbul Park,Lewis Hamilton,HAM,Mercedes,3.4886148739468834,1,25,0,25
2021,16,Turkish Grand Prix,2021-10-10,Istanbul Park,Max Verstappen,VER,Red Bull,5.204300146000838,2,18,0,18
2021,16,Turkish Grand Prix,2021-10-10,Istanbul Park,Valtteri Bottas,BOT,Mercedes,5.892639341981388,3,15,0,15
2021,16,Turkish Grand Prix,2021-10-10,Istanbul Park,Carlos Sainz,SAI,Ferrari,6.576749132004292,4,12,0,12
2021,16,Turkish Grand Prix,2021-10-10,Istanbul Park,Charles Leclerc,LEC,Ferrari,6.6864804894087335,5,10,0,10
2021,16,Turkish Grand Prix,2021-10-10,Istanbul Park,Lando Norris,NOR,McLaren,6.700154257387899,6,8,0,8
2021,16,Turkish Grand Prix,2021-10-10,Istanbul Park,Daniel Ricciardo,RIC,McLaren,6.785749962197995,7,6,0,6
2021,16,Turkish Grand Prix,2021-10-10,Istanbul Park,Fernando Alonso,ALO,Alpine F1 Team,7.948826334357884,8,4,0,4
2021,16,Turkish Grand Prix,2021-10-10,Istanbul Park,Esteban Ocon,OCO,Alpine F1 Team,8.40884686186613,9,2,0,2
2021,16,Turkish Grand Prix,2021-10-10,Istanbul Park,Sergio Pérez,PER,Red Bull,8.861780878604769,10,1,0,1
2021,16,Turkish Grand Prix,2021-10-10,Istanbul Park,Pierre Gasly,GAS,AlphaTauri,10.159656845987532,11,0,0,0
2021,16,Turkish Grand Prix,2021-10-10,Istanbul Park,Sebastian Vettel,VET,Aston Martin,11.651086538523584,12,0,0,0
2021,16,Turkish Grand Prix,2021-10-10,Istanbul Park,Yuki Tsunoda,TSU,AlphaTauri,11.799535994247918,13,0,0,0
2021,16,Turkish Grand Prix,2021-10-10,Istanbul Park,George Russell,RUS,Williams,12.29095434843191,14,0,0,0
2021,16,Turkish Grand Prix,2021-10-10,Istanbul Park,Lance Stroll,STR,Aston Martin,12.4295753399135,15,0,0,0
2021,16,Turkish Grand Prix,2021-10-10,Istanbul Park,Kimi Räikkönen,RAI,Alfa Romeo,12.799238454988563,16,0,0,0
2021,16,Turkish Grand Prix,2021-10-10,Istanbul Park,Nicholas Latifi,LAT,Williams,12.913386919663209,17,0,0,0
2021,16,Turkish Grand Prix,2021-10-10,Istanbul Park,Antonio Giovinazzi,GIO,Alfa Romeo,14.124223709707298,18,0,0,0
2021,16,Turkish Grand Prix,2021-10-10,Istanbul Park,Mick Schumacher,MSC,Haas F1 Team,15.702455450785816,19,0,0,0
2021,16,Turkish Grand Prix,2021-10-10,Istanbul Park,Nikita Mazepin,MAZ,Haas F1 Team,17.418119958295165,20,0,0,0
2021,17,United States Grand Prix,2021-10-24,Circuit of the Americas,Max Verstappen,VER,Red Bull,3.764296762106283,1,25,0,25
2021,17,United States Grand Prix,2021-10-24,Circuit of the Americas,Lewis Hamilton,HAM,Mercedes,4.031306869250501,2,18,0,18
2021,17,United States Grand Prix,2021-10-24,Circuit of the Americas,Valtteri Bottas,BOT,Mercedes,4.16702214847218,3,15,0,15
2021,17,United States Grand Prix,2021-10-24,Circuit of the Americas,Daniel Ricciardo,RIC,McLaren,6.693951289477779,4,12,0,12
2021,17,United States Grand Prix,2021-10-24,Circuit of the Americas,Carlos Sainz,SAI,Ferrari,6.844623208553742,5,10,0,10
2021,17,United States Grand Prix,2021-10-24,Circuit of the Americas,Lando Norris,NOR,McLaren,6.926104403018653,6,8,0,8
2021,17,United States Grand Prix,2021-10-24,Circuit of the Americas,Sergio Pérez,PER,Red Bull,7.0741058491476885,7,6,0,6
2021,17,United States Grand Prix,2021-10-24,Circuit of the Americas,Charles Leclerc,LEC,Ferrari,7.298126159502358,8,4,0,4
2021,17,United States Grand Prix,2021-10-24,Circuit of the Americas,Pierre Gasly,GAS,AlphaTauri,10.816776233164315,9,2,0,2
2021,17,United States Grand Prix,2021-10-24,Circuit of the Americas,Fernando Alonso,ALO,Alpine F1 Team,11.647076234938304,10,1,0,1
2021,17,United States Grand Prix,2021-10-24,Circuit of the Americas,Sebastian Vettel,VET,Aston Martin,11.813720354867645,11,0,0,0
2021,17,United States Grand Prix,2021-10-24,Circuit of the Americas,Esteban Ocon,OCO,Alpine F1 Team,12.239938559113616,12,0,0,0
2021,17,United States Grand Prix,2021-10-24,Circuit of the Americas,Lance Stroll,STR,Aston Martin,12.532437749961003,13,0,0,0
2021,17,United States Grand Prix,2021-10-24,Circuit of the Americas,George Russell,RUS,Williams,12.798390144748762,14,0,0,0
2021,17,United States Grand Prix,2021-10-24,Circuit of the Americas,Kimi Räikkönen,RAI,Alfa Romeo,12.863410173899789,15,0,0,0
2021,17,United States Grand Prix,2021-10-24,Circuit of the Americas,Yuki Tsunoda,TSU,AlphaTauri,13.86850806717278,16,0,0,0
2021,17,United States Grand Prix,2021-10-24,Circuit of the Americas,Nicholas Latifi,LAT,Williams,14.024396438098409,17,0,0,0
2021,17,United States Grand Prix,2021-10-24,Circuit of the Americas,Antonio Giovinazzi,GIO,Alfa Romeo,14.077535279833045,18,0,0,0
2021,17,United States Grand Prix,2021-10-24,Circuit of the Americas,Mick Schumacher,MSC,Haas F1 Team,16.026098698612312,19,0,0,0
2021,17,United States Grand Prix,2021-10-24,Circuit of the Americas,Nikita Mazepin,MAZ,Haas F1 Team,16.699112203652074,20,0,0,0
2021,18,Mexico City Grand Prix,2021-11-07,Autódromo Hermanos Rodríguez,Lewis Hamilton,HAM,Mercedes,3.2433637869501197,1,25,0,25
2021,18,Mexico City Grand Prix,2021-11-07,Autódromo Hermanos Rodríguez,Max Verstappen,VER,Red Bull,3.3800276379892016,2,18,0,18
2021,18,Mexico City Grand Prix,2021-11-07,Autódromo Hermanos Rodríguez,Valtteri Bottas,BOT,Mercedes,3.704844331463618,3,15,0,15
2021,18,Mexico City Grand Prix,2021-11-07,Autódromo Hermanos Rodríguez,Sergio Pérez,PER,Red Bull,5.841241123048097,4,12,0,12
2021,18,Mexico City Grand Prix,2021-11-07,Autódromo Hermanos Rodríguez,Charles Leclerc,LEC,Ferrari,5.922480968053797,5,10,0,10
2021,18,Mexico City Grand Prix,2021-11-07,Autódromo Hermanos Rodríguez,Daniel Ricciardo,RIC,McLaren,6.58717270007637,6,8,0,8
2021,18,Mexico City Grand Prix,2021-11-07,Autódromo Hermanos Rodríguez,Carlos Sainz,SAI,Ferrari,6.592132288760526,7,6,0,6
2021,18,Mexico City Grand Prix,2021-11-07,Autódromo Hermanos Rodríguez,Lando Norris,NOR,McLaren,7.609485597805411,8,4,0,4
2021,18,Mexico City Grand Prix,2021-11-07,Autódromo Hermanos Rodríguez,Pierre Gasly,GAS,AlphaTauri,11.639085420866753,9,2,0,2
2021,18,Mexico City Grand Prix,2021-11-07,Autódromo Hermanos Rodríguez,Fernando Alonso,ALO,Alpine F1 Team,11.726376165531972,10,1,0,1
2021,18,Mexico City Grand Prix,2021-11-07,Autódromo Hermanos Rodríguez,Sebastian Vettel,VET,Aston Martin,12.043362901827184,11,0,0,0
2021,18,Mexico City Grand Prix,2021-11-07,Autódromo Hermanos Rodríguez,Lance Stroll,STR,Aston Martin,12.45598905736288,12,0,0,0
2021,18,Mexico City Grand Prix,2021-11-07,Autódromo Hermanos Rodríguez,Kimi Räikkönen,RAI,Alfa Romeo,12.629218421432348,13,0,0,0
2021,18,Mexico City Grand Prix,2021-11-07,Autódromo Hermanos Rodríguez,Esteban Ocon,OCO,Alpine F1 Team,12.89654212985744,14,0,0,0
2021,18,Mexico City Grand Prix,2021-11-07,Autódromo Hermanos Rodríguez,Yuki Tsunoda,TSU,AlphaTauri,13.551875598750954,15,0,0,0
2021,18,Mexico City Grand Prix,2021-11-07,Autódromo Hermanos Rodríguez,George Russell,RUS,Williams,13.656932763108756,16,0,0,0
2021,18,Mexico City Grand Prix,2021-11-07,Autódromo Hermanos Rodríguez,Antonio Giovinazzi,GIO,Alfa Romeo,13.856033011364865,17,0,0,0
2021,18,Mexico City Grand Prix,2021-11-07,Autódromo Hermanos Rodríguez,Nicholas Latifi,LAT,Williams,14.547511300648932,18,0,0,0
2021,18,Mexico City Grand Prix,2021-11-07,Autódromo Hermanos Rodríguez,Mick Schumacher,MSC,Haas F1 Team,16.00193104210548,19,0,0,0
2021,18,Mexico City Grand Prix,2021-11-07,Autódromo Hermanos Rodríguez,Nikita Mazepin,MAZ,Haas F1 Team,16.865774623200586,20,0,0,0
2021,19,São Paulo Grand Prix,2021-11-14,Autódromo José Carlos Pace,Max Verstappen,VER,Red Bull,3.306829550072434,1,25,0,25
2021,19,São Paulo Grand Prix,2021-11-14,Autódromo José Carlos Pace,Lewis Hamilton,HAM,Mercedes,3.397858200372472,2,18,0,18
2021,19,São Paulo Grand Prix,2021-11-14,Autódromo José Carlos Pace,Valtteri Bottas,BOT,Mercedes,5.41136397966023,3,15,0,15
2021,19,São Paulo Grand Prix,2021-11-14,Autódromo José Carlos Pace,Sergio Pérez,PER,Red Bull,5.853472579603133,4,12,0,12
2021,19,São Paulo Grand Prix,2021-11-14,Autódromo José Carlos Pace,Carlos Sainz,SAI,Ferrari,6.300882961281163,5,10,0,10
2021,19,São Paulo Grand Prix,2021-11-14,Autódromo José Carlos Pace,Charles Leclerc,LEC,Ferrari,6.371313026230231,6,8,0,8
2021,19,São Paulo Grand Prix,2021-11-14,Autódromo José Carlos Pace,Daniel Ricciardo,RIC,McLaren,6.785226482308831,7,6,0,6
2021,19,São Paulo Grand Prix,2021-11-14,Autódromo José Carlos Pace,Lando Norris,NOR,McLaren,7.346183319729431,8,4,0,4
2021,19,São Paulo Grand Prix,2021-11-14,Autódromo José Carlos Pace,Pierre Gasly,GAS,AlphaTauri,11.071137710045123,9,2,0,2
2021,19,São Paulo Grand Prix,2021-11-14,Autódromo José Carlos Pace,Sebastian Vettel,VET,Aston Martin,11.113249197950124,10,1,0,1
2021,19,São Paulo Grand Prix,2021-11-14,Autódromo José Carlos Pace,Kimi Räikkönen,RAI,Alfa Romeo,11.255243190454866,11,0,0,0
2021,19,São Paulo Grand Prix,2021-11-14,Autódromo José Carlos Pace,Fernando Alonso,ALO,Alpine F1 Team,12.235868542870184,12,0,0,0
2021,19,São Paulo Grand Prix,2021-11-14,Autódromo José Carlos Pace,Lance Stroll,STR,Aston Martin,12.50223192025043,13,0,0,0
2021,19,São Paulo Grand Prix,2021-11-14,Autódromo José Carlos Pace,Antonio Giovinazzi,GIO,Alfa Romeo,12.625654337128584,14,0,0,0
2021,19,São Paulo Grand Prix,2021-11-14,Autódromo José Carlos Pace,Esteban Ocon,OCO,Alpine F1 Team,12.777910678474884,15,0,0,0
2021,19,São Paulo Grand Prix,2021-11-14,Autódromo José Carlos Pace,Yuki Tsunoda,TSU,AlphaTauri,13.537781214214244,16,0,0,0
2021,19,São Paulo Grand Prix,2021-11-14,Autódromo José Carlos Pace,George Russell,RUS,Williams,13.57596470312875,17,0,0,0
2021,19,São Paulo Grand Prix,2021-11-14,Autódromo José Carlos Pace,Nicholas Latifi,LAT,Williams,14.266288418175709,18,0,0,0
2021,19,São Paulo Grand Prix,2021-11-14,Autódromo José Carlos Pace,Mick Schumacher,MSC,Haas F1 Team,15.961736350061054,19,0,0,0
2021,19,São Paulo Grand Prix,2021-11-14,Autódromo José Carlos Pace,Nikita Mazepin,MAZ,Haas F1 Team,16.547031361138025,20,0,0,0
2021,20,Qatar Grand Prix,2021-11-21,Losail International Circuit,Max Verstappen,VER,Red Bull,3.3057804400777777,1,25,0,25
2021,20,Qatar Grand Prix,2021-11-21,Losail International Circuit,Lewis Hamilton,HAM,Mercedes,3.3292362721436297,2,18,0,18
2021,20,Qatar Grand Prix,2021-11-21,Losail International Circuit,Valtteri Bottas,BOT,Mercedes,4.938121163885374,3,15,0,15
2021,20,Qatar Grand Prix,2021-11-21,Losail International Circuit,Sergio Pérez,PER,Red Bull,5.57368290625122,4,12,0,12
2021,20,Qatar Grand Prix,2021-11-21,Losail International Circuit,Carlos Sainz,SAI,Ferrari,6.200238588902245,5,10,0,10
2021,20,Qatar Grand Prix,2021-11-21,Losail International Circuit,Charles Leclerc,LEC,Ferrari,6.330610496630283,6,8,0,8
2021,20,Qatar Grand Prix,2021-11-21,Losail International Circuit,Lando Norris,NOR,McLaren,9.943690675719354,7,6,0,6
2021,20,Qatar Grand Prix,2021-11-21,Losail International Circuit,Pierre Gasly,GAS,AlphaTauri,10.618953346474443,8,4,0,4
2021,20,Qatar Grand Prix,2021-11-21,Losail International Circuit,Daniel Ricciardo,RIC,McLaren,10.662418654403746,9,2,0,2
2021,20,Qatar Grand Prix,2021-11-21,Losail International Circuit,Esteban Ocon,OCO,Alpine F1 Team,12.227950174810664,10,1,0,1
2021,20,Qatar Grand Prix,2021-11-21,Losail International Circuit,Fernando Alonso,ALO,Alpine F1 Team,12.276128963353294,11,0,0,0
2021,20,Qatar Grand Prix,2021-11-21,Losail International Circuit,Kimi Räikkönen,RAI,Alfa Romeo,12.458259979680763,12,0,0,0
2021,20,Qatar Grand Prix,2021-11-21,Losail International Circuit,Sebastian Vettel,VET,Aston Martin,12.494448251795776,13,0,0,0
2021,20,Qatar Grand Prix,2021-11-21,Losail International Circuit,Lance Stroll,STR,Aston Martin,13.115624309549156,14,0,0,0
2021,20,Qatar Grand Prix,2021-11-21,Losail International Circuit,Yuki Tsunoda,TSU,AlphaTauri,13.57596828868451,15,0,0,0
2021,20,Qatar Grand Prix,2021-11-21,Losail International Circuit,Antonio Giovinazzi,GIO,Alfa Romeo,13.721871594391528,16,0,0,0
2021,20,Qatar Grand Prix,2021-11-21,Losail International Circuit,George Russell,RUS,Williams,14.539044886519518,17,0,0,0
2021,20,Qatar Grand Prix,2021-11-21,Losail International Circuit,Nicholas Latifi,LAT,Williams,15.480700556856892,18,0,0,0
2021,20,Qatar Grand Prix,2021-11-21,Losail International Circuit,Mick Schumacher,MSC,Haas F1 Team,16.026098698612312,19,0,0,0
2021,20,Qatar Grand Prix,2021-11-21,Losail International Circuit,Nikita Mazepin,MAZ,Haas F1 Team,16.906035043683694,20,0,0,0
2021,21,Saudi Arabian Grand Prix,2021-12-05,Jeddah Corniche Circuit,Lewis Hamilton,HAM,Mercedes,3.196554368892119,1,25,0,25
2021,21,Saudi Arabian Grand Prix,2021-12-05,Jeddah Corniche Circuit,Max Verstappen,VER,Red Bull,3.335639974841677,2,18,0,18
2021,21,Saudi Arabian Grand Prix,2021-12-05,Jeddah Corniche Circuit,Sergio Pérez,PER,Red Bull,4.438603302351325,3,15,0,15
2021,21,Saudi Arabian Grand Prix,2021-12-05,Jeddah Corniche Circuit,Valtteri Bottas,BOT,Mercedes,5.128294010607895,4,12,0,12
2021,21,Saudi Arabian Grand Prix,2021-12-05,Jeddah Corniche Circuit,Charles Leclerc,LEC,Ferrari,6.216705114805503,5,10,0,10
2021,21,Saudi Arabian Grand Prix,2021-12-05,Jeddah Corniche Circuit,Carlos Sainz,SAI,Ferrari,7.029632493180015,6,8,0,8
2021,21,Saudi Arabian Grand Prix,2021-12-05,Jeddah Corniche Circuit,Fernando Alonso,ALO,Alpine F1 Team,10.405345482067936,7,6,0,6
2021,21,Saudi Arabian Grand Prix,2021-12-05,Jeddah Corniche Circuit,Pierre Gasly,GAS,AlphaTauri,10.904783752163455,8,4,0,4
2021,21,Saudi Arabian Grand Prix,2021-12-05,Jeddah Corniche Circuit,Esteban Ocon,OCO,Alpine F1 Team,11.14069171663878,9,2,0,2
2021,21,Saudi Arabian Grand Prix,2021-12-05,Jeddah Corniche Circuit,Lando Norris,NOR,McLaren,11.564578096993742,10,1,0,1
2021,21,Saudi Arabian Grand Prix,2021-12-05,Jeddah Corniche Circuit,Lance Stroll,STR,Aston Martin,12.072884660517936,11,0,0,0
2021,21,Saudi Arabian Grand Prix,2021-12-05,Jeddah Corniche Circuit,Daniel Ricciardo,RIC,McLaren,12.122590306917846,12,0,0,0
2021,21,Saudi Arabian Grand Prix,2021-12-05,Jeddah Corniche Circuit,Sebastian Vettel,VET,Aston Martin,12.239940691238282,13,0,0,0
2021,21,Saudi Arabian Grand Prix,2021-12-05,Jeddah Corniche Circuit,Yuki Tsunoda,TSU,AlphaTauri,13.023464509363864,14,0,0,0
2021,21,Saudi Arabian Grand Prix,2021-12-05,Jeddah Corniche Circuit,Kimi Räikkönen,RAI,Alfa Romeo,13.38881797539038,15,0,0,0
2021,21,Saudi Arabian Grand Prix,2021-12-05,Jeddah Corniche Circuit,Antonio Giovinazzi,GIO,Alfa Romeo,13.886115729810363,16,0,0,0
2021,21,Saudi Arabian Grand Prix,2021-12-05,Jeddah Corniche Circuit,George Russell,RUS,Williams,15.882565015467732,17,0,0,0
2021,21,Saudi Arabian Grand Prix,2021-12-05,Jeddah Corniche Circuit,Mick Schumacher,MSC,Haas F1 Team,16.099171014347142,18,0,0,0
2021,21,Saudi Arabian Grand Prix,2021-12-05,Jeddah Corniche Circuit,Nicholas Latifi,LAT,Williams,16.29562714881319,19,0,0,0
2021,21,Saudi Arabian Grand Prix,2021-12-05,Jeddah Corniche Circuit,Nikita Mazepin,MAZ,Haas F1 Team,16.94692183146596,20,0,0,0
2021,22,Abu Dhabi Grand Prix,2021-12-12,Yas Marina Circuit,Lewis Hamilton,HAM,Mercedes,2.9792279093586527,1,25,0,25
2021,22,Abu Dhabi Grand Prix,2021-12-12,Yas Marina Circuit,Max Verstappen,VER,Red Bull,3.2135988965125897,2,18,0,18
2021,22,Abu Dhabi Grand Prix,2021-12-12,Yas Marina Circuit,Valtteri Bottas,BOT,Mercedes,5.774866678599648,3,15,0,15
2021,22,Abu Dhabi Grand Prix,2021-12-12,Yas Marina Circuit,Charles Leclerc,LEC,Ferrari,5.907093761298217,4,12,0,12
2021,22,Abu Dhabi Grand Prix,2021-12-12,Yas Marina Circuit,Sergio Pérez,PER,Red Bull,6.042367390136222,5,10,0,10
2021,22,Abu Dhabi Grand Prix,2021-12-12,Yas Marina Circuit,Carlos Sainz,SAI,Ferrari,7.099929455039137,6,8,0,8
2021,22,Abu Dhabi Grand Prix,2021-12-12,Yas Marina Circuit,Esteban Ocon,OCO,Alpine F1 Team,8.909900273188684,7,6,0,6
2021,22,Abu Dhabi Grand Prix,2021-12-12,Yas Marina Circuit,Lando Norris,NOR,McLaren,9.553459328854965,8,4,0,4
2021,22,Abu Dhabi Grand Prix,2021-12-12,Yas Marina Circuit,Fernando Alonso,ALO,Alpine F1 Team,9.762344793379569,9,2,0,2
2021,22,Abu Dhabi Grand Prix,2021-12-12,Yas Marina Circuit,Pierre Gasly,GAS,AlphaTauri,10.694072777905102,10,1,0,1
2021,22,Abu Dhabi Grand Prix,2021-12-12,Yas Marina Circuit,Daniel Ricciardo,RIC,McLaren,10.83487483565198,11,0,0,0
2021,22,Abu Dhabi Grand Prix,2021-12-12,Yas Marina Circuit,Sebastian Vettel,VET,Aston Martin,11.387146255318791,12,0,0,0
2021,22,Abu Dhabi Grand Prix,2021-12-12,Yas Marina Circuit,Lance Stroll,STR,Aston Martin,12.402977717376062,13,0,0,0
2021,22,Abu Dhabi Grand Prix,2021-12-12,Yas Marina Circuit,Yuki Tsunoda,TSU,AlphaTauri,13.29727915966664,14,0,0,0
2021,22,Abu Dhabi Grand Prix,2021-12-12,Yas Marina Circuit,Kimi Räikkönen,RAI,Alfa Romeo,13.309753457191828,15,0,0,0
2021,22,Abu Dhabi Grand Prix,2021-12-12,Yas Marina Circuit,Antonio Giovinazzi,GIO,Alfa Romeo,13.556705970986526,16,0,0,0
2021,22,Abu Dhabi Grand Prix,2021-12-12,Yas Marina Circuit,George Russell,RUS,Williams,15.537908771382646,17,0,0,0
2021,22,Abu Dhabi Grand Prix,2021-12-12,Yas Marina Circuit,Mick Schumacher,MSC,Haas F1 Team,15.835268622556963,18,0,0,0
2021,22,Abu Dhabi Grand Prix,2021-12-12,Yas Marina Circuit,Nicholas Latifi,LAT,Williams,15.84460355013879,19,0,0,0
2021,22,Abu Dhabi Grand Prix,2021-12-12,Yas Marina Circuit,Nikita Mazepin,MAZ,Haas F1 Team,16.889942279707412,20,0,0,0
2022,1,Bahrain Grand Prix,2022-03-20,Bahrain International Circuit,Max Verstappen,VER,Red Bull,3.414559003341408,1,25,0,25
2022,1,Bahrain Grand Prix,2022-03-20,Bahrain International Circuit,Lewis Hamilton,HAM,Mercedes,3.551706633591253,2,18,0,18
2022,1,Bahrain Grand Prix,2022-03-20,Bahrain International Circuit,Carlos Sainz,SAI,Ferrari,6.248963208726779,3,15,0,15
2022,1,Bahrain Grand Prix,2022-03-20,Bahrain International Circuit,Sergio Pérez,PER,Red Bull,6.589180274017505,4,12,0,12
2022,1,Bahrain Grand Prix,2022-03-20,Bahrain International Circuit,Charles Leclerc,LEC,Ferrari,7.484693621800318,5,10,0,10
2022,1,Bahrain Grand Prix,2022-03-20,Bahrain International Circuit,George Russell,RUS,Mercedes,8.387083709769417,6,8,0,8
2022,1,Bahrain Grand Prix,2022-03-20,Bahrain International Circuit,Pierre Gasly,GAS,AlphaTauri,8.660652986922278,7,6,0,6
2022,1,Bahrain Grand Prix,2022-03-20,Bahrain International Circuit,Fernando Alonso,ALO,Alpine F1 Team,8.662066589469777,8,4,0,4
2022,1,Bahrain Grand Prix,2022-03-20,Bahrain International Circuit,Esteban Ocon,OCO,Alpine F1 Team,8.754441871851139,9,2,0,2
2022,1,Bahrain Grand Prix,2022-03-20,Bahrain International Circuit,Yuki Tsunoda,TSU,AlphaTauri,10.3703250042283,10,1,0,1
2022,1,Bahrain Grand Prix,2022-03-20,Bahrain International Circuit,Lando Norris,NOR,McLaren,10.409518709751584,11,0,0,0
2022,1,Bahrain Grand Prix,2022-03-20,Bahrain International Circuit,Valtteri Bottas,BOT,Alfa Romeo,10.499763791211784,12,0,0,0
2022,1,Bahrain Grand Prix,2022-03-20,Bahrain International Circuit,Alexander Albon,ALB,Williams,11.316299919637345,13,0,0,0
2022,1,Bahrain Grand Prix,2022-03-20,Bahrain International Circuit,Daniel Ricciardo,RIC,McLaren,11.996981313375404,14,0,0,0
2022,1,Bahrain Grand Prix,2022-03-20,Bahrain International Circuit,Nico Hülkenberg,HUL,Aston Martin,12.055820079068871,15,0,0,0
2022,1,Bahrain Grand Prix,2022-03-20,Bahrain International Circuit,Lance Stroll,STR,Aston Martin,12.340547769944664,16,0,0,0
2022,1,Bahrain Grand Prix,2022-03-20,Bahrain International Circuit,Guanyu Zhou,ZHO,Alfa Romeo,12.87138238618382,17,0,0,0
2022,1,Bahrain Grand Prix,2022-03-20,Bahrain International Circuit,Kevin Magnussen,MAG,Haas F1 Team,15.746260047966285,18,0,0,0
2022,1,Bahrain Grand Prix,2022-03-20,Bahrain International Circuit,Mick Schumacher,MSC,Haas F1 Team,15.827506913069586,19,0,0,0
2022,1,Bahrain Grand Prix,2022-03-20,Bahrain International Circuit,Nicholas Latifi,LAT,Williams,16.038544896658046,20,0,0,0
2022,2,Saudi Arabian Grand Prix,2022-03-27,Jeddah Corniche Circuit,Max Verstappen,VER,Red Bull,3.299628722292621,1,25,0,25
2022,2,Saudi Arabian Grand Prix,2022-03-27,Jeddah Corniche Circuit,Lewis Hamilton,HAM,Mercedes,3.66416206556027,2,18,0,18
2022,2,Saudi Arabian Grand Prix,2022-03-27,Jeddah Corniche Circuit,Charles Leclerc,LEC,Ferrari,5.571940586665958,3,15,0,15
2022,2,Saudi Arabian Grand Prix,2022-03-27,Jeddah Corniche Circuit,Carlos Sainz,SAI,Ferrari,6.0670039644464255,4,12,0,12
2022,2,Saudi Arabian Grand Prix,2022-03-27,Jeddah Corniche Circuit,Sergio Pérez,PER,Red Bull,7.686906068544419,5,10,0,10
2022,2,Saudi Arabian Grand Prix,2022-03-27,Jeddah Corniche Circuit,George Russell,RUS,Mercedes,7.770692401107107,6,8,0,8
2022,2,Saudi Arabian Grand Prix,2022-03-27,Jeddah Corniche Circuit,Esteban Ocon,OCO,Alpine F1 Team,8.19806644887803,7,6,0,6
2022,2,Saudi Arabian Grand Prix,2022-03-27,Jeddah Corniche Circuit,Fernando Alonso,ALO,Alpine F1 Team,8.905676724054508,8,4,0,4
2022,2,Saudi Arabian Grand Prix,2022-03-27,Jeddah Corniche Circuit,Pierre Gasly,GAS,AlphaTauri,9.21595225501396,9,2,0,2
2022,2,Saudi Arabian Grand Prix,2022-03-27,Jeddah Corniche Circuit,Valtteri Bottas,BOT,Alfa Romeo,10.44832543321509,10,1,0,1
2022,2,Saudi Arabian Grand Prix,2022-03-27,Jeddah Corniche Circuit,Daniel Ricciardo,RIC,McLaren,11.39234742349957,11,0,0,0
2022,2,Saudi Arabian Grand Prix,2022-03-27,Jeddah Corniche Circuit,Yuki Tsunoda,TSU,AlphaTauri,11.52767481754606,12,0,0,0
2022,2,Saudi Arabian Grand Prix,2022-03-27,Jeddah Corniche Circuit,Lando Norris,NOR,McLaren,11.868369549909549,13,0,0,0
2022,2,Saudi Arabian Grand Prix,2022-03-27,Jeddah Corniche Circuit,Alexander Albon,ALB,Williams,12.300871881914052,14,0,0,0
2022,2,Saudi Arabian Grand Prix,2022-03-27,Jeddah Corniche Circuit,Lance Stroll,STR,Aston Martin,12.592421561405011,15,0,0,0
2022,2,Saudi Arabian Grand Prix,2022-03-27,Jeddah Corniche Circuit,Nico Hülkenberg,HUL,Aston Martin,12.641094611466263,16,0,0,0
2022,2,Saudi Arabian Grand Prix,2022-03-27,Jeddah Corniche Circuit,Guanyu Zhou,ZHO,Alfa Romeo,12.712265738041522,17,0,0,0
2022,2,Saudi Arabian Grand Prix,2022-03-27,Jeddah Corniche Circuit,Kevin Magnussen,MAG,Haas F1 Team,13.82210760558184,18,0,0,0
2022,2,Saudi Arabian Grand Prix,2022-03-27,Jeddah Corniche Circuit,Mick Schumacher,MSC,Haas F1 Team,15.063027744092023,19,0,0,0
2022,2,Saudi Arabian Grand Prix,2022-03-27,Jeddah Corniche Circuit,Nicholas Latifi,LAT,Williams,16.31171991278948,20,0,0,0
2022,3,Australian Grand Prix,2022-04-10,Albert Park Grand Prix Circuit,Max Verstappen,VER,Red Bull,3.625631251064936,1,25,0,25
2022,3,Australian Grand Prix,2022-04-10,Albert Park Grand Prix Circuit,Lewis Hamilton,HAM,Mercedes,3.8818884959396303,2,18,0,18
2022,3,Australian Grand Prix,2022-04-10,Albert Park Grand Prix Circuit,Charles Leclerc,LEC,Ferrari,5.543728746912672,3,15,0,15
2022,3,Australian Grand Prix,2022-04-10,Albert Park Grand Prix Circuit,Carlos Sainz,SAI,Ferrari,6.126755755001246,4,12,0,12
2022,3,Australian Grand Prix,2022-04-10,Albert Park Grand Prix Circuit,George Russell,RUS,Mercedes,6.862689826282529,5,10,0,10
2022,3,Australian Grand Prix,2022-04-10,Albert Park Grand Prix Circuit,Sergio Pérez,PER,Red Bull,7.168958574767088,6,8,0,8
2022,3,Australian Grand Prix,2022-04-10,Albert Park Grand Prix Circuit,Esteban Ocon,OCO,Alpine F1 Team,8.460289982513194,7,6,0,6
2022,3,Australian Grand Prix,2022-04-10,Albert Park Grand Prix Circuit,Fernando Alonso,ALO,Alpine F1 Team,9.445533880624708,8,4,0,4
2022,3,Australian Grand Prix,2022-04-10,Albert Park Grand Prix Circuit,Valtteri Bottas,BOT,Alfa Romeo,10.400203778829482,9,2,0,2
2022,3,Australian Grand Prix,2022-04-10,Albert Park Grand Prix Circuit,Pierre Gasly,GAS,AlphaTauri,10.435449882915378,10,1,0,1
2022,3,Australian Grand Prix,2022-04-10,Albert Park Grand Prix Circuit,Sebastian Vettel,VET,Aston Martin,11.2561893711573,11,0,0,0
2022,3,Australian Grand Prix,2022-04-10,Albert Park Grand Prix Circuit,Lando Norris,NOR,McLaren,11.26070437839796,12,0,0,0
2022,3,Australian Grand Prix,2022-04-10,Albert Park Grand Prix Circuit,Yuki Tsunoda,TSU,AlphaTauri,12.060024848604376,13,0,0,0
2022,3,Australian Grand Prix,2022-04-10,Albert Park Grand Prix Circuit,Daniel Ricciardo,RIC,McLaren,12.321518561549356,14,0,0,0
2022,3,Australian Grand Prix,2022-04-10,Albert Park Grand Prix Circuit,Alexander Albon,ALB,Williams,12.40413234793677,15,0,0,0
2022,3,Australian Grand Prix,2022-04-10,Albert Park Grand Prix Circuit,Lance Stroll,STR,Aston Martin,12.45598905736288,16,0,0,0
2022,3,Australian Grand Prix,2022-04-10,Albert Park Grand Prix Circuit,Guanyu Zhou,ZHO,Alfa Romeo,12.98974066270748,17,0,0,0
2022,3,Australian Grand Prix,2022-04-10,Albert Park Grand Prix Circuit,Kevin Magnussen,MAG,Haas F1 Team,13.30612998577809,18,0,0,0
2022,3,Australian Grand Prix,2022-04-10,Albert Park Grand Prix Circuit,Mick Schumacher,MSC,Haas F1 Team,14.427839562227248,19,0,0,0
2022,3,Australian Grand Prix,2022-04-10,Albert Park Grand Prix Circuit,Nicholas Latifi,LAT,Williams,15.97414384585684,20,0,0,0
2022,4,Emilia Romagna Grand Prix,2022-04-24,Autodromo Enzo e Dino Ferrari,Max Verstappen,VER,Red Bull,3.56281159873604,1,25,0,25
2022,4,Emilia Romagna Grand Prix,2022-04-24,Autodromo Enzo e Dino Ferrari,Lewis Hamilton,HAM,Mercedes,3.8046169742319145,2,18,0,18
2022,4,Emilia Romagna Grand Prix,2022-04-24,Autodromo Enzo e Dino Ferrari,Charles Leclerc,LEC,Ferrari,4.23359769241823,3,15,0,15
2022,4,Emilia Romagna Grand Prix,2022-04-24,Autodromo Enzo e Dino Ferrari,Carlos Sainz,SAI,Ferrari,5.041957756101985,4,12,0,12
2022,4,Emilia Romagna Grand Prix,2022-04-24,Autodromo Enzo e Dino Ferrari,Sergio Pérez,PER,Red Bull,6.024094366129847,5,10,0,10
2022,4,Emilia Romagna Grand Prix,2022-04-24,Autodromo Enzo e Dino Ferrari,George Russell,RUS,Mercedes,6.0606377691403,6,8,0,8
2022,4,Emilia Romagna Grand Prix,2022-04-24,Autodromo Enzo e Dino Ferrari,Lando Norris,NOR,McLaren,8.3653302428613,7,6,0,6
2022,4,Emilia Romagna Grand Prix,2022-04-24,Autodromo Enzo e Dino Ferrari,Esteban Ocon,OCO,Alpine F1 Team,9.993456209921282,8,4,0,4
2022,4,Emilia Romagna Grand Prix,2022-04-24,Autodromo Enzo e Dino Ferrari,Pierre Gasly,GAS,AlphaTauri,10.000464461979591,9,2,0,2
2022,4,Emilia Romagna Grand Prix,2022-04-24,Autodromo Enzo e Dino Ferrari,Daniel Ricciardo,RIC,McLaren,10.021912947103852,10,1,0,1
2022,4,Emilia Romagna Grand Prix,2022-04-24,Autodromo Enzo e Dino Ferrari,Valtteri Bottas,BOT,Alfa Romeo,10.76790783046362,11,0,0,0
2022,4,Emilia Romagna Grand Prix,2022-04-24,Autodromo Enzo e Dino Ferrari,Fernando Alonso,ALO,Alpine F1 Team,11.863784929682124,12,0,0,0
2022,4,Emilia Romagna Grand Prix,2022-04-24,Autodromo Enzo e Dino Ferrari,Yuki Tsunoda,TSU,AlphaTauri,11.931913821734565,13,0,0,0
2022,4,Emilia Romagna Grand Prix,2022-04-24,Autodromo Enzo e Dino Ferrari,Alexander Albon,ALB,Williams,12.831763794693716,14,0,0,0
2022,4,Emilia Romagna Grand Prix,2022-04-24,Autodromo Enzo e Dino Ferrari,Guanyu Zhou,ZHO,Alfa Romeo,13.003231281144751,15,0,0,0
2022,4,Emilia Romagna Grand Prix,2022-04-24,Autodromo Enzo e Dino Ferrari,Kevin Magnussen,MAG,Haas F1 Team,13.669531237003412,16,0,0,0
2022,4,Emilia Romagna Grand Prix,2022-04-24,Autodromo Enzo e Dino Ferrari,Lance Stroll,STR,Aston Martin,13.731543292030045,17,0,0,0
2022,4,Emilia Romagna Grand Prix,2022-04-24,Autodromo Enzo e Dino Ferrari,Sebastian Vettel,VET,Aston Martin,13.880511198966325,18,0,0,0
2022,4,Emilia Romagna Grand Prix,2022-04-24,Autodromo Enzo e Dino Ferrari,Mick Schumacher,MSC,Haas F1 Team,14.460169111454904,19,0,0,0
2022,4,Emilia Romagna Grand Prix,2022-04-24,Autodromo Enzo e Dino Ferrari,Nicholas Latifi,LAT,Williams,15.123176845638453,20,0,0,0
2022,5,Miami Grand Prix,2022-05-08,Miami International Autodrome,Max Verstappen,VER,Red Bull,3.564375889279252,1,25,0,25
2022,5,Miami Grand Prix,2022-05-08,Miami International Autodrome,Charles Leclerc,LEC,Ferrari,4.442387133009557,2,18,0,18
2022,5,Miami Grand Prix,2022-05-08,Miami International Autodrome,Carlos Sainz,SAI,Ferrari,5.195150003803147,3,15,0,15
2022,5,Miami Grand Prix,2022-05-08,Miami International Autodrome,George Russell,RUS,Mercedes,5.420350069368243,4,12,0,12
2022,5,Miami Grand Prix,2022-05-08,Miami International Autodrome,Sergio Pérez,PER,Red Bull,5.784182461192896,5,10,0,10
2022,5,Miami Grand Prix,2022-05-08,Miami International Autodrome,Lewis Hamilton,HAM,Mercedes,5.823502245658588,6,8,0,8
2022,5,Miami Grand Prix,2022-05-08,Miami International Autodrome,Lando Norris,NOR,McLaren,8.79790618934918,7,6,0,6
2022,5,Miami Grand Prix,2022-05-08,Miami International Autodrome,Daniel Ricciardo,RIC,McLaren,10.626198371524048,8,4,0,4
2022,5,Miami Grand Prix,2022-05-08,Miami International Autodrome,Valtteri Bottas,BOT,Alfa Romeo,10.686589769573592,9,2,0,2
2022,5,Miami Grand Prix,2022-05-08,Miami International Autodrome,Yuki Tsunoda,TSU,AlphaTauri,10.780229617871342,10,1,0,1
2022,5,Miami Grand Prix,2022-05-08,Miami International Autodrome,Pierre Gasly,GAS,AlphaTauri,11.296523611268674,11,0,0,0
2022,5,Miami Grand Prix,2022-05-08,Miami International Autodrome,Esteban Ocon,OCO,Alpine F1 Team,11.752316972369371,12,0,0,0
2022,5,Miami Grand Prix,2022-05-08,Miami International Autodrome,Kevin Magnussen,MAG,Haas F1 Team,12.3955956072112,13,0,0,0
2022,5,Miami Grand Prix,2022-05-08,Miami International Autodrome,Sebastian Vettel,VET,Aston Martin,12.542877175572835,14,0,0,0
2022,5,Miami Grand Prix,2022-05-08,Miami International Autodrome,Fernando Alonso,ALO,Alpine F1 Team,12.55649210030018,15,0,0,0
2022,5,Miami Grand Prix,2022-05-08,Miami International Autodrome,Guanyu Zhou,ZHO,Alfa Romeo,13.289523620532371,16,0,0,0
2022,5,Miami Grand Prix,2022-05-08,Miami International Autodrome,Lance Stroll,STR,Aston Martin,13.503360953895251,17,0,0,0
2022,5,Miami Grand Prix,2022-05-08,Miami International Autodrome,Mick Schumacher,MSC,Haas F1 Team,13.669418569851318,18,0,0,0
2022,5,Miami Grand Prix,2022-05-08,Miami International Autodrome,Alexander Albon,ALB,Williams,13.777722696895047,19,0,0,0
2022,5,Miami Grand Prix,2022-05-08,Miami International Autodrome,Nicholas Latifi,LAT,Williams,15.480700556856892,20,0,0,0
2022,6,Spanish Grand Prix,2022-05-22,Circuit de Barcelona-Catalunya,Max Verstappen,VER,Red Bull,3.0778068976807864,1,25,0,25
2022,6,Spanish Grand Prix,2022-05-22,Circuit de Barcelona-Catalunya,Charles Leclerc,LEC,Ferrari,4.249546130342932,2,18,0,18
2022,6,Spanish Grand Prix,2022-05-22,Circuit de Barcelona-Catalunya,Carlos Sainz,SAI,Ferrari,5.036015168269986,3,15,0,15
2022,6,Spanish Grand Prix,2022-05-22,Circuit de Barcelona-Catalunya,George Russell,RUS,Mercedes,5.495469500798902,4,12,0,12
2022,6,Spanish Grand Prix,2022-05-22,Circuit de Barcelona-Catalunya,Sergio Pérez,PER,Red Bull,5.706085234315107,5,10,0,10
2022,6,Spanish Grand Prix,2022-05-22,Circuit de Barcelona-Catalunya,Lewis Hamilton,HAM,Mercedes,6.162727124283626,6,8,0,8
2022,6,Spanish Grand Prix,2022-05-22,Circuit de Barcelona-Catalunya,Lando Norris,NOR,McLaren,9.974776737520958,7,6,0,6
2022,6,Spanish Grand Prix,2022-05-22,Circuit de Barcelona-Catalunya,Valtteri Bottas,BOT,Alfa Romeo,10.015597866761423,8,4,0,4
2022,6,Spanish Grand Prix,2022-05-22,Circuit de Barcelona-Catalunya,Daniel Ricciardo,RIC,McLaren,10.39483813962712,9,2,0,2
2022,6,Spanish Grand Prix,2022-05-22,Circuit de Barcelona-Catalunya,Esteban Ocon,OCO,Alpine F1 Team,10.662754158141064,10,1,0,1
2022,6,Spanish Grand Prix,2022-05-22,Circuit de Barcelona-Catalunya,Sebastian Vettel,VET,Aston Martin,12.25054265795589,11,0,0,0
2022,6,Spanish Grand Prix,2022-05-22,Circuit de Barcelona-Catalunya,Kevin Magnussen,MAG,Haas F1 Team,12.52244706326028,12,0,0,0
2022,6,Spanish Grand Prix,2022-05-22,Circuit de Barcelona-Catalunya,Fernando Alonso,ALO,Alpine F1 Team,12.563487458704932,13,0,0,0
2022,6,Spanish Grand Prix,2022-05-22,Circuit de Barcelona-Catalunya,Pierre Gasly,GAS,AlphaTauri,12.5751413651225,14,0,0,0
2022,6,Spanish Grand Prix,2022-05-22,Circuit de Barcelona-Catalunya,Yuki Tsunoda,TSU,AlphaTauri,12.86564307006609,15,0,0,0
2022,6,Spanish Grand Prix,2022-05-22,Circuit de Barcelona-Catalunya,Guanyu Zhou,ZHO,Alfa Romeo,12.990377021427385,16,0,0,0
2022,6,Spanish Grand Prix,2022-05-22,Circuit de Barcelona-Catalunya,Lance Stroll,STR,Aston Martin,13.112732402769725,17,0,0,0
2022,6,Spanish Grand Prix,2022-05-22,Circuit de Barcelona-Catalunya,Alexander Albon,ALB,Williams,13.266268169450113,18,0,0,0
2022,6,Spanish Grand Prix,2022-05-22,Circuit de Barcelona-Catalunya,Mick Schumacher,MSC,Haas F1 Team,13.638230538742388,19,0,0,0
2022,6,Spanish Grand Prix,2022-05-22,Circuit de Barcelona-Catalunya,Nicholas Latifi,LAT,Williams,14.230248009913602,20,0,0,0
2022,7,Monaco Grand Prix,2022-05-29,Circuit de Monaco,Max Verstappen,VER,Red Bull,2.9403333314631896,1,25,0,25
2022,7,Monaco Grand Prix,2022-05-29,Circuit de Monaco,Sergio Pérez,PER,Red Bull,4.487327922175859,2,18,0,18
2022,7,Monaco Grand Prix,2022-05-29,Circuit de Monaco,Charles Leclerc,LEC,Ferrari,4.690133617612765,3,15,0,15
2022,7,Monaco Grand Prix,2022-05-29,Circuit de Monaco,Carlos Sainz,SAI,Ferrari,4.783067551629782,4,12,0,12
2022,7,Monaco Grand Prix,2022-05-29,Circuit de Monaco,George Russell,RUS,Mercedes,5.205903369084006,5,10,0,10
2022,7,Monaco Grand Prix,2022-05-29,Circuit de Monaco,Lewis Hamilton,HAM,Mercedes,6.1656103052073945,6,8,0,8
2022,7,Monaco Grand Prix,2022-05-29,Circuit de Monaco,Lando Norris,NOR,McLaren,7.959093154096241,7,6,0,6
2022,7,Monaco Grand Prix,2022-05-29,Circuit de Monaco,Daniel Ricciardo,RIC,McLaren,9.607879898194884,8,4,0,4
2022,7,Monaco Grand Prix,2022-05-29,Circuit de Monaco,Esteban Ocon,OCO,Alpine F1 Team,10.373261786935302,9,2,0,2
2022,7,Monaco Grand Prix,2022-05-29,Circuit de Monaco,Valtteri Bottas,BOT,Alfa Romeo,10.679666762159432,10,1,0,1
2022,7,Monaco Grand Prix,2022-05-29,Circuit de Monaco,Pierre Gasly,GAS,AlphaTauri,11.503048564058782,11,0,0,0
2022,7,Monaco Grand Prix,2022-05-29,Circuit de Monaco,Sebastian Vettel,VET,Aston Martin,11.976728007653117,12,0,0,0
2022,7,Monaco Grand Prix,2022-05-29,Circuit de Monaco,Fernando Alonso,ALO,Alpine F1 Team,12.55079797470567,13,0,0,0
2022,7,Monaco Grand Prix,2022-05-29,Circuit de Monaco,Alexander Albon,ALB,Williams,13.090852094969948,14,0,0,0
2022,7,Monaco Grand Prix,2022-05-29,Circuit de Monaco,Yuki Tsunoda,TSU,AlphaTauri,13.191468248034663,15,0,0,0
2022,7,Monaco Grand Prix,2022-05-29,Circuit de Monaco,Lance Stroll,STR,Aston Martin,13.44341318498436,16,0,0,0
2022,7,Monaco Grand Prix,2022-05-29,Circuit de Monaco,Guanyu Zhou,ZHO,Alfa Romeo,13.46107588900488,17,0,0,0
2022,7,Monaco Grand Prix,2022-05-29,Circuit de Monaco,Kevin Magnussen,MAG,Haas F1 Team,14.187810225373433,18,0,0,0
2022,7,Monaco Grand Prix,2022-05-29,Circuit de Monaco,Nicholas Latifi,LAT,Williams,14.347256478155712,19,0,0,0
2022,7,Monaco Grand Prix,2022-05-29,Circuit de Monaco,Mick Schumacher,MSC,Haas F1 Team,14.879974597657716,20,0,0,0
2022,8,Azerbaijan Grand Prix,2022-06-12,Baku City Circuit,Max Verstappen,VER,Red Bull,3.12335878942353,1,25,0,25
2022,8,Azerbaijan Grand Prix,2022-06-12,Baku City Circuit,Sergio Pérez,PER,Red Bull,4.049369925912915,2,18,0,18
2022,8,Azerbaijan Grand Prix,2022-06-12,Baku City Circuit,Charles Leclerc,LEC,Ferrari,4.815783548235437,3,15,0,15
2022,8,Azerbaijan Grand Prix,2022-06-12,Baku City Circuit,George Russell,RUS,Mercedes,5.205903369084006,4,12,0,12
2022,8,Azerbaijan Grand Prix,2022-06-12,Baku City Circuit,Lewis Hamilton,HAM,Mercedes,6.093171843863059,5,10,0,10
2022,8,Azerbaijan Grand Prix,2022-06-12,Baku City Circuit,Carlos Sainz,SAI,Ferrari,6.126663260730672,6,8,0,8
2022,8,Azerbaijan Grand Prix,2022-06-12,Baku City Circuit,Lando Norris,NOR,McLaren,7.648671955365245,7,6,0,6
2022,8,Azerbaijan Grand Prix,2022-06-12,Baku City Circuit,Valtteri Bottas,BOT,Alfa Romeo,10.03582412460092,8,4,0,4
2022,8,Azerbaijan Grand Prix,2022-06-12,Baku City Circuit,Daniel Ricciardo,RIC,McLaren,10.393831013412592,9,2,0,2
2022,8,Azerbaijan Grand Prix,2022-06-12,Baku City Circuit,Sebastian Vettel,VET,Aston Martin,11.48628432774379,10,1,0,1
2022,8,Azerbaijan Grand Prix,2022-06-12,Baku City Circuit,Fernando Alonso,ALO,Alpine F1 Team,11.812733021788045,11,0,0,0
2022,8,Azerbaijan Grand Prix,2022-06-12,Baku City Circuit,Yuki Tsunoda,TSU,AlphaTauri,11.9780439295616,12,0,0,0
2022,8,Azerbaijan Grand Prix,2022-06-12,Baku City Circuit,Esteban Ocon,OCO,Alpine F1 Team,12.277542873445531,13,0,0,0
2022,8,Azerbaijan Grand Prix,2022-06-12,Baku City Circuit,Pierre Gasly,GAS,AlphaTauri,12.822970051645688,14,0,0,0
2022,8,Azerbaijan Grand Prix,2022-06-12,Baku City Circuit,Lance Stroll,STR,Aston Martin,13.20553868133867,15,0,0,0
2022,8,Azerbaijan Grand Prix,2022-06-12,Baku City Circuit,Guanyu Zhou,ZHO,Alfa Romeo,13.517429073464273,16,0,0,0
2022,8,Azerbaijan Grand Prix,2022-06-12,Baku City Circuit,Alexander Albon,ALB,Williams,13.62423428770372,17,0,0,0
2022,8,Azerbaijan Grand Prix,2022-06-12,Baku City Circuit,Kevin Magnussen,MAG,Haas F1 Team,14.259833928537793,18,0,0,0
2022,8,Azerbaijan Grand Prix,2022-06-12,Baku City Circuit,Nicholas Latifi,LAT,Williams,14.644637853043903,19,0,0,0
2022,8,Azerbaijan Grand Prix,2022-06-12,Baku City Circuit,Mick Schumacher,MSC,Haas F1 Team,14.84727612225268,20,0,0,0
2022,9,Canadian Grand Prix,2022-06-19,Circuit Gilles Villeneuve,Max Verstappen,VER,Red Bull,2.7885104601642965,1,25,0,25
2022,9,Canadian Grand Prix,2022-06-19,Circuit Gilles Villeneuve,Sergio Pérez,PER,Red Bull,4.299612340728136,2,18,0,18
2022,9,Canadian Grand Prix,2022-06-19,Circuit Gilles Villeneuve,George Russell,RUS,Mercedes,5.205903369084006,3,15,0,15
2022,9,Canadian Grand Prix,2022-06-19,Circuit Gilles Villeneuve,Carlos Sainz,SAI,Ferrari,5.977671110363842,4,12,0,12
2022,9,Canadian Grand Prix,2022-06-19,Circuit Gilles Villeneuve,Lewis Hamilton,HAM,Mercedes,6.111304781702773,5,10,0,10
2022,9,Canadian Grand Prix,2022-06-19,Circuit Gilles Villeneuve,Charles Leclerc,LEC,Ferrari,6.410227777292574,6,8,0,8
2022,9,Canadian Grand Prix,2022-06-19,Circuit Gilles Villeneuve,Lando Norris,NOR,McLaren,9.96704178236858,7,6,0,6
2022,9,Canadian Grand Prix,2022-06-19,Circuit Gilles Villeneuve,Valtteri Bottas,BOT,Alfa Romeo,10.02652357579642,8,4,0,4
2022,9,Canadian Grand Prix,2022-06-19,Circuit Gilles Villeneuve,Daniel Ricciardo,RIC,McLaren,10.907772264368786,9,2,0,2
2022,9,Canadian Grand Prix,2022-06-19,Circuit Gilles Villeneuve,Sebastian Vettel,VET,Aston Martin,11.076943564962804,10,1,0,1
2022,9,Canadian Grand Prix,2022-06-19,Circuit Gilles Villeneuve,Esteban Ocon,OCO,Alpine F1 Team,11.125877103304669,11,0,0,0
2022,9,Canadian Grand Prix,2022-06-19,Circuit Gilles Villeneuve,Fernando Alonso,ALO,Alpine F1 Team,11.830824103086764,12,0,0,0
2022,9,Canadian Grand Prix,2022-06-19,Circuit Gilles Villeneuve,Pierre Gasly,GAS,AlphaTauri,11.93465093042559,13,0,0,0
2022,9,Canadian Grand Prix,2022-06-19,Circuit Gilles Villeneuve,Yuki Tsunoda,TSU,AlphaTauri,12.950161018415054,14,0,0,0
2022,9,Canadian Grand Prix,2022-06-19,Circuit Gilles Villeneuve,Lance Stroll,STR,Aston Martin,13.01772345363806,15,0,0,0
2022,9,Canadian Grand Prix,2022-06-19,Circuit Gilles Villeneuve,Guanyu Zhou,ZHO,Alfa Romeo,13.448713597257049,16,0,0,0
2022,9,Canadian Grand Prix,2022-06-19,Circuit Gilles Villeneuve,Alexander Albon,ALB,Williams,14.07931019939372,17,0,0,0
2022,9,Canadian Grand Prix,2022-06-19,Circuit Gilles Villeneuve,Nicholas Latifi,LAT,Williams,14.968329133312787,18,0,0,0
2022,9,Canadian Grand Prix,2022-06-19,Circuit Gilles Villeneuve,Kevin Magnussen,MAG,Haas F1 Team,14.98909456024032,19,0,0,0
2022,9,Canadian Grand Prix,2022-06-19,Circuit Gilles Villeneuve,Mick Schumacher,MSC,Haas F1 Team,15.385706677899869,20,0,0,0
2022,10,British Grand Prix,2022-07-03,Silverstone Circuit,Max Verstappen,VER,Red Bull,2.979357609592832,1,25,0,25
2022,10,British Grand Prix,2022-07-03,Silverstone Circuit,Sergio Pérez,PER,Red Bull,4.764275186224898,2,18,0,18
2022,10,British Grand Prix,2022-07-03,Silverstone Circuit,George Russell,RUS,Mercedes,4.941407736411446,3,15,0,15
2022,10,British Grand Prix,2022-07-03,Silverstone Circuit,Carlos Sainz,SAI,Ferrari,4.9780557342872696,4,12,0,12
2022,10,British Grand Prix,2022-07-03,Silverstone Circuit,Lewis Hamilton,HAM,Mercedes,5.066011773040104,5,10,0,10
2022,10,British Grand Prix,2022-07-03,Silverstone Circuit,Charles Leclerc,LEC,Ferrari,5.531196836457978,6,8,0,8
2022,10,British Grand Prix,2022-07-03,Silverstone Circuit,Esteban Ocon,OCO,Alpine F1 Team,10.183761170063022,7,6,0,6
2022,10,British Grand Prix,2022-07-03,Silverstone Circuit,Valtteri Bottas,BOT,Alfa Romeo,10.731538178821902,8,4,0,4
2022,10,British Grand Prix,2022-07-03,Silverstone Circuit,Lando Norris,NOR,McLaren,10.968428448674985,9,2,0,2
2022,10,British Grand Prix,2022-07-03,Silverstone Circuit,Fernando Alonso,ALO,Alpine F1 Team,11.516425863036195,10,1,0,1
2022,10,British Grand Prix,2022-07-03,Silverstone Circuit,Daniel Ricciardo,RIC,McLaren,11.858817334766687,11,0,0,0
2022,10,British Grand Prix,2022-07-03,Silverstone Circuit,Sebastian Vettel,VET,Aston Martin,12.15873400682013,12,0,0,0
2022,10,British Grand Prix,2022-07-03,Silverstone Circuit,Pierre Gasly,GAS,AlphaTauri,12.267453434627864,13,0,0,0
2022,10,British Grand Prix,2022-07-03,Silverstone Circuit,Guanyu Zhou,ZHO,Alfa Romeo,12.720400639159331,14,0,0,0
2022,10,British Grand Prix,2022-07-03,Silverstone Circuit,Lance Stroll,STR,Aston Martin,12.944413515035158,15,0,0,0
2022,10,British Grand Prix,2022-07-03,Silverstone Circuit,Alexander Albon,ALB,Williams,13.599023986534084,16,0,0,0
2022,10,British Grand Prix,2022-07-03,Silverstone Circuit,Yuki Tsunoda,TSU,AlphaTauri,13.95167390898938,17,0,0,0
2022,10,British Grand Prix,2022-07-03,Silverstone Circuit,Nicholas Latifi,LAT,Williams,14.94844721746565,18,0,0,0
2022,10,British Grand Prix,2022-07-03,Silverstone Circuit,Kevin Magnussen,MAG,Haas F1 Team,15.663333058305456,19,0,0,0
2022,10,British Grand Prix,2022-07-03,Silverstone Circuit,Mick Schumacher,MSC,Haas F1 Team,15.737118978951855,20,0,0,0
2022,11,Austrian Grand Prix,2022-07-10,Red Bull Ring,Max Verstappen,VER,Red Bull,2.733275629421456,1,25,0,25
2022,11,Austrian Grand Prix,2022-07-10,Red Bull Ring,Sergio Pérez,PER,Red Bull,4.385090673261253,2,18,0,18
2022,11,Austrian Grand Prix,2022-07-10,Red Bull Ring,Carlos Sainz,SAI,Ferrari,4.790744861424466,3,15,0,15
2022,11,Austrian Grand Prix,2022-07-10,Red Bull Ring,Lewis Hamilton,HAM,Mercedes,5.234145729409745,4,12,0,12
2022,11,Austrian Grand Prix,2022-07-10,Red Bull Ring,George Russell,RUS,Mercedes,5.846737880693763,5,10,0,10
2022,11,Austrian Grand Prix,2022-07-10,Red Bull Ring,Charles Leclerc,LEC,Ferrari,6.158590825853021,6,8,0,8
2022,11,Austrian Grand Prix,2022-07-10,Red Bull Ring,Lando Norris,NOR,McLaren,9.16317478186094,7,6,0,6
2022,11,Austrian Grand Prix,2022-07-10,Red Bull Ring,Fernando Alonso,ALO,Alpine F1 Team,9.77606504978306,8,4,0,4
2022,11,Austrian Grand Prix,2022-07-10,Red Bull Ring,Valtteri Bottas,BOT,Alfa Romeo,11.538943360897264,9,2,0,2
2022,11,Austrian Grand Prix,2022-07-10,Red Bull Ring,Esteban Ocon,OCO,Alpine F1 Team,11.582286020133692,10,1,0,1
2022,11,Austrian Grand Prix,2022-07-10,Red Bull Ring,Sebastian Vettel,VET,Aston Martin,12.45126286058431,11,0,0,0
2022,11,Austrian Grand Prix,2022-07-10,Red Bull Ring,Pierre Gasly,GAS,AlphaTauri,12.64612271169524,12,0,0,0
2022,11,Austrian Grand Prix,2022-07-10,Red Bull Ring,Daniel Ricciardo,RIC,McLaren,12.694631945509622,13,0,0,0
2022,11,Austrian Grand Prix,2022-07-10,Red Bull Ring,Lance Stroll,STR,Aston Martin,13.178609210985474,14,0,0,0
2022,11,Austrian Grand Prix,2022-07-10,Red Bull Ring,Guanyu Zhou,ZHO,Alfa Romeo,13.245443243100718,15,0,0,0
2022,11,Austrian Grand Prix,2022-07-10,Red Bull Ring,Yuki Tsunoda,TSU,AlphaTauri,13.919238317107698,16,0,0,0
2022,11,Austrian Grand Prix,2022-07-10,Red Bull Ring,Mick Schumacher,MSC,Haas F1 Team,14.12039516368444,17,0,0,0
2022,11,Austrian Grand Prix,2022-07-10,Red Bull Ring,Kevin Magnussen,MAG,Haas F1 Team,14.47177742256823,18,0,0,0
2022,11,Austrian Grand Prix,2022-07-10,Red Bull Ring,Alexander Albon,ALB,Williams,14.68735393077832,19,0,0,0
2022,11,Austrian Grand Prix,2022-07-10,Red Bull Ring,Nicholas Latifi,LAT,Williams,14.867615494854476,20,0,0,0
2022,12,French Grand Prix,2022-07-24,Circuit Paul Ricard,Max Verstappen,VER,Red Bull,2.884145954829884,1,25,0,25
2022,12,French Grand Prix,2022-07-24,Circuit Paul Ricard,Lewis Hamilton,HAM,Mercedes,4.571293347125318,2,18,0,18
2022,12,French Grand Prix,2022-07-24,Circuit Paul Ricard,Carlos Sainz,SAI,Ferrari,4.989438321741577,3,15,0,15
2022,12,French Grand Prix,2022-07-24,Circuit Paul Ricard,George Russell,RUS,Mercedes,5.222375805685904,4,12,0,12
2022,12,French Grand Prix,2022-07-24,Circuit Paul Ricard,Sergio Pérez,PER,Red Bull,5.563947219509132,5,10,0,10
2022,12,French Grand Prix,2022-07-24,Circuit Paul Ricard,Charles Leclerc,LEC,Ferrari,5.642619021747533,6,8,0,8
2022,12,French Grand Prix,2022-07-24,Circuit Paul Ricard,Lando Norris,NOR,McLaren,8.832017611107968,7,6,0,6
2022,12,French Grand Prix,2022-07-24,Circuit Paul Ricard,Fernando Alonso,ALO,Alpine F1 Team,9.32593645667434,8,4,0,4
2022,12,French Grand Prix,2022-07-24,Circuit Paul Ricard,Esteban Ocon,OCO,Alpine F1 Team,9.770950822849413,9,2,0,2
2022,12,French Grand Prix,2022-07-24,Circuit Paul Ricard,Daniel Ricciardo,RIC,McLaren,10.670833071010456,10,1,0,1
2022,12,French Grand Prix,2022-07-24,Circuit Paul Ricard,Valtteri Bottas,BOT,Alfa Romeo,11.379332002106343,11,0,0,0
2022,12,French Grand Prix,2022-07-24,Circuit Paul Ricard,Sebastian Vettel,VET,Aston Martin,11.48597644271176,12,0,0,0
2022,12,French Grand Prix,2022-07-24,Circuit Paul Ricard,Mick Schumacher,MSC,Haas F1 Team,12.498824286906284,13,0,0,0
2022,12,French Grand Prix,2022-07-24,Circuit Paul Ricard,Kevin Magnussen,MAG,Haas F1 Team,12.594440762125434,14,0,0,0
2022,12,French Grand Prix,2022-07-24,Circuit Paul Ricard,Pierre Gasly,GAS,AlphaTauri,12.750117096828374,15,0,0,0
2022,12,French Grand Prix,2022-07-24,Circuit Paul Ricard,Lance Stroll,STR,Aston Martin,13.211327680453332,16,0,0,0
2022,12,French Grand Prix,2022-07-24,Circuit Paul Ricard,Guanyu Zhou,ZHO,Alfa Romeo,13.520115716002593,17,0,0,0
2022,12,French Grand Prix,2022-07-24,Circuit Paul Ricard,Yuki Tsunoda,TSU,AlphaTauri,14.319104078042775,18,0,0,0
2022,12,French Grand Prix,2022-07-24,Circuit Paul Ricard,Alexander Albon,ALB,Williams,14.852850440663053,19,0,0,0
2022,12,French Grand Prix,2022-07-24,Circuit Paul Ricard,Nicholas Latifi,LAT,Williams,15.52147392479247,20,0,0,0
2022,13,Hungarian Grand Prix,2022-07-31,Hungaroring,Max Verstappen,VER,Red Bull,2.9060679832864142,1,25,0,25
2022,13,Hungarian Grand Prix,2022-07-31,Hungaroring,Lewis Hamilton,HAM,Mercedes,3.877326863252465,2,18,0,18
2022,13,Hungarian Grand Prix,2022-07-31,Hungaroring,George Russell,RUS,Mercedes,5.054401152360208,3,15,0,15
2022,13,Hungarian Grand Prix,2022-07-31,Hungaroring,Carlos Sainz,SAI,Ferrari,5.271665284638812,4,12,0,12
2022,13,Hungarian Grand Prix,2022-07-31,Hungaroring,Sergio Pérez,PER,Red Bull,5.783148461532818,5,10,0,10
2022,13,Hungarian Grand Prix,2022-07-31,Hungaroring,Charles Leclerc,LEC,Ferrari,5.9569066752768745,6,8,0,8
2022,13,Hungarian Grand Prix,2022-07-31,Hungaroring,Fernando Alonso,ALO,Alpine F1 Team,8.117601865902957,7,6,0,6
2022,13,Hungarian Grand Prix,2022-07-31,Hungaroring,Esteban Ocon,OCO,Alpine F1 Team,8.522574505526475,8,4,0,4
2022,13,Hungarian Grand Prix,2022-07-31,Hungaroring,Lando Norris,NOR,McLaren,10.591592370522946,9,2,0,2
2022,13,Hungarian Grand Prix,2022-07-31,Hungaroring,Sebastian Vettel,VET,Aston Martin,11.29222450698257,10,1,0,1
2022,13,Hungarian Grand Prix,2022-07-31,Hungaroring,Daniel Ricciardo,RIC,McLaren,11.668996024460816,11,0,0,0
2022,13,Hungarian Grand Prix,2022-07-31,Hungaroring,Pierre Gasly,GAS,AlphaTauri,12.158424984521533,12,0,0,0
2022,13,Hungarian Grand Prix,2022-07-31,Hungaroring,Mick Schumacher,MSC,Haas F1 Team,12.617225908005352,13,0,0,0
2022,13,Hungarian Grand Prix,2022-07-31,Hungaroring,Valtteri Bottas,BOT,Alfa Romeo,12.746109156136807,14,0,0,0
2022,13,Hungarian Grand Prix,2022-07-31,Hungaroring,Kevin Magnussen,MAG,Haas F1 Team,12.79854957205044,15,0,0,0
2022,13,Hungarian Grand Prix,2022-07-31,Hungaroring,Lance Stroll,STR,Aston Martin,13.023607698781548,16,0,0,0
2022,13,Hungarian Grand Prix,2022-07-31,Hungaroring,Yuki Tsunoda,TSU,AlphaTauri,13.252335600733842,17,0,0,0
2022,13,Hungarian Grand Prix,2022-07-31,Hungaroring,Alexander Albon,ALB,Williams,13.338900710543308,18,0,0,0
2022,13,Hungarian Grand Prix,2022-07-31,Hungaroring,Guanyu Zhou,ZHO,Alfa Romeo,13.661097143504554,19,0,0,0
2022,13,Hungarian Grand Prix,2022-07-31,Hungaroring,Nicholas Latifi,LAT,Williams,15.06631071372659,20,0,0,0
2022,14,Belgian Grand Prix,2022-08-28,Circuit de Spa-Francorchamps,Max Verstappen,VER,Red Bull,2.971785157134112,1,25,0,25
2022,14,Belgian Grand Prix,2022-08-28,Circuit de Spa-Francorchamps,Lewis Hamilton,HAM,Mercedes,3.877326863252465,2,18,0,18
2022,14,Belgian Grand Prix,2022-08-28,Circuit de Spa-Francorchamps,Carlos Sainz,SAI,Ferrari,4.734250803189599,3,15,0,15
2022,14,Belgian Grand Prix,2022-08-28,Circuit de Spa-Francorchamps,George Russell,RUS,Mercedes,4.987879783369986,4,12,0,12
2022,14,Belgian Grand Prix,2022-08-28,Circuit de Spa-Francorchamps,Charles Leclerc,LEC,Ferrari,5.5464352115974425,5,10,0,10
2022,14,Belgian Grand Prix,2022-08-28,Circuit de Spa-Francorchamps,Sergio Pérez,PER,Red Bull,6.138281268074788,6,8,0,8
2022,14,Belgian Grand Prix,2022-08-28,Circuit de Spa-Francorchamps,Fernando Alonso,ALO,Alpine F1 Team,9.09501580608887,7,6,0,6
2022,14,Belgian Grand Prix,2022-08-28,Circuit de Spa-Francorchamps,Esteban Ocon,OCO,Alpine F1 Team,9.146300779672009,8,4,0,4
2022,14,Belgian Grand Prix,2022-08-28,Circuit de Spa-Francorchamps,Lando Norris,NOR,McLaren,10.27178539221542,9,2,0,2
2022,14,Belgian Grand Prix,2022-08-28,Circuit de Spa-Francorchamps,Valtteri Bottas,BOT,Alfa Romeo,11.878714300289737,10,1,0,1
2022,14,Belgian Grand Prix,2022-08-28,Circuit de Spa-Francorchamps,Sebastian Vettel,VET,Aston Martin,12.074130445806636,11,0,0,0
2022,14,Belgian Grand Prix,2022-08-28,Circuit de Spa-Francorchamps,Daniel Ricciardo,RIC,McLaren,12.524152999367908,12,0,0,0
2022,14,Belgian Grand Prix,2022-08-28,Circuit de Spa-Francorchamps,Mick Schumacher,MSC,Haas F1 Team,12.714352460400324,13,0,0,0
2022,14,Belgian Grand Prix,2022-08-28,Circuit de Spa-Francorchamps,Kevin Magnussen,MAG,Haas F1 Team,12.834105933426684,14,0,0,0
2022,14,Belgian Grand Prix,2022-08-28,Circuit de Spa-Francorchamps,Lance Stroll,STR,Aston Martin,13.07562188232854,15,0,0,0
2022,14,Belgian Grand Prix,2022-08-28,Circuit de Spa-Francorchamps,Guanyu Zhou,ZHO,Alfa Romeo,13.209653614055163,16,0,0,0
2022,14,Belgian Grand Prix,2022-08-28,Circuit de Spa-Francorchamps,Pierre Gasly,GAS,AlphaTauri,14.38654005159707,17,0,0,0
2022,14,Belgian Grand Prix,2022-08-28,Circuit de Spa-Francorchamps,Alexander Albon,ALB,Williams,14.43346329311293,18,0,0,0
2022,14,Belgian Grand Prix,2022-08-28,Circuit de Spa-Francorchamps,Yuki Tsunoda,TSU,AlphaTauri,15.552708090043708,19,0,0,0
2022,14,Belgian Grand Prix,2022-08-28,Circuit de Spa-Francorchamps,Nicholas Latifi,LAT,Williams,15.65307658238743,20,0,0,0
2022,15,Dutch Grand Prix,2022-09-04,Circuit Park Zandvoort,Max Verstappen,VER,Red Bull,2.35916687429363,1,25,0,25
2022,15,Dutch Grand Prix,2022-09-04,Circuit Park Zandvoort,Lewis Hamilton,HAM,Mercedes,3.6131066478701785,2,18,0,18
2022,15,Dutch Grand Prix,2022-09-04,Circuit Park Zandvoort,George Russell,RUS,Mercedes,5.230973868126342,3,15,0,15
2022,15,Dutch Grand Prix,2022-09-04,Circuit Park Zandvoort,Charles Leclerc,LEC,Ferrari,5.330851169473966,4,12,0,12
2022,15,Dutch Grand Prix,2022-09-04,Circuit Park Zandvoort,Carlos Sainz,SAI,Ferrari,5.520961208783958,5,10,0,10
2022,15,Dutch Grand Prix,2022-09-04,Circuit Park Zandvoort,Sergio Pérez,PER,Red Bull,5.550013705154399,6,8,0,8
2022,15,Dutch Grand Prix,2022-09-04,Circuit Park Zandvoort,Fernando Alonso,ALO,Alpine F1 Team,8.102029200979924,7,6,0,6
2022,15,Dutch Grand Prix,2022-09-04,Circuit Park Zandvoort,Esteban Ocon,OCO,Alpine F1 Team,9.004134855460876,8,4,0,4
2022,15,Dutch Grand Prix,2022-09-04,Circuit Park Zandvoort,Lando Norris,NOR,McLaren,10.548129790932483,9,2,0,2
2022,15,Dutch Grand Prix,2022-09-04,Circuit Park Zandvoort,Sebastian Vettel,VET,Aston Martin,12.13320675580364,10,1,0,1
2022,15,Dutch Grand Prix,2022-09-04,Circuit Park Zandvoort,Mick Schumacher,MSC,Haas F1 Team,12.637078967160503,11,0,0,0
2022,15,Dutch Grand Prix,2022-09-04,Circuit Park Zandvoort,Kevin Magnussen,MAG,Haas F1 Team,12.779606273423758,12,0,0,0
2022,15,Dutch Grand Prix,2022-09-04,Circuit Park Zandvoort,Daniel Ricciardo,RIC,McLaren,12.812455474610504,13,0,0,0
2022,15,Dutch Grand Prix,2022-09-04,Circuit Park Zandvoort,Pierre Gasly,GAS,AlphaTauri,12.904192491124704,14,0,0,0
2022,15,Dutch Grand Prix,2022-09-04,Circuit Park Zandvoort,Lance Stroll,STR,Aston Martin,13.221485457069011,15,0,0,0
2022,15,Dutch Grand Prix,2022-09-04,Circuit Park Zandvoort,Valtteri Bottas,BOT,Alfa Romeo,14.383981787826842,16,0,0,0
2022,15,Dutch Grand Prix,2022-09-04,Circuit Park Zandvoort,Yuki Tsunoda,TSU,AlphaTauri,14.90548623064874,17,0,0,0
2022,15,Dutch Grand Prix,2022-09-04,Circuit Park Zandvoort,Alexander Albon,ALB,Williams,15.08217950127357,18,0,0,0
2022,15,Dutch Grand Prix,2022-09-04,Circuit Park Zandvoort,Guanyu Zhou,ZHO,Alfa Romeo,15.560471976219691,19,0,0,0
2022,15,Dutch Grand Prix,2022-09-04,Circuit Park Zandvoort,Nicholas Latifi,LAT,Williams,15.786690762058292,20,0,0,0
2022,16,Italian Grand Prix,2022-09-11,Autodromo Nazionale di Monza,Max Verstappen,VER,Red Bull,2.895858790133542,1,25,0,25
2022,16,Italian Grand Prix,2022-09-11,Autodromo Nazionale di Monza,George Russell,RUS,Mercedes,3.9556225479577063,2,18,0,18
2022,16,Italian Grand Prix,2022-09-11,Autodromo Nazionale di Monza,Lewis Hamilton,HAM,Mercedes,4.157842615837169,3,15,0,15
2022,16,Italian Grand Prix,2022-09-11,Autodromo Nazionale di Monza,Sergio Pérez,PER,Red Bull,5.28203222677218,4,12,0,12
2022,16,Italian Grand Prix,2022-09-11,Autodromo Nazionale di Monza,Charles Leclerc,LEC,Ferrari,5.767521849985283,5,10,0,10
2022,16,Italian Grand Prix,2022-09-11,Autodromo Nazionale di Monza,Carlos Sainz,SAI,Ferrari,6.3397463510748215,6,8,0,8
2022,16,Italian Grand Prix,2022-09-11,Autodromo Nazionale di Monza,Fernando Alonso,ALO,Alpine F1 Team,8.67399763936049,7,6,0,6
2022,16,Italian Grand Prix,2022-09-11,Autodromo Nazionale di Monza,Esteban Ocon,OCO,Alpine F1 Team,8.973313147153657,8,4,0,4
2022,16,Italian Grand Prix,2022-09-11,Autodromo Nazionale di Monza,Lando Norris,NOR,McLaren,9.20343520234405,9,2,0,2
2022,16,Italian Grand Prix,2022-09-11,Autodromo Nazionale di Monza,Daniel Ricciardo,RIC,McLaren,11.941299736067643,10,1,0,1
2022,16,Italian Grand Prix,2022-09-11,Autodromo Nazionale di Monza,Sebastian Vettel,VET,Aston Martin,12.39167686117136,11,0,0,0
2022,16,Italian Grand Prix,2022-09-11,Autodromo Nazionale di Monza,Lance Stroll,STR,Aston Martin,12.45943864346832,12,0,0,0
2022,16,Italian Grand Prix,2022-09-11,Autodromo Nazionale di Monza,Mick Schumacher,MSC,Haas F1 Team,12.847890034865769,13,0,0,0
2022,16,Italian Grand Prix,2022-09-11,Autodromo Nazionale di Monza,Kevin Magnussen,MAG,Haas F1 Team,13.47624016236304,14,0,0,0
2022,16,Italian Grand Prix,2022-09-11,Autodromo Nazionale di Monza,Nyck de Vries,DEV,Williams,13.777722696895047,15,0,0,0
2022,16,Italian Grand Prix,2022-09-11,Autodromo Nazionale di Monza,Pierre Gasly,GAS,AlphaTauri,13.903419478916634,16,0,0,0
2022,16,Italian Grand Prix,2022-09-11,Autodromo Nazionale di Monza,Valtteri Bottas,BOT,Alfa Romeo,14.271299345958784,17,0,0,0
2022,16,Italian Grand Prix,2022-09-11,Autodromo Nazionale di Monza,Yuki Tsunoda,TSU,AlphaTauri,14.984703789443635,18,0,0,0
2022,16,Italian Grand Prix,2022-09-11,Autodromo Nazionale di Monza,Nicholas Latifi,LAT,Williams,15.078116078485584,19,0,0,0
2022,16,Italian Grand Prix,2022-09-11,Autodromo Nazionale di Monza,Guanyu Zhou,ZHO,Alfa Romeo,15.382843097073076,20,0,0,0
2022,17,Singapore Grand Prix,2022-10-02,Marina Bay Street Circuit,Max Verstappen,VER,Red Bull,2.137316601577688,1,25,0,25
2022,17,Singapore Grand Prix,2022-10-02,Marina Bay Street Circuit,George Russell,RUS,Mercedes,4.030741979388364,2,18,0,18
2022,17,Singapore Grand Prix,2022-10-02,Marina Bay Street Circuit,Lewis Hamilton,HAM,Mercedes,4.8649509003990365,3,15,0,15
2022,17,Singapore Grand Prix,2022-10-02,Marina Bay Street Circuit,Sergio Pérez,PER,Red Bull,5.483550021762867,4,12,0,12
2022,17,Singapore Grand Prix,2022-10-02,Marina Bay Street Circuit,Charles Leclerc,LEC,Ferrari,5.655110778772668,5,10,0,10
2022,17,Singapore Grand Prix,2022-10-02,Marina Bay Street Circuit,Carlos Sainz,SAI,Ferrari,6.175770597163526,6,8,0,8
2022,17,Singapore Grand Prix,2022-10-02,Marina Bay Street Circuit,Lando Norris,NOR,McLaren,9.20077909619286,7,6,0,6
2022,17,Singapore Grand Prix,2022-10-02,Marina Bay Street Circuit,Fernando Alonso,ALO,Alpine F1 Team,9.487957899700524,8,4,0,4
2022,17,Singapore Grand Prix,2022-10-02,Marina Bay Street Circuit,Esteban Ocon,OCO,Alpine F1 Team,10.724491040010118,9,2,0,2
2022,17,Singapore Grand Prix,2022-10-02,Marina Bay Street Circuit,Sebastian Vettel,VET,Aston Martin,11.501503273462948,10,1,0,1
2022,17,Singapore Grand Prix,2022-10-02,Marina Bay Street Circuit,Daniel Ricciardo,RIC,McLaren,11.87850656602304,11,0,0,0
2022,17,Singapore Grand Prix,2022-10-02,Marina Bay Street Circuit,Pierre Gasly,GAS,AlphaTauri,12.587686519515774,12,0,0,0
2022,17,Singapore Grand Prix,2022-10-02,Marina Bay Street Circuit,Lance Stroll,STR,Aston Martin,13.182108225609234,13,0,0,0
2022,17,Singapore Grand Prix,2022-10-02,Marina Bay Street Circuit,Alexander Albon,ALB,Williams,13.264844038627668,14,0,0,0
2022,17,Singapore Grand Prix,2022-10-02,Marina Bay Street Circuit,Valtteri Bottas,BOT,Alfa Romeo,14.109831897054129,15,0,0,0
2022,17,Singapore Grand Prix,2022-10-02,Marina Bay Street Circuit,Yuki Tsunoda,TSU,AlphaTauri,14.25068014599612,16,0,0,0
2022,17,Singapore Grand Prix,2022-10-02,Marina Bay Street Circuit,Guanyu Zhou,ZHO,Alfa Romeo,14.485372991050031,17,0,0,0
2022,17,Singapore Grand Prix,2022-10-02,Marina Bay Street Circuit,Mick Schumacher,MSC,Haas F1 Team,14.546394564469267,18,0,0,0
2022,17,Singapore Grand Prix,2022-10-02,Marina Bay Street Circuit,Kevin Magnussen,MAG,Haas F1 Team,14.896988118091512,19,0,0,0
2022,17,Singapore Grand Prix,2022-10-02,Marina Bay Street Circuit,Nicholas Latifi,LAT,Williams,15.201348159649728,20,0,0,0
2022,18,Japanese Grand Prix,2022-10-09,Suzuka Circuit,Max Verstappen,VER,Red Bull,2.2510687406258323,1,25,0,25
2022,18,Japanese Grand Prix,2022-10-09,Suzuka Circuit,Sergio Pérez,PER,Red Bull,4.387382546330387,2,18,0,18
2022,18,Japanese Grand Prix,2022-10-09,Suzuka Circuit,Charles Leclerc,LEC,Ferrari,4.677072218178926,3,15,0,15
2022,18,Japanese Grand Prix,2022-10-09,Suzuka Circuit,Lewis Hamilton,HAM,Mercedes,5.112213672692832,4,12,0,12
2022,18,Japanese Grand Prix,2022-10-09,Suzuka Circuit,George Russell,RUS,Mercedes,5.847443437914467,5,10,0,10
2022,18,Japanese Grand Prix,2022-10-09,Suzuka Circuit,Carlos Sainz,SAI,Ferrari,5.918078572075601,6,8,0,8
2022,18,Japanese Grand Prix,2022-10-09,Suzuka Circuit,Lando Norris,NOR,McLaren,9.153911141340547,7,6,0,6
2022,18,Japanese Grand Prix,2022-10-09,Suzuka Circuit,Daniel Ricciardo,RIC,McLaren,10.639336397989627,8,4,0,4
2022,18,Japanese Grand Prix,2022-10-09,Suzuka Circuit,Fernando Alonso,ALO,Alpine F1 Team,10.964939804274298,9,2,0,2
2022,18,Japanese Grand Prix,2022-10-09,Suzuka Circuit,Sebastian Vettel,VET,Aston Martin,11.147948803720476,10,1,0,1
2022,18,Japanese Grand Prix,2022-10-09,Suzuka Circuit,Esteban Ocon,OCO,Alpine F1 Team,11.644125464153982,11,0,0,0
2022,18,Japanese Grand Prix,2022-10-09,Suzuka Circuit,Lance Stroll,STR,Aston Martin,12.122596489614557,12,0,0,0
2022,18,Japanese Grand Prix,2022-10-09,Suzuka Circuit,Pierre Gasly,GAS,AlphaTauri,12.435289240993464,13,0,0,0
2022,18,Japanese Grand Prix,2022-10-09,Suzuka Circuit,Alexander Albon,ALB,Williams,13.578919109413553,14,0,0,0
2022,18,Japanese Grand Prix,2022-10-09,Suzuka Circuit,Valtteri Bottas,BOT,Alfa Romeo,13.624263711035072,15,0,0,0
2022,18,Japanese Grand Prix,2022-10-09,Suzuka Circuit,Yuki Tsunoda,TSU,AlphaTauri,14.185655972595388,16,0,0,0
2022,18,Japanese Grand Prix,2022-10-09,Suzuka Circuit,Mick Schumacher,MSC,Haas F1 Team,14.565858161869228,17,0,0,0
2022,18,Japanese Grand Prix,2022-10-09,Suzuka Circuit,Guanyu Zhou,ZHO,Alfa Romeo,14.613322044887438,18,0,0,0
2022,18,Japanese Grand Prix,2022-10-09,Suzuka Circuit,Kevin Magnussen,MAG,Haas F1 Team,14.76265524777065,19,0,0,0
2022,18,Japanese Grand Prix,2022-10-09,Suzuka Circuit,Nicholas Latifi,LAT,Williams,14.980134498071784,20,0,0,0
2022,19,United States Grand Prix,2022-10-23,Circuit of the Americas,Max Verstappen,VER,Red Bull,2.263758224625093,1,25,0,25
2022,19,United States Grand Prix,2022-10-23,Circuit of the Americas,Charles Leclerc,LEC,Ferrari,4.394777744211778,2,18,0,18
2022,19,United States Grand Prix,2022-10-23,Circuit of the Americas,Sergio Pérez,PER,Red Bull,4.42341768215566,3,15,0,15
2022,19,United States Grand Prix,2022-10-23,Circuit of the Americas,Carlos Sainz,SAI,Ferrari,5.128342711473159,4,12,0,12
2022,19,United States Grand Prix,2022-10-23,Circuit of the Americas,George Russell,RUS,Mercedes,5.952225064700596,5,10,0,10
2022,19,United States Grand Prix,2022-10-23,Circuit of the Americas,Lewis Hamilton,HAM,Mercedes,6.581067802015259,6,8,0,8
2022,19,United States Grand Prix,2022-10-23,Circuit of the Americas,Fernando Alonso,ALO,Alpine F1 Team,8.870340540844378,7,6,0,6
2022,19,United States Grand Prix,2022-10-23,Circuit of the Americas,Lando Norris,NOR,McLaren,8.915023761934405,8,4,0,4
2022,19,United States Grand Prix,2022-10-23,Circuit of the Americas,Esteban Ocon,OCO,Alpine F1 Team,9.603883035464785,9,2,0,2
2022,19,United States Grand Prix,2022-10-23,Circuit of the Americas,Daniel Ricciardo,RIC,McLaren,11.05433844097504,10,1,0,1
2022,19,United States Grand Prix,2022-10-23,Circuit of the Americas,Sebastian Vettel,VET,Aston Martin,11.15313903586808,11,0,0,0
2022,19,United States Grand Prix,2022-10-23,Circuit of the Americas,Lance Stroll,STR,Aston Martin,12.279729270420948,12,0,0,0
2022,19,United States Grand Prix,2022-10-23,Circuit of the Americas,Pierre Gasly,GAS,AlphaTauri,12.678278743999654,13,0,0,0
2022,19,United States Grand Prix,2022-10-23,Circuit of the Americas,Yuki Tsunoda,TSU,AlphaTauri,13.394320046625252,14,0,0,0
2022,19,United States Grand Prix,2022-10-23,Circuit of the Americas,Alexander Albon,ALB,Williams,13.589885569011653,15,0,0,0
2022,19,United States Grand Prix,2022-10-23,Circuit of the Americas,Valtteri Bottas,BOT,Alfa Romeo,14.59861809974672,16,0,0,0
2022,19,United States Grand Prix,2022-10-23,Circuit of the Americas,Nicholas Latifi,LAT,Williams,14.78741163991143,17,0,0,0
2022,19,United States Grand Prix,2022-10-23,Circuit of the Americas,Kevin Magnussen,MAG,Haas F1 Team,14.800327298924902,18,0,0,0
2022,19,United States Grand Prix,2022-10-23,Circuit of the Americas,Mick Schumacher,MSC,Haas F1 Team,14.917335767167012,19,0,0,0
2022,19,United States Grand Prix,2022-10-23,Circuit of the Americas,Guanyu Zhou,ZHO,Alfa Romeo,15.038134184548788,20,0,0,0
2022,20,Mexico City Grand Prix,2022-10-30,Autódromo Hermanos Rodríguez,Max Verstappen,VER,Red Bull,2.263758224625093,1,25,0,25
2022,20,Mexico City Grand Prix,2022-10-30,Autódromo Hermanos Rodríguez,Sergio Pérez,PER,Red Bull,4.387382546330387,2,18,0,18
2022,20,Mexico City Grand Prix,2022-10-30,Autódromo Hermanos Rodríguez,Charles Leclerc,LEC,Ferrari,4.394777744211778,3,15,0,15
2022,20,Mexico City Grand Prix,2022-10-30,Autódromo Hermanos Rodríguez,Lewis Hamilton,HAM,Mercedes,5.161566604767055,4,12,0,12
2022,20,Mexico City Grand Prix,2022-10-30,Autódromo Hermanos Rodríguez,George Russell,RUS,Mercedes,5.486871438358464,5,10,0,10
2022,20,Mexico City Grand Prix,2022-10-30,Autódromo Hermanos Rodríguez,Carlos Sainz,SAI,Ferrari,6.183598400835362,6,8,0,8
2022,20,Mexico City Grand Prix,2022-10-30,Autódromo Hermanos Rodríguez,Lando Norris,NOR,McLaren,8.687948274356096,7,6,0,6
2022,20,Mexico City Grand Prix,2022-10-30,Autódromo Hermanos Rodríguez,Fernando Alonso,ALO,Alpine F1 Team,10.491779971886077,8,4,0,4
2022,20,Mexico City Grand Prix,2022-10-30,Autódromo Hermanos Rodríguez,Daniel Ricciardo,RIC,McLaren,10.568476211999355,9,2,0,2
2022,20,Mexico City Grand Prix,2022-10-30,Autódromo Hermanos Rodríguez,Sebastian Vettel,VET,Aston Martin,11.055895458091364,10,1,0,1
2022,20,Mexico City Grand Prix,2022-10-30,Autódromo Hermanos Rodríguez,Esteban Ocon,OCO,Alpine F1 Team,11.40164890860026,11,0,0,0
2022,20,Mexico City Grand Prix,2022-10-30,Autódromo Hermanos Rodríguez,Lance Stroll,STR,Aston Martin,12.409750233043344,12,0,0,0
2022,20,Mexico City Grand Prix,2022-10-30,Autódromo Hermanos Rodríguez,Pierre Gasly,GAS,AlphaTauri,12.735059362967068,13,0,0,0
2022,20,Mexico City Grand Prix,2022-10-30,Autódromo Hermanos Rodríguez,Alexander Albon,ALB,Williams,13.264844038627668,14,0,0,0
2022,20,Mexico City Grand Prix,2022-10-30,Autódromo Hermanos Rodríguez,Kevin Magnussen,MAG,Haas F1 Team,13.31117621943238,15,0,0,0
2022,20,Mexico City Grand Prix,2022-10-30,Autódromo Hermanos Rodríguez,Valtteri Bottas,BOT,Alfa Romeo,13.841725176878452,16,0,0,0
2022,20,Mexico City Grand Prix,2022-10-30,Autódromo Hermanos Rodríguez,Mick Schumacher,MSC,Haas F1 Team,13.984146510959052,17,0,0,0
2022,20,Mexico City Grand Prix,2022-10-30,Autódromo Hermanos Rodríguez,Yuki Tsunoda,TSU,AlphaTauri,14.13524380734392,18,0,0,0
2022,20,Mexico City Grand Prix,2022-10-30,Autódromo Hermanos Rodríguez,Guanyu Zhou,ZHO,Alfa Romeo,14.724059113762904,19,0,0,0
2022,20,Mexico City Grand Prix,2022-10-30,Autódromo Hermanos Rodríguez,Nicholas Latifi,LAT,Williams,15.002712570212296,20,0,0,0
2022,21,São Paulo Grand Prix,2022-11-13,Autódromo José Carlos Pace,Max Verstappen,VER,Red Bull,2.203222545210462,1,25,0,25
2022,21,São Paulo Grand Prix,2022-11-13,Autódromo José Carlos Pace,Sergio Pérez,PER,Red Bull,4.5240620545345775,2,18,0,18
2022,21,São Paulo Grand Prix,2022-11-13,Autódromo José Carlos Pace,Charles Leclerc,LEC,Ferrari,4.711006158714172,3,15,0,15
2022,21,São Paulo Grand Prix,2022-11-13,Autódromo José Carlos Pace,Lewis Hamilton,HAM,Mercedes,5.238304270192276,4,12,0,12
2022,21,São Paulo Grand Prix,2022-11-13,Autódromo José Carlos Pace,George Russell,RUS,Mercedes,5.497009172551143,5,10,0,10
2022,21,São Paulo Grand Prix,2022-11-13,Autódromo José Carlos Pace,Carlos Sainz,SAI,Ferrari,6.094051339548064,6,8,0,8
2022,21,São Paulo Grand Prix,2022-11-13,Autódromo José Carlos Pace,Lando Norris,NOR,McLaren,9.530972381466666,7,6,0,6
2022,21,São Paulo Grand Prix,2022-11-13,Autódromo José Carlos Pace,Daniel Ricciardo,RIC,McLaren,10.258760475300026,8,4,0,4
2022,21,São Paulo Grand Prix,2022-11-13,Autódromo José Carlos Pace,Sebastian Vettel,VET,Aston Martin,11.322566460492128,9,2,0,2
2022,21,São Paulo Grand Prix,2022-11-13,Autódromo José Carlos Pace,Esteban Ocon,OCO,Alpine F1 Team,11.959735555756314,10,1,0,1
2022,21,São Paulo Grand Prix,2022-11-13,Autódromo José Carlos Pace,Fernando Alonso,ALO,Alpine F1 Team,12.310380632667403,11,0,0,0
2022,21,São Paulo Grand Prix,2022-11-13,Autódromo José Carlos Pace,Lance Stroll,STR,Aston Martin,12.458607200863348,12,0,0,0
2022,21,São Paulo Grand Prix,2022-11-13,Autódromo José Carlos Pace,Pierre Gasly,GAS,AlphaTauri,12.461244712664294,13,0,0,0
2022,21,São Paulo Grand Prix,2022-11-13,Autódromo José Carlos Pace,Valtteri Bottas,BOT,Alfa Romeo,13.058973806022983,14,0,0,0
2022,21,São Paulo Grand Prix,2022-11-13,Autódromo José Carlos Pace,Kevin Magnussen,MAG,Haas F1 Team,13.48576951023635,15,0,0,0
2022,21,São Paulo Grand Prix,2022-11-13,Autódromo José Carlos Pace,Guanyu Zhou,ZHO,Alfa Romeo,13.61324097840833,16,0,0,0
2022,21,São Paulo Grand Prix,2022-11-13,Autódromo José Carlos Pace,Mick Schumacher,MSC,Haas F1 Team,13.960044582890909,17,0,0,0
2022,21,São Paulo Grand Prix,2022-11-13,Autódromo José Carlos Pace,Yuki Tsunoda,TSU,AlphaTauri,14.102896123288412,18,0,0,0
2022,21,São Paulo Grand Prix,2022-11-13,Autódromo José Carlos Pace,Alexander Albon,ALB,Williams,14.59759997152403,19,0,0,0
2022,21,São Paulo Grand Prix,2022-11-13,Autódromo José Carlos Pace,Nicholas Latifi,LAT,Williams,14.705396923762788,20,0,0,0
2022,22,Abu Dhabi Grand Prix,2022-11-20,Yas Marina Circuit,Max Verstappen,VER,Red Bull,2.3758131375699745,1,25,0,25
2022,22,Abu Dhabi Grand Prix,2022-11-20,Yas Marina Circuit,Lewis Hamilton,HAM,Mercedes,4.112011948421835,2,18,0,18
2022,22,Abu Dhabi Grand Prix,2022-11-20,Yas Marina Circuit,Charles Leclerc,LEC,Ferrari,4.589267303536431,3,15,0,15
2022,22,Abu Dhabi Grand Prix,2022-11-20,Yas Marina Circuit,Sergio Pérez,PER,Red Bull,4.650092133442442,4,12,0,12
2022,22,Abu Dhabi Grand Prix,2022-11-20,Yas Marina Circuit,George Russell,RUS,Mercedes,5.230973868126342,5,10,0,10
2022,22,Abu Dhabi Grand Prix,2022-11-20,Yas Marina Circuit,Carlos Sainz,SAI,Ferrari,5.69346902250981,6,8,0,8
2022,22,Abu Dhabi Grand Prix,2022-11-20,Yas Marina Circuit,Lando Norris,NOR,McLaren,8.692471843235921,7,6,0,6
2022,22,Abu Dhabi Grand Prix,2022-11-20,Yas Marina Circuit,Fernando Alonso,ALO,Alpine F1 Team,10.191825457418595,8,4,0,4
2022,22,Abu Dhabi Grand Prix,2022-11-20,Yas Marina Circuit,Esteban Ocon,OCO,Alpine F1 Team,10.304379874378345,9,2,0,2
2022,22,Abu Dhabi Grand Prix,2022-11-20,Yas Marina Circuit,Daniel Ricciardo,RIC,McLaren,11.028907098096578,10,1,0,1
2022,22,Abu Dhabi Grand Prix,2022-11-20,Yas Marina Circuit,Sebastian Vettel,VET,Aston Martin,11.18483003484508,11,0,0,0
2022,22,Abu Dhabi Grand Prix,2022-11-20,Yas Marina Circuit,Valtteri Bottas,BOT,Alfa Romeo,12.293801970586491,12,0,0,0
2022,22,Abu Dhabi Grand Prix,2022-11-20,Yas Marina Circuit,Lance Stroll,STR,Aston Martin,12.297824045053506,13,0,0,0
2022,22,Abu Dhabi Grand Prix,2022-11-20,Yas Marina Circuit,Yuki Tsunoda,TSU,AlphaTauri,13.149709629317552,14,0,0,0
2022,22,Abu Dhabi Grand Prix,2022-11-20,Yas Marina Circuit,Guanyu Zhou,ZHO,Alfa Romeo,13.65350139889144,15,0,0,0
2022,22,Abu Dhabi Grand Prix,2022-11-20,Yas Marina Circuit,Pierre Gasly,GAS,AlphaTauri,13.721874334769804,16,0,0,0
2022,22,Abu Dhabi Grand Prix,2022-11-20,Yas Marina Circuit,Alexander Albon,ALB,Williams,14.24239815295518,17,0,0,0
2022,22,Abu Dhabi Grand Prix,2022-11-20,Yas Marina Circuit,Kevin Magnussen,MAG,Haas F1 Team,14.302330320874532,18,0,0,0
2022,22,Abu Dhabi Grand Prix,2022-11-20,Yas Marina Circuit,Mick Schumacher,MSC,Haas F1 Team,14.66467366735685,19,0,0,0
2022,22,Abu Dhabi Grand Prix,2022-11-20,Yas Marina Circuit,Nicholas Latifi,LAT,Williams,15.488562734607308,20,0,0,0
2023,1,Bahrain Grand Prix,2023-03-05,Bahrain International Circuit,Max Verstappen,VER,Red Bull,3.1673503171489514,1,25,0,25
2023,1,Bahrain Grand Prix,2023-03-05,Bahrain International Circuit,George Russell,RUS,Mercedes,4.244736362982846,2,18,0,18
2023,1,Bahrain Grand Prix,2023-03-05,Bahrain International Circuit,Lewis Hamilton,HAM,Mercedes,4.251274608414963,3,15,0,15
2023,1,Bahrain Grand Prix,2023-03-05,Bahrain International Circuit,Charles Leclerc,LEC,Ferrari,4.716413080592257,4,12,0,12
2023,1,Bahrain Grand Prix,2023-03-05,Bahrain International Circuit,Sergio Pérez,PER,Red Bull,4.744082506614117,5,10,0,10
2023,1,Bahrain Grand Prix,2023-03-05,Bahrain International Circuit,Carlos Sainz,SAI,Ferrari,7.013873158274326,6,8,0,8
2023,1,Bahrain Grand Prix,2023-03-05,Bahrain International Circuit,Esteban Ocon,OCO,Alpine F1 Team,8.901560682781218,7,6,0,6
2023,1,Bahrain Grand Prix,2023-03-05,Bahrain International Circuit,Lando Norris,NOR,McLaren,10.089666548607209,8,4,0,4
2023,1,Bahrain Grand Prix,2023-03-05,Bahrain International Circuit,Pierre Gasly,GAS,Alpine F1 Team,11.23662964762457,9,2,0,2
2023,1,Bahrain Grand Prix,2023-03-05,Bahrain International Circuit,Fernando Alonso,ALO,Aston Martin,11.590606468866149,10,1,0,1
2023,1,Bahrain Grand Prix,2023-03-05,Bahrain International Circuit,Oscar Piastri,PIA,McLaren,12.202423442014874,11,0,0,0
2023,1,Bahrain Grand Prix,2023-03-05,Bahrain International Circuit,Lance Stroll,STR,Aston Martin,12.230365695099849,12,0,0,0
2023,1,Bahrain Grand Prix,2023-03-05,Bahrain International Circuit,Valtteri Bottas,BOT,Alfa Romeo,12.692503277284612,13,0,0,0
2023,1,Bahrain Grand Prix,2023-03-05,Bahrain International Circuit,Nyck de Vries,DEV,AlphaTauri,13.086372434839731,14,0,0,0
2023,1,Bahrain Grand Prix,2023-03-05,Bahrain International Circuit,Nico Hülkenberg,HUL,Haas F1 Team,13.425011604329736,15,0,0,0
2023,1,Bahrain Grand Prix,2023-03-05,Bahrain International Circuit,Yuki Tsunoda,TSU,AlphaTauri,13.604913307638284,16,0,0,0
2023,1,Bahrain Grand Prix,2023-03-05,Bahrain International Circuit,Guanyu Zhou,ZHO,Alfa Romeo,13.63270457580829,17,0,0,0
2023,1,Bahrain Grand Prix,2023-03-05,Bahrain International Circuit,Alexander Albon,ALB,Williams,13.742325422169792,18,0,0,0
2023,1,Bahrain Grand Prix,2023-03-05,Bahrain International Circuit,Kevin Magnussen,MAG,Haas F1 Team,14.506248843936676,19,0,0,0
2023,1,Bahrain Grand Prix,2023-03-05,Bahrain International Circuit,Logan Sargeant,SAR,Williams,14.718984618029715,20,0,0,0
2023,2,Saudi Arabian Grand Prix,2023-03-19,Jeddah Corniche Circuit,Max Verstappen,VER,Red Bull,2.56885226184,1,25,0,25
2023,2,Saudi Arabian Grand Prix,2023-03-19,Jeddah Corniche Circuit,Lewis Hamilton,HAM,Mercedes,4.1375188208115965,2,18,0,18
2023,2,Saudi Arabian Grand Prix,2023-03-19,Jeddah Corniche Circuit,George Russell,RUS,Mercedes,4.190307633127074,3,15,0,15
2023,2,Saudi Arabian Grand Prix,2023-03-19,Jeddah Corniche Circuit,Sergio Pérez,PER,Red Bull,4.598872055193196,4,12,0,12
2023,2,Saudi Arabian Grand Prix,2023-03-19,Jeddah Corniche Circuit,Charles Leclerc,LEC,Ferrari,5.6277207655250265,5,10,0,10
2023,2,Saudi Arabian Grand Prix,2023-03-19,Jeddah Corniche Circuit,Carlos Sainz,SAI,Ferrari,6.0670039644464255,6,8,0,8
2023,2,Saudi Arabian Grand Prix,2023-03-19,Jeddah Corniche Circuit,Fernando Alonso,ALO,Aston Martin,9.8547716818324,7,6,0,6
2023,2,Saudi Arabian Grand Prix,2023-03-19,Jeddah Corniche Circuit,Esteban Ocon,OCO,Alpine F1 Team,10.767237599549082,8,4,0,4
2023,2,Saudi Arabian Grand Prix,2023-03-19,Jeddah Corniche Circuit,Lando Norris,NOR,McLaren,10.950222631950354,9,2,0,2
2023,2,Saudi Arabian Grand Prix,2023-03-19,Jeddah Corniche Circuit,Pierre Gasly,GAS,Alpine F1 Team,11.000878478469042,10,1,0,1
2023,2,Saudi Arabian Grand Prix,2023-03-19,Jeddah Corniche Circuit,Lance Stroll,STR,Aston Martin,11.180393230712934,11,0,0,0
2023,2,Saudi Arabian Grand Prix,2023-03-19,Jeddah Corniche Circuit,Valtteri Bottas,BOT,Alfa Romeo,11.873049555395546,12,0,0,0
2023,2,Saudi Arabian Grand Prix,2023-03-19,Jeddah Corniche Circuit,Oscar Piastri,PIA,McLaren,13.056680062931758,13,0,0,0
2023,2,Saudi Arabian Grand Prix,2023-03-19,Jeddah Corniche Circuit,Nyck de Vries,DEV,AlphaTauri,13.534950949981445,14,0,0,0
2023,2,Saudi Arabian Grand Prix,2023-03-19,Jeddah Corniche Circuit,Guanyu Zhou,ZHO,Alfa Romeo,13.561033242707156,15,0,0,0
2023,2,Saudi Arabian Grand Prix,2023-03-19,Jeddah Corniche Circuit,Nico Hülkenberg,HUL,Haas F1 Team,13.71552480205617,16,0,0,0
2023,2,Saudi Arabian Grand Prix,2023-03-19,Jeddah Corniche Circuit,Yuki Tsunoda,TSU,AlphaTauri,13.835669837523875,17,0,0,0
2023,2,Saudi Arabian Grand Prix,2023-03-19,Jeddah Corniche Circuit,Kevin Magnussen,MAG,Haas F1 Team,13.989135854554592,18,0,0,0
2023,2,Saudi Arabian Grand Prix,2023-03-19,Jeddah Corniche Circuit,Alexander Albon,ALB,Williams,14.614164317950175,19,0,0,0
2023,2,Saudi Arabian Grand Prix,2023-03-19,Jeddah Corniche Circuit,Logan Sargeant,SAR,Williams,15.378920371650016,20,0,0,0
2023,3,Australian Grand Prix,2023-04-02,Albert Park Grand Prix Circuit,Max Verstappen,VER,Red Bull,3.343168103274891,1,25,0,25
2023,3,Australian Grand Prix,2023-04-02,Albert Park Grand Prix Circuit,Sergio Pérez,PER,Red Bull,4.474402108510527,2,18,0,18
2023,3,Australian Grand Prix,2023-04-02,Albert Park Grand Prix Circuit,George Russell,RUS,Mercedes,4.518868501610658,3,15,0,15
2023,3,Australian Grand Prix,2023-04-02,Albert Park Grand Prix Circuit,Lewis Hamilton,HAM,Mercedes,5.001630408603227,4,12,0,12
2023,3,Australian Grand Prix,2023-04-02,Albert Park Grand Prix Circuit,Charles Leclerc,LEC,Ferrari,5.542436736318063,5,10,0,10
2023,3,Australian Grand Prix,2023-04-02,Albert Park Grand Prix Circuit,Carlos Sainz,SAI,Ferrari,6.463882714452036,6,8,0,8
2023,3,Australian Grand Prix,2023-04-02,Albert Park Grand Prix Circuit,Fernando Alonso,ALO,Aston Martin,8.135799902424985,7,6,0,6
2023,3,Australian Grand Prix,2023-04-02,Albert Park Grand Prix Circuit,Lance Stroll,STR,Aston Martin,10.490540596088636,8,4,0,4
2023,3,Australian Grand Prix,2023-04-02,Albert Park Grand Prix Circuit,Esteban Ocon,OCO,Alpine F1 Team,10.912464996409838,9,2,0,2
2023,3,Australian Grand Prix,2023-04-02,Albert Park Grand Prix Circuit,Lando Norris,NOR,McLaren,11.179033718279332,10,1,0,1
2023,3,Australian Grand Prix,2023-04-02,Albert Park Grand Prix Circuit,Valtteri Bottas,BOT,Alfa Romeo,11.58600591658896,11,0,0,0
2023,3,Australian Grand Prix,2023-04-02,Albert Park Grand Prix Circuit,Pierre Gasly,GAS,Alpine F1 Team,11.793653003350846,12,0,0,0
2023,3,Australian Grand Prix,2023-04-02,Albert Park Grand Prix Circuit,Nico Hülkenberg,HUL,Haas F1 Team,12.986374291756544,13,0,0,0
2023,3,Australian Grand Prix,2023-04-02,Albert Park Grand Prix Circuit,Guanyu Zhou,ZHO,Alfa Romeo,13.246958171921271,14,0,0,0
2023,3,Australian Grand Prix,2023-04-02,Albert Park Grand Prix Circuit,Oscar Piastri,PIA,McLaren,13.685917284663534,15,0,0,0
2023,3,Australian Grand Prix,2023-04-02,Albert Park Grand Prix Circuit,Nyck de Vries,DEV,AlphaTauri,13.777543276798284,16,0,0,0
2023,3,Australian Grand Prix,2023-04-02,Albert Park Grand Prix Circuit,Yuki Tsunoda,TSU,AlphaTauri,14.101520427280263,17,0,0,0
2023,3,Australian Grand Prix,2023-04-02,Albert Park Grand Prix Circuit,Alexander Albon,ALB,Williams,14.615395956052645,18,0,0,0
2023,3,Australian Grand Prix,2023-04-02,Albert Park Grand Prix Circuit,Kevin Magnussen,MAG,Haas F1 Team,14.686767471224142,19,0,0,0
2023,3,Australian Grand Prix,2023-04-02,Albert Park Grand Prix Circuit,Logan Sargeant,SAR,Williams,15.925545981144769,20,0,0,0
2023,4,Azerbaijan Grand Prix,2023-04-30,Baku City Circuit,Max Verstappen,VER,Red Bull,2.9289500378437823,1,25,0,25
2023,4,Azerbaijan Grand Prix,2023-04-30,Baku City Circuit,Sergio Pérez,PER,Red Bull,4.139323523207129,2,18,0,18
2023,4,Azerbaijan Grand Prix,2023-04-30,Baku City Circuit,Lewis Hamilton,HAM,Mercedes,5.101624761988085,3,15,0,15
2023,4,Azerbaijan Grand Prix,2023-04-30,Baku City Circuit,George Russell,RUS,Mercedes,5.789871748781901,4,12,0,12
2023,4,Azerbaijan Grand Prix,2023-04-30,Baku City Circuit,Carlos Sainz,SAI,Ferrari,6.334548423969374,5,10,0,10
2023,4,Azerbaijan Grand Prix,2023-04-30,Baku City Circuit,Fernando Alonso,ALO,Aston Martin,6.611157969272388,6,8,0,8
2023,4,Azerbaijan Grand Prix,2023-04-30,Baku City Circuit,Charles Leclerc,LEC,Ferrari,6.681014079234363,7,6,0,6
2023,4,Azerbaijan Grand Prix,2023-04-30,Baku City Circuit,Lance Stroll,STR,Aston Martin,8.753577268508245,8,4,0,4
2023,4,Azerbaijan Grand Prix,2023-04-30,Baku City Circuit,Lando Norris,NOR,McLaren,9.91941098818012,9,2,0,2
2023,4,Azerbaijan Grand Prix,2023-04-30,Baku City Circuit,Valtteri Bottas,BOT,Alfa Romeo,12.120374112710412,10,1,0,1
2023,4,Azerbaijan Grand Prix,2023-04-30,Baku City Circuit,Oscar Piastri,PIA,McLaren,12.227442249641683,11,0,0,0
2023,4,Azerbaijan Grand Prix,2023-04-30,Baku City Circuit,Pierre Gasly,GAS,Alpine F1 Team,12.341824229388472,12,0,0,0
2023,4,Azerbaijan Grand Prix,2023-04-30,Baku City Circuit,Esteban Ocon,OCO,Alpine F1 Team,12.461505708997349,13,0,0,0
2023,4,Azerbaijan Grand Prix,2023-04-30,Baku City Circuit,Nico Hülkenberg,HUL,Haas F1 Team,12.592018187239672,14,0,0,0
2023,4,Azerbaijan Grand Prix,2023-04-30,Baku City Circuit,Guanyu Zhou,ZHO,Alfa Romeo,13.082734374417605,15,0,0,0
2023,4,Azerbaijan Grand Prix,2023-04-30,Baku City Circuit,Nyck de Vries,DEV,AlphaTauri,13.70845751990215,16,0,0,0
2023,4,Azerbaijan Grand Prix,2023-04-30,Baku City Circuit,Yuki Tsunoda,TSU,AlphaTauri,13.77639372285863,17,0,0,0
2023,4,Azerbaijan Grand Prix,2023-04-30,Baku City Circuit,Kevin Magnussen,MAG,Haas F1 Team,13.904177495499075,18,0,0,0
2023,4,Azerbaijan Grand Prix,2023-04-30,Baku City Circuit,Alexander Albon,ALB,Williams,14.918444427316771,19,0,0,0
2023,4,Azerbaijan Grand Prix,2023-04-30,Baku City Circuit,Logan Sargeant,SAR,Williams,15.662751175254964,20,0,0,0
2023,5,Miami Grand Prix,2023-05-07,Miami International Autodrome,Max Verstappen,VER,Red Bull,2.586369620826499,1,25,0,25
2023,5,Miami Grand Prix,2023-05-07,Miami International Autodrome,Sergio Pérez,PER,Red Bull,4.049369925912915,2,18,0,18
2023,5,Miami Grand Prix,2023-05-07,Miami International Autodrome,Lewis Hamilton,HAM,Mercedes,5.51977998155227,3,15,0,15
2023,5,Miami Grand Prix,2023-05-07,Miami International Autodrome,Carlos Sainz,SAI,Ferrari,5.7840246586336725,4,12,0,12
2023,5,Miami Grand Prix,2023-05-07,Miami International Autodrome,Charles Leclerc,LEC,Ferrari,5.99683570543483,5,10,0,10
2023,5,Miami Grand Prix,2023-05-07,Miami International Autodrome,George Russell,RUS,Mercedes,6.442034478944988,6,8,0,8
2023,5,Miami Grand Prix,2023-05-07,Miami International Autodrome,Fernando Alonso,ALO,Aston Martin,6.611157969272388,7,6,0,6
2023,5,Miami Grand Prix,2023-05-07,Miami International Autodrome,Lance Stroll,STR,Aston Martin,8.753577268508245,8,4,0,4
2023,5,Miami Grand Prix,2023-05-07,Miami International Autodrome,Lando Norris,NOR,McLaren,11.41247510868233,9,2,0,2
2023,5,Miami Grand Prix,2023-05-07,Miami International Autodrome,Esteban Ocon,OCO,Alpine F1 Team,11.957294267429614,10,1,0,1
2023,5,Miami Grand Prix,2023-05-07,Miami International Autodrome,Oscar Piastri,PIA,McLaren,12.40758930588212,11,0,0,0
2023,5,Miami Grand Prix,2023-05-07,Miami International Autodrome,Valtteri Bottas,BOT,Alfa Romeo,12.61980770533056,12,0,0,0
2023,5,Miami Grand Prix,2023-05-07,Miami International Autodrome,Pierre Gasly,GAS,Alpine F1 Team,13.063120683440925,13,0,0,0
2023,5,Miami Grand Prix,2023-05-07,Miami International Autodrome,Nico Hülkenberg,HUL,Haas F1 Team,13.07273531774351,14,0,0,0
2023,5,Miami Grand Prix,2023-05-07,Miami International Autodrome,Nyck de Vries,DEV,AlphaTauri,13.25954771176008,15,0,0,0
2023,5,Miami Grand Prix,2023-05-07,Miami International Autodrome,Yuki Tsunoda,TSU,AlphaTauri,13.282969723816034,16,0,0,0
2023,5,Miami Grand Prix,2023-05-07,Miami International Autodrome,Kevin Magnussen,MAG,Haas F1 Team,13.604601445239348,17,0,0,0
2023,5,Miami Grand Prix,2023-05-07,Miami International Autodrome,Guanyu Zhou,ZHO,Alfa Romeo,13.667688944629203,18,0,0,0
2023,5,Miami Grand Prix,2023-05-07,Miami International Autodrome,Alexander Albon,ALB,Williams,14.186701244351385,19,0,0,0
2023,5,Miami Grand Prix,2023-05-07,Miami International Autodrome,Logan Sargeant,SAR,Williams,16.207797629325764,20,0,0,0
2023,6,Monaco Grand Prix,2023-05-28,Circuit de Monaco,Max Verstappen,VER,Red Bull,2.8466757063413213,1,25,0,25
2023,6,Monaco Grand Prix,2023-05-28,Circuit de Monaco,Sergio Pérez,PER,Red Bull,4.296493622836656,2,18,0,18
2023,6,Monaco Grand Prix,2023-05-28,Circuit de Monaco,Fernando Alonso,ALO,Aston Martin,5.183844069377097,3,15,0,15
2023,6,Monaco Grand Prix,2023-05-28,Circuit de Monaco,Lewis Hamilton,HAM,Mercedes,5.628446444155774,4,12,0,12
2023,6,Monaco Grand Prix,2023-05-28,Circuit de Monaco,Carlos Sainz,SAI,Ferrari,6.326298882107982,5,10,0,10
2023,6,Monaco Grand Prix,2023-05-28,Circuit de Monaco,George Russell,RUS,Mercedes,6.898258730529584,6,8,0,8
2023,6,Monaco Grand Prix,2023-05-28,Circuit de Monaco,Charles Leclerc,LEC,Ferrari,6.951228798509698,7,6,0,6
2023,6,Monaco Grand Prix,2023-05-28,Circuit de Monaco,Lance Stroll,STR,Aston Martin,8.72216816390123,8,4,0,4
2023,6,Monaco Grand Prix,2023-05-28,Circuit de Monaco,Lando Norris,NOR,McLaren,10.599678186372882,9,2,0,2
2023,6,Monaco Grand Prix,2023-05-28,Circuit de Monaco,Pierre Gasly,GAS,Alpine F1 Team,11.058810627123092,10,1,0,1
2023,6,Monaco Grand Prix,2023-05-28,Circuit de Monaco,Esteban Ocon,OCO,Alpine F1 Team,12.38505590189516,11,0,0,0
2023,6,Monaco Grand Prix,2023-05-28,Circuit de Monaco,Nico Hülkenberg,HUL,Haas F1 Team,12.74691406503248,12,0,0,0
2023,6,Monaco Grand Prix,2023-05-28,Circuit de Monaco,Kevin Magnussen,MAG,Haas F1 Team,12.978379720027734,13,0,0,0
2023,6,Monaco Grand Prix,2023-05-28,Circuit de Monaco,Oscar Piastri,PIA,McLaren,13.208795791456064,14,0,0,0
2023,6,Monaco Grand Prix,2023-05-28,Circuit de Monaco,Valtteri Bottas,BOT,Alfa Romeo,13.244556657490165,15,0,0,0
2023,6,Monaco Grand Prix,2023-05-28,Circuit de Monaco,Guanyu Zhou,ZHO,Alfa Romeo,13.664318111205528,16,0,0,0
2023,6,Monaco Grand Prix,2023-05-28,Circuit de Monaco,Yuki Tsunoda,TSU,AlphaTauri,13.705352353305166,17,0,0,0
2023,6,Monaco Grand Prix,2023-05-28,Circuit de Monaco,Nyck de Vries,DEV,AlphaTauri,14.088852164364544,18,0,0,0
2023,6,Monaco Grand Prix,2023-05-28,Circuit de Monaco,Alexander Albon,ALB,Williams,14.894276770809943,19,0,0,0
2023,6,Monaco Grand Prix,2023-05-28,Circuit de Monaco,Logan Sargeant,SAR,Williams,15.490209719675372,20,0,0,0
2023,7,Spanish Grand Prix,2023-06-04,Circuit de Barcelona-Catalunya,Max Verstappen,VER,Red Bull,2.475609746031519,1,25,0,25
2023,7,Spanish Grand Prix,2023-06-04,Circuit de Barcelona-Catalunya,Sergio Pérez,PER,Red Bull,4.862171633026778,2,18,0,18
2023,7,Spanish Grand Prix,2023-06-04,Circuit de Barcelona-Catalunya,Fernando Alonso,ALO,Aston Martin,5.2198792052023695,3,15,0,15
2023,7,Spanish Grand Prix,2023-06-04,Circuit de Barcelona-Catalunya,Lewis Hamilton,HAM,Mercedes,5.294087572188714,4,12,0,12
2023,7,Spanish Grand Prix,2023-06-04,Circuit de Barcelona-Catalunya,George Russell,RUS,Mercedes,5.895619510900344,5,10,0,10
2023,7,Spanish Grand Prix,2023-06-04,Circuit de Barcelona-Catalunya,Carlos Sainz,SAI,Ferrari,6.893347828378276,6,8,0,8
2023,7,Spanish Grand Prix,2023-06-04,Circuit de Barcelona-Catalunya,Charles Leclerc,LEC,Ferrari,7.290308057867203,7,6,0,6
2023,7,Spanish Grand Prix,2023-06-04,Circuit de Barcelona-Catalunya,Lance Stroll,STR,Aston Martin,9.93488266128684,8,4,0,4
2023,7,Spanish Grand Prix,2023-06-04,Circuit de Barcelona-Catalunya,Esteban Ocon,OCO,Alpine F1 Team,10.410504377107635,9,2,0,2
2023,7,Spanish Grand Prix,2023-06-04,Circuit de Barcelona-Catalunya,Pierre Gasly,GAS,Alpine F1 Team,10.995190558724602,10,1,0,1
2023,7,Spanish Grand Prix,2023-06-04,Circuit de Barcelona-Catalunya,Lando Norris,NOR,McLaren,11.98287477850794,11,0,0,0
2023,7,Spanish Grand Prix,2023-06-04,Circuit de Barcelona-Catalunya,Oscar Piastri,PIA,McLaren,12.431299888912289,12,0,0,0
2023,7,Spanish Grand Prix,2023-06-04,Circuit de Barcelona-Catalunya,Valtteri Bottas,BOT,Alfa Romeo,12.629631031117206,13,0,0,0
2023,7,Spanish Grand Prix,2023-06-04,Circuit de Barcelona-Catalunya,Nico Hülkenberg,HUL,Haas F1 Team,12.985022044929414,14,0,0,0
2023,7,Spanish Grand Prix,2023-06-04,Circuit de Barcelona-Catalunya,Kevin Magnussen,MAG,Haas F1 Team,13.369026614276631,15,0,0,0
2023,7,Spanish Grand Prix,2023-06-04,Circuit de Barcelona-Catalunya,Guanyu Zhou,ZHO,Alfa Romeo,13.408756760421552,16,0,0,0
2023,7,Spanish Grand Prix,2023-06-04,Circuit de Barcelona-Catalunya,Nyck de Vries,DEV,AlphaTauri,13.831130278038057,17,0,0,0
2023,7,Spanish Grand Prix,2023-06-04,Circuit de Barcelona-Catalunya,Yuki Tsunoda,TSU,AlphaTauri,13.997101976204156,18,0,0,0
2023,7,Spanish Grand Prix,2023-06-04,Circuit de Barcelona-Catalunya,Alexander Albon,ALB,Williams,15.725296126742512,19,0,0,0
2023,7,Spanish Grand Prix,2023-06-04,Circuit de Barcelona-Catalunya,Logan Sargeant,SAR,Williams,16.98246380079892,20,0,0,0
2023,8,Canadian Grand Prix,2023-06-18,Circuit Gilles Villeneuve,Max Verstappen,VER,Red Bull,2.5138051143196534,1,25,0,25
2023,8,Canadian Grand Prix,2023-06-18,Circuit Gilles Villeneuve,Lewis Hamilton,HAM,Mercedes,4.394516477426218,2,18,0,18
2023,8,Canadian Grand Prix,2023-06-18,Circuit Gilles Villeneuve,Sergio Pérez,PER,Red Bull,4.69802773814921,3,15,0,15
2023,8,Canadian Grand Prix,2023-06-18,Circuit Gilles Villeneuve,George Russell,RUS,Mercedes,5.423233250292011,4,12,0,12
2023,8,Canadian Grand Prix,2023-06-18,Circuit Gilles Villeneuve,Fernando Alonso,ALO,Aston Martin,5.507810950327384,5,10,0,10
2023,8,Canadian Grand Prix,2023-06-18,Circuit Gilles Villeneuve,Charles Leclerc,LEC,Ferrari,6.871657422982683,6,8,0,8
2023,8,Canadian Grand Prix,2023-06-18,Circuit Gilles Villeneuve,Carlos Sainz,SAI,Ferrari,7.156972127325914,7,6,0,6
2023,8,Canadian Grand Prix,2023-06-18,Circuit Gilles Villeneuve,Lance Stroll,STR,Aston Martin,8.435112915806894,8,4,0,4
2023,8,Canadian Grand Prix,2023-06-18,Circuit Gilles Villeneuve,Esteban Ocon,OCO,Alpine F1 Team,9.808785987032284,9,2,0,2
2023,8,Canadian Grand Prix,2023-06-18,Circuit Gilles Villeneuve,Pierre Gasly,GAS,Alpine F1 Team,11.296408171169194,10,1,0,1
2023,8,Canadian Grand Prix,2023-06-18,Circuit Gilles Villeneuve,Lando Norris,NOR,McLaren,12.308659404095437,11,0,0,0
2023,8,Canadian Grand Prix,2023-06-18,Circuit Gilles Villeneuve,Oscar Piastri,PIA,McLaren,12.431299888912289,12,0,0,0
2023,8,Canadian Grand Prix,2023-06-18,Circuit Gilles Villeneuve,Nico Hülkenberg,HUL,Haas F1 Team,12.587144321333662,13,0,0,0
2023,8,Canadian Grand Prix,2023-06-18,Circuit Gilles Villeneuve,Valtteri Bottas,BOT,Alfa Romeo,12.790867085847308,14,0,0,0
2023,8,Canadian Grand Prix,2023-06-18,Circuit Gilles Villeneuve,Guanyu Zhou,ZHO,Alfa Romeo,12.81971873365708,15,0,0,0
2023,8,Canadian Grand Prix,2023-06-18,Circuit Gilles Villeneuve,Yuki Tsunoda,TSU,AlphaTauri,13.81230510664516,16,0,0,0
2023,8,Canadian Grand Prix,2023-06-18,Circuit Gilles Villeneuve,Nyck de Vries,DEV,AlphaTauri,14.104944928340828,17,0,0,0
2023,8,Canadian Grand Prix,2023-06-18,Circuit Gilles Villeneuve,Kevin Magnussen,MAG,Haas F1 Team,14.595318714019747,18,0,0,0
2023,8,Canadian Grand Prix,2023-06-18,Circuit Gilles Villeneuve,Alexander Albon,ALB,Williams,15.56912957885321,19,0,0,0
2023,8,Canadian Grand Prix,2023-06-18,Circuit Gilles Villeneuve,Logan Sargeant,SAR,Williams,16.65846017377447,20,0,0,0
2023,9,Austrian Grand Prix,2023-07-02,Red Bull Ring,Max Verstappen,VER,Red Bull,2.572095577627908,1,25,0,25
2023,9,Austrian Grand Prix,2023-07-02,Red Bull Ring,Sergio Pérez,PER,Red Bull,4.845935831174816,2,18,0,18
2023,9,Austrian Grand Prix,2023-07-02,Red Bull Ring,Lewis Hamilton,HAM,Mercedes,4.990096162532915,3,15,0,15
2023,9,Austrian Grand Prix,2023-07-02,Red Bull Ring,Fernando Alonso,ALO,Aston Martin,5.627625353684639,4,12,0,12
2023,9,Austrian Grand Prix,2023-07-02,Red Bull Ring,George Russell,RUS,Mercedes,5.8623105456167925,5,10,0,10
2023,9,Austrian Grand Prix,2023-07-02,Red Bull Ring,Charles Leclerc,LEC,Ferrari,6.13541564249948,6,8,0,8
2023,9,Austrian Grand Prix,2023-07-02,Red Bull Ring,Carlos Sainz,SAI,Ferrari,6.171168889512385,7,6,0,6
2023,9,Austrian Grand Prix,2023-07-02,Red Bull Ring,Lando Norris,NOR,McLaren,9.74720303886586,8,4,0,4
2023,9,Austrian Grand Prix,2023-07-02,Red Bull Ring,Esteban Ocon,OCO,Alpine F1 Team,10.105301351814331,9,2,0,2
2023,9,Austrian Grand Prix,2023-07-02,Red Bull Ring,Lance Stroll,STR,Aston Martin,10.783623103040435,10,1,0,1
2023,9,Austrian Grand Prix,2023-07-02,Red Bull Ring,Pierre Gasly,GAS,Alpine F1 Team,11.552460998861465,11,0,0,0
2023,9,Austrian Grand Prix,2023-07-02,Red Bull Ring,Oscar Piastri,PIA,McLaren,13.41120230734011,12,0,0,0
2023,9,Austrian Grand Prix,2023-07-02,Red Bull Ring,Alexander Albon,ALB,Williams,13.8308275542813,13,0,0,0
2023,9,Austrian Grand Prix,2023-07-02,Red Bull Ring,Valtteri Bottas,BOT,Alfa Romeo,14.055887520305108,14,0,0,0
2023,9,Austrian Grand Prix,2023-07-02,Red Bull Ring,Guanyu Zhou,ZHO,Alfa Romeo,14.342256898274467,15,0,0,0
2023,9,Austrian Grand Prix,2023-07-02,Red Bull Ring,Nyck de Vries,DEV,AlphaTauri,14.981781000089397,16,0,0,0
2023,9,Austrian Grand Prix,2023-07-02,Red Bull Ring,Yuki Tsunoda,TSU,AlphaTauri,15.000005619705457,17,0,0,0
2023,9,Austrian Grand Prix,2023-07-02,Red Bull Ring,Nico Hülkenberg,HUL,Haas F1 Team,15.38395221359463,18,0,0,0
2023,9,Austrian Grand Prix,2023-07-02,Red Bull Ring,Logan Sargeant,SAR,Williams,15.420859787798202,19,0,0,0
2023,9,Austrian Grand Prix,2023-07-02,Red Bull Ring,Kevin Magnussen,MAG,Haas F1 Team,15.523180333680928,20,0,0,0
2023,10,British Grand Prix,2023-07-09,Silverstone Circuit,Max Verstappen,VER,Red Bull,2.8665823946210094,1,25,0,25
2023,10,British Grand Prix,2023-07-09,Silverstone Circuit,Lewis Hamilton,HAM,Mercedes,5.228702275569292,2,18,0,18
2023,10,British Grand Prix,2023-07-09,Silverstone Circuit,George Russell,RUS,Mercedes,5.489754619282232,3,15,0,15
2023,10,British Grand Prix,2023-07-09,Silverstone Circuit,Sergio Pérez,PER,Red Bull,5.51958515758814,4,12,0,12
2023,10,British Grand Prix,2023-07-09,Silverstone Circuit,Charles Leclerc,LEC,Ferrari,5.919783245297478,5,10,0,10
2023,10,British Grand Prix,2023-07-09,Silverstone Circuit,Fernando Alonso,ALO,Aston Martin,5.922252281632978,6,8,0,8
2023,10,British Grand Prix,2023-07-09,Silverstone Circuit,Carlos Sainz,SAI,Ferrari,6.864630419491947,7,6,0,6
2023,10,British Grand Prix,2023-07-09,Silverstone Circuit,Lando Norris,NOR,McLaren,10.281814281621411,8,4,0,4
2023,10,British Grand Prix,2023-07-09,Silverstone Circuit,Esteban Ocon,OCO,Alpine F1 Team,10.298594799054085,9,2,0,2
2023,10,British Grand Prix,2023-07-09,Silverstone Circuit,Lance Stroll,STR,Aston Martin,10.783623103040435,10,1,0,1
2023,10,British Grand Prix,2023-07-09,Silverstone Circuit,Pierre Gasly,GAS,Alpine F1 Team,11.516425863036195,11,0,0,0
2023,10,British Grand Prix,2023-07-09,Silverstone Circuit,Valtteri Bottas,BOT,Alfa Romeo,12.94370610190309,12,0,0,0
2023,10,British Grand Prix,2023-07-09,Silverstone Circuit,Oscar Piastri,PIA,McLaren,13.342713954264674,13,0,0,0
2023,10,British Grand Prix,2023-07-09,Silverstone Circuit,Guanyu Zhou,ZHO,Alfa Romeo,13.428220357821512,14,0,0,0
2023,10,British Grand Prix,2023-07-09,Silverstone Circuit,Alexander Albon,ALB,Williams,13.609707375054992,15,0,0,0
2023,10,British Grand Prix,2023-07-09,Silverstone Circuit,Logan Sargeant,SAR,Williams,14.255247485109528,16,0,0,0
2023,10,British Grand Prix,2023-07-09,Silverstone Circuit,Yuki Tsunoda,TSU,AlphaTauri,14.885313621486034,17,0,0,0
2023,10,British Grand Prix,2023-07-09,Silverstone Circuit,Nyck de Vries,DEV,AlphaTauri,15.038134184548788,18,0,0,0
2023,10,British Grand Prix,2023-07-09,Silverstone Circuit,Nico Hülkenberg,HUL,Haas F1 Team,15.139373063941385,19,0,0,0
2023,10,British Grand Prix,2023-07-09,Silverstone Circuit,Kevin Magnussen,MAG,Haas F1 Team,15.659602586077003,20,0,0,0
2023,11,Hungarian Grand Prix,2023-07-23,Hungaroring,Max Verstappen,VER,Red Bull,2.475609746031519,1,25,0,25
2023,11,Hungarian Grand Prix,2023-07-23,Hungaroring,Lewis Hamilton,HAM,Mercedes,4.550944151801574,2,18,0,18
2023,11,Hungarian Grand Prix,2023-07-23,Hungaroring,George Russell,RUS,Mercedes,5.594232449228302,3,15,0,15
2023,11,Hungarian Grand Prix,2023-07-23,Hungaroring,Sergio Pérez,PER,Red Bull,5.676012831963496,4,12,0,12
2023,11,Hungarian Grand Prix,2023-07-23,Hungaroring,Fernando Alonso,ALO,Aston Martin,6.392527164356925,5,10,0,10
2023,11,Hungarian Grand Prix,2023-07-23,Hungaroring,Charles Leclerc,LEC,Ferrari,7.026114769333598,6,8,0,8
2023,11,Hungarian Grand Prix,2023-07-23,Hungaroring,Carlos Sainz,SAI,Ferrari,7.127570849801722,7,6,0,6
2023,11,Hungarian Grand Prix,2023-07-23,Hungaroring,Lando Norris,NOR,McLaren,8.269398822016361,8,4,0,4
2023,11,Hungarian Grand Prix,2023-07-23,Hungaroring,Esteban Ocon,OCO,Alpine F1 Team,9.934014967790825,9,2,0,2
2023,11,Hungarian Grand Prix,2023-07-23,Hungaroring,Oscar Piastri,PIA,McLaren,10.140825788267126,10,1,0,1
2023,11,Hungarian Grand Prix,2023-07-23,Hungaroring,Lance Stroll,STR,Aston Martin,10.971322493761974,11,0,0,0
2023,11,Hungarian Grand Prix,2023-07-23,Hungaroring,Pierre Gasly,GAS,Alpine F1 Team,11.556324128710452,12,0,0,0
2023,11,Hungarian Grand Prix,2023-07-23,Hungaroring,Alexander Albon,ALB,Williams,12.365914689458537,13,0,0,0
2023,11,Hungarian Grand Prix,2023-07-23,Hungaroring,Valtteri Bottas,BOT,Alfa Romeo,13.244251240142331,14,0,0,0
2023,11,Hungarian Grand Prix,2023-07-23,Hungaroring,Daniel Ricciardo,RIC,AlphaTauri,13.312127112284529,15,0,0,0
2023,11,Hungarian Grand Prix,2023-07-23,Hungaroring,Guanyu Zhou,ZHO,Alfa Romeo,13.45320705076313,16,0,0,0
2023,11,Hungarian Grand Prix,2023-07-23,Hungaroring,Logan Sargeant,SAR,Williams,14.836549587396174,17,0,0,0
2023,11,Hungarian Grand Prix,2023-07-23,Hungaroring,Yuki Tsunoda,TSU,AlphaTauri,15.187775797476188,18,0,0,0
2023,11,Hungarian Grand Prix,2023-07-23,Hungaroring,Nico Hülkenberg,HUL,Haas F1 Team,15.240645458699904,19,0,0,0
2023,11,Hungarian Grand Prix,2023-07-23,Hungaroring,Kevin Magnussen,MAG,Haas F1 Team,15.763146421735366,20,0,0,0
2023,12,Belgian Grand Prix,2023-07-30,Circuit de Spa-Francorchamps,Max Verstappen,VER,Red Bull,2.599616802093624,1,25,0,25
2023,12,Belgian Grand Prix,2023-07-30,Circuit de Spa-Francorchamps,Lewis Hamilton,HAM,Mercedes,4.550944151801574,2,18,0,18
2023,12,Belgian Grand Prix,2023-07-30,Circuit de Spa-Francorchamps,Sergio Pérez,PER,Red Bull,5.552160749164328,3,15,0,15
2023,12,Belgian Grand Prix,2023-07-30,Circuit de Spa-Francorchamps,George Russell,RUS,Mercedes,5.895619510900344,4,12,0,12
2023,12,Belgian Grand Prix,2023-07-30,Circuit de Spa-Francorchamps,Lando Norris,NOR,McLaren,6.475697535980554,5,10,0,10
2023,12,Belgian Grand Prix,2023-07-30,Circuit de Spa-Francorchamps,Charles Leclerc,LEC,Ferrari,6.979074749451193,6,8,0,8
2023,12,Belgian Grand Prix,2023-07-30,Circuit de Spa-Francorchamps,Carlos Sainz,SAI,Ferrari,7.22647122905065,7,6,0,6
2023,12,Belgian Grand Prix,2023-07-30,Circuit de Spa-Francorchamps,Fernando Alonso,ALO,Aston Martin,7.689127472064822,8,4,0,4
2023,12,Belgian Grand Prix,2023-07-30,Circuit de Spa-Francorchamps,Oscar Piastri,PIA,McLaren,8.3552016142986,9,2,0,2
2023,12,Belgian Grand Prix,2023-07-30,Circuit de Spa-Francorchamps,Lance Stroll,STR,Aston Martin,11.075295633477392,10,1,0,1
2023,12,Belgian Grand Prix,2023-07-30,Circuit de Spa-Francorchamps,Alexander Albon,ALB,Williams,11.546050053711744,11,0,0,0
2023,12,Belgian Grand Prix,2023-07-30,Circuit de Spa-Francorchamps,Esteban Ocon,OCO,Alpine F1 Team,12.380349871135577,12,0,0,0
2023,12,Belgian Grand Prix,2023-07-30,Circuit de Spa-Francorchamps,Valtteri Bottas,BOT,Alfa Romeo,12.669891451600316,13,0,0,0
2023,12,Belgian Grand Prix,2023-07-30,Circuit de Spa-Francorchamps,Pierre Gasly,GAS,Alpine F1 Team,12.716657933732682,14,0,0,0
2023,12,Belgian Grand Prix,2023-07-30,Circuit de Spa-Francorchamps,Daniel Ricciardo,RIC,AlphaTauri,13.352387532767638,15,0,0,0
2023,12,Belgian Grand Prix,2023-07-30,Circuit de Spa-Francorchamps,Guanyu Zhou,ZHO,Alfa Romeo,13.683781708605489,16,0,0,0
2023,12,Belgian Grand Prix,2023-07-30,Circuit de Spa-Francorchamps,Logan Sargeant,SAR,Williams,14.807374739764718,17,0,0,0
2023,12,Belgian Grand Prix,2023-07-30,Circuit de Spa-Francorchamps,Yuki Tsunoda,TSU,AlphaTauri,14.9015564653717,18,0,0,0
2023,12,Belgian Grand Prix,2023-07-30,Circuit de Spa-Francorchamps,Kevin Magnussen,MAG,Haas F1 Team,15.663333058305456,19,0,0,0
2023,12,Belgian Grand Prix,2023-07-30,Circuit de Spa-Francorchamps,Nico Hülkenberg,HUL,Haas F1 Team,15.692633777856294,20,0,0,0
2023,13,Dutch Grand Prix,2023-08-27,Circuit Park Zandvoort,Max Verstappen,VER,Red Bull,2.4536877175749883,1,25,0,25
2023,13,Dutch Grand Prix,2023-08-27,Circuit Park Zandvoort,Sergio Pérez,PER,Red Bull,4.490164186560506,2,18,0,18
2023,13,Dutch Grand Prix,2023-08-27,Circuit Park Zandvoort,Lewis Hamilton,HAM,Mercedes,5.394239785028091,3,15,0,15
2023,13,Dutch Grand Prix,2023-08-27,Circuit Park Zandvoort,Charles Leclerc,LEC,Ferrari,5.907093761298217,4,12,0,12
2023,13,Dutch Grand Prix,2023-08-27,Circuit Park Zandvoort,Lando Norris,NOR,McLaren,6.126279311564253,5,10,0,10
2023,13,Dutch Grand Prix,2023-08-27,Circuit Park Zandvoort,Carlos Sainz,SAI,Ferrari,6.627252936542408,6,8,0,8
2023,13,Dutch Grand Prix,2023-08-27,Circuit Park Zandvoort,George Russell,RUS,Mercedes,6.757331327249828,7,6,0,6
2023,13,Dutch Grand Prix,2023-08-27,Circuit Park Zandvoort,Fernando Alonso,ALO,Aston Martin,6.897237822130086,8,4,0,4
2023,13,Dutch Grand Prix,2023-08-27,Circuit Park Zandvoort,Oscar Piastri,PIA,McLaren,8.359640973667702,9,2,0,2
2023,13,Dutch Grand Prix,2023-08-27,Circuit Park Zandvoort,Lance Stroll,STR,Aston Martin,11.062606149478132,10,1,0,1
2023,13,Dutch Grand Prix,2023-08-27,Circuit Park Zandvoort,Esteban Ocon,OCO,Alpine F1 Team,11.9576948867325,11,0,0,0
2023,13,Dutch Grand Prix,2023-08-27,Circuit Park Zandvoort,Pierre Gasly,GAS,Alpine F1 Team,12.224604749812256,12,0,0,0
2023,13,Dutch Grand Prix,2023-08-27,Circuit Park Zandvoort,Alexander Albon,ALB,Williams,12.70126359235379,13,0,0,0
2023,13,Dutch Grand Prix,2023-08-27,Circuit Park Zandvoort,Valtteri Bottas,BOT,Alfa Romeo,13.690425735738982,14,0,0,0
2023,13,Dutch Grand Prix,2023-08-27,Circuit Park Zandvoort,Liam Lawson,LAW,AlphaTauri,13.72405080142556,15,0,0,0
2023,13,Dutch Grand Prix,2023-08-27,Circuit Park Zandvoort,Guanyu Zhou,ZHO,Alfa Romeo,13.9033504584949,16,0,0,0
2023,13,Dutch Grand Prix,2023-08-27,Circuit Park Zandvoort,Yuki Tsunoda,TSU,AlphaTauri,14.71447522697187,17,0,0,0
2023,13,Dutch Grand Prix,2023-08-27,Circuit Park Zandvoort,Logan Sargeant,SAR,Williams,14.929122389713877,18,0,0,0
2023,13,Dutch Grand Prix,2023-08-27,Circuit Park Zandvoort,Kevin Magnussen,MAG,Haas F1 Team,15.71295132244503,19,0,0,0
2023,13,Dutch Grand Prix,2023-08-27,Circuit Park Zandvoort,Nico Hülkenberg,HUL,Haas F1 Team,15.740599577639747,20,0,0,0
2023,14,Italian Grand Prix,2023-09-03,Autodromo Nazionale di Monza,Max Verstappen,VER,Red Bull,3.259657818876248,1,25,0,25
2023,14,Italian Grand Prix,2023-09-03,Autodromo Nazionale di Monza,Sergio Pérez,PER,Red Bull,4.346260822956285,2,18,0,18
2023,14,Italian Grand Prix,2023-09-03,Autodromo Nazionale di Monza,Lando Norris,NOR,McLaren,5.543242731351338,3,15,0,15
2023,14,Italian Grand Prix,2023-09-03,Autodromo Nazionale di Monza,Lewis Hamilton,HAM,Mercedes,5.724932275752161,4,12,0,12
2023,14,Italian Grand Prix,2023-09-03,Autodromo Nazionale di Monza,Charles Leclerc,LEC,Ferrari,6.141278964298818,5,10,0,10
2023,14,Italian Grand Prix,2023-09-03,Autodromo Nazionale di Monza,Carlos Sainz,SAI,Ferrari,7.044450715342552,6,8,0,8
2023,14,Italian Grand Prix,2023-09-03,Autodromo Nazionale di Monza,George Russell,RUS,Mercedes,7.292471236359965,7,6,0,6
2023,14,Italian Grand Prix,2023-09-03,Autodromo Nazionale di Monza,Fernando Alonso,ALO,Aston Martin,7.546956403025871,8,4,0,4
2023,14,Italian Grand Prix,2023-09-03,Autodromo Nazionale di Monza,Oscar Piastri,PIA,McLaren,7.938292952506695,9,2,0,2
2023,14,Italian Grand Prix,2023-09-03,Autodromo Nazionale di Monza,Lance Stroll,STR,Aston Martin,10.967961136678207,10,1,0,1
2023,14,Italian Grand Prix,2023-09-03,Autodromo Nazionale di Monza,Pierre Gasly,GAS,Alpine F1 Team,12.099128542095672,11,0,0,0
2023,14,Italian Grand Prix,2023-09-03,Autodromo Nazionale di Monza,Alexander Albon,ALB,Williams,12.27272700449426,12,0,0,0
2023,14,Italian Grand Prix,2023-09-03,Autodromo Nazionale di Monza,Esteban Ocon,OCO,Alpine F1 Team,12.64004447744575,13,0,0,0
2023,14,Italian Grand Prix,2023-09-03,Autodromo Nazionale di Monza,Valtteri Bottas,BOT,Alfa Romeo,13.13477124206084,14,0,0,0
2023,14,Italian Grand Prix,2023-09-03,Autodromo Nazionale di Monza,Logan Sargeant,SAR,Williams,14.012691909126351,15,0,0,0
2023,14,Italian Grand Prix,2023-09-03,Autodromo Nazionale di Monza,Guanyu Zhou,ZHO,Alfa Romeo,14.344102633503566,16,0,0,0
2023,14,Italian Grand Prix,2023-09-03,Autodromo Nazionale di Monza,Liam Lawson,LAW,AlphaTauri,14.52563341153314,17,0,0,0
2023,14,Italian Grand Prix,2023-09-03,Autodromo Nazionale di Monza,Yuki Tsunoda,TSU,AlphaTauri,15.176161817003903,18,0,0,0
2023,14,Italian Grand Prix,2023-09-03,Autodromo Nazionale di Monza,Nico Hülkenberg,HUL,Haas F1 Team,15.41881912755352,19,0,0,0
2023,14,Italian Grand Prix,2023-09-03,Autodromo Nazionale di Monza,Kevin Magnussen,MAG,Haas F1 Team,15.675695350053289,20,0,0,0
2023,15,Singapore Grand Prix,2023-09-17,Marina Bay Street Circuit,Max Verstappen,VER,Red Bull,2.102578172831544,1,25,0,25
2023,15,Singapore Grand Prix,2023-09-17,Marina Bay Street Circuit,Sergio Pérez,PER,Red Bull,4.42341768215566,2,18,0,18
2023,15,Singapore Grand Prix,2023-09-17,Marina Bay Street Circuit,Lewis Hamilton,HAM,Mercedes,5.309982091454421,3,15,0,15
2023,15,Singapore Grand Prix,2023-09-17,Marina Bay Street Circuit,Lando Norris,NOR,McLaren,5.4538721655358975,4,12,0,12
2023,15,Singapore Grand Prix,2023-09-17,Marina Bay Street Circuit,George Russell,RUS,Mercedes,6.654913809258892,5,10,0,10
2023,15,Singapore Grand Prix,2023-09-17,Marina Bay Street Circuit,Carlos Sainz,SAI,Ferrari,6.748852506545144,6,8,0,8
2023,15,Singapore Grand Prix,2023-09-17,Marina Bay Street Circuit,Charles Leclerc,LEC,Ferrari,6.839966424005684,7,6,0,6
2023,15,Singapore Grand Prix,2023-09-17,Marina Bay Street Circuit,Oscar Piastri,PIA,McLaren,7.938292952506695,8,4,0,4
2023,15,Singapore Grand Prix,2023-09-17,Marina Bay Street Circuit,Fernando Alonso,ALO,Aston Martin,9.478872121274344,9,2,0,2
2023,15,Singapore Grand Prix,2023-09-17,Marina Bay Street Circuit,Alexander Albon,ALB,Williams,11.979510556396104,10,1,0,1
2023,15,Singapore Grand Prix,2023-09-17,Marina Bay Street Circuit,Pierre Gasly,GAS,Alpine F1 Team,12.538199941059622,11,0,0,0
2023,15,Singapore Grand Prix,2023-09-17,Marina Bay Street Circuit,Lance Stroll,STR,Aston Martin,12.845995679129494,12,0,0,0
2023,15,Singapore Grand Prix,2023-09-17,Marina Bay Street Circuit,Esteban Ocon,OCO,Alpine F1 Team,13.095469962763312,13,0,0,0
2023,15,Singapore Grand Prix,2023-09-17,Marina Bay Street Circuit,Valtteri Bottas,BOT,Alfa Romeo,13.450969818476375,14,0,0,0
2023,15,Singapore Grand Prix,2023-09-17,Marina Bay Street Circuit,Guanyu Zhou,ZHO,Alfa Romeo,14.352699180840458,15,0,0,0
2023,15,Singapore Grand Prix,2023-09-17,Marina Bay Street Circuit,Logan Sargeant,SAR,Williams,14.436988450968622,16,0,0,0
2023,15,Singapore Grand Prix,2023-09-17,Marina Bay Street Circuit,Liam Lawson,LAW,AlphaTauri,14.496153660831004,17,0,0,0
2023,15,Singapore Grand Prix,2023-09-17,Marina Bay Street Circuit,Yuki Tsunoda,TSU,AlphaTauri,14.965000829923422,18,0,0,0
2023,15,Singapore Grand Prix,2023-09-17,Marina Bay Street Circuit,Nico Hülkenberg,HUL,Haas F1 Team,15.472104881415738,19,0,0,0
2023,15,Singapore Grand Prix,2023-09-17,Marina Bay Street Circuit,Kevin Magnussen,MAG,Haas F1 Team,15.53157336372568,20,0,0,0
2023,16,Japanese Grand Prix,2023-09-24,Suzuka Circuit,Max Verstappen,VER,Red Bull,2.263758224625093,1,25,0,25
2023,16,Japanese Grand Prix,2023-09-24,Suzuka Circuit,Sergio Pérez,PER,Red Bull,4.649437309913504,2,18,0,18
2023,16,Japanese Grand Prix,2023-09-24,Suzuka Circuit,Charles Leclerc,LEC,Ferrari,5.494261592372791,3,15,0,15
2023,16,Japanese Grand Prix,2023-09-24,Suzuka Circuit,Lewis Hamilton,HAM,Mercedes,5.628446444155774,4,12,0,12
2023,16,Japanese Grand Prix,2023-09-24,Suzuka Circuit,Lando Norris,NOR,McLaren,6.169218242632945,5,10,0,10
2023,16,Japanese Grand Prix,2023-09-24,Suzuka Circuit,Carlos Sainz,SAI,Ferrari,6.303296499294149,6,8,0,8
2023,16,Japanese Grand Prix,2023-09-24,Suzuka Circuit,George Russell,RUS,Mercedes,7.292471236359965,7,6,0,6
2023,16,Japanese Grand Prix,2023-09-24,Suzuka Circuit,Oscar Piastri,PIA,McLaren,8.986022298299122,8,4,0,4
2023,16,Japanese Grand Prix,2023-09-24,Suzuka Circuit,Fernando Alonso,ALO,Aston Martin,10.295775481916206,9,2,0,2
2023,16,Japanese Grand Prix,2023-09-24,Suzuka Circuit,Pierre Gasly,GAS,Alpine F1 Team,10.618953346474443,10,1,0,1
2023,16,Japanese Grand Prix,2023-09-24,Suzuka Circuit,Lance Stroll,STR,Aston Martin,11.914930242365294,11,0,0,0
2023,16,Japanese Grand Prix,2023-09-24,Suzuka Circuit,Alexander Albon,ALB,Williams,12.649785244526376,12,0,0,0
2023,16,Japanese Grand Prix,2023-09-24,Suzuka Circuit,Esteban Ocon,OCO,Alpine F1 Team,12.857753327904357,13,0,0,0
2023,16,Japanese Grand Prix,2023-09-24,Suzuka Circuit,Valtteri Bottas,BOT,Alfa Romeo,13.038285410464452,14,0,0,0
2023,16,Japanese Grand Prix,2023-09-24,Suzuka Circuit,Liam Lawson,LAW,AlphaTauri,13.327693324056812,15,0,0,0
2023,16,Japanese Grand Prix,2023-09-24,Suzuka Circuit,Guanyu Zhou,ZHO,Alfa Romeo,13.94361087897801,16,0,0,0
2023,16,Japanese Grand Prix,2023-09-24,Suzuka Circuit,Yuki Tsunoda,TSU,AlphaTauri,14.341669786091485,17,0,0,0
2023,16,Japanese Grand Prix,2023-09-24,Suzuka Circuit,Nico Hülkenberg,HUL,Haas F1 Team,14.587799771620954,18,0,0,0
2023,16,Japanese Grand Prix,2023-09-24,Suzuka Circuit,Kevin Magnussen,MAG,Haas F1 Team,14.775344731769913,19,0,0,0
2023,16,Japanese Grand Prix,2023-09-24,Suzuka Circuit,Logan Sargeant,SAR,Williams,14.823467503741002,20,0,0,0
2023,17,Qatar Grand Prix,2023-10-08,Losail International Circuit,Max Verstappen,VER,Red Bull,2.353891109113444,1,25,0,25
2023,17,Qatar Grand Prix,2023-10-08,Losail International Circuit,Sergio Pérez,PER,Red Bull,5.5343807020720455,2,18,0,18
2023,17,Qatar Grand Prix,2023-10-08,Losail International Circuit,Lewis Hamilton,HAM,Mercedes,5.57972182433124,3,15,0,15
2023,17,Qatar Grand Prix,2023-10-08,Losail International Circuit,Charles Leclerc,LEC,Ferrari,5.655110778772668,4,12,0,12
2023,17,Qatar Grand Prix,2023-10-08,Losail International Circuit,Lando Norris,NOR,McLaren,5.846668468336429,5,10,0,10
2023,17,Qatar Grand Prix,2023-10-08,Losail International Circuit,Carlos Sainz,SAI,Ferrari,6.038603139647464,6,8,0,8
2023,17,Qatar Grand Prix,2023-10-08,Losail International Circuit,George Russell,RUS,Mercedes,6.973378161960243,7,6,0,6
2023,17,Qatar Grand Prix,2023-10-08,Losail International Circuit,Oscar Piastri,PIA,McLaren,7.6216881333065265,8,4,0,4
2023,17,Qatar Grand Prix,2023-10-08,Losail International Circuit,Fernando Alonso,ALO,Aston Martin,9.270477291406031,9,2,0,2
2023,17,Qatar Grand Prix,2023-10-08,Losail International Circuit,Pierre Gasly,GAS,Alpine F1 Team,10.118474177178252,10,1,0,1
2023,17,Qatar Grand Prix,2023-10-08,Losail International Circuit,Esteban Ocon,OCO,Alpine F1 Team,10.578121005989834,11,0,0,0
2023,17,Qatar Grand Prix,2023-10-08,Losail International Circuit,Lance Stroll,STR,Aston Martin,11.385197506403909,12,0,0,0
2023,17,Qatar Grand Prix,2023-10-08,Losail International Circuit,Alexander Albon,ALB,Williams,12.92276586082197,13,0,0,0
2023,17,Qatar Grand Prix,2023-10-08,Losail International Circuit,Liam Lawson,LAW,AlphaTauri,13.327693324056812,14,0,0,0
2023,17,Qatar Grand Prix,2023-10-08,Losail International Circuit,Guanyu Zhou,ZHO,Alfa Romeo,13.86849144754735,15,0,0,0
2023,17,Qatar Grand Prix,2023-10-08,Losail International Circuit,Valtteri Bottas,BOT,Alfa Romeo,13.99224938973036,16,0,0,0
2023,17,Qatar Grand Prix,2023-10-08,Losail International Circuit,Yuki Tsunoda,TSU,AlphaTauri,14.083947899764995,17,0,0,0
2023,17,Qatar Grand Prix,2023-10-08,Losail International Circuit,Nico Hülkenberg,HUL,Haas F1 Team,14.965933406166576,18,0,0,0
2023,17,Qatar Grand Prix,2023-10-08,Losail International Circuit,Kevin Magnussen,MAG,Haas F1 Team,15.078358934884877,19,0,0,0
2023,17,Qatar Grand Prix,2023-10-08,Losail International Circuit,Logan Sargeant,SAR,Williams,15.150624658182055,20,0,0,0
2023,18,United States Grand Prix,2023-10-22,Circuit of the Americas,Max Verstappen,VER,Red Bull,2.5422689545437094,1,25,0,25
2023,18,United States Grand Prix,2023-10-22,Circuit of the Americas,Lando Norris,NOR,McLaren,5.421867941922938,2,18,0,18
2023,18,United States Grand Prix,2023-10-22,Circuit of the Americas,Carlos Sainz,SAI,Ferrari,5.6407540169763735,3,15,0,15
2023,18,United States Grand Prix,2023-10-22,Circuit of the Americas,Charles Leclerc,LEC,Ferrari,5.655110778772668,4,12,0,12
2023,18,United States Grand Prix,2023-10-22,Circuit of the Americas,Lewis Hamilton,HAM,Mercedes,5.73719709578074,5,10,0,10
2023,18,United States Grand Prix,2023-10-22,Circuit of the Americas,Oscar Piastri,PIA,McLaren,6.338763940277495,6,8,0,8
2023,18,United States Grand Prix,2023-10-22,Circuit of the Americas,Sergio Pérez,PER,Red Bull,6.970118450102602,7,6,0,6
2023,18,United States Grand Prix,2023-10-22,Circuit of the Americas,George Russell,RUS,Mercedes,7.012908880676221,8,4,0,4
2023,18,United States Grand Prix,2023-10-22,Circuit of the Americas,Fernando Alonso,ALO,Aston Martin,9.907163853367472,9,2,0,2
2023,18,United States Grand Prix,2023-10-22,Circuit of the Americas,Pierre Gasly,GAS,Alpine F1 Team,10.19359360860891,10,1,0,1
2023,18,United States Grand Prix,2023-10-22,Circuit of the Americas,Esteban Ocon,OCO,Alpine F1 Team,11.19497476338635,11,0,0,0
2023,18,United States Grand Prix,2023-10-22,Circuit of the Americas,Lance Stroll,STR,Aston Martin,12.227225887735932,12,0,0,0
2023,18,United States Grand Prix,2023-10-22,Circuit of the Americas,Alexander Albon,ALB,Williams,12.275813301469809,13,0,0,0
2023,18,United States Grand Prix,2023-10-22,Circuit of the Americas,Valtteri Bottas,BOT,Alfa Romeo,12.55922746282064,14,0,0,0
2023,18,United States Grand Prix,2023-10-22,Circuit of the Americas,Daniel Ricciardo,RIC,AlphaTauri,12.963085852071742,15,0,0,0
2023,18,United States Grand Prix,2023-10-22,Circuit of the Americas,Guanyu Zhou,ZHO,Alfa Romeo,13.188856790972016,16,0,0,0
2023,18,United States Grand Prix,2023-10-22,Circuit of the Americas,Yuki Tsunoda,TSU,AlphaTauri,14.07244836291142,17,0,0,0
2023,18,United States Grand Prix,2023-10-22,Circuit of the Americas,Nico Hülkenberg,HUL,Haas F1 Team,14.700591254205865,18,0,0,0
2023,18,United States Grand Prix,2023-10-22,Circuit of the Americas,Logan Sargeant,SAR,Williams,14.807374739764718,19,0,0,0
2023,18,United States Grand Prix,2023-10-22,Circuit of the Americas,Kevin Magnussen,MAG,Haas F1 Team,14.813016782924164,20,0,0,0
2023,19,Mexico City Grand Prix,2023-10-29,Autódromo Hermanos Rodríguez,Max Verstappen,VER,Red Bull,2.381088902750161,1,25,0,25
2023,19,Mexico City Grand Prix,2023-10-29,Autódromo Hermanos Rodríguez,Lando Norris,NOR,McLaren,4.720367546948057,2,18,0,18
2023,19,Mexico City Grand Prix,2023-10-29,Autódromo Hermanos Rodríguez,Charles Leclerc,LEC,Ferrari,5.291355259987289,3,15,0,15
2023,19,Mexico City Grand Prix,2023-10-29,Autódromo Hermanos Rodríguez,Carlos Sainz,SAI,Ferrari,5.431633022959514,4,12,0,12
2023,19,Mexico City Grand Prix,2023-10-29,Autódromo Hermanos Rodríguez,Lewis Hamilton,HAM,Mercedes,6.580387551708867,5,10,0,10
2023,19,Mexico City Grand Prix,2023-10-29,Autódromo Hermanos Rodríguez,Sergio Pérez,PER,Red Bull,6.668900837658004,6,8,0,8
2023,19,Mexico City Grand Prix,2023-10-29,Autódromo Hermanos Rodríguez,Oscar Piastri,PIA,McLaren,6.69595283730768,7,6,0,6
2023,19,Mexico City Grand Prix,2023-10-29,Autódromo Hermanos Rodríguez,George Russell,RUS,Mercedes,6.885676614969138,8,4,0,4
2023,19,Mexico City Grand Prix,2023-10-29,Autódromo Hermanos Rodríguez,Pierre Gasly,GAS,Alpine F1 Team,11.38178937014916,9,2,0,2
2023,19,Mexico City Grand Prix,2023-10-29,Autódromo Hermanos Rodríguez,Valtteri Bottas,BOT,Alfa Romeo,11.590320221550408,10,1,0,1
2023,19,Mexico City Grand Prix,2023-10-29,Autódromo Hermanos Rodríguez,Alexander Albon,ALB,Williams,12.054311033001628,11,0,0,0
2023,19,Mexico City Grand Prix,2023-10-29,Autódromo Hermanos Rodríguez,Lance Stroll,STR,Aston Martin,12.145752668824777,12,0,0,0
2023,19,Mexico City Grand Prix,2023-10-29,Autódromo Hermanos Rodríguez,Esteban Ocon,OCO,Alpine F1 Team,12.389429499835432,13,0,0,0
2023,19,Mexico City Grand Prix,2023-10-29,Autódromo Hermanos Rodríguez,Fernando Alonso,ALO,Aston Martin,12.471452021736908,14,0,0,0
2023,19,Mexico City Grand Prix,2023-10-29,Autódromo Hermanos Rodríguez,Guanyu Zhou,ZHO,Alfa Romeo,12.967354522503836,15,0,0,0
2023,19,Mexico City Grand Prix,2023-10-29,Autódromo Hermanos Rodríguez,Yuki Tsunoda,TSU,AlphaTauri,13.1733238963016,16,0,0,0
2023,19,Mexico City Grand Prix,2023-10-29,Autódromo Hermanos Rodríguez,Daniel Ricciardo,RIC,AlphaTauri,13.3072875723581,17,0,0,0
2023,19,Mexico City Grand Prix,2023-10-29,Autódromo Hermanos Rodríguez,Nico Hülkenberg,HUL,Haas F1 Team,13.63902178043992,18,0,0,0
2023,19,Mexico City Grand Prix,2023-10-29,Autódromo Hermanos Rodríguez,Kevin Magnussen,MAG,Haas F1 Team,14.082128091372851,19,0,0,0
2023,19,Mexico City Grand Prix,2023-10-29,Autódromo Hermanos Rodríguez,Logan Sargeant,SAR,Williams,14.43741843978138,20,0,0,0
2023,20,São Paulo Grand Prix,2023-11-05,Autódromo José Carlos Pace,Max Verstappen,VER,Red Bull,2.522893832173253,1,25,0,25
2023,20,São Paulo Grand Prix,2023-11-05,Autódromo José Carlos Pace,Lando Norris,NOR,McLaren,4.821011919326975,2,18,0,18
2023,20,São Paulo Grand Prix,2023-11-05,Autódromo José Carlos Pace,Carlos Sainz,SAI,Ferrari,5.622308879839548,3,15,0,15
2023,20,São Paulo Grand Prix,2023-11-05,Autódromo José Carlos Pace,Lewis Hamilton,HAM,Mercedes,5.6634340922390525,4,12,0,12
2023,20,São Paulo Grand Prix,2023-11-05,Autódromo José Carlos Pace,Charles Leclerc,LEC,Ferrari,5.712040569435141,5,10,0,10
2023,20,São Paulo Grand Prix,2023-11-05,Autódromo José Carlos Pace,Oscar Piastri,PIA,McLaren,6.047208014950315,6,8,0,8
2023,20,São Paulo Grand Prix,2023-11-05,Autódromo José Carlos Pace,George Russell,RUS,Mercedes,6.863493386148057,7,6,0,6
2023,20,São Paulo Grand Prix,2023-11-05,Autódromo José Carlos Pace,Sergio Pérez,PER,Red Bull,8.449628764332756,8,4,0,4
2023,20,São Paulo Grand Prix,2023-11-05,Autódromo José Carlos Pace,Pierre Gasly,GAS,Alpine F1 Team,11.848952820826923,9,2,0,2
2023,20,São Paulo Grand Prix,2023-11-05,Autódromo José Carlos Pace,Daniel Ricciardo,RIC,AlphaTauri,12.13093035746762,10,1,0,1
2023,20,São Paulo Grand Prix,2023-11-05,Autódromo José Carlos Pace,Esteban Ocon,OCO,Alpine F1 Team,12.141326636848676,11,0,0,0
2023,20,São Paulo Grand Prix,2023-11-05,Autódromo José Carlos Pace,Fernando Alonso,ALO,Aston Martin,12.57083179690787,12,0,0,0
2023,20,São Paulo Grand Prix,2023-11-05,Autódromo José Carlos Pace,Yuki Tsunoda,TSU,AlphaTauri,12.886307819134007,13,0,0,0
2023,20,São Paulo Grand Prix,2023-11-05,Autódromo José Carlos Pace,Lance Stroll,STR,Aston Martin,12.934790983400932,14,0,0,0
2023,20,São Paulo Grand Prix,2023-11-05,Autódromo José Carlos Pace,Valtteri Bottas,BOT,Alfa Romeo,13.167758874921615,15,0,0,0
2023,20,São Paulo Grand Prix,2023-11-05,Autódromo José Carlos Pace,Alexander Albon,ALB,Williams,13.34138760088077,16,0,0,0
2023,20,São Paulo Grand Prix,2023-11-05,Autódromo José Carlos Pace,Guanyu Zhou,ZHO,Alfa Romeo,13.562553228142374,17,0,0,0
2023,20,São Paulo Grand Prix,2023-11-05,Autódromo José Carlos Pace,Nico Hülkenberg,HUL,Haas F1 Team,13.630914441356031,18,0,0,0
2023,20,São Paulo Grand Prix,2023-11-05,Autódromo José Carlos Pace,Kevin Magnussen,MAG,Haas F1 Team,13.997756751415826,19,0,0,0
2023,20,São Paulo Grand Prix,2023-11-05,Autódromo José Carlos Pace,Logan Sargeant,SAR,Williams,15.25050644504964,20,0,0,0
2023,21,Las Vegas Grand Prix,2023-11-19,Las Vegas Strip Street Circuit,Max Verstappen,VER,Red Bull,2.8961560428906608,1,25,0,25
2023,21,Las Vegas Grand Prix,2023-11-19,Las Vegas Strip Street Circuit,Lando Norris,NOR,McLaren,4.720367546948057,2,18,0,18
2023,21,Las Vegas Grand Prix,2023-11-19,Las Vegas Strip Street Circuit,Carlos Sainz,SAI,Ferrari,6.537026410042675,3,15,0,15
2023,21,Las Vegas Grand Prix,2023-11-19,Las Vegas Strip Street Circuit,Sergio Pérez,PER,Red Bull,6.846489508019038,4,12,0,12
2023,21,Las Vegas Grand Prix,2023-11-19,Las Vegas Strip Street Circuit,Charles Leclerc,LEC,Ferrari,6.866312934209529,5,10,0,10
2023,21,Las Vegas Grand Prix,2023-11-19,Las Vegas Strip Street Circuit,Oscar Piastri,PIA,McLaren,7.2097238876747936,6,8,0,8
2023,21,Las Vegas Grand Prix,2023-11-19,Las Vegas Strip Street Circuit,Lewis Hamilton,HAM,Mercedes,7.231870855557001,7,6,0,6
2023,21,Las Vegas Grand Prix,2023-11-19,Las Vegas Strip Street Circuit,George Russell,RUS,Mercedes,7.455222753688986,8,4,0,4
2023,21,Las Vegas Grand Prix,2023-11-19,Las Vegas Strip Street Circuit,Fernando Alonso,ALO,Aston Martin,8.895255371177035,9,2,0,2
2023,21,Las Vegas Grand Prix,2023-11-19,Las Vegas Strip Street Circuit,Lance Stroll,STR,Aston Martin,10.295996351488228,10,1,0,1
2023,21,Las Vegas Grand Prix,2023-11-19,Las Vegas Strip Street Circuit,Pierre Gasly,GAS,Alpine F1 Team,11.795965092139214,11,0,0,0
2023,21,Las Vegas Grand Prix,2023-11-19,Las Vegas Strip Street Circuit,Esteban Ocon,OCO,Alpine F1 Team,12.164819127682955,12,0,0,0
2023,21,Las Vegas Grand Prix,2023-11-19,Las Vegas Strip Street Circuit,Daniel Ricciardo,RIC,AlphaTauri,12.62224317473873,13,0,0,0
2023,21,Las Vegas Grand Prix,2023-11-19,Las Vegas Strip Street Circuit,Yuki Tsunoda,TSU,AlphaTauri,12.89550620344414,14,0,0,0
2023,21,Las Vegas Grand Prix,2023-11-19,Las Vegas Strip Street Circuit,Alexander Albon,ALB,Williams,13.62423428770372,15,0,0,0
2023,21,Las Vegas Grand Prix,2023-11-19,Las Vegas Strip Street Circuit,Guanyu Zhou,ZHO,Alfa Romeo,13.626915576693628,16,0,0,0
2023,21,Las Vegas Grand Prix,2023-11-19,Las Vegas Strip Street Circuit,Valtteri Bottas,BOT,Alfa Romeo,13.647712399776776,17,0,0,0
2023,21,Las Vegas Grand Prix,2023-11-19,Las Vegas Strip Street Circuit,Nico Hülkenberg,HUL,Haas F1 Team,14.453432633150928,18,0,0,0
2023,21,Las Vegas Grand Prix,2023-11-19,Las Vegas Strip Street Circuit,Logan Sargeant,SAR,Williams,14.49600768922734,19,0,0,0
2023,21,Las Vegas Grand Prix,2023-11-19,Las Vegas Strip Street Circuit,Kevin Magnussen,MAG,Haas F1 Team,15.062266170908591,20,0,0,0
2023,22,Abu Dhabi Grand Prix,2023-11-26,Yas Marina Circuit,Max Verstappen,VER,Red Bull,2.214633085776426,1,25,0,25
2023,22,Abu Dhabi Grand Prix,2023-11-26,Yas Marina Circuit,Lando Norris,NOR,McLaren,5.034699590465176,2,18,0,18
2023,22,Abu Dhabi Grand Prix,2023-11-26,Yas Marina Circuit,Charles Leclerc,LEC,Ferrari,5.500464175630478,3,15,0,15
2023,22,Abu Dhabi Grand Prix,2023-11-26,Yas Marina Circuit,Sergio Pérez,PER,Red Bull,6.043554896393991,4,12,0,12
2023,22,Abu Dhabi Grand Prix,2023-11-26,Yas Marina Circuit,Carlos Sainz,SAI,Ferrari,6.645692872646179,5,10,0,10
2023,22,Abu Dhabi Grand Prix,2023-11-26,Yas Marina Circuit,Lewis Hamilton,HAM,Mercedes,6.81992709941184,6,8,0,8
2023,22,Abu Dhabi Grand Prix,2023-11-26,Yas Marina Circuit,George Russell,RUS,Mercedes,7.145635789966741,7,6,0,6
2023,22,Abu Dhabi Grand Prix,2023-11-26,Yas Marina Circuit,Oscar Piastri,PIA,McLaren,7.938292952506695,8,4,0,4
2023,22,Abu Dhabi Grand Prix,2023-11-26,Yas Marina Circuit,Lance Stroll,STR,Aston Martin,8.558834787614758,9,2,0,2
2023,22,Abu Dhabi Grand Prix,2023-11-26,Yas Marina Circuit,Fernando Alonso,ALO,Aston Martin,8.78733355649441,10,1,0,1
2023,22,Abu Dhabi Grand Prix,2023-11-26,Yas Marina Circuit,Esteban Ocon,OCO,Alpine F1 Team,10.630522068974637,11,0,0,0
2023,22,Abu Dhabi Grand Prix,2023-11-26,Yas Marina Circuit,Pierre Gasly,GAS,Alpine F1 Team,11.516425863036195,12,0,0,0
2023,22,Abu Dhabi Grand Prix,2023-11-26,Yas Marina Circuit,Yuki Tsunoda,TSU,AlphaTauri,11.737436807817112,13,0,0,0
2023,22,Abu Dhabi Grand Prix,2023-11-26,Yas Marina Circuit,Daniel Ricciardo,RIC,AlphaTauri,12.575044251467189,14,0,0,0
2023,22,Abu Dhabi Grand Prix,2023-11-26,Yas Marina Circuit,Alexander Albon,ALB,Williams,12.756382160884456,15,0,0,0
2023,22,Abu Dhabi Grand Prix,2023-11-26,Yas Marina Circuit,Valtteri Bottas,BOT,Alfa Romeo,13.189931058987815,16,0,0,0
2023,22,Abu Dhabi Grand Prix,2023-11-26,Yas Marina Circuit,Guanyu Zhou,ZHO,Alfa Romeo,13.626915576693628,17,0,0,0
2023,22,Abu Dhabi Grand Prix,2023-11-26,Yas Marina Circuit,Nico Hülkenberg,HUL,Haas F1 Team,14.62763235831772,18,0,0,0
2023,22,Abu Dhabi Grand Prix,2023-11-26,Yas Marina Circuit,Kevin Magnussen,MAG,Haas F1 Team,14.80214732313791,19,0,0,0
2023,22,Abu Dhabi Grand Prix,2023-11-26,Yas Marina Circuit,Logan Sargeant,SAR,Williams,15.096979493971167,20,0,0,0
2024,1,Bahrain Grand Prix,2024-03-02,Bahrain International Circuit,Max Verstappen,VER,Red Bull,3.034668413897441,1,25,0,25
2024,1,Bahrain Grand Prix,2024-03-02,Bahrain International Circuit,Sergio Pérez,PER,Red Bull,5.576418192777305,2,18,0,18
2024,1,Bahrain Grand Prix,2024-03-02,Bahrain International Circuit,Charles Leclerc,LEC,Ferrari,5.695711709530321,3,15,0,15
2024,1,Bahrain Grand Prix,2024-03-02,Bahrain International Circuit,Lando Norris,NOR,McLaren,5.903917100997662,4,12,0,12
2024,1,Bahrain Grand Prix,2024-03-02,Bahrain International Circuit,Carlos Sainz,SAI,Ferrari,6.015787077724401,5,10,0,10
2024,1,Bahrain Grand Prix,2024-03-02,Bahrain International Circuit,Lewis Hamilton,HAM,Mercedes,6.895406129943379,6,8,0,8
2024,1,Bahrain Grand Prix,2024-03-02,Bahrain International Circuit,George Russell,RUS,Mercedes,6.944476343895629,7,6,0,6
2024,1,Bahrain Grand Prix,2024-03-02,Bahrain International Circuit,Fernando Alonso,ALO,Aston Martin,8.470728737294237,8,4,0,4
2024,1,Bahrain Grand Prix,2024-03-02,Bahrain International Circuit,Lance Stroll,STR,Aston Martin,8.88070032912904,9,2,0,2
2024,1,Bahrain Grand Prix,2024-03-02,Bahrain International Circuit,Oscar Piastri,PIA,McLaren,9.392298373755834,10,1,0,1
2024,1,Bahrain Grand Prix,2024-03-02,Bahrain International Circuit,Pierre Gasly,GAS,Alpine F1 Team,12.145907324408338,11,0,0,0
2024,1,Bahrain Grand Prix,2024-03-02,Bahrain International Circuit,Daniel Ricciardo,RIC,RB F1 Team,12.197700160459286,12,0,0,0
2024,1,Bahrain Grand Prix,2024-03-02,Bahrain International Circuit,Esteban Ocon,OCO,Alpine F1 Team,12.213543747507488,13,0,0,0
2024,1,Bahrain Grand Prix,2024-03-02,Bahrain International Circuit,Yuki Tsunoda,TSU,RB F1 Team,12.279219562284458,14,0,0,0
2024,1,Bahrain Grand Prix,2024-03-02,Bahrain International Circuit,Alexander Albon,ALB,Williams,13.043028703537097,15,0,0,0
2024,1,Bahrain Grand Prix,2024-03-02,Bahrain International Circuit,Valtteri Bottas,BOT,Sauber,13.201454887866928,16,0,0,0
2024,1,Bahrain Grand Prix,2024-03-02,Bahrain International Circuit,Guanyu Zhou,ZHO,Sauber,13.59013010959288,17,0,0,0
2024,1,Bahrain Grand Prix,2024-03-02,Bahrain International Circuit,Nico Hülkenberg,HUL,Haas F1 Team,14.670527713662,18,0,0,0
2024,1,Bahrain Grand Prix,2024-03-02,Bahrain International Circuit,Kevin Magnussen,MAG,Haas F1 Team,14.890405533574787,19,0,0,0
2024,1,Bahrain Grand Prix,2024-03-02,Bahrain International Circuit,Logan Sargeant,SAR,Williams,14.942734565440633,20,0,0,0
2024,2,Saudi Arabian Grand Prix,2024-03-09,Jeddah Corniche Circuit,Max Verstappen,VER,Red Bull,2.407672210046451,1,25,0,25
2024,2,Saudi Arabian Grand Prix,2024-03-09,Jeddah Corniche Circuit,Sergio Pérez,PER,Red Bull,5.187292099419111,2,18,0,18
2024,2,Saudi Arabian Grand Prix,2024-03-09,Jeddah Corniche Circuit,Charles Leclerc,LEC,Ferrari,5.393945471856734,3,15,0,15
2024,2,Saudi Arabian Grand Prix,2024-03-09,Jeddah Corniche Circuit,Lando Norris,NOR,McLaren,6.187488630312293,4,12,0,12
2024,2,Saudi Arabian Grand Prix,2024-03-09,Jeddah Corniche Circuit,Lewis Hamilton,HAM,Mercedes,6.53433811732668,5,10,0,10
2024,2,Saudi Arabian Grand Prix,2024-03-09,Jeddah Corniche Circuit,George Russell,RUS,Mercedes,6.734884204091695,6,8,0,8
2024,2,Saudi Arabian Grand Prix,2024-03-09,Jeddah Corniche Circuit,Oliver Bearman,BEA,Ferrari,8.653445643020836,7,6,0,6
2024,2,Saudi Arabian Grand Prix,2024-03-09,Jeddah Corniche Circuit,Oscar Piastri,PIA,McLaren,9.118749207589644,8,4,0,4
2024,2,Saudi Arabian Grand Prix,2024-03-09,Jeddah Corniche Circuit,Fernando Alonso,ALO,Aston Martin,9.154810366735202,9,2,0,2
2024,2,Saudi Arabian Grand Prix,2024-03-09,Jeddah Corniche Circuit,Lance Stroll,STR,Aston Martin,10.905662708812509,10,1,0,1
2024,2,Saudi Arabian Grand Prix,2024-03-09,Jeddah Corniche Circuit,Esteban Ocon,OCO,Alpine F1 Team,11.43457624426468,11,0,0,0
2024,2,Saudi Arabian Grand Prix,2024-03-09,Jeddah Corniche Circuit,Pierre Gasly,GAS,Alpine F1 Team,12.207822855824316,12,0,0,0
2024,2,Saudi Arabian Grand Prix,2024-03-09,Jeddah Corniche Circuit,Daniel Ricciardo,RIC,RB F1 Team,13.12273539535454,13,0,0,0
2024,2,Saudi Arabian Grand Prix,2024-03-09,Jeddah Corniche Circuit,Guanyu Zhou,ZHO,Sauber,13.316315459290108,14,0,0,0
2024,2,Saudi Arabian Grand Prix,2024-03-09,Jeddah Corniche Circuit,Yuki Tsunoda,TSU,RB F1 Team,13.54480813868349,15,0,0,0
2024,2,Saudi Arabian Grand Prix,2024-03-09,Jeddah Corniche Circuit,Valtteri Bottas,BOT,Sauber,13.574037345616595,16,0,0,0
2024,2,Saudi Arabian Grand Prix,2024-03-09,Jeddah Corniche Circuit,Alexander Albon,ALB,Williams,14.258123502418696,17,0,0,0
2024,2,Saudi Arabian Grand Prix,2024-03-09,Jeddah Corniche Circuit,Kevin Magnussen,MAG,Haas F1 Team,15.250134028494005,18,0,0,0
2024,2,Saudi Arabian Grand Prix,2024-03-09,Jeddah Corniche Circuit,Nico Hülkenberg,HUL,Haas F1 Team,15.411523150078478,19,0,0,0
2024,2,Saudi Arabian Grand Prix,2024-03-09,Jeddah Corniche Circuit,Logan Sargeant,SAR,Williams,15.525736106070507,20,0,0,0
2024,3,Australian Grand Prix,2024-03-24,Albert Park Grand Prix Circuit,Max Verstappen,VER,Red Bull,3.172931334836322,1,25,0,25
2024,3,Australian Grand Prix,2024-03-24,Albert Park Grand Prix Circuit,Sergio Pérez,PER,Red Bull,4.449645722207079,2,18,0,18
2024,3,Australian Grand Prix,2024-03-24,Albert Park Grand Prix Circuit,Charles Leclerc,LEC,Ferrari,5.264615606411871,3,15,0,15
2024,3,Australian Grand Prix,2024-03-24,Albert Park Grand Prix Circuit,Carlos Sainz,SAI,Ferrari,5.704708922369895,4,12,0,12
2024,3,Australian Grand Prix,2024-03-24,Albert Park Grand Prix Circuit,Lando Norris,NOR,McLaren,5.96212597480767,5,10,0,10
2024,3,Australian Grand Prix,2024-03-24,Albert Park Grand Prix Circuit,Oscar Piastri,PIA,McLaren,7.470398422277927,6,8,0,8
2024,3,Australian Grand Prix,2024-03-24,Albert Park Grand Prix Circuit,George Russell,RUS,Mercedes,7.738333527067376,7,6,0,6
2024,3,Australian Grand Prix,2024-03-24,Albert Park Grand Prix Circuit,Lewis Hamilton,HAM,Mercedes,8.072450449597326,8,4,0,4
2024,3,Australian Grand Prix,2024-03-24,Albert Park Grand Prix Circuit,Fernando Alonso,ALO,Aston Martin,8.528396490369609,9,2,0,2
2024,3,Australian Grand Prix,2024-03-24,Albert Park Grand Prix Circuit,Lance Stroll,STR,Aston Martin,10.54362932938166,10,1,0,1
2024,3,Australian Grand Prix,2024-03-24,Albert Park Grand Prix Circuit,Esteban Ocon,OCO,Alpine F1 Team,12.26731669385432,11,0,0,0
2024,3,Australian Grand Prix,2024-03-24,Albert Park Grand Prix Circuit,Pierre Gasly,GAS,Alpine F1 Team,12.360209360999017,12,0,0,0
2024,3,Australian Grand Prix,2024-03-24,Albert Park Grand Prix Circuit,Valtteri Bottas,BOT,Sauber,13.25738861313563,13,0,0,0
2024,3,Australian Grand Prix,2024-03-24,Albert Park Grand Prix Circuit,Nico Hülkenberg,HUL,Haas F1 Team,13.29278053254198,14,0,0,0
2024,3,Australian Grand Prix,2024-03-24,Albert Park Grand Prix Circuit,Guanyu Zhou,ZHO,Sauber,13.690916845050417,15,0,0,0
2024,3,Australian Grand Prix,2024-03-24,Albert Park Grand Prix Circuit,Yuki Tsunoda,TSU,RB F1 Team,14.218908219261412,16,0,0,0
2024,3,Australian Grand Prix,2024-03-24,Albert Park Grand Prix Circuit,Alexander Albon,ALB,Williams,14.477692252308106,17,0,0,0
2024,3,Australian Grand Prix,2024-03-24,Albert Park Grand Prix Circuit,Daniel Ricciardo,RIC,RB F1 Team,14.599165441767934,18,0,0,0
2024,3,Australian Grand Prix,2024-03-24,Albert Park Grand Prix Circuit,Kevin Magnussen,MAG,Haas F1 Team,14.686767471224142,19,0,0,0
2024,4,Japanese Grand Prix,2024-04-07,Suzuka Circuit,Max Verstappen,VER,Red Bull,2.8196550087683185,1,25,0,25
2024,4,Japanese Grand Prix,2024-04-07,Suzuka Circuit,Sergio Pérez,PER,Red Bull,4.3490013498281614,2,18,0,18
2024,4,Japanese Grand Prix,2024-04-07,Suzuka Circuit,Charles Leclerc,LEC,Ferrari,4.394777744211778,3,15,0,15
2024,4,Japanese Grand Prix,2024-04-07,Suzuka Circuit,Carlos Sainz,SAI,Ferrari,5.273341661920573,4,12,0,12
2024,4,Japanese Grand Prix,2024-04-07,Suzuka Circuit,Lando Norris,NOR,McLaren,6.504382086461407,5,10,0,10
2024,4,Japanese Grand Prix,2024-04-07,Suzuka Circuit,Oscar Piastri,PIA,McLaren,7.207597897278332,6,8,0,8
2024,4,Japanese Grand Prix,2024-04-07,Suzuka Circuit,George Russell,RUS,Mercedes,8.011463122481807,7,6,0,6
2024,4,Japanese Grand Prix,2024-04-07,Suzuka Circuit,Lewis Hamilton,HAM,Mercedes,8.585690010597279,8,4,0,4
2024,4,Japanese Grand Prix,2024-04-07,Suzuka Circuit,Fernando Alonso,ALO,Aston Martin,8.944537645219421,9,2,0,2
2024,4,Japanese Grand Prix,2024-04-07,Suzuka Circuit,Lance Stroll,STR,Aston Martin,10.604445096367916,10,1,0,1
2024,4,Japanese Grand Prix,2024-04-07,Suzuka Circuit,Yuki Tsunoda,TSU,RB F1 Team,12.522136734007065,11,0,0,0
2024,4,Japanese Grand Prix,2024-04-07,Suzuka Circuit,Daniel Ricciardo,RIC,RB F1 Team,12.802082764134532,12,0,0,0
2024,4,Japanese Grand Prix,2024-04-07,Suzuka Circuit,Esteban Ocon,OCO,Alpine F1 Team,12.817753519927525,13,0,0,0
2024,4,Japanese Grand Prix,2024-04-07,Suzuka Circuit,Nico Hülkenberg,HUL,Haas F1 Team,13.20338375513379,14,0,0,0
2024,4,Japanese Grand Prix,2024-04-07,Suzuka Circuit,Pierre Gasly,GAS,Alpine F1 Team,13.522501671761068,15,0,0,0
2024,4,Japanese Grand Prix,2024-04-07,Suzuka Circuit,Kevin Magnussen,MAG,Haas F1 Team,13.670532364700186,16,0,0,0
2024,4,Japanese Grand Prix,2024-04-07,Suzuka Circuit,Alexander Albon,ALB,Williams,13.744097631208469,17,0,0,0
2024,4,Japanese Grand Prix,2024-04-07,Suzuka Circuit,Valtteri Bottas,BOT,Sauber,14.159606847721154,18,0,0,0
2024,4,Japanese Grand Prix,2024-04-07,Suzuka Circuit,Guanyu Zhou,ZHO,Sauber,14.653731683776252,19,0,0,0
2024,4,Japanese Grand Prix,2024-04-07,Suzuka Circuit,Logan Sargeant,SAR,Williams,15.259567819727613,20,0,0,0
2024,5,Chinese Grand Prix,2024-04-21,Shanghai International Circuit,Max Verstappen,VER,Red Bull,2.590882500172518,1,25,0,25
2024,5,Chinese Grand Prix,2024-04-21,Shanghai International Circuit,Charles Leclerc,LEC,Ferrari,4.442387133009557,2,18,0,18
2024,5,Chinese Grand Prix,2024-04-21,Shanghai International Circuit,Sergio Pérez,PER,Red Bull,4.451292786350586,3,15,0,15
2024,5,Chinese Grand Prix,2024-04-21,Shanghai International Circuit,Carlos Sainz,SAI,Ferrari,5.568570597581736,4,12,0,12
2024,5,Chinese Grand Prix,2024-04-21,Shanghai International Circuit,Lando Norris,NOR,McLaren,6.213614635891954,5,10,0,10
2024,5,Chinese Grand Prix,2024-04-21,Shanghai International Circuit,Oscar Piastri,PIA,McLaren,7.078748808280587,6,8,0,8
2024,5,Chinese Grand Prix,2024-04-21,Shanghai International Circuit,George Russell,RUS,Mercedes,7.145884837288175,7,6,0,6
2024,5,Chinese Grand Prix,2024-04-21,Shanghai International Circuit,Lewis Hamilton,HAM,Mercedes,8.18323081391855,8,4,0,4
2024,5,Chinese Grand Prix,2024-04-21,Shanghai International Circuit,Fernando Alonso,ALO,Aston Martin,9.679574265452336,9,2,0,2
2024,5,Chinese Grand Prix,2024-04-21,Shanghai International Circuit,Lance Stroll,STR,Aston Martin,12.438425484484709,10,1,0,1
2024,5,Chinese Grand Prix,2024-04-21,Shanghai International Circuit,Daniel Ricciardo,RIC,RB F1 Team,12.535276540621116,11,0,0,0
2024,5,Chinese Grand Prix,2024-04-21,Shanghai International Circuit,Nico Hülkenberg,HUL,Haas F1 Team,12.995339315780722,12,0,0,0
2024,5,Chinese Grand Prix,2024-04-21,Shanghai International Circuit,Yuki Tsunoda,TSU,RB F1 Team,13.137547880817356,13,0,0,0
2024,5,Chinese Grand Prix,2024-04-21,Shanghai International Circuit,Kevin Magnussen,MAG,Haas F1 Team,13.374679009917196,14,0,0,0
2024,5,Chinese Grand Prix,2024-04-21,Shanghai International Circuit,Valtteri Bottas,BOT,Sauber,13.761987240812555,15,0,0,0
2024,5,Chinese Grand Prix,2024-04-21,Shanghai International Circuit,Alexander Albon,ALB,Williams,14.626733519873817,16,0,0,0
2024,5,Chinese Grand Prix,2024-04-21,Shanghai International Circuit,Esteban Ocon,OCO,Alpine F1 Team,14.703236416676951,17,0,0,0
2024,5,Chinese Grand Prix,2024-04-21,Shanghai International Circuit,Pierre Gasly,GAS,Alpine F1 Team,14.853489293207527,18,0,0,0
2024,5,Chinese Grand Prix,2024-04-21,Shanghai International Circuit,Guanyu Zhou,ZHO,Sauber,14.862025391549054,19,0,0,0
2024,5,Chinese Grand Prix,2024-04-21,Shanghai International Circuit,Logan Sargeant,SAR,Williams,16.207797629325764,20,0,0,0
2024,6,Miami Grand Prix,2024-05-05,Miami International Autodrome,Max Verstappen,VER,Red Bull,2.590882500172518,1,25,0,25
2024,6,Miami Grand Prix,2024-05-05,Miami International Autodrome,Sergio Pérez,PER,Red Bull,4.201050371535365,2,18,0,18
2024,6,Miami Grand Prix,2024-05-05,Miami International Autodrome,Charles Leclerc,LEC,Ferrari,4.353617187167604,3,15,0,15
2024,6,Miami Grand Prix,2024-05-05,Miami International Autodrome,Carlos Sainz,SAI,Ferrari,5.02622336306754,4,12,0,12
2024,6,Miami Grand Prix,2024-05-05,Miami International Autodrome,Lando Norris,NOR,McLaren,6.374445798421649,5,10,0,10
2024,6,Miami Grand Prix,2024-05-05,Miami International Autodrome,George Russell,RUS,Mercedes,7.61430675128414,6,8,0,8
2024,6,Miami Grand Prix,2024-05-05,Miami International Autodrome,Oscar Piastri,PIA,McLaren,7.625991665149105,7,6,0,6
2024,6,Miami Grand Prix,2024-05-05,Miami International Autodrome,Lewis Hamilton,HAM,Mercedes,8.590801062539121,8,4,0,4
2024,6,Miami Grand Prix,2024-05-05,Miami International Autodrome,Fernando Alonso,ALO,Aston Martin,9.14229674851967,9,2,0,2
2024,6,Miami Grand Prix,2024-05-05,Miami International Autodrome,Lance Stroll,STR,Aston Martin,11.549053026714487,10,1,0,1
2024,6,Miami Grand Prix,2024-05-05,Miami International Autodrome,Yuki Tsunoda,TSU,RB F1 Team,12.971497901674676,11,0,0,0
2024,6,Miami Grand Prix,2024-05-05,Miami International Autodrome,Nico Hülkenberg,HUL,Haas F1 Team,13.14937012912019,12,0,0,0
2024,6,Miami Grand Prix,2024-05-05,Miami International Autodrome,Kevin Magnussen,MAG,Haas F1 Team,13.64849366021997,13,0,0,0
2024,6,Miami Grand Prix,2024-05-05,Miami International Autodrome,Daniel Ricciardo,RIC,RB F1 Team,13.897232026329668,14,0,0,0
2024,6,Miami Grand Prix,2024-05-05,Miami International Autodrome,Esteban Ocon,OCO,Alpine F1 Team,14.056281301122896,15,0,0,0
2024,6,Miami Grand Prix,2024-05-05,Miami International Autodrome,Alexander Albon,ALB,Williams,14.422036418277408,16,0,0,0
2024,6,Miami Grand Prix,2024-05-05,Miami International Autodrome,Pierre Gasly,GAS,Alpine F1 Team,14.579674642904756,17,0,0,0
2024,6,Miami Grand Prix,2024-05-05,Miami International Autodrome,Valtteri Bottas,BOT,Sauber,15.60019625184008,18,0,0,0
2024,6,Miami Grand Prix,2024-05-05,Miami International Autodrome,Guanyu Zhou,ZHO,Sauber,15.650952543982402,19,0,0,0
2024,6,Miami Grand Prix,2024-05-05,Miami International Autodrome,Logan Sargeant,SAR,Williams,16.264663761237628,20,0,0,0
2024,7,Emilia Romagna Grand Prix,2024-05-19,Autodromo Enzo e Dino Ferrari,Max Verstappen,VER,Red Bull,2.556510086062601,1,25,0,25
2024,7,Emilia Romagna Grand Prix,2024-05-19,Autodromo Enzo e Dino Ferrari,Lando Norris,NOR,McLaren,4.043297504677816,2,18,0,18
2024,7,Emilia Romagna Grand Prix,2024-05-19,Autodromo Enzo e Dino Ferrari,Sergio Pérez,PER,Red Bull,4.303872740022978,3,15,0,15
2024,7,Emilia Romagna Grand Prix,2024-05-19,Autodromo Enzo e Dino Ferrari,Charles Leclerc,LEC,Ferrari,4.353617187167604,4,12,0,12
2024,7,Emilia Romagna Grand Prix,2024-05-19,Autodromo Enzo e Dino Ferrari,Carlos Sainz,SAI,Ferrari,4.784718936840178,5,10,0,10
2024,7,Emilia Romagna Grand Prix,2024-05-19,Autodromo Enzo e Dino Ferrari,Oscar Piastri,PIA,McLaren,7.530546804024435,6,8,0,8
2024,7,Emilia Romagna Grand Prix,2024-05-19,Autodromo Enzo e Dino Ferrari,George Russell,RUS,Mercedes,8.95700317281409,7,6,0,6
2024,7,Emilia Romagna Grand Prix,2024-05-19,Autodromo Enzo e Dino Ferrari,Lewis Hamilton,HAM,Mercedes,9.34618566586667,8,4,0,4
2024,7,Emilia Romagna Grand Prix,2024-05-19,Autodromo Enzo e Dino Ferrari,Fernando Alonso,ALO,Aston Martin,10.019709191398986,9,2,0,2
2024,7,Emilia Romagna Grand Prix,2024-05-19,Autodromo Enzo e Dino Ferrari,Lance Stroll,STR,Aston Martin,11.508792606231378,10,1,0,1
2024,7,Emilia Romagna Grand Prix,2024-05-19,Autodromo Enzo e Dino Ferrari,Yuki Tsunoda,TSU,RB F1 Team,12.593187919865446,11,0,0,0
2024,7,Emilia Romagna Grand Prix,2024-05-19,Autodromo Enzo e Dino Ferrari,Nico Hülkenberg,HUL,Haas F1 Team,13.03399027720642,12,0,0,0
2024,7,Emilia Romagna Grand Prix,2024-05-19,Autodromo Enzo e Dino Ferrari,Daniel Ricciardo,RIC,RB F1 Team,13.406840344827607,13,0,0,0
2024,7,Emilia Romagna Grand Prix,2024-05-19,Autodromo Enzo e Dino Ferrari,Kevin Magnussen,MAG,Haas F1 Team,13.612937298843724,14,0,0,0
2024,7,Emilia Romagna Grand Prix,2024-05-19,Autodromo Enzo e Dino Ferrari,Esteban Ocon,OCO,Alpine F1 Team,13.76554516716964,15,0,0,0
2024,7,Emilia Romagna Grand Prix,2024-05-19,Autodromo Enzo e Dino Ferrari,Pierre Gasly,GAS,Alpine F1 Team,13.861475435352707,16,0,0,0
2024,7,Emilia Romagna Grand Prix,2024-05-19,Autodromo Enzo e Dino Ferrari,Alexander Albon,ALB,Williams,14.660294707203937,17,0,0,0
2024,7,Emilia Romagna Grand Prix,2024-05-19,Autodromo Enzo e Dino Ferrari,Valtteri Bottas,BOT,Sauber,15.421653477503355,18,0,0,0
2024,7,Emilia Romagna Grand Prix,2024-05-19,Autodromo Enzo e Dino Ferrari,Guanyu Zhou,ZHO,Sauber,15.727700591741405,19,0,0,0
2024,7,Emilia Romagna Grand Prix,2024-05-19,Autodromo Enzo e Dino Ferrari,Logan Sargeant,SAR,Williams,15.958394465024671,20,0,0,0
2024,8,Monaco Grand Prix,2024-05-26,Circuit de Monaco,Max Verstappen,VER,Red Bull,2.991946835740563,1,25,0,25
2024,8,Monaco Grand Prix,2024-05-26,Circuit de Monaco,Lando Norris,NOR,McLaren,3.91465395459254,2,18,0,18
2024,8,Monaco Grand Prix,2024-05-26,Circuit de Monaco,Charles Leclerc,LEC,Ferrari,4.401226575965383,3,15,0,15
2024,8,Monaco Grand Prix,2024-05-26,Circuit de Monaco,Carlos Sainz,SAI,Ferrari,4.845776010645904,4,12,0,12
2024,8,Monaco Grand Prix,2024-05-26,Circuit de Monaco,Sergio Pérez,PER,Red Bull,6.002898495284707,5,10,0,10
2024,8,Monaco Grand Prix,2024-05-26,Circuit de Monaco,Oscar Piastri,PIA,McLaren,6.964833558907277,6,8,0,8
2024,8,Monaco Grand Prix,2024-05-26,Circuit de Monaco,George Russell,RUS,Mercedes,8.055143796113153,7,6,0,6
2024,8,Monaco Grand Prix,2024-05-26,Circuit de Monaco,Lewis Hamilton,HAM,Mercedes,8.441473435702054,8,4,0,4
2024,8,Monaco Grand Prix,2024-05-26,Circuit de Monaco,Fernando Alonso,ALO,Aston Martin,10.916537871703856,9,2,0,2
2024,8,Monaco Grand Prix,2024-05-26,Circuit de Monaco,Lance Stroll,STR,Aston Martin,11.566763652436256,10,1,0,1
2024,8,Monaco Grand Prix,2024-05-26,Circuit de Monaco,Daniel Ricciardo,RIC,RB F1 Team,12.162422014063942,11,0,0,0
2024,8,Monaco Grand Prix,2024-05-26,Circuit de Monaco,Pierre Gasly,GAS,Alpine F1 Team,12.853728675691617,12,0,0,0
2024,8,Monaco Grand Prix,2024-05-26,Circuit de Monaco,Yuki Tsunoda,TSU,RB F1 Team,12.881586288204607,13,0,0,0
2024,8,Monaco Grand Prix,2024-05-26,Circuit de Monaco,Nico Hülkenberg,HUL,Haas F1 Team,13.0027178713487,14,0,0,0
2024,8,Monaco Grand Prix,2024-05-26,Circuit de Monaco,Kevin Magnussen,MAG,Haas F1 Team,13.469826919315157,15,0,0,0
2024,8,Monaco Grand Prix,2024-05-26,Circuit de Monaco,Esteban Ocon,OCO,Alpine F1 Team,13.591099920790471,16,0,0,0
2024,8,Monaco Grand Prix,2024-05-26,Circuit de Monaco,Alexander Albon,ALB,Williams,15.32534245638951,17,0,0,0
2024,8,Monaco Grand Prix,2024-05-26,Circuit de Monaco,Guanyu Zhou,ZHO,Sauber,15.555303659521904,18,0,0,0
2024,8,Monaco Grand Prix,2024-05-26,Circuit de Monaco,Valtteri Bottas,BOT,Sauber,15.627555215054675,19,0,0,0
2024,8,Monaco Grand Prix,2024-05-26,Circuit de Monaco,Logan Sargeant,SAR,Williams,16.361842979788793,20,0,0,0
2024,9,Canadian Grand Prix,2024-06-09,Circuit Gilles Villeneuve,Max Verstappen,VER,Red Bull,2.9060679832864142,1,25,0,25
2024,9,Canadian Grand Prix,2024-06-09,Circuit Gilles Villeneuve,Charles Leclerc,LEC,Ferrari,4.394777744211778,2,18,0,18
2024,9,Canadian Grand Prix,2024-06-09,Circuit Gilles Villeneuve,Lando Norris,NOR,McLaren,4.795486978378716,3,15,0,15
2024,9,Canadian Grand Prix,2024-06-09,Circuit Gilles Villeneuve,Carlos Sainz,SAI,Ferrari,5.906861349121165,4,12,0,12
2024,9,Canadian Grand Prix,2024-06-09,Circuit Gilles Villeneuve,Sergio Pérez,PER,Red Bull,6.090184866180137,5,10,0,10
2024,9,Canadian Grand Prix,2024-06-09,Circuit Gilles Villeneuve,Oscar Piastri,PIA,McLaren,6.865441150448076,6,8,0,8
2024,9,Canadian Grand Prix,2024-06-09,Circuit Gilles Villeneuve,Lewis Hamilton,HAM,Mercedes,7.044716601856232,7,6,0,6
2024,9,Canadian Grand Prix,2024-06-09,Circuit Gilles Villeneuve,George Russell,RUS,Mercedes,7.31591382703765,8,4,0,4
2024,9,Canadian Grand Prix,2024-06-09,Circuit Gilles Villeneuve,Fernando Alonso,ALO,Aston Martin,12.002831112974013,9,2,0,2
2024,9,Canadian Grand Prix,2024-06-09,Circuit Gilles Villeneuve,Daniel Ricciardo,RIC,RB F1 Team,12.357770563819123,10,1,0,1
2024,9,Canadian Grand Prix,2024-06-09,Circuit Gilles Villeneuve,Esteban Ocon,OCO,Alpine F1 Team,12.730299958633015,11,0,0,0
2024,9,Canadian Grand Prix,2024-06-09,Circuit Gilles Villeneuve,Yuki Tsunoda,TSU,RB F1 Team,12.83332470337506,12,0,0,0
2024,9,Canadian Grand Prix,2024-06-09,Circuit Gilles Villeneuve,Lance Stroll,STR,Aston Martin,13.01772345363806,13,0,0,0
2024,9,Canadian Grand Prix,2024-06-09,Circuit Gilles Villeneuve,Pierre Gasly,GAS,Alpine F1 Team,13.407799263983922,14,0,0,0
2024,9,Canadian Grand Prix,2024-06-09,Circuit Gilles Villeneuve,Nico Hülkenberg,HUL,Haas F1 Team,13.516271411299986,15,0,0,0
2024,9,Canadian Grand Prix,2024-06-09,Circuit Gilles Villeneuve,Kevin Magnussen,MAG,Haas F1 Team,14.132586626338211,16,0,0,0
2024,9,Canadian Grand Prix,2024-06-09,Circuit Gilles Villeneuve,Valtteri Bottas,BOT,Sauber,14.237610658163709,17,0,0,0
2024,9,Canadian Grand Prix,2024-06-09,Circuit Gilles Villeneuve,Alexander Albon,ALB,Williams,14.95688777836639,18,0,0,0
2024,9,Canadian Grand Prix,2024-06-09,Circuit Gilles Villeneuve,Guanyu Zhou,ZHO,Sauber,15.498437527610042,19,0,0,0
2024,9,Canadian Grand Prix,2024-06-09,Circuit Gilles Villeneuve,Logan Sargeant,SAR,Williams,16.62739996823001,20,0,0,0
2024,10,Spanish Grand Prix,2024-06-23,Circuit de Barcelona-Catalunya,Max Verstappen,VER,Red Bull,3.0437143719269764,1,25,0,25
2024,10,Spanish Grand Prix,2024-06-23,Circuit de Barcelona-Catalunya,Lando Norris,NOR,McLaren,4.334010089394888,2,18,0,18
2024,10,Spanish Grand Prix,2024-06-23,Circuit de Barcelona-Catalunya,Charles Leclerc,LEC,Ferrari,5.071472130924879,3,15,0,15
2024,10,Spanish Grand Prix,2024-06-23,Circuit de Barcelona-Catalunya,Carlos Sainz,SAI,Ferrari,5.399408158120483,4,12,0,12
2024,10,Spanish Grand Prix,2024-06-23,Circuit de Barcelona-Catalunya,Oscar Piastri,PIA,McLaren,5.726696392902509,5,10,0,10
2024,10,Spanish Grand Prix,2024-06-23,Circuit de Barcelona-Catalunya,George Russell,RUS,Mercedes,5.888038060629484,6,8,0,8
2024,10,Spanish Grand Prix,2024-06-23,Circuit de Barcelona-Catalunya,Lewis Hamilton,HAM,Mercedes,6.635760537193059,7,6,0,6
2024,10,Spanish Grand Prix,2024-06-23,Circuit de Barcelona-Catalunya,Sergio Pérez,PER,Red Bull,6.757300180371613,8,4,0,4
2024,10,Spanish Grand Prix,2024-06-23,Circuit de Barcelona-Catalunya,Fernando Alonso,ALO,Aston Martin,11.596459828206862,9,2,0,2
2024,10,Spanish Grand Prix,2024-06-23,Circuit de Barcelona-Catalunya,Daniel Ricciardo,RIC,RB F1 Team,11.72428044379572,10,1,0,1
2024,10,Spanish Grand Prix,2024-06-23,Circuit de Barcelona-Catalunya,Lance Stroll,STR,Aston Martin,11.929951200519676,11,0,0,0
2024,10,Spanish Grand Prix,2024-06-23,Circuit de Barcelona-Catalunya,Pierre Gasly,GAS,Alpine F1 Team,13.016667907378777,12,0,0,0
2024,10,Spanish Grand Prix,2024-06-23,Circuit de Barcelona-Catalunya,Esteban Ocon,OCO,Alpine F1 Team,13.027279673679825,13,0,0,0
2024,10,Spanish Grand Prix,2024-06-23,Circuit de Barcelona-Catalunya,Yuki Tsunoda,TSU,RB F1 Team,13.209243285397529,14,0,0,0
2024,10,Spanish Grand Prix,2024-06-23,Circuit de Barcelona-Catalunya,Nico Hülkenberg,HUL,Haas F1 Team,13.732836464154689,15,0,0,0
2024,10,Spanish Grand Prix,2024-06-23,Circuit de Barcelona-Catalunya,Valtteri Bottas,BOT,Sauber,13.77149827760608,16,0,0,0
2024,10,Spanish Grand Prix,2024-06-23,Circuit de Barcelona-Catalunya,Kevin Magnussen,MAG,Haas F1 Team,14.008828684155205,17,0,0,0
2024,10,Spanish Grand Prix,2024-06-23,Circuit de Barcelona-Catalunya,Guanyu Zhou,ZHO,Sauber,14.992705447367891,18,0,0,0
2024,10,Spanish Grand Prix,2024-06-23,Circuit de Barcelona-Catalunya,Alexander Albon,ALB,Williams,15.083983917023335,19,0,0,0
2024,10,Spanish Grand Prix,2024-06-23,Circuit de Barcelona-Catalunya,Logan Sargeant,SAR,Williams,16.41825722441205,20,0,0,0
2024,11,Austrian Grand Prix,2024-06-30,Red Bull Ring,Max Verstappen,VER,Red Bull,3.0892309367650435,1,25,0,25
2024,11,Austrian Grand Prix,2024-06-30,Red Bull Ring,Lando Norris,NOR,McLaren,3.712265879731285,2,18,0,18
2024,11,Austrian Grand Prix,2024-06-30,Red Bull Ring,Charles Leclerc,LEC,Ferrari,4.864508168059971,3,15,0,15
2024,11,Austrian Grand Prix,2024-06-30,Red Bull Ring,Lewis Hamilton,HAM,Mercedes,5.339604137026781,4,12,0,12
2024,11,Austrian Grand Prix,2024-06-30,Red Bull Ring,George Russell,RUS,Mercedes,5.469074689192777,5,10,0,10
2024,11,Austrian Grand Prix,2024-06-30,Red Bull Ring,Carlos Sainz,SAI,Ferrari,5.8230020968367455,6,8,0,8
2024,11,Austrian Grand Prix,2024-06-30,Red Bull Ring,Oscar Piastri,PIA,McLaren,5.861757667112138,7,6,0,6
2024,11,Austrian Grand Prix,2024-06-30,Red Bull Ring,Sergio Pérez,PER,Red Bull,8.98778382885163,8,4,0,4
2024,11,Austrian Grand Prix,2024-06-30,Red Bull Ring,Fernando Alonso,ALO,Aston Martin,12.381078994291103,9,2,0,2
2024,11,Austrian Grand Prix,2024-06-30,Red Bull Ring,Pierre Gasly,GAS,Alpine F1 Team,12.534535290521127,10,1,0,1
2024,11,Austrian Grand Prix,2024-06-30,Red Bull Ring,Lance Stroll,STR,Aston Martin,12.635024451953823,11,0,0,0
2024,11,Austrian Grand Prix,2024-06-30,Red Bull Ring,Esteban Ocon,OCO,Alpine F1 Team,12.899070674086255,12,0,0,0
2024,11,Austrian Grand Prix,2024-06-30,Red Bull Ring,Yuki Tsunoda,TSU,RB F1 Team,13.193150521421243,13,0,0,0
2024,11,Austrian Grand Prix,2024-06-30,Red Bull Ring,Daniel Ricciardo,RIC,RB F1 Team,13.519798122169153,14,0,0,0
2024,11,Austrian Grand Prix,2024-06-30,Red Bull Ring,Nico Hülkenberg,HUL,Haas F1 Team,13.732836464154689,15,0,0,0
2024,11,Austrian Grand Prix,2024-06-30,Red Bull Ring,Kevin Magnussen,MAG,Haas F1 Team,14.379129166054364,16,0,0,0
2024,11,Austrian Grand Prix,2024-06-30,Red Bull Ring,Guanyu Zhou,ZHO,Sauber,14.44413536552353,17,0,0,0
2024,11,Austrian Grand Prix,2024-06-30,Red Bull Ring,Alexander Albon,ALB,Williams,15.35978512821186,18,0,0,0
2024,11,Austrian Grand Prix,2024-06-30,Red Bull Ring,Logan Sargeant,SAR,Williams,16.075920273848816,19,0,0,0
2024,11,Austrian Grand Prix,2024-06-30,Red Bull Ring,Valtteri Bottas,BOT,Sauber,16.181604197734902,20,0,0,0
2024,12,British Grand Prix,2024-07-07,Silverstone Circuit,Max Verstappen,VER,Red Bull,3.5188490753232844,1,25,0,25
2024,12,British Grand Prix,2024-07-07,Silverstone Circuit,George Russell,RUS,Mercedes,4.136286685282663,2,18,0,18
2024,12,British Grand Prix,2024-07-07,Silverstone Circuit,Lando Norris,NOR,McLaren,4.183171951533361,3,15,0,15
2024,12,British Grand Prix,2024-07-07,Silverstone Circuit,Oscar Piastri,PIA,McLaren,4.833877155844424,4,12,0,12
2024,12,British Grand Prix,2024-07-07,Silverstone Circuit,Lewis Hamilton,HAM,Mercedes,5.0515864950992,5,10,0,10
2024,12,British Grand Prix,2024-07-07,Silverstone Circuit,Charles Leclerc,LEC,Ferrari,5.522207982740679,6,8,0,8
2024,12,British Grand Prix,2024-07-07,Silverstone Circuit,Carlos Sainz,SAI,Ferrari,5.8230020968367455,7,6,0,6
2024,12,British Grand Prix,2024-07-07,Silverstone Circuit,Sergio Pérez,PER,Red Bull,9.463898757446808,8,4,0,4
2024,12,British Grand Prix,2024-07-07,Silverstone Circuit,Daniel Ricciardo,RIC,RB F1 Team,11.68851943596281,9,2,0,2
2024,12,British Grand Prix,2024-07-07,Silverstone Circuit,Nico Hülkenberg,HUL,Haas F1 Team,12.080420232100789,10,1,0,1
2024,12,British Grand Prix,2024-07-07,Silverstone Circuit,Fernando Alonso,ALO,Aston Martin,12.104736740720927,11,0,0,0
2024,12,British Grand Prix,2024-07-07,Silverstone Circuit,Lance Stroll,STR,Aston Martin,12.433607562568035,12,0,0,0
2024,12,British Grand Prix,2024-07-07,Silverstone Circuit,Pierre Gasly,GAS,Alpine F1 Team,12.57479571100424,13,0,0,0
2024,12,British Grand Prix,2024-07-07,Silverstone Circuit,Esteban Ocon,OCO,Alpine F1 Team,12.939331094569368,14,0,0,0
2024,12,British Grand Prix,2024-07-07,Silverstone Circuit,Kevin Magnussen,MAG,Haas F1 Team,13.034522597945475,15,0,0,0
2024,12,British Grand Prix,2024-07-07,Silverstone Circuit,Yuki Tsunoda,TSU,RB F1 Team,13.292334534062308,16,0,0,0
2024,12,British Grand Prix,2024-07-07,Silverstone Circuit,Valtteri Bottas,BOT,Sauber,14.97297671774034,17,0,0,0
2024,12,British Grand Prix,2024-07-07,Silverstone Circuit,Guanyu Zhou,ZHO,Sauber,15.172051535080415,18,0,0,0
2024,12,British Grand Prix,2024-07-07,Silverstone Circuit,Logan Sargeant,SAR,Williams,15.213035080185811,19,0,0,0
2024,12,British Grand Prix,2024-07-07,Silverstone Circuit,Alexander Albon,ALB,Williams,15.270962849152273,20,0,0,0
2024,13,Hungarian Grand Prix,2024-07-21,Hungaroring,Max Verstappen,VER,Red Bull,3.2717901710755872,1,25,0,25
2024,13,Hungarian Grand Prix,2024-07-21,Hungaroring,Lewis Hamilton,HAM,Mercedes,3.973812694848856,2,18,0,18
2024,13,Hungarian Grand Prix,2024-07-21,Hungaroring,Lando Norris,NOR,McLaren,4.4474415906574665,3,15,0,15
2024,13,Hungarian Grand Prix,2024-07-21,Hungaroring,Oscar Piastri,PIA,McLaren,4.773935313065454,4,12,0,12
2024,13,Hungarian Grand Prix,2024-07-21,Hungaroring,George Russell,RUS,Mercedes,5.067835331068749,5,10,0,10
2024,13,Hungarian Grand Prix,2024-07-21,Hungaroring,Carlos Sainz,SAI,Ferrari,6.612626543844524,6,8,0,8
2024,13,Hungarian Grand Prix,2024-07-21,Hungaroring,Charles Leclerc,LEC,Ferrari,7.100161050479032,7,6,0,6
2024,13,Hungarian Grand Prix,2024-07-21,Hungaroring,Sergio Pérez,PER,Red Bull,9.73288645019607,8,4,0,4
2024,13,Hungarian Grand Prix,2024-07-21,Hungaroring,Fernando Alonso,ALO,Aston Martin,11.107435161544522,9,2,0,2
2024,13,Hungarian Grand Prix,2024-07-21,Hungaroring,Lance Stroll,STR,Aston Martin,11.950787585202765,10,1,0,1
2024,13,Hungarian Grand Prix,2024-07-21,Hungaroring,Nico Hülkenberg,HUL,Haas F1 Team,12.291406491471324,11,0,0,0
2024,13,Hungarian Grand Prix,2024-07-21,Hungaroring,Daniel Ricciardo,RIC,RB F1 Team,12.317993837479406,12,0,0,0
2024,13,Hungarian Grand Prix,2024-07-21,Hungaroring,Pierre Gasly,GAS,Alpine F1 Team,12.60158023708202,13,0,0,0
2024,13,Hungarian Grand Prix,2024-07-21,Hungaroring,Kevin Magnussen,MAG,Haas F1 Team,12.816775056620184,14,0,0,0
2024,13,Hungarian Grand Prix,2024-07-21,Hungaroring,Yuki Tsunoda,TSU,RB F1 Team,13.08699999614368,15,0,0,0
2024,13,Hungarian Grand Prix,2024-07-21,Hungaroring,Esteban Ocon,OCO,Alpine F1 Team,13.13685018856376,16,0,0,0
2024,13,Hungarian Grand Prix,2024-07-21,Hungaroring,Alexander Albon,ALB,Williams,13.88718229972095,17,0,0,0
2024,13,Hungarian Grand Prix,2024-07-21,Hungaroring,Valtteri Bottas,BOT,Sauber,14.863160467247225,18,0,0,0
2024,13,Hungarian Grand Prix,2024-07-21,Hungaroring,Guanyu Zhou,ZHO,Sauber,14.976612683391608,19,0,0,0
2024,13,Hungarian Grand Prix,2024-07-21,Hungaroring,Logan Sargeant,SAR,Williams,15.75385194131461,20,0,0,0
2024,14,Belgian Grand Prix,2024-07-28,Circuit de Spa-Francorchamps,Max Verstappen,VER,Red Bull,3.2717901710755872,1,25,0,25
2024,14,Belgian Grand Prix,2024-07-28,Circuit de Spa-Francorchamps,Lewis Hamilton,HAM,Mercedes,3.973812694848856,2,18,0,18
2024,14,Belgian Grand Prix,2024-07-28,Circuit de Spa-Francorchamps,Lando Norris,NOR,McLaren,4.435931915532728,3,15,0,15
2024,14,Belgian Grand Prix,2024-07-28,Circuit de Spa-Francorchamps,Oscar Piastri,PIA,McLaren,4.728398031876715,4,12,0,12
2024,14,Belgian Grand Prix,2024-07-28,Circuit de Spa-Francorchamps,George Russell,RUS,Mercedes,4.968063138578841,5,10,0,10
2024,14,Belgian Grand Prix,2024-07-28,Circuit de Spa-Francorchamps,Carlos Sainz,SAI,Ferrari,7.054400001069244,6,8,0,8
2024,14,Belgian Grand Prix,2024-07-28,Circuit de Spa-Francorchamps,Charles Leclerc,LEC,Ferrari,7.193159992203877,7,6,0,6
2024,14,Belgian Grand Prix,2024-07-28,Circuit de Spa-Francorchamps,Sergio Pérez,PER,Red Bull,8.991045760053796,8,4,0,4
2024,14,Belgian Grand Prix,2024-07-28,Circuit de Spa-Francorchamps,Fernando Alonso,ALO,Aston Martin,12.145907324408338,9,2,0,2
2024,14,Belgian Grand Prix,2024-07-28,Circuit de Spa-Francorchamps,Lance Stroll,STR,Aston Martin,12.254661303798548,10,1,0,1
2024,14,Belgian Grand Prix,2024-07-28,Circuit de Spa-Francorchamps,Daniel Ricciardo,RIC,RB F1 Team,12.358254257962516,11,0,0,0
2024,14,Belgian Grand Prix,2024-07-28,Circuit de Spa-Francorchamps,Nico Hülkenberg,HUL,Haas F1 Team,12.380378255104109,12,0,0,0
2024,14,Belgian Grand Prix,2024-07-28,Circuit de Spa-Francorchamps,Pierre Gasly,GAS,Alpine F1 Team,12.416842291998975,13,0,0,0
2024,14,Belgian Grand Prix,2024-07-28,Circuit de Spa-Francorchamps,Esteban Ocon,OCO,Alpine F1 Team,13.003052229628556,14,0,0,0
2024,14,Belgian Grand Prix,2024-07-28,Circuit de Spa-Francorchamps,Kevin Magnussen,MAG,Haas F1 Team,13.146533590508648,15,0,0,0
2024,14,Belgian Grand Prix,2024-07-28,Circuit de Spa-Francorchamps,Yuki Tsunoda,TSU,RB F1 Team,13.336255228908602,16,0,0,0
2024,14,Belgian Grand Prix,2024-07-28,Circuit de Spa-Francorchamps,Alexander Albon,ALB,Williams,14.703857992769423,17,0,0,0
2024,14,Belgian Grand Prix,2024-07-28,Circuit de Spa-Francorchamps,Valtteri Bottas,BOT,Sauber,15.174000167048142,18,0,0,0
2024,14,Belgian Grand Prix,2024-07-28,Circuit de Spa-Francorchamps,Guanyu Zhou,ZHO,Sauber,15.522605184116868,19,0,0,0
2024,14,Belgian Grand Prix,2024-07-28,Circuit de Spa-Francorchamps,Logan Sargeant,SAR,Williams,16.32814094252423,20,0,0,0
2024,15,Dutch Grand Prix,2024-08-25,Circuit Park Zandvoort,Max Verstappen,VER,Red Bull,2.941263727902413,1,25,0,25
2024,15,Dutch Grand Prix,2024-08-25,Circuit Park Zandvoort,Lewis Hamilton,HAM,Mercedes,3.648423649263445,2,18,0,18
2024,15,Dutch Grand Prix,2024-08-25,Circuit Park Zandvoort,Oscar Piastri,PIA,McLaren,4.6173036317919,3,15,0,15
2024,15,Dutch Grand Prix,2024-08-25,Circuit Park Zandvoort,Lando Norris,NOR,McLaren,4.843791008155642,4,12,0,12
2024,15,Dutch Grand Prix,2024-08-25,Circuit Park Zandvoort,George Russell,RUS,Mercedes,5.1694545676520685,5,10,0,10
2024,15,Dutch Grand Prix,2024-08-25,Circuit Park Zandvoort,Carlos Sainz,SAI,Ferrari,5.768637451878092,6,8,0,8
2024,15,Dutch Grand Prix,2024-08-25,Circuit Park Zandvoort,Sergio Pérez,PER,Red Bull,6.799772555995816,7,6,0,6
2024,15,Dutch Grand Prix,2024-08-25,Circuit Park Zandvoort,Charles Leclerc,LEC,Ferrari,6.837183758464315,8,4,0,4
2024,15,Dutch Grand Prix,2024-08-25,Circuit Park Zandvoort,Fernando Alonso,ALO,Aston Martin,11.095116260110414,9,2,0,2
2024,15,Dutch Grand Prix,2024-08-25,Circuit Park Zandvoort,Pierre Gasly,GAS,Alpine F1 Team,12.109245235813656,10,1,0,1
2024,15,Dutch Grand Prix,2024-08-25,Circuit Park Zandvoort,Lance Stroll,STR,Aston Martin,12.2672515813361,11,0,0,0
2024,15,Dutch Grand Prix,2024-08-25,Circuit Park Zandvoort,Nico Hülkenberg,HUL,Haas F1 Team,12.527931799157344,12,0,0,0
2024,15,Dutch Grand Prix,2024-08-25,Circuit Park Zandvoort,Esteban Ocon,OCO,Alpine F1 Team,12.886168390904658,13,0,0,0
2024,15,Dutch Grand Prix,2024-08-25,Circuit Park Zandvoort,Daniel Ricciardo,RIC,RB F1 Team,13.079097854810174,14,0,0,0
2024,15,Dutch Grand Prix,2024-08-25,Circuit Park Zandvoort,Kevin Magnussen,MAG,Haas F1 Team,13.10796376346756,15,0,0,0
2024,15,Dutch Grand Prix,2024-08-25,Circuit Park Zandvoort,Yuki Tsunoda,TSU,RB F1 Team,13.792154369400128,16,0,0,0
2024,15,Dutch Grand Prix,2024-08-25,Circuit Park Zandvoort,Alexander Albon,ALB,Williams,13.88718229972095,17,0,0,0
2024,15,Dutch Grand Prix,2024-08-25,Circuit Park Zandvoort,Guanyu Zhou,ZHO,Sauber,15.602731379569653,18,0,0,0
2024,15,Dutch Grand Prix,2024-08-25,Circuit Park Zandvoort,Valtteri Bottas,BOT,Sauber,15.90594433861801,19,0,0,0
2024,15,Dutch Grand Prix,2024-08-25,Circuit Park Zandvoort,Logan Sargeant,SAR,Williams,16.009413292098593,20,0,0,0
2024,16,Italian Grand Prix,2024-09-01,Autodromo Nazionale di Monza,Max Verstappen,VER,Red Bull,3.5167930165227395,1,25,0,25
2024,16,Italian Grand Prix,2024-09-01,Autodromo Nazionale di Monza,Lando Norris,NOR,McLaren,3.774061148485031,2,18,0,18
2024,16,Italian Grand Prix,2024-09-01,Autodromo Nazionale di Monza,Lewis Hamilton,HAM,Mercedes,3.968369241008405,3,15,0,15
2024,16,Italian Grand Prix,2024-09-01,Autodromo Nazionale di Monza,Oscar Piastri,PIA,McLaren,4.501598154823604,4,12,0,12
2024,16,Italian Grand Prix,2024-09-01,Autodromo Nazionale di Monza,Carlos Sainz,SAI,Ferrari,5.632836629170834,5,10,0,10
2024,16,Italian Grand Prix,2024-09-01,Autodromo Nazionale di Monza,Charles Leclerc,LEC,Ferrari,5.667800262771929,6,8,0,8
2024,16,Italian Grand Prix,2024-09-01,Autodromo Nazionale di Monza,George Russell,RUS,Mercedes,6.022067327394902,7,6,0,6
2024,16,Italian Grand Prix,2024-09-01,Autodromo Nazionale di Monza,Sergio Pérez,PER,Red Bull,6.929595800661157,8,4,0,4
2024,16,Italian Grand Prix,2024-09-01,Autodromo Nazionale di Monza,Daniel Ricciardo,RIC,RB F1 Team,12.134310644415702,9,2,0,2
2024,16,Italian Grand Prix,2024-09-01,Autodromo Nazionale di Monza,Fernando Alonso,ALO,Aston Martin,12.322602073684193,10,1,0,1
2024,16,Italian Grand Prix,2024-09-01,Autodromo Nazionale di Monza,Lance Stroll,STR,Aston Martin,12.356236621643742,11,0,0,0
2024,16,Italian Grand Prix,2024-09-01,Autodromo Nazionale di Monza,Nico Hülkenberg,HUL,Haas F1 Team,12.421560923913388,12,0,0,0
2024,16,Italian Grand Prix,2024-09-01,Autodromo Nazionale di Monza,Kevin Magnussen,MAG,Haas F1 Team,13.171623495341644,13,0,0,0
2024,16,Italian Grand Prix,2024-09-01,Autodromo Nazionale di Monza,Pierre Gasly,GAS,Alpine F1 Team,13.201942342132003,14,0,0,0
2024,16,Italian Grand Prix,2024-09-01,Autodromo Nazionale di Monza,Franco Colapinto,COL,Williams,13.562732648239136,15,0,0,0
2024,16,Italian Grand Prix,2024-09-01,Autodromo Nazionale di Monza,Esteban Ocon,OCO,Alpine F1 Team,13.579428551359197,16,0,0,0
2024,16,Italian Grand Prix,2024-09-01,Autodromo Nazionale di Monza,Yuki Tsunoda,TSU,RB F1 Team,13.831180146542074,17,0,0,0
2024,16,Italian Grand Prix,2024-09-01,Autodromo Nazionale di Monza,Alexander Albon,ALB,Williams,13.891593723745856,18,0,0,0
2024,16,Italian Grand Prix,2024-09-01,Autodromo Nazionale di Monza,Valtteri Bottas,BOT,Sauber,15.102654955625772,19,0,0,0
2024,16,Italian Grand Prix,2024-09-01,Autodromo Nazionale di Monza,Guanyu Zhou,ZHO,Sauber,15.659035328187,20,0,0,0
2024,17,Azerbaijan Grand Prix,2024-09-15,Baku City Circuit,Lando Norris,NOR,McLaren,3.4319608631269607,1,25,0,25
2024,17,Azerbaijan Grand Prix,2024-09-15,Baku City Circuit,Lewis Hamilton,HAM,Mercedes,4.165344505180046,2,18,0,18
2024,17,Azerbaijan Grand Prix,2024-09-15,Baku City Circuit,Max Verstappen,VER,Red Bull,4.192962300391047,3,15,0,15
2024,17,Azerbaijan Grand Prix,2024-09-15,Baku City Circuit,Oscar Piastri,PIA,McLaren,4.232319969362255,4,12,0,12
2024,17,Azerbaijan Grand Prix,2024-09-15,Baku City Circuit,Charles Leclerc,LEC,Ferrari,4.629462829381147,5,10,0,10
2024,17,Azerbaijan Grand Prix,2024-09-15,Baku City Circuit,Carlos Sainz,SAI,Ferrari,6.134777845225831,6,8,0,8
2024,17,Azerbaijan Grand Prix,2024-09-15,Baku City Circuit,Sergio Pérez,PER,Red Bull,7.109872467182413,7,6,0,6
2024,17,Azerbaijan Grand Prix,2024-09-15,Baku City Circuit,George Russell,RUS,Mercedes,7.947785129793177,8,4,0,4
2024,17,Azerbaijan Grand Prix,2024-09-15,Baku City Circuit,Oliver Bearman,BEA,Haas F1 Team,11.249742048500282,9,2,0,2
2024,17,Azerbaijan Grand Prix,2024-09-15,Baku City Circuit,Fernando Alonso,ALO,Aston Martin,11.837475563371692,10,1,0,1
2024,17,Azerbaijan Grand Prix,2024-09-15,Baku City Circuit,Lance Stroll,STR,Aston Martin,12.542513129027812,11,0,0,0
2024,17,Azerbaijan Grand Prix,2024-09-15,Baku City Circuit,Nico Hülkenberg,HUL,Haas F1 Team,12.802418873457173,12,0,0,0
2024,17,Azerbaijan Grand Prix,2024-09-15,Baku City Circuit,Alexander Albon,ALB,Williams,13.173080484485832,13,0,0,0
2024,17,Azerbaijan Grand Prix,2024-09-15,Baku City Circuit,Daniel Ricciardo,RIC,RB F1 Team,13.384325719817006,14,0,0,0
2024,17,Azerbaijan Grand Prix,2024-09-15,Baku City Circuit,Yuki Tsunoda,TSU,RB F1 Team,13.471591583953613,15,0,0,0
2024,17,Azerbaijan Grand Prix,2024-09-15,Baku City Circuit,Franco Colapinto,COL,Williams,13.523448615128252,16,0,0,0
2024,17,Azerbaijan Grand Prix,2024-09-15,Baku City Circuit,Esteban Ocon,OCO,Alpine F1 Team,14.265508850515468,17,0,0,0
2024,17,Azerbaijan Grand Prix,2024-09-15,Baku City Circuit,Pierre Gasly,GAS,Alpine F1 Team,14.35889559513418,18,0,0,0
2024,17,Azerbaijan Grand Prix,2024-09-15,Baku City Circuit,Guanyu Zhou,ZHO,Sauber,15.661554576982043,19,0,0,0
2024,17,Azerbaijan Grand Prix,2024-09-15,Baku City Circuit,Valtteri Bottas,BOT,Sauber,15.712793533088522,20,0,0,0
2024,18,Singapore Grand Prix,2024-09-22,Marina Bay Street Circuit,Lando Norris,NOR,McLaren,3.5362133960040083,1,25,0,25
2024,18,Singapore Grand Prix,2024-09-22,Marina Bay Street Circuit,Oscar Piastri,PIA,McLaren,4.02270230991234,2,18,0,18
2024,18,Singapore Grand Prix,2024-09-22,Marina Bay Street Circuit,Charles Leclerc,LEC,Ferrari,4.243097298589328,3,15,0,15
2024,18,Singapore Grand Prix,2024-09-22,Marina Bay Street Circuit,Max Verstappen,VER,Red Bull,4.403189140253501,4,12,0,12
2024,18,Singapore Grand Prix,2024-09-22,Marina Bay Street Circuit,Lewis Hamilton,HAM,Mercedes,5.576210331157786,5,10,0,10
2024,18,Singapore Grand Prix,2024-09-22,Marina Bay Street Circuit,Carlos Sainz,SAI,Ferrari,6.135031292646175,6,8,0,8
2024,18,Singapore Grand Prix,2024-09-22,Marina Bay Street Circuit,George Russell,RUS,Mercedes,6.957990955204663,7,6,0,6
2024,18,Singapore Grand Prix,2024-09-22,Marina Bay Street Circuit,Sergio Pérez,PER,Red Bull,7.810428375386593,8,4,0,4
2024,18,Singapore Grand Prix,2024-09-22,Marina Bay Street Circuit,Fernando Alonso,ALO,Aston Martin,11.94718727813511,9,2,0,2
2024,18,Singapore Grand Prix,2024-09-22,Marina Bay Street Circuit,Alexander Albon,ALB,Williams,12.127065363613603,10,1,0,1
2024,18,Singapore Grand Prix,2024-09-22,Marina Bay Street Circuit,Franco Colapinto,COL,Williams,12.255437322698448,11,0,0,0
2024,18,Singapore Grand Prix,2024-09-22,Marina Bay Street Circuit,Daniel Ricciardo,RIC,RB F1 Team,12.494598161853723,12,0,0,0
2024,18,Singapore Grand Prix,2024-09-22,Marina Bay Street Circuit,Pierre Gasly,GAS,Alpine F1 Team,12.778980057813362,13,0,0,0
2024,18,Singapore Grand Prix,2024-09-22,Marina Bay Street Circuit,Lance Stroll,STR,Aston Martin,13.27792923409422,14,0,0,0
2024,18,Singapore Grand Prix,2024-09-22,Marina Bay Street Circuit,Nico Hülkenberg,HUL,Haas F1 Team,13.463523807151269,15,0,0,0
2024,18,Singapore Grand Prix,2024-09-22,Marina Bay Street Circuit,Yuki Tsunoda,TSU,RB F1 Team,13.48052750961543,16,0,0,0
2024,18,Singapore Grand Prix,2024-09-22,Marina Bay Street Circuit,Esteban Ocon,OCO,Alpine F1 Team,13.523207714895277,17,0,0,0
2024,18,Singapore Grand Prix,2024-09-22,Marina Bay Street Circuit,Kevin Magnussen,MAG,Haas F1 Team,13.555152512786416,18,0,0,0
2024,18,Singapore Grand Prix,2024-09-22,Marina Bay Street Circuit,Guanyu Zhou,ZHO,Sauber,15.574227903683315,19,0,0,0
2024,18,Singapore Grand Prix,2024-09-22,Marina Bay Street Circuit,Valtteri Bottas,BOT,Sauber,15.791481363144984,20,0,0,0
2024,19,United States Grand Prix,2024-10-20,Circuit of the Americas,Max Verstappen,VER,Red Bull,3.6056169900105823,1,25,0,25
2024,19,United States Grand Prix,2024-10-20,Circuit of the Americas,Lando Norris,NOR,McLaren,3.7308461522144007,2,18,0,18
2024,19,United States Grand Prix,2024-10-20,Circuit of the Americas,Oscar Piastri,PIA,McLaren,4.307439400792914,3,15,0,15
2024,19,United States Grand Prix,2024-10-20,Circuit of the Americas,Charles Leclerc,LEC,Ferrari,4.435583525424921,4,12,0,12
2024,19,United States Grand Prix,2024-10-20,Circuit of the Americas,Lewis Hamilton,HAM,Mercedes,5.641005163777173,5,10,0,10
2024,19,United States Grand Prix,2024-10-20,Circuit of the Americas,Carlos Sainz,SAI,Ferrari,6.052580651144703,6,8,0,8
2024,19,United States Grand Prix,2024-10-20,Circuit of the Americas,George Russell,RUS,Mercedes,6.387292771357603,7,6,0,6
2024,19,United States Grand Prix,2024-10-20,Circuit of the Americas,Sergio Pérez,PER,Red Bull,7.948344368973713,8,4,0,4
2024,19,United States Grand Prix,2024-10-20,Circuit of the Americas,Fernando Alonso,ALO,Aston Martin,11.79948139887239,9,2,0,2
2024,19,United States Grand Prix,2024-10-20,Circuit of the Americas,Alexander Albon,ALB,Williams,12.069028363840632,10,1,0,1
2024,19,United States Grand Prix,2024-10-20,Circuit of the Americas,Franco Colapinto,COL,Williams,12.539307877766287,11,0,0,0
2024,19,United States Grand Prix,2024-10-20,Circuit of the Americas,Esteban Ocon,OCO,Alpine F1 Team,13.190453268131275,12,0,0,0
2024,19,United States Grand Prix,2024-10-20,Circuit of the Americas,Nico Hülkenberg,HUL,Haas F1 Team,13.27850318656445,13,0,0,0
2024,19,United States Grand Prix,2024-10-20,Circuit of the Americas,Pierre Gasly,GAS,Alpine F1 Team,13.30882257990498,14,0,0,0
2024,19,United States Grand Prix,2024-10-20,Circuit of the Americas,Lance Stroll,STR,Aston Martin,13.588963130250743,15,0,0,0
2024,19,United States Grand Prix,2024-10-20,Circuit of the Americas,Kevin Magnussen,MAG,Haas F1 Team,14.148687074220751,16,0,0,0
2024,19,United States Grand Prix,2024-10-20,Circuit of the Americas,Yuki Tsunoda,TSU,RB F1 Team,14.304034850623747,17,0,0,0
2024,19,United States Grand Prix,2024-10-20,Circuit of the Americas,Liam Lawson,LAW,RB F1 Team,14.519844412418475,18,0,0,0
2024,19,United States Grand Prix,2024-10-20,Circuit of the Americas,Guanyu Zhou,ZHO,Sauber,15.807119091871703,19,0,0,0
2024,19,United States Grand Prix,2024-10-20,Circuit of the Americas,Valtteri Bottas,BOT,Sauber,15.952329543292624,20,0,0,0
2024,20,Mexico City Grand Prix,2024-10-27,Autódromo Hermanos Rodríguez,Max Verstappen,VER,Red Bull,3.370931904841215,1,25,0,25
2024,20,Mexico City Grand Prix,2024-10-27,Autódromo Hermanos Rodríguez,Lando Norris,NOR,McLaren,4.121704138474713,2,18,0,18
2024,20,Mexico City Grand Prix,2024-10-27,Autódromo Hermanos Rodríguez,Oscar Piastri,PIA,McLaren,4.221810668280195,3,15,0,15
2024,20,Mexico City Grand Prix,2024-10-27,Autódromo Hermanos Rodríguez,Charles Leclerc,LEC,Ferrari,4.243097298589328,4,12,0,12
2024,20,Mexico City Grand Prix,2024-10-27,Autódromo Hermanos Rodríguez,Carlos Sainz,SAI,Ferrari,5.288728868676153,5,10,0,10
2024,20,Mexico City Grand Prix,2024-10-27,Autódromo Hermanos Rodríguez,George Russell,RUS,Mercedes,5.828096217850514,6,8,0,8
2024,20,Mexico City Grand Prix,2024-10-27,Autódromo Hermanos Rodríguez,Lewis Hamilton,HAM,Mercedes,6.389557475653522,7,6,0,6
2024,20,Mexico City Grand Prix,2024-10-27,Autódromo Hermanos Rodríguez,Sergio Pérez,PER,Red Bull,8.343878971343115,8,4,0,4
2024,20,Mexico City Grand Prix,2024-10-27,Autódromo Hermanos Rodríguez,Alexander Albon,ALB,Williams,12.235690783389147,9,2,0,2
2024,20,Mexico City Grand Prix,2024-10-27,Autódromo Hermanos Rodríguez,Nico Hülkenberg,HUL,Haas F1 Team,12.386529833883044,10,1,0,1
2024,20,Mexico City Grand Prix,2024-10-27,Autódromo Hermanos Rodríguez,Fernando Alonso,ALO,Aston Martin,12.471079129227862,11,0,0,0
2024,20,Mexico City Grand Prix,2024-10-27,Autódromo Hermanos Rodríguez,Franco Colapinto,COL,Williams,12.49904745728318,12,0,0,0
2024,20,Mexico City Grand Prix,2024-10-27,Autódromo Hermanos Rodríguez,Pierre Gasly,GAS,Alpine F1 Team,13.140885098565748,13,0,0,0
2024,20,Mexico City Grand Prix,2024-10-27,Autódromo Hermanos Rodríguez,Kevin Magnussen,MAG,Haas F1 Team,13.27878019252832,14,0,0,0
2024,20,Mexico City Grand Prix,2024-10-27,Autódromo Hermanos Rodríguez,Lance Stroll,STR,Aston Martin,13.696257516985131,15,0,0,0
2024,20,Mexico City Grand Prix,2024-10-27,Autódromo Hermanos Rodríguez,Esteban Ocon,OCO,Alpine F1 Team,13.984533180121696,16,0,0,0
2024,20,Mexico City Grand Prix,2024-10-27,Autódromo Hermanos Rodríguez,Liam Lawson,LAW,RB F1 Team,14.001559962757655,17,0,0,0
2024,20,Mexico City Grand Prix,2024-10-27,Autódromo Hermanos Rodríguez,Yuki Tsunoda,TSU,RB F1 Team,15.044039113190603,18,0,0,0
2024,20,Mexico City Grand Prix,2024-10-27,Autódromo Hermanos Rodríguez,Valtteri Bottas,BOT,Sauber,15.305675058747198,19,0,0,0
2024,20,Mexico City Grand Prix,2024-10-27,Autódromo Hermanos Rodríguez,Guanyu Zhou,ZHO,Sauber,15.557735077090936,20,0,0,0
2024,21,São Paulo Grand Prix,2024-11-03,Autódromo José Carlos Pace,Charles Leclerc,LEC,Ferrari,4.3501905027218495,1,25,0,25
2024,21,São Paulo Grand Prix,2024-11-03,Autódromo José Carlos Pace,Lando Norris,NOR,McLaren,4.460196263334653,2,18,0,18
2024,21,São Paulo Grand Prix,2024-11-03,Autódromo José Carlos Pace,Max Verstappen,VER,Red Bull,4.618483662779056,3,15,0,15
2024,21,São Paulo Grand Prix,2024-11-03,Autódromo José Carlos Pace,Oscar Piastri,PIA,McLaren,4.946591724894463,4,12,0,12
2024,21,São Paulo Grand Prix,2024-11-03,Autódromo José Carlos Pace,Carlos Sainz,SAI,Ferrari,5.885149535834172,5,10,0,10
2024,21,São Paulo Grand Prix,2024-11-03,Autódromo José Carlos Pace,George Russell,RUS,Mercedes,5.988682433008401,6,8,0,8
2024,21,São Paulo Grand Prix,2024-11-03,Autódromo José Carlos Pace,Lewis Hamilton,HAM,Mercedes,6.793585212746144,7,6,0,6
2024,21,São Paulo Grand Prix,2024-11-03,Autódromo José Carlos Pace,Sergio Pérez,PER,Red Bull,9.722213010338574,8,4,0,4
2024,21,São Paulo Grand Prix,2024-11-03,Autódromo José Carlos Pace,Oliver Bearman,BEA,Haas F1 Team,12.020784997775436,9,2,0,2
2024,21,São Paulo Grand Prix,2024-11-03,Autódromo José Carlos Pace,Nico Hülkenberg,HUL,Haas F1 Team,12.305850850748389,10,1,0,1
2024,21,São Paulo Grand Prix,2024-11-03,Autódromo José Carlos Pace,Fernando Alonso,ALO,Aston Martin,12.390007432055334,11,0,0,0
2024,21,São Paulo Grand Prix,2024-11-03,Autódromo José Carlos Pace,Franco Colapinto,COL,Williams,12.637623050007106,12,0,0,0
2024,21,São Paulo Grand Prix,2024-11-03,Autódromo José Carlos Pace,Alexander Albon,ALB,Williams,12.647130989396304,13,0,0,0
2024,21,São Paulo Grand Prix,2024-11-03,Autódromo José Carlos Pace,Pierre Gasly,GAS,Alpine F1 Team,13.262338331387811,14,0,0,0
2024,21,São Paulo Grand Prix,2024-11-03,Autódromo José Carlos Pace,Lance Stroll,STR,Aston Martin,13.67880414609809,15,0,0,0
2024,21,São Paulo Grand Prix,2024-11-03,Autódromo José Carlos Pace,Esteban Ocon,OCO,Alpine F1 Team,13.723912042821391,16,0,0,0
2024,21,São Paulo Grand Prix,2024-11-03,Autódromo José Carlos Pace,Liam Lawson,LAW,RB F1 Team,14.240492015211313,17,0,0,0
2024,21,São Paulo Grand Prix,2024-11-03,Autódromo José Carlos Pace,Yuki Tsunoda,TSU,RB F1 Team,14.424658594807056,18,0,0,0
2024,21,São Paulo Grand Prix,2024-11-03,Autódromo José Carlos Pace,Valtteri Bottas,BOT,Sauber,15.542762000856133,19,0,0,0
2024,21,São Paulo Grand Prix,2024-11-03,Autódromo José Carlos Pace,Guanyu Zhou,ZHO,Sauber,15.58659019543115,20,0,0,0
2024,22,Las Vegas Grand Prix,2024-11-23,Las Vegas Strip Street Circuit,Max Verstappen,VER,Red Bull,3.349009876384684,1,25,0,25
2024,22,Las Vegas Grand Prix,2024-11-23,Las Vegas Strip Street Circuit,Charles Leclerc,LEC,Ferrari,4.394777744211778,2,18,0,18
2024,22,Las Vegas Grand Prix,2024-11-23,Las Vegas Strip Street Circuit,Lando Norris,NOR,McLaren,4.62751232505302,3,15,0,15
2024,22,Las Vegas Grand Prix,2024-11-23,Las Vegas Strip Street Circuit,Carlos Sainz,SAI,Ferrari,5.069549634813818,4,12,0,12
2024,22,Las Vegas Grand Prix,2024-11-23,Las Vegas Strip Street Circuit,George Russell,RUS,Mercedes,5.521453827075327,5,10,0,10
2024,22,Las Vegas Grand Prix,2024-11-23,Las Vegas Strip Street Circuit,Oscar Piastri,PIA,McLaren,5.760318601566352,6,8,0,8
2024,22,Las Vegas Grand Prix,2024-11-23,Las Vegas Strip Street Circuit,Lewis Hamilton,HAM,Mercedes,6.579421387923303,7,6,0,6
2024,22,Las Vegas Grand Prix,2024-11-23,Las Vegas Strip Street Circuit,Sergio Pérez,PER,Red Bull,8.866387415579377,8,4,0,4
2024,22,Las Vegas Grand Prix,2024-11-23,Las Vegas Strip Street Circuit,Esteban Ocon,OCO,Alpine F1 Team,10.339520451015494,9,2,0,2
2024,22,Las Vegas Grand Prix,2024-11-23,Las Vegas Strip Street Circuit,Pierre Gasly,GAS,Alpine F1 Team,11.114237962348913,10,1,0,1
2024,22,Las Vegas Grand Prix,2024-11-23,Las Vegas Strip Street Circuit,Kevin Magnussen,MAG,Haas F1 Team,12.208196023617942,11,0,0,0
2024,22,Las Vegas Grand Prix,2024-11-23,Las Vegas Strip Street Circuit,Nico Hülkenberg,HUL,Haas F1 Team,12.436149563739376,12,0,0,0
2024,22,Las Vegas Grand Prix,2024-11-23,Las Vegas Strip Street Circuit,Fernando Alonso,ALO,Aston Martin,12.503934291794886,13,0,0,0
2024,22,Las Vegas Grand Prix,2024-11-23,Las Vegas Strip Street Circuit,Yuki Tsunoda,TSU,RB F1 Team,12.8356572336156,14,0,0,0
2024,22,Las Vegas Grand Prix,2024-11-23,Las Vegas Strip Street Circuit,Lance Stroll,STR,Aston Martin,12.9662388038839,15,0,0,0
2024,22,Las Vegas Grand Prix,2024-11-23,Las Vegas Strip Street Circuit,Franco Colapinto,COL,Williams,13.169128240893071,16,0,0,0
2024,22,Las Vegas Grand Prix,2024-11-23,Las Vegas Strip Street Circuit,Liam Lawson,LAW,RB F1 Team,13.188856790972016,17,0,0,0
2024,22,Las Vegas Grand Prix,2024-11-23,Las Vegas Strip Street Circuit,Alexander Albon,ALB,Williams,13.38094092984869,18,0,0,0
2024,22,Las Vegas Grand Prix,2024-11-23,Las Vegas Strip Street Circuit,Valtteri Bottas,BOT,Sauber,14.894412985309136,19,0,0,0
2024,22,Las Vegas Grand Prix,2024-11-23,Las Vegas Strip Street Circuit,Guanyu Zhou,ZHO,Sauber,15.149974336093113,20,0,0,0
2024,23,Qatar Grand Prix,2024-12-01,Losail International Circuit,Max Verstappen,VER,Red Bull,3.349009876384684,1,25,0,25
2024,23,Qatar Grand Prix,2024-12-01,Losail International Circuit,Lando Norris,NOR,McLaren,3.8751635483081737,2,18,0,18
2024,23,Qatar Grand Prix,2024-12-01,Losail International Circuit,Charles Leclerc,LEC,Ferrari,4.394777744211778,3,15,0,15
2024,23,Qatar Grand Prix,2024-12-01,Losail International Circuit,Carlos Sainz,SAI,Ferrari,4.481473621708899,4,12,0,12
2024,23,Qatar Grand Prix,2024-12-01,Losail International Circuit,George Russell,RUS,Mercedes,4.622777919125331,5,10,0,10
2024,23,Qatar Grand Prix,2024-12-01,Losail International Circuit,Oscar Piastri,PIA,McLaren,6.00485220081651,6,8,0,8
2024,23,Qatar Grand Prix,2024-12-01,Losail International Circuit,Lewis Hamilton,HAM,Mercedes,6.090079249161517,7,6,0,6
2024,23,Qatar Grand Prix,2024-12-01,Losail International Circuit,Sergio Pérez,PER,Red Bull,8.840979813245337,8,4,0,4
2024,23,Qatar Grand Prix,2024-12-01,Losail International Circuit,Esteban Ocon,OCO,Alpine F1 Team,10.527183598045974,9,2,0,2
2024,23,Qatar Grand Prix,2024-12-01,Losail International Circuit,Pierre Gasly,GAS,Alpine F1 Team,11.3899124851494,10,1,0,1
2024,23,Qatar Grand Prix,2024-12-01,Losail International Circuit,Fernando Alonso,ALO,Aston Martin,12.149505656296766,11,0,0,0
2024,23,Qatar Grand Prix,2024-12-01,Losail International Circuit,Nico Hülkenberg,HUL,Haas F1 Team,12.349782314447037,12,0,0,0
2024,23,Qatar Grand Prix,2024-12-01,Losail International Circuit,Kevin Magnussen,MAG,Haas F1 Team,12.4933765520918,13,0,0,0
2024,23,Qatar Grand Prix,2024-12-01,Losail International Circuit,Yuki Tsunoda,TSU,RB F1 Team,12.898473777882316,14,0,0,0
2024,23,Qatar Grand Prix,2024-12-01,Losail International Circuit,Liam Lawson,LAW,RB F1 Team,13.33829572520158,15,0,0,0
2024,23,Qatar Grand Prix,2024-12-01,Losail International Circuit,Lance Stroll,STR,Aston Martin,13.720098880119766,16,0,0,0
2024,23,Qatar Grand Prix,2024-12-01,Losail International Circuit,Guanyu Zhou,ZHO,Sauber,14.446153088627192,17,0,0,0
2024,23,Qatar Grand Prix,2024-12-01,Losail International Circuit,Valtteri Bottas,BOT,Sauber,15.016873103874715,18,0,0,0
2024,23,Qatar Grand Prix,2024-12-01,Losail International Circuit,Franco Colapinto,COL,Williams,15.375457748976304,19,0,0,0
2024,23,Qatar Grand Prix,2024-12-01,Losail International Circuit,Alexander Albon,ALB,Williams,15.376369216583,20,0,0,0
2024,24,Abu Dhabi Grand Prix,2024-12-08,Yas Marina Circuit,Max Verstappen,VER,Red Bull,3.1901970942909736,1,25,0,25
2024,24,Abu Dhabi Grand Prix,2024-12-08,Yas Marina Circuit,Charles Leclerc,LEC,Ferrari,4.366306671166865,2,18,0,18
2024,24,Abu Dhabi Grand Prix,2024-12-08,Yas Marina Circuit,Carlos Sainz,SAI,Ferrari,4.551799103551405,3,15,0,15
2024,24,Abu Dhabi Grand Prix,2024-12-08,Yas Marina Circuit,George Russell,RUS,Mercedes,4.622777919125331,4,12,0,12
2024,24,Abu Dhabi Grand Prix,2024-12-08,Yas Marina Circuit,Lando Norris,NOR,McLaren,5.491006618353347,5,10,0,10
2024,24,Abu Dhabi Grand Prix,2024-12-08,Yas Marina Circuit,Lewis Hamilton,HAM,Mercedes,6.29378713578078,6,8,0,8
2024,24,Abu Dhabi Grand Prix,2024-12-08,Yas Marina Circuit,Oscar Piastri,PIA,McLaren,6.625286941691812,7,6,0,6
2024,24,Abu Dhabi Grand Prix,2024-12-08,Yas Marina Circuit,Pierre Gasly,GAS,Alpine F1 Team,8.985162659810847,8,4,0,4
2024,24,Abu Dhabi Grand Prix,2024-12-08,Yas Marina Circuit,Sergio Pérez,PER,Red Bull,9.511949860158282,9,2,0,2
2024,24,Abu Dhabi Grand Prix,2024-12-08,Yas Marina Circuit,Yuki Tsunoda,TSU,RB F1 Team,12.077142043224953,10,1,0,1
2024,24,Abu Dhabi Grand Prix,2024-12-08,Yas Marina Circuit,Jack Doohan,DOO,Alpine F1 Team,12.109142633369888,11,0,0,0
2024,24,Abu Dhabi Grand Prix,2024-12-08,Yas Marina Circuit,Kevin Magnussen,MAG,Haas F1 Team,12.49168595864978,12,0,0,0
2024,24,Abu Dhabi Grand Prix,2024-12-08,Yas Marina Circuit,Nico Hülkenberg,HUL,Haas F1 Team,12.56175800549163,13,0,0,0
2024,24,Abu Dhabi Grand Prix,2024-12-08,Yas Marina Circuit,Fernando Alonso,ALO,Aston Martin,12.598227697280466,14,0,0,0
2024,24,Abu Dhabi Grand Prix,2024-12-08,Yas Marina Circuit,Guanyu Zhou,ZHO,Sauber,13.14337259771028,15,0,0,0
2024,24,Abu Dhabi Grand Prix,2024-12-08,Yas Marina Circuit,Liam Lawson,LAW,RB F1 Team,13.28142959328972,16,0,0,0
2024,24,Abu Dhabi Grand Prix,2024-12-08,Yas Marina Circuit,Valtteri Bottas,BOT,Sauber,13.415397116315631,17,0,0,0
2024,24,Abu Dhabi Grand Prix,2024-12-08,Yas Marina Circuit,Lance Stroll,STR,Aston Martin,14.101946292721136,18,0,0,0
2024,24,Abu Dhabi Grand Prix,2024-12-08,Yas Marina Circuit,Alexander Albon,ALB,Williams,15.380053790226505,19,0,0,0
2024,24,Abu Dhabi Grand Prix,2024-12-08,Yas Marina Circuit,Franco Colapinto,COL,Williams,15.648582951861725,20,0,0,0
2025,1,Australian Grand Prix,2025-03-16,Albert Park Grand Prix Circuit,George Russell,RUS,Mercedes,4.22424157366232,1,25,0,25
2025,1,Australian Grand Prix,2025-03-16,Albert Park Grand Prix Circuit,Charles Leclerc,LEC,Ferrari,4.490236701565699,2,18,0,18
2025,1,Australian Grand Prix,2025-03-16,Albert Park Grand Prix Circuit,Max Verstappen,VER,Red Bull,4.722260677392936,3,15,0,15
2025,1,Australian Grand Prix,2025-03-16,Albert Park Grand Prix Circuit,Lando Norris,NOR,McLaren,4.980330332137979,4,12,0,12
2025,1,Australian Grand Prix,2025-03-16,Albert Park Grand Prix Circuit,Lewis Hamilton,HAM,Ferrari,5.639085919626544,5,10,0,10
2025,1,Australian Grand Prix,2025-03-16,Albert Park Grand Prix Circuit,Oscar Piastri,PIA,McLaren,7.0048525442516905,6,8,0,8
2025,1,Australian Grand Prix,2025-03-16,Albert Park Grand Prix Circuit,Andrea Kimi Antonelli,ANT,Mercedes,8.324477330006449,7,6,0,6
2025,1,Australian Grand Prix,2025-03-16,Albert Park Grand Prix Circuit,Pierre Gasly,GAS,Alpine F1 Team,8.434735218074096,8,4,0,4
2025,1,Australian Grand Prix,2025-03-16,Albert Park Grand Prix Circuit,Liam Lawson,LAW,Red Bull,10.237454711845013,9,2,0,2
2025,1,Australian Grand Prix,2025-03-16,Albert Park Grand Prix Circuit,Nico Hülkenberg,HUL,Sauber,11.937678316433097,10,1,0,1
2025,1,Australian Grand Prix,2025-03-16,Albert Park Grand Prix Circuit,Jack Doohan,DOO,Alpine F1 Team,12.00620988366551,11,0,0,0
2025,1,Australian Grand Prix,2025-03-16,Albert Park Grand Prix Circuit,Esteban Ocon,OCO,Haas F1 Team,12.06738645582823,12,0,0,0
2025,1,Australian Grand Prix,2025-03-16,Albert Park Grand Prix Circuit,Carlos Sainz,SAI,Williams,12.234365165424936,13,0,0,0
2025,1,Australian Grand Prix,2025-03-16,Albert Park Grand Prix Circuit,Oliver Bearman,BEA,Haas F1 Team,12.341808428063018,14,0,0,0
2025,1,Australian Grand Prix,2025-03-16,Albert Park Grand Prix Circuit,Isack Hadjar,HAD,RB F1 Team,12.599241407182724,15,0,0,0
2025,1,Australian Grand Prix,2025-03-16,Albert Park Grand Prix Circuit,Fernando Alonso,ALO,Aston Martin,12.613389817897286,16,0,0,0
2025,1,Australian Grand Prix,2025-03-16,Albert Park Grand Prix Circuit,Gabriel Bortoleto,BOR,Sauber,12.818459562234022,17,0,0,0
2025,1,Australian Grand Prix,2025-03-16,Albert Park Grand Prix Circuit,Yuki Tsunoda,TSU,RB F1 Team,12.964335773953618,18,0,0,0
2025,1,Australian Grand Prix,2025-03-16,Albert Park Grand Prix Circuit,Lance Stroll,STR,Aston Martin,13.85339743690206,19,0,0,0
2025,1,Australian Grand Prix,2025-03-16,Albert Park Grand Prix Circuit,Alexander Albon,ALB,Williams,15.258450646118362,20,0,0,0
2025,2,Chinese Grand Prix,2025-03-23,Shanghai International Circuit,Max Verstappen,VER,Red Bull,3.6022187683031603,1,25,0,25
2025,2,Chinese Grand Prix,2025-03-23,Shanghai International Circuit,George Russell,RUS,Mercedes,4.123597201283402,2,18,0,18
2025,2,Chinese Grand Prix,2025-03-23,Shanghai International Circuit,Lando Norris,NOR,McLaren,4.638549977787773,3,15,0,15
2025,2,Chinese Grand Prix,2025-03-23,Shanghai International Circuit,Andrea Kimi Antonelli,ANT,Mercedes,5.219966027249495,4,12,0,12
2025,2,Chinese Grand Prix,2025-03-23,Shanghai International Circuit,Charles Leclerc,LEC,Ferrari,5.818344696168584,5,10,0,10
2025,2,Chinese Grand Prix,2025-03-23,Shanghai International Circuit,Lewis Hamilton,HAM,Ferrari,6.583675352305943,6,8,0,8
2025,2,Chinese Grand Prix,2025-03-23,Shanghai International Circuit,Oscar Piastri,PIA,McLaren,7.1769761885136605,7,6,0,6
2025,2,Chinese Grand Prix,2025-03-23,Shanghai International Circuit,Pierre Gasly,GAS,Alpine F1 Team,9.23765565243091,8,4,0,4
2025,2,Chinese Grand Prix,2025-03-23,Shanghai International Circuit,Liam Lawson,LAW,Red Bull,10.160912267534238,9,2,0,2
2025,2,Chinese Grand Prix,2025-03-23,Shanghai International Circuit,Carlos Sainz,SAI,Williams,11.720158687714912,10,1,0,1
2025,2,Chinese Grand Prix,2025-03-23,Shanghai International Circuit,Lance Stroll,STR,Aston Martin,12.122556928014616,11,0,0,0
2025,2,Chinese Grand Prix,2025-03-23,Shanghai International Circuit,Esteban Ocon,OCO,Haas F1 Team,12.228946509602237,12,0,0,0
2025,2,Chinese Grand Prix,2025-03-23,Shanghai International Circuit,Nico Hülkenberg,HUL,Sauber,12.229169434501726,13,0,0,0
2025,2,Chinese Grand Prix,2025-03-23,Shanghai International Circuit,Fernando Alonso,ALO,Aston Martin,12.491034582423168,14,0,0,0
2025,2,Chinese Grand Prix,2025-03-23,Shanghai International Circuit,Jack Doohan,DOO,Alpine F1 Team,12.71386241145658,15,0,0,0
2025,2,Chinese Grand Prix,2025-03-23,Shanghai International Circuit,Oliver Bearman,BEA,Haas F1 Team,12.76833728818661,16,0,0,0
2025,2,Chinese Grand Prix,2025-03-23,Shanghai International Circuit,Alexander Albon,ALB,Williams,13.005670034467636,17,0,0,0
2025,2,Chinese Grand Prix,2025-03-23,Shanghai International Circuit,Yuki Tsunoda,TSU,RB F1 Team,13.031425464262943,18,0,0,0
2025,2,Chinese Grand Prix,2025-03-23,Shanghai International Circuit,Isack Hadjar,HAD,RB F1 Team,13.271333931788366,19,0,0,0
2025,2,Chinese Grand Prix,2025-03-23,Shanghai International Circuit,Gabriel Bortoleto,BOR,Sauber,13.834850704491023,20,0,0,0
2025,3,Japanese Grand Prix,2025-04-06,Suzuka Circuit,Max Verstappen,VER,Red Bull,3.734730933583919,1,25,0,25
2025,3,Japanese Grand Prix,2025-04-06,Suzuka Circuit,Lando Norris,NOR,McLaren,3.786723556987167,2,18,0,18
2025,3,Japanese Grand Prix,2025-04-06,Suzuka Circuit,George Russell,RUS,Mercedes,3.9556225479577063,3,15,0,15
2025,3,Japanese Grand Prix,2025-04-06,Suzuka Circuit,Andrea Kimi Antonelli,ANT,Mercedes,5.111933216702768,4,12,0,12
2025,3,Japanese Grand Prix,2025-04-06,Suzuka Circuit,Oscar Piastri,PIA,McLaren,5.493093464256576,5,10,0,10
2025,3,Japanese Grand Prix,2025-04-06,Suzuka Circuit,Charles Leclerc,LEC,Ferrari,5.8373337436331045,6,8,0,8
2025,3,Japanese Grand Prix,2025-04-06,Suzuka Circuit,Lewis Hamilton,HAM,Ferrari,6.733183778801343,7,6,0,6
2025,3,Japanese Grand Prix,2025-04-06,Suzuka Circuit,Yuki Tsunoda,TSU,Red Bull,10.590436156539868,8,4,0,4
2025,3,Japanese Grand Prix,2025-04-06,Suzuka Circuit,Esteban Ocon,OCO,Haas F1 Team,10.904980760142262,9,2,0,2
2025,3,Japanese Grand Prix,2025-04-06,Suzuka Circuit,Carlos Sainz,SAI,Williams,10.993764069265866,10,1,0,1
2025,3,Japanese Grand Prix,2025-04-06,Suzuka Circuit,Oliver Bearman,BEA,Haas F1 Team,12.16950921069382,11,0,0,0
2025,3,Japanese Grand Prix,2025-04-06,Suzuka Circuit,Alexander Albon,ALB,Williams,12.312320528409956,12,0,0,0
2025,3,Japanese Grand Prix,2025-04-06,Suzuka Circuit,Lance Stroll,STR,Aston Martin,12.415667201375324,13,0,0,0
2025,3,Japanese Grand Prix,2025-04-06,Suzuka Circuit,Fernando Alonso,ALO,Aston Martin,12.470045061450335,14,0,0,0
2025,3,Japanese Grand Prix,2025-04-06,Suzuka Circuit,Nico Hülkenberg,HUL,Sauber,12.829863015349304,15,0,0,0
2025,3,Japanese Grand Prix,2025-04-06,Suzuka Circuit,Pierre Gasly,GAS,Alpine F1 Team,13.08626772064745,16,0,0,0
2025,3,Japanese Grand Prix,2025-04-06,Suzuka Circuit,Isack Hadjar,HAD,RB F1 Team,13.803754275422015,17,0,0,0
2025,3,Japanese Grand Prix,2025-04-06,Suzuka Circuit,Liam Lawson,LAW,RB F1 Team,13.871390698521164,18,0,0,0
2025,3,Japanese Grand Prix,2025-04-06,Suzuka Circuit,Gabriel Bortoleto,BOR,Sauber,13.968298809938412,19,0,0,0
2025,3,Japanese Grand Prix,2025-04-06,Suzuka Circuit,Jack Doohan,DOO,Alpine F1 Team,15.647181467663495,20,0,0,0
2025,4,Bahrain Grand Prix,2025-04-13,Bahrain International Circuit,Lando Norris,NOR,McLaren,3.9980530689272262,1,25,0,25
2025,4,Bahrain Grand Prix,2025-04-13,Bahrain International Circuit,Max Verstappen,VER,Red Bull,4.437938391300565,2,18,0,18
2025,4,Bahrain Grand Prix,2025-04-13,Bahrain International Circuit,George Russell,RUS,Mercedes,5.000315321801477,3,15,0,15
2025,4,Bahrain Grand Prix,2025-04-13,Bahrain International Circuit,Andrea Kimi Antonelli,ANT,Mercedes,5.544403502701025,4,12,0,12
2025,4,Bahrain Grand Prix,2025-04-13,Bahrain International Circuit,Oscar Piastri,PIA,McLaren,5.760655267288994,5,10,0,10
2025,4,Bahrain Grand Prix,2025-04-13,Bahrain International Circuit,Charles Leclerc,LEC,Ferrari,6.048431202615423,6,8,0,8
2025,4,Bahrain Grand Prix,2025-04-13,Bahrain International Circuit,Lewis Hamilton,HAM,Ferrari,7.248842764909104,7,6,0,6
2025,4,Bahrain Grand Prix,2025-04-13,Bahrain International Circuit,Yuki Tsunoda,TSU,Red Bull,10.443126959262797,8,4,0,4
2025,4,Bahrain Grand Prix,2025-04-13,Bahrain International Circuit,Carlos Sainz,SAI,Williams,11.787204543057612,9,2,0,2
2025,4,Bahrain Grand Prix,2025-04-13,Bahrain International Circuit,Alexander Albon,ALB,Williams,11.80183502468148,10,1,0,1
2025,4,Bahrain Grand Prix,2025-04-13,Bahrain International Circuit,Fernando Alonso,ALO,Aston Martin,12.267828926379725,11,0,0,0
2025,4,Bahrain Grand Prix,2025-04-13,Bahrain International Circuit,Lance Stroll,STR,Aston Martin,12.468362032405308,12,0,0,0
2025,4,Bahrain Grand Prix,2025-04-13,Bahrain International Circuit,Pierre Gasly,GAS,Alpine F1 Team,12.469907159047883,13,0,0,0
2025,4,Bahrain Grand Prix,2025-04-13,Bahrain International Circuit,Oliver Bearman,BEA,Haas F1 Team,12.520644441270054,14,0,0,0
2025,4,Bahrain Grand Prix,2025-04-13,Bahrain International Circuit,Isack Hadjar,HAD,RB F1 Team,12.58554343083398,15,0,0,0
2025,4,Bahrain Grand Prix,2025-04-13,Bahrain International Circuit,Esteban Ocon,OCO,Haas F1 Team,12.607644733407776,16,0,0,0
2025,4,Bahrain Grand Prix,2025-04-13,Bahrain International Circuit,Nico Hülkenberg,HUL,Sauber,12.905512462262603,17,0,0,0
2025,4,Bahrain Grand Prix,2025-04-13,Bahrain International Circuit,Gabriel Bortoleto,BOR,Sauber,13.952206045962129,18,0,0,0
2025,4,Bahrain Grand Prix,2025-04-13,Bahrain International Circuit,Liam Lawson,LAW,RB F1 Team,14.145205348823938,19,0,0,0
2025,4,Bahrain Grand Prix,2025-04-13,Bahrain International Circuit,Jack Doohan,DOO,Alpine F1 Team,15.24305733089733,20,0,0,0
2025,5,Saudi Arabian Grand Prix,2025-04-20,Jeddah Corniche Circuit,Max Verstappen,VER,Red Bull,3.712808905127388,1,25,0,25
2025,5,Saudi Arabian Grand Prix,2025-04-20,Jeddah Corniche Circuit,Lando Norris,NOR,McLaren,3.7753909366418696,2,18,0,18
2025,5,Saudi Arabian Grand Prix,2025-04-20,Jeddah Corniche Circuit,George Russell,RUS,Mercedes,4.184143211976109,3,15,0,15
2025,5,Saudi Arabian Grand Prix,2025-04-20,Jeddah Corniche Circuit,Oscar Piastri,PIA,McLaren,4.384000414984705,4,12,0,12
2025,5,Saudi Arabian Grand Prix,2025-04-20,Jeddah Corniche Circuit,Charles Leclerc,LEC,Ferrari,5.805346363370365,5,10,0,10
2025,5,Saudi Arabian Grand Prix,2025-04-20,Jeddah Corniche Circuit,Lewis Hamilton,HAM,Ferrari,6.814702313337058,6,8,0,8
2025,5,Saudi Arabian Grand Prix,2025-04-20,Jeddah Corniche Circuit,Andrea Kimi Antonelli,ANT,Mercedes,6.852958604121956,7,6,0,6
2025,5,Saudi Arabian Grand Prix,2025-04-20,Jeddah Corniche Circuit,Carlos Sainz,SAI,Williams,10.366759982212008,8,4,0,4
2025,5,Saudi Arabian Grand Prix,2025-04-20,Jeddah Corniche Circuit,Yuki Tsunoda,TSU,Red Bull,10.400856616721356,9,2,0,2
2025,5,Saudi Arabian Grand Prix,2025-04-20,Jeddah Corniche Circuit,Oliver Bearman,BEA,Haas F1 Team,11.52952924848017,10,1,0,1
2025,5,Saudi Arabian Grand Prix,2025-04-20,Jeddah Corniche Circuit,Esteban Ocon,OCO,Haas F1 Team,11.67581982861772,11,0,0,0
2025,5,Saudi Arabian Grand Prix,2025-04-20,Jeddah Corniche Circuit,Alexander Albon,ALB,Williams,12.150534243148774,12,0,0,0
2025,5,Saudi Arabian Grand Prix,2025-04-20,Jeddah Corniche Circuit,Pierre Gasly,GAS,Alpine F1 Team,12.303708006111272,13,0,0,0
2025,5,Saudi Arabian Grand Prix,2025-04-20,Jeddah Corniche Circuit,Lance Stroll,STR,Aston Martin,12.915737208130446,14,0,0,0
2025,5,Saudi Arabian Grand Prix,2025-04-20,Jeddah Corniche Circuit,Fernando Alonso,ALO,Aston Martin,12.928810993180408,15,0,0,0
2025,5,Saudi Arabian Grand Prix,2025-04-20,Jeddah Corniche Circuit,Isack Hadjar,HAD,RB F1 Team,12.967729158142635,16,0,0,0
2025,5,Saudi Arabian Grand Prix,2025-04-20,Jeddah Corniche Circuit,Nico Hülkenberg,HUL,Sauber,13.911176928682092,17,0,0,0
2025,5,Saudi Arabian Grand Prix,2025-04-20,Jeddah Corniche Circuit,Liam Lawson,LAW,RB F1 Team,14.145205348823938,18,0,0,0
2025,5,Saudi Arabian Grand Prix,2025-04-20,Jeddah Corniche Circuit,Gabriel Bortoleto,BOR,Sauber,15.356987180603918,19,0,0,0
2025,5,Saudi Arabian Grand Prix,2025-04-20,Jeddah Corniche Circuit,Jack Doohan,DOO,Alpine F1 Team,15.461376619339813,20,0,0,0
2025,6,Miami Grand Prix,2025-05-04,Miami International Autodrome,Max Verstappen,VER,Red Bull,3.712808905127388,1,25,0,25
2025,6,Miami Grand Prix,2025-05-04,Miami International Autodrome,George Russell,RUS,Mercedes,3.974080687656402,2,18,0,18
2025,6,Miami Grand Prix,2025-05-04,Miami International Autodrome,Lando Norris,NOR,McLaren,4.121704138474713,3,15,0,15
2025,6,Miami Grand Prix,2025-05-04,Miami International Autodrome,Oscar Piastri,PIA,McLaren,4.307439400792914,4,12,0,12
2025,6,Miami Grand Prix,2025-05-04,Miami International Autodrome,Charles Leclerc,LEC,Ferrari,6.016180323667093,5,10,0,10
2025,6,Miami Grand Prix,2025-05-04,Miami International Autodrome,Andrea Kimi Antonelli,ANT,Mercedes,6.551740991677359,6,8,0,8
2025,6,Miami Grand Prix,2025-05-04,Miami International Autodrome,Lewis Hamilton,HAM,Ferrari,6.941688572381672,7,6,0,6
2025,6,Miami Grand Prix,2025-05-04,Miami International Autodrome,Yuki Tsunoda,TSU,Red Bull,10.355121728707203,8,4,0,4
2025,6,Miami Grand Prix,2025-05-04,Miami International Autodrome,Carlos Sainz,SAI,Williams,10.980303499918316,9,2,0,2
2025,6,Miami Grand Prix,2025-05-04,Miami International Autodrome,Alexander Albon,ALB,Williams,11.563512312285138,10,1,0,1
2025,6,Miami Grand Prix,2025-05-04,Miami International Autodrome,Esteban Ocon,OCO,Haas F1 Team,12.2053186438659,11,0,0,0
2025,6,Miami Grand Prix,2025-05-04,Miami International Autodrome,Oliver Bearman,BEA,Haas F1 Team,12.479461772460771,12,0,0,0
2025,6,Miami Grand Prix,2025-05-04,Miami International Autodrome,Fernando Alonso,ALO,Aston Martin,12.79069377679753,13,0,0,0
2025,6,Miami Grand Prix,2025-05-04,Miami International Autodrome,Lance Stroll,STR,Aston Martin,12.858871076218584,14,0,0,0
2025,6,Miami Grand Prix,2025-05-04,Miami International Autodrome,Isack Hadjar,HAD,RB F1 Team,12.967729158142635,15,0,0,0
2025,6,Miami Grand Prix,2025-05-04,Miami International Autodrome,Pierre Gasly,GAS,Alpine F1 Team,13.616348110323765,16,0,0,0
2025,6,Miami Grand Prix,2025-05-04,Miami International Autodrome,Liam Lawson,LAW,RB F1 Team,13.65350139889144,17,0,0,0
2025,6,Miami Grand Prix,2025-05-04,Miami International Autodrome,Nico Hülkenberg,HUL,Sauber,14.396054076522711,18,0,0,0
2025,6,Miami Grand Prix,2025-05-04,Miami International Autodrome,Gabriel Bortoleto,BOR,Sauber,15.356987180603918,19,0,0,0
2025,6,Miami Grand Prix,2025-05-04,Miami International Autodrome,Jack Doohan,DOO,Alpine F1 Team,16.303559541827603,20,0,0,0
2025,7,Emilia Romagna Grand Prix,2025-05-18,Autodromo Enzo e Dino Ferrari,Lando Norris,NOR,McLaren,3.5362133960040083,1,25,0,25
2025,7,Emilia Romagna Grand Prix,2025-05-18,Autodromo Enzo e Dino Ferrari,Max Verstappen,VER,Red Bull,3.712808905127388,2,18,0,18
2025,7,Emilia Romagna Grand Prix,2025-05-18,Autodromo Enzo e Dino Ferrari,Oscar Piastri,PIA,McLaren,3.861522258118789,3,15,0,15
2025,7,Emilia Romagna Grand Prix,2025-05-18,Autodromo Enzo e Dino Ferrari,George Russell,RUS,Mercedes,4.3880928339559615,4,12,0,12
2025,7,Emilia Romagna Grand Prix,2025-05-18,Autodromo Enzo e Dino Ferrari,Charles Leclerc,LEC,Ferrari,6.078606620982858,5,10,0,10
2025,7,Emilia Romagna Grand Prix,2025-05-18,Autodromo Enzo e Dino Ferrari,Andrea Kimi Antonelli,ANT,Mercedes,6.551740991677359,6,8,0,8
2025,7,Emilia Romagna Grand Prix,2025-05-18,Autodromo Enzo e Dino Ferrari,Lewis Hamilton,HAM,Ferrari,6.793871652741027,7,6,0,6
2025,7,Emilia Romagna Grand Prix,2025-05-18,Autodromo Enzo e Dino Ferrari,Yuki Tsunoda,TSU,Red Bull,10.274821240348556,8,4,0,4
2025,7,Emilia Romagna Grand Prix,2025-05-18,Autodromo Enzo e Dino Ferrari,Alexander Albon,ALB,Williams,11.259549396456174,9,2,0,2
2025,7,Emilia Romagna Grand Prix,2025-05-18,Autodromo Enzo e Dino Ferrari,Carlos Sainz,SAI,Williams,11.794485287255204,10,1,0,1
2025,7,Emilia Romagna Grand Prix,2025-05-18,Autodromo Enzo e Dino Ferrari,Esteban Ocon,OCO,Haas F1 Team,12.45311613160869,11,0,0,0
2025,7,Emilia Romagna Grand Prix,2025-05-18,Autodromo Enzo e Dino Ferrari,Isack Hadjar,HAD,RB F1 Team,12.7686130298781,12,0,0,0
2025,7,Emilia Romagna Grand Prix,2025-05-18,Autodromo Enzo e Dino Ferrari,Oliver Bearman,BEA,Haas F1 Team,12.774294179228448,13,0,0,0
2025,7,Emilia Romagna Grand Prix,2025-05-18,Autodromo Enzo e Dino Ferrari,Pierre Gasly,GAS,Alpine F1 Team,13.584315311000164,14,0,0,0
2025,7,Emilia Romagna Grand Prix,2025-05-18,Autodromo Enzo e Dino Ferrari,Liam Lawson,LAW,RB F1 Team,13.97149682289344,15,0,0,0
2025,7,Emilia Romagna Grand Prix,2025-05-18,Autodromo Enzo e Dino Ferrari,Fernando Alonso,ALO,Aston Martin,14.416418833267496,16,0,0,0
2025,7,Emilia Romagna Grand Prix,2025-05-18,Autodromo Enzo e Dino Ferrari,Lance Stroll,STR,Aston Martin,14.42738915404128,17,0,0,0
2025,7,Emilia Romagna Grand Prix,2025-05-18,Autodromo Enzo e Dino Ferrari,Franco Colapinto,COL,Alpine F1 Team,14.766790951433483,18,0,0,0
2025,7,Emilia Romagna Grand Prix,2025-05-18,Autodromo Enzo e Dino Ferrari,Nico Hülkenberg,HUL,Sauber,15.771441610912406,19,0,0,0
2025,7,Emilia Romagna Grand Prix,2025-05-18,Autodromo Enzo e Dino Ferrari,Gabriel Bortoleto,BOR,Sauber,15.78777566080744,20,0,0,0
2025,8,Monaco Grand Prix,2025-05-25,Circuit de Monaco,Max Verstappen,VER,Red Bull,3.6081308711042026,1,25,0,25
2025,8,Monaco Grand Prix,2025-05-25,Circuit de Monaco,Lando Norris,NOR,McLaren,3.8158242392318327,2,18,0,18
2025,8,Monaco Grand Prix,2025-05-25,Circuit de Monaco,Oscar Piastri,PIA,McLaren,3.994204161370302,3,15,0,15
2025,8,Monaco Grand Prix,2025-05-25,Circuit de Monaco,George Russell,RUS,Mercedes,5.684088438649631,4,12,0,12
2025,8,Monaco Grand Prix,2025-05-25,Circuit de Monaco,Charles Leclerc,LEC,Ferrari,6.217759784105365,5,10,0,10
2025,8,Monaco Grand Prix,2025-05-25,Circuit de Monaco,Lewis Hamilton,HAM,Ferrari,6.993984253001384,6,8,0,8
2025,8,Monaco Grand Prix,2025-05-25,Circuit de Monaco,Andrea Kimi Antonelli,ANT,Mercedes,7.340490062937494,7,6,0,6
2025,8,Monaco Grand Prix,2025-05-25,Circuit de Monaco,Alexander Albon,ALB,Williams,9.805052521248577,8,4,0,4
2025,8,Monaco Grand Prix,2025-05-25,Circuit de Monaco,Carlos Sainz,SAI,Williams,10.631838804314986,9,2,0,2
2025,8,Monaco Grand Prix,2025-05-25,Circuit de Monaco,Yuki Tsunoda,TSU,Red Bull,10.776278345773507,10,1,0,1
2025,8,Monaco Grand Prix,2025-05-25,Circuit de Monaco,Isack Hadjar,HAD,RB F1 Team,12.417999559197654,11,0,0,0
2025,8,Monaco Grand Prix,2025-05-25,Circuit de Monaco,Pierre Gasly,GAS,Alpine F1 Team,13.007966768234954,12,0,0,0
2025,8,Monaco Grand Prix,2025-05-25,Circuit de Monaco,Esteban Ocon,OCO,Haas F1 Team,13.33643490535528,13,0,0,0
2025,8,Monaco Grand Prix,2025-05-25,Circuit de Monaco,Oliver Bearman,BEA,Haas F1 Team,13.626879906546604,14,0,0,0
2025,8,Monaco Grand Prix,2025-05-25,Circuit de Monaco,Liam Lawson,LAW,RB F1 Team,13.75945894493692,15,0,0,0
2025,8,Monaco Grand Prix,2025-05-25,Circuit de Monaco,Fernando Alonso,ALO,Aston Martin,14.349452719533303,16,0,0,0
2025,8,Monaco Grand Prix,2025-05-25,Circuit de Monaco,Franco Colapinto,COL,Alpine F1 Team,14.782883715409769,17,0,0,0
2025,8,Monaco Grand Prix,2025-05-25,Circuit de Monaco,Lance Stroll,STR,Aston Martin,15.027573603851025,18,0,0,0
2025,8,Monaco Grand Prix,2025-05-25,Circuit de Monaco,Nico Hülkenberg,HUL,Sauber,15.429343112192054,19,0,0,0
2025,8,Monaco Grand Prix,2025-05-25,Circuit de Monaco,Gabriel Bortoleto,BOR,Sauber,15.78777566080744,20,0,0,0
2025,9,Spanish Grand Prix,2025-06-01,Circuit de Barcelona-Catalunya,Max Verstappen,VER,Red Bull,3.831216765180307,1,25,0,25
2025,9,Spanish Grand Prix,2025-06-01,Circuit de Barcelona-Catalunya,Lando Norris,NOR,McLaren,4.067691263868953,2,18,0,18
2025,9,Spanish Grand Prix,2025-06-01,Circuit de Barcelona-Catalunya,Oscar Piastri,PIA,McLaren,4.232319969362255,3,15,0,15
2025,9,Spanish Grand Prix,2025-06-01,Circuit de Barcelona-Catalunya,Lewis Hamilton,HAM,Ferrari,5.738116521597276,4,12,0,12
2025,9,Spanish Grand Prix,2025-06-01,Circuit de Barcelona-Catalunya,Charles Leclerc,LEC,Ferrari,6.015781117023597,5,10,0,10
2025,9,Spanish Grand Prix,2025-06-01,Circuit de Barcelona-Catalunya,George Russell,RUS,Mercedes,6.232668195244992,6,8,0,8
2025,9,Spanish Grand Prix,2025-06-01,Circuit de Barcelona-Catalunya,Andrea Kimi Antonelli,ANT,Mercedes,9.21953345464459,7,6,0,6
2025,9,Spanish Grand Prix,2025-06-01,Circuit de Barcelona-Catalunya,Alexander Albon,ALB,Williams,10.21759168305243,8,4,0,4
2025,9,Spanish Grand Prix,2025-06-01,Circuit de Barcelona-Catalunya,Carlos Sainz,SAI,Williams,10.557105537957524,9,2,0,2
2025,9,Spanish Grand Prix,2025-06-01,Circuit de Barcelona-Catalunya,Yuki Tsunoda,TSU,Red Bull,10.705126876376845,10,1,0,1
2025,9,Spanish Grand Prix,2025-06-01,Circuit de Barcelona-Catalunya,Isack Hadjar,HAD,RB F1 Team,11.898462658310578,11,0,0,0
2025,9,Spanish Grand Prix,2025-06-01,Circuit de Barcelona-Catalunya,Esteban Ocon,OCO,Haas F1 Team,12.35653224124015,12,0,0,0
2025,9,Spanish Grand Prix,2025-06-01,Circuit de Barcelona-Catalunya,Liam Lawson,LAW,RB F1 Team,12.505425099476623,13,0,0,0
2025,9,Spanish Grand Prix,2025-06-01,Circuit de Barcelona-Catalunya,Oliver Bearman,BEA,Haas F1 Team,13.355773487878192,14,0,0,0
2025,9,Spanish Grand Prix,2025-06-01,Circuit de Barcelona-Catalunya,Pierre Gasly,GAS,Alpine F1 Team,13.624812309665185,15,0,0,0
2025,9,Spanish Grand Prix,2025-06-01,Circuit de Barcelona-Catalunya,Franco Colapinto,COL,Alpine F1 Team,14.509069065106994,16,0,0,0
2025,9,Spanish Grand Prix,2025-06-01,Circuit de Barcelona-Catalunya,Fernando Alonso,ALO,Aston Martin,14.72445726053933,17,0,0,0
2025,9,Spanish Grand Prix,2025-06-01,Circuit de Barcelona-Catalunya,Nico Hülkenberg,HUL,Sauber,15.546991214605525,18,0,0,0
2025,9,Spanish Grand Prix,2025-06-01,Circuit de Barcelona-Catalunya,Gabriel Bortoleto,BOR,Sauber,15.816230716531557,19,0,0,0
2025,10,Canadian Grand Prix,2025-06-15,Circuit Gilles Villeneuve,Max Verstappen,VER,Red Bull,4.015431948876071,1,25,0,25
2025,10,Canadian Grand Prix,2025-06-15,Circuit Gilles Villeneuve,Oscar Piastri,PIA,McLaren,4.070130222657745,2,18,0,18
2025,10,Canadian Grand Prix,2025-06-15,Circuit Gilles Villeneuve,Lando Norris,NOR,McLaren,4.121704138474713,3,15,0,15
2025,10,Canadian Grand Prix,2025-06-15,Circuit Gilles Villeneuve,Charles Leclerc,LEC,Ferrari,5.331958407233815,4,12,0,12
2025,10,Canadian Grand Prix,2025-06-15,Circuit Gilles Villeneuve,Lewis Hamilton,HAM,Ferrari,6.303916041540637,5,10,0,10
2025,10,Canadian Grand Prix,2025-06-15,Circuit Gilles Villeneuve,George Russell,RUS,Mercedes,6.421585078958232,6,8,0,8
2025,10,Canadian Grand Prix,2025-06-15,Circuit Gilles Villeneuve,Andrea Kimi Antonelli,ANT,Mercedes,9.17539032657512,7,6,0,6
2025,10,Canadian Grand Prix,2025-06-15,Circuit Gilles Villeneuve,Alexander Albon,ALB,Williams,10.40084896138354,8,4,0,4
2025,10,Canadian Grand Prix,2025-06-15,Circuit Gilles Villeneuve,Yuki Tsunoda,TSU,Red Bull,10.670477932043148,9,2,0,2
2025,10,Canadian Grand Prix,2025-06-15,Circuit Gilles Villeneuve,Carlos Sainz,SAI,Williams,11.458506209559191,10,1,0,1
2025,10,Canadian Grand Prix,2025-06-15,Circuit Gilles Villeneuve,Isack Hadjar,HAD,RB F1 Team,11.558714690808106,11,0,0,0
2025,10,Canadian Grand Prix,2025-06-15,Circuit Gilles Villeneuve,Nico Hülkenberg,HUL,Sauber,11.891360519611332,12,0,0,0
2025,10,Canadian Grand Prix,2025-06-15,Circuit Gilles Villeneuve,Liam Lawson,LAW,RB F1 Team,12.670248250920157,13,0,0,0
2025,10,Canadian Grand Prix,2025-06-15,Circuit Gilles Villeneuve,Fernando Alonso,ALO,Aston Martin,13.176920234391016,14,0,0,0
2025,10,Canadian Grand Prix,2025-06-15,Circuit Gilles Villeneuve,Esteban Ocon,OCO,Haas F1 Team,13.3769531079737,15,0,0,0
2025,10,Canadian Grand Prix,2025-06-15,Circuit Gilles Villeneuve,Gabriel Bortoleto,BOR,Sauber,13.65422373915253,16,0,0,0
2025,10,Canadian Grand Prix,2025-06-15,Circuit Gilles Villeneuve,Pierre Gasly,GAS,Alpine F1 Team,13.801210389763568,17,0,0,0
2025,10,Canadian Grand Prix,2025-06-15,Circuit Gilles Villeneuve,Lance Stroll,STR,Aston Martin,14.04174350038904,18,0,0,0
2025,10,Canadian Grand Prix,2025-06-15,Circuit Gilles Villeneuve,Franco Colapinto,COL,Alpine F1 Team,14.782883715409769,19,0,0,0
2025,10,Canadian Grand Prix,2025-06-15,Circuit Gilles Villeneuve,Oliver Bearman,BEA,Haas F1 Team,14.823108465745854,20,0,0,0
2025,11,Austrian Grand Prix,2025-06-29,Red Bull Ring,Lando Norris,NOR,McLaren,3.767801535709743,1,25,0,25
2025,11,Austrian Grand Prix,2025-06-29,Red Bull Ring,Oscar Piastri,PIA,McLaren,4.196345000708101,2,18,0,18
2025,11,Austrian Grand Prix,2025-06-29,Red Bull Ring,Max Verstappen,VER,Red Bull,5.439298890651061,3,15,0,15
2025,11,Austrian Grand Prix,2025-06-29,Red Bull Ring,Lewis Hamilton,HAM,Ferrari,5.738116521597276,4,12,0,12
2025,11,Austrian Grand Prix,2025-06-29,Red Bull Ring,Charles Leclerc,LEC,Ferrari,5.783400054106111,5,10,0,10
2025,11,Austrian Grand Prix,2025-06-29,Red Bull Ring,George Russell,RUS,Mercedes,5.9367626804540174,6,8,0,8
2025,11,Austrian Grand Prix,2025-06-29,Red Bull Ring,Andrea Kimi Antonelli,ANT,Mercedes,6.987777923417435,7,6,0,6
2025,11,Austrian Grand Prix,2025-06-29,Red Bull Ring,Yuki Tsunoda,TSU,Red Bull,10.721393876985289,8,4,0,4
2025,11,Austrian Grand Prix,2025-06-29,Red Bull Ring,Alexander Albon,ALB,Williams,11.567422942955288,9,2,0,2
2025,11,Austrian Grand Prix,2025-06-29,Red Bull Ring,Nico Hülkenberg,HUL,Sauber,12.175198941264265,10,1,0,1
2025,11,Austrian Grand Prix,2025-06-29,Red Bull Ring,Fernando Alonso,ALO,Aston Martin,12.35163338025098,11,0,0,0
2025,11,Austrian Grand Prix,2025-06-29,Red Bull Ring,Isack Hadjar,HAD,RB F1 Team,12.401896405825784,12,0,0,0
2025,11,Austrian Grand Prix,2025-06-29,Red Bull Ring,Esteban Ocon,OCO,Haas F1 Team,12.751479621673536,13,0,0,0
2025,11,Austrian Grand Prix,2025-06-29,Red Bull Ring,Liam Lawson,LAW,RB F1 Team,13.006757120387844,14,0,0,0
2025,11,Austrian Grand Prix,2025-06-29,Red Bull Ring,Gabriel Bortoleto,BOR,Sauber,13.576270995565434,15,0,0,0
2025,11,Austrian Grand Prix,2025-06-29,Red Bull Ring,Oliver Bearman,BEA,Haas F1 Team,13.707110892955304,16,0,0,0
2025,11,Austrian Grand Prix,2025-06-29,Red Bull Ring,Carlos Sainz,SAI,Williams,13.876218104651931,17,0,0,0
2025,11,Austrian Grand Prix,2025-06-29,Red Bull Ring,Lance Stroll,STR,Aston Martin,14.01002033239186,18,0,0,0
2025,11,Austrian Grand Prix,2025-06-29,Red Bull Ring,Pierre Gasly,GAS,Alpine F1 Team,14.225159503359116,19,0,0,0
2025,11,Austrian Grand Prix,2025-06-29,Red Bull Ring,Franco Colapinto,COL,Alpine F1 Team,14.509069065106994,20,0,0,0
2025,12,British Grand Prix,2025-07-06,Silverstone Circuit,Lando Norris,NOR,McLaren,3.688883144237893,1,25,0,25
2025,12,British Grand Prix,2025-07-06,Silverstone Circuit,Oscar Piastri,PIA,McLaren,4.02270230991234,2,18,0,18
2025,12,British Grand Prix,2025-07-06,Silverstone Circuit,Charles Leclerc,LEC,Ferrari,4.678187449205681,3,15,0,15
2025,12,British Grand Prix,2025-07-06,Silverstone Circuit,Lewis Hamilton,HAM,Ferrari,5.681553582133306,4,12,0,12
2025,12,British Grand Prix,2025-07-06,Silverstone Circuit,Max Verstappen,VER,Red Bull,6.10145746188383,5,10,0,10
2025,12,British Grand Prix,2025-07-06,Silverstone Circuit,George Russell,RUS,Mercedes,6.3244986002571855,6,8,0,8
2025,12,British Grand Prix,2025-07-06,Silverstone Circuit,Andrea Kimi Antonelli,ANT,Mercedes,9.23644757014138,7,6,0,6
2025,12,British Grand Prix,2025-07-06,Silverstone Circuit,Yuki Tsunoda,TSU,Red Bull,10.63407293053208,8,4,0,4
2025,12,British Grand Prix,2025-07-06,Silverstone Circuit,Fernando Alonso,ALO,Aston Martin,11.709961587158036,9,2,0,2
2025,12,British Grand Prix,2025-07-06,Silverstone Circuit,Liam Lawson,LAW,RB F1 Team,11.937394101685294,10,1,0,1
2025,12,British Grand Prix,2025-07-06,Silverstone Circuit,Isack Hadjar,HAD,RB F1 Team,12.134787018915723,11,0,0,0
2025,12,British Grand Prix,2025-07-06,Silverstone Circuit,Nico Hülkenberg,HUL,Sauber,12.257488102808074,12,0,0,0
2025,12,British Grand Prix,2025-07-06,Silverstone Circuit,Alexander Albon,ALB,Williams,12.374328789949365,13,0,0,0
2025,12,British Grand Prix,2025-07-06,Silverstone Circuit,Esteban Ocon,OCO,Haas F1 Team,12.514012362575189,14,0,0,0
2025,12,British Grand Prix,2025-07-06,Silverstone Circuit,Gabriel Bortoleto,BOR,Sauber,12.67210878372246,15,0,0,0
2025,12,British Grand Prix,2025-07-06,Silverstone Circuit,Carlos Sainz,SAI,Williams,12.947736484600638,16,0,0,0
2025,12,British Grand Prix,2025-07-06,Silverstone Circuit,Pierre Gasly,GAS,Alpine F1 Team,13.217180654874126,17,0,0,0
2025,12,British Grand Prix,2025-07-06,Silverstone Circuit,Oliver Bearman,BEA,Haas F1 Team,13.32744334274047,18,0,0,0
2025,12,British Grand Prix,2025-07-06,Silverstone Circuit,Lance Stroll,STR,Aston Martin,13.7214840976724,19,0,0,0
2025,12,British Grand Prix,2025-07-06,Silverstone Circuit,Franco Colapinto,COL,Alpine F1 Team,13.927316049194213,20,0,0,0
2025,13,Belgian Grand Prix,2025-07-27,Circuit de Spa-Francorchamps,Lando Norris,NOR,McLaren,4.004552140956177,1,25,0,25
2025,13,Belgian Grand Prix,2025-07-27,Circuit de Spa-Francorchamps,Oscar Piastri,PIA,McLaren,4.232319969362255,2,18,0,18
2025,13,Belgian Grand Prix,2025-07-27,Circuit de Spa-Francorchamps,Lewis Hamilton,HAM,Ferrari,5.909629381281917,3,15,0,15
2025,13,Belgian Grand Prix,2025-07-27,Circuit de Spa-Francorchamps,Charles Leclerc,LEC,Ferrari,5.918276731238902,4,12,0,12
2025,13,Belgian Grand Prix,2025-07-27,Circuit de Spa-Francorchamps,George Russell,RUS,Mercedes,6.574503488224821,5,10,0,10
2025,13,Belgian Grand Prix,2025-07-27,Circuit de Spa-Francorchamps,Max Verstappen,VER,Red Bull,6.781778388569704,6,8,0,8
2025,13,Belgian Grand Prix,2025-07-27,Circuit de Spa-Francorchamps,Andrea Kimi Antonelli,ANT,Mercedes,9.25254033411766,7,6,0,6
2025,13,Belgian Grand Prix,2025-07-27,Circuit de Spa-Francorchamps,Nico Hülkenberg,HUL,Sauber,9.97320442053422,8,4,0,4
2025,13,Belgian Grand Prix,2025-07-27,Circuit de Spa-Francorchamps,Pierre Gasly,GAS,Alpine F1 Team,11.94619241238458,9,2,0,2
2025,13,Belgian Grand Prix,2025-07-27,Circuit de Spa-Francorchamps,Esteban Ocon,OCO,Haas F1 Team,12.10084837844335,10,1,0,1
2025,13,Belgian Grand Prix,2025-07-27,Circuit de Spa-Francorchamps,Lance Stroll,STR,Aston Martin,12.108787213726712,11,0,0,0
2025,13,Belgian Grand Prix,2025-07-27,Circuit de Spa-Francorchamps,Gabriel Bortoleto,BOR,Sauber,12.135828660011931,12,0,0,0
2025,13,Belgian Grand Prix,2025-07-27,Circuit de Spa-Francorchamps,Alexander Albon,ALB,Williams,12.235047494304656,13,0,0,0
2025,13,Belgian Grand Prix,2025-07-27,Circuit de Spa-Francorchamps,Fernando Alonso,ALO,Aston Martin,12.279997470336644,14,0,0,0
2025,13,Belgian Grand Prix,2025-07-27,Circuit de Spa-Francorchamps,Yuki Tsunoda,TSU,Red Bull,12.299076905011132,15,0,0,0
2025,13,Belgian Grand Prix,2025-07-27,Circuit de Spa-Francorchamps,Isack Hadjar,HAD,RB F1 Team,12.41437409491063,16,0,0,0
2025,13,Belgian Grand Prix,2025-07-27,Circuit de Spa-Francorchamps,Liam Lawson,LAW,RB F1 Team,12.455137084252522,17,0,0,0
2025,13,Belgian Grand Prix,2025-07-27,Circuit de Spa-Francorchamps,Carlos Sainz,SAI,Williams,12.921756425964382,18,0,0,0
2025,13,Belgian Grand Prix,2025-07-27,Circuit de Spa-Francorchamps,Oliver Bearman,BEA,Haas F1 Team,13.32744334274047,19,0,0,0
2025,13,Belgian Grand Prix,2025-07-27,Circuit de Spa-Francorchamps,Franco Colapinto,COL,Alpine F1 Team,13.774038373373475,20,0,0,0
2025,14,Hungarian Grand Prix,2025-08-03,Hungaroring,Lando Norris,NOR,McLaren,3.416152198584186,1,25,0,25
2025,14,Hungarian Grand Prix,2025-08-03,Hungaroring,Oscar Piastri,PIA,McLaren,3.994204161370302,2,18,0,18
2025,14,Hungarian Grand Prix,2025-08-03,Hungaroring,Charles Leclerc,LEC,Ferrari,5.844268257338956,3,15,0,15
2025,14,Hungarian Grand Prix,2025-08-03,Hungaroring,George Russell,RUS,Mercedes,5.895319539353758,4,12,0,12
2025,14,Hungarian Grand Prix,2025-08-03,Hungaroring,Lewis Hamilton,HAM,Ferrari,5.909629381281917,5,10,0,10
2025,14,Hungarian Grand Prix,2025-08-03,Hungaroring,Max Verstappen,VER,Red Bull,6.741517968086595,6,8,0,8
2025,14,Hungarian Grand Prix,2025-08-03,Hungaroring,Andrea Kimi Antonelli,ANT,Mercedes,9.049528396305533,7,6,0,6
2025,14,Hungarian Grand Prix,2025-08-03,Hungaroring,Nico Hülkenberg,HUL,Sauber,10.287063936350023,8,4,0,4
2025,14,Hungarian Grand Prix,2025-08-03,Hungaroring,Fernando Alonso,ALO,Aston Martin,11.443271581028968,9,2,0,2
2025,14,Hungarian Grand Prix,2025-08-03,Hungaroring,Gabriel Bortoleto,BOR,Sauber,11.51536538585962,10,1,0,1
2025,14,Hungarian Grand Prix,2025-08-03,Hungaroring,Yuki Tsunoda,TSU,Red Bull,12.072945544009356,11,0,0,0
2025,14,Hungarian Grand Prix,2025-08-03,Hungaroring,Liam Lawson,LAW,RB F1 Team,12.2303560095887,12,0,0,0
2025,14,Hungarian Grand Prix,2025-08-03,Hungaroring,Pierre Gasly,GAS,Alpine F1 Team,12.577201545782271,13,0,0,0
2025,14,Hungarian Grand Prix,2025-08-03,Hungaroring,Isack Hadjar,HAD,RB F1 Team,12.632593947152506,14,0,0,0
2025,14,Hungarian Grand Prix,2025-08-03,Hungaroring,Lance Stroll,STR,Aston Martin,12.643559055990968,15,0,0,0
2025,14,Hungarian Grand Prix,2025-08-03,Hungaroring,Alexander Albon,ALB,Williams,12.986206437067676,16,0,0,0
2025,14,Hungarian Grand Prix,2025-08-03,Hungaroring,Esteban Ocon,OCO,Haas F1 Team,13.368121665686685,17,0,0,0
2025,14,Hungarian Grand Prix,2025-08-03,Hungaroring,Oliver Bearman,BEA,Haas F1 Team,13.451427057676195,18,0,0,0
2025,14,Hungarian Grand Prix,2025-08-03,Hungaroring,Carlos Sainz,SAI,Williams,13.8215278556732,19,0,0,0
2025,14,Hungarian Grand Prix,2025-08-03,Hungaroring,Franco Colapinto,COL,Alpine F1 Team,13.924608028945707,20,0,0,0
2025,15,Dutch Grand Prix,2025-08-31,Circuit Park Zandvoort,Lando Norris,NOR,McLaren,3.635645645067345,1,25,0,25
2025,15,Dutch Grand Prix,2025-08-31,Circuit Park Zandvoort,Oscar Piastri,PIA,McLaren,3.994204161370302,2,18,0,18
2025,15,Dutch Grand Prix,2025-08-31,Circuit Park Zandvoort,George Russell,RUS,Mercedes,5.804110948654496,3,15,0,15
2025,15,Dutch Grand Prix,2025-08-31,Circuit Park Zandvoort,Charles Leclerc,LEC,Ferrari,5.907093761298217,4,12,0,12
2025,15,Dutch Grand Prix,2025-08-31,Circuit Park Zandvoort,Max Verstappen,VER,Red Bull,6.350032894901935,5,10,0,10
2025,15,Dutch Grand Prix,2025-08-31,Circuit Park Zandvoort,Lewis Hamilton,HAM,Ferrari,7.038313379924693,6,8,0,8
2025,15,Dutch Grand Prix,2025-08-31,Circuit Park Zandvoort,Andrea Kimi Antonelli,ANT,Mercedes,8.969099138125097,7,6,0,6
2025,15,Dutch Grand Prix,2025-08-31,Circuit Park Zandvoort,Fernando Alonso,ALO,Aston Martin,9.198056010431456,8,4,0,4
2025,15,Dutch Grand Prix,2025-08-31,Circuit Park Zandvoort,Nico Hülkenberg,HUL,Sauber,10.905781676414104,9,2,0,2
2025,15,Dutch Grand Prix,2025-08-31,Circuit Park Zandvoort,Lance Stroll,STR,Aston Martin,11.140132810229824,10,1,0,1
2025,15,Dutch Grand Prix,2025-08-31,Circuit Park Zandvoort,Gabriel Bortoleto,BOR,Sauber,11.189250245586477,11,0,0,0
2025,15,Dutch Grand Prix,2025-08-31,Circuit Park Zandvoort,Liam Lawson,LAW,RB F1 Team,12.241136679369673,12,0,0,0
2025,15,Dutch Grand Prix,2025-08-31,Circuit Park Zandvoort,Pierre Gasly,GAS,Alpine F1 Team,12.267967508623288,13,0,0,0
2025,15,Dutch Grand Prix,2025-08-31,Circuit Park Zandvoort,Carlos Sainz,SAI,Williams,12.395117217357328,14,0,0,0
2025,15,Dutch Grand Prix,2025-08-31,Circuit Park Zandvoort,Yuki Tsunoda,TSU,Red Bull,12.42442314930714,15,0,0,0
2025,15,Dutch Grand Prix,2025-08-31,Circuit Park Zandvoort,Alexander Albon,ALB,Williams,12.79090457443079,16,0,0,0
2025,15,Dutch Grand Prix,2025-08-31,Circuit Park Zandvoort,Esteban Ocon,OCO,Haas F1 Team,13.328629590319425,17,0,0,0
2025,15,Dutch Grand Prix,2025-08-31,Circuit Park Zandvoort,Isack Hadjar,HAD,RB F1 Team,13.380930431077587,18,0,0,0
2025,15,Dutch Grand Prix,2025-08-31,Circuit Park Zandvoort,Oliver Bearman,BEA,Haas F1 Team,13.518318867947343,19,0,0,0
2025,15,Dutch Grand Prix,2025-08-31,Circuit Park Zandvoort,Franco Colapinto,COL,Alpine F1 Team,14.393227216632583,20,0,0,0
2025,16,Italian Grand Prix,2025-09-07,Autodromo Nazionale di Monza,Lando Norris,NOR,McLaren,3.5800859542620223,1,25,0,25
2025,16,Italian Grand Prix,2025-09-07,Autodromo Nazionale di Monza,Oscar Piastri,PIA,McLaren,3.861522258118789,2,18,0,18
2025,16,Italian Grand Prix,2025-09-07,Autodromo Nazionale di Monza,Charles Leclerc,LEC,Ferrari,5.847654805417602,3,15,0,15
2025,16,Italian Grand Prix,2025-09-07,Autodromo Nazionale di Monza,Max Verstappen,VER,Red Bull,6.077950675423188,4,12,0,12
2025,16,Italian Grand Prix,2025-09-07,Autodromo Nazionale di Monza,Lewis Hamilton,HAM,Ferrari,6.792554484718644,5,10,0,10
2025,16,Italian Grand Prix,2025-09-07,Autodromo Nazionale di Monza,George Russell,RUS,Mercedes,7.067016533213914,6,8,0,8
2025,16,Italian Grand Prix,2025-09-07,Autodromo Nazionale di Monza,Andrea Kimi Antonelli,ANT,Mercedes,10.089124868602816,7,6,0,6
2025,16,Italian Grand Prix,2025-09-07,Autodromo Nazionale di Monza,Fernando Alonso,ALO,Aston Martin,10.57925813793298,8,4,0,4
2025,16,Italian Grand Prix,2025-09-07,Autodromo Nazionale di Monza,Alexander Albon,ALB,Williams,11.056796951615228,9,2,0,2
2025,16,Italian Grand Prix,2025-09-07,Autodromo Nazionale di Monza,Yuki Tsunoda,TSU,Red Bull,11.10276924423722,10,1,0,1
2025,16,Italian Grand Prix,2025-09-07,Autodromo Nazionale di Monza,Isack Hadjar,HAD,RB F1 Team,11.13964556468295,11,0,0,0
2025,16,Italian Grand Prix,2025-09-07,Autodromo Nazionale di Monza,Liam Lawson,LAW,RB F1 Team,11.483091997892652,12,0,0,0
2025,16,Italian Grand Prix,2025-09-07,Autodromo Nazionale di Monza,Nico Hülkenberg,HUL,Sauber,11.502250326005282,13,0,0,0
2025,16,Italian Grand Prix,2025-09-07,Autodromo Nazionale di Monza,Gabriel Bortoleto,BOR,Sauber,11.631463060687294,14,0,0,0
2025,16,Italian Grand Prix,2025-09-07,Autodromo Nazionale di Monza,Lance Stroll,STR,Aston Martin,11.829051010713282,15,0,0,0
2025,16,Italian Grand Prix,2025-09-07,Autodromo Nazionale di Monza,Oliver Bearman,BEA,Haas F1 Team,12.437295981841398,16,0,0,0
2025,16,Italian Grand Prix,2025-09-07,Autodromo Nazionale di Monza,Carlos Sainz,SAI,Williams,12.76181653986359,17,0,0,0
2025,16,Italian Grand Prix,2025-09-07,Autodromo Nazionale di Monza,Esteban Ocon,OCO,Haas F1 Team,12.970323300448182,18,0,0,0
2025,16,Italian Grand Prix,2025-09-07,Autodromo Nazionale di Monza,Pierre Gasly,GAS,Alpine F1 Team,13.476780503721844,19,0,0,0
2025,16,Italian Grand Prix,2025-09-07,Autodromo Nazionale di Monza,Franco Colapinto,COL,Alpine F1 Team,14.385085350171266,20,0,0,0
2025,17,Azerbaijan Grand Prix,2025-09-21,Baku City Circuit,Lando Norris,NOR,McLaren,3.3605476811855373,1,25,0,25
2025,17,Azerbaijan Grand Prix,2025-09-21,Baku City Circuit,Max Verstappen,VER,Red Bull,3.9303296644769294,2,18,0,18
2025,17,Azerbaijan Grand Prix,2025-09-21,Baku City Circuit,Oscar Piastri,PIA,McLaren,4.02270230991234,3,15,0,15
2025,17,Azerbaijan Grand Prix,2025-09-21,Baku City Circuit,Charles Leclerc,LEC,Ferrari,6.382248377439832,4,12,0,12
2025,17,Azerbaijan Grand Prix,2025-09-21,Baku City Circuit,George Russell,RUS,Mercedes,6.40091552189343,5,10,0,10
2025,17,Azerbaijan Grand Prix,2025-09-21,Baku City Circuit,Lewis Hamilton,HAM,Ferrari,7.005800398961786,6,8,0,8
2025,17,Azerbaijan Grand Prix,2025-09-21,Baku City Circuit,Andrea Kimi Antonelli,ANT,Mercedes,9.147602983036926,7,6,0,6
2025,17,Azerbaijan Grand Prix,2025-09-21,Baku City Circuit,Yuki Tsunoda,TSU,Red Bull,10.318312248830994,8,4,0,4
2025,17,Azerbaijan Grand Prix,2025-09-21,Baku City Circuit,Alexander Albon,ALB,Williams,10.658818575750688,9,2,0,2
2025,17,Azerbaijan Grand Prix,2025-09-21,Baku City Circuit,Fernando Alonso,ALO,Aston Martin,11.249035314941782,10,1,0,1
2025,17,Azerbaijan Grand Prix,2025-09-21,Baku City Circuit,Lance Stroll,STR,Aston Martin,11.472301098687598,11,0,0,0
2025,17,Azerbaijan Grand Prix,2025-09-21,Baku City Circuit,Gabriel Bortoleto,BOR,Sauber,11.987333572772735,12,0,0,0
2025,17,Azerbaijan Grand Prix,2025-09-21,Baku City Circuit,Isack Hadjar,HAD,RB F1 Team,12.201377290059046,13,0,0,0
2025,17,Azerbaijan Grand Prix,2025-09-21,Baku City Circuit,Nico Hülkenberg,HUL,Sauber,12.342592656723635,14,0,0,0
2025,17,Azerbaijan Grand Prix,2025-09-21,Baku City Circuit,Liam Lawson,LAW,RB F1 Team,12.471229848228806,15,0,0,0
2025,17,Azerbaijan Grand Prix,2025-09-21,Baku City Circuit,Carlos Sainz,SAI,Williams,12.577398358960172,16,0,0,0
2025,17,Azerbaijan Grand Prix,2025-09-21,Baku City Circuit,Oliver Bearman,BEA,Haas F1 Team,12.602309425231011,17,0,0,0
2025,17,Azerbaijan Grand Prix,2025-09-21,Baku City Circuit,Pierre Gasly,GAS,Alpine F1 Team,13.440745367896575,18,0,0,0
2025,17,Azerbaijan Grand Prix,2025-09-21,Baku City Circuit,Esteban Ocon,OCO,Haas F1 Team,13.553805140712257,19,0,0,0
2025,17,Azerbaijan Grand Prix,2025-09-21,Baku City Circuit,Franco Colapinto,COL,Alpine F1 Team,14.144981405140229,20,0,0,0
2025,18,Singapore Grand Prix,2025-10-05,Marina Bay Street Circuit,Max Verstappen,VER,Red Bull,2.891287500346314,1,25,0,25
2025,18,Singapore Grand Prix,2025-10-05,Marina Bay Street Circuit,Lando Norris,NOR,McLaren,4.000148171213964,2,18,0,18
2025,18,Singapore Grand Prix,2025-10-05,Marina Bay Street Circuit,Oscar Piastri,PIA,McLaren,4.260523846535702,3,15,0,15
2025,18,Singapore Grand Prix,2025-10-05,Marina Bay Street Circuit,George Russell,RUS,Mercedes,5.084952797463372,4,12,0,12
2025,18,Singapore Grand Prix,2025-10-05,Marina Bay Street Circuit,Charles Leclerc,LEC,Ferrari,6.555589647327828,5,10,0,10
2025,18,Singapore Grand Prix,2025-10-05,Marina Bay Street Circuit,Lewis Hamilton,HAM,Ferrari,8.216826477436356,6,8,0,8
2025,18,Singapore Grand Prix,2025-10-05,Marina Bay Street Circuit,Andrea Kimi Antonelli,ANT,Mercedes,8.642473923346465,7,6,0,6
2025,18,Singapore Grand Prix,2025-10-05,Marina Bay Street Circuit,Yuki Tsunoda,TSU,Red Bull,9.909978011523572,8,4,0,4
2025,18,Singapore Grand Prix,2025-10-05,Marina Bay Street Circuit,Alexander Albon,ALB,Williams,10.0439080457332,9,2,0,2
2025,18,Singapore Grand Prix,2025-10-05,Marina Bay Street Circuit,Carlos Sainz,SAI,Williams,10.369521574543366,10,1,0,1
2025,18,Singapore Grand Prix,2025-10-05,Marina Bay Street Circuit,Liam Lawson,LAW,RB F1 Team,10.54581640088001,11,0,0,0
2025,18,Singapore Grand Prix,2025-10-05,Marina Bay Street Circuit,Isack Hadjar,HAD,RB F1 Team,11.050834393563502,12,0,0,0
2025,18,Singapore Grand Prix,2025-10-05,Marina Bay Street Circuit,Gabriel Bortoleto,BOR,Sauber,12.254654290387633,13,0,0,0
2025,18,Singapore Grand Prix,2025-10-05,Marina Bay Street Circuit,Fernando Alonso,ALO,Aston Martin,12.341711709385809,14,0,0,0
2025,18,Singapore Grand Prix,2025-10-05,Marina Bay Street Circuit,Lance Stroll,STR,Aston Martin,12.414430552950748,15,0,0,0
2025,18,Singapore Grand Prix,2025-10-05,Marina Bay Street Circuit,Oliver Bearman,BEA,Haas F1 Team,12.599062077504612,16,0,0,0
2025,18,Singapore Grand Prix,2025-10-05,Marina Bay Street Circuit,Esteban Ocon,OCO,Haas F1 Team,13.558033357781836,17,0,0,0
2025,18,Singapore Grand Prix,2025-10-05,Marina Bay Street Circuit,Nico Hülkenberg,HUL,Sauber,13.57449238086616,18,0,0,0
2025,18,Singapore Grand Prix,2025-10-05,Marina Bay Street Circuit,Pierre Gasly,GAS,Alpine F1 Team,15.60405353661256,19,0,0,0
2025,18,Singapore Grand Prix,2025-10-05,Marina Bay Street Circuit,Franco Colapinto,COL,Alpine F1 Team,15.788698427953818,20,0,0,0
2025,19,United States Grand Prix,2025-10-19,Circuit of the Americas,Max Verstappen,VER,Red Bull,2.7468110905393326,1,25,0,25
2025,19,United States Grand Prix,2025-10-19,Circuit of the Americas,George Russell,RUS,Mercedes,4.208899598279557,2,18,0,18
2025,19,United States Grand Prix,2025-10-19,Circuit of the Americas,Lando Norris,NOR,McLaren,4.450648722387187,3,15,0,15
2025,19,United States Grand Prix,2025-10-19,Circuit of the Americas,Oscar Piastri,PIA,McLaren,4.685841095049792,4,12,0,12
2025,19,United States Grand Prix,2025-10-19,Circuit of the Americas,Andrea Kimi Antonelli,ANT,Mercedes,6.5392369658455465,5,10,0,10
2025,19,United States Grand Prix,2025-10-19,Circuit of the Americas,Charles Leclerc,LEC,Ferrari,7.516843196107081,6,8,0,8
2025,19,United States Grand Prix,2025-10-19,Circuit of the Americas,Lewis Hamilton,HAM,Ferrari,8.621288981921396,7,6,0,6
2025,19,United States Grand Prix,2025-10-19,Circuit of the Americas,Yuki Tsunoda,TSU,Red Bull,10.046794396756589,8,4,0,4
2025,19,United States Grand Prix,2025-10-19,Circuit of the Americas,Fernando Alonso,ALO,Aston Martin,10.607125809053716,9,2,0,2
2025,19,United States Grand Prix,2025-10-19,Circuit of the Americas,Carlos Sainz,SAI,Williams,10.673045405500533,10,1,0,1
2025,19,United States Grand Prix,2025-10-19,Circuit of the Americas,Isack Hadjar,HAD,RB F1 Team,11.091094814046611,11,0,0,0
2025,19,United States Grand Prix,2025-10-19,Circuit of the Americas,Liam Lawson,LAW,RB F1 Team,11.296302764003356,12,0,0,0
2025,19,United States Grand Prix,2025-10-19,Circuit of the Americas,Lance Stroll,STR,Aston Martin,11.552097789325156,13,0,0,0
2025,19,United States Grand Prix,2025-10-19,Circuit of the Americas,Alexander Albon,ALB,Williams,11.61993262480844,14,0,0,0
2025,19,United States Grand Prix,2025-10-19,Circuit of the Americas,Oliver Bearman,BEA,Haas F1 Team,12.650103167768696,15,0,0,0
2025,19,United States Grand Prix,2025-10-19,Circuit of the Americas,Gabriel Bortoleto,BOR,Sauber,12.932880254483916,16,0,0,0
2025,19,United States Grand Prix,2025-10-19,Circuit of the Americas,Nico Hülkenberg,HUL,Sauber,13.438983416487996,17,0,0,0
2025,19,United States Grand Prix,2025-10-19,Circuit of the Americas,Esteban Ocon,OCO,Haas F1 Team,13.633105533724803,18,0,0,0
2025,19,United States Grand Prix,2025-10-19,Circuit of the Americas,Pierre Gasly,GAS,Alpine F1 Team,15.475712247093863,19,0,0,0
2025,19,United States Grand Prix,2025-10-19,Circuit of the Americas,Franco Colapinto,COL,Alpine F1 Team,15.869153540481356,20,0,0,0
2025,20,Mexico City Grand Prix,2025-10-26,Autódromo Hermanos Rodríguez,Max Verstappen,VER,Red Bull,2.5187352913907226,1,25,0,25
2025,20,Mexico City Grand Prix,2025-10-26,Autódromo Hermanos Rodríguez,George Russell,RUS,Mercedes,4.208899598279557,2,18,0,18
2025,20,Mexico City Grand Prix,2025-10-26,Autódromo Hermanos Rodríguez,Oscar Piastri,PIA,McLaren,5.2663424520426645,3,15,0,15
2025,20,Mexico City Grand Prix,2025-10-26,Autódromo Hermanos Rodríguez,Lando Norris,NOR,McLaren,5.545496275317887,4,12,0,12
2025,20,Mexico City Grand Prix,2025-10-26,Autódromo Hermanos Rodríguez,Andrea Kimi Antonelli,ANT,Mercedes,6.840454578290144,5,10,0,10
2025,20,Mexico City Grand Prix,2025-10-26,Autódromo Hermanos Rodríguez,Charles Leclerc,LEC,Ferrari,6.865245014295785,6,8,0,8
2025,20,Mexico City Grand Prix,2025-10-26,Autódromo Hermanos Rodríguez,Lewis Hamilton,HAM,Ferrari,7.069977847715115,7,6,0,6
2025,20,Mexico City Grand Prix,2025-10-26,Autódromo Hermanos Rodríguez,Yuki Tsunoda,TSU,Red Bull,9.629083909410877,8,4,0,4
2025,20,Mexico City Grand Prix,2025-10-26,Autódromo Hermanos Rodríguez,Carlos Sainz,SAI,Williams,11.591066791930915,9,2,0,2
2025,20,Mexico City Grand Prix,2025-10-26,Autódromo Hermanos Rodríguez,Alexander Albon,ALB,Williams,11.617276518657247,10,1,0,1
2025,20,Mexico City Grand Prix,2025-10-26,Autódromo Hermanos Rodríguez,Isack Hadjar,HAD,RB F1 Team,12.051168955897534,11,0,0,0
2025,20,Mexico City Grand Prix,2025-10-26,Autódromo Hermanos Rodríguez,Liam Lawson,LAW,RB F1 Team,12.273470725077436,12,0,0,0
2025,20,Mexico City Grand Prix,2025-10-26,Autódromo Hermanos Rodríguez,Fernando Alonso,ALO,Aston Martin,12.359712594125376,13,0,0,0
2025,20,Mexico City Grand Prix,2025-10-26,Autódromo Hermanos Rodríguez,Lance Stroll,STR,Aston Martin,12.474898078010751,14,0,0,0
2025,20,Mexico City Grand Prix,2025-10-26,Autódromo Hermanos Rodríguez,Oliver Bearman,BEA,Haas F1 Team,12.52586073263289,15,0,0,0
2025,20,Mexico City Grand Prix,2025-10-26,Autódromo Hermanos Rodríguez,Esteban Ocon,OCO,Haas F1 Team,13.504278002768432,16,0,0,0
2025,20,Mexico City Grand Prix,2025-10-26,Autódromo Hermanos Rodríguez,Nico Hülkenberg,HUL,Sauber,13.69587578818257,17,0,0,0
2025,20,Mexico City Grand Prix,2025-10-26,Autódromo Hermanos Rodríguez,Gabriel Bortoleto,BOR,Sauber,14.071594640417649,18,0,0,0
2025,20,Mexico City Grand Prix,2025-10-26,Autódromo Hermanos Rodríguez,Pierre Gasly,GAS,Alpine F1 Team,15.53356414557463,19,0,0,0
2025,20,Mexico City Grand Prix,2025-10-26,Autódromo Hermanos Rodríguez,Franco Colapinto,COL,Alpine F1 Team,15.828893119998243,20,0,0,0
2025,21,São Paulo Grand Prix,2025-11-09,Autódromo José Carlos Pace,Max Verstappen,VER,Red Bull,2.7805597155631894,1,25,0,25
2025,21,São Paulo Grand Prix,2025-11-09,Autódromo José Carlos Pace,George Russell,RUS,Mercedes,4.579414512303366,2,18,0,18
2025,21,São Paulo Grand Prix,2025-11-09,Autódromo José Carlos Pace,Lando Norris,NOR,McLaren,4.589127025981079,3,15,0,15
2025,21,São Paulo Grand Prix,2025-11-09,Autódromo José Carlos Pace,Oscar Piastri,PIA,McLaren,5.890165788984165,4,12,0,12
2025,21,São Paulo Grand Prix,2025-11-09,Autódromo José Carlos Pace,Charles Leclerc,LEC,Ferrari,6.384002510229492,5,10,0,10
2025,21,São Paulo Grand Prix,2025-11-09,Autódromo José Carlos Pace,Andrea Kimi Antonelli,ANT,Mercedes,6.655268544980045,6,8,0,8
2025,21,São Paulo Grand Prix,2025-11-09,Autódromo José Carlos Pace,Lewis Hamilton,HAM,Ferrari,7.186749055017603,7,6,0,6
2025,21,São Paulo Grand Prix,2025-11-09,Autódromo José Carlos Pace,Yuki Tsunoda,TSU,Red Bull,9.955495397215184,8,4,0,4
2025,21,São Paulo Grand Prix,2025-11-09,Autódromo José Carlos Pace,Carlos Sainz,SAI,Williams,11.900313230076195,9,2,0,2
2025,21,São Paulo Grand Prix,2025-11-09,Autódromo José Carlos Pace,Liam Lawson,LAW,RB F1 Team,12.108263008545114,10,1,0,1
2025,21,São Paulo Grand Prix,2025-11-09,Autódromo José Carlos Pace,Oliver Bearman,BEA,Haas F1 Team,12.161407777917823,11,0,0,0
2025,21,São Paulo Grand Prix,2025-11-09,Autódromo José Carlos Pace,Alexander Albon,ALB,Williams,12.46664046159702,12,0,0,0
2025,21,São Paulo Grand Prix,2025-11-09,Autódromo José Carlos Pace,Fernando Alonso,ALO,Aston Martin,12.814872435721757,13,0,0,0
2025,21,São Paulo Grand Prix,2025-11-09,Autódromo José Carlos Pace,Esteban Ocon,OCO,Haas F1 Team,12.837571879703331,14,0,0,0
2025,21,São Paulo Grand Prix,2025-11-09,Autódromo José Carlos Pace,Isack Hadjar,HAD,RB F1 Team,12.91049876918566,15,0,0,0
2025,21,São Paulo Grand Prix,2025-11-09,Autódromo José Carlos Pace,Gabriel Bortoleto,BOR,Sauber,13.49613740894209,16,0,0,0
2025,21,São Paulo Grand Prix,2025-11-09,Autódromo José Carlos Pace,Lance Stroll,STR,Aston Martin,13.946298704639192,17,0,0,0
2025,21,São Paulo Grand Prix,2025-11-09,Autódromo José Carlos Pace,Nico Hülkenberg,HUL,Sauber,14.173105881025649,18,0,0,0
2025,21,São Paulo Grand Prix,2025-11-09,Autódromo José Carlos Pace,Pierre Gasly,GAS,Alpine F1 Team,15.257341120915008,19,0,0,0
2025,21,São Paulo Grand Prix,2025-11-09,Autódromo José Carlos Pace,Franco Colapinto,COL,Alpine F1 Team,15.6486246440408,20,0,0,0
2025,22,Las Vegas Grand Prix,2025-11-23,Las Vegas Strip Street Circuit,Max Verstappen,VER,Red Bull,2.5615074831313525,1,25,0,25
2025,22,Las Vegas Grand Prix,2025-11-23,Las Vegas Strip Street Circuit,George Russell,RUS,Mercedes,3.722019619311772,2,18,0,18
2025,22,Las Vegas Grand Prix,2025-11-23,Las Vegas Strip Street Circuit,Lando Norris,NOR,McLaren,4.400712447999909,3,15,0,15
2025,22,Las Vegas Grand Prix,2025-11-23,Las Vegas Strip Street Circuit,Andrea Kimi Antonelli,ANT,Mercedes,5.195980758053477,4,12,0,12
2025,22,Las Vegas Grand Prix,2025-11-23,Las Vegas Strip Street Circuit,Oscar Piastri,PIA,McLaren,5.753546447951091,5,10,0,10
2025,22,Las Vegas Grand Prix,2025-11-23,Las Vegas Strip Street Circuit,Charles Leclerc,LEC,Ferrari,5.883830267354401,6,8,0,8
2025,22,Las Vegas Grand Prix,2025-11-23,Las Vegas Strip Street Circuit,Lewis Hamilton,HAM,Ferrari,7.045570118423123,7,6,0,6
2025,22,Las Vegas Grand Prix,2025-11-23,Las Vegas Strip Street Circuit,Yuki Tsunoda,TSU,Red Bull,9.770905229071785,8,4,0,4
2025,22,Las Vegas Grand Prix,2025-11-23,Las Vegas Strip Street Circuit,Carlos Sainz,SAI,Williams,10.794177633353137,9,2,0,2
2025,22,Las Vegas Grand Prix,2025-11-23,Las Vegas Strip Street Circuit,Oliver Bearman,BEA,Haas F1 Team,10.840715797272408,10,1,0,1
2025,22,Las Vegas Grand Prix,2025-11-23,Las Vegas Strip Street Circuit,Liam Lawson,LAW,RB F1 Team,12.117667205438508,11,0,0,0
2025,22,Las Vegas Grand Prix,2025-11-23,Las Vegas Strip Street Circuit,Isack Hadjar,HAD,RB F1 Team,12.171094421492487,12,0,0,0
2025,22,Las Vegas Grand Prix,2025-11-23,Las Vegas Strip Street Circuit,Esteban Ocon,OCO,Haas F1 Team,12.712389729413475,13,0,0,0
2025,22,Las Vegas Grand Prix,2025-11-23,Las Vegas Strip Street Circuit,Fernando Alonso,ALO,Aston Martin,12.750117096828374,14,0,0,0
2025,22,Las Vegas Grand Prix,2025-11-23,Las Vegas Strip Street Circuit,Alexander Albon,ALB,Williams,13.111186223361807,15,0,0,0
2025,22,Las Vegas Grand Prix,2025-11-23,Las Vegas Strip Street Circuit,Nico Hülkenberg,HUL,Sauber,13.395397078647088,16,0,0,0
2025,22,Las Vegas Grand Prix,2025-11-23,Las Vegas Strip Street Circuit,Lance Stroll,STR,Aston Martin,13.687181001824326,17,0,0,0
2025,22,Las Vegas Grand Prix,2025-11-23,Las Vegas Strip Street Circuit,Gabriel Bortoleto,BOR,Sauber,14.439314756975726,18,0,0,0
2025,22,Las Vegas Grand Prix,2025-11-23,Las Vegas Strip Street Circuit,Pierre Gasly,GAS,Alpine F1 Team,15.272780750466817,19,0,0,0
2025,22,Las Vegas Grand Prix,2025-11-23,Las Vegas Strip Street Circuit,Franco Colapinto,COL,Alpine F1 Team,15.712986992592052,20,0,0,0
2025,23,Qatar Grand Prix,2025-11-30,Losail International Circuit,Max Verstappen,VER,Red Bull,2.7895832822799624,1,25,0,25
2025,23,Qatar Grand Prix,2025-11-30,Losail International Circuit,Lando Norris,NOR,McLaren,3.831629408436671,2,18,0,18
2025,23,Qatar Grand Prix,2025-11-30,Losail International Circuit,George Russell,RUS,Mercedes,3.859619153545195,3,15,0,15
2025,23,Qatar Grand Prix,2025-11-30,Losail International Circuit,Andrea Kimi Antonelli,ANT,Mercedes,5.219966027249495,4,12,0,12
2025,23,Qatar Grand Prix,2025-11-30,Losail International Circuit,Oscar Piastri,PIA,McLaren,5.236266162535596,5,10,0,10
2025,23,Qatar Grand Prix,2025-11-30,Losail International Circuit,Charles Leclerc,LEC,Ferrari,5.922480968053797,6,8,0,8
2025,23,Qatar Grand Prix,2025-11-30,Losail International Circuit,Lewis Hamilton,HAM,Ferrari,7.166525772129379,7,6,0,6
2025,23,Qatar Grand Prix,2025-11-30,Losail International Circuit,Yuki Tsunoda,TSU,Red Bull,10.424834850058952,8,4,0,4
2025,23,Qatar Grand Prix,2025-11-30,Losail International Circuit,Oliver Bearman,BEA,Haas F1 Team,10.968124926330102,9,2,0,2
2025,23,Qatar Grand Prix,2025-11-30,Losail International Circuit,Fernando Alonso,ALO,Aston Martin,11.501190427741232,10,1,0,1
2025,23,Qatar Grand Prix,2025-11-30,Losail International Circuit,Carlos Sainz,SAI,Williams,11.792043761478356,11,0,0,0
2025,23,Qatar Grand Prix,2025-11-30,Losail International Circuit,Isack Hadjar,HAD,RB F1 Team,11.938723078793688,12,0,0,0
2025,23,Qatar Grand Prix,2025-11-30,Losail International Circuit,Esteban Ocon,OCO,Haas F1 Team,12.674785415081558,13,0,0,0
2025,23,Qatar Grand Prix,2025-11-30,Losail International Circuit,Liam Lawson,LAW,RB F1 Team,12.755997104592904,14,0,0,0
2025,23,Qatar Grand Prix,2025-11-30,Losail International Circuit,Nico Hülkenberg,HUL,Sauber,13.00992648182608,15,0,0,0
2025,23,Qatar Grand Prix,2025-11-30,Losail International Circuit,Alexander Albon,ALB,Williams,13.562096123900968,16,0,0,0
2025,23,Qatar Grand Prix,2025-11-30,Losail International Circuit,Lance Stroll,STR,Aston Martin,13.671088237848044,17,0,0,0
2025,23,Qatar Grand Prix,2025-11-30,Losail International Circuit,Pierre Gasly,GAS,Alpine F1 Team,14.24608608764562,18,0,0,0
2025,23,Qatar Grand Prix,2025-11-30,Losail International Circuit,Gabriel Bortoleto,BOR,Sauber,14.646237597007351,19,0,0,0
2025,23,Qatar Grand Prix,2025-11-30,Losail International Circuit,Franco Colapinto,COL,Alpine F1 Team,15.09500031646065,20,0,0,0
2025,24,Abu Dhabi Grand Prix,2025-12-07,Yas Marina Circuit,Max Verstappen,VER,Red Bull,2.6514171946422334,1,25,0,25
2025,24,Abu Dhabi Grand Prix,2025-12-07,Yas Marina Circuit,Lando Norris,NOR,McLaren,3.819313127088026,2,18,0,18
2025,24,Abu Dhabi Grand Prix,2025-12-07,Yas Marina Circuit,George Russell,RUS,Mercedes,5.433039553367504,3,15,0,15
2025,24,Abu Dhabi Grand Prix,2025-12-07,Yas Marina Circuit,Andrea Kimi Antonelli,ANT,Mercedes,5.484461659922055,4,12,0,12
2025,24,Abu Dhabi Grand Prix,2025-12-07,Yas Marina Circuit,Oscar Piastri,PIA,McLaren,5.558791764681328,5,10,0,10
2025,24,Abu Dhabi Grand Prix,2025-12-07,Yas Marina Circuit,Charles Leclerc,LEC,Ferrari,6.080412284184518,6,8,0,8
2025,24,Abu Dhabi Grand Prix,2025-12-07,Yas Marina Circuit,Lewis Hamilton,HAM,Ferrari,7.422907229686296,7,6,0,6
2025,24,Abu Dhabi Grand Prix,2025-12-07,Yas Marina Circuit,Yuki Tsunoda,TSU,Red Bull,9.47208037826532,8,4,0,4
2025,24,Abu Dhabi Grand Prix,2025-12-07,Yas Marina Circuit,Carlos Sainz,SAI,Williams,10.86532715110968,9,2,0,2
2025,24,Abu Dhabi Grand Prix,2025-12-07,Yas Marina Circuit,Oliver Bearman,BEA,Haas F1 Team,11.207239818511928,10,1,0,1
2025,24,Abu Dhabi Grand Prix,2025-12-07,Yas Marina Circuit,Liam Lawson,LAW,RB F1 Team,12.40810414810213,11,0,0,0
2025,24,Abu Dhabi Grand Prix,2025-12-07,Yas Marina Circuit,Fernando Alonso,ALO,Aston Martin,12.44891845753219,12,0,0,0
2025,24,Abu Dhabi Grand Prix,2025-12-07,Yas Marina Circuit,Isack Hadjar,HAD,RB F1 Team,12.451471664666649,13,0,0,0
2025,24,Abu Dhabi Grand Prix,2025-12-07,Yas Marina Circuit,Nico Hülkenberg,HUL,Sauber,12.60210379063459,14,0,0,0
2025,24,Abu Dhabi Grand Prix,2025-12-07,Yas Marina Circuit,Alexander Albon,ALB,Williams,12.972095788417874,15,0,0,0
2025,24,Abu Dhabi Grand Prix,2025-12-07,Yas Marina Circuit,Esteban Ocon,OCO,Haas F1 Team,13.082721111881613,16,0,0,0
2025,24,Abu Dhabi Grand Prix,2025-12-07,Yas Marina Circuit,Gabriel Bortoleto,BOR,Sauber,13.69448415963564,17,0,0,0
2025,24,Abu Dhabi Grand Prix,2025-12-07,Yas Marina Circuit,Lance Stroll,STR,Aston Martin,13.953794921278584,18,0,0,0
2025,24,Abu Dhabi Grand Prix,2025-12-07,Yas Marina Circuit,Pierre Gasly,GAS,Alpine F1 Team,14.684324613402335,19,0,0,0
2025,24,Abu Dhabi Grand Prix,2025-12-07,Yas Marina Circuit,Franco Colapinto,COL,Alpine F1 Team,15.09500031646065,20,0,0,0
2026,1,Australian Grand Prix,2026-03-08,Albert Park Grand Prix Circuit,Lando Norris,NOR,McLaren,4.029006116254574,1,25,0,25
2026,1,Australian Grand Prix,2026-03-08,Albert Park Grand Prix Circuit,Max Verstappen,VER,Red Bull,4.369479434610905,2,18,0,18
2026,1,Australian Grand Prix,2026-03-08,Albert Park Grand Prix Circuit,Andrea Kimi Antonelli,ANT,Mercedes,5.26354534128853,3,15,0,15
2026,1,Australian Grand Prix,2026-03-08,Albert Park Grand Prix Circuit,George Russell,RUS,Mercedes,5.520994441747161,4,12,0,12
2026,1,Australian Grand Prix,2026-03-08,Albert Park Grand Prix Circuit,Oscar Piastri,PIA,McLaren,5.637525868190036,5,10,0,10
2026,1,Australian Grand Prix,2026-03-08,Albert Park Grand Prix Circuit,Charles Leclerc,LEC,Ferrari,6.6085754812563415,6,8,0,8
2026,1,Australian Grand Prix,2026-03-08,Albert Park Grand Prix Circuit,Lewis Hamilton,HAM,Ferrari,8.00858597030562,7,6,0,6
2026,1,Australian Grand Prix,2026-03-08,Albert Park Grand Prix Circuit,Isack Hadjar,HAD,Red Bull,9.756970816537644,8,4,0,4
2026,1,Australian Grand Prix,2026-03-08,Albert Park Grand Prix Circuit,Oliver Bearman,BEA,Haas F1 Team,10.861333155191586,9,2,0,2
2026,1,Australian Grand Prix,2026-03-08,Albert Park Grand Prix Circuit,Carlos Sainz,SAI,Williams,11.09009607095615,10,1,0,1
2026,1,Australian Grand Prix,2026-03-08,Albert Park Grand Prix Circuit,Esteban Ocon,OCO,Haas F1 Team,11.28621236908669,11,0,0,0
2026,1,Australian Grand Prix,2026-03-08,Albert Park Grand Prix Circuit,Nico Hülkenberg,HUL,Audi,11.842084915675544,12,0,0,0
2026,1,Australian Grand Prix,2026-03-08,Albert Park Grand Prix Circuit,Fernando Alonso,ALO,Aston Martin,11.994981020672794,13,0,0,0
2026,1,Australian Grand Prix,2026-03-08,Albert Park Grand Prix Circuit,Arvid Lindblad,LIN,RB F1 Team,12.26731669385432,14,0,0,0
2026,1,Australian Grand Prix,2026-03-08,Albert Park Grand Prix Circuit,Liam Lawson,LAW,RB F1 Team,12.511611871126409,15,0,0,0
2026,1,Australian Grand Prix,2026-03-08,Albert Park Grand Prix Circuit,Gabriel Bortoleto,BOR,Audi,12.951765042570894,16,0,0,0
2026,1,Australian Grand Prix,2026-03-08,Albert Park Grand Prix Circuit,Alexander Albon,ALB,Williams,13.181548090169397,17,0,0,0
2026,1,Australian Grand Prix,2026-03-08,Albert Park Grand Prix Circuit,Lance Stroll,STR,Aston Martin,13.358716937827811,18,0,0,0
2026,1,Australian Grand Prix,2026-03-08,Albert Park Grand Prix Circuit,Sergio Pérez,PER,Cadillac F1 Team,14.00511913509305,19,0,0,0
2026,1,Australian Grand Prix,2026-03-08,Albert Park Grand Prix Circuit,Pierre Gasly,GAS,Alpine F1 Team,14.56783436504953,20,0,0,0
2026,1,Australian Grand Prix,2026-03-08,Albert Park Grand Prix Circuit,Franco Colapinto,COL,Alpine F1 Team,14.76684899596591,21,0,0,0
2026,1,Australian Grand Prix,2026-03-08,Albert Park Grand Prix Circuit,Valtteri Bottas,BOT,Cadillac F1 Team,14.985541708241522,22,0,0,0
2026,2,Chinese Grand Prix,2026-03-15,Shanghai International Circuit,George Russell,RUS,Mercedes,3.8880199783441567,1,25,0,25
2026,2,Chinese Grand Prix,2026-03-15,Shanghai International Circuit,Max Verstappen,VER,Red Bull,4.094968609567402,2,18,0,18
2026,2,Chinese Grand Prix,2026-03-15,Shanghai International Circuit,Lando Norris,NOR,McLaren,4.284061073154114,3,15,0,15
2026,2,Chinese Grand Prix,2026-03-15,Shanghai International Circuit,Andrea Kimi Antonelli,ANT,Mercedes,4.8188539987107815,4,12,0,12
2026,2,Chinese Grand Prix,2026-03-15,Shanghai International Circuit,Oscar Piastri,PIA,McLaren,5.61740337193164,5,10,0,10
2026,2,Chinese Grand Prix,2026-03-15,Shanghai International Circuit,Charles Leclerc,LEC,Ferrari,6.328126042093488,6,8,0,8
2026,2,Chinese Grand Prix,2026-03-15,Shanghai International Circuit,Lewis Hamilton,HAM,Ferrari,6.79597450056571,7,6,0,6
2026,2,Chinese Grand Prix,2026-03-15,Shanghai International Circuit,Isack Hadjar,HAD,Red Bull,9.416639400283383,8,4,0,4
2026,2,Chinese Grand Prix,2026-03-15,Shanghai International Circuit,Carlos Sainz,SAI,Williams,11.15794844436893,9,2,0,2
2026,2,Chinese Grand Prix,2026-03-15,Shanghai International Circuit,Arvid Lindblad,LIN,RB F1 Team,11.34767337152331,10,1,0,1
2026,2,Chinese Grand Prix,2026-03-15,Shanghai International Circuit,Oliver Bearman,BEA,Haas F1 Team,11.695384831605953,11,0,0,0
2026,2,Chinese Grand Prix,2026-03-15,Shanghai International Circuit,Esteban Ocon,OCO,Haas F1 Team,12.019854001507277,12,0,0,0
2026,2,Chinese Grand Prix,2026-03-15,Shanghai International Circuit,Liam Lawson,LAW,RB F1 Team,12.269013713158197,13,0,0,0
2026,2,Chinese Grand Prix,2026-03-15,Shanghai International Circuit,Fernando Alonso,ALO,Aston Martin,12.65603053014221,14,0,0,0
2026,2,Chinese Grand Prix,2026-03-15,Shanghai International Circuit,Alexander Albon,ALB,Williams,12.972095788417874,15,0,0,0
2026,2,Chinese Grand Prix,2026-03-15,Shanghai International Circuit,Nico Hülkenberg,HUL,Audi,13.225068558071069,16,0,0,0
2026,2,Chinese Grand Prix,2026-03-15,Shanghai International Circuit,Lance Stroll,STR,Aston Martin,13.814381626148414,17,0,0,0
2026,2,Chinese Grand Prix,2026-03-15,Shanghai International Circuit,Gabriel Bortoleto,BOR,Audi,13.895075409455616,18,0,0,0
2026,2,Chinese Grand Prix,2026-03-15,Shanghai International Circuit,Pierre Gasly,GAS,Alpine F1 Team,13.921514253549192,19,0,0,0
2026,2,Chinese Grand Prix,2026-03-15,Shanghai International Circuit,Franco Colapinto,COL,Alpine F1 Team,14.823144135892877,20,0,0,0
2026,2,Chinese Grand Prix,2026-03-15,Shanghai International Circuit,Sergio Pérez,PER,Cadillac F1 Team,15.821835930888168,21,0,0,0
2026,2,Chinese Grand Prix,2026-03-15,Shanghai International Circuit,Valtteri Bottas,BOT,Cadillac F1 Team,16.477816878454544,22,0,0,0
2026,3,Japanese Grand Prix,2026-03-29,Suzuka Circuit,Andrea Kimi Antonelli,ANT,Mercedes,3.7170353814553656,1,25,0,25
2026,3,Japanese Grand Prix,2026-03-29,Suzuka Circuit,George Russell,RUS,Mercedes,3.878487022259376,2,18,0,18
2026,3,Japanese Grand Prix,2026-03-29,Suzuka Circuit,Max Verstappen,VER,Red Bull,4.770367884108881,3,15,0,15
2026,3,Japanese Grand Prix,2026-03-29,Suzuka Circuit,Lando Norris,NOR,McLaren,5.907539195903346,4,12,0,12
2026,3,Japanese Grand Prix,2026-03-29,Suzuka Circuit,Charles Leclerc,LEC,Ferrari,6.031354262203149,5,10,0,10
2026,3,Japanese Grand Prix,2026-03-29,Suzuka Circuit,Lewis Hamilton,HAM,Ferrari,6.7189830967301365,6,8,0,8
2026,3,Japanese Grand Prix,2026-03-29,Suzuka Circuit,Oscar Piastri,PIA,McLaren,7.353834496900527,7,6,0,6
2026,3,Japanese Grand Prix,2026-03-29,Suzuka Circuit,Isack Hadjar,HAD,Red Bull,8.971586167015413,8,4,0,4
2026,3,Japanese Grand Prix,2026-03-29,Suzuka Circuit,Carlos Sainz,SAI,Williams,11.14574369819484,9,2,0,2
2026,3,Japanese Grand Prix,2026-03-29,Suzuka Circuit,Oliver Bearman,BEA,Haas F1 Team,11.866327955228266,10,1,0,1
2026,3,Japanese Grand Prix,2026-03-29,Suzuka Circuit,Liam Lawson,LAW,RB F1 Team,12.060642548640407,11,0,0,0
2026,3,Japanese Grand Prix,2026-03-29,Suzuka Circuit,Pierre Gasly,GAS,Alpine F1 Team,12.295407969137704,12,0,0,0
2026,3,Japanese Grand Prix,2026-03-29,Suzuka Circuit,Arvid Lindblad,LIN,RB F1 Team,12.30757711433743,13,0,0,0
2026,3,Japanese Grand Prix,2026-03-29,Suzuka Circuit,Esteban Ocon,OCO,Haas F1 Team,12.518623386661442,14,0,0,0
2026,3,Japanese Grand Prix,2026-03-29,Suzuka Circuit,Fernando Alonso,ALO,Aston Martin,12.804797397829894,15,0,0,0
2026,3,Japanese Grand Prix,2026-03-29,Suzuka Circuit,Alexander Albon,ALB,Williams,13.33453985331376,16,0,0,0
2026,3,Japanese Grand Prix,2026-03-29,Suzuka Circuit,Franco Colapinto,COL,Alpine F1 Team,13.489257263472602,17,0,0,0
2026,3,Japanese Grand Prix,2026-03-29,Suzuka Circuit,Lance Stroll,STR,Aston Martin,13.847013481996662,18,0,0,0
2026,3,Japanese Grand Prix,2026-03-29,Suzuka Circuit,Nico Hülkenberg,HUL,Audi,14.006120065431563,19,0,0,0
2026,3,Japanese Grand Prix,2026-03-29,Suzuka Circuit,Gabriel Bortoleto,BOR,Audi,14.670556267780816,20,0,0,0
2026,3,Japanese Grand Prix,2026-03-29,Suzuka Circuit,Sergio Pérez,PER,Cadillac F1 Team,15.712714637766808,21,0,0,0
2026,3,Japanese Grand Prix,2026-03-29,Suzuka Circuit,Valtteri Bottas,BOT,Cadillac F1 Team,16.301703780086623,22,0,0,0
2026,4,Miami Grand Prix,2026-05-03,Miami International Autodrome,Andrea Kimi Antonelli,ANT,Mercedes,3.579840598857836,1,25,0,25
2026,4,Miami Grand Prix,2026-05-03,Miami International Autodrome,George Russell,RUS,Mercedes,3.704844331463618,2,18,0,18
2026,4,Miami Grand Prix,2026-05-03,Miami International Autodrome,Max Verstappen,VER,Red Bull,5.447372087979764,3,15,0,15
2026,4,Miami Grand Prix,2026-05-03,Miami International Autodrome,Charles Leclerc,LEC,Ferrari,5.655110778772668,4,12,0,12
2026,4,Miami Grand Prix,2026-05-03,Miami International Autodrome,Lewis Hamilton,HAM,Ferrari,5.673691893540216,5,10,0,10
2026,4,Miami Grand Prix,2026-05-03,Miami International Autodrome,Lando Norris,NOR,McLaren,5.752015262735215,6,8,0,8
2026,4,Miami Grand Prix,2026-05-03,Miami International Autodrome,Oscar Piastri,PIA,McLaren,6.153451797384096,7,6,0,6
2026,4,Miami Grand Prix,2026-05-03,Miami International Autodrome,Isack Hadjar,HAD,Red Bull,10.040373600582594,8,4,0,4
2026,4,Miami Grand Prix,2026-05-03,Miami International Autodrome,Carlos Sainz,SAI,Williams,11.299708018909053,9,2,0,2
2026,4,Miami Grand Prix,2026-05-03,Miami International Autodrome,Pierre Gasly,GAS,Alpine F1 Team,12.022705093446383,10,1,0,1
2026,4,Miami Grand Prix,2026-05-03,Miami International Autodrome,Esteban Ocon,OCO,Haas F1 Team,12.354286117147865,11,0,0,0
2026,4,Miami Grand Prix,2026-05-03,Miami International Autodrome,Liam Lawson,LAW,RB F1 Team,12.38269654576809,12,0,0,0
2026,4,Miami Grand Prix,2026-05-03,Miami International Autodrome,Oliver Bearman,BEA,Haas F1 Team,12.39566487431774,13,0,0,0
2026,4,Miami Grand Prix,2026-05-03,Miami International Autodrome,Arvid Lindblad,LIN,RB F1 Team,12.545981521523052,14,0,0,0
2026,4,Miami Grand Prix,2026-05-03,Miami International Autodrome,Fernando Alonso,ALO,Aston Martin,13.26440831270353,15,0,0,0
2026,4,Miami Grand Prix,2026-05-03,Miami International Autodrome,Alexander Albon,ALB,Williams,13.522886572900244,16,0,0,0
2026,4,Miami Grand Prix,2026-05-03,Miami International Autodrome,Franco Colapinto,COL,Alpine F1 Team,13.629193819515232,17,0,0,0
2026,4,Miami Grand Prix,2026-05-03,Miami International Autodrome,Nico Hülkenberg,HUL,Audi,13.822402539582532,18,0,0,0
2026,4,Miami Grand Prix,2026-05-03,Miami International Autodrome,Gabriel Bortoleto,BOR,Audi,14.038522721791304,19,0,0,0
2026,4,Miami Grand Prix,2026-05-03,Miami International Autodrome,Lance Stroll,STR,Aston Martin,14.076077973803669,20,0,0,0
2026,4,Miami Grand Prix,2026-05-03,Miami International Autodrome,Sergio Pérez,PER,Cadillac F1 Team,14.958509316774894,21,0,0,0
2026,4,Miami Grand Prix,2026-05-03,Miami International Autodrome,Valtteri Bottas,BOT,Cadillac F1 Team,16.772535412439478,22,0,0,0
2026,5,Canadian Grand Prix,2026-05-24,Circuit Gilles Villeneuve,Andrea Kimi Antonelli,ANT,Mercedes,3.158881967774038,1,25,0,25
2026,5,Canadian Grand Prix,2026-05-24,Circuit Gilles Villeneuve,George Russell,RUS,Mercedes,3.609208836798031,2,18,0,18
2026,5,Canadian Grand Prix,2026-05-24,Circuit Gilles Villeneuve,Lewis Hamilton,HAM,Ferrari,5.365551481848277,3,15,0,15
2026,5,Canadian Grand Prix,2026-05-24,Circuit Gilles Villeneuve,Oscar Piastri,PIA,McLaren,5.739439651084536,4,12,0,12
2026,5,Canadian Grand Prix,2026-05-24,Circuit Gilles Villeneuve,Lando Norris,NOR,McLaren,5.749132081811447,5,10,0,10
2026,5,Canadian Grand Prix,2026-05-24,Circuit Gilles Villeneuve,Charles Leclerc,LEC,Ferrari,5.7853495834107616,6,8,0,8
2026,5,Canadian Grand Prix,2026-05-24,Circuit Gilles Villeneuve,Max Verstappen,VER,Red Bull,6.204819827819877,7,6,0,6
2026,5,Canadian Grand Prix,2026-05-24,Circuit Gilles Villeneuve,Isack Hadjar,HAD,Red Bull,9.952183699017509,8,4,0,4
2026,5,Canadian Grand Prix,2026-05-24,Circuit Gilles Villeneuve,Esteban Ocon,OCO,Haas F1 Team,11.776491242346712,9,2,0,2
2026,5,Canadian Grand Prix,2026-05-24,Circuit Gilles Villeneuve,Franco Colapinto,COL,Alpine F1 Team,11.927535680230491,10,1,0,1
2026,5,Canadian Grand Prix,2026-05-24,Circuit Gilles Villeneuve,Pierre Gasly,GAS,Alpine F1 Team,12.122855661597056,11,0,0,0
2026,5,Canadian Grand Prix,2026-05-24,Circuit Gilles Villeneuve,Oliver Bearman,BEA,Haas F1 Team,12.272843027855474,12,0,0,0
2026,5,Canadian Grand Prix,2026-05-24,Circuit Gilles Villeneuve,Liam Lawson,LAW,RB F1 Team,12.610996754119371,13,0,0,0
2026,5,Canadian Grand Prix,2026-05-24,Circuit Gilles Villeneuve,Arvid Lindblad,LIN,RB F1 Team,12.982008239976198,14,0,0,0
2026,5,Canadian Grand Prix,2026-05-24,Circuit Gilles Villeneuve,Carlos Sainz,SAI,Williams,13.04574014090011,15,0,0,0
2026,5,Canadian Grand Prix,2026-05-24,Circuit Gilles Villeneuve,Alexander Albon,ALB,Williams,13.80265271621298,16,0,0,0
2026,5,Canadian Grand Prix,2026-05-24,Circuit Gilles Villeneuve,Nico Hülkenberg,HUL,Audi,13.835858900093708,17,0,0,0
2026,5,Canadian Grand Prix,2026-05-24,Circuit Gilles Villeneuve,Gabriel Bortoleto,BOR,Audi,13.998262301308191,18,0,0,0
2026,5,Canadian Grand Prix,2026-05-24,Circuit Gilles Villeneuve,Fernando Alonso,ALO,Aston Martin,14.287306872932254,19,0,0,0
2026,5,Canadian Grand Prix,2026-05-24,Circuit Gilles Villeneuve,Lance Stroll,STR,Aston Martin,14.944751900636364,20,0,0,0
2026,5,Canadian Grand Prix,2026-05-24,Circuit Gilles Villeneuve,Valtteri Bottas,BOT,Cadillac F1 Team,16.13170398410449,21,0,0,0
2026,5,Canadian Grand Prix,2026-05-24,Circuit Gilles Villeneuve,Sergio Pérez,PER,Cadillac F1 Team,16.344659670588843,22,0,0,0
2026,6,Monaco Grand Prix,2026-06-07,Circuit de Monaco,Andrea Kimi Antonelli,ANT,Mercedes,3.5000524785626954,1,25,0,25
2026,6,Monaco Grand Prix,2026-06-07,Circuit de Monaco,George Russell,RUS,Mercedes,4.4173172886575,2,18,0,18
2026,6,Monaco Grand Prix,2026-06-07,Circuit de Monaco,Lewis Hamilton,HAM,Ferrari,5.137475682699666,3,15,0,15
2026,6,Monaco Grand Prix,2026-06-07,Circuit de Monaco,Charles Leclerc,LEC,Ferrari,5.751285484351037,4,12,0,12
2026,6,Monaco Grand Prix,2026-06-07,Circuit de Monaco,Lando Norris,NOR,McLaren,6.312922225243057,5,10,0,10
2026,6,Monaco Grand Prix,2026-06-07,Circuit de Monaco,Oscar Piastri,PIA,McLaren,7.495890093555546,6,8,0,8
2026,6,Monaco Grand Prix,2026-06-07,Circuit de Monaco,Max Verstappen,VER,Red Bull,7.619581531116444,7,6,0,6
2026,6,Monaco Grand Prix,2026-06-07,Circuit de Monaco,Isack Hadjar,HAD,Red Bull,8.818756693977189,8,4,0,4
2026,6,Monaco Grand Prix,2026-06-07,Circuit de Monaco,Pierre Gasly,GAS,Alpine F1 Team,10.242071544650427,9,2,0,2
2026,6,Monaco Grand Prix,2026-06-07,Circuit de Monaco,Franco Colapinto,COL,Alpine F1 Team,11.06282698182375,10,1,0,1
2026,6,Monaco Grand Prix,2026-06-07,Circuit de Monaco,Liam Lawson,LAW,RB F1 Team,11.38819249709726,11,0,0,0
2026,6,Monaco Grand Prix,2026-06-07,Circuit de Monaco,Carlos Sainz,SAI,Williams,11.909863151319655,12,0,0,0
2026,6,Monaco Grand Prix,2026-06-07,Circuit de Monaco,Oliver Bearman,BEA,Haas F1 Team,12.096234650457326,13,0,0,0
2026,6,Monaco Grand Prix,2026-06-07,Circuit de Monaco,Arvid Lindblad,LIN,RB F1 Team,12.836723867415651,14,0,0,0
2026,6,Monaco Grand Prix,2026-06-07,Circuit de Monaco,Esteban Ocon,OCO,Haas F1 Team,13.099311292060078,15,0,0,0
2026,6,Monaco Grand Prix,2026-06-07,Circuit de Monaco,Gabriel Bortoleto,BOR,Audi,13.320323514239254,16,0,0,0
2026,6,Monaco Grand Prix,2026-06-07,Circuit de Monaco,Alexander Albon,ALB,Williams,13.630180959634632,17,0,0,0
2026,6,Monaco Grand Prix,2026-06-07,Circuit de Monaco,Nico Hülkenberg,HUL,Audi,13.746906732498564,18,0,0,0
2026,6,Monaco Grand Prix,2026-06-07,Circuit de Monaco,Fernando Alonso,ALO,Aston Martin,15.656831010187728,19,0,0,0
2026,6,Monaco Grand Prix,2026-06-07,Circuit de Monaco,Lance Stroll,STR,Aston Martin,15.719855450123871,20,0,0,0
2026,6,Monaco Grand Prix,2026-06-07,Circuit de Monaco,Sergio Pérez,PER,Cadillac F1 Team,16.669745156285465,21,0,0,0
2026,6,Monaco Grand Prix,2026-06-07,Circuit de Monaco,Valtteri Bottas,BOT,Cadillac F1 Team,17.478586635042753,22,0,0,0
2026,7,Barcelona Grand Prix,2026-06-14,Circuit de Barcelona-Catalunya,Andrea Kimi Antonelli,ANT,Mercedes,3.602874847050309,1,25,0,25
2026,7,Barcelona Grand Prix,2026-06-14,Circuit de Barcelona-Catalunya,Lewis Hamilton,HAM,Ferrari,4.508037488826397,2,18,0,18
2026,7,Barcelona Grand Prix,2026-06-14,Circuit de Barcelona-Catalunya,George Russell,RUS,Mercedes,5.254971608424119,3,15,0,15
2026,7,Barcelona Grand Prix,2026-06-14,Circuit de Barcelona-Catalunya,Charles Leclerc,LEC,Ferrari,6.185667813641907,4,12,0,12
2026,7,Barcelona Grand Prix,2026-06-14,Circuit de Barcelona-Catalunya,Oscar Piastri,PIA,McLaren,6.207478039871126,5,10,0,10
2026,7,Barcelona Grand Prix,2026-06-14,Circuit de Barcelona-Catalunya,Lando Norris,NOR,McLaren,7.134708653782246,6,8,0,8
2026,7,Barcelona Grand Prix,2026-06-14,Circuit de Barcelona-Catalunya,Max Verstappen,VER,Red Bull,7.47670195283184,7,6,0,6
2026,7,Barcelona Grand Prix,2026-06-14,Circuit de Barcelona-Catalunya,Isack Hadjar,HAD,Red Bull,7.615883855309992,8,4,0,4
2026,7,Barcelona Grand Prix,2026-06-14,Circuit de Barcelona-Catalunya,Pierre Gasly,GAS,Alpine F1 Team,8.866115256186538,9,2,0,2
2026,7,Barcelona Grand Prix,2026-06-14,Circuit de Barcelona-Catalunya,Franco Colapinto,COL,Alpine F1 Team,10.571805636908737,10,1,0,1
2026,7,Barcelona Grand Prix,2026-06-14,Circuit de Barcelona-Catalunya,Liam Lawson,LAW,RB F1 Team,11.249805473180338,11,0,0,0
2026,7,Barcelona Grand Prix,2026-06-14,Circuit de Barcelona-Catalunya,Arvid Lindblad,LIN,RB F1 Team,12.06611127295442,12,0,0,0
2026,7,Barcelona Grand Prix,2026-06-14,Circuit de Barcelona-Catalunya,Oliver Bearman,BEA,Haas F1 Team,12.385108473475295,13,0,0,0
2026,7,Barcelona Grand Prix,2026-06-14,Circuit de Barcelona-Catalunya,Alexander Albon,ALB,Williams,12.81014893564217,14,0,0,0
2026,7,Barcelona Grand Prix,2026-06-14,Circuit de Barcelona-Catalunya,Esteban Ocon,OCO,Haas F1 Team,12.839532729545674,15,0,0,0
2026,7,Barcelona Grand Prix,2026-06-14,Circuit de Barcelona-Catalunya,Carlos Sainz,SAI,Williams,12.931995503741392,16,0,0,0
2026,7,Barcelona Grand Prix,2026-06-14,Circuit de Barcelona-Catalunya,Nico Hülkenberg,HUL,Audi,13.723210658441602,17,0,0,0
2026,7,Barcelona Grand Prix,2026-06-14,Circuit de Barcelona-Catalunya,Gabriel Bortoleto,BOR,Audi,13.760594603965092,18,0,0,0
2026,7,Barcelona Grand Prix,2026-06-14,Circuit de Barcelona-Catalunya,Fernando Alonso,ALO,Aston Martin,15.515644029775132,19,0,0,0
2026,7,Barcelona Grand Prix,2026-06-14,Circuit de Barcelona-Catalunya,Lance Stroll,STR,Aston Martin,15.773271772147613,20,0,0,0
2026,7,Barcelona Grand Prix,2026-06-14,Circuit de Barcelona-Catalunya,Sergio Pérez,PER,Cadillac F1 Team,16.445536028581223,21,0,0,0
2026,7,Barcelona Grand Prix,2026-06-14,Circuit de Barcelona-Catalunya,Valtteri Bottas,BOT,Cadillac F1 Team,17.11021189995531,22,0,0,0
2026,8,Austrian Grand Prix,2026-06-28,Red Bull Ring,Lewis Hamilton,HAM,Ferrari,4.24485425511499,1,25,0,25
2026,8,Austrian Grand Prix,2026-06-28,Red Bull Ring,Andrea Kimi Antonelli,ANT,Mercedes,4.253986504391118,2,18,0,18
2026,8,Austrian Grand Prix,2026-06-28,Red Bull Ring,Lando Norris,NOR,McLaren,4.6847219499743,3,15,0,15
2026,8,Austrian Grand Prix,2026-06-28,Red Bull Ring,George Russell,RUS,Mercedes,5.086214796230063,4,12,0,12
2026,8,Austrian Grand Prix,2026-06-28,Red Bull Ring,Oscar Piastri,PIA,McLaren,5.721169263405187,5,10,0,10
2026,8,Austrian Grand Prix,2026-06-28,Red Bull Ring,Charles Leclerc,LEC,Ferrari,6.546537285841043,6,8,0,8
2026,8,Austrian Grand Prix,2026-06-28,Red Bull Ring,Max Verstappen,VER,Red Bull,7.362109958287036,7,6,0,6
2026,8,Austrian Grand Prix,2026-06-28,Red Bull Ring,Isack Hadjar,HAD,Red Bull,7.749860387170865,8,4,0,4
2026,8,Austrian Grand Prix,2026-06-28,Red Bull Ring,Pierre Gasly,GAS,Alpine F1 Team,8.947213881027345,9,2,0,2
2026,8,Austrian Grand Prix,2026-06-28,Red Bull Ring,Liam Lawson,LAW,RB F1 Team,10.497301374955796,10,1,0,1
2026,8,Austrian Grand Prix,2026-06-28,Red Bull Ring,Franco Colapinto,COL,Alpine F1 Team,10.51716283214238,11,0,0,0
2026,8,Austrian Grand Prix,2026-06-28,Red Bull Ring,Arvid Lindblad,LIN,RB F1 Team,12.228753292675083,12,0,0,0
2026,8,Austrian Grand Prix,2026-06-28,Red Bull Ring,Gabriel Bortoleto,BOR,Audi,13.23353176991409,13,0,0,0
2026,8,Austrian Grand Prix,2026-06-28,Red Bull Ring,Alexander Albon,ALB,Williams,13.272396660948,14,0,0,0
2026,8,Austrian Grand Prix,2026-06-28,Red Bull Ring,Esteban Ocon,OCO,Haas F1 Team,13.429059351763469,15,0,0,0
2026,8,Austrian Grand Prix,2026-06-28,Red Bull Ring,Nico Hülkenberg,HUL,Audi,14.028788591425624,16,0,0,0
2026,8,Austrian Grand Prix,2026-06-28,Red Bull Ring,Oliver Bearman,BEA,Haas F1 Team,14.145169678676917,17,0,0,0
2026,8,Austrian Grand Prix,2026-06-28,Red Bull Ring,Carlos Sainz,SAI,Williams,15.017787275307311,18,0,0,0
2026,8,Austrian Grand Prix,2026-06-28,Red Bull Ring,Lance Stroll,STR,Aston Martin,16.57242069332658,19,0,0,0
2026,8,Austrian Grand Prix,2026-06-28,Red Bull Ring,Fernando Alonso,ALO,Aston Martin,16.666859081739556,20,0,0,0
2026,8,Austrian Grand Prix,2026-06-28,Red Bull Ring,Valtteri Bottas,BOT,Cadillac F1 Team,18.894095345266127,21,0,0,0
2026,8,Austrian Grand Prix,2026-06-28,Red Bull Ring,Sergio Pérez,PER,Cadillac F1 Team,18.938672665880254,22,0,0,0
2026,9,British Grand Prix,2026-07-05,Silverstone Circuit,Andrea Kimi Antonelli,ANT,Mercedes,3.878027298079537,1,25,0,25
2026,9,British Grand Prix,2026-07-05,Silverstone Circuit,Lewis Hamilton,HAM,Ferrari,4.273352403657028,2,18,0,18
2026,9,British Grand Prix,2026-07-05,Silverstone Circuit,George Russell,RUS,Mercedes,5.058268869853084,3,15,0,15
2026,9,British Grand Prix,2026-07-05,Silverstone Circuit,Lando Norris,NOR,McLaren,5.771964639892361,4,12,0,12
2026,9,British Grand Prix,2026-07-05,Silverstone Circuit,Oscar Piastri,PIA,McLaren,6.212842523862448,5,10,0,10
2026,9,British Grand Prix,2026-07-05,Silverstone Circuit,Charles Leclerc,LEC,Ferrari,6.895722309144776,6,8,0,8
2026,9,British Grand Prix,2026-07-05,Silverstone Circuit,Max Verstappen,VER,Red Bull,7.018942271751963,7,6,0,6
2026,9,British Grand Prix,2026-07-05,Silverstone Circuit,Isack Hadjar,HAD,Red Bull,7.3361116493394,8,4,0,4
2026,9,British Grand Prix,2026-07-05,Silverstone Circuit,Pierre Gasly,GAS,Alpine F1 Team,10.148331019551703,9,2,0,2
2026,9,British Grand Prix,2026-07-05,Silverstone Circuit,Franco Colapinto,COL,Alpine F1 Team,11.585637987018377,10,1,0,1
2026,9,British Grand Prix,2026-07-05,Silverstone Circuit,Liam Lawson,LAW,RB F1 Team,11.62522026872942,11,0,0,0
2026,9,British Grand Prix,2026-07-05,Silverstone Circuit,Arvid Lindblad,LIN,RB F1 Team,12.227831044348914,12,0,0,0
2026,9,British Grand Prix,2026-07-05,Silverstone Circuit,Alexander Albon,ALB,Williams,13.328749845407394,13,0,0,0
2026,9,British Grand Prix,2026-07-05,Silverstone Circuit,Esteban Ocon,OCO,Haas F1 Team,13.686109765751253,14,0,0,0
2026,9,British Grand Prix,2026-07-05,Silverstone Circuit,Gabriel Bortoleto,BOR,Audi,13.865958302576685,15,0,0,0
2026,9,British Grand Prix,2026-07-05,Silverstone Circuit,Oliver Bearman,BEA,Haas F1 Team,13.9675407995303,16,0,0,0
2026,9,British Grand Prix,2026-07-05,Silverstone Circuit,Nico Hülkenberg,HUL,Audi,14.377334438505263,17,0,0,0
2026,9,British Grand Prix,2026-07-05,Silverstone Circuit,Carlos Sainz,SAI,Williams,15.12493950606157,18,0,0,0
2026,9,British Grand Prix,2026-07-05,Silverstone Circuit,Fernando Alonso,ALO,Aston Martin,15.642640886610971,19,0,0,0
2026,9,British Grand Prix,2026-07-05,Silverstone Circuit,Sergio Pérez,PER,Cadillac F1 Team,15.861744327574243,20,0,0,0
2026,9,British Grand Prix,2026-07-05,Silverstone Circuit,Lance Stroll,STR,Aston Martin,15.981219392321869,21,0,0,0
2026,9,British Grand Prix,2026-07-05,Silverstone Circuit,Valtteri Bottas,BOT,Cadillac F1 Team,18.044634046293076,22,0,0,0
2026,10,Belgian Grand Prix,2026-07-19,Circuit de Spa-Francorchamps,Lewis Hamilton,HAM,Ferrari,3.893596158885964,1,25,0,25
2026,10,Belgian Grand Prix,2026-07-19,Circuit de Spa-Francorchamps,Andrea Kimi Antonelli,ANT,Mercedes,4.751328528838463,2,18,0,18
2026,10,Belgian Grand Prix,2026-07-19,Circuit de Spa-Francorchamps,George Russell,RUS,Mercedes,5.03660440319452,3,15,0,15
2026,10,Belgian Grand Prix,2026-07-19,Circuit de Spa-Francorchamps,Max Verstappen,VER,Red Bull,5.236355876769098,4,12,0,12
2026,10,Belgian Grand Prix,2026-07-19,Circuit de Spa-Francorchamps,Charles Leclerc,LEC,Ferrari,5.395229296111014,5,10,0,10
2026,10,Belgian Grand Prix,2026-07-19,Circuit de Spa-Francorchamps,Isack Hadjar,HAD,Red Bull,6.254545983024756,6,8,0,8
2026,10,Belgian Grand Prix,2026-07-19,Circuit de Spa-Francorchamps,Lando Norris,NOR,McLaren,6.854310824090467,7,6,0,6
2026,10,Belgian Grand Prix,2026-07-19,Circuit de Spa-Francorchamps,Oscar Piastri,PIA,McLaren,7.668088481419838,8,4,0,4
2026,10,Belgian Grand Prix,2026-07-19,Circuit de Spa-Francorchamps,Liam Lawson,LAW,RB F1 Team,9.22040361392522,9,2,0,2
2026,10,Belgian Grand Prix,2026-07-19,Circuit de Spa-Francorchamps,Arvid Lindblad,LIN,RB F1 Team,10.065146341207228,10,1,0,1
2026,10,Belgian Grand Prix,2026-07-19,Circuit de Spa-Francorchamps,Pierre Gasly,GAS,Alpine F1 Team,10.089533763013042,11,0,0,0
2026,10,Belgian Grand Prix,2026-07-19,Circuit de Spa-Francorchamps,Franco Colapinto,COL,Alpine F1 Team,11.534610668578242,12,0,0,0
2026,10,Belgian Grand Prix,2026-07-19,Circuit de Spa-Francorchamps,Gabriel Bortoleto,BOR,Audi,12.66723120961981,13,0,0,0
2026,10,Belgian Grand Prix,2026-07-19,Circuit de Spa-Francorchamps,Esteban Ocon,OCO,Haas F1 Team,13.063079558695357,14,0,0,0
2026,10,Belgian Grand Prix,2026-07-19,Circuit de Spa-Francorchamps,Oliver Bearman,BEA,Haas F1 Team,13.693726149227526,15,0,0,0
2026,10,Belgian Grand Prix,2026-07-19,Circuit de Spa-Francorchamps,Nico Hülkenberg,HUL,Audi,13.854058963252822,16,0,0,0
2026,10,Belgian Grand Prix,2026-07-19,Circuit de Spa-Francorchamps,Alexander Albon,ALB,Williams,14.596560289184016,17,0,0,0
2026,10,Belgian Grand Prix,2026-07-19,Circuit de Spa-Francorchamps,Carlos Sainz,SAI,Williams,15.699610631630032,18,0,0,0
2026,10,Belgian Grand Prix,2026-07-19,Circuit de Spa-Francorchamps,Lance Stroll,STR,Aston Martin,15.981219392321869,19,0,0,0
2026,10,Belgian Grand Prix,2026-07-19,Circuit de Spa-Francorchamps,Fernando Alonso,ALO,Aston Martin,16.01578135186226,20,0,0,0
2026,10,Belgian Grand Prix,2026-07-19,Circuit de Spa-Francorchamps,Sergio Pérez,PER,Cadillac F1 Team,17.055115421166633,21,0,0,0
2026,10,Belgian Grand Prix,2026-07-19,Circuit de Spa-Francorchamps,Valtteri Bottas,BOT,Cadillac F1 Team,18.025511371217448,22,0,0,0
2026,11,Hungarian Grand Prix,2026-07-26,Hungaroring,Lewis Hamilton,HAM,Ferrari,4.045276604508417,1,25,0,25
2026,11,Hungarian Grand Prix,2026-07-26,Hungaroring,Andrea Kimi Antonelli,ANT,Mercedes,4.2848626843406405,2,18,0,18
2026,11,Hungarian Grand Prix,2026-07-26,Hungaroring,George Russell,RUS,Mercedes,5.182204218822448,3,15,0,15
2026,11,Hungarian Grand Prix,2026-07-26,Hungaroring,Charles Leclerc,LEC,Ferrari,5.352621626097519,4,12,0,12
2026,11,Hungarian Grand Prix,2026-07-26,Hungaroring,Lando Norris,NOR,McLaren,5.476966589908957,5,10,0,10
2026,11,Hungarian Grand Prix,2026-07-26,Hungaroring,Max Verstappen,VER,Red Bull,5.668998932679049,6,8,0,8
2026,11,Hungarian Grand Prix,2026-07-26,Hungaroring,Oscar Piastri,PIA,McLaren,6.12891541188746,7,6,0,6
2026,11,Hungarian Grand Prix,2026-07-26,Hungaroring,Isack Hadjar,HAD,Red Bull,6.461632503552191,8,4,0,4
2026,11,Hungarian Grand Prix,2026-07-26,Hungaroring,Liam Lawson,LAW,RB F1 Team,10.23610339785293,9,2,0,2
2026,11,Hungarian Grand Prix,2026-07-26,Hungaroring,Arvid Lindblad,LIN,RB F1 Team,10.965042074887204,10,1,0,1
2026,11,Hungarian Grand Prix,2026-07-26,Hungaroring,Gabriel Bortoleto,BOR,Audi,11.277129915565574,11,0,0,0
2026,11,Hungarian Grand Prix,2026-07-26,Hungaroring,Pierre Gasly,GAS,Alpine F1 Team,11.453324299209116,12,0,0,0
2026,11,Hungarian Grand Prix,2026-07-26,Hungaroring,Franco Colapinto,COL,Alpine F1 Team,12.692177348618513,13,0,0,0
2026,11,Hungarian Grand Prix,2026-07-26,Hungaroring,Nico Hülkenberg,HUL,Audi,13.476540180525316,14,0,0,0
2026,11,Hungarian Grand Prix,2026-07-26,Hungaroring,Esteban Ocon,OCO,Haas F1 Team,14.227302300740693,15,0,0,0
2026,11,Hungarian Grand Prix,2026-07-26,Hungaroring,Fernando Alonso,ALO,Aston Martin,14.854869269286464,16,0,0,0
2026,11,Hungarian Grand Prix,2026-07-26,Hungaroring,Oliver Bearman,BEA,Haas F1 Team,14.879974597657716,17,0,0,0
2026,11,Hungarian Grand Prix,2026-07-26,Hungaroring,Alexander Albon,ALB,Williams,15.243391912668423,18,0,0,0
2026,11,Hungarian Grand Prix,2026-07-26,Hungaroring,Lance Stroll,STR,Aston Martin,15.661005064653873,19,0,0,0
2026,11,Hungarian Grand Prix,2026-07-26,Hungaroring,Carlos Sainz,SAI,Williams,15.71987780920129,20,0,0,0
2026,11,Hungarian Grand Prix,2026-07-26,Hungaroring,Sergio Pérez,PER,Cadillac F1 Team,17.70298470006712,21,0,0,0
2026,11,Hungarian Grand Prix,2026-07-26,Hungaroring,Valtteri Bottas,BOT,Cadillac F1 Team,18.643109710101704,22,0,0,0
2026,12,Dutch Grand Prix,2026-08-23,Circuit Park Zandvoort,Lewis Hamilton,HAM,Ferrari,3.916987329174976,1,25,0,25
2026,12,Dutch Grand Prix,2026-08-23,Circuit Park Zandvoort,George Russell,RUS,Mercedes,4.170490988335929,2,18,0,18
2026,12,Dutch Grand Prix,2026-08-23,Circuit Park Zandvoort,Lando Norris,NOR,McLaren,4.445061382674793,3,15,0,15
2026,12,Dutch Grand Prix,2026-08-23,Circuit Park Zandvoort,Max Verstappen,VER,Red Bull,4.930419243191306,4,12,0,12
2026,12,Dutch Grand Prix,2026-08-23,Circuit Park Zandvoort,Andrea Kimi Antonelli,ANT,Mercedes,5.273983370407905,5,10,0,10
2026,12,Dutch Grand Prix,2026-08-23,Circuit Park Zandvoort,Charles Leclerc,LEC,Ferrari,5.474644368421837,6,8,0,8
2026,12,Dutch Grand Prix,2026-08-23,Circuit Park Zandvoort,Oscar Piastri,PIA,McLaren,6.622667836043385,7,6,0,6
2026,12,Dutch Grand Prix,2026-08-23,Circuit Park Zandvoort,Liam Lawson,LAW,Red Bull,8.87692716685715,8,4,0,4
2026,12,Dutch Grand Prix,2026-08-23,Circuit Park Zandvoort,Pierre Gasly,GAS,Alpine F1 Team,11.93208046610682,9,2,0,2
2026,12,Dutch Grand Prix,2026-08-23,Circuit Park Zandvoort,Arvid Lindblad,LIN,RB F1 Team,12.048879260139948,10,1,0,1
2026,12,Dutch Grand Prix,2026-08-23,Circuit Park Zandvoort,Gabriel Bortoleto,BOR,Audi,12.493118990628313,11,0,0,0
2026,12,Dutch Grand Prix,2026-08-23,Circuit Park Zandvoort,Nico Hülkenberg,HUL,Audi,12.9766066482563,12,0,0,0
2026,12,Dutch Grand Prix,2026-08-23,Circuit Park Zandvoort,Franco Colapinto,COL,Alpine F1 Team,13.2107671737783,13,0,0,0
2026,12,Dutch Grand Prix,2026-08-23,Circuit Park Zandvoort,Yuki Tsunoda,TSU,RB F1 Team,13.760909096981448,14,0,0,0
2026,12,Dutch Grand Prix,2026-08-23,Circuit Park Zandvoort,Oliver Bearman,BEA,Haas F1 Team,13.986268911457389,15,0,0,0
2026,12,Dutch Grand Prix,2026-08-23,Circuit Park Zandvoort,Fernando Alonso,ALO,Aston Martin,14.713389290093996,16,0,0,0
2026,12,Dutch Grand Prix,2026-08-23,Circuit Park Zandvoort,Carlos Sainz,SAI,Williams,14.769120478461302,17,0,0,0
2026,12,Dutch Grand Prix,2026-08-23,Circuit Park Zandvoort,Sergio Pérez,PER,Cadillac F1 Team,14.902807065244897,18,0,0,0
2026,12,Dutch Grand Prix,2026-08-23,Circuit Park Zandvoort,Esteban Ocon,OCO,Haas F1 Team,14.921090046159655,19,0,0,0
2026,12,Dutch Grand Prix,2026-08-23,Circuit Park Zandvoort,Lance Stroll,STR,Aston Martin,15.612000729515572,20,0,0,0
2026,12,Dutch Grand Prix,2026-08-23,Circuit Park Zandvoort,Alexander Albon,ALB,Williams,15.71293383499468,21,0,0,0
2026,12,Dutch Grand Prix,2026-08-23,Circuit Park Zandvoort,Valtteri Bottas,BOT,Cadillac F1 Team,16.576759376996456,22,0,0,0
