season,round,race_name,race_date,circuit_name,driver_name,driver_code,team_name,model_prediction,predicted_position
2014,1,Australian Grand Prix,2014-03-16,Albert Park Grand Prix Circuit,Lewis Hamilton,HAM,Mercedes,6.0269559400419395,1
2014,1,Australian Grand Prix,2014-03-16,Albert Park Grand Prix Circuit,Daniel Ricciardo,RIC,Red Bull,6.396439057281331,2
2014,1,Australian Grand Prix,2014-03-16,Albert Park Grand Prix Circuit,Nico Rosberg,ROS,Mercedes,6.515318288922449,3
2014,1,Australian Grand Prix,2014-03-16,Albert Park Grand Prix Circuit,Kevin Magnussen,MAG,McLaren,7.590469823615052,4
2014,1,Australian Grand Prix,2014-03-16,Albert Park Grand Prix Circuit,Fernando Alonso,ALO,Ferrari,7.762045870674779,5
2014,1,Australian Grand Prix,2014-03-16,Albert Park Grand Prix Circuit,Jean-Éric Vergne,VER,Toro Rosso,9.193531289092633,6
2014,1,Australian Grand Prix,2014-03-16,Albert Park Grand Prix Circuit,Nico Hülkenberg,HUL,Force India,9.19869334100321,7
2014,1,Australian Grand Prix,2014-03-16,Albert Park Grand Prix Circuit,Jenson Button,BUT,McLaren,9.922132825669859,8
2014,1,Australian Grand Prix,2014-03-16,Albert Park Grand Prix Circuit,Felipe Massa,MAS,Williams,10.574275472253603,9
2014,1,Australian Grand Prix,2014-03-16,Albert Park Grand Prix Circuit,Daniil Kvyat,KVY,Toro Rosso,10.869184955518298,10
2014,1,Australian Grand Prix,2014-03-16,Albert Park Grand Prix Circuit,Sebastian Vettel,VET,Red Bull,10.894248020853746,11
2014,1,Australian Grand Prix,2014-03-16,Albert Park Grand Prix Circuit,Kimi Räikkönen,RAI,Ferrari,10.964993068826166,12
2014,1,Australian Grand Prix,2014-03-16,Albert Park Grand Prix Circuit,Valtteri Bottas,BOT,Williams,11.637739270891094,13
2014,1,Australian Grand Prix,2014-03-16,Albert Park Grand Prix Circuit,Sergio Pérez,PER,Force India,12.171585786484178,14
2014,1,Australian Grand Prix,2014-03-16,Albert Park Grand Prix Circuit,Adrian Sutil,SUT,Sauber,13.613684717573339,15
2014,1,Australian Grand Prix,2014-03-16,Albert Park Grand Prix Circuit,Kamui Kobayashi,KOB,Caterham,14.27585270677729,16
2014,1,Australian Grand Prix,2014-03-16,Albert Park Grand Prix Circuit,Jules Bianchi,BIA,Marussia,14.408602864886298,17
2014,1,Australian Grand Prix,2014-03-16,Albert Park Grand Prix Circuit,Esteban Gutiérrez,GUT,Sauber,14.483792561563286,18
2014,1,Australian Grand Prix,2014-03-16,Albert Park Grand Prix Circuit,Pastor Maldonado,MAL,Lotus F1,14.685176325776771,19
2014,1,Australian Grand Prix,2014-03-16,Albert Park Grand Prix Circuit,Max Chilton,CHI,Marussia,14.86998298650361,20
2014,1,Australian Grand Prix,2014-03-16,Albert Park Grand Prix Circuit,Romain Grosjean,GRO,Lotus F1,14.917555642647974,21
2014,1,Australian Grand Prix,2014-03-16,Albert Park Grand Prix Circuit,Marcus Ericsson,ERI,Caterham,15.642722995178541,22
2014,2,Malaysian Grand Prix,2014-03-30,Sepang International Circuit,Nico Rosberg,ROS,Mercedes,3.381344625692665,1
2014,2,Malaysian Grand Prix,2014-03-30,Sepang International Circuit,Lewis Hamilton,HAM,Mercedes,3.6798156008600964,2
2014,2,Malaysian Grand Prix,2014-03-30,Sepang International Circuit,Fernando Alonso,ALO,Ferrari,4.861439930851155,3
2014,2,Malaysian Grand Prix,2014-03-30,Sepang International Circuit,Kimi Räikkönen,RAI,Ferrari,6.084315463246565,4
2014,2,Malaysian Grand Prix,2014-03-30,Sepang International Circuit,Sebastian Vettel,VET,Red Bull,6.647794800753934,5
2014,2,Malaysian Grand Prix,2014-03-30,Sepang International Circuit,Nico Hülkenberg,HUL,Force India,7.279002613907157,6
2014,2,Malaysian Grand Prix,2014-03-30,Sepang International Circuit,Kevin Magnussen,MAG,McLaren,8.202982663519618,7
2014,2,Malaysian Grand Prix,2014-03-30,Sepang International Circuit,Jenson Button,BUT,McLaren,8.817886080909688,8
2014,2,Malaysian Grand Prix,2014-03-30,Sepang International Circuit,Daniel Ricciardo,RIC,Red Bull,9.243660755372746,9
2014,2,Malaysian Grand Prix,2014-03-30,Sepang International Circuit,Jean-Éric Vergne,VER,Toro Rosso,10.538199309706036,10
2014,2,Malaysian Grand Prix,2014-03-30,Sepang International Circuit,Valtteri Bottas,BOT,Williams,10.741776237547825,11
2014,2,Malaysian Grand Prix,2014-03-30,Sepang International Circuit,Felipe Massa,MAS,Williams,10.892779772739422,12
2014,2,Malaysian Grand Prix,2014-03-30,Sepang International Circuit,Sergio Pérez,PER,Force India,11.86540548567242,13
2014,2,Malaysian Grand Prix,2014-03-30,Sepang International Circuit,Daniil Kvyat,KVY,Toro Rosso,12.118121491107878,14
2014,2,Malaysian Grand Prix,2014-03-30,Sepang International Circuit,Esteban Gutiérrez,GUT,Sauber,13.249387530893456,15
2014,2,Malaysian Grand Prix,2014-03-30,Sepang International Circuit,Romain Grosjean,GRO,Lotus F1,15.104794512848915,16
2014,2,Malaysian Grand Prix,2014-03-30,Sepang International Circuit,Max Chilton,CHI,Marussia,15.324451688393772,17
2014,2,Malaysian Grand Prix,2014-03-30,Sepang International Circuit,Pastor Maldonado,MAL,Lotus F1,15.509651425057688,18
2014,2,Malaysian Grand Prix,2014-03-30,Sepang International Circuit,Jules Bianchi,BIA,Marussia,15.66836801076045,19
2014,2,Malaysian Grand Prix,2014-03-30,Sepang International Circuit,Adrian Sutil,SUT,Sauber,15.745877944766333,20
2014,2,Malaysian Grand Prix,2014-03-30,Sepang International Circuit,Kamui Kobayashi,KOB,Caterham,16.367414006815526,21
2014,2,Malaysian Grand Prix,2014-03-30,Sepang International Circuit,Marcus Ericsson,ERI,Caterham,17.009286929163824,22
2014,3,Bahrain Grand Prix,2014-04-06,Bahrain International Circuit,Lewis Hamilton,HAM,Mercedes,2.384468235726991,1
2014,3,Bahrain Grand Prix,2014-04-06,Bahrain International Circuit,Nico Rosberg,ROS,Mercedes,2.553068743665232,2
2014,3,Bahrain Grand Prix,2014-04-06,Bahrain International Circuit,Valtteri Bottas,BOT,Williams,5.2320105371467855,3
2014,3,Bahrain Grand Prix,2014-04-06,Bahrain International Circuit,Sergio Pérez,PER,Force India,6.110988635051644,4
2014,3,Bahrain Grand Prix,2014-04-06,Bahrain International Circuit,Jenson Button,BUT,McLaren,6.461897272687231,5
2014,3,Bahrain Grand Prix,2014-04-06,Bahrain International Circuit,Fernando Alonso,ALO,Ferrari,7.543119842103088,6
2014,3,Bahrain Grand Prix,2014-04-06,Bahrain International Circuit,Kimi Räikkönen,RAI,Ferrari,7.839447488088948,7
2014,3,Bahrain Grand Prix,2014-04-06,Bahrain International Circuit,Felipe Massa,MAS,Williams,8.643179736727772,8
2014,3,Bahrain Grand Prix,2014-04-06,Bahrain International Circuit,Kevin Magnussen,MAG,McLaren,8.750979181140023,9
2014,3,Bahrain Grand Prix,2014-04-06,Bahrain International Circuit,Nico Hülkenberg,HUL,Force India,9.49516950227172,10
2014,3,Bahrain Grand Prix,2014-04-06,Bahrain International Circuit,Sebastian Vettel,VET,Red Bull,9.923020441967482,11
2014,3,Bahrain Grand Prix,2014-04-06,Bahrain International Circuit,Daniel Ricciardo,RIC,Red Bull,10.02857272859684,12
2014,3,Bahrain Grand Prix,2014-04-06,Bahrain International Circuit,Daniil Kvyat,KVY,Toro Rosso,12.367271038977503,13
2014,3,Bahrain Grand Prix,2014-04-06,Bahrain International Circuit,Jean-Éric Vergne,VER,Toro Rosso,13.327858658477428,14
2014,3,Bahrain Grand Prix,2014-04-06,Bahrain International Circuit,Esteban Gutiérrez,GUT,Sauber,15.100793694418341,15
2014,3,Bahrain Grand Prix,2014-04-06,Bahrain International Circuit,Romain Grosjean,GRO,Lotus F1,15.405875894766362,16
2014,3,Bahrain Grand Prix,2014-04-06,Bahrain International Circuit,Pastor Maldonado,MAL,Lotus F1,15.683226393889473,17
2014,3,Bahrain Grand Prix,2014-04-06,Bahrain International Circuit,Jules Bianchi,BIA,Marussia,16.281238956591046,18
2014,3,Bahrain Grand Prix,2014-04-06,Bahrain International Circuit,Max Chilton,CHI,Marussia,16.496126656204655,19
2014,3,Bahrain Grand Prix,2014-04-06,Bahrain International Circuit,Adrian Sutil,SUT,Sauber,16.742477801657124,20
2014,3,Bahrain Grand Prix,2014-04-06,Bahrain International Circuit,Kamui Kobayashi,KOB,Caterham,17.331203835928683,21
2014,3,Bahrain Grand Prix,2014-04-06,Bahrain International Circuit,Marcus Ericsson,ERI,Caterham,17.849794058495455,22
2014,4,Chinese Grand Prix,2014-04-20,Shanghai International Circuit,Lewis Hamilton,HAM,Mercedes,2.5836216641405487,1
2014,4,Chinese Grand Prix,2014-04-20,Shanghai International Circuit,Nico Rosberg,ROS,Mercedes,4.087393833563199,2
2014,4,Chinese Grand Prix,2014-04-20,Shanghai International Circuit,Daniel Ricciardo,RIC,Red Bull,4.487347753705127,3
2014,4,Chinese Grand Prix,2014-04-20,Shanghai International Circuit,Sebastian Vettel,VET,Red Bull,5.014442615876513,4
2014,4,Chinese Grand Prix,2014-04-20,Shanghai International Circuit,Fernando Alonso,ALO,Ferrari,6.183883659200369,5
2014,4,Chinese Grand Prix,2014-04-20,Shanghai International Circuit,Felipe Massa,MAS,Williams,7.160867102280445,6
2014,4,Chinese Grand Prix,2014-04-20,Shanghai International Circuit,Nico Hülkenberg,HUL,Force India,7.37890639792639,7
2014,4,Chinese Grand Prix,2014-04-20,Shanghai International Circuit,Valtteri Bottas,BOT,Williams,8.178516272660833,8
2014,4,Chinese Grand Prix,2014-04-20,Shanghai International Circuit,Jenson Button,BUT,McLaren,9.014575663948502,9
2014,4,Chinese Grand Prix,2014-04-20,Shanghai International Circuit,Kimi Räikkönen,RAI,Ferrari,10.506691716129913,10
2014,4,Chinese Grand Prix,2014-04-20,Shanghai International Circuit,Jean-Éric Vergne,VER,Toro Rosso,10.956492789873046,11
2014,4,Chinese Grand Prix,2014-04-20,Shanghai International Circuit,Sergio Pérez,PER,Force India,11.062752181519153,12
2014,4,Chinese Grand Prix,2014-04-20,Shanghai International Circuit,Kevin Magnussen,MAG,McLaren,11.178604909283198,13
2014,4,Chinese Grand Prix,2014-04-20,Shanghai International Circuit,Romain Grosjean,GRO,Lotus F1,11.738421489052781,14
2014,4,Chinese Grand Prix,2014-04-20,Shanghai International Circuit,Daniil Kvyat,KVY,Toro Rosso,12.503308518575784,15
2014,4,Chinese Grand Prix,2014-04-20,Shanghai International Circuit,Pastor Maldonado,MAL,Lotus F1,15.087666833895275,16
2014,4,Chinese Grand Prix,2014-04-20,Shanghai International Circuit,Esteban Gutiérrez,GUT,Sauber,15.879533518821303,17
2014,4,Chinese Grand Prix,2014-04-20,Shanghai International Circuit,Jules Bianchi,BIA,Marussia,16.111109959414925,18
2014,4,Chinese Grand Prix,2014-04-20,Shanghai International Circuit,Max Chilton,CHI,Marussia,16.31174039065613,19
2014,4,Chinese Grand Prix,2014-04-20,Shanghai International Circuit,Adrian Sutil,SUT,Sauber,16.360569915648043,20
2014,4,Chinese Grand Prix,2014-04-20,Shanghai International Circuit,Kamui Kobayashi,KOB,Caterham,17.442154743917527,21
2014,4,Chinese Grand Prix,2014-04-20,Shanghai International Circuit,Marcus Ericsson,ERI,Caterham,17.828444531389884,22
2014,5,Spanish Grand Prix,2014-05-11,Circuit de Barcelona-Catalunya,Lewis Hamilton,HAM,Mercedes,1.652132324348185,1
2014,5,Spanish Grand Prix,2014-05-11,Circuit de Barcelona-Catalunya,Nico Rosberg,ROS,Mercedes,2.849786296493736,2
2014,5,Spanish Grand Prix,2014-05-11,Circuit de Barcelona-Catalunya,Daniel Ricciardo,RIC,Red Bull,4.852048707276326,3
2014,5,Spanish Grand Prix,2014-05-11,Circuit de Barcelona-Catalunya,Fernando Alonso,ALO,Ferrari,6.4065319827816,4
2014,5,Spanish Grand Prix,2014-05-11,Circuit de Barcelona-Catalunya,Valtteri Bottas,BOT,Williams,6.790646658406285,5
2014,5,Spanish Grand Prix,2014-05-11,Circuit de Barcelona-Catalunya,Kimi Räikkönen,RAI,Ferrari,7.791936062976456,6
2014,5,Spanish Grand Prix,2014-05-11,Circuit de Barcelona-Catalunya,Jenson Button,BUT,McLaren,7.854461242529332,7
2014,5,Spanish Grand Prix,2014-05-11,Circuit de Barcelona-Catalunya,Sebastian Vettel,VET,Red Bull,9.258723044316172,8
2014,5,Spanish Grand Prix,2014-05-11,Circuit de Barcelona-Catalunya,Kevin Magnussen,MAG,McLaren,9.351502783819386,9
2014,5,Spanish Grand Prix,2014-05-11,Circuit de Barcelona-Catalunya,Felipe Massa,MAS,Williams,9.414057443451615,10
2014,5,Spanish Grand Prix,2014-05-11,Circuit de Barcelona-Catalunya,Romain Grosjean,GRO,Lotus F1,9.427549965038333,11
2014,5,Spanish Grand Prix,2014-05-11,Circuit de Barcelona-Catalunya,Nico Hülkenberg,HUL,Force India,10.010129750648511,12
2014,5,Spanish Grand Prix,2014-05-11,Circuit de Barcelona-Catalunya,Sergio Pérez,PER,Force India,10.298012149361375,13
2014,5,Spanish Grand Prix,2014-05-11,Circuit de Barcelona-Catalunya,Daniil Kvyat,KVY,Toro Rosso,12.740539237840164,14
2014,5,Spanish Grand Prix,2014-05-11,Circuit de Barcelona-Catalunya,Jean-Éric Vergne,VER,Toro Rosso,14.12406013657321,15
2014,5,Spanish Grand Prix,2014-05-11,Circuit de Barcelona-Catalunya,Pastor Maldonado,MAL,Lotus F1,14.316124534202004,16
2014,5,Spanish Grand Prix,2014-05-11,Circuit de Barcelona-Catalunya,Esteban Gutiérrez,GUT,Sauber,14.717289070486181,17
2014,5,Spanish Grand Prix,2014-05-11,Circuit de Barcelona-Catalunya,Adrian Sutil,SUT,Sauber,15.580362553596824,18
2014,5,Spanish Grand Prix,2014-05-11,Circuit de Barcelona-Catalunya,Jules Bianchi,BIA,Marussia,16.102257252470245,19
2014,5,Spanish Grand Prix,2014-05-11,Circuit de Barcelona-Catalunya,Max Chilton,CHI,Marussia,16.324760523094092,20
2014,5,Spanish Grand Prix,2014-05-11,Circuit de Barcelona-Catalunya,Kamui Kobayashi,KOB,Caterham,17.338744114542305,21
2014,5,Spanish Grand Prix,2014-05-11,Circuit de Barcelona-Catalunya,Marcus Ericsson,ERI,Caterham,17.826900635443977,22
2014,6,Monaco Grand Prix,2014-05-25,Circuit de Monaco,Lewis Hamilton,HAM,Mercedes,1.948849877176689,1
2014,6,Monaco Grand Prix,2014-05-25,Circuit de Monaco,Sebastian Vettel,VET,Red Bull,3.64922866261697,2
2014,6,Monaco Grand Prix,2014-05-25,Circuit de Monaco,Nico Rosberg,ROS,Mercedes,3.8084905594786216,3
2014,6,Monaco Grand Prix,2014-05-25,Circuit de Monaco,Daniel Ricciardo,RIC,Red Bull,4.563563994424858,4
2014,6,Monaco Grand Prix,2014-05-25,Circuit de Monaco,Fernando Alonso,ALO,Ferrari,5.641826952220563,5
2014,6,Monaco Grand Prix,2014-05-25,Circuit de Monaco,Kimi Räikkönen,RAI,Ferrari,8.307565181577674,6
2014,6,Monaco Grand Prix,2014-05-25,Circuit de Monaco,Sergio Pérez,PER,Force India,8.690879593367727,7
2014,6,Monaco Grand Prix,2014-05-25,Circuit de Monaco,Kevin Magnussen,MAG,McLaren,9.402250056624982,8
2014,6,Monaco Grand Prix,2014-05-25,Circuit de Monaco,Jean-Éric Vergne,VER,Toro Rosso,9.883837445984055,9
2014,6,Monaco Grand Prix,2014-05-25,Circuit de Monaco,Nico Hülkenberg,HUL,Force India,9.95208591742165,10
2014,6,Monaco Grand Prix,2014-05-25,Circuit de Monaco,Jenson Button,BUT,McLaren,10.487544674202736,11
2014,6,Monaco Grand Prix,2014-05-25,Circuit de Monaco,Valtteri Bottas,BOT,Williams,10.8510297074997,12
2014,6,Monaco Grand Prix,2014-05-25,Circuit de Monaco,Daniil Kvyat,KVY,Toro Rosso,11.973594819966742,13
2014,6,Monaco Grand Prix,2014-05-25,Circuit de Monaco,Felipe Massa,MAS,Williams,12.430691210927826,14
2014,6,Monaco Grand Prix,2014-05-25,Circuit de Monaco,Romain Grosjean,GRO,Lotus F1,14.359641302047432,15
2014,6,Monaco Grand Prix,2014-05-25,Circuit de Monaco,Pastor Maldonado,MAL,Lotus F1,15.016285626475947,16
2014,6,Monaco Grand Prix,2014-05-25,Circuit de Monaco,Esteban Gutiérrez,GUT,Sauber,15.60121686741057,17
2014,6,Monaco Grand Prix,2014-05-25,Circuit de Monaco,Kamui Kobayashi,KOB,Caterham,15.947715129702503,18
2014,6,Monaco Grand Prix,2014-05-25,Circuit de Monaco,Jules Bianchi,BIA,Marussia,16.00610823174581,19
2014,6,Monaco Grand Prix,2014-05-25,Circuit de Monaco,Adrian Sutil,SUT,Sauber,16.40588708587744,20
2014,6,Monaco Grand Prix,2014-05-25,Circuit de Monaco,Max Chilton,CHI,Marussia,16.75618042745841,21
2014,6,Monaco Grand Prix,2014-05-25,Circuit de Monaco,Marcus Ericsson,ERI,Caterham,17.19559787018684,22
2014,7,Canadian Grand Prix,2014-06-08,Circuit Gilles Villeneuve,Lewis Hamilton,HAM,Mercedes,2.0299729172684047,1
2014,7,Canadian Grand Prix,2014-06-08,Circuit Gilles Villeneuve,Nico Rosberg,ROS,Mercedes,2.5963216034334287,2
2014,7,Canadian Grand Prix,2014-06-08,Circuit Gilles Villeneuve,Sebastian Vettel,VET,Red Bull,3.9165815109728808,3
2014,7,Canadian Grand Prix,2014-06-08,Circuit Gilles Villeneuve,Daniel Ricciardo,RIC,Red Bull,5.784785567070648,4
2014,7,Canadian Grand Prix,2014-06-08,Circuit Gilles Villeneuve,Valtteri Bottas,BOT,Williams,6.220570658683512,5
2014,7,Canadian Grand Prix,2014-06-08,Circuit Gilles Villeneuve,Fernando Alonso,ALO,Ferrari,6.428205941999987,6
2014,7,Canadian Grand Prix,2014-06-08,Circuit Gilles Villeneuve,Felipe Massa,MAS,Williams,8.655111632952039,7
2014,7,Canadian Grand Prix,2014-06-08,Circuit Gilles Villeneuve,Kimi Räikkönen,RAI,Ferrari,9.32812911026592,8
2014,7,Canadian Grand Prix,2014-06-08,Circuit Gilles Villeneuve,Nico Hülkenberg,HUL,Force India,10.215034359148675,9
2014,7,Canadian Grand Prix,2014-06-08,Circuit Gilles Villeneuve,Jenson Button,BUT,McLaren,10.665784418293988,10
2014,7,Canadian Grand Prix,2014-06-08,Circuit Gilles Villeneuve,Jean-Éric Vergne,VER,Toro Rosso,10.875270799262903,11
2014,7,Canadian Grand Prix,2014-06-08,Circuit Gilles Villeneuve,Sergio Pérez,PER,Force India,11.259656013814011,12
2014,7,Canadian Grand Prix,2014-06-08,Circuit Gilles Villeneuve,Kevin Magnussen,MAG,McLaren,11.933311536100067,13
2014,7,Canadian Grand Prix,2014-06-08,Circuit Gilles Villeneuve,Romain Grosjean,GRO,Lotus F1,13.899586691017364,14
2014,7,Canadian Grand Prix,2014-06-08,Circuit Gilles Villeneuve,Daniil Kvyat,KVY,Toro Rosso,14.718041973557927,15
2014,7,Canadian Grand Prix,2014-06-08,Circuit Gilles Villeneuve,Adrian Sutil,SUT,Sauber,14.797128643107772,16
2014,7,Canadian Grand Prix,2014-06-08,Circuit Gilles Villeneuve,Pastor Maldonado,MAL,Lotus F1,15.05160206586726,17
2014,7,Canadian Grand Prix,2014-06-08,Circuit Gilles Villeneuve,Esteban Gutiérrez,GUT,Sauber,16.05044936433315,18
2014,7,Canadian Grand Prix,2014-06-08,Circuit Gilles Villeneuve,Max Chilton,CHI,Marussia,16.063747413589553,19
2014,7,Canadian Grand Prix,2014-06-08,Circuit Gilles Villeneuve,Kamui Kobayashi,KOB,Caterham,17.177083396999258,20
2014,7,Canadian Grand Prix,2014-06-08,Circuit Gilles Villeneuve,Jules Bianchi,BIA,Marussia,17.406326697392164,21
2014,7,Canadian Grand Prix,2014-06-08,Circuit Gilles Villeneuve,Marcus Ericsson,ERI,Caterham,17.81657930545777,22
2014,8,Austrian Grand Prix,2014-06-22,Red Bull Ring,Nico Rosberg,ROS,Mercedes,3.3080630196544276,1
2014,8,Austrian Grand Prix,2014-06-22,Red Bull Ring,Fernando Alonso,ALO,Ferrari,4.551633188410045,2
2014,8,Austrian Grand Prix,2014-06-22,Red Bull Ring,Valtteri Bottas,BOT,Williams,5.640343942363924,3
2014,8,Austrian Grand Prix,2014-06-22,Red Bull Ring,Lewis Hamilton,HAM,Mercedes,5.784137810837543,4
2014,8,Austrian Grand Prix,2014-06-22,Red Bull Ring,Daniel Ricciardo,RIC,Red Bull,6.1850019824557005,5
2014,8,Austrian Grand Prix,2014-06-22,Red Bull Ring,Felipe Massa,MAS,Williams,6.241878284533605,6
2014,8,Austrian Grand Prix,2014-06-22,Red Bull Ring,Kevin Magnussen,MAG,McLaren,8.892155472946431,7
2014,8,Austrian Grand Prix,2014-06-22,Red Bull Ring,Kimi Räikkönen,RAI,Ferrari,9.378535125043202,8
2014,8,Austrian Grand Prix,2014-06-22,Red Bull Ring,Nico Hülkenberg,HUL,Force India,9.59965027776968,9
2014,8,Austrian Grand Prix,2014-06-22,Red Bull Ring,Sebastian Vettel,VET,Red Bull,9.646662133232748,10
2014,8,Austrian Grand Prix,2014-06-22,Red Bull Ring,Sergio Pérez,PER,Force India,9.74600935433631,11
2014,8,Austrian Grand Prix,2014-06-22,Red Bull Ring,Daniil Kvyat,KVY,Toro Rosso,9.860432720718105,12
2014,8,Austrian Grand Prix,2014-06-22,Red Bull Ring,Jenson Button,BUT,McLaren,11.06396986784479,13
2014,8,Austrian Grand Prix,2014-06-22,Red Bull Ring,Jean-Éric Vergne,VER,Toro Rosso,13.922570844166536,14
2014,8,Austrian Grand Prix,2014-06-22,Red Bull Ring,Pastor Maldonado,MAL,Lotus F1,14.299177530793246,15
2014,8,Austrian Grand Prix,2014-06-22,Red Bull Ring,Romain Grosjean,GRO,Lotus F1,15.027426091451769,16
2014,8,Austrian Grand Prix,2014-06-22,Red Bull Ring,Adrian Sutil,SUT,Sauber,15.258607372560025,17
2014,8,Austrian Grand Prix,2014-06-22,Red Bull Ring,Esteban Gutiérrez,GUT,Sauber,15.806545863284208,18
2014,8,Austrian Grand Prix,2014-06-22,Red Bull Ring,Max Chilton,CHI,Marussia,16.202489260846548,19
2014,8,Austrian Grand Prix,2014-06-22,Red Bull Ring,Jules Bianchi,BIA,Marussia,16.756180905590707,20
2014,8,Austrian Grand Prix,2014-06-22,Red Bull Ring,Kamui Kobayashi,KOB,Caterham,17.33936059795311,21
2014,8,Austrian Grand Prix,2014-06-22,Red Bull Ring,Marcus Ericsson,ERI,Caterham,17.35274445467933,22
2014,9,British Grand Prix,2014-07-06,Silverstone Circuit,Nico Rosberg,ROS,Mercedes,2.996739445612248,1
2014,9,British Grand Prix,2014-07-06,Silverstone Circuit,Sebastian Vettel,VET,Red Bull,3.2943453663861573,2
2014,9,British Grand Prix,2014-07-06,Silverstone Circuit,Lewis Hamilton,HAM,Mercedes,4.837972493999825,3
2014,9,British Grand Prix,2014-07-06,Silverstone Circuit,Nico Hülkenberg,HUL,Force India,6.5445043116667145,4
2014,9,British Grand Prix,2014-07-06,Silverstone Circuit,Jenson Button,BUT,McLaren,6.55224601108967,5
2014,9,British Grand Prix,2014-07-06,Silverstone Circuit,Daniel Ricciardo,RIC,Red Bull,6.574293359892864,6
2014,9,British Grand Prix,2014-07-06,Silverstone Circuit,Sergio Pérez,PER,Force India,8.37098497801753,7
2014,9,British Grand Prix,2014-07-06,Silverstone Circuit,Kevin Magnussen,MAG,McLaren,8.769258060779418,8
2014,9,British Grand Prix,2014-07-06,Silverstone Circuit,Valtteri Bottas,BOT,Williams,9.796996739011874,9
2014,9,British Grand Prix,2014-07-06,Silverstone Circuit,Fernando Alonso,ALO,Ferrari,10.195105157231541,10
2014,9,British Grand Prix,2014-07-06,Silverstone Circuit,Kimi Räikkönen,RAI,Ferrari,10.820485765210604,11
2014,9,British Grand Prix,2014-07-06,Silverstone Circuit,Daniil Kvyat,KVY,Toro Rosso,11.648531083517772,12
2014,9,British Grand Prix,2014-07-06,Silverstone Circuit,Romain Grosjean,GRO,Lotus F1,12.194410450733027,13
2014,9,British Grand Prix,2014-07-06,Silverstone Circuit,Jean-Éric Vergne,VER,Toro Rosso,12.410422738448732,14
2014,9,British Grand Prix,2014-07-06,Silverstone Circuit,Felipe Massa,MAS,Williams,12.602505072938861,15
2014,9,British Grand Prix,2014-07-06,Silverstone Circuit,Jules Bianchi,BIA,Marussia,14.551743257938844,16
2014,9,British Grand Prix,2014-07-06,Silverstone Circuit,Adrian Sutil,SUT,Sauber,14.60246125692867,17
2014,9,British Grand Prix,2014-07-06,Silverstone Circuit,Pastor Maldonado,MAL,Lotus F1,14.791513060628974,18
2014,9,British Grand Prix,2014-07-06,Silverstone Circuit,Esteban Gutiérrez,GUT,Sauber,15.598165959520166,19
2014,9,British Grand Prix,2014-07-06,Silverstone Circuit,Max Chilton,CHI,Marussia,16.581460896872144,20
2014,9,British Grand Prix,2014-07-06,Silverstone Circuit,Kamui Kobayashi,KOB,Caterham,16.928822810447393,21
2014,9,British Grand Prix,2014-07-06,Silverstone Circuit,Marcus Ericsson,ERI,Caterham,17.606608188769055,22
2014,10,German Grand Prix,2014-07-20,Hockenheimring,Nico Rosberg,ROS,Mercedes,2.4869242058890317,1
2014,10,German Grand Prix,2014-07-20,Hockenheimring,Valtteri Bottas,BOT,Williams,4.194782442212277,2
2014,10,German Grand Prix,2014-07-20,Hockenheimring,Daniel Ricciardo,RIC,Red Bull,4.957288985339838,3
2014,10,German Grand Prix,2014-07-20,Hockenheimring,Sebastian Vettel,VET,Red Bull,5.187314646632175,4
2014,10,German Grand Prix,2014-07-20,Hockenheimring,Kevin Magnussen,MAG,McLaren,5.878910070531836,5
2014,10,German Grand Prix,2014-07-20,Hockenheimring,Felipe Massa,MAS,Williams,6.029170095129951,6
2014,10,German Grand Prix,2014-07-20,Hockenheimring,Fernando Alonso,ALO,Ferrari,6.735690818449908,7
2014,10,German Grand Prix,2014-07-20,Hockenheimring,Lewis Hamilton,HAM,Mercedes,6.98809685132301,8
2014,10,German Grand Prix,2014-07-20,Hockenheimring,Jenson Button,BUT,McLaren,9.889861013628314,9
2014,10,German Grand Prix,2014-07-20,Hockenheimring,Kimi Räikkönen,RAI,Ferrari,10.020966142253492,10
2014,10,German Grand Prix,2014-07-20,Hockenheimring,Nico Hülkenberg,HUL,Force India,10.299174710407716,11
2014,10,German Grand Prix,2014-07-20,Hockenheimring,Sergio Pérez,PER,Force India,10.949038237034268,12
2014,10,German Grand Prix,2014-07-20,Hockenheimring,Daniil Kvyat,KVY,Toro Rosso,11.309945765808779,13
2014,10,German Grand Prix,2014-07-20,Hockenheimring,Romain Grosjean,GRO,Lotus F1,13.921033416370573,14
2014,10,German Grand Prix,2014-07-20,Hockenheimring,Jean-Éric Vergne,VER,Toro Rosso,14.06957881775376,15
2014,10,German Grand Prix,2014-07-20,Hockenheimring,Esteban Gutiérrez,GUT,Sauber,15.233858466295315,16
2014,10,German Grand Prix,2014-07-20,Hockenheimring,Pastor Maldonado,MAL,Lotus F1,15.241790580365018,17
2014,10,German Grand Prix,2014-07-20,Hockenheimring,Jules Bianchi,BIA,Marussia,16.421913005434345,18
2014,10,German Grand Prix,2014-07-20,Hockenheimring,Adrian Sutil,SUT,Sauber,16.52739738490237,19
2014,10,German Grand Prix,2014-07-20,Hockenheimring,Marcus Ericsson,ERI,Caterham,16.925244679075934,20
2014,10,German Grand Prix,2014-07-20,Hockenheimring,Max Chilton,CHI,Marussia,17.5318077884268,21
2014,10,German Grand Prix,2014-07-20,Hockenheimring,Kamui Kobayashi,KOB,Caterham,17.753207192060515,22
2014,11,Hungarian Grand Prix,2014-07-27,Hungaroring,Nico Rosberg,ROS,Mercedes,2.553068743665232,1
2014,11,Hungarian Grand Prix,2014-07-27,Hungaroring,Sebastian Vettel,VET,Red Bull,3.20279867730144,2
2014,11,Hungarian Grand Prix,2014-07-27,Hungaroring,Daniel Ricciardo,RIC,Red Bull,4.47868361135059,3
2014,11,Hungarian Grand Prix,2014-07-27,Hungaroring,Valtteri Bottas,BOT,Williams,5.571999960522852,4
2014,11,Hungarian Grand Prix,2014-07-27,Hungaroring,Lewis Hamilton,HAM,Mercedes,5.6307251013040975,5
2014,11,Hungarian Grand Prix,2014-07-27,Hungaroring,Fernando Alonso,ALO,Ferrari,5.784478092312724,6
2014,11,Hungarian Grand Prix,2014-07-27,Hungaroring,Felipe Massa,MAS,Williams,8.057242584168687,7
2014,11,Hungarian Grand Prix,2014-07-27,Hungaroring,Jenson Button,BUT,McLaren,8.510122658999451,8
2014,11,Hungarian Grand Prix,2014-07-27,Hungaroring,Kevin Magnussen,MAG,McLaren,9.87658893104483,9
2014,11,Hungarian Grand Prix,2014-07-27,Hungaroring,Kimi Räikkönen,RAI,Ferrari,10.475670340815203,10
2014,11,Hungarian Grand Prix,2014-07-27,Hungaroring,Jean-Éric Vergne,VER,Toro Rosso,10.497376665475693,11
2014,11,Hungarian Grand Prix,2014-07-27,Hungaroring,Nico Hülkenberg,HUL,Force India,10.725569857989457,12
2014,11,Hungarian Grand Prix,2014-07-27,Hungaroring,Daniil Kvyat,KVY,Toro Rosso,12.155708211674611,13
2014,11,Hungarian Grand Prix,2014-07-27,Hungaroring,Sergio Pérez,PER,Force India,12.251492254629126,14
2014,11,Hungarian Grand Prix,2014-07-27,Hungaroring,Adrian Sutil,SUT,Sauber,13.418990013901267,15
2014,11,Hungarian Grand Prix,2014-07-27,Hungaroring,Romain Grosjean,GRO,Lotus F1,14.577361838873523,16
2014,11,Hungarian Grand Prix,2014-07-27,Hungaroring,Esteban Gutiérrez,GUT,Sauber,14.923012917216473,17
2014,11,Hungarian Grand Prix,2014-07-27,Hungaroring,Pastor Maldonado,MAL,Lotus F1,15.272612713334183,18
2014,11,Hungarian Grand Prix,2014-07-27,Hungaroring,Jules Bianchi,BIA,Marussia,16.307139987786393,19
2014,11,Hungarian Grand Prix,2014-07-27,Hungaroring,Kamui Kobayashi,KOB,Caterham,16.592651560000082,20
2014,11,Hungarian Grand Prix,2014-07-27,Hungaroring,Max Chilton,CHI,Marussia,17.34867909680572,21
2014,11,Hungarian Grand Prix,2014-07-27,Hungaroring,Marcus Ericsson,ERI,Caterham,17.81351677871776,22
2014,12,Belgian Grand Prix,2014-08-24,Circuit de Spa-Francorchamps,Lewis Hamilton,HAM,Mercedes,2.1418787124504695,1
2014,12,Belgian Grand Prix,2014-08-24,Circuit de Spa-Francorchamps,Nico Rosberg,ROS,Mercedes,2.677833514523007,2
2014,12,Belgian Grand Prix,2014-08-24,Circuit de Spa-Francorchamps,Fernando Alonso,ALO,Ferrari,4.453388539249549,3
2014,12,Belgian Grand Prix,2014-08-24,Circuit de Spa-Francorchamps,Sebastian Vettel,VET,Red Bull,4.676236169556582,4
2014,12,Belgian Grand Prix,2014-08-24,Circuit de Spa-Francorchamps,Daniel Ricciardo,RIC,Red Bull,5.273528804720267,5
2014,12,Belgian Grand Prix,2014-08-24,Circuit de Spa-Francorchamps,Valtteri Bottas,BOT,Williams,6.1686409400857105,6
2014,12,Belgian Grand Prix,2014-08-24,Circuit de Spa-Francorchamps,Kimi Räikkönen,RAI,Ferrari,8.599416465221339,7
2014,12,Belgian Grand Prix,2014-08-24,Circuit de Spa-Francorchamps,Jenson Button,BUT,McLaren,8.646799485609732,8
2014,12,Belgian Grand Prix,2014-08-24,Circuit de Spa-Francorchamps,Kevin Magnussen,MAG,McLaren,8.729648497067995,9
2014,12,Belgian Grand Prix,2014-08-24,Circuit de Spa-Francorchamps,Felipe Massa,MAS,Williams,9.31606357675624,10
2014,12,Belgian Grand Prix,2014-08-24,Circuit de Spa-Francorchamps,Sergio Pérez,PER,Force India,10.934366188357803,11
2014,12,Belgian Grand Prix,2014-08-24,Circuit de Spa-Francorchamps,Daniil Kvyat,KVY,Toro Rosso,12.303439149798596,12
2014,12,Belgian Grand Prix,2014-08-24,Circuit de Spa-Francorchamps,Jean-Éric Vergne,VER,Toro Rosso,12.33151684099496,13
2014,12,Belgian Grand Prix,2014-08-24,Circuit de Spa-Francorchamps,Nico Hülkenberg,HUL,Force India,12.728260542321618,14
2014,12,Belgian Grand Prix,2014-08-24,Circuit de Spa-Francorchamps,Romain Grosjean,GRO,Lotus F1,15.017137034384005,15
2014,12,Belgian Grand Prix,2014-08-24,Circuit de Spa-Francorchamps,Adrian Sutil,SUT,Sauber,15.270417085216156,16
2014,12,Belgian Grand Prix,2014-08-24,Circuit de Spa-Francorchamps,Jules Bianchi,BIA,Marussia,15.647729948722949,17
2014,12,Belgian Grand Prix,2014-08-24,Circuit de Spa-Francorchamps,Max Chilton,CHI,Marussia,15.827001418172483,18
2014,12,Belgian Grand Prix,2014-08-24,Circuit de Spa-Francorchamps,Esteban Gutiérrez,GUT,Sauber,16.195980397652477,19
2014,12,Belgian Grand Prix,2014-08-24,Circuit de Spa-Francorchamps,André Lotterer,LOT,Caterham,16.78637715678043,20
2014,12,Belgian Grand Prix,2014-08-24,Circuit de Spa-Francorchamps,Marcus Ericsson,ERI,Caterham,16.886161019603747,21
2014,12,Belgian Grand Prix,2014-08-24,Circuit de Spa-Francorchamps,Pastor Maldonado,MAL,Lotus F1,17.281968747307612,22
2014,13,Italian Grand Prix,2014-09-07,Autodromo Nazionale di Monza,Lewis Hamilton,HAM,Mercedes,1.8297457778449926,1
2014,13,Italian Grand Prix,2014-09-07,Autodromo Nazionale di Monza,Nico Rosberg,ROS,Mercedes,4.15267504686027,2
2014,13,Italian Grand Prix,2014-09-07,Autodromo Nazionale di Monza,Valtteri Bottas,BOT,Williams,4.309122567458816,3
2014,13,Italian Grand Prix,2014-09-07,Autodromo Nazionale di Monza,Felipe Massa,MAS,Williams,6.286980931168808,4
2014,13,Italian Grand Prix,2014-09-07,Autodromo Nazionale di Monza,Sebastian Vettel,VET,Red Bull,6.345697966123032,5
2014,13,Italian Grand Prix,2014-09-07,Autodromo Nazionale di Monza,Fernando Alonso,ALO,Ferrari,6.363279123013404,6
2014,13,Italian Grand Prix,2014-09-07,Autodromo Nazionale di Monza,Jenson Button,BUT,McLaren,7.288696996429413,7
2014,13,Italian Grand Prix,2014-09-07,Autodromo Nazionale di Monza,Kevin Magnussen,MAG,McLaren,8.178974922802004,8
2014,13,Italian Grand Prix,2014-09-07,Autodromo Nazionale di Monza,Daniel Ricciardo,RIC,Red Bull,8.501858135604765,9
2014,13,Italian Grand Prix,2014-09-07,Autodromo Nazionale di Monza,Kimi Räikkönen,RAI,Ferrari,9.119971091860954,10
2014,13,Italian Grand Prix,2014-09-07,Autodromo Nazionale di Monza,Sergio Pérez,PER,Force India,9.984228030334192,11
2014,13,Italian Grand Prix,2014-09-07,Autodromo Nazionale di Monza,Nico Hülkenberg,HUL,Force India,12.509100973340887,12
2014,13,Italian Grand Prix,2014-09-07,Autodromo Nazionale di Monza,Daniil Kvyat,KVY,Toro Rosso,12.867317603682029,13
2014,13,Italian Grand Prix,2014-09-07,Autodromo Nazionale di Monza,Jean-Éric Vergne,VER,Toro Rosso,13.628503864890076,14
2014,13,Italian Grand Prix,2014-09-07,Autodromo Nazionale di Monza,Adrian Sutil,SUT,Sauber,14.085555599939344,15
2014,13,Italian Grand Prix,2014-09-07,Autodromo Nazionale di Monza,Esteban Gutiérrez,GUT,Sauber,14.798461677790868,16
2014,13,Italian Grand Prix,2014-09-07,Autodromo Nazionale di Monza,Pastor Maldonado,MAL,Lotus F1,16.204099081089137,17
2014,13,Italian Grand Prix,2014-09-07,Autodromo Nazionale di Monza,Jules Bianchi,BIA,Marussia,16.301174305634827,18
2014,13,Italian Grand Prix,2014-09-07,Autodromo Nazionale di Monza,Romain Grosjean,GRO,Lotus F1,16.498801708546736,19
2014,13,Italian Grand Prix,2014-09-07,Autodromo Nazionale di Monza,Max Chilton,CHI,Marussia,16.590291601005863,20
2014,13,Italian Grand Prix,2014-09-07,Autodromo Nazionale di Monza,Kamui Kobayashi,KOB,Caterham,17.41196258904479,21
2014,13,Italian Grand Prix,2014-09-07,Autodromo Nazionale di Monza,Marcus Ericsson,ERI,Caterham,17.73908542384599,22
2014,14,Singapore Grand Prix,2014-09-21,Marina Bay Street Circuit,Lewis Hamilton,HAM,Mercedes,1.93914317538939,1
2014,14,Singapore Grand Prix,2014-09-21,Marina Bay Street Circuit,Nico Rosberg,ROS,Mercedes,3.1926062781836158,2
2014,14,Singapore Grand Prix,2014-09-21,Marina Bay Street Circuit,Sebastian Vettel,VET,Red Bull,3.2616059286274597,3
2014,14,Singapore Grand Prix,2014-09-21,Marina Bay Street Circuit,Daniel Ricciardo,RIC,Red Bull,3.4201178391907736,4
2014,14,Singapore Grand Prix,2014-09-21,Marina Bay Street Circuit,Fernando Alonso,ALO,Ferrari,5.621558176775537,5
2014,14,Singapore Grand Prix,2014-09-21,Marina Bay Street Circuit,Kimi Räikkönen,RAI,Ferrari,7.286818442752688,6
2014,14,Singapore Grand Prix,2014-09-21,Marina Bay Street Circuit,Felipe Massa,MAS,Williams,7.43458088354662,7
2014,14,Singapore Grand Prix,2014-09-21,Marina Bay Street Circuit,Valtteri Bottas,BOT,Williams,8.935816062456105,8
2014,14,Singapore Grand Prix,2014-09-21,Marina Bay Street Circuit,Kevin Magnussen,MAG,McLaren,10.550507944495676,9
2014,14,Singapore Grand Prix,2014-09-21,Marina Bay Street Circuit,Jenson Button,BUT,McLaren,11.062809628930736,10
2014,14,Singapore Grand Prix,2014-09-21,Marina Bay Street Circuit,Jean-Éric Vergne,VER,Toro Rosso,11.120209992235942,11
2014,14,Singapore Grand Prix,2014-09-21,Marina Bay Street Circuit,Daniil Kvyat,KVY,Toro Rosso,11.455622224503344,12
2014,14,Singapore Grand Prix,2014-09-21,Marina Bay Street Circuit,Sergio Pérez,PER,Force India,11.757383808413008,13
2014,14,Singapore Grand Prix,2014-09-21,Marina Bay Street Circuit,Nico Hülkenberg,HUL,Force India,12.364140224003211,14
2014,14,Singapore Grand Prix,2014-09-21,Marina Bay Street Circuit,Esteban Gutiérrez,GUT,Sauber,15.06272435502776,15
2014,14,Singapore Grand Prix,2014-09-21,Marina Bay Street Circuit,Romain Grosjean,GRO,Lotus F1,15.181268953214332,16
2014,14,Singapore Grand Prix,2014-09-21,Marina Bay Street Circuit,Pastor Maldonado,MAL,Lotus F1,15.62145924430409,17
2014,14,Singapore Grand Prix,2014-09-21,Marina Bay Street Circuit,Jules Bianchi,BIA,Marussia,16.441508255412806,18
2014,14,Singapore Grand Prix,2014-09-21,Marina Bay Street Circuit,Adrian Sutil,SUT,Sauber,16.902364425829287,19
2014,14,Singapore Grand Prix,2014-09-21,Marina Bay Street Circuit,Max Chilton,CHI,Marussia,16.993556034362463,20
2014,14,Singapore Grand Prix,2014-09-21,Marina Bay Street Circuit,Marcus Ericsson,ERI,Caterham,17.66975405095149,21
2014,14,Singapore Grand Prix,2014-09-21,Marina Bay Street Circuit,Kamui Kobayashi,KOB,Caterham,17.849794058495455,22
2014,15,Japanese Grand Prix,2014-10-05,Suzuka Circuit,Lewis Hamilton,HAM,Mercedes,2.098625852682273,1
2014,15,Japanese Grand Prix,2014-10-05,Suzuka Circuit,Nico Rosberg,ROS,Mercedes,2.6495591570703256,2
2014,15,Japanese Grand Prix,2014-10-05,Suzuka Circuit,Valtteri Bottas,BOT,Williams,4.374830882188362,3
2014,15,Japanese Grand Prix,2014-10-05,Suzuka Circuit,Daniel Ricciardo,RIC,Red Bull,5.241941847195077,4
2014,15,Japanese Grand Prix,2014-10-05,Suzuka Circuit,Fernando Alonso,ALO,Ferrari,5.828999144836089,5
2014,15,Japanese Grand Prix,2014-10-05,Suzuka Circuit,Felipe Massa,MAS,Williams,5.9722641121489195,6
2014,15,Japanese Grand Prix,2014-10-05,Suzuka Circuit,Sebastian Vettel,VET,Red Bull,7.7591085309312176,7
2014,15,Japanese Grand Prix,2014-10-05,Suzuka Circuit,Kevin Magnussen,MAG,McLaren,8.638786878013672,8
2014,15,Japanese Grand Prix,2014-10-05,Suzuka Circuit,Kimi Räikkönen,RAI,Ferrari,8.891912125253548,9
2014,15,Japanese Grand Prix,2014-10-05,Suzuka Circuit,Jenson Button,BUT,McLaren,9.900086277827617,10
2014,15,Japanese Grand Prix,2014-10-05,Suzuka Circuit,Sergio Pérez,PER,Force India,11.229126069918891,11
2014,15,Japanese Grand Prix,2014-10-05,Suzuka Circuit,Jean-Éric Vergne,VER,Toro Rosso,12.083173979239703,12
2014,15,Japanese Grand Prix,2014-10-05,Suzuka Circuit,Daniil Kvyat,KVY,Toro Rosso,12.544171448391705,13
2014,15,Japanese Grand Prix,2014-10-05,Suzuka Circuit,Nico Hülkenberg,HUL,Force India,12.888101241110896,14
2014,15,Japanese Grand Prix,2014-10-05,Suzuka Circuit,Pastor Maldonado,MAL,Lotus F1,15.38587241563522,15
2014,15,Japanese Grand Prix,2014-10-05,Suzuka Circuit,Esteban Gutiérrez,GUT,Sauber,15.409055354166945,16
2014,15,Japanese Grand Prix,2014-10-05,Suzuka Circuit,Romain Grosjean,GRO,Lotus F1,15.473959760174354,17
2014,15,Japanese Grand Prix,2014-10-05,Suzuka Circuit,Marcus Ericsson,ERI,Caterham,16.490826986951067,18
2014,15,Japanese Grand Prix,2014-10-05,Suzuka Circuit,Adrian Sutil,SUT,Sauber,16.839952983059145,19
2014,15,Japanese Grand Prix,2014-10-05,Suzuka Circuit,Jules Bianchi,BIA,Marussia,17.11354825632494,20
2014,15,Japanese Grand Prix,2014-10-05,Suzuka Circuit,Max Chilton,CHI,Marussia,17.5318077884268,21
2014,15,Japanese Grand Prix,2014-10-05,Suzuka Circuit,Kamui Kobayashi,KOB,Caterham,17.62264784018142,22
2014,16,Russian Grand Prix,2014-10-12,Sochi Autodrom,Lewis Hamilton,HAM,Mercedes,1.801908299853768,1
2014,16,Russian Grand Prix,2014-10-12,Sochi Autodrom,Nico Rosberg,ROS,Mercedes,3.186874321592334,2
2014,16,Russian Grand Prix,2014-10-12,Sochi Autodrom,Valtteri Bottas,BOT,Williams,4.944413845410177,3
2014,16,Russian Grand Prix,2014-10-12,Sochi Autodrom,Jenson Button,BUT,McLaren,6.459600182997618,4
2014,16,Russian Grand Prix,2014-10-12,Sochi Autodrom,Daniel Ricciardo,RIC,Red Bull,6.9764888819435855,5
2014,16,Russian Grand Prix,2014-10-12,Sochi Autodrom,Fernando Alonso,ALO,Ferrari,7.596307540033613,6
2014,16,Russian Grand Prix,2014-10-12,Sochi Autodrom,Daniil Kvyat,KVY,Toro Rosso,8.399861905150926,7
2014,16,Russian Grand Prix,2014-10-12,Sochi Autodrom,Sebastian Vettel,VET,Red Bull,8.453823872943817,8
2014,16,Russian Grand Prix,2014-10-12,Sochi Autodrom,Kimi Räikkönen,RAI,Ferrari,9.19842656591906,9
2014,16,Russian Grand Prix,2014-10-12,Sochi Autodrom,Kevin Magnussen,MAG,McLaren,9.623054312468618,10
2014,16,Russian Grand Prix,2014-10-12,Sochi Autodrom,Felipe Massa,MAS,Williams,9.662998163179413,11
2014,16,Russian Grand Prix,2014-10-12,Sochi Autodrom,Jean-Éric Vergne,VER,Toro Rosso,10.671928506932204,12
2014,16,Russian Grand Prix,2014-10-12,Sochi Autodrom,Sergio Pérez,PER,Force India,11.26043841720073,13
2014,16,Russian Grand Prix,2014-10-12,Sochi Autodrom,Nico Hülkenberg,HUL,Force India,12.594787899624103,14
2014,16,Russian Grand Prix,2014-10-12,Sochi Autodrom,Romain Grosjean,GRO,Lotus F1,14.948189823770758,15
2014,16,Russian Grand Prix,2014-10-12,Sochi Autodrom,Esteban Gutiérrez,GUT,Sauber,14.96482542040386,16
2014,16,Russian Grand Prix,2014-10-12,Sochi Autodrom,Pastor Maldonado,MAL,Lotus F1,16.199606393129436,17
2014,16,Russian Grand Prix,2014-10-12,Sochi Autodrom,Marcus Ericsson,ERI,Caterham,16.373731239056454,18
2014,16,Russian Grand Prix,2014-10-12,Sochi Autodrom,Adrian Sutil,SUT,Sauber,16.509981244977713,19
2014,16,Russian Grand Prix,2014-10-12,Sochi Autodrom,Max Chilton,CHI,Marussia,16.993556034362463,20
2014,16,Russian Grand Prix,2014-10-12,Sochi Autodrom,Kamui Kobayashi,KOB,Caterham,17.38357163239206,21
2014,17,United States Grand Prix,2014-11-02,Circuit of the Americas,Lewis Hamilton,HAM,Mercedes,1.9330879791644677,1
2014,17,United States Grand Prix,2014-11-02,Circuit of the Americas,Nico Rosberg,ROS,Mercedes,2.6312888614204364,2
2014,17,United States Grand Prix,2014-11-02,Circuit of the Americas,Valtteri Bottas,BOT,Williams,4.7914188916163525,3
2014,17,United States Grand Prix,2014-11-02,Circuit of the Americas,Felipe Massa,MAS,Williams,5.342431869160299,4
2014,17,United States Grand Prix,2014-11-02,Circuit of the Americas,Daniel Ricciardo,RIC,Red Bull,6.068129589794596,5
2014,17,United States Grand Prix,2014-11-02,Circuit of the Americas,Fernando Alonso,ALO,Ferrari,6.5371638437875115,6
2014,17,United States Grand Prix,2014-11-02,Circuit of the Americas,Jenson Button,BUT,McLaren,8.273081989388361,7
2014,17,United States Grand Prix,2014-11-02,Circuit of the Americas,Kevin Magnussen,MAG,McLaren,8.657259080116765,8
2014,17,United States Grand Prix,2014-11-02,Circuit of the Americas,Sebastian Vettel,VET,Red Bull,9.437680703808445,9
2014,17,United States Grand Prix,2014-11-02,Circuit of the Americas,Kimi Räikkönen,RAI,Ferrari,9.624950776101102,10
2014,17,United States Grand Prix,2014-11-02,Circuit of the Americas,Sergio Pérez,PER,Force India,11.832147299751172,11
2014,17,United States Grand Prix,2014-11-02,Circuit of the Americas,Nico Hülkenberg,HUL,Force India,12.252317897575539,12
2014,17,United States Grand Prix,2014-11-02,Circuit of the Americas,Daniil Kvyat,KVY,Toro Rosso,13.132463565379517,13
2014,17,United States Grand Prix,2014-11-02,Circuit of the Americas,Pastor Maldonado,MAL,Lotus F1,13.184564667432285,14
2014,17,United States Grand Prix,2014-11-02,Circuit of the Americas,Adrian Sutil,SUT,Sauber,13.468611652887391,15
2014,17,United States Grand Prix,2014-11-02,Circuit of the Americas,Jean-Éric Vergne,VER,Toro Rosso,13.70152668482699,16
2014,17,United States Grand Prix,2014-11-02,Circuit of the Americas,Esteban Gutiérrez,GUT,Sauber,15.456449792702372,17
2014,17,United States Grand Prix,2014-11-02,Circuit of the Americas,Romain Grosjean,GRO,Lotus F1,15.540500511224149,18
2014,18,Brazilian Grand Prix,2014-11-09,Autódromo José Carlos Pace,Lewis Hamilton,HAM,Mercedes,2.0299729172684047,1
2014,18,Brazilian Grand Prix,2014-11-09,Autódromo José Carlos Pace,Nico Rosberg,ROS,Mercedes,2.4719457035735166,2
2014,18,Brazilian Grand Prix,2014-11-09,Autódromo José Carlos Pace,Felipe Massa,MAS,Williams,4.34938329915256,3
2014,18,Brazilian Grand Prix,2014-11-09,Autódromo José Carlos Pace,Valtteri Bottas,BOT,Williams,5.023847681175087,4
2014,18,Brazilian Grand Prix,2014-11-09,Autódromo José Carlos Pace,Sebastian Vettel,VET,Red Bull,6.069534371818934,5
2014,18,Brazilian Grand Prix,2014-11-09,Autódromo José Carlos Pace,Daniel Ricciardo,RIC,Red Bull,7.6562100668913935,6
2014,18,Brazilian Grand Prix,2014-11-09,Autódromo José Carlos Pace,Jenson Button,BUT,McLaren,8.476796607354832,7
2014,18,Brazilian Grand Prix,2014-11-09,Autódromo José Carlos Pace,Fernando Alonso,ALO,Ferrari,8.555714895834218,8
2014,18,Brazilian Grand Prix,2014-11-09,Autódromo José Carlos Pace,Kevin Magnussen,MAG,McLaren,9.18780917718629,9
2014,18,Brazilian Grand Prix,2014-11-09,Autódromo José Carlos Pace,Kimi Räikkönen,RAI,Ferrari,9.885010982450064,10
2014,18,Brazilian Grand Prix,2014-11-09,Autódromo José Carlos Pace,Daniil Kvyat,KVY,Toro Rosso,12.542938437812962,11
2014,18,Brazilian Grand Prix,2014-11-09,Autódromo José Carlos Pace,Nico Hülkenberg,HUL,Force India,12.547125301057358,12
2014,18,Brazilian Grand Prix,2014-11-09,Autódromo José Carlos Pace,Sergio Pérez,PER,Force India,13.342773406854757,13
2014,18,Brazilian Grand Prix,2014-11-09,Autódromo José Carlos Pace,Jean-Éric Vergne,VER,Toro Rosso,13.717288582839208,14
2014,18,Brazilian Grand Prix,2014-11-09,Autódromo José Carlos Pace,Pastor Maldonado,MAL,Lotus F1,13.819613144891463,15
2014,18,Brazilian Grand Prix,2014-11-09,Autódromo José Carlos Pace,Esteban Gutiérrez,GUT,Sauber,13.997258342058874,16
2014,18,Brazilian Grand Prix,2014-11-09,Autódromo José Carlos Pace,Romain Grosjean,GRO,Lotus F1,14.278544033206632,17
2014,18,Brazilian Grand Prix,2014-11-09,Autódromo José Carlos Pace,Adrian Sutil,SUT,Sauber,14.946108452069018,18
2014,19,Abu Dhabi Grand Prix,2014-11-23,Yas Marina Circuit,Lewis Hamilton,HAM,Mercedes,1.948849877176689,1
2014,19,Abu Dhabi Grand Prix,2014-11-23,Yas Marina Circuit,Nico Rosberg,ROS,Mercedes,2.553068743665232,2
2014,19,Abu Dhabi Grand Prix,2014-11-23,Yas Marina Circuit,Valtteri Bottas,BOT,Williams,5.226780465613964,3
2014,19,Abu Dhabi Grand Prix,2014-11-23,Yas Marina Circuit,Felipe Massa,MAS,Williams,5.654656565638345,4
2014,19,Abu Dhabi Grand Prix,2014-11-23,Yas Marina Circuit,Sebastian Vettel,VET,Red Bull,6.848657153838663,5
2014,19,Abu Dhabi Grand Prix,2014-11-23,Yas Marina Circuit,Jenson Button,BUT,McLaren,7.447905134416084,6
2014,19,Abu Dhabi Grand Prix,2014-11-23,Yas Marina Circuit,Daniel Ricciardo,RIC,Red Bull,8.186340730090363,7
2014,19,Abu Dhabi Grand Prix,2014-11-23,Yas Marina Circuit,Fernando Alonso,ALO,Ferrari,8.789821959133391,8
2014,19,Abu Dhabi Grand Prix,2014-11-23,Yas Marina Circuit,Kimi Räikkönen,RAI,Ferrari,8.821136745985662,9
2014,19,Abu Dhabi Grand Prix,2014-11-23,Yas Marina Circuit,Daniil Kvyat,KVY,Toro Rosso,8.891215574496496,10
2014,19,Abu Dhabi Grand Prix,2014-11-23,Yas Marina Circuit,Kevin Magnussen,MAG,McLaren,9.822053220992961,11
2014,19,Abu Dhabi Grand Prix,2014-11-23,Yas Marina Circuit,Sergio Pérez,PER,Force India,10.641648412873046,12
2014,19,Abu Dhabi Grand Prix,2014-11-23,Yas Marina Circuit,Jean-Éric Vergne,VER,Toro Rosso,11.121652717237833,13
2014,19,Abu Dhabi Grand Prix,2014-11-23,Yas Marina Circuit,Nico Hülkenberg,HUL,Force India,11.919670513257227,14
2014,19,Abu Dhabi Grand Prix,2014-11-23,Yas Marina Circuit,Pastor Maldonado,MAL,Lotus F1,14.096159178533712,15
2014,19,Abu Dhabi Grand Prix,2014-11-23,Yas Marina Circuit,Romain Grosjean,GRO,Lotus F1,14.929703522637954,16
2014,19,Abu Dhabi Grand Prix,2014-11-23,Yas Marina Circuit,Esteban Gutiérrez,GUT,Sauber,15.252492953138182,17
2014,19,Abu Dhabi Grand Prix,2014-11-23,Yas Marina Circuit,Kamui Kobayashi,KOB,Caterham,15.95282112235109,18
2014,19,Abu Dhabi Grand Prix,2014-11-23,Yas Marina Circuit,Adrian Sutil,SUT,Sauber,16.191094187188412,19
2014,19,Abu Dhabi Grand Prix,2014-11-23,Yas Marina Circuit,Will Stevens,STE,Caterham,16.334429680362792,20
2015,1,Australian Grand Prix,2015-03-15,Albert Park Grand Prix Circuit,Lewis Hamilton,HAM,Mercedes,1.9563907166536587,1
2015,1,Australian Grand Prix,2015-03-15,Albert Park Grand Prix Circuit,Nico Rosberg,ROS,Mercedes,2.7770624930173224,2
2015,1,Australian Grand Prix,2015-03-15,Albert Park Grand Prix Circuit,Felipe Massa,MAS,Williams,3.9971818786197852,3
2015,1,Australian Grand Prix,2015-03-15,Albert Park Grand Prix Circuit,Sebastian Vettel,VET,Ferrari,5.498582718357303,4
2015,1,Australian Grand Prix,2015-03-15,Albert Park Grand Prix Circuit,Valtteri Bottas,BOT,Williams,6.758036163219162,5
2015,1,Australian Grand Prix,2015-03-15,Albert Park Grand Prix Circuit,Kimi Räikkönen,RAI,Ferrari,7.818575727959567,6
2015,1,Australian Grand Prix,2015-03-15,Albert Park Grand Prix Circuit,Daniel Ricciardo,RIC,Red Bull,8.036235424616914,7
2015,1,Australian Grand Prix,2015-03-15,Albert Park Grand Prix Circuit,Carlos Sainz,SAI,Toro Rosso,9.554475270421147,8
2015,1,Australian Grand Prix,2015-03-15,Albert Park Grand Prix Circuit,Jenson Button,BUT,McLaren,11.5847696559099,9
2015,1,Australian Grand Prix,2015-03-15,Albert Park Grand Prix Circuit,Max Verstappen,VER,Toro Rosso,11.587174321967643,10
2015,1,Australian Grand Prix,2015-03-15,Albert Park Grand Prix Circuit,Romain Grosjean,GRO,Lotus F1,11.595348559510564,11
2015,1,Australian Grand Prix,2015-03-15,Albert Park Grand Prix Circuit,Pastor Maldonado,MAL,Lotus F1,11.61620280681941,12
2015,1,Australian Grand Prix,2015-03-15,Albert Park Grand Prix Circuit,Sergio Pérez,PER,Force India,11.724030293143423,13
2015,1,Australian Grand Prix,2015-03-15,Albert Park Grand Prix Circuit,Daniil Kvyat,KVY,Red Bull,11.773101763221366,14
2015,1,Australian Grand Prix,2015-03-15,Albert Park Grand Prix Circuit,Nico Hülkenberg,HUL,Force India,11.893537034163312,15
2015,1,Australian Grand Prix,2015-03-15,Albert Park Grand Prix Circuit,Felipe Nasr,NAS,Sauber,11.961715142679479,16
2015,1,Australian Grand Prix,2015-03-15,Albert Park Grand Prix Circuit,Kevin Magnussen,MAG,McLaren,12.622134215754576,17
2015,1,Australian Grand Prix,2015-03-15,Albert Park Grand Prix Circuit,Marcus Ericsson,ERI,Sauber,14.828321607261161,18
2015,2,Malaysian Grand Prix,2015-03-29,Sepang International Circuit,Lewis Hamilton,HAM,Mercedes,2.45046849895847,1
2015,2,Malaysian Grand Prix,2015-03-29,Sepang International Circuit,Nico Rosberg,ROS,Mercedes,3.2149780344178214,2
2015,2,Malaysian Grand Prix,2015-03-29,Sepang International Circuit,Sebastian Vettel,VET,Ferrari,3.7773599441382903,3
2015,2,Malaysian Grand Prix,2015-03-29,Sepang International Circuit,Daniel Ricciardo,RIC,Red Bull,4.838969859911213,4
2015,2,Malaysian Grand Prix,2015-03-29,Sepang International Circuit,Felipe Massa,MAS,Williams,6.202854990040705,5
2015,2,Malaysian Grand Prix,2015-03-29,Sepang International Circuit,Valtteri Bottas,BOT,Williams,7.942083035752012,6
2015,2,Malaysian Grand Prix,2015-03-29,Sepang International Circuit,Daniil Kvyat,KVY,Red Bull,8.05665690021901,7
2015,2,Malaysian Grand Prix,2015-03-29,Sepang International Circuit,Max Verstappen,VER,Toro Rosso,8.952222486662043,8
2015,2,Malaysian Grand Prix,2015-03-29,Sepang International Circuit,Kimi Räikkönen,RAI,Ferrari,9.065028118568964,9
2015,2,Malaysian Grand Prix,2015-03-29,Sepang International Circuit,Marcus Ericsson,ERI,Sauber,11.21836589194794,10
2015,2,Malaysian Grand Prix,2015-03-29,Sepang International Circuit,Romain Grosjean,GRO,Lotus F1,11.519988502544352,11
2015,2,Malaysian Grand Prix,2015-03-29,Sepang International Circuit,Fernando Alonso,ALO,McLaren,11.808268944959273,12
2015,2,Malaysian Grand Prix,2015-03-29,Sepang International Circuit,Jenson Button,BUT,McLaren,11.94401490617014,13
2015,2,Malaysian Grand Prix,2015-03-29,Sepang International Circuit,Nico Hülkenberg,HUL,Force India,12.012279639886048,14
2015,2,Malaysian Grand Prix,2015-03-29,Sepang International Circuit,Sergio Pérez,PER,Force India,12.13743998147284,15
2015,2,Malaysian Grand Prix,2015-03-29,Sepang International Circuit,Carlos Sainz,SAI,Toro Rosso,12.355934722331275,16
2015,2,Malaysian Grand Prix,2015-03-29,Sepang International Circuit,Pastor Maldonado,MAL,Lotus F1,12.846689570443912,17
2015,2,Malaysian Grand Prix,2015-03-29,Sepang International Circuit,Felipe Nasr,NAS,Sauber,13.428665950746543,18
2015,2,Malaysian Grand Prix,2015-03-29,Sepang International Circuit,Roberto Merhi,MER,Manor Marussia,15.308195390680412,19
2015,2,Malaysian Grand Prix,2015-03-29,Sepang International Circuit,Will Stevens,STE,Manor Marussia,15.706065957126674,20
2015,3,Chinese Grand Prix,2015-04-12,Shanghai International Circuit,Lewis Hamilton,HAM,Mercedes,1.7646479258764154,1
2015,3,Chinese Grand Prix,2015-04-12,Shanghai International Circuit,Nico Rosberg,ROS,Mercedes,2.902751170335428,2
2015,3,Chinese Grand Prix,2015-04-12,Shanghai International Circuit,Sebastian Vettel,VET,Ferrari,3.8799618391094786,3
2015,3,Chinese Grand Prix,2015-04-12,Shanghai International Circuit,Felipe Massa,MAS,Williams,5.511649229386996,4
2015,3,Chinese Grand Prix,2015-04-12,Shanghai International Circuit,Valtteri Bottas,BOT,Williams,6.008710189236429,5
2015,3,Chinese Grand Prix,2015-04-12,Shanghai International Circuit,Kimi Räikkönen,RAI,Ferrari,6.31571774079127,6
2015,3,Chinese Grand Prix,2015-04-12,Shanghai International Circuit,Daniel Ricciardo,RIC,Red Bull,6.33007624080264,7
2015,3,Chinese Grand Prix,2015-04-12,Shanghai International Circuit,Daniil Kvyat,KVY,Red Bull,10.230566982013782,8
2015,3,Chinese Grand Prix,2015-04-12,Shanghai International Circuit,Felipe Nasr,NAS,Sauber,10.411822111366266,9
2015,3,Chinese Grand Prix,2015-04-12,Shanghai International Circuit,Romain Grosjean,GRO,Lotus F1,10.73340743835417,10
2015,3,Chinese Grand Prix,2015-04-12,Shanghai International Circuit,Sergio Pérez,PER,Force India,12.338899885781714,11
2015,3,Chinese Grand Prix,2015-04-12,Shanghai International Circuit,Marcus Ericsson,ERI,Sauber,12.44773800486669,12
2015,3,Chinese Grand Prix,2015-04-12,Shanghai International Circuit,Max Verstappen,VER,Toro Rosso,12.477056995260993,13
2015,3,Chinese Grand Prix,2015-04-12,Shanghai International Circuit,Carlos Sainz,SAI,Toro Rosso,12.665578998246641,14
2015,3,Chinese Grand Prix,2015-04-12,Shanghai International Circuit,Pastor Maldonado,MAL,Lotus F1,12.69844576750542,15
2015,3,Chinese Grand Prix,2015-04-12,Shanghai International Circuit,Jenson Button,BUT,McLaren,12.829308686254969,16
2015,3,Chinese Grand Prix,2015-04-12,Shanghai International Circuit,Nico Hülkenberg,HUL,Force India,12.843567147560668,17
2015,3,Chinese Grand Prix,2015-04-12,Shanghai International Circuit,Fernando Alonso,ALO,McLaren,13.068896971641772,18
2015,3,Chinese Grand Prix,2015-04-12,Shanghai International Circuit,Will Stevens,STE,Manor Marussia,16.655651727610046,19
2015,3,Chinese Grand Prix,2015-04-12,Shanghai International Circuit,Roberto Merhi,MER,Manor Marussia,16.71180963214698,20
2015,4,Bahrain Grand Prix,2015-04-19,Bahrain International Circuit,Lewis Hamilton,HAM,Mercedes,2.423775991387598,1
2015,4,Bahrain Grand Prix,2015-04-19,Bahrain International Circuit,Sebastian Vettel,VET,Ferrari,3.0724793674640765,2
2015,4,Bahrain Grand Prix,2015-04-19,Bahrain International Circuit,Nico Rosberg,ROS,Mercedes,3.720920223764358,3
2015,4,Bahrain Grand Prix,2015-04-19,Bahrain International Circuit,Kimi Räikkönen,RAI,Ferrari,4.6801824398554395,4
2015,4,Bahrain Grand Prix,2015-04-19,Bahrain International Circuit,Valtteri Bottas,BOT,Williams,5.673700383061032,5
2015,4,Bahrain Grand Prix,2015-04-19,Bahrain International Circuit,Felipe Massa,MAS,Williams,6.1934858391178444,6
2015,4,Bahrain Grand Prix,2015-04-19,Bahrain International Circuit,Daniel Ricciardo,RIC,Red Bull,6.9825637146004995,7
2015,4,Bahrain Grand Prix,2015-04-19,Bahrain International Circuit,Nico Hülkenberg,HUL,Force India,9.93909800483718,8
2015,4,Bahrain Grand Prix,2015-04-19,Bahrain International Circuit,Carlos Sainz,SAI,Toro Rosso,10.799683822750973,9
2015,4,Bahrain Grand Prix,2015-04-19,Bahrain International Circuit,Sergio Pérez,PER,Force India,10.811972333612884,10
2015,4,Bahrain Grand Prix,2015-04-19,Bahrain International Circuit,Felipe Nasr,NAS,Sauber,11.308889367863312,11
2015,4,Bahrain Grand Prix,2015-04-19,Bahrain International Circuit,Romain Grosjean,GRO,Lotus F1,12.110205200786206,12
2015,4,Bahrain Grand Prix,2015-04-19,Bahrain International Circuit,Daniil Kvyat,KVY,Red Bull,12.19942387172871,13
2015,4,Bahrain Grand Prix,2015-04-19,Bahrain International Circuit,Fernando Alonso,ALO,McLaren,12.270661129552929,14
2015,4,Bahrain Grand Prix,2015-04-19,Bahrain International Circuit,Max Verstappen,VER,Toro Rosso,13.095962900898193,15
2015,4,Bahrain Grand Prix,2015-04-19,Bahrain International Circuit,Marcus Ericsson,ERI,Sauber,13.3495715856931,16
2015,4,Bahrain Grand Prix,2015-04-19,Bahrain International Circuit,Pastor Maldonado,MAL,Lotus F1,13.99935960104888,17
2015,4,Bahrain Grand Prix,2015-04-19,Bahrain International Circuit,Jenson Button,BUT,McLaren,14.716737942455996,18
2015,4,Bahrain Grand Prix,2015-04-19,Bahrain International Circuit,Will Stevens,STE,Manor Marussia,15.978657920757074,19
2015,4,Bahrain Grand Prix,2015-04-19,Bahrain International Circuit,Roberto Merhi,MER,Manor Marussia,16.84984841440918,20
2015,5,Spanish Grand Prix,2015-05-10,Circuit de Barcelona-Catalunya,Lewis Hamilton,HAM,Mercedes,2.185741378564831,1
2015,5,Spanish Grand Prix,2015-05-10,Circuit de Barcelona-Catalunya,Nico Rosberg,ROS,Mercedes,2.677689692114128,2
2015,5,Spanish Grand Prix,2015-05-10,Circuit de Barcelona-Catalunya,Sebastian Vettel,VET,Ferrari,3.4677770421708596,3
2015,5,Spanish Grand Prix,2015-05-10,Circuit de Barcelona-Catalunya,Valtteri Bottas,BOT,Williams,4.671703160084802,4
2015,5,Spanish Grand Prix,2015-05-10,Circuit de Barcelona-Catalunya,Kimi Räikkönen,RAI,Ferrari,6.223932879311761,5
2015,5,Spanish Grand Prix,2015-05-10,Circuit de Barcelona-Catalunya,Felipe Massa,MAS,Williams,8.4194644555388,6
2015,5,Spanish Grand Prix,2015-05-10,Circuit de Barcelona-Catalunya,Max Verstappen,VER,Toro Rosso,8.83464814974403,7
2015,5,Spanish Grand Prix,2015-05-10,Circuit de Barcelona-Catalunya,Carlos Sainz,SAI,Toro Rosso,8.973244131254797,8
2015,5,Spanish Grand Prix,2015-05-10,Circuit de Barcelona-Catalunya,Daniel Ricciardo,RIC,Red Bull,9.370971082215974,9
2015,5,Spanish Grand Prix,2015-05-10,Circuit de Barcelona-Catalunya,Daniil Kvyat,KVY,Red Bull,9.384835164915222,10
2015,5,Spanish Grand Prix,2015-05-10,Circuit de Barcelona-Catalunya,Romain Grosjean,GRO,Lotus F1,12.580108868770566,11
2015,5,Spanish Grand Prix,2015-05-10,Circuit de Barcelona-Catalunya,Jenson Button,BUT,McLaren,13.020538295516687,12
2015,5,Spanish Grand Prix,2015-05-10,Circuit de Barcelona-Catalunya,Sergio Pérez,PER,Force India,13.0386110479317,13
2015,5,Spanish Grand Prix,2015-05-10,Circuit de Barcelona-Catalunya,Pastor Maldonado,MAL,Lotus F1,13.075101072417164,14
2015,5,Spanish Grand Prix,2015-05-10,Circuit de Barcelona-Catalunya,Nico Hülkenberg,HUL,Force India,13.24018697983982,15
2015,5,Spanish Grand Prix,2015-05-10,Circuit de Barcelona-Catalunya,Felipe Nasr,NAS,Sauber,13.317208902261802,16
2015,5,Spanish Grand Prix,2015-05-10,Circuit de Barcelona-Catalunya,Fernando Alonso,ALO,McLaren,13.32503537169586,17
2015,5,Spanish Grand Prix,2015-05-10,Circuit de Barcelona-Catalunya,Marcus Ericsson,ERI,Sauber,14.049542620892556,18
2015,5,Spanish Grand Prix,2015-05-10,Circuit de Barcelona-Catalunya,Will Stevens,STE,Manor Marussia,16.424128403711613,19
2015,5,Spanish Grand Prix,2015-05-10,Circuit de Barcelona-Catalunya,Roberto Merhi,MER,Manor Marussia,17.12298605245368,20
2015,6,Monaco Grand Prix,2015-05-24,Circuit de Monaco,Lewis Hamilton,HAM,Mercedes,1.8079007856446108,1
2015,6,Monaco Grand Prix,2015-05-24,Circuit de Monaco,Nico Rosberg,ROS,Mercedes,3.101056341795518,2
2015,6,Monaco Grand Prix,2015-05-24,Circuit de Monaco,Sebastian Vettel,VET,Ferrari,3.740744519853029,3
2015,6,Monaco Grand Prix,2015-05-24,Circuit de Monaco,Kimi Räikkönen,RAI,Ferrari,5.8513290162275595,4
2015,6,Monaco Grand Prix,2015-05-24,Circuit de Monaco,Daniel Ricciardo,RIC,Red Bull,6.064504197700715,5
2015,6,Monaco Grand Prix,2015-05-24,Circuit de Monaco,Daniil Kvyat,KVY,Red Bull,8.530629729299982,6
2015,6,Monaco Grand Prix,2015-05-24,Circuit de Monaco,Sergio Pérez,PER,Force India,8.677741656257032,7
2015,6,Monaco Grand Prix,2015-05-24,Circuit de Monaco,Max Verstappen,VER,Toro Rosso,10.187055829154472,8
2015,6,Monaco Grand Prix,2015-05-24,Circuit de Monaco,Carlos Sainz,SAI,Toro Rosso,10.315331064112296,9
2015,6,Monaco Grand Prix,2015-05-24,Circuit de Monaco,Felipe Massa,MAS,Williams,10.992342594491102,10
2015,6,Monaco Grand Prix,2015-05-24,Circuit de Monaco,Pastor Maldonado,MAL,Lotus F1,11.519373142905758,11
2015,6,Monaco Grand Prix,2015-05-24,Circuit de Monaco,Valtteri Bottas,BOT,Williams,11.733371086383963,12
2015,6,Monaco Grand Prix,2015-05-24,Circuit de Monaco,Romain Grosjean,GRO,Lotus F1,11.98518875656942,13
2015,6,Monaco Grand Prix,2015-05-24,Circuit de Monaco,Jenson Button,BUT,McLaren,12.278552767083362,14
2015,6,Monaco Grand Prix,2015-05-24,Circuit de Monaco,Nico Hülkenberg,HUL,Force India,12.852363642767424,15
2015,6,Monaco Grand Prix,2015-05-24,Circuit de Monaco,Felipe Nasr,NAS,Sauber,13.750318480535961,16
2015,6,Monaco Grand Prix,2015-05-24,Circuit de Monaco,Fernando Alonso,ALO,McLaren,13.777890329206778,17
2015,6,Monaco Grand Prix,2015-05-24,Circuit de Monaco,Marcus Ericsson,ERI,Sauber,14.653216229143231,18
2015,6,Monaco Grand Prix,2015-05-24,Circuit de Monaco,Roberto Merhi,MER,Manor Marussia,16.345356819093237,19
2015,6,Monaco Grand Prix,2015-05-24,Circuit de Monaco,Will Stevens,STE,Manor Marussia,16.396926593600426,20
2015,7,Canadian Grand Prix,2015-06-07,Circuit Gilles Villeneuve,Lewis Hamilton,HAM,Mercedes,1.6535778395259506,1
2015,7,Canadian Grand Prix,2015-06-07,Circuit Gilles Villeneuve,Nico Rosberg,ROS,Mercedes,2.7999541710253264,2
2015,7,Canadian Grand Prix,2015-06-07,Circuit Gilles Villeneuve,Kimi Räikkönen,RAI,Ferrari,4.358523763637065,3
2015,7,Canadian Grand Prix,2015-06-07,Circuit Gilles Villeneuve,Valtteri Bottas,BOT,Williams,5.002601104130119,4
2015,7,Canadian Grand Prix,2015-06-07,Circuit Gilles Villeneuve,Sebastian Vettel,VET,Ferrari,8.11061983674793,5
2015,7,Canadian Grand Prix,2015-06-07,Circuit Gilles Villeneuve,Romain Grosjean,GRO,Lotus F1,8.675182768616503,6
2015,7,Canadian Grand Prix,2015-06-07,Circuit Gilles Villeneuve,Daniil Kvyat,KVY,Red Bull,8.868373609403653,7
2015,7,Canadian Grand Prix,2015-06-07,Circuit Gilles Villeneuve,Pastor Maldonado,MAL,Lotus F1,9.19949700353777,8
2015,7,Canadian Grand Prix,2015-06-07,Circuit Gilles Villeneuve,Felipe Massa,MAS,Williams,9.4044604491831,9
2015,7,Canadian Grand Prix,2015-06-07,Circuit Gilles Villeneuve,Nico Hülkenberg,HUL,Force India,9.415996765708165,10
2015,7,Canadian Grand Prix,2015-06-07,Circuit Gilles Villeneuve,Daniel Ricciardo,RIC,Red Bull,9.823087320047017,11
2015,7,Canadian Grand Prix,2015-06-07,Circuit Gilles Villeneuve,Sergio Pérez,PER,Force India,10.022809285524204,12
2015,7,Canadian Grand Prix,2015-06-07,Circuit Gilles Villeneuve,Carlos Sainz,SAI,Toro Rosso,12.039151954015042,13
2015,7,Canadian Grand Prix,2015-06-07,Circuit Gilles Villeneuve,Max Verstappen,VER,Toro Rosso,13.390172026131854,14
2015,7,Canadian Grand Prix,2015-06-07,Circuit Gilles Villeneuve,Marcus Ericsson,ERI,Sauber,13.397491598148038,15
2015,7,Canadian Grand Prix,2015-06-07,Circuit Gilles Villeneuve,Felipe Nasr,NAS,Sauber,13.850257463238629,16
2015,7,Canadian Grand Prix,2015-06-07,Circuit Gilles Villeneuve,Fernando Alonso,ALO,McLaren,14.195002593406457,17
2015,7,Canadian Grand Prix,2015-06-07,Circuit Gilles Villeneuve,Jenson Button,BUT,McLaren,16.08370080385063,18
2015,7,Canadian Grand Prix,2015-06-07,Circuit Gilles Villeneuve,Roberto Merhi,MER,Manor Marussia,16.390069434809167,19
2015,7,Canadian Grand Prix,2015-06-07,Circuit Gilles Villeneuve,Will Stevens,STE,Manor Marussia,16.71507414753238,20
2015,8,Austrian Grand Prix,2015-06-21,Red Bull Ring,Lewis Hamilton,HAM,Mercedes,1.9485679652782313,1
2015,8,Austrian Grand Prix,2015-06-21,Red Bull Ring,Nico Rosberg,ROS,Mercedes,2.7620839907018073,2
2015,8,Austrian Grand Prix,2015-06-21,Red Bull Ring,Sebastian Vettel,VET,Ferrari,4.122310809339661,3
2015,8,Austrian Grand Prix,2015-06-21,Red Bull Ring,Felipe Massa,MAS,Williams,5.875181201616206,4
2015,8,Austrian Grand Prix,2015-06-21,Red Bull Ring,Valtteri Bottas,BOT,Williams,6.765309467117439,5
2015,8,Austrian Grand Prix,2015-06-21,Red Bull Ring,Kimi Räikkönen,RAI,Ferrari,8.68287297771173,6
2015,8,Austrian Grand Prix,2015-06-21,Red Bull Ring,Nico Hülkenberg,HUL,Force India,8.82272577222523,7
2015,8,Austrian Grand Prix,2015-06-21,Red Bull Ring,Max Verstappen,VER,Toro Rosso,9.761877601901304,8
2015,8,Austrian Grand Prix,2015-06-21,Red Bull Ring,Daniil Kvyat,KVY,Red Bull,10.433956235459057,9
2015,8,Austrian Grand Prix,2015-06-21,Red Bull Ring,Sergio Pérez,PER,Force India,10.679902340662991,10
2015,8,Austrian Grand Prix,2015-06-21,Red Bull Ring,Romain Grosjean,GRO,Lotus F1,10.809847913258242,11
2015,8,Austrian Grand Prix,2015-06-21,Red Bull Ring,Felipe Nasr,NAS,Sauber,10.90649894297741,12
2015,8,Austrian Grand Prix,2015-06-21,Red Bull Ring,Pastor Maldonado,MAL,Lotus F1,11.158375561463581,13
2015,8,Austrian Grand Prix,2015-06-21,Red Bull Ring,Daniel Ricciardo,RIC,Red Bull,11.496919835081231,14
2015,8,Austrian Grand Prix,2015-06-21,Red Bull Ring,Marcus Ericsson,ERI,Sauber,12.65144295864793,15
2015,8,Austrian Grand Prix,2015-06-21,Red Bull Ring,Carlos Sainz,SAI,Toro Rosso,13.073367145997764,16
2015,8,Austrian Grand Prix,2015-06-21,Red Bull Ring,Fernando Alonso,ALO,McLaren,15.292823189241657,17
2015,8,Austrian Grand Prix,2015-06-21,Red Bull Ring,Jenson Button,BUT,McLaren,15.950396642880756,18
2015,8,Austrian Grand Prix,2015-06-21,Red Bull Ring,Will Stevens,STE,Manor Marussia,16.633571738708962,19
2015,8,Austrian Grand Prix,2015-06-21,Red Bull Ring,Roberto Merhi,MER,Manor Marussia,16.72816698812394,20
2015,9,British Grand Prix,2015-07-05,Silverstone Circuit,Lewis Hamilton,HAM,Mercedes,1.8457709659681305,1
2015,9,British Grand Prix,2015-07-05,Silverstone Circuit,Nico Rosberg,ROS,Mercedes,2.9917986086157793,2
2015,9,British Grand Prix,2015-07-05,Silverstone Circuit,Sebastian Vettel,VET,Ferrari,5.331976961037164,3
2015,9,British Grand Prix,2015-07-05,Silverstone Circuit,Valtteri Bottas,BOT,Williams,5.632310383417796,4
2015,9,British Grand Prix,2015-07-05,Silverstone Circuit,Kimi Räikkönen,RAI,Ferrari,5.854183532351664,5
2015,9,British Grand Prix,2015-07-05,Silverstone Circuit,Felipe Massa,MAS,Williams,6.04916187904026,6
2015,9,British Grand Prix,2015-07-05,Silverstone Circuit,Daniil Kvyat,KVY,Red Bull,8.630091083268637,7
2015,9,British Grand Prix,2015-07-05,Silverstone Circuit,Daniel Ricciardo,RIC,Red Bull,10.154974412599856,8
2015,9,British Grand Prix,2015-07-05,Silverstone Circuit,Carlos Sainz,SAI,Toro Rosso,10.584201763185474,9
2015,9,British Grand Prix,2015-07-05,Silverstone Circuit,Nico Hülkenberg,HUL,Force India,10.598404245425979,10
2015,9,British Grand Prix,2015-07-05,Silverstone Circuit,Sergio Pérez,PER,Force India,11.11681834478206,11
2015,9,British Grand Prix,2015-07-05,Silverstone Circuit,Max Verstappen,VER,Toro Rosso,12.177978549613403,12
2015,9,British Grand Prix,2015-07-05,Silverstone Circuit,Romain Grosjean,GRO,Lotus F1,12.469496849935942,13
2015,9,British Grand Prix,2015-07-05,Silverstone Circuit,Pastor Maldonado,MAL,Lotus F1,13.54040253172988,14
2015,9,British Grand Prix,2015-07-05,Silverstone Circuit,Marcus Ericsson,ERI,Sauber,14.126691720513067,15
2015,9,British Grand Prix,2015-07-05,Silverstone Circuit,Felipe Nasr,NAS,Sauber,14.171197417110974,16
2015,9,British Grand Prix,2015-07-05,Silverstone Circuit,Fernando Alonso,ALO,McLaren,15.260596626524443,17
2015,9,British Grand Prix,2015-07-05,Silverstone Circuit,Jenson Button,BUT,McLaren,15.897259205364465,18
2015,9,British Grand Prix,2015-07-05,Silverstone Circuit,Will Stevens,STE,Manor Marussia,16.396926593600426,19
2015,9,British Grand Prix,2015-07-05,Silverstone Circuit,Roberto Merhi,MER,Manor Marussia,17.095784242342493,20
2015,10,Hungarian Grand Prix,2015-07-26,Hungaroring,Lewis Hamilton,HAM,Mercedes,1.7646479258764154,1
2015,10,Hungarian Grand Prix,2015-07-26,Hungaroring,Nico Rosberg,ROS,Mercedes,2.7999541710253264,2
2015,10,Hungarian Grand Prix,2015-07-26,Hungaroring,Sebastian Vettel,VET,Ferrari,3.75908262095825,3
2015,10,Hungarian Grand Prix,2015-07-26,Hungaroring,Kimi Räikkönen,RAI,Ferrari,6.546410833678669,4
2015,10,Hungarian Grand Prix,2015-07-26,Hungaroring,Daniel Ricciardo,RIC,Red Bull,6.571349700307031,5
2015,10,Hungarian Grand Prix,2015-07-26,Hungaroring,Valtteri Bottas,BOT,Williams,7.2957285022289975,6
2015,10,Hungarian Grand Prix,2015-07-26,Hungaroring,Daniil Kvyat,KVY,Red Bull,7.7238810545101835,7
2015,10,Hungarian Grand Prix,2015-07-26,Hungaroring,Felipe Massa,MAS,Williams,9.060995547723259,8
2015,10,Hungarian Grand Prix,2015-07-26,Hungaroring,Max Verstappen,VER,Toro Rosso,10.935548916017765,9
2015,10,Hungarian Grand Prix,2015-07-26,Hungaroring,Nico Hülkenberg,HUL,Force India,11.732663927093913,10
2015,10,Hungarian Grand Prix,2015-07-26,Hungaroring,Carlos Sainz,SAI,Toro Rosso,11.747836084567687,11
2015,10,Hungarian Grand Prix,2015-07-26,Hungaroring,Romain Grosjean,GRO,Lotus F1,11.800886605598743,12
2015,10,Hungarian Grand Prix,2015-07-26,Hungaroring,Sergio Pérez,PER,Force India,11.914830297209788,13
2015,10,Hungarian Grand Prix,2015-07-26,Hungaroring,Fernando Alonso,ALO,McLaren,13.83224029869903,14
2015,10,Hungarian Grand Prix,2015-07-26,Hungaroring,Pastor Maldonado,MAL,Lotus F1,13.972508672505677,15
2015,10,Hungarian Grand Prix,2015-07-26,Hungaroring,Marcus Ericsson,ERI,Sauber,14.439132094805498,16
2015,10,Hungarian Grand Prix,2015-07-26,Hungaroring,Felipe Nasr,NAS,Sauber,14.74862287796407,17
2015,10,Hungarian Grand Prix,2015-07-26,Hungaroring,Jenson Button,BUT,McLaren,15.006911264838052,18
2015,10,Hungarian Grand Prix,2015-07-26,Hungaroring,Roberto Merhi,MER,Manor Marussia,16.014530175394274,19
2015,10,Hungarian Grand Prix,2015-07-26,Hungaroring,Will Stevens,STE,Manor Marussia,16.33349159316112,20
2015,11,Belgian Grand Prix,2015-08-23,Circuit de Spa-Francorchamps,Lewis Hamilton,HAM,Mercedes,1.9563907166536587,1
2015,11,Belgian Grand Prix,2015-08-23,Circuit de Spa-Francorchamps,Nico Rosberg,ROS,Mercedes,2.718831130933611,2
2015,11,Belgian Grand Prix,2015-08-23,Circuit de Spa-Francorchamps,Daniel Ricciardo,RIC,Red Bull,6.009603816027984,3
2015,11,Belgian Grand Prix,2015-08-23,Circuit de Spa-Francorchamps,Valtteri Bottas,BOT,Williams,6.076123833390115,4
2015,11,Belgian Grand Prix,2015-08-23,Circuit de Spa-Francorchamps,Sebastian Vettel,VET,Ferrari,7.247005493185993,5
2015,11,Belgian Grand Prix,2015-08-23,Circuit de Spa-Francorchamps,Sergio Pérez,PER,Force India,7.253598373761784,6
2015,11,Belgian Grand Prix,2015-08-23,Circuit de Spa-Francorchamps,Felipe Massa,MAS,Williams,8.58473565120047,7
2015,11,Belgian Grand Prix,2015-08-23,Circuit de Spa-Francorchamps,Romain Grosjean,GRO,Lotus F1,8.602475118680262,8
2015,11,Belgian Grand Prix,2015-08-23,Circuit de Spa-Francorchamps,Daniil Kvyat,KVY,Red Bull,8.617491147100992,9
2015,11,Belgian Grand Prix,2015-08-23,Circuit de Spa-Francorchamps,Kimi Räikkönen,RAI,Ferrari,9.060687989191548,10
2015,11,Belgian Grand Prix,2015-08-23,Circuit de Spa-Francorchamps,Pastor Maldonado,MAL,Lotus F1,10.840964349473074,11
2015,11,Belgian Grand Prix,2015-08-23,Circuit de Spa-Francorchamps,Carlos Sainz,SAI,Toro Rosso,11.400814475711485,12
2015,11,Belgian Grand Prix,2015-08-23,Circuit de Spa-Francorchamps,Nico Hülkenberg,HUL,Force India,11.555497248058312,13
2015,11,Belgian Grand Prix,2015-08-23,Circuit de Spa-Francorchamps,Marcus Ericsson,ERI,Sauber,13.014419274311054,14
2015,11,Belgian Grand Prix,2015-08-23,Circuit de Spa-Francorchamps,Max Verstappen,VER,Toro Rosso,13.05854404679807,15
2015,11,Belgian Grand Prix,2015-08-23,Circuit de Spa-Francorchamps,Felipe Nasr,NAS,Sauber,13.605437038048528,16
2015,11,Belgian Grand Prix,2015-08-23,Circuit de Spa-Francorchamps,Jenson Button,BUT,McLaren,15.173242465806029,17
2015,11,Belgian Grand Prix,2015-08-23,Circuit de Spa-Francorchamps,Fernando Alonso,ALO,McLaren,15.313837485926216,18
2015,11,Belgian Grand Prix,2015-08-23,Circuit de Spa-Francorchamps,Will Stevens,STE,Manor Marussia,16.124112942929816,19
2015,11,Belgian Grand Prix,2015-08-23,Circuit de Spa-Francorchamps,Roberto Merhi,MER,Manor Marussia,17.04480184244492,20
2015,12,Italian Grand Prix,2015-09-06,Autodromo Nazionale di Monza,Lewis Hamilton,HAM,Mercedes,1.7646479258764154,1
2015,12,Italian Grand Prix,2015-09-06,Autodromo Nazionale di Monza,Nico Rosberg,ROS,Mercedes,3.556020825824249,2
2015,12,Italian Grand Prix,2015-09-06,Autodromo Nazionale di Monza,Sebastian Vettel,VET,Ferrari,3.953702255376435,3
2015,12,Italian Grand Prix,2015-09-06,Autodromo Nazionale di Monza,Kimi Räikkönen,RAI,Ferrari,4.4901624937139175,4
2015,12,Italian Grand Prix,2015-09-06,Autodromo Nazionale di Monza,Felipe Massa,MAS,Williams,5.987923822259843,5
2015,12,Italian Grand Prix,2015-09-06,Autodromo Nazionale di Monza,Valtteri Bottas,BOT,Williams,6.597162932628985,6
2015,12,Italian Grand Prix,2015-09-06,Autodromo Nazionale di Monza,Sergio Pérez,PER,Force India,7.066069269797347,7
2015,12,Italian Grand Prix,2015-09-06,Autodromo Nazionale di Monza,Nico Hülkenberg,HUL,Force India,9.722645274304021,8
2015,12,Italian Grand Prix,2015-09-06,Autodromo Nazionale di Monza,Romain Grosjean,GRO,Lotus F1,9.855778726565275,9
2015,12,Italian Grand Prix,2015-09-06,Autodromo Nazionale di Monza,Pastor Maldonado,MAL,Lotus F1,10.866532265696376,10
2015,12,Italian Grand Prix,2015-09-06,Autodromo Nazionale di Monza,Daniil Kvyat,KVY,Red Bull,11.913834423445865,11
2015,12,Italian Grand Prix,2015-09-06,Autodromo Nazionale di Monza,Marcus Ericsson,ERI,Sauber,12.022560339366992,12
2015,12,Italian Grand Prix,2015-09-06,Autodromo Nazionale di Monza,Daniel Ricciardo,RIC,Red Bull,12.044170734941257,13
2015,12,Italian Grand Prix,2015-09-06,Autodromo Nazionale di Monza,Felipe Nasr,NAS,Sauber,12.508128144937718,14
2015,12,Italian Grand Prix,2015-09-06,Autodromo Nazionale di Monza,Max Verstappen,VER,Toro Rosso,13.814095710755074,15
2015,12,Italian Grand Prix,2015-09-06,Autodromo Nazionale di Monza,Carlos Sainz,SAI,Toro Rosso,14.245390800965538,16
2015,12,Italian Grand Prix,2015-09-06,Autodromo Nazionale di Monza,Fernando Alonso,ALO,McLaren,14.578521562186857,17
2015,12,Italian Grand Prix,2015-09-06,Autodromo Nazionale di Monza,Will Stevens,STE,Manor Marussia,15.019671366383067,18
2015,12,Italian Grand Prix,2015-09-06,Autodromo Nazionale di Monza,Jenson Button,BUT,McLaren,15.359045742193924,19
2015,12,Italian Grand Prix,2015-09-06,Autodromo Nazionale di Monza,Roberto Merhi,MER,Manor Marussia,15.481719137529842,20
2015,13,Singapore Grand Prix,2015-09-20,Marina Bay Street Circuit,Sebastian Vettel,VET,Ferrari,2.891065408329648,1
2015,13,Singapore Grand Prix,2015-09-20,Marina Bay Street Circuit,Lewis Hamilton,HAM,Mercedes,4.157251676744655,2
2015,13,Singapore Grand Prix,2015-09-20,Marina Bay Street Circuit,Daniel Ricciardo,RIC,Red Bull,4.292352326161133,3
2015,13,Singapore Grand Prix,2015-09-20,Marina Bay Street Circuit,Kimi Räikkönen,RAI,Ferrari,5.0589829625526095,4
2015,13,Singapore Grand Prix,2015-09-20,Marina Bay Street Circuit,Daniil Kvyat,KVY,Red Bull,5.334927954173313,5
2015,13,Singapore Grand Prix,2015-09-20,Marina Bay Street Circuit,Nico Rosberg,ROS,Mercedes,5.623579777316042,6
2015,13,Singapore Grand Prix,2015-09-20,Marina Bay Street Circuit,Valtteri Bottas,BOT,Williams,8.293573644716034,7
2015,13,Singapore Grand Prix,2015-09-20,Marina Bay Street Circuit,Felipe Massa,MAS,Williams,9.747499795131565,8
2015,13,Singapore Grand Prix,2015-09-20,Marina Bay Street Circuit,Max Verstappen,VER,Toro Rosso,9.996037734906189,9
2015,13,Singapore Grand Prix,2015-09-20,Marina Bay Street Circuit,Sergio Pérez,PER,Force India,10.720010219380045,10
2015,13,Singapore Grand Prix,2015-09-20,Marina Bay Street Circuit,Nico Hülkenberg,HUL,Force India,10.993173417813109,11
2015,13,Singapore Grand Prix,2015-09-20,Marina Bay Street Circuit,Fernando Alonso,ALO,McLaren,11.700448165335894,12
2015,13,Singapore Grand Prix,2015-09-20,Marina Bay Street Circuit,Romain Grosjean,GRO,Lotus F1,11.930448598082904,13
2015,13,Singapore Grand Prix,2015-09-20,Marina Bay Street Circuit,Carlos Sainz,SAI,Toro Rosso,13.064151614497959,14
2015,13,Singapore Grand Prix,2015-09-20,Marina Bay Street Circuit,Marcus Ericsson,ERI,Sauber,13.942006114725631,15
2015,13,Singapore Grand Prix,2015-09-20,Marina Bay Street Circuit,Felipe Nasr,NAS,Sauber,14.17867943240379,16
2015,13,Singapore Grand Prix,2015-09-20,Marina Bay Street Circuit,Jenson Button,BUT,McLaren,14.27721558237853,17
2015,13,Singapore Grand Prix,2015-09-20,Marina Bay Street Circuit,Alexander Rossi,RSS,Manor Marussia,14.382368689637833,18
2015,13,Singapore Grand Prix,2015-09-20,Marina Bay Street Circuit,Pastor Maldonado,MAL,Lotus F1,14.780339643786618,19
2015,13,Singapore Grand Prix,2015-09-20,Marina Bay Street Circuit,Will Stevens,STE,Manor Marussia,16.453830265384628,20
2015,14,Japanese Grand Prix,2015-09-27,Suzuka Circuit,Lewis Hamilton,HAM,Mercedes,2.323446745225498,1
2015,14,Japanese Grand Prix,2015-09-27,Suzuka Circuit,Nico Rosberg,ROS,Mercedes,3.0695445524978995,2
2015,14,Japanese Grand Prix,2015-09-27,Suzuka Circuit,Sebastian Vettel,VET,Ferrari,3.87490028372734,3
2015,14,Japanese Grand Prix,2015-09-27,Suzuka Circuit,Valtteri Bottas,BOT,Williams,5.027968177031396,4
2015,14,Japanese Grand Prix,2015-09-27,Suzuka Circuit,Kimi Räikkönen,RAI,Ferrari,6.073635796044039,5
2015,14,Japanese Grand Prix,2015-09-27,Suzuka Circuit,Daniel Ricciardo,RIC,Red Bull,7.063942392984236,6
2015,14,Japanese Grand Prix,2015-09-27,Suzuka Circuit,Felipe Massa,MAS,Williams,7.227036641345256,7
2015,14,Japanese Grand Prix,2015-09-27,Suzuka Circuit,Daniil Kvyat,KVY,Red Bull,8.724588786634248,8
2015,14,Japanese Grand Prix,2015-09-27,Suzuka Circuit,Sergio Pérez,PER,Force India,9.550687107334486,9
2015,14,Japanese Grand Prix,2015-09-27,Suzuka Circuit,Romain Grosjean,GRO,Lotus F1,10.725221870628044,10
2015,14,Japanese Grand Prix,2015-09-27,Suzuka Circuit,Carlos Sainz,SAI,Toro Rosso,10.727690004065156,11
2015,14,Japanese Grand Prix,2015-09-27,Suzuka Circuit,Max Verstappen,VER,Toro Rosso,11.588049769063575,12
2015,14,Japanese Grand Prix,2015-09-27,Suzuka Circuit,Nico Hülkenberg,HUL,Force India,11.69879391100188,13
2015,14,Japanese Grand Prix,2015-09-27,Suzuka Circuit,Marcus Ericsson,ERI,Sauber,13.428422835840266,14
2015,14,Japanese Grand Prix,2015-09-27,Suzuka Circuit,Fernando Alonso,ALO,McLaren,13.59059667923107,15
2015,14,Japanese Grand Prix,2015-09-27,Suzuka Circuit,Pastor Maldonado,MAL,Lotus F1,13.740615949335215,16
2015,14,Japanese Grand Prix,2015-09-27,Suzuka Circuit,Jenson Button,BUT,McLaren,13.849981885828237,17
2015,14,Japanese Grand Prix,2015-09-27,Suzuka Circuit,Felipe Nasr,NAS,Sauber,14.12001787475424,18
2015,14,Japanese Grand Prix,2015-09-27,Suzuka Circuit,Alexander Rossi,RSS,Manor Marussia,14.630050786608097,19
2015,14,Japanese Grand Prix,2015-09-27,Suzuka Circuit,Will Stevens,STE,Manor Marussia,15.769022695162063,20
2015,15,Russian Grand Prix,2015-10-11,Sochi Autodrom,Lewis Hamilton,HAM,Mercedes,2.485308500486513,1
2015,15,Russian Grand Prix,2015-10-11,Sochi Autodrom,Nico Rosberg,ROS,Mercedes,3.397830556037865,2
2015,15,Russian Grand Prix,2015-10-11,Sochi Autodrom,Sebastian Vettel,VET,Ferrari,4.131223840617543,3
2015,15,Russian Grand Prix,2015-10-11,Sochi Autodrom,Valtteri Bottas,BOT,Williams,5.043443590300891,4
2015,15,Russian Grand Prix,2015-10-11,Sochi Autodrom,Sergio Pérez,PER,Force India,6.8787553731664834,5
2015,15,Russian Grand Prix,2015-10-11,Sochi Autodrom,Kimi Räikkönen,RAI,Ferrari,6.941721859284431,6
2015,15,Russian Grand Prix,2015-10-11,Sochi Autodrom,Nico Hülkenberg,HUL,Force India,8.030662968108622,7
2015,15,Russian Grand Prix,2015-10-11,Sochi Autodrom,Felipe Massa,MAS,Williams,9.81654789574918,8
2015,15,Russian Grand Prix,2015-10-11,Sochi Autodrom,Daniel Ricciardo,RIC,Red Bull,9.998846981468793,9
2015,15,Russian Grand Prix,2015-10-11,Sochi Autodrom,Romain Grosjean,GRO,Lotus F1,10.041582172738229,10
2015,15,Russian Grand Prix,2015-10-11,Sochi Autodrom,Daniil Kvyat,KVY,Red Bull,10.315090815497651,11
2015,15,Russian Grand Prix,2015-10-11,Sochi Autodrom,Max Verstappen,VER,Toro Rosso,10.599220709564582,12
2015,15,Russian Grand Prix,2015-10-11,Sochi Autodrom,Carlos Sainz,SAI,Toro Rosso,12.008300401842872,13
2015,15,Russian Grand Prix,2015-10-11,Sochi Autodrom,Felipe Nasr,NAS,Sauber,12.0409838664961,14
2015,15,Russian Grand Prix,2015-10-11,Sochi Autodrom,Jenson Button,BUT,McLaren,12.658851548153946,15
2015,15,Russian Grand Prix,2015-10-11,Sochi Autodrom,Pastor Maldonado,MAL,Lotus F1,12.870160105080677,16
2015,15,Russian Grand Prix,2015-10-11,Sochi Autodrom,Fernando Alonso,ALO,McLaren,13.261372530938615,17
2015,15,Russian Grand Prix,2015-10-11,Sochi Autodrom,Marcus Ericsson,ERI,Sauber,14.365115296375459,18
2015,15,Russian Grand Prix,2015-10-11,Sochi Autodrom,Roberto Merhi,MER,Manor Marussia,15.996235668432947,19
2015,15,Russian Grand Prix,2015-10-11,Sochi Autodrom,Will Stevens,STE,Manor Marussia,16.129310736541527,20
2015,16,United States Grand Prix,2015-10-25,Circuit of the Americas,Lewis Hamilton,HAM,Mercedes,2.3818872517744274,1
2015,16,United States Grand Prix,2015-10-25,Circuit of the Americas,Nico Rosberg,ROS,Mercedes,3.593914172887615,2
2015,16,United States Grand Prix,2015-10-25,Circuit of the Americas,Daniel Ricciardo,RIC,Red Bull,5.47694543695348,3
2015,16,United States Grand Prix,2015-10-25,Circuit of the Americas,Daniil Kvyat,KVY,Red Bull,5.489227282826528,4
2015,16,United States Grand Prix,2015-10-25,Circuit of the Americas,Sergio Pérez,PER,Force India,6.4592268865493425,5
2015,16,United States Grand Prix,2015-10-25,Circuit of the Americas,Sebastian Vettel,VET,Ferrari,6.541141261278128,6
2015,16,United States Grand Prix,2015-10-25,Circuit of the Americas,Kimi Räikkönen,RAI,Ferrari,8.745244776457644,7
2015,16,United States Grand Prix,2015-10-25,Circuit of the Americas,Nico Hülkenberg,HUL,Force India,8.908564654963078,8
2015,16,United States Grand Prix,2015-10-25,Circuit of the Americas,Felipe Massa,MAS,Williams,9.118331541523172,9
2015,16,United States Grand Prix,2015-10-25,Circuit of the Americas,Valtteri Bottas,BOT,Williams,9.528068139171337,10
2015,16,United States Grand Prix,2015-10-25,Circuit of the Americas,Fernando Alonso,ALO,McLaren,11.218518519962798,11
2015,16,United States Grand Prix,2015-10-25,Circuit of the Americas,Max Verstappen,VER,Toro Rosso,11.303370443830437,12
2015,16,United States Grand Prix,2015-10-25,Circuit of the Americas,Romain Grosjean,GRO,Lotus F1,12.21083462268854,13
2015,16,United States Grand Prix,2015-10-25,Circuit of the Americas,Carlos Sainz,SAI,Toro Rosso,12.647433421880002,14
2015,16,United States Grand Prix,2015-10-25,Circuit of the Americas,Pastor Maldonado,MAL,Lotus F1,12.784549321826486,15
2015,16,United States Grand Prix,2015-10-25,Circuit of the Americas,Jenson Button,BUT,McLaren,13.779568921097642,16
2015,16,United States Grand Prix,2015-10-25,Circuit of the Americas,Marcus Ericsson,ERI,Sauber,13.841388955979578,17
2015,16,United States Grand Prix,2015-10-25,Circuit of the Americas,Felipe Nasr,NAS,Sauber,14.10873914989011,18
2015,16,United States Grand Prix,2015-10-25,Circuit of the Americas,Alexander Rossi,RSS,Manor Marussia,14.498579684521214,19
2015,16,United States Grand Prix,2015-10-25,Circuit of the Americas,Will Stevens,STE,Manor Marussia,15.706242022381113,20
2015,17,Mexican Grand Prix,2015-11-01,Autódromo Hermanos Rodríguez,Lewis Hamilton,HAM,Mercedes,2.5474560986636474,1
2015,17,Mexican Grand Prix,2015-11-01,Autódromo Hermanos Rodríguez,Nico Rosberg,ROS,Mercedes,3.0253946621988836,2
2015,17,Mexican Grand Prix,2015-11-01,Autódromo Hermanos Rodríguez,Sebastian Vettel,VET,Ferrari,3.708065517649235,3
2015,17,Mexican Grand Prix,2015-11-01,Autódromo Hermanos Rodríguez,Daniil Kvyat,KVY,Red Bull,6.186312955030945,4
2015,17,Mexican Grand Prix,2015-11-01,Autódromo Hermanos Rodríguez,Valtteri Bottas,BOT,Williams,6.524144239503918,5
2015,17,Mexican Grand Prix,2015-11-01,Autódromo Hermanos Rodríguez,Daniel Ricciardo,RIC,Red Bull,6.966611725474908,6
2015,17,Mexican Grand Prix,2015-11-01,Autódromo Hermanos Rodríguez,Felipe Massa,MAS,Williams,8.246886493573427,7
2015,17,Mexican Grand Prix,2015-11-01,Autódromo Hermanos Rodríguez,Sergio Pérez,PER,Force India,8.346015686873583,8
2015,17,Mexican Grand Prix,2015-11-01,Autódromo Hermanos Rodríguez,Max Verstappen,VER,Toro Rosso,10.256287898406308,9
2015,17,Mexican Grand Prix,2015-11-01,Autódromo Hermanos Rodríguez,Kimi Räikkönen,RAI,Ferrari,10.316035952422167,10
2015,17,Mexican Grand Prix,2015-11-01,Autódromo Hermanos Rodríguez,Nico Hülkenberg,HUL,Force India,10.491937478532511,11
2015,17,Mexican Grand Prix,2015-11-01,Autódromo Hermanos Rodríguez,Carlos Sainz,SAI,Toro Rosso,11.46734665387626,12
2015,17,Mexican Grand Prix,2015-11-01,Autódromo Hermanos Rodríguez,Romain Grosjean,GRO,Lotus F1,12.753268685522416,13
2015,17,Mexican Grand Prix,2015-11-01,Autódromo Hermanos Rodríguez,Pastor Maldonado,MAL,Lotus F1,13.001807210979916,14
2015,17,Mexican Grand Prix,2015-11-01,Autódromo Hermanos Rodríguez,Marcus Ericsson,ERI,Sauber,13.748304972862321,15
2015,17,Mexican Grand Prix,2015-11-01,Autódromo Hermanos Rodríguez,Felipe Nasr,NAS,Sauber,13.884760911448094,16
2015,17,Mexican Grand Prix,2015-11-01,Autódromo Hermanos Rodríguez,Fernando Alonso,ALO,McLaren,14.296105575360931,17
2015,17,Mexican Grand Prix,2015-11-01,Autódromo Hermanos Rodríguez,Jenson Button,BUT,McLaren,14.324259951174492,18
2015,17,Mexican Grand Prix,2015-11-01,Autódromo Hermanos Rodríguez,Alexander Rossi,RSS,Manor Marussia,14.710843111175196,19
2015,17,Mexican Grand Prix,2015-11-01,Autódromo Hermanos Rodríguez,Will Stevens,STE,Manor Marussia,16.469348707967722,20
2015,18,Brazilian Grand Prix,2015-11-15,Autódromo José Carlos Pace,Lewis Hamilton,HAM,Mercedes,2.0872170779513306,1
2015,18,Brazilian Grand Prix,2015-11-15,Autódromo José Carlos Pace,Nico Rosberg,ROS,Mercedes,2.529088217443234,2
2015,18,Brazilian Grand Prix,2015-11-15,Autódromo José Carlos Pace,Sebastian Vettel,VET,Ferrari,3.8322871409605868,3
2015,18,Brazilian Grand Prix,2015-11-15,Autódromo José Carlos Pace,Kimi Räikkönen,RAI,Ferrari,5.4801279592940295,4
2015,18,Brazilian Grand Prix,2015-11-15,Autódromo José Carlos Pace,Valtteri Bottas,BOT,Williams,5.884746653721454,5
2015,18,Brazilian Grand Prix,2015-11-15,Autódromo José Carlos Pace,Nico Hülkenberg,HUL,Force India,7.4333513707448615,6
2015,18,Brazilian Grand Prix,2015-11-15,Autódromo José Carlos Pace,Daniil Kvyat,KVY,Red Bull,8.146597515160275,7
2015,18,Brazilian Grand Prix,2015-11-15,Autódromo José Carlos Pace,Daniel Ricciardo,RIC,Red Bull,9.098236386719648,8
2015,18,Brazilian Grand Prix,2015-11-15,Autódromo José Carlos Pace,Felipe Massa,MAS,Williams,9.55210968042508,9
2015,18,Brazilian Grand Prix,2015-11-15,Autódromo José Carlos Pace,Sergio Pérez,PER,Force India,10.208048316833972,10
2015,18,Brazilian Grand Prix,2015-11-15,Autódromo José Carlos Pace,Max Verstappen,VER,Toro Rosso,10.722458437189355,11
2015,18,Brazilian Grand Prix,2015-11-15,Autódromo José Carlos Pace,Carlos Sainz,SAI,Toro Rosso,11.954579451123951,12
2015,18,Brazilian Grand Prix,2015-11-15,Autódromo José Carlos Pace,Romain Grosjean,GRO,Lotus F1,12.332916499436939,13
2015,18,Brazilian Grand Prix,2015-11-15,Autódromo José Carlos Pace,Felipe Nasr,NAS,Sauber,12.724821882827387,14
2015,18,Brazilian Grand Prix,2015-11-15,Autódromo José Carlos Pace,Pastor Maldonado,MAL,Lotus F1,12.832228063112233,15
2015,18,Brazilian Grand Prix,2015-11-15,Autódromo José Carlos Pace,Marcus Ericsson,ERI,Sauber,14.18432496177037,16
2015,18,Brazilian Grand Prix,2015-11-15,Autódromo José Carlos Pace,Jenson Button,BUT,McLaren,14.232349131818724,17
2015,18,Brazilian Grand Prix,2015-11-15,Autódromo José Carlos Pace,Fernando Alonso,ALO,McLaren,14.711676645983934,18
2015,18,Brazilian Grand Prix,2015-11-15,Autódromo José Carlos Pace,Alexander Rossi,RSS,Manor Marussia,14.78057301741074,19
2015,18,Brazilian Grand Prix,2015-11-15,Autódromo José Carlos Pace,Will Stevens,STE,Manor Marussia,16.451383897252054,20
2015,19,Abu Dhabi Grand Prix,2015-11-29,Yas Marina Circuit,Lewis Hamilton,HAM,Mercedes,2.061365478704919,1
2015,19,Abu Dhabi Grand Prix,2015-11-29,Yas Marina Circuit,Nico Rosberg,ROS,Mercedes,2.776204095878991,2
2015,19,Abu Dhabi Grand Prix,2015-11-29,Yas Marina Circuit,Kimi Räikkönen,RAI,Ferrari,4.72969725343162,3
2015,19,Abu Dhabi Grand Prix,2015-11-29,Yas Marina Circuit,Sergio Pérez,PER,Force India,4.973087854903714,4
2015,19,Abu Dhabi Grand Prix,2015-11-29,Yas Marina Circuit,Nico Hülkenberg,HUL,Force India,7.2585909218055225,5
2015,19,Abu Dhabi Grand Prix,2015-11-29,Yas Marina Circuit,Daniel Ricciardo,RIC,Red Bull,7.511273370810029,6
2015,19,Abu Dhabi Grand Prix,2015-11-29,Yas Marina Circuit,Valtteri Bottas,BOT,Williams,7.7173014057029965,7
2015,19,Abu Dhabi Grand Prix,2015-11-29,Yas Marina Circuit,Sebastian Vettel,VET,Ferrari,8.738835752372491,8
2015,19,Abu Dhabi Grand Prix,2015-11-29,Yas Marina Circuit,Felipe Massa,MAS,Williams,8.96232836045485,9
2015,19,Abu Dhabi Grand Prix,2015-11-29,Yas Marina Circuit,Daniil Kvyat,KVY,Red Bull,9.904176724396105,10
2015,19,Abu Dhabi Grand Prix,2015-11-29,Yas Marina Circuit,Carlos Sainz,SAI,Toro Rosso,11.86817890906429,11
2015,19,Abu Dhabi Grand Prix,2015-11-29,Yas Marina Circuit,Max Verstappen,VER,Toro Rosso,11.918768461749687,12
2015,19,Abu Dhabi Grand Prix,2015-11-29,Yas Marina Circuit,Jenson Button,BUT,McLaren,12.403248078992299,13
2015,19,Abu Dhabi Grand Prix,2015-11-29,Yas Marina Circuit,Pastor Maldonado,MAL,Lotus F1,12.530533512499902,14
2015,19,Abu Dhabi Grand Prix,2015-11-29,Yas Marina Circuit,Felipe Nasr,NAS,Sauber,13.869917517829064,15
2015,19,Abu Dhabi Grand Prix,2015-11-29,Yas Marina Circuit,Fernando Alonso,ALO,McLaren,13.95649319318745,16
2015,19,Abu Dhabi Grand Prix,2015-11-29,Yas Marina Circuit,Romain Grosjean,GRO,Lotus F1,13.968221007462882,17
2015,19,Abu Dhabi Grand Prix,2015-11-29,Yas Marina Circuit,Marcus Ericsson,ERI,Sauber,15.219355100281982,18
2015,19,Abu Dhabi Grand Prix,2015-11-29,Yas Marina Circuit,Will Stevens,STE,Manor Marussia,16.35787658638799,19
2015,19,Abu Dhabi Grand Prix,2015-11-29,Yas Marina Circuit,Roberto Merhi,MER,Manor Marussia,17.000550658340927,20
2016,1,Australian Grand Prix,2016-03-20,Albert Park Grand Prix Circuit,Lewis Hamilton,HAM,Mercedes,1.652132324348185,1
2016,1,Australian Grand Prix,2016-03-20,Albert Park Grand Prix Circuit,Nico Rosberg,ROS,Mercedes,3.0575608651040134,2
2016,1,Australian Grand Prix,2016-03-20,Albert Park Grand Prix Circuit,Sebastian Vettel,VET,Ferrari,5.452210048920018,3
2016,1,Australian Grand Prix,2016-03-20,Albert Park Grand Prix Circuit,Kimi Räikkönen,RAI,Ferrari,5.932173520607306,4
2016,1,Australian Grand Prix,2016-03-20,Albert Park Grand Prix Circuit,Felipe Massa,MAS,Williams,7.764785461812658,5
2016,1,Australian Grand Prix,2016-03-20,Albert Park Grand Prix Circuit,Daniel Ricciardo,RIC,Red Bull,8.086897213857574,6
2016,1,Australian Grand Prix,2016-03-20,Albert Park Grand Prix Circuit,Max Verstappen,VER,Toro Rosso,8.204172660822996,7
2016,1,Australian Grand Prix,2016-03-20,Albert Park Grand Prix Circuit,Nico Hülkenberg,HUL,Force India,8.769337799261185,8
2016,1,Australian Grand Prix,2016-03-20,Albert Park Grand Prix Circuit,Sergio Pérez,PER,Force India,8.775570143956928,9
2016,1,Australian Grand Prix,2016-03-20,Albert Park Grand Prix Circuit,Carlos Sainz,SAI,Toro Rosso,9.170397174674186,10
2016,1,Australian Grand Prix,2016-03-20,Albert Park Grand Prix Circuit,Daniil Kvyat,KVY,Red Bull,10.86182214550184,11
2016,1,Australian Grand Prix,2016-03-20,Albert Park Grand Prix Circuit,Valtteri Bottas,BOT,Williams,10.865637046227548,12
2016,1,Australian Grand Prix,2016-03-20,Albert Park Grand Prix Circuit,Fernando Alonso,ALO,McLaren,11.919660475951629,13
2016,1,Australian Grand Prix,2016-03-20,Albert Park Grand Prix Circuit,Jenson Button,BUT,McLaren,12.515158894864609,14
2016,1,Australian Grand Prix,2016-03-20,Albert Park Grand Prix Circuit,Jolyon Palmer,PAL,Renault,13.434750930396648,15
2016,1,Australian Grand Prix,2016-03-20,Albert Park Grand Prix Circuit,Kevin Magnussen,MAG,Renault,13.727072693318888,16
2016,1,Australian Grand Prix,2016-03-20,Albert Park Grand Prix Circuit,Marcus Ericsson,ERI,Sauber,14.315513487396986,17
2016,1,Australian Grand Prix,2016-03-20,Albert Park Grand Prix Circuit,Felipe Nasr,NAS,Sauber,14.340048095990415,18
2016,1,Australian Grand Prix,2016-03-20,Albert Park Grand Prix Circuit,Romain Grosjean,GRO,Haas F1 Team,14.93629651998147,19
2016,1,Australian Grand Prix,2016-03-20,Albert Park Grand Prix Circuit,Esteban Gutiérrez,GUT,Haas F1 Team,15.313360252210025,20
2016,1,Australian Grand Prix,2016-03-20,Albert Park Grand Prix Circuit,Pascal Wehrlein,WEH,Manor Marussia,15.550425083490042,21
2016,1,Australian Grand Prix,2016-03-20,Albert Park Grand Prix Circuit,Rio Haryanto,HAR,Manor Marussia,16.719749928591444,22
2016,2,Bahrain Grand Prix,2016-04-03,Bahrain International Circuit,Lewis Hamilton,HAM,Mercedes,1.8890238257363259,1
2016,2,Bahrain Grand Prix,2016-04-03,Bahrain International Circuit,Nico Rosberg,ROS,Mercedes,2.7620839907018073,2
2016,2,Bahrain Grand Prix,2016-04-03,Bahrain International Circuit,Sebastian Vettel,VET,Ferrari,4.396450519952769,3
2016,2,Bahrain Grand Prix,2016-04-03,Bahrain International Circuit,Kimi Räikkönen,RAI,Ferrari,5.200499099111447,4
2016,2,Bahrain Grand Prix,2016-04-03,Bahrain International Circuit,Daniel Ricciardo,RIC,Red Bull,6.536327500525859,5
2016,2,Bahrain Grand Prix,2016-04-03,Bahrain International Circuit,Valtteri Bottas,BOT,Williams,7.441717113204428,6
2016,2,Bahrain Grand Prix,2016-04-03,Bahrain International Circuit,Felipe Massa,MAS,Williams,8.279858938807285,7
2016,2,Bahrain Grand Prix,2016-04-03,Bahrain International Circuit,Nico Hülkenberg,HUL,Force India,9.11765821415725,8
2016,2,Bahrain Grand Prix,2016-04-03,Bahrain International Circuit,Daniil Kvyat,KVY,Red Bull,9.684614865283098,9
2016,2,Bahrain Grand Prix,2016-04-03,Bahrain International Circuit,Romain Grosjean,GRO,Haas F1 Team,10.603745284019004,10
2016,2,Bahrain Grand Prix,2016-04-03,Bahrain International Circuit,Max Verstappen,VER,Toro Rosso,11.173941637308516,11
2016,2,Bahrain Grand Prix,2016-04-03,Bahrain International Circuit,Sergio Pérez,PER,Force India,11.457223930412306,12
2016,2,Bahrain Grand Prix,2016-04-03,Bahrain International Circuit,Carlos Sainz,SAI,Toro Rosso,11.945718388962355,13
2016,2,Bahrain Grand Prix,2016-04-03,Bahrain International Circuit,Stoffel Vandoorne,VAN,McLaren,13.055892935785485,14
2016,2,Bahrain Grand Prix,2016-04-03,Bahrain International Circuit,Esteban Gutiérrez,GUT,Haas F1 Team,13.52470195706202,15
2016,2,Bahrain Grand Prix,2016-04-03,Bahrain International Circuit,Jenson Button,BUT,McLaren,13.79480349574583,16
2016,2,Bahrain Grand Prix,2016-04-03,Bahrain International Circuit,Kevin Magnussen,MAG,Renault,14.597205450825475,17
2016,2,Bahrain Grand Prix,2016-04-03,Bahrain International Circuit,Jolyon Palmer,PAL,Renault,15.245206933101068,18
2016,2,Bahrain Grand Prix,2016-04-03,Bahrain International Circuit,Marcus Ericsson,ERI,Sauber,15.341947188759727,19
2016,2,Bahrain Grand Prix,2016-04-03,Bahrain International Circuit,Pascal Wehrlein,WEH,Manor Marussia,16.126794986049404,20
2016,2,Bahrain Grand Prix,2016-04-03,Bahrain International Circuit,Felipe Nasr,NAS,Sauber,16.56596420874295,21
2016,2,Bahrain Grand Prix,2016-04-03,Bahrain International Circuit,Rio Haryanto,HAR,Manor Marussia,17.785574489182903,22
2016,3,Chinese Grand Prix,2016-04-17,Shanghai International Circuit,Nico Rosberg,ROS,Mercedes,2.909706696037828,1
2016,3,Chinese Grand Prix,2016-04-17,Shanghai International Circuit,Sebastian Vettel,VET,Ferrari,4.259548138687423,2
2016,3,Chinese Grand Prix,2016-04-17,Shanghai International Circuit,Kimi Räikkönen,RAI,Ferrari,4.63945507161795,3
2016,3,Chinese Grand Prix,2016-04-17,Shanghai International Circuit,Daniel Ricciardo,RIC,Red Bull,4.7896824275624175,4
2016,3,Chinese Grand Prix,2016-04-17,Shanghai International Circuit,Valtteri Bottas,BOT,Williams,7.447745374987893,5
2016,3,Chinese Grand Prix,2016-04-17,Shanghai International Circuit,Daniil Kvyat,KVY,Red Bull,7.63087536694631,6
2016,3,Chinese Grand Prix,2016-04-17,Shanghai International Circuit,Lewis Hamilton,HAM,Mercedes,7.900065874808348,7
2016,3,Chinese Grand Prix,2016-04-17,Shanghai International Circuit,Sergio Pérez,PER,Force India,8.240237236307747,8
2016,3,Chinese Grand Prix,2016-04-17,Shanghai International Circuit,Carlos Sainz,SAI,Toro Rosso,10.023235621074685,9
2016,3,Chinese Grand Prix,2016-04-17,Shanghai International Circuit,Felipe Massa,MAS,Williams,10.619622738922047,10
2016,3,Chinese Grand Prix,2016-04-17,Shanghai International Circuit,Max Verstappen,VER,Toro Rosso,10.853356148166688,11
2016,3,Chinese Grand Prix,2016-04-17,Shanghai International Circuit,Nico Hülkenberg,HUL,Force India,10.97184233521984,12
2016,3,Chinese Grand Prix,2016-04-17,Shanghai International Circuit,Romain Grosjean,GRO,Haas F1 Team,11.99497886620827,13
2016,3,Chinese Grand Prix,2016-04-17,Shanghai International Circuit,Fernando Alonso,ALO,McLaren,13.256770420706593,14
2016,3,Chinese Grand Prix,2016-04-17,Shanghai International Circuit,Jenson Button,BUT,McLaren,13.97037042961354,15
2016,3,Chinese Grand Prix,2016-04-17,Shanghai International Circuit,Kevin Magnussen,MAG,Renault,14.388617911496974,16
2016,3,Chinese Grand Prix,2016-04-17,Shanghai International Circuit,Jolyon Palmer,PAL,Renault,14.518397982091948,17
2016,3,Chinese Grand Prix,2016-04-17,Shanghai International Circuit,Esteban Gutiérrez,GUT,Haas F1 Team,14.822672682771923,18
2016,3,Chinese Grand Prix,2016-04-17,Shanghai International Circuit,Marcus Ericsson,ERI,Sauber,14.90221032467489,19
2016,3,Chinese Grand Prix,2016-04-17,Shanghai International Circuit,Pascal Wehrlein,WEH,Manor Marussia,15.337478786592435,20
2016,3,Chinese Grand Prix,2016-04-17,Shanghai International Circuit,Felipe Nasr,NAS,Sauber,15.461432351768952,21
2016,3,Chinese Grand Prix,2016-04-17,Shanghai International Circuit,Rio Haryanto,HAR,Manor Marussia,17.07813070486888,22
2016,4,Russian Grand Prix,2016-05-01,Sochi Autodrom,Nico Rosberg,ROS,Mercedes,2.4719457035735166,1
2016,4,Russian Grand Prix,2016-05-01,Sochi Autodrom,Kimi Räikkönen,RAI,Ferrari,4.168876637664512,2
2016,4,Russian Grand Prix,2016-05-01,Sochi Autodrom,Sebastian Vettel,VET,Ferrari,4.747583724171732,3
2016,4,Russian Grand Prix,2016-05-01,Sochi Autodrom,Valtteri Bottas,BOT,Williams,5.3774243300057085,4
2016,4,Russian Grand Prix,2016-05-01,Sochi Autodrom,Felipe Massa,MAS,Williams,5.7617965855287565,5
2016,4,Russian Grand Prix,2016-05-01,Sochi Autodrom,Daniel Ricciardo,RIC,Red Bull,6.068126385917463,6
2016,4,Russian Grand Prix,2016-05-01,Sochi Autodrom,Lewis Hamilton,HAM,Mercedes,6.567717879206169,7
2016,4,Russian Grand Prix,2016-05-01,Sochi Autodrom,Sergio Pérez,PER,Force India,8.277906957755883,8
2016,4,Russian Grand Prix,2016-05-01,Sochi Autodrom,Daniil Kvyat,KVY,Red Bull,9.117454659168004,9
2016,4,Russian Grand Prix,2016-05-01,Sochi Autodrom,Max Verstappen,VER,Toro Rosso,10.665446897445786,10
2016,4,Russian Grand Prix,2016-05-01,Sochi Autodrom,Carlos Sainz,SAI,Toro Rosso,11.946211777739073,11
2016,4,Russian Grand Prix,2016-05-01,Sochi Autodrom,Jenson Button,BUT,McLaren,12.392072314852344,12
2016,4,Russian Grand Prix,2016-05-01,Sochi Autodrom,Nico Hülkenberg,HUL,Force India,12.918899875904328,13
2016,4,Russian Grand Prix,2016-05-01,Sochi Autodrom,Romain Grosjean,GRO,Haas F1 Team,13.688068632269,14
2016,4,Russian Grand Prix,2016-05-01,Sochi Autodrom,Fernando Alonso,ALO,McLaren,13.802145841383242,15
2016,4,Russian Grand Prix,2016-05-01,Sochi Autodrom,Kevin Magnussen,MAG,Renault,15.09249946482518,16
2016,4,Russian Grand Prix,2016-05-01,Sochi Autodrom,Esteban Gutiérrez,GUT,Haas F1 Team,15.378922353109987,17
2016,4,Russian Grand Prix,2016-05-01,Sochi Autodrom,Jolyon Palmer,PAL,Renault,15.978657920757074,18
2016,4,Russian Grand Prix,2016-05-01,Sochi Autodrom,Felipe Nasr,NAS,Sauber,15.993373523361635,19
2016,4,Russian Grand Prix,2016-05-01,Sochi Autodrom,Marcus Ericsson,ERI,Sauber,17.03588727713984,20
2016,4,Russian Grand Prix,2016-05-01,Sochi Autodrom,Pascal Wehrlein,WEH,Manor Marussia,17.63403599640683,21
2016,4,Russian Grand Prix,2016-05-01,Sochi Autodrom,Rio Haryanto,HAR,Manor Marussia,17.922290652310494,22
2016,5,Spanish Grand Prix,2016-05-15,Circuit de Barcelona-Catalunya,Lewis Hamilton,HAM,Mercedes,1.8457709659681305,1
2016,5,Spanish Grand Prix,2016-05-15,Circuit de Barcelona-Catalunya,Nico Rosberg,ROS,Mercedes,2.7999541710253264,2
2016,5,Spanish Grand Prix,2016-05-15,Circuit de Barcelona-Catalunya,Daniel Ricciardo,RIC,Red Bull,4.21865641410251,3
2016,5,Spanish Grand Prix,2016-05-15,Circuit de Barcelona-Catalunya,Kimi Räikkönen,RAI,Ferrari,5.529791290058165,4
2016,5,Spanish Grand Prix,2016-05-15,Circuit de Barcelona-Catalunya,Sebastian Vettel,VET,Ferrari,5.612299979156887,5
2016,5,Spanish Grand Prix,2016-05-15,Circuit de Barcelona-Catalunya,Max Verstappen,VER,Red Bull,5.916597430021721,6
2016,5,Spanish Grand Prix,2016-05-15,Circuit de Barcelona-Catalunya,Valtteri Bottas,BOT,Williams,8.180820709883207,7
2016,5,Spanish Grand Prix,2016-05-15,Circuit de Barcelona-Catalunya,Sergio Pérez,PER,Force India,9.655415922522568,8
2016,5,Spanish Grand Prix,2016-05-15,Circuit de Barcelona-Catalunya,Carlos Sainz,SAI,Toro Rosso,10.616143720439668,9
2016,5,Spanish Grand Prix,2016-05-15,Circuit de Barcelona-Catalunya,Felipe Massa,MAS,Williams,11.46110966431727,10
2016,5,Spanish Grand Prix,2016-05-15,Circuit de Barcelona-Catalunya,Fernando Alonso,ALO,McLaren,11.507018398227775,11
2016,5,Spanish Grand Prix,2016-05-15,Circuit de Barcelona-Catalunya,Nico Hülkenberg,HUL,Force India,11.647701649042865,12
2016,5,Spanish Grand Prix,2016-05-15,Circuit de Barcelona-Catalunya,Daniil Kvyat,KVY,Toro Rosso,12.628765368387858,13
2016,5,Spanish Grand Prix,2016-05-15,Circuit de Barcelona-Catalunya,Jenson Button,BUT,McLaren,12.885198914997854,14
2016,5,Spanish Grand Prix,2016-05-15,Circuit de Barcelona-Catalunya,Romain Grosjean,GRO,Haas F1 Team,13.483390677362223,15
2016,5,Spanish Grand Prix,2016-05-15,Circuit de Barcelona-Catalunya,Kevin Magnussen,MAG,Renault,13.920728364396338,16
2016,5,Spanish Grand Prix,2016-05-15,Circuit de Barcelona-Catalunya,Jolyon Palmer,PAL,Renault,14.985754707581076,17
2016,5,Spanish Grand Prix,2016-05-15,Circuit de Barcelona-Catalunya,Esteban Gutiérrez,GUT,Haas F1 Team,16.138923579337156,18
2016,5,Spanish Grand Prix,2016-05-15,Circuit de Barcelona-Catalunya,Pascal Wehrlein,WEH,Manor Marussia,16.469062399333218,19
2016,5,Spanish Grand Prix,2016-05-15,Circuit de Barcelona-Catalunya,Felipe Nasr,NAS,Sauber,16.584889715736217,20
2016,5,Spanish Grand Prix,2016-05-15,Circuit de Barcelona-Catalunya,Marcus Ericsson,ERI,Sauber,16.78824220489989,21
2016,5,Spanish Grand Prix,2016-05-15,Circuit de Barcelona-Catalunya,Rio Haryanto,HAR,Manor Marussia,16.987053705163035,22
2016,6,Monaco Grand Prix,2016-05-29,Circuit de Monaco,Lewis Hamilton,HAM,Mercedes,3.063959557139005,1
2016,6,Monaco Grand Prix,2016-05-29,Circuit de Monaco,Nico Rosberg,ROS,Mercedes,3.1181472729898116,2
2016,6,Monaco Grand Prix,2016-05-29,Circuit de Monaco,Daniel Ricciardo,RIC,Red Bull,3.1393170325367383,3
2016,6,Monaco Grand Prix,2016-05-29,Circuit de Monaco,Sebastian Vettel,VET,Ferrari,4.6020159813366,4
2016,6,Monaco Grand Prix,2016-05-29,Circuit de Monaco,Kimi Räikkönen,RAI,Ferrari,8.209652746720844,5
2016,6,Monaco Grand Prix,2016-05-29,Circuit de Monaco,Carlos Sainz,SAI,Toro Rosso,8.664927682994275,6
2016,6,Monaco Grand Prix,2016-05-29,Circuit de Monaco,Nico Hülkenberg,HUL,Force India,8.799052744823872,7
2016,6,Monaco Grand Prix,2016-05-29,Circuit de Monaco,Max Verstappen,VER,Red Bull,9.174145886881234,8
2016,6,Monaco Grand Prix,2016-05-29,Circuit de Monaco,Sergio Pérez,PER,Force India,9.243249964471893,9
2016,6,Monaco Grand Prix,2016-05-29,Circuit de Monaco,Daniil Kvyat,KVY,Toro Rosso,9.673511955937899,10
2016,6,Monaco Grand Prix,2016-05-29,Circuit de Monaco,Valtteri Bottas,BOT,Williams,10.334457632938538,11
2016,6,Monaco Grand Prix,2016-05-29,Circuit de Monaco,Felipe Massa,MAS,Williams,11.511906973765209,12
2016,6,Monaco Grand Prix,2016-05-29,Circuit de Monaco,Fernando Alonso,ALO,McLaren,11.645835755613868,13
2016,6,Monaco Grand Prix,2016-05-29,Circuit de Monaco,Jenson Button,BUT,McLaren,13.154992762273856,14
2016,6,Monaco Grand Prix,2016-05-29,Circuit de Monaco,Esteban Gutiérrez,GUT,Haas F1 Team,13.486642193794802,15
2016,6,Monaco Grand Prix,2016-05-29,Circuit de Monaco,Romain Grosjean,GRO,Haas F1 Team,14.012079086010864,16
2016,6,Monaco Grand Prix,2016-05-29,Circuit de Monaco,Kevin Magnussen,MAG,Renault,14.353456404746323,17
2016,6,Monaco Grand Prix,2016-05-29,Circuit de Monaco,Marcus Ericsson,ERI,Sauber,15.35076005348473,18
2016,6,Monaco Grand Prix,2016-05-29,Circuit de Monaco,Felipe Nasr,NAS,Sauber,15.598494203701877,19
2016,6,Monaco Grand Prix,2016-05-29,Circuit de Monaco,Jolyon Palmer,PAL,Renault,15.825314490051849,20
2016,6,Monaco Grand Prix,2016-05-29,Circuit de Monaco,Rio Haryanto,HAR,Manor Marussia,17.546498281393543,21
2016,6,Monaco Grand Prix,2016-05-29,Circuit de Monaco,Pascal Wehrlein,WEH,Manor Marussia,17.676165559190142,22
2016,7,Canadian Grand Prix,2016-06-12,Circuit Gilles Villeneuve,Lewis Hamilton,HAM,Mercedes,2.0496434203766003,1
2016,7,Canadian Grand Prix,2016-06-12,Circuit Gilles Villeneuve,Nico Rosberg,ROS,Mercedes,2.931002720308095,2
2016,7,Canadian Grand Prix,2016-06-12,Circuit Gilles Villeneuve,Sebastian Vettel,VET,Ferrari,4.005562711630463,3
2016,7,Canadian Grand Prix,2016-06-12,Circuit Gilles Villeneuve,Daniel Ricciardo,RIC,Red Bull,4.56049305189669,4
2016,7,Canadian Grand Prix,2016-06-12,Circuit Gilles Villeneuve,Kimi Räikkönen,RAI,Ferrari,5.900721432396908,5
2016,7,Canadian Grand Prix,2016-06-12,Circuit Gilles Villeneuve,Max Verstappen,VER,Red Bull,6.209097378027877,6
2016,7,Canadian Grand Prix,2016-06-12,Circuit Gilles Villeneuve,Valtteri Bottas,BOT,Williams,7.59449078212586,7
2016,7,Canadian Grand Prix,2016-06-12,Circuit Gilles Villeneuve,Felipe Massa,MAS,Williams,9.489532558464182,8
2016,7,Canadian Grand Prix,2016-06-12,Circuit Gilles Villeneuve,Sergio Pérez,PER,Force India,9.809966962577843,9
2016,7,Canadian Grand Prix,2016-06-12,Circuit Gilles Villeneuve,Nico Hülkenberg,HUL,Force India,10.085325665127723,10
2016,7,Canadian Grand Prix,2016-06-12,Circuit Gilles Villeneuve,Fernando Alonso,ALO,McLaren,10.850517824897173,11
2016,7,Canadian Grand Prix,2016-06-12,Circuit Gilles Villeneuve,Jenson Button,BUT,McLaren,11.8786926094793,12
2016,7,Canadian Grand Prix,2016-06-12,Circuit Gilles Villeneuve,Carlos Sainz,SAI,Toro Rosso,12.989440795338798,13
2016,7,Canadian Grand Prix,2016-06-12,Circuit Gilles Villeneuve,Daniil Kvyat,KVY,Toro Rosso,13.458877444522043,14
2016,7,Canadian Grand Prix,2016-06-12,Circuit Gilles Villeneuve,Romain Grosjean,GRO,Haas F1 Team,14.082955723487231,15
2016,7,Canadian Grand Prix,2016-06-12,Circuit Gilles Villeneuve,Esteban Gutiérrez,GUT,Haas F1 Team,14.250787457637824,16
2016,7,Canadian Grand Prix,2016-06-12,Circuit Gilles Villeneuve,Marcus Ericsson,ERI,Sauber,15.87842534211239,17
2016,7,Canadian Grand Prix,2016-06-12,Circuit Gilles Villeneuve,Felipe Nasr,NAS,Sauber,15.883947287847018,18
2016,7,Canadian Grand Prix,2016-06-12,Circuit Gilles Villeneuve,Kevin Magnussen,MAG,Renault,15.898545958223961,19
2016,7,Canadian Grand Prix,2016-06-12,Circuit Gilles Villeneuve,Jolyon Palmer,PAL,Renault,16.556904952712355,20
2016,7,Canadian Grand Prix,2016-06-12,Circuit Gilles Villeneuve,Pascal Wehrlein,WEH,Manor Marussia,17.437836291389562,21
2016,7,Canadian Grand Prix,2016-06-12,Circuit Gilles Villeneuve,Rio Haryanto,HAR,Manor Marussia,17.71618943285915,22
2016,8,European Grand Prix,2016-06-19,Baku City Circuit,Nico Rosberg,ROS,Mercedes,2.880678649176603,1
2016,8,European Grand Prix,2016-06-19,Baku City Circuit,Sebastian Vettel,VET,Ferrari,4.100778066097942,2
2016,8,European Grand Prix,2016-06-19,Baku City Circuit,Daniel Ricciardo,RIC,Red Bull,4.763594722471614,3
2016,8,European Grand Prix,2016-06-19,Baku City Circuit,Sergio Pérez,PER,Force India,5.488434859305173,4
2016,8,European Grand Prix,2016-06-19,Baku City Circuit,Lewis Hamilton,HAM,Mercedes,6.520952290755296,5
2016,8,European Grand Prix,2016-06-19,Baku City Circuit,Kimi Räikkönen,RAI,Ferrari,6.555192233189676,6
2016,8,European Grand Prix,2016-06-19,Baku City Circuit,Felipe Massa,MAS,Williams,7.8842163421989,7
2016,8,European Grand Prix,2016-06-19,Baku City Circuit,Max Verstappen,VER,Red Bull,8.761713911996917,8
2016,8,European Grand Prix,2016-06-19,Baku City Circuit,Valtteri Bottas,BOT,Williams,8.798770195348299,9
2016,8,European Grand Prix,2016-06-19,Baku City Circuit,Daniil Kvyat,KVY,Toro Rosso,9.587004268784298,10
2016,8,European Grand Prix,2016-06-19,Baku City Circuit,Nico Hülkenberg,HUL,Force India,10.75101635969886,11
2016,8,European Grand Prix,2016-06-19,Baku City Circuit,Fernando Alonso,ALO,McLaren,12.217320842102236,12
2016,8,European Grand Prix,2016-06-19,Baku City Circuit,Jenson Button,BUT,McLaren,12.73997944272484,13
2016,8,European Grand Prix,2016-06-19,Baku City Circuit,Romain Grosjean,GRO,Haas F1 Team,12.977887045793963,14
2016,8,European Grand Prix,2016-06-19,Baku City Circuit,Carlos Sainz,SAI,Toro Rosso,13.312413560952937,15
2016,8,European Grand Prix,2016-06-19,Baku City Circuit,Esteban Gutiérrez,GUT,Haas F1 Team,14.885058178826036,16
2016,8,European Grand Prix,2016-06-19,Baku City Circuit,Kevin Magnussen,MAG,Renault,16.061840430469783,17
2016,8,European Grand Prix,2016-06-19,Baku City Circuit,Marcus Ericsson,ERI,Sauber,16.476800623146495,18
2016,8,European Grand Prix,2016-06-19,Baku City Circuit,Felipe Nasr,NAS,Sauber,16.72831121508696,19
2016,8,European Grand Prix,2016-06-19,Baku City Circuit,Rio Haryanto,HAR,Manor Marussia,16.74886387916133,20
2016,8,European Grand Prix,2016-06-19,Baku City Circuit,Jolyon Palmer,PAL,Renault,16.878966037387183,21
2016,8,European Grand Prix,2016-06-19,Baku City Circuit,Pascal Wehrlein,WEH,Manor Marussia,17.256239250354046,22
2016,9,Austrian Grand Prix,2016-07-03,Red Bull Ring,Lewis Hamilton,HAM,Mercedes,1.9576767611501948,1
2016,9,Austrian Grand Prix,2016-07-03,Red Bull Ring,Nico Rosberg,ROS,Mercedes,4.799840735355551,2
2016,9,Austrian Grand Prix,2016-07-03,Red Bull Ring,Sebastian Vettel,VET,Ferrari,4.828660251182575,3
2016,9,Austrian Grand Prix,2016-07-03,Red Bull Ring,Kimi Räikkönen,RAI,Ferrari,5.344278111542011,4
2016,9,Austrian Grand Prix,2016-07-03,Red Bull Ring,Nico Hülkenberg,HUL,Force India,5.61057823023784,5
2016,9,Austrian Grand Prix,2016-07-03,Red Bull Ring,Daniel Ricciardo,RIC,Red Bull,6.375358321010562,6
2016,9,Austrian Grand Prix,2016-07-03,Red Bull Ring,Max Verstappen,VER,Red Bull,7.900961892099948,7
2016,9,Austrian Grand Prix,2016-07-03,Red Bull Ring,Valtteri Bottas,BOT,Williams,8.199276515403815,8
2016,9,Austrian Grand Prix,2016-07-03,Red Bull Ring,Jenson Button,BUT,McLaren,8.564324881913276,9
2016,9,Austrian Grand Prix,2016-07-03,Red Bull Ring,Felipe Massa,MAS,Williams,10.172230909595019,10
2016,9,Austrian Grand Prix,2016-07-03,Red Bull Ring,Sergio Pérez,PER,Force India,10.62317321584818,11
2016,9,Austrian Grand Prix,2016-07-03,Red Bull Ring,Carlos Sainz,SAI,Toro Rosso,13.031731278713007,12
2016,9,Austrian Grand Prix,2016-07-03,Red Bull Ring,Fernando Alonso,ALO,McLaren,13.207038971382417,13
2016,9,Austrian Grand Prix,2016-07-03,Red Bull Ring,Esteban Gutiérrez,GUT,Haas F1 Team,13.30032667827797,14
2016,9,Austrian Grand Prix,2016-07-03,Red Bull Ring,Pascal Wehrlein,WEH,Manor Marussia,13.790920080333754,15
2016,9,Austrian Grand Prix,2016-07-03,Red Bull Ring,Daniil Kvyat,KVY,Toro Rosso,14.11157579967578,16
2016,9,Austrian Grand Prix,2016-07-03,Red Bull Ring,Romain Grosjean,GRO,Haas F1 Team,14.521777207702259,17
2016,9,Austrian Grand Prix,2016-07-03,Red Bull Ring,Kevin Magnussen,MAG,Renault,14.866394764982294,18
2016,9,Austrian Grand Prix,2016-07-03,Red Bull Ring,Jolyon Palmer,PAL,Renault,15.266388085236414,19
2016,9,Austrian Grand Prix,2016-07-03,Red Bull Ring,Marcus Ericsson,ERI,Sauber,16.179280765906675,20
2016,9,Austrian Grand Prix,2016-07-03,Red Bull Ring,Felipe Nasr,NAS,Sauber,17.16941565451099,21
2016,9,Austrian Grand Prix,2016-07-03,Red Bull Ring,Rio Haryanto,HAR,Manor Marussia,17.57370009150473,22
2016,10,British Grand Prix,2016-07-10,Silverstone Circuit,Lewis Hamilton,HAM,Mercedes,1.8333008612902824,1
2016,10,British Grand Prix,2016-07-10,Silverstone Circuit,Nico Rosberg,ROS,Mercedes,3.508619910603532,2
2016,10,British Grand Prix,2016-07-10,Silverstone Circuit,Daniel Ricciardo,RIC,Red Bull,4.019757744695179,3
2016,10,British Grand Prix,2016-07-10,Silverstone Circuit,Max Verstappen,VER,Red Bull,4.228848062824871,4
2016,10,British Grand Prix,2016-07-10,Silverstone Circuit,Kimi Räikkönen,RAI,Ferrari,5.996011678970698,5
2016,10,British Grand Prix,2016-07-10,Silverstone Circuit,Sebastian Vettel,VET,Ferrari,6.812812021148672,6
2016,10,British Grand Prix,2016-07-10,Silverstone Circuit,Valtteri Bottas,BOT,Williams,8.766542974454797,7
2016,10,British Grand Prix,2016-07-10,Silverstone Circuit,Sergio Pérez,PER,Force India,9.099285258732085,8
2016,10,British Grand Prix,2016-07-10,Silverstone Circuit,Nico Hülkenberg,HUL,Force India,9.305833893703955,9
2016,10,British Grand Prix,2016-07-10,Silverstone Circuit,Carlos Sainz,SAI,Toro Rosso,10.34711801713409,10
2016,10,British Grand Prix,2016-07-10,Silverstone Circuit,Fernando Alonso,ALO,McLaren,10.701949676131413,11
2016,10,British Grand Prix,2016-07-10,Silverstone Circuit,Felipe Massa,MAS,Williams,11.927460915282962,12
2016,10,British Grand Prix,2016-07-10,Silverstone Circuit,Romain Grosjean,GRO,Haas F1 Team,13.254092015303371,13
2016,10,British Grand Prix,2016-07-10,Silverstone Circuit,Jenson Button,BUT,McLaren,13.50755013723451,14
2016,10,British Grand Prix,2016-07-10,Silverstone Circuit,Esteban Gutiérrez,GUT,Haas F1 Team,13.97357793044687,15
2016,10,British Grand Prix,2016-07-10,Silverstone Circuit,Daniil Kvyat,KVY,Toro Rosso,14.075371113671347,16
2016,10,British Grand Prix,2016-07-10,Silverstone Circuit,Felipe Nasr,NAS,Sauber,15.535739084644183,17
2016,10,British Grand Prix,2016-07-10,Silverstone Circuit,Jolyon Palmer,PAL,Renault,16.058114372306,18
2016,10,British Grand Prix,2016-07-10,Silverstone Circuit,Kevin Magnussen,MAG,Renault,16.180006978670384,19
2016,10,British Grand Prix,2016-07-10,Silverstone Circuit,Pascal Wehrlein,WEH,Manor Marussia,16.355774778409998,20
2016,10,British Grand Prix,2016-07-10,Silverstone Circuit,Marcus Ericsson,ERI,Sauber,16.992201398078368,21
2016,10,British Grand Prix,2016-07-10,Silverstone Circuit,Rio Haryanto,HAR,Manor Marussia,17.546498281393543,22
2016,11,Hungarian Grand Prix,2016-07-24,Hungaroring,Lewis Hamilton,HAM,Mercedes,2.2074153377832166,1
2016,11,Hungarian Grand Prix,2016-07-24,Hungaroring,Nico Rosberg,ROS,Mercedes,2.489115914735137,2
2016,11,Hungarian Grand Prix,2016-07-24,Hungaroring,Daniel Ricciardo,RIC,Red Bull,3.932181488849459,3
2016,11,Hungarian Grand Prix,2016-07-24,Hungaroring,Max Verstappen,VER,Red Bull,4.24426454916013,4
2016,11,Hungarian Grand Prix,2016-07-24,Hungaroring,Sebastian Vettel,VET,Ferrari,5.60695402169307,5
2016,11,Hungarian Grand Prix,2016-07-24,Hungaroring,Fernando Alonso,ALO,McLaren,8.658985782657108,6
2016,11,Hungarian Grand Prix,2016-07-24,Hungaroring,Kimi Räikkönen,RAI,Ferrari,8.85972596515667,7
2016,11,Hungarian Grand Prix,2016-07-24,Hungaroring,Carlos Sainz,SAI,Toro Rosso,9.4290742379648,8
2016,11,Hungarian Grand Prix,2016-07-24,Hungaroring,Nico Hülkenberg,HUL,Force India,9.812818308321638,9
2016,11,Hungarian Grand Prix,2016-07-24,Hungaroring,Sergio Pérez,PER,Force India,10.367049883311987,10
2016,11,Hungarian Grand Prix,2016-07-24,Hungaroring,Jenson Button,BUT,McLaren,10.50707692895325,11
2016,11,Hungarian Grand Prix,2016-07-24,Hungaroring,Valtteri Bottas,BOT,Williams,10.91371227500687,12
2016,11,Hungarian Grand Prix,2016-07-24,Hungaroring,Romain Grosjean,GRO,Haas F1 Team,12.727651943463739,13
2016,11,Hungarian Grand Prix,2016-07-24,Hungaroring,Daniil Kvyat,KVY,Toro Rosso,13.243863943292578,14
2016,11,Hungarian Grand Prix,2016-07-24,Hungaroring,Felipe Massa,MAS,Williams,13.942013148523863,15
2016,11,Hungarian Grand Prix,2016-07-24,Hungaroring,Esteban Gutiérrez,GUT,Haas F1 Team,14.212271803393842,16
2016,11,Hungarian Grand Prix,2016-07-24,Hungaroring,Kevin Magnussen,MAG,Renault,15.635541436974803,17
2016,11,Hungarian Grand Prix,2016-07-24,Hungaroring,Jolyon Palmer,PAL,Renault,16.185167519007464,18
2016,11,Hungarian Grand Prix,2016-07-24,Hungaroring,Marcus Ericsson,ERI,Sauber,16.188128539068853,19
2016,11,Hungarian Grand Prix,2016-07-24,Hungaroring,Felipe Nasr,NAS,Sauber,16.37070457869621,20
2016,11,Hungarian Grand Prix,2016-07-24,Hungaroring,Pascal Wehrlein,WEH,Manor Marussia,17.70336736930133,21
2016,11,Hungarian Grand Prix,2016-07-24,Hungaroring,Rio Haryanto,HAR,Manor Marussia,17.770646736510777,22
2016,12,German Grand Prix,2016-07-31,Hockenheimring,Lewis Hamilton,HAM,Mercedes,2.1424885187966347,1
2016,12,German Grand Prix,2016-07-31,Hockenheimring,Nico Rosberg,ROS,Mercedes,2.422113578105107,2
2016,12,German Grand Prix,2016-07-31,Hockenheimring,Daniel Ricciardo,RIC,Red Bull,3.950294343390434,3
2016,12,German Grand Prix,2016-07-31,Hockenheimring,Max Verstappen,VER,Red Bull,4.1620024969032015,4
2016,12,German Grand Prix,2016-07-31,Hockenheimring,Sebastian Vettel,VET,Ferrari,5.590605973829127,5
2016,12,German Grand Prix,2016-07-31,Hockenheimring,Kimi Räikkönen,RAI,Ferrari,5.765148413746706,6
2016,12,German Grand Prix,2016-07-31,Hockenheimring,Nico Hülkenberg,HUL,Force India,9.302149027824786,7
2016,12,German Grand Prix,2016-07-31,Hockenheimring,Sergio Pérez,PER,Force India,9.546311119841976,8
2016,12,German Grand Prix,2016-07-31,Hockenheimring,Valtteri Bottas,BOT,Williams,9.667712820399364,9
2016,12,German Grand Prix,2016-07-31,Hockenheimring,Felipe Massa,MAS,Williams,11.952555544702726,10
2016,12,German Grand Prix,2016-07-31,Hockenheimring,Jenson Button,BUT,McLaren,12.176181269427477,11
2016,12,German Grand Prix,2016-07-31,Hockenheimring,Fernando Alonso,ALO,McLaren,12.453054883896943,12
2016,12,German Grand Prix,2016-07-31,Hockenheimring,Esteban Gutiérrez,GUT,Haas F1 Team,13.001404462495243,13
2016,12,German Grand Prix,2016-07-31,Hockenheimring,Carlos Sainz,SAI,Toro Rosso,13.055784162931598,14
2016,12,German Grand Prix,2016-07-31,Hockenheimring,Daniil Kvyat,KVY,Toro Rosso,14.380611696738736,15
2016,12,German Grand Prix,2016-07-31,Hockenheimring,Romain Grosjean,GRO,Haas F1 Team,14.675301192694796,16
2016,12,German Grand Prix,2016-07-31,Hockenheimring,Kevin Magnussen,MAG,Renault,15.04349733424657,17
2016,12,German Grand Prix,2016-07-31,Hockenheimring,Jolyon Palmer,PAL,Renault,15.64045966641556,18
2016,12,German Grand Prix,2016-07-31,Hockenheimring,Marcus Ericsson,ERI,Sauber,15.709984638255094,19
2016,12,German Grand Prix,2016-07-31,Hockenheimring,Pascal Wehrlein,WEH,Manor Marussia,16.487218970476977,20
2016,12,German Grand Prix,2016-07-31,Hockenheimring,Felipe Nasr,NAS,Sauber,17.55004353592722,21
2016,12,German Grand Prix,2016-07-31,Hockenheimring,Rio Haryanto,HAR,Manor Marussia,17.785574489182903,22
2016,13,Belgian Grand Prix,2016-08-28,Circuit de Spa-Francorchamps,Nico Rosberg,ROS,Mercedes,2.6125699281150725,1
2016,13,Belgian Grand Prix,2016-08-28,Circuit de Spa-Francorchamps,Kimi Räikkönen,RAI,Ferrari,4.189369490603881,2
2016,13,Belgian Grand Prix,2016-08-28,Circuit de Spa-Francorchamps,Sebastian Vettel,VET,Ferrari,4.276625496314452,3
2016,13,Belgian Grand Prix,2016-08-28,Circuit de Spa-Francorchamps,Max Verstappen,VER,Red Bull,4.460200072660047,4
2016,13,Belgian Grand Prix,2016-08-28,Circuit de Spa-Francorchamps,Daniel Ricciardo,RIC,Red Bull,5.27330261775976,5
2016,13,Belgian Grand Prix,2016-08-28,Circuit de Spa-Francorchamps,Sergio Pérez,PER,Force India,6.629285906864608,6
2016,13,Belgian Grand Prix,2016-08-28,Circuit de Spa-Francorchamps,Lewis Hamilton,HAM,Mercedes,7.337721910638152,7
2016,13,Belgian Grand Prix,2016-08-28,Circuit de Spa-Francorchamps,Nico Hülkenberg,HUL,Force India,8.670069247328117,8
2016,13,Belgian Grand Prix,2016-08-28,Circuit de Spa-Francorchamps,Valtteri Bottas,BOT,Williams,10.205036691316533,9
2016,13,Belgian Grand Prix,2016-08-28,Circuit de Spa-Francorchamps,Jenson Button,BUT,McLaren,11.52918722849107,10
2016,13,Belgian Grand Prix,2016-08-28,Circuit de Spa-Francorchamps,Felipe Massa,MAS,Williams,11.713240619797908,11
2016,13,Belgian Grand Prix,2016-08-28,Circuit de Spa-Francorchamps,Romain Grosjean,GRO,Haas F1 Team,12.311497503715747,12
2016,13,Belgian Grand Prix,2016-08-28,Circuit de Spa-Francorchamps,Fernando Alonso,ALO,McLaren,12.781906326844657,13
2016,13,Belgian Grand Prix,2016-08-28,Circuit de Spa-Francorchamps,Kevin Magnussen,MAG,Renault,14.333794547123198,14
2016,13,Belgian Grand Prix,2016-08-28,Circuit de Spa-Francorchamps,Esteban Gutiérrez,GUT,Haas F1 Team,14.385336157277713,15
2016,13,Belgian Grand Prix,2016-08-28,Circuit de Spa-Francorchamps,Carlos Sainz,SAI,Toro Rosso,14.399863472483675,16
2016,13,Belgian Grand Prix,2016-08-28,Circuit de Spa-Francorchamps,Pascal Wehrlein,WEH,Manor Marussia,14.948979274541655,17
2016,13,Belgian Grand Prix,2016-08-28,Circuit de Spa-Francorchamps,Daniil Kvyat,KVY,Toro Rosso,15.127364695207302,18
2016,13,Belgian Grand Prix,2016-08-28,Circuit de Spa-Francorchamps,Jolyon Palmer,PAL,Renault,15.60441077118735,19
2016,13,Belgian Grand Prix,2016-08-28,Circuit de Spa-Francorchamps,Marcus Ericsson,ERI,Sauber,15.721563777320688,20
2016,13,Belgian Grand Prix,2016-08-28,Circuit de Spa-Francorchamps,Esteban Ocon,OCO,Manor Marussia,16.6433529718178,21
2016,13,Belgian Grand Prix,2016-08-28,Circuit de Spa-Francorchamps,Felipe Nasr,NAS,Sauber,17.039525790072922,22
2016,14,Italian Grand Prix,2016-09-04,Autodromo Nazionale di Monza,Lewis Hamilton,HAM,Mercedes,1.8457709659681305,1
2016,14,Italian Grand Prix,2016-09-04,Autodromo Nazionale di Monza,Nico Rosberg,ROS,Mercedes,2.7686632564020206,2
2016,14,Italian Grand Prix,2016-09-04,Autodromo Nazionale di Monza,Kimi Räikkönen,RAI,Ferrari,4.338726492718267,3
2016,14,Italian Grand Prix,2016-09-04,Autodromo Nazionale di Monza,Sebastian Vettel,VET,Ferrari,4.404264168565144,4
2016,14,Italian Grand Prix,2016-09-04,Autodromo Nazionale di Monza,Daniel Ricciardo,RIC,Red Bull,5.350974001837459,5
2016,14,Italian Grand Prix,2016-09-04,Autodromo Nazionale di Monza,Max Verstappen,VER,Red Bull,6.6228164314104605,6
2016,14,Italian Grand Prix,2016-09-04,Autodromo Nazionale di Monza,Valtteri Bottas,BOT,Williams,8.456813346520265,7
2016,14,Italian Grand Prix,2016-09-04,Autodromo Nazionale di Monza,Sergio Pérez,PER,Force India,8.598546844905725,8
2016,14,Italian Grand Prix,2016-09-04,Autodromo Nazionale di Monza,Nico Hülkenberg,HUL,Force India,9.430529339602248,9
2016,14,Italian Grand Prix,2016-09-04,Autodromo Nazionale di Monza,Felipe Massa,MAS,Williams,11.990569827955797,10
2016,14,Italian Grand Prix,2016-09-04,Autodromo Nazionale di Monza,Esteban Gutiérrez,GUT,Haas F1 Team,12.246776637693676,11
2016,14,Italian Grand Prix,2016-09-04,Autodromo Nazionale di Monza,Romain Grosjean,GRO,Haas F1 Team,12.622792391914084,12
2016,14,Italian Grand Prix,2016-09-04,Autodromo Nazionale di Monza,Fernando Alonso,ALO,McLaren,12.8887466528809,13
2016,14,Italian Grand Prix,2016-09-04,Autodromo Nazionale di Monza,Jenson Button,BUT,McLaren,13.029322509423853,14
2016,14,Italian Grand Prix,2016-09-04,Autodromo Nazionale di Monza,Carlos Sainz,SAI,Toro Rosso,14.019479648573062,15
2016,14,Italian Grand Prix,2016-09-04,Autodromo Nazionale di Monza,Pascal Wehrlein,WEH,Manor Marussia,15.090362052851457,16
2016,14,Italian Grand Prix,2016-09-04,Autodromo Nazionale di Monza,Marcus Ericsson,ERI,Sauber,15.509689379642522,17
2016,14,Italian Grand Prix,2016-09-04,Autodromo Nazionale di Monza,Daniil Kvyat,KVY,Toro Rosso,15.817519131961385,18
2016,14,Italian Grand Prix,2016-09-04,Autodromo Nazionale di Monza,Esteban Ocon,OCO,Manor Marussia,16.62980082246992,19
2016,14,Italian Grand Prix,2016-09-04,Autodromo Nazionale di Monza,Kevin Magnussen,MAG,Renault,16.877644775170275,20
2016,14,Italian Grand Prix,2016-09-04,Autodromo Nazionale di Monza,Felipe Nasr,NAS,Sauber,17.26619289789542,21
2016,14,Italian Grand Prix,2016-09-04,Autodromo Nazionale di Monza,Jolyon Palmer,PAL,Renault,17.606863599172534,22
2016,15,Singapore Grand Prix,2016-09-18,Marina Bay Street Circuit,Nico Rosberg,ROS,Mercedes,2.553068743665232,1
2016,15,Singapore Grand Prix,2016-09-18,Marina Bay Street Circuit,Lewis Hamilton,HAM,Mercedes,2.7165761707625826,2
2016,15,Singapore Grand Prix,2016-09-18,Marina Bay Street Circuit,Daniel Ricciardo,RIC,Red Bull,2.91739167000635,3
2016,15,Singapore Grand Prix,2016-09-18,Marina Bay Street Circuit,Max Verstappen,VER,Red Bull,3.98964438243595,4
2016,15,Singapore Grand Prix,2016-09-18,Marina Bay Street Circuit,Kimi Räikkönen,RAI,Ferrari,5.7816616806941425,5
2016,15,Singapore Grand Prix,2016-09-18,Marina Bay Street Circuit,Sebastian Vettel,VET,Ferrari,8.591556154413912,6
2016,15,Singapore Grand Prix,2016-09-18,Marina Bay Street Circuit,Carlos Sainz,SAI,Toro Rosso,8.769704517777493,7
2016,15,Singapore Grand Prix,2016-09-18,Marina Bay Street Circuit,Nico Hülkenberg,HUL,Force India,9.23306129264522,8
2016,15,Singapore Grand Prix,2016-09-18,Marina Bay Street Circuit,Daniil Kvyat,KVY,Toro Rosso,9.764784567748357,9
2016,15,Singapore Grand Prix,2016-09-18,Marina Bay Street Circuit,Sergio Pérez,PER,Force India,9.959234124867281,10
2016,15,Singapore Grand Prix,2016-09-18,Marina Bay Street Circuit,Fernando Alonso,ALO,McLaren,10.948575348962699,11
2016,15,Singapore Grand Prix,2016-09-18,Marina Bay Street Circuit,Valtteri Bottas,BOT,Williams,11.781846119462578,12
2016,15,Singapore Grand Prix,2016-09-18,Marina Bay Street Circuit,Felipe Massa,MAS,Williams,12.331782100895312,13
2016,15,Singapore Grand Prix,2016-09-18,Marina Bay Street Circuit,Jenson Button,BUT,McLaren,13.590846524532616,14
2016,15,Singapore Grand Prix,2016-09-18,Marina Bay Street Circuit,Esteban Gutiérrez,GUT,Haas F1 Team,13.84850598834719,15
2016,15,Singapore Grand Prix,2016-09-18,Marina Bay Street Circuit,Kevin Magnussen,MAG,Renault,15.204443458635563,16
2016,15,Singapore Grand Prix,2016-09-18,Marina Bay Street Circuit,Felipe Nasr,NAS,Sauber,15.50558826733476,17
2016,15,Singapore Grand Prix,2016-09-18,Marina Bay Street Circuit,Romain Grosjean,GRO,Haas F1 Team,15.70962451789171,18
2016,15,Singapore Grand Prix,2016-09-18,Marina Bay Street Circuit,Jolyon Palmer,PAL,Renault,15.983455005777953,19
2016,15,Singapore Grand Prix,2016-09-18,Marina Bay Street Circuit,Marcus Ericsson,ERI,Sauber,16.055857987644046,20
2016,15,Singapore Grand Prix,2016-09-18,Marina Bay Street Circuit,Esteban Ocon,OCO,Manor Marussia,17.277986124796165,21
2016,15,Singapore Grand Prix,2016-09-18,Marina Bay Street Circuit,Pascal Wehrlein,WEH,Manor Marussia,17.529483459592537,22
2016,16,Malaysian Grand Prix,2016-10-02,Sepang International Circuit,Lewis Hamilton,HAM,Mercedes,1.8457709659681305,1
2016,16,Malaysian Grand Prix,2016-10-02,Sepang International Circuit,Nico Rosberg,ROS,Mercedes,2.7620839907018073,2
2016,16,Malaysian Grand Prix,2016-10-02,Sepang International Circuit,Daniel Ricciardo,RIC,Red Bull,3.8640540201205704,3
2016,16,Malaysian Grand Prix,2016-10-02,Sepang International Circuit,Max Verstappen,VER,Red Bull,4.348770536704032,4
2016,16,Malaysian Grand Prix,2016-10-02,Sepang International Circuit,Sebastian Vettel,VET,Ferrari,5.523591103678818,5
2016,16,Malaysian Grand Prix,2016-10-02,Sepang International Circuit,Kimi Räikkönen,RAI,Ferrari,5.601243948766385,6
2016,16,Malaysian Grand Prix,2016-10-02,Sepang International Circuit,Sergio Pérez,PER,Force India,8.56479255493987,7
2016,16,Malaysian Grand Prix,2016-10-02,Sepang International Circuit,Nico Hülkenberg,HUL,Force India,9.129405503766428,8
2016,16,Malaysian Grand Prix,2016-10-02,Sepang International Circuit,Jenson Button,BUT,McLaren,11.311331659970811,9
2016,16,Malaysian Grand Prix,2016-10-02,Sepang International Circuit,Valtteri Bottas,BOT,Williams,11.564799420296664,10
2016,16,Malaysian Grand Prix,2016-10-02,Sepang International Circuit,Felipe Massa,MAS,Williams,12.02349122435539,11
2016,16,Malaysian Grand Prix,2016-10-02,Sepang International Circuit,Fernando Alonso,ALO,McLaren,13.221453894734772,12
2016,16,Malaysian Grand Prix,2016-10-02,Sepang International Circuit,Romain Grosjean,GRO,Haas F1 Team,14.064606844384299,13
2016,16,Malaysian Grand Prix,2016-10-02,Sepang International Circuit,Carlos Sainz,SAI,Toro Rosso,14.106678103910784,14
2016,16,Malaysian Grand Prix,2016-10-02,Sepang International Circuit,Esteban Gutiérrez,GUT,Haas F1 Team,14.481234214895807,15
2016,16,Malaysian Grand Prix,2016-10-02,Sepang International Circuit,Daniil Kvyat,KVY,Toro Rosso,14.541618424639049,16
2016,16,Malaysian Grand Prix,2016-10-02,Sepang International Circuit,Marcus Ericsson,ERI,Sauber,15.618877482054547,17
2016,16,Malaysian Grand Prix,2016-10-02,Sepang International Circuit,Jolyon Palmer,PAL,Renault,15.68880374558005,18
2016,16,Malaysian Grand Prix,2016-10-02,Sepang International Circuit,Kevin Magnussen,MAG,Renault,15.713608139954683,19
2016,16,Malaysian Grand Prix,2016-10-02,Sepang International Circuit,Felipe Nasr,NAS,Sauber,15.96451303153742,20
2016,16,Malaysian Grand Prix,2016-10-02,Sepang International Circuit,Esteban Ocon,OCO,Manor Marussia,17.207110855955758,21
2016,16,Malaysian Grand Prix,2016-10-02,Sepang International Circuit,Pascal Wehrlein,WEH,Manor Marussia,17.626070326027477,22
2016,17,Japanese Grand Prix,2016-10-09,Suzuka Circuit,Lewis Hamilton,HAM,Mercedes,2.392028685347251,1
2016,17,Japanese Grand Prix,2016-10-09,Suzuka Circuit,Nico Rosberg,ROS,Mercedes,2.422113578105107,2
2016,17,Japanese Grand Prix,2016-10-09,Suzuka Circuit,Daniel Ricciardo,RIC,Red Bull,4.5702731526996105,3
2016,17,Japanese Grand Prix,2016-10-09,Suzuka Circuit,Max Verstappen,VER,Red Bull,4.638060027022857,4
2016,17,Japanese Grand Prix,2016-10-09,Suzuka Circuit,Kimi Räikkönen,RAI,Ferrari,5.025648513545308,5
2016,17,Japanese Grand Prix,2016-10-09,Suzuka Circuit,Sebastian Vettel,VET,Ferrari,5.101519919622014,6
2016,17,Japanese Grand Prix,2016-10-09,Suzuka Circuit,Sergio Pérez,PER,Force India,7.7057573845133,7
2016,17,Japanese Grand Prix,2016-10-09,Suzuka Circuit,Nico Hülkenberg,HUL,Force India,8.318932078013315,8
2016,17,Japanese Grand Prix,2016-10-09,Suzuka Circuit,Valtteri Bottas,BOT,Williams,11.39110087431246,9
2016,17,Japanese Grand Prix,2016-10-09,Suzuka Circuit,Romain Grosjean,GRO,Haas F1 Team,11.519300186938263,10
2016,17,Japanese Grand Prix,2016-10-09,Suzuka Circuit,Felipe Massa,MAS,Williams,11.693982418922262,11
2016,17,Japanese Grand Prix,2016-10-09,Suzuka Circuit,Fernando Alonso,ALO,McLaren,12.93766759817412,12
2016,17,Japanese Grand Prix,2016-10-09,Suzuka Circuit,Esteban Gutiérrez,GUT,Haas F1 Team,13.501024923130599,13
2016,17,Japanese Grand Prix,2016-10-09,Suzuka Circuit,Daniil Kvyat,KVY,Toro Rosso,14.130807672937571,14
2016,17,Japanese Grand Prix,2016-10-09,Suzuka Circuit,Jenson Button,BUT,McLaren,14.260783070305393,15
2016,17,Japanese Grand Prix,2016-10-09,Suzuka Circuit,Carlos Sainz,SAI,Toro Rosso,14.597784972597312,16
2016,17,Japanese Grand Prix,2016-10-09,Suzuka Circuit,Jolyon Palmer,PAL,Renault,15.041984770374096,17
2016,17,Japanese Grand Prix,2016-10-09,Suzuka Circuit,Kevin Magnussen,MAG,Renault,15.600440737464087,18
2016,17,Japanese Grand Prix,2016-10-09,Suzuka Circuit,Felipe Nasr,NAS,Sauber,16.505045198562538,19
2016,17,Japanese Grand Prix,2016-10-09,Suzuka Circuit,Pascal Wehrlein,WEH,Manor Marussia,17.08781857196314,20
2016,17,Japanese Grand Prix,2016-10-09,Suzuka Circuit,Marcus Ericsson,ERI,Sauber,17.15931339936224,21
2016,17,Japanese Grand Prix,2016-10-09,Suzuka Circuit,Esteban Ocon,OCO,Manor Marussia,17.235856562012852,22
2016,18,United States Grand Prix,2016-10-23,Circuit of the Americas,Lewis Hamilton,HAM,Mercedes,2.229416781265176,1
2016,18,United States Grand Prix,2016-10-23,Circuit of the Americas,Nico Rosberg,ROS,Mercedes,2.8274451327813015,2
2016,18,United States Grand Prix,2016-10-23,Circuit of the Americas,Daniel Ricciardo,RIC,Red Bull,3.340403112248457,3
2016,18,United States Grand Prix,2016-10-23,Circuit of the Americas,Max Verstappen,VER,Red Bull,4.171923227287231,4
2016,18,United States Grand Prix,2016-10-23,Circuit of the Americas,Sebastian Vettel,VET,Ferrari,5.875946246587096,5
2016,18,United States Grand Prix,2016-10-23,Circuit of the Americas,Kimi Räikkönen,RAI,Ferrari,6.05623256421429,6
2016,18,United States Grand Prix,2016-10-23,Circuit of the Americas,Nico Hülkenberg,HUL,Force India,7.525284619494442,7
2016,18,United States Grand Prix,2016-10-23,Circuit of the Americas,Sergio Pérez,PER,Force India,9.651053327618232,8
2016,18,United States Grand Prix,2016-10-23,Circuit of the Americas,Valtteri Bottas,BOT,Williams,9.85283869913696,9
2016,18,United States Grand Prix,2016-10-23,Circuit of the Americas,Felipe Massa,MAS,Williams,11.60698855483768,10
2016,18,United States Grand Prix,2016-10-23,Circuit of the Americas,Fernando Alonso,ALO,McLaren,11.773661829898906,11
2016,18,United States Grand Prix,2016-10-23,Circuit of the Americas,Carlos Sainz,SAI,Toro Rosso,12.393992213380645,12
2016,18,United States Grand Prix,2016-10-23,Circuit of the Americas,Daniil Kvyat,KVY,Toro Rosso,13.55422533844871,13
2016,18,United States Grand Prix,2016-10-23,Circuit of the Americas,Jenson Button,BUT,McLaren,13.964875380455995,14
2016,18,United States Grand Prix,2016-10-23,Circuit of the Americas,Jolyon Palmer,PAL,Renault,14.584454440461155,15
2016,18,United States Grand Prix,2016-10-23,Circuit of the Americas,Kevin Magnussen,MAG,Renault,15.227200733945663,16
2016,18,United States Grand Prix,2016-10-23,Circuit of the Americas,Romain Grosjean,GRO,Haas F1 Team,15.3871183207553,17
2016,18,United States Grand Prix,2016-10-23,Circuit of the Americas,Felipe Nasr,NAS,Sauber,15.633919404132753,18
2016,18,United States Grand Prix,2016-10-23,Circuit of the Americas,Esteban Gutiérrez,GUT,Haas F1 Team,16.39620174755727,19
2016,18,United States Grand Prix,2016-10-23,Circuit of the Americas,Esteban Ocon,OCO,Manor Marussia,16.423517824608016,20
2016,18,United States Grand Prix,2016-10-23,Circuit of the Americas,Marcus Ericsson,ERI,Sauber,16.78690452208674,21
2016,18,United States Grand Prix,2016-10-23,Circuit of the Americas,Pascal Wehrlein,WEH,Manor Marussia,17.433257442863884,22
2016,19,Mexican Grand Prix,2016-10-30,Autódromo Hermanos Rodríguez,Lewis Hamilton,HAM,Mercedes,1.7646479258764154,1
2016,19,Mexican Grand Prix,2016-10-30,Autódromo Hermanos Rodríguez,Nico Rosberg,ROS,Mercedes,2.8876135217251915,2
2016,19,Mexican Grand Prix,2016-10-30,Autódromo Hermanos Rodríguez,Daniel Ricciardo,RIC,Red Bull,4.034104635117371,3
2016,19,Mexican Grand Prix,2016-10-30,Autódromo Hermanos Rodríguez,Max Verstappen,VER,Red Bull,4.5447511265603,4
2016,19,Mexican Grand Prix,2016-10-30,Autódromo Hermanos Rodríguez,Kimi Räikkönen,RAI,Ferrari,6.109213418747338,5
2016,19,Mexican Grand Prix,2016-10-30,Autódromo Hermanos Rodríguez,Sebastian Vettel,VET,Ferrari,6.581026627880791,6
2016,19,Mexican Grand Prix,2016-10-30,Autódromo Hermanos Rodríguez,Nico Hülkenberg,HUL,Force India,8.027977283620903,7
2016,19,Mexican Grand Prix,2016-10-30,Autódromo Hermanos Rodríguez,Sergio Pérez,PER,Force India,9.327129023878395,8
2016,19,Mexican Grand Prix,2016-10-30,Autódromo Hermanos Rodríguez,Valtteri Bottas,BOT,Williams,9.392445723119941,9
2016,19,Mexican Grand Prix,2016-10-30,Autódromo Hermanos Rodríguez,Felipe Massa,MAS,Williams,10.338460417516854,10
2016,19,Mexican Grand Prix,2016-10-30,Autódromo Hermanos Rodríguez,Carlos Sainz,SAI,Toro Rosso,11.223881224754088,11
2016,19,Mexican Grand Prix,2016-10-30,Autódromo Hermanos Rodríguez,Fernando Alonso,ALO,McLaren,11.949575313516405,12
2016,19,Mexican Grand Prix,2016-10-30,Autódromo Hermanos Rodríguez,Jenson Button,BUT,McLaren,13.367034312616894,13
2016,19,Mexican Grand Prix,2016-10-30,Autódromo Hermanos Rodríguez,Daniil Kvyat,KVY,Toro Rosso,13.842961088012068,14
2016,19,Mexican Grand Prix,2016-10-30,Autódromo Hermanos Rodríguez,Jolyon Palmer,PAL,Renault,14.0548024973964,15
2016,19,Mexican Grand Prix,2016-10-30,Autódromo Hermanos Rodríguez,Kevin Magnussen,MAG,Renault,14.930188076554801,16
2016,19,Mexican Grand Prix,2016-10-30,Autódromo Hermanos Rodríguez,Marcus Ericsson,ERI,Sauber,14.985067706602347,17
2016,19,Mexican Grand Prix,2016-10-30,Autódromo Hermanos Rodríguez,Pascal Wehrlein,WEH,Manor Marussia,15.725363654633902,18
2016,19,Mexican Grand Prix,2016-10-30,Autódromo Hermanos Rodríguez,Felipe Nasr,NAS,Sauber,16.32834142956001,19
2016,19,Mexican Grand Prix,2016-10-30,Autódromo Hermanos Rodríguez,Romain Grosjean,GRO,Haas F1 Team,16.788945880282228,20
2016,19,Mexican Grand Prix,2016-10-30,Autódromo Hermanos Rodríguez,Esteban Gutiérrez,GUT,Haas F1 Team,17.131318416543312,21
2016,19,Mexican Grand Prix,2016-10-30,Autódromo Hermanos Rodríguez,Esteban Ocon,OCO,Manor Marussia,17.207110855955758,22
2016,20,Brazilian Grand Prix,2016-11-13,Autódromo José Carlos Pace,Lewis Hamilton,HAM,Mercedes,1.7646479258764154,1
2016,20,Brazilian Grand Prix,2016-11-13,Autódromo José Carlos Pace,Nico Rosberg,ROS,Mercedes,2.7999541710253264,2
2016,20,Brazilian Grand Prix,2016-11-13,Autódromo José Carlos Pace,Max Verstappen,VER,Red Bull,4.280366526638333,3
2016,20,Brazilian Grand Prix,2016-11-13,Autódromo José Carlos Pace,Kimi Räikkönen,RAI,Ferrari,4.5017073097122555,4
2016,20,Brazilian Grand Prix,2016-11-13,Autódromo José Carlos Pace,Daniel Ricciardo,RIC,Red Bull,5.35467399557192,5
2016,20,Brazilian Grand Prix,2016-11-13,Autódromo José Carlos Pace,Sebastian Vettel,VET,Ferrari,5.8814696737497325,6
2016,20,Brazilian Grand Prix,2016-11-13,Autódromo José Carlos Pace,Sergio Pérez,PER,Force India,8.824660528545321,7
2016,20,Brazilian Grand Prix,2016-11-13,Autódromo José Carlos Pace,Nico Hülkenberg,HUL,Force India,9.486426764658292,8
2016,20,Brazilian Grand Prix,2016-11-13,Autódromo José Carlos Pace,Valtteri Bottas,BOT,Williams,10.67146665854706,9
2016,20,Brazilian Grand Prix,2016-11-13,Autódromo José Carlos Pace,Romain Grosjean,GRO,Haas F1 Team,10.848575194822788,10
2016,20,Brazilian Grand Prix,2016-11-13,Autódromo José Carlos Pace,Fernando Alonso,ALO,McLaren,11.183139704635607,11
2016,20,Brazilian Grand Prix,2016-11-13,Autódromo José Carlos Pace,Felipe Massa,MAS,Williams,11.640152578145296,12
2016,20,Brazilian Grand Prix,2016-11-13,Autódromo José Carlos Pace,Carlos Sainz,SAI,Toro Rosso,13.436625014143424,13
2016,20,Brazilian Grand Prix,2016-11-13,Autódromo José Carlos Pace,Daniil Kvyat,KVY,Toro Rosso,13.855422859823221,14
2016,20,Brazilian Grand Prix,2016-11-13,Autódromo José Carlos Pace,Jenson Button,BUT,McLaren,14.193913138018912,15
2016,20,Brazilian Grand Prix,2016-11-13,Autódromo José Carlos Pace,Jolyon Palmer,PAL,Renault,14.64650175991671,16
2016,20,Brazilian Grand Prix,2016-11-13,Autódromo José Carlos Pace,Kevin Magnussen,MAG,Renault,14.772966916141304,17
2016,20,Brazilian Grand Prix,2016-11-13,Autódromo José Carlos Pace,Esteban Gutiérrez,GUT,Haas F1 Team,15.027267323878307,18
2016,20,Brazilian Grand Prix,2016-11-13,Autódromo José Carlos Pace,Esteban Ocon,OCO,Manor Marussia,15.863974374990539,19
2016,20,Brazilian Grand Prix,2016-11-13,Autódromo José Carlos Pace,Felipe Nasr,NAS,Sauber,15.883947287847018,20
2016,20,Brazilian Grand Prix,2016-11-13,Autódromo José Carlos Pace,Marcus Ericsson,ERI,Sauber,16.82746533283244,21
2016,20,Brazilian Grand Prix,2016-11-13,Autódromo José Carlos Pace,Pascal Wehrlein,WEH,Manor Marussia,17.344864555454805,22
2016,21,Abu Dhabi Grand Prix,2016-11-27,Yas Marina Circuit,Lewis Hamilton,HAM,Mercedes,1.7676645894703484,1
2016,21,Abu Dhabi Grand Prix,2016-11-27,Yas Marina Circuit,Nico Rosberg,ROS,Mercedes,2.8290863273318374,2
2016,21,Abu Dhabi Grand Prix,2016-11-27,Yas Marina Circuit,Daniel Ricciardo,RIC,Red Bull,3.776081981567091,3
2016,21,Abu Dhabi Grand Prix,2016-11-27,Yas Marina Circuit,Kimi Räikkönen,RAI,Ferrari,4.999349192505751,4
2016,21,Abu Dhabi Grand Prix,2016-11-27,Yas Marina Circuit,Sebastian Vettel,VET,Ferrari,5.434662837116679,5
2016,21,Abu Dhabi Grand Prix,2016-11-27,Yas Marina Circuit,Max Verstappen,VER,Red Bull,5.641744763401754,6
2016,21,Abu Dhabi Grand Prix,2016-11-27,Yas Marina Circuit,Sergio Pérez,PER,Force India,7.348560077175897,7
2016,21,Abu Dhabi Grand Prix,2016-11-27,Yas Marina Circuit,Nico Hülkenberg,HUL,Force India,8.146008672353377,8
2016,21,Abu Dhabi Grand Prix,2016-11-27,Yas Marina Circuit,Felipe Massa,MAS,Williams,11.190779989931693,9
2016,21,Abu Dhabi Grand Prix,2016-11-27,Yas Marina Circuit,Fernando Alonso,ALO,McLaren,11.505435347909964,10
2016,21,Abu Dhabi Grand Prix,2016-11-27,Yas Marina Circuit,Valtteri Bottas,BOT,Williams,11.878531173655743,11
2016,21,Abu Dhabi Grand Prix,2016-11-27,Yas Marina Circuit,Jenson Button,BUT,McLaren,12.65472507785902,12
2016,21,Abu Dhabi Grand Prix,2016-11-27,Yas Marina Circuit,Jolyon Palmer,PAL,Renault,14.492461683298394,13
2016,21,Abu Dhabi Grand Prix,2016-11-27,Yas Marina Circuit,Esteban Gutiérrez,GUT,Haas F1 Team,14.569136254590731,14
2016,21,Abu Dhabi Grand Prix,2016-11-27,Yas Marina Circuit,Romain Grosjean,GRO,Haas F1 Team,15.170055895521733,15
2016,21,Abu Dhabi Grand Prix,2016-11-27,Yas Marina Circuit,Felipe Nasr,NAS,Sauber,15.39127933513124,16
2016,21,Abu Dhabi Grand Prix,2016-11-27,Yas Marina Circuit,Carlos Sainz,SAI,Toro Rosso,15.448366933127346,17
2016,21,Abu Dhabi Grand Prix,2016-11-27,Yas Marina Circuit,Pascal Wehrlein,WEH,Manor Marussia,15.574402580853482,18
2016,21,Abu Dhabi Grand Prix,2016-11-27,Yas Marina Circuit,Esteban Ocon,OCO,Manor Marussia,15.751881749113714,19
2016,21,Abu Dhabi Grand Prix,2016-11-27,Yas Marina Circuit,Daniil Kvyat,KVY,Toro Rosso,15.86200794636325,20
2016,21,Abu Dhabi Grand Prix,2016-11-27,Yas Marina Circuit,Marcus Ericsson,ERI,Sauber,16.04807337371467,21
2016,21,Abu Dhabi Grand Prix,2016-11-27,Yas Marina Circuit,Kevin Magnussen,MAG,Renault,16.399876194550007,22
2017,1,Australian Grand Prix,2017-03-26,Albert Park Grand Prix Circuit,Lewis Hamilton,HAM,Mercedes,1.6222867573223505,1
2017,1,Australian Grand Prix,2017-03-26,Albert Park Grand Prix Circuit,Sebastian Vettel,VET,Ferrari,3.4461539337895104,2
2017,1,Australian Grand Prix,2017-03-26,Albert Park Grand Prix Circuit,Kimi Räikkönen,RAI,Ferrari,4.815182837951399,3
2017,1,Australian Grand Prix,2017-03-26,Albert Park Grand Prix Circuit,Valtteri Bottas,BOT,Mercedes,5.344420248311079,4
2017,1,Australian Grand Prix,2017-03-26,Albert Park Grand Prix Circuit,Max Verstappen,VER,Red Bull,6.025941694750333,5
2017,1,Australian Grand Prix,2017-03-26,Albert Park Grand Prix Circuit,Daniel Ricciardo,RIC,Red Bull,8.35392486601834,6
2017,1,Australian Grand Prix,2017-03-26,Albert Park Grand Prix Circuit,Felipe Massa,MAS,Williams,9.236810717056047,7
2017,1,Australian Grand Prix,2017-03-26,Albert Park Grand Prix Circuit,Sergio Pérez,PER,Force India,9.275753291936786,8
2017,1,Australian Grand Prix,2017-03-26,Albert Park Grand Prix Circuit,Romain Grosjean,GRO,Haas F1 Team,9.834032991839464,9
2017,1,Australian Grand Prix,2017-03-26,Albert Park Grand Prix Circuit,Carlos Sainz,SAI,Toro Rosso,10.273679652248685,10
2017,1,Australian Grand Prix,2017-03-26,Albert Park Grand Prix Circuit,Nico Hülkenberg,HUL,Renault,11.352428412150555,11
2017,1,Australian Grand Prix,2017-03-26,Albert Park Grand Prix Circuit,Daniil Kvyat,KVY,Toro Rosso,11.457570857092387,12
2017,1,Australian Grand Prix,2017-03-26,Albert Park Grand Prix Circuit,Esteban Ocon,OCO,Force India,11.975282214396042,13
2017,1,Australian Grand Prix,2017-03-26,Albert Park Grand Prix Circuit,Fernando Alonso,ALO,McLaren,13.204903345685912,14
2017,1,Australian Grand Prix,2017-03-26,Albert Park Grand Prix Circuit,Lance Stroll,STR,Williams,14.360697427781886,15
2017,1,Australian Grand Prix,2017-03-26,Albert Park Grand Prix Circuit,Marcus Ericsson,ERI,Sauber,14.536675044998818,16
2017,1,Australian Grand Prix,2017-03-26,Albert Park Grand Prix Circuit,Stoffel Vandoorne,VAN,McLaren,14.643910424135878,17
2017,1,Australian Grand Prix,2017-03-26,Albert Park Grand Prix Circuit,Antonio Giovinazzi,GIO,Sauber,14.872620320024437,18
2017,1,Australian Grand Prix,2017-03-26,Albert Park Grand Prix Circuit,Kevin Magnussen,MAG,Haas F1 Team,16.065790225909826,19
2017,1,Australian Grand Prix,2017-03-26,Albert Park Grand Prix Circuit,Jolyon Palmer,PAL,Renault,16.543449281727284,20
2017,2,Chinese Grand Prix,2017-04-09,Shanghai International Circuit,Lewis Hamilton,HAM,Mercedes,3.3472327798612103,1
2017,2,Chinese Grand Prix,2017-04-09,Shanghai International Circuit,Sebastian Vettel,VET,Ferrari,4.289430472797595,2
2017,2,Chinese Grand Prix,2017-04-09,Shanghai International Circuit,Valtteri Bottas,BOT,Mercedes,5.28834447477774,3
2017,2,Chinese Grand Prix,2017-04-09,Shanghai International Circuit,Kimi Räikkönen,RAI,Ferrari,5.863421871630018,4
2017,2,Chinese Grand Prix,2017-04-09,Shanghai International Circuit,Daniel Ricciardo,RIC,Red Bull,5.893674931928161,5
2017,2,Chinese Grand Prix,2017-04-09,Shanghai International Circuit,Max Verstappen,VER,Red Bull,7.914586404525461,6
2017,2,Chinese Grand Prix,2017-04-09,Shanghai International Circuit,Felipe Massa,MAS,Williams,7.930735230620164,7
2017,2,Chinese Grand Prix,2017-04-09,Shanghai International Circuit,Sergio Pérez,PER,Force India,8.906888319171449,8
2017,2,Chinese Grand Prix,2017-04-09,Shanghai International Circuit,Nico Hülkenberg,HUL,Renault,10.011101933436553,9
2017,2,Chinese Grand Prix,2017-04-09,Shanghai International Circuit,Carlos Sainz,SAI,Toro Rosso,10.451411100304979,10
2017,2,Chinese Grand Prix,2017-04-09,Shanghai International Circuit,Lance Stroll,STR,Williams,10.852240341080057,11
2017,2,Chinese Grand Prix,2017-04-09,Shanghai International Circuit,Daniil Kvyat,KVY,Toro Rosso,10.989388686485364,12
2017,2,Chinese Grand Prix,2017-04-09,Shanghai International Circuit,Fernando Alonso,ALO,McLaren,12.626845869998569,13
2017,2,Chinese Grand Prix,2017-04-09,Shanghai International Circuit,Esteban Ocon,OCO,Force India,13.070401746665665,14
2017,2,Chinese Grand Prix,2017-04-09,Shanghai International Circuit,Kevin Magnussen,MAG,Haas F1 Team,13.3301604709593,15
2017,2,Chinese Grand Prix,2017-04-09,Shanghai International Circuit,Stoffel Vandoorne,VAN,McLaren,13.667115696491114,16
2017,2,Chinese Grand Prix,2017-04-09,Shanghai International Circuit,Romain Grosjean,GRO,Haas F1 Team,14.516972226495032,17
2017,2,Chinese Grand Prix,2017-04-09,Shanghai International Circuit,Marcus Ericsson,ERI,Sauber,14.536675044998818,18
2017,2,Chinese Grand Prix,2017-04-09,Shanghai International Circuit,Antonio Giovinazzi,GIO,Sauber,15.125671482288908,19
2017,2,Chinese Grand Prix,2017-04-09,Shanghai International Circuit,Jolyon Palmer,PAL,Renault,15.269029987670146,20
2017,3,Bahrain Grand Prix,2017-04-16,Bahrain International Circuit,Lewis Hamilton,HAM,Mercedes,2.6438652514893644,1
2017,3,Bahrain Grand Prix,2017-04-16,Bahrain International Circuit,Sebastian Vettel,VET,Ferrari,3.4705933894518153,2
2017,3,Bahrain Grand Prix,2017-04-16,Bahrain International Circuit,Valtteri Bottas,BOT,Mercedes,3.868824843226136,3
2017,3,Bahrain Grand Prix,2017-04-16,Bahrain International Circuit,Daniel Ricciardo,RIC,Red Bull,4.184013317711708,4
2017,3,Bahrain Grand Prix,2017-04-16,Bahrain International Circuit,Max Verstappen,VER,Red Bull,5.5489108642388185,5
2017,3,Bahrain Grand Prix,2017-04-16,Bahrain International Circuit,Kimi Räikkönen,RAI,Ferrari,6.817931476623899,6
2017,3,Bahrain Grand Prix,2017-04-16,Bahrain International Circuit,Nico Hülkenberg,HUL,Renault,9.69776073335326,7
2017,3,Bahrain Grand Prix,2017-04-16,Bahrain International Circuit,Felipe Massa,MAS,Williams,9.741631296696388,8
2017,3,Bahrain Grand Prix,2017-04-16,Bahrain International Circuit,Sergio Pérez,PER,Force India,10.23363749985894,9
2017,3,Bahrain Grand Prix,2017-04-16,Bahrain International Circuit,Esteban Ocon,OCO,Force India,11.235613562841325,10
2017,3,Bahrain Grand Prix,2017-04-16,Bahrain International Circuit,Romain Grosjean,GRO,Haas F1 Team,11.934122953110803,11
2017,3,Bahrain Grand Prix,2017-04-16,Bahrain International Circuit,Daniil Kvyat,KVY,Toro Rosso,12.137435974848078,12
2017,3,Bahrain Grand Prix,2017-04-16,Bahrain International Circuit,Lance Stroll,STR,Williams,12.410017060110595,13
2017,3,Bahrain Grand Prix,2017-04-16,Bahrain International Circuit,Jolyon Palmer,PAL,Renault,13.113734313368553,14
2017,3,Bahrain Grand Prix,2017-04-16,Bahrain International Circuit,Fernando Alonso,ALO,McLaren,13.466176918309548,15
2017,3,Bahrain Grand Prix,2017-04-16,Bahrain International Circuit,Carlos Sainz,SAI,Toro Rosso,14.12410685856842,16
2017,3,Bahrain Grand Prix,2017-04-16,Bahrain International Circuit,Pascal Wehrlein,WEH,Sauber,14.490375215045372,17
2017,3,Bahrain Grand Prix,2017-04-16,Bahrain International Circuit,Stoffel Vandoorne,VAN,McLaren,15.033970734861883,18
2017,3,Bahrain Grand Prix,2017-04-16,Bahrain International Circuit,Marcus Ericsson,ERI,Sauber,15.542405070178035,19
2017,3,Bahrain Grand Prix,2017-04-16,Bahrain International Circuit,Kevin Magnussen,MAG,Haas F1 Team,15.731368420580054,20
2017,4,Russian Grand Prix,2017-04-30,Sochi Autodrom,Sebastian Vettel,VET,Ferrari,2.6963604036099196,1
2017,4,Russian Grand Prix,2017-04-30,Sochi Autodrom,Lewis Hamilton,HAM,Mercedes,2.8701708658789213,2
2017,4,Russian Grand Prix,2017-04-30,Sochi Autodrom,Kimi Räikkönen,RAI,Ferrari,3.385187017614798,3
2017,4,Russian Grand Prix,2017-04-30,Sochi Autodrom,Valtteri Bottas,BOT,Mercedes,4.196672207603285,4
2017,4,Russian Grand Prix,2017-04-30,Sochi Autodrom,Daniel Ricciardo,RIC,Red Bull,6.106923308664537,5
2017,4,Russian Grand Prix,2017-04-30,Sochi Autodrom,Max Verstappen,VER,Red Bull,6.925126059710114,6
2017,4,Russian Grand Prix,2017-04-30,Sochi Autodrom,Felipe Massa,MAS,Williams,8.5947771644115,7
2017,4,Russian Grand Prix,2017-04-30,Sochi Autodrom,Sergio Pérez,PER,Force India,8.771106222883343,8
2017,4,Russian Grand Prix,2017-04-30,Sochi Autodrom,Esteban Ocon,OCO,Force India,10.371980773660775,9
2017,4,Russian Grand Prix,2017-04-30,Sochi Autodrom,Nico Hülkenberg,HUL,Renault,10.472159013264633,10
2017,4,Russian Grand Prix,2017-04-30,Sochi Autodrom,Carlos Sainz,SAI,Toro Rosso,12.513878023692023,11
2017,4,Russian Grand Prix,2017-04-30,Sochi Autodrom,Lance Stroll,STR,Williams,12.89303000603847,12
2017,4,Russian Grand Prix,2017-04-30,Sochi Autodrom,Daniil Kvyat,KVY,Toro Rosso,13.37262119858694,13
2017,4,Russian Grand Prix,2017-04-30,Sochi Autodrom,Kevin Magnussen,MAG,Haas F1 Team,13.432428076910679,14
2017,4,Russian Grand Prix,2017-04-30,Sochi Autodrom,Fernando Alonso,ALO,McLaren,14.002350387506247,15
2017,4,Russian Grand Prix,2017-04-30,Sochi Autodrom,Jolyon Palmer,PAL,Renault,14.888460031798509,16
2017,4,Russian Grand Prix,2017-04-30,Sochi Autodrom,Stoffel Vandoorne,VAN,McLaren,14.941187967927869,17
2017,4,Russian Grand Prix,2017-04-30,Sochi Autodrom,Romain Grosjean,GRO,Haas F1 Team,15.312301666651921,18
2017,4,Russian Grand Prix,2017-04-30,Sochi Autodrom,Pascal Wehrlein,WEH,Sauber,15.639384818303379,19
2017,4,Russian Grand Prix,2017-04-30,Sochi Autodrom,Marcus Ericsson,ERI,Sauber,16.13535028024155,20
2017,5,Spanish Grand Prix,2017-05-14,Circuit de Barcelona-Catalunya,Lewis Hamilton,HAM,Mercedes,1.6222867573223505,1
2017,5,Spanish Grand Prix,2017-05-14,Circuit de Barcelona-Catalunya,Sebastian Vettel,VET,Ferrari,2.943245830970014,2
2017,5,Spanish Grand Prix,2017-05-14,Circuit de Barcelona-Catalunya,Valtteri Bottas,BOT,Mercedes,3.8234636655014054,3
2017,5,Spanish Grand Prix,2017-05-14,Circuit de Barcelona-Catalunya,Kimi Räikkönen,RAI,Ferrari,4.174005846346232,4
2017,5,Spanish Grand Prix,2017-05-14,Circuit de Barcelona-Catalunya,Max Verstappen,VER,Red Bull,5.71650022270733,5
2017,5,Spanish Grand Prix,2017-05-14,Circuit de Barcelona-Catalunya,Daniel Ricciardo,RIC,Red Bull,6.196321798636447,6
2017,5,Spanish Grand Prix,2017-05-14,Circuit de Barcelona-Catalunya,Sergio Pérez,PER,Force India,9.29595934102167,7
2017,5,Spanish Grand Prix,2017-05-14,Circuit de Barcelona-Catalunya,Felipe Massa,MAS,Williams,10.34960795295416,8
2017,5,Spanish Grand Prix,2017-05-14,Circuit de Barcelona-Catalunya,Esteban Ocon,OCO,Force India,10.917014859392333,9
2017,5,Spanish Grand Prix,2017-05-14,Circuit de Barcelona-Catalunya,Fernando Alonso,ALO,McLaren,11.235465382836866,10
2017,5,Spanish Grand Prix,2017-05-14,Circuit de Barcelona-Catalunya,Carlos Sainz,SAI,Toro Rosso,11.470772542034162,11
2017,5,Spanish Grand Prix,2017-05-14,Circuit de Barcelona-Catalunya,Nico Hülkenberg,HUL,Renault,12.301443454341662,12
2017,5,Spanish Grand Prix,2017-05-14,Circuit de Barcelona-Catalunya,Kevin Magnussen,MAG,Haas F1 Team,12.57701622516953,13
2017,5,Spanish Grand Prix,2017-05-14,Circuit de Barcelona-Catalunya,Romain Grosjean,GRO,Haas F1 Team,13.611629841778534,14
2017,5,Spanish Grand Prix,2017-05-14,Circuit de Barcelona-Catalunya,Jolyon Palmer,PAL,Renault,14.411192589594405,15
2017,5,Spanish Grand Prix,2017-05-14,Circuit de Barcelona-Catalunya,Daniil Kvyat,KVY,Toro Rosso,14.709990257176033,16
2017,5,Spanish Grand Prix,2017-05-14,Circuit de Barcelona-Catalunya,Marcus Ericsson,ERI,Sauber,14.839727781202612,17
2017,5,Spanish Grand Prix,2017-05-14,Circuit de Barcelona-Catalunya,Lance Stroll,STR,Williams,15.022842069633398,18
2017,5,Spanish Grand Prix,2017-05-14,Circuit de Barcelona-Catalunya,Pascal Wehrlein,WEH,Sauber,15.383318355798393,19
2017,5,Spanish Grand Prix,2017-05-14,Circuit de Barcelona-Catalunya,Stoffel Vandoorne,VAN,McLaren,15.441387499697571,20
2017,6,Monaco Grand Prix,2017-05-28,Circuit de Monaco,Sebastian Vettel,VET,Ferrari,2.9291251275083283,1
2017,6,Monaco Grand Prix,2017-05-28,Circuit de Monaco,Kimi Räikkönen,RAI,Ferrari,3.426974099376086,2
2017,6,Monaco Grand Prix,2017-05-28,Circuit de Monaco,Valtteri Bottas,BOT,Mercedes,4.396188685749806,3
2017,6,Monaco Grand Prix,2017-05-28,Circuit de Monaco,Max Verstappen,VER,Red Bull,5.332115557043849,4
2017,6,Monaco Grand Prix,2017-05-28,Circuit de Monaco,Daniel Ricciardo,RIC,Red Bull,5.963686762686645,5
2017,6,Monaco Grand Prix,2017-05-28,Circuit de Monaco,Lewis Hamilton,HAM,Mercedes,7.494950846550287,6
2017,6,Monaco Grand Prix,2017-05-28,Circuit de Monaco,Sergio Pérez,PER,Force India,7.7445235726021,7
2017,6,Monaco Grand Prix,2017-05-28,Circuit de Monaco,Carlos Sainz,SAI,Toro Rosso,8.16262760178575,8
2017,6,Monaco Grand Prix,2017-05-28,Circuit de Monaco,Daniil Kvyat,KVY,Toro Rosso,10.359442222331499,9
2017,6,Monaco Grand Prix,2017-05-28,Circuit de Monaco,Romain Grosjean,GRO,Haas F1 Team,11.350892762379496,10
2017,6,Monaco Grand Prix,2017-05-28,Circuit de Monaco,Esteban Ocon,OCO,Force India,11.379985124505453,11
2017,6,Monaco Grand Prix,2017-05-28,Circuit de Monaco,Nico Hülkenberg,HUL,Renault,12.04088499147197,12
2017,6,Monaco Grand Prix,2017-05-28,Circuit de Monaco,Stoffel Vandoorne,VAN,McLaren,12.76646053342321,13
2017,6,Monaco Grand Prix,2017-05-28,Circuit de Monaco,Kevin Magnussen,MAG,Haas F1 Team,13.300829802151767,14
2017,6,Monaco Grand Prix,2017-05-28,Circuit de Monaco,Felipe Massa,MAS,Williams,13.303858854711704,15
2017,6,Monaco Grand Prix,2017-05-28,Circuit de Monaco,Jenson Button,BUT,McLaren,14.003535334800537,16
2017,6,Monaco Grand Prix,2017-05-28,Circuit de Monaco,Lance Stroll,STR,Williams,14.594177154899226,17
2017,6,Monaco Grand Prix,2017-05-28,Circuit de Monaco,Jolyon Palmer,PAL,Renault,14.880677051466257,18
2017,6,Monaco Grand Prix,2017-05-28,Circuit de Monaco,Pascal Wehrlein,WEH,Sauber,15.695267036713693,19
2017,6,Monaco Grand Prix,2017-05-28,Circuit de Monaco,Marcus Ericsson,ERI,Sauber,15.860264317850735,20
2017,7,Canadian Grand Prix,2017-06-11,Circuit Gilles Villeneuve,Lewis Hamilton,HAM,Mercedes,1.6909396927362177,1
2017,7,Canadian Grand Prix,2017-06-11,Circuit Gilles Villeneuve,Sebastian Vettel,VET,Ferrari,2.943245830970014,2
2017,7,Canadian Grand Prix,2017-06-11,Circuit Gilles Villeneuve,Valtteri Bottas,BOT,Mercedes,3.9969001971013673,3
2017,7,Canadian Grand Prix,2017-06-11,Circuit Gilles Villeneuve,Kimi Räikkönen,RAI,Ferrari,4.253867158651972,4
2017,7,Canadian Grand Prix,2017-06-11,Circuit Gilles Villeneuve,Max Verstappen,VER,Red Bull,6.20118584626522,5
2017,7,Canadian Grand Prix,2017-06-11,Circuit Gilles Villeneuve,Daniel Ricciardo,RIC,Red Bull,6.754159408770156,6
2017,7,Canadian Grand Prix,2017-06-11,Circuit Gilles Villeneuve,Sergio Pérez,PER,Force India,8.429674053881474,7
2017,7,Canadian Grand Prix,2017-06-11,Circuit Gilles Villeneuve,Esteban Ocon,OCO,Force India,9.001933618858514,8
2017,7,Canadian Grand Prix,2017-06-11,Circuit Gilles Villeneuve,Felipe Massa,MAS,Williams,9.135917358049506,9
2017,7,Canadian Grand Prix,2017-06-11,Circuit Gilles Villeneuve,Nico Hülkenberg,HUL,Renault,10.869330152184467,10
2017,7,Canadian Grand Prix,2017-06-11,Circuit Gilles Villeneuve,Daniil Kvyat,KVY,Toro Rosso,11.894244816963884,11
2017,7,Canadian Grand Prix,2017-06-11,Circuit Gilles Villeneuve,Carlos Sainz,SAI,Toro Rosso,12.946141583005572,12
2017,7,Canadian Grand Prix,2017-06-11,Circuit Gilles Villeneuve,Fernando Alonso,ALO,McLaren,13.179499260128667,13
2017,7,Canadian Grand Prix,2017-06-11,Circuit Gilles Villeneuve,Romain Grosjean,GRO,Haas F1 Team,13.563767200086119,14
2017,7,Canadian Grand Prix,2017-06-11,Circuit Gilles Villeneuve,Jolyon Palmer,PAL,Renault,13.881195794667047,15
2017,7,Canadian Grand Prix,2017-06-11,Circuit Gilles Villeneuve,Lance Stroll,STR,Williams,14.524867456309632,16
2017,7,Canadian Grand Prix,2017-06-11,Circuit Gilles Villeneuve,Kevin Magnussen,MAG,Haas F1 Team,14.627209177776551,17
2017,7,Canadian Grand Prix,2017-06-11,Circuit Gilles Villeneuve,Stoffel Vandoorne,VAN,McLaren,15.408960223146384,18
2017,7,Canadian Grand Prix,2017-06-11,Circuit Gilles Villeneuve,Marcus Ericsson,ERI,Sauber,15.533257296988502,19
2017,7,Canadian Grand Prix,2017-06-11,Circuit Gilles Villeneuve,Pascal Wehrlein,WEH,Sauber,16.311470979701237,20
2017,8,Azerbaijan Grand Prix,2017-06-25,Baku City Circuit,Lewis Hamilton,HAM,Mercedes,2.2418165589613044,1
2017,8,Azerbaijan Grand Prix,2017-06-25,Baku City Circuit,Valtteri Bottas,BOT,Mercedes,3.1897718180231047,2
2017,8,Azerbaijan Grand Prix,2017-06-25,Baku City Circuit,Sebastian Vettel,VET,Ferrari,4.203995337660475,3
2017,8,Azerbaijan Grand Prix,2017-06-25,Baku City Circuit,Kimi Räikkönen,RAI,Ferrari,4.2618219816583895,4
2017,8,Azerbaijan Grand Prix,2017-06-25,Baku City Circuit,Sergio Pérez,PER,Force India,5.894380014696247,5
2017,8,Azerbaijan Grand Prix,2017-06-25,Baku City Circuit,Max Verstappen,VER,Red Bull,6.496877005348288,6
2017,8,Azerbaijan Grand Prix,2017-06-25,Baku City Circuit,Esteban Ocon,OCO,Force India,7.555982303001833,7
2017,8,Azerbaijan Grand Prix,2017-06-25,Baku City Circuit,Daniel Ricciardo,RIC,Red Bull,7.940151158829498,8
2017,8,Azerbaijan Grand Prix,2017-06-25,Baku City Circuit,Lance Stroll,STR,Williams,10.343160881128794,9
2017,8,Azerbaijan Grand Prix,2017-06-25,Baku City Circuit,Felipe Massa,MAS,Williams,10.535293830150385,10
2017,8,Azerbaijan Grand Prix,2017-06-25,Baku City Circuit,Daniil Kvyat,KVY,Toro Rosso,11.874232914065464,11
2017,8,Azerbaijan Grand Prix,2017-06-25,Baku City Circuit,Carlos Sainz,SAI,Toro Rosso,12.796633442895395,12
2017,8,Azerbaijan Grand Prix,2017-06-25,Baku City Circuit,Nico Hülkenberg,HUL,Renault,13.116545575899977,13
2017,8,Azerbaijan Grand Prix,2017-06-25,Baku City Circuit,Kevin Magnussen,MAG,Haas F1 Team,13.590313753684036,14
2017,8,Azerbaijan Grand Prix,2017-06-25,Baku City Circuit,Pascal Wehrlein,WEH,Sauber,14.482976390887265,15
2017,8,Azerbaijan Grand Prix,2017-06-25,Baku City Circuit,Romain Grosjean,GRO,Haas F1 Team,14.864301407752158,16
2017,8,Azerbaijan Grand Prix,2017-06-25,Baku City Circuit,Jolyon Palmer,PAL,Renault,14.913883244811244,17
2017,8,Azerbaijan Grand Prix,2017-06-25,Baku City Circuit,Fernando Alonso,ALO,McLaren,15.31855791554896,18
2017,8,Azerbaijan Grand Prix,2017-06-25,Baku City Circuit,Stoffel Vandoorne,VAN,McLaren,15.398423791574166,19
2017,8,Azerbaijan Grand Prix,2017-06-25,Baku City Circuit,Marcus Ericsson,ERI,Sauber,15.452870869653946,20
2017,9,Austrian Grand Prix,2017-07-09,Red Bull Ring,Valtteri Bottas,BOT,Mercedes,2.7418355632755103,1
2017,9,Austrian Grand Prix,2017-07-09,Red Bull Ring,Sebastian Vettel,VET,Ferrari,3.2162133086521822,2
2017,9,Austrian Grand Prix,2017-07-09,Red Bull Ring,Lewis Hamilton,HAM,Mercedes,3.5195963568214426,3
2017,9,Austrian Grand Prix,2017-07-09,Red Bull Ring,Daniel Ricciardo,RIC,Red Bull,4.626032592182318,4
2017,9,Austrian Grand Prix,2017-07-09,Red Bull Ring,Kimi Räikkönen,RAI,Ferrari,4.6730319489167575,5
2017,9,Austrian Grand Prix,2017-07-09,Red Bull Ring,Max Verstappen,VER,Red Bull,6.669584841364948,6
2017,9,Austrian Grand Prix,2017-07-09,Red Bull Ring,Sergio Pérez,PER,Force India,8.622058202779927,7
2017,9,Austrian Grand Prix,2017-07-09,Red Bull Ring,Romain Grosjean,GRO,Haas F1 Team,9.511496856989448,8
2017,9,Austrian Grand Prix,2017-07-09,Red Bull Ring,Esteban Ocon,OCO,Force India,9.73530563948345,9
2017,9,Austrian Grand Prix,2017-07-09,Red Bull Ring,Carlos Sainz,SAI,Toro Rosso,11.278256693162453,10
2017,9,Austrian Grand Prix,2017-07-09,Red Bull Ring,Nico Hülkenberg,HUL,Renault,12.054737763485168,11
2017,9,Austrian Grand Prix,2017-07-09,Red Bull Ring,Fernando Alonso,ALO,McLaren,12.64304194495508,12
2017,9,Austrian Grand Prix,2017-07-09,Red Bull Ring,Kevin Magnussen,MAG,Haas F1 Team,12.958886576818431,13
2017,9,Austrian Grand Prix,2017-07-09,Red Bull Ring,Stoffel Vandoorne,VAN,McLaren,13.16957977346159,14
2017,9,Austrian Grand Prix,2017-07-09,Red Bull Ring,Daniil Kvyat,KVY,Toro Rosso,13.35937085313855,15
2017,9,Austrian Grand Prix,2017-07-09,Red Bull Ring,Felipe Massa,MAS,Williams,14.139474890298894,16
2017,9,Austrian Grand Prix,2017-07-09,Red Bull Ring,Lance Stroll,STR,Williams,14.294233058408881,17
2017,9,Austrian Grand Prix,2017-07-09,Red Bull Ring,Jolyon Palmer,PAL,Renault,14.594578986280704,18
2017,9,Austrian Grand Prix,2017-07-09,Red Bull Ring,Pascal Wehrlein,WEH,Sauber,15.637706316708405,19
2017,9,Austrian Grand Prix,2017-07-09,Red Bull Ring,Marcus Ericsson,ERI,Sauber,15.693394414507626,20
2017,10,British Grand Prix,2017-07-16,Silverstone Circuit,Lewis Hamilton,HAM,Mercedes,1.8860395936653604,1
2017,10,British Grand Prix,2017-07-16,Silverstone Circuit,Sebastian Vettel,VET,Ferrari,3.4696785219242066,2
2017,10,British Grand Prix,2017-07-16,Silverstone Circuit,Kimi Räikkönen,RAI,Ferrari,3.9444858854763756,3
2017,10,British Grand Prix,2017-07-16,Silverstone Circuit,Valtteri Bottas,BOT,Mercedes,4.4405708950271565,4
2017,10,British Grand Prix,2017-07-16,Silverstone Circuit,Max Verstappen,VER,Red Bull,6.3186634479497705,5
2017,10,British Grand Prix,2017-07-16,Silverstone Circuit,Sergio Pérez,PER,Force India,7.829507939276245,6
2017,10,British Grand Prix,2017-07-16,Silverstone Circuit,Daniel Ricciardo,RIC,Red Bull,8.362501046633302,7
2017,10,British Grand Prix,2017-07-16,Silverstone Circuit,Esteban Ocon,OCO,Force India,8.627654863509077,8
2017,10,British Grand Prix,2017-07-16,Silverstone Circuit,Nico Hülkenberg,HUL,Renault,8.87132258075566,9
2017,10,British Grand Prix,2017-07-16,Silverstone Circuit,Romain Grosjean,GRO,Haas F1 Team,11.471491767676904,10
2017,10,British Grand Prix,2017-07-16,Silverstone Circuit,Stoffel Vandoorne,VAN,McLaren,11.505111498949466,11
2017,10,British Grand Prix,2017-07-16,Silverstone Circuit,Daniil Kvyat,KVY,Toro Rosso,12.310059707397981,12
2017,10,British Grand Prix,2017-07-16,Silverstone Circuit,Jolyon Palmer,PAL,Renault,12.754550786621659,13
2017,10,British Grand Prix,2017-07-16,Silverstone Circuit,Felipe Massa,MAS,Williams,12.894197931523404,14
2017,10,British Grand Prix,2017-07-16,Silverstone Circuit,Carlos Sainz,SAI,Toro Rosso,13.27743979282953,15
2017,10,British Grand Prix,2017-07-16,Silverstone Circuit,Lance Stroll,STR,Williams,13.644543795352398,16
2017,10,British Grand Prix,2017-07-16,Silverstone Circuit,Fernando Alonso,ALO,McLaren,14.068446632342019,17
2017,10,British Grand Prix,2017-07-16,Silverstone Circuit,Kevin Magnussen,MAG,Haas F1 Team,14.298105859834834,18
2017,10,British Grand Prix,2017-07-16,Silverstone Circuit,Marcus Ericsson,ERI,Sauber,15.414106693382095,19
2017,10,British Grand Prix,2017-07-16,Silverstone Circuit,Pascal Wehrlein,WEH,Sauber,15.585237962418686,20
2017,11,Hungarian Grand Prix,2017-07-30,Hungaroring,Sebastian Vettel,VET,Ferrari,2.64652827814151,1
2017,11,Hungarian Grand Prix,2017-07-30,Hungaroring,Lewis Hamilton,HAM,Mercedes,3.0173743561206896,2
2017,11,Hungarian Grand Prix,2017-07-30,Hungaroring,Valtteri Bottas,BOT,Mercedes,3.4606863789014537,3
2017,11,Hungarian Grand Prix,2017-07-30,Hungaroring,Kimi Räikkönen,RAI,Ferrari,3.5110241767839074,4
2017,11,Hungarian Grand Prix,2017-07-30,Hungaroring,Daniel Ricciardo,RIC,Red Bull,4.959204321931441,5
2017,11,Hungarian Grand Prix,2017-07-30,Hungaroring,Max Verstappen,VER,Red Bull,6.487993242787106,6
2017,11,Hungarian Grand Prix,2017-07-30,Hungaroring,Fernando Alonso,ALO,McLaren,10.306114961083672,7
2017,11,Hungarian Grand Prix,2017-07-30,Hungaroring,Nico Hülkenberg,HUL,Renault,10.706894720111999,8
2017,11,Hungarian Grand Prix,2017-07-30,Hungaroring,Esteban Ocon,OCO,Force India,10.710856789739776,9
2017,11,Hungarian Grand Prix,2017-07-30,Hungaroring,Stoffel Vandoorne,VAN,McLaren,10.924532044063868,10
2017,11,Hungarian Grand Prix,2017-07-30,Hungaroring,Carlos Sainz,SAI,Toro Rosso,11.205491641424501,11
2017,11,Hungarian Grand Prix,2017-07-30,Hungaroring,Sergio Pérez,PER,Force India,11.953924097449562,12
2017,11,Hungarian Grand Prix,2017-07-30,Hungaroring,Jolyon Palmer,PAL,Renault,12.01823430839678,13
2017,11,Hungarian Grand Prix,2017-07-30,Hungaroring,Paul di Resta,DIR,Williams,13.657642946284389,14
2017,11,Hungarian Grand Prix,2017-07-30,Hungaroring,Kevin Magnussen,MAG,Haas F1 Team,13.951469196516177,15
2017,11,Hungarian Grand Prix,2017-07-30,Hungaroring,Romain Grosjean,GRO,Haas F1 Team,13.965597749349941,16
2017,11,Hungarian Grand Prix,2017-07-30,Hungaroring,Lance Stroll,STR,Williams,14.16074540120737,17
2017,11,Hungarian Grand Prix,2017-07-30,Hungaroring,Daniil Kvyat,KVY,Toro Rosso,14.379351911068037,18
2017,11,Hungarian Grand Prix,2017-07-30,Hungaroring,Marcus Ericsson,ERI,Sauber,15.998928275557144,19
2017,11,Hungarian Grand Prix,2017-07-30,Hungaroring,Pascal Wehrlein,WEH,Sauber,16.375191817254393,20
2017,12,Belgian Grand Prix,2017-08-27,Circuit de Spa-Francorchamps,Lewis Hamilton,HAM,Mercedes,1.684171087561364,1
2017,12,Belgian Grand Prix,2017-08-27,Circuit de Spa-Francorchamps,Sebastian Vettel,VET,Ferrari,3.0319221268184298,2
2017,12,Belgian Grand Prix,2017-08-27,Circuit de Spa-Francorchamps,Valtteri Bottas,BOT,Mercedes,3.510453575106024,3
2017,12,Belgian Grand Prix,2017-08-27,Circuit de Spa-Francorchamps,Kimi Räikkönen,RAI,Ferrari,4.098000812645534,4
2017,12,Belgian Grand Prix,2017-08-27,Circuit de Spa-Francorchamps,Daniel Ricciardo,RIC,Red Bull,5.639157114934037,5
2017,12,Belgian Grand Prix,2017-08-27,Circuit de Spa-Francorchamps,Max Verstappen,VER,Red Bull,6.576885435948438,6
2017,12,Belgian Grand Prix,2017-08-27,Circuit de Spa-Francorchamps,Sergio Pérez,PER,Force India,8.686501176760286,7
2017,12,Belgian Grand Prix,2017-08-27,Circuit de Spa-Francorchamps,Esteban Ocon,OCO,Force India,9.496006958292174,8
2017,12,Belgian Grand Prix,2017-08-27,Circuit de Spa-Francorchamps,Nico Hülkenberg,HUL,Renault,9.542574219861688,9
2017,12,Belgian Grand Prix,2017-08-27,Circuit de Spa-Francorchamps,Fernando Alonso,ALO,McLaren,11.009524387217473,10
2017,12,Belgian Grand Prix,2017-08-27,Circuit de Spa-Francorchamps,Jolyon Palmer,PAL,Renault,12.670781071159862,11
2017,12,Belgian Grand Prix,2017-08-27,Circuit de Spa-Francorchamps,Romain Grosjean,GRO,Haas F1 Team,12.672840725302583,12
2017,12,Belgian Grand Prix,2017-08-27,Circuit de Spa-Francorchamps,Carlos Sainz,SAI,Toro Rosso,13.17430748957701,13
2017,12,Belgian Grand Prix,2017-08-27,Circuit de Spa-Francorchamps,Kevin Magnussen,MAG,Haas F1 Team,13.500037575862397,14
2017,12,Belgian Grand Prix,2017-08-27,Circuit de Spa-Francorchamps,Stoffel Vandoorne,VAN,McLaren,13.715358063112058,15
2017,12,Belgian Grand Prix,2017-08-27,Circuit de Spa-Francorchamps,Lance Stroll,STR,Williams,13.989496211749227,16
2017,12,Belgian Grand Prix,2017-08-27,Circuit de Spa-Francorchamps,Felipe Massa,MAS,Williams,14.342425661114563,17
2017,12,Belgian Grand Prix,2017-08-27,Circuit de Spa-Francorchamps,Daniil Kvyat,KVY,Toro Rosso,14.954693924814203,18
2017,12,Belgian Grand Prix,2017-08-27,Circuit de Spa-Francorchamps,Marcus Ericsson,ERI,Sauber,14.981264183991584,19
2017,12,Belgian Grand Prix,2017-08-27,Circuit de Spa-Francorchamps,Pascal Wehrlein,WEH,Sauber,15.827396837347978,20
2017,13,Italian Grand Prix,2017-09-03,Autodromo Nazionale di Monza,Lewis Hamilton,HAM,Mercedes,1.7997478500823265,1
2017,13,Italian Grand Prix,2017-09-03,Autodromo Nazionale di Monza,Valtteri Bottas,BOT,Mercedes,4.8170566652307185,2
2017,13,Italian Grand Prix,2017-09-03,Autodromo Nazionale di Monza,Daniel Ricciardo,RIC,Red Bull,6.038443731005538,3
2017,13,Italian Grand Prix,2017-09-03,Autodromo Nazionale di Monza,Kimi Räikkönen,RAI,Ferrari,6.473088845141852,4
2017,13,Italian Grand Prix,2017-09-03,Autodromo Nazionale di Monza,Sebastian Vettel,VET,Ferrari,6.670232155672091,5
2017,13,Italian Grand Prix,2017-09-03,Autodromo Nazionale di Monza,Lance Stroll,STR,Williams,7.149771116039706,6
2017,13,Italian Grand Prix,2017-09-03,Autodromo Nazionale di Monza,Max Verstappen,VER,Red Bull,7.496360671170631,7
2017,13,Italian Grand Prix,2017-09-03,Autodromo Nazionale di Monza,Esteban Ocon,OCO,Force India,7.968890229838809,8
2017,13,Italian Grand Prix,2017-09-03,Autodromo Nazionale di Monza,Felipe Massa,MAS,Williams,9.738008757447629,9
2017,13,Italian Grand Prix,2017-09-03,Autodromo Nazionale di Monza,Sergio Pérez,PER,Force India,10.708391109219201,10
2017,13,Italian Grand Prix,2017-09-03,Autodromo Nazionale di Monza,Nico Hülkenberg,HUL,Renault,12.038800338389986,11
2017,13,Italian Grand Prix,2017-09-03,Autodromo Nazionale di Monza,Daniil Kvyat,KVY,Toro Rosso,12.529500077388589,12
2017,13,Italian Grand Prix,2017-09-03,Autodromo Nazionale di Monza,Stoffel Vandoorne,VAN,McLaren,12.55265971758591,13
2017,13,Italian Grand Prix,2017-09-03,Autodromo Nazionale di Monza,Kevin Magnussen,MAG,Haas F1 Team,12.801127064589364,14
2017,13,Italian Grand Prix,2017-09-03,Autodromo Nazionale di Monza,Carlos Sainz,SAI,Toro Rosso,13.02223862019538,15
2017,13,Italian Grand Prix,2017-09-03,Autodromo Nazionale di Monza,Fernando Alonso,ALO,McLaren,13.495109695011724,16
2017,13,Italian Grand Prix,2017-09-03,Autodromo Nazionale di Monza,Jolyon Palmer,PAL,Renault,14.34965912920096,17
2017,13,Italian Grand Prix,2017-09-03,Autodromo Nazionale di Monza,Romain Grosjean,GRO,Haas F1 Team,14.753496694892396,18
2017,13,Italian Grand Prix,2017-09-03,Autodromo Nazionale di Monza,Marcus Ericsson,ERI,Sauber,14.949773614322194,19
2017,13,Italian Grand Prix,2017-09-03,Autodromo Nazionale di Monza,Pascal Wehrlein,WEH,Sauber,15.66728508268515,20
2017,14,Singapore Grand Prix,2017-09-17,Marina Bay Street Circuit,Sebastian Vettel,VET,Ferrari,2.974814281681476,1
2017,14,Singapore Grand Prix,2017-09-17,Marina Bay Street Circuit,Lewis Hamilton,HAM,Mercedes,3.926547339323284,2
2017,14,Singapore Grand Prix,2017-09-17,Marina Bay Street Circuit,Daniel Ricciardo,RIC,Red Bull,4.0060927440909095,3
2017,14,Singapore Grand Prix,2017-09-17,Marina Bay Street Circuit,Max Verstappen,VER,Red Bull,4.241902880113347,4
2017,14,Singapore Grand Prix,2017-09-17,Marina Bay Street Circuit,Valtteri Bottas,BOT,Mercedes,5.142308767922627,5
2017,14,Singapore Grand Prix,2017-09-17,Marina Bay Street Circuit,Kimi Räikkönen,RAI,Ferrari,5.185185016075297,6
2017,14,Singapore Grand Prix,2017-09-17,Marina Bay Street Circuit,Nico Hülkenberg,HUL,Renault,9.343225058982618,7
2017,14,Singapore Grand Prix,2017-09-17,Marina Bay Street Circuit,Sergio Pérez,PER,Force India,9.729976794274055,8
2017,14,Singapore Grand Prix,2017-09-17,Marina Bay Street Circuit,Fernando Alonso,ALO,McLaren,10.676745984860098,9
2017,14,Singapore Grand Prix,2017-09-17,Marina Bay Street Circuit,Stoffel Vandoorne,VAN,McLaren,10.99344311943837,10
2017,14,Singapore Grand Prix,2017-09-17,Marina Bay Street Circuit,Carlos Sainz,SAI,Toro Rosso,11.779955896251828,11
2017,14,Singapore Grand Prix,2017-09-17,Marina Bay Street Circuit,Esteban Ocon,OCO,Force India,12.258907676693164,12
2017,14,Singapore Grand Prix,2017-09-17,Marina Bay Street Circuit,Jolyon Palmer,PAL,Renault,12.624045773908689,13
2017,14,Singapore Grand Prix,2017-09-17,Marina Bay Street Circuit,Daniil Kvyat,KVY,Toro Rosso,13.208237879602407,14
2017,14,Singapore Grand Prix,2017-09-17,Marina Bay Street Circuit,Felipe Massa,MAS,Williams,14.058304762331797,15
2017,14,Singapore Grand Prix,2017-09-17,Marina Bay Street Circuit,Lance Stroll,STR,Williams,14.294233058408881,16
2017,14,Singapore Grand Prix,2017-09-17,Marina Bay Street Circuit,Kevin Magnussen,MAG,Haas F1 Team,14.344724877603714,17
2017,14,Singapore Grand Prix,2017-09-17,Marina Bay Street Circuit,Romain Grosjean,GRO,Haas F1 Team,14.39680107195271,18
2017,14,Singapore Grand Prix,2017-09-17,Marina Bay Street Circuit,Pascal Wehrlein,WEH,Sauber,16.41030550981595,19
2017,14,Singapore Grand Prix,2017-09-17,Marina Bay Street Circuit,Marcus Ericsson,ERI,Sauber,16.861728088475576,20
2017,15,Malaysian Grand Prix,2017-10-01,Sepang International Circuit,Lewis Hamilton,HAM,Mercedes,1.8313745778031327,1
2017,15,Malaysian Grand Prix,2017-10-01,Sepang International Circuit,Daniel Ricciardo,RIC,Red Bull,4.202220588588439,2
2017,15,Malaysian Grand Prix,2017-10-01,Sepang International Circuit,Max Verstappen,VER,Red Bull,4.743801926641797,3
2017,15,Malaysian Grand Prix,2017-10-01,Sepang International Circuit,Valtteri Bottas,BOT,Mercedes,5.062762369865331,4
2017,15,Malaysian Grand Prix,2017-10-01,Sepang International Circuit,Kimi Räikkönen,RAI,Ferrari,6.052421997754332,5
2017,15,Malaysian Grand Prix,2017-10-01,Sepang International Circuit,Sebastian Vettel,VET,Ferrari,8.029648862386551,6
2017,15,Malaysian Grand Prix,2017-10-01,Sepang International Circuit,Esteban Ocon,OCO,Force India,9.105323515620295,7
2017,15,Malaysian Grand Prix,2017-10-01,Sepang International Circuit,Stoffel Vandoorne,VAN,McLaren,9.32214230234844,8
2017,15,Malaysian Grand Prix,2017-10-01,Sepang International Circuit,Sergio Pérez,PER,Force India,9.76472809374176,9
2017,15,Malaysian Grand Prix,2017-10-01,Sepang International Circuit,Nico Hülkenberg,HUL,Renault,10.455231032719333,10
2017,15,Malaysian Grand Prix,2017-10-01,Sepang International Circuit,Fernando Alonso,ALO,McLaren,11.206743212110087,11
2017,15,Malaysian Grand Prix,2017-10-01,Sepang International Circuit,Felipe Massa,MAS,Williams,11.959494639053732,12
2017,15,Malaysian Grand Prix,2017-10-01,Sepang International Circuit,Jolyon Palmer,PAL,Renault,12.127961875036986,13
2017,15,Malaysian Grand Prix,2017-10-01,Sepang International Circuit,Lance Stroll,STR,Williams,12.481362077394254,14
2017,15,Malaysian Grand Prix,2017-10-01,Sepang International Circuit,Carlos Sainz,SAI,Toro Rosso,13.40455068129376,15
2017,15,Malaysian Grand Prix,2017-10-01,Sepang International Circuit,Pierre Gasly,GAS,Toro Rosso,13.60024215339976,16
2017,15,Malaysian Grand Prix,2017-10-01,Sepang International Circuit,Romain Grosjean,GRO,Haas F1 Team,14.55201334724635,17
2017,15,Malaysian Grand Prix,2017-10-01,Sepang International Circuit,Kevin Magnussen,MAG,Haas F1 Team,14.572345915758783,18
2017,15,Malaysian Grand Prix,2017-10-01,Sepang International Circuit,Pascal Wehrlein,WEH,Sauber,16.387218327252572,19
2017,15,Malaysian Grand Prix,2017-10-01,Sepang International Circuit,Marcus Ericsson,ERI,Sauber,16.535872958468946,20
2017,16,Japanese Grand Prix,2017-10-08,Suzuka Circuit,Lewis Hamilton,HAM,Mercedes,1.8173866582514933,1
2017,16,Japanese Grand Prix,2017-10-08,Suzuka Circuit,Sebastian Vettel,VET,Ferrari,3.397959734966007,2
2017,16,Japanese Grand Prix,2017-10-08,Suzuka Circuit,Daniel Ricciardo,RIC,Red Bull,4.185769232774515,3
2017,16,Japanese Grand Prix,2017-10-08,Suzuka Circuit,Valtteri Bottas,BOT,Mercedes,4.329034330137206,4
2017,16,Japanese Grand Prix,2017-10-08,Suzuka Circuit,Max Verstappen,VER,Red Bull,5.53116961110227,5
2017,16,Japanese Grand Prix,2017-10-08,Suzuka Circuit,Kimi Räikkönen,RAI,Ferrari,7.891007611026224,6
2017,16,Japanese Grand Prix,2017-10-08,Suzuka Circuit,Esteban Ocon,OCO,Force India,8.24963595279066,7
2017,16,Japanese Grand Prix,2017-10-08,Suzuka Circuit,Sergio Pérez,PER,Force India,8.827755480440418,8
2017,16,Japanese Grand Prix,2017-10-08,Suzuka Circuit,Felipe Massa,MAS,Williams,10.696447267282094,9
2017,16,Japanese Grand Prix,2017-10-08,Suzuka Circuit,Stoffel Vandoorne,VAN,McLaren,10.905278778046657,10
2017,16,Japanese Grand Prix,2017-10-08,Suzuka Circuit,Nico Hülkenberg,HUL,Renault,11.599630770317741,11
2017,16,Japanese Grand Prix,2017-10-08,Suzuka Circuit,Fernando Alonso,ALO,McLaren,12.285019245876619,12
2017,16,Japanese Grand Prix,2017-10-08,Suzuka Circuit,Romain Grosjean,GRO,Haas F1 Team,13.273424840219603,13
2017,16,Japanese Grand Prix,2017-10-08,Suzuka Circuit,Kevin Magnussen,MAG,Haas F1 Team,13.294658092841658,14
2017,16,Japanese Grand Prix,2017-10-08,Suzuka Circuit,Jolyon Palmer,PAL,Renault,13.425011449276566,15
2017,16,Japanese Grand Prix,2017-10-08,Suzuka Circuit,Lance Stroll,STR,Williams,13.44755213108174,16
2017,16,Japanese Grand Prix,2017-10-08,Suzuka Circuit,Carlos Sainz,SAI,Toro Rosso,13.896489669188755,17
2017,16,Japanese Grand Prix,2017-10-08,Suzuka Circuit,Pierre Gasly,GAS,Toro Rosso,14.399294652126535,18
2017,16,Japanese Grand Prix,2017-10-08,Suzuka Circuit,Marcus Ericsson,ERI,Sauber,15.483726173233194,19
2017,16,Japanese Grand Prix,2017-10-08,Suzuka Circuit,Pascal Wehrlein,WEH,Sauber,15.758324279127224,20
2017,17,United States Grand Prix,2017-10-22,Circuit of the Americas,Lewis Hamilton,HAM,Mercedes,1.7397404300002586,1
2017,17,United States Grand Prix,2017-10-22,Circuit of the Americas,Sebastian Vettel,VET,Ferrari,3.52252511052112,2
2017,17,United States Grand Prix,2017-10-22,Circuit of the Americas,Valtteri Bottas,BOT,Mercedes,3.8535649782036536,3
2017,17,United States Grand Prix,2017-10-22,Circuit of the Americas,Daniel Ricciardo,RIC,Red Bull,4.950051915201022,4
2017,17,United States Grand Prix,2017-10-22,Circuit of the Americas,Kimi Räikkönen,RAI,Ferrari,6.380476656988117,5
2017,17,United States Grand Prix,2017-10-22,Circuit of the Americas,Max Verstappen,VER,Red Bull,6.437383344259729,6
2017,17,United States Grand Prix,2017-10-22,Circuit of the Americas,Esteban Ocon,OCO,Force India,8.376655480862215,7
2017,17,United States Grand Prix,2017-10-22,Circuit of the Americas,Sergio Pérez,PER,Force India,8.929222581665629,8
2017,17,United States Grand Prix,2017-10-22,Circuit of the Americas,Carlos Sainz,SAI,Renault,9.979678657075848,9
2017,17,United States Grand Prix,2017-10-22,Circuit of the Americas,Felipe Massa,MAS,Williams,10.140664256046874,10
2017,17,United States Grand Prix,2017-10-22,Circuit of the Americas,Fernando Alonso,ALO,McLaren,11.897810939527645,11
2017,17,United States Grand Prix,2017-10-22,Circuit of the Americas,Stoffel Vandoorne,VAN,McLaren,12.660321794905258,12
2017,17,United States Grand Prix,2017-10-22,Circuit of the Americas,Daniil Kvyat,KVY,Toro Rosso,12.779972950191624,13
2017,17,United States Grand Prix,2017-10-22,Circuit of the Americas,Nico Hülkenberg,HUL,Renault,13.556294926820321,14
2017,17,United States Grand Prix,2017-10-22,Circuit of the Americas,Lance Stroll,STR,Williams,13.864039612589,15
2017,17,United States Grand Prix,2017-10-22,Circuit of the Americas,Romain Grosjean,GRO,Haas F1 Team,14.451099093565553,16
2017,17,United States Grand Prix,2017-10-22,Circuit of the Americas,Brendon Hartley,HAR,Toro Rosso,14.558173761375771,17
2017,17,United States Grand Prix,2017-10-22,Circuit of the Americas,Kevin Magnussen,MAG,Haas F1 Team,14.878167668931418,18
2017,17,United States Grand Prix,2017-10-22,Circuit of the Americas,Marcus Ericsson,ERI,Sauber,15.296787385443821,19
2017,17,United States Grand Prix,2017-10-22,Circuit of the Americas,Pascal Wehrlein,WEH,Sauber,15.633049805430803,20
2017,18,Mexican Grand Prix,2017-10-29,Autódromo Hermanos Rodríguez,Lewis Hamilton,HAM,Mercedes,2.6102511145642113,1
2017,18,Mexican Grand Prix,2017-10-29,Autódromo Hermanos Rodríguez,Max Verstappen,VER,Red Bull,3.329569319780295,2
2017,18,Mexican Grand Prix,2017-10-29,Autódromo Hermanos Rodríguez,Sebastian Vettel,VET,Ferrari,3.441010423990628,3
2017,18,Mexican Grand Prix,2017-10-29,Autódromo Hermanos Rodríguez,Valtteri Bottas,BOT,Mercedes,3.979202758800983,4
2017,18,Mexican Grand Prix,2017-10-29,Autódromo Hermanos Rodríguez,Kimi Räikkönen,RAI,Ferrari,6.173103202786579,5
2017,18,Mexican Grand Prix,2017-10-29,Autódromo Hermanos Rodríguez,Daniel Ricciardo,RIC,Red Bull,7.208590257838099,6
2017,18,Mexican Grand Prix,2017-10-29,Autódromo Hermanos Rodríguez,Esteban Ocon,OCO,Force India,7.486557683465764,7
2017,18,Mexican Grand Prix,2017-10-29,Autódromo Hermanos Rodríguez,Sergio Pérez,PER,Force India,7.700293251626903,8
2017,18,Mexican Grand Prix,2017-10-29,Autódromo Hermanos Rodríguez,Nico Hülkenberg,HUL,Renault,10.505788311922132,9
2017,18,Mexican Grand Prix,2017-10-29,Autódromo Hermanos Rodríguez,Carlos Sainz,SAI,Renault,10.93072047003671,10
2017,18,Mexican Grand Prix,2017-10-29,Autódromo Hermanos Rodríguez,Felipe Massa,MAS,Williams,11.119600099553132,11
2017,18,Mexican Grand Prix,2017-10-29,Autódromo Hermanos Rodríguez,Lance Stroll,STR,Williams,12.065953516017322,12
2017,18,Mexican Grand Prix,2017-10-29,Autódromo Hermanos Rodríguez,Fernando Alonso,ALO,McLaren,13.859872064650828,13
2017,18,Mexican Grand Prix,2017-10-29,Autódromo Hermanos Rodríguez,Brendon Hartley,HAR,Toro Rosso,14.06428923987724,14
2017,18,Mexican Grand Prix,2017-10-29,Autódromo Hermanos Rodríguez,Stoffel Vandoorne,VAN,McLaren,14.365373153430472,15
2017,18,Mexican Grand Prix,2017-10-29,Autódromo Hermanos Rodríguez,Kevin Magnussen,MAG,Haas F1 Team,14.51197776104407,16
2017,18,Mexican Grand Prix,2017-10-29,Autódromo Hermanos Rodríguez,Marcus Ericsson,ERI,Sauber,14.544625163994985,17
2017,18,Mexican Grand Prix,2017-10-29,Autódromo Hermanos Rodríguez,Pascal Wehrlein,WEH,Sauber,14.829593061534469,18
2017,18,Mexican Grand Prix,2017-10-29,Autódromo Hermanos Rodríguez,Pierre Gasly,GAS,Toro Rosso,15.487651574759537,19
2017,18,Mexican Grand Prix,2017-10-29,Autódromo Hermanos Rodríguez,Romain Grosjean,GRO,Haas F1 Team,15.498411561575011,20
2017,19,Brazilian Grand Prix,2017-11-12,Autódromo José Carlos Pace,Valtteri Bottas,BOT,Mercedes,3.027608925280961,1
2017,19,Brazilian Grand Prix,2017-11-12,Autódromo José Carlos Pace,Sebastian Vettel,VET,Ferrari,3.623174352933424,2
2017,19,Brazilian Grand Prix,2017-11-12,Autódromo José Carlos Pace,Max Verstappen,VER,Red Bull,3.9760651314672226,3
2017,19,Brazilian Grand Prix,2017-11-12,Autódromo José Carlos Pace,Kimi Räikkönen,RAI,Ferrari,4.560901744332416,4
2017,19,Brazilian Grand Prix,2017-11-12,Autódromo José Carlos Pace,Lewis Hamilton,HAM,Mercedes,5.8033409198553,5
2017,19,Brazilian Grand Prix,2017-11-12,Autódromo José Carlos Pace,Daniel Ricciardo,RIC,Red Bull,6.67167964360449,6
2017,19,Brazilian Grand Prix,2017-11-12,Autódromo José Carlos Pace,Sergio Pérez,PER,Force India,6.831124921679168,7
2017,19,Brazilian Grand Prix,2017-11-12,Autódromo José Carlos Pace,Fernando Alonso,ALO,McLaren,9.2400475583478,8
2017,19,Brazilian Grand Prix,2017-11-12,Autódromo José Carlos Pace,Esteban Ocon,OCO,Force India,9.339109212031122,9
2017,19,Brazilian Grand Prix,2017-11-12,Autódromo José Carlos Pace,Felipe Massa,MAS,Williams,10.763436837820459,10
2017,19,Brazilian Grand Prix,2017-11-12,Autódromo José Carlos Pace,Nico Hülkenberg,HUL,Renault,10.791982239981474,11
2017,19,Brazilian Grand Prix,2017-11-12,Autódromo José Carlos Pace,Carlos Sainz,SAI,Renault,11.286941017268381,12
2017,19,Brazilian Grand Prix,2017-11-12,Autódromo José Carlos Pace,Stoffel Vandoorne,VAN,McLaren,12.283784954076522,13
2017,19,Brazilian Grand Prix,2017-11-12,Autódromo José Carlos Pace,Romain Grosjean,GRO,Haas F1 Team,12.977101378309426,14
2017,19,Brazilian Grand Prix,2017-11-12,Autódromo José Carlos Pace,Kevin Magnussen,MAG,Haas F1 Team,13.618744173696223,15
2017,19,Brazilian Grand Prix,2017-11-12,Autódromo José Carlos Pace,Lance Stroll,STR,Williams,14.176424197029547,16
2017,19,Brazilian Grand Prix,2017-11-12,Autódromo José Carlos Pace,Pierre Gasly,GAS,Toro Rosso,14.778672028762529,17
2017,19,Brazilian Grand Prix,2017-11-12,Autódromo José Carlos Pace,Brendon Hartley,HAR,Toro Rosso,15.063451075949637,18
2017,19,Brazilian Grand Prix,2017-11-12,Autódromo José Carlos Pace,Pascal Wehrlein,WEH,Sauber,15.389668911061943,19
2017,19,Brazilian Grand Prix,2017-11-12,Autódromo José Carlos Pace,Marcus Ericsson,ERI,Sauber,16.19624254688837,20
2017,20,Abu Dhabi Grand Prix,2017-11-26,Yas Marina Circuit,Lewis Hamilton,HAM,Mercedes,2.182757146493867,1
2017,20,Abu Dhabi Grand Prix,2017-11-26,Yas Marina Circuit,Valtteri Bottas,BOT,Mercedes,2.956676932408263,2
2017,20,Abu Dhabi Grand Prix,2017-11-26,Yas Marina Circuit,Sebastian Vettel,VET,Ferrari,3.676337377992429,3
2017,20,Abu Dhabi Grand Prix,2017-11-26,Yas Marina Circuit,Daniel Ricciardo,RIC,Red Bull,4.652691205620256,4
2017,20,Abu Dhabi Grand Prix,2017-11-26,Yas Marina Circuit,Max Verstappen,VER,Red Bull,5.197416873242207,5
2017,20,Abu Dhabi Grand Prix,2017-11-26,Yas Marina Circuit,Kimi Räikkönen,RAI,Ferrari,5.386437050102419,6
2017,20,Abu Dhabi Grand Prix,2017-11-26,Yas Marina Circuit,Sergio Pérez,PER,Force India,7.6111769319616,7
2017,20,Abu Dhabi Grand Prix,2017-11-26,Yas Marina Circuit,Esteban Ocon,OCO,Force India,9.445120464473666,8
2017,20,Abu Dhabi Grand Prix,2017-11-26,Yas Marina Circuit,Nico Hülkenberg,HUL,Renault,9.936288144239269,9
2017,20,Abu Dhabi Grand Prix,2017-11-26,Yas Marina Circuit,Felipe Massa,MAS,Williams,10.980504897797381,10
2017,20,Abu Dhabi Grand Prix,2017-11-26,Yas Marina Circuit,Fernando Alonso,ALO,McLaren,11.137736397556917,11
2017,20,Abu Dhabi Grand Prix,2017-11-26,Yas Marina Circuit,Stoffel Vandoorne,VAN,McLaren,12.197462593023657,12
2017,20,Abu Dhabi Grand Prix,2017-11-26,Yas Marina Circuit,Carlos Sainz,SAI,Renault,12.606866539399924,13
2017,20,Abu Dhabi Grand Prix,2017-11-26,Yas Marina Circuit,Lance Stroll,STR,Williams,13.71219567239753,14
2017,20,Abu Dhabi Grand Prix,2017-11-26,Yas Marina Circuit,Kevin Magnussen,MAG,Haas F1 Team,13.978256045984573,15
2017,20,Abu Dhabi Grand Prix,2017-11-26,Yas Marina Circuit,Pierre Gasly,GAS,Toro Rosso,14.780609655660847,16
2017,20,Abu Dhabi Grand Prix,2017-11-26,Yas Marina Circuit,Romain Grosjean,GRO,Haas F1 Team,15.152469003966555,17
2017,20,Abu Dhabi Grand Prix,2017-11-26,Yas Marina Circuit,Pascal Wehrlein,WEH,Sauber,15.594758001010618,18
2017,20,Abu Dhabi Grand Prix,2017-11-26,Yas Marina Circuit,Marcus Ericsson,ERI,Sauber,15.935212408552957,19
2017,20,Abu Dhabi Grand Prix,2017-11-26,Yas Marina Circuit,Brendon Hartley,HAR,Toro Rosso,16.341319662414303,20
2018,1,Australian Grand Prix,2018-03-25,Albert Park Grand Prix Circuit,Lewis Hamilton,HAM,Mercedes,1.6481383565687615,1
2018,1,Australian Grand Prix,2018-03-25,Albert Park Grand Prix Circuit,Kimi Räikkönen,RAI,Ferrari,3.3629273076731465,2
2018,1,Australian Grand Prix,2018-03-25,Albert Park Grand Prix Circuit,Sebastian Vettel,VET,Ferrari,3.5280690303026385,3
2018,1,Australian Grand Prix,2018-03-25,Albert Park Grand Prix Circuit,Max Verstappen,VER,Red Bull,3.8689790578241077,4
2018,1,Australian Grand Prix,2018-03-25,Albert Park Grand Prix Circuit,Daniel Ricciardo,RIC,Red Bull,6.462995391072173,5
2018,1,Australian Grand Prix,2018-03-25,Albert Park Grand Prix Circuit,Valtteri Bottas,BOT,Mercedes,7.963859649350174,6
2018,1,Australian Grand Prix,2018-03-25,Albert Park Grand Prix Circuit,Romain Grosjean,GRO,Haas F1 Team,9.726800555428124,7
2018,1,Australian Grand Prix,2018-03-25,Albert Park Grand Prix Circuit,Kevin Magnussen,MAG,Haas F1 Team,9.860047999289364,8
2018,1,Australian Grand Prix,2018-03-25,Albert Park Grand Prix Circuit,Nico Hülkenberg,HUL,Renault,10.619109665397767,9
2018,1,Australian Grand Prix,2018-03-25,Albert Park Grand Prix Circuit,Sergio Pérez,PER,Force India,10.858005112476814,10
2018,1,Australian Grand Prix,2018-03-25,Albert Park Grand Prix Circuit,Carlos Sainz,SAI,Renault,11.008313913285507,11
2018,1,Australian Grand Prix,2018-03-25,Albert Park Grand Prix Circuit,Fernando Alonso,ALO,McLaren,11.197420792210853,12
2018,1,Australian Grand Prix,2018-03-25,Albert Park Grand Prix Circuit,Esteban Ocon,OCO,Force India,11.34540795305064,13
2018,1,Australian Grand Prix,2018-03-25,Albert Park Grand Prix Circuit,Stoffel Vandoorne,VAN,McLaren,11.595288371952378,14
2018,1,Australian Grand Prix,2018-03-25,Albert Park Grand Prix Circuit,Lance Stroll,STR,Williams,13.298658185264385,15
2018,1,Australian Grand Prix,2018-03-25,Albert Park Grand Prix Circuit,Sergey Sirotkin,SIR,Williams,14.394208915755337,16
2018,1,Australian Grand Prix,2018-03-25,Albert Park Grand Prix Circuit,Pierre Gasly,GAS,Toro Rosso,14.796677133038422,17
2018,1,Australian Grand Prix,2018-03-25,Albert Park Grand Prix Circuit,Brendon Hartley,HAR,Toro Rosso,14.948351040580988,18
2018,1,Australian Grand Prix,2018-03-25,Albert Park Grand Prix Circuit,Marcus Ericsson,ERI,Sauber,15.727478302290361,19
2018,1,Australian Grand Prix,2018-03-25,Albert Park Grand Prix Circuit,Charles Leclerc,LEC,Sauber,16.161892160194235,20
2018,2,Bahrain Grand Prix,2018-04-08,Bahrain International Circuit,Sebastian Vettel,VET,Ferrari,2.632859098280564,1
2018,2,Bahrain Grand Prix,2018-04-08,Bahrain International Circuit,Kimi Räikkönen,RAI,Ferrari,3.0147177320282594,2
2018,2,Bahrain Grand Prix,2018-04-08,Bahrain International Circuit,Valtteri Bottas,BOT,Mercedes,3.5347000195882248,3
2018,2,Bahrain Grand Prix,2018-04-08,Bahrain International Circuit,Lewis Hamilton,HAM,Mercedes,3.7343186063558806,4
2018,2,Bahrain Grand Prix,2018-04-08,Bahrain International Circuit,Daniel Ricciardo,RIC,Red Bull,5.760767827957069,5
2018,2,Bahrain Grand Prix,2018-04-08,Bahrain International Circuit,Pierre Gasly,GAS,Toro Rosso,8.982785046284185,6
2018,2,Bahrain Grand Prix,2018-04-08,Bahrain International Circuit,Nico Hülkenberg,HUL,Renault,9.69827661237108,7
2018,2,Bahrain Grand Prix,2018-04-08,Bahrain International Circuit,Kevin Magnussen,MAG,Haas F1 Team,10.445109594243988,8
2018,2,Bahrain Grand Prix,2018-04-08,Bahrain International Circuit,Max Verstappen,VER,Red Bull,10.557913493730478,9
2018,2,Bahrain Grand Prix,2018-04-08,Bahrain International Circuit,Esteban Ocon,OCO,Force India,10.734978541739641,10
2018,2,Bahrain Grand Prix,2018-04-08,Bahrain International Circuit,Carlos Sainz,SAI,Renault,11.076215694462345,11
2018,2,Bahrain Grand Prix,2018-04-08,Bahrain International Circuit,Sergio Pérez,PER,Force India,11.346293024811573,12
2018,2,Bahrain Grand Prix,2018-04-08,Bahrain International Circuit,Fernando Alonso,ALO,McLaren,12.411133712036444,13
2018,2,Bahrain Grand Prix,2018-04-08,Bahrain International Circuit,Stoffel Vandoorne,VAN,McLaren,13.563118017107186,14
2018,2,Bahrain Grand Prix,2018-04-08,Bahrain International Circuit,Brendon Hartley,HAR,Toro Rosso,14.052640535096165,15
2018,2,Bahrain Grand Prix,2018-04-08,Bahrain International Circuit,Romain Grosjean,GRO,Haas F1 Team,14.24529366108747,16
2018,2,Bahrain Grand Prix,2018-04-08,Bahrain International Circuit,Lance Stroll,STR,Williams,14.744555455762885,17
2018,2,Bahrain Grand Prix,2018-04-08,Bahrain International Circuit,Sergey Sirotkin,SIR,Williams,14.948822699777496,18
2018,2,Bahrain Grand Prix,2018-04-08,Bahrain International Circuit,Charles Leclerc,LEC,Sauber,15.016769530040833,19
2018,2,Bahrain Grand Prix,2018-04-08,Bahrain International Circuit,Marcus Ericsson,ERI,Sauber,15.689618092500123,20
2018,3,Chinese Grand Prix,2018-04-15,Shanghai International Circuit,Sebastian Vettel,VET,Ferrari,2.64652827814151,1
2018,3,Chinese Grand Prix,2018-04-15,Shanghai International Circuit,Lewis Hamilton,HAM,Mercedes,3.1325155850627984,2
2018,3,Chinese Grand Prix,2018-04-15,Shanghai International Circuit,Valtteri Bottas,BOT,Mercedes,3.5347000195882248,3
2018,3,Chinese Grand Prix,2018-04-15,Shanghai International Circuit,Kimi Räikkönen,RAI,Ferrari,3.565520111532273,4
2018,3,Chinese Grand Prix,2018-04-15,Shanghai International Circuit,Max Verstappen,VER,Red Bull,5.922630690963449,5
2018,3,Chinese Grand Prix,2018-04-15,Shanghai International Circuit,Daniel Ricciardo,RIC,Red Bull,7.550116335531218,6
2018,3,Chinese Grand Prix,2018-04-15,Shanghai International Circuit,Nico Hülkenberg,HUL,Renault,9.042087459715406,7
2018,3,Chinese Grand Prix,2018-04-15,Shanghai International Circuit,Sergio Pérez,PER,Force India,9.283295512120368,8
2018,3,Chinese Grand Prix,2018-04-15,Shanghai International Circuit,Carlos Sainz,SAI,Renault,10.756688511834376,9
2018,3,Chinese Grand Prix,2018-04-15,Shanghai International Circuit,Esteban Ocon,OCO,Force India,11.511989021800392,10
2018,3,Chinese Grand Prix,2018-04-15,Shanghai International Circuit,Kevin Magnussen,MAG,Haas F1 Team,11.73543215300401,11
2018,3,Chinese Grand Prix,2018-04-15,Shanghai International Circuit,Fernando Alonso,ALO,McLaren,11.876952594150811,12
2018,3,Chinese Grand Prix,2018-04-15,Shanghai International Circuit,Romain Grosjean,GRO,Haas F1 Team,12.867037297661351,13
2018,3,Chinese Grand Prix,2018-04-15,Shanghai International Circuit,Stoffel Vandoorne,VAN,McLaren,13.543881284240765,14
2018,3,Chinese Grand Prix,2018-04-15,Shanghai International Circuit,Pierre Gasly,GAS,Toro Rosso,14.138645379117182,15
2018,3,Chinese Grand Prix,2018-04-15,Shanghai International Circuit,Sergey Sirotkin,SIR,Williams,14.313109211475025,16
2018,3,Chinese Grand Prix,2018-04-15,Shanghai International Circuit,Brendon Hartley,HAR,Toro Rosso,14.595771588641753,17
2018,3,Chinese Grand Prix,2018-04-15,Shanghai International Circuit,Charles Leclerc,LEC,Sauber,15.131894562074992,18
2018,3,Chinese Grand Prix,2018-04-15,Shanghai International Circuit,Lance Stroll,STR,Williams,15.259806947115298,19
2018,3,Chinese Grand Prix,2018-04-15,Shanghai International Circuit,Marcus Ericsson,ERI,Sauber,15.415908812926151,20
2018,4,Azerbaijan Grand Prix,2018-04-29,Baku City Circuit,Lewis Hamilton,HAM,Mercedes,2.2697922477917465,1
2018,4,Azerbaijan Grand Prix,2018-04-29,Baku City Circuit,Sebastian Vettel,VET,Ferrari,3.132037367241733,2
2018,4,Azerbaijan Grand Prix,2018-04-29,Baku City Circuit,Valtteri Bottas,BOT,Mercedes,3.587425938730757,3
2018,4,Azerbaijan Grand Prix,2018-04-29,Baku City Circuit,Daniel Ricciardo,RIC,Red Bull,4.712209160398981,4
2018,4,Azerbaijan Grand Prix,2018-04-29,Baku City Circuit,Kimi Räikkönen,RAI,Ferrari,5.875084832932184,5
2018,4,Azerbaijan Grand Prix,2018-04-29,Baku City Circuit,Max Verstappen,VER,Red Bull,6.070186568280449,6
2018,4,Azerbaijan Grand Prix,2018-04-29,Baku City Circuit,Sergio Pérez,PER,Force India,8.445800177264617,7
2018,4,Azerbaijan Grand Prix,2018-04-29,Baku City Circuit,Esteban Ocon,OCO,Force India,8.71462757454863,8
2018,4,Azerbaijan Grand Prix,2018-04-29,Baku City Circuit,Fernando Alonso,ALO,McLaren,10.318542697280733,9
2018,4,Azerbaijan Grand Prix,2018-04-29,Baku City Circuit,Carlos Sainz,SAI,Renault,11.379548443170407,10
2018,4,Azerbaijan Grand Prix,2018-04-29,Baku City Circuit,Lance Stroll,STR,Williams,11.553392474977192,11
2018,4,Azerbaijan Grand Prix,2018-04-29,Baku City Circuit,Nico Hülkenberg,HUL,Renault,11.925542676928561,12
2018,4,Azerbaijan Grand Prix,2018-04-29,Baku City Circuit,Sergey Sirotkin,SIR,Williams,12.46815951939873,13
2018,4,Azerbaijan Grand Prix,2018-04-29,Baku City Circuit,Kevin Magnussen,MAG,Haas F1 Team,13.286314099330077,14
2018,4,Azerbaijan Grand Prix,2018-04-29,Baku City Circuit,Stoffel Vandoorne,VAN,McLaren,14.031772421896612,15
2018,4,Azerbaijan Grand Prix,2018-04-29,Baku City Circuit,Pierre Gasly,GAS,Toro Rosso,14.226168705527938,16
2018,4,Azerbaijan Grand Prix,2018-04-29,Baku City Circuit,Charles Leclerc,LEC,Sauber,14.24512950334167,17
2018,4,Azerbaijan Grand Prix,2018-04-29,Baku City Circuit,Romain Grosjean,GRO,Haas F1 Team,15.076156536077335,18
2018,4,Azerbaijan Grand Prix,2018-04-29,Baku City Circuit,Brendon Hartley,HAR,Toro Rosso,15.162339973556923,19
2018,4,Azerbaijan Grand Prix,2018-04-29,Baku City Circuit,Marcus Ericsson,ERI,Sauber,16.204515446322496,20
2018,5,Spanish Grand Prix,2018-05-13,Circuit de Barcelona-Catalunya,Lewis Hamilton,HAM,Mercedes,1.7095711632070354,1
2018,5,Spanish Grand Prix,2018-05-13,Circuit de Barcelona-Catalunya,Valtteri Bottas,BOT,Mercedes,3.3946060848353983,2
2018,5,Spanish Grand Prix,2018-05-13,Circuit de Barcelona-Catalunya,Sebastian Vettel,VET,Ferrari,3.48264559422242,3
2018,5,Spanish Grand Prix,2018-05-13,Circuit de Barcelona-Catalunya,Kimi Räikkönen,RAI,Ferrari,4.3947776522089335,4
2018,5,Spanish Grand Prix,2018-05-13,Circuit de Barcelona-Catalunya,Daniel Ricciardo,RIC,Red Bull,6.202660165765558,5
2018,5,Spanish Grand Prix,2018-05-13,Circuit de Barcelona-Catalunya,Max Verstappen,VER,Red Bull,6.56928041166023,6
2018,5,Spanish Grand Prix,2018-05-13,Circuit de Barcelona-Catalunya,Fernando Alonso,ALO,McLaren,9.52001187099978,7
2018,5,Spanish Grand Prix,2018-05-13,Circuit de Barcelona-Catalunya,Kevin Magnussen,MAG,Haas F1 Team,9.603521858631161,8
2018,5,Spanish Grand Prix,2018-05-13,Circuit de Barcelona-Catalunya,Carlos Sainz,SAI,Renault,10.232349714928917,9
2018,5,Spanish Grand Prix,2018-05-13,Circuit de Barcelona-Catalunya,Stoffel Vandoorne,VAN,McLaren,11.232932068053264,10
2018,5,Spanish Grand Prix,2018-05-13,Circuit de Barcelona-Catalunya,Romain Grosjean,GRO,Haas F1 Team,11.715720649619284,11
2018,5,Spanish Grand Prix,2018-05-13,Circuit de Barcelona-Catalunya,Sergio Pérez,PER,Force India,11.855851278868581,12
2018,5,Spanish Grand Prix,2018-05-13,Circuit de Barcelona-Catalunya,Nico Hülkenberg,HUL,Renault,11.88884147173712,13
2018,5,Spanish Grand Prix,2018-05-13,Circuit de Barcelona-Catalunya,Pierre Gasly,GAS,Toro Rosso,12.141353519724037,14
2018,5,Spanish Grand Prix,2018-05-13,Circuit de Barcelona-Catalunya,Esteban Ocon,OCO,Force India,13.06109463965715,15
2018,5,Spanish Grand Prix,2018-05-13,Circuit de Barcelona-Catalunya,Charles Leclerc,LEC,Sauber,13.722844483782614,16
2018,5,Spanish Grand Prix,2018-05-13,Circuit de Barcelona-Catalunya,Marcus Ericsson,ERI,Sauber,14.535802167926034,17
2018,5,Spanish Grand Prix,2018-05-13,Circuit de Barcelona-Catalunya,Brendon Hartley,HAR,Toro Rosso,15.607001999885162,18
2018,5,Spanish Grand Prix,2018-05-13,Circuit de Barcelona-Catalunya,Lance Stroll,STR,Williams,15.677745689775545,19
2018,5,Spanish Grand Prix,2018-05-13,Circuit de Barcelona-Catalunya,Sergey Sirotkin,SIR,Williams,16.22421876854871,20
2018,6,Monaco Grand Prix,2018-05-27,Circuit de Monaco,Lewis Hamilton,HAM,Mercedes,2.766563400677944,1
2018,6,Monaco Grand Prix,2018-05-27,Circuit de Monaco,Sebastian Vettel,VET,Ferrari,2.972377987276525,2
2018,6,Monaco Grand Prix,2018-05-27,Circuit de Monaco,Daniel Ricciardo,RIC,Red Bull,3.2101206666282223,3
2018,6,Monaco Grand Prix,2018-05-27,Circuit de Monaco,Kimi Räikkönen,RAI,Ferrari,4.4770537563866,4
2018,6,Monaco Grand Prix,2018-05-27,Circuit de Monaco,Valtteri Bottas,BOT,Mercedes,5.529727583126079,5
2018,6,Monaco Grand Prix,2018-05-27,Circuit de Monaco,Max Verstappen,VER,Red Bull,8.393338106698746,6
2018,6,Monaco Grand Prix,2018-05-27,Circuit de Monaco,Esteban Ocon,OCO,Force India,8.835733988245863,7
2018,6,Monaco Grand Prix,2018-05-27,Circuit de Monaco,Fernando Alonso,ALO,McLaren,9.156955747999657,8
2018,6,Monaco Grand Prix,2018-05-27,Circuit de Monaco,Carlos Sainz,SAI,Renault,9.36972766802459,9
2018,6,Monaco Grand Prix,2018-05-27,Circuit de Monaco,Sergio Pérez,PER,Force India,9.7147273546252,10
2018,6,Monaco Grand Prix,2018-05-27,Circuit de Monaco,Stoffel Vandoorne,VAN,McLaren,11.296935431603186,11
2018,6,Monaco Grand Prix,2018-05-27,Circuit de Monaco,Nico Hülkenberg,HUL,Renault,11.362978544236507,12
2018,6,Monaco Grand Prix,2018-05-27,Circuit de Monaco,Pierre Gasly,GAS,Toro Rosso,11.999916731904923,13
2018,6,Monaco Grand Prix,2018-05-27,Circuit de Monaco,Sergey Sirotkin,SIR,Williams,13.491644205831806,14
2018,6,Monaco Grand Prix,2018-05-27,Circuit de Monaco,Charles Leclerc,LEC,Sauber,13.66118366121472,15
2018,6,Monaco Grand Prix,2018-05-27,Circuit de Monaco,Brendon Hartley,HAR,Toro Rosso,13.732370572903118,16
2018,6,Monaco Grand Prix,2018-05-27,Circuit de Monaco,Kevin Magnussen,MAG,Haas F1 Team,14.600146674543504,17
2018,6,Monaco Grand Prix,2018-05-27,Circuit de Monaco,Romain Grosjean,GRO,Haas F1 Team,14.68461984132271,18
2018,6,Monaco Grand Prix,2018-05-27,Circuit de Monaco,Marcus Ericsson,ERI,Sauber,15.17593074495949,19
2018,6,Monaco Grand Prix,2018-05-27,Circuit de Monaco,Lance Stroll,STR,Williams,15.75765987064053,20
2018,7,Canadian Grand Prix,2018-06-10,Circuit Gilles Villeneuve,Sebastian Vettel,VET,Ferrari,2.7493252774516113,1
2018,7,Canadian Grand Prix,2018-06-10,Circuit Gilles Villeneuve,Lewis Hamilton,HAM,Mercedes,2.9388238012927896,2
2018,7,Canadian Grand Prix,2018-06-10,Circuit Gilles Villeneuve,Valtteri Bottas,BOT,Mercedes,3.4554534238164885,3
2018,7,Canadian Grand Prix,2018-06-10,Circuit Gilles Villeneuve,Max Verstappen,VER,Red Bull,4.5363675346116015,4
2018,7,Canadian Grand Prix,2018-06-10,Circuit Gilles Villeneuve,Kimi Räikkönen,RAI,Ferrari,5.480419065869844,5
2018,7,Canadian Grand Prix,2018-06-10,Circuit Gilles Villeneuve,Daniel Ricciardo,RIC,Red Bull,5.649660086692375,6
2018,7,Canadian Grand Prix,2018-06-10,Circuit Gilles Villeneuve,Nico Hülkenberg,HUL,Renault,8.892447675136815,7
2018,7,Canadian Grand Prix,2018-06-10,Circuit Gilles Villeneuve,Sergio Pérez,PER,Force India,9.558955575669026,8
2018,7,Canadian Grand Prix,2018-06-10,Circuit Gilles Villeneuve,Esteban Ocon,OCO,Force India,9.91083543764961,9
2018,7,Canadian Grand Prix,2018-06-10,Circuit Gilles Villeneuve,Carlos Sainz,SAI,Renault,10.576758473971374,10
2018,7,Canadian Grand Prix,2018-06-10,Circuit Gilles Villeneuve,Kevin Magnussen,MAG,Haas F1 Team,12.538241031560746,11
2018,7,Canadian Grand Prix,2018-06-10,Circuit Gilles Villeneuve,Fernando Alonso,ALO,McLaren,12.643901527457656,12
2018,7,Canadian Grand Prix,2018-06-10,Circuit Gilles Villeneuve,Brendon Hartley,HAR,Toro Rosso,13.030500764932,13
2018,7,Canadian Grand Prix,2018-06-10,Circuit Gilles Villeneuve,Stoffel Vandoorne,VAN,McLaren,13.078994387180893,14
2018,7,Canadian Grand Prix,2018-06-10,Circuit Gilles Villeneuve,Charles Leclerc,LEC,Sauber,13.208277077563755,15
2018,7,Canadian Grand Prix,2018-06-10,Circuit Gilles Villeneuve,Romain Grosjean,GRO,Haas F1 Team,13.957529382282209,16
2018,7,Canadian Grand Prix,2018-06-10,Circuit Gilles Villeneuve,Pierre Gasly,GAS,Toro Rosso,14.100963221077839,17
2018,7,Canadian Grand Prix,2018-06-10,Circuit Gilles Villeneuve,Marcus Ericsson,ERI,Sauber,14.494091732113054,18
2018,7,Canadian Grand Prix,2018-06-10,Circuit Gilles Villeneuve,Lance Stroll,STR,Williams,15.53938773380432,19
2018,7,Canadian Grand Prix,2018-06-10,Circuit Gilles Villeneuve,Sergey Sirotkin,SIR,Williams,16.32890060371309,20
2018,8,French Grand Prix,2018-06-24,Circuit Paul Ricard,Lewis Hamilton,HAM,Mercedes,2.1564327729387567,1
2018,8,French Grand Prix,2018-06-24,Circuit Paul Ricard,Valtteri Bottas,BOT,Mercedes,3.348312664382036,2
2018,8,French Grand Prix,2018-06-24,Circuit Paul Ricard,Sebastian Vettel,VET,Ferrari,3.679681209932599,3
2018,8,French Grand Prix,2018-06-24,Circuit Paul Ricard,Daniel Ricciardo,RIC,Red Bull,5.206444951169932,4
2018,8,French Grand Prix,2018-06-24,Circuit Paul Ricard,Max Verstappen,VER,Red Bull,5.30257563116608,5
2018,8,French Grand Prix,2018-06-24,Circuit Paul Ricard,Kimi Räikkönen,RAI,Ferrari,5.963351491386934,6
2018,8,French Grand Prix,2018-06-24,Circuit Paul Ricard,Carlos Sainz,SAI,Renault,8.605226084970715,7
2018,8,French Grand Prix,2018-06-24,Circuit Paul Ricard,Charles Leclerc,LEC,Sauber,10.287627751704454,8
2018,8,French Grand Prix,2018-06-24,Circuit Paul Ricard,Kevin Magnussen,MAG,Haas F1 Team,11.402436438190982,9
2018,8,French Grand Prix,2018-06-24,Circuit Paul Ricard,Esteban Ocon,OCO,Force India,11.694530424219078,10
2018,8,French Grand Prix,2018-06-24,Circuit Paul Ricard,Romain Grosjean,GRO,Haas F1 Team,11.863177188640291,11
2018,8,French Grand Prix,2018-06-24,Circuit Paul Ricard,Nico Hülkenberg,HUL,Renault,12.042459374423176,12
2018,8,French Grand Prix,2018-06-24,Circuit Paul Ricard,Sergio Pérez,PER,Force India,12.198386958471465,13
2018,8,French Grand Prix,2018-06-24,Circuit Paul Ricard,Marcus Ericsson,ERI,Sauber,12.997444567461399,14
2018,8,French Grand Prix,2018-06-24,Circuit Paul Ricard,Fernando Alonso,ALO,McLaren,13.092265786156865,15
2018,8,French Grand Prix,2018-06-24,Circuit Paul Ricard,Pierre Gasly,GAS,Toro Rosso,13.410836887688845,16
2018,8,French Grand Prix,2018-06-24,Circuit Paul Ricard,Stoffel Vandoorne,VAN,McLaren,13.616796469683512,17
2018,8,French Grand Prix,2018-06-24,Circuit Paul Ricard,Brendon Hartley,HAR,Toro Rosso,15.144830433084612,18
2018,8,French Grand Prix,2018-06-24,Circuit Paul Ricard,Lance Stroll,STR,Williams,15.34516593471345,19
2018,8,French Grand Prix,2018-06-24,Circuit Paul Ricard,Sergey Sirotkin,SIR,Williams,15.752504407976767,20
2018,9,Austrian Grand Prix,2018-07-01,Red Bull Ring,Lewis Hamilton,HAM,Mercedes,2.1208728162548525,1
2018,9,Austrian Grand Prix,2018-07-01,Red Bull Ring,Valtteri Bottas,BOT,Mercedes,3.159629249856979,2
2018,9,Austrian Grand Prix,2018-07-01,Red Bull Ring,Kimi Räikkönen,RAI,Ferrari,4.157470741641325,3
2018,9,Austrian Grand Prix,2018-07-01,Red Bull Ring,Sebastian Vettel,VET,Ferrari,4.242436510029992,4
2018,9,Austrian Grand Prix,2018-07-01,Red Bull Ring,Max Verstappen,VER,Red Bull,5.06708460725316,5
2018,9,Austrian Grand Prix,2018-07-01,Red Bull Ring,Daniel Ricciardo,RIC,Red Bull,6.14829979461304,6
2018,9,Austrian Grand Prix,2018-07-01,Red Bull Ring,Romain Grosjean,GRO,Haas F1 Team,8.881583883078212,7
2018,9,Austrian Grand Prix,2018-07-01,Red Bull Ring,Carlos Sainz,SAI,Renault,9.983734225744424,8
2018,9,Austrian Grand Prix,2018-07-01,Red Bull Ring,Kevin Magnussen,MAG,Haas F1 Team,10.395441570213961,9
2018,9,Austrian Grand Prix,2018-07-01,Red Bull Ring,Esteban Ocon,OCO,Force India,11.140224071631632,10
2018,9,Austrian Grand Prix,2018-07-01,Red Bull Ring,Nico Hülkenberg,HUL,Renault,11.477883510851258,11
2018,9,Austrian Grand Prix,2018-07-01,Red Bull Ring,Pierre Gasly,GAS,Toro Rosso,12.120267501108225,12
2018,9,Austrian Grand Prix,2018-07-01,Red Bull Ring,Sergio Pérez,PER,Force India,12.960777006522585,13
2018,9,Austrian Grand Prix,2018-07-01,Red Bull Ring,Charles Leclerc,LEC,Sauber,13.108697537980415,14
2018,9,Austrian Grand Prix,2018-07-01,Red Bull Ring,Stoffel Vandoorne,VAN,McLaren,13.816288754348056,15
2018,9,Austrian Grand Prix,2018-07-01,Red Bull Ring,Fernando Alonso,ALO,McLaren,13.885022602412162,16
2018,9,Austrian Grand Prix,2018-07-01,Red Bull Ring,Marcus Ericsson,ERI,Sauber,14.566002103168216,17
2018,9,Austrian Grand Prix,2018-07-01,Red Bull Ring,Brendon Hartley,HAR,Toro Rosso,15.317663280414529,18
2018,9,Austrian Grand Prix,2018-07-01,Red Bull Ring,Sergey Sirotkin,SIR,Williams,15.539102940330173,19
2018,9,Austrian Grand Prix,2018-07-01,Red Bull Ring,Lance Stroll,STR,Williams,15.629307106318418,20
2018,10,British Grand Prix,2018-07-08,Silverstone Circuit,Lewis Hamilton,HAM,Mercedes,1.8391337657418616,1
2018,10,British Grand Prix,2018-07-08,Silverstone Circuit,Sebastian Vettel,VET,Ferrari,2.972377987276525,2
2018,10,British Grand Prix,2018-07-08,Silverstone Circuit,Kimi Räikkönen,RAI,Ferrari,4.00717108026813,3
2018,10,British Grand Prix,2018-07-08,Silverstone Circuit,Valtteri Bottas,BOT,Mercedes,4.286487939370229,4
2018,10,British Grand Prix,2018-07-08,Silverstone Circuit,Daniel Ricciardo,RIC,Red Bull,5.595148483219967,5
2018,10,British Grand Prix,2018-07-08,Silverstone Circuit,Max Verstappen,VER,Red Bull,5.9849714208155556,6
2018,10,British Grand Prix,2018-07-08,Silverstone Circuit,Kevin Magnussen,MAG,Haas F1 Team,8.999823284307636,7
2018,10,British Grand Prix,2018-07-08,Silverstone Circuit,Romain Grosjean,GRO,Haas F1 Team,9.9174654446398,8
2018,10,British Grand Prix,2018-07-08,Silverstone Circuit,Sergio Pérez,PER,Force India,10.473234020957392,9
2018,10,British Grand Prix,2018-07-08,Silverstone Circuit,Charles Leclerc,LEC,Sauber,10.651319719650626,10
2018,10,British Grand Prix,2018-07-08,Silverstone Circuit,Esteban Ocon,OCO,Force India,10.785613442886332,11
2018,10,British Grand Prix,2018-07-08,Silverstone Circuit,Nico Hülkenberg,HUL,Renault,11.997927509664493,12
2018,10,British Grand Prix,2018-07-08,Silverstone Circuit,Fernando Alonso,ALO,McLaren,12.79618366805097,13
2018,10,British Grand Prix,2018-07-08,Silverstone Circuit,Marcus Ericsson,ERI,Sauber,13.148370814737818,14
2018,10,British Grand Prix,2018-07-08,Silverstone Circuit,Carlos Sainz,SAI,Renault,13.970702882027693,15
2018,10,British Grand Prix,2018-07-08,Silverstone Circuit,Pierre Gasly,GAS,Toro Rosso,14.21770195975198,16
2018,10,British Grand Prix,2018-07-08,Silverstone Circuit,Stoffel Vandoorne,VAN,McLaren,14.830645709011574,17
2018,10,British Grand Prix,2018-07-08,Silverstone Circuit,Lance Stroll,STR,Williams,14.976804293753691,18
2018,10,British Grand Prix,2018-07-08,Silverstone Circuit,Brendon Hartley,HAR,Toro Rosso,14.995502780464257,19
2018,10,British Grand Prix,2018-07-08,Silverstone Circuit,Sergey Sirotkin,SIR,Williams,15.643348443432226,20
2018,11,German Grand Prix,2018-07-22,Hockenheimring,Sebastian Vettel,VET,Ferrari,2.691386292673917,1
2018,11,German Grand Prix,2018-07-22,Hockenheimring,Kimi Räikkönen,RAI,Ferrari,3.637654425607745,2
2018,11,German Grand Prix,2018-07-22,Hockenheimring,Max Verstappen,VER,Red Bull,4.6297097196495605,3
2018,11,German Grand Prix,2018-07-22,Hockenheimring,Valtteri Bottas,BOT,Mercedes,4.630463180302474,4
2018,11,German Grand Prix,2018-07-22,Hockenheimring,Lewis Hamilton,HAM,Mercedes,7.414662186392774,5
2018,11,German Grand Prix,2018-07-22,Hockenheimring,Nico Hülkenberg,HUL,Renault,8.792855367461865,6
2018,11,German Grand Prix,2018-07-22,Hockenheimring,Romain Grosjean,GRO,Haas F1 Team,8.966289590623296,7
2018,11,German Grand Prix,2018-07-22,Hockenheimring,Kevin Magnussen,MAG,Haas F1 Team,9.160085435507408,8
2018,11,German Grand Prix,2018-07-22,Hockenheimring,Daniel Ricciardo,RIC,Red Bull,10.0424572850523,9
2018,11,German Grand Prix,2018-07-22,Hockenheimring,Sergio Pérez,PER,Force India,10.178744299779064,10
2018,11,German Grand Prix,2018-07-22,Hockenheimring,Carlos Sainz,SAI,Renault,10.946713926849924,11
2018,11,German Grand Prix,2018-07-22,Hockenheimring,Charles Leclerc,LEC,Sauber,11.040711399522046,12
2018,11,German Grand Prix,2018-07-22,Hockenheimring,Esteban Ocon,OCO,Force India,12.479827829508531,13
2018,11,German Grand Prix,2018-07-22,Hockenheimring,Fernando Alonso,ALO,McLaren,12.530900421917773,14
2018,11,German Grand Prix,2018-07-22,Hockenheimring,Marcus Ericsson,ERI,Sauber,12.632221068764467,15
2018,11,German Grand Prix,2018-07-22,Hockenheimring,Sergey Sirotkin,SIR,Williams,13.338120763475146,16
2018,11,German Grand Prix,2018-07-22,Hockenheimring,Pierre Gasly,GAS,Toro Rosso,14.168528479924023,17
2018,11,German Grand Prix,2018-07-22,Hockenheimring,Brendon Hartley,HAR,Toro Rosso,14.609041970096483,18
2018,11,German Grand Prix,2018-07-22,Hockenheimring,Lance Stroll,STR,Williams,15.11523824174668,19
2018,11,German Grand Prix,2018-07-22,Hockenheimring,Stoffel Vandoorne,VAN,McLaren,15.79801982312126,20
2018,12,Hungarian Grand Prix,2018-07-29,Hungaroring,Lewis Hamilton,HAM,Mercedes,2.0764959436753276,1
2018,12,Hungarian Grand Prix,2018-07-29,Hungaroring,Kimi Räikkönen,RAI,Ferrari,3.5332522715334327,2
2018,12,Hungarian Grand Prix,2018-07-29,Hungaroring,Valtteri Bottas,BOT,Mercedes,3.640158745464793,3
2018,12,Hungarian Grand Prix,2018-07-29,Hungaroring,Sebastian Vettel,VET,Ferrari,3.680526373911775,4
2018,12,Hungarian Grand Prix,2018-07-29,Hungaroring,Max Verstappen,VER,Red Bull,5.892296839723909,5
2018,12,Hungarian Grand Prix,2018-07-29,Hungaroring,Daniel Ricciardo,RIC,Red Bull,8.241460151437934,6
2018,12,Hungarian Grand Prix,2018-07-29,Hungaroring,Carlos Sainz,SAI,Renault,8.343096088976731,7
2018,12,Hungarian Grand Prix,2018-07-29,Hungaroring,Pierre Gasly,GAS,Toro Rosso,9.289560388493909,8
2018,12,Hungarian Grand Prix,2018-07-29,Hungaroring,Romain Grosjean,GRO,Haas F1 Team,10.067650135510288,9
2018,12,Hungarian Grand Prix,2018-07-29,Hungaroring,Kevin Magnussen,MAG,Haas F1 Team,10.657595185226063,10
2018,12,Hungarian Grand Prix,2018-07-29,Hungaroring,Nico Hülkenberg,HUL,Renault,11.453532567993163,11
2018,12,Hungarian Grand Prix,2018-07-29,Hungaroring,Brendon Hartley,HAR,Toro Rosso,11.49403374024769,12
2018,12,Hungarian Grand Prix,2018-07-29,Hungaroring,Fernando Alonso,ALO,McLaren,12.211279381002335,13
2018,12,Hungarian Grand Prix,2018-07-29,Hungaroring,Sergio Pérez,PER,Force India,12.768240657631669,14
2018,12,Hungarian Grand Prix,2018-07-29,Hungaroring,Esteban Ocon,OCO,Force India,13.10438952514978,15
2018,12,Hungarian Grand Prix,2018-07-29,Hungaroring,Marcus Ericsson,ERI,Sauber,14.089161473623848,16
2018,12,Hungarian Grand Prix,2018-07-29,Hungaroring,Charles Leclerc,LEC,Sauber,14.289408681978383,17
2018,12,Hungarian Grand Prix,2018-07-29,Hungaroring,Stoffel Vandoorne,VAN,McLaren,14.871083631488062,18
2018,12,Hungarian Grand Prix,2018-07-29,Hungaroring,Lance Stroll,STR,Williams,15.396751275238675,19
2018,12,Hungarian Grand Prix,2018-07-29,Hungaroring,Sergey Sirotkin,SIR,Williams,16.90104938783634,20
2018,13,Belgian Grand Prix,2018-08-26,Circuit de Spa-Francorchamps,Lewis Hamilton,HAM,Mercedes,1.7528240229752319,1
2018,13,Belgian Grand Prix,2018-08-26,Circuit de Spa-Francorchamps,Sebastian Vettel,VET,Ferrari,2.9700377965794154,2
2018,13,Belgian Grand Prix,2018-08-26,Circuit de Spa-Francorchamps,Kimi Räikkönen,RAI,Ferrari,5.060509722375664,3
2018,13,Belgian Grand Prix,2018-08-26,Circuit de Spa-Francorchamps,Sergio Pérez,PER,Force India,6.0712705563982325,4
2018,13,Belgian Grand Prix,2018-08-26,Circuit de Spa-Francorchamps,Max Verstappen,VER,Red Bull,6.640760076353511,5
2018,13,Belgian Grand Prix,2018-08-26,Circuit de Spa-Francorchamps,Esteban Ocon,OCO,Force India,7.298510995390383,6
2018,13,Belgian Grand Prix,2018-08-26,Circuit de Spa-Francorchamps,Daniel Ricciardo,RIC,Red Bull,7.571898058460907,7
2018,13,Belgian Grand Prix,2018-08-26,Circuit de Spa-Francorchamps,Valtteri Bottas,BOT,Mercedes,8.231143199267525,8
2018,13,Belgian Grand Prix,2018-08-26,Circuit de Spa-Francorchamps,Romain Grosjean,GRO,Haas F1 Team,8.651401764207739,9
2018,13,Belgian Grand Prix,2018-08-26,Circuit de Spa-Francorchamps,Kevin Magnussen,MAG,Haas F1 Team,10.556476474054536,10
2018,13,Belgian Grand Prix,2018-08-26,Circuit de Spa-Francorchamps,Pierre Gasly,GAS,Toro Rosso,11.958553073855462,11
2018,13,Belgian Grand Prix,2018-08-26,Circuit de Spa-Francorchamps,Charles Leclerc,LEC,Sauber,12.953834325929087,12
2018,13,Belgian Grand Prix,2018-08-26,Circuit de Spa-Francorchamps,Brendon Hartley,HAR,Toro Rosso,12.981868988118391,13
2018,13,Belgian Grand Prix,2018-08-26,Circuit de Spa-Francorchamps,Marcus Ericsson,ERI,Sauber,13.031908788940163,14
2018,13,Belgian Grand Prix,2018-08-26,Circuit de Spa-Francorchamps,Nico Hülkenberg,HUL,Renault,13.064758153831969,15
2018,13,Belgian Grand Prix,2018-08-26,Circuit de Spa-Francorchamps,Carlos Sainz,SAI,Renault,13.18431932223681,16
2018,13,Belgian Grand Prix,2018-08-26,Circuit de Spa-Francorchamps,Fernando Alonso,ALO,McLaren,14.101286348212806,17
2018,13,Belgian Grand Prix,2018-08-26,Circuit de Spa-Francorchamps,Stoffel Vandoorne,VAN,McLaren,15.52916769251643,18
2018,13,Belgian Grand Prix,2018-08-26,Circuit de Spa-Francorchamps,Sergey Sirotkin,SIR,Williams,15.595040924809448,19
2018,13,Belgian Grand Prix,2018-08-26,Circuit de Spa-Francorchamps,Lance Stroll,STR,Williams,15.955525235950702,20
2018,14,Italian Grand Prix,2018-09-02,Autodromo Nazionale di Monza,Lewis Hamilton,HAM,Mercedes,3.1058680910773417,1
2018,14,Italian Grand Prix,2018-09-02,Autodromo Nazionale di Monza,Sebastian Vettel,VET,Ferrari,3.2822208373363573,2
2018,14,Italian Grand Prix,2018-09-02,Autodromo Nazionale di Monza,Kimi Räikkönen,RAI,Ferrari,3.2899709998685,3
2018,14,Italian Grand Prix,2018-09-02,Autodromo Nazionale di Monza,Valtteri Bottas,BOT,Mercedes,4.470262768486408,4
2018,14,Italian Grand Prix,2018-09-02,Autodromo Nazionale di Monza,Max Verstappen,VER,Red Bull,5.826432899269664,5
2018,14,Italian Grand Prix,2018-09-02,Autodromo Nazionale di Monza,Esteban Ocon,OCO,Force India,7.773066589552415,6
2018,14,Italian Grand Prix,2018-09-02,Autodromo Nazionale di Monza,Romain Grosjean,GRO,Haas F1 Team,8.463717897918189,7
2018,14,Italian Grand Prix,2018-09-02,Autodromo Nazionale di Monza,Sergio Pérez,PER,Force India,8.78034214125049,8
2018,14,Italian Grand Prix,2018-09-02,Autodromo Nazionale di Monza,Carlos Sainz,SAI,Renault,9.55180638218977,9
2018,14,Italian Grand Prix,2018-09-02,Autodromo Nazionale di Monza,Daniel Ricciardo,RIC,Red Bull,9.67136323524602,10
2018,14,Italian Grand Prix,2018-09-02,Autodromo Nazionale di Monza,Kevin Magnussen,MAG,Haas F1 Team,10.623085833944952,11
2018,14,Italian Grand Prix,2018-09-02,Autodromo Nazionale di Monza,Pierre Gasly,GAS,Toro Rosso,10.670844738242765,12
2018,14,Italian Grand Prix,2018-09-02,Autodromo Nazionale di Monza,Lance Stroll,STR,Williams,12.789241622775263,13
2018,14,Italian Grand Prix,2018-09-02,Autodromo Nazionale di Monza,Sergey Sirotkin,SIR,Williams,13.371400585218536,14
2018,14,Italian Grand Prix,2018-09-02,Autodromo Nazionale di Monza,Fernando Alonso,ALO,McLaren,13.44329092664748,15
2018,14,Italian Grand Prix,2018-09-02,Autodromo Nazionale di Monza,Charles Leclerc,LEC,Sauber,13.587277319778932,16
2018,14,Italian Grand Prix,2018-09-02,Autodromo Nazionale di Monza,Nico Hülkenberg,HUL,Renault,13.66961697445768,17
2018,14,Italian Grand Prix,2018-09-02,Autodromo Nazionale di Monza,Brendon Hartley,HAR,Toro Rosso,14.169362172139333,18
2018,14,Italian Grand Prix,2018-09-02,Autodromo Nazionale di Monza,Stoffel Vandoorne,VAN,McLaren,15.4282078243895,19
2018,14,Italian Grand Prix,2018-09-02,Autodromo Nazionale di Monza,Marcus Ericsson,ERI,Sauber,15.628883764675782,20
2018,15,Singapore Grand Prix,2018-09-16,Marina Bay Street Circuit,Lewis Hamilton,HAM,Mercedes,1.684171087561364,1
2018,15,Singapore Grand Prix,2018-09-16,Marina Bay Street Circuit,Sebastian Vettel,VET,Ferrari,3.656186217500352,2
2018,15,Singapore Grand Prix,2018-09-16,Marina Bay Street Circuit,Max Verstappen,VER,Red Bull,4.039696902130566,3
2018,15,Singapore Grand Prix,2018-09-16,Marina Bay Street Circuit,Valtteri Bottas,BOT,Mercedes,4.453079998469372,4
2018,15,Singapore Grand Prix,2018-09-16,Marina Bay Street Circuit,Kimi Räikkönen,RAI,Ferrari,5.332352941532803,5
2018,15,Singapore Grand Prix,2018-09-16,Marina Bay Street Circuit,Daniel Ricciardo,RIC,Red Bull,6.43604815741906,6
2018,15,Singapore Grand Prix,2018-09-16,Marina Bay Street Circuit,Sergio Pérez,PER,Force India,7.826410464512443,7
2018,15,Singapore Grand Prix,2018-09-16,Marina Bay Street Circuit,Esteban Ocon,OCO,Force India,9.810661962811505,8
2018,15,Singapore Grand Prix,2018-09-16,Marina Bay Street Circuit,Romain Grosjean,GRO,Haas F1 Team,10.409612938666527,9
2018,15,Singapore Grand Prix,2018-09-16,Marina Bay Street Circuit,Nico Hülkenberg,HUL,Renault,10.990093515022169,10
2018,15,Singapore Grand Prix,2018-09-16,Marina Bay Street Circuit,Carlos Sainz,SAI,Renault,11.581860965585145,11
2018,15,Singapore Grand Prix,2018-09-16,Marina Bay Street Circuit,Fernando Alonso,ALO,McLaren,11.960448638723342,12
2018,15,Singapore Grand Prix,2018-09-16,Marina Bay Street Circuit,Charles Leclerc,LEC,Sauber,13.74104959185914,13
2018,15,Singapore Grand Prix,2018-09-16,Marina Bay Street Circuit,Pierre Gasly,GAS,Toro Rosso,13.804264412477675,14
2018,15,Singapore Grand Prix,2018-09-16,Marina Bay Street Circuit,Marcus Ericsson,ERI,Sauber,14.274989997486946,15
2018,15,Singapore Grand Prix,2018-09-16,Marina Bay Street Circuit,Kevin Magnussen,MAG,Haas F1 Team,14.320077942987494,16
2018,15,Singapore Grand Prix,2018-09-16,Marina Bay Street Circuit,Stoffel Vandoorne,VAN,McLaren,14.736335156461962,17
2018,15,Singapore Grand Prix,2018-09-16,Marina Bay Street Circuit,Brendon Hartley,HAR,Toro Rosso,14.928731458927372,18
2018,15,Singapore Grand Prix,2018-09-16,Marina Bay Street Circuit,Lance Stroll,STR,Williams,15.59745323551863,19
2018,15,Singapore Grand Prix,2018-09-16,Marina Bay Street Circuit,Sergey Sirotkin,SIR,Williams,15.977829427953788,20
2018,16,Russian Grand Prix,2018-09-30,Sochi Autodrom,Lewis Hamilton,HAM,Mercedes,2.1141042110799986,1
2018,16,Russian Grand Prix,2018-09-30,Sochi Autodrom,Valtteri Bottas,BOT,Mercedes,2.8996265855641523,2
2018,16,Russian Grand Prix,2018-09-30,Sochi Autodrom,Sebastian Vettel,VET,Ferrari,3.5094375598318206,3
2018,16,Russian Grand Prix,2018-09-30,Sochi Autodrom,Kimi Räikkönen,RAI,Ferrari,4.3947776522089335,4
2018,16,Russian Grand Prix,2018-09-30,Sochi Autodrom,Esteban Ocon,OCO,Force India,7.527751922487119,5
2018,16,Russian Grand Prix,2018-09-30,Sochi Autodrom,Max Verstappen,VER,Red Bull,8.355165800344569,6
2018,16,Russian Grand Prix,2018-09-30,Sochi Autodrom,Sergio Pérez,PER,Force India,8.76267877368151,7
2018,16,Russian Grand Prix,2018-09-30,Sochi Autodrom,Daniel Ricciardo,RIC,Red Bull,9.084308610232329,8
2018,16,Russian Grand Prix,2018-09-30,Sochi Autodrom,Kevin Magnussen,MAG,Haas F1 Team,9.350219134330848,9
2018,16,Russian Grand Prix,2018-09-30,Sochi Autodrom,Charles Leclerc,LEC,Sauber,9.668339518264032,10
2018,16,Russian Grand Prix,2018-09-30,Sochi Autodrom,Romain Grosjean,GRO,Haas F1 Team,11.472155362975709,11
2018,16,Russian Grand Prix,2018-09-30,Sochi Autodrom,Marcus Ericsson,ERI,Sauber,11.848276501170682,12
2018,16,Russian Grand Prix,2018-09-30,Sochi Autodrom,Carlos Sainz,SAI,Renault,12.671001933697308,13
2018,16,Russian Grand Prix,2018-09-30,Sochi Autodrom,Nico Hülkenberg,HUL,Renault,13.055712845812108,14
2018,16,Russian Grand Prix,2018-09-30,Sochi Autodrom,Pierre Gasly,GAS,Toro Rosso,13.173366917552896,15
2018,16,Russian Grand Prix,2018-09-30,Sochi Autodrom,Fernando Alonso,ALO,McLaren,14.506039057518011,16
2018,16,Russian Grand Prix,2018-09-30,Sochi Autodrom,Stoffel Vandoorne,VAN,McLaren,14.72529209683839,17
2018,16,Russian Grand Prix,2018-09-30,Sochi Autodrom,Brendon Hartley,HAR,Toro Rosso,14.774683434999405,18
2018,16,Russian Grand Prix,2018-09-30,Sochi Autodrom,Sergey Sirotkin,SIR,Williams,15.395794096098355,19
2018,16,Russian Grand Prix,2018-09-30,Sochi Autodrom,Lance Stroll,STR,Williams,16.122403275781583,20
2018,17,Japanese Grand Prix,2018-10-07,Suzuka Circuit,Lewis Hamilton,HAM,Mercedes,1.75550232801248,1
2018,17,Japanese Grand Prix,2018-10-07,Suzuka Circuit,Valtteri Bottas,BOT,Mercedes,3.2254762946991664,2
2018,17,Japanese Grand Prix,2018-10-07,Suzuka Circuit,Max Verstappen,VER,Red Bull,4.138343429035962,3
2018,17,Japanese Grand Prix,2018-10-07,Suzuka Circuit,Kimi Räikkönen,RAI,Ferrari,4.300795636441508,4
2018,17,Japanese Grand Prix,2018-10-07,Suzuka Circuit,Sebastian Vettel,VET,Ferrari,6.734633534415251,5
2018,17,Japanese Grand Prix,2018-10-07,Suzuka Circuit,Daniel Ricciardo,RIC,Red Bull,8.839536197147824,6
2018,17,Japanese Grand Prix,2018-10-07,Suzuka Circuit,Sergio Pérez,PER,Force India,9.186852169975149,7
2018,17,Japanese Grand Prix,2018-10-07,Suzuka Circuit,Romain Grosjean,GRO,Haas F1 Team,9.404286051023888,8
2018,17,Japanese Grand Prix,2018-10-07,Suzuka Circuit,Brendon Hartley,HAR,Toro Rosso,9.599941105429867,9
2018,17,Japanese Grand Prix,2018-10-07,Suzuka Circuit,Pierre Gasly,GAS,Toro Rosso,9.842422032417371,10
2018,17,Japanese Grand Prix,2018-10-07,Suzuka Circuit,Esteban Ocon,OCO,Force India,9.863470116645447,11
2018,17,Japanese Grand Prix,2018-10-07,Suzuka Circuit,Charles Leclerc,LEC,Sauber,11.490581859828774,12
2018,17,Japanese Grand Prix,2018-10-07,Suzuka Circuit,Kevin Magnussen,MAG,Haas F1 Team,12.597085742419699,13
2018,17,Japanese Grand Prix,2018-10-07,Suzuka Circuit,Carlos Sainz,SAI,Renault,12.762247125891003,14
2018,17,Japanese Grand Prix,2018-10-07,Suzuka Circuit,Marcus Ericsson,ERI,Sauber,14.10178380725707,15
2018,17,Japanese Grand Prix,2018-10-07,Suzuka Circuit,Nico Hülkenberg,HUL,Renault,14.137238998394857,16
2018,17,Japanese Grand Prix,2018-10-07,Suzuka Circuit,Lance Stroll,STR,Williams,14.438177075128756,17
2018,17,Japanese Grand Prix,2018-10-07,Suzuka Circuit,Fernando Alonso,ALO,McLaren,14.822055749110733,18
2018,17,Japanese Grand Prix,2018-10-07,Suzuka Circuit,Sergey Sirotkin,SIR,Williams,15.171100229625045,19
2018,17,Japanese Grand Prix,2018-10-07,Suzuka Circuit,Stoffel Vandoorne,VAN,McLaren,15.720923859592569,20
2018,18,United States Grand Prix,2018-10-21,Circuit of the Americas,Lewis Hamilton,HAM,Mercedes,1.782993289768454,1
2018,18,United States Grand Prix,2018-10-21,Circuit of the Americas,Kimi Räikkönen,RAI,Ferrari,3.796468644605275,2
2018,18,United States Grand Prix,2018-10-21,Circuit of the Americas,Valtteri Bottas,BOT,Mercedes,3.8128621889930208,3
2018,18,United States Grand Prix,2018-10-21,Circuit of the Americas,Sebastian Vettel,VET,Ferrari,4.374277433104714,4
2018,18,United States Grand Prix,2018-10-21,Circuit of the Americas,Daniel Ricciardo,RIC,Red Bull,5.328822694804427,5
2018,18,United States Grand Prix,2018-10-21,Circuit of the Americas,Esteban Ocon,OCO,Force India,7.989101068657857,6
2018,18,United States Grand Prix,2018-10-21,Circuit of the Americas,Max Verstappen,VER,Red Bull,8.088105432877262,7
2018,18,United States Grand Prix,2018-10-21,Circuit of the Americas,Sergio Pérez,PER,Force India,9.440625826752159,8
2018,18,United States Grand Prix,2018-10-21,Circuit of the Americas,Nico Hülkenberg,HUL,Renault,9.976594466593234,9
2018,18,United States Grand Prix,2018-10-21,Circuit of the Americas,Charles Leclerc,LEC,Sauber,10.556401236286687,10
2018,18,United States Grand Prix,2018-10-21,Circuit of the Americas,Romain Grosjean,GRO,Haas F1 Team,10.60198767535344,11
2018,18,United States Grand Prix,2018-10-21,Circuit of the Americas,Carlos Sainz,SAI,Renault,11.282025660449467,12
2018,18,United States Grand Prix,2018-10-21,Circuit of the Americas,Kevin Magnussen,MAG,Haas F1 Team,12.928908405702932,13
2018,18,United States Grand Prix,2018-10-21,Circuit of the Americas,Fernando Alonso,ALO,McLaren,13.39400808868496,14
2018,18,United States Grand Prix,2018-10-21,Circuit of the Americas,Marcus Ericsson,ERI,Sauber,13.69945136627182,15
2018,18,United States Grand Prix,2018-10-21,Circuit of the Americas,Pierre Gasly,GAS,Toro Rosso,13.786849521315844,16
2018,18,United States Grand Prix,2018-10-21,Circuit of the Americas,Lance Stroll,STR,Williams,14.325294135858197,17
2018,18,United States Grand Prix,2018-10-21,Circuit of the Americas,Stoffel Vandoorne,VAN,McLaren,14.41648927685515,18
2018,18,United States Grand Prix,2018-10-21,Circuit of the Americas,Sergey Sirotkin,SIR,Williams,14.453942624646663,19
2018,18,United States Grand Prix,2018-10-21,Circuit of the Americas,Brendon Hartley,HAR,Toro Rosso,14.605030269779943,20
2018,19,Mexican Grand Prix,2018-10-28,Autódromo Hermanos Rodríguez,Lewis Hamilton,HAM,Mercedes,2.75745460480598,1
2018,19,Mexican Grand Prix,2018-10-28,Autódromo Hermanos Rodríguez,Max Verstappen,VER,Red Bull,2.9931026421222966,2
2018,19,Mexican Grand Prix,2018-10-28,Autódromo Hermanos Rodríguez,Daniel Ricciardo,RIC,Red Bull,3.7341576723773433,3
2018,19,Mexican Grand Prix,2018-10-28,Autódromo Hermanos Rodríguez,Sebastian Vettel,VET,Ferrari,4.072894151104284,4
2018,19,Mexican Grand Prix,2018-10-28,Autódromo Hermanos Rodríguez,Kimi Räikkönen,RAI,Ferrari,5.505961225380032,5
2018,19,Mexican Grand Prix,2018-10-28,Autódromo Hermanos Rodríguez,Valtteri Bottas,BOT,Mercedes,6.000198263610333,6
2018,19,Mexican Grand Prix,2018-10-28,Autódromo Hermanos Rodríguez,Nico Hülkenberg,HUL,Renault,8.844279520326408,7
2018,19,Mexican Grand Prix,2018-10-28,Autódromo Hermanos Rodríguez,Carlos Sainz,SAI,Renault,9.40580079503789,8
2018,19,Mexican Grand Prix,2018-10-28,Autódromo Hermanos Rodríguez,Charles Leclerc,LEC,Sauber,10.56077664487609,9
2018,19,Mexican Grand Prix,2018-10-28,Autódromo Hermanos Rodríguez,Sergio Pérez,PER,Force India,11.333920084232052,10
2018,19,Mexican Grand Prix,2018-10-28,Autódromo Hermanos Rodríguez,Esteban Ocon,OCO,Force India,11.50171828991332,11
2018,19,Mexican Grand Prix,2018-10-28,Autódromo Hermanos Rodríguez,Marcus Ericsson,ERI,Sauber,11.793019029711212,12
2018,19,Mexican Grand Prix,2018-10-28,Autódromo Hermanos Rodríguez,Fernando Alonso,ALO,McLaren,13.646479806904873,13
2018,19,Mexican Grand Prix,2018-10-28,Autódromo Hermanos Rodríguez,Brendon Hartley,HAR,Toro Rosso,13.93926725675161,14
2018,19,Mexican Grand Prix,2018-10-28,Autódromo Hermanos Rodríguez,Stoffel Vandoorne,VAN,McLaren,13.982358836803938,15
2018,19,Mexican Grand Prix,2018-10-28,Autódromo Hermanos Rodríguez,Pierre Gasly,GAS,Toro Rosso,14.554950264056338,16
2018,19,Mexican Grand Prix,2018-10-28,Autódromo Hermanos Rodríguez,Romain Grosjean,GRO,Haas F1 Team,14.911631788308624,17
2018,19,Mexican Grand Prix,2018-10-28,Autódromo Hermanos Rodríguez,Lance Stroll,STR,Williams,15.23930134091606,18
2018,19,Mexican Grand Prix,2018-10-28,Autódromo Hermanos Rodríguez,Sergey Sirotkin,SIR,Williams,15.90491589621514,19
2018,19,Mexican Grand Prix,2018-10-28,Autódromo Hermanos Rodríguez,Kevin Magnussen,MAG,Haas F1 Team,16.529428563515207,20
2018,20,Brazilian Grand Prix,2018-11-11,Autódromo José Carlos Pace,Lewis Hamilton,HAM,Mercedes,1.8173866582514933,1
2018,20,Brazilian Grand Prix,2018-11-11,Autódromo José Carlos Pace,Sebastian Vettel,VET,Ferrari,2.943245830970014,2
2018,20,Brazilian Grand Prix,2018-11-11,Autódromo José Carlos Pace,Valtteri Bottas,BOT,Mercedes,3.5822985281064392,3
2018,20,Brazilian Grand Prix,2018-11-11,Autódromo José Carlos Pace,Kimi Räikkönen,RAI,Ferrari,3.8971226533217167,4
2018,20,Brazilian Grand Prix,2018-11-11,Autódromo José Carlos Pace,Max Verstappen,VER,Red Bull,4.955720564433211,5
2018,20,Brazilian Grand Prix,2018-11-11,Autódromo José Carlos Pace,Daniel Ricciardo,RIC,Red Bull,6.86585326294392,6
2018,20,Brazilian Grand Prix,2018-11-11,Autódromo José Carlos Pace,Marcus Ericsson,ERI,Sauber,9.730054527763748,7
2018,20,Brazilian Grand Prix,2018-11-11,Autódromo José Carlos Pace,Charles Leclerc,LEC,Sauber,10.13947910013957,8
2018,20,Brazilian Grand Prix,2018-11-11,Autódromo José Carlos Pace,Sergio Pérez,PER,Force India,11.22824860667851,9
2018,20,Brazilian Grand Prix,2018-11-11,Autódromo José Carlos Pace,Pierre Gasly,GAS,Toro Rosso,11.325031891929296,10
2018,20,Brazilian Grand Prix,2018-11-11,Autódromo José Carlos Pace,Romain Grosjean,GRO,Haas F1 Team,11.483075745058798,11
2018,20,Brazilian Grand Prix,2018-11-11,Autódromo José Carlos Pace,Kevin Magnussen,MAG,Haas F1 Team,12.459470780694478,12
2018,20,Brazilian Grand Prix,2018-11-11,Autódromo José Carlos Pace,Esteban Ocon,OCO,Force India,12.761399294898156,13
2018,20,Brazilian Grand Prix,2018-11-11,Autódromo José Carlos Pace,Carlos Sainz,SAI,Renault,13.327856113173832,14
2018,20,Brazilian Grand Prix,2018-11-11,Autódromo José Carlos Pace,Nico Hülkenberg,HUL,Renault,13.511470479123474,15
2018,20,Brazilian Grand Prix,2018-11-11,Autódromo José Carlos Pace,Sergey Sirotkin,SIR,Williams,14.585407295594715,16
2018,20,Brazilian Grand Prix,2018-11-11,Autódromo José Carlos Pace,Fernando Alonso,ALO,McLaren,14.68512219211512,17
2018,20,Brazilian Grand Prix,2018-11-11,Autódromo José Carlos Pace,Stoffel Vandoorne,VAN,McLaren,15.053683179591568,18
2018,20,Brazilian Grand Prix,2018-11-11,Autódromo José Carlos Pace,Lance Stroll,STR,Williams,15.269306804363172,19
2018,20,Brazilian Grand Prix,2018-11-11,Autódromo José Carlos Pace,Brendon Hartley,HAR,Toro Rosso,15.413382861622482,20
2018,21,Abu Dhabi Grand Prix,2018-11-25,Yas Marina Circuit,Lewis Hamilton,HAM,Mercedes,1.792273480790562,1
2018,21,Abu Dhabi Grand Prix,2018-11-25,Yas Marina Circuit,Valtteri Bottas,BOT,Mercedes,3.3514900520716777,2
2018,21,Abu Dhabi Grand Prix,2018-11-25,Yas Marina Circuit,Kimi Räikkönen,RAI,Ferrari,3.9034156500065245,3
2018,21,Abu Dhabi Grand Prix,2018-11-25,Yas Marina Circuit,Sebastian Vettel,VET,Ferrari,4.24998155124824,4
2018,21,Abu Dhabi Grand Prix,2018-11-25,Yas Marina Circuit,Max Verstappen,VER,Red Bull,4.924376223831328,5
2018,21,Abu Dhabi Grand Prix,2018-11-25,Yas Marina Circuit,Daniel Ricciardo,RIC,Red Bull,5.640392503599879,6
2018,21,Abu Dhabi Grand Prix,2018-11-25,Yas Marina Circuit,Romain Grosjean,GRO,Haas F1 Team,9.566214381706773,7
2018,21,Abu Dhabi Grand Prix,2018-11-25,Yas Marina Circuit,Esteban Ocon,OCO,Force India,10.5921891640692,8
2018,21,Abu Dhabi Grand Prix,2018-11-25,Yas Marina Circuit,Charles Leclerc,LEC,Sauber,10.772170251437906,9
2018,21,Abu Dhabi Grand Prix,2018-11-25,Yas Marina Circuit,Nico Hülkenberg,HUL,Renault,10.83573543141896,10
2018,21,Abu Dhabi Grand Prix,2018-11-25,Yas Marina Circuit,Carlos Sainz,SAI,Renault,11.718074519305453,11
2018,21,Abu Dhabi Grand Prix,2018-11-25,Yas Marina Circuit,Sergio Pérez,PER,Force India,12.106895946538462,12
2018,21,Abu Dhabi Grand Prix,2018-11-25,Yas Marina Circuit,Marcus Ericsson,ERI,Sauber,12.843013325965304,13
2018,21,Abu Dhabi Grand Prix,2018-11-25,Yas Marina Circuit,Kevin Magnussen,MAG,Haas F1 Team,13.043023678493762,14
2018,21,Abu Dhabi Grand Prix,2018-11-25,Yas Marina Circuit,Pierre Gasly,GAS,Toro Rosso,14.040789615495653,15
2018,21,Abu Dhabi Grand Prix,2018-11-25,Yas Marina Circuit,Brendon Hartley,HAR,Toro Rosso,14.274118174168342,16
2018,21,Abu Dhabi Grand Prix,2018-11-25,Yas Marina Circuit,Fernando Alonso,ALO,McLaren,14.620932755576323,17
2018,21,Abu Dhabi Grand Prix,2018-11-25,Yas Marina Circuit,Stoffel Vandoorne,VAN,McLaren,15.256542340112189,18
2018,21,Abu Dhabi Grand Prix,2018-11-25,Yas Marina Circuit,Lance Stroll,STR,Williams,16.158936152917526,19
2018,21,Abu Dhabi Grand Prix,2018-11-25,Yas Marina Circuit,Sergey Sirotkin,SIR,Williams,16.34498183895156,20
2019,1,Australian Grand Prix,2019-03-17,Albert Park Grand Prix Circuit,Lewis Hamilton,HAM,Mercedes,1.6048854968005655,1
2019,1,Australian Grand Prix,2019-03-17,Albert Park Grand Prix Circuit,Valtteri Bottas,BOT,Mercedes,3.4438312539880065,2
2019,1,Australian Grand Prix,2019-03-17,Albert Park Grand Prix Circuit,Sebastian Vettel,VET,Ferrari,3.783645144311662,3
2019,1,Australian Grand Prix,2019-03-17,Albert Park Grand Prix Circuit,Max Verstappen,VER,Red Bull,3.873268132157121,4
2019,1,Australian Grand Prix,2019-03-17,Albert Park Grand Prix Circuit,Charles Leclerc,LEC,Ferrari,6.714300851574824,5
2019,1,Australian Grand Prix,2019-03-17,Albert Park Grand Prix Circuit,Romain Grosjean,GRO,Haas F1 Team,9.698506999620399,6
2019,1,Australian Grand Prix,2019-03-17,Albert Park Grand Prix Circuit,Kevin Magnussen,MAG,Haas F1 Team,9.851968429187751,7
2019,1,Australian Grand Prix,2019-03-17,Albert Park Grand Prix Circuit,Kimi Räikkönen,RAI,Alfa Romeo,9.886235578721669,8
2019,1,Australian Grand Prix,2019-03-17,Albert Park Grand Prix Circuit,Sergio Pérez,PER,Racing Point,10.764339703372919,9
2019,1,Australian Grand Prix,2019-03-17,Albert Park Grand Prix Circuit,Pierre Gasly,GAS,Red Bull,10.843551866861928,10
2019,1,Australian Grand Prix,2019-03-17,Albert Park Grand Prix Circuit,Lando Norris,NOR,McLaren,10.984597199341827,11
2019,1,Australian Grand Prix,2019-03-17,Albert Park Grand Prix Circuit,Daniel Ricciardo,RIC,Renault,11.013309548615041,12
2019,1,Australian Grand Prix,2019-03-17,Albert Park Grand Prix Circuit,Nico Hülkenberg,HUL,Renault,11.317476915505337,13
2019,1,Australian Grand Prix,2019-03-17,Albert Park Grand Prix Circuit,Daniil Kvyat,KVY,Toro Rosso,12.943209269448811,14
2019,1,Australian Grand Prix,2019-03-17,Albert Park Grand Prix Circuit,Alexander Albon,ALB,Toro Rosso,13.214847449531634,15
2019,1,Australian Grand Prix,2019-03-17,Albert Park Grand Prix Circuit,Antonio Giovinazzi,GIO,Alfa Romeo,13.701173308511382,16
2019,1,Australian Grand Prix,2019-03-17,Albert Park Grand Prix Circuit,Lance Stroll,STR,Racing Point,14.269259881582574,17
2019,1,Australian Grand Prix,2019-03-17,Albert Park Grand Prix Circuit,Carlos Sainz,SAI,McLaren,14.438168779855715,18
2019,1,Australian Grand Prix,2019-03-17,Albert Park Grand Prix Circuit,George Russell,RUS,Williams,15.707440920896017,19
2019,1,Australian Grand Prix,2019-03-17,Albert Park Grand Prix Circuit,Robert Kubica,KUB,Williams,16.074090198002345,20
2019,2,Bahrain Grand Prix,2019-03-31,Bahrain International Circuit,Lewis Hamilton,HAM,Mercedes,2.6793555735788193,1
2019,2,Bahrain Grand Prix,2019-03-31,Bahrain International Circuit,Sebastian Vettel,VET,Ferrari,2.9291251275083283,2
2019,2,Bahrain Grand Prix,2019-03-31,Bahrain International Circuit,Charles Leclerc,LEC,Ferrari,3.541897517068167,3
2019,2,Bahrain Grand Prix,2019-03-31,Bahrain International Circuit,Valtteri Bottas,BOT,Mercedes,3.9641416889763037,4
2019,2,Bahrain Grand Prix,2019-03-31,Bahrain International Circuit,Max Verstappen,VER,Red Bull,5.349099566747747,5
2019,2,Bahrain Grand Prix,2019-03-31,Bahrain International Circuit,Carlos Sainz,SAI,McLaren,9.605382143664613,6
2019,2,Bahrain Grand Prix,2019-03-31,Bahrain International Circuit,Kevin Magnussen,MAG,Haas F1 Team,9.731428913015476,7
2019,2,Bahrain Grand Prix,2019-03-31,Bahrain International Circuit,Kimi Räikkönen,RAI,Alfa Romeo,10.231034788889682,8
2019,2,Bahrain Grand Prix,2019-03-31,Bahrain International Circuit,Lando Norris,NOR,McLaren,11.04022777031893,9
2019,2,Bahrain Grand Prix,2019-03-31,Bahrain International Circuit,Daniel Ricciardo,RIC,Renault,11.047795873230855,10
2019,2,Bahrain Grand Prix,2019-03-31,Bahrain International Circuit,Pierre Gasly,GAS,Red Bull,11.272828468678089,11
2019,2,Bahrain Grand Prix,2019-03-31,Bahrain International Circuit,Romain Grosjean,GRO,Haas F1 Team,11.430693920160271,12
2019,2,Bahrain Grand Prix,2019-03-31,Bahrain International Circuit,Nico Hülkenberg,HUL,Renault,11.607911133093792,13
2019,2,Bahrain Grand Prix,2019-03-31,Bahrain International Circuit,Sergio Pérez,PER,Racing Point,12.59878876128392,14
2019,2,Bahrain Grand Prix,2019-03-31,Bahrain International Circuit,Alexander Albon,ALB,Toro Rosso,12.79450587300048,15
2019,2,Bahrain Grand Prix,2019-03-31,Bahrain International Circuit,Daniil Kvyat,KVY,Toro Rosso,13.157882130434203,16
2019,2,Bahrain Grand Prix,2019-03-31,Bahrain International Circuit,Lance Stroll,STR,Racing Point,14.50416339041654,17
2019,2,Bahrain Grand Prix,2019-03-31,Bahrain International Circuit,Antonio Giovinazzi,GIO,Alfa Romeo,14.730506952016082,18
2019,2,Bahrain Grand Prix,2019-03-31,Bahrain International Circuit,George Russell,RUS,Williams,16.064499917378875,19
2019,2,Bahrain Grand Prix,2019-03-31,Bahrain International Circuit,Robert Kubica,KUB,Williams,16.60744097537545,20
2019,3,Chinese Grand Prix,2019-04-14,Shanghai International Circuit,Lewis Hamilton,HAM,Mercedes,2.157357070848195,1
2019,3,Chinese Grand Prix,2019-04-14,Shanghai International Circuit,Valtteri Bottas,BOT,Mercedes,2.6299297680934455,2
2019,3,Chinese Grand Prix,2019-04-14,Shanghai International Circuit,Sebastian Vettel,VET,Ferrari,3.6330845182242326,3
2019,3,Chinese Grand Prix,2019-04-14,Shanghai International Circuit,Charles Leclerc,LEC,Ferrari,4.593053425612481,4
2019,3,Chinese Grand Prix,2019-04-14,Shanghai International Circuit,Max Verstappen,VER,Red Bull,4.95921438629379,5
2019,3,Chinese Grand Prix,2019-04-14,Shanghai International Circuit,Pierre Gasly,GAS,Red Bull,7.70582755098891,6
2019,3,Chinese Grand Prix,2019-04-14,Shanghai International Circuit,Daniel Ricciardo,RIC,Renault,8.902915837792753,7
2019,3,Chinese Grand Prix,2019-04-14,Shanghai International Circuit,Nico Hülkenberg,HUL,Renault,10.389078186536532,8
2019,3,Chinese Grand Prix,2019-04-14,Shanghai International Circuit,Kimi Räikkönen,RAI,Alfa Romeo,11.356902683897129,9
2019,3,Chinese Grand Prix,2019-04-14,Shanghai International Circuit,Sergio Pérez,PER,Racing Point,11.494015893943065,10
2019,3,Chinese Grand Prix,2019-04-14,Shanghai International Circuit,Alexander Albon,ALB,Toro Rosso,11.56698789071175,11
2019,3,Chinese Grand Prix,2019-04-14,Shanghai International Circuit,Kevin Magnussen,MAG,Haas F1 Team,11.744197003283793,12
2019,3,Chinese Grand Prix,2019-04-14,Shanghai International Circuit,Daniil Kvyat,KVY,Toro Rosso,11.929841443879244,13
2019,3,Chinese Grand Prix,2019-04-14,Shanghai International Circuit,Romain Grosjean,GRO,Haas F1 Team,12.371746214762117,14
2019,3,Chinese Grand Prix,2019-04-14,Shanghai International Circuit,Lando Norris,NOR,McLaren,12.854992813797987,15
2019,3,Chinese Grand Prix,2019-04-14,Shanghai International Circuit,Carlos Sainz,SAI,McLaren,13.257475021380973,16
2019,3,Chinese Grand Prix,2019-04-14,Shanghai International Circuit,Lance Stroll,STR,Racing Point,13.83249413051774,17
2019,3,Chinese Grand Prix,2019-04-14,Shanghai International Circuit,Antonio Giovinazzi,GIO,Alfa Romeo,15.867162874656536,18
2019,3,Chinese Grand Prix,2019-04-14,Shanghai International Circuit,Robert Kubica,KUB,Williams,16.041429763646363,19
2019,3,Chinese Grand Prix,2019-04-14,Shanghai International Circuit,George Russell,RUS,Williams,16.15838893188738,20
2019,4,Azerbaijan Grand Prix,2019-04-28,Baku City Circuit,Lewis Hamilton,HAM,Mercedes,2.5685592139352384,1
2019,4,Azerbaijan Grand Prix,2019-04-28,Baku City Circuit,Valtteri Bottas,BOT,Mercedes,3.1775713438617954,2
2019,4,Azerbaijan Grand Prix,2019-04-28,Baku City Circuit,Sebastian Vettel,VET,Ferrari,3.7669267143073637,3
2019,4,Azerbaijan Grand Prix,2019-04-28,Baku City Circuit,Max Verstappen,VER,Red Bull,4.136866502278529,4
2019,4,Azerbaijan Grand Prix,2019-04-28,Baku City Circuit,Charles Leclerc,LEC,Ferrari,7.046863999983662,5
2019,4,Azerbaijan Grand Prix,2019-04-28,Baku City Circuit,Sergio Pérez,PER,Racing Point,8.079577106576444,6
2019,4,Azerbaijan Grand Prix,2019-04-28,Baku City Circuit,Daniil Kvyat,KVY,Toro Rosso,9.142754145746773,7
2019,4,Azerbaijan Grand Prix,2019-04-28,Baku City Circuit,Lando Norris,NOR,McLaren,9.505662086109888,8
2019,4,Azerbaijan Grand Prix,2019-04-28,Baku City Circuit,Carlos Sainz,SAI,McLaren,11.077491782061436,9
2019,4,Azerbaijan Grand Prix,2019-04-28,Baku City Circuit,Daniel Ricciardo,RIC,Renault,11.388698189199134,10
2019,4,Azerbaijan Grand Prix,2019-04-28,Baku City Circuit,Kevin Magnussen,MAG,Haas F1 Team,11.597229991002008,11
2019,4,Azerbaijan Grand Prix,2019-04-28,Baku City Circuit,Alexander Albon,ALB,Toro Rosso,11.602472481960692,12
2019,4,Azerbaijan Grand Prix,2019-04-28,Baku City Circuit,Pierre Gasly,GAS,Red Bull,12.303795272357384,13
2019,4,Azerbaijan Grand Prix,2019-04-28,Baku City Circuit,Antonio Giovinazzi,GIO,Alfa Romeo,12.33626858220788,14
2019,4,Azerbaijan Grand Prix,2019-04-28,Baku City Circuit,Kimi Räikkönen,RAI,Alfa Romeo,12.490975153333968,15
2019,4,Azerbaijan Grand Prix,2019-04-28,Baku City Circuit,Romain Grosjean,GRO,Haas F1 Team,13.202024540442281,16
2019,4,Azerbaijan Grand Prix,2019-04-28,Baku City Circuit,Lance Stroll,STR,Racing Point,13.746308878905465,17
2019,4,Azerbaijan Grand Prix,2019-04-28,Baku City Circuit,Nico Hülkenberg,HUL,Renault,14.526853395638096,18
2019,4,Azerbaijan Grand Prix,2019-04-28,Baku City Circuit,Robert Kubica,KUB,Williams,15.308959187676699,19
2019,4,Azerbaijan Grand Prix,2019-04-28,Baku City Circuit,George Russell,RUS,Williams,15.341657969690937,20
2019,5,Spanish Grand Prix,2019-05-12,Circuit de Barcelona-Catalunya,Lewis Hamilton,HAM,Mercedes,1.9376357806216733,1
2019,5,Spanish Grand Prix,2019-05-12,Circuit de Barcelona-Catalunya,Valtteri Bottas,BOT,Mercedes,2.6112982976226276,2
2019,5,Spanish Grand Prix,2019-05-12,Circuit de Barcelona-Catalunya,Sebastian Vettel,VET,Ferrari,3.48264559422242,3
2019,5,Spanish Grand Prix,2019-05-12,Circuit de Barcelona-Catalunya,Max Verstappen,VER,Red Bull,4.632286058156743,4
2019,5,Spanish Grand Prix,2019-05-12,Circuit de Barcelona-Catalunya,Charles Leclerc,LEC,Ferrari,5.412306627291436,5
2019,5,Spanish Grand Prix,2019-05-12,Circuit de Barcelona-Catalunya,Pierre Gasly,GAS,Red Bull,8.130866221452113,6
2019,5,Spanish Grand Prix,2019-05-12,Circuit de Barcelona-Catalunya,Romain Grosjean,GRO,Haas F1 Team,9.751576581776481,7
2019,5,Spanish Grand Prix,2019-05-12,Circuit de Barcelona-Catalunya,Kevin Magnussen,MAG,Haas F1 Team,10.163252121430792,8
2019,5,Spanish Grand Prix,2019-05-12,Circuit de Barcelona-Catalunya,Daniil Kvyat,KVY,Toro Rosso,11.2659614125013,9
2019,5,Spanish Grand Prix,2019-05-12,Circuit de Barcelona-Catalunya,Lando Norris,NOR,McLaren,11.773594316323983,10
2019,5,Spanish Grand Prix,2019-05-12,Circuit de Barcelona-Catalunya,Alexander Albon,ALB,Toro Rosso,12.050535564291385,11
2019,5,Spanish Grand Prix,2019-05-12,Circuit de Barcelona-Catalunya,Carlos Sainz,SAI,McLaren,12.057839228012318,12
2019,5,Spanish Grand Prix,2019-05-12,Circuit de Barcelona-Catalunya,Daniel Ricciardo,RIC,Renault,12.709719153679844,13
2019,5,Spanish Grand Prix,2019-05-12,Circuit de Barcelona-Catalunya,Sergio Pérez,PER,Racing Point,12.878784459974003,14
2019,5,Spanish Grand Prix,2019-05-12,Circuit de Barcelona-Catalunya,Kimi Räikkönen,RAI,Alfa Romeo,13.116462319566558,15
2019,5,Spanish Grand Prix,2019-05-12,Circuit de Barcelona-Catalunya,Nico Hülkenberg,HUL,Renault,13.889450092935395,16
2019,5,Spanish Grand Prix,2019-05-12,Circuit de Barcelona-Catalunya,Lance Stroll,STR,Racing Point,14.262633650664243,17
2019,5,Spanish Grand Prix,2019-05-12,Circuit de Barcelona-Catalunya,Antonio Giovinazzi,GIO,Alfa Romeo,14.628748823247737,18
2019,5,Spanish Grand Prix,2019-05-12,Circuit de Barcelona-Catalunya,George Russell,RUS,Williams,16.47655732713957,19
2019,5,Spanish Grand Prix,2019-05-12,Circuit de Barcelona-Catalunya,Robert Kubica,KUB,Williams,16.946570758067562,20
2019,6,Monaco Grand Prix,2019-05-26,Circuit de Monaco,Lewis Hamilton,HAM,Mercedes,1.7987551877806753,1
2019,6,Monaco Grand Prix,2019-05-26,Circuit de Monaco,Valtteri Bottas,BOT,Mercedes,2.9212866156490467,2
2019,6,Monaco Grand Prix,2019-05-26,Circuit de Monaco,Max Verstappen,VER,Red Bull,4.187403018986607,3
2019,6,Monaco Grand Prix,2019-05-26,Circuit de Monaco,Sebastian Vettel,VET,Ferrari,4.35841564690993,4
2019,6,Monaco Grand Prix,2019-05-26,Circuit de Monaco,Pierre Gasly,GAS,Red Bull,6.452147535159717,5
2019,6,Monaco Grand Prix,2019-05-26,Circuit de Monaco,Charles Leclerc,LEC,Ferrari,9.075903649662084,6
2019,6,Monaco Grand Prix,2019-05-26,Circuit de Monaco,Kevin Magnussen,MAG,Haas F1 Team,9.255024377585844,7
2019,6,Monaco Grand Prix,2019-05-26,Circuit de Monaco,Daniel Ricciardo,RIC,Renault,9.848735336061791,8
2019,6,Monaco Grand Prix,2019-05-26,Circuit de Monaco,Daniil Kvyat,KVY,Toro Rosso,10.421431787836829,9
2019,6,Monaco Grand Prix,2019-05-26,Circuit de Monaco,Carlos Sainz,SAI,McLaren,11.416109511437684,10
2019,6,Monaco Grand Prix,2019-05-26,Circuit de Monaco,Alexander Albon,ALB,Toro Rosso,11.424285692612756,11
2019,6,Monaco Grand Prix,2019-05-26,Circuit de Monaco,Nico Hülkenberg,HUL,Renault,12.346403461467116,12
2019,6,Monaco Grand Prix,2019-05-26,Circuit de Monaco,Lando Norris,NOR,McLaren,12.44896472739131,13
2019,6,Monaco Grand Prix,2019-05-26,Circuit de Monaco,Kimi Räikkönen,RAI,Alfa Romeo,12.758383311270036,14
2019,6,Monaco Grand Prix,2019-05-26,Circuit de Monaco,Sergio Pérez,PER,Racing Point,13.069396875390963,15
2019,6,Monaco Grand Prix,2019-05-26,Circuit de Monaco,Romain Grosjean,GRO,Haas F1 Team,13.155293728095524,16
2019,6,Monaco Grand Prix,2019-05-26,Circuit de Monaco,Antonio Giovinazzi,GIO,Alfa Romeo,13.233192533784836,17
2019,6,Monaco Grand Prix,2019-05-26,Circuit de Monaco,Lance Stroll,STR,Racing Point,14.790002255155422,18
2019,6,Monaco Grand Prix,2019-05-26,Circuit de Monaco,George Russell,RUS,Williams,16.394898213376756,19
2019,6,Monaco Grand Prix,2019-05-26,Circuit de Monaco,Robert Kubica,KUB,Williams,16.852498050619584,20
2019,7,Canadian Grand Prix,2019-06-09,Circuit Gilles Villeneuve,Lewis Hamilton,HAM,Mercedes,2.1982697399192817,1
2019,7,Canadian Grand Prix,2019-06-09,Circuit Gilles Villeneuve,Sebastian Vettel,VET,Ferrari,2.64652827814151,2
2019,7,Canadian Grand Prix,2019-06-09,Circuit Gilles Villeneuve,Charles Leclerc,LEC,Ferrari,4.006404333853981,3
2019,7,Canadian Grand Prix,2019-06-09,Circuit Gilles Villeneuve,Valtteri Bottas,BOT,Mercedes,5.001132241793465,4
2019,7,Canadian Grand Prix,2019-06-09,Circuit Gilles Villeneuve,Pierre Gasly,GAS,Red Bull,7.101462032119225,5
2019,7,Canadian Grand Prix,2019-06-09,Circuit Gilles Villeneuve,Daniel Ricciardo,RIC,Renault,7.478023388525378,6
2019,7,Canadian Grand Prix,2019-06-09,Circuit Gilles Villeneuve,Max Verstappen,VER,Red Bull,7.549027924372036,7
2019,7,Canadian Grand Prix,2019-06-09,Circuit Gilles Villeneuve,Nico Hülkenberg,HUL,Renault,9.665152801262764,8
2019,7,Canadian Grand Prix,2019-06-09,Circuit Gilles Villeneuve,Lando Norris,NOR,McLaren,9.975278794316987,9
2019,7,Canadian Grand Prix,2019-06-09,Circuit Gilles Villeneuve,Carlos Sainz,SAI,McLaren,10.882108585776624,10
2019,7,Canadian Grand Prix,2019-06-09,Circuit Gilles Villeneuve,Daniil Kvyat,KVY,Toro Rosso,11.72171096658569,11
2019,7,Canadian Grand Prix,2019-06-09,Circuit Gilles Villeneuve,Sergio Pérez,PER,Racing Point,11.905769132701828,12
2019,7,Canadian Grand Prix,2019-06-09,Circuit Gilles Villeneuve,Kevin Magnussen,MAG,Haas F1 Team,12.316331873938273,13
2019,7,Canadian Grand Prix,2019-06-09,Circuit Gilles Villeneuve,Alexander Albon,ALB,Toro Rosso,13.320381123919232,14
2019,7,Canadian Grand Prix,2019-06-09,Circuit Gilles Villeneuve,Kimi Räikkönen,RAI,Alfa Romeo,13.47803583467541,15
2019,7,Canadian Grand Prix,2019-06-09,Circuit Gilles Villeneuve,Antonio Giovinazzi,GIO,Alfa Romeo,13.670360458362614,16
2019,7,Canadian Grand Prix,2019-06-09,Circuit Gilles Villeneuve,Romain Grosjean,GRO,Haas F1 Team,14.158663500798344,17
2019,7,Canadian Grand Prix,2019-06-09,Circuit Gilles Villeneuve,Lance Stroll,STR,Racing Point,14.484800255386622,18
2019,7,Canadian Grand Prix,2019-06-09,Circuit Gilles Villeneuve,George Russell,RUS,Williams,16.422100023487943,19
2019,7,Canadian Grand Prix,2019-06-09,Circuit Gilles Villeneuve,Robert Kubica,KUB,Williams,16.84182702513462,20
2019,8,French Grand Prix,2019-06-23,Circuit Paul Ricard,Lewis Hamilton,HAM,Mercedes,1.75550232801248,1
2019,8,French Grand Prix,2019-06-23,Circuit Paul Ricard,Valtteri Bottas,BOT,Mercedes,2.9266473209219495,2
2019,8,French Grand Prix,2019-06-23,Circuit Paul Ricard,Charles Leclerc,LEC,Ferrari,4.0251904457111385,3
2019,8,French Grand Prix,2019-06-23,Circuit Paul Ricard,Max Verstappen,VER,Red Bull,4.361930100521792,4
2019,8,French Grand Prix,2019-06-23,Circuit Paul Ricard,Sebastian Vettel,VET,Ferrari,5.82496218926428,5
2019,8,French Grand Prix,2019-06-23,Circuit Paul Ricard,Pierre Gasly,GAS,Red Bull,8.13799527197769,6
2019,8,French Grand Prix,2019-06-23,Circuit Paul Ricard,Lando Norris,NOR,McLaren,8.285088539637913,7
2019,8,French Grand Prix,2019-06-23,Circuit Paul Ricard,Carlos Sainz,SAI,McLaren,8.431939783495581,8
2019,8,French Grand Prix,2019-06-23,Circuit Paul Ricard,Daniel Ricciardo,RIC,Renault,9.869348483768949,9
2019,8,French Grand Prix,2019-06-23,Circuit Paul Ricard,Kimi Räikkönen,RAI,Alfa Romeo,12.162913326969703,10
2019,8,French Grand Prix,2019-06-23,Circuit Paul Ricard,Alexander Albon,ALB,Toro Rosso,12.282497959406799,11
2019,8,French Grand Prix,2019-06-23,Circuit Paul Ricard,Antonio Giovinazzi,GIO,Alfa Romeo,12.492920444552798,12
2019,8,French Grand Prix,2019-06-23,Circuit Paul Ricard,Sergio Pérez,PER,Racing Point,12.543016861496078,13
2019,8,French Grand Prix,2019-06-23,Circuit Paul Ricard,Nico Hülkenberg,HUL,Renault,12.638815330178819,14
2019,8,French Grand Prix,2019-06-23,Circuit Paul Ricard,Daniil Kvyat,KVY,Toro Rosso,13.949996293533927,15
2019,8,French Grand Prix,2019-06-23,Circuit Paul Ricard,Kevin Magnussen,MAG,Haas F1 Team,13.994509363621805,16
2019,8,French Grand Prix,2019-06-23,Circuit Paul Ricard,Lance Stroll,STR,Racing Point,14.43277398536056,17
2019,8,French Grand Prix,2019-06-23,Circuit Paul Ricard,Romain Grosjean,GRO,Haas F1 Team,14.958051310980164,18
2019,8,French Grand Prix,2019-06-23,Circuit Paul Ricard,George Russell,RUS,Williams,16.357025377780605,19
2019,8,French Grand Prix,2019-06-23,Circuit Paul Ricard,Robert Kubica,KUB,Williams,16.82375234456249,20
2019,9,Austrian Grand Prix,2019-06-30,Red Bull Ring,Lewis Hamilton,HAM,Mercedes,2.66637586732369,1
2019,9,Austrian Grand Prix,2019-06-30,Red Bull Ring,Charles Leclerc,LEC,Ferrari,3.125120300700125,2
2019,9,Austrian Grand Prix,2019-06-30,Red Bull Ring,Valtteri Bottas,BOT,Mercedes,3.531225652769916,3
2019,9,Austrian Grand Prix,2019-06-30,Red Bull Ring,Max Verstappen,VER,Red Bull,3.848062757618663,4
2019,9,Austrian Grand Prix,2019-06-30,Red Bull Ring,Sebastian Vettel,VET,Ferrari,7.069772682432612,5
2019,9,Austrian Grand Prix,2019-06-30,Red Bull Ring,Pierre Gasly,GAS,Red Bull,8.065642900998752,6
2019,9,Austrian Grand Prix,2019-06-30,Red Bull Ring,Lando Norris,NOR,McLaren,8.58291616904325,7
2019,9,Austrian Grand Prix,2019-06-30,Red Bull Ring,Kimi Räikkönen,RAI,Alfa Romeo,9.61291566751766,8
2019,9,Austrian Grand Prix,2019-06-30,Red Bull Ring,Kevin Magnussen,MAG,Haas F1 Team,10.593774204087858,9
2019,9,Austrian Grand Prix,2019-06-30,Red Bull Ring,Carlos Sainz,SAI,McLaren,10.739002277261989,10
2019,9,Austrian Grand Prix,2019-06-30,Red Bull Ring,Antonio Giovinazzi,GIO,Alfa Romeo,10.83068694797328,11
2019,9,Austrian Grand Prix,2019-06-30,Red Bull Ring,Sergio Pérez,PER,Racing Point,12.331876226841917,12
2019,9,Austrian Grand Prix,2019-06-30,Red Bull Ring,Romain Grosjean,GRO,Haas F1 Team,12.582666080840287,13
2019,9,Austrian Grand Prix,2019-06-30,Red Bull Ring,Nico Hülkenberg,HUL,Renault,12.700090049892617,14
2019,9,Austrian Grand Prix,2019-06-30,Red Bull Ring,Daniel Ricciardo,RIC,Renault,13.13926730247111,15
2019,9,Austrian Grand Prix,2019-06-30,Red Bull Ring,Alexander Albon,ALB,Toro Rosso,13.637493483245544,16
2019,9,Austrian Grand Prix,2019-06-30,Red Bull Ring,Daniil Kvyat,KVY,Toro Rosso,13.901514718370976,17
2019,9,Austrian Grand Prix,2019-06-30,Red Bull Ring,Lance Stroll,STR,Racing Point,14.295055777928479,18
2019,9,Austrian Grand Prix,2019-06-30,Red Bull Ring,George Russell,RUS,Williams,15.776464355939929,19
2019,9,Austrian Grand Prix,2019-06-30,Red Bull Ring,Robert Kubica,KUB,Williams,16.950932828556525,20
2019,10,British Grand Prix,2019-07-14,Silverstone Circuit,Lewis Hamilton,HAM,Mercedes,2.157357070848195,1
2019,10,British Grand Prix,2019-07-14,Silverstone Circuit,Valtteri Bottas,BOT,Mercedes,2.673182627861642,2
2019,10,British Grand Prix,2019-07-14,Silverstone Circuit,Max Verstappen,VER,Red Bull,3.9522998420910866,3
2019,10,British Grand Prix,2019-07-14,Silverstone Circuit,Charles Leclerc,LEC,Ferrari,4.1859301840560015,4
2019,10,British Grand Prix,2019-07-14,Silverstone Circuit,Sebastian Vettel,VET,Ferrari,5.004763679543314,5
2019,10,British Grand Prix,2019-07-14,Silverstone Circuit,Pierre Gasly,GAS,Red Bull,6.039982371896532,6
2019,10,British Grand Prix,2019-07-14,Silverstone Circuit,Daniel Ricciardo,RIC,Renault,9.070718108561183,7
2019,10,British Grand Prix,2019-07-14,Silverstone Circuit,Lando Norris,NOR,McLaren,9.324894035557552,8
2019,10,British Grand Prix,2019-07-14,Silverstone Circuit,Nico Hülkenberg,HUL,Renault,10.587874752980122,9
2019,10,British Grand Prix,2019-07-14,Silverstone Circuit,Alexander Albon,ALB,Toro Rosso,10.965120208589257,10
2019,10,British Grand Prix,2019-07-14,Silverstone Circuit,Carlos Sainz,SAI,McLaren,11.641544289513837,11
2019,10,British Grand Prix,2019-07-14,Silverstone Circuit,Kimi Räikkönen,RAI,Alfa Romeo,12.492562552724184,12
2019,10,British Grand Prix,2019-07-14,Silverstone Circuit,Sergio Pérez,PER,Racing Point,12.87572753071369,13
2019,10,British Grand Prix,2019-07-14,Silverstone Circuit,Antonio Giovinazzi,GIO,Alfa Romeo,12.958442049282608,14
2019,10,British Grand Prix,2019-07-14,Silverstone Circuit,Daniil Kvyat,KVY,Toro Rosso,13.891592455345336,15
2019,10,British Grand Prix,2019-07-14,Silverstone Circuit,Lance Stroll,STR,Racing Point,14.850462559111724,16
2019,10,British Grand Prix,2019-07-14,Silverstone Circuit,Kevin Magnussen,MAG,Haas F1 Team,15.152329894663412,17
2019,10,British Grand Prix,2019-07-14,Silverstone Circuit,Romain Grosjean,GRO,Haas F1 Team,15.16384074647206,18
2019,10,British Grand Prix,2019-07-14,Silverstone Circuit,George Russell,RUS,Williams,16.613421842830224,19
2019,10,British Grand Prix,2019-07-14,Silverstone Circuit,Robert Kubica,KUB,Williams,16.687242578276194,20
2019,11,German Grand Prix,2019-07-28,Hockenheimring,Lewis Hamilton,HAM,Mercedes,1.9050460089513568,1
2019,11,German Grand Prix,2019-07-28,Hockenheimring,Max Verstappen,VER,Red Bull,3.1577839716714116,2
2019,11,German Grand Prix,2019-07-28,Hockenheimring,Valtteri Bottas,BOT,Mercedes,3.5245742785677097,3
2019,11,German Grand Prix,2019-07-28,Hockenheimring,Pierre Gasly,GAS,Red Bull,5.840925958887913,4
2019,11,German Grand Prix,2019-07-28,Hockenheimring,Sebastian Vettel,VET,Ferrari,6.981574425838909,5
2019,11,German Grand Prix,2019-07-28,Hockenheimring,Charles Leclerc,LEC,Ferrari,8.046752518875756,6
2019,11,German Grand Prix,2019-07-28,Hockenheimring,Carlos Sainz,SAI,McLaren,8.499039809535873,7
2019,11,German Grand Prix,2019-07-28,Hockenheimring,Kimi Räikkönen,RAI,Alfa Romeo,8.901886073799776,8
2019,11,German Grand Prix,2019-07-28,Hockenheimring,Sergio Pérez,PER,Racing Point,9.691876832946916,9
2019,11,German Grand Prix,2019-07-28,Hockenheimring,Romain Grosjean,GRO,Haas F1 Team,10.079268170076057,10
2019,11,German Grand Prix,2019-07-28,Hockenheimring,Nico Hülkenberg,HUL,Renault,11.145523036924537,11
2019,11,German Grand Prix,2019-07-28,Hockenheimring,Antonio Giovinazzi,GIO,Alfa Romeo,12.991235232551128,12
2019,11,German Grand Prix,2019-07-28,Hockenheimring,Daniel Ricciardo,RIC,Renault,13.06912620287888,13
2019,11,German Grand Prix,2019-07-28,Hockenheimring,Lance Stroll,STR,Racing Point,13.19431467903271,14
2019,11,German Grand Prix,2019-07-28,Hockenheimring,Kevin Magnussen,MAG,Haas F1 Team,13.428108657164392,15
2019,11,German Grand Prix,2019-07-28,Hockenheimring,Lando Norris,NOR,McLaren,13.516270985518076,16
2019,11,German Grand Prix,2019-07-28,Hockenheimring,Daniil Kvyat,KVY,Toro Rosso,13.68554921001559,17
2019,11,German Grand Prix,2019-07-28,Hockenheimring,Alexander Albon,ALB,Toro Rosso,14.204255649379856,18
2019,11,German Grand Prix,2019-07-28,Hockenheimring,George Russell,RUS,Williams,16.47180673352709,19
2019,11,German Grand Prix,2019-07-28,Hockenheimring,Robert Kubica,KUB,Williams,16.58467613677313,20
2019,12,Hungarian Grand Prix,2019-08-04,Hungaroring,Lewis Hamilton,HAM,Mercedes,2.6604139353795584,1
2019,12,Hungarian Grand Prix,2019-08-04,Hungaroring,Max Verstappen,VER,Red Bull,2.7441487160711207,2
2019,12,Hungarian Grand Prix,2019-08-04,Hungaroring,Valtteri Bottas,BOT,Mercedes,4.589309535058028,3
2019,12,Hungarian Grand Prix,2019-08-04,Hungaroring,Charles Leclerc,LEC,Ferrari,4.644981611373053,4
2019,12,Hungarian Grand Prix,2019-08-04,Hungaroring,Sebastian Vettel,VET,Ferrari,5.56674455929922,5
2019,12,Hungarian Grand Prix,2019-08-04,Hungaroring,Pierre Gasly,GAS,Red Bull,6.057861079728572,6
2019,12,Hungarian Grand Prix,2019-08-04,Hungaroring,Lando Norris,NOR,McLaren,8.930844037763508,7
2019,12,Hungarian Grand Prix,2019-08-04,Hungaroring,Carlos Sainz,SAI,McLaren,9.493993059847488,8
2019,12,Hungarian Grand Prix,2019-08-04,Hungaroring,Kimi Räikkönen,RAI,Alfa Romeo,10.282404911091188,9
2019,12,Hungarian Grand Prix,2019-08-04,Hungaroring,Nico Hülkenberg,HUL,Renault,11.603998311300595,10
2019,12,Hungarian Grand Prix,2019-08-04,Hungaroring,Romain Grosjean,GRO,Haas F1 Team,11.927680028986648,11
2019,12,Hungarian Grand Prix,2019-08-04,Hungaroring,Daniil Kvyat,KVY,Toro Rosso,12.65701536464146,12
2019,12,Hungarian Grand Prix,2019-08-04,Hungaroring,Alexander Albon,ALB,Toro Rosso,13.056614184419132,13
2019,12,Hungarian Grand Prix,2019-08-04,Hungaroring,Sergio Pérez,PER,Racing Point,13.332019176498779,14
2019,12,Hungarian Grand Prix,2019-08-04,Hungaroring,Daniel Ricciardo,RIC,Renault,13.50265321736397,15
2019,12,Hungarian Grand Prix,2019-08-04,Hungaroring,Kevin Magnussen,MAG,Haas F1 Team,13.913599469822229,16
2019,12,Hungarian Grand Prix,2019-08-04,Hungaroring,Antonio Giovinazzi,GIO,Alfa Romeo,14.18987332024501,17
2019,12,Hungarian Grand Prix,2019-08-04,Hungaroring,Lance Stroll,STR,Racing Point,14.680901682952555,18
2019,12,Hungarian Grand Prix,2019-08-04,Hungaroring,George Russell,RUS,Williams,15.314207040488336,19
2019,12,Hungarian Grand Prix,2019-08-04,Hungaroring,Robert Kubica,KUB,Williams,16.62896881537795,20
2019,13,Belgian Grand Prix,2019-09-01,Circuit de Spa-Francorchamps,Lewis Hamilton,HAM,Mercedes,2.5900949702196185,1
2019,13,Belgian Grand Prix,2019-09-01,Circuit de Spa-Francorchamps,Sebastian Vettel,VET,Ferrari,3.2709137803890953,2
2019,13,Belgian Grand Prix,2019-09-01,Circuit de Spa-Francorchamps,Charles Leclerc,LEC,Ferrari,3.4870477435107,3
2019,13,Belgian Grand Prix,2019-09-01,Circuit de Spa-Francorchamps,Valtteri Bottas,BOT,Mercedes,4.249021910021956,4
2019,13,Belgian Grand Prix,2019-09-01,Circuit de Spa-Francorchamps,Max Verstappen,VER,Red Bull,5.125964214533988,5
2019,13,Belgian Grand Prix,2019-09-01,Circuit de Spa-Francorchamps,Daniel Ricciardo,RIC,Renault,9.094707568971222,6
2019,13,Belgian Grand Prix,2019-09-01,Circuit de Spa-Francorchamps,Kimi Räikkönen,RAI,Alfa Romeo,9.786161890948888,7
2019,13,Belgian Grand Prix,2019-09-01,Circuit de Spa-Francorchamps,Sergio Pérez,PER,Racing Point,9.855434596350845,8
2019,13,Belgian Grand Prix,2019-09-01,Circuit de Spa-Francorchamps,Nico Hülkenberg,HUL,Renault,10.924223182170174,9
2019,13,Belgian Grand Prix,2019-09-01,Circuit de Spa-Francorchamps,Alexander Albon,ALB,Red Bull,10.950610461363068,10
2019,13,Belgian Grand Prix,2019-09-01,Circuit de Spa-Francorchamps,Carlos Sainz,SAI,McLaren,10.99258870639701,11
2019,13,Belgian Grand Prix,2019-09-01,Circuit de Spa-Francorchamps,Lando Norris,NOR,McLaren,11.282953065185108,12
2019,13,Belgian Grand Prix,2019-09-01,Circuit de Spa-Francorchamps,Romain Grosjean,GRO,Haas F1 Team,12.367526349695416,13
2019,13,Belgian Grand Prix,2019-09-01,Circuit de Spa-Francorchamps,Pierre Gasly,GAS,Toro Rosso,12.633572750311318,14
2019,13,Belgian Grand Prix,2019-09-01,Circuit de Spa-Francorchamps,Kevin Magnussen,MAG,Haas F1 Team,12.851685449661174,15
2019,13,Belgian Grand Prix,2019-09-01,Circuit de Spa-Francorchamps,Lance Stroll,STR,Racing Point,12.89115675145421,16
2019,13,Belgian Grand Prix,2019-09-01,Circuit de Spa-Francorchamps,Antonio Giovinazzi,GIO,Alfa Romeo,14.223217354374352,17
2019,13,Belgian Grand Prix,2019-09-01,Circuit de Spa-Francorchamps,Daniil Kvyat,KVY,Toro Rosso,14.355622621833945,18
2019,13,Belgian Grand Prix,2019-09-01,Circuit de Spa-Francorchamps,George Russell,RUS,Williams,16.015264516496753,19
2019,13,Belgian Grand Prix,2019-09-01,Circuit de Spa-Francorchamps,Robert Kubica,KUB,Williams,16.130785803363032,20
2019,14,Italian Grand Prix,2019-09-08,Autodromo Nazionale di Monza,Lewis Hamilton,HAM,Mercedes,2.270416497193731,1
2019,14,Italian Grand Prix,2019-09-08,Autodromo Nazionale di Monza,Charles Leclerc,LEC,Ferrari,2.7476259219389156,2
2019,14,Italian Grand Prix,2019-09-08,Autodromo Nazionale di Monza,Valtteri Bottas,BOT,Mercedes,4.272738631040595,3
2019,14,Italian Grand Prix,2019-09-08,Autodromo Nazionale di Monza,Sebastian Vettel,VET,Ferrari,4.360834779890719,4
2019,14,Italian Grand Prix,2019-09-08,Autodromo Nazionale di Monza,Alexander Albon,ALB,Red Bull,7.6130336999853325,5
2019,14,Italian Grand Prix,2019-09-08,Autodromo Nazionale di Monza,Max Verstappen,VER,Red Bull,8.50603265742118,6
2019,14,Italian Grand Prix,2019-09-08,Autodromo Nazionale di Monza,Daniel Ricciardo,RIC,Renault,8.73130014012197,7
2019,14,Italian Grand Prix,2019-09-08,Autodromo Nazionale di Monza,Carlos Sainz,SAI,McLaren,8.846020235382984,8
2019,14,Italian Grand Prix,2019-09-08,Autodromo Nazionale di Monza,Nico Hülkenberg,HUL,Renault,8.878430709883618,9
2019,14,Italian Grand Prix,2019-09-08,Autodromo Nazionale di Monza,Lance Stroll,STR,Racing Point,11.346994805005842,10
2019,14,Italian Grand Prix,2019-09-08,Autodromo Nazionale di Monza,Daniil Kvyat,KVY,Toro Rosso,11.427465263181848,11
2019,14,Italian Grand Prix,2019-09-08,Autodromo Nazionale di Monza,Antonio Giovinazzi,GIO,Alfa Romeo,11.782035969375125,12
2019,14,Italian Grand Prix,2019-09-08,Autodromo Nazionale di Monza,Pierre Gasly,GAS,Toro Rosso,12.282249977862703,13
2019,14,Italian Grand Prix,2019-09-08,Autodromo Nazionale di Monza,Lando Norris,NOR,McLaren,12.377919314965254,14
2019,14,Italian Grand Prix,2019-09-08,Autodromo Nazionale di Monza,Kimi Räikkönen,RAI,Alfa Romeo,12.485216130241112,15
2019,14,Italian Grand Prix,2019-09-08,Autodromo Nazionale di Monza,Sergio Pérez,PER,Racing Point,12.888321612252197,16
2019,14,Italian Grand Prix,2019-09-08,Autodromo Nazionale di Monza,Kevin Magnussen,MAG,Haas F1 Team,13.595698022845573,17
2019,14,Italian Grand Prix,2019-09-08,Autodromo Nazionale di Monza,Romain Grosjean,GRO,Haas F1 Team,14.497204087288107,18
2019,14,Italian Grand Prix,2019-09-08,Autodromo Nazionale di Monza,Robert Kubica,KUB,Williams,15.722739056095035,19
2019,14,Italian Grand Prix,2019-09-08,Autodromo Nazionale di Monza,George Russell,RUS,Williams,15.987139742429248,20
2019,15,Singapore Grand Prix,2019-09-22,Marina Bay Street Circuit,Lewis Hamilton,HAM,Mercedes,2.182757146493867,1
2019,15,Singapore Grand Prix,2019-09-22,Marina Bay Street Circuit,Sebastian Vettel,VET,Ferrari,3.9155920895210152,2
2019,15,Singapore Grand Prix,2019-09-22,Marina Bay Street Circuit,Charles Leclerc,LEC,Ferrari,3.933519273068106,3
2019,15,Singapore Grand Prix,2019-09-22,Marina Bay Street Circuit,Max Verstappen,VER,Red Bull,4.157864330680024,4
2019,15,Singapore Grand Prix,2019-09-22,Marina Bay Street Circuit,Valtteri Bottas,BOT,Mercedes,5.548542733020963,5
2019,15,Singapore Grand Prix,2019-09-22,Marina Bay Street Circuit,Alexander Albon,ALB,Red Bull,6.116466053462676,6
2019,15,Singapore Grand Prix,2019-09-22,Marina Bay Street Circuit,Carlos Sainz,SAI,McLaren,7.6231560213116865,7
2019,15,Singapore Grand Prix,2019-09-22,Marina Bay Street Circuit,Nico Hülkenberg,HUL,Renault,9.420967379142654,8
2019,15,Singapore Grand Prix,2019-09-22,Marina Bay Street Circuit,Lando Norris,NOR,McLaren,10.232816286033815,9
2019,15,Singapore Grand Prix,2019-09-22,Marina Bay Street Circuit,Pierre Gasly,GAS,Toro Rosso,11.226659476437867,10
2019,15,Singapore Grand Prix,2019-09-22,Marina Bay Street Circuit,Sergio Pérez,PER,Racing Point,11.602198880770834,11
2019,15,Singapore Grand Prix,2019-09-22,Marina Bay Street Circuit,Antonio Giovinazzi,GIO,Alfa Romeo,12.443393728817357,12
2019,15,Singapore Grand Prix,2019-09-22,Marina Bay Street Circuit,Daniil Kvyat,KVY,Toro Rosso,12.821719636230426,13
2019,15,Singapore Grand Prix,2019-09-22,Marina Bay Street Circuit,Daniel Ricciardo,RIC,Renault,12.843123371285815,14
2019,15,Singapore Grand Prix,2019-09-22,Marina Bay Street Circuit,Kimi Räikkönen,RAI,Alfa Romeo,13.355894476532416,15
2019,15,Singapore Grand Prix,2019-09-22,Marina Bay Street Circuit,Lance Stroll,STR,Racing Point,13.866743846432776,16
2019,15,Singapore Grand Prix,2019-09-22,Marina Bay Street Circuit,Romain Grosjean,GRO,Haas F1 Team,15.23041889484532,17
2019,15,Singapore Grand Prix,2019-09-22,Marina Bay Street Circuit,Kevin Magnussen,MAG,Haas F1 Team,15.309164261643959,18
2019,15,Singapore Grand Prix,2019-09-22,Marina Bay Street Circuit,George Russell,RUS,Williams,15.620057354731653,19
2019,15,Singapore Grand Prix,2019-09-22,Marina Bay Street Circuit,Robert Kubica,KUB,Williams,16.351970757445603,20
2019,16,Russian Grand Prix,2019-09-29,Sochi Autodrom,Lewis Hamilton,HAM,Mercedes,2.270416497193731,1
2019,16,Russian Grand Prix,2019-09-29,Sochi Autodrom,Charles Leclerc,LEC,Ferrari,2.640420233240624,2
2019,16,Russian Grand Prix,2019-09-29,Sochi Autodrom,Sebastian Vettel,VET,Ferrari,3.5280690303026385,3
2019,16,Russian Grand Prix,2019-09-29,Sochi Autodrom,Valtteri Bottas,BOT,Mercedes,4.8002821744625,4
2019,16,Russian Grand Prix,2019-09-29,Sochi Autodrom,Max Verstappen,VER,Red Bull,4.931719687659527,5
2019,16,Russian Grand Prix,2019-09-29,Sochi Autodrom,Nico Hülkenberg,HUL,Renault,8.654055880068388,6
2019,16,Russian Grand Prix,2019-09-29,Sochi Autodrom,Carlos Sainz,SAI,McLaren,9.034267451249429,7
2019,16,Russian Grand Prix,2019-09-29,Sochi Autodrom,Alexander Albon,ALB,Red Bull,9.307783775829872,8
2019,16,Russian Grand Prix,2019-09-29,Sochi Autodrom,Lando Norris,NOR,McLaren,10.182816832789618,9
2019,16,Russian Grand Prix,2019-09-29,Sochi Autodrom,Sergio Pérez,PER,Racing Point,10.639261520679273,10
2019,16,Russian Grand Prix,2019-09-29,Sochi Autodrom,Daniel Ricciardo,RIC,Renault,11.134707723916407,11
2019,16,Russian Grand Prix,2019-09-29,Sochi Autodrom,Romain Grosjean,GRO,Haas F1 Team,11.430747364656765,12
2019,16,Russian Grand Prix,2019-09-29,Sochi Autodrom,Pierre Gasly,GAS,Toro Rosso,11.809082994155986,13
2019,16,Russian Grand Prix,2019-09-29,Sochi Autodrom,Lance Stroll,STR,Racing Point,13.331867038168431,14
2019,16,Russian Grand Prix,2019-09-29,Sochi Autodrom,Kevin Magnussen,MAG,Haas F1 Team,13.565219013779085,15
2019,16,Russian Grand Prix,2019-09-29,Sochi Autodrom,Daniil Kvyat,KVY,Toro Rosso,13.59415516699141,16
2019,16,Russian Grand Prix,2019-09-29,Sochi Autodrom,Antonio Giovinazzi,GIO,Alfa Romeo,13.604547048821885,17
2019,16,Russian Grand Prix,2019-09-29,Sochi Autodrom,Kimi Räikkönen,RAI,Alfa Romeo,13.910761827665674,18
2019,16,Russian Grand Prix,2019-09-29,Sochi Autodrom,George Russell,RUS,Williams,15.87091809182067,19
2019,16,Russian Grand Prix,2019-09-29,Sochi Autodrom,Robert Kubica,KUB,Williams,16.414241824466828,20
2019,17,Japanese Grand Prix,2019-10-13,Suzuka Circuit,Lewis Hamilton,HAM,Mercedes,3.1735627386720613,1
2019,17,Japanese Grand Prix,2019-10-13,Suzuka Circuit,Charles Leclerc,LEC,Ferrari,3.4649875088581448,2
2019,17,Japanese Grand Prix,2019-10-13,Suzuka Circuit,Sebastian Vettel,VET,Ferrari,3.6355252264719966,3
2019,17,Japanese Grand Prix,2019-10-13,Suzuka Circuit,Valtteri Bottas,BOT,Mercedes,3.9631307407375047,4
2019,17,Japanese Grand Prix,2019-10-13,Suzuka Circuit,Max Verstappen,VER,Red Bull,5.769518278661098,5
2019,17,Japanese Grand Prix,2019-10-13,Suzuka Circuit,Alexander Albon,ALB,Red Bull,6.344753006973641,6
2019,17,Japanese Grand Prix,2019-10-13,Suzuka Circuit,Carlos Sainz,SAI,McLaren,8.600945898737733,7
2019,17,Japanese Grand Prix,2019-10-13,Suzuka Circuit,Lando Norris,NOR,McLaren,9.995469841873014,8
2019,17,Japanese Grand Prix,2019-10-13,Suzuka Circuit,Pierre Gasly,GAS,Toro Rosso,10.83146080573448,9
2019,17,Japanese Grand Prix,2019-10-13,Suzuka Circuit,Sergio Pérez,PER,Racing Point,11.190647276346137,10
2019,17,Japanese Grand Prix,2019-10-13,Suzuka Circuit,Lance Stroll,STR,Racing Point,11.837781132161828,11
2019,17,Japanese Grand Prix,2019-10-13,Suzuka Circuit,Kimi Räikkönen,RAI,Alfa Romeo,12.59541362807653,12
2019,17,Japanese Grand Prix,2019-10-13,Suzuka Circuit,Romain Grosjean,GRO,Haas F1 Team,12.665271973665673,13
2019,17,Japanese Grand Prix,2019-10-13,Suzuka Circuit,Antonio Giovinazzi,GIO,Alfa Romeo,13.327011933015271,14
2019,17,Japanese Grand Prix,2019-10-13,Suzuka Circuit,Daniil Kvyat,KVY,Toro Rosso,13.6285809281587,15
2019,17,Japanese Grand Prix,2019-10-13,Suzuka Circuit,Daniel Ricciardo,RIC,Renault,13.63644099138312,16
2019,17,Japanese Grand Prix,2019-10-13,Suzuka Circuit,Nico Hülkenberg,HUL,Renault,13.738422571002243,17
2019,17,Japanese Grand Prix,2019-10-13,Suzuka Circuit,Kevin Magnussen,MAG,Haas F1 Team,15.068304172007887,18
2019,17,Japanese Grand Prix,2019-10-13,Suzuka Circuit,Robert Kubica,KUB,Williams,15.591410875616264,19
2019,17,Japanese Grand Prix,2019-10-13,Suzuka Circuit,George Russell,RUS,Williams,16.579705412916915,20
2019,18,Mexican Grand Prix,2019-10-27,Autódromo Hermanos Rodríguez,Lewis Hamilton,HAM,Mercedes,2.7595952119990534,1
2019,18,Mexican Grand Prix,2019-10-27,Autódromo Hermanos Rodríguez,Charles Leclerc,LEC,Ferrari,2.9990221163081423,2
2019,18,Mexican Grand Prix,2019-10-27,Autódromo Hermanos Rodríguez,Sebastian Vettel,VET,Ferrari,3.36627735058057,3
2019,18,Mexican Grand Prix,2019-10-27,Autódromo Hermanos Rodríguez,Max Verstappen,VER,Red Bull,4.5553672468343684,4
2019,18,Mexican Grand Prix,2019-10-27,Autódromo Hermanos Rodríguez,Valtteri Bottas,BOT,Mercedes,5.045538732725133,5
2019,18,Mexican Grand Prix,2019-10-27,Autódromo Hermanos Rodríguez,Alexander Albon,ALB,Red Bull,6.714609204790131,6
2019,18,Mexican Grand Prix,2019-10-27,Autódromo Hermanos Rodríguez,Carlos Sainz,SAI,McLaren,8.807434190735702,7
2019,18,Mexican Grand Prix,2019-10-27,Autódromo Hermanos Rodríguez,Lando Norris,NOR,McLaren,10.19650400133056,8
2019,18,Mexican Grand Prix,2019-10-27,Autódromo Hermanos Rodríguez,Pierre Gasly,GAS,Toro Rosso,10.321406946374303,9
2019,18,Mexican Grand Prix,2019-10-27,Autódromo Hermanos Rodríguez,Sergio Pérez,PER,Racing Point,10.647388628484599,10
2019,18,Mexican Grand Prix,2019-10-27,Autódromo Hermanos Rodríguez,Daniil Kvyat,KVY,Toro Rosso,10.689263689559322,11
2019,18,Mexican Grand Prix,2019-10-27,Autódromo Hermanos Rodríguez,Nico Hülkenberg,HUL,Renault,12.159230140192694,12
2019,18,Mexican Grand Prix,2019-10-27,Autódromo Hermanos Rodríguez,Daniel Ricciardo,RIC,Renault,13.096776067853856,13
2019,18,Mexican Grand Prix,2019-10-27,Autódromo Hermanos Rodríguez,Kimi Räikkönen,RAI,Alfa Romeo,13.818716866878468,14
2019,18,Mexican Grand Prix,2019-10-27,Autódromo Hermanos Rodríguez,Lance Stroll,STR,Racing Point,14.053717620052023,15
2019,18,Mexican Grand Prix,2019-10-27,Autódromo Hermanos Rodríguez,Antonio Giovinazzi,GIO,Alfa Romeo,14.059268274315462,16
2019,18,Mexican Grand Prix,2019-10-27,Autódromo Hermanos Rodríguez,Kevin Magnussen,MAG,Haas F1 Team,15.280272635217921,17
2019,18,Mexican Grand Prix,2019-10-27,Autódromo Hermanos Rodríguez,Romain Grosjean,GRO,Haas F1 Team,15.474512253420114,18
2019,18,Mexican Grand Prix,2019-10-27,Autódromo Hermanos Rodríguez,George Russell,RUS,Williams,16.028445400323005,19
2019,18,Mexican Grand Prix,2019-10-27,Autódromo Hermanos Rodríguez,Robert Kubica,KUB,Williams,16.548503902062286,20
2019,19,United States Grand Prix,2019-11-03,Circuit of the Americas,Sebastian Vettel,VET,Ferrari,3.331156916077574,1
2019,19,United States Grand Prix,2019-11-03,Circuit of the Americas,Valtteri Bottas,BOT,Mercedes,3.999526178097065,2
2019,19,United States Grand Prix,2019-11-03,Circuit of the Americas,Max Verstappen,VER,Red Bull,4.231544400437566,3
2019,19,United States Grand Prix,2019-11-03,Circuit of the Americas,Lewis Hamilton,HAM,Mercedes,4.5142179128686495,4
2019,19,United States Grand Prix,2019-11-03,Circuit of the Americas,Charles Leclerc,LEC,Ferrari,4.994262657209409,5
2019,19,United States Grand Prix,2019-11-03,Circuit of the Americas,Alexander Albon,ALB,Red Bull,5.840702444242561,6
2019,19,United States Grand Prix,2019-11-03,Circuit of the Americas,Carlos Sainz,SAI,McLaren,9.056333411777299,7
2019,19,United States Grand Prix,2019-11-03,Circuit of the Americas,Lando Norris,NOR,McLaren,10.217855936438228,8
2019,19,United States Grand Prix,2019-11-03,Circuit of the Americas,Pierre Gasly,GAS,Toro Rosso,10.24302502746725,9
2019,19,United States Grand Prix,2019-11-03,Circuit of the Americas,Daniel Ricciardo,RIC,Renault,10.320364771846842,10
2019,19,United States Grand Prix,2019-11-03,Circuit of the Americas,Sergio Pérez,PER,Racing Point,12.108301209721061,11
2019,19,United States Grand Prix,2019-11-03,Circuit of the Americas,Nico Hülkenberg,HUL,Renault,12.381067013835992,12
2019,19,United States Grand Prix,2019-11-03,Circuit of the Americas,Daniil Kvyat,KVY,Toro Rosso,12.948905493508699,13
2019,19,United States Grand Prix,2019-11-03,Circuit of the Americas,Lance Stroll,STR,Racing Point,13.179449106223467,14
2019,19,United States Grand Prix,2019-11-03,Circuit of the Americas,Kevin Magnussen,MAG,Haas F1 Team,13.658120845977946,15
2019,19,United States Grand Prix,2019-11-03,Circuit of the Americas,Kimi Räikkönen,RAI,Alfa Romeo,14.206857006195387,16
2019,19,United States Grand Prix,2019-11-03,Circuit of the Americas,Antonio Giovinazzi,GIO,Alfa Romeo,14.384431948103188,17
2019,19,United States Grand Prix,2019-11-03,Circuit of the Americas,Romain Grosjean,GRO,Haas F1 Team,14.420573162543805,18
2019,19,United States Grand Prix,2019-11-03,Circuit of the Americas,George Russell,RUS,Williams,16.318193326035875,19
2019,19,United States Grand Prix,2019-11-03,Circuit of the Americas,Robert Kubica,KUB,Williams,16.83673615260736,20
2019,20,Brazilian Grand Prix,2019-11-17,Autódromo José Carlos Pace,Sebastian Vettel,VET,Ferrari,3.5964589806404113,1
2019,20,Brazilian Grand Prix,2019-11-17,Autódromo José Carlos Pace,Max Verstappen,VER,Red Bull,3.600060794117724,2
2019,20,Brazilian Grand Prix,2019-11-17,Autódromo José Carlos Pace,Lewis Hamilton,HAM,Mercedes,4.037904560085527,3
2019,20,Brazilian Grand Prix,2019-11-17,Autódromo José Carlos Pace,Valtteri Bottas,BOT,Mercedes,4.474493487330911,4
2019,20,Brazilian Grand Prix,2019-11-17,Autódromo José Carlos Pace,Alexander Albon,ALB,Red Bull,5.762086959144809,5
2019,20,Brazilian Grand Prix,2019-11-17,Autódromo José Carlos Pace,Charles Leclerc,LEC,Ferrari,5.849585555145143,6
2019,20,Brazilian Grand Prix,2019-11-17,Autódromo José Carlos Pace,Pierre Gasly,GAS,Toro Rosso,9.561165066822221,7
2019,20,Brazilian Grand Prix,2019-11-17,Autódromo José Carlos Pace,Lando Norris,NOR,McLaren,10.82799243294637,8
2019,20,Brazilian Grand Prix,2019-11-17,Autódromo José Carlos Pace,Kimi Räikkönen,RAI,Alfa Romeo,11.196108703266496,9
2019,20,Brazilian Grand Prix,2019-11-17,Autódromo José Carlos Pace,Daniel Ricciardo,RIC,Renault,11.310821844586743,10
2019,20,Brazilian Grand Prix,2019-11-17,Autódromo José Carlos Pace,Romain Grosjean,GRO,Haas F1 Team,11.448324596101342,11
2019,20,Brazilian Grand Prix,2019-11-17,Autódromo José Carlos Pace,Kevin Magnussen,MAG,Haas F1 Team,11.88801934883394,12
2019,20,Brazilian Grand Prix,2019-11-17,Autódromo José Carlos Pace,Carlos Sainz,SAI,McLaren,11.99540794178176,13
2019,20,Brazilian Grand Prix,2019-11-17,Autódromo José Carlos Pace,Sergio Pérez,PER,Racing Point,12.684236834295888,14
2019,20,Brazilian Grand Prix,2019-11-17,Autódromo José Carlos Pace,Nico Hülkenberg,HUL,Renault,12.725504421674254,15
2019,20,Brazilian Grand Prix,2019-11-17,Autódromo José Carlos Pace,Antonio Giovinazzi,GIO,Alfa Romeo,13.109090359826075,16
2019,20,Brazilian Grand Prix,2019-11-17,Autódromo José Carlos Pace,Daniil Kvyat,KVY,Toro Rosso,13.183394593091272,17
2019,20,Brazilian Grand Prix,2019-11-17,Autódromo José Carlos Pace,Lance Stroll,STR,Racing Point,14.29158727654985,18
2019,20,Brazilian Grand Prix,2019-11-17,Autódromo José Carlos Pace,George Russell,RUS,Williams,15.901409542623691,19
2019,20,Brazilian Grand Prix,2019-11-17,Autódromo José Carlos Pace,Robert Kubica,KUB,Williams,16.672052777362868,20
2019,21,Abu Dhabi Grand Prix,2019-12-01,Yas Marina Circuit,Lewis Hamilton,HAM,Mercedes,1.777150462077231,1
2019,21,Abu Dhabi Grand Prix,2019-12-01,Yas Marina Circuit,Max Verstappen,VER,Red Bull,3.580815491281968,2
2019,21,Abu Dhabi Grand Prix,2019-12-01,Yas Marina Circuit,Charles Leclerc,LEC,Ferrari,4.345643710210279,3
2019,21,Abu Dhabi Grand Prix,2019-12-01,Yas Marina Circuit,Valtteri Bottas,BOT,Mercedes,5.490806977707984,4
2019,21,Abu Dhabi Grand Prix,2019-12-01,Yas Marina Circuit,Sebastian Vettel,VET,Ferrari,5.622030647651461,5
2019,21,Abu Dhabi Grand Prix,2019-12-01,Yas Marina Circuit,Alexander Albon,ALB,Red Bull,5.946547899900198,6
2019,21,Abu Dhabi Grand Prix,2019-12-01,Yas Marina Circuit,Lando Norris,NOR,McLaren,8.792805877821644,7
2019,21,Abu Dhabi Grand Prix,2019-12-01,Yas Marina Circuit,Carlos Sainz,SAI,McLaren,9.730148495971758,8
2019,21,Abu Dhabi Grand Prix,2019-12-01,Yas Marina Circuit,Sergio Pérez,PER,Racing Point,9.73146997620296,9
2019,21,Abu Dhabi Grand Prix,2019-12-01,Yas Marina Circuit,Daniel Ricciardo,RIC,Renault,9.783901957059205,10
2019,21,Abu Dhabi Grand Prix,2019-12-01,Yas Marina Circuit,Nico Hülkenberg,HUL,Renault,11.581905699717016,11
2019,21,Abu Dhabi Grand Prix,2019-12-01,Yas Marina Circuit,Pierre Gasly,GAS,Toro Rosso,11.672893397360289,12
2019,21,Abu Dhabi Grand Prix,2019-12-01,Yas Marina Circuit,Daniil Kvyat,KVY,Toro Rosso,13.25211073142211,13
2019,21,Abu Dhabi Grand Prix,2019-12-01,Yas Marina Circuit,Lance Stroll,STR,Racing Point,13.302731412757453,14
2019,21,Abu Dhabi Grand Prix,2019-12-01,Yas Marina Circuit,Romain Grosjean,GRO,Haas F1 Team,13.605310807624361,15
2019,21,Abu Dhabi Grand Prix,2019-12-01,Yas Marina Circuit,Antonio Giovinazzi,GIO,Alfa Romeo,13.952355358003269,16
2019,21,Abu Dhabi Grand Prix,2019-12-01,Yas Marina Circuit,Kimi Räikkönen,RAI,Alfa Romeo,14.145708386592407,17
2019,21,Abu Dhabi Grand Prix,2019-12-01,Yas Marina Circuit,Kevin Magnussen,MAG,Haas F1 Team,14.292768674813546,18
2019,21,Abu Dhabi Grand Prix,2019-12-01,Yas Marina Circuit,George Russell,RUS,Williams,16.41028848098508,19
2019,21,Abu Dhabi Grand Prix,2019-12-01,Yas Marina Circuit,Robert Kubica,KUB,Williams,16.852498050619584,20
2020,1,Austrian Grand Prix,2020-07-05,Red Bull Ring,Valtteri Bottas,BOT,Mercedes,2.7390348025742024,1
2020,1,Austrian Grand Prix,2020-07-05,Red Bull Ring,Lewis Hamilton,HAM,Mercedes,3.2832222131934183,2
2020,1,Austrian Grand Prix,2020-07-05,Red Bull Ring,Max Verstappen,VER,Red Bull,3.5203779728710693,3
2020,1,Austrian Grand Prix,2020-07-05,Red Bull Ring,Lando Norris,NOR,McLaren,5.807431124996153,4
2020,1,Austrian Grand Prix,2020-07-05,Red Bull Ring,Alexander Albon,ALB,Red Bull,6.472843747598392,5
2020,1,Austrian Grand Prix,2020-07-05,Red Bull Ring,Sergio Pérez,PER,Racing Point,6.649986281537565,6
2020,1,Austrian Grand Prix,2020-07-05,Red Bull Ring,Charles Leclerc,LEC,Ferrari,6.849163437775492,7
2020,1,Austrian Grand Prix,2020-07-05,Red Bull Ring,Sebastian Vettel,VET,Ferrari,8.819815300644532,8
2020,1,Austrian Grand Prix,2020-07-05,Red Bull Ring,Carlos Sainz,SAI,McLaren,9.091890927605688,9
2020,1,Austrian Grand Prix,2020-07-05,Red Bull Ring,Lance Stroll,STR,Racing Point,10.899928841827506,10
2020,1,Austrian Grand Prix,2020-07-05,Red Bull Ring,Daniel Ricciardo,RIC,Renault,11.026272691401463,11
2020,1,Austrian Grand Prix,2020-07-05,Red Bull Ring,Pierre Gasly,GAS,AlphaTauri,11.747501794278628,12
2020,1,Austrian Grand Prix,2020-07-05,Red Bull Ring,Esteban Ocon,OCO,Renault,12.912660628516036,13
2020,1,Austrian Grand Prix,2020-07-05,Red Bull Ring,Daniil Kvyat,KVY,AlphaTauri,13.396701336056923,14
2020,1,Austrian Grand Prix,2020-07-05,Red Bull Ring,Antonio Giovinazzi,GIO,Alfa Romeo,14.254980007556995,15
2020,1,Austrian Grand Prix,2020-07-05,Red Bull Ring,Kimi Räikkönen,RAI,Alfa Romeo,15.040225214496624,16
2020,1,Austrian Grand Prix,2020-07-05,Red Bull Ring,Kevin Magnussen,MAG,Haas F1 Team,15.134775642611874,17
2020,1,Austrian Grand Prix,2020-07-05,Red Bull Ring,Romain Grosjean,GRO,Haas F1 Team,15.224489626909296,18
2020,1,Austrian Grand Prix,2020-07-05,Red Bull Ring,George Russell,RUS,Williams,15.828438652146257,19
2020,1,Austrian Grand Prix,2020-07-05,Red Bull Ring,Nicholas Latifi,LAT,Williams,16.371271230181314,20
2020,2,Styrian Grand Prix,2020-07-12,Red Bull Ring,Lewis Hamilton,HAM,Mercedes,2.3112348810545984,1
2020,2,Styrian Grand Prix,2020-07-12,Red Bull Ring,Max Verstappen,VER,Red Bull,3.7356842799020273,2
2020,2,Styrian Grand Prix,2020-07-12,Red Bull Ring,Valtteri Bottas,BOT,Mercedes,4.080087864281438,3
2020,2,Styrian Grand Prix,2020-07-12,Red Bull Ring,Carlos Sainz,SAI,McLaren,4.989245621988995,4
2020,2,Styrian Grand Prix,2020-07-12,Red Bull Ring,Alexander Albon,ALB,Red Bull,7.207434556249789,5
2020,2,Styrian Grand Prix,2020-07-12,Red Bull Ring,Lando Norris,NOR,McLaren,7.542213128487067,6
2020,2,Styrian Grand Prix,2020-07-12,Red Bull Ring,Esteban Ocon,OCO,Renault,8.552529655364982,7
2020,2,Styrian Grand Prix,2020-07-12,Red Bull Ring,Sergio Pérez,PER,Racing Point,8.907075339446685,8
2020,2,Styrian Grand Prix,2020-07-12,Red Bull Ring,Pierre Gasly,GAS,AlphaTauri,9.736191071680889,9
2020,2,Styrian Grand Prix,2020-07-12,Red Bull Ring,Sebastian Vettel,VET,Ferrari,10.043374338619348,10
2020,2,Styrian Grand Prix,2020-07-12,Red Bull Ring,Charles Leclerc,LEC,Ferrari,10.125287238800617,11
2020,2,Styrian Grand Prix,2020-07-12,Red Bull Ring,Daniel Ricciardo,RIC,Renault,11.589905959398996,12
2020,2,Styrian Grand Prix,2020-07-12,Red Bull Ring,Lance Stroll,STR,Racing Point,11.805196955460126,13
2020,2,Styrian Grand Prix,2020-07-12,Red Bull Ring,Daniil Kvyat,KVY,AlphaTauri,12.920628605727925,14
2020,2,Styrian Grand Prix,2020-07-12,Red Bull Ring,George Russell,RUS,Williams,13.7082383170932,15
2020,2,Styrian Grand Prix,2020-07-12,Red Bull Ring,Kimi Räikkönen,RAI,Alfa Romeo,13.72136253629022,16
2020,2,Styrian Grand Prix,2020-07-12,Red Bull Ring,Antonio Giovinazzi,GIO,Alfa Romeo,14.26759665419256,17
2020,2,Styrian Grand Prix,2020-07-12,Red Bull Ring,Kevin Magnussen,MAG,Haas F1 Team,15.348056291773283,18
2020,2,Styrian Grand Prix,2020-07-12,Red Bull Ring,Romain Grosjean,GRO,Haas F1 Team,15.533290935481267,19
2020,2,Styrian Grand Prix,2020-07-12,Red Bull Ring,Nicholas Latifi,LAT,Williams,15.719123592545044,20
2020,3,Hungarian Grand Prix,2020-07-19,Hungaroring,Lewis Hamilton,HAM,Mercedes,2.109639930798858,1
2020,3,Hungarian Grand Prix,2020-07-19,Hungaroring,Valtteri Bottas,BOT,Mercedes,2.952498920168361,2
2020,3,Hungarian Grand Prix,2020-07-19,Hungaroring,Sergio Pérez,PER,Racing Point,5.029586956717565,3
2020,3,Hungarian Grand Prix,2020-07-19,Hungaroring,Charles Leclerc,LEC,Ferrari,6.221793959012217,4
2020,3,Hungarian Grand Prix,2020-07-19,Hungaroring,Max Verstappen,VER,Red Bull,6.376057322109941,5
2020,3,Hungarian Grand Prix,2020-07-19,Hungaroring,Sebastian Vettel,VET,Ferrari,6.884494187950737,6
2020,3,Hungarian Grand Prix,2020-07-19,Hungaroring,Lance Stroll,STR,Racing Point,6.9653621932006935,7
2020,3,Hungarian Grand Prix,2020-07-19,Hungaroring,Lando Norris,NOR,McLaren,8.350940419965188,8
2020,3,Hungarian Grand Prix,2020-07-19,Hungaroring,Carlos Sainz,SAI,McLaren,9.300870382300305,9
2020,3,Hungarian Grand Prix,2020-07-19,Hungaroring,Pierre Gasly,GAS,AlphaTauri,10.126920751885848,10
2020,3,Hungarian Grand Prix,2020-07-19,Hungaroring,Daniel Ricciardo,RIC,Renault,10.856734607025833,11
2020,3,Hungarian Grand Prix,2020-07-19,Hungaroring,Alexander Albon,ALB,Red Bull,11.651244649422768,12
2020,3,Hungarian Grand Prix,2020-07-19,Hungaroring,Esteban Ocon,OCO,Renault,13.100531189307256,13
2020,3,Hungarian Grand Prix,2020-07-19,Hungaroring,George Russell,RUS,Williams,13.83591047487881,14
2020,3,Hungarian Grand Prix,2020-07-19,Hungaroring,Daniil Kvyat,KVY,AlphaTauri,14.31595282535072,15
2020,3,Hungarian Grand Prix,2020-07-19,Hungaroring,Kimi Räikkönen,RAI,Alfa Romeo,14.365987261325259,16
2020,3,Hungarian Grand Prix,2020-07-19,Hungaroring,Antonio Giovinazzi,GIO,Alfa Romeo,14.378692775566455,17
2020,3,Hungarian Grand Prix,2020-07-19,Hungaroring,Romain Grosjean,GRO,Haas F1 Team,14.517459027017496,18
2020,3,Hungarian Grand Prix,2020-07-19,Hungaroring,Nicholas Latifi,LAT,Williams,15.193958092227094,19
2020,3,Hungarian Grand Prix,2020-07-19,Hungaroring,Kevin Magnussen,MAG,Haas F1 Team,15.210127419953754,20
2020,4,British Grand Prix,2020-08-02,Silverstone Circuit,Lewis Hamilton,HAM,Mercedes,1.9460352568080064,1
2020,4,British Grand Prix,2020-08-02,Silverstone Circuit,Valtteri Bottas,BOT,Mercedes,2.9666196236300464,2
2020,4,British Grand Prix,2020-08-02,Silverstone Circuit,Max Verstappen,VER,Red Bull,3.843277904188256,3
2020,4,British Grand Prix,2020-08-02,Silverstone Circuit,Charles Leclerc,LEC,Ferrari,4.963443824128844,4
2020,4,British Grand Prix,2020-08-02,Silverstone Circuit,Lance Stroll,STR,Racing Point,7.095302939162502,5
2020,4,British Grand Prix,2020-08-02,Silverstone Circuit,Lando Norris,NOR,McLaren,7.139113601762288,6
2020,4,British Grand Prix,2020-08-02,Silverstone Circuit,Carlos Sainz,SAI,McLaren,7.383499532643127,7
2020,4,British Grand Prix,2020-08-02,Silverstone Circuit,Alexander Albon,ALB,Red Bull,8.733173503229821,8
2020,4,British Grand Prix,2020-08-02,Silverstone Circuit,Daniel Ricciardo,RIC,Renault,9.855227780307267,9
2020,4,British Grand Prix,2020-08-02,Silverstone Circuit,Esteban Ocon,OCO,Renault,10.61140680684638,10
2020,4,British Grand Prix,2020-08-02,Silverstone Circuit,Sebastian Vettel,VET,Ferrari,10.752257675334057,11
2020,4,British Grand Prix,2020-08-02,Silverstone Circuit,Pierre Gasly,GAS,AlphaTauri,11.161607300648537,12
2020,4,British Grand Prix,2020-08-02,Silverstone Circuit,Nico Hülkenberg,HUL,Racing Point,11.367602295941953,13
2020,4,British Grand Prix,2020-08-02,Silverstone Circuit,Antonio Giovinazzi,GIO,Alfa Romeo,13.79368987434502,14
2020,4,British Grand Prix,2020-08-02,Silverstone Circuit,Daniil Kvyat,KVY,AlphaTauri,13.798179140771627,15
2020,4,British Grand Prix,2020-08-02,Silverstone Circuit,Kimi Räikkönen,RAI,Alfa Romeo,14.153778775330993,16
2020,4,British Grand Prix,2020-08-02,Silverstone Circuit,Kevin Magnussen,MAG,Haas F1 Team,15.09336524672944,17
2020,4,British Grand Prix,2020-08-02,Silverstone Circuit,Romain Grosjean,GRO,Haas F1 Team,15.09784469050484,18
2020,4,British Grand Prix,2020-08-02,Silverstone Circuit,George Russell,RUS,Williams,15.31745746165892,19
2020,4,British Grand Prix,2020-08-02,Silverstone Circuit,Nicholas Latifi,LAT,Williams,16.940816191025966,20
2020,5,70th Anniversary Grand Prix,2020-08-09,Silverstone Circuit,Lewis Hamilton,HAM,Mercedes,2.1141042110799986,1
2020,5,70th Anniversary Grand Prix,2020-08-09,Silverstone Circuit,Valtteri Bottas,BOT,Mercedes,2.6114396534949242,2
2020,5,70th Anniversary Grand Prix,2020-08-09,Silverstone Circuit,Max Verstappen,VER,Red Bull,3.8413394146302138,3
2020,5,70th Anniversary Grand Prix,2020-08-09,Silverstone Circuit,Nico Hülkenberg,HUL,Racing Point,5.928812229229265,4
2020,5,70th Anniversary Grand Prix,2020-08-09,Silverstone Circuit,Charles Leclerc,LEC,Ferrari,7.17393438430361,5
2020,5,70th Anniversary Grand Prix,2020-08-09,Silverstone Circuit,Lance Stroll,STR,Racing Point,7.187373364882396,6
2020,5,70th Anniversary Grand Prix,2020-08-09,Silverstone Circuit,Daniel Ricciardo,RIC,Renault,8.41988867190504,7
2020,5,70th Anniversary Grand Prix,2020-08-09,Silverstone Circuit,Lando Norris,NOR,McLaren,8.588074723745029,8
2020,5,70th Anniversary Grand Prix,2020-08-09,Silverstone Circuit,Alexander Albon,ALB,Red Bull,8.77955234924228,9
2020,5,70th Anniversary Grand Prix,2020-08-09,Silverstone Circuit,Pierre Gasly,GAS,AlphaTauri,9.269693326360512,10
2020,5,70th Anniversary Grand Prix,2020-08-09,Silverstone Circuit,Sebastian Vettel,VET,Ferrari,10.241373103845946,11
2020,5,70th Anniversary Grand Prix,2020-08-09,Silverstone Circuit,Esteban Ocon,OCO,Renault,11.199041689092919,12
2020,5,70th Anniversary Grand Prix,2020-08-09,Silverstone Circuit,Carlos Sainz,SAI,McLaren,11.464445005369235,13
2020,5,70th Anniversary Grand Prix,2020-08-09,Silverstone Circuit,Daniil Kvyat,KVY,AlphaTauri,13.490897750337902,14
2020,5,70th Anniversary Grand Prix,2020-08-09,Silverstone Circuit,Romain Grosjean,GRO,Haas F1 Team,14.592352326870333,15
2020,5,70th Anniversary Grand Prix,2020-08-09,Silverstone Circuit,George Russell,RUS,Williams,14.915805591592592,16
2020,5,70th Anniversary Grand Prix,2020-08-09,Silverstone Circuit,Kimi Räikkönen,RAI,Alfa Romeo,15.37022974835561,17
2020,5,70th Anniversary Grand Prix,2020-08-09,Silverstone Circuit,Kevin Magnussen,MAG,Haas F1 Team,15.78322002004559,18
2020,5,70th Anniversary Grand Prix,2020-08-09,Silverstone Circuit,Antonio Giovinazzi,GIO,Alfa Romeo,15.832305965982535,19
2020,5,70th Anniversary Grand Prix,2020-08-09,Silverstone Circuit,Nicholas Latifi,LAT,Williams,16.30866617008653,20
2020,6,Spanish Grand Prix,2020-08-16,Circuit de Barcelona-Catalunya,Lewis Hamilton,HAM,Mercedes,1.8173866582514933,1
2020,6,Spanish Grand Prix,2020-08-16,Circuit de Barcelona-Catalunya,Valtteri Bottas,BOT,Mercedes,2.864762990682935,2
2020,6,Spanish Grand Prix,2020-08-16,Circuit de Barcelona-Catalunya,Max Verstappen,VER,Red Bull,3.4652960999129205,3
2020,6,Spanish Grand Prix,2020-08-16,Circuit de Barcelona-Catalunya,Sergio Pérez,PER,Racing Point,4.658162595258222,4
2020,6,Spanish Grand Prix,2020-08-16,Circuit de Barcelona-Catalunya,Alexander Albon,ALB,Red Bull,7.130649718034528,5
2020,6,Spanish Grand Prix,2020-08-16,Circuit de Barcelona-Catalunya,Lance Stroll,STR,Racing Point,7.4646873480264695,6
2020,6,Spanish Grand Prix,2020-08-16,Circuit de Barcelona-Catalunya,Charles Leclerc,LEC,Ferrari,7.588555368858996,7
2020,6,Spanish Grand Prix,2020-08-16,Circuit de Barcelona-Catalunya,Carlos Sainz,SAI,McLaren,7.796031629747516,8
2020,6,Spanish Grand Prix,2020-08-16,Circuit de Barcelona-Catalunya,Lando Norris,NOR,McLaren,9.470739781527957,9
2020,6,Spanish Grand Prix,2020-08-16,Circuit de Barcelona-Catalunya,Sebastian Vettel,VET,Ferrari,10.184278225325865,10
2020,6,Spanish Grand Prix,2020-08-16,Circuit de Barcelona-Catalunya,Pierre Gasly,GAS,AlphaTauri,10.897871742668153,11
2020,6,Spanish Grand Prix,2020-08-16,Circuit de Barcelona-Catalunya,Daniel Ricciardo,RIC,Renault,11.7166766239165,12
2020,6,Spanish Grand Prix,2020-08-16,Circuit de Barcelona-Catalunya,Esteban Ocon,OCO,Renault,12.469132158609977,13
2020,6,Spanish Grand Prix,2020-08-16,Circuit de Barcelona-Catalunya,Daniil Kvyat,KVY,AlphaTauri,12.552753771887751,14
2020,6,Spanish Grand Prix,2020-08-16,Circuit de Barcelona-Catalunya,Romain Grosjean,GRO,Haas F1 Team,14.152117131307598,15
2020,6,Spanish Grand Prix,2020-08-16,Circuit de Barcelona-Catalunya,Kimi Räikkönen,RAI,Alfa Romeo,14.22623155044906,16
2020,6,Spanish Grand Prix,2020-08-16,Circuit de Barcelona-Catalunya,Kevin Magnussen,MAG,Haas F1 Team,15.190942190570137,17
2020,6,Spanish Grand Prix,2020-08-16,Circuit de Barcelona-Catalunya,Antonio Giovinazzi,GIO,Alfa Romeo,15.466367298776936,18
2020,6,Spanish Grand Prix,2020-08-16,Circuit de Barcelona-Catalunya,Nicholas Latifi,LAT,Williams,16.39256486665996,19
2020,6,Spanish Grand Prix,2020-08-16,Circuit de Barcelona-Catalunya,George Russell,RUS,Williams,16.609577867013563,20
2020,7,Belgian Grand Prix,2020-08-30,Circuit de Spa-Francorchamps,Lewis Hamilton,HAM,Mercedes,1.8173866582514933,1
2020,7,Belgian Grand Prix,2020-08-30,Circuit de Spa-Francorchamps,Valtteri Bottas,BOT,Mercedes,3.3107954547019203,2
2020,7,Belgian Grand Prix,2020-08-30,Circuit de Spa-Francorchamps,Max Verstappen,VER,Red Bull,3.5292489288430158,3
2020,7,Belgian Grand Prix,2020-08-30,Circuit de Spa-Francorchamps,Alexander Albon,ALB,Red Bull,5.630492572588948,4
2020,7,Belgian Grand Prix,2020-08-30,Circuit de Spa-Francorchamps,Daniel Ricciardo,RIC,Renault,6.256288117270827,5
2020,7,Belgian Grand Prix,2020-08-30,Circuit de Spa-Francorchamps,Sergio Pérez,PER,Racing Point,7.412753584537059,6
2020,7,Belgian Grand Prix,2020-08-30,Circuit de Spa-Francorchamps,Esteban Ocon,OCO,Renault,7.927644186623074,7
2020,7,Belgian Grand Prix,2020-08-30,Circuit de Spa-Francorchamps,Lance Stroll,STR,Racing Point,8.034728360674377,8
2020,7,Belgian Grand Prix,2020-08-30,Circuit de Spa-Francorchamps,Carlos Sainz,SAI,McLaren,9.382560221683413,9
2020,7,Belgian Grand Prix,2020-08-30,Circuit de Spa-Francorchamps,Lando Norris,NOR,McLaren,9.440566834219267,10
2020,7,Belgian Grand Prix,2020-08-30,Circuit de Spa-Francorchamps,Pierre Gasly,GAS,AlphaTauri,11.554991250758556,11
2020,7,Belgian Grand Prix,2020-08-30,Circuit de Spa-Francorchamps,Daniil Kvyat,KVY,AlphaTauri,12.021885205185956,12
2020,7,Belgian Grand Prix,2020-08-30,Circuit de Spa-Francorchamps,Charles Leclerc,LEC,Ferrari,12.32329726183862,13
2020,7,Belgian Grand Prix,2020-08-30,Circuit de Spa-Francorchamps,Sebastian Vettel,VET,Ferrari,13.407763136894376,14
2020,7,Belgian Grand Prix,2020-08-30,Circuit de Spa-Francorchamps,Kimi Räikkönen,RAI,Alfa Romeo,14.862649335794737,15
2020,7,Belgian Grand Prix,2020-08-30,Circuit de Spa-Francorchamps,George Russell,RUS,Williams,15.305668338456499,16
2020,7,Belgian Grand Prix,2020-08-30,Circuit de Spa-Francorchamps,Nicholas Latifi,LAT,Williams,15.537618856013532,17
2020,7,Belgian Grand Prix,2020-08-30,Circuit de Spa-Francorchamps,Antonio Giovinazzi,GIO,Alfa Romeo,15.648788746745792,18
2020,7,Belgian Grand Prix,2020-08-30,Circuit de Spa-Francorchamps,Romain Grosjean,GRO,Haas F1 Team,16.452245216575854,19
2020,7,Belgian Grand Prix,2020-08-30,Circuit de Spa-Francorchamps,Kevin Magnussen,MAG,Haas F1 Team,17.120684830580718,20
2020,8,Italian Grand Prix,2020-09-06,Autodromo Nazionale di Monza,Lewis Hamilton,HAM,Mercedes,1.8606395180196886,1
2020,8,Italian Grand Prix,2020-09-06,Autodromo Nazionale di Monza,Valtteri Bottas,BOT,Mercedes,3.134459808153641,2
2020,8,Italian Grand Prix,2020-09-06,Autodromo Nazionale di Monza,Max Verstappen,VER,Red Bull,5.062011385603893,3
2020,8,Italian Grand Prix,2020-09-06,Autodromo Nazionale di Monza,Sergio Pérez,PER,Racing Point,5.667146621816148,4
2020,8,Italian Grand Prix,2020-09-06,Autodromo Nazionale di Monza,Carlos Sainz,SAI,McLaren,7.2734817446936,5
2020,8,Italian Grand Prix,2020-09-06,Autodromo Nazionale di Monza,Lando Norris,NOR,McLaren,7.743589380855974,6
2020,8,Italian Grand Prix,2020-09-06,Autodromo Nazionale di Monza,Alexander Albon,ALB,Red Bull,7.862487555283573,7
2020,8,Italian Grand Prix,2020-09-06,Autodromo Nazionale di Monza,Daniel Ricciardo,RIC,Renault,7.869535081395919,8
2020,8,Italian Grand Prix,2020-09-06,Autodromo Nazionale di Monza,Lance Stroll,STR,Racing Point,8.879660541617415,9
2020,8,Italian Grand Prix,2020-09-06,Autodromo Nazionale di Monza,Esteban Ocon,OCO,Renault,10.126517440859834,10
2020,8,Italian Grand Prix,2020-09-06,Autodromo Nazionale di Monza,Pierre Gasly,GAS,AlphaTauri,10.365326103990231,11
2020,8,Italian Grand Prix,2020-09-06,Autodromo Nazionale di Monza,Daniil Kvyat,KVY,AlphaTauri,11.256231320255889,12
2020,8,Italian Grand Prix,2020-09-06,Autodromo Nazionale di Monza,Charles Leclerc,LEC,Ferrari,11.46720290419286,13
2020,8,Italian Grand Prix,2020-09-06,Autodromo Nazionale di Monza,Sebastian Vettel,VET,Ferrari,13.474994360861398,14
2020,8,Italian Grand Prix,2020-09-06,Autodromo Nazionale di Monza,Kimi Räikkönen,RAI,Alfa Romeo,14.71711050086371,15
2020,8,Italian Grand Prix,2020-09-06,Autodromo Nazionale di Monza,Antonio Giovinazzi,GIO,Alfa Romeo,15.224347740628575,16
2020,8,Italian Grand Prix,2020-09-06,Autodromo Nazionale di Monza,Kevin Magnussen,MAG,Haas F1 Team,15.283362396071558,17
2020,8,Italian Grand Prix,2020-09-06,Autodromo Nazionale di Monza,Romain Grosjean,GRO,Haas F1 Team,15.603898750216095,18
2020,8,Italian Grand Prix,2020-09-06,Autodromo Nazionale di Monza,Nicholas Latifi,LAT,Williams,16.588405461430604,19
2020,8,Italian Grand Prix,2020-09-06,Autodromo Nazionale di Monza,George Russell,RUS,Williams,16.60275081734526,20
2020,9,Tuscan Grand Prix,2020-09-13,Autodromo Internazionale del Mugello,Lewis Hamilton,HAM,Mercedes,1.7739755157378712,1
2020,9,Tuscan Grand Prix,2020-09-13,Autodromo Internazionale del Mugello,Valtteri Bottas,BOT,Mercedes,3.288926867776225,2
2020,9,Tuscan Grand Prix,2020-09-13,Autodromo Internazionale del Mugello,Max Verstappen,VER,Red Bull,3.737472096845601,3
2020,9,Tuscan Grand Prix,2020-09-13,Autodromo Internazionale del Mugello,Alexander Albon,ALB,Red Bull,5.097515216495895,4
2020,9,Tuscan Grand Prix,2020-09-13,Autodromo Internazionale del Mugello,Sergio Pérez,PER,Racing Point,7.10461863784373,5
2020,9,Tuscan Grand Prix,2020-09-13,Autodromo Internazionale del Mugello,Charles Leclerc,LEC,Ferrari,7.521533727351852,6
2020,9,Tuscan Grand Prix,2020-09-13,Autodromo Internazionale del Mugello,Lance Stroll,STR,Racing Point,7.923095405999908,7
2020,9,Tuscan Grand Prix,2020-09-13,Autodromo Internazionale del Mugello,Esteban Ocon,OCO,Renault,8.895675277526113,8
2020,9,Tuscan Grand Prix,2020-09-13,Autodromo Internazionale del Mugello,Daniel Ricciardo,RIC,Renault,8.956525616138137,9
2020,9,Tuscan Grand Prix,2020-09-13,Autodromo Internazionale del Mugello,Carlos Sainz,SAI,McLaren,10.283407959254129,10
2020,9,Tuscan Grand Prix,2020-09-13,Autodromo Internazionale del Mugello,Pierre Gasly,GAS,AlphaTauri,10.283498493011635,11
2020,9,Tuscan Grand Prix,2020-09-13,Autodromo Internazionale del Mugello,Lando Norris,NOR,McLaren,10.786821837421774,12
2020,9,Tuscan Grand Prix,2020-09-13,Autodromo Internazionale del Mugello,Daniil Kvyat,KVY,AlphaTauri,11.381595540089743,13
2020,9,Tuscan Grand Prix,2020-09-13,Autodromo Internazionale del Mugello,Sebastian Vettel,VET,Ferrari,13.187900200115495,14
2020,9,Tuscan Grand Prix,2020-09-13,Autodromo Internazionale del Mugello,Kimi Räikkönen,RAI,Alfa Romeo,13.381177286820185,15
2020,9,Tuscan Grand Prix,2020-09-13,Autodromo Internazionale del Mugello,Antonio Giovinazzi,GIO,Alfa Romeo,15.093848033187035,16
2020,9,Tuscan Grand Prix,2020-09-13,Autodromo Internazionale del Mugello,Romain Grosjean,GRO,Haas F1 Team,15.750210525848903,17
2020,9,Tuscan Grand Prix,2020-09-13,Autodromo Internazionale del Mugello,George Russell,RUS,Williams,15.924729739092044,18
2020,9,Tuscan Grand Prix,2020-09-13,Autodromo Internazionale del Mugello,Nicholas Latifi,LAT,Williams,16.014300511103347,19
2020,9,Tuscan Grand Prix,2020-09-13,Autodromo Internazionale del Mugello,Kevin Magnussen,MAG,Haas F1 Team,16.783118757351335,20
2020,10,Russian Grand Prix,2020-09-27,Sochi Autodrom,Lewis Hamilton,HAM,Mercedes,2.3528004005506786,1
2020,10,Russian Grand Prix,2020-09-27,Sochi Autodrom,Valtteri Bottas,BOT,Mercedes,3.375030597628831,2
2020,10,Russian Grand Prix,2020-09-27,Sochi Autodrom,Max Verstappen,VER,Red Bull,3.7664436471450693,3
2020,10,Russian Grand Prix,2020-09-27,Sochi Autodrom,Sergio Pérez,PER,Racing Point,4.60503687574599,4
2020,10,Russian Grand Prix,2020-09-27,Sochi Autodrom,Daniel Ricciardo,RIC,Renault,6.3399425296878995,5
2020,10,Russian Grand Prix,2020-09-27,Sochi Autodrom,Carlos Sainz,SAI,McLaren,6.899831104314406,6
2020,10,Russian Grand Prix,2020-09-27,Sochi Autodrom,Esteban Ocon,OCO,Renault,7.618009849479748,7
2020,10,Russian Grand Prix,2020-09-27,Sochi Autodrom,Lando Norris,NOR,McLaren,9.332402698455427,8
2020,10,Russian Grand Prix,2020-09-27,Sochi Autodrom,Lance Stroll,STR,Racing Point,10.120881292477721,9
2020,10,Russian Grand Prix,2020-09-27,Sochi Autodrom,Pierre Gasly,GAS,AlphaTauri,10.159273148115991,10
2020,10,Russian Grand Prix,2020-09-27,Sochi Autodrom,Alexander Albon,ALB,Red Bull,10.521480343994982,11
2020,10,Russian Grand Prix,2020-09-27,Sochi Autodrom,Charles Leclerc,LEC,Ferrari,10.993853297136726,12
2020,10,Russian Grand Prix,2020-09-27,Sochi Autodrom,Daniil Kvyat,KVY,AlphaTauri,11.011412736771621,13
2020,10,Russian Grand Prix,2020-09-27,Sochi Autodrom,Sebastian Vettel,VET,Ferrari,12.45187778447821,14
2020,10,Russian Grand Prix,2020-09-27,Sochi Autodrom,George Russell,RUS,Williams,14.61193078532842,15
2020,10,Russian Grand Prix,2020-09-27,Sochi Autodrom,Kimi Räikkönen,RAI,Alfa Romeo,15.128384453865358,16
2020,10,Russian Grand Prix,2020-09-27,Sochi Autodrom,Antonio Giovinazzi,GIO,Alfa Romeo,15.43837241039626,17
2020,10,Russian Grand Prix,2020-09-27,Sochi Autodrom,Nicholas Latifi,LAT,Williams,15.642750301566766,18
2020,10,Russian Grand Prix,2020-09-27,Sochi Autodrom,Kevin Magnussen,MAG,Haas F1 Team,15.73217518080253,19
2020,10,Russian Grand Prix,2020-09-27,Sochi Autodrom,Romain Grosjean,GRO,Haas F1 Team,16.461651315311887,20
2020,11,Eifel Grand Prix,2020-10-11,Nürburgring,Lewis Hamilton,HAM,Mercedes,2.486943159029466,1
2020,11,Eifel Grand Prix,2020-10-11,Nürburgring,Valtteri Bottas,BOT,Mercedes,3.0814335590013195,2
2020,11,Eifel Grand Prix,2020-10-11,Nürburgring,Max Verstappen,VER,Red Bull,4.6845180486208315,3
2020,11,Eifel Grand Prix,2020-10-11,Nürburgring,Daniel Ricciardo,RIC,Renault,6.097211610829496,4
2020,11,Eifel Grand Prix,2020-10-11,Nürburgring,Alexander Albon,ALB,Red Bull,7.397934463233354,5
2020,11,Eifel Grand Prix,2020-10-11,Nürburgring,Charles Leclerc,LEC,Ferrari,7.445286252069854,6
2020,11,Eifel Grand Prix,2020-10-11,Nürburgring,Sergio Pérez,PER,Racing Point,7.9076073684240855,7
2020,11,Eifel Grand Prix,2020-10-11,Nürburgring,Lando Norris,NOR,McLaren,8.138365941378543,8
2020,11,Eifel Grand Prix,2020-10-11,Nürburgring,Esteban Ocon,OCO,Renault,8.857767568751825,9
2020,11,Eifel Grand Prix,2020-10-11,Nürburgring,Carlos Sainz,SAI,McLaren,10.280975518935751,10
2020,11,Eifel Grand Prix,2020-10-11,Nürburgring,Pierre Gasly,GAS,AlphaTauri,10.375872924358225,11
2020,11,Eifel Grand Prix,2020-10-11,Nürburgring,Sebastian Vettel,VET,Ferrari,11.439774374915023,12
2020,11,Eifel Grand Prix,2020-10-11,Nürburgring,Nico Hülkenberg,HUL,Racing Point,11.952460409630355,13
2020,11,Eifel Grand Prix,2020-10-11,Nürburgring,Daniil Kvyat,KVY,AlphaTauri,12.01359787441708,14
2020,11,Eifel Grand Prix,2020-10-11,Nürburgring,Antonio Giovinazzi,GIO,Alfa Romeo,14.577767881667844,15
2020,11,Eifel Grand Prix,2020-10-11,Nürburgring,Kimi Räikkönen,RAI,Alfa Romeo,14.67186467185553,16
2020,11,Eifel Grand Prix,2020-10-11,Nürburgring,Kevin Magnussen,MAG,Haas F1 Team,14.827998445583864,17
2020,11,Eifel Grand Prix,2020-10-11,Nürburgring,Romain Grosjean,GRO,Haas F1 Team,15.16140703374215,18
2020,11,Eifel Grand Prix,2020-10-11,Nürburgring,George Russell,RUS,Williams,15.385946935672312,19
2020,11,Eifel Grand Prix,2020-10-11,Nürburgring,Nicholas Latifi,LAT,Williams,15.560550183399762,20
2020,12,Portuguese Grand Prix,2020-10-25,Autódromo Internacional do Algarve,Lewis Hamilton,HAM,Mercedes,1.8520745469650335,1
2020,12,Portuguese Grand Prix,2020-10-25,Autódromo Internacional do Algarve,Valtteri Bottas,BOT,Mercedes,2.8743807877255474,2
2020,12,Portuguese Grand Prix,2020-10-25,Autódromo Internacional do Algarve,Max Verstappen,VER,Red Bull,4.331438333348635,3
2020,12,Portuguese Grand Prix,2020-10-25,Autódromo Internacional do Algarve,Alexander Albon,ALB,Red Bull,6.517814411980091,4
2020,12,Portuguese Grand Prix,2020-10-25,Autódromo Internacional do Algarve,Charles Leclerc,LEC,Ferrari,6.622179077811748,5
2020,12,Portuguese Grand Prix,2020-10-25,Autódromo Internacional do Algarve,Sergio Pérez,PER,Racing Point,6.7261647718112645,6
2020,12,Portuguese Grand Prix,2020-10-25,Autódromo Internacional do Algarve,Carlos Sainz,SAI,McLaren,7.242718376596133,7
2020,12,Portuguese Grand Prix,2020-10-25,Autódromo Internacional do Algarve,Lando Norris,NOR,McLaren,8.208454909438887,8
2020,12,Portuguese Grand Prix,2020-10-25,Autódromo Internacional do Algarve,Pierre Gasly,GAS,AlphaTauri,8.35241165936811,9
2020,12,Portuguese Grand Prix,2020-10-25,Autódromo Internacional do Algarve,Daniel Ricciardo,RIC,Renault,10.021255344086187,10
2020,12,Portuguese Grand Prix,2020-10-25,Autódromo Internacional do Algarve,Lance Stroll,STR,Racing Point,11.338042795153548,11
2020,12,Portuguese Grand Prix,2020-10-25,Autódromo Internacional do Algarve,Esteban Ocon,OCO,Renault,11.379087278656936,12
2020,12,Portuguese Grand Prix,2020-10-25,Autódromo Internacional do Algarve,Daniil Kvyat,KVY,AlphaTauri,12.235250255798249,13
2020,12,Portuguese Grand Prix,2020-10-25,Autódromo Internacional do Algarve,Sebastian Vettel,VET,Ferrari,12.839148997165594,14
2020,12,Portuguese Grand Prix,2020-10-25,Autódromo Internacional do Algarve,Kimi Räikkönen,RAI,Alfa Romeo,13.946408521431115,15
2020,12,Portuguese Grand Prix,2020-10-25,Autódromo Internacional do Algarve,George Russell,RUS,Williams,14.645298304377194,16
2020,12,Portuguese Grand Prix,2020-10-25,Autódromo Internacional do Algarve,Kevin Magnussen,MAG,Haas F1 Team,15.249919062796993,17
2020,12,Portuguese Grand Prix,2020-10-25,Autódromo Internacional do Algarve,Romain Grosjean,GRO,Haas F1 Team,15.384118785900665,18
2020,12,Portuguese Grand Prix,2020-10-25,Autódromo Internacional do Algarve,Antonio Giovinazzi,GIO,Alfa Romeo,15.651801729432204,19
2020,12,Portuguese Grand Prix,2020-10-25,Autódromo Internacional do Algarve,Nicholas Latifi,LAT,Williams,15.81126245270346,20
2020,13,Emilia Romagna Grand Prix,2020-11-01,Autodromo Enzo e Dino Ferrari,Lewis Hamilton,HAM,Mercedes,2.447005108203824,1
2020,13,Emilia Romagna Grand Prix,2020-11-01,Autodromo Enzo e Dino Ferrari,Valtteri Bottas,BOT,Mercedes,3.3454931526758482,2
2020,13,Emilia Romagna Grand Prix,2020-11-01,Autodromo Enzo e Dino Ferrari,Max Verstappen,VER,Red Bull,4.653796880327817,3
2020,13,Emilia Romagna Grand Prix,2020-11-01,Autodromo Enzo e Dino Ferrari,Pierre Gasly,GAS,AlphaTauri,4.983579755138511,4
2020,13,Emilia Romagna Grand Prix,2020-11-01,Autodromo Enzo e Dino Ferrari,Daniel Ricciardo,RIC,Renault,6.095394331399147,5
2020,13,Emilia Romagna Grand Prix,2020-11-01,Autodromo Enzo e Dino Ferrari,Charles Leclerc,LEC,Ferrari,7.917934116809051,6
2020,13,Emilia Romagna Grand Prix,2020-11-01,Autodromo Enzo e Dino Ferrari,Alexander Albon,ALB,Red Bull,8.013349329460892,7
2020,13,Emilia Romagna Grand Prix,2020-11-01,Autodromo Enzo e Dino Ferrari,Daniil Kvyat,KVY,AlphaTauri,9.303903803202106,8
2020,13,Emilia Romagna Grand Prix,2020-11-01,Autodromo Enzo e Dino Ferrari,Sergio Pérez,PER,Racing Point,9.725539314259253,9
2020,13,Emilia Romagna Grand Prix,2020-11-01,Autodromo Enzo e Dino Ferrari,Lando Norris,NOR,McLaren,10.221168380239584,10
2020,13,Emilia Romagna Grand Prix,2020-11-01,Autodromo Enzo e Dino Ferrari,Esteban Ocon,OCO,Renault,10.390714564228807,11
2020,13,Emilia Romagna Grand Prix,2020-11-01,Autodromo Enzo e Dino Ferrari,Carlos Sainz,SAI,McLaren,10.524975773675626,12
2020,13,Emilia Romagna Grand Prix,2020-11-01,Autodromo Enzo e Dino Ferrari,Lance Stroll,STR,Racing Point,11.44847226699164,13
2020,13,Emilia Romagna Grand Prix,2020-11-01,Autodromo Enzo e Dino Ferrari,Sebastian Vettel,VET,Ferrari,12.782242772352683,14
2020,13,Emilia Romagna Grand Prix,2020-11-01,Autodromo Enzo e Dino Ferrari,Romain Grosjean,GRO,Haas F1 Team,14.251091562632054,15
2020,13,Emilia Romagna Grand Prix,2020-11-01,Autodromo Enzo e Dino Ferrari,George Russell,RUS,Williams,14.458601527910353,16
2020,13,Emilia Romagna Grand Prix,2020-11-01,Autodromo Enzo e Dino Ferrari,Antonio Giovinazzi,GIO,Alfa Romeo,14.617514443740372,17
2020,13,Emilia Romagna Grand Prix,2020-11-01,Autodromo Enzo e Dino Ferrari,Kimi Räikkönen,RAI,Alfa Romeo,14.800487932218315,18
2020,13,Emilia Romagna Grand Prix,2020-11-01,Autodromo Enzo e Dino Ferrari,Kevin Magnussen,MAG,Haas F1 Team,15.324951953647568,19
2020,13,Emilia Romagna Grand Prix,2020-11-01,Autodromo Enzo e Dino Ferrari,Nicholas Latifi,LAT,Williams,15.378853726093574,20
2020,14,Turkish Grand Prix,2020-11-15,Istanbul Park,Max Verstappen,VER,Red Bull,3.5687492969805343,1
2020,14,Turkish Grand Prix,2020-11-15,Istanbul Park,Sergio Pérez,PER,Racing Point,4.761517039022847,2
2020,14,Turkish Grand Prix,2020-11-15,Istanbul Park,Lewis Hamilton,HAM,Mercedes,5.2273511831081825,3
2020,14,Turkish Grand Prix,2020-11-15,Istanbul Park,Alexander Albon,ALB,Red Bull,5.845259144722759,4
2020,14,Turkish Grand Prix,2020-11-15,Istanbul Park,Lance Stroll,STR,Racing Point,6.202060651093139,5
2020,14,Turkish Grand Prix,2020-11-15,Istanbul Park,Daniel Ricciardo,RIC,Renault,7.258459422341512,6
2020,14,Turkish Grand Prix,2020-11-15,Istanbul Park,Valtteri Bottas,BOT,Mercedes,7.404608764757768,7
2020,14,Turkish Grand Prix,2020-11-15,Istanbul Park,Esteban Ocon,OCO,Renault,8.57998049069478,8
2020,14,Turkish Grand Prix,2020-11-15,Istanbul Park,Charles Leclerc,LEC,Ferrari,9.383353441324287,9
2020,14,Turkish Grand Prix,2020-11-15,Istanbul Park,Sebastian Vettel,VET,Ferrari,10.117136101896266,10
2020,14,Turkish Grand Prix,2020-11-15,Istanbul Park,Lando Norris,NOR,McLaren,10.659677038860988,11
2020,14,Turkish Grand Prix,2020-11-15,Istanbul Park,Kimi Räikkönen,RAI,Alfa Romeo,11.065919709556107,12
2020,14,Turkish Grand Prix,2020-11-15,Istanbul Park,Antonio Giovinazzi,GIO,Alfa Romeo,11.427237916786705,13
2020,14,Turkish Grand Prix,2020-11-15,Istanbul Park,Pierre Gasly,GAS,AlphaTauri,12.205798475500211,14
2020,14,Turkish Grand Prix,2020-11-15,Istanbul Park,Daniil Kvyat,KVY,AlphaTauri,12.342614181697021,15
2020,14,Turkish Grand Prix,2020-11-15,Istanbul Park,Carlos Sainz,SAI,McLaren,12.499263623514908,16
2020,14,Turkish Grand Prix,2020-11-15,Istanbul Park,Kevin Magnussen,MAG,Haas F1 Team,14.866351861649168,17
2020,14,Turkish Grand Prix,2020-11-15,Istanbul Park,George Russell,RUS,Williams,15.036779811927506,18
2020,14,Turkish Grand Prix,2020-11-15,Istanbul Park,Romain Grosjean,GRO,Haas F1 Team,15.310582850457994,19
2020,14,Turkish Grand Prix,2020-11-15,Istanbul Park,Nicholas Latifi,LAT,Williams,15.482197418552284,20
2020,15,Bahrain Grand Prix,2020-11-29,Bahrain International Circuit,Lewis Hamilton,HAM,Mercedes,1.75550232801248,1
2020,15,Bahrain Grand Prix,2020-11-29,Bahrain International Circuit,Valtteri Bottas,BOT,Mercedes,3.4396220530321857,2
2020,15,Bahrain Grand Prix,2020-11-29,Bahrain International Circuit,Max Verstappen,VER,Red Bull,4.200999231561422,3
2020,15,Bahrain Grand Prix,2020-11-29,Bahrain International Circuit,Sergio Pérez,PER,Racing Point,5.640460583617747,4
2020,15,Bahrain Grand Prix,2020-11-29,Bahrain International Circuit,Alexander Albon,ALB,Red Bull,5.714684642691735,5
2020,15,Bahrain Grand Prix,2020-11-29,Bahrain International Circuit,Daniel Ricciardo,RIC,Renault,7.238683118950265,6
2020,15,Bahrain Grand Prix,2020-11-29,Bahrain International Circuit,Pierre Gasly,GAS,AlphaTauri,8.448688141061634,7
2020,15,Bahrain Grand Prix,2020-11-29,Bahrain International Circuit,Esteban Ocon,OCO,Renault,8.697068326682139,8
2020,15,Bahrain Grand Prix,2020-11-29,Bahrain International Circuit,Lando Norris,NOR,McLaren,9.409222524889639,9
2020,15,Bahrain Grand Prix,2020-11-29,Bahrain International Circuit,Carlos Sainz,SAI,McLaren,9.447204924297806,10
2020,15,Bahrain Grand Prix,2020-11-29,Bahrain International Circuit,Daniil Kvyat,KVY,AlphaTauri,10.573651030290872,11
2020,15,Bahrain Grand Prix,2020-11-29,Bahrain International Circuit,Charles Leclerc,LEC,Ferrari,10.730656649620808,12
2020,15,Bahrain Grand Prix,2020-11-29,Bahrain International Circuit,Sebastian Vettel,VET,Ferrari,10.954679571328656,13
2020,15,Bahrain Grand Prix,2020-11-29,Bahrain International Circuit,Lance Stroll,STR,Racing Point,11.829969878113312,14
2020,15,Bahrain Grand Prix,2020-11-29,Bahrain International Circuit,Antonio Giovinazzi,GIO,Alfa Romeo,14.206150073769358,15
2020,15,Bahrain Grand Prix,2020-11-29,Bahrain International Circuit,Kimi Räikkönen,RAI,Alfa Romeo,14.535270716736246,16
2020,15,Bahrain Grand Prix,2020-11-29,Bahrain International Circuit,Kevin Magnussen,MAG,Haas F1 Team,15.54482369059804,17
2020,15,Bahrain Grand Prix,2020-11-29,Bahrain International Circuit,George Russell,RUS,Williams,15.933417452866031,18
2020,15,Bahrain Grand Prix,2020-11-29,Bahrain International Circuit,Romain Grosjean,GRO,Haas F1 Team,15.951830275325033,19
2020,15,Bahrain Grand Prix,2020-11-29,Bahrain International Circuit,Nicholas Latifi,LAT,Williams,16.19038876777671,20
2020,16,Sakhir Grand Prix,2020-12-06,Bahrain International Circuit,Valtteri Bottas,BOT,Mercedes,3.735206869480719,1
2020,16,Sakhir Grand Prix,2020-12-06,Bahrain International Circuit,Max Verstappen,VER,Red Bull,4.2390255538548285,2
2020,16,Sakhir Grand Prix,2020-12-06,Bahrain International Circuit,George Russell,RUS,Mercedes,5.0147433556937795,3
2020,16,Sakhir Grand Prix,2020-12-06,Bahrain International Circuit,Sergio Pérez,PER,Racing Point,5.312073106389417,4
2020,16,Sakhir Grand Prix,2020-12-06,Bahrain International Circuit,Charles Leclerc,LEC,Ferrari,6.461590408157798,5
2020,16,Sakhir Grand Prix,2020-12-06,Bahrain International Circuit,Daniel Ricciardo,RIC,Renault,8.145636942540397,6
2020,16,Sakhir Grand Prix,2020-12-06,Bahrain International Circuit,Daniil Kvyat,KVY,AlphaTauri,8.376756571323025,7
2020,16,Sakhir Grand Prix,2020-12-06,Bahrain International Circuit,Carlos Sainz,SAI,McLaren,8.667988476908128,8
2020,16,Sakhir Grand Prix,2020-12-06,Bahrain International Circuit,Pierre Gasly,GAS,AlphaTauri,8.681195261537987,9
2020,16,Sakhir Grand Prix,2020-12-06,Bahrain International Circuit,Alexander Albon,ALB,Red Bull,8.973427943685426,10
2020,16,Sakhir Grand Prix,2020-12-06,Bahrain International Circuit,Esteban Ocon,OCO,Renault,9.611035945932201,11
2020,16,Sakhir Grand Prix,2020-12-06,Bahrain International Circuit,Lance Stroll,STR,Racing Point,10.722864822355834,12
2020,16,Sakhir Grand Prix,2020-12-06,Bahrain International Circuit,Lando Norris,NOR,McLaren,11.191565218982177,13
2020,16,Sakhir Grand Prix,2020-12-06,Bahrain International Circuit,Sebastian Vettel,VET,Ferrari,11.581253664754923,14
2020,16,Sakhir Grand Prix,2020-12-06,Bahrain International Circuit,Antonio Giovinazzi,GIO,Alfa Romeo,13.901568601001722,15
2020,16,Sakhir Grand Prix,2020-12-06,Bahrain International Circuit,Kimi Räikkönen,RAI,Alfa Romeo,14.617364843559901,16
2020,16,Sakhir Grand Prix,2020-12-06,Bahrain International Circuit,Kevin Magnussen,MAG,Haas F1 Team,15.2973884866635,17
2020,16,Sakhir Grand Prix,2020-12-06,Bahrain International Circuit,Nicholas Latifi,LAT,Williams,15.365330988554868,18
2020,16,Sakhir Grand Prix,2020-12-06,Bahrain International Circuit,Jack Aitken,AIT,Williams,15.664272284368039,19
2020,16,Sakhir Grand Prix,2020-12-06,Bahrain International Circuit,Pietro Fittipaldi,FIT,Haas F1 Team,16.143328913707105,20
2020,17,Abu Dhabi Grand Prix,2020-12-13,Yas Marina Circuit,Lewis Hamilton,HAM,Mercedes,2.766563400677944,1
2020,17,Abu Dhabi Grand Prix,2020-12-13,Yas Marina Circuit,Max Verstappen,VER,Red Bull,3.2159358447388926,2
2020,17,Abu Dhabi Grand Prix,2020-12-13,Yas Marina Circuit,Valtteri Bottas,BOT,Mercedes,3.7689254379542665,3
2020,17,Abu Dhabi Grand Prix,2020-12-13,Yas Marina Circuit,Lando Norris,NOR,McLaren,5.374634708878328,4
2020,17,Abu Dhabi Grand Prix,2020-12-13,Yas Marina Circuit,Alexander Albon,ALB,Red Bull,5.862280630668506,5
2020,17,Abu Dhabi Grand Prix,2020-12-13,Yas Marina Circuit,Carlos Sainz,SAI,McLaren,6.899733033189721,6
2020,17,Abu Dhabi Grand Prix,2020-12-13,Yas Marina Circuit,Esteban Ocon,OCO,Renault,8.47210177375678,7
2020,17,Abu Dhabi Grand Prix,2020-12-13,Yas Marina Circuit,Lance Stroll,STR,Racing Point,8.753523068902895,8
2020,17,Abu Dhabi Grand Prix,2020-12-13,Yas Marina Circuit,Sergio Pérez,PER,Racing Point,9.027067247935348,9
2020,17,Abu Dhabi Grand Prix,2020-12-13,Yas Marina Circuit,Daniil Kvyat,KVY,AlphaTauri,9.279172026247407,10
2020,17,Abu Dhabi Grand Prix,2020-12-13,Yas Marina Circuit,Daniel Ricciardo,RIC,Renault,9.76637735354397,11
2020,17,Abu Dhabi Grand Prix,2020-12-13,Yas Marina Circuit,Charles Leclerc,LEC,Ferrari,10.385510878324446,12
2020,17,Abu Dhabi Grand Prix,2020-12-13,Yas Marina Circuit,Pierre Gasly,GAS,AlphaTauri,10.583903186607248,13
2020,17,Abu Dhabi Grand Prix,2020-12-13,Yas Marina Circuit,Sebastian Vettel,VET,Ferrari,11.993824682392964,14
2020,17,Abu Dhabi Grand Prix,2020-12-13,Yas Marina Circuit,Kimi Räikkönen,RAI,Alfa Romeo,13.978588354298823,15
2020,17,Abu Dhabi Grand Prix,2020-12-13,Yas Marina Circuit,Antonio Giovinazzi,GIO,Alfa Romeo,14.214169410856682,16
2020,17,Abu Dhabi Grand Prix,2020-12-13,Yas Marina Circuit,George Russell,RUS,Williams,15.023020509690891,17
2020,17,Abu Dhabi Grand Prix,2020-12-13,Yas Marina Circuit,Kevin Magnussen,MAG,Haas F1 Team,16.047791617153067,18
2020,17,Abu Dhabi Grand Prix,2020-12-13,Yas Marina Circuit,Nicholas Latifi,LAT,Williams,16.5139141248993,19
2020,17,Abu Dhabi Grand Prix,2020-12-13,Yas Marina Circuit,Pietro Fittipaldi,FIT,Haas F1 Team,16.55543258845123,20
2021,1,Bahrain Grand Prix,2021-03-28,Bahrain International Circuit,Lewis Hamilton,HAM,Mercedes,2.182757146493867,1
2021,1,Bahrain Grand Prix,2021-03-28,Bahrain International Circuit,Max Verstappen,VER,Red Bull,3.174091002398659,2
2021,1,Bahrain Grand Prix,2021-03-28,Bahrain International Circuit,Valtteri Bottas,BOT,Mercedes,4.041170002018121,3
2021,1,Bahrain Grand Prix,2021-03-28,Bahrain International Circuit,Lando Norris,NOR,McLaren,6.978059926663951,4
2021,1,Bahrain Grand Prix,2021-03-28,Bahrain International Circuit,Charles Leclerc,LEC,Ferrari,7.0935503965683635,5
2021,1,Bahrain Grand Prix,2021-03-28,Bahrain International Circuit,Daniel Ricciardo,RIC,McLaren,7.192888670924365,6
2021,1,Bahrain Grand Prix,2021-03-28,Bahrain International Circuit,Carlos Sainz,SAI,Ferrari,8.15514481807669,7
2021,1,Bahrain Grand Prix,2021-03-28,Bahrain International Circuit,Pierre Gasly,GAS,AlphaTauri,8.185391834657768,8
2021,1,Bahrain Grand Prix,2021-03-28,Bahrain International Circuit,Sergio Pérez,PER,Red Bull,8.510477805281873,9
2021,1,Bahrain Grand Prix,2021-03-28,Bahrain International Circuit,Lance Stroll,STR,Aston Martin,11.086752939834602,10
2021,1,Bahrain Grand Prix,2021-03-28,Bahrain International Circuit,Fernando Alonso,ALO,Alpine F1 Team,11.814196829028305,11
2021,1,Bahrain Grand Prix,2021-03-28,Bahrain International Circuit,Antonio Giovinazzi,GIO,Alfa Romeo,12.563514904204995,12
2021,1,Bahrain Grand Prix,2021-03-28,Bahrain International Circuit,Esteban Ocon,OCO,Alpine F1 Team,12.599386262828718,13
2021,1,Bahrain Grand Prix,2021-03-28,Bahrain International Circuit,Yuki Tsunoda,TSU,AlphaTauri,12.978119551145827,14
2021,1,Bahrain Grand Prix,2021-03-28,Bahrain International Circuit,Kimi Räikkönen,RAI,Alfa Romeo,13.045476806836849,15
2021,1,Bahrain Grand Prix,2021-03-28,Bahrain International Circuit,Sebastian Vettel,VET,Aston Martin,14.131114584745328,16
2021,1,Bahrain Grand Prix,2021-03-28,Bahrain International Circuit,George Russell,RUS,Williams,14.7514578305429,17
2021,1,Bahrain Grand Prix,2021-03-28,Bahrain International Circuit,Nicholas Latifi,LAT,Williams,15.802332927780245,18
2021,1,Bahrain Grand Prix,2021-03-28,Bahrain International Circuit,Mick Schumacher,MSC,Haas F1 Team,15.95185038942545,19
2021,1,Bahrain Grand Prix,2021-03-28,Bahrain International Circuit,Nikita Mazepin,MAZ,Haas F1 Team,17.05290601510012,20
2021,2,Emilia Romagna Grand Prix,2021-04-18,Autodromo Enzo e Dino Ferrari,Lewis Hamilton,HAM,Mercedes,1.929292453433558,1
2021,2,Emilia Romagna Grand Prix,2021-04-18,Autodromo Enzo e Dino Ferrari,Max Verstappen,VER,Red Bull,3.9400456077963972,2
2021,2,Emilia Romagna Grand Prix,2021-04-18,Autodromo Enzo e Dino Ferrari,Sergio Pérez,PER,Red Bull,4.276346298912735,3
2021,2,Emilia Romagna Grand Prix,2021-04-18,Autodromo Enzo e Dino Ferrari,Charles Leclerc,LEC,Ferrari,6.122818749229012,4
2021,2,Emilia Romagna Grand Prix,2021-04-18,Autodromo Enzo e Dino Ferrari,Lando Norris,NOR,McLaren,6.8629028689182086,5
2021,2,Emilia Romagna Grand Prix,2021-04-18,Autodromo Enzo e Dino Ferrari,Valtteri Bottas,BOT,Mercedes,6.938172325709115,6
2021,2,Emilia Romagna Grand Prix,2021-04-18,Autodromo Enzo e Dino Ferrari,Daniel Ricciardo,RIC,McLaren,7.561306337736401,7
2021,2,Emilia Romagna Grand Prix,2021-04-18,Autodromo Enzo e Dino Ferrari,Pierre Gasly,GAS,AlphaTauri,8.146067913542666,8
2021,2,Emilia Romagna Grand Prix,2021-04-18,Autodromo Enzo e Dino Ferrari,Carlos Sainz,SAI,Ferrari,8.988121170453505,9
2021,2,Emilia Romagna Grand Prix,2021-04-18,Autodromo Enzo e Dino Ferrari,Lance Stroll,STR,Aston Martin,11.112382239731753,10
2021,2,Emilia Romagna Grand Prix,2021-04-18,Autodromo Enzo e Dino Ferrari,Esteban Ocon,OCO,Alpine F1 Team,11.581754370792225,11
2021,2,Emilia Romagna Grand Prix,2021-04-18,Autodromo Enzo e Dino Ferrari,Sebastian Vettel,VET,Aston Martin,13.230723888008578,12
2021,2,Emilia Romagna Grand Prix,2021-04-18,Autodromo Enzo e Dino Ferrari,George Russell,RUS,Williams,13.509024909079043,13
2021,2,Emilia Romagna Grand Prix,2021-04-18,Autodromo Enzo e Dino Ferrari,Fernando Alonso,ALO,Alpine F1 Team,13.692360163719203,14
2021,2,Emilia Romagna Grand Prix,2021-04-18,Autodromo Enzo e Dino Ferrari,Yuki Tsunoda,TSU,AlphaTauri,14.297688729246456,15
2021,2,Emilia Romagna Grand Prix,2021-04-18,Autodromo Enzo e Dino Ferrari,Kimi Räikkönen,RAI,Alfa Romeo,14.50486716356687,16
2021,2,Emilia Romagna Grand Prix,2021-04-18,Autodromo Enzo e Dino Ferrari,Nicholas Latifi,LAT,Williams,14.527923838483089,17
2021,2,Emilia Romagna Grand Prix,2021-04-18,Autodromo Enzo e Dino Ferrari,Antonio Giovinazzi,GIO,Alfa Romeo,15.033957024404556,18
2021,2,Emilia Romagna Grand Prix,2021-04-18,Autodromo Enzo e Dino Ferrari,Mick Schumacher,MSC,Haas F1 Team,16.652292045229544,19
2021,2,Emilia Romagna Grand Prix,2021-04-18,Autodromo Enzo e Dino Ferrari,Nikita Mazepin,MAZ,Haas F1 Team,16.92165340546732,20
2021,3,Portuguese Grand Prix,2021-05-02,Autódromo Internacional do Algarve,Lewis Hamilton,HAM,Mercedes,2.182757146493867,1
2021,3,Portuguese Grand Prix,2021-05-02,Autódromo Internacional do Algarve,Valtteri Bottas,BOT,Mercedes,3.294543980804864,2
2021,3,Portuguese Grand Prix,2021-05-02,Autódromo Internacional do Algarve,Max Verstappen,VER,Red Bull,3.4361639436064095,3
2021,3,Portuguese Grand Prix,2021-05-02,Autódromo Internacional do Algarve,Sergio Pérez,PER,Red Bull,4.446455374375908,4
2021,3,Portuguese Grand Prix,2021-05-02,Autódromo Internacional do Algarve,Carlos Sainz,SAI,Ferrari,6.7453494204226025,5
2021,3,Portuguese Grand Prix,2021-05-02,Autódromo Internacional do Algarve,Lando Norris,NOR,McLaren,7.366955310978092,6
2021,3,Portuguese Grand Prix,2021-05-02,Autódromo Internacional do Algarve,Esteban Ocon,OCO,Alpine F1 Team,7.759384150349354,7
2021,3,Portuguese Grand Prix,2021-05-02,Autódromo Internacional do Algarve,Charles Leclerc,LEC,Ferrari,8.478597550303602,8
2021,3,Portuguese Grand Prix,2021-05-02,Autódromo Internacional do Algarve,Pierre Gasly,GAS,AlphaTauri,10.284762723950113,9
2021,3,Portuguese Grand Prix,2021-05-02,Autódromo Internacional do Algarve,Daniel Ricciardo,RIC,McLaren,10.596661382683573,10
2021,3,Portuguese Grand Prix,2021-05-02,Autódromo Internacional do Algarve,Sebastian Vettel,VET,Aston Martin,11.883550793876882,11
2021,3,Portuguese Grand Prix,2021-05-02,Autódromo Internacional do Algarve,Fernando Alonso,ALO,Alpine F1 Team,12.954663961575001,12
2021,3,Portuguese Grand Prix,2021-05-02,Autódromo Internacional do Algarve,Antonio Giovinazzi,GIO,Alfa Romeo,13.00388716130472,13
2021,3,Portuguese Grand Prix,2021-05-02,Autódromo Internacional do Algarve,George Russell,RUS,Williams,13.013653022284783,14
2021,3,Portuguese Grand Prix,2021-05-02,Autódromo Internacional do Algarve,Lance Stroll,STR,Aston Martin,13.418672999919384,15
2021,3,Portuguese Grand Prix,2021-05-02,Autódromo Internacional do Algarve,Yuki Tsunoda,TSU,AlphaTauri,13.791031793103418,16
2021,3,Portuguese Grand Prix,2021-05-02,Autódromo Internacional do Algarve,Kimi Räikkönen,RAI,Alfa Romeo,13.919101390915078,17
2021,3,Portuguese Grand Prix,2021-05-02,Autódromo Internacional do Algarve,Nicholas Latifi,LAT,Williams,16.20554997893349,18
2021,3,Portuguese Grand Prix,2021-05-02,Autódromo Internacional do Algarve,Mick Schumacher,MSC,Haas F1 Team,16.27528265317856,19
2021,3,Portuguese Grand Prix,2021-05-02,Autódromo Internacional do Algarve,Nikita Mazepin,MAZ,Haas F1 Team,17.311690687037103,20
2021,4,Spanish Grand Prix,2021-05-09,Circuit de Barcelona-Catalunya,Lewis Hamilton,HAM,Mercedes,1.8860395936653604,1
2021,4,Spanish Grand Prix,2021-05-09,Circuit de Barcelona-Catalunya,Max Verstappen,VER,Red Bull,3.1568105231683283,2
2021,4,Spanish Grand Prix,2021-05-09,Circuit de Barcelona-Catalunya,Valtteri Bottas,BOT,Mercedes,3.970470688236423,3
2021,4,Spanish Grand Prix,2021-05-09,Circuit de Barcelona-Catalunya,Charles Leclerc,LEC,Ferrari,5.77111239038831,4
2021,4,Spanish Grand Prix,2021-05-09,Circuit de Barcelona-Catalunya,Carlos Sainz,SAI,Ferrari,7.17648509035522,5
2021,4,Spanish Grand Prix,2021-05-09,Circuit de Barcelona-Catalunya,Lando Norris,NOR,McLaren,7.8389177860497865,6
2021,4,Spanish Grand Prix,2021-05-09,Circuit de Barcelona-Catalunya,Sergio Pérez,PER,Red Bull,7.9255918317274645,7
2021,4,Spanish Grand Prix,2021-05-09,Circuit de Barcelona-Catalunya,Daniel Ricciardo,RIC,McLaren,7.948463797702196,8
2021,4,Spanish Grand Prix,2021-05-09,Circuit de Barcelona-Catalunya,Esteban Ocon,OCO,Alpine F1 Team,8.463373669919337,9
2021,4,Spanish Grand Prix,2021-05-09,Circuit de Barcelona-Catalunya,Pierre Gasly,GAS,AlphaTauri,10.654907078361347,10
2021,4,Spanish Grand Prix,2021-05-09,Circuit de Barcelona-Catalunya,Fernando Alonso,ALO,Alpine F1 Team,11.212346033751968,11
2021,4,Spanish Grand Prix,2021-05-09,Circuit de Barcelona-Catalunya,Lance Stroll,STR,Aston Martin,11.970931242290021,12
2021,4,Spanish Grand Prix,2021-05-09,Circuit de Barcelona-Catalunya,Sebastian Vettel,VET,Aston Martin,12.713870023230674,13
2021,4,Spanish Grand Prix,2021-05-09,Circuit de Barcelona-Catalunya,Yuki Tsunoda,TSU,AlphaTauri,13.98266523832891,14
2021,4,Spanish Grand Prix,2021-05-09,Circuit de Barcelona-Catalunya,Antonio Giovinazzi,GIO,Alfa Romeo,14.028230034537112,15
2021,4,Spanish Grand Prix,2021-05-09,Circuit de Barcelona-Catalunya,Kimi Räikkönen,RAI,Alfa Romeo,14.062045422679057,16
2021,4,Spanish Grand Prix,2021-05-09,Circuit de Barcelona-Catalunya,George Russell,RUS,Williams,14.908859026931845,17
2021,4,Spanish Grand Prix,2021-05-09,Circuit de Barcelona-Catalunya,Nicholas Latifi,LAT,Williams,15.894792404206143,18
2021,4,Spanish Grand Prix,2021-05-09,Circuit de Barcelona-Catalunya,Mick Schumacher,MSC,Haas F1 Team,16.67949385534073,19
2021,4,Spanish Grand Prix,2021-05-09,Circuit de Barcelona-Catalunya,Nikita Mazepin,MAZ,Haas F1 Team,17.33889249714829,20
2021,5,Monaco Grand Prix,2021-05-23,Circuit de Monaco,Max Verstappen,VER,Red Bull,2.9898491655906088,1
2021,5,Monaco Grand Prix,2021-05-23,Circuit de Monaco,Valtteri Bottas,BOT,Mercedes,3.962808704192575,2
2021,5,Monaco Grand Prix,2021-05-23,Circuit de Monaco,Charles Leclerc,LEC,Ferrari,4.463262427945277,3
2021,5,Monaco Grand Prix,2021-05-23,Circuit de Monaco,Carlos Sainz,SAI,Ferrari,4.72341774253325,4
2021,5,Monaco Grand Prix,2021-05-23,Circuit de Monaco,Lewis Hamilton,HAM,Mercedes,4.995820569374269,5
2021,5,Monaco Grand Prix,2021-05-23,Circuit de Monaco,Lando Norris,NOR,McLaren,5.675185338619122,6
2021,5,Monaco Grand Prix,2021-05-23,Circuit de Monaco,Sergio Pérez,PER,Red Bull,7.291157589567161,7
2021,5,Monaco Grand Prix,2021-05-23,Circuit de Monaco,Pierre Gasly,GAS,AlphaTauri,8.046495466391347,8
2021,5,Monaco Grand Prix,2021-05-23,Circuit de Monaco,Sebastian Vettel,VET,Aston Martin,10.36355225258305,9
2021,5,Monaco Grand Prix,2021-05-23,Circuit de Monaco,Daniel Ricciardo,RIC,McLaren,10.762006519914587,10
2021,5,Monaco Grand Prix,2021-05-23,Circuit de Monaco,Antonio Giovinazzi,GIO,Alfa Romeo,11.638392150494504,11
2021,5,Monaco Grand Prix,2021-05-23,Circuit de Monaco,Esteban Ocon,OCO,Alpine F1 Team,12.37663606051103,12
2021,5,Monaco Grand Prix,2021-05-23,Circuit de Monaco,Lance Stroll,STR,Aston Martin,12.96445932549412,13
2021,5,Monaco Grand Prix,2021-05-23,Circuit de Monaco,Kimi Räikkönen,RAI,Alfa Romeo,13.153956970049839,14
2021,5,Monaco Grand Prix,2021-05-23,Circuit de Monaco,Fernando Alonso,ALO,Alpine F1 Team,14.183370606144525,15
2021,5,Monaco Grand Prix,2021-05-23,Circuit de Monaco,George Russell,RUS,Williams,15.305668338456499,16
2021,5,Monaco Grand Prix,2021-05-23,Circuit de Monaco,Nicholas Latifi,LAT,Williams,15.467529927512292,17
2021,5,Monaco Grand Prix,2021-05-23,Circuit de Monaco,Yuki Tsunoda,TSU,AlphaTauri,15.801127286133639,18
2021,5,Monaco Grand Prix,2021-05-23,Circuit de Monaco,Nikita Mazepin,MAZ,Haas F1 Team,16.234103019617116,19
2021,5,Monaco Grand Prix,2021-05-23,Circuit de Monaco,Mick Schumacher,MSC,Haas F1 Team,17.521743394719525,20
2021,6,Azerbaijan Grand Prix,2021-06-06,Baku City Circuit,Lewis Hamilton,HAM,Mercedes,2.4411622947576554,1
2021,6,Azerbaijan Grand Prix,2021-06-06,Baku City Circuit,Charles Leclerc,LEC,Ferrari,3.6317568763461834,2
2021,6,Azerbaijan Grand Prix,2021-06-06,Baku City Circuit,Max Verstappen,VER,Red Bull,3.8531429518642226,3
2021,6,Azerbaijan Grand Prix,2021-06-06,Baku City Circuit,Sergio Pérez,PER,Red Bull,5.691174933854413,4
2021,6,Azerbaijan Grand Prix,2021-06-06,Baku City Circuit,Carlos Sainz,SAI,Ferrari,5.948998435601709,5
2021,6,Azerbaijan Grand Prix,2021-06-06,Baku City Circuit,Lando Norris,NOR,McLaren,6.07095188580228,6
2021,6,Azerbaijan Grand Prix,2021-06-06,Baku City Circuit,Pierre Gasly,GAS,AlphaTauri,6.868375794580287,7
2021,6,Azerbaijan Grand Prix,2021-06-06,Baku City Circuit,Valtteri Bottas,BOT,Mercedes,10.188478838562784,8
2021,6,Azerbaijan Grand Prix,2021-06-06,Baku City Circuit,Fernando Alonso,ALO,Alpine F1 Team,10.263405018714614,9
2021,6,Azerbaijan Grand Prix,2021-06-06,Baku City Circuit,Daniel Ricciardo,RIC,McLaren,10.30800268585451,10
2021,6,Azerbaijan Grand Prix,2021-06-06,Baku City Circuit,Yuki Tsunoda,TSU,AlphaTauri,10.682037638947898,11
2021,6,Azerbaijan Grand Prix,2021-06-06,Baku City Circuit,Esteban Ocon,OCO,Alpine F1 Team,11.648819905919883,12
2021,6,Azerbaijan Grand Prix,2021-06-06,Baku City Circuit,Sebastian Vettel,VET,Aston Martin,12.005435059237614,13
2021,6,Azerbaijan Grand Prix,2021-06-06,Baku City Circuit,Kimi Räikkönen,RAI,Alfa Romeo,13.359352494020767,14
2021,6,Azerbaijan Grand Prix,2021-06-06,Baku City Circuit,Lance Stroll,STR,Aston Martin,13.629169746653856,15
2021,6,Azerbaijan Grand Prix,2021-06-06,Baku City Circuit,Antonio Giovinazzi,GIO,Alfa Romeo,14.13137923423208,16
2021,6,Azerbaijan Grand Prix,2021-06-06,Baku City Circuit,George Russell,RUS,Williams,15.28990644044428,17
2021,6,Azerbaijan Grand Prix,2021-06-06,Baku City Circuit,Nicholas Latifi,LAT,Williams,16.20030026376867,18
2021,6,Azerbaijan Grand Prix,2021-06-06,Baku City Circuit,Nikita Mazepin,MAZ,Haas F1 Team,16.28335500425375,19
2021,6,Azerbaijan Grand Prix,2021-06-06,Baku City Circuit,Mick Schumacher,MSC,Haas F1 Team,16.39707126477837,20
2021,7,French Grand Prix,2021-06-20,Circuit Paul Ricard,Lewis Hamilton,HAM,Mercedes,2.5472672452835945,1
2021,7,French Grand Prix,2021-06-20,Circuit Paul Ricard,Max Verstappen,VER,Red Bull,2.667766235204731,2
2021,7,French Grand Prix,2021-06-20,Circuit Paul Ricard,Sergio Pérez,PER,Red Bull,4.235184048339843,3
2021,7,French Grand Prix,2021-06-20,Circuit Paul Ricard,Valtteri Bottas,BOT,Mercedes,4.401068878487697,4
2021,7,French Grand Prix,2021-06-20,Circuit Paul Ricard,Carlos Sainz,SAI,Ferrari,7.0494987524617025,5
2021,7,French Grand Prix,2021-06-20,Circuit Paul Ricard,Charles Leclerc,LEC,Ferrari,7.74252223423707,6
2021,7,French Grand Prix,2021-06-20,Circuit Paul Ricard,Pierre Gasly,GAS,AlphaTauri,7.843291837621886,7
2021,7,French Grand Prix,2021-06-20,Circuit Paul Ricard,Lando Norris,NOR,McLaren,8.099142424912717,8
2021,7,French Grand Prix,2021-06-20,Circuit Paul Ricard,Daniel Ricciardo,RIC,McLaren,9.700563003038873,9
2021,7,French Grand Prix,2021-06-20,Circuit Paul Ricard,Fernando Alonso,ALO,Alpine F1 Team,9.799017217677333,10
2021,7,French Grand Prix,2021-06-20,Circuit Paul Ricard,Esteban Ocon,OCO,Alpine F1 Team,10.666547941556397,11
2021,7,French Grand Prix,2021-06-20,Circuit Paul Ricard,Sebastian Vettel,VET,Aston Martin,11.397013700135151,12
2021,7,French Grand Prix,2021-06-20,Circuit Paul Ricard,Antonio Giovinazzi,GIO,Alfa Romeo,12.829072861052968,13
2021,7,French Grand Prix,2021-06-20,Circuit Paul Ricard,Lance Stroll,STR,Aston Martin,13.671563898025573,14
2021,7,French Grand Prix,2021-06-20,Circuit Paul Ricard,Yuki Tsunoda,TSU,AlphaTauri,13.746579390609966,15
2021,7,French Grand Prix,2021-06-20,Circuit Paul Ricard,Kimi Räikkönen,RAI,Alfa Romeo,13.843337150753818,16
2021,7,French Grand Prix,2021-06-20,Circuit Paul Ricard,George Russell,RUS,Williams,14.937823764778921,17
2021,7,French Grand Prix,2021-06-20,Circuit Paul Ricard,Nicholas Latifi,LAT,Williams,15.590884214717523,18
2021,7,French Grand Prix,2021-06-20,Circuit Paul Ricard,Mick Schumacher,MSC,Haas F1 Team,16.01456753651465,19
2021,7,French Grand Prix,2021-06-20,Circuit Paul Ricard,Nikita Mazepin,MAZ,Haas F1 Team,17.194498884276502,20
2021,8,Styrian Grand Prix,2021-06-27,Red Bull Ring,Lewis Hamilton,HAM,Mercedes,2.3102184022137533,1
2021,8,Styrian Grand Prix,2021-06-27,Red Bull Ring,Max Verstappen,VER,Red Bull,2.5244931174255383,2
2021,8,Styrian Grand Prix,2021-06-27,Red Bull Ring,Valtteri Bottas,BOT,Mercedes,4.969688958811239,3
2021,8,Styrian Grand Prix,2021-06-27,Red Bull Ring,Sergio Pérez,PER,Red Bull,5.1926607248295085,4
2021,8,Styrian Grand Prix,2021-06-27,Red Bull Ring,Lando Norris,NOR,McLaren,5.859903914525067,5
2021,8,Styrian Grand Prix,2021-06-27,Red Bull Ring,Pierre Gasly,GAS,AlphaTauri,7.221958725732758,6
2021,8,Styrian Grand Prix,2021-06-27,Red Bull Ring,Charles Leclerc,LEC,Ferrari,7.951806207389021,7
2021,8,Styrian Grand Prix,2021-06-27,Red Bull Ring,Fernando Alonso,ALO,Alpine F1 Team,9.901814216987434,8
2021,8,Styrian Grand Prix,2021-06-27,Red Bull Ring,Lance Stroll,STR,Aston Martin,10.30208196232536,9
2021,8,Styrian Grand Prix,2021-06-27,Red Bull Ring,Carlos Sainz,SAI,Ferrari,10.443503592931728,10
2021,8,Styrian Grand Prix,2021-06-27,Red Bull Ring,Daniel Ricciardo,RIC,McLaren,10.956681433959169,11
2021,8,Styrian Grand Prix,2021-06-27,Red Bull Ring,Yuki Tsunoda,TSU,AlphaTauri,11.145328398057476,12
2021,8,Styrian Grand Prix,2021-06-27,Red Bull Ring,Sebastian Vettel,VET,Aston Martin,11.9273615657335,13
2021,8,Styrian Grand Prix,2021-06-27,Red Bull Ring,Esteban Ocon,OCO,Alpine F1 Team,12.401884615589985,14
2021,8,Styrian Grand Prix,2021-06-27,Red Bull Ring,George Russell,RUS,Williams,13.084769575521477,15
2021,8,Styrian Grand Prix,2021-06-27,Red Bull Ring,Antonio Giovinazzi,GIO,Alfa Romeo,13.369721079613244,16
2021,8,Styrian Grand Prix,2021-06-27,Red Bull Ring,Kimi Räikkönen,RAI,Alfa Romeo,14.661837100042336,17
2021,8,Styrian Grand Prix,2021-06-27,Red Bull Ring,Nicholas Latifi,LAT,Williams,16.05348604849569,18
2021,8,Styrian Grand Prix,2021-06-27,Red Bull Ring,Mick Schumacher,MSC,Haas F1 Team,16.186518477907775,19
2021,8,Styrian Grand Prix,2021-06-27,Red Bull Ring,Nikita Mazepin,MAZ,Haas F1 Team,16.588465073899034,20
2021,9,Austrian Grand Prix,2021-07-04,Red Bull Ring,Max Verstappen,VER,Red Bull,2.498641518179127,1
2021,9,Austrian Grand Prix,2021-07-04,Red Bull Ring,Lewis Hamilton,HAM,Mercedes,2.9388238012927896,2
2021,9,Austrian Grand Prix,2021-07-04,Red Bull Ring,Sergio Pérez,PER,Red Bull,4.281147821694149,3
2021,9,Austrian Grand Prix,2021-07-04,Red Bull Ring,Lando Norris,NOR,McLaren,5.014864191158012,4
2021,9,Austrian Grand Prix,2021-07-04,Red Bull Ring,Valtteri Bottas,BOT,Mercedes,5.358752641850703,5
2021,9,Austrian Grand Prix,2021-07-04,Red Bull Ring,Pierre Gasly,GAS,AlphaTauri,7.547217702693988,6
2021,9,Austrian Grand Prix,2021-07-04,Red Bull Ring,Carlos Sainz,SAI,Ferrari,8.686929418486724,7
2021,9,Austrian Grand Prix,2021-07-04,Red Bull Ring,Yuki Tsunoda,TSU,AlphaTauri,9.250266755650166,8
2021,9,Austrian Grand Prix,2021-07-04,Red Bull Ring,Charles Leclerc,LEC,Ferrari,9.57629102616352,9
2021,9,Austrian Grand Prix,2021-07-04,Red Bull Ring,Lance Stroll,STR,Aston Martin,10.289432530296907,10
2021,9,Austrian Grand Prix,2021-07-04,Red Bull Ring,Sebastian Vettel,VET,Aston Martin,10.569888677512859,11
2021,9,Austrian Grand Prix,2021-07-04,Red Bull Ring,Daniel Ricciardo,RIC,McLaren,11.9850438875013,12
2021,9,Austrian Grand Prix,2021-07-04,Red Bull Ring,Fernando Alonso,ALO,Alpine F1 Team,12.090322670600248,13
2021,9,Austrian Grand Prix,2021-07-04,Red Bull Ring,George Russell,RUS,Williams,12.573422672604659,14
2021,9,Austrian Grand Prix,2021-07-04,Red Bull Ring,Antonio Giovinazzi,GIO,Alfa Romeo,12.672928226104728,15
2021,9,Austrian Grand Prix,2021-07-04,Red Bull Ring,Kimi Räikkönen,RAI,Alfa Romeo,13.600792994219656,16
2021,9,Austrian Grand Prix,2021-07-04,Red Bull Ring,Esteban Ocon,OCO,Alpine F1 Team,13.601365728099115,17
2021,9,Austrian Grand Prix,2021-07-04,Red Bull Ring,Mick Schumacher,MSC,Haas F1 Team,16.267163985406242,18
2021,9,Austrian Grand Prix,2021-07-04,Red Bull Ring,Nicholas Latifi,LAT,Williams,16.36949471292745,19
2021,9,Austrian Grand Prix,2021-07-04,Red Bull Ring,Nikita Mazepin,MAZ,Haas F1 Team,17.299842489935855,20
2021,10,British Grand Prix,2021-07-18,Silverstone Circuit,Lewis Hamilton,HAM,Mercedes,2.87267913258095,1
2021,10,British Grand Prix,2021-07-18,Silverstone Circuit,Max Verstappen,VER,Red Bull,3.116152204322555,2
2021,10,British Grand Prix,2021-07-18,Silverstone Circuit,Valtteri Bottas,BOT,Mercedes,4.561797395001672,3
2021,10,British Grand Prix,2021-07-18,Silverstone Circuit,Charles Leclerc,LEC,Ferrari,5.244919803764524,4
2021,10,British Grand Prix,2021-07-18,Silverstone Circuit,Lando Norris,NOR,McLaren,5.915698107661078,5
2021,10,British Grand Prix,2021-07-18,Silverstone Circuit,Sergio Pérez,PER,Red Bull,6.645913777238474,6
2021,10,British Grand Prix,2021-07-18,Silverstone Circuit,Daniel Ricciardo,RIC,McLaren,7.915984627229447,7
2021,10,British Grand Prix,2021-07-18,Silverstone Circuit,Carlos Sainz,SAI,Ferrari,8.640567242318586,8
2021,10,British Grand Prix,2021-07-18,Silverstone Circuit,Sebastian Vettel,VET,Aston Martin,10.074803830238086,9
2021,10,British Grand Prix,2021-07-18,Silverstone Circuit,Esteban Ocon,OCO,Alpine F1 Team,10.762602022683147,10
2021,10,British Grand Prix,2021-07-18,Silverstone Circuit,Pierre Gasly,GAS,AlphaTauri,10.807649929975245,11
2021,10,British Grand Prix,2021-07-18,Silverstone Circuit,Fernando Alonso,ALO,Alpine F1 Team,11.128817715745704,12
2021,10,British Grand Prix,2021-07-18,Silverstone Circuit,George Russell,RUS,Williams,12.572682836777968,13
2021,10,British Grand Prix,2021-07-18,Silverstone Circuit,Lance Stroll,STR,Aston Martin,13.573533711834875,14
2021,10,British Grand Prix,2021-07-18,Silverstone Circuit,Antonio Giovinazzi,GIO,Alfa Romeo,13.581219740437078,15
2021,10,British Grand Prix,2021-07-18,Silverstone Circuit,Kimi Räikkönen,RAI,Alfa Romeo,13.680185664249768,16
2021,10,British Grand Prix,2021-07-18,Silverstone Circuit,Yuki Tsunoda,TSU,AlphaTauri,13.80998528520608,17
2021,10,British Grand Prix,2021-07-18,Silverstone Circuit,Nicholas Latifi,LAT,Williams,15.141061600866445,18
2021,10,British Grand Prix,2021-07-18,Silverstone Circuit,Nikita Mazepin,MAZ,Haas F1 Team,16.793665286395917,19
2021,10,British Grand Prix,2021-07-18,Silverstone Circuit,Mick Schumacher,MSC,Haas F1 Team,16.814292341621474,20
2021,11,Hungarian Grand Prix,2021-08-01,Hungaroring,Lewis Hamilton,HAM,Mercedes,1.8860395936653604,1
2021,11,Hungarian Grand Prix,2021-08-01,Hungaroring,Max Verstappen,VER,Red Bull,3.3751374122212248,2
2021,11,Hungarian Grand Prix,2021-08-01,Hungaroring,Valtteri Bottas,BOT,Mercedes,3.4422260992237956,3
2021,11,Hungarian Grand Prix,2021-08-01,Hungaroring,Sergio Pérez,PER,Red Bull,4.353294664187573,4
2021,11,Hungarian Grand Prix,2021-08-01,Hungaroring,Lando Norris,NOR,McLaren,6.083334308163955,5
2021,11,Hungarian Grand Prix,2021-08-01,Hungaroring,Charles Leclerc,LEC,Ferrari,6.88923886885734,6
2021,11,Hungarian Grand Prix,2021-08-01,Hungaroring,Pierre Gasly,GAS,AlphaTauri,7.427698562319471,7
2021,11,Hungarian Grand Prix,2021-08-01,Hungaroring,Carlos Sainz,SAI,Ferrari,8.977540728640799,8
2021,11,Hungarian Grand Prix,2021-08-01,Hungaroring,Fernando Alonso,ALO,Alpine F1 Team,9.382008147287074,9
2021,11,Hungarian Grand Prix,2021-08-01,Hungaroring,Daniel Ricciardo,RIC,McLaren,9.97208776750036,10
2021,11,Hungarian Grand Prix,2021-08-01,Hungaroring,Esteban Ocon,OCO,Alpine F1 Team,10.337708743833854,11
2021,11,Hungarian Grand Prix,2021-08-01,Hungaroring,Sebastian Vettel,VET,Aston Martin,10.978910659752733,12
2021,11,Hungarian Grand Prix,2021-08-01,Hungaroring,Lance Stroll,STR,Aston Martin,11.681242603902522,13
2021,11,Hungarian Grand Prix,2021-08-01,Hungaroring,Kimi Räikkönen,RAI,Alfa Romeo,13.457638626519715,14
2021,11,Hungarian Grand Prix,2021-08-01,Hungaroring,Yuki Tsunoda,TSU,AlphaTauri,13.889578772000126,15
2021,11,Hungarian Grand Prix,2021-08-01,Hungaroring,Antonio Giovinazzi,GIO,Alfa Romeo,14.462375279694138,16
2021,11,Hungarian Grand Prix,2021-08-01,Hungaroring,George Russell,RUS,Williams,14.977790476446293,17
2021,11,Hungarian Grand Prix,2021-08-01,Hungaroring,Nicholas Latifi,LAT,Williams,15.234824548184752,18
2021,11,Hungarian Grand Prix,2021-08-01,Hungaroring,Mick Schumacher,MSC,Haas F1 Team,16.257853012601075,19
2021,11,Hungarian Grand Prix,2021-08-01,Hungaroring,Nikita Mazepin,MAZ,Haas F1 Team,17.045358985707303,20
2021,12,Belgian Grand Prix,2021-08-29,Circuit de Spa-Francorchamps,Max Verstappen,VER,Red Bull,2.7556685825033016,1
2021,12,Belgian Grand Prix,2021-08-29,Circuit de Spa-Francorchamps,Lewis Hamilton,HAM,Mercedes,3.337571283043551,2
2021,12,Belgian Grand Prix,2021-08-29,Circuit de Spa-Francorchamps,Daniel Ricciardo,RIC,McLaren,6.415076556902312,3
2021,12,Belgian Grand Prix,2021-08-29,Circuit de Spa-Francorchamps,Pierre Gasly,GAS,AlphaTauri,7.615515038607688,4
2021,12,Belgian Grand Prix,2021-08-29,Circuit de Spa-Francorchamps,Sergio Pérez,PER,Red Bull,7.635666811018582,5
2021,12,Belgian Grand Prix,2021-08-29,Circuit de Spa-Francorchamps,George Russell,RUS,Williams,7.779330171089675,6
2021,12,Belgian Grand Prix,2021-08-29,Circuit de Spa-Francorchamps,Valtteri Bottas,BOT,Mercedes,8.192076072121532,7
2021,12,Belgian Grand Prix,2021-08-29,Circuit de Spa-Francorchamps,Esteban Ocon,OCO,Alpine F1 Team,8.609003527040212,8
2021,12,Belgian Grand Prix,2021-08-29,Circuit de Spa-Francorchamps,Sebastian Vettel,VET,Aston Martin,8.623639004015171,9
2021,12,Belgian Grand Prix,2021-08-29,Circuit de Spa-Francorchamps,Lando Norris,NOR,McLaren,9.016728669190108,10
2021,12,Belgian Grand Prix,2021-08-29,Circuit de Spa-Francorchamps,Charles Leclerc,LEC,Ferrari,9.636839169474912,11
2021,12,Belgian Grand Prix,2021-08-29,Circuit de Spa-Francorchamps,Fernando Alonso,ALO,Alpine F1 Team,9.81134994011045,12
2021,12,Belgian Grand Prix,2021-08-29,Circuit de Spa-Francorchamps,Carlos Sainz,SAI,Ferrari,10.291536729615995,13
2021,12,Belgian Grand Prix,2021-08-29,Circuit de Spa-Francorchamps,Nicholas Latifi,LAT,Williams,12.287339392623176,14
2021,12,Belgian Grand Prix,2021-08-29,Circuit de Spa-Francorchamps,Lance Stroll,STR,Aston Martin,13.193981029682492,15
2021,12,Belgian Grand Prix,2021-08-29,Circuit de Spa-Francorchamps,Antonio Giovinazzi,GIO,Alfa Romeo,14.183893247643358,16
2021,12,Belgian Grand Prix,2021-08-29,Circuit de Spa-Francorchamps,Kimi Räikkönen,RAI,Alfa Romeo,14.400443779001389,17
2021,12,Belgian Grand Prix,2021-08-29,Circuit de Spa-Francorchamps,Yuki Tsunoda,TSU,AlphaTauri,14.434976906821696,18
2021,12,Belgian Grand Prix,2021-08-29,Circuit de Spa-Francorchamps,Nikita Mazepin,MAZ,Haas F1 Team,16.873258773189963,19
2021,12,Belgian Grand Prix,2021-08-29,Circuit de Spa-Francorchamps,Mick Schumacher,MSC,Haas F1 Team,16.90417075300701,20
2021,13,Dutch Grand Prix,2021-09-05,Circuit Park Zandvoort,Lewis Hamilton,HAM,Mercedes,2.2825242610026324,1
2021,13,Dutch Grand Prix,2021-09-05,Circuit Park Zandvoort,Max Verstappen,VER,Red Bull,3.340487862751841,2
2021,13,Dutch Grand Prix,2021-09-05,Circuit Park Zandvoort,Valtteri Bottas,BOT,Mercedes,3.9522964074081113,3
2021,13,Dutch Grand Prix,2021-09-05,Circuit Park Zandvoort,Carlos Sainz,SAI,Ferrari,6.154195318925948,4
2021,13,Dutch Grand Prix,2021-09-05,Circuit Park Zandvoort,Charles Leclerc,LEC,Ferrari,6.220921947920269,5
2021,13,Dutch Grand Prix,2021-09-05,Circuit Park Zandvoort,Pierre Gasly,GAS,AlphaTauri,7.7968874866859625,6
2021,13,Dutch Grand Prix,2021-09-05,Circuit Park Zandvoort,Esteban Ocon,OCO,Alpine F1 Team,8.03999810259307,7
2021,13,Dutch Grand Prix,2021-09-05,Circuit Park Zandvoort,Fernando Alonso,ALO,Alpine F1 Team,8.452423393044164,8
2021,13,Dutch Grand Prix,2021-09-05,Circuit Park Zandvoort,Antonio Giovinazzi,GIO,Alfa Romeo,9.737308283220598,9
2021,13,Dutch Grand Prix,2021-09-05,Circuit Park Zandvoort,Lando Norris,NOR,McLaren,10.45929609105587,10
2021,13,Dutch Grand Prix,2021-09-05,Circuit Park Zandvoort,Daniel Ricciardo,RIC,McLaren,10.54480527065319,11
2021,13,Dutch Grand Prix,2021-09-05,Circuit Park Zandvoort,Sergio Pérez,PER,Red Bull,10.673956311948952,12
2021,13,Dutch Grand Prix,2021-09-05,Circuit Park Zandvoort,Lance Stroll,STR,Aston Martin,11.755731210030834,13
2021,13,Dutch Grand Prix,2021-09-05,Circuit Park Zandvoort,George Russell,RUS,Williams,12.82261620587211,14
2021,13,Dutch Grand Prix,2021-09-05,Circuit Park Zandvoort,Nicholas Latifi,LAT,Williams,13.242743507627369,15
2021,13,Dutch Grand Prix,2021-09-05,Circuit Park Zandvoort,Sebastian Vettel,VET,Aston Martin,13.581649442429082,16
2021,13,Dutch Grand Prix,2021-09-05,Circuit Park Zandvoort,Yuki Tsunoda,TSU,AlphaTauri,14.512073329851653,17
2021,13,Dutch Grand Prix,2021-09-05,Circuit Park Zandvoort,Robert Kubica,KUB,Alfa Romeo,15.079091348632346,18
2021,13,Dutch Grand Prix,2021-09-05,Circuit Park Zandvoort,Mick Schumacher,MSC,Haas F1 Team,16.238110021353183,19
2021,13,Dutch Grand Prix,2021-09-05,Circuit Park Zandvoort,Nikita Mazepin,MAZ,Haas F1 Team,17.19637621584284,20
2021,14,Italian Grand Prix,2021-09-12,Autodromo Nazionale di Monza,Lewis Hamilton,HAM,Mercedes,3.0558219360524816,1
2021,14,Italian Grand Prix,2021-09-12,Autodromo Nazionale di Monza,Max Verstappen,VER,Red Bull,3.8565246521091474,2
2021,14,Italian Grand Prix,2021-09-12,Autodromo Nazionale di Monza,Valtteri Bottas,BOT,Mercedes,5.861352459642701,3
2021,14,Italian Grand Prix,2021-09-12,Autodromo Nazionale di Monza,Lando Norris,NOR,McLaren,6.00335505290743,4
2021,14,Italian Grand Prix,2021-09-12,Autodromo Nazionale di Monza,Daniel Ricciardo,RIC,McLaren,6.417408430544499,5
2021,14,Italian Grand Prix,2021-09-12,Autodromo Nazionale di Monza,Pierre Gasly,GAS,AlphaTauri,8.209467216596765,6
2021,14,Italian Grand Prix,2021-09-12,Autodromo Nazionale di Monza,Carlos Sainz,SAI,Ferrari,8.3915121999767,7
2021,14,Italian Grand Prix,2021-09-12,Autodromo Nazionale di Monza,Sergio Pérez,PER,Red Bull,8.71324738675325,8
2021,14,Italian Grand Prix,2021-09-12,Autodromo Nazionale di Monza,Charles Leclerc,LEC,Ferrari,8.793251045994818,9
2021,14,Italian Grand Prix,2021-09-12,Autodromo Nazionale di Monza,Fernando Alonso,ALO,Alpine F1 Team,9.491927541834924,10
2021,14,Italian Grand Prix,2021-09-12,Autodromo Nazionale di Monza,Esteban Ocon,OCO,Alpine F1 Team,10.824650892108593,11
2021,14,Italian Grand Prix,2021-09-12,Autodromo Nazionale di Monza,Antonio Giovinazzi,GIO,Alfa Romeo,11.054703262405267,12
2021,14,Italian Grand Prix,2021-09-12,Autodromo Nazionale di Monza,Lance Stroll,STR,Aston Martin,11.142906571825286,13
2021,14,Italian Grand Prix,2021-09-12,Autodromo Nazionale di Monza,Sebastian Vettel,VET,Aston Martin,12.576401288696264,14
2021,14,Italian Grand Prix,2021-09-12,Autodromo Nazionale di Monza,Nicholas Latifi,LAT,Williams,13.264143057738373,15
2021,14,Italian Grand Prix,2021-09-12,Autodromo Nazionale di Monza,George Russell,RUS,Williams,13.69378067377767,16
2021,14,Italian Grand Prix,2021-09-12,Autodromo Nazionale di Monza,Yuki Tsunoda,TSU,AlphaTauri,13.831818527617227,17
2021,14,Italian Grand Prix,2021-09-12,Autodromo Nazionale di Monza,Robert Kubica,KUB,Alfa Romeo,14.154341742367768,18
2021,14,Italian Grand Prix,2021-09-12,Autodromo Nazionale di Monza,Nikita Mazepin,MAZ,Haas F1 Team,16.32745948290144,19
2021,14,Italian Grand Prix,2021-09-12,Autodromo Nazionale di Monza,Mick Schumacher,MSC,Haas F1 Team,16.654357672198312,20
2021,15,Russian Grand Prix,2021-09-26,Sochi Autodrom,Lewis Hamilton,HAM,Mercedes,3.240830822750555,1
2021,15,Russian Grand Prix,2021-09-26,Sochi Autodrom,Lando Norris,NOR,McLaren,4.390421993394962,2
2021,15,Russian Grand Prix,2021-09-26,Sochi Autodrom,Carlos Sainz,SAI,Ferrari,4.572953848948542,3
2021,15,Russian Grand Prix,2021-09-26,Sochi Autodrom,Daniel Ricciardo,RIC,McLaren,7.258459422341512,4
2021,15,Russian Grand Prix,2021-09-26,Sochi Autodrom,Valtteri Bottas,BOT,Mercedes,7.381625351639381,5
2021,15,Russian Grand Prix,2021-09-26,Sochi Autodrom,Fernando Alonso,ALO,Alpine F1 Team,7.586282294674589,6
2021,15,Russian Grand Prix,2021-09-26,Sochi Autodrom,George Russell,RUS,Williams,8.086685339510296,7
2021,15,Russian Grand Prix,2021-09-26,Sochi Autodrom,Max Verstappen,VER,Red Bull,8.690749137627595,8
2021,15,Russian Grand Prix,2021-09-26,Sochi Autodrom,Sergio Pérez,PER,Red Bull,8.7257795985202,9
2021,15,Russian Grand Prix,2021-09-26,Sochi Autodrom,Esteban Ocon,OCO,Alpine F1 Team,9.102085581429394,10
2021,15,Russian Grand Prix,2021-09-26,Sochi Autodrom,Charles Leclerc,LEC,Ferrari,9.17304017120737,11
2021,15,Russian Grand Prix,2021-09-26,Sochi Autodrom,Pierre Gasly,GAS,AlphaTauri,9.912601357064329,12
2021,15,Russian Grand Prix,2021-09-26,Sochi Autodrom,Lance Stroll,STR,Aston Martin,10.492028085068679,13
2021,15,Russian Grand Prix,2021-09-26,Sochi Autodrom,Sebastian Vettel,VET,Aston Martin,11.145451710510606,14
2021,15,Russian Grand Prix,2021-09-26,Sochi Autodrom,Yuki Tsunoda,TSU,AlphaTauri,13.559857034409287,15
2021,15,Russian Grand Prix,2021-09-26,Sochi Autodrom,Kimi Räikkönen,RAI,Alfa Romeo,13.607865330923524,16
2021,15,Russian Grand Prix,2021-09-26,Sochi Autodrom,Nicholas Latifi,LAT,Williams,14.308294941643586,17
2021,15,Russian Grand Prix,2021-09-26,Sochi Autodrom,Antonio Giovinazzi,GIO,Alfa Romeo,14.628809764245155,18
2021,15,Russian Grand Prix,2021-09-26,Sochi Autodrom,Nikita Mazepin,MAZ,Haas F1 Team,16.508743849864388,19
2021,15,Russian Grand Prix,2021-09-26,Sochi Autodrom,Mick Schumacher,MSC,Haas F1 Team,16.549840339070666,20
2021,16,Turkish Grand Prix,2021-10-10,Istanbul Park,Max Verstappen,VER,Red Bull,3.676692710652754,1
2021,16,Turkish Grand Prix,2021-10-10,Istanbul Park,Valtteri Bottas,BOT,Mercedes,4.360212567263905,2
2021,16,Turkish Grand Prix,2021-10-10,Istanbul Park,Lewis Hamilton,HAM,Mercedes,4.3847538200797995,3
2021,16,Turkish Grand Prix,2021-10-10,Istanbul Park,Charles Leclerc,LEC,Ferrari,4.7172427250263045,4
2021,16,Turkish Grand Prix,2021-10-10,Istanbul Park,Fernando Alonso,ALO,Alpine F1 Team,6.464999933637338,5
2021,16,Turkish Grand Prix,2021-10-10,Istanbul Park,Pierre Gasly,GAS,AlphaTauri,6.743170749738436,6
2021,16,Turkish Grand Prix,2021-10-10,Istanbul Park,Sergio Pérez,PER,Red Bull,7.48198980503676,7
2021,16,Turkish Grand Prix,2021-10-10,Istanbul Park,Lando Norris,NOR,McLaren,8.400033195219443,8
2021,16,Turkish Grand Prix,2021-10-10,Istanbul Park,Carlos Sainz,SAI,Ferrari,8.933986149923198,9
2021,16,Turkish Grand Prix,2021-10-10,Istanbul Park,Esteban Ocon,OCO,Alpine F1 Team,9.885287276988095,10
2021,16,Turkish Grand Prix,2021-10-10,Istanbul Park,Yuki Tsunoda,TSU,AlphaTauri,11.119150724019386,11
2021,16,Turkish Grand Prix,2021-10-10,Istanbul Park,Daniel Ricciardo,RIC,McLaren,11.4822117686187,12
2021,16,Turkish Grand Prix,2021-10-10,Istanbul Park,Lance Stroll,STR,Aston Martin,11.625831777418545,13
2021,16,Turkish Grand Prix,2021-10-10,Istanbul Park,Sebastian Vettel,VET,Aston Martin,11.94274984239645,14
2021,16,Turkish Grand Prix,2021-10-10,Istanbul Park,George Russell,RUS,Williams,13.206094324512522,15
2021,16,Turkish Grand Prix,2021-10-10,Istanbul Park,Antonio Giovinazzi,GIO,Alfa Romeo,14.087927065693236,16
2021,16,Turkish Grand Prix,2021-10-10,Istanbul Park,Nicholas Latifi,LAT,Williams,14.09412645559846,17
2021,16,Turkish Grand Prix,2021-10-10,Istanbul Park,Kimi Räikkönen,RAI,Alfa Romeo,14.260052390631238,18
2021,16,Turkish Grand Prix,2021-10-10,Istanbul Park,Mick Schumacher,MSC,Haas F1 Team,16.026805721975457,19
2021,16,Turkish Grand Prix,2021-10-10,Istanbul Park,Nikita Mazepin,MAZ,Haas F1 Team,17.538304359561184,20
2021,17,United States Grand Prix,2021-10-24,Circuit of the Americas,Lewis Hamilton,HAM,Mercedes,2.647526001882628,1
2021,17,United States Grand Prix,2021-10-24,Circuit of the Americas,Max Verstappen,VER,Red Bull,2.918843168068864,2
2021,17,United States Grand Prix,2021-10-24,Circuit of the Americas,Sergio Pérez,PER,Red Bull,4.021795400712222,3
2021,17,United States Grand Prix,2021-10-24,Circuit of the Americas,Valtteri Bottas,BOT,Mercedes,4.796636554956041,4
2021,17,United States Grand Prix,2021-10-24,Circuit of the Americas,Charles Leclerc,LEC,Ferrari,5.760247035455418,5
2021,17,United States Grand Prix,2021-10-24,Circuit of the Americas,Carlos Sainz,SAI,Ferrari,6.14888557787232,6
2021,17,United States Grand Prix,2021-10-24,Circuit of the Americas,Lando Norris,NOR,McLaren,7.413482141689348,7
2021,17,United States Grand Prix,2021-10-24,Circuit of the Americas,Daniel Ricciardo,RIC,McLaren,7.512994086632973,8
2021,17,United States Grand Prix,2021-10-24,Circuit of the Americas,Pierre Gasly,GAS,AlphaTauri,10.426556740761601,9
2021,17,United States Grand Prix,2021-10-24,Circuit of the Americas,Esteban Ocon,OCO,Alpine F1 Team,11.675054496274099,10
2021,17,United States Grand Prix,2021-10-24,Circuit of the Americas,Lance Stroll,STR,Aston Martin,12.887922557244687,11
2021,17,United States Grand Prix,2021-10-24,Circuit of the Americas,Antonio Giovinazzi,GIO,Alfa Romeo,12.893939832536613,12
2021,17,United States Grand Prix,2021-10-24,Circuit of the Americas,Sebastian Vettel,VET,Aston Martin,12.977030835842916,13
2021,17,United States Grand Prix,2021-10-24,Circuit of the Americas,Yuki Tsunoda,TSU,AlphaTauri,12.992283655051168,14
2021,17,United States Grand Prix,2021-10-24,Circuit of the Americas,Fernando Alonso,ALO,Alpine F1 Team,13.856362222375665,15
2021,17,United States Grand Prix,2021-10-24,Circuit of the Americas,Kimi Räikkönen,RAI,Alfa Romeo,13.909739269485781,16
2021,17,United States Grand Prix,2021-10-24,Circuit of the Americas,Nicholas Latifi,LAT,Williams,14.171689206547653,17
2021,17,United States Grand Prix,2021-10-24,Circuit of the Americas,George Russell,RUS,Williams,14.458235894378737,18
2021,17,United States Grand Prix,2021-10-24,Circuit of the Americas,Mick Schumacher,MSC,Haas F1 Team,16.068499770673828,19
2021,17,United States Grand Prix,2021-10-24,Circuit of the Americas,Nikita Mazepin,MAZ,Haas F1 Team,17.244946389127307,20
2021,18,Mexico City Grand Prix,2021-11-07,Autódromo Hermanos Rodríguez,Lewis Hamilton,HAM,Mercedes,2.2260100062620634,1
2021,18,Mexico City Grand Prix,2021-11-07,Autódromo Hermanos Rodríguez,Valtteri Bottas,BOT,Mercedes,2.6940719364981813,2
2021,18,Mexico City Grand Prix,2021-11-07,Autódromo Hermanos Rodríguez,Max Verstappen,VER,Red Bull,3.4361639436064095,3
2021,18,Mexico City Grand Prix,2021-11-07,Autódromo Hermanos Rodríguez,Sergio Pérez,PER,Red Bull,3.754955492491472,4
2021,18,Mexico City Grand Prix,2021-11-07,Autódromo Hermanos Rodríguez,Carlos Sainz,SAI,Ferrari,6.33308419418223,5
2021,18,Mexico City Grand Prix,2021-11-07,Autódromo Hermanos Rodríguez,Daniel Ricciardo,RIC,McLaren,7.710811925525241,6
2021,18,Mexico City Grand Prix,2021-11-07,Autódromo Hermanos Rodríguez,Charles Leclerc,LEC,Ferrari,7.752351436525295,7
2021,18,Mexico City Grand Prix,2021-11-07,Autódromo Hermanos Rodríguez,Pierre Gasly,GAS,AlphaTauri,8.354809481415419,8
2021,18,Mexico City Grand Prix,2021-11-07,Autódromo Hermanos Rodríguez,Lando Norris,NOR,McLaren,10.681128475547292,9
2021,18,Mexico City Grand Prix,2021-11-07,Autódromo Hermanos Rodríguez,Sebastian Vettel,VET,Aston Martin,10.719904614848899,10
2021,18,Mexico City Grand Prix,2021-11-07,Autódromo Hermanos Rodríguez,Kimi Räikkönen,RAI,Alfa Romeo,11.434632531306026,11
2021,18,Mexico City Grand Prix,2021-11-07,Autódromo Hermanos Rodríguez,Fernando Alonso,ALO,Alpine F1 Team,12.446904826466193,12
2021,18,Mexico City Grand Prix,2021-11-07,Autódromo Hermanos Rodríguez,Yuki Tsunoda,TSU,AlphaTauri,13.444744112168053,13
2021,18,Mexico City Grand Prix,2021-11-07,Autódromo Hermanos Rodríguez,Antonio Giovinazzi,GIO,Alfa Romeo,13.53031145592689,14
2021,18,Mexico City Grand Prix,2021-11-07,Autódromo Hermanos Rodríguez,Esteban Ocon,OCO,Alpine F1 Team,13.754194152401743,15
2021,18,Mexico City Grand Prix,2021-11-07,Autódromo Hermanos Rodríguez,Lance Stroll,STR,Aston Martin,14.459902110372354,16
2021,18,Mexico City Grand Prix,2021-11-07,Autódromo Hermanos Rodríguez,Nicholas Latifi,LAT,Williams,14.546911805146614,17
2021,18,Mexico City Grand Prix,2021-11-07,Autódromo Hermanos Rodríguez,George Russell,RUS,Williams,15.217629882680415,18
2021,18,Mexico City Grand Prix,2021-11-07,Autódromo Hermanos Rodríguez,Mick Schumacher,MSC,Haas F1 Team,15.799366679452893,19
2021,18,Mexico City Grand Prix,2021-11-07,Autódromo Hermanos Rodríguez,Nikita Mazepin,MAZ,Haas F1 Team,16.44338277789718,20
2021,19,São Paulo Grand Prix,2021-11-14,Autódromo José Carlos Pace,Max Verstappen,VER,Red Bull,3.260810173437123,1
2021,19,São Paulo Grand Prix,2021-11-14,Autódromo José Carlos Pace,Valtteri Bottas,BOT,Mercedes,3.981802347670063,2
2021,19,São Paulo Grand Prix,2021-11-14,Autódromo José Carlos Pace,Sergio Pérez,PER,Red Bull,4.205878273406766,3
2021,19,São Paulo Grand Prix,2021-11-14,Autódromo José Carlos Pace,Lewis Hamilton,HAM,Mercedes,4.47759695549134,4
2021,19,São Paulo Grand Prix,2021-11-14,Autódromo José Carlos Pace,Carlos Sainz,SAI,Ferrari,5.380792965694158,5
2021,19,São Paulo Grand Prix,2021-11-14,Autódromo José Carlos Pace,Charles Leclerc,LEC,Ferrari,6.964916261456381,6
2021,19,São Paulo Grand Prix,2021-11-14,Autódromo José Carlos Pace,Pierre Gasly,GAS,AlphaTauri,8.453863294420463,7
2021,19,São Paulo Grand Prix,2021-11-14,Autódromo José Carlos Pace,Lando Norris,NOR,McLaren,9.018859013835831,8
2021,19,São Paulo Grand Prix,2021-11-14,Autódromo José Carlos Pace,Esteban Ocon,OCO,Alpine F1 Team,10.207853730295348,9
2021,19,São Paulo Grand Prix,2021-11-14,Autódromo José Carlos Pace,Daniel Ricciardo,RIC,McLaren,10.686294428316142,10
2021,19,São Paulo Grand Prix,2021-11-14,Autódromo José Carlos Pace,Sebastian Vettel,VET,Aston Martin,11.117808450315874,11
2021,19,São Paulo Grand Prix,2021-11-14,Autódromo José Carlos Pace,Fernando Alonso,ALO,Alpine F1 Team,11.213028077323969,12
2021,19,São Paulo Grand Prix,2021-11-14,Autódromo José Carlos Pace,Kimi Räikkönen,RAI,Alfa Romeo,12.490523509233325,13
2021,19,São Paulo Grand Prix,2021-11-14,Autódromo José Carlos Pace,Antonio Giovinazzi,GIO,Alfa Romeo,12.778571336846577,14
2021,19,São Paulo Grand Prix,2021-11-14,Autódromo José Carlos Pace,Lance Stroll,STR,Aston Martin,13.062816482175606,15
2021,19,São Paulo Grand Prix,2021-11-14,Autódromo José Carlos Pace,Yuki Tsunoda,TSU,AlphaTauri,14.352816758776784,16
2021,19,São Paulo Grand Prix,2021-11-14,Autódromo José Carlos Pace,George Russell,RUS,Williams,14.585626623855536,17
2021,19,São Paulo Grand Prix,2021-11-14,Autódromo José Carlos Pace,Nicholas Latifi,LAT,Williams,15.033017960117405,18
2021,19,São Paulo Grand Prix,2021-11-14,Autódromo José Carlos Pace,Mick Schumacher,MSC,Haas F1 Team,16.498075795497666,19
2021,19,São Paulo Grand Prix,2021-11-14,Autódromo José Carlos Pace,Nikita Mazepin,MAZ,Haas F1 Team,17.232097200243057,20
2021,20,Qatar Grand Prix,2021-11-21,Losail International Circuit,Lewis Hamilton,HAM,Mercedes,1.7735239921371315,1
2021,20,Qatar Grand Prix,2021-11-21,Losail International Circuit,Max Verstappen,VER,Red Bull,4.144295672591442,2
2021,20,Qatar Grand Prix,2021-11-21,Losail International Circuit,Valtteri Bottas,BOT,Mercedes,4.736953103541696,3
2021,20,Qatar Grand Prix,2021-11-21,Losail International Circuit,Pierre Gasly,GAS,AlphaTauri,5.579428946572467,4
2021,20,Qatar Grand Prix,2021-11-21,Losail International Circuit,Carlos Sainz,SAI,Ferrari,6.633427410373646,5
2021,20,Qatar Grand Prix,2021-11-21,Losail International Circuit,Lando Norris,NOR,McLaren,8.161789563987702,6
2021,20,Qatar Grand Prix,2021-11-21,Losail International Circuit,Fernando Alonso,ALO,Alpine F1 Team,8.29989234878851,7
2021,20,Qatar Grand Prix,2021-11-21,Losail International Circuit,Sergio Pérez,PER,Red Bull,8.46418665478146,8
2021,20,Qatar Grand Prix,2021-11-21,Losail International Circuit,Esteban Ocon,OCO,Alpine F1 Team,10.206500267473343,9
2021,20,Qatar Grand Prix,2021-11-21,Losail International Circuit,Charles Leclerc,LEC,Ferrari,10.291242414730563,10
2021,20,Qatar Grand Prix,2021-11-21,Losail International Circuit,Yuki Tsunoda,TSU,AlphaTauri,10.644907907789278,11
2021,20,Qatar Grand Prix,2021-11-21,Losail International Circuit,Sebastian Vettel,VET,Aston Martin,11.170304350831767,12
2021,20,Qatar Grand Prix,2021-11-21,Losail International Circuit,Lance Stroll,STR,Aston Martin,12.666411583049731,13
2021,20,Qatar Grand Prix,2021-11-21,Losail International Circuit,Daniel Ricciardo,RIC,McLaren,12.725533926230428,14
2021,20,Qatar Grand Prix,2021-11-21,Losail International Circuit,Kimi Räikkönen,RAI,Alfa Romeo,13.959066789391397,15
2021,20,Qatar Grand Prix,2021-11-21,Losail International Circuit,George Russell,RUS,Williams,14.361595083678994,16
2021,20,Qatar Grand Prix,2021-11-21,Losail International Circuit,Antonio Giovinazzi,GIO,Alfa Romeo,14.522158738201108,17
2021,20,Qatar Grand Prix,2021-11-21,Losail International Circuit,Nicholas Latifi,LAT,Williams,15.04238444051453,18
2021,20,Qatar Grand Prix,2021-11-21,Losail International Circuit,Mick Schumacher,MSC,Haas F1 Team,16.577669282291712,19
2021,20,Qatar Grand Prix,2021-11-21,Losail International Circuit,Nikita Mazepin,MAZ,Haas F1 Team,16.61074825914791,20
2021,21,Saudi Arabian Grand Prix,2021-12-05,Jeddah Corniche Circuit,Lewis Hamilton,HAM,Mercedes,1.6958777638858955,1
2021,21,Saudi Arabian Grand Prix,2021-12-05,Jeddah Corniche Circuit,Max Verstappen,VER,Red Bull,3.4015812356487296,2
2021,21,Saudi Arabian Grand Prix,2021-12-05,Jeddah Corniche Circuit,Valtteri Bottas,BOT,Mercedes,3.709503642053211,3
2021,21,Saudi Arabian Grand Prix,2021-12-05,Jeddah Corniche Circuit,Charles Leclerc,LEC,Ferrari,4.674064155433714,4
2021,21,Saudi Arabian Grand Prix,2021-12-05,Jeddah Corniche Circuit,Sergio Pérez,PER,Red Bull,4.956483274626239,5
2021,21,Saudi Arabian Grand Prix,2021-12-05,Jeddah Corniche Circuit,Pierre Gasly,GAS,AlphaTauri,7.254934765987486,6
2021,21,Saudi Arabian Grand Prix,2021-12-05,Jeddah Corniche Circuit,Carlos Sainz,SAI,Ferrari,9.222541146726934,7
2021,21,Saudi Arabian Grand Prix,2021-12-05,Jeddah Corniche Circuit,Lando Norris,NOR,McLaren,9.44999609279664,8
2021,21,Saudi Arabian Grand Prix,2021-12-05,Jeddah Corniche Circuit,Esteban Ocon,OCO,Alpine F1 Team,10.174132746961229,9
2021,21,Saudi Arabian Grand Prix,2021-12-05,Jeddah Corniche Circuit,Yuki Tsunoda,TSU,AlphaTauri,10.868903756242608,10
2021,21,Saudi Arabian Grand Prix,2021-12-05,Jeddah Corniche Circuit,Antonio Giovinazzi,GIO,Alfa Romeo,11.3459215629355,11
2021,21,Saudi Arabian Grand Prix,2021-12-05,Jeddah Corniche Circuit,Daniel Ricciardo,RIC,McLaren,11.595149842053543,12
2021,21,Saudi Arabian Grand Prix,2021-12-05,Jeddah Corniche Circuit,Fernando Alonso,ALO,Alpine F1 Team,11.812136212376684,13
2021,21,Saudi Arabian Grand Prix,2021-12-05,Jeddah Corniche Circuit,Kimi Räikkönen,RAI,Alfa Romeo,12.680875494711907,14
2021,21,Saudi Arabian Grand Prix,2021-12-05,Jeddah Corniche Circuit,Sebastian Vettel,VET,Aston Martin,13.968302603424684,15
2021,21,Saudi Arabian Grand Prix,2021-12-05,Jeddah Corniche Circuit,Lance Stroll,STR,Aston Martin,14.177828546119713,16
2021,21,Saudi Arabian Grand Prix,2021-12-05,Jeddah Corniche Circuit,George Russell,RUS,Williams,14.959934702362853,17
2021,21,Saudi Arabian Grand Prix,2021-12-05,Jeddah Corniche Circuit,Nicholas Latifi,LAT,Williams,15.941575129759034,18
2021,21,Saudi Arabian Grand Prix,2021-12-05,Jeddah Corniche Circuit,Mick Schumacher,MSC,Haas F1 Team,16.19545457122574,19
2021,21,Saudi Arabian Grand Prix,2021-12-05,Jeddah Corniche Circuit,Nikita Mazepin,MAZ,Haas F1 Team,17.29592878902488,20
2021,22,Abu Dhabi Grand Prix,2021-12-12,Yas Marina Circuit,Lewis Hamilton,HAM,Mercedes,2.1425209503196045,1
2021,22,Abu Dhabi Grand Prix,2021-12-12,Yas Marina Circuit,Max Verstappen,VER,Red Bull,2.5244931174255383,2
2021,22,Abu Dhabi Grand Prix,2021-12-12,Yas Marina Circuit,Sergio Pérez,PER,Red Bull,4.087488218638733,3
2021,22,Abu Dhabi Grand Prix,2021-12-12,Yas Marina Circuit,Valtteri Bottas,BOT,Mercedes,5.942509743480407,4
2021,22,Abu Dhabi Grand Prix,2021-12-12,Yas Marina Circuit,Carlos Sainz,SAI,Ferrari,7.1676728954530855,5
2021,22,Abu Dhabi Grand Prix,2021-12-12,Yas Marina Circuit,Lando Norris,NOR,McLaren,7.325271348284799,6
2021,22,Abu Dhabi Grand Prix,2021-12-12,Yas Marina Circuit,Charles Leclerc,LEC,Ferrari,7.700867027202094,7
2021,22,Abu Dhabi Grand Prix,2021-12-12,Yas Marina Circuit,Esteban Ocon,OCO,Alpine F1 Team,9.414611389221822,8
2021,22,Abu Dhabi Grand Prix,2021-12-12,Yas Marina Circuit,Yuki Tsunoda,TSU,AlphaTauri,10.361356002731053,9
2021,22,Abu Dhabi Grand Prix,2021-12-12,Yas Marina Circuit,Pierre Gasly,GAS,AlphaTauri,10.38166920985501,10
2021,22,Abu Dhabi Grand Prix,2021-12-12,Yas Marina Circuit,Fernando Alonso,ALO,Alpine F1 Team,10.442868647475061,11
2021,22,Abu Dhabi Grand Prix,2021-12-12,Yas Marina Circuit,Daniel Ricciardo,RIC,McLaren,10.944872368568067,12
2021,22,Abu Dhabi Grand Prix,2021-12-12,Yas Marina Circuit,Lance Stroll,STR,Aston Martin,13.029159674841392,13
2021,22,Abu Dhabi Grand Prix,2021-12-12,Yas Marina Circuit,Sebastian Vettel,VET,Aston Martin,13.491859019975381,14
2021,22,Abu Dhabi Grand Prix,2021-12-12,Yas Marina Circuit,Antonio Giovinazzi,GIO,Alfa Romeo,13.885302160732572,15
2021,22,Abu Dhabi Grand Prix,2021-12-12,Yas Marina Circuit,Kimi Räikkönen,RAI,Alfa Romeo,14.49262358137312,16
2021,22,Abu Dhabi Grand Prix,2021-12-12,Yas Marina Circuit,Nicholas Latifi,LAT,Williams,15.599940416548291,17
2021,22,Abu Dhabi Grand Prix,2021-12-12,Yas Marina Circuit,George Russell,RUS,Williams,15.71634523167019,18
2021,22,Abu Dhabi Grand Prix,2021-12-12,Yas Marina Circuit,Mick Schumacher,MSC,Haas F1 Team,16.577669282291712,19
2021,22,Abu Dhabi Grand Prix,2021-12-12,Yas Marina Circuit,Nikita Mazepin,MAZ,Haas F1 Team,17.311690687037103,20
2022,1,Bahrain Grand Prix,2022-03-20,Bahrain International Circuit,Max Verstappen,VER,Red Bull,2.16132374015717,1
2022,1,Bahrain Grand Prix,2022-03-20,Bahrain International Circuit,Charles Leclerc,LEC,Ferrari,3.8990412361593947,2
2022,1,Bahrain Grand Prix,2022-03-20,Bahrain International Circuit,Carlos Sainz,SAI,Ferrari,4.188296397855599,3
2022,1,Bahrain Grand Prix,2022-03-20,Bahrain International Circuit,Lewis Hamilton,HAM,Mercedes,4.402582891703292,4
2022,1,Bahrain Grand Prix,2022-03-20,Bahrain International Circuit,Sergio Pérez,PER,Red Bull,4.553858725206735,5
2022,1,Bahrain Grand Prix,2022-03-20,Bahrain International Circuit,Valtteri Bottas,BOT,Alfa Romeo,8.542923700588501,6
2022,1,Bahrain Grand Prix,2022-03-20,Bahrain International Circuit,George Russell,RUS,Mercedes,8.909385595412765,7
2022,1,Bahrain Grand Prix,2022-03-20,Bahrain International Circuit,Fernando Alonso,ALO,Alpine F1 Team,9.21864926986587,8
2022,1,Bahrain Grand Prix,2022-03-20,Bahrain International Circuit,Pierre Gasly,GAS,AlphaTauri,9.613462315551283,9
2022,1,Bahrain Grand Prix,2022-03-20,Bahrain International Circuit,Kevin Magnussen,MAG,Haas F1 Team,10.713928845113717,10
2022,1,Bahrain Grand Prix,2022-03-20,Bahrain International Circuit,Esteban Ocon,OCO,Alpine F1 Team,10.773721862028147,11
2022,1,Bahrain Grand Prix,2022-03-20,Bahrain International Circuit,Yuki Tsunoda,TSU,AlphaTauri,11.839817261302814,12
2022,1,Bahrain Grand Prix,2022-03-20,Bahrain International Circuit,Lando Norris,NOR,McLaren,12.524042451775966,13
2022,1,Bahrain Grand Prix,2022-03-20,Bahrain International Circuit,Guanyu Zhou,ZHO,Alfa Romeo,13.134946231132746,14
2022,1,Bahrain Grand Prix,2022-03-20,Bahrain International Circuit,Lance Stroll,STR,Aston Martin,13.310197922786584,15
2022,1,Bahrain Grand Prix,2022-03-20,Bahrain International Circuit,Mick Schumacher,MSC,Haas F1 Team,13.944460958913854,16
2022,1,Bahrain Grand Prix,2022-03-20,Bahrain International Circuit,Nico Hülkenberg,HUL,Aston Martin,13.972163044716295,17
2022,1,Bahrain Grand Prix,2022-03-20,Bahrain International Circuit,Daniel Ricciardo,RIC,McLaren,14.222376396126512,18
2022,1,Bahrain Grand Prix,2022-03-20,Bahrain International Circuit,Alexander Albon,ALB,Williams,14.496927087725087,19
2022,1,Bahrain Grand Prix,2022-03-20,Bahrain International Circuit,Nicholas Latifi,LAT,Williams,16.484164840888287,20
2022,2,Saudi Arabian Grand Prix,2022-03-27,Jeddah Corniche Circuit,Max Verstappen,VER,Red Bull,3.0583162068603813,1
2022,2,Saudi Arabian Grand Prix,2022-03-27,Jeddah Corniche Circuit,Charles Leclerc,LEC,Ferrari,3.4400188034157972,2
2022,2,Saudi Arabian Grand Prix,2022-03-27,Jeddah Corniche Circuit,Sergio Pérez,PER,Red Bull,4.007043015687202,3
2022,2,Saudi Arabian Grand Prix,2022-03-27,Jeddah Corniche Circuit,Carlos Sainz,SAI,Ferrari,4.065668445708097,4
2022,2,Saudi Arabian Grand Prix,2022-03-27,Jeddah Corniche Circuit,Esteban Ocon,OCO,Alpine F1 Team,6.347850141069381,5
2022,2,Saudi Arabian Grand Prix,2022-03-27,Jeddah Corniche Circuit,George Russell,RUS,Mercedes,7.816917630221407,6
2022,2,Saudi Arabian Grand Prix,2022-03-27,Jeddah Corniche Circuit,Fernando Alonso,ALO,Alpine F1 Team,8.257569635515114,7
2022,2,Saudi Arabian Grand Prix,2022-03-27,Jeddah Corniche Circuit,Pierre Gasly,GAS,AlphaTauri,8.815244002652253,8
2022,2,Saudi Arabian Grand Prix,2022-03-27,Jeddah Corniche Circuit,Valtteri Bottas,BOT,Alfa Romeo,9.04974772565216,9
2022,2,Saudi Arabian Grand Prix,2022-03-27,Jeddah Corniche Circuit,Lewis Hamilton,HAM,Mercedes,9.595942558663328,10
2022,2,Saudi Arabian Grand Prix,2022-03-27,Jeddah Corniche Circuit,Lando Norris,NOR,McLaren,12.07151473284918,11
2022,2,Saudi Arabian Grand Prix,2022-03-27,Jeddah Corniche Circuit,Daniel Ricciardo,RIC,McLaren,12.479443307035888,12
2022,2,Saudi Arabian Grand Prix,2022-03-27,Jeddah Corniche Circuit,Yuki Tsunoda,TSU,AlphaTauri,13.15463727163072,13
2022,2,Saudi Arabian Grand Prix,2022-03-27,Jeddah Corniche Circuit,Kevin Magnussen,MAG,Haas F1 Team,13.205657376701133,14
2022,2,Saudi Arabian Grand Prix,2022-03-27,Jeddah Corniche Circuit,Lance Stroll,STR,Aston Martin,13.252558222800669,15
2022,2,Saudi Arabian Grand Prix,2022-03-27,Jeddah Corniche Circuit,Guanyu Zhou,ZHO,Alfa Romeo,13.459232546507005,16
2022,2,Saudi Arabian Grand Prix,2022-03-27,Jeddah Corniche Circuit,Nico Hülkenberg,HUL,Aston Martin,14.255661489574331,17
2022,2,Saudi Arabian Grand Prix,2022-03-27,Jeddah Corniche Circuit,Mick Schumacher,MSC,Haas F1 Team,14.876632872901501,18
2022,2,Saudi Arabian Grand Prix,2022-03-27,Jeddah Corniche Circuit,Alexander Albon,ALB,Williams,14.995023394000084,19
2022,2,Saudi Arabian Grand Prix,2022-03-27,Jeddah Corniche Circuit,Nicholas Latifi,LAT,Williams,15.983148345482807,20
2022,3,Australian Grand Prix,2022-04-10,Albert Park Grand Prix Circuit,Max Verstappen,VER,Red Bull,2.18503026192694,1
2022,3,Australian Grand Prix,2022-04-10,Albert Park Grand Prix Circuit,Charles Leclerc,LEC,Ferrari,3.1059775465994215,2
2022,3,Australian Grand Prix,2022-04-10,Albert Park Grand Prix Circuit,Sergio Pérez,PER,Red Bull,4.2761968907388965,3
2022,3,Australian Grand Prix,2022-04-10,Albert Park Grand Prix Circuit,Lewis Hamilton,HAM,Mercedes,5.233733306594589,4
2022,3,Australian Grand Prix,2022-04-10,Albert Park Grand Prix Circuit,Lando Norris,NOR,McLaren,6.58071115227929,5
2022,3,Australian Grand Prix,2022-04-10,Albert Park Grand Prix Circuit,Carlos Sainz,SAI,Ferrari,7.194197135495041,6
2022,3,Australian Grand Prix,2022-04-10,Albert Park Grand Prix Circuit,George Russell,RUS,Mercedes,7.411240917988261,7
2022,3,Australian Grand Prix,2022-04-10,Albert Park Grand Prix Circuit,Esteban Ocon,OCO,Alpine F1 Team,8.744580958559437,8
2022,3,Australian Grand Prix,2022-04-10,Albert Park Grand Prix Circuit,Daniel Ricciardo,RIC,McLaren,8.86817018760339,9
2022,3,Australian Grand Prix,2022-04-10,Albert Park Grand Prix Circuit,Fernando Alonso,ALO,Alpine F1 Team,9.058930446045677,10
2022,3,Australian Grand Prix,2022-04-10,Albert Park Grand Prix Circuit,Pierre Gasly,GAS,AlphaTauri,11.334552999243707,11
2022,3,Australian Grand Prix,2022-04-10,Albert Park Grand Prix Circuit,Valtteri Bottas,BOT,Alfa Romeo,11.40345748768003,12
2022,3,Australian Grand Prix,2022-04-10,Albert Park Grand Prix Circuit,Yuki Tsunoda,TSU,AlphaTauri,12.575808434924863,13
2022,3,Australian Grand Prix,2022-04-10,Albert Park Grand Prix Circuit,Guanyu Zhou,ZHO,Alfa Romeo,14.022181336506057,14
2022,3,Australian Grand Prix,2022-04-10,Albert Park Grand Prix Circuit,Sebastian Vettel,VET,Aston Martin,14.136200824979175,15
2022,3,Australian Grand Prix,2022-04-10,Albert Park Grand Prix Circuit,Lance Stroll,STR,Aston Martin,14.291108416571863,16
2022,3,Australian Grand Prix,2022-04-10,Albert Park Grand Prix Circuit,Alexander Albon,ALB,Williams,14.458017194104382,17
2022,3,Australian Grand Prix,2022-04-10,Albert Park Grand Prix Circuit,Kevin Magnussen,MAG,Haas F1 Team,15.142347243817534,18
2022,3,Australian Grand Prix,2022-04-10,Albert Park Grand Prix Circuit,Mick Schumacher,MSC,Haas F1 Team,15.307683390728837,19
2022,3,Australian Grand Prix,2022-04-10,Albert Park Grand Prix Circuit,Nicholas Latifi,LAT,Williams,16.39256486665996,20
2022,4,Emilia Romagna Grand Prix,2022-04-24,Autodromo Enzo e Dino Ferrari,Max Verstappen,VER,Red Bull,2.4727103956295915,1
2022,4,Emilia Romagna Grand Prix,2022-04-24,Autodromo Enzo e Dino Ferrari,Charles Leclerc,LEC,Ferrari,3.2720516228457375,2
2022,4,Emilia Romagna Grand Prix,2022-04-24,Autodromo Enzo e Dino Ferrari,Sergio Pérez,PER,Red Bull,5.854651339943483,3
2022,4,Emilia Romagna Grand Prix,2022-04-24,Autodromo Enzo e Dino Ferrari,Carlos Sainz,SAI,Ferrari,7.710562766830538,4
2022,4,Emilia Romagna Grand Prix,2022-04-24,Autodromo Enzo e Dino Ferrari,Lando Norris,NOR,McLaren,7.774936853890891,5
2022,4,Emilia Romagna Grand Prix,2022-04-24,Autodromo Enzo e Dino Ferrari,Fernando Alonso,ALO,Alpine F1 Team,8.59875721107847,6
2022,4,Emilia Romagna Grand Prix,2022-04-24,Autodromo Enzo e Dino Ferrari,Daniel Ricciardo,RIC,McLaren,8.87023417954092,7
2022,4,Emilia Romagna Grand Prix,2022-04-24,Autodromo Enzo e Dino Ferrari,George Russell,RUS,Mercedes,9.039368275674933,8
2022,4,Emilia Romagna Grand Prix,2022-04-24,Autodromo Enzo e Dino Ferrari,Kevin Magnussen,MAG,Haas F1 Team,9.08544098896369,9
2022,4,Emilia Romagna Grand Prix,2022-04-24,Autodromo Enzo e Dino Ferrari,Lewis Hamilton,HAM,Mercedes,9.576129257862238,10
2022,4,Emilia Romagna Grand Prix,2022-04-24,Autodromo Enzo e Dino Ferrari,Valtteri Bottas,BOT,Alfa Romeo,10.013099899321642,11
2022,4,Emilia Romagna Grand Prix,2022-04-24,Autodromo Enzo e Dino Ferrari,Sebastian Vettel,VET,Aston Martin,11.981629282557176,12
2022,4,Emilia Romagna Grand Prix,2022-04-24,Autodromo Enzo e Dino Ferrari,Mick Schumacher,MSC,Haas F1 Team,12.189200665081994,13
2022,4,Emilia Romagna Grand Prix,2022-04-24,Autodromo Enzo e Dino Ferrari,Pierre Gasly,GAS,AlphaTauri,12.280697331145102,14
2022,4,Emilia Romagna Grand Prix,2022-04-24,Autodromo Enzo e Dino Ferrari,Yuki Tsunoda,TSU,AlphaTauri,12.783863289847776,15
2022,4,Emilia Romagna Grand Prix,2022-04-24,Autodromo Enzo e Dino Ferrari,Esteban Ocon,OCO,Alpine F1 Team,12.894783298274838,16
2022,4,Emilia Romagna Grand Prix,2022-04-24,Autodromo Enzo e Dino Ferrari,Guanyu Zhou,ZHO,Alfa Romeo,13.483934803482661,17
2022,4,Emilia Romagna Grand Prix,2022-04-24,Autodromo Enzo e Dino Ferrari,Lance Stroll,STR,Aston Martin,13.924270998942195,18
2022,4,Emilia Romagna Grand Prix,2022-04-24,Autodromo Enzo e Dino Ferrari,Alexander Albon,ALB,Williams,14.319621092906393,19
2022,4,Emilia Romagna Grand Prix,2022-04-24,Autodromo Enzo e Dino Ferrari,Nicholas Latifi,LAT,Williams,15.610099775226809,20
2022,5,Miami Grand Prix,2022-05-08,Miami International Autodrome,Charles Leclerc,LEC,Ferrari,2.704373062170719,1
2022,5,Miami Grand Prix,2022-05-08,Miami International Autodrome,Max Verstappen,VER,Red Bull,3.5697906011289415,2
2022,5,Miami Grand Prix,2022-05-08,Miami International Autodrome,Sergio Pérez,PER,Red Bull,3.754955492491472,3
2022,5,Miami Grand Prix,2022-05-08,Miami International Autodrome,Carlos Sainz,SAI,Ferrari,3.976629199548691,4
2022,5,Miami Grand Prix,2022-05-08,Miami International Autodrome,Lewis Hamilton,HAM,Mercedes,6.292356778089642,5
2022,5,Miami Grand Prix,2022-05-08,Miami International Autodrome,George Russell,RUS,Mercedes,8.540193458026954,6
2022,5,Miami Grand Prix,2022-05-08,Miami International Autodrome,Lando Norris,NOR,McLaren,8.977596420290748,7
2022,5,Miami Grand Prix,2022-05-08,Miami International Autodrome,Valtteri Bottas,BOT,Alfa Romeo,9.035279561305888,8
2022,5,Miami Grand Prix,2022-05-08,Miami International Autodrome,Pierre Gasly,GAS,AlphaTauri,9.080802457303337,9
2022,5,Miami Grand Prix,2022-05-08,Miami International Autodrome,Yuki Tsunoda,TSU,AlphaTauri,11.234154742075397,10
2022,5,Miami Grand Prix,2022-05-08,Miami International Autodrome,Fernando Alonso,ALO,Alpine F1 Team,11.277061531483609,11
2022,5,Miami Grand Prix,2022-05-08,Miami International Autodrome,Daniel Ricciardo,RIC,McLaren,11.651452361748678,12
2022,5,Miami Grand Prix,2022-05-08,Miami International Autodrome,Sebastian Vettel,VET,Aston Martin,12.276514910965354,13
2022,5,Miami Grand Prix,2022-05-08,Miami International Autodrome,Lance Stroll,STR,Aston Martin,12.632895925376742,14
2022,5,Miami Grand Prix,2022-05-08,Miami International Autodrome,Kevin Magnussen,MAG,Haas F1 Team,13.49315321928043,15
2022,5,Miami Grand Prix,2022-05-08,Miami International Autodrome,Esteban Ocon,OCO,Alpine F1 Team,13.706196262472556,16
2022,5,Miami Grand Prix,2022-05-08,Miami International Autodrome,Alexander Albon,ALB,Williams,13.788302749996276,17
2022,5,Miami Grand Prix,2022-05-08,Miami International Autodrome,Guanyu Zhou,ZHO,Alfa Romeo,14.073446341870625,18
2022,5,Miami Grand Prix,2022-05-08,Miami International Autodrome,Mick Schumacher,MSC,Haas F1 Team,14.27258200482717,19
2022,5,Miami Grand Prix,2022-05-08,Miami International Autodrome,Nicholas Latifi,LAT,Williams,15.722969251148779,20
2022,6,Spanish Grand Prix,2022-05-22,Circuit de Barcelona-Catalunya,Max Verstappen,VER,Red Bull,1.9651226631303533,1
2022,6,Spanish Grand Prix,2022-05-22,Circuit de Barcelona-Catalunya,Charles Leclerc,LEC,Ferrari,2.704373062170719,2
2022,6,Spanish Grand Prix,2022-05-22,Circuit de Barcelona-Catalunya,Carlos Sainz,SAI,Ferrari,3.985603165581909,3
2022,6,Spanish Grand Prix,2022-05-22,Circuit de Barcelona-Catalunya,George Russell,RUS,Mercedes,4.44163580790721,4
2022,6,Spanish Grand Prix,2022-05-22,Circuit de Barcelona-Catalunya,Lewis Hamilton,HAM,Mercedes,5.2763582463065815,5
2022,6,Spanish Grand Prix,2022-05-22,Circuit de Barcelona-Catalunya,Sergio Pérez,PER,Red Bull,5.413542831764973,6
2022,6,Spanish Grand Prix,2022-05-22,Circuit de Barcelona-Catalunya,Valtteri Bottas,BOT,Alfa Romeo,9.122070671250066,7
2022,6,Spanish Grand Prix,2022-05-22,Circuit de Barcelona-Catalunya,Daniel Ricciardo,RIC,McLaren,10.224299353594942,8
2022,6,Spanish Grand Prix,2022-05-22,Circuit de Barcelona-Catalunya,Kevin Magnussen,MAG,Haas F1 Team,10.628709798528183,9
2022,6,Spanish Grand Prix,2022-05-22,Circuit de Barcelona-Catalunya,Lando Norris,NOR,McLaren,10.73260847138808,10
2022,6,Spanish Grand Prix,2022-05-22,Circuit de Barcelona-Catalunya,Esteban Ocon,OCO,Alpine F1 Team,11.182079031511208,11
2022,6,Spanish Grand Prix,2022-05-22,Circuit de Barcelona-Catalunya,Mick Schumacher,MSC,Haas F1 Team,12.604126395794236,12
2022,6,Spanish Grand Prix,2022-05-22,Circuit de Barcelona-Catalunya,Fernando Alonso,ALO,Alpine F1 Team,12.702464120627292,13
2022,6,Spanish Grand Prix,2022-05-22,Circuit de Barcelona-Catalunya,Yuki Tsunoda,TSU,AlphaTauri,13.139617936690831,14
2022,6,Spanish Grand Prix,2022-05-22,Circuit de Barcelona-Catalunya,Pierre Gasly,GAS,AlphaTauri,13.371340808264797,15
2022,6,Spanish Grand Prix,2022-05-22,Circuit de Barcelona-Catalunya,Sebastian Vettel,VET,Aston Martin,13.785354537401354,16
2022,6,Spanish Grand Prix,2022-05-22,Circuit de Barcelona-Catalunya,Guanyu Zhou,ZHO,Alfa Romeo,13.788778655450258,17
2022,6,Spanish Grand Prix,2022-05-22,Circuit de Barcelona-Catalunya,Lance Stroll,STR,Aston Martin,14.498744562611162,18
2022,6,Spanish Grand Prix,2022-05-22,Circuit de Barcelona-Catalunya,Alexander Albon,ALB,Williams,15.169503173821221,19
2022,6,Spanish Grand Prix,2022-05-22,Circuit de Barcelona-Catalunya,Nicholas Latifi,LAT,Williams,15.854028228478253,20
2022,7,Monaco Grand Prix,2022-05-29,Circuit de Monaco,Max Verstappen,VER,Red Bull,2.829191121543796,1
2022,7,Monaco Grand Prix,2022-05-29,Circuit de Monaco,Charles Leclerc,LEC,Ferrari,2.9616296708006957,2
2022,7,Monaco Grand Prix,2022-05-29,Circuit de Monaco,Sergio Pérez,PER,Red Bull,3.0659626824113055,3
2022,7,Monaco Grand Prix,2022-05-29,Circuit de Monaco,Carlos Sainz,SAI,Ferrari,3.4894562620976908,4
2022,7,Monaco Grand Prix,2022-05-29,Circuit de Monaco,Lando Norris,NOR,McLaren,6.128166592299565,5
2022,7,Monaco Grand Prix,2022-05-29,Circuit de Monaco,George Russell,RUS,Mercedes,6.263046592680868,6
2022,7,Monaco Grand Prix,2022-05-29,Circuit de Monaco,Lewis Hamilton,HAM,Mercedes,7.888504940834084,7
2022,7,Monaco Grand Prix,2022-05-29,Circuit de Monaco,Fernando Alonso,ALO,Alpine F1 Team,9.600155494594121,8
2022,7,Monaco Grand Prix,2022-05-29,Circuit de Monaco,Sebastian Vettel,VET,Aston Martin,10.719904614848899,9
2022,7,Monaco Grand Prix,2022-05-29,Circuit de Monaco,Esteban Ocon,OCO,Alpine F1 Team,11.59345725750681,10
2022,7,Monaco Grand Prix,2022-05-29,Circuit de Monaco,Valtteri Bottas,BOT,Alfa Romeo,12.013827701549571,11
2022,7,Monaco Grand Prix,2022-05-29,Circuit de Monaco,Daniel Ricciardo,RIC,McLaren,12.154731985379765,12
2022,7,Monaco Grand Prix,2022-05-29,Circuit de Monaco,Pierre Gasly,GAS,AlphaTauri,12.315318334641832,13
2022,7,Monaco Grand Prix,2022-05-29,Circuit de Monaco,Yuki Tsunoda,TSU,AlphaTauri,12.64341101972014,14
2022,7,Monaco Grand Prix,2022-05-29,Circuit de Monaco,Kevin Magnussen,MAG,Haas F1 Team,13.47021625146502,15
2022,7,Monaco Grand Prix,2022-05-29,Circuit de Monaco,Alexander Albon,ALB,Williams,14.307821182223627,16
2022,7,Monaco Grand Prix,2022-05-29,Circuit de Monaco,Lance Stroll,STR,Aston Martin,14.511036252345596,17
2022,7,Monaco Grand Prix,2022-05-29,Circuit de Monaco,Mick Schumacher,MSC,Haas F1 Team,14.925762289962494,18
2022,7,Monaco Grand Prix,2022-05-29,Circuit de Monaco,Guanyu Zhou,ZHO,Alfa Romeo,15.183466100604436,19
2022,7,Monaco Grand Prix,2022-05-29,Circuit de Monaco,Nicholas Latifi,LAT,Williams,15.701599711409015,20
2022,8,Azerbaijan Grand Prix,2022-06-12,Baku City Circuit,Sergio Pérez,PER,Red Bull,2.4878337988395933,1
2022,8,Azerbaijan Grand Prix,2022-06-12,Baku City Circuit,Max Verstappen,VER,Red Bull,2.653121609356801,2
2022,8,Azerbaijan Grand Prix,2022-06-12,Baku City Circuit,Charles Leclerc,LEC,Ferrari,3.0903521692779368,3
2022,8,Azerbaijan Grand Prix,2022-06-12,Baku City Circuit,Carlos Sainz,SAI,Ferrari,4.517692460943152,4
2022,8,Azerbaijan Grand Prix,2022-06-12,Baku City Circuit,George Russell,RUS,Mercedes,6.02724688153319,5
2022,8,Azerbaijan Grand Prix,2022-06-12,Baku City Circuit,Lewis Hamilton,HAM,Mercedes,6.9945938055438805,6
2022,8,Azerbaijan Grand Prix,2022-06-12,Baku City Circuit,Pierre Gasly,GAS,AlphaTauri,8.632665216403048,7
2022,8,Azerbaijan Grand Prix,2022-06-12,Baku City Circuit,Lando Norris,NOR,McLaren,9.73493679996112,8
2022,8,Azerbaijan Grand Prix,2022-06-12,Baku City Circuit,Fernando Alonso,ALO,Alpine F1 Team,10.315028893375189,9
2022,8,Azerbaijan Grand Prix,2022-06-12,Baku City Circuit,Yuki Tsunoda,TSU,AlphaTauri,10.535998992641737,10
2022,8,Azerbaijan Grand Prix,2022-06-12,Baku City Circuit,Daniel Ricciardo,RIC,McLaren,10.684546043058928,11
2022,8,Azerbaijan Grand Prix,2022-06-12,Baku City Circuit,Sebastian Vettel,VET,Aston Martin,10.804980462987062,12
2022,8,Azerbaijan Grand Prix,2022-06-12,Baku City Circuit,Esteban Ocon,OCO,Alpine F1 Team,12.488074211404836,13
2022,8,Azerbaijan Grand Prix,2022-06-12,Baku City Circuit,Valtteri Bottas,BOT,Alfa Romeo,13.190826384721097,14
2022,8,Azerbaijan Grand Prix,2022-06-12,Baku City Circuit,Guanyu Zhou,ZHO,Alfa Romeo,14.034701804949911,15
2022,8,Azerbaijan Grand Prix,2022-06-12,Baku City Circuit,Lance Stroll,STR,Aston Martin,14.155811050669781,16
2022,8,Azerbaijan Grand Prix,2022-06-12,Baku City Circuit,Alexander Albon,ALB,Williams,14.906919453559393,17
2022,8,Azerbaijan Grand Prix,2022-06-12,Baku City Circuit,Kevin Magnussen,MAG,Haas F1 Team,15.213053128154069,18
2022,8,Azerbaijan Grand Prix,2022-06-12,Baku City Circuit,Nicholas Latifi,LAT,Williams,15.942072409620682,19
2022,8,Azerbaijan Grand Prix,2022-06-12,Baku City Circuit,Mick Schumacher,MSC,Haas F1 Team,16.575137832885268,20
2022,9,Canadian Grand Prix,2022-06-19,Circuit Gilles Villeneuve,Max Verstappen,VER,Red Bull,1.8238081401089445,1
2022,9,Canadian Grand Prix,2022-06-19,Circuit Gilles Villeneuve,Carlos Sainz,SAI,Ferrari,4.643143720799035,2
2022,9,Canadian Grand Prix,2022-06-19,Circuit Gilles Villeneuve,Lewis Hamilton,HAM,Mercedes,5.6976143770403835,3
2022,9,Canadian Grand Prix,2022-06-19,Circuit Gilles Villeneuve,Fernando Alonso,ALO,Alpine F1 Team,6.61951258666614,4
2022,9,Canadian Grand Prix,2022-06-19,Circuit Gilles Villeneuve,George Russell,RUS,Mercedes,7.285602090080986,5
2022,9,Canadian Grand Prix,2022-06-19,Circuit Gilles Villeneuve,Sergio Pérez,PER,Red Bull,8.051268107562702,6
2022,9,Canadian Grand Prix,2022-06-19,Circuit Gilles Villeneuve,Esteban Ocon,OCO,Alpine F1 Team,8.983693464583432,7
2022,9,Canadian Grand Prix,2022-06-19,Circuit Gilles Villeneuve,Daniel Ricciardo,RIC,McLaren,9.78662315480761,8
2022,9,Canadian Grand Prix,2022-06-19,Circuit Gilles Villeneuve,Charles Leclerc,LEC,Ferrari,10.113995270380375,9
2022,9,Canadian Grand Prix,2022-06-19,Circuit Gilles Villeneuve,Kevin Magnussen,MAG,Haas F1 Team,10.499720810360152,10
2022,9,Canadian Grand Prix,2022-06-19,Circuit Gilles Villeneuve,Mick Schumacher,MSC,Haas F1 Team,10.503580931366649,11
2022,9,Canadian Grand Prix,2022-06-19,Circuit Gilles Villeneuve,Sebastian Vettel,VET,Aston Martin,11.877385474428666,12
2022,9,Canadian Grand Prix,2022-06-19,Circuit Gilles Villeneuve,Lando Norris,NOR,McLaren,11.954729917948178,13
2022,9,Canadian Grand Prix,2022-06-19,Circuit Gilles Villeneuve,Pierre Gasly,GAS,AlphaTauri,12.01222994354076,14
2022,9,Canadian Grand Prix,2022-06-19,Circuit Gilles Villeneuve,Guanyu Zhou,ZHO,Alfa Romeo,12.193648984391757,15
2022,9,Canadian Grand Prix,2022-06-19,Circuit Gilles Villeneuve,Valtteri Bottas,BOT,Alfa Romeo,12.40790235272189,16
2022,9,Canadian Grand Prix,2022-06-19,Circuit Gilles Villeneuve,Alexander Albon,ALB,Williams,13.194607148071546,17
2022,9,Canadian Grand Prix,2022-06-19,Circuit Gilles Villeneuve,Lance Stroll,STR,Aston Martin,13.572251508513522,18
2022,9,Canadian Grand Prix,2022-06-19,Circuit Gilles Villeneuve,Yuki Tsunoda,TSU,AlphaTauri,14.937086955489637,19
2022,9,Canadian Grand Prix,2022-06-19,Circuit Gilles Villeneuve,Nicholas Latifi,LAT,Williams,16.034964760550892,20
2022,10,British Grand Prix,2022-07-03,Silverstone Circuit,Max Verstappen,VER,Red Bull,3.1206762239206105,1
2022,10,British Grand Prix,2022-07-03,Silverstone Circuit,Carlos Sainz,SAI,Ferrari,3.32260466751103,2
2022,10,British Grand Prix,2022-07-03,Silverstone Circuit,Sergio Pérez,PER,Red Bull,3.892816050820536,3
2022,10,British Grand Prix,2022-07-03,Silverstone Circuit,Charles Leclerc,LEC,Ferrari,4.476895538975609,4
2022,10,British Grand Prix,2022-07-03,Silverstone Circuit,Lewis Hamilton,HAM,Mercedes,4.575341688315262,5
2022,10,British Grand Prix,2022-07-03,Silverstone Circuit,George Russell,RUS,Mercedes,7.429819540734594,6
2022,10,British Grand Prix,2022-07-03,Silverstone Circuit,Lando Norris,NOR,McLaren,8.575185965082152,7
2022,10,British Grand Prix,2022-07-03,Silverstone Circuit,Fernando Alonso,ALO,Alpine F1 Team,9.402841717825401,8
2022,10,British Grand Prix,2022-07-03,Silverstone Circuit,Valtteri Bottas,BOT,Alfa Romeo,10.137095876880492,9
2022,10,British Grand Prix,2022-07-03,Silverstone Circuit,Guanyu Zhou,ZHO,Alfa Romeo,11.055371370357474,10
2022,10,British Grand Prix,2022-07-03,Silverstone Circuit,Esteban Ocon,OCO,Alpine F1 Team,12.513776053403879,11
2022,10,British Grand Prix,2022-07-03,Silverstone Circuit,Pierre Gasly,GAS,AlphaTauri,12.579817764211843,12
2022,10,British Grand Prix,2022-07-03,Silverstone Circuit,Sebastian Vettel,VET,Aston Martin,13.54543014204515,13
2022,10,British Grand Prix,2022-07-03,Silverstone Circuit,Nicholas Latifi,LAT,Williams,13.63260750448622,14
2022,10,British Grand Prix,2022-07-03,Silverstone Circuit,Daniel Ricciardo,RIC,McLaren,13.660573730914011,15
2022,10,British Grand Prix,2022-07-03,Silverstone Circuit,Lance Stroll,STR,Aston Martin,13.999861131513056,16
2022,10,British Grand Prix,2022-07-03,Silverstone Circuit,Yuki Tsunoda,TSU,AlphaTauri,14.029419723148623,17
2022,10,British Grand Prix,2022-07-03,Silverstone Circuit,Alexander Albon,ALB,Williams,14.686710468394125,18
2022,10,British Grand Prix,2022-07-03,Silverstone Circuit,Mick Schumacher,MSC,Haas F1 Team,14.970541797598608,19
2022,10,British Grand Prix,2022-07-03,Silverstone Circuit,Kevin Magnussen,MAG,Haas F1 Team,15.328560096586502,20
2022,11,Austrian Grand Prix,2022-07-10,Red Bull Ring,Max Verstappen,VER,Red Bull,1.990909226060612,1
2022,11,Austrian Grand Prix,2022-07-10,Red Bull Ring,Carlos Sainz,SAI,Ferrari,4.181839774293125,2
2022,11,Austrian Grand Prix,2022-07-10,Red Bull Ring,Charles Leclerc,LEC,Ferrari,4.233806379427567,3
2022,11,Austrian Grand Prix,2022-07-10,Red Bull Ring,George Russell,RUS,Mercedes,4.886344465637684,4
2022,11,Austrian Grand Prix,2022-07-10,Red Bull Ring,Lewis Hamilton,HAM,Mercedes,6.979842218310948,5
2022,11,Austrian Grand Prix,2022-07-10,Red Bull Ring,Sergio Pérez,PER,Red Bull,7.121223451730931,6
2022,11,Austrian Grand Prix,2022-07-10,Red Bull Ring,Esteban Ocon,OCO,Alpine F1 Team,8.870754735714932,7
2022,11,Austrian Grand Prix,2022-07-10,Red Bull Ring,Kevin Magnussen,MAG,Haas F1 Team,9.960484959900072,8
2022,11,Austrian Grand Prix,2022-07-10,Red Bull Ring,Fernando Alonso,ALO,Alpine F1 Team,10.115171346976046,9
2022,11,Austrian Grand Prix,2022-07-10,Red Bull Ring,Mick Schumacher,MSC,Haas F1 Team,10.655572804086423,10
2022,11,Austrian Grand Prix,2022-07-10,Red Bull Ring,Valtteri Bottas,BOT,Alfa Romeo,11.917103886516072,11
2022,11,Austrian Grand Prix,2022-07-10,Red Bull Ring,Lando Norris,NOR,McLaren,11.982274442072725,12
2022,11,Austrian Grand Prix,2022-07-10,Red Bull Ring,Pierre Gasly,GAS,AlphaTauri,12.858044937250757,13
2022,11,Austrian Grand Prix,2022-07-10,Red Bull Ring,Lance Stroll,STR,Aston Martin,12.88677042851578,14
2022,11,Austrian Grand Prix,2022-07-10,Red Bull Ring,Alexander Albon,ALB,Williams,13.655572913471142,15
2022,11,Austrian Grand Prix,2022-07-10,Red Bull Ring,Daniel Ricciardo,RIC,McLaren,13.760871904666532,16
2022,11,Austrian Grand Prix,2022-07-10,Red Bull Ring,Guanyu Zhou,ZHO,Alfa Romeo,13.976616458402448,17
2022,11,Austrian Grand Prix,2022-07-10,Red Bull Ring,Sebastian Vettel,VET,Aston Martin,14.078587562717942,18
2022,11,Austrian Grand Prix,2022-07-10,Red Bull Ring,Yuki Tsunoda,TSU,AlphaTauri,15.291199293256545,19
2022,11,Austrian Grand Prix,2022-07-10,Red Bull Ring,Nicholas Latifi,LAT,Williams,16.2050129136952,20
2022,12,French Grand Prix,2022-07-24,Circuit Paul Ricard,Max Verstappen,VER,Red Bull,2.1114916146887603,1
2022,12,French Grand Prix,2022-07-24,Circuit Paul Ricard,Charles Leclerc,LEC,Ferrari,3.151298905058699,2
2022,12,French Grand Prix,2022-07-24,Circuit Paul Ricard,Lewis Hamilton,HAM,Mercedes,3.8118807195675153,3
2022,12,French Grand Prix,2022-07-24,Circuit Paul Ricard,Sergio Pérez,PER,Red Bull,3.8664527444408403,4
2022,12,French Grand Prix,2022-07-24,Circuit Paul Ricard,George Russell,RUS,Mercedes,5.691137827067749,5
2022,12,French Grand Prix,2022-07-24,Circuit Paul Ricard,Lando Norris,NOR,McLaren,7.0446972074514145,6
2022,12,French Grand Prix,2022-07-24,Circuit Paul Ricard,Carlos Sainz,SAI,Ferrari,7.962859308869079,7
2022,12,French Grand Prix,2022-07-24,Circuit Paul Ricard,Fernando Alonso,ALO,Alpine F1 Team,8.247290349177161,8
2022,12,French Grand Prix,2022-07-24,Circuit Paul Ricard,Daniel Ricciardo,RIC,McLaren,10.320760908057032,9
2022,12,French Grand Prix,2022-07-24,Circuit Paul Ricard,Esteban Ocon,OCO,Alpine F1 Team,10.750466381151238,10
2022,12,French Grand Prix,2022-07-24,Circuit Paul Ricard,Yuki Tsunoda,TSU,AlphaTauri,11.809974298481118,11
2022,12,French Grand Prix,2022-07-24,Circuit Paul Ricard,Pierre Gasly,GAS,AlphaTauri,12.704602130667151,12
2022,12,French Grand Prix,2022-07-24,Circuit Paul Ricard,Valtteri Bottas,BOT,Alfa Romeo,12.979795100976945,13
2022,12,French Grand Prix,2022-07-24,Circuit Paul Ricard,Sebastian Vettel,VET,Aston Martin,13.243756113499051,14
2022,12,French Grand Prix,2022-07-24,Circuit Paul Ricard,Alexander Albon,ALB,Williams,13.659929933885019,15
2022,12,French Grand Prix,2022-07-24,Circuit Paul Ricard,Kevin Magnussen,MAG,Haas F1 Team,13.720663514181208,16
2022,12,French Grand Prix,2022-07-24,Circuit Paul Ricard,Lance Stroll,STR,Aston Martin,13.88019242948217,17
2022,12,French Grand Prix,2022-07-24,Circuit Paul Ricard,Guanyu Zhou,ZHO,Alfa Romeo,14.601935815556873,18
2022,12,French Grand Prix,2022-07-24,Circuit Paul Ricard,Mick Schumacher,MSC,Haas F1 Team,15.331049044478142,19
2022,12,French Grand Prix,2022-07-24,Circuit Paul Ricard,Nicholas Latifi,LAT,Williams,16.49569468860876,20
2022,13,Hungarian Grand Prix,2022-07-31,Hungaroring,George Russell,RUS,Mercedes,3.53411922930138,1
2022,13,Hungarian Grand Prix,2022-07-31,Hungaroring,Carlos Sainz,SAI,Ferrari,3.6665410454901197,2
2022,13,Hungarian Grand Prix,2022-07-31,Hungaroring,Charles Leclerc,LEC,Ferrari,4.271693168326924,3
2022,13,Hungarian Grand Prix,2022-07-31,Hungaroring,Lando Norris,NOR,McLaren,6.269530648156215,4
2022,13,Hungarian Grand Prix,2022-07-31,Hungaroring,Lewis Hamilton,HAM,Mercedes,6.3162776731618155,5
2022,13,Hungarian Grand Prix,2022-07-31,Hungaroring,Fernando Alonso,ALO,Alpine F1 Team,6.45476441958484,6
2022,13,Hungarian Grand Prix,2022-07-31,Hungaroring,Max Verstappen,VER,Red Bull,6.641663392653625,7
2022,13,Hungarian Grand Prix,2022-07-31,Hungaroring,Esteban Ocon,OCO,Alpine F1 Team,7.673416585964295,8
2022,13,Hungarian Grand Prix,2022-07-31,Hungaroring,Sergio Pérez,PER,Red Bull,9.527721400935373,9
2022,13,Hungarian Grand Prix,2022-07-31,Hungaroring,Daniel Ricciardo,RIC,McLaren,10.716538019335342,10
2022,13,Hungarian Grand Prix,2022-07-31,Hungaroring,Valtteri Bottas,BOT,Alfa Romeo,11.256075093185203,11
2022,13,Hungarian Grand Prix,2022-07-31,Hungaroring,Guanyu Zhou,ZHO,Alfa Romeo,13.097926544859133,12
2022,13,Hungarian Grand Prix,2022-07-31,Hungaroring,Sebastian Vettel,VET,Aston Martin,13.298893368014783,13
2022,13,Hungarian Grand Prix,2022-07-31,Hungaroring,Kevin Magnussen,MAG,Haas F1 Team,13.731649586027432,14
2022,13,Hungarian Grand Prix,2022-07-31,Hungaroring,Pierre Gasly,GAS,AlphaTauri,13.806836384228193,15
2022,13,Hungarian Grand Prix,2022-07-31,Hungaroring,Lance Stroll,STR,Aston Martin,13.82306377633555,16
2022,13,Hungarian Grand Prix,2022-07-31,Hungaroring,Mick Schumacher,MSC,Haas F1 Team,14.053261768280235,17
2022,13,Hungarian Grand Prix,2022-07-31,Hungaroring,Alexander Albon,ALB,Williams,14.95975265601792,18
2022,13,Hungarian Grand Prix,2022-07-31,Hungaroring,Nicholas Latifi,LAT,Williams,15.003072942827579,19
2022,13,Hungarian Grand Prix,2022-07-31,Hungaroring,Yuki Tsunoda,TSU,AlphaTauri,15.308493311313983,20
2022,14,Belgian Grand Prix,2022-08-28,Circuit de Spa-Francorchamps,Carlos Sainz,SAI,Ferrari,3.66936024320187,1
2022,14,Belgian Grand Prix,2022-08-28,Circuit de Spa-Francorchamps,Sergio Pérez,PER,Red Bull,3.7360398619866793,2
2022,14,Belgian Grand Prix,2022-08-28,Circuit de Spa-Francorchamps,Max Verstappen,VER,Red Bull,4.035676307234352,3
2022,14,Belgian Grand Prix,2022-08-28,Circuit de Spa-Francorchamps,Charles Leclerc,LEC,Ferrari,6.10160395555976,4
2022,14,Belgian Grand Prix,2022-08-28,Circuit de Spa-Francorchamps,Lewis Hamilton,HAM,Mercedes,6.110788690683442,5
2022,14,Belgian Grand Prix,2022-08-28,Circuit de Spa-Francorchamps,Fernando Alonso,ALO,Alpine F1 Team,6.759118616237715,6
2022,14,Belgian Grand Prix,2022-08-28,Circuit de Spa-Francorchamps,George Russell,RUS,Mercedes,6.791812836504236,7
2022,14,Belgian Grand Prix,2022-08-28,Circuit de Spa-Francorchamps,Esteban Ocon,OCO,Alpine F1 Team,8.713599713853261,8
2022,14,Belgian Grand Prix,2022-08-28,Circuit de Spa-Francorchamps,Daniel Ricciardo,RIC,McLaren,10.55459012542435,9
2022,14,Belgian Grand Prix,2022-08-28,Circuit de Spa-Francorchamps,Lando Norris,NOR,McLaren,10.566471247103745,10
2022,14,Belgian Grand Prix,2022-08-28,Circuit de Spa-Francorchamps,Alexander Albon,ALB,Williams,11.306725559158377,11
2022,14,Belgian Grand Prix,2022-08-28,Circuit de Spa-Francorchamps,Lance Stroll,STR,Aston Martin,11.803281429987214,12
2022,14,Belgian Grand Prix,2022-08-28,Circuit de Spa-Francorchamps,Sebastian Vettel,VET,Aston Martin,12.078436557643728,13
2022,14,Belgian Grand Prix,2022-08-28,Circuit de Spa-Francorchamps,Pierre Gasly,GAS,AlphaTauri,12.911087468014921,14
2022,14,Belgian Grand Prix,2022-08-28,Circuit de Spa-Francorchamps,Guanyu Zhou,ZHO,Alfa Romeo,14.279726418408142,15
2022,14,Belgian Grand Prix,2022-08-28,Circuit de Spa-Francorchamps,Kevin Magnussen,MAG,Haas F1 Team,14.47090699207127,16
2022,14,Belgian Grand Prix,2022-08-28,Circuit de Spa-Francorchamps,Valtteri Bottas,BOT,Alfa Romeo,14.73469751480634,17
2022,14,Belgian Grand Prix,2022-08-28,Circuit de Spa-Francorchamps,Yuki Tsunoda,TSU,AlphaTauri,14.888524527285375,18
2022,14,Belgian Grand Prix,2022-08-28,Circuit de Spa-Francorchamps,Nicholas Latifi,LAT,Williams,15.175656656932803,19
2022,14,Belgian Grand Prix,2022-08-28,Circuit de Spa-Francorchamps,Mick Schumacher,MSC,Haas F1 Team,15.241898705090168,20
2022,15,Dutch Grand Prix,2022-09-04,Circuit Park Zandvoort,Max Verstappen,VER,Red Bull,2.8541963838100943,1
2022,15,Dutch Grand Prix,2022-09-04,Circuit Park Zandvoort,Lewis Hamilton,HAM,Mercedes,3.1451111080752097,2
2022,15,Dutch Grand Prix,2022-09-04,Circuit Park Zandvoort,Charles Leclerc,LEC,Ferrari,3.435958556990312,3
2022,15,Dutch Grand Prix,2022-09-04,Circuit Park Zandvoort,Carlos Sainz,SAI,Ferrari,3.906083306226778,4
2022,15,Dutch Grand Prix,2022-09-04,Circuit Park Zandvoort,George Russell,RUS,Mercedes,5.604422443065217,5
2022,15,Dutch Grand Prix,2022-09-04,Circuit Park Zandvoort,Sergio Pérez,PER,Red Bull,5.992004424576814,6
2022,15,Dutch Grand Prix,2022-09-04,Circuit Park Zandvoort,Lando Norris,NOR,McLaren,7.921179961323183,7
2022,15,Dutch Grand Prix,2022-09-04,Circuit Park Zandvoort,Fernando Alonso,ALO,Alpine F1 Team,9.360466507902599,8
2022,15,Dutch Grand Prix,2022-09-04,Circuit Park Zandvoort,Esteban Ocon,OCO,Alpine F1 Team,10.445291850702489,9
2022,15,Dutch Grand Prix,2022-09-04,Circuit Park Zandvoort,Mick Schumacher,MSC,Haas F1 Team,10.840967923835418,10
2022,15,Dutch Grand Prix,2022-09-04,Circuit Park Zandvoort,Lance Stroll,STR,Aston Martin,11.44164079500978,11
2022,15,Dutch Grand Prix,2022-09-04,Circuit Park Zandvoort,Yuki Tsunoda,TSU,AlphaTauri,12.916336884675422,12
2022,15,Dutch Grand Prix,2022-09-04,Circuit Park Zandvoort,Pierre Gasly,GAS,AlphaTauri,13.019607091910327,13
2022,15,Dutch Grand Prix,2022-09-04,Circuit Park Zandvoort,Daniel Ricciardo,RIC,McLaren,13.148518903295386,14
2022,15,Dutch Grand Prix,2022-09-04,Circuit Park Zandvoort,Sebastian Vettel,VET,Aston Martin,13.633566907711216,15
2022,15,Dutch Grand Prix,2022-09-04,Circuit Park Zandvoort,Alexander Albon,ALB,Williams,14.848968018149366,16
2022,15,Dutch Grand Prix,2022-09-04,Circuit Park Zandvoort,Kevin Magnussen,MAG,Haas F1 Team,14.983569846792806,17
2022,15,Dutch Grand Prix,2022-09-04,Circuit Park Zandvoort,Guanyu Zhou,ZHO,Alfa Romeo,15.002898410486258,18
2022,15,Dutch Grand Prix,2022-09-04,Circuit Park Zandvoort,Valtteri Bottas,BOT,Alfa Romeo,15.800701738388026,19
2022,15,Dutch Grand Prix,2022-09-04,Circuit Park Zandvoort,Nicholas Latifi,LAT,Williams,16.962075770470776,20
2022,16,Italian Grand Prix,2022-09-11,Autodromo Nazionale di Monza,Charles Leclerc,LEC,Ferrari,3.1590631485995164,1
2022,16,Italian Grand Prix,2022-09-11,Autodromo Nazionale di Monza,Max Verstappen,VER,Red Bull,3.2720906562114433,2
2022,16,Italian Grand Prix,2022-09-11,Autodromo Nazionale di Monza,George Russell,RUS,Mercedes,3.9112784750314424,3
2022,16,Italian Grand Prix,2022-09-11,Autodromo Nazionale di Monza,Carlos Sainz,SAI,Ferrari,5.949525546638051,4
2022,16,Italian Grand Prix,2022-09-11,Autodromo Nazionale di Monza,Lewis Hamilton,HAM,Mercedes,6.142119091858804,5
2022,16,Italian Grand Prix,2022-09-11,Autodromo Nazionale di Monza,Sergio Pérez,PER,Red Bull,6.343595476846999,6
2022,16,Italian Grand Prix,2022-09-11,Autodromo Nazionale di Monza,Lando Norris,NOR,McLaren,7.841728837750879,7
2022,16,Italian Grand Prix,2022-09-11,Autodromo Nazionale di Monza,Fernando Alonso,ALO,Alpine F1 Team,8.249463704706724,8
2022,16,Italian Grand Prix,2022-09-11,Autodromo Nazionale di Monza,Esteban Ocon,OCO,Alpine F1 Team,9.160124479213673,9
2022,16,Italian Grand Prix,2022-09-11,Autodromo Nazionale di Monza,Daniel Ricciardo,RIC,McLaren,10.326983230095014,10
2022,16,Italian Grand Prix,2022-09-11,Autodromo Nazionale di Monza,Pierre Gasly,GAS,AlphaTauri,11.397292286119667,11
2022,16,Italian Grand Prix,2022-09-11,Autodromo Nazionale di Monza,Nyck de Vries,DEV,Williams,12.564660079110295,12
2022,16,Italian Grand Prix,2022-09-11,Autodromo Nazionale di Monza,Guanyu Zhou,ZHO,Alfa Romeo,12.822658659566294,13
2022,16,Italian Grand Prix,2022-09-11,Autodromo Nazionale di Monza,Valtteri Bottas,BOT,Alfa Romeo,13.827609458041586,14
2022,16,Italian Grand Prix,2022-09-11,Autodromo Nazionale di Monza,Sebastian Vettel,VET,Aston Martin,13.837088266756405,15
2022,16,Italian Grand Prix,2022-09-11,Autodromo Nazionale di Monza,Lance Stroll,STR,Aston Martin,14.20769403896374,16
2022,16,Italian Grand Prix,2022-09-11,Autodromo Nazionale di Monza,Nicholas Latifi,LAT,Williams,14.258684130698622,17
2022,16,Italian Grand Prix,2022-09-11,Autodromo Nazionale di Monza,Yuki Tsunoda,TSU,AlphaTauri,15.084344409784004,18
2022,16,Italian Grand Prix,2022-09-11,Autodromo Nazionale di Monza,Kevin Magnussen,MAG,Haas F1 Team,15.378871243793206,19
2022,16,Italian Grand Prix,2022-09-11,Autodromo Nazionale di Monza,Mick Schumacher,MSC,Haas F1 Team,15.800807367572986,20
2022,17,Singapore Grand Prix,2022-10-02,Marina Bay Street Circuit,Charles Leclerc,LEC,Ferrari,3.220947478838531,1
2022,17,Singapore Grand Prix,2022-10-02,Marina Bay Street Circuit,Sergio Pérez,PER,Red Bull,3.2305819656814747,2
2022,17,Singapore Grand Prix,2022-10-02,Marina Bay Street Circuit,Lewis Hamilton,HAM,Mercedes,3.603533066631506,3
2022,17,Singapore Grand Prix,2022-10-02,Marina Bay Street Circuit,Carlos Sainz,SAI,Ferrari,4.370143369392392,4
2022,17,Singapore Grand Prix,2022-10-02,Marina Bay Street Circuit,Max Verstappen,VER,Red Bull,5.503410201072763,5
2022,17,Singapore Grand Prix,2022-10-02,Marina Bay Street Circuit,Fernando Alonso,ALO,Alpine F1 Team,6.709850173277711,6
2022,17,Singapore Grand Prix,2022-10-02,Marina Bay Street Circuit,George Russell,RUS,Mercedes,8.30098481218054,7
2022,17,Singapore Grand Prix,2022-10-02,Marina Bay Street Circuit,Lando Norris,NOR,McLaren,8.66292587925385,8
2022,17,Singapore Grand Prix,2022-10-02,Marina Bay Street Circuit,Pierre Gasly,GAS,AlphaTauri,9.762537222877066,9
2022,17,Singapore Grand Prix,2022-10-02,Marina Bay Street Circuit,Esteban Ocon,OCO,Alpine F1 Team,10.780184317924776,10
2022,17,Singapore Grand Prix,2022-10-02,Marina Bay Street Circuit,Lance Stroll,STR,Aston Martin,11.443612022992479,11
2022,17,Singapore Grand Prix,2022-10-02,Marina Bay Street Circuit,Kevin Magnussen,MAG,Haas F1 Team,12.179961281401718,12
2022,17,Singapore Grand Prix,2022-10-02,Marina Bay Street Circuit,Sebastian Vettel,VET,Aston Martin,12.359115850913788,13
2022,17,Singapore Grand Prix,2022-10-02,Marina Bay Street Circuit,Yuki Tsunoda,TSU,AlphaTauri,12.876466802800616,14
2022,17,Singapore Grand Prix,2022-10-02,Marina Bay Street Circuit,Daniel Ricciardo,RIC,McLaren,14.13462954882024,15
2022,17,Singapore Grand Prix,2022-10-02,Marina Bay Street Circuit,Valtteri Bottas,BOT,Alfa Romeo,14.452728677552882,16
2022,17,Singapore Grand Prix,2022-10-02,Marina Bay Street Circuit,Guanyu Zhou,ZHO,Alfa Romeo,14.691566821760421,17
2022,17,Singapore Grand Prix,2022-10-02,Marina Bay Street Circuit,Alexander Albon,ALB,Williams,14.966441086411672,18
2022,17,Singapore Grand Prix,2022-10-02,Marina Bay Street Circuit,Mick Schumacher,MSC,Haas F1 Team,15.082446298641695,19
2022,17,Singapore Grand Prix,2022-10-02,Marina Bay Street Circuit,Nicholas Latifi,LAT,Williams,16.577905818547467,20
2022,18,Japanese Grand Prix,2022-10-09,Suzuka Circuit,Max Verstappen,VER,Red Bull,1.6955409608137437,1
2022,18,Japanese Grand Prix,2022-10-09,Suzuka Circuit,Charles Leclerc,LEC,Ferrari,3.5927181055232675,2
2022,18,Japanese Grand Prix,2022-10-09,Suzuka Circuit,Sergio Pérez,PER,Red Bull,3.6055750100185278,3
2022,18,Japanese Grand Prix,2022-10-09,Suzuka Circuit,Carlos Sainz,SAI,Ferrari,4.08995737995321,4
2022,18,Japanese Grand Prix,2022-10-09,Suzuka Circuit,Lewis Hamilton,HAM,Mercedes,5.3405722372022675,5
2022,18,Japanese Grand Prix,2022-10-09,Suzuka Circuit,Esteban Ocon,OCO,Alpine F1 Team,8.020074773226662,6
2022,18,Japanese Grand Prix,2022-10-09,Suzuka Circuit,Fernando Alonso,ALO,Alpine F1 Team,8.086111248353765,7
2022,18,Japanese Grand Prix,2022-10-09,Suzuka Circuit,George Russell,RUS,Mercedes,8.401502578859299,8
2022,18,Japanese Grand Prix,2022-10-09,Suzuka Circuit,Lando Norris,NOR,McLaren,10.005243268158177,9
2022,18,Japanese Grand Prix,2022-10-09,Suzuka Circuit,Sebastian Vettel,VET,Aston Martin,11.25138227202728,10
2022,18,Japanese Grand Prix,2022-10-09,Suzuka Circuit,Daniel Ricciardo,RIC,McLaren,11.635641713121133,11
2022,18,Japanese Grand Prix,2022-10-09,Suzuka Circuit,Valtteri Bottas,BOT,Alfa Romeo,12.807707387832295,12
2022,18,Japanese Grand Prix,2022-10-09,Suzuka Circuit,Mick Schumacher,MSC,Haas F1 Team,13.834925568202289,13
2022,18,Japanese Grand Prix,2022-10-09,Suzuka Circuit,Yuki Tsunoda,TSU,AlphaTauri,14.176669458257377,14
2022,18,Japanese Grand Prix,2022-10-09,Suzuka Circuit,Guanyu Zhou,ZHO,Alfa Romeo,14.239841361968184,15
2022,18,Japanese Grand Prix,2022-10-09,Suzuka Circuit,Lance Stroll,STR,Aston Martin,14.321541439489392,16
2022,18,Japanese Grand Prix,2022-10-09,Suzuka Circuit,Kevin Magnussen,MAG,Haas F1 Team,14.412762300075658,17
2022,18,Japanese Grand Prix,2022-10-09,Suzuka Circuit,Alexander Albon,ALB,Williams,14.626092704100767,18
2022,18,Japanese Grand Prix,2022-10-09,Suzuka Circuit,Pierre Gasly,GAS,AlphaTauri,15.018513016404563,19
2022,18,Japanese Grand Prix,2022-10-09,Suzuka Circuit,Nicholas Latifi,LAT,Williams,15.399277993036277,20
2022,19,United States Grand Prix,2022-10-23,Circuit of the Americas,Max Verstappen,VER,Red Bull,1.877727607485768,1
2022,19,United States Grand Prix,2022-10-23,Circuit of the Americas,Carlos Sainz,SAI,Ferrari,3.2179095264374276,2
2022,19,United States Grand Prix,2022-10-23,Circuit of the Americas,Sergio Pérez,PER,Red Bull,4.270713441875364,3
2022,19,United States Grand Prix,2022-10-23,Circuit of the Americas,Lewis Hamilton,HAM,Mercedes,4.54062424239225,4
2022,19,United States Grand Prix,2022-10-23,Circuit of the Americas,Charles Leclerc,LEC,Ferrari,5.929025403797618,5
2022,19,United States Grand Prix,2022-10-23,Circuit of the Americas,George Russell,RUS,Mercedes,6.319308168484834,6
2022,19,United States Grand Prix,2022-10-23,Circuit of the Americas,Lance Stroll,STR,Aston Martin,9.082229047784912,7
2022,19,United States Grand Prix,2022-10-23,Circuit of the Americas,Lando Norris,NOR,McLaren,9.319293549896479,8
2022,19,United States Grand Prix,2022-10-23,Circuit of the Americas,Fernando Alonso,ALO,Alpine F1 Team,9.825340259898374,9
2022,19,United States Grand Prix,2022-10-23,Circuit of the Americas,Sebastian Vettel,VET,Aston Martin,11.172318262097761,10
2022,19,United States Grand Prix,2022-10-23,Circuit of the Americas,Valtteri Bottas,BOT,Alfa Romeo,11.430598905929687,11
2022,19,United States Grand Prix,2022-10-23,Circuit of the Americas,Esteban Ocon,OCO,Alpine F1 Team,12.034689781422397,12
2022,19,United States Grand Prix,2022-10-23,Circuit of the Americas,Alexander Albon,ALB,Williams,12.186506154283757,13
2022,19,United States Grand Prix,2022-10-23,Circuit of the Americas,Daniel Ricciardo,RIC,McLaren,12.419688792107358,14
2022,19,United States Grand Prix,2022-10-23,Circuit of the Americas,Pierre Gasly,GAS,AlphaTauri,12.684733554914361,15
2022,19,United States Grand Prix,2022-10-23,Circuit of the Americas,Kevin Magnussen,MAG,Haas F1 Team,14.241896543980221,16
2022,19,United States Grand Prix,2022-10-23,Circuit of the Americas,Yuki Tsunoda,TSU,AlphaTauri,14.821106509338705,17
2022,19,United States Grand Prix,2022-10-23,Circuit of the Americas,Guanyu Zhou,ZHO,Alfa Romeo,14.933424432052673,18
2022,19,United States Grand Prix,2022-10-23,Circuit of the Americas,Mick Schumacher,MSC,Haas F1 Team,15.106298318383505,19
2022,19,United States Grand Prix,2022-10-23,Circuit of the Americas,Nicholas Latifi,LAT,Williams,16.42468725900168,20
2022,20,Mexico City Grand Prix,2022-10-30,Autódromo Hermanos Rodríguez,Max Verstappen,VER,Red Bull,1.6650727668785719,1
2022,20,Mexico City Grand Prix,2022-10-30,Autódromo Hermanos Rodríguez,Lewis Hamilton,HAM,Mercedes,3.1975469653369757,2
2022,20,Mexico City Grand Prix,2022-10-30,Autódromo Hermanos Rodríguez,Sergio Pérez,PER,Red Bull,3.451676329490109,3
2022,20,Mexico City Grand Prix,2022-10-30,Autódromo Hermanos Rodríguez,George Russell,RUS,Mercedes,3.961407587047511,4
2022,20,Mexico City Grand Prix,2022-10-30,Autódromo Hermanos Rodríguez,Charles Leclerc,LEC,Ferrari,5.9835354739125135,5
2022,20,Mexico City Grand Prix,2022-10-30,Autódromo Hermanos Rodríguez,Carlos Sainz,SAI,Ferrari,6.121048343374701,6
2022,20,Mexico City Grand Prix,2022-10-30,Autódromo Hermanos Rodríguez,Lando Norris,NOR,McLaren,8.970758314332329,7
2022,20,Mexico City Grand Prix,2022-10-30,Autódromo Hermanos Rodríguez,Valtteri Bottas,BOT,Alfa Romeo,9.18493680891369,8
2022,20,Mexico City Grand Prix,2022-10-30,Autódromo Hermanos Rodríguez,Fernando Alonso,ALO,Alpine F1 Team,10.079132783938933,9
2022,20,Mexico City Grand Prix,2022-10-30,Autódromo Hermanos Rodríguez,Esteban Ocon,OCO,Alpine F1 Team,10.089754233038349,10
2022,20,Mexico City Grand Prix,2022-10-30,Autódromo Hermanos Rodríguez,Daniel Ricciardo,RIC,McLaren,11.348056078936885,11
2022,20,Mexico City Grand Prix,2022-10-30,Autódromo Hermanos Rodríguez,Pierre Gasly,GAS,AlphaTauri,13.250921614184646,12
2022,20,Mexico City Grand Prix,2022-10-30,Autódromo Hermanos Rodríguez,Yuki Tsunoda,TSU,AlphaTauri,13.550057583884039,13
2022,20,Mexico City Grand Prix,2022-10-30,Autódromo Hermanos Rodríguez,Sebastian Vettel,VET,Aston Martin,13.808514953320856,14
2022,20,Mexico City Grand Prix,2022-10-30,Autódromo Hermanos Rodríguez,Guanyu Zhou,ZHO,Alfa Romeo,14.034470177511581,15
2022,20,Mexico City Grand Prix,2022-10-30,Autódromo Hermanos Rodríguez,Lance Stroll,STR,Aston Martin,14.230614458756124,16
2022,20,Mexico City Grand Prix,2022-10-30,Autódromo Hermanos Rodríguez,Alexander Albon,ALB,Williams,14.353697524313656,17
2022,20,Mexico City Grand Prix,2022-10-30,Autódromo Hermanos Rodríguez,Mick Schumacher,MSC,Haas F1 Team,14.524248242011137,18
2022,20,Mexico City Grand Prix,2022-10-30,Autódromo Hermanos Rodríguez,Kevin Magnussen,MAG,Haas F1 Team,15.023199291390002,19
2022,20,Mexico City Grand Prix,2022-10-30,Autódromo Hermanos Rodríguez,Nicholas Latifi,LAT,Williams,16.15376654489041,20
2022,21,São Paulo Grand Prix,2022-11-13,Autódromo José Carlos Pace,Max Verstappen,VER,Red Bull,2.6982215227822492,1
2022,21,São Paulo Grand Prix,2022-11-13,Autódromo José Carlos Pace,George Russell,RUS,Mercedes,3.8611126650935734,2
2022,21,São Paulo Grand Prix,2022-11-13,Autódromo José Carlos Pace,Lewis Hamilton,HAM,Mercedes,5.684255063447006,3
2022,21,São Paulo Grand Prix,2022-11-13,Autódromo José Carlos Pace,Carlos Sainz,SAI,Ferrari,6.355300338597933,4
2022,21,São Paulo Grand Prix,2022-11-13,Autódromo José Carlos Pace,Sergio Pérez,PER,Red Bull,6.378263641558312,5
2022,21,São Paulo Grand Prix,2022-11-13,Autódromo José Carlos Pace,Lando Norris,NOR,McLaren,7.156596750898295,6
2022,21,São Paulo Grand Prix,2022-11-13,Autódromo José Carlos Pace,Charles Leclerc,LEC,Ferrari,7.351555654070174,7
2022,21,São Paulo Grand Prix,2022-11-13,Autódromo José Carlos Pace,Kevin Magnussen,MAG,Haas F1 Team,9.722947018756523,8
2022,21,São Paulo Grand Prix,2022-11-13,Autódromo José Carlos Pace,Esteban Ocon,OCO,Alpine F1 Team,10.057930483618444,9
2022,21,São Paulo Grand Prix,2022-11-13,Autódromo José Carlos Pace,Fernando Alonso,ALO,Alpine F1 Team,10.690092796574728,10
2022,21,São Paulo Grand Prix,2022-11-13,Autódromo José Carlos Pace,Pierre Gasly,GAS,AlphaTauri,11.327187750794854,11
2022,21,São Paulo Grand Prix,2022-11-13,Autódromo José Carlos Pace,Sebastian Vettel,VET,Aston Martin,11.550068899743529,12
2022,21,São Paulo Grand Prix,2022-11-13,Autódromo José Carlos Pace,Daniel Ricciardo,RIC,McLaren,12.415656845350863,13
2022,21,São Paulo Grand Prix,2022-11-13,Autódromo José Carlos Pace,Lance Stroll,STR,Aston Martin,13.559752444107827,14
2022,21,São Paulo Grand Prix,2022-11-13,Autódromo José Carlos Pace,Alexander Albon,ALB,Williams,13.62496531089508,15
2022,21,São Paulo Grand Prix,2022-11-13,Autódromo José Carlos Pace,Mick Schumacher,MSC,Haas F1 Team,13.729361710495999,16
2022,21,São Paulo Grand Prix,2022-11-13,Autódromo José Carlos Pace,Valtteri Bottas,BOT,Alfa Romeo,14.14227872043649,17
2022,21,São Paulo Grand Prix,2022-11-13,Autódromo José Carlos Pace,Yuki Tsunoda,TSU,AlphaTauri,14.602084606754941,18
2022,21,São Paulo Grand Prix,2022-11-13,Autódromo José Carlos Pace,Guanyu Zhou,ZHO,Alfa Romeo,14.747248731493556,19
2022,21,São Paulo Grand Prix,2022-11-13,Autódromo José Carlos Pace,Nicholas Latifi,LAT,Williams,14.955971362115454,20
2022,22,Abu Dhabi Grand Prix,2022-11-20,Yas Marina Circuit,Max Verstappen,VER,Red Bull,1.98843220935706,1
2022,22,Abu Dhabi Grand Prix,2022-11-20,Yas Marina Circuit,Sergio Pérez,PER,Red Bull,2.698464377483608,2
2022,22,Abu Dhabi Grand Prix,2022-11-20,Yas Marina Circuit,Charles Leclerc,LEC,Ferrari,3.6977983027313264,3
2022,22,Abu Dhabi Grand Prix,2022-11-20,Yas Marina Circuit,Lewis Hamilton,HAM,Mercedes,4.32512429279122,4
2022,22,Abu Dhabi Grand Prix,2022-11-20,Yas Marina Circuit,Carlos Sainz,SAI,Ferrari,5.062777292608284,5
2022,22,Abu Dhabi Grand Prix,2022-11-20,Yas Marina Circuit,George Russell,RUS,Mercedes,5.606762633762323,6
2022,22,Abu Dhabi Grand Prix,2022-11-20,Yas Marina Circuit,Lando Norris,NOR,McLaren,7.831518327747679,7
2022,22,Abu Dhabi Grand Prix,2022-11-20,Yas Marina Circuit,Esteban Ocon,OCO,Alpine F1 Team,9.746168764233518,8
2022,22,Abu Dhabi Grand Prix,2022-11-20,Yas Marina Circuit,Sebastian Vettel,VET,Aston Martin,10.249308855356228,9
2022,22,Abu Dhabi Grand Prix,2022-11-20,Yas Marina Circuit,Fernando Alonso,ALO,Alpine F1 Team,10.643319777300633,10
2022,22,Abu Dhabi Grand Prix,2022-11-20,Yas Marina Circuit,Daniel Ricciardo,RIC,McLaren,10.947061660779402,11
2022,22,Abu Dhabi Grand Prix,2022-11-20,Yas Marina Circuit,Yuki Tsunoda,TSU,AlphaTauri,13.351846784198958,12
2022,22,Abu Dhabi Grand Prix,2022-11-20,Yas Marina Circuit,Lance Stroll,STR,Aston Martin,13.504769147149927,13
2022,22,Abu Dhabi Grand Prix,2022-11-20,Yas Marina Circuit,Guanyu Zhou,ZHO,Alfa Romeo,14.15800286289842,14
2022,22,Abu Dhabi Grand Prix,2022-11-20,Yas Marina Circuit,Valtteri Bottas,BOT,Alfa Romeo,14.26101025464762,15
2022,22,Abu Dhabi Grand Prix,2022-11-20,Yas Marina Circuit,Mick Schumacher,MSC,Haas F1 Team,14.72089515591107,16
2022,22,Abu Dhabi Grand Prix,2022-11-20,Yas Marina Circuit,Pierre Gasly,GAS,AlphaTauri,14.882734367527766,17
2022,22,Abu Dhabi Grand Prix,2022-11-20,Yas Marina Circuit,Alexander Albon,ALB,Williams,15.034154453438363,18
2022,22,Abu Dhabi Grand Prix,2022-11-20,Yas Marina Circuit,Kevin Magnussen,MAG,Haas F1 Team,15.549638991058183,19
2022,22,Abu Dhabi Grand Prix,2022-11-20,Yas Marina Circuit,Nicholas Latifi,LAT,Williams,16.86389334821738,20
2023,1,Bahrain Grand Prix,2023-03-05,Bahrain International Circuit,Max Verstappen,VER,Red Bull,1.759493789743839,1
2023,1,Bahrain Grand Prix,2023-03-05,Bahrain International Circuit,Sergio Pérez,PER,Red Bull,2.7896865798238863,2
2023,1,Bahrain Grand Prix,2023-03-05,Bahrain International Circuit,Charles Leclerc,LEC,Ferrari,3.6977983027313264,3
2023,1,Bahrain Grand Prix,2023-03-05,Bahrain International Circuit,Lewis Hamilton,HAM,Mercedes,5.834016181189893,4
2023,1,Bahrain Grand Prix,2023-03-05,Bahrain International Circuit,Carlos Sainz,SAI,Ferrari,6.077108861517964,5
2023,1,Bahrain Grand Prix,2023-03-05,Bahrain International Circuit,George Russell,RUS,Mercedes,6.428872286430114,6
2023,1,Bahrain Grand Prix,2023-03-05,Bahrain International Circuit,Fernando Alonso,ALO,Aston Martin,7.616599271509935,7
2023,1,Bahrain Grand Prix,2023-03-05,Bahrain International Circuit,Lance Stroll,STR,Aston Martin,9.698389557383425,8
2023,1,Bahrain Grand Prix,2023-03-05,Bahrain International Circuit,Esteban Ocon,OCO,Alpine F1 Team,9.80574664065709,9
2023,1,Bahrain Grand Prix,2023-03-05,Bahrain International Circuit,Lando Norris,NOR,McLaren,10.957065949948731,10
2023,1,Bahrain Grand Prix,2023-03-05,Bahrain International Circuit,Nico Hülkenberg,HUL,Haas F1 Team,12.031967637076319,11
2023,1,Bahrain Grand Prix,2023-03-05,Bahrain International Circuit,Pierre Gasly,GAS,Alpine F1 Team,12.541956737711654,12
2023,1,Bahrain Grand Prix,2023-03-05,Bahrain International Circuit,Valtteri Bottas,BOT,Alfa Romeo,12.554135924082306,13
2023,1,Bahrain Grand Prix,2023-03-05,Bahrain International Circuit,Guanyu Zhou,ZHO,Alfa Romeo,12.909701730548832,14
2023,1,Bahrain Grand Prix,2023-03-05,Bahrain International Circuit,Oscar Piastri,PIA,McLaren,13.802467317824744,15
2023,1,Bahrain Grand Prix,2023-03-05,Bahrain International Circuit,Yuki Tsunoda,TSU,AlphaTauri,14.543124369450107,16
2023,1,Bahrain Grand Prix,2023-03-05,Bahrain International Circuit,Alexander Albon,ALB,Williams,14.841694455258963,17
2023,1,Bahrain Grand Prix,2023-03-05,Bahrain International Circuit,Kevin Magnussen,MAG,Haas F1 Team,14.865714666763905,18
2023,1,Bahrain Grand Prix,2023-03-05,Bahrain International Circuit,Nyck de Vries,DEV,AlphaTauri,15.374075871754135,19
2023,1,Bahrain Grand Prix,2023-03-05,Bahrain International Circuit,Logan Sargeant,SAR,Williams,16.056170125120083,20
2023,2,Saudi Arabian Grand Prix,2023-03-19,Jeddah Corniche Circuit,Sergio Pérez,PER,Red Bull,2.5785180383297592,1
2023,2,Saudi Arabian Grand Prix,2023-03-19,Jeddah Corniche Circuit,George Russell,RUS,Mercedes,4.1887263926522245,2
2023,2,Saudi Arabian Grand Prix,2023-03-19,Jeddah Corniche Circuit,Fernando Alonso,ALO,Aston Martin,5.534942022002953,3
2023,2,Saudi Arabian Grand Prix,2023-03-19,Jeddah Corniche Circuit,Lewis Hamilton,HAM,Mercedes,5.8165351551824855,4
2023,2,Saudi Arabian Grand Prix,2023-03-19,Jeddah Corniche Circuit,Carlos Sainz,SAI,Ferrari,6.171671445778533,5
2023,2,Saudi Arabian Grand Prix,2023-03-19,Jeddah Corniche Circuit,Max Verstappen,VER,Red Bull,6.741978653956603,6
2023,2,Saudi Arabian Grand Prix,2023-03-19,Jeddah Corniche Circuit,Charles Leclerc,LEC,Ferrari,7.587080945606874,7
2023,2,Saudi Arabian Grand Prix,2023-03-19,Jeddah Corniche Circuit,Lance Stroll,STR,Aston Martin,8.099364416259625,8
2023,2,Saudi Arabian Grand Prix,2023-03-19,Jeddah Corniche Circuit,Esteban Ocon,OCO,Alpine F1 Team,9.16075337339996,9
2023,2,Saudi Arabian Grand Prix,2023-03-19,Jeddah Corniche Circuit,Pierre Gasly,GAS,Alpine F1 Team,9.922418463100618,10
2023,2,Saudi Arabian Grand Prix,2023-03-19,Jeddah Corniche Circuit,Oscar Piastri,PIA,McLaren,11.858301608565487,11
2023,2,Saudi Arabian Grand Prix,2023-03-19,Jeddah Corniche Circuit,Nico Hülkenberg,HUL,Haas F1 Team,12.419048381193688,12
2023,2,Saudi Arabian Grand Prix,2023-03-19,Jeddah Corniche Circuit,Guanyu Zhou,ZHO,Alfa Romeo,12.673328729177166,13
2023,2,Saudi Arabian Grand Prix,2023-03-19,Jeddah Corniche Circuit,Lando Norris,NOR,McLaren,13.155043643071265,14
2023,2,Saudi Arabian Grand Prix,2023-03-19,Jeddah Corniche Circuit,Kevin Magnussen,MAG,Haas F1 Team,14.28703495879206,15
2023,2,Saudi Arabian Grand Prix,2023-03-19,Jeddah Corniche Circuit,Alexander Albon,ALB,Williams,14.445092520025868,16
2023,2,Saudi Arabian Grand Prix,2023-03-19,Jeddah Corniche Circuit,Valtteri Bottas,BOT,Alfa Romeo,14.557099914713753,17
2023,2,Saudi Arabian Grand Prix,2023-03-19,Jeddah Corniche Circuit,Nyck de Vries,DEV,AlphaTauri,14.595477892779527,18
2023,2,Saudi Arabian Grand Prix,2023-03-19,Jeddah Corniche Circuit,Yuki Tsunoda,TSU,AlphaTauri,14.670250597211123,19
2023,2,Saudi Arabian Grand Prix,2023-03-19,Jeddah Corniche Circuit,Logan Sargeant,SAR,Williams,16.1787053023532,20
2023,3,Australian Grand Prix,2023-04-02,Albert Park Grand Prix Circuit,Max Verstappen,VER,Red Bull,1.6701160927456862,1
2023,3,Australian Grand Prix,2023-04-02,Albert Park Grand Prix Circuit,Lewis Hamilton,HAM,Mercedes,3.4025793410454503,2
2023,3,Australian Grand Prix,2023-04-02,Albert Park Grand Prix Circuit,George Russell,RUS,Mercedes,3.5195212255663586,3
2023,3,Australian Grand Prix,2023-04-02,Albert Park Grand Prix Circuit,Fernando Alonso,ALO,Aston Martin,4.7407595299081295,4
2023,3,Australian Grand Prix,2023-04-02,Albert Park Grand Prix Circuit,Carlos Sainz,SAI,Ferrari,5.803112202231369,5
2023,3,Australian Grand Prix,2023-04-02,Albert Park Grand Prix Circuit,Charles Leclerc,LEC,Ferrari,6.728898073897095,6
2023,3,Australian Grand Prix,2023-04-02,Albert Park Grand Prix Circuit,Sergio Pérez,PER,Red Bull,7.483529154450852,7
2023,3,Australian Grand Prix,2023-04-02,Albert Park Grand Prix Circuit,Lance Stroll,STR,Aston Martin,8.241509979437156,8
2023,3,Australian Grand Prix,2023-04-02,Albert Park Grand Prix Circuit,Pierre Gasly,GAS,Alpine F1 Team,10.0433776161657,9
2023,3,Australian Grand Prix,2023-04-02,Albert Park Grand Prix Circuit,Esteban Ocon,OCO,Alpine F1 Team,11.003110538765661,10
2023,3,Australian Grand Prix,2023-04-02,Albert Park Grand Prix Circuit,Alexander Albon,ALB,Williams,11.339258476287029,11
2023,3,Australian Grand Prix,2023-04-02,Albert Park Grand Prix Circuit,Nico Hülkenberg,HUL,Haas F1 Team,12.021766268990644,12
2023,3,Australian Grand Prix,2023-04-02,Albert Park Grand Prix Circuit,Lando Norris,NOR,McLaren,12.356934222879632,13
2023,3,Australian Grand Prix,2023-04-02,Albert Park Grand Prix Circuit,Yuki Tsunoda,TSU,AlphaTauri,13.321261196642636,14
2023,3,Australian Grand Prix,2023-04-02,Albert Park Grand Prix Circuit,Nyck de Vries,DEV,AlphaTauri,14.097141109911613,15
2023,3,Australian Grand Prix,2023-04-02,Albert Park Grand Prix Circuit,Guanyu Zhou,ZHO,Alfa Romeo,14.203142504206857,16
2023,3,Australian Grand Prix,2023-04-02,Albert Park Grand Prix Circuit,Oscar Piastri,PIA,McLaren,14.411994459245484,17
2023,3,Australian Grand Prix,2023-04-02,Albert Park Grand Prix Circuit,Valtteri Bottas,BOT,Alfa Romeo,14.464388673045683,18
2023,3,Australian Grand Prix,2023-04-02,Albert Park Grand Prix Circuit,Kevin Magnussen,MAG,Haas F1 Team,15.64294133981365,19
2023,3,Australian Grand Prix,2023-04-02,Albert Park Grand Prix Circuit,Logan Sargeant,SAR,Williams,15.706185766359546,20
2023,4,Azerbaijan Grand Prix,2023-04-30,Baku City Circuit,Max Verstappen,VER,Red Bull,2.2872801579763142,1
2023,4,Azerbaijan Grand Prix,2023-04-30,Baku City Circuit,Sergio Pérez,PER,Red Bull,3.550212722274163,2
2023,4,Azerbaijan Grand Prix,2023-04-30,Baku City Circuit,Charles Leclerc,LEC,Ferrari,4.285705091461235,3
2023,4,Azerbaijan Grand Prix,2023-04-30,Baku City Circuit,Carlos Sainz,SAI,Ferrari,4.941050067084927,4
2023,4,Azerbaijan Grand Prix,2023-04-30,Baku City Circuit,Lewis Hamilton,HAM,Mercedes,6.055142677763017,5
2023,4,Azerbaijan Grand Prix,2023-04-30,Baku City Circuit,Fernando Alonso,ALO,Aston Martin,6.428886975163819,6
2023,4,Azerbaijan Grand Prix,2023-04-30,Baku City Circuit,Lance Stroll,STR,Aston Martin,8.420004546441147,7
2023,4,Azerbaijan Grand Prix,2023-04-30,Baku City Circuit,Lando Norris,NOR,McLaren,9.001060748462345,8
2023,4,Azerbaijan Grand Prix,2023-04-30,Baku City Circuit,George Russell,RUS,Mercedes,11.085695210864866,9
2023,4,Azerbaijan Grand Prix,2023-04-30,Baku City Circuit,Yuki Tsunoda,TSU,AlphaTauri,11.452135879823018,10
2023,4,Azerbaijan Grand Prix,2023-04-30,Baku City Circuit,Oscar Piastri,PIA,McLaren,11.681535171052914,11
2023,4,Azerbaijan Grand Prix,2023-04-30,Baku City Circuit,Guanyu Zhou,ZHO,Alfa Romeo,13.16904517395692,12
2023,4,Azerbaijan Grand Prix,2023-04-30,Baku City Circuit,Valtteri Bottas,BOT,Alfa Romeo,13.237404132164825,13
2023,4,Azerbaijan Grand Prix,2023-04-30,Baku City Circuit,Esteban Ocon,OCO,Alpine F1 Team,13.401026253512105,14
2023,4,Azerbaijan Grand Prix,2023-04-30,Baku City Circuit,Alexander Albon,ALB,Williams,13.43141461558265,15
2023,4,Azerbaijan Grand Prix,2023-04-30,Baku City Circuit,Nyck de Vries,DEV,AlphaTauri,13.639869821926501,16
2023,4,Azerbaijan Grand Prix,2023-04-30,Baku City Circuit,Nico Hülkenberg,HUL,Haas F1 Team,14.62980435625351,17
2023,4,Azerbaijan Grand Prix,2023-04-30,Baku City Circuit,Pierre Gasly,GAS,Alpine F1 Team,14.692551251283072,18
2023,4,Azerbaijan Grand Prix,2023-04-30,Baku City Circuit,Logan Sargeant,SAR,Williams,15.060532240928186,19
2023,4,Azerbaijan Grand Prix,2023-04-30,Baku City Circuit,Kevin Magnussen,MAG,Haas F1 Team,15.521919861804921,20
2023,5,Miami Grand Prix,2023-05-07,Miami International Autodrome,Sergio Pérez,PER,Red Bull,2.6757699618553556,1
2023,5,Miami Grand Prix,2023-05-07,Miami International Autodrome,Carlos Sainz,SAI,Ferrari,4.187918953871718,2
2023,5,Miami Grand Prix,2023-05-07,Miami International Autodrome,Fernando Alonso,ALO,Aston Martin,4.252121827151155,3
2023,5,Miami Grand Prix,2023-05-07,Miami International Autodrome,Max Verstappen,VER,Red Bull,5.811887624010858,4
2023,5,Miami Grand Prix,2023-05-07,Miami International Autodrome,Charles Leclerc,LEC,Ferrari,6.53398855763291,5
2023,5,Miami Grand Prix,2023-05-07,Miami International Autodrome,George Russell,RUS,Mercedes,7.211193876116171,6
2023,5,Miami Grand Prix,2023-05-07,Miami International Autodrome,Lewis Hamilton,HAM,Mercedes,8.212266266551026,7
2023,5,Miami Grand Prix,2023-05-07,Miami International Autodrome,Kevin Magnussen,MAG,Haas F1 Team,8.666785322668868,8
2023,5,Miami Grand Prix,2023-05-07,Miami International Autodrome,Pierre Gasly,GAS,Alpine F1 Team,8.94191948355098,9
2023,5,Miami Grand Prix,2023-05-07,Miami International Autodrome,Esteban Ocon,OCO,Alpine F1 Team,9.915880916941981,10
2023,5,Miami Grand Prix,2023-05-07,Miami International Autodrome,Lance Stroll,STR,Aston Martin,11.164293257781392,11
2023,5,Miami Grand Prix,2023-05-07,Miami International Autodrome,Valtteri Bottas,BOT,Alfa Romeo,11.920140971876993,12
2023,5,Miami Grand Prix,2023-05-07,Miami International Autodrome,Nico Hülkenberg,HUL,Haas F1 Team,12.242375345958573,13
2023,5,Miami Grand Prix,2023-05-07,Miami International Autodrome,Alexander Albon,ALB,Williams,12.386565055564356,14
2023,5,Miami Grand Prix,2023-05-07,Miami International Autodrome,Lando Norris,NOR,McLaren,13.68073062846797,15
2023,5,Miami Grand Prix,2023-05-07,Miami International Autodrome,Guanyu Zhou,ZHO,Alfa Romeo,14.08812104331959,16
2023,5,Miami Grand Prix,2023-05-07,Miami International Autodrome,Oscar Piastri,PIA,McLaren,14.369815345923762,17
2023,5,Miami Grand Prix,2023-05-07,Miami International Autodrome,Nyck de Vries,DEV,AlphaTauri,14.925570806363101,18
2023,5,Miami Grand Prix,2023-05-07,Miami International Autodrome,Yuki Tsunoda,TSU,AlphaTauri,15.134287785253468,19
2023,5,Miami Grand Prix,2023-05-07,Miami International Autodrome,Logan Sargeant,SAR,Williams,17.163892753215904,20
2023,6,Monaco Grand Prix,2023-05-28,Circuit de Monaco,Max Verstappen,VER,Red Bull,1.6955409608137437,1
2023,6,Monaco Grand Prix,2023-05-28,Circuit de Monaco,Fernando Alonso,ALO,Aston Martin,3.549447464586167,2
2023,6,Monaco Grand Prix,2023-05-28,Circuit de Monaco,Lewis Hamilton,HAM,Mercedes,5.0048449888751465,3
2023,6,Monaco Grand Prix,2023-05-28,Circuit de Monaco,Carlos Sainz,SAI,Ferrari,5.119204872410077,4
2023,6,Monaco Grand Prix,2023-05-28,Circuit de Monaco,Charles Leclerc,LEC,Ferrari,5.600858505026167,5
2023,6,Monaco Grand Prix,2023-05-28,Circuit de Monaco,Esteban Ocon,OCO,Alpine F1 Team,7.346850168368902,6
2023,6,Monaco Grand Prix,2023-05-28,Circuit de Monaco,Sergio Pérez,PER,Red Bull,7.96270165191819,7
2023,6,Monaco Grand Prix,2023-05-28,Circuit de Monaco,Pierre Gasly,GAS,Alpine F1 Team,8.984711964184738,8
2023,6,Monaco Grand Prix,2023-05-28,Circuit de Monaco,George Russell,RUS,Mercedes,9.275626764735389,9
2023,6,Monaco Grand Prix,2023-05-28,Circuit de Monaco,Lance Stroll,STR,Aston Martin,9.807283722401934,10
2023,6,Monaco Grand Prix,2023-05-28,Circuit de Monaco,Lando Norris,NOR,McLaren,10.746844755261696,11
2023,6,Monaco Grand Prix,2023-05-28,Circuit de Monaco,Yuki Tsunoda,TSU,AlphaTauri,12.874942179467567,12
2023,6,Monaco Grand Prix,2023-05-28,Circuit de Monaco,Oscar Piastri,PIA,McLaren,13.38495146255363,13
2023,6,Monaco Grand Prix,2023-05-28,Circuit de Monaco,Valtteri Bottas,BOT,Alfa Romeo,13.414075940718329,14
2023,6,Monaco Grand Prix,2023-05-28,Circuit de Monaco,Nyck de Vries,DEV,AlphaTauri,13.461525015670295,15
2023,6,Monaco Grand Prix,2023-05-28,Circuit de Monaco,Kevin Magnussen,MAG,Haas F1 Team,14.246230091282296,16
2023,6,Monaco Grand Prix,2023-05-28,Circuit de Monaco,Alexander Albon,ALB,Williams,14.55019529611956,17
2023,6,Monaco Grand Prix,2023-05-28,Circuit de Monaco,Nico Hülkenberg,HUL,Haas F1 Team,14.812915405081998,18
2023,6,Monaco Grand Prix,2023-05-28,Circuit de Monaco,Guanyu Zhou,ZHO,Alfa Romeo,14.897898261645105,19
2023,6,Monaco Grand Prix,2023-05-28,Circuit de Monaco,Logan Sargeant,SAR,Williams,16.398400584031616,20
2023,7,Spanish Grand Prix,2023-06-04,Circuit de Barcelona-Catalunya,Max Verstappen,VER,Red Bull,1.6336566305747293,1
2023,7,Spanish Grand Prix,2023-06-04,Circuit de Barcelona-Catalunya,Carlos Sainz,SAI,Ferrari,4.363773961583587,2
2023,7,Spanish Grand Prix,2023-06-04,Circuit de Barcelona-Catalunya,Lewis Hamilton,HAM,Mercedes,5.369795910191654,3
2023,7,Spanish Grand Prix,2023-06-04,Circuit de Barcelona-Catalunya,Fernando Alonso,ALO,Aston Martin,7.157860302489534,4
2023,7,Spanish Grand Prix,2023-06-04,Circuit de Barcelona-Catalunya,Sergio Pérez,PER,Red Bull,7.479523884258179,5
2023,7,Spanish Grand Prix,2023-06-04,Circuit de Barcelona-Catalunya,Lando Norris,NOR,McLaren,7.8780266011984725,6
2023,7,Spanish Grand Prix,2023-06-04,Circuit de Barcelona-Catalunya,Lance Stroll,STR,Aston Martin,8.108657799105305,7
2023,7,Spanish Grand Prix,2023-06-04,Circuit de Barcelona-Catalunya,Esteban Ocon,OCO,Alpine F1 Team,8.209595249029487,8
2023,7,Spanish Grand Prix,2023-06-04,Circuit de Barcelona-Catalunya,Pierre Gasly,GAS,Alpine F1 Team,8.84369188238998,9
2023,7,Spanish Grand Prix,2023-06-04,Circuit de Barcelona-Catalunya,George Russell,RUS,Mercedes,8.987430418408715,10
2023,7,Spanish Grand Prix,2023-06-04,Circuit de Barcelona-Catalunya,Charles Leclerc,LEC,Ferrari,9.756546360972303,11
2023,7,Spanish Grand Prix,2023-06-04,Circuit de Barcelona-Catalunya,Nico Hülkenberg,HUL,Haas F1 Team,11.052548672274915,12
2023,7,Spanish Grand Prix,2023-06-04,Circuit de Barcelona-Catalunya,Oscar Piastri,PIA,McLaren,11.538265034410578,13
2023,7,Spanish Grand Prix,2023-06-04,Circuit de Barcelona-Catalunya,Nyck de Vries,DEV,AlphaTauri,13.210602400900633,14
2023,7,Spanish Grand Prix,2023-06-04,Circuit de Barcelona-Catalunya,Guanyu Zhou,ZHO,Alfa Romeo,13.317765480180945,15
2023,7,Spanish Grand Prix,2023-06-04,Circuit de Barcelona-Catalunya,Valtteri Bottas,BOT,Alfa Romeo,13.745968505970419,16
2023,7,Spanish Grand Prix,2023-06-04,Circuit de Barcelona-Catalunya,Kevin Magnussen,MAG,Haas F1 Team,14.308537405706302,17
2023,7,Spanish Grand Prix,2023-06-04,Circuit de Barcelona-Catalunya,Yuki Tsunoda,TSU,AlphaTauri,14.552282123806185,18
2023,7,Spanish Grand Prix,2023-06-04,Circuit de Barcelona-Catalunya,Alexander Albon,ALB,Williams,16.453487173407062,19
2023,7,Spanish Grand Prix,2023-06-04,Circuit de Barcelona-Catalunya,Logan Sargeant,SAR,Williams,17.596647102348186,20
2023,8,Canadian Grand Prix,2023-06-18,Circuit Gilles Villeneuve,Max Verstappen,VER,Red Bull,1.6076992036486901,1
2023,8,Canadian Grand Prix,2023-06-18,Circuit Gilles Villeneuve,Fernando Alonso,ALO,Aston Martin,3.5899792557855243,2
2023,8,Canadian Grand Prix,2023-06-18,Circuit Gilles Villeneuve,Lewis Hamilton,HAM,Mercedes,3.8623858392359574,3
2023,8,Canadian Grand Prix,2023-06-18,Circuit Gilles Villeneuve,George Russell,RUS,Mercedes,6.259304539935014,4
2023,8,Canadian Grand Prix,2023-06-18,Circuit Gilles Villeneuve,Sergio Pérez,PER,Red Bull,8.479333463144858,5
2023,8,Canadian Grand Prix,2023-06-18,Circuit Gilles Villeneuve,Carlos Sainz,SAI,Ferrari,8.701916954513369,6
2023,8,Canadian Grand Prix,2023-06-18,Circuit Gilles Villeneuve,Esteban Ocon,OCO,Alpine F1 Team,8.712455176461988,7
2023,8,Canadian Grand Prix,2023-06-18,Circuit Gilles Villeneuve,Charles Leclerc,LEC,Ferrari,8.76970532880424,8
2023,8,Canadian Grand Prix,2023-06-18,Circuit Gilles Villeneuve,Lance Stroll,STR,Aston Martin,9.166669723878606,9
2023,8,Canadian Grand Prix,2023-06-18,Circuit Gilles Villeneuve,Lando Norris,NOR,McLaren,9.701110416981406,10
2023,8,Canadian Grand Prix,2023-06-18,Circuit Gilles Villeneuve,Nico Hülkenberg,HUL,Haas F1 Team,9.851771589955728,11
2023,8,Canadian Grand Prix,2023-06-18,Circuit Gilles Villeneuve,Oscar Piastri,PIA,McLaren,10.776726297311,12
2023,8,Canadian Grand Prix,2023-06-18,Circuit Gilles Villeneuve,Pierre Gasly,GAS,Alpine F1 Team,12.580076560830145,13
2023,8,Canadian Grand Prix,2023-06-18,Circuit Gilles Villeneuve,Alexander Albon,ALB,Williams,12.61129550820081,14
2023,8,Canadian Grand Prix,2023-06-18,Circuit Gilles Villeneuve,Valtteri Bottas,BOT,Alfa Romeo,12.694470898331,15
2023,8,Canadian Grand Prix,2023-06-18,Circuit Gilles Villeneuve,Kevin Magnussen,MAG,Haas F1 Team,13.64604054265913,16
2023,8,Canadian Grand Prix,2023-06-18,Circuit Gilles Villeneuve,Yuki Tsunoda,TSU,AlphaTauri,14.518111081537095,17
2023,8,Canadian Grand Prix,2023-06-18,Circuit Gilles Villeneuve,Guanyu Zhou,ZHO,Alfa Romeo,14.806875890089715,18
2023,8,Canadian Grand Prix,2023-06-18,Circuit Gilles Villeneuve,Nyck de Vries,DEV,AlphaTauri,14.84213942037713,19
2023,8,Canadian Grand Prix,2023-06-18,Circuit Gilles Villeneuve,Logan Sargeant,SAR,Williams,16.944850578306223,20
2023,9,Austrian Grand Prix,2023-07-02,Red Bull Ring,Max Verstappen,VER,Red Bull,2.003284029091131,1
2023,9,Austrian Grand Prix,2023-07-02,Red Bull Ring,Charles Leclerc,LEC,Ferrari,4.023351751480402,2
2023,9,Austrian Grand Prix,2023-07-02,Red Bull Ring,Carlos Sainz,SAI,Ferrari,4.6523443669784745,3
2023,9,Austrian Grand Prix,2023-07-02,Red Bull Ring,Lewis Hamilton,HAM,Mercedes,5.308834194832128,4
2023,9,Austrian Grand Prix,2023-07-02,Red Bull Ring,Fernando Alonso,ALO,Aston Martin,6.817921540009028,5
2023,9,Austrian Grand Prix,2023-07-02,Red Bull Ring,Lance Stroll,STR,Aston Martin,7.267726919915004,6
2023,9,Austrian Grand Prix,2023-07-02,Red Bull Ring,Lando Norris,NOR,McLaren,7.826820982598207,7
2023,9,Austrian Grand Prix,2023-07-02,Red Bull Ring,Sergio Pérez,PER,Red Bull,8.509631659985114,8
2023,9,Austrian Grand Prix,2023-07-02,Red Bull Ring,George Russell,RUS,Mercedes,10.087004126069202,9
2023,9,Austrian Grand Prix,2023-07-02,Red Bull Ring,Pierre Gasly,GAS,Alpine F1 Team,11.120055479573345,10
2023,9,Austrian Grand Prix,2023-07-02,Red Bull Ring,Esteban Ocon,OCO,Alpine F1 Team,11.847486880623935,11
2023,9,Austrian Grand Prix,2023-07-02,Red Bull Ring,Alexander Albon,ALB,Williams,12.005657673001709,12
2023,9,Austrian Grand Prix,2023-07-02,Red Bull Ring,Nico Hülkenberg,HUL,Haas F1 Team,12.086507047714719,13
2023,9,Austrian Grand Prix,2023-07-02,Red Bull Ring,Oscar Piastri,PIA,McLaren,12.966921129609153,14
2023,9,Austrian Grand Prix,2023-07-02,Red Bull Ring,Guanyu Zhou,ZHO,Alfa Romeo,14.34707439430372,15
2023,9,Austrian Grand Prix,2023-07-02,Red Bull Ring,Kevin Magnussen,MAG,Haas F1 Team,14.523256580809448,16
2023,9,Austrian Grand Prix,2023-07-02,Red Bull Ring,Valtteri Bottas,BOT,Alfa Romeo,14.673997623655232,17
2023,9,Austrian Grand Prix,2023-07-02,Red Bull Ring,Yuki Tsunoda,TSU,AlphaTauri,15.225545429455678,18
2023,9,Austrian Grand Prix,2023-07-02,Red Bull Ring,Nyck de Vries,DEV,AlphaTauri,15.399314896232879,19
2023,9,Austrian Grand Prix,2023-07-02,Red Bull Ring,Logan Sargeant,SAR,Williams,16.04813979441122,20
2023,10,British Grand Prix,2023-07-09,Silverstone Circuit,Max Verstappen,VER,Red Bull,1.676909490342926,1
2023,10,British Grand Prix,2023-07-09,Silverstone Circuit,Charles Leclerc,LEC,Ferrari,4.4153724131962075,2
2023,10,British Grand Prix,2023-07-09,Silverstone Circuit,Carlos Sainz,SAI,Ferrari,5.682214684236462,3
2023,10,British Grand Prix,2023-07-09,Silverstone Circuit,Lewis Hamilton,HAM,Mercedes,6.73622426790909,4
2023,10,British Grand Prix,2023-07-09,Silverstone Circuit,Lando Norris,NOR,McLaren,7.232170322745983,5
2023,10,British Grand Prix,2023-07-09,Silverstone Circuit,George Russell,RUS,Mercedes,7.311215343503064,6
2023,10,British Grand Prix,2023-07-09,Silverstone Circuit,Fernando Alonso,ALO,Aston Martin,7.5531463608518346,7
2023,10,British Grand Prix,2023-07-09,Silverstone Circuit,Oscar Piastri,PIA,McLaren,8.085386831464598,8
2023,10,British Grand Prix,2023-07-09,Silverstone Circuit,Sergio Pérez,PER,Red Bull,8.373468180790733,9
2023,10,British Grand Prix,2023-07-09,Silverstone Circuit,Alexander Albon,ALB,Williams,10.286902988042035,10
2023,10,British Grand Prix,2023-07-09,Silverstone Circuit,Pierre Gasly,GAS,Alpine F1 Team,10.54434986477476,11
2023,10,British Grand Prix,2023-07-09,Silverstone Circuit,Lance Stroll,STR,Aston Martin,10.863493795268388,12
2023,10,British Grand Prix,2023-07-09,Silverstone Circuit,Esteban Ocon,OCO,Alpine F1 Team,11.474179641763184,13
2023,10,British Grand Prix,2023-07-09,Silverstone Circuit,Logan Sargeant,SAR,Williams,13.66740803128339,14
2023,10,British Grand Prix,2023-07-09,Silverstone Circuit,Nico Hülkenberg,HUL,Haas F1 Team,14.004238515344039,15
2023,10,British Grand Prix,2023-07-09,Silverstone Circuit,Guanyu Zhou,ZHO,Alfa Romeo,14.476779763346952,16
2023,10,British Grand Prix,2023-07-09,Silverstone Circuit,Valtteri Bottas,BOT,Alfa Romeo,14.541122447962968,17
2023,10,British Grand Prix,2023-07-09,Silverstone Circuit,Yuki Tsunoda,TSU,AlphaTauri,15.252212340675996,18
2023,10,British Grand Prix,2023-07-09,Silverstone Circuit,Nyck de Vries,DEV,AlphaTauri,15.560364970445015,19
2023,10,British Grand Prix,2023-07-09,Silverstone Circuit,Kevin Magnussen,MAG,Haas F1 Team,16.228263878409837,20
2023,11,Hungarian Grand Prix,2023-07-23,Hungaroring,Max Verstappen,VER,Red Bull,2.665348506267155,1
2023,11,Hungarian Grand Prix,2023-07-23,Hungaroring,Lewis Hamilton,HAM,Mercedes,4.066258371311756,2
2023,11,Hungarian Grand Prix,2023-07-23,Hungaroring,Lando Norris,NOR,McLaren,4.620156931582238,3
2023,11,Hungarian Grand Prix,2023-07-23,Hungaroring,Charles Leclerc,LEC,Ferrari,6.026180509497995,4
2023,11,Hungarian Grand Prix,2023-07-23,Hungaroring,Oscar Piastri,PIA,McLaren,7.046878487817393,5
2023,11,Hungarian Grand Prix,2023-07-23,Hungaroring,Fernando Alonso,ALO,Aston Martin,7.280864331695871,6
2023,11,Hungarian Grand Prix,2023-07-23,Hungaroring,Sergio Pérez,PER,Red Bull,8.045618218845275,7
2023,11,Hungarian Grand Prix,2023-07-23,Hungaroring,George Russell,RUS,Mercedes,9.176287230558708,8
2023,11,Hungarian Grand Prix,2023-07-23,Hungaroring,Guanyu Zhou,ZHO,Alfa Romeo,9.296545730248345,9
2023,11,Hungarian Grand Prix,2023-07-23,Hungaroring,Valtteri Bottas,BOT,Alfa Romeo,9.562972132995966,10
2023,11,Hungarian Grand Prix,2023-07-23,Hungaroring,Carlos Sainz,SAI,Ferrari,9.902347602123934,11
2023,11,Hungarian Grand Prix,2023-07-23,Hungaroring,Lance Stroll,STR,Aston Martin,11.063826368284044,12
2023,11,Hungarian Grand Prix,2023-07-23,Hungaroring,Esteban Ocon,OCO,Alpine F1 Team,11.605852282305731,13
2023,11,Hungarian Grand Prix,2023-07-23,Hungaroring,Nico Hülkenberg,HUL,Haas F1 Team,12.593708005380227,14
2023,11,Hungarian Grand Prix,2023-07-23,Hungaroring,Pierre Gasly,GAS,Alpine F1 Team,12.940742141661662,15
2023,11,Hungarian Grand Prix,2023-07-23,Hungaroring,Daniel Ricciardo,RIC,AlphaTauri,13.50450517098559,16
2023,11,Hungarian Grand Prix,2023-07-23,Hungaroring,Alexander Albon,ALB,Williams,13.827833944070342,17
2023,11,Hungarian Grand Prix,2023-07-23,Hungaroring,Yuki Tsunoda,TSU,AlphaTauri,15.093575213483996,18
2023,11,Hungarian Grand Prix,2023-07-23,Hungaroring,Logan Sargeant,SAR,Williams,15.743504237385848,19
2023,11,Hungarian Grand Prix,2023-07-23,Hungaroring,Kevin Magnussen,MAG,Haas F1 Team,15.789928198173126,20
2023,12,Belgian Grand Prix,2023-07-30,Circuit de Spa-Francorchamps,Sergio Pérez,PER,Red Bull,3.5372657273443977,1
2023,12,Belgian Grand Prix,2023-07-30,Circuit de Spa-Francorchamps,Max Verstappen,VER,Red Bull,3.878223530189933,2
2023,12,Belgian Grand Prix,2023-07-30,Circuit de Spa-Francorchamps,Charles Leclerc,LEC,Ferrari,4.487083046612988,3
2023,12,Belgian Grand Prix,2023-07-30,Circuit de Spa-Francorchamps,Lewis Hamilton,HAM,Mercedes,4.861118076183339,4
2023,12,Belgian Grand Prix,2023-07-30,Circuit de Spa-Francorchamps,Carlos Sainz,SAI,Ferrari,5.945248920517893,5
2023,12,Belgian Grand Prix,2023-07-30,Circuit de Spa-Francorchamps,Lando Norris,NOR,McLaren,6.756734848061263,6
2023,12,Belgian Grand Prix,2023-07-30,Circuit de Spa-Francorchamps,Oscar Piastri,PIA,McLaren,6.943410035632151,7
2023,12,Belgian Grand Prix,2023-07-30,Circuit de Spa-Francorchamps,George Russell,RUS,Mercedes,9.070200993188863,8
2023,12,Belgian Grand Prix,2023-07-30,Circuit de Spa-Francorchamps,Fernando Alonso,ALO,Aston Martin,9.085662706492489,9
2023,12,Belgian Grand Prix,2023-07-30,Circuit de Spa-Francorchamps,Lance Stroll,STR,Aston Martin,11.078902120950657,10
2023,12,Belgian Grand Prix,2023-07-30,Circuit de Spa-Francorchamps,Alexander Albon,ALB,Williams,12.3942538612318,11
2023,12,Belgian Grand Prix,2023-07-30,Circuit de Spa-Francorchamps,Yuki Tsunoda,TSU,AlphaTauri,12.997012634567994,12
2023,12,Belgian Grand Prix,2023-07-30,Circuit de Spa-Francorchamps,Pierre Gasly,GAS,Alpine F1 Team,13.134539309322667,13
2023,12,Belgian Grand Prix,2023-07-30,Circuit de Spa-Francorchamps,Esteban Ocon,OCO,Alpine F1 Team,13.687063006118331,14
2023,12,Belgian Grand Prix,2023-07-30,Circuit de Spa-Francorchamps,Valtteri Bottas,BOT,Alfa Romeo,13.698666884814083,15
2023,12,Belgian Grand Prix,2023-07-30,Circuit de Spa-Francorchamps,Daniel Ricciardo,RIC,AlphaTauri,13.949092232608828,16
2023,12,Belgian Grand Prix,2023-07-30,Circuit de Spa-Francorchamps,Kevin Magnussen,MAG,Haas F1 Team,14.192154603246875,17
2023,12,Belgian Grand Prix,2023-07-30,Circuit de Spa-Francorchamps,Guanyu Zhou,ZHO,Alfa Romeo,14.493890224708702,18
2023,12,Belgian Grand Prix,2023-07-30,Circuit de Spa-Francorchamps,Nico Hülkenberg,HUL,Haas F1 Team,15.257738798866669,19
2023,12,Belgian Grand Prix,2023-07-30,Circuit de Spa-Francorchamps,Logan Sargeant,SAR,Williams,15.418157038392332,20
2023,13,Dutch Grand Prix,2023-08-27,Circuit Park Zandvoort,Max Verstappen,VER,Red Bull,1.6477773340364148,1
2023,13,Dutch Grand Prix,2023-08-27,Circuit Park Zandvoort,Lando Norris,NOR,McLaren,3.7957897507093414,2
2023,13,Dutch Grand Prix,2023-08-27,Circuit Park Zandvoort,George Russell,RUS,Mercedes,5.606335660325252,3
2023,13,Dutch Grand Prix,2023-08-27,Circuit Park Zandvoort,Sergio Pérez,PER,Red Bull,5.663569534710553,4
2023,13,Dutch Grand Prix,2023-08-27,Circuit Park Zandvoort,Fernando Alonso,ALO,Aston Martin,5.834121316959245,5
2023,13,Dutch Grand Prix,2023-08-27,Circuit Park Zandvoort,Alexander Albon,ALB,Williams,7.287355138759233,6
2023,13,Dutch Grand Prix,2023-08-27,Circuit Park Zandvoort,Carlos Sainz,SAI,Ferrari,7.793722165264151,7
2023,13,Dutch Grand Prix,2023-08-27,Circuit Park Zandvoort,Lewis Hamilton,HAM,Mercedes,7.912696438037271,8
2023,13,Dutch Grand Prix,2023-08-27,Circuit Park Zandvoort,Charles Leclerc,LEC,Ferrari,9.128899383404658,9
2023,13,Dutch Grand Prix,2023-08-27,Circuit Park Zandvoort,Oscar Piastri,PIA,McLaren,9.174097321917424,10
2023,13,Dutch Grand Prix,2023-08-27,Circuit Park Zandvoort,Lance Stroll,STR,Aston Martin,11.406286696907834,11
2023,13,Dutch Grand Prix,2023-08-27,Circuit Park Zandvoort,Pierre Gasly,GAS,Alpine F1 Team,12.09792597830586,12
2023,13,Dutch Grand Prix,2023-08-27,Circuit Park Zandvoort,Logan Sargeant,SAR,Williams,12.876573305316786,13
2023,13,Dutch Grand Prix,2023-08-27,Circuit Park Zandvoort,Esteban Ocon,OCO,Alpine F1 Team,13.386186005472938,14
2023,13,Dutch Grand Prix,2023-08-27,Circuit Park Zandvoort,Valtteri Bottas,BOT,Alfa Romeo,14.052043729712423,15
2023,13,Dutch Grand Prix,2023-08-27,Circuit Park Zandvoort,Guanyu Zhou,ZHO,Alfa Romeo,14.567075337279126,16
2023,13,Dutch Grand Prix,2023-08-27,Circuit Park Zandvoort,Yuki Tsunoda,TSU,AlphaTauri,14.952578209504036,17
2023,13,Dutch Grand Prix,2023-08-27,Circuit Park Zandvoort,Liam Lawson,LAW,AlphaTauri,15.447575021759066,18
2023,13,Dutch Grand Prix,2023-08-27,Circuit Park Zandvoort,Kevin Magnussen,MAG,Haas F1 Team,15.517812656627262,19
2023,13,Dutch Grand Prix,2023-08-27,Circuit Park Zandvoort,Nico Hülkenberg,HUL,Haas F1 Team,15.660352908921716,20
2023,14,Italian Grand Prix,2023-09-03,Autodromo Nazionale di Monza,Max Verstappen,VER,Red Bull,1.8620787642366075,1
2023,14,Italian Grand Prix,2023-09-03,Autodromo Nazionale di Monza,Carlos Sainz,SAI,Ferrari,3.8051733076530483,2
2023,14,Italian Grand Prix,2023-09-03,Autodromo Nazionale di Monza,Charles Leclerc,LEC,Ferrari,4.33410222119921,3
2023,14,Italian Grand Prix,2023-09-03,Autodromo Nazionale di Monza,Sergio Pérez,PER,Red Bull,4.859264507629425,4
2023,14,Italian Grand Prix,2023-09-03,Autodromo Nazionale di Monza,George Russell,RUS,Mercedes,5.073271896798866,5
2023,14,Italian Grand Prix,2023-09-03,Autodromo Nazionale di Monza,Lewis Hamilton,HAM,Mercedes,7.515881188753767,6
2023,14,Italian Grand Prix,2023-09-03,Autodromo Nazionale di Monza,Oscar Piastri,PIA,McLaren,8.271764109720266,7
2023,14,Italian Grand Prix,2023-09-03,Autodromo Nazionale di Monza,Lando Norris,NOR,McLaren,8.487977693979783,8
2023,14,Italian Grand Prix,2023-09-03,Autodromo Nazionale di Monza,Fernando Alonso,ALO,Aston Martin,8.578694383548346,9
2023,14,Italian Grand Prix,2023-09-03,Autodromo Nazionale di Monza,Alexander Albon,ALB,Williams,8.990328243883566,10
2023,14,Italian Grand Prix,2023-09-03,Autodromo Nazionale di Monza,Liam Lawson,LAW,AlphaTauri,13.194607148071546,11
2023,14,Italian Grand Prix,2023-09-03,Autodromo Nazionale di Monza,Lance Stroll,STR,Aston Martin,13.347599929062854,12
2023,14,Italian Grand Prix,2023-09-03,Autodromo Nazionale di Monza,Nico Hülkenberg,HUL,Haas F1 Team,13.825009035451567,13
2023,14,Italian Grand Prix,2023-09-03,Autodromo Nazionale di Monza,Yuki Tsunoda,TSU,AlphaTauri,13.857354015085962,14
2023,14,Italian Grand Prix,2023-09-03,Autodromo Nazionale di Monza,Pierre Gasly,GAS,Alpine F1 Team,14.136671660234356,15
2023,14,Italian Grand Prix,2023-09-03,Autodromo Nazionale di Monza,Valtteri Bottas,BOT,Alfa Romeo,14.181274456029694,16
2023,14,Italian Grand Prix,2023-09-03,Autodromo Nazionale di Monza,Esteban Ocon,OCO,Alpine F1 Team,14.369477556802506,17
2023,14,Italian Grand Prix,2023-09-03,Autodromo Nazionale di Monza,Logan Sargeant,SAR,Williams,14.54871686564378,18
2023,14,Italian Grand Prix,2023-09-03,Autodromo Nazionale di Monza,Guanyu Zhou,ZHO,Alfa Romeo,15.446513353724367,19
2023,14,Italian Grand Prix,2023-09-03,Autodromo Nazionale di Monza,Kevin Magnussen,MAG,Haas F1 Team,15.514624510860719,20
2023,15,Singapore Grand Prix,2023-09-17,Marina Bay Street Circuit,Carlos Sainz,SAI,Ferrari,3.6966931444400575,1
2023,15,Singapore Grand Prix,2023-09-17,Marina Bay Street Circuit,George Russell,RUS,Mercedes,4.197121116690894,2
2023,15,Singapore Grand Prix,2023-09-17,Marina Bay Street Circuit,Lando Norris,NOR,McLaren,4.3338602715034495,3
2023,15,Singapore Grand Prix,2023-09-17,Marina Bay Street Circuit,Charles Leclerc,LEC,Ferrari,4.403035273510013,4
2023,15,Singapore Grand Prix,2023-09-17,Marina Bay Street Circuit,Lewis Hamilton,HAM,Mercedes,4.756923899708603,5
2023,15,Singapore Grand Prix,2023-09-17,Marina Bay Street Circuit,Max Verstappen,VER,Red Bull,6.871370994727337,6
2023,15,Singapore Grand Prix,2023-09-17,Marina Bay Street Circuit,Sergio Pérez,PER,Red Bull,8.172522001040928,7
2023,15,Singapore Grand Prix,2023-09-17,Marina Bay Street Circuit,Fernando Alonso,ALO,Aston Martin,8.787542825635333,8
2023,15,Singapore Grand Prix,2023-09-17,Marina Bay Street Circuit,Kevin Magnussen,MAG,Haas F1 Team,10.311907667466496,9
2023,15,Singapore Grand Prix,2023-09-17,Marina Bay Street Circuit,Esteban Ocon,OCO,Alpine F1 Team,10.65371613971622,10
2023,15,Singapore Grand Prix,2023-09-17,Marina Bay Street Circuit,Oscar Piastri,PIA,McLaren,11.396482129097928,11
2023,15,Singapore Grand Prix,2023-09-17,Marina Bay Street Circuit,Nico Hülkenberg,HUL,Haas F1 Team,12.352507257494006,12
2023,15,Singapore Grand Prix,2023-09-17,Marina Bay Street Circuit,Pierre Gasly,GAS,Alpine F1 Team,12.58654638464389,13
2023,15,Singapore Grand Prix,2023-09-17,Marina Bay Street Circuit,Liam Lawson,LAW,AlphaTauri,12.596605727817684,14
2023,15,Singapore Grand Prix,2023-09-17,Marina Bay Street Circuit,Lance Stroll,STR,Aston Martin,13.414004757847621,15
2023,15,Singapore Grand Prix,2023-09-17,Marina Bay Street Circuit,Alexander Albon,ALB,Williams,14.041291770990833,16
2023,15,Singapore Grand Prix,2023-09-17,Marina Bay Street Circuit,Yuki Tsunoda,TSU,AlphaTauri,14.501936577084042,17
2023,15,Singapore Grand Prix,2023-09-17,Marina Bay Street Circuit,Valtteri Bottas,BOT,Alfa Romeo,14.586641110636434,18
2023,15,Singapore Grand Prix,2023-09-17,Marina Bay Street Circuit,Guanyu Zhou,ZHO,Alfa Romeo,15.317663280414529,19
2023,15,Singapore Grand Prix,2023-09-17,Marina Bay Street Circuit,Logan Sargeant,SAR,Williams,16.013188390699035,20
2023,16,Japanese Grand Prix,2023-09-24,Suzuka Circuit,Max Verstappen,VER,Red Bull,1.6336566305747293,1
2023,16,Japanese Grand Prix,2023-09-24,Suzuka Circuit,Lando Norris,NOR,McLaren,4.035217193159962,2
2023,16,Japanese Grand Prix,2023-09-24,Suzuka Circuit,Charles Leclerc,LEC,Ferrari,4.292874440566666,3
2023,16,Japanese Grand Prix,2023-09-24,Suzuka Circuit,Oscar Piastri,PIA,McLaren,4.996114485489444,4
2023,16,Japanese Grand Prix,2023-09-24,Suzuka Circuit,Sergio Pérez,PER,Red Bull,5.276793658238433,5
2023,16,Japanese Grand Prix,2023-09-24,Suzuka Circuit,Carlos Sainz,SAI,Ferrari,5.771767861629487,6
2023,16,Japanese Grand Prix,2023-09-24,Suzuka Circuit,Lewis Hamilton,HAM,Mercedes,7.188699898832791,7
2023,16,Japanese Grand Prix,2023-09-24,Suzuka Circuit,George Russell,RUS,Mercedes,8.813542137811302,8
2023,16,Japanese Grand Prix,2023-09-24,Suzuka Circuit,Fernando Alonso,ALO,Aston Martin,9.420233895251217,9
2023,16,Japanese Grand Prix,2023-09-24,Suzuka Circuit,Yuki Tsunoda,TSU,AlphaTauri,12.115788348067918,10
2023,16,Japanese Grand Prix,2023-09-24,Suzuka Circuit,Pierre Gasly,GAS,Alpine F1 Team,12.621280535442745,11
2023,16,Japanese Grand Prix,2023-09-24,Suzuka Circuit,Alexander Albon,ALB,Williams,12.76106467837336,12
2023,16,Japanese Grand Prix,2023-09-24,Suzuka Circuit,Liam Lawson,LAW,AlphaTauri,12.813432410927511,13
2023,16,Japanese Grand Prix,2023-09-24,Suzuka Circuit,Esteban Ocon,OCO,Alpine F1 Team,13.62946917331769,14
2023,16,Japanese Grand Prix,2023-09-24,Suzuka Circuit,Lance Stroll,STR,Aston Martin,13.787606753905777,15
2023,16,Japanese Grand Prix,2023-09-24,Suzuka Circuit,Valtteri Bottas,BOT,Alfa Romeo,14.063087943801953,16
2023,16,Japanese Grand Prix,2023-09-24,Suzuka Circuit,Kevin Magnussen,MAG,Haas F1 Team,14.865871281180015,17
2023,16,Japanese Grand Prix,2023-09-24,Suzuka Circuit,Guanyu Zhou,ZHO,Alfa Romeo,14.8705079818327,18
2023,16,Japanese Grand Prix,2023-09-24,Suzuka Circuit,Nico Hülkenberg,HUL,Haas F1 Team,15.560213958206365,19
2023,16,Japanese Grand Prix,2023-09-24,Suzuka Circuit,Logan Sargeant,SAR,Williams,16.52845292130637,20
2023,17,Qatar Grand Prix,2023-10-08,Losail International Circuit,Max Verstappen,VER,Red Bull,2.043256331799228,1
2023,17,Qatar Grand Prix,2023-10-08,Losail International Circuit,George Russell,RUS,Mercedes,4.813805133582539,2
2023,17,Qatar Grand Prix,2023-10-08,Losail International Circuit,Lewis Hamilton,HAM,Mercedes,5.286835600199867,3
2023,17,Qatar Grand Prix,2023-10-08,Losail International Circuit,Charles Leclerc,LEC,Ferrari,5.97062455949152,4
2023,17,Qatar Grand Prix,2023-10-08,Losail International Circuit,Fernando Alonso,ALO,Aston Martin,6.184155980657845,5
2023,17,Qatar Grand Prix,2023-10-08,Losail International Circuit,Oscar Piastri,PIA,McLaren,7.516665827708032,6
2023,17,Qatar Grand Prix,2023-10-08,Losail International Circuit,Carlos Sainz,SAI,Ferrari,8.693639608424556,7
2023,17,Qatar Grand Prix,2023-10-08,Losail International Circuit,Sergio Pérez,PER,Red Bull,8.810006122818967,8
2023,17,Qatar Grand Prix,2023-10-08,Losail International Circuit,Pierre Gasly,GAS,Alpine F1 Team,9.157008084542088,9
2023,17,Qatar Grand Prix,2023-10-08,Losail International Circuit,Lando Norris,NOR,McLaren,9.445614097103366,10
2023,17,Qatar Grand Prix,2023-10-08,Losail International Circuit,Esteban Ocon,OCO,Alpine F1 Team,9.909726069593818,11
2023,17,Qatar Grand Prix,2023-10-08,Losail International Circuit,Valtteri Bottas,BOT,Alfa Romeo,12.17424177998543,12
2023,17,Qatar Grand Prix,2023-10-08,Losail International Circuit,Yuki Tsunoda,TSU,AlphaTauri,12.64515379105625,13
2023,17,Qatar Grand Prix,2023-10-08,Losail International Circuit,Alexander Albon,ALB,Williams,13.215745370227175,14
2023,17,Qatar Grand Prix,2023-10-08,Losail International Circuit,Nico Hülkenberg,HUL,Haas F1 Team,13.776761164839659,15
2023,17,Qatar Grand Prix,2023-10-08,Losail International Circuit,Lance Stroll,STR,Aston Martin,13.803050294798583,16
2023,17,Qatar Grand Prix,2023-10-08,Losail International Circuit,Logan Sargeant,SAR,Williams,14.246184597128703,17
2023,17,Qatar Grand Prix,2023-10-08,Losail International Circuit,Liam Lawson,LAW,AlphaTauri,15.006711194224508,18
2023,17,Qatar Grand Prix,2023-10-08,Losail International Circuit,Guanyu Zhou,ZHO,Alfa Romeo,15.335561685997877,19
2023,17,Qatar Grand Prix,2023-10-08,Losail International Circuit,Kevin Magnussen,MAG,Haas F1 Team,15.9372400491014,20
2023,18,United States Grand Prix,2023-10-22,Circuit of the Americas,Charles Leclerc,LEC,Ferrari,3.8098582267495322,1
2023,18,United States Grand Prix,2023-10-22,Circuit of the Americas,Lewis Hamilton,HAM,Mercedes,3.9164111607023098,2
2023,18,United States Grand Prix,2023-10-22,Circuit of the Americas,Max Verstappen,VER,Red Bull,4.286752863392447,3
2023,18,United States Grand Prix,2023-10-22,Circuit of the Americas,Lando Norris,NOR,McLaren,5.077117635485345,4
2023,18,United States Grand Prix,2023-10-22,Circuit of the Americas,Carlos Sainz,SAI,Ferrari,5.173536952334201,5
2023,18,United States Grand Prix,2023-10-22,Circuit of the Americas,George Russell,RUS,Mercedes,6.476415833494113,6
2023,18,United States Grand Prix,2023-10-22,Circuit of the Americas,Sergio Pérez,PER,Red Bull,7.777558157784714,7
2023,18,United States Grand Prix,2023-10-22,Circuit of the Americas,Pierre Gasly,GAS,Alpine F1 Team,8.939923523452851,8
2023,18,United States Grand Prix,2023-10-22,Circuit of the Americas,Esteban Ocon,OCO,Alpine F1 Team,10.176741627855733,9
2023,18,United States Grand Prix,2023-10-22,Circuit of the Americas,Oscar Piastri,PIA,McLaren,10.485880405113988,10
2023,18,United States Grand Prix,2023-10-22,Circuit of the Americas,Alexander Albon,ALB,Williams,12.708353537732137,11
2023,18,United States Grand Prix,2023-10-22,Circuit of the Americas,Guanyu Zhou,ZHO,Alfa Romeo,12.718867939354668,12
2023,18,United States Grand Prix,2023-10-22,Circuit of the Americas,Yuki Tsunoda,TSU,AlphaTauri,13.083756161276858,13
2023,18,United States Grand Prix,2023-10-22,Circuit of the Americas,Fernando Alonso,ALO,Aston Martin,13.252305300359252,14
2023,18,United States Grand Prix,2023-10-22,Circuit of the Americas,Daniel Ricciardo,RIC,AlphaTauri,13.707770236787681,15
2023,18,United States Grand Prix,2023-10-22,Circuit of the Americas,Kevin Magnussen,MAG,Haas F1 Team,13.79811777513857,16
2023,18,United States Grand Prix,2023-10-22,Circuit of the Americas,Valtteri Bottas,BOT,Alfa Romeo,13.901782660596613,17
2023,18,United States Grand Prix,2023-10-22,Circuit of the Americas,Nico Hülkenberg,HUL,Haas F1 Team,14.546215515053937,18
2023,18,United States Grand Prix,2023-10-22,Circuit of the Americas,Lance Stroll,STR,Aston Martin,14.554299853370381,19
2023,18,United States Grand Prix,2023-10-22,Circuit of the Americas,Logan Sargeant,SAR,Williams,14.848736274782297,20
2023,19,Mexico City Grand Prix,2023-10-29,Autódromo Hermanos Rodríguez,Max Verstappen,VER,Red Bull,2.5092947257629987,1
2023,19,Mexico City Grand Prix,2023-10-29,Autódromo Hermanos Rodríguez,Charles Leclerc,LEC,Ferrari,3.8132961343160785,2
2023,19,Mexico City Grand Prix,2023-10-29,Autódromo Hermanos Rodríguez,Carlos Sainz,SAI,Ferrari,4.9700107411008405,3
2023,19,Mexico City Grand Prix,2023-10-29,Autódromo Hermanos Rodríguez,Sergio Pérez,PER,Red Bull,5.528614823713439,4
2023,19,Mexico City Grand Prix,2023-10-29,Autódromo Hermanos Rodríguez,Oscar Piastri,PIA,McLaren,6.743842715209537,5
2023,19,Mexico City Grand Prix,2023-10-29,Autódromo Hermanos Rodríguez,Lewis Hamilton,HAM,Mercedes,6.943182338046222,6
2023,19,Mexico City Grand Prix,2023-10-29,Autódromo Hermanos Rodríguez,Daniel Ricciardo,RIC,AlphaTauri,7.7471631487426516,7
2023,19,Mexico City Grand Prix,2023-10-29,Autódromo Hermanos Rodríguez,George Russell,RUS,Mercedes,7.8226954124063175,8
2023,19,Mexico City Grand Prix,2023-10-29,Autódromo Hermanos Rodríguez,Lando Norris,NOR,McLaren,8.131106734488569,9
2023,19,Mexico City Grand Prix,2023-10-29,Autódromo Hermanos Rodríguez,Valtteri Bottas,BOT,Alfa Romeo,10.699309309158236,10
2023,19,Mexico City Grand Prix,2023-10-29,Autódromo Hermanos Rodríguez,Alexander Albon,ALB,Williams,11.530586039873402,11
2023,19,Mexico City Grand Prix,2023-10-29,Autódromo Hermanos Rodríguez,Guanyu Zhou,ZHO,Alfa Romeo,11.76364690143643,12
2023,19,Mexico City Grand Prix,2023-10-29,Autódromo Hermanos Rodríguez,Pierre Gasly,GAS,Alpine F1 Team,12.658778989285734,13
2023,19,Mexico City Grand Prix,2023-10-29,Autódromo Hermanos Rodríguez,Esteban Ocon,OCO,Alpine F1 Team,13.109651803250863,14
2023,19,Mexico City Grand Prix,2023-10-29,Autódromo Hermanos Rodríguez,Nico Hülkenberg,HUL,Haas F1 Team,13.22446013810754,15
2023,19,Mexico City Grand Prix,2023-10-29,Autódromo Hermanos Rodríguez,Lance Stroll,STR,Aston Martin,13.848014198928054,16
2023,19,Mexico City Grand Prix,2023-10-29,Autódromo Hermanos Rodríguez,Fernando Alonso,ALO,Aston Martin,14.093650735174306,17
2023,19,Mexico City Grand Prix,2023-10-29,Autódromo Hermanos Rodríguez,Yuki Tsunoda,TSU,AlphaTauri,14.616081597217072,18
2023,19,Mexico City Grand Prix,2023-10-29,Autódromo Hermanos Rodríguez,Logan Sargeant,SAR,Williams,15.103366155571027,19
2023,19,Mexico City Grand Prix,2023-10-29,Autódromo Hermanos Rodríguez,Kevin Magnussen,MAG,Haas F1 Team,15.695024018824068,20
2023,20,São Paulo Grand Prix,2023-11-05,Autódromo José Carlos Pace,Max Verstappen,VER,Red Bull,3.0681973249831165,1
2023,20,São Paulo Grand Prix,2023-11-05,Autódromo José Carlos Pace,Charles Leclerc,LEC,Ferrari,4.044108614658813,2
2023,20,São Paulo Grand Prix,2023-11-05,Autódromo José Carlos Pace,George Russell,RUS,Mercedes,6.572500720178781,3
2023,20,São Paulo Grand Prix,2023-11-05,Autódromo José Carlos Pace,Lewis Hamilton,HAM,Mercedes,6.741046123407139,4
2023,20,São Paulo Grand Prix,2023-11-05,Autódromo José Carlos Pace,Carlos Sainz,SAI,Ferrari,7.305509203849251,5
2023,20,São Paulo Grand Prix,2023-11-05,Autódromo José Carlos Pace,Lando Norris,NOR,McLaren,7.5317583066791105,6
2023,20,São Paulo Grand Prix,2023-11-05,Autódromo José Carlos Pace,Lance Stroll,STR,Aston Martin,7.740825853797091,7
2023,20,São Paulo Grand Prix,2023-11-05,Autódromo José Carlos Pace,Fernando Alonso,ALO,Aston Martin,7.75445343690434,8
2023,20,São Paulo Grand Prix,2023-11-05,Autódromo José Carlos Pace,Sergio Pérez,PER,Red Bull,9.766234643047898,9
2023,20,São Paulo Grand Prix,2023-11-05,Autódromo José Carlos Pace,Oscar Piastri,PIA,McLaren,10.402440268744181,10
2023,20,São Paulo Grand Prix,2023-11-05,Autódromo José Carlos Pace,Pierre Gasly,GAS,Alpine F1 Team,11.790378609610165,11
2023,20,São Paulo Grand Prix,2023-11-05,Autódromo José Carlos Pace,Nico Hülkenberg,HUL,Haas F1 Team,12.080248622546103,12
2023,20,São Paulo Grand Prix,2023-11-05,Autódromo José Carlos Pace,Esteban Ocon,OCO,Alpine F1 Team,12.503334268571107,13
2023,20,São Paulo Grand Prix,2023-11-05,Autódromo José Carlos Pace,Alexander Albon,ALB,Williams,12.578188917319304,14
2023,20,São Paulo Grand Prix,2023-11-05,Autódromo José Carlos Pace,Kevin Magnussen,MAG,Haas F1 Team,13.541748795673124,15
2023,20,São Paulo Grand Prix,2023-11-05,Autódromo José Carlos Pace,Daniel Ricciardo,RIC,AlphaTauri,13.916848698790204,16
2023,20,São Paulo Grand Prix,2023-11-05,Autódromo José Carlos Pace,Guanyu Zhou,ZHO,Alfa Romeo,13.942946262143556,17
2023,20,São Paulo Grand Prix,2023-11-05,Autódromo José Carlos Pace,Yuki Tsunoda,TSU,AlphaTauri,14.0496316049598,18
2023,20,São Paulo Grand Prix,2023-11-05,Autódromo José Carlos Pace,Logan Sargeant,SAR,Williams,14.77784774016441,19
2023,20,São Paulo Grand Prix,2023-11-05,Autódromo José Carlos Pace,Valtteri Bottas,BOT,Alfa Romeo,15.315557110601647,20
2023,21,Las Vegas Grand Prix,2023-11-19,Las Vegas Strip Street Circuit,Max Verstappen,VER,Red Bull,2.113754620541818,1
2023,21,Las Vegas Grand Prix,2023-11-19,Las Vegas Strip Street Circuit,Charles Leclerc,LEC,Ferrari,4.159634253604757,2
2023,21,Las Vegas Grand Prix,2023-11-19,Las Vegas Strip Street Circuit,George Russell,RUS,Mercedes,4.878530714079717,3
2023,21,Las Vegas Grand Prix,2023-11-19,Las Vegas Strip Street Circuit,Carlos Sainz,SAI,Ferrari,7.419235895452202,4
2023,21,Las Vegas Grand Prix,2023-11-19,Las Vegas Strip Street Circuit,Pierre Gasly,GAS,Alpine F1 Team,8.694762535342234,5
2023,21,Las Vegas Grand Prix,2023-11-19,Las Vegas Strip Street Circuit,Lewis Hamilton,HAM,Mercedes,8.728600431730513,6
2023,21,Las Vegas Grand Prix,2023-11-19,Las Vegas Strip Street Circuit,Sergio Pérez,PER,Red Bull,8.780464713555231,7
2023,21,Las Vegas Grand Prix,2023-11-19,Las Vegas Strip Street Circuit,Fernando Alonso,ALO,Aston Martin,9.184901490119879,8
2023,21,Las Vegas Grand Prix,2023-11-19,Las Vegas Strip Street Circuit,Alexander Albon,ALB,Williams,9.21064636505897,9
2023,21,Las Vegas Grand Prix,2023-11-19,Las Vegas Strip Street Circuit,Oscar Piastri,PIA,McLaren,10.57558723347527,10
2023,21,Las Vegas Grand Prix,2023-11-19,Las Vegas Strip Street Circuit,Lando Norris,NOR,McLaren,10.603774825329252,11
2023,21,Las Vegas Grand Prix,2023-11-19,Las Vegas Strip Street Circuit,Valtteri Bottas,BOT,Alfa Romeo,10.77786669486129,12
2023,21,Las Vegas Grand Prix,2023-11-19,Las Vegas Strip Street Circuit,Logan Sargeant,SAR,Williams,11.346004636507148,13
2023,21,Las Vegas Grand Prix,2023-11-19,Las Vegas Strip Street Circuit,Kevin Magnussen,MAG,Haas F1 Team,11.672273826165188,14
2023,21,Las Vegas Grand Prix,2023-11-19,Las Vegas Strip Street Circuit,Lance Stroll,STR,Aston Martin,12.086682526437123,15
2023,21,Las Vegas Grand Prix,2023-11-19,Las Vegas Strip Street Circuit,Nico Hülkenberg,HUL,Haas F1 Team,12.893434240688475,16
2023,21,Las Vegas Grand Prix,2023-11-19,Las Vegas Strip Street Circuit,Esteban Ocon,OCO,Alpine F1 Team,13.005945203391954,17
2023,21,Las Vegas Grand Prix,2023-11-19,Las Vegas Strip Street Circuit,Daniel Ricciardo,RIC,AlphaTauri,14.35735520325596,18
2023,21,Las Vegas Grand Prix,2023-11-19,Las Vegas Strip Street Circuit,Guanyu Zhou,ZHO,Alfa Romeo,14.712238885418312,19
2023,21,Las Vegas Grand Prix,2023-11-19,Las Vegas Strip Street Circuit,Yuki Tsunoda,TSU,AlphaTauri,14.917113184085178,20
2023,22,Abu Dhabi Grand Prix,2023-11-26,Yas Marina Circuit,Max Verstappen,VER,Red Bull,2.0396320978859674,1
2023,22,Abu Dhabi Grand Prix,2023-11-26,Yas Marina Circuit,Charles Leclerc,LEC,Ferrari,3.9099814779634667,2
2023,22,Abu Dhabi Grand Prix,2023-11-26,Yas Marina Circuit,George Russell,RUS,Mercedes,4.813685087677875,3
2023,22,Abu Dhabi Grand Prix,2023-11-26,Yas Marina Circuit,Oscar Piastri,PIA,McLaren,4.857953014449506,4
2023,22,Abu Dhabi Grand Prix,2023-11-26,Yas Marina Circuit,Lando Norris,NOR,McLaren,5.637002850265058,5
2023,22,Abu Dhabi Grand Prix,2023-11-26,Yas Marina Circuit,Sergio Pérez,PER,Red Bull,7.8798844408149415,6
2023,22,Abu Dhabi Grand Prix,2023-11-26,Yas Marina Circuit,Fernando Alonso,ALO,Aston Martin,8.585767739343211,7
2023,22,Abu Dhabi Grand Prix,2023-11-26,Yas Marina Circuit,Yuki Tsunoda,TSU,AlphaTauri,9.219041605000456,8
2023,22,Abu Dhabi Grand Prix,2023-11-26,Yas Marina Circuit,Lewis Hamilton,HAM,Mercedes,9.57349177003352,9
2023,22,Abu Dhabi Grand Prix,2023-11-26,Yas Marina Circuit,Lance Stroll,STR,Aston Martin,10.431313357169435,10
2023,22,Abu Dhabi Grand Prix,2023-11-26,Yas Marina Circuit,Esteban Ocon,OCO,Alpine F1 Team,10.883439504984734,11
2023,22,Abu Dhabi Grand Prix,2023-11-26,Yas Marina Circuit,Pierre Gasly,GAS,Alpine F1 Team,10.911084204583775,12
2023,22,Abu Dhabi Grand Prix,2023-11-26,Yas Marina Circuit,Carlos Sainz,SAI,Ferrari,11.51962882274302,13
2023,22,Abu Dhabi Grand Prix,2023-11-26,Yas Marina Circuit,Nico Hülkenberg,HUL,Haas F1 Team,12.399310463244642,14
2023,22,Abu Dhabi Grand Prix,2023-11-26,Yas Marina Circuit,Daniel Ricciardo,RIC,AlphaTauri,12.52726849801421,15
2023,22,Abu Dhabi Grand Prix,2023-11-26,Yas Marina Circuit,Alexander Albon,ALB,Williams,13.076698468326054,16
2023,22,Abu Dhabi Grand Prix,2023-11-26,Yas Marina Circuit,Valtteri Bottas,BOT,Alfa Romeo,13.500977624760292,17
2023,22,Abu Dhabi Grand Prix,2023-11-26,Yas Marina Circuit,Guanyu Zhou,ZHO,Alfa Romeo,14.002832567389278,18
2023,22,Abu Dhabi Grand Prix,2023-11-26,Yas Marina Circuit,Logan Sargeant,SAR,Williams,14.962250092983894,19
2023,22,Abu Dhabi Grand Prix,2023-11-26,Yas Marina Circuit,Kevin Magnussen,MAG,Haas F1 Team,15.678019480801018,20
2024,1,Bahrain Grand Prix,2024-03-02,Bahrain International Circuit,Max Verstappen,VER,Red Bull,1.6932331737234492,1
2024,1,Bahrain Grand Prix,2024-03-02,Bahrain International Circuit,Charles Leclerc,LEC,Ferrari,4.174492320828066,2
2024,1,Bahrain Grand Prix,2024-03-02,Bahrain International Circuit,George Russell,RUS,Mercedes,4.536078308723787,3
2024,1,Bahrain Grand Prix,2024-03-02,Bahrain International Circuit,Carlos Sainz,SAI,Ferrari,4.7941578080104215,4
2024,1,Bahrain Grand Prix,2024-03-02,Bahrain International Circuit,Sergio Pérez,PER,Red Bull,6.04060764179824,5
2024,1,Bahrain Grand Prix,2024-03-02,Bahrain International Circuit,Fernando Alonso,ALO,Aston Martin,6.1014606264293185,6
2024,1,Bahrain Grand Prix,2024-03-02,Bahrain International Circuit,Lando Norris,NOR,McLaren,7.4208887035746125,7
2024,1,Bahrain Grand Prix,2024-03-02,Bahrain International Circuit,Lewis Hamilton,HAM,Mercedes,7.951086863126199,8
2024,1,Bahrain Grand Prix,2024-03-02,Bahrain International Circuit,Oscar Piastri,PIA,McLaren,8.473946890469206,9
2024,1,Bahrain Grand Prix,2024-03-02,Bahrain International Circuit,Lance Stroll,STR,Aston Martin,10.292994613530459,10
2024,1,Bahrain Grand Prix,2024-03-02,Bahrain International Circuit,Yuki Tsunoda,TSU,RB F1 Team,11.75976185587385,11
2024,1,Bahrain Grand Prix,2024-03-02,Bahrain International Circuit,Daniel Ricciardo,RIC,RB F1 Team,11.936477626225821,12
2024,1,Bahrain Grand Prix,2024-03-02,Bahrain International Circuit,Nico Hülkenberg,HUL,Haas F1 Team,12.574658356546465,13
2024,1,Bahrain Grand Prix,2024-03-02,Bahrain International Circuit,Alexander Albon,ALB,Williams,13.193024140207056,14
2024,1,Bahrain Grand Prix,2024-03-02,Bahrain International Circuit,Valtteri Bottas,BOT,Sauber,14.689148579190357,15
2024,1,Bahrain Grand Prix,2024-03-02,Bahrain International Circuit,Esteban Ocon,OCO,Alpine F1 Team,14.84277274260741,16
2024,1,Bahrain Grand Prix,2024-03-02,Bahrain International Circuit,Kevin Magnussen,MAG,Haas F1 Team,14.884354689447587,17
2024,1,Bahrain Grand Prix,2024-03-02,Bahrain International Circuit,Pierre Gasly,GAS,Alpine F1 Team,14.907565005857096,18
2024,1,Bahrain Grand Prix,2024-03-02,Bahrain International Circuit,Guanyu Zhou,ZHO,Sauber,14.940024629692784,19
2024,1,Bahrain Grand Prix,2024-03-02,Bahrain International Circuit,Logan Sargeant,SAR,Williams,15.298000928969543,20
2024,2,Saudi Arabian Grand Prix,2024-03-09,Jeddah Corniche Circuit,Max Verstappen,VER,Red Bull,1.610105787508295,1
2024,2,Saudi Arabian Grand Prix,2024-03-09,Jeddah Corniche Circuit,Charles Leclerc,LEC,Ferrari,3.468827708606362,2
2024,2,Saudi Arabian Grand Prix,2024-03-09,Jeddah Corniche Circuit,Sergio Pérez,PER,Red Bull,3.866328515250836,3
2024,2,Saudi Arabian Grand Prix,2024-03-09,Jeddah Corniche Circuit,Fernando Alonso,ALO,Aston Martin,5.12783806615248,4
2024,2,Saudi Arabian Grand Prix,2024-03-09,Jeddah Corniche Circuit,Lando Norris,NOR,McLaren,5.970787836078203,5
2024,2,Saudi Arabian Grand Prix,2024-03-09,Jeddah Corniche Circuit,George Russell,RUS,Mercedes,6.663568589395068,6
2024,2,Saudi Arabian Grand Prix,2024-03-09,Jeddah Corniche Circuit,Lewis Hamilton,HAM,Mercedes,7.926028868589768,7
2024,2,Saudi Arabian Grand Prix,2024-03-09,Jeddah Corniche Circuit,Oscar Piastri,PIA,McLaren,7.9550009785326585,8
2024,2,Saudi Arabian Grand Prix,2024-03-09,Jeddah Corniche Circuit,Lance Stroll,STR,Aston Martin,9.505379020226629,9
2024,2,Saudi Arabian Grand Prix,2024-03-09,Jeddah Corniche Circuit,Oliver Bearman,BEA,Ferrari,10.103123419291615,10
2024,2,Saudi Arabian Grand Prix,2024-03-09,Jeddah Corniche Circuit,Yuki Tsunoda,TSU,RB F1 Team,12.309210232928516,11
2024,2,Saudi Arabian Grand Prix,2024-03-09,Jeddah Corniche Circuit,Alexander Albon,ALB,Williams,13.217568557280812,12
2024,2,Saudi Arabian Grand Prix,2024-03-09,Jeddah Corniche Circuit,Pierre Gasly,GAS,Alpine F1 Team,14.093527072265353,13
2024,2,Saudi Arabian Grand Prix,2024-03-09,Jeddah Corniche Circuit,Esteban Ocon,OCO,Alpine F1 Team,14.155820941132363,14
2024,2,Saudi Arabian Grand Prix,2024-03-09,Jeddah Corniche Circuit,Daniel Ricciardo,RIC,RB F1 Team,14.332159026993049,15
2024,2,Saudi Arabian Grand Prix,2024-03-09,Jeddah Corniche Circuit,Guanyu Zhou,ZHO,Sauber,14.668459460328462,16
2024,2,Saudi Arabian Grand Prix,2024-03-09,Jeddah Corniche Circuit,Kevin Magnussen,MAG,Haas F1 Team,14.693936340691558,17
2024,2,Saudi Arabian Grand Prix,2024-03-09,Jeddah Corniche Circuit,Valtteri Bottas,BOT,Sauber,15.326852873453005,18
2024,2,Saudi Arabian Grand Prix,2024-03-09,Jeddah Corniche Circuit,Nico Hülkenberg,HUL,Haas F1 Team,15.722341010305326,19
2024,2,Saudi Arabian Grand Prix,2024-03-09,Jeddah Corniche Circuit,Logan Sargeant,SAR,Williams,15.832907228223217,20
2024,3,Australian Grand Prix,2024-03-24,Albert Park Grand Prix Circuit,Max Verstappen,VER,Red Bull,2.5458613399565095,1
2024,3,Australian Grand Prix,2024-03-24,Albert Park Grand Prix Circuit,Sergio Pérez,PER,Red Bull,3.9882210880509543,2
2024,3,Australian Grand Prix,2024-03-24,Albert Park Grand Prix Circuit,Carlos Sainz,SAI,Ferrari,3.993681998553767,3
2024,3,Australian Grand Prix,2024-03-24,Albert Park Grand Prix Circuit,Lando Norris,NOR,McLaren,4.481738588126255,4
2024,3,Australian Grand Prix,2024-03-24,Albert Park Grand Prix Circuit,Charles Leclerc,LEC,Ferrari,4.801657167780062,5
2024,3,Australian Grand Prix,2024-03-24,Albert Park Grand Prix Circuit,George Russell,RUS,Mercedes,6.904654419005575,6
2024,3,Australian Grand Prix,2024-03-24,Albert Park Grand Prix Circuit,Oscar Piastri,PIA,McLaren,7.183006090455931,7
2024,3,Australian Grand Prix,2024-03-24,Albert Park Grand Prix Circuit,Lance Stroll,STR,Aston Martin,8.556244901522728,8
2024,3,Australian Grand Prix,2024-03-24,Albert Park Grand Prix Circuit,Lewis Hamilton,HAM,Mercedes,9.56132541934491,9
2024,3,Australian Grand Prix,2024-03-24,Albert Park Grand Prix Circuit,Fernando Alonso,ALO,Aston Martin,9.573381532357976,10
2024,3,Australian Grand Prix,2024-03-24,Albert Park Grand Prix Circuit,Yuki Tsunoda,TSU,RB F1 Team,11.020338838767465,11
2024,3,Australian Grand Prix,2024-03-24,Albert Park Grand Prix Circuit,Alexander Albon,ALB,Williams,12.965943642809526,12
2024,3,Australian Grand Prix,2024-03-24,Albert Park Grand Prix Circuit,Esteban Ocon,OCO,Alpine F1 Team,13.59370227375411,13
2024,3,Australian Grand Prix,2024-03-24,Albert Park Grand Prix Circuit,Valtteri Bottas,BOT,Sauber,13.820776908596311,14
2024,3,Australian Grand Prix,2024-03-24,Albert Park Grand Prix Circuit,Pierre Gasly,GAS,Alpine F1 Team,14.499152669606813,15
2024,3,Australian Grand Prix,2024-03-24,Albert Park Grand Prix Circuit,Guanyu Zhou,ZHO,Sauber,14.886639029676235,16
2024,3,Australian Grand Prix,2024-03-24,Albert Park Grand Prix Circuit,Daniel Ricciardo,RIC,RB F1 Team,14.908412119900182,17
2024,3,Australian Grand Prix,2024-03-24,Albert Park Grand Prix Circuit,Nico Hülkenberg,HUL,Haas F1 Team,14.910229738100076,18
2024,3,Australian Grand Prix,2024-03-24,Albert Park Grand Prix Circuit,Kevin Magnussen,MAG,Haas F1 Team,15.1893819657032,19
2024,4,Japanese Grand Prix,2024-04-07,Suzuka Circuit,Max Verstappen,VER,Red Bull,1.8442648752656485,1
2024,4,Japanese Grand Prix,2024-04-07,Suzuka Circuit,Sergio Pérez,PER,Red Bull,2.751987722666976,2
2024,4,Japanese Grand Prix,2024-04-07,Suzuka Circuit,Carlos Sainz,SAI,Ferrari,4.477994318465632,3
2024,4,Japanese Grand Prix,2024-04-07,Suzuka Circuit,Lando Norris,NOR,McLaren,5.45228777648891,4
2024,4,Japanese Grand Prix,2024-04-07,Suzuka Circuit,Oscar Piastri,PIA,McLaren,6.295316402848651,5
2024,4,Japanese Grand Prix,2024-04-07,Suzuka Circuit,Fernando Alonso,ALO,Aston Martin,6.421404135689795,6
2024,4,Japanese Grand Prix,2024-04-07,Suzuka Circuit,Lewis Hamilton,HAM,Mercedes,6.717904344875081,7
2024,4,Japanese Grand Prix,2024-04-07,Suzuka Circuit,Charles Leclerc,LEC,Ferrari,6.917868710871853,8
2024,4,Japanese Grand Prix,2024-04-07,Suzuka Circuit,George Russell,RUS,Mercedes,8.10768401704123,9
2024,4,Japanese Grand Prix,2024-04-07,Suzuka Circuit,Yuki Tsunoda,TSU,RB F1 Team,11.3508791068203,10
2024,4,Japanese Grand Prix,2024-04-07,Suzuka Circuit,Daniel Ricciardo,RIC,RB F1 Team,11.819724820626153,11
2024,4,Japanese Grand Prix,2024-04-07,Suzuka Circuit,Lance Stroll,STR,Aston Martin,12.176107033568831,12
2024,4,Japanese Grand Prix,2024-04-07,Suzuka Circuit,Nico Hülkenberg,HUL,Haas F1 Team,12.693308847592348,13
2024,4,Japanese Grand Prix,2024-04-07,Suzuka Circuit,Alexander Albon,ALB,Williams,13.33762294361206,14
2024,4,Japanese Grand Prix,2024-04-07,Suzuka Circuit,Esteban Ocon,OCO,Alpine F1 Team,13.424623176938654,15
2024,4,Japanese Grand Prix,2024-04-07,Suzuka Circuit,Valtteri Bottas,BOT,Sauber,13.536375716427179,16
2024,4,Japanese Grand Prix,2024-04-07,Suzuka Circuit,Kevin Magnussen,MAG,Haas F1 Team,14.913075793849474,17
2024,4,Japanese Grand Prix,2024-04-07,Suzuka Circuit,Pierre Gasly,GAS,Alpine F1 Team,14.951501840780672,18
2024,4,Japanese Grand Prix,2024-04-07,Suzuka Circuit,Guanyu Zhou,ZHO,Sauber,15.119650613098104,19
2024,4,Japanese Grand Prix,2024-04-07,Suzuka Circuit,Logan Sargeant,SAR,Williams,15.938876453381674,20
2024,5,Chinese Grand Prix,2024-04-21,Shanghai International Circuit,Max Verstappen,VER,Red Bull,2.1533508430354296,1
2024,5,Chinese Grand Prix,2024-04-21,Shanghai International Circuit,Sergio Pérez,PER,Red Bull,3.15617227764275,2
2024,5,Chinese Grand Prix,2024-04-21,Shanghai International Circuit,Lando Norris,NOR,McLaren,5.445048546451452,3
2024,5,Chinese Grand Prix,2024-04-21,Shanghai International Circuit,Oscar Piastri,PIA,McLaren,6.364408044725366,4
2024,5,Chinese Grand Prix,2024-04-21,Shanghai International Circuit,Charles Leclerc,LEC,Ferrari,6.72221288263998,5
2024,5,Chinese Grand Prix,2024-04-21,Shanghai International Circuit,Fernando Alonso,ALO,Aston Martin,6.773590724827516,6
2024,5,Chinese Grand Prix,2024-04-21,Shanghai International Circuit,Carlos Sainz,SAI,Ferrari,7.807831799220407,7
2024,5,Chinese Grand Prix,2024-04-21,Shanghai International Circuit,George Russell,RUS,Mercedes,9.300576995840729,8
2024,5,Chinese Grand Prix,2024-04-21,Shanghai International Circuit,Nico Hülkenberg,HUL,Haas F1 Team,10.497244610282888,9
2024,5,Chinese Grand Prix,2024-04-21,Shanghai International Circuit,Lance Stroll,STR,Aston Martin,10.785978611823271,10
2024,5,Chinese Grand Prix,2024-04-21,Shanghai International Circuit,Daniel Ricciardo,RIC,RB F1 Team,12.140239337545594,11
2024,5,Chinese Grand Prix,2024-04-21,Shanghai International Circuit,Valtteri Bottas,BOT,Sauber,12.178779521773986,12
2024,5,Chinese Grand Prix,2024-04-21,Shanghai International Circuit,Lewis Hamilton,HAM,Mercedes,12.216323040397183,13
2024,5,Chinese Grand Prix,2024-04-21,Shanghai International Circuit,Esteban Ocon,OCO,Alpine F1 Team,12.760952295608465,14
2024,5,Chinese Grand Prix,2024-04-21,Shanghai International Circuit,Kevin Magnussen,MAG,Haas F1 Team,13.236569502105974,15
2024,5,Chinese Grand Prix,2024-04-21,Shanghai International Circuit,Alexander Albon,ALB,Williams,13.820233741937672,16
2024,5,Chinese Grand Prix,2024-04-21,Shanghai International Circuit,Guanyu Zhou,ZHO,Sauber,14.22999839286663,17
2024,5,Chinese Grand Prix,2024-04-21,Shanghai International Circuit,Pierre Gasly,GAS,Alpine F1 Team,15.205905505403951,18
2024,5,Chinese Grand Prix,2024-04-21,Shanghai International Circuit,Yuki Tsunoda,TSU,RB F1 Team,16.480140663588582,19
2024,5,Chinese Grand Prix,2024-04-21,Shanghai International Circuit,Logan Sargeant,SAR,Williams,16.91542987009503,20
2024,6,Miami Grand Prix,2024-05-05,Miami International Autodrome,Max Verstappen,VER,Red Bull,2.0545946637445174,1
2024,6,Miami Grand Prix,2024-05-05,Miami International Autodrome,Sergio Pérez,PER,Red Bull,3.655102523874258,2
2024,6,Miami Grand Prix,2024-05-05,Miami International Autodrome,Carlos Sainz,SAI,Ferrari,4.346474012697625,3
2024,6,Miami Grand Prix,2024-05-05,Miami International Autodrome,Charles Leclerc,LEC,Ferrari,4.63736009481283,4
2024,6,Miami Grand Prix,2024-05-05,Miami International Autodrome,Oscar Piastri,PIA,McLaren,6.665214566929608,5
2024,6,Miami Grand Prix,2024-05-05,Miami International Autodrome,Lando Norris,NOR,McLaren,7.116047771303434,6
2024,6,Miami Grand Prix,2024-05-05,Miami International Autodrome,George Russell,RUS,Mercedes,7.540132563543315,7
2024,6,Miami Grand Prix,2024-05-05,Miami International Autodrome,Lewis Hamilton,HAM,Mercedes,7.989576909608271,8
2024,6,Miami Grand Prix,2024-05-05,Miami International Autodrome,Lance Stroll,STR,Aston Martin,10.637881219408998,9
2024,6,Miami Grand Prix,2024-05-05,Miami International Autodrome,Yuki Tsunoda,TSU,RB F1 Team,11.380002591115863,10
2024,6,Miami Grand Prix,2024-05-05,Miami International Autodrome,Nico Hülkenberg,HUL,Haas F1 Team,11.405678048874433,11
2024,6,Miami Grand Prix,2024-05-05,Miami International Autodrome,Fernando Alonso,ALO,Aston Martin,12.289975454498892,12
2024,6,Miami Grand Prix,2024-05-05,Miami International Autodrome,Pierre Gasly,GAS,Alpine F1 Team,12.656868066425535,13
2024,6,Miami Grand Prix,2024-05-05,Miami International Autodrome,Esteban Ocon,OCO,Alpine F1 Team,13.171441445720014,14
2024,6,Miami Grand Prix,2024-05-05,Miami International Autodrome,Daniel Ricciardo,RIC,RB F1 Team,14.252504575099323,15
2024,6,Miami Grand Prix,2024-05-05,Miami International Autodrome,Alexander Albon,ALB,Williams,14.431426950839638,16
2024,6,Miami Grand Prix,2024-05-05,Miami International Autodrome,Kevin Magnussen,MAG,Haas F1 Team,14.596846345591,17
2024,6,Miami Grand Prix,2024-05-05,Miami International Autodrome,Guanyu Zhou,ZHO,Sauber,15.772135860564111,18
2024,6,Miami Grand Prix,2024-05-05,Miami International Autodrome,Logan Sargeant,SAR,Williams,15.97177194641289,19
2024,6,Miami Grand Prix,2024-05-05,Miami International Autodrome,Valtteri Bottas,BOT,Sauber,16.680686599197994,20
2024,7,Emilia Romagna Grand Prix,2024-05-19,Autodromo Enzo e Dino Ferrari,Max Verstappen,VER,Red Bull,1.6915914062107227,1
2024,7,Emilia Romagna Grand Prix,2024-05-19,Autodromo Enzo e Dino Ferrari,Lando Norris,NOR,McLaren,3.4011486206457464,2
2024,7,Emilia Romagna Grand Prix,2024-05-19,Autodromo Enzo e Dino Ferrari,Charles Leclerc,LEC,Ferrari,3.583376431477121,3
2024,7,Emilia Romagna Grand Prix,2024-05-19,Autodromo Enzo e Dino Ferrari,Carlos Sainz,SAI,Ferrari,4.6492718259244254,4
2024,7,Emilia Romagna Grand Prix,2024-05-19,Autodromo Enzo e Dino Ferrari,Oscar Piastri,PIA,McLaren,5.527852331413753,5
2024,7,Emilia Romagna Grand Prix,2024-05-19,Autodromo Enzo e Dino Ferrari,George Russell,RUS,Mercedes,7.2095840575709635,6
2024,7,Emilia Romagna Grand Prix,2024-05-19,Autodromo Enzo e Dino Ferrari,Sergio Pérez,PER,Red Bull,7.986250980708306,7
2024,7,Emilia Romagna Grand Prix,2024-05-19,Autodromo Enzo e Dino Ferrari,Lewis Hamilton,HAM,Mercedes,8.371192373953258,8
2024,7,Emilia Romagna Grand Prix,2024-05-19,Autodromo Enzo e Dino Ferrari,Yuki Tsunoda,TSU,RB F1 Team,9.698273803640433,9
2024,7,Emilia Romagna Grand Prix,2024-05-19,Autodromo Enzo e Dino Ferrari,Daniel Ricciardo,RIC,RB F1 Team,11.359060840582027,10
2024,7,Emilia Romagna Grand Prix,2024-05-19,Autodromo Enzo e Dino Ferrari,Lance Stroll,STR,Aston Martin,11.947553317858594,11
2024,7,Emilia Romagna Grand Prix,2024-05-19,Autodromo Enzo e Dino Ferrari,Nico Hülkenberg,HUL,Haas F1 Team,12.029138932688754,12
2024,7,Emilia Romagna Grand Prix,2024-05-19,Autodromo Enzo e Dino Ferrari,Esteban Ocon,OCO,Alpine F1 Team,12.316504981981273,13
2024,7,Emilia Romagna Grand Prix,2024-05-19,Autodromo Enzo e Dino Ferrari,Fernando Alonso,ALO,Aston Martin,12.741018219659487,14
2024,7,Emilia Romagna Grand Prix,2024-05-19,Autodromo Enzo e Dino Ferrari,Pierre Gasly,GAS,Alpine F1 Team,14.212173864127035,15
2024,7,Emilia Romagna Grand Prix,2024-05-19,Autodromo Enzo e Dino Ferrari,Alexander Albon,ALB,Williams,14.503591716504356,16
2024,7,Emilia Romagna Grand Prix,2024-05-19,Autodromo Enzo e Dino Ferrari,Kevin Magnussen,MAG,Haas F1 Team,14.897704744099693,17
2024,7,Emilia Romagna Grand Prix,2024-05-19,Autodromo Enzo e Dino Ferrari,Valtteri Bottas,BOT,Sauber,15.512747197400088,18
2024,7,Emilia Romagna Grand Prix,2024-05-19,Autodromo Enzo e Dino Ferrari,Guanyu Zhou,ZHO,Sauber,16.22885599791688,19
2024,7,Emilia Romagna Grand Prix,2024-05-19,Autodromo Enzo e Dino Ferrari,Logan Sargeant,SAR,Williams,16.89294994955705,20
2024,8,Monaco Grand Prix,2024-05-26,Circuit de Monaco,Charles Leclerc,LEC,Ferrari,2.803070331783048,1
2024,8,Monaco Grand Prix,2024-05-26,Circuit de Monaco,Lando Norris,NOR,McLaren,3.719340136773763,2
2024,8,Monaco Grand Prix,2024-05-26,Circuit de Monaco,Carlos Sainz,SAI,Ferrari,3.993379106012585,3
2024,8,Monaco Grand Prix,2024-05-26,Circuit de Monaco,Oscar Piastri,PIA,McLaren,4.137876671098733,4
2024,8,Monaco Grand Prix,2024-05-26,Circuit de Monaco,Max Verstappen,VER,Red Bull,4.415584439638896,5
2024,8,Monaco Grand Prix,2024-05-26,Circuit de Monaco,Lewis Hamilton,HAM,Mercedes,6.303795156867046,6
2024,8,Monaco Grand Prix,2024-05-26,Circuit de Monaco,George Russell,RUS,Mercedes,6.387857580271299,7
2024,8,Monaco Grand Prix,2024-05-26,Circuit de Monaco,Sergio Pérez,PER,Red Bull,9.900167216474774,8
2024,8,Monaco Grand Prix,2024-05-26,Circuit de Monaco,Fernando Alonso,ALO,Aston Martin,11.124506023778926,9
2024,8,Monaco Grand Prix,2024-05-26,Circuit de Monaco,Yuki Tsunoda,TSU,RB F1 Team,11.48555391094066,10
2024,8,Monaco Grand Prix,2024-05-26,Circuit de Monaco,Lance Stroll,STR,Aston Martin,11.914304743990956,11
2024,8,Monaco Grand Prix,2024-05-26,Circuit de Monaco,Pierre Gasly,GAS,Alpine F1 Team,12.260088886504873,12
2024,8,Monaco Grand Prix,2024-05-26,Circuit de Monaco,Alexander Albon,ALB,Williams,12.272676139235026,13
2024,8,Monaco Grand Prix,2024-05-26,Circuit de Monaco,Esteban Ocon,OCO,Alpine F1 Team,12.457196571745245,14
2024,8,Monaco Grand Prix,2024-05-26,Circuit de Monaco,Daniel Ricciardo,RIC,RB F1 Team,12.564184291727294,15
2024,8,Monaco Grand Prix,2024-05-26,Circuit de Monaco,Nico Hülkenberg,HUL,Haas F1 Team,14.50752700760172,16
2024,8,Monaco Grand Prix,2024-05-26,Circuit de Monaco,Kevin Magnussen,MAG,Haas F1 Team,14.570846421463328,17
2024,8,Monaco Grand Prix,2024-05-26,Circuit de Monaco,Logan Sargeant,SAR,Williams,15.710476448065405,18
2024,8,Monaco Grand Prix,2024-05-26,Circuit de Monaco,Valtteri Bottas,BOT,Sauber,16.280955591568393,19
2024,8,Monaco Grand Prix,2024-05-26,Circuit de Monaco,Guanyu Zhou,ZHO,Sauber,16.65929889971096,20
2024,9,Canadian Grand Prix,2024-06-09,Circuit Gilles Villeneuve,Max Verstappen,VER,Red Bull,2.8628043884912096,1
2024,9,Canadian Grand Prix,2024-06-09,Circuit Gilles Villeneuve,George Russell,RUS,Mercedes,4.077061273143517,2
2024,9,Canadian Grand Prix,2024-06-09,Circuit Gilles Villeneuve,Lando Norris,NOR,McLaren,4.621018084379914,3
2024,9,Canadian Grand Prix,2024-06-09,Circuit Gilles Villeneuve,Oscar Piastri,PIA,McLaren,5.43902354096171,4
2024,9,Canadian Grand Prix,2024-06-09,Circuit Gilles Villeneuve,Lewis Hamilton,HAM,Mercedes,6.040117343888679,5
2024,9,Canadian Grand Prix,2024-06-09,Circuit Gilles Villeneuve,Fernando Alonso,ALO,Aston Martin,8.260972158279298,6
2024,9,Canadian Grand Prix,2024-06-09,Circuit Gilles Villeneuve,Charles Leclerc,LEC,Ferrari,8.296990501620684,7
2024,9,Canadian Grand Prix,2024-06-09,Circuit Gilles Villeneuve,Daniel Ricciardo,RIC,RB F1 Team,8.781012489524239,8
2024,9,Canadian Grand Prix,2024-06-09,Circuit Gilles Villeneuve,Carlos Sainz,SAI,Ferrari,9.72283634312599,9
2024,9,Canadian Grand Prix,2024-06-09,Circuit Gilles Villeneuve,Lance Stroll,STR,Aston Martin,10.386378783453122,10
2024,9,Canadian Grand Prix,2024-06-09,Circuit Gilles Villeneuve,Sergio Pérez,PER,Red Bull,10.45999001821971,11
2024,9,Canadian Grand Prix,2024-06-09,Circuit Gilles Villeneuve,Yuki Tsunoda,TSU,RB F1 Team,11.13106329067085,12
2024,9,Canadian Grand Prix,2024-06-09,Circuit Gilles Villeneuve,Alexander Albon,ALB,Williams,13.15000350606375,13
2024,9,Canadian Grand Prix,2024-06-09,Circuit Gilles Villeneuve,Kevin Magnussen,MAG,Haas F1 Team,13.950416872736938,14
2024,9,Canadian Grand Prix,2024-06-09,Circuit Gilles Villeneuve,Esteban Ocon,OCO,Alpine F1 Team,14.18898025562841,15
2024,9,Canadian Grand Prix,2024-06-09,Circuit Gilles Villeneuve,Pierre Gasly,GAS,Alpine F1 Team,14.224054054961774,16
2024,9,Canadian Grand Prix,2024-06-09,Circuit Gilles Villeneuve,Nico Hülkenberg,HUL,Haas F1 Team,14.885448968659622,17
2024,9,Canadian Grand Prix,2024-06-09,Circuit Gilles Villeneuve,Valtteri Bottas,BOT,Sauber,14.972731541119076,18
2024,9,Canadian Grand Prix,2024-06-09,Circuit Gilles Villeneuve,Logan Sargeant,SAR,Williams,15.699285233646206,19
2024,9,Canadian Grand Prix,2024-06-09,Circuit Gilles Villeneuve,Guanyu Zhou,ZHO,Sauber,16.20917434253116,20
2024,10,Spanish Grand Prix,2024-06-23,Circuit de Barcelona-Catalunya,Max Verstappen,VER,Red Bull,2.020715002568527,1
2024,10,Spanish Grand Prix,2024-06-23,Circuit de Barcelona-Catalunya,Lando Norris,NOR,McLaren,2.4614983581628516,2
2024,10,Spanish Grand Prix,2024-06-23,Circuit de Barcelona-Catalunya,Lewis Hamilton,HAM,Mercedes,3.706254451925052,3
2024,10,Spanish Grand Prix,2024-06-23,Circuit de Barcelona-Catalunya,George Russell,RUS,Mercedes,4.480126471280517,4
2024,10,Spanish Grand Prix,2024-06-23,Circuit de Barcelona-Catalunya,Carlos Sainz,SAI,Ferrari,5.580855067170852,5
2024,10,Spanish Grand Prix,2024-06-23,Circuit de Barcelona-Catalunya,Charles Leclerc,LEC,Ferrari,5.915867871019871,6
2024,10,Spanish Grand Prix,2024-06-23,Circuit de Barcelona-Catalunya,Oscar Piastri,PIA,McLaren,7.797228924523328,7
2024,10,Spanish Grand Prix,2024-06-23,Circuit de Barcelona-Catalunya,Sergio Pérez,PER,Red Bull,8.772193572780516,8
2024,10,Spanish Grand Prix,2024-06-23,Circuit de Barcelona-Catalunya,Pierre Gasly,GAS,Alpine F1 Team,9.743728593728031,9
2024,10,Spanish Grand Prix,2024-06-23,Circuit de Barcelona-Catalunya,Esteban Ocon,OCO,Alpine F1 Team,10.907972368013608,10
2024,10,Spanish Grand Prix,2024-06-23,Circuit de Barcelona-Catalunya,Fernando Alonso,ALO,Aston Martin,10.995837273765819,11
2024,10,Spanish Grand Prix,2024-06-23,Circuit de Barcelona-Catalunya,Valtteri Bottas,BOT,Sauber,13.184714387076566,12
2024,10,Spanish Grand Prix,2024-06-23,Circuit de Barcelona-Catalunya,Nico Hülkenberg,HUL,Haas F1 Team,13.515866189728886,13
2024,10,Spanish Grand Prix,2024-06-23,Circuit de Barcelona-Catalunya,Lance Stroll,STR,Aston Martin,13.573430866415492,14
2024,10,Spanish Grand Prix,2024-06-23,Circuit de Barcelona-Catalunya,Daniel Ricciardo,RIC,RB F1 Team,14.238043902564094,15
2024,10,Spanish Grand Prix,2024-06-23,Circuit de Barcelona-Catalunya,Kevin Magnussen,MAG,Haas F1 Team,14.862723292783105,16
2024,10,Spanish Grand Prix,2024-06-23,Circuit de Barcelona-Catalunya,Guanyu Zhou,ZHO,Sauber,15.0024343669998,17
2024,10,Spanish Grand Prix,2024-06-23,Circuit de Barcelona-Catalunya,Yuki Tsunoda,TSU,RB F1 Team,15.021455922726265,18
2024,10,Spanish Grand Prix,2024-06-23,Circuit de Barcelona-Catalunya,Alexander Albon,ALB,Williams,15.51954839981572,19
2024,10,Spanish Grand Prix,2024-06-23,Circuit de Barcelona-Catalunya,Logan Sargeant,SAR,Williams,17.45951194349104,20
2024,11,Austrian Grand Prix,2024-06-30,Red Bull Ring,Max Verstappen,VER,Red Bull,3.0181443897589277,1
2024,11,Austrian Grand Prix,2024-06-30,Red Bull Ring,George Russell,RUS,Mercedes,4.516493741406857,2
2024,11,Austrian Grand Prix,2024-06-30,Red Bull Ring,Lando Norris,NOR,McLaren,4.703213752575967,3
2024,11,Austrian Grand Prix,2024-06-30,Red Bull Ring,Carlos Sainz,SAI,Ferrari,4.948820640925505,4
2024,11,Austrian Grand Prix,2024-06-30,Red Bull Ring,Lewis Hamilton,HAM,Mercedes,5.601307747859517,5
2024,11,Austrian Grand Prix,2024-06-30,Red Bull Ring,Charles Leclerc,LEC,Ferrari,6.140411991781663,6
2024,11,Austrian Grand Prix,2024-06-30,Red Bull Ring,Oscar Piastri,PIA,McLaren,6.455257375456708,7
2024,11,Austrian Grand Prix,2024-06-30,Red Bull Ring,Sergio Pérez,PER,Red Bull,9.56107529886583,8
2024,11,Austrian Grand Prix,2024-06-30,Red Bull Ring,Esteban Ocon,OCO,Alpine F1 Team,10.879246727046443,9
2024,11,Austrian Grand Prix,2024-06-30,Red Bull Ring,Nico Hülkenberg,HUL,Haas F1 Team,12.273461098255527,10
2024,11,Austrian Grand Prix,2024-06-30,Red Bull Ring,Pierre Gasly,GAS,Alpine F1 Team,12.503908714914866,11
2024,11,Austrian Grand Prix,2024-06-30,Red Bull Ring,Lance Stroll,STR,Aston Martin,12.703999146898036,12
2024,11,Austrian Grand Prix,2024-06-30,Red Bull Ring,Daniel Ricciardo,RIC,RB F1 Team,12.727632104185966,13
2024,11,Austrian Grand Prix,2024-06-30,Red Bull Ring,Fernando Alonso,ALO,Aston Martin,13.07542250862898,14
2024,11,Austrian Grand Prix,2024-06-30,Red Bull Ring,Yuki Tsunoda,TSU,RB F1 Team,13.681571367485926,15
2024,11,Austrian Grand Prix,2024-06-30,Red Bull Ring,Kevin Magnussen,MAG,Haas F1 Team,13.707900550861714,16
2024,11,Austrian Grand Prix,2024-06-30,Red Bull Ring,Alexander Albon,ALB,Williams,15.699334192547978,17
2024,11,Austrian Grand Prix,2024-06-30,Red Bull Ring,Valtteri Bottas,BOT,Sauber,16.124420040274266,18
2024,11,Austrian Grand Prix,2024-06-30,Red Bull Ring,Guanyu Zhou,ZHO,Sauber,16.309120598468795,19
2024,11,Austrian Grand Prix,2024-06-30,Red Bull Ring,Logan Sargeant,SAR,Williams,16.401988755868004,20
2024,12,British Grand Prix,2024-07-07,Silverstone Circuit,Max Verstappen,VER,Red Bull,2.8516201927671663,1
2024,12,British Grand Prix,2024-07-07,Silverstone Circuit,Lewis Hamilton,HAM,Mercedes,2.8751332910001697,2
2024,12,British Grand Prix,2024-07-07,Silverstone Circuit,George Russell,RUS,Mercedes,2.959025922770841,3
2024,12,British Grand Prix,2024-07-07,Silverstone Circuit,Lando Norris,NOR,McLaren,3.6291765085055405,4
2024,12,British Grand Prix,2024-07-07,Silverstone Circuit,Oscar Piastri,PIA,McLaren,5.252326354939226,5
2024,12,British Grand Prix,2024-07-07,Silverstone Circuit,Carlos Sainz,SAI,Ferrari,6.881681989025037,6
2024,12,British Grand Prix,2024-07-07,Silverstone Circuit,Charles Leclerc,LEC,Ferrari,9.00921099682407,7
2024,12,British Grand Prix,2024-07-07,Silverstone Circuit,Nico Hülkenberg,HUL,Haas F1 Team,9.359208455940081,8
2024,12,British Grand Prix,2024-07-07,Silverstone Circuit,Lance Stroll,STR,Aston Martin,9.98561213206299,9
2024,12,British Grand Prix,2024-07-07,Silverstone Circuit,Fernando Alonso,ALO,Aston Martin,10.646337184614955,10
2024,12,British Grand Prix,2024-07-07,Silverstone Circuit,Sergio Pérez,PER,Red Bull,10.670239322668861,11
2024,12,British Grand Prix,2024-07-07,Silverstone Circuit,Alexander Albon,ALB,Williams,12.504500211295577,12
2024,12,British Grand Prix,2024-07-07,Silverstone Circuit,Yuki Tsunoda,TSU,RB F1 Team,13.802970309308943,13
2024,12,British Grand Prix,2024-07-07,Silverstone Circuit,Daniel Ricciardo,RIC,RB F1 Team,14.0154592514253,14
2024,12,British Grand Prix,2024-07-07,Silverstone Circuit,Logan Sargeant,SAR,Williams,14.217521297677845,15
2024,12,British Grand Prix,2024-07-07,Silverstone Circuit,Esteban Ocon,OCO,Alpine F1 Team,14.416708231551471,16
2024,12,British Grand Prix,2024-07-07,Silverstone Circuit,Valtteri Bottas,BOT,Sauber,14.839518508264277,17
2024,12,British Grand Prix,2024-07-07,Silverstone Circuit,Pierre Gasly,GAS,Alpine F1 Team,14.949692710838667,18
2024,12,British Grand Prix,2024-07-07,Silverstone Circuit,Guanyu Zhou,ZHO,Sauber,15.022288817227352,19
2024,12,British Grand Prix,2024-07-07,Silverstone Circuit,Kevin Magnussen,MAG,Haas F1 Team,15.301694433895257,20
2024,13,Hungarian Grand Prix,2024-07-21,Hungaroring,Lando Norris,NOR,McLaren,2.885766093858633,1
2024,13,Hungarian Grand Prix,2024-07-21,Hungaroring,Oscar Piastri,PIA,McLaren,3.4875601371734977,2
2024,13,Hungarian Grand Prix,2024-07-21,Hungaroring,Max Verstappen,VER,Red Bull,3.6107530828882046,3
2024,13,Hungarian Grand Prix,2024-07-21,Hungaroring,Carlos Sainz,SAI,Ferrari,4.243290892976957,4
2024,13,Hungarian Grand Prix,2024-07-21,Hungaroring,Lewis Hamilton,HAM,Mercedes,5.703823906439636,5
2024,13,Hungarian Grand Prix,2024-07-21,Hungaroring,Charles Leclerc,LEC,Ferrari,7.481967890411508,6
2024,13,Hungarian Grand Prix,2024-07-21,Hungaroring,George Russell,RUS,Mercedes,8.751933486296451,7
2024,13,Hungarian Grand Prix,2024-07-21,Hungaroring,Fernando Alonso,ALO,Aston Martin,9.535182147183264,8
2024,13,Hungarian Grand Prix,2024-07-21,Hungaroring,Daniel Ricciardo,RIC,RB F1 Team,10.501430493325424,9
2024,13,Hungarian Grand Prix,2024-07-21,Hungaroring,Sergio Pérez,PER,Red Bull,10.684845620116512,10
2024,13,Hungarian Grand Prix,2024-07-21,Hungaroring,Lance Stroll,STR,Aston Martin,10.808354550143452,11
2024,13,Hungarian Grand Prix,2024-07-21,Hungaroring,Nico Hülkenberg,HUL,Haas F1 Team,12.034385713491618,12
2024,13,Hungarian Grand Prix,2024-07-21,Hungaroring,Yuki Tsunoda,TSU,RB F1 Team,12.242517161307227,13
2024,13,Hungarian Grand Prix,2024-07-21,Hungaroring,Alexander Albon,ALB,Williams,13.120212549837449,14
2024,13,Hungarian Grand Prix,2024-07-21,Hungaroring,Valtteri Bottas,BOT,Sauber,13.278584951484486,15
2024,13,Hungarian Grand Prix,2024-07-21,Hungaroring,Kevin Magnussen,MAG,Haas F1 Team,14.085095271215993,16
2024,13,Hungarian Grand Prix,2024-07-21,Hungaroring,Esteban Ocon,OCO,Alpine F1 Team,14.577819764822184,17
2024,13,Hungarian Grand Prix,2024-07-21,Hungaroring,Pierre Gasly,GAS,Alpine F1 Team,15.01737964412406,18
2024,13,Hungarian Grand Prix,2024-07-21,Hungaroring,Logan Sargeant,SAR,Williams,15.173087855175645,19
2024,13,Hungarian Grand Prix,2024-07-21,Hungaroring,Guanyu Zhou,ZHO,Sauber,15.547699177650992,20
2024,14,Belgian Grand Prix,2024-07-28,Circuit de Spa-Francorchamps,Lewis Hamilton,HAM,Mercedes,3.0488023494065555,1
2024,14,Belgian Grand Prix,2024-07-28,Circuit de Spa-Francorchamps,Max Verstappen,VER,Red Bull,4.290674209596931,2
2024,14,Belgian Grand Prix,2024-07-28,Circuit de Spa-Francorchamps,Charles Leclerc,LEC,Ferrari,4.3442726289654185,3
2024,14,Belgian Grand Prix,2024-07-28,Circuit de Spa-Francorchamps,Lando Norris,NOR,McLaren,4.642417072997112,4
2024,14,Belgian Grand Prix,2024-07-28,Circuit de Spa-Francorchamps,Oscar Piastri,PIA,McLaren,5.239163258030012,5
2024,14,Belgian Grand Prix,2024-07-28,Circuit de Spa-Francorchamps,Sergio Pérez,PER,Red Bull,5.6243813346629175,6
2024,14,Belgian Grand Prix,2024-07-28,Circuit de Spa-Francorchamps,George Russell,RUS,Mercedes,7.394378363375515,7
2024,14,Belgian Grand Prix,2024-07-28,Circuit de Spa-Francorchamps,Carlos Sainz,SAI,Ferrari,8.491789806116305,8
2024,14,Belgian Grand Prix,2024-07-28,Circuit de Spa-Francorchamps,Esteban Ocon,OCO,Alpine F1 Team,10.761431585283457,9
2024,14,Belgian Grand Prix,2024-07-28,Circuit de Spa-Francorchamps,Fernando Alonso,ALO,Aston Martin,11.137017292627036,10
2024,14,Belgian Grand Prix,2024-07-28,Circuit de Spa-Francorchamps,Pierre Gasly,GAS,Alpine F1 Team,11.8256298609855,11
2024,14,Belgian Grand Prix,2024-07-28,Circuit de Spa-Francorchamps,Alexander Albon,ALB,Williams,12.010716062571824,12
2024,14,Belgian Grand Prix,2024-07-28,Circuit de Spa-Francorchamps,Lance Stroll,STR,Aston Martin,12.647391675761945,13
2024,14,Belgian Grand Prix,2024-07-28,Circuit de Spa-Francorchamps,Daniel Ricciardo,RIC,RB F1 Team,13.189037407754274,14
2024,14,Belgian Grand Prix,2024-07-28,Circuit de Spa-Francorchamps,Valtteri Bottas,BOT,Sauber,14.280087385705798,15
2024,14,Belgian Grand Prix,2024-07-28,Circuit de Spa-Francorchamps,Nico Hülkenberg,HUL,Haas F1 Team,14.363581387400663,16
2024,14,Belgian Grand Prix,2024-07-28,Circuit de Spa-Francorchamps,Kevin Magnussen,MAG,Haas F1 Team,14.573752654617582,17
2024,14,Belgian Grand Prix,2024-07-28,Circuit de Spa-Francorchamps,Yuki Tsunoda,TSU,RB F1 Team,15.927343788372843,18
2024,14,Belgian Grand Prix,2024-07-28,Circuit de Spa-Francorchamps,Logan Sargeant,SAR,Williams,16.14297726474105,19
2024,14,Belgian Grand Prix,2024-07-28,Circuit de Spa-Francorchamps,Guanyu Zhou,ZHO,Sauber,16.595444120242448,20
2024,15,Dutch Grand Prix,2024-08-25,Circuit Park Zandvoort,Max Verstappen,VER,Red Bull,2.6152363744422127,1
2024,15,Dutch Grand Prix,2024-08-25,Circuit Park Zandvoort,Lando Norris,NOR,McLaren,2.8241386805502335,2
2024,15,Dutch Grand Prix,2024-08-25,Circuit Park Zandvoort,Oscar Piastri,PIA,McLaren,3.542185124603327,3
2024,15,Dutch Grand Prix,2024-08-25,Circuit Park Zandvoort,George Russell,RUS,Mercedes,4.592439849576927,4
2024,15,Dutch Grand Prix,2024-08-25,Circuit Park Zandvoort,Sergio Pérez,PER,Red Bull,7.0801571831302965,5
2024,15,Dutch Grand Prix,2024-08-25,Circuit Park Zandvoort,Lewis Hamilton,HAM,Mercedes,7.563950073692151,6
2024,15,Dutch Grand Prix,2024-08-25,Circuit Park Zandvoort,Charles Leclerc,LEC,Ferrari,7.61476952121893,7
2024,15,Dutch Grand Prix,2024-08-25,Circuit Park Zandvoort,Fernando Alonso,ALO,Aston Martin,9.013069658257548,8
2024,15,Dutch Grand Prix,2024-08-25,Circuit Park Zandvoort,Carlos Sainz,SAI,Ferrari,9.400520697850556,9
2024,15,Dutch Grand Prix,2024-08-25,Circuit Park Zandvoort,Lance Stroll,STR,Aston Martin,10.10626069467898,10
2024,15,Dutch Grand Prix,2024-08-25,Circuit Park Zandvoort,Pierre Gasly,GAS,Alpine F1 Team,11.125012733184304,11
2024,15,Dutch Grand Prix,2024-08-25,Circuit Park Zandvoort,Alexander Albon,ALB,Williams,12.72615613012706,12
2024,15,Dutch Grand Prix,2024-08-25,Circuit Park Zandvoort,Kevin Magnussen,MAG,Haas F1 Team,13.157763225937458,13
2024,15,Dutch Grand Prix,2024-08-25,Circuit Park Zandvoort,Yuki Tsunoda,TSU,RB F1 Team,13.41167043454753,14
2024,15,Dutch Grand Prix,2024-08-25,Circuit Park Zandvoort,Nico Hülkenberg,HUL,Haas F1 Team,13.45397052524033,15
2024,15,Dutch Grand Prix,2024-08-25,Circuit Park Zandvoort,Daniel Ricciardo,RIC,RB F1 Team,13.537460100154853,16
2024,15,Dutch Grand Prix,2024-08-25,Circuit Park Zandvoort,Esteban Ocon,OCO,Alpine F1 Team,13.627128577527094,17
2024,15,Dutch Grand Prix,2024-08-25,Circuit Park Zandvoort,Valtteri Bottas,BOT,Sauber,14.69332691406553,18
2024,15,Dutch Grand Prix,2024-08-25,Circuit Park Zandvoort,Guanyu Zhou,ZHO,Sauber,15.119026641323513,19
2024,15,Dutch Grand Prix,2024-08-25,Circuit Park Zandvoort,Logan Sargeant,SAR,Williams,15.83868252939946,20
2024,16,Italian Grand Prix,2024-09-01,Autodromo Nazionale di Monza,Lando Norris,NOR,McLaren,2.571297395699613,1
2024,16,Italian Grand Prix,2024-09-01,Autodromo Nazionale di Monza,Oscar Piastri,PIA,McLaren,3.0862006133173225,2
2024,16,Italian Grand Prix,2024-09-01,Autodromo Nazionale di Monza,Lewis Hamilton,HAM,Mercedes,4.20856060116235,3
2024,16,Italian Grand Prix,2024-09-01,Autodromo Nazionale di Monza,Charles Leclerc,LEC,Ferrari,4.385220782802915,4
2024,16,Italian Grand Prix,2024-09-01,Autodromo Nazionale di Monza,George Russell,RUS,Mercedes,4.615757319753216,5
2024,16,Italian Grand Prix,2024-09-01,Autodromo Nazionale di Monza,Carlos Sainz,SAI,Ferrari,5.5922041552788,6
2024,16,Italian Grand Prix,2024-09-01,Autodromo Nazionale di Monza,Max Verstappen,VER,Red Bull,5.842647795860376,7
2024,16,Italian Grand Prix,2024-09-01,Autodromo Nazionale di Monza,Sergio Pérez,PER,Red Bull,8.740684513110681,8
2024,16,Italian Grand Prix,2024-09-01,Autodromo Nazionale di Monza,Alexander Albon,ALB,Williams,11.214242148493097,9
2024,16,Italian Grand Prix,2024-09-01,Autodromo Nazionale di Monza,Fernando Alonso,ALO,Aston Martin,11.760821118248563,10
2024,16,Italian Grand Prix,2024-09-01,Autodromo Nazionale di Monza,Nico Hülkenberg,HUL,Haas F1 Team,11.820131606387287,11
2024,16,Italian Grand Prix,2024-09-01,Autodromo Nazionale di Monza,Daniel Ricciardo,RIC,RB F1 Team,11.838789863751968,12
2024,16,Italian Grand Prix,2024-09-01,Autodromo Nazionale di Monza,Kevin Magnussen,MAG,Haas F1 Team,13.32330762040255,13
2024,16,Italian Grand Prix,2024-09-01,Autodromo Nazionale di Monza,Lance Stroll,STR,Aston Martin,14.128018624538415,14
2024,16,Italian Grand Prix,2024-09-01,Autodromo Nazionale di Monza,Pierre Gasly,GAS,Alpine F1 Team,14.249543615140858,15
2024,16,Italian Grand Prix,2024-09-01,Autodromo Nazionale di Monza,Esteban Ocon,OCO,Alpine F1 Team,14.638980805773484,16
2024,16,Italian Grand Prix,2024-09-01,Autodromo Nazionale di Monza,Franco Colapinto,COL,Williams,14.733249896660663,17
2024,16,Italian Grand Prix,2024-09-01,Autodromo Nazionale di Monza,Valtteri Bottas,BOT,Sauber,14.756453490613369,18
2024,16,Italian Grand Prix,2024-09-01,Autodromo Nazionale di Monza,Yuki Tsunoda,TSU,RB F1 Team,15.017687188010598,19
2024,16,Italian Grand Prix,2024-09-01,Autodromo Nazionale di Monza,Guanyu Zhou,ZHO,Sauber,16.887138453379222,20
2024,17,Azerbaijan Grand Prix,2024-09-15,Baku City Circuit,Oscar Piastri,PIA,McLaren,3.1136501617853445,1
2024,17,Azerbaijan Grand Prix,2024-09-15,Baku City Circuit,Charles Leclerc,LEC,Ferrari,3.221311301730729,2
2024,17,Azerbaijan Grand Prix,2024-09-15,Baku City Circuit,Carlos Sainz,SAI,Ferrari,4.07681731294161,3
2024,17,Azerbaijan Grand Prix,2024-09-15,Baku City Circuit,Sergio Pérez,PER,Red Bull,4.424376145728786,4
2024,17,Azerbaijan Grand Prix,2024-09-15,Baku City Circuit,Max Verstappen,VER,Red Bull,4.584910051663379,5
2024,17,Azerbaijan Grand Prix,2024-09-15,Baku City Circuit,Lewis Hamilton,HAM,Mercedes,6.322207244697294,6
2024,17,Azerbaijan Grand Prix,2024-09-15,Baku City Circuit,George Russell,RUS,Mercedes,7.022102529774724,7
2024,17,Azerbaijan Grand Prix,2024-09-15,Baku City Circuit,Lando Norris,NOR,McLaren,8.342481775874388,8
2024,17,Azerbaijan Grand Prix,2024-09-15,Baku City Circuit,Fernando Alonso,ALO,Aston Martin,9.903405750593238,9
2024,17,Azerbaijan Grand Prix,2024-09-15,Baku City Circuit,Alexander Albon,ALB,Williams,11.29965078611912,10
2024,17,Azerbaijan Grand Prix,2024-09-15,Baku City Circuit,Franco Colapinto,COL,Williams,11.33648195614609,11
2024,17,Azerbaijan Grand Prix,2024-09-15,Baku City Circuit,Oliver Bearman,BEA,Haas F1 Team,11.629667076109794,12
2024,17,Azerbaijan Grand Prix,2024-09-15,Baku City Circuit,Lance Stroll,STR,Aston Martin,12.800364739823825,13
2024,17,Azerbaijan Grand Prix,2024-09-15,Baku City Circuit,Yuki Tsunoda,TSU,RB F1 Team,13.067777983150936,14
2024,17,Azerbaijan Grand Prix,2024-09-15,Baku City Circuit,Nico Hülkenberg,HUL,Haas F1 Team,13.359857571443868,15
2024,17,Azerbaijan Grand Prix,2024-09-15,Baku City Circuit,Daniel Ricciardo,RIC,RB F1 Team,13.93327144561099,16
2024,17,Azerbaijan Grand Prix,2024-09-15,Baku City Circuit,Pierre Gasly,GAS,Alpine F1 Team,15.088124922687316,17
2024,17,Azerbaijan Grand Prix,2024-09-15,Baku City Circuit,Valtteri Bottas,BOT,Sauber,15.669175764732028,18
2024,17,Azerbaijan Grand Prix,2024-09-15,Baku City Circuit,Esteban Ocon,OCO,Alpine F1 Team,15.703720245394697,19
2024,17,Azerbaijan Grand Prix,2024-09-15,Baku City Circuit,Guanyu Zhou,ZHO,Sauber,16.47357115752925,20
2024,18,Singapore Grand Prix,2024-09-22,Marina Bay Street Circuit,Lando Norris,NOR,McLaren,2.444566755646346,1
2024,18,Singapore Grand Prix,2024-09-22,Marina Bay Street Circuit,Max Verstappen,VER,Red Bull,2.757451901090773,2
2024,18,Singapore Grand Prix,2024-09-22,Marina Bay Street Circuit,Lewis Hamilton,HAM,Mercedes,4.639338920942878,3
2024,18,Singapore Grand Prix,2024-09-22,Marina Bay Street Circuit,Oscar Piastri,PIA,McLaren,5.025465698391603,4
2024,18,Singapore Grand Prix,2024-09-22,Marina Bay Street Circuit,George Russell,RUS,Mercedes,6.0637572883756405,5
2024,18,Singapore Grand Prix,2024-09-22,Marina Bay Street Circuit,Charles Leclerc,LEC,Ferrari,6.808711853232783,6
2024,18,Singapore Grand Prix,2024-09-22,Marina Bay Street Circuit,Carlos Sainz,SAI,Ferrari,8.296316491148604,7
2024,18,Singapore Grand Prix,2024-09-22,Marina Bay Street Circuit,Fernando Alonso,ALO,Aston Martin,9.39272113155415,8
2024,18,Singapore Grand Prix,2024-09-22,Marina Bay Street Circuit,Nico Hülkenberg,HUL,Haas F1 Team,10.060886385648764,9
2024,18,Singapore Grand Prix,2024-09-22,Marina Bay Street Circuit,Sergio Pérez,PER,Red Bull,10.736454685109559,10
2024,18,Singapore Grand Prix,2024-09-22,Marina Bay Street Circuit,Yuki Tsunoda,TSU,RB F1 Team,11.276191174899104,11
2024,18,Singapore Grand Prix,2024-09-22,Marina Bay Street Circuit,Alexander Albon,ALB,Williams,11.487756643823857,12
2024,18,Singapore Grand Prix,2024-09-22,Marina Bay Street Circuit,Franco Colapinto,COL,Williams,11.89077310150018,13
2024,18,Singapore Grand Prix,2024-09-22,Marina Bay Street Circuit,Daniel Ricciardo,RIC,RB F1 Team,13.33671661315594,14
2024,18,Singapore Grand Prix,2024-09-22,Marina Bay Street Circuit,Esteban Ocon,OCO,Alpine F1 Team,13.87724826309804,15
2024,18,Singapore Grand Prix,2024-09-22,Marina Bay Street Circuit,Kevin Magnussen,MAG,Haas F1 Team,14.344878318827957,16
2024,18,Singapore Grand Prix,2024-09-22,Marina Bay Street Circuit,Lance Stroll,STR,Aston Martin,14.454665633718383,17
2024,18,Singapore Grand Prix,2024-09-22,Marina Bay Street Circuit,Pierre Gasly,GAS,Alpine F1 Team,14.712357922234961,18
2024,18,Singapore Grand Prix,2024-09-22,Marina Bay Street Circuit,Guanyu Zhou,ZHO,Sauber,16.533415795988883,19
2024,18,Singapore Grand Prix,2024-09-22,Marina Bay Street Circuit,Valtteri Bottas,BOT,Sauber,17.01349796167188,20
2024,19,United States Grand Prix,2024-10-20,Circuit of the Americas,Lando Norris,NOR,McLaren,2.891805483054077,1
2024,19,United States Grand Prix,2024-10-20,Circuit of the Americas,Max Verstappen,VER,Red Bull,2.9132959098552074,2
2024,19,United States Grand Prix,2024-10-20,Circuit of the Americas,Charles Leclerc,LEC,Ferrari,4.0685383398110755,3
2024,19,United States Grand Prix,2024-10-20,Circuit of the Americas,Carlos Sainz,SAI,Ferrari,4.605210436241028,4
2024,19,United States Grand Prix,2024-10-20,Circuit of the Americas,Oscar Piastri,PIA,McLaren,5.417730817575331,5
2024,19,United States Grand Prix,2024-10-20,Circuit of the Americas,George Russell,RUS,Mercedes,7.333947599964523,6
2024,19,United States Grand Prix,2024-10-20,Circuit of the Americas,Lewis Hamilton,HAM,Mercedes,9.204347394505815,7
2024,19,United States Grand Prix,2024-10-20,Circuit of the Americas,Sergio Pérez,PER,Red Bull,9.794903653168856,8
2024,19,United States Grand Prix,2024-10-20,Circuit of the Americas,Pierre Gasly,GAS,Alpine F1 Team,10.020851008806291,9
2024,19,United States Grand Prix,2024-10-20,Circuit of the Americas,Fernando Alonso,ALO,Aston Martin,10.464272727350341,10
2024,19,United States Grand Prix,2024-10-20,Circuit of the Americas,Kevin Magnussen,MAG,Haas F1 Team,11.297342211315476,11
2024,19,United States Grand Prix,2024-10-20,Circuit of the Americas,Nico Hülkenberg,HUL,Haas F1 Team,11.775317924756015,12
2024,19,United States Grand Prix,2024-10-20,Circuit of the Americas,Yuki Tsunoda,TSU,RB F1 Team,12.291560982437627,13
2024,19,United States Grand Prix,2024-10-20,Circuit of the Americas,Lance Stroll,STR,Aston Martin,13.731087265301673,14
2024,19,United States Grand Prix,2024-10-20,Circuit of the Americas,Alexander Albon,ALB,Williams,13.73917050142209,15
2024,19,United States Grand Prix,2024-10-20,Circuit of the Americas,Esteban Ocon,OCO,Alpine F1 Team,13.87127899419315,16
2024,19,United States Grand Prix,2024-10-20,Circuit of the Americas,Franco Colapinto,COL,Williams,14.0526763586013,17
2024,19,United States Grand Prix,2024-10-20,Circuit of the Americas,Liam Lawson,LAW,RB F1 Team,14.654682455004684,18
2024,19,United States Grand Prix,2024-10-20,Circuit of the Americas,Valtteri Bottas,BOT,Sauber,16.32597014838026,19
2024,19,United States Grand Prix,2024-10-20,Circuit of the Americas,Guanyu Zhou,ZHO,Sauber,17.183684740792362,20
2024,20,Mexico City Grand Prix,2024-10-27,Autódromo Hermanos Rodríguez,Max Verstappen,VER,Red Bull,3.2621983338845553,1
2024,20,Mexico City Grand Prix,2024-10-27,Autódromo Hermanos Rodríguez,Carlos Sainz,SAI,Ferrari,3.3081995461599902,2
2024,20,Mexico City Grand Prix,2024-10-27,Autódromo Hermanos Rodríguez,Lando Norris,NOR,McLaren,3.685619051061259,3
2024,20,Mexico City Grand Prix,2024-10-27,Autódromo Hermanos Rodríguez,Charles Leclerc,LEC,Ferrari,4.097851255437287,4
2024,20,Mexico City Grand Prix,2024-10-27,Autódromo Hermanos Rodríguez,Lewis Hamilton,HAM,Mercedes,5.943421602874735,5
2024,20,Mexico City Grand Prix,2024-10-27,Autódromo Hermanos Rodríguez,George Russell,RUS,Mercedes,6.515565151484596,6
2024,20,Mexico City Grand Prix,2024-10-27,Autódromo Hermanos Rodríguez,Oscar Piastri,PIA,McLaren,8.13480691136892,7
2024,20,Mexico City Grand Prix,2024-10-27,Autódromo Hermanos Rodríguez,Kevin Magnussen,MAG,Haas F1 Team,10.004169748800747,8
2024,20,Mexico City Grand Prix,2024-10-27,Autódromo Hermanos Rodríguez,Pierre Gasly,GAS,Alpine F1 Team,11.174453518395413,9
2024,20,Mexico City Grand Prix,2024-10-27,Autódromo Hermanos Rodríguez,Sergio Pérez,PER,Red Bull,11.300675738795249,10
2024,20,Mexico City Grand Prix,2024-10-27,Autódromo Hermanos Rodríguez,Alexander Albon,ALB,Williams,11.341273314853971,11
2024,20,Mexico City Grand Prix,2024-10-27,Autódromo Hermanos Rodríguez,Nico Hülkenberg,HUL,Haas F1 Team,11.406275707908557,12
2024,20,Mexico City Grand Prix,2024-10-27,Autódromo Hermanos Rodríguez,Liam Lawson,LAW,RB F1 Team,12.484789875465516,13
2024,20,Mexico City Grand Prix,2024-10-27,Autódromo Hermanos Rodríguez,Fernando Alonso,ALO,Aston Martin,12.868731116378356,14
2024,20,Mexico City Grand Prix,2024-10-27,Autódromo Hermanos Rodríguez,Yuki Tsunoda,TSU,RB F1 Team,13.155695671955032,15
2024,20,Mexico City Grand Prix,2024-10-27,Autódromo Hermanos Rodríguez,Esteban Ocon,OCO,Alpine F1 Team,13.516191697426434,16
2024,20,Mexico City Grand Prix,2024-10-27,Autódromo Hermanos Rodríguez,Franco Colapinto,COL,Williams,13.666851161866978,17
2024,20,Mexico City Grand Prix,2024-10-27,Autódromo Hermanos Rodríguez,Lance Stroll,STR,Aston Martin,14.071536828451292,18
2024,20,Mexico City Grand Prix,2024-10-27,Autódromo Hermanos Rodríguez,Valtteri Bottas,BOT,Sauber,14.292308237891671,19
2024,20,Mexico City Grand Prix,2024-10-27,Autódromo Hermanos Rodríguez,Guanyu Zhou,ZHO,Sauber,16.141222397232575,20
2024,21,São Paulo Grand Prix,2024-11-03,Autódromo José Carlos Pace,Lando Norris,NOR,McLaren,2.899155550161647,1
2024,21,São Paulo Grand Prix,2024-11-03,Autódromo José Carlos Pace,George Russell,RUS,Mercedes,3.981593334648026,2
2024,21,São Paulo Grand Prix,2024-11-03,Autódromo José Carlos Pace,Charles Leclerc,LEC,Ferrari,5.334506850127998,3
2024,21,São Paulo Grand Prix,2024-11-03,Autódromo José Carlos Pace,Oscar Piastri,PIA,McLaren,7.014121616275493,4
2024,21,São Paulo Grand Prix,2024-11-03,Autódromo José Carlos Pace,Esteban Ocon,OCO,Alpine F1 Team,7.905091172048923,5
2024,21,São Paulo Grand Prix,2024-11-03,Autódromo José Carlos Pace,Yuki Tsunoda,TSU,RB F1 Team,8.746383246773474,6
2024,21,São Paulo Grand Prix,2024-11-03,Autódromo José Carlos Pace,Max Verstappen,VER,Red Bull,8.81945819008166,7
2024,21,São Paulo Grand Prix,2024-11-03,Autódromo José Carlos Pace,Alexander Albon,ALB,Williams,9.114414699643529,8
2024,21,São Paulo Grand Prix,2024-11-03,Autódromo José Carlos Pace,Liam Lawson,LAW,RB F1 Team,9.245476884483672,9
2024,21,São Paulo Grand Prix,2024-11-03,Autódromo José Carlos Pace,Carlos Sainz,SAI,Ferrari,9.292880999182533,10
2024,21,São Paulo Grand Prix,2024-11-03,Autódromo José Carlos Pace,Lewis Hamilton,HAM,Mercedes,10.885301157580567,11
2024,21,São Paulo Grand Prix,2024-11-03,Autódromo José Carlos Pace,Fernando Alonso,ALO,Aston Martin,11.151682273005399,12
2024,21,São Paulo Grand Prix,2024-11-03,Autódromo José Carlos Pace,Sergio Pérez,PER,Red Bull,11.81460608584417,13
2024,21,São Paulo Grand Prix,2024-11-03,Autódromo José Carlos Pace,Pierre Gasly,GAS,Alpine F1 Team,12.270864277546067,14
2024,21,São Paulo Grand Prix,2024-11-03,Autódromo José Carlos Pace,Oliver Bearman,BEA,Haas F1 Team,12.565842509124117,15
2024,21,São Paulo Grand Prix,2024-11-03,Autódromo José Carlos Pace,Lance Stroll,STR,Aston Martin,12.880568442805393,16
2024,21,São Paulo Grand Prix,2024-11-03,Autódromo José Carlos Pace,Nico Hülkenberg,HUL,Haas F1 Team,13.226476811622758,17
2024,21,São Paulo Grand Prix,2024-11-03,Autódromo José Carlos Pace,Valtteri Bottas,BOT,Sauber,14.101935404717262,18
2024,21,São Paulo Grand Prix,2024-11-03,Autódromo José Carlos Pace,Franco Colapinto,COL,Williams,14.151448294189546,19
2024,21,São Paulo Grand Prix,2024-11-03,Autódromo José Carlos Pace,Guanyu Zhou,ZHO,Sauber,16.510573926306396,20
2024,22,Las Vegas Grand Prix,2024-11-23,Las Vegas Strip Street Circuit,George Russell,RUS,Mercedes,3.1145369963813065,1
2024,22,Las Vegas Grand Prix,2024-11-23,Las Vegas Strip Street Circuit,Carlos Sainz,SAI,Ferrari,3.6454975174579807,2
2024,22,Las Vegas Grand Prix,2024-11-23,Las Vegas Strip Street Circuit,Charles Leclerc,LEC,Ferrari,4.26789025581258,3
2024,22,Las Vegas Grand Prix,2024-11-23,Las Vegas Strip Street Circuit,Lando Norris,NOR,McLaren,5.181994617801086,4
2024,22,Las Vegas Grand Prix,2024-11-23,Las Vegas Strip Street Circuit,Max Verstappen,VER,Red Bull,5.925118378496111,5
2024,22,Las Vegas Grand Prix,2024-11-23,Las Vegas Strip Street Circuit,Lewis Hamilton,HAM,Mercedes,7.145761608347385,6
2024,22,Las Vegas Grand Prix,2024-11-23,Las Vegas Strip Street Circuit,Oscar Piastri,PIA,McLaren,7.2769172116029655,7
2024,22,Las Vegas Grand Prix,2024-11-23,Las Vegas Strip Street Circuit,Pierre Gasly,GAS,Alpine F1 Team,7.772484939853552,8
2024,22,Las Vegas Grand Prix,2024-11-23,Las Vegas Strip Street Circuit,Yuki Tsunoda,TSU,RB F1 Team,10.381074638523595,9
2024,22,Las Vegas Grand Prix,2024-11-23,Las Vegas Strip Street Circuit,Nico Hülkenberg,HUL,Haas F1 Team,11.24017288599077,10
2024,22,Las Vegas Grand Prix,2024-11-23,Las Vegas Strip Street Circuit,Kevin Magnussen,MAG,Haas F1 Team,11.697333200624856,11
2024,22,Las Vegas Grand Prix,2024-11-23,Las Vegas Strip Street Circuit,Esteban Ocon,OCO,Alpine F1 Team,11.834872497615024,12
2024,22,Las Vegas Grand Prix,2024-11-23,Las Vegas Strip Street Circuit,Sergio Pérez,PER,Red Bull,11.852570660077411,13
2024,22,Las Vegas Grand Prix,2024-11-23,Las Vegas Strip Street Circuit,Fernando Alonso,ALO,Aston Martin,13.68190859288925,14
2024,22,Las Vegas Grand Prix,2024-11-23,Las Vegas Strip Street Circuit,Franco Colapinto,COL,Williams,14.23195745991543,15
2024,22,Las Vegas Grand Prix,2024-11-23,Las Vegas Strip Street Circuit,Liam Lawson,LAW,RB F1 Team,14.410300732862604,16
2024,22,Las Vegas Grand Prix,2024-11-23,Las Vegas Strip Street Circuit,Guanyu Zhou,ZHO,Sauber,14.55666724221873,17
2024,22,Las Vegas Grand Prix,2024-11-23,Las Vegas Strip Street Circuit,Lance Stroll,STR,Aston Martin,14.913568140528149,18
2024,22,Las Vegas Grand Prix,2024-11-23,Las Vegas Strip Street Circuit,Alexander Albon,ALB,Williams,15.266589356435533,19
2024,22,Las Vegas Grand Prix,2024-11-23,Las Vegas Strip Street Circuit,Valtteri Bottas,BOT,Sauber,15.656317237667778,20
2024,23,Qatar Grand Prix,2024-12-01,Losail International Circuit,Max Verstappen,VER,Red Bull,2.4892594456930035,1
2024,23,Qatar Grand Prix,2024-12-01,Losail International Circuit,Lando Norris,NOR,McLaren,3.89840507018386,2
2024,23,Qatar Grand Prix,2024-12-01,Losail International Circuit,George Russell,RUS,Mercedes,3.9743434309584336,3
2024,23,Qatar Grand Prix,2024-12-01,Losail International Circuit,Oscar Piastri,PIA,McLaren,4.780395735420834,4
2024,23,Qatar Grand Prix,2024-12-01,Losail International Circuit,Charles Leclerc,LEC,Ferrari,5.247097383336194,5
2024,23,Qatar Grand Prix,2024-12-01,Losail International Circuit,Carlos Sainz,SAI,Ferrari,6.7875226904829615,6
2024,23,Qatar Grand Prix,2024-12-01,Losail International Circuit,Lewis Hamilton,HAM,Mercedes,6.8516047380211775,7
2024,23,Qatar Grand Prix,2024-12-01,Losail International Circuit,Sergio Pérez,PER,Red Bull,10.565264273619333,8
2024,23,Qatar Grand Prix,2024-12-01,Losail International Circuit,Fernando Alonso,ALO,Aston Martin,10.853357835410126,9
2024,23,Qatar Grand Prix,2024-12-01,Losail International Circuit,Kevin Magnussen,MAG,Haas F1 Team,12.084647183345517,10
2024,23,Qatar Grand Prix,2024-12-01,Losail International Circuit,Pierre Gasly,GAS,Alpine F1 Team,12.113034173267971,11
2024,23,Qatar Grand Prix,2024-12-01,Losail International Circuit,Yuki Tsunoda,TSU,RB F1 Team,12.991357527849031,12
2024,23,Qatar Grand Prix,2024-12-01,Losail International Circuit,Liam Lawson,LAW,RB F1 Team,13.149106659290263,13
2024,23,Qatar Grand Prix,2024-12-01,Losail International Circuit,Lance Stroll,STR,Aston Martin,13.199664579906345,14
2024,23,Qatar Grand Prix,2024-12-01,Losail International Circuit,Valtteri Bottas,BOT,Sauber,13.279242710979291,15
2024,23,Qatar Grand Prix,2024-12-01,Losail International Circuit,Guanyu Zhou,ZHO,Sauber,13.837087180826991,16
2024,23,Qatar Grand Prix,2024-12-01,Losail International Circuit,Nico Hülkenberg,HUL,Haas F1 Team,13.977526586202172,17
2024,23,Qatar Grand Prix,2024-12-01,Losail International Circuit,Esteban Ocon,OCO,Alpine F1 Team,14.481874466629696,18
2024,23,Qatar Grand Prix,2024-12-01,Losail International Circuit,Alexander Albon,ALB,Williams,14.622637916505003,19
2024,23,Qatar Grand Prix,2024-12-01,Losail International Circuit,Franco Colapinto,COL,Williams,15.935001471061616,20
2024,24,Abu Dhabi Grand Prix,2024-12-08,Yas Marina Circuit,Lando Norris,NOR,McLaren,3.1553571407588414,1
2024,24,Abu Dhabi Grand Prix,2024-12-08,Yas Marina Circuit,Oscar Piastri,PIA,McLaren,4.130259030656002,2
2024,24,Abu Dhabi Grand Prix,2024-12-08,Yas Marina Circuit,Carlos Sainz,SAI,Ferrari,4.313632264963345,3
2024,24,Abu Dhabi Grand Prix,2024-12-08,Yas Marina Circuit,Max Verstappen,VER,Red Bull,4.663819135380283,4
2024,24,Abu Dhabi Grand Prix,2024-12-08,Yas Marina Circuit,George Russell,RUS,Mercedes,6.361791922250279,5
2024,24,Abu Dhabi Grand Prix,2024-12-08,Yas Marina Circuit,Pierre Gasly,GAS,Alpine F1 Team,7.637107506570965,6
2024,24,Abu Dhabi Grand Prix,2024-12-08,Yas Marina Circuit,Nico Hülkenberg,HUL,Haas F1 Team,8.120233001619312,7
2024,24,Abu Dhabi Grand Prix,2024-12-08,Yas Marina Circuit,Lewis Hamilton,HAM,Mercedes,8.125853737348477,8
2024,24,Abu Dhabi Grand Prix,2024-12-08,Yas Marina Circuit,Charles Leclerc,LEC,Ferrari,8.54962395365274,9
2024,24,Abu Dhabi Grand Prix,2024-12-08,Yas Marina Circuit,Sergio Pérez,PER,Red Bull,10.074576165166016,10
2024,24,Abu Dhabi Grand Prix,2024-12-08,Yas Marina Circuit,Fernando Alonso,ALO,Aston Martin,11.030563040709858,11
2024,24,Abu Dhabi Grand Prix,2024-12-08,Yas Marina Circuit,Yuki Tsunoda,TSU,RB F1 Team,11.96383395905488,12
2024,24,Abu Dhabi Grand Prix,2024-12-08,Yas Marina Circuit,Valtteri Bottas,BOT,Sauber,12.146072513636975,13
2024,24,Abu Dhabi Grand Prix,2024-12-08,Yas Marina Circuit,Liam Lawson,LAW,RB F1 Team,12.637922782982983,14
2024,24,Abu Dhabi Grand Prix,2024-12-08,Yas Marina Circuit,Kevin Magnussen,MAG,Haas F1 Team,12.727943246659837,15
2024,24,Abu Dhabi Grand Prix,2024-12-08,Yas Marina Circuit,Jack Doohan,DOO,Alpine F1 Team,14.217763139355357,16
2024,24,Abu Dhabi Grand Prix,2024-12-08,Yas Marina Circuit,Lance Stroll,STR,Aston Martin,14.225842063059416,17
2024,24,Abu Dhabi Grand Prix,2024-12-08,Yas Marina Circuit,Guanyu Zhou,ZHO,Sauber,14.293274105848493,18
2024,24,Abu Dhabi Grand Prix,2024-12-08,Yas Marina Circuit,Alexander Albon,ALB,Williams,14.521348042217218,19
2024,24,Abu Dhabi Grand Prix,2024-12-08,Yas Marina Circuit,Franco Colapinto,COL,Williams,15.998077323973414,20
2025,1,Australian Grand Prix,2025-03-16,Albert Park Grand Prix Circuit,Lando Norris,NOR,McLaren,3.376810762387401,1
2025,1,Australian Grand Prix,2025-03-16,Albert Park Grand Prix Circuit,Max Verstappen,VER,Red Bull,3.7516290316844803,2
2025,1,Australian Grand Prix,2025-03-16,Albert Park Grand Prix Circuit,George Russell,RUS,Mercedes,3.8285365929412265,3
2025,1,Australian Grand Prix,2025-03-16,Albert Park Grand Prix Circuit,Oscar Piastri,PIA,McLaren,4.01237684688321,4
2025,1,Australian Grand Prix,2025-03-16,Albert Park Grand Prix Circuit,Charles Leclerc,LEC,Ferrari,5.8363319836707435,5
2025,1,Australian Grand Prix,2025-03-16,Albert Park Grand Prix Circuit,Lewis Hamilton,HAM,Ferrari,7.2963160197057,6
2025,1,Australian Grand Prix,2025-03-16,Albert Park Grand Prix Circuit,Alexander Albon,ALB,Williams,9.307684854888112,7
2025,1,Australian Grand Prix,2025-03-16,Albert Park Grand Prix Circuit,Yuki Tsunoda,TSU,RB F1 Team,9.410647385047291,8
2025,1,Australian Grand Prix,2025-03-16,Albert Park Grand Prix Circuit,Pierre Gasly,GAS,Alpine F1 Team,10.182145589191244,9
2025,1,Australian Grand Prix,2025-03-16,Albert Park Grand Prix Circuit,Carlos Sainz,SAI,Williams,10.353527257316859,10
2025,1,Australian Grand Prix,2025-03-16,Albert Park Grand Prix Circuit,Andrea Kimi Antonelli,ANT,Mercedes,11.060278101190395,11
2025,1,Australian Grand Prix,2025-03-16,Albert Park Grand Prix Circuit,Isack Hadjar,HAD,RB F1 Team,11.975877100135587,12
2025,1,Australian Grand Prix,2025-03-16,Albert Park Grand Prix Circuit,Fernando Alonso,ALO,Aston Martin,12.277896352555063,13
2025,1,Australian Grand Prix,2025-03-16,Albert Park Grand Prix Circuit,Jack Doohan,DOO,Alpine F1 Team,13.111692726569553,14
2025,1,Australian Grand Prix,2025-03-16,Albert Park Grand Prix Circuit,Lance Stroll,STR,Aston Martin,13.169039402446161,15
2025,1,Australian Grand Prix,2025-03-16,Albert Park Grand Prix Circuit,Liam Lawson,LAW,Red Bull,13.344517108571269,16
2025,1,Australian Grand Prix,2025-03-16,Albert Park Grand Prix Circuit,Gabriel Bortoleto,BOR,Sauber,13.752755732735638,17
2025,1,Australian Grand Prix,2025-03-16,Albert Park Grand Prix Circuit,Nico Hülkenberg,HUL,Sauber,14.121065768963295,18
2025,1,Australian Grand Prix,2025-03-16,Albert Park Grand Prix Circuit,Oliver Bearman,BEA,Haas F1 Team,14.46438649815697,19
2025,1,Australian Grand Prix,2025-03-16,Albert Park Grand Prix Circuit,Esteban Ocon,OCO,Haas F1 Team,14.893135887228716,20
2025,2,Chinese Grand Prix,2025-03-23,Shanghai International Circuit,George Russell,RUS,Mercedes,3.5586870164083697,1
2025,2,Chinese Grand Prix,2025-03-23,Shanghai International Circuit,Lando Norris,NOR,McLaren,3.9792291870695546,2
2025,2,Chinese Grand Prix,2025-03-23,Shanghai International Circuit,Max Verstappen,VER,Red Bull,4.3009323816960485,3
2025,2,Chinese Grand Prix,2025-03-23,Shanghai International Circuit,Oscar Piastri,PIA,McLaren,4.3202790188847136,4
2025,2,Chinese Grand Prix,2025-03-23,Shanghai International Circuit,Lewis Hamilton,HAM,Ferrari,5.887212738452865,5
2025,2,Chinese Grand Prix,2025-03-23,Shanghai International Circuit,Charles Leclerc,LEC,Ferrari,6.201512967891979,6
2025,2,Chinese Grand Prix,2025-03-23,Shanghai International Circuit,Andrea Kimi Antonelli,ANT,Mercedes,8.256606202160556,7
2025,2,Chinese Grand Prix,2025-03-23,Shanghai International Circuit,Isack Hadjar,HAD,RB F1 Team,9.99097802683326,8
2025,2,Chinese Grand Prix,2025-03-23,Shanghai International Circuit,Yuki Tsunoda,TSU,RB F1 Team,11.313471075886827,9
2025,2,Chinese Grand Prix,2025-03-23,Shanghai International Circuit,Alexander Albon,ALB,Williams,11.435677583566099,10
2025,2,Chinese Grand Prix,2025-03-23,Shanghai International Circuit,Pierre Gasly,GAS,Alpine F1 Team,11.843781691134451,11
2025,2,Chinese Grand Prix,2025-03-23,Shanghai International Circuit,Nico Hülkenberg,HUL,Sauber,11.925018576571127,12
2025,2,Chinese Grand Prix,2025-03-23,Shanghai International Circuit,Esteban Ocon,OCO,Haas F1 Team,11.97461879272554,13
2025,2,Chinese Grand Prix,2025-03-23,Shanghai International Circuit,Fernando Alonso,ALO,Aston Martin,12.386154597184579,14
2025,2,Chinese Grand Prix,2025-03-23,Shanghai International Circuit,Oliver Bearman,BEA,Haas F1 Team,13.292284284420658,15
2025,2,Chinese Grand Prix,2025-03-23,Shanghai International Circuit,Lance Stroll,STR,Aston Martin,13.325615225852735,16
2025,2,Chinese Grand Prix,2025-03-23,Shanghai International Circuit,Carlos Sainz,SAI,Williams,13.595511442146613,17
2025,2,Chinese Grand Prix,2025-03-23,Shanghai International Circuit,Jack Doohan,DOO,Alpine F1 Team,13.97266428690633,18
2025,2,Chinese Grand Prix,2025-03-23,Shanghai International Circuit,Liam Lawson,LAW,Red Bull,14.247454104767982,19
2025,2,Chinese Grand Prix,2025-03-23,Shanghai International Circuit,Gabriel Bortoleto,BOR,Sauber,15.119220732260793,20
2025,3,Japanese Grand Prix,2025-04-06,Suzuka Circuit,Max Verstappen,VER,Red Bull,2.0085205171753753,1
2025,3,Japanese Grand Prix,2025-04-06,Suzuka Circuit,Lando Norris,NOR,McLaren,2.772795244673183,2
2025,3,Japanese Grand Prix,2025-04-06,Suzuka Circuit,Oscar Piastri,PIA,McLaren,4.235661512317603,3
2025,3,Japanese Grand Prix,2025-04-06,Suzuka Circuit,Charles Leclerc,LEC,Ferrari,4.5783087228440635,4
2025,3,Japanese Grand Prix,2025-04-06,Suzuka Circuit,George Russell,RUS,Mercedes,5.038838249129003,5
2025,3,Japanese Grand Prix,2025-04-06,Suzuka Circuit,Lewis Hamilton,HAM,Ferrari,6.8628629284087985,6
2025,3,Japanese Grand Prix,2025-04-06,Suzuka Circuit,Andrea Kimi Antonelli,ANT,Mercedes,7.103453898823636,7
2025,3,Japanese Grand Prix,2025-04-06,Suzuka Circuit,Isack Hadjar,HAD,RB F1 Team,9.840837121972513,8
2025,3,Japanese Grand Prix,2025-04-06,Suzuka Circuit,Alexander Albon,ALB,Williams,11.111384685409911,9
2025,3,Japanese Grand Prix,2025-04-06,Suzuka Circuit,Oliver Bearman,BEA,Haas F1 Team,11.578198845485238,10
2025,3,Japanese Grand Prix,2025-04-06,Suzuka Circuit,Carlos Sainz,SAI,Williams,11.702158347298843,11
2025,3,Japanese Grand Prix,2025-04-06,Suzuka Circuit,Yuki Tsunoda,TSU,Red Bull,11.804470860009245,12
2025,3,Japanese Grand Prix,2025-04-06,Suzuka Circuit,Pierre Gasly,GAS,Alpine F1 Team,12.140460099240421,13
2025,3,Japanese Grand Prix,2025-04-06,Suzuka Circuit,Fernando Alonso,ALO,Aston Martin,12.64611552971174,14
2025,3,Japanese Grand Prix,2025-04-06,Suzuka Circuit,Liam Lawson,LAW,RB F1 Team,13.367439847040046,15
2025,3,Japanese Grand Prix,2025-04-06,Suzuka Circuit,Esteban Ocon,OCO,Haas F1 Team,13.911078992584368,16
2025,3,Japanese Grand Prix,2025-04-06,Suzuka Circuit,Nico Hülkenberg,HUL,Sauber,14.279096404038276,17
2025,3,Japanese Grand Prix,2025-04-06,Suzuka Circuit,Gabriel Bortoleto,BOR,Sauber,14.748217360194433,18
2025,3,Japanese Grand Prix,2025-04-06,Suzuka Circuit,Lance Stroll,STR,Aston Martin,15.225563587429734,19
2025,3,Japanese Grand Prix,2025-04-06,Suzuka Circuit,Jack Doohan,DOO,Alpine F1 Team,16.75301071981002,20
2025,4,Bahrain Grand Prix,2025-04-13,Bahrain International Circuit,Oscar Piastri,PIA,McLaren,3.599132470349938,1
2025,4,Bahrain Grand Prix,2025-04-13,Bahrain International Circuit,Charles Leclerc,LEC,Ferrari,3.9972258272661816,2
2025,4,Bahrain Grand Prix,2025-04-13,Bahrain International Circuit,George Russell,RUS,Mercedes,4.184797106582553,3
2025,4,Bahrain Grand Prix,2025-04-13,Bahrain International Circuit,Lando Norris,NOR,McLaren,4.798598699341665,4
2025,4,Bahrain Grand Prix,2025-04-13,Bahrain International Circuit,Max Verstappen,VER,Red Bull,5.627852438027642,5
2025,4,Bahrain Grand Prix,2025-04-13,Bahrain International Circuit,Andrea Kimi Antonelli,ANT,Mercedes,6.020138915207815,6
2025,4,Bahrain Grand Prix,2025-04-13,Bahrain International Circuit,Lewis Hamilton,HAM,Ferrari,7.910510246898342,7
2025,4,Bahrain Grand Prix,2025-04-13,Bahrain International Circuit,Pierre Gasly,GAS,Alpine F1 Team,8.043859798684961,8
2025,4,Bahrain Grand Prix,2025-04-13,Bahrain International Circuit,Carlos Sainz,SAI,Williams,10.234192050723037,9
2025,4,Bahrain Grand Prix,2025-04-13,Bahrain International Circuit,Yuki Tsunoda,TSU,Red Bull,11.487962370582107,10
2025,4,Bahrain Grand Prix,2025-04-13,Bahrain International Circuit,Isack Hadjar,HAD,RB F1 Team,11.762213506781288,11
2025,4,Bahrain Grand Prix,2025-04-13,Bahrain International Circuit,Esteban Ocon,OCO,Haas F1 Team,12.52169577565705,12
2025,4,Bahrain Grand Prix,2025-04-13,Bahrain International Circuit,Alexander Albon,ALB,Williams,12.611865176820581,13
2025,4,Bahrain Grand Prix,2025-04-13,Bahrain International Circuit,Jack Doohan,DOO,Alpine F1 Team,12.897338568057727,14
2025,4,Bahrain Grand Prix,2025-04-13,Bahrain International Circuit,Fernando Alonso,ALO,Aston Martin,13.097791295469857,15
2025,4,Bahrain Grand Prix,2025-04-13,Bahrain International Circuit,Oliver Bearman,BEA,Haas F1 Team,13.99081722860949,16
2025,4,Bahrain Grand Prix,2025-04-13,Bahrain International Circuit,Liam Lawson,LAW,RB F1 Team,14.176380349344717,17
2025,4,Bahrain Grand Prix,2025-04-13,Bahrain International Circuit,Nico Hülkenberg,HUL,Sauber,14.54710170867035,18
2025,4,Bahrain Grand Prix,2025-04-13,Bahrain International Circuit,Gabriel Bortoleto,BOR,Sauber,14.862583191477908,19
2025,4,Bahrain Grand Prix,2025-04-13,Bahrain International Circuit,Lance Stroll,STR,Aston Martin,15.051831780604399,20
2025,5,Saudi Arabian Grand Prix,2025-04-20,Jeddah Corniche Circuit,Max Verstappen,VER,Red Bull,2.3321673418156257,1
2025,5,Saudi Arabian Grand Prix,2025-04-20,Jeddah Corniche Circuit,Oscar Piastri,PIA,McLaren,2.923668629786483,2
2025,5,Saudi Arabian Grand Prix,2025-04-20,Jeddah Corniche Circuit,George Russell,RUS,Mercedes,3.720973563858718,3
2025,5,Saudi Arabian Grand Prix,2025-04-20,Jeddah Corniche Circuit,Charles Leclerc,LEC,Ferrari,4.3611899524112685,4
2025,5,Saudi Arabian Grand Prix,2025-04-20,Jeddah Corniche Circuit,Lando Norris,NOR,McLaren,7.314881906517398,5
2025,5,Saudi Arabian Grand Prix,2025-04-20,Jeddah Corniche Circuit,Andrea Kimi Antonelli,ANT,Mercedes,7.415866671996196,6
2025,5,Saudi Arabian Grand Prix,2025-04-20,Jeddah Corniche Circuit,Lewis Hamilton,HAM,Ferrari,7.525023485641593,7
2025,5,Saudi Arabian Grand Prix,2025-04-20,Jeddah Corniche Circuit,Carlos Sainz,SAI,Williams,7.89917297439029,8
2025,5,Saudi Arabian Grand Prix,2025-04-20,Jeddah Corniche Circuit,Yuki Tsunoda,TSU,Red Bull,10.001546276213285,9
2025,5,Saudi Arabian Grand Prix,2025-04-20,Jeddah Corniche Circuit,Pierre Gasly,GAS,Alpine F1 Team,10.466176773739123,10
2025,5,Saudi Arabian Grand Prix,2025-04-20,Jeddah Corniche Circuit,Alexander Albon,ALB,Williams,10.79419006272539,11
2025,5,Saudi Arabian Grand Prix,2025-04-20,Jeddah Corniche Circuit,Liam Lawson,LAW,RB F1 Team,12.787530778616043,12
2025,5,Saudi Arabian Grand Prix,2025-04-20,Jeddah Corniche Circuit,Fernando Alonso,ALO,Aston Martin,13.51853894053219,13
2025,5,Saudi Arabian Grand Prix,2025-04-20,Jeddah Corniche Circuit,Isack Hadjar,HAD,RB F1 Team,13.570093328765262,14
2025,5,Saudi Arabian Grand Prix,2025-04-20,Jeddah Corniche Circuit,Oliver Bearman,BEA,Haas F1 Team,13.74942017216067,15
2025,5,Saudi Arabian Grand Prix,2025-04-20,Jeddah Corniche Circuit,Lance Stroll,STR,Aston Martin,14.576060504649664,16
2025,5,Saudi Arabian Grand Prix,2025-04-20,Jeddah Corniche Circuit,Esteban Ocon,OCO,Haas F1 Team,14.774683624168667,17
2025,5,Saudi Arabian Grand Prix,2025-04-20,Jeddah Corniche Circuit,Nico Hülkenberg,HUL,Sauber,14.869817138726848,18
2025,5,Saudi Arabian Grand Prix,2025-04-20,Jeddah Corniche Circuit,Jack Doohan,DOO,Alpine F1 Team,15.294448087331633,19
2025,5,Saudi Arabian Grand Prix,2025-04-20,Jeddah Corniche Circuit,Gabriel Bortoleto,BOR,Sauber,16.171994544094566,20
2025,6,Miami Grand Prix,2025-05-04,Miami International Autodrome,Max Verstappen,VER,Red Bull,1.7307191666880537,1
2025,6,Miami Grand Prix,2025-05-04,Miami International Autodrome,Oscar Piastri,PIA,McLaren,3.677434576233662,2
2025,6,Miami Grand Prix,2025-05-04,Miami International Autodrome,Lando Norris,NOR,McLaren,3.849003347733668,3
2025,6,Miami Grand Prix,2025-05-04,Miami International Autodrome,Andrea Kimi Antonelli,ANT,Mercedes,5.061561796658613,4
2025,6,Miami Grand Prix,2025-05-04,Miami International Autodrome,George Russell,RUS,Mercedes,5.07984251093134,5
2025,6,Miami Grand Prix,2025-05-04,Miami International Autodrome,Charles Leclerc,LEC,Ferrari,7.055071525606355,6
2025,6,Miami Grand Prix,2025-05-04,Miami International Autodrome,Alexander Albon,ALB,Williams,8.250625894347124,7
2025,6,Miami Grand Prix,2025-05-04,Miami International Autodrome,Carlos Sainz,SAI,Williams,8.326223592458103,8
2025,6,Miami Grand Prix,2025-05-04,Miami International Autodrome,Lewis Hamilton,HAM,Ferrari,9.661705456557176,9
2025,6,Miami Grand Prix,2025-05-04,Miami International Autodrome,Yuki Tsunoda,TSU,Red Bull,10.32106705708508,10
2025,6,Miami Grand Prix,2025-05-04,Miami International Autodrome,Esteban Ocon,OCO,Haas F1 Team,11.379605772802377,11
2025,6,Miami Grand Prix,2025-05-04,Miami International Autodrome,Isack Hadjar,HAD,RB F1 Team,11.704879753208,12
2025,6,Miami Grand Prix,2025-05-04,Miami International Autodrome,Liam Lawson,LAW,RB F1 Team,13.47601184443448,13
2025,6,Miami Grand Prix,2025-05-04,Miami International Autodrome,Fernando Alonso,ALO,Aston Martin,13.5810241856872,14
2025,6,Miami Grand Prix,2025-05-04,Miami International Autodrome,Gabriel Bortoleto,BOR,Sauber,14.312012776781167,15
2025,6,Miami Grand Prix,2025-05-04,Miami International Autodrome,Pierre Gasly,GAS,Alpine F1 Team,14.632465764894476,16
2025,6,Miami Grand Prix,2025-05-04,Miami International Autodrome,Lance Stroll,STR,Aston Martin,14.693699202115448,17
2025,6,Miami Grand Prix,2025-05-04,Miami International Autodrome,Nico Hülkenberg,HUL,Sauber,14.900181610392016,18
2025,6,Miami Grand Prix,2025-05-04,Miami International Autodrome,Jack Doohan,DOO,Alpine F1 Team,15.523721651106605,19
2025,6,Miami Grand Prix,2025-05-04,Miami International Autodrome,Oliver Bearman,BEA,Haas F1 Team,16.988232134014908,20
2025,7,Emilia Romagna Grand Prix,2025-05-18,Autodromo Enzo e Dino Ferrari,Max Verstappen,VER,Red Bull,2.3052894790001424,1
2025,7,Emilia Romagna Grand Prix,2025-05-18,Autodromo Enzo e Dino Ferrari,Oscar Piastri,PIA,McLaren,2.498061713434724,2
2025,7,Emilia Romagna Grand Prix,2025-05-18,Autodromo Enzo e Dino Ferrari,Lando Norris,NOR,McLaren,3.492961137990741,3
2025,7,Emilia Romagna Grand Prix,2025-05-18,Autodromo Enzo e Dino Ferrari,George Russell,RUS,Mercedes,3.670106682057154,4
2025,7,Emilia Romagna Grand Prix,2025-05-18,Autodromo Enzo e Dino Ferrari,Carlos Sainz,SAI,Williams,8.054263280186007,5
2025,7,Emilia Romagna Grand Prix,2025-05-18,Autodromo Enzo e Dino Ferrari,Lewis Hamilton,HAM,Ferrari,8.857044126186844,6
2025,7,Emilia Romagna Grand Prix,2025-05-18,Autodromo Enzo e Dino Ferrari,Charles Leclerc,LEC,Ferrari,8.992586790863003,7
2025,7,Emilia Romagna Grand Prix,2025-05-18,Autodromo Enzo e Dino Ferrari,Alexander Albon,ALB,Williams,9.319103306887374,8
2025,7,Emilia Romagna Grand Prix,2025-05-18,Autodromo Enzo e Dino Ferrari,Fernando Alonso,ALO,Aston Martin,9.497876497976296,9
2025,7,Emilia Romagna Grand Prix,2025-05-18,Autodromo Enzo e Dino Ferrari,Andrea Kimi Antonelli,ANT,Mercedes,10.522913136405773,10
2025,7,Emilia Romagna Grand Prix,2025-05-18,Autodromo Enzo e Dino Ferrari,Isack Hadjar,HAD,RB F1 Team,10.92063637723438,11
2025,7,Emilia Romagna Grand Prix,2025-05-18,Autodromo Enzo e Dino Ferrari,Lance Stroll,STR,Aston Martin,11.519225974731489,12
2025,7,Emilia Romagna Grand Prix,2025-05-18,Autodromo Enzo e Dino Ferrari,Pierre Gasly,GAS,Alpine F1 Team,11.811047683493651,13
2025,7,Emilia Romagna Grand Prix,2025-05-18,Autodromo Enzo e Dino Ferrari,Yuki Tsunoda,TSU,Red Bull,13.135227570193083,14
2025,7,Emilia Romagna Grand Prix,2025-05-18,Autodromo Enzo e Dino Ferrari,Oliver Bearman,BEA,Haas F1 Team,14.163531441961874,15
2025,7,Emilia Romagna Grand Prix,2025-05-18,Autodromo Enzo e Dino Ferrari,Liam Lawson,LAW,RB F1 Team,14.323536169464218,16
2025,7,Emilia Romagna Grand Prix,2025-05-18,Autodromo Enzo e Dino Ferrari,Gabriel Bortoleto,BOR,Sauber,14.773407920606237,17
2025,7,Emilia Romagna Grand Prix,2025-05-18,Autodromo Enzo e Dino Ferrari,Franco Colapinto,COL,Alpine F1 Team,14.975890650679329,18
2025,7,Emilia Romagna Grand Prix,2025-05-18,Autodromo Enzo e Dino Ferrari,Esteban Ocon,OCO,Haas F1 Team,15.460633398637913,19
2025,7,Emilia Romagna Grand Prix,2025-05-18,Autodromo Enzo e Dino Ferrari,Nico Hülkenberg,HUL,Sauber,15.827384691509575,20
2025,8,Monaco Grand Prix,2025-05-25,Circuit de Monaco,Lando Norris,NOR,McLaren,2.4632132620513536,1
2025,8,Monaco Grand Prix,2025-05-25,Circuit de Monaco,Oscar Piastri,PIA,McLaren,3.4674760915209997,2
2025,8,Monaco Grand Prix,2025-05-25,Circuit de Monaco,Charles Leclerc,LEC,Ferrari,3.5721889561584157,3
2025,8,Monaco Grand Prix,2025-05-25,Circuit de Monaco,Max Verstappen,VER,Red Bull,3.657564574310086,4
2025,8,Monaco Grand Prix,2025-05-25,Circuit de Monaco,Lewis Hamilton,HAM,Ferrari,4.997714756673259,5
2025,8,Monaco Grand Prix,2025-05-25,Circuit de Monaco,Alexander Albon,ALB,Williams,9.084590806151727,6
2025,8,Monaco Grand Prix,2025-05-25,Circuit de Monaco,Isack Hadjar,HAD,RB F1 Team,9.349103977776494,7
2025,8,Monaco Grand Prix,2025-05-25,Circuit de Monaco,Fernando Alonso,ALO,Aston Martin,9.825187425140966,8
2025,8,Monaco Grand Prix,2025-05-25,Circuit de Monaco,George Russell,RUS,Mercedes,10.381257671913788,9
2025,8,Monaco Grand Prix,2025-05-25,Circuit de Monaco,Carlos Sainz,SAI,Williams,10.857659124376204,10
2025,8,Monaco Grand Prix,2025-05-25,Circuit de Monaco,Andrea Kimi Antonelli,ANT,Mercedes,10.919785616291982,11
2025,8,Monaco Grand Prix,2025-05-25,Circuit de Monaco,Liam Lawson,LAW,RB F1 Team,11.111523688055422,12
2025,8,Monaco Grand Prix,2025-05-25,Circuit de Monaco,Esteban Ocon,OCO,Haas F1 Team,11.616509562289961,13
2025,8,Monaco Grand Prix,2025-05-25,Circuit de Monaco,Yuki Tsunoda,TSU,Red Bull,12.013464496589052,14
2025,8,Monaco Grand Prix,2025-05-25,Circuit de Monaco,Nico Hülkenberg,HUL,Sauber,14.425703223026815,15
2025,8,Monaco Grand Prix,2025-05-25,Circuit de Monaco,Pierre Gasly,GAS,Alpine F1 Team,14.475744241648705,16
2025,8,Monaco Grand Prix,2025-05-25,Circuit de Monaco,Oliver Bearman,BEA,Haas F1 Team,14.49929942900539,17
2025,8,Monaco Grand Prix,2025-05-25,Circuit de Monaco,Gabriel Bortoleto,BOR,Sauber,15.435237847903599,18
2025,8,Monaco Grand Prix,2025-05-25,Circuit de Monaco,Lance Stroll,STR,Aston Martin,15.677663876076979,19
2025,8,Monaco Grand Prix,2025-05-25,Circuit de Monaco,Franco Colapinto,COL,Alpine F1 Team,16.571455899238153,20
2025,9,Spanish Grand Prix,2025-06-01,Circuit de Barcelona-Catalunya,Oscar Piastri,PIA,McLaren,2.593501646248327,1
2025,9,Spanish Grand Prix,2025-06-01,Circuit de Barcelona-Catalunya,Lando Norris,NOR,McLaren,2.7677198526322484,2
2025,9,Spanish Grand Prix,2025-06-01,Circuit de Barcelona-Catalunya,Max Verstappen,VER,Red Bull,3.7392232332350073,3
2025,9,Spanish Grand Prix,2025-06-01,Circuit de Barcelona-Catalunya,George Russell,RUS,Mercedes,4.706364915782318,4
2025,9,Spanish Grand Prix,2025-06-01,Circuit de Barcelona-Catalunya,Lewis Hamilton,HAM,Ferrari,5.460176921438049,5
2025,9,Spanish Grand Prix,2025-06-01,Circuit de Barcelona-Catalunya,Charles Leclerc,LEC,Ferrari,6.533803069159404,6
2025,9,Spanish Grand Prix,2025-06-01,Circuit de Barcelona-Catalunya,Andrea Kimi Antonelli,ANT,Mercedes,7.770197041338236,7
2025,9,Spanish Grand Prix,2025-06-01,Circuit de Barcelona-Catalunya,Isack Hadjar,HAD,RB F1 Team,9.984061768697131,8
2025,9,Spanish Grand Prix,2025-06-01,Circuit de Barcelona-Catalunya,Pierre Gasly,GAS,Alpine F1 Team,11.01979200704341,9
2025,9,Spanish Grand Prix,2025-06-01,Circuit de Barcelona-Catalunya,Fernando Alonso,ALO,Aston Martin,11.982994181872066,10
2025,9,Spanish Grand Prix,2025-06-01,Circuit de Barcelona-Catalunya,Alexander Albon,ALB,Williams,12.000087211343558,11
2025,9,Spanish Grand Prix,2025-06-01,Circuit de Barcelona-Catalunya,Liam Lawson,LAW,RB F1 Team,12.460438552055404,12
2025,9,Spanish Grand Prix,2025-06-01,Circuit de Barcelona-Catalunya,Yuki Tsunoda,TSU,Red Bull,13.027578869763408,13
2025,9,Spanish Grand Prix,2025-06-01,Circuit de Barcelona-Catalunya,Gabriel Bortoleto,BOR,Sauber,13.573252789643279,14
2025,9,Spanish Grand Prix,2025-06-01,Circuit de Barcelona-Catalunya,Carlos Sainz,SAI,Williams,13.859133341832866,15
2025,9,Spanish Grand Prix,2025-06-01,Circuit de Barcelona-Catalunya,Oliver Bearman,BEA,Haas F1 Team,14.361980928565401,16
2025,9,Spanish Grand Prix,2025-06-01,Circuit de Barcelona-Catalunya,Esteban Ocon,OCO,Haas F1 Team,14.672866469068612,17
2025,9,Spanish Grand Prix,2025-06-01,Circuit de Barcelona-Catalunya,Nico Hülkenberg,HUL,Sauber,14.75987307687597,18
2025,9,Spanish Grand Prix,2025-06-01,Circuit de Barcelona-Catalunya,Franco Colapinto,COL,Alpine F1 Team,16.394525349595106,19
2025,10,Canadian Grand Prix,2025-06-15,Circuit Gilles Villeneuve,Max Verstappen,VER,Red Bull,2.44825314469462,1
2025,10,Canadian Grand Prix,2025-06-15,Circuit Gilles Villeneuve,George Russell,RUS,Mercedes,3.532293298815951,2
2025,10,Canadian Grand Prix,2025-06-15,Circuit Gilles Villeneuve,Oscar Piastri,PIA,McLaren,4.689285956179153,3
2025,10,Canadian Grand Prix,2025-06-15,Circuit Gilles Villeneuve,Lewis Hamilton,HAM,Ferrari,5.267817406113991,4
2025,10,Canadian Grand Prix,2025-06-15,Circuit Gilles Villeneuve,Lando Norris,NOR,McLaren,5.614494275427713,5
2025,10,Canadian Grand Prix,2025-06-15,Circuit Gilles Villeneuve,Andrea Kimi Antonelli,ANT,Mercedes,5.971929012290811,6
2025,10,Canadian Grand Prix,2025-06-15,Circuit Gilles Villeneuve,Charles Leclerc,LEC,Ferrari,7.340208171294079,7
2025,10,Canadian Grand Prix,2025-06-15,Circuit Gilles Villeneuve,Alexander Albon,ALB,Williams,9.093835060145933,8
2025,10,Canadian Grand Prix,2025-06-15,Circuit Gilles Villeneuve,Fernando Alonso,ALO,Aston Martin,9.129508728447993,9
2025,10,Canadian Grand Prix,2025-06-15,Circuit Gilles Villeneuve,Isack Hadjar,HAD,RB F1 Team,11.486394081611076,10
2025,10,Canadian Grand Prix,2025-06-15,Circuit Gilles Villeneuve,Carlos Sainz,SAI,Williams,11.554451851104181,11
2025,10,Canadian Grand Prix,2025-06-15,Circuit Gilles Villeneuve,Yuki Tsunoda,TSU,Red Bull,12.118225574198656,12
2025,10,Canadian Grand Prix,2025-06-15,Circuit Gilles Villeneuve,Franco Colapinto,COL,Alpine F1 Team,13.131944446425534,13
2025,10,Canadian Grand Prix,2025-06-15,Circuit Gilles Villeneuve,Nico Hülkenberg,HUL,Sauber,13.561047564469337,14
2025,10,Canadian Grand Prix,2025-06-15,Circuit Gilles Villeneuve,Oliver Bearman,BEA,Haas F1 Team,13.781044112694886,15
2025,10,Canadian Grand Prix,2025-06-15,Circuit Gilles Villeneuve,Liam Lawson,LAW,RB F1 Team,13.845414152102476,16
2025,10,Canadian Grand Prix,2025-06-15,Circuit Gilles Villeneuve,Gabriel Bortoleto,BOR,Sauber,14.208074992139286,17
2025,10,Canadian Grand Prix,2025-06-15,Circuit Gilles Villeneuve,Esteban Ocon,OCO,Haas F1 Team,14.324267839226737,18
2025,10,Canadian Grand Prix,2025-06-15,Circuit Gilles Villeneuve,Pierre Gasly,GAS,Alpine F1 Team,14.74216514292196,19
2025,10,Canadian Grand Prix,2025-06-15,Circuit Gilles Villeneuve,Lance Stroll,STR,Aston Martin,15.278185677578891,20
2025,11,Austrian Grand Prix,2025-06-29,Red Bull Ring,Lando Norris,NOR,McLaren,2.6719393518074623,1
2025,11,Austrian Grand Prix,2025-06-29,Red Bull Ring,Oscar Piastri,PIA,McLaren,3.385497552932433,2
2025,11,Austrian Grand Prix,2025-06-29,Red Bull Ring,Charles Leclerc,LEC,Ferrari,3.9445636102094843,3
2025,11,Austrian Grand Prix,2025-06-29,Red Bull Ring,Lewis Hamilton,HAM,Ferrari,4.385170569250901,4
2025,11,Austrian Grand Prix,2025-06-29,Red Bull Ring,George Russell,RUS,Mercedes,5.632614817429854,5
2025,11,Austrian Grand Prix,2025-06-29,Red Bull Ring,Max Verstappen,VER,Red Bull,6.715483794137562,6
2025,11,Austrian Grand Prix,2025-06-29,Red Bull Ring,Andrea Kimi Antonelli,ANT,Mercedes,8.979467413640101,7
2025,11,Austrian Grand Prix,2025-06-29,Red Bull Ring,Liam Lawson,LAW,RB F1 Team,9.335173985000331,8
2025,11,Austrian Grand Prix,2025-06-29,Red Bull Ring,Gabriel Bortoleto,BOR,Sauber,10.592699841276884,9
2025,11,Austrian Grand Prix,2025-06-29,Red Bull Ring,Alexander Albon,ALB,Williams,11.813104840353573,10
2025,11,Austrian Grand Prix,2025-06-29,Red Bull Ring,Fernando Alonso,ALO,Aston Martin,12.058863900971447,11
2025,11,Austrian Grand Prix,2025-06-29,Red Bull Ring,Pierre Gasly,GAS,Alpine F1 Team,12.114815828772059,12
2025,11,Austrian Grand Prix,2025-06-29,Red Bull Ring,Yuki Tsunoda,TSU,Red Bull,12.725909034062163,13
2025,11,Austrian Grand Prix,2025-06-29,Red Bull Ring,Isack Hadjar,HAD,RB F1 Team,13.207143565317153,14
2025,11,Austrian Grand Prix,2025-06-29,Red Bull Ring,Lance Stroll,STR,Aston Martin,13.748862482271072,15
2025,11,Austrian Grand Prix,2025-06-29,Red Bull Ring,Esteban Ocon,OCO,Haas F1 Team,14.481516715922012,16
2025,11,Austrian Grand Prix,2025-06-29,Red Bull Ring,Oliver Bearman,BEA,Haas F1 Team,14.65116529649315,17
2025,11,Austrian Grand Prix,2025-06-29,Red Bull Ring,Nico Hülkenberg,HUL,Sauber,14.982794798608452,18
2025,11,Austrian Grand Prix,2025-06-29,Red Bull Ring,Carlos Sainz,SAI,Williams,15.06682562578183,19
2025,11,Austrian Grand Prix,2025-06-29,Red Bull Ring,Franco Colapinto,COL,Alpine F1 Team,15.658640291321921,20
2025,12,British Grand Prix,2025-07-06,Silverstone Circuit,Oscar Piastri,PIA,McLaren,2.9327921867999573,1
2025,12,British Grand Prix,2025-07-06,Silverstone Circuit,Lando Norris,NOR,McLaren,3.2958842021556207,2
2025,12,British Grand Prix,2025-07-06,Silverstone Circuit,Max Verstappen,VER,Red Bull,3.405579637411073,3
2025,12,British Grand Prix,2025-07-06,Silverstone Circuit,George Russell,RUS,Mercedes,4.7155629432193376,4
2025,12,British Grand Prix,2025-07-06,Silverstone Circuit,Lewis Hamilton,HAM,Ferrari,5.182667137636446,5
2025,12,British Grand Prix,2025-07-06,Silverstone Circuit,Charles Leclerc,LEC,Ferrari,5.280776970542806,6
2025,12,British Grand Prix,2025-07-06,Silverstone Circuit,Andrea Kimi Antonelli,ANT,Mercedes,9.502720443231512,7
2025,12,British Grand Prix,2025-07-06,Silverstone Circuit,Yuki Tsunoda,TSU,Red Bull,11.053691140384819,8
2025,12,British Grand Prix,2025-07-06,Silverstone Circuit,Fernando Alonso,ALO,Aston Martin,11.147186007198995,9
2025,12,British Grand Prix,2025-07-06,Silverstone Circuit,Isack Hadjar,HAD,RB F1 Team,11.458958778950965,10
2025,12,British Grand Prix,2025-07-06,Silverstone Circuit,Carlos Sainz,SAI,Williams,11.923567887620212,11
2025,12,British Grand Prix,2025-07-06,Silverstone Circuit,Pierre Gasly,GAS,Alpine F1 Team,11.936397451441124,12
2025,12,British Grand Prix,2025-07-06,Silverstone Circuit,Alexander Albon,ALB,Williams,12.565682713594107,13
2025,12,British Grand Prix,2025-07-06,Silverstone Circuit,Oliver Bearman,BEA,Haas F1 Team,12.668681876375363,14
2025,12,British Grand Prix,2025-07-06,Silverstone Circuit,Liam Lawson,LAW,RB F1 Team,12.947131183172175,15
2025,12,British Grand Prix,2025-07-06,Silverstone Circuit,Esteban Ocon,OCO,Haas F1 Team,13.801264563217318,16
2025,12,British Grand Prix,2025-07-06,Silverstone Circuit,Gabriel Bortoleto,BOR,Sauber,14.057767214530994,17
2025,12,British Grand Prix,2025-07-06,Silverstone Circuit,Nico Hülkenberg,HUL,Sauber,14.250179827382564,18
2025,12,British Grand Prix,2025-07-06,Silverstone Circuit,Lance Stroll,STR,Aston Martin,14.25395414303249,19
2025,12,British Grand Prix,2025-07-06,Silverstone Circuit,Franco Colapinto,COL,Alpine F1 Team,16.162985067211142,20
2025,13,Belgian Grand Prix,2025-07-27,Circuit de Spa-Francorchamps,Lando Norris,NOR,McLaren,3.1169275696402368,1
2025,13,Belgian Grand Prix,2025-07-27,Circuit de Spa-Francorchamps,Oscar Piastri,PIA,McLaren,3.3803228194462265,2
2025,13,Belgian Grand Prix,2025-07-27,Circuit de Spa-Francorchamps,Charles Leclerc,LEC,Ferrari,4.691534636606421,3
2025,13,Belgian Grand Prix,2025-07-27,Circuit de Spa-Francorchamps,Max Verstappen,VER,Red Bull,4.8796667095383786,4
2025,13,Belgian Grand Prix,2025-07-27,Circuit de Spa-Francorchamps,George Russell,RUS,Mercedes,6.2681309863947225,5
2025,13,Belgian Grand Prix,2025-07-27,Circuit de Spa-Francorchamps,Lewis Hamilton,HAM,Ferrari,8.853414729041965,6
2025,13,Belgian Grand Prix,2025-07-27,Circuit de Spa-Francorchamps,Alexander Albon,ALB,Williams,9.4181612198825,7
2025,13,Belgian Grand Prix,2025-07-27,Circuit de Spa-Francorchamps,Yuki Tsunoda,TSU,Red Bull,10.209173756437908,8
2025,13,Belgian Grand Prix,2025-07-27,Circuit de Spa-Francorchamps,Isack Hadjar,HAD,RB F1 Team,10.305852387423274,9
2025,13,Belgian Grand Prix,2025-07-27,Circuit de Spa-Francorchamps,Gabriel Bortoleto,BOR,Sauber,11.06657336140686,10
2025,13,Belgian Grand Prix,2025-07-27,Circuit de Spa-Francorchamps,Liam Lawson,LAW,RB F1 Team,11.404314803776929,11
2025,13,Belgian Grand Prix,2025-07-27,Circuit de Spa-Francorchamps,Oliver Bearman,BEA,Haas F1 Team,12.0664502546243,12
2025,13,Belgian Grand Prix,2025-07-27,Circuit de Spa-Francorchamps,Esteban Ocon,OCO,Haas F1 Team,12.176626027240072,13
2025,13,Belgian Grand Prix,2025-07-27,Circuit de Spa-Francorchamps,Andrea Kimi Antonelli,ANT,Mercedes,12.788458818585704,14
2025,13,Belgian Grand Prix,2025-07-27,Circuit de Spa-Francorchamps,Nico Hülkenberg,HUL,Sauber,12.799824025036914,15
2025,13,Belgian Grand Prix,2025-07-27,Circuit de Spa-Francorchamps,Pierre Gasly,GAS,Alpine F1 Team,13.234760339246694,16
2025,13,Belgian Grand Prix,2025-07-27,Circuit de Spa-Francorchamps,Lance Stroll,STR,Aston Martin,13.306684725759107,17
2025,13,Belgian Grand Prix,2025-07-27,Circuit de Spa-Francorchamps,Carlos Sainz,SAI,Williams,13.671057043948647,18
2025,13,Belgian Grand Prix,2025-07-27,Circuit de Spa-Francorchamps,Fernando Alonso,ALO,Aston Martin,13.913138529410128,19
2025,13,Belgian Grand Prix,2025-07-27,Circuit de Spa-Francorchamps,Franco Colapinto,COL,Alpine F1 Team,15.533431707217265,20
2025,14,Hungarian Grand Prix,2025-08-03,Hungaroring,Oscar Piastri,PIA,McLaren,2.9130135535050234,1
2025,14,Hungarian Grand Prix,2025-08-03,Hungaroring,Lando Norris,NOR,McLaren,3.170968378853476,2
2025,14,Hungarian Grand Prix,2025-08-03,Hungaroring,Charles Leclerc,LEC,Ferrari,3.341030547666675,3
2025,14,Hungarian Grand Prix,2025-08-03,Hungaroring,George Russell,RUS,Mercedes,4.763280667378036,4
2025,14,Hungarian Grand Prix,2025-08-03,Hungaroring,Lewis Hamilton,HAM,Ferrari,7.969778092815064,5
2025,14,Hungarian Grand Prix,2025-08-03,Hungaroring,Fernando Alonso,ALO,Aston Martin,8.157139297365546,6
2025,14,Hungarian Grand Prix,2025-08-03,Hungaroring,Max Verstappen,VER,Red Bull,8.486799934945497,7
2025,14,Hungarian Grand Prix,2025-08-03,Hungaroring,Lance Stroll,STR,Aston Martin,8.546377847186323,8
2025,14,Hungarian Grand Prix,2025-08-03,Hungaroring,Gabriel Bortoleto,BOR,Sauber,9.297580234727581,9
2025,14,Hungarian Grand Prix,2025-08-03,Hungaroring,Andrea Kimi Antonelli,ANT,Mercedes,10.44836237167751,10
2025,14,Hungarian Grand Prix,2025-08-03,Hungaroring,Isack Hadjar,HAD,RB F1 Team,11.462618445407967,11
2025,14,Hungarian Grand Prix,2025-08-03,Hungaroring,Liam Lawson,LAW,RB F1 Team,11.592811096443207,12
2025,14,Hungarian Grand Prix,2025-08-03,Hungaroring,Nico Hülkenberg,HUL,Sauber,12.540743955928825,13
2025,14,Hungarian Grand Prix,2025-08-03,Hungaroring,Oliver Bearman,BEA,Haas F1 Team,12.597578480276699,14
2025,14,Hungarian Grand Prix,2025-08-03,Hungaroring,Carlos Sainz,SAI,Williams,14.039667324672793,15
2025,14,Hungarian Grand Prix,2025-08-03,Hungaroring,Yuki Tsunoda,TSU,Red Bull,14.1351399807252,16
2025,14,Hungarian Grand Prix,2025-08-03,Hungaroring,Esteban Ocon,OCO,Haas F1 Team,14.585911187260944,17
2025,14,Hungarian Grand Prix,2025-08-03,Hungaroring,Pierre Gasly,GAS,Alpine F1 Team,14.710289840821538,18
2025,14,Hungarian Grand Prix,2025-08-03,Hungaroring,Alexander Albon,ALB,Williams,15.128558132743487,19
2025,14,Hungarian Grand Prix,2025-08-03,Hungaroring,Franco Colapinto,COL,Alpine F1 Team,15.320485030011673,20
2025,15,Dutch Grand Prix,2025-08-31,Circuit Park Zandvoort,Oscar Piastri,PIA,McLaren,2.59300838217688,1
2025,15,Dutch Grand Prix,2025-08-31,Circuit Park Zandvoort,Lando Norris,NOR,McLaren,2.6656545603313115,2
2025,15,Dutch Grand Prix,2025-08-31,Circuit Park Zandvoort,Max Verstappen,VER,Red Bull,4.457025168659104,3
2025,15,Dutch Grand Prix,2025-08-31,Circuit Park Zandvoort,George Russell,RUS,Mercedes,5.592077433915927,4
2025,15,Dutch Grand Prix,2025-08-31,Circuit Park Zandvoort,Charles Leclerc,LEC,Ferrari,6.778701104643927,5
2025,15,Dutch Grand Prix,2025-08-31,Circuit Park Zandvoort,Lewis Hamilton,HAM,Ferrari,7.970862189864692,6
2025,15,Dutch Grand Prix,2025-08-31,Circuit Park Zandvoort,Isack Hadjar,HAD,RB F1 Team,8.397740228107068,7
2025,15,Dutch Grand Prix,2025-08-31,Circuit Park Zandvoort,Fernando Alonso,ALO,Aston Martin,9.136858061683528,8
2025,15,Dutch Grand Prix,2025-08-31,Circuit Park Zandvoort,Liam Lawson,LAW,RB F1 Team,10.818197510916667,9
2025,15,Dutch Grand Prix,2025-08-31,Circuit Park Zandvoort,Carlos Sainz,SAI,Williams,11.147737875387946,10
2025,15,Dutch Grand Prix,2025-08-31,Circuit Park Zandvoort,Andrea Kimi Antonelli,ANT,Mercedes,11.253316748794902,11
2025,15,Dutch Grand Prix,2025-08-31,Circuit Park Zandvoort,Lance Stroll,STR,Aston Martin,11.968437481125923,12
2025,15,Dutch Grand Prix,2025-08-31,Circuit Park Zandvoort,Gabriel Bortoleto,BOR,Sauber,12.180191504823364,13
2025,15,Dutch Grand Prix,2025-08-31,Circuit Park Zandvoort,Alexander Albon,ALB,Williams,12.539249385751665,14
2025,15,Dutch Grand Prix,2025-08-31,Circuit Park Zandvoort,Yuki Tsunoda,TSU,Red Bull,12.661595644314598,15
2025,15,Dutch Grand Prix,2025-08-31,Circuit Park Zandvoort,Nico Hülkenberg,HUL,Sauber,13.081097770203746,16
2025,15,Dutch Grand Prix,2025-08-31,Circuit Park Zandvoort,Oliver Bearman,BEA,Haas F1 Team,14.357509400682392,17
2025,15,Dutch Grand Prix,2025-08-31,Circuit Park Zandvoort,Pierre Gasly,GAS,Alpine F1 Team,14.473317358292677,18
2025,15,Dutch Grand Prix,2025-08-31,Circuit Park Zandvoort,Esteban Ocon,OCO,Haas F1 Team,14.566708577498217,19
2025,15,Dutch Grand Prix,2025-08-31,Circuit Park Zandvoort,Franco Colapinto,COL,Alpine F1 Team,14.888471212551751,20
2025,16,Italian Grand Prix,2025-09-07,Autodromo Nazionale di Monza,Lando Norris,NOR,McLaren,2.8490110966232747,1
2025,16,Italian Grand Prix,2025-09-07,Autodromo Nazionale di Monza,Max Verstappen,VER,Red Bull,3.5971540420208497,2
2025,16,Italian Grand Prix,2025-09-07,Autodromo Nazionale di Monza,Oscar Piastri,PIA,McLaren,3.7039183200534835,3
2025,16,Italian Grand Prix,2025-09-07,Autodromo Nazionale di Monza,Charles Leclerc,LEC,Ferrari,4.261762968920875,4
2025,16,Italian Grand Prix,2025-09-07,Autodromo Nazionale di Monza,George Russell,RUS,Mercedes,6.134525315247922,5
2025,16,Italian Grand Prix,2025-09-07,Autodromo Nazionale di Monza,Lewis Hamilton,HAM,Ferrari,6.2699204389095975,6
2025,16,Italian Grand Prix,2025-09-07,Autodromo Nazionale di Monza,Andrea Kimi Antonelli,ANT,Mercedes,8.847533830085803,7
2025,16,Italian Grand Prix,2025-09-07,Autodromo Nazionale di Monza,Gabriel Bortoleto,BOR,Sauber,9.579442088805152,8
2025,16,Italian Grand Prix,2025-09-07,Autodromo Nazionale di Monza,Fernando Alonso,ALO,Aston Martin,10.623839142821216,9
2025,16,Italian Grand Prix,2025-09-07,Autodromo Nazionale di Monza,Yuki Tsunoda,TSU,Red Bull,11.37688408729812,10
2025,16,Italian Grand Prix,2025-09-07,Autodromo Nazionale di Monza,Nico Hülkenberg,HUL,Sauber,11.454508959680982,11
2025,16,Italian Grand Prix,2025-09-07,Autodromo Nazionale di Monza,Alexander Albon,ALB,Williams,11.673716466038455,12
2025,16,Italian Grand Prix,2025-09-07,Autodromo Nazionale di Monza,Carlos Sainz,SAI,Williams,11.902352773924875,13
2025,16,Italian Grand Prix,2025-09-07,Autodromo Nazionale di Monza,Oliver Bearman,BEA,Haas F1 Team,12.334452661825367,14
2025,16,Italian Grand Prix,2025-09-07,Autodromo Nazionale di Monza,Isack Hadjar,HAD,RB F1 Team,12.515049710062819,15
2025,16,Italian Grand Prix,2025-09-07,Autodromo Nazionale di Monza,Lance Stroll,STR,Aston Martin,13.659982067078744,16
2025,16,Italian Grand Prix,2025-09-07,Autodromo Nazionale di Monza,Esteban Ocon,OCO,Haas F1 Team,14.090775125727168,17
2025,16,Italian Grand Prix,2025-09-07,Autodromo Nazionale di Monza,Liam Lawson,LAW,RB F1 Team,14.138750258171285,18
2025,16,Italian Grand Prix,2025-09-07,Autodromo Nazionale di Monza,Pierre Gasly,GAS,Alpine F1 Team,15.281131175997652,19
2025,16,Italian Grand Prix,2025-09-07,Autodromo Nazionale di Monza,Franco Colapinto,COL,Alpine F1 Team,16.248973227639134,20
2025,17,Azerbaijan Grand Prix,2025-09-21,Baku City Circuit,Max Verstappen,VER,Red Bull,2.1345274205073257,1
2025,17,Azerbaijan Grand Prix,2025-09-21,Baku City Circuit,George Russell,RUS,Mercedes,5.687023216417416,2
2025,17,Azerbaijan Grand Prix,2025-09-21,Baku City Circuit,Lando Norris,NOR,McLaren,5.694742022170188,3
2025,17,Azerbaijan Grand Prix,2025-09-21,Baku City Circuit,Andrea Kimi Antonelli,ANT,Mercedes,6.031861552794924,4
2025,17,Azerbaijan Grand Prix,2025-09-21,Baku City Circuit,Oscar Piastri,PIA,McLaren,7.054247625002275,5
2025,17,Azerbaijan Grand Prix,2025-09-21,Baku City Circuit,Carlos Sainz,SAI,Williams,7.530553549143357,6
2025,17,Azerbaijan Grand Prix,2025-09-21,Baku City Circuit,Liam Lawson,LAW,RB F1 Team,7.646579156595657,7
2025,17,Azerbaijan Grand Prix,2025-09-21,Baku City Circuit,Lewis Hamilton,HAM,Ferrari,8.322305173136309,8
2025,17,Azerbaijan Grand Prix,2025-09-21,Baku City Circuit,Charles Leclerc,LEC,Ferrari,8.501780032131956,9
2025,17,Azerbaijan Grand Prix,2025-09-21,Baku City Circuit,Yuki Tsunoda,TSU,Red Bull,8.51952526565799,10
2025,17,Azerbaijan Grand Prix,2025-09-21,Baku City Circuit,Isack Hadjar,HAD,RB F1 Team,10.370540578707848,11
2025,17,Azerbaijan Grand Prix,2025-09-21,Baku City Circuit,Alexander Albon,ALB,Williams,11.066167675293432,12
2025,17,Azerbaijan Grand Prix,2025-09-21,Baku City Circuit,Fernando Alonso,ALO,Aston Martin,12.35089093016834,13
2025,17,Azerbaijan Grand Prix,2025-09-21,Baku City Circuit,Oliver Bearman,BEA,Haas F1 Team,12.758691319659217,14
2025,17,Azerbaijan Grand Prix,2025-09-21,Baku City Circuit,Gabriel Bortoleto,BOR,Sauber,13.043529734086542,15
2025,17,Azerbaijan Grand Prix,2025-09-21,Baku City Circuit,Lance Stroll,STR,Aston Martin,13.706276375991203,16
2025,17,Azerbaijan Grand Prix,2025-09-21,Baku City Circuit,Nico Hülkenberg,HUL,Sauber,14.077852376891652,17
2025,17,Azerbaijan Grand Prix,2025-09-21,Baku City Circuit,Esteban Ocon,OCO,Haas F1 Team,14.30360258388049,18
2025,17,Azerbaijan Grand Prix,2025-09-21,Baku City Circuit,Pierre Gasly,GAS,Alpine F1 Team,15.213553262002618,19
2025,17,Azerbaijan Grand Prix,2025-09-21,Baku City Circuit,Franco Colapinto,COL,Alpine F1 Team,15.8358101667641,20
2025,18,Singapore Grand Prix,2025-10-05,Marina Bay Street Circuit,Max Verstappen,VER,Red Bull,3.138284990673698,1
2025,18,Singapore Grand Prix,2025-10-05,Marina Bay Street Circuit,Oscar Piastri,PIA,McLaren,3.6745584985904074,2
2025,18,Singapore Grand Prix,2025-10-05,Marina Bay Street Circuit,George Russell,RUS,Mercedes,4.57878941554541,3
2025,18,Singapore Grand Prix,2025-10-05,Marina Bay Street Circuit,Lando Norris,NOR,McLaren,5.241597109214874,4
2025,18,Singapore Grand Prix,2025-10-05,Marina Bay Street Circuit,Lewis Hamilton,HAM,Ferrari,6.24764972747313,5
2025,18,Singapore Grand Prix,2025-10-05,Marina Bay Street Circuit,Andrea Kimi Antonelli,ANT,Mercedes,6.457724238687749,6
2025,18,Singapore Grand Prix,2025-10-05,Marina Bay Street Circuit,Charles Leclerc,LEC,Ferrari,6.933457610134912,7
2025,18,Singapore Grand Prix,2025-10-05,Marina Bay Street Circuit,Isack Hadjar,HAD,RB F1 Team,8.971487227799956,8
2025,18,Singapore Grand Prix,2025-10-05,Marina Bay Street Circuit,Fernando Alonso,ALO,Aston Martin,10.64261036244369,9
2025,18,Singapore Grand Prix,2025-10-05,Marina Bay Street Circuit,Oliver Bearman,BEA,Haas F1 Team,11.531646134153759,10
2025,18,Singapore Grand Prix,2025-10-05,Marina Bay Street Circuit,Carlos Sainz,SAI,Williams,12.087789563300417,11
2025,18,Singapore Grand Prix,2025-10-05,Marina Bay Street Circuit,Yuki Tsunoda,TSU,Red Bull,12.1243116213478,12
2025,18,Singapore Grand Prix,2025-10-05,Marina Bay Street Circuit,Nico Hülkenberg,HUL,Sauber,12.16480747943592,13
2025,18,Singapore Grand Prix,2025-10-05,Marina Bay Street Circuit,Liam Lawson,LAW,RB F1 Team,12.31624274731837,14
2025,18,Singapore Grand Prix,2025-10-05,Marina Bay Street Circuit,Alexander Albon,ALB,Williams,12.949203293002977,15
2025,18,Singapore Grand Prix,2025-10-05,Marina Bay Street Circuit,Gabriel Bortoleto,BOR,Sauber,13.650799807631888,16
2025,18,Singapore Grand Prix,2025-10-05,Marina Bay Street Circuit,Lance Stroll,STR,Aston Martin,13.690651762190472,17
2025,18,Singapore Grand Prix,2025-10-05,Marina Bay Street Circuit,Esteban Ocon,OCO,Haas F1 Team,13.804860567954977,18
2025,18,Singapore Grand Prix,2025-10-05,Marina Bay Street Circuit,Pierre Gasly,GAS,Alpine F1 Team,15.601407142888176,19
2025,18,Singapore Grand Prix,2025-10-05,Marina Bay Street Circuit,Franco Colapinto,COL,Alpine F1 Team,16.023056483304785,20
2025,19,United States Grand Prix,2025-10-19,Circuit of the Americas,Max Verstappen,VER,Red Bull,2.357692002888847,1
2025,19,United States Grand Prix,2025-10-19,Circuit of the Americas,Lando Norris,NOR,McLaren,3.3583007758245067,2
2025,19,United States Grand Prix,2025-10-19,Circuit of the Americas,George Russell,RUS,Mercedes,4.368613376709066,3
2025,19,United States Grand Prix,2025-10-19,Circuit of the Americas,Oscar Piastri,PIA,McLaren,5.574699863610037,4
2025,19,United States Grand Prix,2025-10-19,Circuit of the Americas,Charles Leclerc,LEC,Ferrari,6.028923017611722,5
2025,19,United States Grand Prix,2025-10-19,Circuit of the Americas,Lewis Hamilton,HAM,Ferrari,6.816473013724904,6
2025,19,United States Grand Prix,2025-10-19,Circuit of the Americas,Andrea Kimi Antonelli,ANT,Mercedes,8.28615235331724,7
2025,19,United States Grand Prix,2025-10-19,Circuit of the Americas,Fernando Alonso,ALO,Aston Martin,9.716326044404239,8
2025,19,United States Grand Prix,2025-10-19,Circuit of the Americas,Oliver Bearman,BEA,Haas F1 Team,10.609868060080586,9
2025,19,United States Grand Prix,2025-10-19,Circuit of the Americas,Nico Hülkenberg,HUL,Sauber,11.016469324426058,10
2025,19,United States Grand Prix,2025-10-19,Circuit of the Americas,Carlos Sainz,SAI,Williams,11.167173689623315,11
2025,19,United States Grand Prix,2025-10-19,Circuit of the Americas,Yuki Tsunoda,TSU,Red Bull,11.830822303329864,12
2025,19,United States Grand Prix,2025-10-19,Circuit of the Americas,Liam Lawson,LAW,RB F1 Team,11.956538846378956,13
2025,19,United States Grand Prix,2025-10-19,Circuit of the Americas,Alexander Albon,ALB,Williams,12.238874216215413,14
2025,19,United States Grand Prix,2025-10-19,Circuit of the Americas,Isack Hadjar,HAD,RB F1 Team,13.189588632285377,15
2025,19,United States Grand Prix,2025-10-19,Circuit of the Americas,Lance Stroll,STR,Aston Martin,13.83343812484337,16
2025,19,United States Grand Prix,2025-10-19,Circuit of the Americas,Esteban Ocon,OCO,Haas F1 Team,14.571392933649676,17
2025,19,United States Grand Prix,2025-10-19,Circuit of the Americas,Franco Colapinto,COL,Alpine F1 Team,15.155793894872577,18
2025,19,United States Grand Prix,2025-10-19,Circuit of the Americas,Pierre Gasly,GAS,Alpine F1 Team,15.183621728329111,19
2025,19,United States Grand Prix,2025-10-19,Circuit of the Americas,Gabriel Bortoleto,BOR,Sauber,15.400642060892093,20
2025,20,Mexico City Grand Prix,2025-10-26,Autódromo Hermanos Rodríguez,Lando Norris,NOR,McLaren,3.156907498913735,1
2025,20,Mexico City Grand Prix,2025-10-26,Autódromo Hermanos Rodríguez,Charles Leclerc,LEC,Ferrari,3.865656620430507,2
2025,20,Mexico City Grand Prix,2025-10-26,Autódromo Hermanos Rodríguez,George Russell,RUS,Mercedes,4.2297834678739274,3
2025,20,Mexico City Grand Prix,2025-10-26,Autódromo Hermanos Rodríguez,Lewis Hamilton,HAM,Ferrari,4.243477576723983,4
2025,20,Mexico City Grand Prix,2025-10-26,Autódromo Hermanos Rodríguez,Max Verstappen,VER,Red Bull,5.198124094741877,5
2025,20,Mexico City Grand Prix,2025-10-26,Autódromo Hermanos Rodríguez,Andrea Kimi Antonelli,ANT,Mercedes,5.984433352934608,6
2025,20,Mexico City Grand Prix,2025-10-26,Autódromo Hermanos Rodríguez,Oscar Piastri,PIA,McLaren,6.940946409579971,7
2025,20,Mexico City Grand Prix,2025-10-26,Autódromo Hermanos Rodríguez,Yuki Tsunoda,TSU,Red Bull,10.433222652217202,8
2025,20,Mexico City Grand Prix,2025-10-26,Autódromo Hermanos Rodríguez,Isack Hadjar,HAD,RB F1 Team,10.563185792537242,9
2025,20,Mexico City Grand Prix,2025-10-26,Autódromo Hermanos Rodríguez,Carlos Sainz,SAI,Williams,10.805816418417729,10
2025,20,Mexico City Grand Prix,2025-10-26,Autódromo Hermanos Rodríguez,Oliver Bearman,BEA,Haas F1 Team,10.92565649884605,11
2025,20,Mexico City Grand Prix,2025-10-26,Autódromo Hermanos Rodríguez,Esteban Ocon,OCO,Haas F1 Team,11.906431861661904,12
2025,20,Mexico City Grand Prix,2025-10-26,Autódromo Hermanos Rodríguez,Liam Lawson,LAW,RB F1 Team,13.004207379440025,13
2025,20,Mexico City Grand Prix,2025-10-26,Autódromo Hermanos Rodríguez,Nico Hülkenberg,HUL,Sauber,13.122686003028823,14
2025,20,Mexico City Grand Prix,2025-10-26,Autódromo Hermanos Rodríguez,Gabriel Bortoleto,BOR,Sauber,13.536407283259514,15
2025,20,Mexico City Grand Prix,2025-10-26,Autódromo Hermanos Rodríguez,Fernando Alonso,ALO,Aston Martin,13.632576085968056,16
2025,20,Mexico City Grand Prix,2025-10-26,Autódromo Hermanos Rodríguez,Lance Stroll,STR,Aston Martin,13.762660413755897,17
2025,20,Mexico City Grand Prix,2025-10-26,Autódromo Hermanos Rodríguez,Alexander Albon,ALB,Williams,14.068652666242834,18
2025,20,Mexico City Grand Prix,2025-10-26,Autódromo Hermanos Rodríguez,Franco Colapinto,COL,Alpine F1 Team,15.84561694273856,19
2025,20,Mexico City Grand Prix,2025-10-26,Autódromo Hermanos Rodríguez,Pierre Gasly,GAS,Alpine F1 Team,16.521362315157667,20
2025,21,São Paulo Grand Prix,2025-11-09,Autódromo José Carlos Pace,Lando Norris,NOR,McLaren,1.319179458302396,1
2025,21,São Paulo Grand Prix,2025-11-09,Autódromo José Carlos Pace,Oscar Piastri,PIA,McLaren,4.6050720243593375,2
2025,21,São Paulo Grand Prix,2025-11-09,Autódromo José Carlos Pace,Andrea Kimi Antonelli,ANT,Mercedes,5.080251722722569,3
2025,21,São Paulo Grand Prix,2025-11-09,Autódromo José Carlos Pace,George Russell,RUS,Mercedes,5.550075902734364,4
2025,21,São Paulo Grand Prix,2025-11-09,Autódromo José Carlos Pace,Charles Leclerc,LEC,Ferrari,6.227981758555059,5
2025,21,São Paulo Grand Prix,2025-11-09,Autódromo José Carlos Pace,Isack Hadjar,HAD,RB F1 Team,9.112435888694268,6
2025,21,São Paulo Grand Prix,2025-11-09,Autódromo José Carlos Pace,Max Verstappen,VER,Red Bull,9.268447551561707,7
2025,21,São Paulo Grand Prix,2025-11-09,Autódromo José Carlos Pace,Liam Lawson,LAW,RB F1 Team,9.545506185655746,8
2025,21,São Paulo Grand Prix,2025-11-09,Autódromo José Carlos Pace,Oliver Bearman,BEA,Haas F1 Team,10.647287766578563,9
2025,21,São Paulo Grand Prix,2025-11-09,Autódromo José Carlos Pace,Pierre Gasly,GAS,Alpine F1 Team,10.758980459427649,10
2025,21,São Paulo Grand Prix,2025-11-09,Autódromo José Carlos Pace,Nico Hülkenberg,HUL,Sauber,11.103999476087507,11
2025,21,São Paulo Grand Prix,2025-11-09,Autódromo José Carlos Pace,Fernando Alonso,ALO,Aston Martin,11.258942143066445,12
2025,21,São Paulo Grand Prix,2025-11-09,Autódromo José Carlos Pace,Lewis Hamilton,HAM,Ferrari,11.56046964060516,13
2025,21,São Paulo Grand Prix,2025-11-09,Autódromo José Carlos Pace,Alexander Albon,ALB,Williams,11.728948746131904,14
2025,21,São Paulo Grand Prix,2025-11-09,Autódromo José Carlos Pace,Carlos Sainz,SAI,Williams,13.20987361804708,15
2025,21,São Paulo Grand Prix,2025-11-09,Autódromo José Carlos Pace,Esteban Ocon,OCO,Haas F1 Team,13.799485703995465,16
2025,21,São Paulo Grand Prix,2025-11-09,Autódromo José Carlos Pace,Lance Stroll,STR,Aston Martin,14.26254663862457,17
2025,21,São Paulo Grand Prix,2025-11-09,Autódromo José Carlos Pace,Gabriel Bortoleto,BOR,Sauber,14.787275734507853,18
2025,21,São Paulo Grand Prix,2025-11-09,Autódromo José Carlos Pace,Yuki Tsunoda,TSU,Red Bull,14.933653294162786,19
2025,21,São Paulo Grand Prix,2025-11-09,Autódromo José Carlos Pace,Franco Colapinto,COL,Alpine F1 Team,15.446501846649795,20
2025,22,Las Vegas Grand Prix,2025-11-23,Las Vegas Strip Street Circuit,Max Verstappen,VER,Red Bull,2.917444736758254,1
2025,22,Las Vegas Grand Prix,2025-11-23,Las Vegas Strip Street Circuit,Lando Norris,NOR,McLaren,3.8175410827873217,2
2025,22,Las Vegas Grand Prix,2025-11-23,Las Vegas Strip Street Circuit,George Russell,RUS,Mercedes,3.927001015005334,3
2025,22,Las Vegas Grand Prix,2025-11-23,Las Vegas Strip Street Circuit,Oscar Piastri,PIA,McLaren,7.143583495146031,4
2025,22,Las Vegas Grand Prix,2025-11-23,Las Vegas Strip Street Circuit,Carlos Sainz,SAI,Williams,7.5226298384909995,5
2025,22,Las Vegas Grand Prix,2025-11-23,Las Vegas Strip Street Circuit,Charles Leclerc,LEC,Ferrari,7.888295869070757,6
2025,22,Las Vegas Grand Prix,2025-11-23,Las Vegas Strip Street Circuit,Andrea Kimi Antonelli,ANT,Mercedes,8.835768651842013,7
2025,22,Las Vegas Grand Prix,2025-11-23,Las Vegas Strip Street Circuit,Liam Lawson,LAW,RB F1 Team,9.027313697865857,8
2025,22,Las Vegas Grand Prix,2025-11-23,Las Vegas Strip Street Circuit,Isack Hadjar,HAD,RB F1 Team,9.692860731634399,9
2025,22,Las Vegas Grand Prix,2025-11-23,Las Vegas Strip Street Circuit,Fernando Alonso,ALO,Aston Martin,9.722248140234614,10
2025,22,Las Vegas Grand Prix,2025-11-23,Las Vegas Strip Street Circuit,Lewis Hamilton,HAM,Ferrari,10.212393297564713,11
2025,22,Las Vegas Grand Prix,2025-11-23,Las Vegas Strip Street Circuit,Yuki Tsunoda,TSU,Red Bull,12.038234536174524,12
2025,22,Las Vegas Grand Prix,2025-11-23,Las Vegas Strip Street Circuit,Lance Stroll,STR,Aston Martin,12.210529376036865,13
2025,22,Las Vegas Grand Prix,2025-11-23,Las Vegas Strip Street Circuit,Pierre Gasly,GAS,Alpine F1 Team,12.329425204494942,14
2025,22,Las Vegas Grand Prix,2025-11-23,Las Vegas Strip Street Circuit,Alexander Albon,ALB,Williams,12.515848547971506,15
2025,22,Las Vegas Grand Prix,2025-11-23,Las Vegas Strip Street Circuit,Oliver Bearman,BEA,Haas F1 Team,12.74346608631068,16
2025,22,Las Vegas Grand Prix,2025-11-23,Las Vegas Strip Street Circuit,Nico Hülkenberg,HUL,Sauber,12.979243852841858,17
2025,22,Las Vegas Grand Prix,2025-11-23,Las Vegas Strip Street Circuit,Esteban Ocon,OCO,Haas F1 Team,13.442130731096928,18
2025,22,Las Vegas Grand Prix,2025-11-23,Las Vegas Strip Street Circuit,Franco Colapinto,COL,Alpine F1 Team,15.360125642108125,19
2025,22,Las Vegas Grand Prix,2025-11-23,Las Vegas Strip Street Circuit,Gabriel Bortoleto,BOR,Sauber,16.201011333382677,20
2025,23,Qatar Grand Prix,2025-11-30,Losail International Circuit,Max Verstappen,VER,Red Bull,1.3110655848342716,1
2025,23,Qatar Grand Prix,2025-11-30,Losail International Circuit,Lando Norris,NOR,McLaren,3.204837637977761,2
2025,23,Qatar Grand Prix,2025-11-30,Losail International Circuit,Oscar Piastri,PIA,McLaren,3.665682563200891,3
2025,23,Qatar Grand Prix,2025-11-30,Losail International Circuit,George Russell,RUS,Mercedes,5.562696594304841,4
2025,23,Qatar Grand Prix,2025-11-30,Losail International Circuit,Andrea Kimi Antonelli,ANT,Mercedes,6.792726327437988,5
2025,23,Qatar Grand Prix,2025-11-30,Losail International Circuit,Carlos Sainz,SAI,Williams,6.865550682300213,6
2025,23,Qatar Grand Prix,2025-11-30,Losail International Circuit,Charles Leclerc,LEC,Ferrari,8.207709246408514,7
2025,23,Qatar Grand Prix,2025-11-30,Losail International Circuit,Isack Hadjar,HAD,RB F1 Team,8.409851806948888,8
2025,23,Qatar Grand Prix,2025-11-30,Losail International Circuit,Fernando Alonso,ALO,Aston Martin,10.069922995537281,9
2025,23,Qatar Grand Prix,2025-11-30,Losail International Circuit,Lewis Hamilton,HAM,Ferrari,10.983250519678176,10
2025,23,Qatar Grand Prix,2025-11-30,Losail International Circuit,Yuki Tsunoda,TSU,Red Bull,11.092417377982668,11
2025,23,Qatar Grand Prix,2025-11-30,Losail International Circuit,Alexander Albon,ALB,Williams,12.252800848881225,12
2025,23,Qatar Grand Prix,2025-11-30,Losail International Circuit,Pierre Gasly,GAS,Alpine F1 Team,12.453475692308517,13
2025,23,Qatar Grand Prix,2025-11-30,Losail International Circuit,Nico Hülkenberg,HUL,Sauber,12.515588109497607,14
2025,23,Qatar Grand Prix,2025-11-30,Losail International Circuit,Oliver Bearman,BEA,Haas F1 Team,12.632311061448908,15
2025,23,Qatar Grand Prix,2025-11-30,Losail International Circuit,Liam Lawson,LAW,RB F1 Team,13.132430251861557,16
2025,23,Qatar Grand Prix,2025-11-30,Losail International Circuit,Lance Stroll,STR,Aston Martin,14.421565361849636,17
2025,23,Qatar Grand Prix,2025-11-30,Losail International Circuit,Gabriel Bortoleto,BOR,Sauber,14.827400334334756,18
2025,23,Qatar Grand Prix,2025-11-30,Losail International Circuit,Esteban Ocon,OCO,Haas F1 Team,14.887810755855213,19
2025,23,Qatar Grand Prix,2025-11-30,Losail International Circuit,Franco Colapinto,COL,Alpine F1 Team,16.16052020647487,20
2025,24,Abu Dhabi Grand Prix,2025-12-07,Yas Marina Circuit,Max Verstappen,VER,Red Bull,1.826482822481038,1
2025,24,Abu Dhabi Grand Prix,2025-12-07,Yas Marina Circuit,Lando Norris,NOR,McLaren,2.8568597742883317,2
2025,24,Abu Dhabi Grand Prix,2025-12-07,Yas Marina Circuit,George Russell,RUS,Mercedes,4.183939692952103,3
2025,24,Abu Dhabi Grand Prix,2025-12-07,Yas Marina Circuit,Oscar Piastri,PIA,McLaren,4.506244161330502,4
2025,24,Abu Dhabi Grand Prix,2025-12-07,Yas Marina Circuit,Charles Leclerc,LEC,Ferrari,5.700826770933313,5
2025,24,Abu Dhabi Grand Prix,2025-12-07,Yas Marina Circuit,Andrea Kimi Antonelli,ANT,Mercedes,8.929585195049665,6
2025,24,Abu Dhabi Grand Prix,2025-12-07,Yas Marina Circuit,Fernando Alonso,ALO,Aston Martin,8.980454567320326,7
2025,24,Abu Dhabi Grand Prix,2025-12-07,Yas Marina Circuit,Gabriel Bortoleto,BOR,Sauber,9.480142061860892,8
2025,24,Abu Dhabi Grand Prix,2025-12-07,Yas Marina Circuit,Oliver Bearman,BEA,Haas F1 Team,10.280048777903714,9
2025,24,Abu Dhabi Grand Prix,2025-12-07,Yas Marina Circuit,Esteban Ocon,OCO,Haas F1 Team,10.526044848687773,10
2025,24,Abu Dhabi Grand Prix,2025-12-07,Yas Marina Circuit,Isack Hadjar,HAD,RB F1 Team,10.928653590115697,11
2025,24,Abu Dhabi Grand Prix,2025-12-07,Yas Marina Circuit,Lewis Hamilton,HAM,Ferrari,11.151890029766925,12
2025,24,Abu Dhabi Grand Prix,2025-12-07,Yas Marina Circuit,Yuki Tsunoda,TSU,Red Bull,11.275212208918388,13
2025,24,Abu Dhabi Grand Prix,2025-12-07,Yas Marina Circuit,Carlos Sainz,SAI,Williams,11.304343785028133,14
2025,24,Abu Dhabi Grand Prix,2025-12-07,Yas Marina Circuit,Nico Hülkenberg,HUL,Sauber,13.028895130611579,15
2025,24,Abu Dhabi Grand Prix,2025-12-07,Yas Marina Circuit,Liam Lawson,LAW,RB F1 Team,13.11414380726242,16
2025,24,Abu Dhabi Grand Prix,2025-12-07,Yas Marina Circuit,Alexander Albon,ALB,Williams,13.795118426855826,17
2025,24,Abu Dhabi Grand Prix,2025-12-07,Yas Marina Circuit,Lance Stroll,STR,Aston Martin,13.946969409010542,18
2025,24,Abu Dhabi Grand Prix,2025-12-07,Yas Marina Circuit,Franco Colapinto,COL,Alpine F1 Team,15.824149225067657,19
2025,24,Abu Dhabi Grand Prix,2025-12-07,Yas Marina Circuit,Pierre Gasly,GAS,Alpine F1 Team,16.23708831409005,20
2026,1,Australian Grand Prix,2026-03-08,Albert Park Grand Prix Circuit,George Russell,RUS,Mercedes,3.0941218390764322,1
2026,1,Australian Grand Prix,2026-03-08,Albert Park Grand Prix Circuit,Andrea Kimi Antonelli,ANT,Mercedes,3.856385869927005,2
2026,1,Australian Grand Prix,2026-03-08,Albert Park Grand Prix Circuit,Charles Leclerc,LEC,Ferrari,4.331502473973675,3
2026,1,Australian Grand Prix,2026-03-08,Albert Park Grand Prix Circuit,Oscar Piastri,PIA,McLaren,5.483295821271279,4
2026,1,Australian Grand Prix,2026-03-08,Albert Park Grand Prix Circuit,Isack Hadjar,HAD,Red Bull,5.87985044773187,5
2026,1,Australian Grand Prix,2026-03-08,Albert Park Grand Prix Circuit,Lando Norris,NOR,McLaren,6.141878550562208,6
2026,1,Australian Grand Prix,2026-03-08,Albert Park Grand Prix Circuit,Lewis Hamilton,HAM,Ferrari,6.367434399639844,7
2026,1,Australian Grand Prix,2026-03-08,Albert Park Grand Prix Circuit,Max Verstappen,VER,Red Bull,7.616021318032702,8
2026,1,Australian Grand Prix,2026-03-08,Albert Park Grand Prix Circuit,Arvid Lindblad,LIN,RB F1 Team,10.354834483258626,9
2026,1,Australian Grand Prix,2026-03-08,Albert Park Grand Prix Circuit,Liam Lawson,LAW,RB F1 Team,10.839176713231817,10
2026,1,Australian Grand Prix,2026-03-08,Albert Park Grand Prix Circuit,Oliver Bearman,BEA,Haas F1 Team,11.186387177970554,11
2026,1,Australian Grand Prix,2026-03-08,Albert Park Grand Prix Circuit,Gabriel Bortoleto,BOR,Audi,11.46456773236968,12
2026,1,Australian Grand Prix,2026-03-08,Albert Park Grand Prix Circuit,Nico Hülkenberg,HUL,Audi,11.90961582620817,13
2026,1,Australian Grand Prix,2026-03-08,Albert Park Grand Prix Circuit,Esteban Ocon,OCO,Haas F1 Team,12.205926441217283,14
2026,1,Australian Grand Prix,2026-03-08,Albert Park Grand Prix Circuit,Carlos Sainz,SAI,Williams,12.306092970282059,15
2026,1,Australian Grand Prix,2026-03-08,Albert Park Grand Prix Circuit,Alexander Albon,ALB,Williams,13.854143785152761,16
2026,1,Australian Grand Prix,2026-03-08,Albert Park Grand Prix Circuit,Pierre Gasly,GAS,Alpine F1 Team,14.578068827105273,17
2026,1,Australian Grand Prix,2026-03-08,Albert Park Grand Prix Circuit,Franco Colapinto,COL,Alpine F1 Team,14.97261414216092,18
2026,1,Australian Grand Prix,2026-03-08,Albert Park Grand Prix Circuit,Fernando Alonso,ALO,Aston Martin,15.083669386184077,19
2026,1,Australian Grand Prix,2026-03-08,Albert Park Grand Prix Circuit,Valtteri Bottas,BOT,Cadillac F1 Team,16.169011756994646,20
2026,1,Australian Grand Prix,2026-03-08,Albert Park Grand Prix Circuit,Sergio Pérez,PER,Cadillac F1 Team,16.24202140369826,21
2026,1,Australian Grand Prix,2026-03-08,Albert Park Grand Prix Circuit,Lance Stroll,STR,Aston Martin,17.44552130257787,22
2026,2,Chinese Grand Prix,2026-03-15,Shanghai International Circuit,George Russell,RUS,Mercedes,3.414542316713178,1
2026,2,Chinese Grand Prix,2026-03-15,Shanghai International Circuit,Andrea Kimi Antonelli,ANT,Mercedes,3.5499515791826837,2
2026,2,Chinese Grand Prix,2026-03-15,Shanghai International Circuit,Lewis Hamilton,HAM,Ferrari,4.635329808200307,3
2026,2,Chinese Grand Prix,2026-03-15,Shanghai International Circuit,Charles Leclerc,LEC,Ferrari,4.950180067120438,4
2026,2,Chinese Grand Prix,2026-03-15,Shanghai International Circuit,Lando Norris,NOR,McLaren,5.756451906064836,5
2026,2,Chinese Grand Prix,2026-03-15,Shanghai International Circuit,Oscar Piastri,PIA,McLaren,6.663959582280174,6
2026,2,Chinese Grand Prix,2026-03-15,Shanghai International Circuit,Max Verstappen,VER,Red Bull,7.321729358862479,7
2026,2,Chinese Grand Prix,2026-03-15,Shanghai International Circuit,Isack Hadjar,HAD,Red Bull,9.049433834895572,8
2026,2,Chinese Grand Prix,2026-03-15,Shanghai International Circuit,Pierre Gasly,GAS,Alpine F1 Team,9.690657150178387,9
2026,2,Chinese Grand Prix,2026-03-15,Shanghai International Circuit,Oliver Bearman,BEA,Haas F1 Team,9.984786574701998,10
2026,2,Chinese Grand Prix,2026-03-15,Shanghai International Circuit,Liam Lawson,LAW,RB F1 Team,12.304296933578058,11
2026,2,Chinese Grand Prix,2026-03-15,Shanghai International Circuit,Nico Hülkenberg,HUL,Audi,12.335591567957591,12
2026,2,Chinese Grand Prix,2026-03-15,Shanghai International Circuit,Esteban Ocon,OCO,Haas F1 Team,13.091319377477324,13
2026,2,Chinese Grand Prix,2026-03-15,Shanghai International Circuit,Franco Colapinto,COL,Alpine F1 Team,13.581899105221183,14
2026,2,Chinese Grand Prix,2026-03-15,Shanghai International Circuit,Carlos Sainz,SAI,Williams,13.71486310137598,15
2026,2,Chinese Grand Prix,2026-03-15,Shanghai International Circuit,Arvid Lindblad,LIN,RB F1 Team,13.8245621916605,16
2026,2,Chinese Grand Prix,2026-03-15,Shanghai International Circuit,Gabriel Bortoleto,BOR,Audi,14.439457754465073,17
2026,2,Chinese Grand Prix,2026-03-15,Shanghai International Circuit,Fernando Alonso,ALO,Aston Martin,15.062576981142962,18
2026,2,Chinese Grand Prix,2026-03-15,Shanghai International Circuit,Sergio Pérez,PER,Cadillac F1 Team,15.872470473635747,19
2026,2,Chinese Grand Prix,2026-03-15,Shanghai International Circuit,Alexander Albon,ALB,Williams,16.377160049586056,20
2026,2,Chinese Grand Prix,2026-03-15,Shanghai International Circuit,Lance Stroll,STR,Aston Martin,16.41867509877817,21
2026,2,Chinese Grand Prix,2026-03-15,Shanghai International Circuit,Valtteri Bottas,BOT,Cadillac F1 Team,16.609215702364875,22
2026,3,Japanese Grand Prix,2026-03-29,Suzuka Circuit,Andrea Kimi Antonelli,ANT,Mercedes,2.4987827968896212,1
2026,3,Japanese Grand Prix,2026-03-29,Suzuka Circuit,George Russell,RUS,Mercedes,2.8647232045365842,2
2026,3,Japanese Grand Prix,2026-03-29,Suzuka Circuit,Charles Leclerc,LEC,Ferrari,4.446860677728366,3
2026,3,Japanese Grand Prix,2026-03-29,Suzuka Circuit,Oscar Piastri,PIA,McLaren,4.83987943964582,4
2026,3,Japanese Grand Prix,2026-03-29,Suzuka Circuit,Lando Norris,NOR,McLaren,5.424468358978198,5
2026,3,Japanese Grand Prix,2026-03-29,Suzuka Circuit,Lewis Hamilton,HAM,Ferrari,5.478849143890044,6
2026,3,Japanese Grand Prix,2026-03-29,Suzuka Circuit,Max Verstappen,VER,Red Bull,9.397076111933231,7
2026,3,Japanese Grand Prix,2026-03-29,Suzuka Circuit,Isack Hadjar,HAD,Red Bull,9.486147164861082,8
2026,3,Japanese Grand Prix,2026-03-29,Suzuka Circuit,Pierre Gasly,GAS,Alpine F1 Team,9.653234454713735,9
2026,3,Japanese Grand Prix,2026-03-29,Suzuka Circuit,Esteban Ocon,OCO,Haas F1 Team,11.923716057950557,10
2026,3,Japanese Grand Prix,2026-03-29,Suzuka Circuit,Gabriel Bortoleto,BOR,Audi,12.097603373692392,11
2026,3,Japanese Grand Prix,2026-03-29,Suzuka Circuit,Liam Lawson,LAW,RB F1 Team,12.903326382500472,12
2026,3,Japanese Grand Prix,2026-03-29,Suzuka Circuit,Arvid Lindblad,LIN,RB F1 Team,12.997566472915985,13
2026,3,Japanese Grand Prix,2026-03-29,Suzuka Circuit,Nico Hülkenberg,HUL,Audi,13.120257790997885,14
2026,3,Japanese Grand Prix,2026-03-29,Suzuka Circuit,Carlos Sainz,SAI,Williams,13.392573810553221,15
2026,3,Japanese Grand Prix,2026-03-29,Suzuka Circuit,Oliver Bearman,BEA,Haas F1 Team,13.94128092182192,16
2026,3,Japanese Grand Prix,2026-03-29,Suzuka Circuit,Franco Colapinto,COL,Alpine F1 Team,14.22341530859291,17
2026,3,Japanese Grand Prix,2026-03-29,Suzuka Circuit,Alexander Albon,ALB,Williams,14.526553041870311,18
2026,3,Japanese Grand Prix,2026-03-29,Suzuka Circuit,Fernando Alonso,ALO,Aston Martin,15.537470273631243,19
2026,3,Japanese Grand Prix,2026-03-29,Suzuka Circuit,Sergio Pérez,PER,Cadillac F1 Team,16.582322372477055,20
2026,3,Japanese Grand Prix,2026-03-29,Suzuka Circuit,Valtteri Bottas,BOT,Cadillac F1 Team,16.943728015827862,21
2026,3,Japanese Grand Prix,2026-03-29,Suzuka Circuit,Lance Stroll,STR,Aston Martin,17.196347129058843,22
2026,4,Miami Grand Prix,2026-05-03,Miami International Autodrome,Andrea Kimi Antonelli,ANT,Mercedes,2.9393414286199944,1
2026,4,Miami Grand Prix,2026-05-03,Miami International Autodrome,Lando Norris,NOR,McLaren,3.910886078368404,2
2026,4,Miami Grand Prix,2026-05-03,Miami International Autodrome,Max Verstappen,VER,Red Bull,4.054388380789666,3
2026,4,Miami Grand Prix,2026-05-03,Miami International Autodrome,Charles Leclerc,LEC,Ferrari,4.552236483340505,4
2026,4,Miami Grand Prix,2026-05-03,Miami International Autodrome,George Russell,RUS,Mercedes,5.498372019889818,5
2026,4,Miami Grand Prix,2026-05-03,Miami International Autodrome,Lewis Hamilton,HAM,Ferrari,5.551216928717839,6
2026,4,Miami Grand Prix,2026-05-03,Miami International Autodrome,Oscar Piastri,PIA,McLaren,6.720505942252276,7
2026,4,Miami Grand Prix,2026-05-03,Miami International Autodrome,Franco Colapinto,COL,Alpine F1 Team,10.920582101094594,8
2026,4,Miami Grand Prix,2026-05-03,Miami International Autodrome,Pierre Gasly,GAS,Alpine F1 Team,11.082964052258674,9
2026,4,Miami Grand Prix,2026-05-03,Miami International Autodrome,Oliver Bearman,BEA,Haas F1 Team,12.111251406507408,10
2026,4,Miami Grand Prix,2026-05-03,Miami International Autodrome,Isack Hadjar,HAD,Red Bull,12.292240751492493,11
2026,4,Miami Grand Prix,2026-05-03,Miami International Autodrome,Nico Hülkenberg,HUL,Audi,12.74811283079557,12
2026,4,Miami Grand Prix,2026-05-03,Miami International Autodrome,Carlos Sainz,SAI,Williams,12.761168529149758,13
2026,4,Miami Grand Prix,2026-05-03,Miami International Autodrome,Liam Lawson,LAW,RB F1 Team,13.078081359142399,14
2026,4,Miami Grand Prix,2026-05-03,Miami International Autodrome,Esteban Ocon,OCO,Haas F1 Team,13.693461598156798,15
2026,4,Miami Grand Prix,2026-05-03,Miami International Autodrome,Alexander Albon,ALB,Williams,14.091076273367156,16
2026,4,Miami Grand Prix,2026-05-03,Miami International Autodrome,Gabriel Bortoleto,BOR,Audi,15.197167262502,17
2026,4,Miami Grand Prix,2026-05-03,Miami International Autodrome,Fernando Alonso,ALO,Aston Martin,15.776265716663223,18
2026,4,Miami Grand Prix,2026-05-03,Miami International Autodrome,Arvid Lindblad,LIN,RB F1 Team,15.824781501568728,19
2026,4,Miami Grand Prix,2026-05-03,Miami International Autodrome,Sergio Pérez,PER,Cadillac F1 Team,15.859321112965398,20
2026,4,Miami Grand Prix,2026-05-03,Miami International Autodrome,Lance Stroll,STR,Aston Martin,16.2901585241924,21
2026,4,Miami Grand Prix,2026-05-03,Miami International Autodrome,Valtteri Bottas,BOT,Cadillac F1 Team,17.27330043448565,22
2026,5,Canadian Grand Prix,2026-05-24,Circuit Gilles Villeneuve,Andrea Kimi Antonelli,ANT,Mercedes,3.5031132219253287,1
2026,5,Canadian Grand Prix,2026-05-24,Circuit Gilles Villeneuve,George Russell,RUS,Mercedes,3.6459519811422236,2
2026,5,Canadian Grand Prix,2026-05-24,Circuit Gilles Villeneuve,Lewis Hamilton,HAM,Ferrari,3.7324736062529595,3
2026,5,Canadian Grand Prix,2026-05-24,Circuit Gilles Villeneuve,Lando Norris,NOR,McLaren,4.863458250472504,4
2026,5,Canadian Grand Prix,2026-05-24,Circuit Gilles Villeneuve,Oscar Piastri,PIA,McLaren,5.139843437451284,5
2026,5,Canadian Grand Prix,2026-05-24,Circuit Gilles Villeneuve,Max Verstappen,VER,Red Bull,6.00182164643727,6
2026,5,Canadian Grand Prix,2026-05-24,Circuit Gilles Villeneuve,Charles Leclerc,LEC,Ferrari,7.828208424072405,7
2026,5,Canadian Grand Prix,2026-05-24,Circuit Gilles Villeneuve,Isack Hadjar,HAD,Red Bull,8.280692748318893,8
2026,5,Canadian Grand Prix,2026-05-24,Circuit Gilles Villeneuve,Arvid Lindblad,LIN,RB F1 Team,11.31818675686254,9
2026,5,Canadian Grand Prix,2026-05-24,Circuit Gilles Villeneuve,Franco Colapinto,COL,Alpine F1 Team,11.986662738652168,10
2026,5,Canadian Grand Prix,2026-05-24,Circuit Gilles Villeneuve,Carlos Sainz,SAI,Williams,12.010833517971161,11
2026,5,Canadian Grand Prix,2026-05-24,Circuit Gilles Villeneuve,Nico Hülkenberg,HUL,Audi,12.527682547985144,12
2026,5,Canadian Grand Prix,2026-05-24,Circuit Gilles Villeneuve,Liam Lawson,LAW,RB F1 Team,12.804725663619532,13
2026,5,Canadian Grand Prix,2026-05-24,Circuit Gilles Villeneuve,Gabriel Bortoleto,BOR,Audi,13.181851724578289,14
2026,5,Canadian Grand Prix,2026-05-24,Circuit Gilles Villeneuve,Pierre Gasly,GAS,Alpine F1 Team,13.659796437260217,15
2026,5,Canadian Grand Prix,2026-05-24,Circuit Gilles Villeneuve,Oliver Bearman,BEA,Haas F1 Team,13.74082705322602,16
2026,5,Canadian Grand Prix,2026-05-24,Circuit Gilles Villeneuve,Esteban Ocon,OCO,Haas F1 Team,13.796006747479856,17
2026,5,Canadian Grand Prix,2026-05-24,Circuit Gilles Villeneuve,Fernando Alonso,ALO,Aston Martin,14.654972723763002,18
2026,5,Canadian Grand Prix,2026-05-24,Circuit Gilles Villeneuve,Alexander Albon,ALB,Williams,15.054470220935926,19
2026,5,Canadian Grand Prix,2026-05-24,Circuit Gilles Villeneuve,Sergio Pérez,PER,Cadillac F1 Team,15.91765382915909,20
2026,5,Canadian Grand Prix,2026-05-24,Circuit Gilles Villeneuve,Lance Stroll,STR,Aston Martin,16.228558830597127,21
2026,5,Canadian Grand Prix,2026-05-24,Circuit Gilles Villeneuve,Valtteri Bottas,BOT,Cadillac F1 Team,16.858313409285273,22
2026,6,Monaco Grand Prix,2026-06-07,Circuit de Monaco,Andrea Kimi Antonelli,ANT,Mercedes,2.8216712391395675,1
2026,6,Monaco Grand Prix,2026-06-07,Circuit de Monaco,Lewis Hamilton,HAM,Ferrari,3.4350799770309655,2
2026,6,Monaco Grand Prix,2026-06-07,Circuit de Monaco,Max Verstappen,VER,Red Bull,3.8669163839093925,3
2026,6,Monaco Grand Prix,2026-06-07,Circuit de Monaco,Charles Leclerc,LEC,Ferrari,4.088631844816854,4
2026,6,Monaco Grand Prix,2026-06-07,Circuit de Monaco,George Russell,RUS,Mercedes,5.519240040534704,5
2026,6,Monaco Grand Prix,2026-06-07,Circuit de Monaco,Oscar Piastri,PIA,McLaren,7.165271658902768,6
2026,6,Monaco Grand Prix,2026-06-07,Circuit de Monaco,Isack Hadjar,HAD,Red Bull,7.535157416823645,7
2026,6,Monaco Grand Prix,2026-06-07,Circuit de Monaco,Lando Norris,NOR,McLaren,8.830643075368183,8
2026,6,Monaco Grand Prix,2026-06-07,Circuit de Monaco,Pierre Gasly,GAS,Alpine F1 Team,10.245261654823075,9
2026,6,Monaco Grand Prix,2026-06-07,Circuit de Monaco,Liam Lawson,LAW,RB F1 Team,11.75872748821281,10
2026,6,Monaco Grand Prix,2026-06-07,Circuit de Monaco,Carlos Sainz,SAI,Williams,12.312962892543856,11
2026,6,Monaco Grand Prix,2026-06-07,Circuit de Monaco,Nico Hülkenberg,HUL,Audi,12.913365945789675,12
2026,6,Monaco Grand Prix,2026-06-07,Circuit de Monaco,Alexander Albon,ALB,Williams,12.991106498649735,13
2026,6,Monaco Grand Prix,2026-06-07,Circuit de Monaco,Franco Colapinto,COL,Alpine F1 Team,13.270500060978135,14
2026,6,Monaco Grand Prix,2026-06-07,Circuit de Monaco,Gabriel Bortoleto,BOR,Audi,13.615417677694696,15
2026,6,Monaco Grand Prix,2026-06-07,Circuit de Monaco,Arvid Lindblad,LIN,RB F1 Team,13.941086803449526,16
2026,6,Monaco Grand Prix,2026-06-07,Circuit de Monaco,Esteban Ocon,OCO,Haas F1 Team,14.3139636603454,17
2026,6,Monaco Grand Prix,2026-06-07,Circuit de Monaco,Oliver Bearman,BEA,Haas F1 Team,14.364876684016334,18
2026,6,Monaco Grand Prix,2026-06-07,Circuit de Monaco,Sergio Pérez,PER,Cadillac F1 Team,15.175230850671396,19
2026,6,Monaco Grand Prix,2026-06-07,Circuit de Monaco,Fernando Alonso,ALO,Aston Martin,16.950347869542046,20
2026,6,Monaco Grand Prix,2026-06-07,Circuit de Monaco,Lance Stroll,STR,Aston Martin,17.78874880291894,21
2026,6,Monaco Grand Prix,2026-06-07,Circuit de Monaco,Valtteri Bottas,BOT,Cadillac F1 Team,18.54586895593271,22
2026,7,Barcelona Grand Prix,2026-06-14,Circuit de Barcelona-Catalunya,George Russell,RUS,Mercedes,3.109101862735399,1
2026,7,Barcelona Grand Prix,2026-06-14,Circuit de Barcelona-Catalunya,Lewis Hamilton,HAM,Ferrari,3.491677049958528,2
2026,7,Barcelona Grand Prix,2026-06-14,Circuit de Barcelona-Catalunya,Andrea Kimi Antonelli,ANT,Mercedes,4.040852198111156,3
2026,7,Barcelona Grand Prix,2026-06-14,Circuit de Barcelona-Catalunya,Lando Norris,NOR,McLaren,4.737769394795346,4
2026,7,Barcelona Grand Prix,2026-06-14,Circuit de Barcelona-Catalunya,Oscar Piastri,PIA,McLaren,6.267939524180674,5
2026,7,Barcelona Grand Prix,2026-06-14,Circuit de Barcelona-Catalunya,Max Verstappen,VER,Red Bull,6.4019816823224795,6
2026,7,Barcelona Grand Prix,2026-06-14,Circuit de Barcelona-Catalunya,Isack Hadjar,HAD,Red Bull,7.2477462594106985,7
2026,7,Barcelona Grand Prix,2026-06-14,Circuit de Barcelona-Catalunya,Charles Leclerc,LEC,Ferrari,8.245856186370336,8
2026,7,Barcelona Grand Prix,2026-06-14,Circuit de Barcelona-Catalunya,Liam Lawson,LAW,RB F1 Team,10.107645333271325,9
2026,7,Barcelona Grand Prix,2026-06-14,Circuit de Barcelona-Catalunya,Nico Hülkenberg,HUL,Audi,11.082135328022053,10
2026,7,Barcelona Grand Prix,2026-06-14,Circuit de Barcelona-Catalunya,Pierre Gasly,GAS,Alpine F1 Team,11.710672316700986,11
2026,7,Barcelona Grand Prix,2026-06-14,Circuit de Barcelona-Catalunya,Arvid Lindblad,LIN,RB F1 Team,11.73261871898719,12
2026,7,Barcelona Grand Prix,2026-06-14,Circuit de Barcelona-Catalunya,Franco Colapinto,COL,Alpine F1 Team,12.002012946393325,13
2026,7,Barcelona Grand Prix,2026-06-14,Circuit de Barcelona-Catalunya,Gabriel Bortoleto,BOR,Audi,12.134140393206174,14
2026,7,Barcelona Grand Prix,2026-06-14,Circuit de Barcelona-Catalunya,Oliver Bearman,BEA,Haas F1 Team,13.596003736708033,15
2026,7,Barcelona Grand Prix,2026-06-14,Circuit de Barcelona-Catalunya,Carlos Sainz,SAI,Williams,14.418639428443544,16
2026,7,Barcelona Grand Prix,2026-06-14,Circuit de Barcelona-Catalunya,Esteban Ocon,OCO,Haas F1 Team,14.468560509904284,17
2026,7,Barcelona Grand Prix,2026-06-14,Circuit de Barcelona-Catalunya,Alexander Albon,ALB,Williams,15.521344612272333,18
2026,7,Barcelona Grand Prix,2026-06-14,Circuit de Barcelona-Catalunya,Sergio Pérez,PER,Cadillac F1 Team,16.29216196507688,19
2026,7,Barcelona Grand Prix,2026-06-14,Circuit de Barcelona-Catalunya,Valtteri Bottas,BOT,Cadillac F1 Team,17.22625482745354,20
2026,7,Barcelona Grand Prix,2026-06-14,Circuit de Barcelona-Catalunya,Lance Stroll,STR,Aston Martin,17.897836973217462,21
2026,7,Barcelona Grand Prix,2026-06-14,Circuit de Barcelona-Catalunya,Fernando Alonso,ALO,Aston Martin,17.974216844497494,22
2026,8,Austrian Grand Prix,2026-06-28,Red Bull Ring,George Russell,RUS,Mercedes,3.1190935512157796,1
2026,8,Austrian Grand Prix,2026-06-28,Red Bull Ring,Lewis Hamilton,HAM,Ferrari,3.3496902892661247,2
2026,8,Austrian Grand Prix,2026-06-28,Red Bull Ring,Andrea Kimi Antonelli,ANT,Mercedes,3.725738132144337,3
2026,8,Austrian Grand Prix,2026-06-28,Red Bull Ring,Charles Leclerc,LEC,Ferrari,4.497948386856089,4
2026,8,Austrian Grand Prix,2026-06-28,Red Bull Ring,Lando Norris,NOR,McLaren,5.7191370963591925,5
2026,8,Austrian Grand Prix,2026-06-28,Red Bull Ring,Max Verstappen,VER,Red Bull,6.257548398106104,6
2026,8,Austrian Grand Prix,2026-06-28,Red Bull Ring,Oscar Piastri,PIA,McLaren,6.277680865330851,7
2026,8,Austrian Grand Prix,2026-06-28,Red Bull Ring,Isack Hadjar,HAD,Red Bull,8.689597056450026,8
2026,8,Austrian Grand Prix,2026-06-28,Red Bull Ring,Liam Lawson,LAW,RB F1 Team,10.304331066780302,9
2026,8,Austrian Grand Prix,2026-06-28,Red Bull Ring,Pierre Gasly,GAS,Alpine F1 Team,10.635868110837302,10
2026,8,Austrian Grand Prix,2026-06-28,Red Bull Ring,Arvid Lindblad,LIN,RB F1 Team,10.963823746657162,11
2026,8,Austrian Grand Prix,2026-06-28,Red Bull Ring,Gabriel Bortoleto,BOR,Audi,12.07150002774675,12
2026,8,Austrian Grand Prix,2026-06-28,Red Bull Ring,Franco Colapinto,COL,Alpine F1 Team,12.09128995571903,13
2026,8,Austrian Grand Prix,2026-06-28,Red Bull Ring,Oliver Bearman,BEA,Haas F1 Team,13.52641133395406,14
2026,8,Austrian Grand Prix,2026-06-28,Red Bull Ring,Nico Hülkenberg,HUL,Audi,14.01729938700444,15
2026,8,Austrian Grand Prix,2026-06-28,Red Bull Ring,Esteban Ocon,OCO,Haas F1 Team,14.221572983714731,16
2026,8,Austrian Grand Prix,2026-06-28,Red Bull Ring,Alexander Albon,ALB,Williams,15.239137788669284,17
2026,8,Austrian Grand Prix,2026-06-28,Red Bull Ring,Carlos Sainz,SAI,Williams,15.615124087318945,18
2026,8,Austrian Grand Prix,2026-06-28,Red Bull Ring,Fernando Alonso,ALO,Aston Martin,17.00740538123001,19
2026,8,Austrian Grand Prix,2026-06-28,Red Bull Ring,Lance Stroll,STR,Aston Martin,17.175672960263643,20
2026,8,Austrian Grand Prix,2026-06-28,Red Bull Ring,Sergio Pérez,PER,Cadillac F1 Team,18.026489996049712,21
2026,8,Austrian Grand Prix,2026-06-28,Red Bull Ring,Valtteri Bottas,BOT,Cadillac F1 Team,19.235784316178282,22
2026,9,British Grand Prix,2026-07-05,Silverstone Circuit,Andrea Kimi Antonelli,ANT,Mercedes,3.5209498166235833,1
2026,9,British Grand Prix,2026-07-05,Silverstone Circuit,Lewis Hamilton,HAM,Ferrari,3.620141752317353,2
2026,9,British Grand Prix,2026-07-05,Silverstone Circuit,George Russell,RUS,Mercedes,4.910723978330104,3
2026,9,British Grand Prix,2026-07-05,Silverstone Circuit,Charles Leclerc,LEC,Ferrari,5.071533241947794,4
2026,9,British Grand Prix,2026-07-05,Silverstone Circuit,Lando Norris,NOR,McLaren,5.460985967764874,5
2026,9,British Grand Prix,2026-07-05,Silverstone Circuit,Isack Hadjar,HAD,Red Bull,6.615587936986151,6
2026,9,British Grand Prix,2026-07-05,Silverstone Circuit,Max Verstappen,VER,Red Bull,7.696609561289373,7
2026,9,British Grand Prix,2026-07-05,Silverstone Circuit,Oscar Piastri,PIA,McLaren,7.974221338801039,8
2026,9,British Grand Prix,2026-07-05,Silverstone Circuit,Arvid Lindblad,LIN,RB F1 Team,10.853039227670893,9
2026,9,British Grand Prix,2026-07-05,Silverstone Circuit,Liam Lawson,LAW,RB F1 Team,11.076068176920202,10
2026,9,British Grand Prix,2026-07-05,Silverstone Circuit,Pierre Gasly,GAS,Alpine F1 Team,12.285443227161556,11
2026,9,British Grand Prix,2026-07-05,Silverstone Circuit,Gabriel Bortoleto,BOR,Audi,12.50878739204615,12
2026,9,British Grand Prix,2026-07-05,Silverstone Circuit,Franco Colapinto,COL,Alpine F1 Team,13.279357686341408,13
2026,9,British Grand Prix,2026-07-05,Silverstone Circuit,Nico Hülkenberg,HUL,Audi,13.37779416249855,14
2026,9,British Grand Prix,2026-07-05,Silverstone Circuit,Oliver Bearman,BEA,Haas F1 Team,13.8974810753463,15
2026,9,British Grand Prix,2026-07-05,Silverstone Circuit,Esteban Ocon,OCO,Haas F1 Team,14.518004040765577,16
2026,9,British Grand Prix,2026-07-05,Silverstone Circuit,Carlos Sainz,SAI,Williams,14.940219781385824,17
2026,9,British Grand Prix,2026-07-05,Silverstone Circuit,Alexander Albon,ALB,Williams,14.959379981020366,18
2026,9,British Grand Prix,2026-07-05,Silverstone Circuit,Sergio Pérez,PER,Cadillac F1 Team,16.036885934550398,19
2026,9,British Grand Prix,2026-07-05,Silverstone Circuit,Fernando Alonso,ALO,Aston Martin,16.97810039007782,20
2026,9,British Grand Prix,2026-07-05,Silverstone Circuit,Lance Stroll,STR,Aston Martin,17.175455350982105,21
2026,9,British Grand Prix,2026-07-05,Silverstone Circuit,Valtteri Bottas,BOT,Cadillac F1 Team,17.334137946385912,22
2026,10,Belgian Grand Prix,2026-07-19,Circuit de Spa-Francorchamps,Andrea Kimi Antonelli,ANT,Mercedes,3.203496882700942,1
2026,10,Belgian Grand Prix,2026-07-19,Circuit de Spa-Francorchamps,Max Verstappen,VER,Red Bull,3.624050262945721,2
2026,10,Belgian Grand Prix,2026-07-19,Circuit de Spa-Francorchamps,George Russell,RUS,Mercedes,4.331740566067002,3
2026,10,Belgian Grand Prix,2026-07-19,Circuit de Spa-Francorchamps,Lewis Hamilton,HAM,Ferrari,4.404848565943165,4
2026,10,Belgian Grand Prix,2026-07-19,Circuit de Spa-Francorchamps,Charles Leclerc,LEC,Ferrari,5.1147795332483765,5
2026,10,Belgian Grand Prix,2026-07-19,Circuit de Spa-Francorchamps,Lando Norris,NOR,McLaren,5.44219081996449,6
2026,10,Belgian Grand Prix,2026-07-19,Circuit de Spa-Francorchamps,Oscar Piastri,PIA,McLaren,6.913196926387621,7
2026,10,Belgian Grand Prix,2026-07-19,Circuit de Spa-Francorchamps,Isack Hadjar,HAD,Red Bull,8.73300545971108,8
2026,10,Belgian Grand Prix,2026-07-19,Circuit de Spa-Francorchamps,Arvid Lindblad,LIN,RB F1 Team,9.318991163350372,9
2026,10,Belgian Grand Prix,2026-07-19,Circuit de Spa-Francorchamps,Liam Lawson,LAW,RB F1 Team,9.589826594466798,10
2026,10,Belgian Grand Prix,2026-07-19,Circuit de Spa-Francorchamps,Gabriel Bortoleto,BOR,Audi,10.809103070016116,11
2026,10,Belgian Grand Prix,2026-07-19,Circuit de Spa-Francorchamps,Pierre Gasly,GAS,Alpine F1 Team,11.221565084493253,12
2026,10,Belgian Grand Prix,2026-07-19,Circuit de Spa-Francorchamps,Franco Colapinto,COL,Alpine F1 Team,12.394361117452956,13
2026,10,Belgian Grand Prix,2026-07-19,Circuit de Spa-Francorchamps,Nico Hülkenberg,HUL,Audi,13.498669629738746,14
2026,10,Belgian Grand Prix,2026-07-19,Circuit de Spa-Francorchamps,Oliver Bearman,BEA,Haas F1 Team,13.777632169104024,15
2026,10,Belgian Grand Prix,2026-07-19,Circuit de Spa-Francorchamps,Esteban Ocon,OCO,Haas F1 Team,14.416090090072263,16
2026,10,Belgian Grand Prix,2026-07-19,Circuit de Spa-Francorchamps,Alexander Albon,ALB,Williams,14.972147993293614,17
2026,10,Belgian Grand Prix,2026-07-19,Circuit de Spa-Francorchamps,Carlos Sainz,SAI,Williams,15.905958455599345,18
2026,10,Belgian Grand Prix,2026-07-19,Circuit de Spa-Francorchamps,Sergio Pérez,PER,Cadillac F1 Team,16.835427900571702,19
2026,10,Belgian Grand Prix,2026-07-19,Circuit de Spa-Francorchamps,Valtteri Bottas,BOT,Cadillac F1 Team,17.097542329802984,20
2026,10,Belgian Grand Prix,2026-07-19,Circuit de Spa-Francorchamps,Fernando Alonso,ALO,Aston Martin,17.683034806944942,21
2026,10,Belgian Grand Prix,2026-07-19,Circuit de Spa-Francorchamps,Lance Stroll,STR,Aston Martin,17.72339712875827,22
2026,11,Hungarian Grand Prix,2026-07-26,Hungaroring,Lando Norris,NOR,McLaren,2.9478505150962278,1
2026,11,Hungarian Grand Prix,2026-07-26,Hungaroring,Charles Leclerc,LEC,Ferrari,3.4619380041855266,2
2026,11,Hungarian Grand Prix,2026-07-26,Hungaroring,Lewis Hamilton,HAM,Ferrari,3.7641337728367343,3
2026,11,Hungarian Grand Prix,2026-07-26,Hungaroring,Andrea Kimi Antonelli,ANT,Mercedes,5.0235525283588895,4
2026,11,Hungarian Grand Prix,2026-07-26,Hungaroring,Max Verstappen,VER,Red Bull,5.249860257344863,5
2026,11,Hungarian Grand Prix,2026-07-26,Hungaroring,Oscar Piastri,PIA,McLaren,5.282728660159234,6
2026,11,Hungarian Grand Prix,2026-07-26,Hungaroring,George Russell,RUS,Mercedes,6.455010028128283,7
2026,11,Hungarian Grand Prix,2026-07-26,Hungaroring,Isack Hadjar,HAD,Red Bull,7.273507944240917,8
2026,11,Hungarian Grand Prix,2026-07-26,Hungaroring,Arvid Lindblad,LIN,RB F1 Team,10.5348026343609,9
2026,11,Hungarian Grand Prix,2026-07-26,Hungaroring,Liam Lawson,LAW,RB F1 Team,10.972258553253958,10
2026,11,Hungarian Grand Prix,2026-07-26,Hungaroring,Nico Hülkenberg,HUL,Audi,11.676821797553727,11
2026,11,Hungarian Grand Prix,2026-07-26,Hungaroring,Pierre Gasly,GAS,Alpine F1 Team,12.264473596272648,12
2026,11,Hungarian Grand Prix,2026-07-26,Hungaroring,Gabriel Bortoleto,BOR,Audi,12.523401631919839,13
2026,11,Hungarian Grand Prix,2026-07-26,Hungaroring,Esteban Ocon,OCO,Haas F1 Team,13.930988729929684,14
2026,11,Hungarian Grand Prix,2026-07-26,Hungaroring,Franco Colapinto,COL,Alpine F1 Team,14.889602782042768,15
2026,11,Hungarian Grand Prix,2026-07-26,Hungaroring,Oliver Bearman,BEA,Haas F1 Team,15.07202061214965,16
2026,11,Hungarian Grand Prix,2026-07-26,Hungaroring,Fernando Alonso,ALO,Aston Martin,15.508546953494285,17
2026,11,Hungarian Grand Prix,2026-07-26,Hungaroring,Alexander Albon,ALB,Williams,16.011233410060928,18
2026,11,Hungarian Grand Prix,2026-07-26,Hungaroring,Lance Stroll,STR,Aston Martin,16.216335188760436,19
2026,11,Hungarian Grand Prix,2026-07-26,Hungaroring,Carlos Sainz,SAI,Williams,16.250823618424427,20
2026,11,Hungarian Grand Prix,2026-07-26,Hungaroring,Sergio Pérez,PER,Cadillac F1 Team,16.975619151661128,21
2026,11,Hungarian Grand Prix,2026-07-26,Hungaroring,Valtteri Bottas,BOT,Cadillac F1 Team,17.13519516487638,22
2026,12,Dutch Grand Prix,2026-08-23,Circuit Park Zandvoort,Lando Norris,NOR,McLaren,2.3504090967584643,1
2026,12,Dutch Grand Prix,2026-08-23,Circuit Park Zandvoort,George Russell,RUS,Mercedes,3.708279751899974,2
2026,12,Dutch Grand Prix,2026-08-23,Circuit Park Zandvoort,Andrea Kimi Antonelli,ANT,Mercedes,4.081686542415707,3
2026,12,Dutch Grand Prix,2026-08-23,Circuit Park Zandvoort,Lewis Hamilton,HAM,Ferrari,4.651526982062969,4
2026,12,Dutch Grand Prix,2026-08-23,Circuit Park Zandvoort,Oscar Piastri,PIA,McLaren,5.092777568898141,5
2026,12,Dutch Grand Prix,2026-08-23,Circuit Park Zandvoort,Charles Leclerc,LEC,Ferrari,5.873994447750644,6
2026,12,Dutch Grand Prix,2026-08-23,Circuit Park Zandvoort,Max Verstappen,VER,Red Bull,8.022699189828746,7
2026,12,Dutch Grand Prix,2026-08-23,Circuit Park Zandvoort,Liam Lawson,LAW,Red Bull,9.63879639193798,8
2026,12,Dutch Grand Prix,2026-08-23,Circuit Park Zandvoort,Gabriel Bortoleto,BOR,Audi,10.743702671544607,9
2026,12,Dutch Grand Prix,2026-08-23,Circuit Park Zandvoort,Pierre Gasly,GAS,Alpine F1 Team,11.00001265265316,10
2026,12,Dutch Grand Prix,2026-08-23,Circuit Park Zandvoort,Arvid Lindblad,LIN,RB F1 Team,11.174689206681386,11
2026,12,Dutch Grand Prix,2026-08-23,Circuit Park Zandvoort,Nico Hülkenberg,HUL,Audi,12.28250641609904,12
2026,12,Dutch Grand Prix,2026-08-23,Circuit Park Zandvoort,Franco Colapinto,COL,Alpine F1 Team,13.57226957304244,13
2026,12,Dutch Grand Prix,2026-08-23,Circuit Park Zandvoort,Yuki Tsunoda,TSU,RB F1 Team,13.706990993609438,14
2026,12,Dutch Grand Prix,2026-08-23,Circuit Park Zandvoort,Esteban Ocon,OCO,Haas F1 Team,14.583414145615333,15
2026,12,Dutch Grand Prix,2026-08-23,Circuit Park Zandvoort,Fernando Alonso,ALO,Aston Martin,15.163139290142304,16
2026,12,Dutch Grand Prix,2026-08-23,Circuit Park Zandvoort,Alexander Albon,ALB,Williams,15.671831466417595,17
2026,12,Dutch Grand Prix,2026-08-23,Circuit Park Zandvoort,Carlos Sainz,SAI,Williams,15.978536022830133,18
2026,12,Dutch Grand Prix,2026-08-23,Circuit Park Zandvoort,Lance Stroll,STR,Aston Martin,16.11899093400143,19
2026,12,Dutch Grand Prix,2026-08-23,Circuit Park Zandvoort,Oliver Bearman,BEA,Haas F1 Team,16.1470624872169,20
2026,12,Dutch Grand Prix,2026-08-23,Circuit Park Zandvoort,Sergio Pérez,PER,Cadillac F1 Team,16.256895511285183,21
2026,12,Dutch Grand Prix,2026-08-23,Circuit Park Zandvoort,Valtteri Bottas,BOT,Cadillac F1 Team,17.242363275826015,22
