season,round,race_name,race_date,circuit_id,circuit_name,driver_id,driver_code,driver_name,team_id,team_name,number,grid_position,finish_position,position_text,points,laps,status,fastest_lap_rank,fastest_lap_time,fastest_lap_speed,fastest_lap_speed_unit
2014,1,Australian Grand Prix,2014-03-16,albert_park,Albert Park Grand Prix Circuit,rosberg,ROS,Nico Rosberg,mercedes,Mercedes,6,3,1,1,25,57,Finished,1,1:32.478,206.436,kph
2014,1,Australian Grand Prix,2014-03-16,albert_park,Albert Park Grand Prix Circuit,kevin_magnussen,MAG,Kevin Magnussen,mclaren,McLaren,20,4,2,2,18,57,Finished,6,1:33.066,205.131,kph
2014,1,Australian Grand Prix,2014-03-16,albert_park,Albert Park Grand Prix Circuit,button,BUT,Jenson Button,mclaren,McLaren,22,10,3,3,15,57,Finished,5,1:32.917,205.460,kph
2014,1,Australian Grand Prix,2014-03-16,albert_park,Albert Park Grand Prix Circuit,alonso,ALO,Fernando Alonso,ferrari,Ferrari,14,5,4,4,12,57,Finished,7,1:33.186,204.867,kph
2014,1,Australian Grand Prix,2014-03-16,albert_park,Albert Park Grand Prix Circuit,bottas,BOT,Valtteri Bottas,williams,Williams,77,15,5,5,10,57,Finished,3,1:32.616,206.128,kph
2014,1,Australian Grand Prix,2014-03-16,albert_park,Albert Park Grand Prix Circuit,hulkenberg,HUL,Nico Hülkenberg,force_india,Force India,27,7,6,6,8,57,Finished,2,1:32.568,206.235,kph
2014,1,Australian Grand Prix,2014-03-16,albert_park,Albert Park Grand Prix Circuit,raikkonen,RAI,Kimi Räikkönen,ferrari,Ferrari,7,11,7,7,6,57,Finished,8,1:33.210,204.814,kph
2014,1,Australian Grand Prix,2014-03-16,albert_park,Albert Park Grand Prix Circuit,vergne,VER,Jean-Éric Vergne,toro_rosso,Toro Rosso,25,6,8,8,4,57,Finished,10,1:33.691,203.763,kph
2014,1,Australian Grand Prix,2014-03-16,albert_park,Albert Park Grand Prix Circuit,kvyat,KVY,Daniil Kvyat,toro_rosso,Toro Rosso,26,8,9,9,2,57,Finished,11,1:33.864,203.387,kph
2014,1,Australian Grand Prix,2014-03-16,albert_park,Albert Park Grand Prix Circuit,perez,PER,Sergio Pérez,force_india,Force India,11,16,10,10,1,57,Finished,4,1:32.634,206.088,kph
2014,1,Australian Grand Prix,2014-03-16,albert_park,Albert Park Grand Prix Circuit,sutil,SUT,Adrian Sutil,sauber,Sauber,99,13,11,11,0,56,+1 Lap,9,1:33.366,204.472,kph
2014,1,Australian Grand Prix,2014-03-16,albert_park,Albert Park Grand Prix Circuit,gutierrez,GUT,Esteban Gutiérrez,sauber,Sauber,21,20,12,12,0,56,+1 Lap,13,1:34.564,201.882,kph
2014,1,Australian Grand Prix,2014-03-16,albert_park,Albert Park Grand Prix Circuit,chilton,CHI,Max Chilton,marussia,Marussia,4,17,13,13,0,55,+2 Laps,12,1:34.202,202.658,kph
2014,1,Australian Grand Prix,2014-03-16,albert_park,Albert Park Grand Prix Circuit,jules_bianchi,BIA,Jules Bianchi,marussia,Marussia,17,18,14,R,0,49,+8 Laps,16,1:35.635,199.621,kph
2014,1,Australian Grand Prix,2014-03-16,albert_park,Albert Park Grand Prix Circuit,grosjean,GRO,Romain Grosjean,lotus_f1,Lotus F1,8,22,15,R,0,43,ERS,15,1:35.281,200.363,kph
2014,1,Australian Grand Prix,2014-03-16,albert_park,Albert Park Grand Prix Circuit,maldonado,MAL,Pastor Maldonado,lotus_f1,Lotus F1,13,21,16,R,0,29,ERS,14,1:34.766,201.451,kph
2014,1,Australian Grand Prix,2014-03-16,albert_park,Albert Park Grand Prix Circuit,ericsson,ERI,Marcus Ericsson,caterham,Caterham,9,19,17,R,0,27,Oil pressure,18,1:37.332,196.141,kph
2014,1,Australian Grand Prix,2014-03-16,albert_park,Albert Park Grand Prix Circuit,vettel,VET,Sebastian Vettel,red_bull,Red Bull,1,12,18,R,0,3,Engine,17,1:37.064,196.682,kph
2014,1,Australian Grand Prix,2014-03-16,albert_park,Albert Park Grand Prix Circuit,hamilton,HAM,Lewis Hamilton,mercedes,Mercedes,44,1,19,R,0,2,Engine,20,1:49.947,173.636,kph
2014,1,Australian Grand Prix,2014-03-16,albert_park,Albert Park Grand Prix Circuit,massa,MAS,Felipe Massa,williams,Williams,19,9,20,R,0,0,Collision,19,1:40.287,190.361,kph
2014,1,Australian Grand Prix,2014-03-16,albert_park,Albert Park Grand Prix Circuit,kobayashi,KOB,Kamui Kobayashi,caterham,Caterham,10,14,21,R,0,0,Collision,,,,
2014,1,Australian Grand Prix,2014-03-16,albert_park,Albert Park Grand Prix Circuit,ricciardo,RIC,Daniel Ricciardo,red_bull,Red Bull,3,2,22,D,0,57,Disqualified,,,,
2014,2,Malaysian Grand Prix,2014-03-30,sepang,Sepang International Circuit,hamilton,HAM,Lewis Hamilton,mercedes,Mercedes,44,1,1,1,25,56,Finished,1,1:43.066,193.611,kph
2014,2,Malaysian Grand Prix,2014-03-30,sepang,Sepang International Circuit,rosberg,ROS,Nico Rosberg,mercedes,Mercedes,6,3,2,2,18,56,Finished,2,1:43.960,191.946,kph
2014,2,Malaysian Grand Prix,2014-03-30,sepang,Sepang International Circuit,vettel,VET,Sebastian Vettel,red_bull,Red Bull,1,2,3,3,15,56,Finished,4,1:44.289,191.341,kph
2014,2,Malaysian Grand Prix,2014-03-30,sepang,Sepang International Circuit,alonso,ALO,Fernando Alonso,ferrari,Ferrari,14,4,4,4,12,56,Finished,3,1:44.165,191.569,kph
2014,2,Malaysian Grand Prix,2014-03-30,sepang,Sepang International Circuit,hulkenberg,HUL,Nico Hülkenberg,force_india,Force India,27,7,5,5,10,56,Finished,10,1:45.982,188.284,kph
2014,2,Malaysian Grand Prix,2014-03-30,sepang,Sepang International Circuit,button,BUT,Jenson Button,mclaren,McLaren,22,10,6,6,8,56,Finished,11,1:46.039,188.183,kph
2014,2,Malaysian Grand Prix,2014-03-30,sepang,Sepang International Circuit,massa,MAS,Felipe Massa,williams,Williams,19,13,7,7,6,56,Finished,6,1:44.897,190.232,kph
2014,2,Malaysian Grand Prix,2014-03-30,sepang,Sepang International Circuit,bottas,BOT,Valtteri Bottas,williams,Williams,77,18,8,8,4,56,Finished,9,1:45.475,189.189,kph
2014,2,Malaysian Grand Prix,2014-03-30,sepang,Sepang International Circuit,kevin_magnussen,MAG,Kevin Magnussen,mclaren,McLaren,20,8,9,9,2,55,+1 Lap,8,1:45.373,189.372,kph
2014,2,Malaysian Grand Prix,2014-03-30,sepang,Sepang International Circuit,kvyat,KVY,Daniil Kvyat,toro_rosso,Toro Rosso,26,11,10,10,1,55,+1 Lap,13,1:46.695,187.026,kph
2014,2,Malaysian Grand Prix,2014-03-30,sepang,Sepang International Circuit,grosjean,GRO,Romain Grosjean,lotus_f1,Lotus F1,8,15,11,11,0,55,+1 Lap,12,1:46.224,187.855,kph
2014,2,Malaysian Grand Prix,2014-03-30,sepang,Sepang International Circuit,raikkonen,RAI,Kimi Räikkönen,ferrari,Ferrari,7,6,12,12,0,55,+1 Lap,7,1:45.129,189.812,kph
2014,2,Malaysian Grand Prix,2014-03-30,sepang,Sepang International Circuit,kobayashi,KOB,Kamui Kobayashi,caterham,Caterham,10,20,13,13,0,55,+1 Lap,15,1:47.753,185.190,kph
2014,2,Malaysian Grand Prix,2014-03-30,sepang,Sepang International Circuit,ericsson,ERI,Marcus Ericsson,caterham,Caterham,9,22,14,14,0,54,+2 Laps,14,1:47.500,185.626,kph
2014,2,Malaysian Grand Prix,2014-03-30,sepang,Sepang International Circuit,chilton,CHI,Max Chilton,marussia,Marussia,4,21,15,15,0,54,+2 Laps,18,1:48.249,184.341,kph
2014,2,Malaysian Grand Prix,2014-03-30,sepang,Sepang International Circuit,ricciardo,RIC,Daniel Ricciardo,red_bull,Red Bull,3,5,16,R,0,49,Technical,5,1:44.675,190.635,kph
2014,2,Malaysian Grand Prix,2014-03-30,sepang,Sepang International Circuit,gutierrez,GUT,Esteban Gutiérrez,sauber,Sauber,21,12,17,R,0,35,Gearbox,16,1:47.782,185.140,kph
2014,2,Malaysian Grand Prix,2014-03-30,sepang,Sepang International Circuit,sutil,SUT,Adrian Sutil,sauber,Sauber,99,17,18,R,0,32,Electrical,17,1:48.040,184.698,kph
2014,2,Malaysian Grand Prix,2014-03-30,sepang,Sepang International Circuit,vergne,VER,Jean-Éric Vergne,toro_rosso,Toro Rosso,25,9,19,R,0,18,Power Unit,19,1:48.527,183.869,kph
2014,2,Malaysian Grand Prix,2014-03-30,sepang,Sepang International Circuit,jules_bianchi,BIA,Jules Bianchi,marussia,Marussia,17,19,20,R,0,8,Brakes,21,1:51.473,179.010,kph
2014,2,Malaysian Grand Prix,2014-03-30,sepang,Sepang International Circuit,maldonado,MAL,Pastor Maldonado,lotus_f1,Lotus F1,13,16,21,R,0,7,Engine,20,1:50.929,179.888,kph
2014,2,Malaysian Grand Prix,2014-03-30,sepang,Sepang International Circuit,perez,PER,Sergio Pérez,force_india,Force India,11,14,22,W,0,0,Withdrew,,,,
2014,3,Bahrain Grand Prix,2014-04-06,bahrain,Bahrain International Circuit,hamilton,HAM,Lewis Hamilton,mercedes,Mercedes,44,2,1,1,25,57,Finished,2,1:37.108,200.634,kph
2014,3,Bahrain Grand Prix,2014-04-06,bahrain,Bahrain International Circuit,rosberg,ROS,Nico Rosberg,mercedes,Mercedes,6,1,2,2,18,57,Finished,1,1:37.020,200.816,kph
2014,3,Bahrain Grand Prix,2014-04-06,bahrain,Bahrain International Circuit,perez,PER,Sergio Pérez,force_india,Force India,11,4,3,3,15,57,Finished,7,1:39.320,196.165,kph
2014,3,Bahrain Grand Prix,2014-04-06,bahrain,Bahrain International Circuit,ricciardo,RIC,Daniel Ricciardo,red_bull,Red Bull,3,13,4,4,12,57,Finished,4,1:39.269,196.266,kph
2014,3,Bahrain Grand Prix,2014-04-06,bahrain,Bahrain International Circuit,hulkenberg,HUL,Nico Hülkenberg,force_india,Force India,27,11,5,5,10,57,Finished,3,1:38.785,197.228,kph
2014,3,Bahrain Grand Prix,2014-04-06,bahrain,Bahrain International Circuit,vettel,VET,Sebastian Vettel,red_bull,Red Bull,1,10,6,6,8,57,Finished,6,1:39.312,196.181,kph
2014,3,Bahrain Grand Prix,2014-04-06,bahrain,Bahrain International Circuit,massa,MAS,Felipe Massa,williams,Williams,19,7,7,7,6,57,Finished,5,1:39.272,196.260,kph
2014,3,Bahrain Grand Prix,2014-04-06,bahrain,Bahrain International Circuit,bottas,BOT,Valtteri Bottas,williams,Williams,77,3,8,8,4,57,Finished,13,1:39.762,195.296,kph
2014,3,Bahrain Grand Prix,2014-04-06,bahrain,Bahrain International Circuit,alonso,ALO,Fernando Alonso,ferrari,Ferrari,14,9,9,9,2,57,Finished,12,1:39.732,195.355,kph
2014,3,Bahrain Grand Prix,2014-04-06,bahrain,Bahrain International Circuit,raikkonen,RAI,Kimi Räikkönen,ferrari,Ferrari,7,5,10,10,1,57,Finished,8,1:39.438,195.933,kph
2014,3,Bahrain Grand Prix,2014-04-06,bahrain,Bahrain International Circuit,kvyat,KVY,Daniil Kvyat,toro_rosso,Toro Rosso,26,12,11,11,0,57,Finished,15,1:40.160,194.520,kph
2014,3,Bahrain Grand Prix,2014-04-06,bahrain,Bahrain International Circuit,grosjean,GRO,Romain Grosjean,lotus_f1,Lotus F1,8,16,12,12,0,57,Finished,9,1:39.443,195.923,kph
2014,3,Bahrain Grand Prix,2014-04-06,bahrain,Bahrain International Circuit,chilton,CHI,Max Chilton,marussia,Marussia,4,21,13,13,0,57,Finished,21,1:41.825,191.340,kph
2014,3,Bahrain Grand Prix,2014-04-06,bahrain,Bahrain International Circuit,maldonado,MAL,Pastor Maldonado,lotus_f1,Lotus F1,13,17,14,14,0,57,Finished,11,1:39.666,195.484,kph
2014,3,Bahrain Grand Prix,2014-04-06,bahrain,Bahrain International Circuit,kobayashi,KOB,Kamui Kobayashi,caterham,Caterham,10,18,15,15,0,57,Finished,18,1:41.246,192.434,kph
2014,3,Bahrain Grand Prix,2014-04-06,bahrain,Bahrain International Circuit,jules_bianchi,BIA,Jules Bianchi,marussia,Marussia,17,19,16,16,0,56,+1 Lap,22,1:42.175,190.684,kph
2014,3,Bahrain Grand Prix,2014-04-06,bahrain,Bahrain International Circuit,button,BUT,Jenson Button,mclaren,McLaren,22,6,17,17,0,55,Clutch,10,1:39.565,195.683,kph
2014,3,Bahrain Grand Prix,2014-04-06,bahrain,Bahrain International Circuit,kevin_magnussen,MAG,Kevin Magnussen,mclaren,McLaren,20,8,18,R,0,40,Clutch,14,1:40.108,194.621,kph
2014,3,Bahrain Grand Prix,2014-04-06,bahrain,Bahrain International Circuit,gutierrez,GUT,Esteban Gutiérrez,sauber,Sauber,21,15,19,R,0,39,Collision,16,1:40.698,193.481,kph
2014,3,Bahrain Grand Prix,2014-04-06,bahrain,Bahrain International Circuit,ericsson,ERI,Marcus Ericsson,caterham,Caterham,9,20,20,R,0,33,Retired,17,1:41.134,192.647,kph
2014,3,Bahrain Grand Prix,2014-04-06,bahrain,Bahrain International Circuit,vergne,VER,Jean-Éric Vergne,toro_rosso,Toro Rosso,25,14,21,R,0,18,Retired,19,1:41.650,191.669,kph
2014,3,Bahrain Grand Prix,2014-04-06,bahrain,Bahrain International Circuit,sutil,SUT,Adrian Sutil,sauber,Sauber,99,22,22,R,0,17,Collision,20,1:41.791,191.403,kph
2014,4,Chinese Grand Prix,2014-04-20,shanghai,Shanghai International Circuit,hamilton,HAM,Lewis Hamilton,mercedes,Mercedes,44,1,1,1,25,54,Finished,2,1:41.196,193.916,kph
2014,4,Chinese Grand Prix,2014-04-20,shanghai,Shanghai International Circuit,rosberg,ROS,Nico Rosberg,mercedes,Mercedes,6,4,2,2,18,54,Finished,1,1:40.402,195.450,kph
2014,4,Chinese Grand Prix,2014-04-20,shanghai,Shanghai International Circuit,alonso,ALO,Fernando Alonso,ferrari,Ferrari,14,5,3,3,15,54,Finished,4,1:42.081,192.235,kph
2014,4,Chinese Grand Prix,2014-04-20,shanghai,Shanghai International Circuit,ricciardo,RIC,Daniel Ricciardo,red_bull,Red Bull,3,2,4,4,12,54,Finished,3,1:41.473,193.387,kph
2014,4,Chinese Grand Prix,2014-04-20,shanghai,Shanghai International Circuit,vettel,VET,Sebastian Vettel,red_bull,Red Bull,1,3,5,5,10,54,Finished,5,1:42.169,192.070,kph
2014,4,Chinese Grand Prix,2014-04-20,shanghai,Shanghai International Circuit,hulkenberg,HUL,Nico Hülkenberg,force_india,Force India,27,8,6,6,8,54,Finished,10,1:42.624,191.218,kph
2014,4,Chinese Grand Prix,2014-04-20,shanghai,Shanghai International Circuit,bottas,BOT,Valtteri Bottas,williams,Williams,77,7,7,7,6,54,Finished,11,1:42.660,191.151,kph
2014,4,Chinese Grand Prix,2014-04-20,shanghai,Shanghai International Circuit,raikkonen,RAI,Kimi Räikkönen,ferrari,Ferrari,7,11,8,8,4,54,Finished,8,1:42.300,191.824,kph
2014,4,Chinese Grand Prix,2014-04-20,shanghai,Shanghai International Circuit,perez,PER,Sergio Pérez,force_india,Force India,11,16,9,9,2,54,Finished,6,1:42.228,191.959,kph
2014,4,Chinese Grand Prix,2014-04-20,shanghai,Shanghai International Circuit,kvyat,KVY,Daniil Kvyat,toro_rosso,Toro Rosso,26,13,10,10,1,53,+1 Lap,17,1:43.337,189.899,kph
2014,4,Chinese Grand Prix,2014-04-20,shanghai,Shanghai International Circuit,button,BUT,Jenson Button,mclaren,McLaren,22,12,11,11,0,53,+1 Lap,18,1:43.375,189.829,kph
2014,4,Chinese Grand Prix,2014-04-20,shanghai,Shanghai International Circuit,vergne,VER,Jean-Éric Vergne,toro_rosso,Toro Rosso,25,9,12,12,0,53,+1 Lap,14,1:42.896,190.712,kph
2014,4,Chinese Grand Prix,2014-04-20,shanghai,Shanghai International Circuit,kevin_magnussen,MAG,Kevin Magnussen,mclaren,McLaren,20,15,13,13,0,53,+1 Lap,12,1:42.701,191.075,kph
2014,4,Chinese Grand Prix,2014-04-20,shanghai,Shanghai International Circuit,maldonado,MAL,Pastor Maldonado,lotus_f1,Lotus F1,13,22,14,14,0,53,+1 Lap,15,1:43.067,190.396,kph
2014,4,Chinese Grand Prix,2014-04-20,shanghai,Shanghai International Circuit,massa,MAS,Felipe Massa,williams,Williams,19,6,15,15,0,53,+1 Lap,9,1:42.379,191.676,kph
2014,4,Chinese Grand Prix,2014-04-20,shanghai,Shanghai International Circuit,gutierrez,GUT,Esteban Gutiérrez,sauber,Sauber,21,17,16,16,0,53,+1 Lap,7,1:42.257,191.904,kph
2014,4,Chinese Grand Prix,2014-04-20,shanghai,Shanghai International Circuit,jules_bianchi,BIA,Jules Bianchi,marussia,Marussia,17,19,17,17,0,53,+1 Lap,21,1:44.825,187.203,kph
2014,4,Chinese Grand Prix,2014-04-20,shanghai,Shanghai International Circuit,kobayashi,KOB,Kamui Kobayashi,caterham,Caterham,10,18,18,18,0,53,+1 Lap,16,1:43.323,189.924,kph
2014,4,Chinese Grand Prix,2014-04-20,shanghai,Shanghai International Circuit,chilton,CHI,Max Chilton,marussia,Marussia,4,21,19,19,0,52,+2 Laps,13,1:42.875,190.751,kph
2014,4,Chinese Grand Prix,2014-04-20,shanghai,Shanghai International Circuit,ericsson,ERI,Marcus Ericsson,caterham,Caterham,9,20,20,20,0,52,+2 Laps,19,1:43.620,189.380,kph
2014,4,Chinese Grand Prix,2014-04-20,shanghai,Shanghai International Circuit,grosjean,GRO,Romain Grosjean,lotus_f1,Lotus F1,8,10,21,R,0,28,Gearbox,20,1:44.366,188.026,kph
2014,4,Chinese Grand Prix,2014-04-20,shanghai,Shanghai International Circuit,sutil,SUT,Adrian Sutil,sauber,Sauber,99,14,22,R,0,5,Engine,22,1:58.376,165.773,kph
2014,5,Spanish Grand Prix,2014-05-11,catalunya,Circuit de Barcelona-Catalunya,hamilton,HAM,Lewis Hamilton,mercedes,Mercedes,44,1,1,1,25,66,Finished,3,1:29.483,187.275,kph
2014,5,Spanish Grand Prix,2014-05-11,catalunya,Circuit de Barcelona-Catalunya,rosberg,ROS,Nico Rosberg,mercedes,Mercedes,6,2,2,2,18,66,Finished,2,1:29.236,187.794,kph
2014,5,Spanish Grand Prix,2014-05-11,catalunya,Circuit de Barcelona-Catalunya,ricciardo,RIC,Daniel Ricciardo,red_bull,Red Bull,3,3,3,3,15,66,Finished,5,1:30.012,186.175,kph
2014,5,Spanish Grand Prix,2014-05-11,catalunya,Circuit de Barcelona-Catalunya,vettel,VET,Sebastian Vettel,red_bull,Red Bull,1,15,4,4,12,66,Finished,1,1:28.918,188.465,kph
2014,5,Spanish Grand Prix,2014-05-11,catalunya,Circuit de Barcelona-Catalunya,bottas,BOT,Valtteri Bottas,williams,Williams,77,4,5,5,10,66,Finished,8,1:30.424,185.326,kph
2014,5,Spanish Grand Prix,2014-05-11,catalunya,Circuit de Barcelona-Catalunya,alonso,ALO,Fernando Alonso,ferrari,Ferrari,14,7,6,6,8,66,Finished,4,1:29.898,186.411,kph
2014,5,Spanish Grand Prix,2014-05-11,catalunya,Circuit de Barcelona-Catalunya,raikkonen,RAI,Kimi Räikkönen,ferrari,Ferrari,7,6,7,7,6,65,+1 Lap,11,1:30.580,185.007,kph
2014,5,Spanish Grand Prix,2014-05-11,catalunya,Circuit de Barcelona-Catalunya,grosjean,GRO,Romain Grosjean,lotus_f1,Lotus F1,8,5,8,8,4,65,+1 Lap,14,1:31.068,184.016,kph
2014,5,Spanish Grand Prix,2014-05-11,catalunya,Circuit de Barcelona-Catalunya,perez,PER,Sergio Pérez,force_india,Force India,11,11,9,9,2,65,+1 Lap,13,1:30.756,184.648,kph
2014,5,Spanish Grand Prix,2014-05-11,catalunya,Circuit de Barcelona-Catalunya,hulkenberg,HUL,Nico Hülkenberg,force_india,Force India,27,10,10,10,1,65,+1 Lap,16,1:31.411,183.325,kph
2014,5,Spanish Grand Prix,2014-05-11,catalunya,Circuit de Barcelona-Catalunya,button,BUT,Jenson Button,mclaren,McLaren,22,8,11,11,0,65,+1 Lap,10,1:30.563,185.042,kph
2014,5,Spanish Grand Prix,2014-05-11,catalunya,Circuit de Barcelona-Catalunya,kevin_magnussen,MAG,Kevin Magnussen,mclaren,McLaren,20,14,12,12,0,65,+1 Lap,7,1:30.318,185.544,kph
2014,5,Spanish Grand Prix,2014-05-11,catalunya,Circuit de Barcelona-Catalunya,massa,MAS,Felipe Massa,williams,Williams,19,9,13,13,0,65,+1 Lap,9,1:30.468,185.236,kph
2014,5,Spanish Grand Prix,2014-05-11,catalunya,Circuit de Barcelona-Catalunya,kvyat,KVY,Daniil Kvyat,toro_rosso,Toro Rosso,26,12,14,14,0,65,+1 Lap,6,1:30.269,185.645,kph
2014,5,Spanish Grand Prix,2014-05-11,catalunya,Circuit de Barcelona-Catalunya,maldonado,MAL,Pastor Maldonado,lotus_f1,Lotus F1,13,22,15,15,0,65,+1 Lap,15,1:31.235,183.679,kph
2014,5,Spanish Grand Prix,2014-05-11,catalunya,Circuit de Barcelona-Catalunya,gutierrez,GUT,Esteban Gutiérrez,sauber,Sauber,21,13,16,16,0,65,+1 Lap,12,1:30.666,184.832,kph
2014,5,Spanish Grand Prix,2014-05-11,catalunya,Circuit de Barcelona-Catalunya,sutil,SUT,Adrian Sutil,sauber,Sauber,99,16,17,17,0,65,+1 Lap,17,1:31.473,183.201,kph
2014,5,Spanish Grand Prix,2014-05-11,catalunya,Circuit de Barcelona-Catalunya,jules_bianchi,BIA,Jules Bianchi,marussia,Marussia,17,18,18,18,0,64,+2 Laps,20,1:31.784,182.580,kph
2014,5,Spanish Grand Prix,2014-05-11,catalunya,Circuit de Barcelona-Catalunya,chilton,CHI,Max Chilton,marussia,Marussia,4,17,19,19,0,64,+2 Laps,18,1:31.767,182.614,kph
2014,5,Spanish Grand Prix,2014-05-11,catalunya,Circuit de Barcelona-Catalunya,ericsson,ERI,Marcus Ericsson,caterham,Caterham,9,19,20,20,0,64,+2 Laps,22,1:33.350,179.517,kph
2014,5,Spanish Grand Prix,2014-05-11,catalunya,Circuit de Barcelona-Catalunya,kobayashi,KOB,Kamui Kobayashi,caterham,Caterham,10,20,21,R,0,34,Brakes,21,1:33.064,180.069,kph
2014,5,Spanish Grand Prix,2014-05-11,catalunya,Circuit de Barcelona-Catalunya,vergne,VER,Jean-Éric Vergne,toro_rosso,Toro Rosso,25,21,22,R,0,24,Exhaust,19,1:31.781,182.586,kph
2014,6,Monaco Grand Prix,2014-05-25,monaco,Circuit de Monaco,rosberg,ROS,Nico Rosberg,mercedes,Mercedes,6,1,1,1,25,78,Finished,4,1:19.425,151.388,kph
2014,6,Monaco Grand Prix,2014-05-25,monaco,Circuit de Monaco,hamilton,HAM,Lewis Hamilton,mercedes,Mercedes,44,2,2,2,18,78,Finished,3,1:19.361,151.510,kph
2014,6,Monaco Grand Prix,2014-05-25,monaco,Circuit de Monaco,ricciardo,RIC,Daniel Ricciardo,red_bull,Red Bull,3,3,3,3,15,78,Finished,2,1:19.252,151.718,kph
2014,6,Monaco Grand Prix,2014-05-25,monaco,Circuit de Monaco,alonso,ALO,Fernando Alonso,ferrari,Ferrari,14,5,4,4,12,78,Finished,5,1:19.727,150.814,kph
2014,6,Monaco Grand Prix,2014-05-25,monaco,Circuit de Monaco,hulkenberg,HUL,Nico Hülkenberg,force_india,Force India,27,11,5,5,10,77,+1 Lap,9,1:20.767,148.872,kph
2014,6,Monaco Grand Prix,2014-05-25,monaco,Circuit de Monaco,button,BUT,Jenson Button,mclaren,McLaren,22,12,6,6,8,77,+1 Lap,12,1:21.047,148.358,kph
2014,6,Monaco Grand Prix,2014-05-25,monaco,Circuit de Monaco,massa,MAS,Felipe Massa,williams,Williams,19,16,7,7,6,77,+1 Lap,6,1:20.314,149.712,kph
2014,6,Monaco Grand Prix,2014-05-25,monaco,Circuit de Monaco,grosjean,GRO,Romain Grosjean,lotus_f1,Lotus F1,8,14,8,8,4,77,+1 Lap,11,1:20.979,148.482,kph
2014,6,Monaco Grand Prix,2014-05-25,monaco,Circuit de Monaco,jules_bianchi,BIA,Jules Bianchi,marussia,Marussia,17,21,9,9,2,77,+1 Lap,16,1:21.254,147.980,kph
2014,6,Monaco Grand Prix,2014-05-25,monaco,Circuit de Monaco,kevin_magnussen,MAG,Kevin Magnussen,mclaren,McLaren,20,8,10,10,1,77,+1 Lap,8,1:20.657,149.075,kph
2014,6,Monaco Grand Prix,2014-05-25,monaco,Circuit de Monaco,ericsson,ERI,Marcus Ericsson,caterham,Caterham,9,22,11,11,0,77,+1 Lap,10,1:20.911,148.607,kph
2014,6,Monaco Grand Prix,2014-05-25,monaco,Circuit de Monaco,raikkonen,RAI,Kimi Räikkönen,ferrari,Ferrari,7,6,12,12,0,77,+1 Lap,1,1:18.479,153.212,kph
2014,6,Monaco Grand Prix,2014-05-25,monaco,Circuit de Monaco,kobayashi,KOB,Kamui Kobayashi,caterham,Caterham,10,20,13,13,0,75,+2 Laps,19,1:22.425,145.878,kph
2014,6,Monaco Grand Prix,2014-05-25,monaco,Circuit de Monaco,chilton,CHI,Max Chilton,marussia,Marussia,4,19,14,14,0,75,+3 Laps,7,1:20.579,149.220,kph
2014,6,Monaco Grand Prix,2014-05-25,monaco,Circuit de Monaco,gutierrez,GUT,Esteban Gutiérrez,sauber,Sauber,21,17,15,R,0,59,Accident,15,1:21.146,148.177,kph
2014,6,Monaco Grand Prix,2014-05-25,monaco,Circuit de Monaco,bottas,BOT,Valtteri Bottas,williams,Williams,77,13,16,R,0,55,Engine,14,1:21.105,148.252,kph
2014,6,Monaco Grand Prix,2014-05-25,monaco,Circuit de Monaco,vergne,VER,Jean-Éric Vergne,toro_rosso,Toro Rosso,25,7,17,R,0,50,Engine,13,1:21.083,148.292,kph
2014,6,Monaco Grand Prix,2014-05-25,monaco,Circuit de Monaco,sutil,SUT,Adrian Sutil,sauber,Sauber,99,18,18,R,0,23,Accident,17,1:21.761,147.062,kph
2014,6,Monaco Grand Prix,2014-05-25,monaco,Circuit de Monaco,kvyat,KVY,Daniil Kvyat,toro_rosso,Toro Rosso,26,9,19,R,0,10,Mechanical,18,1:22.011,146.614,kph
2014,6,Monaco Grand Prix,2014-05-25,monaco,Circuit de Monaco,vettel,VET,Sebastian Vettel,red_bull,Red Bull,1,4,20,R,0,5,Turbo,20,1:59.505,100.615,kph
2014,6,Monaco Grand Prix,2014-05-25,monaco,Circuit de Monaco,perez,PER,Sergio Pérez,force_india,Force India,11,10,21,R,0,0,Collision,,,,
2014,6,Monaco Grand Prix,2014-05-25,monaco,Circuit de Monaco,maldonado,MAL,Pastor Maldonado,lotus_f1,Lotus F1,13,15,22,W,0,0,Withdrew,,,,
2014,7,Canadian Grand Prix,2014-06-08,villeneuve,Circuit Gilles Villeneuve,ricciardo,RIC,Daniel Ricciardo,red_bull,Red Bull,3,6,1,1,25,70,Finished,4,1:18.640,199.638,kph
2014,7,Canadian Grand Prix,2014-06-08,villeneuve,Circuit Gilles Villeneuve,rosberg,ROS,Nico Rosberg,mercedes,Mercedes,6,1,2,2,18,70,Finished,7,1:18.881,199.028,kph
2014,7,Canadian Grand Prix,2014-06-08,villeneuve,Circuit Gilles Villeneuve,vettel,VET,Sebastian Vettel,red_bull,Red Bull,1,3,3,3,15,70,Finished,10,1:19.171,198.299,kph
2014,7,Canadian Grand Prix,2014-06-08,villeneuve,Circuit Gilles Villeneuve,button,BUT,Jenson Button,mclaren,McLaren,22,9,4,4,12,70,Finished,5,1:18.759,199.337,kph
2014,7,Canadian Grand Prix,2014-06-08,villeneuve,Circuit Gilles Villeneuve,hulkenberg,HUL,Nico Hülkenberg,force_india,Force India,27,11,5,5,10,70,Finished,8,1:18.936,198.890,kph
2014,7,Canadian Grand Prix,2014-06-08,villeneuve,Circuit Gilles Villeneuve,alonso,ALO,Fernando Alonso,ferrari,Ferrari,14,7,6,6,8,70,Finished,3,1:18.614,199.704,kph
2014,7,Canadian Grand Prix,2014-06-08,villeneuve,Circuit Gilles Villeneuve,bottas,BOT,Valtteri Bottas,williams,Williams,77,4,7,7,6,70,Finished,11,1:19.321,197.924,kph
2014,7,Canadian Grand Prix,2014-06-08,villeneuve,Circuit Gilles Villeneuve,vergne,VER,Jean-Éric Vergne,toro_rosso,Toro Rosso,25,8,8,8,4,70,Finished,12,1:19.399,197.730,kph
2014,7,Canadian Grand Prix,2014-06-08,villeneuve,Circuit Gilles Villeneuve,kevin_magnussen,MAG,Kevin Magnussen,mclaren,McLaren,20,12,9,9,2,70,Finished,6,1:18.819,199.185,kph
2014,7,Canadian Grand Prix,2014-06-08,villeneuve,Circuit Gilles Villeneuve,raikkonen,RAI,Kimi Räikkönen,ferrari,Ferrari,7,10,10,10,1,70,Finished,2,1:18.529,199.921,kph
2014,7,Canadian Grand Prix,2014-06-08,villeneuve,Circuit Gilles Villeneuve,perez,PER,Sergio Pérez,force_india,Force India,11,13,11,11,0,69,Collision,13,1:19.491,197.501,kph
2014,7,Canadian Grand Prix,2014-06-08,villeneuve,Circuit Gilles Villeneuve,massa,MAS,Felipe Massa,williams,Williams,19,5,12,12,0,69,Collision,1,1:18.504,199.984,kph
2014,7,Canadian Grand Prix,2014-06-08,villeneuve,Circuit Gilles Villeneuve,sutil,SUT,Adrian Sutil,sauber,Sauber,99,16,13,13,0,69,+1 Lap,17,1:20.226,195.692,kph
2014,7,Canadian Grand Prix,2014-06-08,villeneuve,Circuit Gilles Villeneuve,gutierrez,GUT,Esteban Gutiérrez,sauber,Sauber,21,22,14,14,0,64,ERS,16,1:20.112,195.970,kph
2014,7,Canadian Grand Prix,2014-06-08,villeneuve,Circuit Gilles Villeneuve,grosjean,GRO,Romain Grosjean,lotus_f1,Lotus F1,8,14,15,R,0,59,Rear wing,14,1:19.650,197.107,kph
2014,7,Canadian Grand Prix,2014-06-08,villeneuve,Circuit Gilles Villeneuve,kvyat,KVY,Daniil Kvyat,toro_rosso,Toro Rosso,26,15,16,R,0,47,Drivetrain,15,1:19.978,196.298,kph
2014,7,Canadian Grand Prix,2014-06-08,villeneuve,Circuit Gilles Villeneuve,hamilton,HAM,Lewis Hamilton,mercedes,Mercedes,44,2,17,R,0,46,Brakes,9,1:18.942,198.875,kph
2014,7,Canadian Grand Prix,2014-06-08,villeneuve,Circuit Gilles Villeneuve,kobayashi,KOB,Kamui Kobayashi,caterham,Caterham,10,21,18,R,0,23,Suspension,19,1:23.130,188.856,kph
2014,7,Canadian Grand Prix,2014-06-08,villeneuve,Circuit Gilles Villeneuve,maldonado,MAL,Pastor Maldonado,lotus_f1,Lotus F1,13,17,19,R,0,21,Power Unit,18,1:21.514,192.600,kph
2014,7,Canadian Grand Prix,2014-06-08,villeneuve,Circuit Gilles Villeneuve,ericsson,ERI,Marcus Ericsson,caterham,Caterham,9,20,20,R,0,7,Turbo,20,1:51.041,141.385,kph
2014,7,Canadian Grand Prix,2014-06-08,villeneuve,Circuit Gilles Villeneuve,chilton,CHI,Max Chilton,marussia,Marussia,4,18,21,R,0,0,Collision,,,,
2014,7,Canadian Grand Prix,2014-06-08,villeneuve,Circuit Gilles Villeneuve,jules_bianchi,BIA,Jules Bianchi,marussia,Marussia,17,19,22,R,0,0,Collision,,,,
2014,8,Austrian Grand Prix,2014-06-22,red_bull_ring,Red Bull Ring,rosberg,ROS,Nico Rosberg,mercedes,Mercedes,6,3,1,1,25,71,Finished,6,1:12.598,214.518,kph
2014,8,Austrian Grand Prix,2014-06-22,red_bull_ring,Red Bull Ring,hamilton,HAM,Lewis Hamilton,mercedes,Mercedes,44,9,2,2,18,71,Finished,2,1:12.217,215.650,kph
2014,8,Austrian Grand Prix,2014-06-22,red_bull_ring,Red Bull Ring,bottas,BOT,Valtteri Bottas,williams,Williams,77,2,3,3,15,71,Finished,3,1:12.581,214.568,kph
2014,8,Austrian Grand Prix,2014-06-22,red_bull_ring,Red Bull Ring,massa,MAS,Felipe Massa,williams,Williams,19,1,4,4,12,71,Finished,4,1:12.586,214.553,kph
2014,8,Austrian Grand Prix,2014-06-22,red_bull_ring,Red Bull Ring,alonso,ALO,Fernando Alonso,ferrari,Ferrari,14,4,5,5,10,71,Finished,5,1:12.595,214.527,kph
2014,8,Austrian Grand Prix,2014-06-22,red_bull_ring,Red Bull Ring,perez,PER,Sergio Pérez,force_india,Force India,11,15,6,6,8,71,Finished,1,1:12.142,215.874,kph
2014,8,Austrian Grand Prix,2014-06-22,red_bull_ring,Red Bull Ring,kevin_magnussen,MAG,Kevin Magnussen,mclaren,McLaren,20,6,7,7,6,71,Finished,7,1:12.746,214.081,kph
2014,8,Austrian Grand Prix,2014-06-22,red_bull_ring,Red Bull Ring,ricciardo,RIC,Daniel Ricciardo,red_bull,Red Bull,3,5,8,8,4,71,Finished,10,1:13.060,213.161,kph
2014,8,Austrian Grand Prix,2014-06-22,red_bull_ring,Red Bull Ring,hulkenberg,HUL,Nico Hülkenberg,force_india,Force India,27,10,9,9,2,71,Finished,11,1:13.156,212.882,kph
2014,8,Austrian Grand Prix,2014-06-22,red_bull_ring,Red Bull Ring,raikkonen,RAI,Kimi Räikkönen,ferrari,Ferrari,7,8,10,10,1,71,Finished,9,1:12.884,213.676,kph
2014,8,Austrian Grand Prix,2014-06-22,red_bull_ring,Red Bull Ring,button,BUT,Jenson Button,mclaren,McLaren,22,11,11,11,0,71,Finished,8,1:12.858,213.752,kph
2014,8,Austrian Grand Prix,2014-06-22,red_bull_ring,Red Bull Ring,maldonado,MAL,Pastor Maldonado,lotus_f1,Lotus F1,13,13,12,12,0,70,+1 Lap,12,1:13.187,212.791,kph
2014,8,Austrian Grand Prix,2014-06-22,red_bull_ring,Red Bull Ring,sutil,SUT,Adrian Sutil,sauber,Sauber,99,16,13,13,0,70,+1 Lap,14,1:13.709,211.284,kph
2014,8,Austrian Grand Prix,2014-06-22,red_bull_ring,Red Bull Ring,grosjean,GRO,Romain Grosjean,lotus_f1,Lotus F1,8,22,14,14,0,70,+1 Lap,15,1:13.953,210.587,kph
2014,8,Austrian Grand Prix,2014-06-22,red_bull_ring,Red Bull Ring,jules_bianchi,BIA,Jules Bianchi,marussia,Marussia,17,18,15,15,0,69,+2 Laps,19,1:14.476,209.108,kph
2014,8,Austrian Grand Prix,2014-06-22,red_bull_ring,Red Bull Ring,kobayashi,KOB,Kamui Kobayashi,caterham,Caterham,10,19,16,16,0,69,+2 Laps,22,1:15.274,206.892,kph
2014,8,Austrian Grand Prix,2014-06-22,red_bull_ring,Red Bull Ring,chilton,CHI,Max Chilton,marussia,Marussia,4,21,17,17,0,69,+2 Laps,21,1:14.847,208.072,kph
2014,8,Austrian Grand Prix,2014-06-22,red_bull_ring,Red Bull Ring,ericsson,ERI,Marcus Ericsson,caterham,Caterham,9,20,18,18,0,69,+2 Laps,20,1:14.672,208.560,kph
2014,8,Austrian Grand Prix,2014-06-22,red_bull_ring,Red Bull Ring,gutierrez,GUT,Esteban Gutiérrez,sauber,Sauber,21,17,19,19,0,69,+2 Laps,16,1:14.036,210.351,kph
2014,8,Austrian Grand Prix,2014-06-22,red_bull_ring,Red Bull Ring,vergne,VER,Jean-Éric Vergne,toro_rosso,Toro Rosso,25,14,20,R,0,59,Brakes,13,1:13.317,212.414,kph
2014,8,Austrian Grand Prix,2014-06-22,red_bull_ring,Red Bull Ring,vettel,VET,Sebastian Vettel,red_bull,Red Bull,1,12,21,R,0,34,Electrical,17,1:14.254,209.734,kph
2014,8,Austrian Grand Prix,2014-06-22,red_bull_ring,Red Bull Ring,kvyat,KVY,Daniil Kvyat,toro_rosso,Toro Rosso,26,7,22,R,0,24,Suspension,18,1:14.332,209.514,kph
2014,9,British Grand Prix,2014-07-06,silverstone,Silverstone Circuit,hamilton,HAM,Lewis Hamilton,mercedes,Mercedes,44,6,1,1,25,52,Finished,1,1:37.176,218.239,kph
2014,9,British Grand Prix,2014-07-06,silverstone,Silverstone Circuit,bottas,BOT,Valtteri Bottas,williams,Williams,77,14,2,2,18,52,Finished,4,1:38.264,215.822,kph
2014,9,British Grand Prix,2014-07-06,silverstone,Silverstone Circuit,ricciardo,RIC,Daniel Ricciardo,red_bull,Red Bull,3,8,3,3,15,52,Finished,7,1:38.459,215.395,kph
2014,9,British Grand Prix,2014-07-06,silverstone,Silverstone Circuit,button,BUT,Jenson Button,mclaren,McLaren,22,3,4,4,12,52,Finished,5,1:38.284,215.778,kph
2014,9,British Grand Prix,2014-07-06,silverstone,Silverstone Circuit,vettel,VET,Sebastian Vettel,red_bull,Red Bull,1,2,5,5,10,52,Finished,2,1:37.481,217.556,kph
2014,9,British Grand Prix,2014-07-06,silverstone,Silverstone Circuit,alonso,ALO,Fernando Alonso,ferrari,Ferrari,14,16,6,6,8,52,Finished,8,1:38.587,215.115,kph
2014,9,British Grand Prix,2014-07-06,silverstone,Silverstone Circuit,kevin_magnussen,MAG,Kevin Magnussen,mclaren,McLaren,20,5,7,7,6,52,Finished,10,1:38.677,214.919,kph
2014,9,British Grand Prix,2014-07-06,silverstone,Silverstone Circuit,hulkenberg,HUL,Nico Hülkenberg,force_india,Force India,27,4,8,8,4,52,Finished,9,1:38.625,215.032,kph
2014,9,British Grand Prix,2014-07-06,silverstone,Silverstone Circuit,kvyat,KVY,Daniil Kvyat,toro_rosso,Toro Rosso,26,9,9,9,2,52,Finished,6,1:38.407,215.509,kph
2014,9,British Grand Prix,2014-07-06,silverstone,Silverstone Circuit,vergne,VER,Jean-Éric Vergne,toro_rosso,Toro Rosso,25,10,10,10,1,51,+1 Lap,13,1:39.261,213.654,kph
2014,9,British Grand Prix,2014-07-06,silverstone,Silverstone Circuit,perez,PER,Sergio Pérez,force_india,Force India,11,7,11,11,0,51,+1 Lap,11,1:38.716,214.834,kph
2014,9,British Grand Prix,2014-07-06,silverstone,Silverstone Circuit,grosjean,GRO,Romain Grosjean,lotus_f1,Lotus F1,8,11,12,12,0,51,+1 Lap,12,1:38.919,214.393,kph
2014,9,British Grand Prix,2014-07-06,silverstone,Silverstone Circuit,sutil,SUT,Adrian Sutil,sauber,Sauber,99,13,13,13,0,51,+1 Lap,15,1:40.041,211.989,kph
2014,9,British Grand Prix,2014-07-06,silverstone,Silverstone Circuit,jules_bianchi,BIA,Jules Bianchi,marussia,Marussia,17,12,14,14,0,51,+1 Lap,14,1:39.961,212.158,kph
2014,9,British Grand Prix,2014-07-06,silverstone,Silverstone Circuit,kobayashi,KOB,Kamui Kobayashi,caterham,Caterham,10,22,15,15,0,50,+2 Laps,18,1:41.462,209.020,kph
2014,9,British Grand Prix,2014-07-06,silverstone,Silverstone Circuit,chilton,CHI,Max Chilton,marussia,Marussia,4,17,16,16,0,50,+2 Laps,17,1:40.399,211.233,kph
2014,9,British Grand Prix,2014-07-06,silverstone,Silverstone Circuit,maldonado,MAL,Pastor Maldonado,lotus_f1,Lotus F1,13,20,17,17,0,49,+3 Laps,16,1:40.314,211.412,kph
2014,9,British Grand Prix,2014-07-06,silverstone,Silverstone Circuit,rosberg,ROS,Nico Rosberg,mercedes,Mercedes,6,1,18,R,0,28,Gearbox,3,1:38.091,216.203,kph
2014,9,British Grand Prix,2014-07-06,silverstone,Silverstone Circuit,ericsson,ERI,Marcus Ericsson,caterham,Caterham,9,21,19,R,0,11,Suspension,20,1:44.319,203.295,kph
2014,9,British Grand Prix,2014-07-06,silverstone,Silverstone Circuit,gutierrez,GUT,Esteban Gutiérrez,sauber,Sauber,21,19,20,R,0,9,Collision,19,1:42.566,206.770,kph
2014,9,British Grand Prix,2014-07-06,silverstone,Silverstone Circuit,massa,MAS,Felipe Massa,williams,Williams,19,15,21,R,0,0,Collision,,,,
2014,9,British Grand Prix,2014-07-06,silverstone,Silverstone Circuit,raikkonen,RAI,Kimi Räikkönen,ferrari,Ferrari,7,18,22,R,0,0,Collision,,,,
2014,10,German Grand Prix,2014-07-20,hockenheimring,Hockenheimring,rosberg,ROS,Nico Rosberg,mercedes,Mercedes,6,1,1,1,25,67,Finished,6,1:21.298,202.543,kph
2014,10,German Grand Prix,2014-07-20,hockenheimring,Hockenheimring,bottas,BOT,Valtteri Bottas,williams,Williams,77,2,2,2,18,67,Finished,9,1:21.494,202.056,kph
2014,10,German Grand Prix,2014-07-20,hockenheimring,Hockenheimring,hamilton,HAM,Lewis Hamilton,mercedes,Mercedes,44,20,3,3,15,67,Finished,1,1:19.908,206.066,kph
2014,10,German Grand Prix,2014-07-20,hockenheimring,Hockenheimring,vettel,VET,Sebastian Vettel,red_bull,Red Bull,1,6,4,4,12,67,Finished,10,1:21.545,201.930,kph
2014,10,German Grand Prix,2014-07-20,hockenheimring,Hockenheimring,alonso,ALO,Fernando Alonso,ferrari,Ferrari,14,7,5,5,10,67,Finished,3,1:20.548,204.429,kph
2014,10,German Grand Prix,2014-07-20,hockenheimring,Hockenheimring,ricciardo,RIC,Daniel Ricciardo,red_bull,Red Bull,3,5,6,6,8,67,Finished,5,1:20.846,203.676,kph
2014,10,German Grand Prix,2014-07-20,hockenheimring,Hockenheimring,hulkenberg,HUL,Nico Hülkenberg,force_india,Force India,27,9,7,7,6,67,Finished,13,1:22.098,200.570,kph
2014,10,German Grand Prix,2014-07-20,hockenheimring,Hockenheimring,button,BUT,Jenson Button,mclaren,McLaren,22,11,8,8,4,67,Finished,8,1:21.346,202.424,kph
2014,10,German Grand Prix,2014-07-20,hockenheimring,Hockenheimring,kevin_magnussen,MAG,Kevin Magnussen,mclaren,McLaren,20,4,9,9,2,66,+1 Lap,2,1:20.224,205.255,kph
2014,10,German Grand Prix,2014-07-20,hockenheimring,Hockenheimring,perez,PER,Sergio Pérez,force_india,Force India,11,10,10,10,1,66,+1 Lap,4,1:20.752,203.913,kph
2014,10,German Grand Prix,2014-07-20,hockenheimring,Hockenheimring,raikkonen,RAI,Kimi Räikkönen,ferrari,Ferrari,7,12,11,11,0,66,+1 Lap,7,1:21.338,202.444,kph
2014,10,German Grand Prix,2014-07-20,hockenheimring,Hockenheimring,maldonado,MAL,Pastor Maldonado,lotus_f1,Lotus F1,13,18,12,12,0,66,+1 Lap,15,1:22.305,200.065,kph
2014,10,German Grand Prix,2014-07-20,hockenheimring,Hockenheimring,vergne,VER,Jean-Éric Vergne,toro_rosso,Toro Rosso,25,13,13,13,0,66,+1 Lap,11,1:21.876,201.113,kph
2014,10,German Grand Prix,2014-07-20,hockenheimring,Hockenheimring,gutierrez,GUT,Esteban Gutiérrez,sauber,Sauber,21,16,14,14,0,66,+1 Lap,12,1:22.008,200.790,kph
2014,10,German Grand Prix,2014-07-20,hockenheimring,Hockenheimring,jules_bianchi,BIA,Jules Bianchi,marussia,Marussia,17,17,15,15,0,66,+1 Lap,16,1:22.522,199.539,kph
2014,10,German Grand Prix,2014-07-20,hockenheimring,Hockenheimring,kobayashi,KOB,Kamui Kobayashi,caterham,Caterham,10,19,16,16,0,65,+2 Laps,18,1:22.866,198.711,kph
2014,10,German Grand Prix,2014-07-20,hockenheimring,Hockenheimring,chilton,CHI,Max Chilton,marussia,Marussia,4,21,17,17,0,65,+2 Laps,19,1:23.035,198.306,kph
2014,10,German Grand Prix,2014-07-20,hockenheimring,Hockenheimring,ericsson,ERI,Marcus Ericsson,caterham,Caterham,9,22,18,18,0,65,+2 Laps,20,1:23.230,197.842,kph
2014,10,German Grand Prix,2014-07-20,hockenheimring,Hockenheimring,sutil,SUT,Adrian Sutil,sauber,Sauber,99,15,19,R,0,47,Brakes,17,1:22.529,199.522,kph
2014,10,German Grand Prix,2014-07-20,hockenheimring,Hockenheimring,kvyat,KVY,Daniil Kvyat,toro_rosso,Toro Rosso,26,8,20,R,0,44,Oil leak,14,1:22.179,200.372,kph
2014,10,German Grand Prix,2014-07-20,hockenheimring,Hockenheimring,grosjean,GRO,Romain Grosjean,lotus_f1,Lotus F1,8,14,21,R,0,26,Water leak,21,1:24.137,195.709,kph
2014,10,German Grand Prix,2014-07-20,hockenheimring,Hockenheimring,massa,MAS,Felipe Massa,williams,Williams,19,3,22,R,0,0,Collision,,,,
2014,11,Hungarian Grand Prix,2014-07-27,hungaroring,Hungaroring,ricciardo,RIC,Daniel Ricciardo,red_bull,Red Bull,3,4,1,1,25,70,Finished,2,1:26.608,182.103,kph
2014,11,Hungarian Grand Prix,2014-07-27,hungaroring,Hungaroring,alonso,ALO,Fernando Alonso,ferrari,Ferrari,14,5,2,2,18,70,Finished,5,1:27.419,180.413,kph
2014,11,Hungarian Grand Prix,2014-07-27,hungaroring,Hungaroring,hamilton,HAM,Lewis Hamilton,mercedes,Mercedes,44,22,3,3,15,70,Finished,4,1:27.380,180.494,kph
2014,11,Hungarian Grand Prix,2014-07-27,hungaroring,Hungaroring,rosberg,ROS,Nico Rosberg,mercedes,Mercedes,6,1,4,4,12,70,Finished,1,1:25.724,183.981,kph
2014,11,Hungarian Grand Prix,2014-07-27,hungaroring,Hungaroring,massa,MAS,Felipe Massa,williams,Williams,19,6,5,5,10,70,Finished,7,1:28.229,178.757,kph
2014,11,Hungarian Grand Prix,2014-07-27,hungaroring,Hungaroring,raikkonen,RAI,Kimi Räikkönen,ferrari,Ferrari,7,16,6,6,8,70,Finished,6,1:27.983,179.257,kph
2014,11,Hungarian Grand Prix,2014-07-27,hungaroring,Hungaroring,vettel,VET,Sebastian Vettel,red_bull,Red Bull,1,2,7,7,6,70,Finished,9,1:28.746,177.716,kph
2014,11,Hungarian Grand Prix,2014-07-27,hungaroring,Hungaroring,bottas,BOT,Valtteri Bottas,williams,Williams,77,3,8,8,4,70,Finished,3,1:26.850,181.595,kph
2014,11,Hungarian Grand Prix,2014-07-27,hungaroring,Hungaroring,vergne,VER,Jean-Éric Vergne,toro_rosso,Toro Rosso,25,8,9,9,2,70,Finished,11,1:29.120,176.970,kph
2014,11,Hungarian Grand Prix,2014-07-27,hungaroring,Hungaroring,button,BUT,Jenson Button,mclaren,McLaren,22,7,10,10,1,70,Finished,13,1:29.156,176.898,kph
2014,11,Hungarian Grand Prix,2014-07-27,hungaroring,Hungaroring,sutil,SUT,Adrian Sutil,sauber,Sauber,99,11,11,11,0,70,Finished,8,1:28.704,177.800,kph
2014,11,Hungarian Grand Prix,2014-07-27,hungaroring,Hungaroring,kevin_magnussen,MAG,Kevin Magnussen,mclaren,McLaren,20,21,12,12,0,70,Finished,10,1:28.883,177.442,kph
2014,11,Hungarian Grand Prix,2014-07-27,hungaroring,Hungaroring,maldonado,MAL,Pastor Maldonado,lotus_f1,Lotus F1,13,20,13,13,0,70,Finished,12,1:29.128,176.954,kph
2014,11,Hungarian Grand Prix,2014-07-27,hungaroring,Hungaroring,kvyat,KVY,Daniil Kvyat,toro_rosso,Toro Rosso,26,10,14,14,0,69,+1 Lap,14,1:29.401,176.414,kph
2014,11,Hungarian Grand Prix,2014-07-27,hungaroring,Hungaroring,jules_bianchi,BIA,Jules Bianchi,marussia,Marussia,17,15,15,15,0,69,+1 Lap,16,1:29.883,175.468,kph
2014,11,Hungarian Grand Prix,2014-07-27,hungaroring,Hungaroring,chilton,CHI,Max Chilton,marussia,Marussia,4,18,16,16,0,69,+1 Lap,15,1:29.499,176.220,kph
2014,11,Hungarian Grand Prix,2014-07-27,hungaroring,Hungaroring,gutierrez,GUT,Esteban Gutiérrez,sauber,Sauber,21,13,17,R,0,33,Retired,18,1:30.485,174.300,kph
2014,11,Hungarian Grand Prix,2014-07-27,hungaroring,Hungaroring,kobayashi,KOB,Kamui Kobayashi,caterham,Caterham,10,17,18,R,0,26,Retired,19,1:32.888,169.791,kph
2014,11,Hungarian Grand Prix,2014-07-27,hungaroring,Hungaroring,perez,PER,Sergio Pérez,force_india,Force India,11,12,19,R,0,23,Accident,17,1:30.280,174.696,kph
2014,11,Hungarian Grand Prix,2014-07-27,hungaroring,Hungaroring,hulkenberg,HUL,Nico Hülkenberg,force_india,Force India,27,9,20,R,0,16,Accident,20,1:41.151,155.921,kph
2014,11,Hungarian Grand Prix,2014-07-27,hungaroring,Hungaroring,grosjean,GRO,Romain Grosjean,lotus_f1,Lotus F1,8,14,21,R,0,11,Accident,21,1:46.312,148.352,kph
2014,11,Hungarian Grand Prix,2014-07-27,hungaroring,Hungaroring,ericsson,ERI,Marcus Ericsson,caterham,Caterham,9,19,22,R,0,8,Accident,22,1:48.459,145.415,kph
2014,12,Belgian Grand Prix,2014-08-24,spa,Circuit de Spa-Francorchamps,ricciardo,RIC,Daniel Ricciardo,red_bull,Red Bull,3,5,1,1,25,44,Finished,6,1:52.974,223.187,kph
2014,12,Belgian Grand Prix,2014-08-24,spa,Circuit de Spa-Francorchamps,rosberg,ROS,Nico Rosberg,mercedes,Mercedes,6,1,2,2,18,44,Finished,1,1:50.511,228.161,kph
2014,12,Belgian Grand Prix,2014-08-24,spa,Circuit de Spa-Francorchamps,bottas,BOT,Valtteri Bottas,williams,Williams,77,6,3,3,15,44,Finished,4,1:52.716,223.698,kph
2014,12,Belgian Grand Prix,2014-08-24,spa,Circuit de Spa-Francorchamps,raikkonen,RAI,Kimi Räikkönen,ferrari,Ferrari,7,8,4,4,12,44,Finished,13,1:54.090,221.004,kph
2014,12,Belgian Grand Prix,2014-08-24,spa,Circuit de Spa-Francorchamps,vettel,VET,Sebastian Vettel,red_bull,Red Bull,1,3,5,5,10,44,Finished,5,1:52.953,223.229,kph
2014,12,Belgian Grand Prix,2014-08-24,spa,Circuit de Spa-Francorchamps,button,BUT,Jenson Button,mclaren,McLaren,22,10,6,6,8,44,Finished,8,1:53.483,222.186,kph
2014,12,Belgian Grand Prix,2014-08-24,spa,Circuit de Spa-Francorchamps,alonso,ALO,Fernando Alonso,ferrari,Ferrari,14,4,7,7,6,44,Finished,11,1:53.879,221.413,kph
2014,12,Belgian Grand Prix,2014-08-24,spa,Circuit de Spa-Francorchamps,perez,PER,Sergio Pérez,force_india,Force India,11,13,8,8,4,44,Finished,16,1:54.532,220.151,kph
2014,12,Belgian Grand Prix,2014-08-24,spa,Circuit de Spa-Francorchamps,kvyat,KVY,Daniil Kvyat,toro_rosso,Toro Rosso,26,11,9,9,2,44,Finished,14,1:54.159,220.870,kph
2014,12,Belgian Grand Prix,2014-08-24,spa,Circuit de Spa-Francorchamps,hulkenberg,HUL,Nico Hülkenberg,force_india,Force India,27,18,10,10,1,44,Finished,9,1:53.612,221.934,kph
2014,12,Belgian Grand Prix,2014-08-24,spa,Circuit de Spa-Francorchamps,vergne,VER,Jean-Éric Vergne,toro_rosso,Toro Rosso,25,12,11,11,0,44,Finished,7,1:53.276,222.592,kph
2014,12,Belgian Grand Prix,2014-08-24,spa,Circuit de Spa-Francorchamps,kevin_magnussen,MAG,Kevin Magnussen,mclaren,McLaren,20,7,12,12,0,44,Finished,15,1:54.203,220.785,kph
2014,12,Belgian Grand Prix,2014-08-24,spa,Circuit de Spa-Francorchamps,massa,MAS,Felipe Massa,williams,Williams,19,9,13,13,0,44,Finished,3,1:52.512,224.104,kph
2014,12,Belgian Grand Prix,2014-08-24,spa,Circuit de Spa-Francorchamps,sutil,SUT,Adrian Sutil,sauber,Sauber,99,14,14,14,0,44,Finished,2,1:52.413,224.301,kph
2014,12,Belgian Grand Prix,2014-08-24,spa,Circuit de Spa-Francorchamps,gutierrez,GUT,Esteban Gutiérrez,sauber,Sauber,21,20,15,15,0,44,Finished,12,1:54.000,221.178,kph
2014,12,Belgian Grand Prix,2014-08-24,spa,Circuit de Spa-Francorchamps,chilton,CHI,Max Chilton,marussia,Marussia,4,19,16,16,0,43,+1 Lap,17,1:55.247,218.785,kph
2014,12,Belgian Grand Prix,2014-08-24,spa,Circuit de Spa-Francorchamps,ericsson,ERI,Marcus Ericsson,caterham,Caterham,9,22,17,17,0,43,+1 Lap,19,1:55.900,217.553,kph
2014,12,Belgian Grand Prix,2014-08-24,spa,Circuit de Spa-Francorchamps,jules_bianchi,BIA,Jules Bianchi,marussia,Marussia,17,16,18,18,0,39,Gearbox,20,1:56.347,216.717,kph
2014,12,Belgian Grand Prix,2014-08-24,spa,Circuit de Spa-Francorchamps,hamilton,HAM,Lewis Hamilton,mercedes,Mercedes,44,2,19,R,0,38,Retired,10,1:53.707,221.748,kph
2014,12,Belgian Grand Prix,2014-08-24,spa,Circuit de Spa-Francorchamps,grosjean,GRO,Romain Grosjean,lotus_f1,Lotus F1,8,15,20,R,0,33,Retired,18,1:55.649,218.025,kph
2014,12,Belgian Grand Prix,2014-08-24,spa,Circuit de Spa-Francorchamps,maldonado,MAL,Pastor Maldonado,lotus_f1,Lotus F1,13,17,21,R,0,1,Mechanical,,,,
2014,12,Belgian Grand Prix,2014-08-24,spa,Circuit de Spa-Francorchamps,lotterer,LOT,André Lotterer,caterham,Caterham,45,21,22,R,0,1,Power Unit,,,,
2014,13,Italian Grand Prix,2014-09-07,monza,Autodromo Nazionale di Monza,hamilton,HAM,Lewis Hamilton,mercedes,Mercedes,44,1,1,1,25,53,Finished,1,1:28.004,236.975,kph
2014,13,Italian Grand Prix,2014-09-07,monza,Autodromo Nazionale di Monza,rosberg,ROS,Nico Rosberg,mercedes,Mercedes,6,2,2,2,18,53,Finished,2,1:28.206,236.432,kph
2014,13,Italian Grand Prix,2014-09-07,monza,Autodromo Nazionale di Monza,massa,MAS,Felipe Massa,williams,Williams,19,4,3,3,15,53,Finished,3,1:28.342,236.068,kph
2014,13,Italian Grand Prix,2014-09-07,monza,Autodromo Nazionale di Monza,bottas,BOT,Valtteri Bottas,williams,Williams,77,3,4,4,12,53,Finished,5,1:28.559,235.490,kph
2014,13,Italian Grand Prix,2014-09-07,monza,Autodromo Nazionale di Monza,ricciardo,RIC,Daniel Ricciardo,red_bull,Red Bull,3,9,5,5,10,53,Finished,6,1:28.588,235.413,kph
2014,13,Italian Grand Prix,2014-09-07,monza,Autodromo Nazionale di Monza,vettel,VET,Sebastian Vettel,red_bull,Red Bull,1,8,6,6,8,53,Finished,10,1:29.141,233.952,kph
2014,13,Italian Grand Prix,2014-09-07,monza,Autodromo Nazionale di Monza,perez,PER,Sergio Pérez,force_india,Force India,11,10,7,7,6,53,Finished,8,1:29.107,234.042,kph
2014,13,Italian Grand Prix,2014-09-07,monza,Autodromo Nazionale di Monza,button,BUT,Jenson Button,mclaren,McLaren,22,6,8,8,4,53,Finished,11,1:29.245,233.680,kph
2014,13,Italian Grand Prix,2014-09-07,monza,Autodromo Nazionale di Monza,raikkonen,RAI,Kimi Räikkönen,ferrari,Ferrari,7,11,9,9,2,53,Finished,7,1:28.942,234.476,kph
2014,13,Italian Grand Prix,2014-09-07,monza,Autodromo Nazionale di Monza,kevin_magnussen,MAG,Kevin Magnussen,mclaren,McLaren,20,5,10,10,1,53,Finished,12,1:29.283,233.580,kph
2014,13,Italian Grand Prix,2014-09-07,monza,Autodromo Nazionale di Monza,kvyat,KVY,Daniil Kvyat,toro_rosso,Toro Rosso,26,21,11,11,0,53,Finished,4,1:28.486,235.684,kph
2014,13,Italian Grand Prix,2014-09-07,monza,Autodromo Nazionale di Monza,hulkenberg,HUL,Nico Hülkenberg,force_india,Force India,27,13,12,12,0,53,Finished,13,1:29.366,233.363,kph
2014,13,Italian Grand Prix,2014-09-07,monza,Autodromo Nazionale di Monza,vergne,VER,Jean-Éric Vergne,toro_rosso,Toro Rosso,25,12,13,13,0,53,Finished,9,1:29.121,234.005,kph
2014,13,Italian Grand Prix,2014-09-07,monza,Autodromo Nazionale di Monza,maldonado,MAL,Pastor Maldonado,lotus_f1,Lotus F1,13,16,14,14,0,52,+1 Lap,17,1:29.856,232.091,kph
2014,13,Italian Grand Prix,2014-09-07,monza,Autodromo Nazionale di Monza,sutil,SUT,Adrian Sutil,sauber,Sauber,99,14,15,15,0,52,+1 Lap,14,1:29.375,233.340,kph
2014,13,Italian Grand Prix,2014-09-07,monza,Autodromo Nazionale di Monza,grosjean,GRO,Romain Grosjean,lotus_f1,Lotus F1,8,17,16,16,0,52,+1 Lap,18,1:30.083,231.506,kph
2014,13,Italian Grand Prix,2014-09-07,monza,Autodromo Nazionale di Monza,kobayashi,KOB,Kamui Kobayashi,caterham,Caterham,10,18,17,17,0,52,+1 Lap,21,1:30.758,229.784,kph
2014,13,Italian Grand Prix,2014-09-07,monza,Autodromo Nazionale di Monza,jules_bianchi,BIA,Jules Bianchi,marussia,Marussia,17,19,18,18,0,52,+1 Lap,20,1:30.521,230.386,kph
2014,13,Italian Grand Prix,2014-09-07,monza,Autodromo Nazionale di Monza,gutierrez,GUT,Esteban Gutiérrez,sauber,Sauber,21,15,19,19,0,51,+2 Laps,15,1:29.449,233.147,kph
2014,13,Italian Grand Prix,2014-09-07,monza,Autodromo Nazionale di Monza,ericsson,ERI,Marcus Ericsson,caterham,Caterham,9,22,20,20,0,51,+2 Laps,19,1:30.280,231.001,kph
2014,13,Italian Grand Prix,2014-09-07,monza,Autodromo Nazionale di Monza,alonso,ALO,Fernando Alonso,ferrari,Ferrari,14,7,21,R,0,28,Engine,16,1:29.680,232.546,kph
2014,13,Italian Grand Prix,2014-09-07,monza,Autodromo Nazionale di Monza,chilton,CHI,Max Chilton,marussia,Marussia,4,20,22,R,0,5,Accident,22,1:32.569,225.289,kph
2014,14,Singapore Grand Prix,2014-09-21,marina_bay,Marina Bay Street Circuit,hamilton,HAM,Lewis Hamilton,mercedes,Mercedes,44,1,1,1,25,60,Finished,1,1:50.417,165.137,kph
2014,14,Singapore Grand Prix,2014-09-21,marina_bay,Marina Bay Street Circuit,vettel,VET,Sebastian Vettel,red_bull,Red Bull,1,4,2,2,18,60,Finished,8,1:52.519,162.052,kph
2014,14,Singapore Grand Prix,2014-09-21,marina_bay,Marina Bay Street Circuit,ricciardo,RIC,Daniel Ricciardo,red_bull,Red Bull,3,3,3,3,15,60,Finished,9,1:52.569,161.980,kph
2014,14,Singapore Grand Prix,2014-09-21,marina_bay,Marina Bay Street Circuit,alonso,ALO,Fernando Alonso,ferrari,Ferrari,14,5,4,4,12,60,Finished,6,1:52.115,162.636,kph
2014,14,Singapore Grand Prix,2014-09-21,marina_bay,Marina Bay Street Circuit,massa,MAS,Felipe Massa,williams,Williams,19,6,5,5,10,60,Finished,13,1:53.283,160.959,kph
2014,14,Singapore Grand Prix,2014-09-21,marina_bay,Marina Bay Street Circuit,vergne,VER,Jean-Éric Vergne,toro_rosso,Toro Rosso,25,12,6,6,8,60,Finished,4,1:51.937,162.895,kph
2014,14,Singapore Grand Prix,2014-09-21,marina_bay,Marina Bay Street Circuit,perez,PER,Sergio Pérez,force_india,Force India,11,15,7,7,6,60,Finished,5,1:52.007,162.793,kph
2014,14,Singapore Grand Prix,2014-09-21,marina_bay,Marina Bay Street Circuit,raikkonen,RAI,Kimi Räikkönen,ferrari,Ferrari,7,7,8,8,4,60,Finished,11,1:52.872,161.545,kph
2014,14,Singapore Grand Prix,2014-09-21,marina_bay,Marina Bay Street Circuit,hulkenberg,HUL,Nico Hülkenberg,force_india,Force India,27,13,9,9,2,60,Finished,10,1:52.762,161.703,kph
2014,14,Singapore Grand Prix,2014-09-21,marina_bay,Marina Bay Street Circuit,kevin_magnussen,MAG,Kevin Magnussen,mclaren,McLaren,20,9,10,10,1,60,Finished,2,1:51.639,163.330,kph
2014,14,Singapore Grand Prix,2014-09-21,marina_bay,Marina Bay Street Circuit,bottas,BOT,Valtteri Bottas,williams,Williams,77,8,11,11,0,60,Finished,7,1:52.515,162.058,kph
2014,14,Singapore Grand Prix,2014-09-21,marina_bay,Marina Bay Street Circuit,maldonado,MAL,Pastor Maldonado,lotus_f1,Lotus F1,13,18,12,12,0,60,Finished,12,1:53.213,161.059,kph
2014,14,Singapore Grand Prix,2014-09-21,marina_bay,Marina Bay Street Circuit,grosjean,GRO,Romain Grosjean,lotus_f1,Lotus F1,8,16,13,13,0,60,Finished,15,1:53.543,160.591,kph
2014,14,Singapore Grand Prix,2014-09-21,marina_bay,Marina Bay Street Circuit,kvyat,KVY,Daniil Kvyat,toro_rosso,Toro Rosso,26,10,14,14,0,60,Finished,3,1:51.761,163.151,kph
2014,14,Singapore Grand Prix,2014-09-21,marina_bay,Marina Bay Street Circuit,ericsson,ERI,Marcus Ericsson,caterham,Caterham,9,22,15,15,0,60,Finished,19,1:55.416,157.985,kph
2014,14,Singapore Grand Prix,2014-09-21,marina_bay,Marina Bay Street Circuit,jules_bianchi,BIA,Jules Bianchi,marussia,Marussia,17,19,16,16,0,60,Finished,14,1:53.538,160.598,kph
2014,14,Singapore Grand Prix,2014-09-21,marina_bay,Marina Bay Street Circuit,chilton,CHI,Max Chilton,marussia,Marussia,4,21,17,17,0,59,+1 Lap,17,1:53.807,160.218,kph
2014,14,Singapore Grand Prix,2014-09-21,marina_bay,Marina Bay Street Circuit,button,BUT,Jenson Button,mclaren,McLaren,22,11,18,R,0,52,Retired,16,1:53.707,160.359,kph
2014,14,Singapore Grand Prix,2014-09-21,marina_bay,Marina Bay Street Circuit,sutil,SUT,Adrian Sutil,sauber,Sauber,99,17,19,R,0,40,Water pressure,18,1:53.948,160.020,kph
2014,14,Singapore Grand Prix,2014-09-21,marina_bay,Marina Bay Street Circuit,gutierrez,GUT,Esteban Gutiérrez,sauber,Sauber,21,14,20,R,0,17,Electrical,20,1:55.684,157.619,kph
2014,14,Singapore Grand Prix,2014-09-21,marina_bay,Marina Bay Street Circuit,rosberg,ROS,Nico Rosberg,mercedes,Mercedes,6,2,21,R,0,13,Electrical,21,1:56.769,156.154,kph
2014,14,Singapore Grand Prix,2014-09-21,marina_bay,Marina Bay Street Circuit,kobayashi,KOB,Kamui Kobayashi,caterham,Caterham,10,20,22,W,0,0,Power Unit,,,,
2014,15,Japanese Grand Prix,2014-10-05,suzuka,Suzuka Circuit,hamilton,HAM,Lewis Hamilton,mercedes,Mercedes,44,2,1,1,25,44,Finished,1,1:51.600,187.322,kph
2014,15,Japanese Grand Prix,2014-10-05,suzuka,Suzuka Circuit,rosberg,ROS,Nico Rosberg,mercedes,Mercedes,6,1,2,2,18,44,Finished,6,1:52.551,185.739,kph
2014,15,Japanese Grand Prix,2014-10-05,suzuka,Suzuka Circuit,vettel,VET,Sebastian Vettel,red_bull,Red Bull,1,9,3,3,15,44,Finished,3,1:51.915,186.795,kph
2014,15,Japanese Grand Prix,2014-10-05,suzuka,Suzuka Circuit,ricciardo,RIC,Daniel Ricciardo,red_bull,Red Bull,3,6,4,4,12,44,Finished,4,1:52.231,186.269,kph
2014,15,Japanese Grand Prix,2014-10-05,suzuka,Suzuka Circuit,button,BUT,Jenson Button,mclaren,McLaren,22,8,5,5,10,44,Finished,2,1:51.721,187.119,kph
2014,15,Japanese Grand Prix,2014-10-05,suzuka,Suzuka Circuit,bottas,BOT,Valtteri Bottas,williams,Williams,77,3,6,6,8,44,Finished,13,1:54.103,183.213,kph
2014,15,Japanese Grand Prix,2014-10-05,suzuka,Suzuka Circuit,massa,MAS,Felipe Massa,williams,Williams,19,4,7,7,6,44,Finished,8,1:53.450,184.267,kph
2014,15,Japanese Grand Prix,2014-10-05,suzuka,Suzuka Circuit,hulkenberg,HUL,Nico Hülkenberg,force_india,Force India,27,13,8,8,4,44,Finished,7,1:52.814,185.306,kph
2014,15,Japanese Grand Prix,2014-10-05,suzuka,Suzuka Circuit,vergne,VER,Jean-Éric Vergne,toro_rosso,Toro Rosso,25,20,9,9,2,44,Finished,11,1:53.562,184.086,kph
2014,15,Japanese Grand Prix,2014-10-05,suzuka,Suzuka Circuit,perez,PER,Sergio Pérez,force_india,Force India,11,11,10,10,1,43,+1 Lap,10,1:53.556,184.095,kph
2014,15,Japanese Grand Prix,2014-10-05,suzuka,Suzuka Circuit,kvyat,KVY,Daniil Kvyat,toro_rosso,Toro Rosso,26,12,11,11,0,43,+1 Lap,12,1:54.021,183.345,kph
2014,15,Japanese Grand Prix,2014-10-05,suzuka,Suzuka Circuit,raikkonen,RAI,Kimi Räikkönen,ferrari,Ferrari,7,10,12,12,0,43,+1 Lap,5,1:52.426,185.946,kph
2014,15,Japanese Grand Prix,2014-10-05,suzuka,Suzuka Circuit,gutierrez,GUT,Esteban Gutiérrez,sauber,Sauber,21,15,13,13,0,43,+1 Lap,17,1:55.372,181.198,kph
2014,15,Japanese Grand Prix,2014-10-05,suzuka,Suzuka Circuit,kevin_magnussen,MAG,Kevin Magnussen,mclaren,McLaren,20,7,14,14,0,43,+1 Lap,9,1:53.510,184.170,kph
2014,15,Japanese Grand Prix,2014-10-05,suzuka,Suzuka Circuit,grosjean,GRO,Romain Grosjean,lotus_f1,Lotus F1,8,16,15,15,0,43,+1 Lap,16,1:55.302,181.308,kph
2014,15,Japanese Grand Prix,2014-10-05,suzuka,Suzuka Circuit,maldonado,MAL,Pastor Maldonado,lotus_f1,Lotus F1,13,22,16,16,0,43,+1 Lap,15,1:54.702,182.256,kph
2014,15,Japanese Grand Prix,2014-10-05,suzuka,Suzuka Circuit,ericsson,ERI,Marcus Ericsson,caterham,Caterham,9,17,17,17,0,43,+1 Lap,14,1:54.669,182.309,kph
2014,15,Japanese Grand Prix,2014-10-05,suzuka,Suzuka Circuit,chilton,CHI,Max Chilton,marussia,Marussia,4,21,18,18,0,43,+1 Lap,21,1:56.472,179.486,kph
2014,15,Japanese Grand Prix,2014-10-05,suzuka,Suzuka Circuit,kobayashi,KOB,Kamui Kobayashi,caterham,Caterham,10,19,19,19,0,43,+1 Lap,18,1:55.641,180.776,kph
2014,15,Japanese Grand Prix,2014-10-05,suzuka,Suzuka Circuit,jules_bianchi,BIA,Jules Bianchi,marussia,Marussia,17,18,20,20,0,41,Accident,20,1:55.985,180.240,kph
2014,15,Japanese Grand Prix,2014-10-05,suzuka,Suzuka Circuit,sutil,SUT,Adrian Sutil,sauber,Sauber,99,14,21,21,0,40,Accident,19,1:55.753,180.601,kph
2014,15,Japanese Grand Prix,2014-10-05,suzuka,Suzuka Circuit,alonso,ALO,Fernando Alonso,ferrari,Ferrari,14,5,22,R,0,2,Electronics,,,,
2014,16,Russian Grand Prix,2014-10-12,sochi,Sochi Autodrom,hamilton,HAM,Lewis Hamilton,mercedes,Mercedes,44,1,1,1,25,53,Finished,3,1:41.606,207.200,kph
2014,16,Russian Grand Prix,2014-10-12,sochi,Sochi Autodrom,rosberg,ROS,Nico Rosberg,mercedes,Mercedes,6,2,2,2,18,53,Finished,2,1:41.360,207.703,kph
2014,16,Russian Grand Prix,2014-10-12,sochi,Sochi Autodrom,bottas,BOT,Valtteri Bottas,williams,Williams,77,3,3,3,15,53,Finished,1,1:40.896,208.658,kph
2014,16,Russian Grand Prix,2014-10-12,sochi,Sochi Autodrom,button,BUT,Jenson Button,mclaren,McLaren,22,4,4,4,12,53,Finished,4,1:41.964,206.472,kph
2014,16,Russian Grand Prix,2014-10-12,sochi,Sochi Autodrom,kevin_magnussen,MAG,Kevin Magnussen,mclaren,McLaren,20,11,5,5,10,53,Finished,14,1:43.076,204.245,kph
2014,16,Russian Grand Prix,2014-10-12,sochi,Sochi Autodrom,alonso,ALO,Fernando Alonso,ferrari,Ferrari,14,7,6,6,8,53,Finished,6,1:42.179,206.038,kph
2014,16,Russian Grand Prix,2014-10-12,sochi,Sochi Autodrom,ricciardo,RIC,Daniel Ricciardo,red_bull,Red Bull,3,6,7,7,6,53,Finished,13,1:43.050,204.296,kph
2014,16,Russian Grand Prix,2014-10-12,sochi,Sochi Autodrom,vettel,VET,Sebastian Vettel,red_bull,Red Bull,1,10,8,8,4,53,Finished,8,1:42.630,205.133,kph
2014,16,Russian Grand Prix,2014-10-12,sochi,Sochi Autodrom,raikkonen,RAI,Kimi Räikkönen,ferrari,Ferrari,7,8,9,9,2,53,Finished,11,1:42.919,204.556,kph
2014,16,Russian Grand Prix,2014-10-12,sochi,Sochi Autodrom,perez,PER,Sergio Pérez,force_india,Force India,11,12,10,10,1,53,Finished,12,1:42.924,204.547,kph
2014,16,Russian Grand Prix,2014-10-12,sochi,Sochi Autodrom,massa,MAS,Felipe Massa,williams,Williams,19,18,11,11,0,53,Finished,10,1:42.879,204.636,kph
2014,16,Russian Grand Prix,2014-10-12,sochi,Sochi Autodrom,hulkenberg,HUL,Nico Hülkenberg,force_india,Force India,27,17,12,12,0,53,Finished,9,1:42.685,205.023,kph
2014,16,Russian Grand Prix,2014-10-12,sochi,Sochi Autodrom,vergne,VER,Jean-Éric Vergne,toro_rosso,Toro Rosso,25,9,13,13,0,53,Finished,7,1:42.550,205.293,kph
2014,16,Russian Grand Prix,2014-10-12,sochi,Sochi Autodrom,kvyat,KVY,Daniil Kvyat,toro_rosso,Toro Rosso,26,5,14,14,0,52,+1 Lap,5,1:42.022,206.355,kph
2014,16,Russian Grand Prix,2014-10-12,sochi,Sochi Autodrom,gutierrez,GUT,Esteban Gutiérrez,sauber,Sauber,21,13,15,15,0,52,+1 Lap,18,1:44.075,202.284,kph
2014,16,Russian Grand Prix,2014-10-12,sochi,Sochi Autodrom,sutil,SUT,Adrian Sutil,sauber,Sauber,99,14,16,16,0,52,+1 Lap,15,1:43.822,202.777,kph
2014,16,Russian Grand Prix,2014-10-12,sochi,Sochi Autodrom,grosjean,GRO,Romain Grosjean,lotus_f1,Lotus F1,8,15,17,17,0,52,+1 Lap,19,1:44.461,201.537,kph
2014,16,Russian Grand Prix,2014-10-12,sochi,Sochi Autodrom,maldonado,MAL,Pastor Maldonado,lotus_f1,Lotus F1,13,21,18,18,0,52,+1 Lap,17,1:44.030,202.372,kph
2014,16,Russian Grand Prix,2014-10-12,sochi,Sochi Autodrom,ericsson,ERI,Marcus Ericsson,caterham,Caterham,9,16,19,19,0,51,+2 Laps,16,1:43.979,202.471,kph
2014,16,Russian Grand Prix,2014-10-12,sochi,Sochi Autodrom,kobayashi,KOB,Kamui Kobayashi,caterham,Caterham,10,19,20,R,0,21,Brakes,20,1:47.407,196.009,kph
2014,16,Russian Grand Prix,2014-10-12,sochi,Sochi Autodrom,chilton,CHI,Max Chilton,marussia,Marussia,4,20,21,R,0,9,Suspension,21,1:48.268,194.450,kph
2014,17,United States Grand Prix,2014-11-02,americas,Circuit of the Americas,hamilton,HAM,Lewis Hamilton,mercedes,Mercedes,44,2,1,1,25,56,Finished,4,1:41.929,194.712,kph
2014,17,United States Grand Prix,2014-11-02,americas,Circuit of the Americas,rosberg,ROS,Nico Rosberg,mercedes,Mercedes,6,1,2,2,18,56,Finished,5,1:41.932,194.706,kph
2014,17,United States Grand Prix,2014-11-02,americas,Circuit of the Americas,ricciardo,RIC,Daniel Ricciardo,red_bull,Red Bull,3,5,3,3,15,56,Finished,7,1:42.831,193.004,kph
2014,17,United States Grand Prix,2014-11-02,americas,Circuit of the Americas,massa,MAS,Felipe Massa,williams,Williams,19,4,4,4,12,56,Finished,9,1:42.971,192.741,kph
2014,17,United States Grand Prix,2014-11-02,americas,Circuit of the Americas,bottas,BOT,Valtteri Bottas,williams,Williams,77,3,5,5,10,56,Finished,6,1:42.505,193.617,kph
2014,17,United States Grand Prix,2014-11-02,americas,Circuit of the Americas,alonso,ALO,Fernando Alonso,ferrari,Ferrari,14,6,6,6,8,56,Finished,2,1:41.474,195.585,kph
2014,17,United States Grand Prix,2014-11-02,americas,Circuit of the Americas,vettel,VET,Sebastian Vettel,red_bull,Red Bull,1,18,7,7,6,56,Finished,1,1:41.379,195.768,kph
2014,17,United States Grand Prix,2014-11-02,americas,Circuit of the Americas,kevin_magnussen,MAG,Kevin Magnussen,mclaren,McLaren,20,7,8,8,4,56,Finished,14,1:44.287,190.309,kph
2014,17,United States Grand Prix,2014-11-02,americas,Circuit of the Americas,maldonado,MAL,Pastor Maldonado,lotus_f1,Lotus F1,13,10,9,9,2,56,Finished,11,1:43.808,191.187,kph
2014,17,United States Grand Prix,2014-11-02,americas,Circuit of the Americas,vergne,VER,Jean-Éric Vergne,toro_rosso,Toro Rosso,25,14,10,10,1,56,Finished,12,1:44.180,190.504,kph
2014,17,United States Grand Prix,2014-11-02,americas,Circuit of the Americas,grosjean,GRO,Romain Grosjean,lotus_f1,Lotus F1,8,16,11,11,0,55,+1 Lap,15,1:44.440,190.030,kph
2014,17,United States Grand Prix,2014-11-02,americas,Circuit of the Americas,button,BUT,Jenson Button,mclaren,McLaren,22,12,12,12,0,55,+1 Lap,13,1:44.255,190.367,kph
2014,17,United States Grand Prix,2014-11-02,americas,Circuit of the Americas,raikkonen,RAI,Kimi Räikkönen,ferrari,Ferrari,7,8,13,13,0,55,+1 Lap,8,1:42.888,192.897,kph
2014,17,United States Grand Prix,2014-11-02,americas,Circuit of the Americas,gutierrez,GUT,Esteban Gutiérrez,sauber,Sauber,21,15,14,14,0,55,+1 Lap,10,1:43.006,192.676,kph
2014,17,United States Grand Prix,2014-11-02,americas,Circuit of the Americas,kvyat,KVY,Daniil Kvyat,toro_rosso,Toro Rosso,26,17,15,15,0,55,+1 Lap,3,1:41.689,195.171,kph
2014,17,United States Grand Prix,2014-11-02,americas,Circuit of the Americas,hulkenberg,HUL,Nico Hülkenberg,force_india,Force India,27,13,16,R,0,16,Engine,16,1:46.226,186.835,kph
2014,17,United States Grand Prix,2014-11-02,americas,Circuit of the Americas,perez,PER,Sergio Pérez,force_india,Force India,11,11,17,R,0,1,Collision damage,,,,
2014,17,United States Grand Prix,2014-11-02,americas,Circuit of the Americas,sutil,SUT,Adrian Sutil,sauber,Sauber,99,9,18,R,0,0,Collision,,,,
2014,18,Brazilian Grand Prix,2014-11-09,interlagos,Autódromo José Carlos Pace,rosberg,ROS,Nico Rosberg,mercedes,Mercedes,6,1,1,1,25,71,Finished,2,1:13.619,210.711,kph
2014,18,Brazilian Grand Prix,2014-11-09,interlagos,Autódromo José Carlos Pace,hamilton,HAM,Lewis Hamilton,mercedes,Mercedes,44,2,2,2,18,71,Finished,1,1:13.555,210.895,kph
2014,18,Brazilian Grand Prix,2014-11-09,interlagos,Autódromo José Carlos Pace,massa,MAS,Felipe Massa,williams,Williams,19,3,3,3,15,71,Finished,7,1:14.101,209.341,kph
2014,18,Brazilian Grand Prix,2014-11-09,interlagos,Autódromo José Carlos Pace,button,BUT,Jenson Button,mclaren,McLaren,22,5,4,4,12,71,Finished,4,1:13.999,209.629,kph
2014,18,Brazilian Grand Prix,2014-11-09,interlagos,Autódromo José Carlos Pace,vettel,VET,Sebastian Vettel,red_bull,Red Bull,1,6,5,5,10,71,Finished,5,1:14.018,209.576,kph
2014,18,Brazilian Grand Prix,2014-11-09,interlagos,Autódromo José Carlos Pace,alonso,ALO,Fernando Alonso,ferrari,Ferrari,14,8,6,6,8,71,Finished,10,1:14.313,208.744,kph
2014,18,Brazilian Grand Prix,2014-11-09,interlagos,Autódromo José Carlos Pace,raikkonen,RAI,Kimi Räikkönen,ferrari,Ferrari,7,10,7,7,6,71,Finished,17,1:14.963,206.934,kph
2014,18,Brazilian Grand Prix,2014-11-09,interlagos,Autódromo José Carlos Pace,hulkenberg,HUL,Nico Hülkenberg,force_india,Force India,27,12,8,8,4,71,Finished,3,1:13.728,210.400,kph
2014,18,Brazilian Grand Prix,2014-11-09,interlagos,Autódromo José Carlos Pace,kevin_magnussen,MAG,Kevin Magnussen,mclaren,McLaren,20,7,9,9,2,71,Finished,11,1:14.544,208.097,kph
2014,18,Brazilian Grand Prix,2014-11-09,interlagos,Autódromo José Carlos Pace,bottas,BOT,Valtteri Bottas,williams,Williams,77,4,10,10,1,70,+1 Lap,9,1:14.229,208.980,kph
2014,18,Brazilian Grand Prix,2014-11-09,interlagos,Autódromo José Carlos Pace,kvyat,KVY,Daniil Kvyat,toro_rosso,Toro Rosso,26,17,11,11,0,70,+1 Lap,8,1:14.144,209.219,kph
2014,18,Brazilian Grand Prix,2014-11-09,interlagos,Autódromo José Carlos Pace,maldonado,MAL,Pastor Maldonado,lotus_f1,Lotus F1,13,16,12,12,0,70,+1 Lap,14,1:14.810,207.357,kph
2014,18,Brazilian Grand Prix,2014-11-09,interlagos,Autódromo José Carlos Pace,vergne,VER,Jean-Éric Vergne,toro_rosso,Toro Rosso,25,15,13,13,0,70,+1 Lap,13,1:14.774,207.457,kph
2014,18,Brazilian Grand Prix,2014-11-09,interlagos,Autódromo José Carlos Pace,gutierrez,GUT,Esteban Gutiérrez,sauber,Sauber,21,11,14,14,0,70,+1 Lap,16,1:14.875,207.177,kph
2014,18,Brazilian Grand Prix,2014-11-09,interlagos,Autódromo José Carlos Pace,perez,PER,Sergio Pérez,force_india,Force India,11,18,15,15,0,70,+1 Lap,12,1:14.550,208.080,kph
2014,18,Brazilian Grand Prix,2014-11-09,interlagos,Autódromo José Carlos Pace,sutil,SUT,Adrian Sutil,sauber,Sauber,99,13,16,16,0,70,+1 Lap,15,1:14.834,207.290,kph
2014,18,Brazilian Grand Prix,2014-11-09,interlagos,Autódromo José Carlos Pace,grosjean,GRO,Romain Grosjean,lotus_f1,Lotus F1,8,14,17,17,0,63,+8 Laps,6,1:14.070,209.428,kph
2014,18,Brazilian Grand Prix,2014-11-09,interlagos,Autódromo José Carlos Pace,ricciardo,RIC,Daniel Ricciardo,red_bull,Red Bull,3,9,18,R,0,39,Suspension,18,1:15.387,205.770,kph
2014,19,Abu Dhabi Grand Prix,2014-11-23,yas_marina,Yas Marina Circuit,hamilton,HAM,Lewis Hamilton,mercedes,Mercedes,44,2,1,1,50,55,Finished,4,1:45.599,189.342,kph
2014,19,Abu Dhabi Grand Prix,2014-11-23,yas_marina,Yas Marina Circuit,massa,MAS,Felipe Massa,williams,Williams,19,4,2,2,36,55,Finished,2,1:44.826,190.738,kph
2014,19,Abu Dhabi Grand Prix,2014-11-23,yas_marina,Yas Marina Circuit,bottas,BOT,Valtteri Bottas,williams,Williams,77,3,3,3,30,55,Finished,6,1:45.727,189.113,kph
2014,19,Abu Dhabi Grand Prix,2014-11-23,yas_marina,Yas Marina Circuit,ricciardo,RIC,Daniel Ricciardo,red_bull,Red Bull,3,20,4,4,24,55,Finished,1,1:44.496,191.341,kph
2014,19,Abu Dhabi Grand Prix,2014-11-23,yas_marina,Yas Marina Circuit,button,BUT,Jenson Button,mclaren,McLaren,22,6,5,5,20,55,Finished,9,1:46.739,187.320,kph
2014,19,Abu Dhabi Grand Prix,2014-11-23,yas_marina,Yas Marina Circuit,hulkenberg,HUL,Nico Hülkenberg,force_india,Force India,27,12,6,6,16,55,Finished,7,1:45.777,189.024,kph
2014,19,Abu Dhabi Grand Prix,2014-11-23,yas_marina,Yas Marina Circuit,perez,PER,Sergio Pérez,force_india,Force India,11,11,7,7,12,55,Finished,8,1:45.808,188.968,kph
2014,19,Abu Dhabi Grand Prix,2014-11-23,yas_marina,Yas Marina Circuit,vettel,VET,Sebastian Vettel,red_bull,Red Bull,1,19,8,8,8,55,Finished,3,1:45.552,189.427,kph
2014,19,Abu Dhabi Grand Prix,2014-11-23,yas_marina,Yas Marina Circuit,alonso,ALO,Fernando Alonso,ferrari,Ferrari,14,8,9,9,4,55,Finished,12,1:47.424,186.126,kph
2014,19,Abu Dhabi Grand Prix,2014-11-23,yas_marina,Yas Marina Circuit,raikkonen,RAI,Kimi Räikkönen,ferrari,Ferrari,7,7,10,10,2,55,Finished,16,1:47.736,185.586,kph
2014,19,Abu Dhabi Grand Prix,2014-11-23,yas_marina,Yas Marina Circuit,kevin_magnussen,MAG,Kevin Magnussen,mclaren,McLaren,20,9,11,11,0,55,Finished,10,1:46.824,187.171,kph
2014,19,Abu Dhabi Grand Prix,2014-11-23,yas_marina,Yas Marina Circuit,vergne,VER,Jean-Éric Vergne,toro_rosso,Toro Rosso,25,10,12,12,0,55,Finished,5,1:45.686,189.186,kph
2014,19,Abu Dhabi Grand Prix,2014-11-23,yas_marina,Yas Marina Circuit,grosjean,GRO,Romain Grosjean,lotus_f1,Lotus F1,8,18,13,13,0,54,+1 Lap,17,1:47.897,185.310,kph
2014,19,Abu Dhabi Grand Prix,2014-11-23,yas_marina,Yas Marina Circuit,rosberg,ROS,Nico Rosberg,mercedes,Mercedes,6,1,14,14,0,54,+1 Lap,11,1:46.869,187.092,kph
2014,19,Abu Dhabi Grand Prix,2014-11-23,yas_marina,Yas Marina Circuit,gutierrez,GUT,Esteban Gutiérrez,sauber,Sauber,21,14,15,15,0,54,+1 Lap,15,1:47.698,185.652,kph
2014,19,Abu Dhabi Grand Prix,2014-11-23,yas_marina,Yas Marina Circuit,sutil,SUT,Adrian Sutil,sauber,Sauber,99,13,16,16,0,54,+1 Lap,14,1:47.508,185.980,kph
2014,19,Abu Dhabi Grand Prix,2014-11-23,yas_marina,Yas Marina Circuit,stevens,STE,Will Stevens,caterham,Caterham,46,17,17,17,0,54,+1 Lap,18,1:48.398,184.453,kph
2014,19,Abu Dhabi Grand Prix,2014-11-23,yas_marina,Yas Marina Circuit,kobayashi,KOB,Kamui Kobayashi,caterham,Caterham,10,16,18,R,0,42,Retired,13,1:47.431,186.113,kph
2014,19,Abu Dhabi Grand Prix,2014-11-23,yas_marina,Yas Marina Circuit,maldonado,MAL,Pastor Maldonado,lotus_f1,Lotus F1,13,15,19,R,0,26,Power Unit,20,1:48.933,183.547,kph
2014,19,Abu Dhabi Grand Prix,2014-11-23,yas_marina,Yas Marina Circuit,kvyat,KVY,Daniil Kvyat,toro_rosso,Toro Rosso,26,5,20,R,0,14,Power Unit,19,1:48.748,183.859,kph
2015,1,Australian Grand Prix,2015-03-15,albert_park,Albert Park Grand Prix Circuit,hamilton,HAM,Lewis Hamilton,mercedes,Mercedes,44,1,1,1,25,58,Finished,1,1:30.945,209.915,kph
2015,1,Australian Grand Prix,2015-03-15,albert_park,Albert Park Grand Prix Circuit,rosberg,ROS,Nico Rosberg,mercedes,Mercedes,6,2,2,2,18,58,Finished,2,1:31.092,209.577,kph
2015,1,Australian Grand Prix,2015-03-15,albert_park,Albert Park Grand Prix Circuit,vettel,VET,Sebastian Vettel,ferrari,Ferrari,5,4,3,3,15,58,Finished,4,1:31.457,208.740,kph
2015,1,Australian Grand Prix,2015-03-15,albert_park,Albert Park Grand Prix Circuit,massa,MAS,Felipe Massa,williams,Williams,19,3,4,4,12,58,Finished,6,1:31.719,208.144,kph
2015,1,Australian Grand Prix,2015-03-15,albert_park,Albert Park Grand Prix Circuit,nasr,NAS,Felipe Nasr,sauber,Sauber,12,10,5,5,10,58,Finished,9,1:32.612,206.137,kph
2015,1,Australian Grand Prix,2015-03-15,albert_park,Albert Park Grand Prix Circuit,ricciardo,RIC,Daniel Ricciardo,red_bull,Red Bull,3,6,6,6,8,57,+1 Lap,10,1:32.797,205.726,kph
2015,1,Australian Grand Prix,2015-03-15,albert_park,Albert Park Grand Prix Circuit,hulkenberg,HUL,Nico Hülkenberg,force_india,Force India,27,13,7,7,6,57,+1 Lap,8,1:31.970,207.576,kph
2015,1,Australian Grand Prix,2015-03-15,albert_park,Albert Park Grand Prix Circuit,ericsson,ERI,Marcus Ericsson,sauber,Sauber,9,15,8,8,4,57,+1 Lap,5,1:31.560,208.505,kph
2015,1,Australian Grand Prix,2015-03-15,albert_park,Albert Park Grand Prix Circuit,sainz,SAI,Carlos Sainz,toro_rosso,Toro Rosso,55,7,9,9,2,57,+1 Lap,11,1:32.872,205.560,kph
2015,1,Australian Grand Prix,2015-03-15,albert_park,Albert Park Grand Prix Circuit,perez,PER,Sergio Pérez,force_india,Force India,11,14,10,10,1,57,+1 Lap,7,1:31.959,207.601,kph
2015,1,Australian Grand Prix,2015-03-15,albert_park,Albert Park Grand Prix Circuit,button,BUT,Jenson Button,mclaren,McLaren,22,16,11,11,0,56,+2 Laps,12,1:33.338,204.534,kph
2015,1,Australian Grand Prix,2015-03-15,albert_park,Albert Park Grand Prix Circuit,raikkonen,RAI,Kimi Räikkönen,ferrari,Ferrari,7,5,12,R,0,40,Wheel,3,1:31.426,208.811,kph
2015,1,Australian Grand Prix,2015-03-15,albert_park,Albert Park Grand Prix Circuit,max_verstappen,VER,Max Verstappen,toro_rosso,Toro Rosso,33,11,13,R,0,32,Engine,13,1:34.295,202.458,kph
2015,1,Australian Grand Prix,2015-03-15,albert_park,Albert Park Grand Prix Circuit,grosjean,GRO,Romain Grosjean,lotus_f1,Lotus F1,8,8,14,R,0,0,Power loss,,,,
2015,1,Australian Grand Prix,2015-03-15,albert_park,Albert Park Grand Prix Circuit,maldonado,MAL,Pastor Maldonado,lotus_f1,Lotus F1,13,9,15,R,0,0,Accident,,,,
2015,1,Australian Grand Prix,2015-03-15,albert_park,Albert Park Grand Prix Circuit,kvyat,KVY,Daniil Kvyat,red_bull,Red Bull,26,12,16,W,0,0,Withdrew,,,,
2015,1,Australian Grand Prix,2015-03-15,albert_park,Albert Park Grand Prix Circuit,kevin_magnussen,MAG,Kevin Magnussen,mclaren,McLaren,20,17,17,W,0,0,Withdrew,,,,
2015,1,Australian Grand Prix,2015-03-15,albert_park,Albert Park Grand Prix Circuit,bottas,BOT,Valtteri Bottas,williams,Williams,77,0,18,W,0,0,Withdrew,,,,
2015,2,Malaysian Grand Prix,2015-03-29,sepang,Sepang International Circuit,vettel,VET,Sebastian Vettel,ferrari,Ferrari,5,2,1,1,25,56,Finished,3,1:43.648,193.501,kph
2015,2,Malaysian Grand Prix,2015-03-29,sepang,Sepang International Circuit,hamilton,HAM,Lewis Hamilton,mercedes,Mercedes,44,1,2,2,18,56,Finished,2,1:43.125,193.501,kph
2015,2,Malaysian Grand Prix,2015-03-29,sepang,Sepang International Circuit,rosberg,ROS,Nico Rosberg,mercedes,Mercedes,6,3,3,3,15,56,Finished,1,1:42.062,195.516,kph
2015,2,Malaysian Grand Prix,2015-03-29,sepang,Sepang International Circuit,raikkonen,RAI,Kimi Räikkönen,ferrari,Ferrari,7,11,4,4,12,56,Finished,7,1:44.124,191.644,kph
2015,2,Malaysian Grand Prix,2015-03-29,sepang,Sepang International Circuit,bottas,BOT,Valtteri Bottas,williams,Williams,77,8,5,5,10,56,Finished,6,1:44.088,191.710,kph
2015,2,Malaysian Grand Prix,2015-03-29,sepang,Sepang International Circuit,massa,MAS,Felipe Massa,williams,Williams,19,7,6,6,8,56,Finished,5,1:43.990,191.891,kph
2015,2,Malaysian Grand Prix,2015-03-29,sepang,Sepang International Circuit,max_verstappen,VER,Max Verstappen,toro_rosso,Toro Rosso,33,6,7,7,6,56,Finished,9,1:44.579,190.810,kph
2015,2,Malaysian Grand Prix,2015-03-29,sepang,Sepang International Circuit,sainz,SAI,Carlos Sainz,toro_rosso,Toro Rosso,55,15,8,8,4,55,+1 Lap,15,1:45.507,189.132,kph
2015,2,Malaysian Grand Prix,2015-03-29,sepang,Sepang International Circuit,kvyat,KVY,Daniil Kvyat,red_bull,Red Bull,26,5,9,9,2,55,+1 Lap,8,1:44.514,190.929,kph
2015,2,Malaysian Grand Prix,2015-03-29,sepang,Sepang International Circuit,ricciardo,RIC,Daniel Ricciardo,red_bull,Red Bull,3,4,10,10,1,55,+1 Lap,13,1:45.312,189.482,kph
2015,2,Malaysian Grand Prix,2015-03-29,sepang,Sepang International Circuit,grosjean,GRO,Romain Grosjean,lotus_f1,Lotus F1,8,10,11,11,0,55,+1 Lap,10,1:44.812,190.386,kph
2015,2,Malaysian Grand Prix,2015-03-29,sepang,Sepang International Circuit,nasr,NAS,Felipe Nasr,sauber,Sauber,12,16,12,12,0,55,+1 Lap,4,1:43.902,192.054,kph
2015,2,Malaysian Grand Prix,2015-03-29,sepang,Sepang International Circuit,perez,PER,Sergio Pérez,force_india,Force India,11,14,13,13,0,55,+1 Lap,14,1:45.345,189.423,kph
2015,2,Malaysian Grand Prix,2015-03-29,sepang,Sepang International Circuit,hulkenberg,HUL,Nico Hülkenberg,force_india,Force India,27,13,14,14,0,55,+1 Lap,11,1:44.822,190.368,kph
2015,2,Malaysian Grand Prix,2015-03-29,sepang,Sepang International Circuit,merhi,MER,Roberto Merhi,manor,Manor Marussia,98,19,15,15,0,53,+3 Laps,19,1:49.040,183.004,kph
2015,2,Malaysian Grand Prix,2015-03-29,sepang,Sepang International Circuit,maldonado,MAL,Pastor Maldonado,lotus_f1,Lotus F1,13,12,16,R,0,47,Retired,12,1:45.070,189.919,kph
2015,2,Malaysian Grand Prix,2015-03-29,sepang,Sepang International Circuit,button,BUT,Jenson Button,mclaren,McLaren,22,17,17,R,0,41,Turbo,16,1:46.056,188.153,kph
2015,2,Malaysian Grand Prix,2015-03-29,sepang,Sepang International Circuit,alonso,ALO,Fernando Alonso,mclaren,McLaren,14,18,18,R,0,21,ERS,17,1:48.460,183.983,kph
2015,2,Malaysian Grand Prix,2015-03-29,sepang,Sepang International Circuit,ericsson,ERI,Marcus Ericsson,sauber,Sauber,9,9,19,R,0,3,Spun off,18,1:48.760,183.475,kph
2015,2,Malaysian Grand Prix,2015-03-29,sepang,Sepang International Circuit,stevens,STE,Will Stevens,manor,Manor Marussia,28,0,20,W,0,0,Fuel system,,,,
2015,3,Chinese Grand Prix,2015-04-12,shanghai,Shanghai International Circuit,hamilton,HAM,Lewis Hamilton,mercedes,Mercedes,44,1,1,1,25,56,Finished,1,1:42.208,191.996,kph
2015,3,Chinese Grand Prix,2015-04-12,shanghai,Shanghai International Circuit,rosberg,ROS,Nico Rosberg,mercedes,Mercedes,6,2,2,2,18,56,Finished,2,1:42.565,191.328,kph
2015,3,Chinese Grand Prix,2015-04-12,shanghai,Shanghai International Circuit,vettel,VET,Sebastian Vettel,ferrari,Ferrari,5,3,3,3,15,56,Finished,5,1:43.018,190.487,kph
2015,3,Chinese Grand Prix,2015-04-12,shanghai,Shanghai International Circuit,raikkonen,RAI,Kimi Räikkönen,ferrari,Ferrari,7,6,4,4,12,56,Finished,6,1:43.026,190.472,kph
2015,3,Chinese Grand Prix,2015-04-12,shanghai,Shanghai International Circuit,massa,MAS,Felipe Massa,williams,Williams,19,4,5,5,10,56,Finished,4,1:42.734,191.013,kph
2015,3,Chinese Grand Prix,2015-04-12,shanghai,Shanghai International Circuit,bottas,BOT,Valtteri Bottas,williams,Williams,77,5,6,6,8,56,Finished,7,1:43.051,190.426,kph
2015,3,Chinese Grand Prix,2015-04-12,shanghai,Shanghai International Circuit,grosjean,GRO,Romain Grosjean,lotus_f1,Lotus F1,8,8,7,7,6,56,Finished,8,1:43.134,190.272,kph
2015,3,Chinese Grand Prix,2015-04-12,shanghai,Shanghai International Circuit,nasr,NAS,Felipe Nasr,sauber,Sauber,12,9,8,8,4,56,Finished,12,1:43.692,189.248,kph
2015,3,Chinese Grand Prix,2015-04-12,shanghai,Shanghai International Circuit,ricciardo,RIC,Daniel Ricciardo,red_bull,Red Bull,3,7,9,9,2,56,Finished,9,1:43.245,190.068,kph
2015,3,Chinese Grand Prix,2015-04-12,shanghai,Shanghai International Circuit,ericsson,ERI,Marcus Ericsson,sauber,Sauber,9,10,10,10,1,55,+1 Lap,15,1:44.204,188.319,kph
2015,3,Chinese Grand Prix,2015-04-12,shanghai,Shanghai International Circuit,perez,PER,Sergio Pérez,force_india,Force India,11,15,11,11,0,55,+1 Lap,10,1:43.512,189.578,kph
2015,3,Chinese Grand Prix,2015-04-12,shanghai,Shanghai International Circuit,alonso,ALO,Fernando Alonso,mclaren,McLaren,14,18,12,12,0,55,+1 Lap,13,1:43.728,189.183,kph
2015,3,Chinese Grand Prix,2015-04-12,shanghai,Shanghai International Circuit,sainz,SAI,Carlos Sainz,toro_rosso,Toro Rosso,55,14,13,13,0,55,+1 Lap,3,1:42.652,191.166,kph
2015,3,Chinese Grand Prix,2015-04-12,shanghai,Shanghai International Circuit,button,BUT,Jenson Button,mclaren,McLaren,22,17,14,14,0,55,+1 Lap,16,1:44.991,186.907,kph
2015,3,Chinese Grand Prix,2015-04-12,shanghai,Shanghai International Circuit,stevens,STE,Will Stevens,manor,Manor Marussia,28,19,15,15,0,54,+2 Laps,17,1:45.414,186.157,kph
2015,3,Chinese Grand Prix,2015-04-12,shanghai,Shanghai International Circuit,merhi,MER,Roberto Merhi,manor,Manor Marussia,98,20,16,16,0,54,+2 Laps,19,1:45.963,185.192,kph
2015,3,Chinese Grand Prix,2015-04-12,shanghai,Shanghai International Circuit,max_verstappen,VER,Max Verstappen,toro_rosso,Toro Rosso,33,13,17,17,0,52,Transmission,14,1:43.880,188.906,kph
2015,3,Chinese Grand Prix,2015-04-12,shanghai,Shanghai International Circuit,maldonado,MAL,Pastor Maldonado,lotus_f1,Lotus F1,13,11,18,R,0,49,Brakes,11,1:43.686,189.259,kph
2015,3,Chinese Grand Prix,2015-04-12,shanghai,Shanghai International Circuit,kvyat,KVY,Daniil Kvyat,red_bull,Red Bull,26,12,19,R,0,15,Power Unit,20,1:46.291,184.621,kph
2015,3,Chinese Grand Prix,2015-04-12,shanghai,Shanghai International Circuit,hulkenberg,HUL,Nico Hülkenberg,force_india,Force India,27,16,20,R,0,9,Gearbox,18,1:45.844,185.401,kph
2015,4,Bahrain Grand Prix,2015-04-19,bahrain,Bahrain International Circuit,hamilton,HAM,Lewis Hamilton,mercedes,Mercedes,44,1,1,1,25,57,Finished,5,1:37.857,199.098,kph
2015,4,Bahrain Grand Prix,2015-04-19,bahrain,Bahrain International Circuit,raikkonen,RAI,Kimi Räikkönen,ferrari,Ferrari,7,4,2,2,18,57,Finished,1,1:36.311,202.294,kph
2015,4,Bahrain Grand Prix,2015-04-19,bahrain,Bahrain International Circuit,rosberg,ROS,Nico Rosberg,mercedes,Mercedes,6,3,3,3,15,57,Finished,3,1:37.326,200.184,kph
2015,4,Bahrain Grand Prix,2015-04-19,bahrain,Bahrain International Circuit,bottas,BOT,Valtteri Bottas,williams,Williams,77,5,4,4,12,57,Finished,6,1:38.095,198.615,kph
2015,4,Bahrain Grand Prix,2015-04-19,bahrain,Bahrain International Circuit,vettel,VET,Sebastian Vettel,ferrari,Ferrari,5,2,5,5,10,57,Finished,2,1:36.624,201.639,kph
2015,4,Bahrain Grand Prix,2015-04-19,bahrain,Bahrain International Circuit,ricciardo,RIC,Daniel Ricciardo,red_bull,Red Bull,3,7,6,6,8,57,Finished,12,1:38.948,196.903,kph
2015,4,Bahrain Grand Prix,2015-04-19,bahrain,Bahrain International Circuit,grosjean,GRO,Romain Grosjean,lotus_f1,Lotus F1,8,10,7,7,6,57,Finished,15,1:39.161,196.480,kph
2015,4,Bahrain Grand Prix,2015-04-19,bahrain,Bahrain International Circuit,perez,PER,Sergio Pérez,force_india,Force India,11,11,8,8,4,56,+1 Lap,8,1:38.338,198.124,kph
2015,4,Bahrain Grand Prix,2015-04-19,bahrain,Bahrain International Circuit,kvyat,KVY,Daniil Kvyat,red_bull,Red Bull,26,17,9,9,2,56,+1 Lap,11,1:38.725,197.348,kph
2015,4,Bahrain Grand Prix,2015-04-19,bahrain,Bahrain International Circuit,massa,MAS,Felipe Massa,williams,Williams,19,6,10,10,1,56,+1 Lap,14,1:39.094,196.613,kph
2015,4,Bahrain Grand Prix,2015-04-19,bahrain,Bahrain International Circuit,alonso,ALO,Fernando Alonso,mclaren,McLaren,14,14,11,11,0,56,+1 Lap,13,1:38.992,196.815,kph
2015,4,Bahrain Grand Prix,2015-04-19,bahrain,Bahrain International Circuit,nasr,NAS,Felipe Nasr,sauber,Sauber,12,12,12,12,0,56,+1 Lap,7,1:38.216,198.370,kph
2015,4,Bahrain Grand Prix,2015-04-19,bahrain,Bahrain International Circuit,hulkenberg,HUL,Nico Hülkenberg,force_india,Force India,27,8,13,13,0,56,+1 Lap,10,1:38.653,197.492,kph
2015,4,Bahrain Grand Prix,2015-04-19,bahrain,Bahrain International Circuit,ericsson,ERI,Marcus Ericsson,sauber,Sauber,9,13,14,14,0,56,+1 Lap,9,1:38.422,197.955,kph
2015,4,Bahrain Grand Prix,2015-04-19,bahrain,Bahrain International Circuit,maldonado,MAL,Pastor Maldonado,lotus_f1,Lotus F1,13,16,15,15,0,56,+1 Lap,4,1:37.665,199.490,kph
2015,4,Bahrain Grand Prix,2015-04-19,bahrain,Bahrain International Circuit,stevens,STE,Will Stevens,manor,Manor Marussia,28,18,16,16,0,55,+2 Laps,18,1:41.759,191.464,kph
2015,4,Bahrain Grand Prix,2015-04-19,bahrain,Bahrain International Circuit,merhi,MER,Roberto Merhi,manor,Manor Marussia,98,19,17,17,0,54,+3 Laps,19,1:42.033,190.949,kph
2015,4,Bahrain Grand Prix,2015-04-19,bahrain,Bahrain International Circuit,max_verstappen,VER,Max Verstappen,toro_rosso,Toro Rosso,33,15,18,R,0,34,Electrical,16,1:39.607,195.600,kph
2015,4,Bahrain Grand Prix,2015-04-19,bahrain,Bahrain International Circuit,sainz,SAI,Carlos Sainz,toro_rosso,Toro Rosso,55,9,19,R,0,29,Engine,17,1:40.651,193.571,kph
2015,4,Bahrain Grand Prix,2015-04-19,bahrain,Bahrain International Circuit,button,BUT,Jenson Button,mclaren,McLaren,22,20,20,W,0,0,ERS,,,,
2015,5,Spanish Grand Prix,2015-05-10,catalunya,Circuit de Barcelona-Catalunya,rosberg,ROS,Nico Rosberg,mercedes,Mercedes,6,1,1,1,25,66,Finished,2,1:29.109,188.061,kph
2015,5,Spanish Grand Prix,2015-05-10,catalunya,Circuit de Barcelona-Catalunya,hamilton,HAM,Lewis Hamilton,mercedes,Mercedes,44,2,2,2,18,66,Finished,1,1:28.270,189.849,kph
2015,5,Spanish Grand Prix,2015-05-10,catalunya,Circuit de Barcelona-Catalunya,vettel,VET,Sebastian Vettel,ferrari,Ferrari,5,3,3,3,15,66,Finished,6,1:30.737,184.687,kph
2015,5,Spanish Grand Prix,2015-05-10,catalunya,Circuit de Barcelona-Catalunya,bottas,BOT,Valtteri Bottas,williams,Williams,77,4,4,4,12,66,Finished,5,1:30.711,184.740,kph
2015,5,Spanish Grand Prix,2015-05-10,catalunya,Circuit de Barcelona-Catalunya,raikkonen,RAI,Kimi Räikkönen,ferrari,Ferrari,7,7,5,5,10,66,Finished,3,1:29.931,186.342,kph
2015,5,Spanish Grand Prix,2015-05-10,catalunya,Circuit de Barcelona-Catalunya,massa,MAS,Felipe Massa,williams,Williams,19,9,6,6,8,66,Finished,4,1:30.374,185.429,kph
2015,5,Spanish Grand Prix,2015-05-10,catalunya,Circuit de Barcelona-Catalunya,ricciardo,RIC,Daniel Ricciardo,red_bull,Red Bull,3,10,7,7,6,65,+1 Lap,8,1:31.124,183.903,kph
2015,5,Spanish Grand Prix,2015-05-10,catalunya,Circuit de Barcelona-Catalunya,grosjean,GRO,Romain Grosjean,lotus_f1,Lotus F1,8,11,8,8,4,65,+1 Lap,15,1:31.945,182.261,kph
2015,5,Spanish Grand Prix,2015-05-10,catalunya,Circuit de Barcelona-Catalunya,sainz,SAI,Carlos Sainz,toro_rosso,Toro Rosso,55,5,9,9,2,65,+1 Lap,9,1:31.156,183.838,kph
2015,5,Spanish Grand Prix,2015-05-10,catalunya,Circuit de Barcelona-Catalunya,kvyat,KVY,Daniil Kvyat,red_bull,Red Bull,26,8,10,10,1,65,+1 Lap,11,1:31.887,182.376,kph
2015,5,Spanish Grand Prix,2015-05-10,catalunya,Circuit de Barcelona-Catalunya,max_verstappen,VER,Max Verstappen,toro_rosso,Toro Rosso,33,6,11,11,0,65,+1 Lap,12,1:31.896,182.358,kph
2015,5,Spanish Grand Prix,2015-05-10,catalunya,Circuit de Barcelona-Catalunya,nasr,NAS,Felipe Nasr,sauber,Sauber,12,15,12,12,0,65,+1 Lap,13,1:31.928,182.294,kph
2015,5,Spanish Grand Prix,2015-05-10,catalunya,Circuit de Barcelona-Catalunya,perez,PER,Sergio Pérez,force_india,Force India,11,18,13,13,0,65,+1 Lap,14,1:31.932,182.286,kph
2015,5,Spanish Grand Prix,2015-05-10,catalunya,Circuit de Barcelona-Catalunya,ericsson,ERI,Marcus Ericsson,sauber,Sauber,9,16,14,14,0,65,+1 Lap,16,1:32.222,181.713,kph
2015,5,Spanish Grand Prix,2015-05-10,catalunya,Circuit de Barcelona-Catalunya,hulkenberg,HUL,Nico Hülkenberg,force_india,Force India,27,17,15,15,0,65,+1 Lap,7,1:30.888,184.380,kph
2015,5,Spanish Grand Prix,2015-05-10,catalunya,Circuit de Barcelona-Catalunya,button,BUT,Jenson Button,mclaren,McLaren,22,14,16,16,0,65,+1 Lap,10,1:31.162,183.826,kph
2015,5,Spanish Grand Prix,2015-05-10,catalunya,Circuit de Barcelona-Catalunya,stevens,STE,Will Stevens,manor,Manor Marussia,28,19,17,17,0,63,+3 Laps,19,1:33.655,178.933,kph
2015,5,Spanish Grand Prix,2015-05-10,catalunya,Circuit de Barcelona-Catalunya,merhi,MER,Roberto Merhi,manor,Manor Marussia,98,20,18,18,0,62,+4 Laps,20,1:34.211,177.877,kph
2015,5,Spanish Grand Prix,2015-05-10,catalunya,Circuit de Barcelona-Catalunya,maldonado,MAL,Pastor Maldonado,lotus_f1,Lotus F1,13,12,19,R,0,45,Accident,17,1:32.912,180.364,kph
2015,5,Spanish Grand Prix,2015-05-10,catalunya,Circuit de Barcelona-Catalunya,alonso,ALO,Fernando Alonso,mclaren,McLaren,14,13,20,R,0,26,Brakes,18,1:33.387,179.446,kph
2015,6,Monaco Grand Prix,2015-05-24,monaco,Circuit de Monaco,rosberg,ROS,Nico Rosberg,mercedes,Mercedes,6,2,1,1,25,78,Finished,2,1:18.599,152.841,kph
2015,6,Monaco Grand Prix,2015-05-24,monaco,Circuit de Monaco,vettel,VET,Sebastian Vettel,ferrari,Ferrari,5,3,2,2,18,78,Finished,4,1:18.854,152.347,kph
2015,6,Monaco Grand Prix,2015-05-24,monaco,Circuit de Monaco,hamilton,HAM,Lewis Hamilton,mercedes,Mercedes,44,1,3,3,15,78,Finished,3,1:18.676,152.692,kph
2015,6,Monaco Grand Prix,2015-05-24,monaco,Circuit de Monaco,kvyat,KVY,Daniil Kvyat,red_bull,Red Bull,26,5,4,4,12,78,Finished,7,1:19.130,151.815,kph
2015,6,Monaco Grand Prix,2015-05-24,monaco,Circuit de Monaco,ricciardo,RIC,Daniel Ricciardo,red_bull,Red Bull,3,4,5,5,10,78,Finished,1,1:18.063,153.891,kph
2015,6,Monaco Grand Prix,2015-05-24,monaco,Circuit de Monaco,raikkonen,RAI,Kimi Räikkönen,ferrari,Ferrari,7,6,6,6,8,78,Finished,10,1:19.651,150.822,kph
2015,6,Monaco Grand Prix,2015-05-24,monaco,Circuit de Monaco,perez,PER,Sergio Pérez,force_india,Force India,11,7,7,7,6,78,Finished,11,1:19.657,150.811,kph
2015,6,Monaco Grand Prix,2015-05-24,monaco,Circuit de Monaco,button,BUT,Jenson Button,mclaren,McLaren,22,10,8,8,4,78,Finished,9,1:19.490,151.128,kph
2015,6,Monaco Grand Prix,2015-05-24,monaco,Circuit de Monaco,nasr,NAS,Felipe Nasr,sauber,Sauber,12,14,9,9,2,78,Finished,15,1:20.017,150.133,kph
2015,6,Monaco Grand Prix,2015-05-24,monaco,Circuit de Monaco,sainz,SAI,Carlos Sainz,toro_rosso,Toro Rosso,55,0,10,10,1,78,Finished,13,1:19.816,150.511,kph
2015,6,Monaco Grand Prix,2015-05-24,monaco,Circuit de Monaco,hulkenberg,HUL,Nico Hülkenberg,force_india,Force India,27,11,11,11,0,78,Finished,14,1:19.921,150.313,kph
2015,6,Monaco Grand Prix,2015-05-24,monaco,Circuit de Monaco,grosjean,GRO,Romain Grosjean,lotus_f1,Lotus F1,8,15,12,12,0,78,Finished,17,1:20.483,149.263,kph
2015,6,Monaco Grand Prix,2015-05-24,monaco,Circuit de Monaco,ericsson,ERI,Marcus Ericsson,sauber,Sauber,9,17,13,13,0,78,Finished,8,1:19.285,151.519,kph
2015,6,Monaco Grand Prix,2015-05-24,monaco,Circuit de Monaco,bottas,BOT,Valtteri Bottas,williams,Williams,77,16,14,14,0,78,Finished,6,1:18.944,152.173,kph
2015,6,Monaco Grand Prix,2015-05-24,monaco,Circuit de Monaco,massa,MAS,Felipe Massa,williams,Williams,19,12,15,15,0,77,+1 Lap,12,1:19.764,150.609,kph
2015,6,Monaco Grand Prix,2015-05-24,monaco,Circuit de Monaco,merhi,MER,Roberto Merhi,manor,Manor Marussia,98,19,16,16,0,76,+2 Laps,18,1:21.715,147.013,kph
2015,6,Monaco Grand Prix,2015-05-24,monaco,Circuit de Monaco,stevens,STE,Will Stevens,manor,Manor Marussia,28,18,17,17,0,76,+2 Laps,20,1:22.693,145.274,kph
2015,6,Monaco Grand Prix,2015-05-24,monaco,Circuit de Monaco,max_verstappen,VER,Max Verstappen,toro_rosso,Toro Rosso,33,9,18,R,0,62,Accident,5,1:18.873,152.310,kph
2015,6,Monaco Grand Prix,2015-05-24,monaco,Circuit de Monaco,alonso,ALO,Fernando Alonso,mclaren,McLaren,14,13,19,R,0,41,Gearbox,16,1:20.459,149.308,kph
2015,6,Monaco Grand Prix,2015-05-24,monaco,Circuit de Monaco,maldonado,MAL,Pastor Maldonado,lotus_f1,Lotus F1,13,8,20,R,0,5,Brakes,19,1:22.271,146.019,kph
2015,7,Canadian Grand Prix,2015-06-07,villeneuve,Circuit Gilles Villeneuve,hamilton,HAM,Lewis Hamilton,mercedes,Mercedes,44,1,1,1,25,70,Finished,3,1:17.472,202.648,kph
2015,7,Canadian Grand Prix,2015-06-07,villeneuve,Circuit Gilles Villeneuve,rosberg,ROS,Nico Rosberg,mercedes,Mercedes,6,2,2,2,18,70,Finished,5,1:17.637,202.218,kph
2015,7,Canadian Grand Prix,2015-06-07,villeneuve,Circuit Gilles Villeneuve,bottas,BOT,Valtteri Bottas,williams,Williams,77,4,3,3,15,70,Finished,6,1:17.922,201.478,kph
2015,7,Canadian Grand Prix,2015-06-07,villeneuve,Circuit Gilles Villeneuve,raikkonen,RAI,Kimi Räikkönen,ferrari,Ferrari,7,3,4,4,12,70,Finished,1,1:16.987,203.925,kph
2015,7,Canadian Grand Prix,2015-06-07,villeneuve,Circuit Gilles Villeneuve,vettel,VET,Sebastian Vettel,ferrari,Ferrari,5,18,5,5,10,70,Finished,2,1:17.105,203.613,kph
2015,7,Canadian Grand Prix,2015-06-07,villeneuve,Circuit Gilles Villeneuve,massa,MAS,Felipe Massa,williams,Williams,19,15,6,6,8,70,Finished,4,1:17.553,202.437,kph
2015,7,Canadian Grand Prix,2015-06-07,villeneuve,Circuit Gilles Villeneuve,maldonado,MAL,Pastor Maldonado,lotus_f1,Lotus F1,13,6,7,7,6,70,Finished,10,1:18.385,200.288,kph
2015,7,Canadian Grand Prix,2015-06-07,villeneuve,Circuit Gilles Villeneuve,hulkenberg,HUL,Nico Hülkenberg,force_india,Force India,27,7,8,8,4,69,+1 Lap,9,1:18.238,200.664,kph
2015,7,Canadian Grand Prix,2015-06-07,villeneuve,Circuit Gilles Villeneuve,kvyat,KVY,Daniil Kvyat,red_bull,Red Bull,26,8,9,9,2,69,+1 Lap,8,1:18.048,201.153,kph
2015,7,Canadian Grand Prix,2015-06-07,villeneuve,Circuit Gilles Villeneuve,grosjean,GRO,Romain Grosjean,lotus_f1,Lotus F1,8,5,10,10,1,69,+1 Lap,7,1:17.969,201.356,kph
2015,7,Canadian Grand Prix,2015-06-07,villeneuve,Circuit Gilles Villeneuve,perez,PER,Sergio Pérez,force_india,Force India,11,10,11,11,0,69,+1 Lap,14,1:18.889,199.008,kph
2015,7,Canadian Grand Prix,2015-06-07,villeneuve,Circuit Gilles Villeneuve,sainz,SAI,Carlos Sainz,toro_rosso,Toro Rosso,55,11,12,12,0,69,+1 Lap,12,1:18.811,199.205,kph
2015,7,Canadian Grand Prix,2015-06-07,villeneuve,Circuit Gilles Villeneuve,ricciardo,RIC,Daniel Ricciardo,red_bull,Red Bull,3,9,13,13,0,69,+1 Lap,16,1:19.060,198.578,kph
2015,7,Canadian Grand Prix,2015-06-07,villeneuve,Circuit Gilles Villeneuve,ericsson,ERI,Marcus Ericsson,sauber,Sauber,9,12,14,14,0,69,+1 Lap,15,1:18.890,199.006,kph
2015,7,Canadian Grand Prix,2015-06-07,villeneuve,Circuit Gilles Villeneuve,max_verstappen,VER,Max Verstappen,toro_rosso,Toro Rosso,33,19,15,15,0,69,+1 Lap,11,1:18.616,199.699,kph
2015,7,Canadian Grand Prix,2015-06-07,villeneuve,Circuit Gilles Villeneuve,nasr,NAS,Felipe Nasr,sauber,Sauber,12,14,16,16,0,68,+2 Laps,17,1:19.088,198.507,kph
2015,7,Canadian Grand Prix,2015-06-07,villeneuve,Circuit Gilles Villeneuve,stevens,STE,Will Stevens,manor,Manor Marussia,28,17,17,17,0,66,+4 Laps,19,1:20.707,194.525,kph
2015,7,Canadian Grand Prix,2015-06-07,villeneuve,Circuit Gilles Villeneuve,merhi,MER,Roberto Merhi,manor,Manor Marussia,98,16,18,R,0,57,Retired,20,1:20.804,194.292,kph
2015,7,Canadian Grand Prix,2015-06-07,villeneuve,Circuit Gilles Villeneuve,button,BUT,Jenson Button,mclaren,McLaren,22,20,19,R,0,54,Retired,13,1:18.856,199.092,kph
2015,7,Canadian Grand Prix,2015-06-07,villeneuve,Circuit Gilles Villeneuve,alonso,ALO,Fernando Alonso,mclaren,McLaren,14,13,20,R,0,44,Engine,18,1:19.580,197.280,kph
2015,8,Austrian Grand Prix,2015-06-21,red_bull_ring,Red Bull Ring,rosberg,ROS,Nico Rosberg,mercedes,Mercedes,6,2,1,1,25,71,Finished,1,1:11.235,218.622,kph
2015,8,Austrian Grand Prix,2015-06-21,red_bull_ring,Red Bull Ring,hamilton,HAM,Lewis Hamilton,mercedes,Mercedes,44,1,2,2,18,71,Finished,2,1:11.475,217.888,kph
2015,8,Austrian Grand Prix,2015-06-21,red_bull_ring,Red Bull Ring,massa,MAS,Felipe Massa,williams,Williams,19,4,3,3,15,71,Finished,4,1:11.613,217.468,kph
2015,8,Austrian Grand Prix,2015-06-21,red_bull_ring,Red Bull Ring,vettel,VET,Sebastian Vettel,ferrari,Ferrari,5,3,4,4,12,71,Finished,3,1:11.499,217.815,kph
2015,8,Austrian Grand Prix,2015-06-21,red_bull_ring,Red Bull Ring,bottas,BOT,Valtteri Bottas,williams,Williams,77,6,5,5,10,71,Finished,7,1:12.248,215.557,kph
2015,8,Austrian Grand Prix,2015-06-21,red_bull_ring,Red Bull Ring,hulkenberg,HUL,Nico Hülkenberg,force_india,Force India,27,5,6,6,8,71,Finished,12,1:12.541,214.686,kph
2015,8,Austrian Grand Prix,2015-06-21,red_bull_ring,Red Bull Ring,maldonado,MAL,Pastor Maldonado,lotus_f1,Lotus F1,13,10,7,7,6,70,+1 Lap,6,1:11.785,216.947,kph
2015,8,Austrian Grand Prix,2015-06-21,red_bull_ring,Red Bull Ring,max_verstappen,VER,Max Verstappen,toro_rosso,Toro Rosso,33,7,8,8,4,70,+1 Lap,9,1:12.349,215.256,kph
2015,8,Austrian Grand Prix,2015-06-21,red_bull_ring,Red Bull Ring,perez,PER,Sergio Pérez,force_india,Force India,11,13,9,9,2,70,+1 Lap,10,1:12.377,215.173,kph
2015,8,Austrian Grand Prix,2015-06-21,red_bull_ring,Red Bull Ring,ricciardo,RIC,Daniel Ricciardo,red_bull,Red Bull,3,18,10,10,1,70,+1 Lap,5,1:11.689,217.238,kph
2015,8,Austrian Grand Prix,2015-06-21,red_bull_ring,Red Bull Ring,nasr,NAS,Felipe Nasr,sauber,Sauber,12,8,11,11,0,70,+1 Lap,14,1:13.050,213.190,kph
2015,8,Austrian Grand Prix,2015-06-21,red_bull_ring,Red Bull Ring,kvyat,KVY,Daniil Kvyat,red_bull,Red Bull,26,15,12,12,0,70,+1 Lap,8,1:12.316,215.354,kph
2015,8,Austrian Grand Prix,2015-06-21,red_bull_ring,Red Bull Ring,ericsson,ERI,Marcus Ericsson,sauber,Sauber,9,11,13,13,0,69,+2 Laps,11,1:12.516,214.760,kph
2015,8,Austrian Grand Prix,2015-06-21,red_bull_ring,Red Bull Ring,merhi,MER,Roberto Merhi,manor,Manor Marussia,98,16,14,14,0,68,+3 Laps,16,1:14.939,207.817,kph
2015,8,Austrian Grand Prix,2015-06-21,red_bull_ring,Red Bull Ring,grosjean,GRO,Romain Grosjean,lotus_f1,Lotus F1,8,9,15,R,0,35,Gearbox,13,1:12.881,213.685,kph
2015,8,Austrian Grand Prix,2015-06-21,red_bull_ring,Red Bull Ring,sainz,SAI,Carlos Sainz,toro_rosso,Toro Rosso,55,12,16,R,0,35,Power loss,15,1:13.234,212.655,kph
2015,8,Austrian Grand Prix,2015-06-21,red_bull_ring,Red Bull Ring,button,BUT,Jenson Button,mclaren,McLaren,22,20,17,R,0,8,Retired,17,1:52.208,138.792,kph
2015,8,Austrian Grand Prix,2015-06-21,red_bull_ring,Red Bull Ring,stevens,STE,Will Stevens,manor,Manor Marussia,28,17,18,R,0,1,Oil leak,,,,
2015,8,Austrian Grand Prix,2015-06-21,red_bull_ring,Red Bull Ring,raikkonen,RAI,Kimi Räikkönen,ferrari,Ferrari,7,14,19,R,0,0,Collision,,,,
2015,8,Austrian Grand Prix,2015-06-21,red_bull_ring,Red Bull Ring,alonso,ALO,Fernando Alonso,mclaren,McLaren,14,19,20,R,0,0,Collision,,,,
2015,9,British Grand Prix,2015-07-05,silverstone,Silverstone Circuit,hamilton,HAM,Lewis Hamilton,mercedes,Mercedes,44,1,1,1,25,52,Finished,1,1:37.093,218.425,kph
2015,9,British Grand Prix,2015-07-05,silverstone,Silverstone Circuit,rosberg,ROS,Nico Rosberg,mercedes,Mercedes,6,2,2,2,18,52,Finished,2,1:37.403,217.730,kph
2015,9,British Grand Prix,2015-07-05,silverstone,Silverstone Circuit,vettel,VET,Sebastian Vettel,ferrari,Ferrari,5,6,3,3,15,52,Finished,6,1:37.707,217.053,kph
2015,9,British Grand Prix,2015-07-05,silverstone,Silverstone Circuit,massa,MAS,Felipe Massa,williams,Williams,19,3,4,4,12,52,Finished,3,1:37.466,217.589,kph
2015,9,British Grand Prix,2015-07-05,silverstone,Silverstone Circuit,bottas,BOT,Valtteri Bottas,williams,Williams,77,4,5,5,10,52,Finished,5,1:37.513,217.484,kph
2015,9,British Grand Prix,2015-07-05,silverstone,Silverstone Circuit,kvyat,KVY,Daniil Kvyat,red_bull,Red Bull,26,7,6,6,8,52,Finished,7,1:37.910,216.603,kph
2015,9,British Grand Prix,2015-07-05,silverstone,Silverstone Circuit,hulkenberg,HUL,Nico Hülkenberg,force_india,Force India,27,9,7,7,6,52,Finished,9,1:38.296,215.752,kph
2015,9,British Grand Prix,2015-07-05,silverstone,Silverstone Circuit,raikkonen,RAI,Kimi Räikkönen,ferrari,Ferrari,7,5,8,8,4,51,+1 Lap,4,1:37.493,217.529,kph
2015,9,British Grand Prix,2015-07-05,silverstone,Silverstone Circuit,perez,PER,Sergio Pérez,force_india,Force India,11,11,9,9,2,51,+1 Lap,10,1:38.466,215.379,kph
2015,9,British Grand Prix,2015-07-05,silverstone,Silverstone Circuit,alonso,ALO,Fernando Alonso,mclaren,McLaren,14,17,10,10,1,51,+1 Lap,12,1:38.883,214.471,kph
2015,9,British Grand Prix,2015-07-05,silverstone,Silverstone Circuit,ericsson,ERI,Marcus Ericsson,sauber,Sauber,9,15,11,11,0,51,+1 Lap,8,1:38.131,216.115,kph
2015,9,British Grand Prix,2015-07-05,silverstone,Silverstone Circuit,merhi,MER,Roberto Merhi,manor,Manor Marussia,98,20,12,12,0,49,+3 Laps,15,1:42.324,207.259,kph
2015,9,British Grand Prix,2015-07-05,silverstone,Silverstone Circuit,stevens,STE,Will Stevens,manor,Manor Marussia,28,19,13,13,0,49,+3 Laps,14,1:41.919,208.082,kph
2015,9,British Grand Prix,2015-07-05,silverstone,Silverstone Circuit,sainz,SAI,Carlos Sainz,toro_rosso,Toro Rosso,55,8,14,R,0,31,Electrical,11,1:38.697,214.875,kph
2015,9,British Grand Prix,2015-07-05,silverstone,Silverstone Circuit,ricciardo,RIC,Daniel Ricciardo,red_bull,Red Bull,3,10,15,R,0,21,Electrical,13,1:39.940,212.203,kph
2015,9,British Grand Prix,2015-07-05,silverstone,Silverstone Circuit,max_verstappen,VER,Max Verstappen,toro_rosso,Toro Rosso,33,13,16,R,0,3,Spun off,16,2:20.776,150.647,kph
2015,9,British Grand Prix,2015-07-05,silverstone,Silverstone Circuit,grosjean,GRO,Romain Grosjean,lotus_f1,Lotus F1,8,12,17,R,0,0,Collision,,,,
2015,9,British Grand Prix,2015-07-05,silverstone,Silverstone Circuit,maldonado,MAL,Pastor Maldonado,lotus_f1,Lotus F1,13,14,18,R,0,0,Collision,,,,
2015,9,British Grand Prix,2015-07-05,silverstone,Silverstone Circuit,button,BUT,Jenson Button,mclaren,McLaren,22,18,19,R,0,0,Collision,,,,
2015,9,British Grand Prix,2015-07-05,silverstone,Silverstone Circuit,nasr,NAS,Felipe Nasr,sauber,Sauber,12,16,20,W,0,0,Gearbox,,,,
2015,10,Hungarian Grand Prix,2015-07-26,hungaroring,Hungaroring,vettel,VET,Sebastian Vettel,ferrari,Ferrari,5,3,1,1,25,69,Finished,5,1:26.772,181.759,kph
2015,10,Hungarian Grand Prix,2015-07-26,hungaroring,Hungaroring,kvyat,KVY,Daniil Kvyat,red_bull,Red Bull,26,7,2,2,18,69,Finished,4,1:26.519,182.290,kph
2015,10,Hungarian Grand Prix,2015-07-26,hungaroring,Hungaroring,ricciardo,RIC,Daniel Ricciardo,red_bull,Red Bull,3,4,3,3,15,69,Finished,1,1:24.821,185.939,kph
2015,10,Hungarian Grand Prix,2015-07-26,hungaroring,Hungaroring,max_verstappen,VER,Max Verstappen,toro_rosso,Toro Rosso,33,9,4,4,12,69,Finished,11,1:27.650,179.938,kph
2015,10,Hungarian Grand Prix,2015-07-26,hungaroring,Hungaroring,alonso,ALO,Fernando Alonso,mclaren,McLaren,14,15,5,5,10,69,Finished,10,1:27.311,180.637,kph
2015,10,Hungarian Grand Prix,2015-07-26,hungaroring,Hungaroring,hamilton,HAM,Lewis Hamilton,mercedes,Mercedes,44,1,6,6,8,69,Finished,3,1:25.727,183.974,kph
2015,10,Hungarian Grand Prix,2015-07-26,hungaroring,Hungaroring,grosjean,GRO,Romain Grosjean,lotus_f1,Lotus F1,8,10,7,7,6,69,Finished,14,1:28.080,179.059,kph
2015,10,Hungarian Grand Prix,2015-07-26,hungaroring,Hungaroring,rosberg,ROS,Nico Rosberg,mercedes,Mercedes,6,2,8,8,4,69,Finished,2,1:25.149,185.223,kph
2015,10,Hungarian Grand Prix,2015-07-26,hungaroring,Hungaroring,button,BUT,Jenson Button,mclaren,McLaren,22,16,9,9,2,69,Finished,17,1:28.535,178.139,kph
2015,10,Hungarian Grand Prix,2015-07-26,hungaroring,Hungaroring,ericsson,ERI,Marcus Ericsson,sauber,Sauber,9,17,10,10,1,69,Finished,12,1:28.004,179.214,kph
2015,10,Hungarian Grand Prix,2015-07-26,hungaroring,Hungaroring,nasr,NAS,Felipe Nasr,sauber,Sauber,12,18,11,11,0,69,Finished,15,1:28.268,178.678,kph
2015,10,Hungarian Grand Prix,2015-07-26,hungaroring,Hungaroring,massa,MAS,Felipe Massa,williams,Williams,19,8,12,12,0,69,Finished,6,1:26.864,181.566,kph
2015,10,Hungarian Grand Prix,2015-07-26,hungaroring,Hungaroring,bottas,BOT,Valtteri Bottas,williams,Williams,77,6,13,13,0,69,Finished,8,1:27.058,181.161,kph
2015,10,Hungarian Grand Prix,2015-07-26,hungaroring,Hungaroring,maldonado,MAL,Pastor Maldonado,lotus_f1,Lotus F1,13,14,14,14,0,69,Finished,9,1:27.130,181.012,kph
2015,10,Hungarian Grand Prix,2015-07-26,hungaroring,Hungaroring,merhi,MER,Roberto Merhi,manor,Manor Marussia,98,19,15,15,0,67,+2 Laps,20,1:29.868,175.497,kph
2015,10,Hungarian Grand Prix,2015-07-26,hungaroring,Hungaroring,stevens,STE,Will Stevens,manor,Manor Marussia,28,20,16,16,0,65,+4 Laps,19,1:29.543,176.134,kph
2015,10,Hungarian Grand Prix,2015-07-26,hungaroring,Hungaroring,sainz,SAI,Carlos Sainz,toro_rosso,Toro Rosso,55,12,17,R,0,60,Electrical,18,1:28.611,177.986,kph
2015,10,Hungarian Grand Prix,2015-07-26,hungaroring,Hungaroring,raikkonen,RAI,Kimi Räikkönen,ferrari,Ferrari,7,5,18,R,0,55,Power Unit,7,1:26.954,181.378,kph
2015,10,Hungarian Grand Prix,2015-07-26,hungaroring,Hungaroring,perez,PER,Sergio Pérez,force_india,Force India,11,13,19,R,0,53,Suspension,16,1:28.499,178.212,kph
2015,10,Hungarian Grand Prix,2015-07-26,hungaroring,Hungaroring,hulkenberg,HUL,Nico Hülkenberg,force_india,Force India,27,11,20,R,0,41,Front wing,13,1:28.074,179.072,kph
2015,11,Belgian Grand Prix,2015-08-23,spa,Circuit de Spa-Francorchamps,hamilton,HAM,Lewis Hamilton,mercedes,Mercedes,44,1,1,1,25,43,Finished,2,1:52.504,224.120,kph
2015,11,Belgian Grand Prix,2015-08-23,spa,Circuit de Spa-Francorchamps,rosberg,ROS,Nico Rosberg,mercedes,Mercedes,6,2,2,2,18,43,Finished,1,1:52.416,224.295,kph
2015,11,Belgian Grand Prix,2015-08-23,spa,Circuit de Spa-Francorchamps,grosjean,GRO,Romain Grosjean,lotus_f1,Lotus F1,8,9,3,3,15,43,Finished,12,1:54.779,219.677,kph
2015,11,Belgian Grand Prix,2015-08-23,spa,Circuit de Spa-Francorchamps,kvyat,KVY,Daniil Kvyat,red_bull,Red Bull,26,12,4,4,12,43,Finished,3,1:53.032,223.073,kph
2015,11,Belgian Grand Prix,2015-08-23,spa,Circuit de Spa-Francorchamps,perez,PER,Sergio Pérez,force_india,Force India,11,4,5,5,10,43,Finished,13,1:54.796,219.645,kph
2015,11,Belgian Grand Prix,2015-08-23,spa,Circuit de Spa-Francorchamps,massa,MAS,Felipe Massa,williams,Williams,19,6,6,6,8,43,Finished,8,1:54.093,220.998,kph
2015,11,Belgian Grand Prix,2015-08-23,spa,Circuit de Spa-Francorchamps,raikkonen,RAI,Kimi Räikkönen,ferrari,Ferrari,7,16,7,7,6,43,Finished,9,1:54.517,220.180,kph
2015,11,Belgian Grand Prix,2015-08-23,spa,Circuit de Spa-Francorchamps,max_verstappen,VER,Max Verstappen,toro_rosso,Toro Rosso,33,18,8,8,4,43,Finished,4,1:53.276,222.592,kph
2015,11,Belgian Grand Prix,2015-08-23,spa,Circuit de Spa-Francorchamps,bottas,BOT,Valtteri Bottas,williams,Williams,77,3,9,9,2,43,Power Unit,10,1:54.646,219.932,kph
2015,11,Belgian Grand Prix,2015-08-23,spa,Circuit de Spa-Francorchamps,ericsson,ERI,Marcus Ericsson,sauber,Sauber,9,13,10,10,1,43,Finished,7,1:54.022,221.136,kph
2015,11,Belgian Grand Prix,2015-08-23,spa,Circuit de Spa-Francorchamps,nasr,NAS,Felipe Nasr,sauber,Sauber,12,14,11,11,0,43,Finished,6,1:53.991,221.196,kph
2015,11,Belgian Grand Prix,2015-08-23,spa,Circuit de Spa-Francorchamps,vettel,VET,Sebastian Vettel,ferrari,Ferrari,5,8,12,12,0,42,Tyre,14,1:55.316,218.654,kph
2015,11,Belgian Grand Prix,2015-08-23,spa,Circuit de Spa-Francorchamps,alonso,ALO,Fernando Alonso,mclaren,McLaren,14,20,13,13,0,42,+1 Lap,5,1:53.692,221.778,kph
2015,11,Belgian Grand Prix,2015-08-23,spa,Circuit de Spa-Francorchamps,button,BUT,Jenson Button,mclaren,McLaren,22,19,14,14,0,42,+1 Lap,15,1:55.533,218.244,kph
2015,11,Belgian Grand Prix,2015-08-23,spa,Circuit de Spa-Francorchamps,merhi,MER,Roberto Merhi,manor,Manor Marussia,98,17,15,15,0,42,+1 Lap,18,1:58.174,213.366,kph
2015,11,Belgian Grand Prix,2015-08-23,spa,Circuit de Spa-Francorchamps,stevens,STE,Will Stevens,manor,Manor Marussia,28,15,16,16,0,42,+1 Lap,17,1:58.150,213.410,kph
2015,11,Belgian Grand Prix,2015-08-23,spa,Circuit de Spa-Francorchamps,sainz,SAI,Carlos Sainz,toro_rosso,Toro Rosso,55,10,17,R,0,32,Power Unit,11,1:54.680,219.867,kph
2015,11,Belgian Grand Prix,2015-08-23,spa,Circuit de Spa-Francorchamps,ricciardo,RIC,Daniel Ricciardo,red_bull,Red Bull,3,5,18,R,0,19,Power Unit,16,1:56.263,216.873,kph
2015,11,Belgian Grand Prix,2015-08-23,spa,Circuit de Spa-Francorchamps,maldonado,MAL,Pastor Maldonado,lotus_f1,Lotus F1,13,7,19,R,0,2,Engine,,,,
2015,11,Belgian Grand Prix,2015-08-23,spa,Circuit de Spa-Francorchamps,hulkenberg,HUL,Nico Hülkenberg,force_india,Force India,27,11,20,W,0,0,Power loss,,,,
2015,12,Italian Grand Prix,2015-09-06,monza,Autodromo Nazionale di Monza,hamilton,HAM,Lewis Hamilton,mercedes,Mercedes,44,1,1,1,25,53,Finished,1,1:26.672,240.617,kph
2015,12,Italian Grand Prix,2015-09-06,monza,Autodromo Nazionale di Monza,vettel,VET,Sebastian Vettel,ferrari,Ferrari,5,3,2,2,18,53,Finished,3,1:27.376,238.678,kph
2015,12,Italian Grand Prix,2015-09-06,monza,Autodromo Nazionale di Monza,massa,MAS,Felipe Massa,williams,Williams,19,5,3,3,15,53,Finished,8,1:27.874,237.326,kph
2015,12,Italian Grand Prix,2015-09-06,monza,Autodromo Nazionale di Monza,bottas,BOT,Valtteri Bottas,williams,Williams,77,6,4,4,12,53,Finished,6,1:27.525,238.272,kph
2015,12,Italian Grand Prix,2015-09-06,monza,Autodromo Nazionale di Monza,raikkonen,RAI,Kimi Räikkönen,ferrari,Ferrari,7,2,5,5,10,53,Finished,7,1:27.584,238.111,kph
2015,12,Italian Grand Prix,2015-09-06,monza,Autodromo Nazionale di Monza,perez,PER,Sergio Pérez,force_india,Force India,11,7,6,6,8,53,Finished,10,1:28.140,236.609,kph
2015,12,Italian Grand Prix,2015-09-06,monza,Autodromo Nazionale di Monza,hulkenberg,HUL,Nico Hülkenberg,force_india,Force India,27,9,7,7,6,52,+1 Lap,14,1:28.913,234.552,kph
2015,12,Italian Grand Prix,2015-09-06,monza,Autodromo Nazionale di Monza,ricciardo,RIC,Daniel Ricciardo,red_bull,Red Bull,3,19,8,8,4,52,+1 Lap,9,1:28.065,236.811,kph
2015,12,Italian Grand Prix,2015-09-06,monza,Autodromo Nazionale di Monza,ericsson,ERI,Marcus Ericsson,sauber,Sauber,9,12,9,9,2,52,+1 Lap,12,1:28.516,235.604,kph
2015,12,Italian Grand Prix,2015-09-06,monza,Autodromo Nazionale di Monza,kvyat,KVY,Daniil Kvyat,red_bull,Red Bull,26,18,10,10,1,52,+1 Lap,11,1:28.231,236.365,kph
2015,12,Italian Grand Prix,2015-09-06,monza,Autodromo Nazionale di Monza,sainz,SAI,Carlos Sainz,toro_rosso,Toro Rosso,55,17,11,11,0,52,+1 Lap,5,1:27.510,238.313,kph
2015,12,Italian Grand Prix,2015-09-06,monza,Autodromo Nazionale di Monza,max_verstappen,VER,Max Verstappen,toro_rosso,Toro Rosso,33,20,12,12,0,52,+1 Lap,4,1:27.390,238.640,kph
2015,12,Italian Grand Prix,2015-09-06,monza,Autodromo Nazionale di Monza,nasr,NAS,Felipe Nasr,sauber,Sauber,12,17,13,13,0,52,+1 Lap,13,1:28.653,235.240,kph
2015,12,Italian Grand Prix,2015-09-06,monza,Autodromo Nazionale di Monza,button,BUT,Jenson Button,mclaren,McLaren,22,15,14,14,0,52,+1 Lap,16,1:29.766,232.324,kph
2015,12,Italian Grand Prix,2015-09-06,monza,Autodromo Nazionale di Monza,stevens,STE,Will Stevens,manor,Manor Marussia,28,13,15,15,0,51,+2 Laps,17,1:31.098,228.927,kph
2015,12,Italian Grand Prix,2015-09-06,monza,Autodromo Nazionale di Monza,merhi,MER,Roberto Merhi,manor,Manor Marussia,98,14,16,16,0,51,+2 Laps,18,1:31.311,228.393,kph
2015,12,Italian Grand Prix,2015-09-06,monza,Autodromo Nazionale di Monza,rosberg,ROS,Nico Rosberg,mercedes,Mercedes,6,4,17,17,0,50,+3 Laps,2,1:27.067,239.525,kph
2015,12,Italian Grand Prix,2015-09-06,monza,Autodromo Nazionale di Monza,alonso,ALO,Fernando Alonso,mclaren,McLaren,14,16,18,18,0,47,+6 Laps,15,1:29.285,233.575,kph
2015,12,Italian Grand Prix,2015-09-06,monza,Autodromo Nazionale di Monza,grosjean,GRO,Romain Grosjean,lotus_f1,Lotus F1,8,8,19,R,0,1,Collision damage,,,,
2015,12,Italian Grand Prix,2015-09-06,monza,Autodromo Nazionale di Monza,maldonado,MAL,Pastor Maldonado,lotus_f1,Lotus F1,13,10,20,R,0,1,Collision damage,,,,
2015,13,Singapore Grand Prix,2015-09-20,marina_bay,Marina Bay Street Circuit,vettel,VET,Sebastian Vettel,ferrari,Ferrari,5,1,1,1,25,61,Finished,2,1:50.069,165.659,kph
2015,13,Singapore Grand Prix,2015-09-20,marina_bay,Marina Bay Street Circuit,ricciardo,RIC,Daniel Ricciardo,red_bull,Red Bull,3,2,2,2,18,61,Finished,1,1:50.041,165.701,kph
2015,13,Singapore Grand Prix,2015-09-20,marina_bay,Marina Bay Street Circuit,raikkonen,RAI,Kimi Räikkönen,ferrari,Ferrari,7,3,3,3,15,61,Finished,5,1:50.341,165.251,kph
2015,13,Singapore Grand Prix,2015-09-20,marina_bay,Marina Bay Street Circuit,rosberg,ROS,Nico Rosberg,mercedes,Mercedes,6,6,4,4,12,61,Finished,7,1:50.934,164.368,kph
2015,13,Singapore Grand Prix,2015-09-20,marina_bay,Marina Bay Street Circuit,bottas,BOT,Valtteri Bottas,williams,Williams,77,7,5,5,10,61,Finished,10,1:51.342,163.765,kph
2015,13,Singapore Grand Prix,2015-09-20,marina_bay,Marina Bay Street Circuit,kvyat,KVY,Daniil Kvyat,red_bull,Red Bull,26,4,6,6,8,61,Finished,8,1:51.109,164.109,kph
2015,13,Singapore Grand Prix,2015-09-20,marina_bay,Marina Bay Street Circuit,perez,PER,Sergio Pérez,force_india,Force India,11,13,7,7,6,61,Finished,12,1:51.970,162.847,kph
2015,13,Singapore Grand Prix,2015-09-20,marina_bay,Marina Bay Street Circuit,max_verstappen,VER,Max Verstappen,toro_rosso,Toro Rosso,33,8,8,8,4,61,Finished,4,1:50.298,165.315,kph
2015,13,Singapore Grand Prix,2015-09-20,marina_bay,Marina Bay Street Circuit,sainz,SAI,Carlos Sainz,toro_rosso,Toro Rosso,55,14,9,9,2,61,Finished,6,1:50.401,165.161,kph
2015,13,Singapore Grand Prix,2015-09-20,marina_bay,Marina Bay Street Circuit,nasr,NAS,Felipe Nasr,sauber,Sauber,12,16,10,10,1,61,Finished,15,1:52.566,161.984,kph
2015,13,Singapore Grand Prix,2015-09-20,marina_bay,Marina Bay Street Circuit,ericsson,ERI,Marcus Ericsson,sauber,Sauber,9,17,11,11,0,61,Finished,11,1:51.594,163.395,kph
2015,13,Singapore Grand Prix,2015-09-20,marina_bay,Marina Bay Street Circuit,maldonado,MAL,Pastor Maldonado,lotus_f1,Lotus F1,13,18,12,12,0,61,Finished,3,1:50.175,165.500,kph
2015,13,Singapore Grand Prix,2015-09-20,marina_bay,Marina Bay Street Circuit,grosjean,GRO,Romain Grosjean,lotus_f1,Lotus F1,8,10,13,13,0,59,Tyre,13,1:52.353,162.292,kph
2015,13,Singapore Grand Prix,2015-09-20,marina_bay,Marina Bay Street Circuit,rossi,RSS,Alexander Rossi,manor,Manor Marussia,53,20,14,14,0,59,+2 Laps,19,1:55.312,158.127,kph
2015,13,Singapore Grand Prix,2015-09-20,marina_bay,Marina Bay Street Circuit,stevens,STE,Will Stevens,manor,Manor Marussia,28,19,15,15,0,59,+2 Laps,20,1:55.890,157.338,kph
2015,13,Singapore Grand Prix,2015-09-20,marina_bay,Marina Bay Street Circuit,button,BUT,Jenson Button,mclaren,McLaren,22,15,16,R,0,52,Gearbox,9,1:51.167,164.023,kph
2015,13,Singapore Grand Prix,2015-09-20,marina_bay,Marina Bay Street Circuit,alonso,ALO,Fernando Alonso,mclaren,McLaren,14,12,17,R,0,33,Gearbox,16,1:53.325,160.900,kph
2015,13,Singapore Grand Prix,2015-09-20,marina_bay,Marina Bay Street Circuit,hamilton,HAM,Lewis Hamilton,mercedes,Mercedes,44,5,18,R,0,32,Throttle,14,1:52.505,162.072,kph
2015,13,Singapore Grand Prix,2015-09-20,marina_bay,Marina Bay Street Circuit,massa,MAS,Felipe Massa,williams,Williams,19,9,19,R,0,30,Gearbox,17,1:53.666,160.417,kph
2015,13,Singapore Grand Prix,2015-09-20,marina_bay,Marina Bay Street Circuit,hulkenberg,HUL,Nico Hülkenberg,force_india,Force India,27,11,20,R,0,12,Collision,18,1:53.868,160.132,kph
2015,14,Japanese Grand Prix,2015-09-27,suzuka,Suzuka Circuit,hamilton,HAM,Lewis Hamilton,mercedes,Mercedes,44,2,1,1,25,53,Finished,1,1:36.145,217.434,kph
2015,14,Japanese Grand Prix,2015-09-27,suzuka,Suzuka Circuit,rosberg,ROS,Nico Rosberg,mercedes,Mercedes,6,1,2,2,18,53,Finished,2,1:37.147,215.191,kph
2015,14,Japanese Grand Prix,2015-09-27,suzuka,Suzuka Circuit,vettel,VET,Sebastian Vettel,ferrari,Ferrari,5,4,3,3,15,53,Finished,3,1:37.906,213.523,kph
2015,14,Japanese Grand Prix,2015-09-27,suzuka,Suzuka Circuit,raikkonen,RAI,Kimi Räikkönen,ferrari,Ferrari,7,6,4,4,12,53,Finished,4,1:38.035,213.242,kph
2015,14,Japanese Grand Prix,2015-09-27,suzuka,Suzuka Circuit,bottas,BOT,Valtteri Bottas,williams,Williams,77,3,5,5,10,53,Finished,8,1:38.241,212.795,kph
2015,14,Japanese Grand Prix,2015-09-27,suzuka,Suzuka Circuit,hulkenberg,HUL,Nico Hülkenberg,force_india,Force India,27,13,6,6,8,53,Finished,9,1:38.331,212.600,kph
2015,14,Japanese Grand Prix,2015-09-27,suzuka,Suzuka Circuit,grosjean,GRO,Romain Grosjean,lotus_f1,Lotus F1,8,8,7,7,6,53,Finished,6,1:38.167,212.955,kph
2015,14,Japanese Grand Prix,2015-09-27,suzuka,Suzuka Circuit,maldonado,MAL,Pastor Maldonado,lotus_f1,Lotus F1,13,11,8,8,4,53,Finished,5,1:38.136,213.022,kph
2015,14,Japanese Grand Prix,2015-09-27,suzuka,Suzuka Circuit,max_verstappen,VER,Max Verstappen,toro_rosso,Toro Rosso,33,17,9,9,2,53,Finished,7,1:38.237,212.803,kph
2015,14,Japanese Grand Prix,2015-09-27,suzuka,Suzuka Circuit,sainz,SAI,Carlos Sainz,toro_rosso,Toro Rosso,55,10,10,10,1,52,+1 Lap,13,1:38.686,211.835,kph
2015,14,Japanese Grand Prix,2015-09-27,suzuka,Suzuka Circuit,alonso,ALO,Fernando Alonso,mclaren,McLaren,14,12,11,11,0,52,+1 Lap,16,1:39.614,209.862,kph
2015,14,Japanese Grand Prix,2015-09-27,suzuka,Suzuka Circuit,perez,PER,Sergio Pérez,force_india,Force India,11,9,12,12,0,52,+1 Lap,11,1:38.591,212.039,kph
2015,14,Japanese Grand Prix,2015-09-27,suzuka,Suzuka Circuit,kvyat,KVY,Daniil Kvyat,red_bull,Red Bull,26,20,13,13,0,52,+1 Lap,10,1:38.366,212.524,kph
2015,14,Japanese Grand Prix,2015-09-27,suzuka,Suzuka Circuit,ericsson,ERI,Marcus Ericsson,sauber,Sauber,9,15,14,14,0,52,+1 Lap,15,1:39.343,210.434,kph
2015,14,Japanese Grand Prix,2015-09-27,suzuka,Suzuka Circuit,ricciardo,RIC,Daniel Ricciardo,red_bull,Red Bull,3,7,15,15,0,52,+1 Lap,14,1:38.898,211.381,kph
2015,14,Japanese Grand Prix,2015-09-27,suzuka,Suzuka Circuit,button,BUT,Jenson Button,mclaren,McLaren,22,14,16,16,0,52,+1 Lap,18,1:40.121,208.799,kph
2015,14,Japanese Grand Prix,2015-09-27,suzuka,Suzuka Circuit,massa,MAS,Felipe Massa,williams,Williams,19,5,17,17,0,51,+2 Laps,12,1:38.595,212.031,kph
2015,14,Japanese Grand Prix,2015-09-27,suzuka,Suzuka Circuit,rossi,RSS,Alexander Rossi,manor,Manor Marussia,53,19,18,18,0,51,+2 Laps,20,1:41.467,206.029,kph
2015,14,Japanese Grand Prix,2015-09-27,suzuka,Suzuka Circuit,stevens,STE,Will Stevens,manor,Manor Marussia,28,18,19,19,0,50,+3 Laps,19,1:41.452,206.060,kph
2015,14,Japanese Grand Prix,2015-09-27,suzuka,Suzuka Circuit,nasr,NAS,Felipe Nasr,sauber,Sauber,12,16,20,R,0,49,Retired,17,1:40.088,208.868,kph
2015,15,Russian Grand Prix,2015-10-11,sochi,Sochi Autodrom,hamilton,HAM,Lewis Hamilton,mercedes,Mercedes,44,2,1,1,25,53,Finished,3,1:40.573,209.328,kph
2015,15,Russian Grand Prix,2015-10-11,sochi,Sochi Autodrom,vettel,VET,Sebastian Vettel,ferrari,Ferrari,5,4,2,2,18,53,Finished,1,1:40.071,210.378,kph
2015,15,Russian Grand Prix,2015-10-11,sochi,Sochi Autodrom,perez,PER,Sergio Pérez,force_india,Force India,11,7,3,3,15,53,Finished,9,1:41.772,206.862,kph
2015,15,Russian Grand Prix,2015-10-11,sochi,Sochi Autodrom,massa,MAS,Felipe Massa,williams,Williams,19,15,4,4,12,53,Finished,4,1:40.881,208.689,kph
2015,15,Russian Grand Prix,2015-10-11,sochi,Sochi Autodrom,kvyat,KVY,Daniil Kvyat,red_bull,Red Bull,26,11,5,5,10,53,Finished,,,,
2015,15,Russian Grand Prix,2015-10-11,sochi,Sochi Autodrom,nasr,NAS,Felipe Nasr,sauber,Sauber,12,12,6,6,8,53,Finished,6,1:41.372,207.678,kph
2015,15,Russian Grand Prix,2015-10-11,sochi,Sochi Autodrom,maldonado,MAL,Pastor Maldonado,lotus_f1,Lotus F1,13,14,7,7,6,53,Finished,7,1:41.507,207.402,kph
2015,15,Russian Grand Prix,2015-10-11,sochi,Sochi Autodrom,raikkonen,RAI,Kimi Räikkönen,ferrari,Ferrari,7,5,8,8,4,53,Finished,2,1:40.294,209.910,kph
2015,15,Russian Grand Prix,2015-10-11,sochi,Sochi Autodrom,button,BUT,Jenson Button,mclaren,McLaren,22,13,9,9,2,53,Finished,13,1:43.068,204.261,kph
2015,15,Russian Grand Prix,2015-10-11,sochi,Sochi Autodrom,max_verstappen,VER,Max Verstappen,toro_rosso,Toro Rosso,33,9,10,10,1,53,Finished,15,1:43.265,203.871,kph
2015,15,Russian Grand Prix,2015-10-11,sochi,Sochi Autodrom,alonso,ALO,Fernando Alonso,mclaren,McLaren,14,19,11,11,0,53,Finished,12,1:42.639,205.115,kph
2015,15,Russian Grand Prix,2015-10-11,sochi,Sochi Autodrom,bottas,BOT,Valtteri Bottas,williams,Williams,77,3,12,12,0,52,Collision,5,1:41.134,208.167,kph
2015,15,Russian Grand Prix,2015-10-11,sochi,Sochi Autodrom,merhi,MER,Roberto Merhi,manor,Manor Marussia,98,18,13,13,0,52,+1 Lap,17,1:45.049,200.409,kph
2015,15,Russian Grand Prix,2015-10-11,sochi,Sochi Autodrom,stevens,STE,Will Stevens,manor,Manor Marussia,28,17,14,14,0,51,+2 Laps,16,1:44.926,200.644,kph
2015,15,Russian Grand Prix,2015-10-11,sochi,Sochi Autodrom,ricciardo,RIC,Daniel Ricciardo,red_bull,Red Bull,3,10,15,15,0,47,Suspension,10,1:41.888,206.626,kph
2015,15,Russian Grand Prix,2015-10-11,sochi,Sochi Autodrom,sainz,SAI,Carlos Sainz,toro_rosso,Toro Rosso,55,20,16,R,0,45,Brakes,11,1:42.258,205.879,kph
2015,15,Russian Grand Prix,2015-10-11,sochi,Sochi Autodrom,grosjean,GRO,Romain Grosjean,lotus_f1,Lotus F1,8,8,17,R,0,11,Accident,18,1:45.266,199.996,kph
2015,15,Russian Grand Prix,2015-10-11,sochi,Sochi Autodrom,rosberg,ROS,Nico Rosberg,mercedes,Mercedes,6,1,18,R,0,7,Throttle,14,1:43.133,204.132,kph
2015,15,Russian Grand Prix,2015-10-11,sochi,Sochi Autodrom,hulkenberg,HUL,Nico Hülkenberg,force_india,Force India,27,6,19,R,0,0,Collision,,,,
2015,15,Russian Grand Prix,2015-10-11,sochi,Sochi Autodrom,ericsson,ERI,Marcus Ericsson,sauber,Sauber,9,17,20,R,0,0,Collision,,,,
2015,16,United States Grand Prix,2015-10-25,americas,Circuit of the Americas,hamilton,HAM,Lewis Hamilton,mercedes,Mercedes,44,2,1,1,25,56,Finished,2,1:40.738,197.014,kph
2015,16,United States Grand Prix,2015-10-25,americas,Circuit of the Americas,rosberg,ROS,Nico Rosberg,mercedes,Mercedes,6,1,2,2,18,56,Finished,1,1:40.666,197.154,kph
2015,16,United States Grand Prix,2015-10-25,americas,Circuit of the Americas,vettel,VET,Sebastian Vettel,ferrari,Ferrari,5,13,3,3,15,56,Finished,3,1:41.330,195.863,kph
2015,16,United States Grand Prix,2015-10-25,americas,Circuit of the Americas,max_verstappen,VER,Max Verstappen,toro_rosso,Toro Rosso,33,8,4,4,12,56,Finished,9,1:43.172,192.366,kph
2015,16,United States Grand Prix,2015-10-25,americas,Circuit of the Americas,perez,PER,Sergio Pérez,force_india,Force India,11,5,5,5,10,56,Finished,7,1:43.010,192.668,kph
2015,16,United States Grand Prix,2015-10-25,americas,Circuit of the Americas,button,BUT,Jenson Button,mclaren,McLaren,22,11,6,6,8,56,Finished,8,1:43.026,192.638,kph
2015,16,United States Grand Prix,2015-10-25,americas,Circuit of the Americas,sainz,SAI,Carlos Sainz,toro_rosso,Toro Rosso,55,20,7,7,6,56,Finished,5,1:42.660,193.325,kph
2015,16,United States Grand Prix,2015-10-25,americas,Circuit of the Americas,maldonado,MAL,Pastor Maldonado,lotus_f1,Lotus F1,13,12,8,8,4,56,Finished,6,1:42.849,192.970,kph
2015,16,United States Grand Prix,2015-10-25,americas,Circuit of the Americas,nasr,NAS,Felipe Nasr,sauber,Sauber,12,15,9,9,2,56,Finished,12,1:44.407,190.090,kph
2015,16,United States Grand Prix,2015-10-25,americas,Circuit of the Americas,ricciardo,RIC,Daniel Ricciardo,red_bull,Red Bull,3,3,10,10,1,56,Finished,4,1:41.980,194.614,kph
2015,16,United States Grand Prix,2015-10-25,americas,Circuit of the Americas,alonso,ALO,Fernando Alonso,mclaren,McLaren,14,9,11,11,0,56,Finished,11,1:44.323,190.243,kph
2015,16,United States Grand Prix,2015-10-25,americas,Circuit of the Americas,rossi,RSS,Alexander Rossi,manor,Manor Marussia,53,17,12,12,0,56,Finished,16,1:48.173,183.472,kph
2015,16,United States Grand Prix,2015-10-25,americas,Circuit of the Americas,kvyat,KVY,Daniil Kvyat,red_bull,Red Bull,26,4,13,R,0,41,Accident,10,1:43.728,191.335,kph
2015,16,United States Grand Prix,2015-10-25,americas,Circuit of the Americas,hulkenberg,HUL,Nico Hülkenberg,force_india,Force India,27,6,14,R,0,35,Accident,13,1:45.095,188.846,kph
2015,16,United States Grand Prix,2015-10-25,americas,Circuit of the Americas,ericsson,ERI,Marcus Ericsson,sauber,Sauber,9,14,15,R,0,25,Retired,15,1:47.381,184.825,kph
2015,16,United States Grand Prix,2015-10-25,americas,Circuit of the Americas,raikkonen,RAI,Kimi Räikkönen,ferrari,Ferrari,7,18,16,R,0,25,Brake duct,14,1:46.186,186.905,kph
2015,16,United States Grand Prix,2015-10-25,americas,Circuit of the Americas,massa,MAS,Felipe Massa,williams,Williams,19,7,17,R,0,23,Retired,17,1:48.231,183.374,kph
2015,16,United States Grand Prix,2015-10-25,americas,Circuit of the Americas,grosjean,GRO,Romain Grosjean,lotus_f1,Lotus F1,8,10,18,R,0,10,Retired,18,1:59.612,165.926,kph
2015,16,United States Grand Prix,2015-10-25,americas,Circuit of the Americas,bottas,BOT,Valtteri Bottas,williams,Williams,77,16,19,R,0,5,Retired,19,2:31.939,130.623,kph
2015,16,United States Grand Prix,2015-10-25,americas,Circuit of the Americas,stevens,STE,Will Stevens,manor,Manor Marussia,28,19,20,R,0,1,Retired,,,,
2015,17,Mexican Grand Prix,2015-11-01,rodriguez,Autódromo Hermanos Rodríguez,rosberg,ROS,Nico Rosberg,mercedes,Mercedes,6,1,1,1,25,71,Finished,1,1:20.521,192.426,kph
2015,17,Mexican Grand Prix,2015-11-01,rodriguez,Autódromo Hermanos Rodríguez,hamilton,HAM,Lewis Hamilton,mercedes,Mercedes,44,2,2,2,18,71,Finished,2,1:20.723,191.945,kph
2015,17,Mexican Grand Prix,2015-11-01,rodriguez,Autódromo Hermanos Rodríguez,bottas,BOT,Valtteri Bottas,williams,Williams,77,6,3,3,15,71,Finished,4,1:21.585,189.917,kph
2015,17,Mexican Grand Prix,2015-11-01,rodriguez,Autódromo Hermanos Rodríguez,kvyat,KVY,Daniil Kvyat,red_bull,Red Bull,26,4,4,4,12,71,Finished,3,1:21.549,190.001,kph
2015,17,Mexican Grand Prix,2015-11-01,rodriguez,Autódromo Hermanos Rodríguez,ricciardo,RIC,Daniel Ricciardo,red_bull,Red Bull,3,5,5,5,10,71,Finished,5,1:21.625,189.824,kph
2015,17,Mexican Grand Prix,2015-11-01,rodriguez,Autódromo Hermanos Rodríguez,massa,MAS,Felipe Massa,williams,Williams,19,7,6,6,8,71,Finished,7,1:22.009,188.935,kph
2015,17,Mexican Grand Prix,2015-11-01,rodriguez,Autódromo Hermanos Rodríguez,hulkenberg,HUL,Nico Hülkenberg,force_india,Force India,27,10,7,7,6,71,Finished,9,1:22.391,188.059,kph
2015,17,Mexican Grand Prix,2015-11-01,rodriguez,Autódromo Hermanos Rodríguez,perez,PER,Sergio Pérez,force_india,Force India,11,9,8,8,4,71,Finished,12,1:22.757,187.227,kph
2015,17,Mexican Grand Prix,2015-11-01,rodriguez,Autódromo Hermanos Rodríguez,max_verstappen,VER,Max Verstappen,toro_rosso,Toro Rosso,33,8,9,9,2,71,Finished,10,1:22.603,187.576,kph
2015,17,Mexican Grand Prix,2015-11-01,rodriguez,Autódromo Hermanos Rodríguez,grosjean,GRO,Romain Grosjean,lotus_f1,Lotus F1,8,12,10,10,1,71,Finished,13,1:22.893,186.920,kph
2015,17,Mexican Grand Prix,2015-11-01,rodriguez,Autódromo Hermanos Rodríguez,maldonado,MAL,Pastor Maldonado,lotus_f1,Lotus F1,13,13,11,11,0,71,Finished,14,1:22.963,186.762,kph
2015,17,Mexican Grand Prix,2015-11-01,rodriguez,Autódromo Hermanos Rodríguez,ericsson,ERI,Marcus Ericsson,sauber,Sauber,9,14,12,12,0,71,Finished,11,1:22.716,187.320,kph
2015,17,Mexican Grand Prix,2015-11-01,rodriguez,Autódromo Hermanos Rodríguez,sainz,SAI,Carlos Sainz,toro_rosso,Toro Rosso,55,11,13,13,0,71,Finished,8,1:22.172,188.560,kph
2015,17,Mexican Grand Prix,2015-11-01,rodriguez,Autódromo Hermanos Rodríguez,button,BUT,Jenson Button,mclaren,McLaren,22,20,14,14,0,71,Finished,15,1:23.006,186.666,kph
2015,17,Mexican Grand Prix,2015-11-01,rodriguez,Autódromo Hermanos Rodríguez,rossi,RSS,Alexander Rossi,manor,Manor Marussia,53,16,15,15,0,69,+2 Laps,18,1:25.005,182.276,kph
2015,17,Mexican Grand Prix,2015-11-01,rodriguez,Autódromo Hermanos Rodríguez,stevens,STE,Will Stevens,manor,Manor Marussia,28,17,16,16,0,69,+2 Laps,19,1:25.540,181.136,kph
2015,17,Mexican Grand Prix,2015-11-01,rodriguez,Autódromo Hermanos Rodríguez,nasr,NAS,Felipe Nasr,sauber,Sauber,12,15,17,R,0,57,Brakes,16,1:23.350,185.895,kph
2015,17,Mexican Grand Prix,2015-11-01,rodriguez,Autódromo Hermanos Rodríguez,vettel,VET,Sebastian Vettel,ferrari,Ferrari,5,3,18,R,0,50,Accident,6,1:21.847,189.309,kph
2015,17,Mexican Grand Prix,2015-11-01,rodriguez,Autódromo Hermanos Rodríguez,raikkonen,RAI,Kimi Räikkönen,ferrari,Ferrari,7,19,19,R,0,21,Collision,17,1:24.054,184.338,kph
2015,17,Mexican Grand Prix,2015-11-01,rodriguez,Autódromo Hermanos Rodríguez,alonso,ALO,Fernando Alonso,mclaren,McLaren,14,18,20,R,0,1,Retired,,,,
2015,18,Brazilian Grand Prix,2015-11-15,interlagos,Autódromo José Carlos Pace,rosberg,ROS,Nico Rosberg,mercedes,Mercedes,6,1,1,1,25,71,Finished,2,1:14.957,206.950,kph
2015,18,Brazilian Grand Prix,2015-11-15,interlagos,Autódromo José Carlos Pace,hamilton,HAM,Lewis Hamilton,mercedes,Mercedes,44,2,2,2,18,71,Finished,1,1:14.832,207.296,kph
2015,18,Brazilian Grand Prix,2015-11-15,interlagos,Autódromo José Carlos Pace,vettel,VET,Sebastian Vettel,ferrari,Ferrari,5,3,3,3,15,71,Finished,3,1:15.046,206.705,kph
2015,18,Brazilian Grand Prix,2015-11-15,interlagos,Autódromo José Carlos Pace,raikkonen,RAI,Kimi Räikkönen,ferrari,Ferrari,7,4,4,4,12,71,Finished,4,1:15.416,205.691,kph
2015,18,Brazilian Grand Prix,2015-11-15,interlagos,Autódromo José Carlos Pace,bottas,BOT,Valtteri Bottas,williams,Williams,77,7,5,5,10,70,+1 Lap,10,1:16.039,204.005,kph
2015,18,Brazilian Grand Prix,2015-11-15,interlagos,Autódromo José Carlos Pace,hulkenberg,HUL,Nico Hülkenberg,force_india,Force India,27,5,6,6,8,70,+1 Lap,16,1:16.774,202.052,kph
2015,18,Brazilian Grand Prix,2015-11-15,interlagos,Autódromo José Carlos Pace,kvyat,KVY,Daniil Kvyat,red_bull,Red Bull,26,6,7,7,6,70,+1 Lap,14,1:16.500,202.776,kph
2015,18,Brazilian Grand Prix,2015-11-15,interlagos,Autódromo José Carlos Pace,grosjean,GRO,Romain Grosjean,lotus_f1,Lotus F1,8,14,8,8,4,70,+1 Lap,5,1:15.739,204.813,kph
2015,18,Brazilian Grand Prix,2015-11-15,interlagos,Autódromo José Carlos Pace,max_verstappen,VER,Max Verstappen,toro_rosso,Toro Rosso,33,9,9,9,2,70,+1 Lap,9,1:15.972,204.185,kph
2015,18,Brazilian Grand Prix,2015-11-15,interlagos,Autódromo José Carlos Pace,maldonado,MAL,Pastor Maldonado,lotus_f1,Lotus F1,13,15,10,10,1,70,+1 Lap,13,1:16.354,203.164,kph
2015,18,Brazilian Grand Prix,2015-11-15,interlagos,Autódromo José Carlos Pace,ricciardo,RIC,Daniel Ricciardo,red_bull,Red Bull,3,19,11,11,0,70,+1 Lap,11,1:16.313,203.273,kph
2015,18,Brazilian Grand Prix,2015-11-15,interlagos,Autódromo José Carlos Pace,perez,PER,Sergio Pérez,force_india,Force India,11,11,12,12,0,70,+1 Lap,8,1:15.970,204.191,kph
2015,18,Brazilian Grand Prix,2015-11-15,interlagos,Autódromo José Carlos Pace,nasr,NAS,Felipe Nasr,sauber,Sauber,12,13,13,13,0,70,+1 Lap,17,1:16.794,202.000,kph
2015,18,Brazilian Grand Prix,2015-11-15,interlagos,Autódromo José Carlos Pace,button,BUT,Jenson Button,mclaren,McLaren,22,16,14,14,0,70,+1 Lap,12,1:16.321,203.252,kph
2015,18,Brazilian Grand Prix,2015-11-15,interlagos,Autódromo José Carlos Pace,alonso,ALO,Fernando Alonso,mclaren,McLaren,14,20,15,15,0,70,+1 Lap,15,1:16.519,202.726,kph
2015,18,Brazilian Grand Prix,2015-11-15,interlagos,Autódromo José Carlos Pace,ericsson,ERI,Marcus Ericsson,sauber,Sauber,9,12,16,16,0,69,+2 Laps,7,1:15.789,204.678,kph
2015,18,Brazilian Grand Prix,2015-11-15,interlagos,Autódromo José Carlos Pace,stevens,STE,Will Stevens,manor,Manor Marussia,28,18,17,17,0,67,+4 Laps,19,1:19.098,196.116,kph
2015,18,Brazilian Grand Prix,2015-11-15,interlagos,Autódromo José Carlos Pace,rossi,RSS,Alexander Rossi,manor,Manor Marussia,53,17,18,18,0,67,+4 Laps,18,1:18.617,197.316,kph
2015,18,Brazilian Grand Prix,2015-11-15,interlagos,Autódromo José Carlos Pace,sainz,SAI,Carlos Sainz,toro_rosso,Toro Rosso,55,10,19,R,0,0,Retired,,,,
2015,18,Brazilian Grand Prix,2015-11-15,interlagos,Autódromo José Carlos Pace,massa,MAS,Felipe Massa,williams,Williams,19,8,20,D,0,70,Excluded,6,1:15.743,204.803,kph
2015,19,Abu Dhabi Grand Prix,2015-11-29,yas_marina,Yas Marina Circuit,rosberg,ROS,Nico Rosberg,mercedes,Mercedes,6,1,1,1,25,55,Finished,5,1:45.356,189.779,kph
2015,19,Abu Dhabi Grand Prix,2015-11-29,yas_marina,Yas Marina Circuit,hamilton,HAM,Lewis Hamilton,mercedes,Mercedes,44,2,2,2,18,55,Finished,1,1:44.517,191.302,kph
2015,19,Abu Dhabi Grand Prix,2015-11-29,yas_marina,Yas Marina Circuit,raikkonen,RAI,Kimi Räikkönen,ferrari,Ferrari,7,3,3,3,15,55,Finished,4,1:44.942,190.528,kph
2015,19,Abu Dhabi Grand Prix,2015-11-29,yas_marina,Yas Marina Circuit,vettel,VET,Sebastian Vettel,ferrari,Ferrari,5,15,4,4,12,55,Finished,2,1:44.550,191.242,kph
2015,19,Abu Dhabi Grand Prix,2015-11-29,yas_marina,Yas Marina Circuit,perez,PER,Sergio Pérez,force_india,Force India,11,4,5,5,10,55,Finished,8,1:45.892,188.818,kph
2015,19,Abu Dhabi Grand Prix,2015-11-29,yas_marina,Yas Marina Circuit,ricciardo,RIC,Daniel Ricciardo,red_bull,Red Bull,3,5,6,6,8,55,Finished,9,1:46.305,188.085,kph
2015,19,Abu Dhabi Grand Prix,2015-11-29,yas_marina,Yas Marina Circuit,hulkenberg,HUL,Nico Hülkenberg,force_india,Force India,27,7,7,7,6,55,Finished,16,1:47.064,186.751,kph
2015,19,Abu Dhabi Grand Prix,2015-11-29,yas_marina,Yas Marina Circuit,massa,MAS,Felipe Massa,williams,Williams,19,8,8,8,4,55,Finished,14,1:46.984,186.891,kph
2015,19,Abu Dhabi Grand Prix,2015-11-29,yas_marina,Yas Marina Circuit,grosjean,GRO,Romain Grosjean,lotus_f1,Lotus F1,8,18,9,9,2,55,Finished,7,1:45.859,188.877,kph
2015,19,Abu Dhabi Grand Prix,2015-11-29,yas_marina,Yas Marina Circuit,kvyat,KVY,Daniil Kvyat,red_bull,Red Bull,26,9,10,10,1,55,Finished,13,1:46.882,187.069,kph
2015,19,Abu Dhabi Grand Prix,2015-11-29,yas_marina,Yas Marina Circuit,sainz,SAI,Carlos Sainz,toro_rosso,Toro Rosso,55,10,11,11,0,55,Finished,15,1:46.998,186.867,kph
2015,19,Abu Dhabi Grand Prix,2015-11-29,yas_marina,Yas Marina Circuit,button,BUT,Jenson Button,mclaren,McLaren,22,12,12,12,0,54,+1 Lap,17,1:47.509,185.978,kph
2015,19,Abu Dhabi Grand Prix,2015-11-29,yas_marina,Yas Marina Circuit,bottas,BOT,Valtteri Bottas,williams,Williams,77,6,13,13,0,54,+1 Lap,11,1:46.464,187.804,kph
2015,19,Abu Dhabi Grand Prix,2015-11-29,yas_marina,Yas Marina Circuit,ericsson,ERI,Marcus Ericsson,sauber,Sauber,9,17,14,14,0,54,+1 Lap,12,1:46.517,187.710,kph
2015,19,Abu Dhabi Grand Prix,2015-11-29,yas_marina,Yas Marina Circuit,nasr,NAS,Felipe Nasr,sauber,Sauber,12,14,15,15,0,54,+1 Lap,10,1:46.424,187.874,kph
2015,19,Abu Dhabi Grand Prix,2015-11-29,yas_marina,Yas Marina Circuit,max_verstappen,VER,Max Verstappen,toro_rosso,Toro Rosso,33,11,16,16,0,54,+1 Lap,6,1:45.746,189.079,kph
2015,19,Abu Dhabi Grand Prix,2015-11-29,yas_marina,Yas Marina Circuit,alonso,ALO,Fernando Alonso,mclaren,McLaren,14,16,17,17,0,53,+2 Laps,3,1:44.796,190.793,kph
2015,19,Abu Dhabi Grand Prix,2015-11-29,yas_marina,Yas Marina Circuit,stevens,STE,Will Stevens,manor,Manor Marussia,28,19,18,18,0,53,+2 Laps,18,1:49.610,182.414,kph
2015,19,Abu Dhabi Grand Prix,2015-11-29,yas_marina,Yas Marina Circuit,merhi,MER,Roberto Merhi,manor,Manor Marussia,98,20,19,19,0,52,+3 Laps,19,1:51.213,179.784,kph
2015,19,Abu Dhabi Grand Prix,2015-11-29,yas_marina,Yas Marina Circuit,maldonado,MAL,Pastor Maldonado,lotus_f1,Lotus F1,13,13,20,R,0,0,Collision,,,,
2016,1,Australian Grand Prix,2016-03-20,albert_park,Albert Park Grand Prix Circuit,rosberg,ROS,Nico Rosberg,mercedes,Mercedes,6,2,1,1,25,57,Finished,3,1:30.557,210.815,kph
2016,1,Australian Grand Prix,2016-03-20,albert_park,Albert Park Grand Prix Circuit,hamilton,HAM,Lewis Hamilton,mercedes,Mercedes,44,1,2,2,18,57,Finished,4,1:30.646,210.608,kph
2016,1,Australian Grand Prix,2016-03-20,albert_park,Albert Park Grand Prix Circuit,vettel,VET,Sebastian Vettel,ferrari,Ferrari,5,3,3,3,15,57,Finished,2,1:29.951,212.235,kph
2016,1,Australian Grand Prix,2016-03-20,albert_park,Albert Park Grand Prix Circuit,ricciardo,RIC,Daniel Ricciardo,red_bull,Red Bull,3,8,4,4,12,57,Finished,1,1:28.997,214.510,kph
2016,1,Australian Grand Prix,2016-03-20,albert_park,Albert Park Grand Prix Circuit,massa,MAS,Felipe Massa,williams,Williams,19,6,5,5,10,57,Finished,9,1:32.288,206.861,kph
2016,1,Australian Grand Prix,2016-03-20,albert_park,Albert Park Grand Prix Circuit,grosjean,GRO,Romain Grosjean,haas,Haas F1 Team,8,19,6,6,8,57,Finished,17,1:32.862,205.582,kph
2016,1,Australian Grand Prix,2016-03-20,albert_park,Albert Park Grand Prix Circuit,hulkenberg,HUL,Nico Hülkenberg,force_india,Force India,27,10,7,7,6,57,Finished,16,1:32.833,205.646,kph
2016,1,Australian Grand Prix,2016-03-20,albert_park,Albert Park Grand Prix Circuit,bottas,BOT,Valtteri Bottas,williams,Williams,77,16,8,8,4,57,Finished,14,1:32.725,205.886,kph
2016,1,Australian Grand Prix,2016-03-20,albert_park,Albert Park Grand Prix Circuit,sainz,SAI,Carlos Sainz,toro_rosso,Toro Rosso,55,7,9,9,2,57,Finished,7,1:31.671,208.253,kph
2016,1,Australian Grand Prix,2016-03-20,albert_park,Albert Park Grand Prix Circuit,max_verstappen,VER,Max Verstappen,toro_rosso,Toro Rosso,33,5,10,10,1,57,Finished,6,1:31.516,208.606,kph
2016,1,Australian Grand Prix,2016-03-20,albert_park,Albert Park Grand Prix Circuit,jolyon_palmer,PAL,Jolyon Palmer,renault,Renault,30,13,11,11,0,57,Finished,18,1:32.955,205.376,kph
2016,1,Australian Grand Prix,2016-03-20,albert_park,Albert Park Grand Prix Circuit,kevin_magnussen,MAG,Kevin Magnussen,renault,Renault,20,14,12,12,0,57,Finished,10,1:32.452,206.494,kph
2016,1,Australian Grand Prix,2016-03-20,albert_park,Albert Park Grand Prix Circuit,perez,PER,Sergio Pérez,force_india,Force India,11,9,13,13,0,57,Finished,15,1:32.780,205.764,kph
2016,1,Australian Grand Prix,2016-03-20,albert_park,Albert Park Grand Prix Circuit,button,BUT,Jenson Button,mclaren,McLaren,22,12,14,14,0,56,+1 Lap,8,1:31.684,208.223,kph
2016,1,Australian Grand Prix,2016-03-20,albert_park,Albert Park Grand Prix Circuit,nasr,NAS,Felipe Nasr,sauber,Sauber,12,17,15,15,0,56,+1 Lap,13,1:32.711,205.917,kph
2016,1,Australian Grand Prix,2016-03-20,albert_park,Albert Park Grand Prix Circuit,wehrlein,WEH,Pascal Wehrlein,manor,Manor Marussia,94,21,16,16,0,56,+1 Lap,12,1:32.673,206.001,kph
2016,1,Australian Grand Prix,2016-03-20,albert_park,Albert Park Grand Prix Circuit,ericsson,ERI,Marcus Ericsson,sauber,Sauber,9,15,17,R,0,38,Engine,21,1:33.892,203.327,kph
2016,1,Australian Grand Prix,2016-03-20,albert_park,Albert Park Grand Prix Circuit,raikkonen,RAI,Kimi Räikkönen,ferrari,Ferrari,7,4,18,R,0,21,Engine,5,1:30.701,210.480,kph
2016,1,Australian Grand Prix,2016-03-20,albert_park,Albert Park Grand Prix Circuit,haryanto,HAR,Rio Haryanto,manor,Manor Marussia,88,22,19,R,0,17,Mechanical,20,1:33.847,203.424,kph
2016,1,Australian Grand Prix,2016-03-20,albert_park,Albert Park Grand Prix Circuit,gutierrez,GUT,Esteban Gutiérrez,haas,Haas F1 Team,21,20,20,R,0,16,Collision,19,1:32.998,205.281,kph
2016,1,Australian Grand Prix,2016-03-20,albert_park,Albert Park Grand Prix Circuit,alonso,ALO,Fernando Alonso,mclaren,McLaren,14,11,21,R,0,16,Collision,11,1:32.553,206.268,kph
2016,1,Australian Grand Prix,2016-03-20,albert_park,Albert Park Grand Prix Circuit,kvyat,KVY,Daniil Kvyat,red_bull,Red Bull,26,18,22,W,0,0,Retired,,,,
2016,2,Bahrain Grand Prix,2016-04-03,bahrain,Bahrain International Circuit,rosberg,ROS,Nico Rosberg,mercedes,Mercedes,6,2,1,1,25,57,Finished,1,1:34.482,206.210,kph
2016,2,Bahrain Grand Prix,2016-04-03,bahrain,Bahrain International Circuit,raikkonen,RAI,Kimi Räikkönen,ferrari,Ferrari,7,4,2,2,18,57,Finished,3,1:35.158,204.745,kph
2016,2,Bahrain Grand Prix,2016-04-03,bahrain,Bahrain International Circuit,hamilton,HAM,Lewis Hamilton,mercedes,Mercedes,44,1,3,3,15,57,Finished,2,1:34.677,205.785,kph
2016,2,Bahrain Grand Prix,2016-04-03,bahrain,Bahrain International Circuit,ricciardo,RIC,Daniel Ricciardo,red_bull,Red Bull,3,5,4,4,12,57,Finished,9,1:36.064,202.814,kph
2016,2,Bahrain Grand Prix,2016-04-03,bahrain,Bahrain International Circuit,grosjean,GRO,Romain Grosjean,haas,Haas F1 Team,8,9,5,5,10,57,Finished,11,1:36.095,202.749,kph
2016,2,Bahrain Grand Prix,2016-04-03,bahrain,Bahrain International Circuit,max_verstappen,VER,Max Verstappen,toro_rosso,Toro Rosso,33,10,6,6,8,57,Finished,7,1:35.504,204.004,kph
2016,2,Bahrain Grand Prix,2016-04-03,bahrain,Bahrain International Circuit,kvyat,KVY,Daniil Kvyat,red_bull,Red Bull,26,15,7,7,6,56,+1 Lap,8,1:35.678,203.633,kph
2016,2,Bahrain Grand Prix,2016-04-03,bahrain,Bahrain International Circuit,massa,MAS,Felipe Massa,williams,Williams,19,7,8,8,4,56,+1 Lap,16,1:37.560,199.704,kph
2016,2,Bahrain Grand Prix,2016-04-03,bahrain,Bahrain International Circuit,bottas,BOT,Valtteri Bottas,williams,Williams,77,6,9,9,2,56,+1 Lap,15,1:37.077,200.698,kph
2016,2,Bahrain Grand Prix,2016-04-03,bahrain,Bahrain International Circuit,vandoorne,VAN,Stoffel Vandoorne,mclaren,McLaren,47,12,10,10,1,56,+1 Lap,12,1:36.121,202.694,kph
2016,2,Bahrain Grand Prix,2016-04-03,bahrain,Bahrain International Circuit,kevin_magnussen,MAG,Kevin Magnussen,renault,Renault,20,22,11,11,0,56,+1 Lap,14,1:36.730,201.418,kph
2016,2,Bahrain Grand Prix,2016-04-03,bahrain,Bahrain International Circuit,ericsson,ERI,Marcus Ericsson,sauber,Sauber,9,17,12,12,0,56,+1 Lap,17,1:38.003,198.802,kph
2016,2,Bahrain Grand Prix,2016-04-03,bahrain,Bahrain International Circuit,wehrlein,WEH,Pascal Wehrlein,manor,Manor Marussia,94,16,13,13,0,56,+1 Lap,6,1:35.448,204.123,kph
2016,2,Bahrain Grand Prix,2016-04-03,bahrain,Bahrain International Circuit,nasr,NAS,Felipe Nasr,sauber,Sauber,12,21,14,14,0,56,+1 Lap,5,1:35.360,204.312,kph
2016,2,Bahrain Grand Prix,2016-04-03,bahrain,Bahrain International Circuit,hulkenberg,HUL,Nico Hülkenberg,force_india,Force India,27,8,15,15,0,56,+1 Lap,4,1:35.188,204.681,kph
2016,2,Bahrain Grand Prix,2016-04-03,bahrain,Bahrain International Circuit,perez,PER,Sergio Pérez,force_india,Force India,11,18,16,16,0,56,+1 Lap,10,1:36.067,202.808,kph
2016,2,Bahrain Grand Prix,2016-04-03,bahrain,Bahrain International Circuit,haryanto,HAR,Rio Haryanto,manor,Manor Marussia,88,20,17,17,0,56,+1 Lap,13,1:36.685,201.512,kph
2016,2,Bahrain Grand Prix,2016-04-03,bahrain,Bahrain International Circuit,sainz,SAI,Carlos Sainz,toro_rosso,Toro Rosso,55,11,18,R,0,29,Retired,18,1:38.408,197.983,kph
2016,2,Bahrain Grand Prix,2016-04-03,bahrain,Bahrain International Circuit,gutierrez,GUT,Esteban Gutiérrez,haas,Haas F1 Team,21,13,19,R,0,9,Retired,19,1:39.341,196.124,kph
2016,2,Bahrain Grand Prix,2016-04-03,bahrain,Bahrain International Circuit,button,BUT,Jenson Button,mclaren,McLaren,22,14,20,R,0,6,Power Unit,20,1:39.427,195.954,kph
2016,2,Bahrain Grand Prix,2016-04-03,bahrain,Bahrain International Circuit,vettel,VET,Sebastian Vettel,ferrari,Ferrari,5,3,21,W,0,0,Engine,,,,
2016,2,Bahrain Grand Prix,2016-04-03,bahrain,Bahrain International Circuit,jolyon_palmer,PAL,Jolyon Palmer,renault,Renault,30,19,22,W,0,0,Hydraulics,,,,
2016,3,Chinese Grand Prix,2016-04-17,shanghai,Shanghai International Circuit,rosberg,ROS,Nico Rosberg,mercedes,Mercedes,6,1,1,1,25,56,Finished,6,1:40.418,195.419,kph
2016,3,Chinese Grand Prix,2016-04-17,shanghai,Shanghai International Circuit,vettel,VET,Sebastian Vettel,ferrari,Ferrari,5,4,2,2,18,56,Finished,9,1:40.610,195.046,kph
2016,3,Chinese Grand Prix,2016-04-17,shanghai,Shanghai International Circuit,kvyat,KVY,Daniil Kvyat,red_bull,Red Bull,26,6,3,3,15,56,Finished,14,1:41.546,193.248,kph
2016,3,Chinese Grand Prix,2016-04-17,shanghai,Shanghai International Circuit,ricciardo,RIC,Daniel Ricciardo,red_bull,Red Bull,3,2,4,4,12,56,Finished,11,1:41.015,194.264,kph
2016,3,Chinese Grand Prix,2016-04-17,shanghai,Shanghai International Circuit,raikkonen,RAI,Kimi Räikkönen,ferrari,Ferrari,7,3,5,5,10,56,Finished,8,1:40.593,195.079,kph
2016,3,Chinese Grand Prix,2016-04-17,shanghai,Shanghai International Circuit,massa,MAS,Felipe Massa,williams,Williams,19,10,6,6,8,56,Finished,16,1:41.815,192.737,kph
2016,3,Chinese Grand Prix,2016-04-17,shanghai,Shanghai International Circuit,hamilton,HAM,Lewis Hamilton,mercedes,Mercedes,44,22,7,7,6,56,Finished,10,1:40.662,194.945,kph
2016,3,Chinese Grand Prix,2016-04-17,shanghai,Shanghai International Circuit,max_verstappen,VER,Max Verstappen,toro_rosso,Toro Rosso,33,9,8,8,4,56,Finished,5,1:40.399,195.456,kph
2016,3,Chinese Grand Prix,2016-04-17,shanghai,Shanghai International Circuit,sainz,SAI,Carlos Sainz,toro_rosso,Toro Rosso,55,8,9,9,2,56,Finished,12,1:41.485,193.364,kph
2016,3,Chinese Grand Prix,2016-04-17,shanghai,Shanghai International Circuit,bottas,BOT,Valtteri Bottas,williams,Williams,77,5,10,10,1,56,Finished,15,1:41.558,193.225,kph
2016,3,Chinese Grand Prix,2016-04-17,shanghai,Shanghai International Circuit,perez,PER,Sergio Pérez,force_india,Force India,11,7,11,11,0,56,Finished,17,1:41.846,192.679,kph
2016,3,Chinese Grand Prix,2016-04-17,shanghai,Shanghai International Circuit,alonso,ALO,Fernando Alonso,mclaren,McLaren,14,11,12,12,0,56,Finished,19,1:42.226,191.962,kph
2016,3,Chinese Grand Prix,2016-04-17,shanghai,Shanghai International Circuit,button,BUT,Jenson Button,mclaren,McLaren,22,12,13,13,0,56,Finished,3,1:40.298,195.652,kph
2016,3,Chinese Grand Prix,2016-04-17,shanghai,Shanghai International Circuit,gutierrez,GUT,Esteban Gutiérrez,haas,Haas F1 Team,21,18,14,14,0,55,+1 Lap,4,1:40.368,195.516,kph
2016,3,Chinese Grand Prix,2016-04-17,shanghai,Shanghai International Circuit,hulkenberg,HUL,Nico Hülkenberg,force_india,Force India,27,13,15,15,0,55,+1 Lap,1,1:39.824,196.581,kph
2016,3,Chinese Grand Prix,2016-04-17,shanghai,Shanghai International Circuit,ericsson,ERI,Marcus Ericsson,sauber,Sauber,9,15,16,16,0,55,+1 Lap,22,1:43.269,190.024,kph
2016,3,Chinese Grand Prix,2016-04-17,shanghai,Shanghai International Circuit,kevin_magnussen,MAG,Kevin Magnussen,renault,Renault,20,17,17,17,0,55,+1 Lap,21,1:42.311,191.803,kph
2016,3,Chinese Grand Prix,2016-04-17,shanghai,Shanghai International Circuit,wehrlein,WEH,Pascal Wehrlein,manor,Manor Marussia,94,21,18,18,0,55,+1 Lap,13,1:41.489,193.356,kph
2016,3,Chinese Grand Prix,2016-04-17,shanghai,Shanghai International Circuit,grosjean,GRO,Romain Grosjean,haas,Haas F1 Team,8,14,19,19,0,55,+1 Lap,2,1:39.923,196.387,kph
2016,3,Chinese Grand Prix,2016-04-17,shanghai,Shanghai International Circuit,nasr,NAS,Felipe Nasr,sauber,Sauber,12,16,20,20,0,55,+1 Lap,7,1:40.582,195.100,kph
2016,3,Chinese Grand Prix,2016-04-17,shanghai,Shanghai International Circuit,haryanto,HAR,Rio Haryanto,manor,Manor Marussia,88,20,21,21,0,55,+1 Lap,18,1:42.009,192.371,kph
2016,3,Chinese Grand Prix,2016-04-17,shanghai,Shanghai International Circuit,jolyon_palmer,PAL,Jolyon Palmer,renault,Renault,30,19,22,22,0,55,+1 Lap,20,1:42.232,191.951,kph
2016,4,Russian Grand Prix,2016-05-01,sochi,Sochi Autodrom,rosberg,ROS,Nico Rosberg,mercedes,Mercedes,6,1,1,1,25,53,Finished,1,1:39.094,212.452,kph
2016,4,Russian Grand Prix,2016-05-01,sochi,Sochi Autodrom,hamilton,HAM,Lewis Hamilton,mercedes,Mercedes,44,10,2,2,18,53,Finished,4,1:40.266,209.969,kph
2016,4,Russian Grand Prix,2016-05-01,sochi,Sochi Autodrom,raikkonen,RAI,Kimi Räikkönen,ferrari,Ferrari,7,3,3,3,15,53,Finished,3,1:40.101,210.315,kph
2016,4,Russian Grand Prix,2016-05-01,sochi,Sochi Autodrom,bottas,BOT,Valtteri Bottas,williams,Williams,77,2,4,4,12,53,Finished,6,1:41.159,208.115,kph
2016,4,Russian Grand Prix,2016-05-01,sochi,Sochi Autodrom,massa,MAS,Felipe Massa,williams,Williams,19,4,5,5,10,53,Finished,2,1:39.743,211.070,kph
2016,4,Russian Grand Prix,2016-05-01,sochi,Sochi Autodrom,alonso,ALO,Fernando Alonso,mclaren,McLaren,14,14,6,6,8,52,+1 Lap,5,1:40.347,209.799,kph
2016,4,Russian Grand Prix,2016-05-01,sochi,Sochi Autodrom,kevin_magnussen,MAG,Kevin Magnussen,renault,Renault,20,17,7,7,6,52,+1 Lap,9,1:41.832,206.740,kph
2016,4,Russian Grand Prix,2016-05-01,sochi,Sochi Autodrom,grosjean,GRO,Romain Grosjean,haas,Haas F1 Team,8,15,8,8,4,52,+1 Lap,12,1:42.026,206.347,kph
2016,4,Russian Grand Prix,2016-05-01,sochi,Sochi Autodrom,perez,PER,Sergio Pérez,force_india,Force India,11,6,9,9,2,52,+1 Lap,10,1:41.897,206.608,kph
2016,4,Russian Grand Prix,2016-05-01,sochi,Sochi Autodrom,button,BUT,Jenson Button,mclaren,McLaren,22,12,10,10,1,52,+1 Lap,8,1:41.720,206.968,kph
2016,4,Russian Grand Prix,2016-05-01,sochi,Sochi Autodrom,ricciardo,RIC,Daniel Ricciardo,red_bull,Red Bull,3,5,11,11,0,52,+1 Lap,7,1:41.179,208.074,kph
2016,4,Russian Grand Prix,2016-05-01,sochi,Sochi Autodrom,sainz,SAI,Carlos Sainz,toro_rosso,Toro Rosso,55,11,12,12,0,52,+1 Lap,15,1:42.205,205.986,kph
2016,4,Russian Grand Prix,2016-05-01,sochi,Sochi Autodrom,jolyon_palmer,PAL,Jolyon Palmer,renault,Renault,30,18,13,13,0,52,+1 Lap,19,1:42.660,205.073,kph
2016,4,Russian Grand Prix,2016-05-01,sochi,Sochi Autodrom,ericsson,ERI,Marcus Ericsson,sauber,Sauber,9,22,14,14,0,52,+1 Lap,14,1:42.050,206.298,kph
2016,4,Russian Grand Prix,2016-05-01,sochi,Sochi Autodrom,kvyat,KVY,Daniil Kvyat,red_bull,Red Bull,26,8,15,15,0,52,+1 Lap,17,1:42.344,205.706,kph
2016,4,Russian Grand Prix,2016-05-01,sochi,Sochi Autodrom,nasr,NAS,Felipe Nasr,sauber,Sauber,12,19,16,16,0,52,+1 Lap,16,1:42.253,205.889,kph
2016,4,Russian Grand Prix,2016-05-01,sochi,Sochi Autodrom,gutierrez,GUT,Esteban Gutiérrez,haas,Haas F1 Team,21,16,17,17,0,52,+1 Lap,18,1:42.378,205.637,kph
2016,4,Russian Grand Prix,2016-05-01,sochi,Sochi Autodrom,wehrlein,WEH,Pascal Wehrlein,manor,Manor Marussia,94,20,18,18,0,51,+2 Laps,11,1:41.907,206.588,kph
2016,4,Russian Grand Prix,2016-05-01,sochi,Sochi Autodrom,max_verstappen,VER,Max Verstappen,toro_rosso,Toro Rosso,33,9,19,R,0,33,Power Unit,13,1:42.029,206.341,kph
2016,4,Russian Grand Prix,2016-05-01,sochi,Sochi Autodrom,vettel,VET,Sebastian Vettel,ferrari,Ferrari,5,7,20,R,0,0,Collision,,,,
2016,4,Russian Grand Prix,2016-05-01,sochi,Sochi Autodrom,hulkenberg,HUL,Nico Hülkenberg,force_india,Force India,27,13,21,R,0,0,Collision,,,,
2016,4,Russian Grand Prix,2016-05-01,sochi,Sochi Autodrom,haryanto,HAR,Rio Haryanto,manor,Manor Marussia,88,21,22,R,0,0,Collision,,,,
2016,5,Spanish Grand Prix,2016-05-15,catalunya,Circuit de Barcelona-Catalunya,max_verstappen,VER,Max Verstappen,red_bull,Red Bull,33,4,1,1,25,66,Finished,6,1:28.816,188.682,kph
2016,5,Spanish Grand Prix,2016-05-15,catalunya,Circuit de Barcelona-Catalunya,raikkonen,RAI,Kimi Räikkönen,ferrari,Ferrari,7,5,2,2,18,66,Finished,4,1:28.538,189.274,kph
2016,5,Spanish Grand Prix,2016-05-15,catalunya,Circuit de Barcelona-Catalunya,vettel,VET,Sebastian Vettel,ferrari,Ferrari,5,6,3,3,15,66,Finished,2,1:27.974,190.488,kph
2016,5,Spanish Grand Prix,2016-05-15,catalunya,Circuit de Barcelona-Catalunya,ricciardo,RIC,Daniel Ricciardo,red_bull,Red Bull,3,3,4,4,12,66,Finished,3,1:28.209,189.980,kph
2016,5,Spanish Grand Prix,2016-05-15,catalunya,Circuit de Barcelona-Catalunya,bottas,BOT,Valtteri Bottas,williams,Williams,77,7,5,5,10,66,Finished,8,1:29.081,188.120,kph
2016,5,Spanish Grand Prix,2016-05-15,catalunya,Circuit de Barcelona-Catalunya,sainz,SAI,Carlos Sainz,toro_rosso,Toro Rosso,55,8,6,6,8,66,Finished,11,1:29.663,186.899,kph
2016,5,Spanish Grand Prix,2016-05-15,catalunya,Circuit de Barcelona-Catalunya,perez,PER,Sergio Pérez,force_india,Force India,11,9,7,7,6,66,Finished,15,1:29.801,186.612,kph
2016,5,Spanish Grand Prix,2016-05-15,catalunya,Circuit de Barcelona-Catalunya,massa,MAS,Felipe Massa,williams,Williams,19,18,8,8,4,66,Finished,9,1:29.238,187.789,kph
2016,5,Spanish Grand Prix,2016-05-15,catalunya,Circuit de Barcelona-Catalunya,button,BUT,Jenson Button,mclaren,McLaren,22,12,9,9,2,65,+1 Lap,18,1:30.260,185.663,kph
2016,5,Spanish Grand Prix,2016-05-15,catalunya,Circuit de Barcelona-Catalunya,kvyat,KVY,Daniil Kvyat,toro_rosso,Toro Rosso,26,13,10,10,1,65,+1 Lap,1,1:26.948,192.735,kph
2016,5,Spanish Grand Prix,2016-05-15,catalunya,Circuit de Barcelona-Catalunya,gutierrez,GUT,Esteban Gutiérrez,haas,Haas F1 Team,21,16,11,11,0,65,+1 Lap,17,1:30.139,185.912,kph
2016,5,Spanish Grand Prix,2016-05-15,catalunya,Circuit de Barcelona-Catalunya,ericsson,ERI,Marcus Ericsson,sauber,Sauber,9,19,12,12,0,65,+1 Lap,12,1:29.715,186.791,kph
2016,5,Spanish Grand Prix,2016-05-15,catalunya,Circuit de Barcelona-Catalunya,jolyon_palmer,PAL,Jolyon Palmer,renault,Renault,30,17,13,13,0,65,+1 Lap,14,1:29.779,186.658,kph
2016,5,Spanish Grand Prix,2016-05-15,catalunya,Circuit de Barcelona-Catalunya,kevin_magnussen,MAG,Kevin Magnussen,renault,Renault,20,15,14,14,0,65,+1 Lap,5,1:28.716,188.894,kph
2016,5,Spanish Grand Prix,2016-05-15,catalunya,Circuit de Barcelona-Catalunya,nasr,NAS,Felipe Nasr,sauber,Sauber,12,20,15,15,0,65,+1 Lap,16,1:29.905,186.396,kph
2016,5,Spanish Grand Prix,2016-05-15,catalunya,Circuit de Barcelona-Catalunya,wehrlein,WEH,Pascal Wehrlein,manor,Manor Marussia,94,21,16,16,0,65,+1 Lap,19,1:31.182,183.786,kph
2016,5,Spanish Grand Prix,2016-05-15,catalunya,Circuit de Barcelona-Catalunya,haryanto,HAR,Rio Haryanto,manor,Manor Marussia,88,22,17,17,0,65,+1 Lap,10,1:29.402,187.445,kph
2016,5,Spanish Grand Prix,2016-05-15,catalunya,Circuit de Barcelona-Catalunya,grosjean,GRO,Romain Grosjean,haas,Haas F1 Team,8,14,18,R,0,56,Engine,7,1:28.974,188.347,kph
2016,5,Spanish Grand Prix,2016-05-15,catalunya,Circuit de Barcelona-Catalunya,alonso,ALO,Fernando Alonso,mclaren,McLaren,14,10,19,R,0,45,Engine,13,1:29.750,186.718,kph
2016,5,Spanish Grand Prix,2016-05-15,catalunya,Circuit de Barcelona-Catalunya,hulkenberg,HUL,Nico Hülkenberg,force_india,Force India,27,11,20,R,0,20,Engine,20,1:31.810,182.529,kph
2016,5,Spanish Grand Prix,2016-05-15,catalunya,Circuit de Barcelona-Catalunya,hamilton,HAM,Lewis Hamilton,mercedes,Mercedes,44,1,21,R,0,0,Collision,,,,
2016,5,Spanish Grand Prix,2016-05-15,catalunya,Circuit de Barcelona-Catalunya,rosberg,ROS,Nico Rosberg,mercedes,Mercedes,6,2,22,R,0,0,Collision,,,,
2016,6,Monaco Grand Prix,2016-05-29,monaco,Circuit de Monaco,hamilton,HAM,Lewis Hamilton,mercedes,Mercedes,44,3,1,1,25,78,Finished,1,1:17.939,154.135,kph
2016,6,Monaco Grand Prix,2016-05-29,monaco,Circuit de Monaco,ricciardo,RIC,Daniel Ricciardo,red_bull,Red Bull,3,1,2,2,18,78,Finished,3,1:18.294,153.437,kph
2016,6,Monaco Grand Prix,2016-05-29,monaco,Circuit de Monaco,perez,PER,Sergio Pérez,force_india,Force India,11,7,3,3,15,78,Finished,4,1:18.446,153.139,kph
2016,6,Monaco Grand Prix,2016-05-29,monaco,Circuit de Monaco,vettel,VET,Sebastian Vettel,ferrari,Ferrari,5,4,4,4,12,78,Finished,2,1:18.005,154.005,kph
2016,6,Monaco Grand Prix,2016-05-29,monaco,Circuit de Monaco,alonso,ALO,Fernando Alonso,mclaren,McLaren,14,9,5,5,10,78,Finished,8,1:19.170,151.739,kph
2016,6,Monaco Grand Prix,2016-05-29,monaco,Circuit de Monaco,hulkenberg,HUL,Nico Hülkenberg,force_india,Force India,27,5,6,6,8,78,Finished,11,1:19.232,151.620,kph
2016,6,Monaco Grand Prix,2016-05-29,monaco,Circuit de Monaco,rosberg,ROS,Nico Rosberg,mercedes,Mercedes,6,2,7,7,6,78,Finished,6,1:18.763,152.523,kph
2016,6,Monaco Grand Prix,2016-05-29,monaco,Circuit de Monaco,sainz,SAI,Carlos Sainz,toro_rosso,Toro Rosso,55,6,8,8,4,77,+1 Lap,5,1:18.519,152.997,kph
2016,6,Monaco Grand Prix,2016-05-29,monaco,Circuit de Monaco,button,BUT,Jenson Button,mclaren,McLaren,22,13,9,9,2,77,+1 Lap,12,1:19.670,150.786,kph
2016,6,Monaco Grand Prix,2016-05-29,monaco,Circuit de Monaco,massa,MAS,Felipe Massa,williams,Williams,19,14,10,10,1,77,+1 Lap,9,1:19.213,151.656,kph
2016,6,Monaco Grand Prix,2016-05-29,monaco,Circuit de Monaco,gutierrez,GUT,Esteban Gutiérrez,haas,Haas F1 Team,21,12,11,11,0,77,+1 Lap,7,1:19.131,151.814,kph
2016,6,Monaco Grand Prix,2016-05-29,monaco,Circuit de Monaco,bottas,BOT,Valtteri Bottas,williams,Williams,77,10,12,12,0,77,+1 Lap,10,1:19.223,151.637,kph
2016,6,Monaco Grand Prix,2016-05-29,monaco,Circuit de Monaco,grosjean,GRO,Romain Grosjean,haas,Haas F1 Team,8,15,13,13,0,76,+2 Laps,14,1:20.219,149.755,kph
2016,6,Monaco Grand Prix,2016-05-29,monaco,Circuit de Monaco,wehrlein,WEH,Pascal Wehrlein,manor,Manor Marussia,94,20,14,14,0,76,+2 Laps,15,1:20.372,149.469,kph
2016,6,Monaco Grand Prix,2016-05-29,monaco,Circuit de Monaco,haryanto,HAR,Rio Haryanto,manor,Manor Marussia,88,19,15,15,0,74,+4 Laps,13,1:19.868,150.413,kph
2016,6,Monaco Grand Prix,2016-05-29,monaco,Circuit de Monaco,ericsson,ERI,Marcus Ericsson,sauber,Sauber,9,17,16,R,0,51,Collision,16,1:21.342,147.687,kph
2016,6,Monaco Grand Prix,2016-05-29,monaco,Circuit de Monaco,nasr,NAS,Felipe Nasr,sauber,Sauber,12,0,17,R,0,48,Retired,17,1:21.889,146.701,kph
2016,6,Monaco Grand Prix,2016-05-29,monaco,Circuit de Monaco,max_verstappen,VER,Max Verstappen,red_bull,Red Bull,33,0,18,R,0,34,Accident,18,1:26.563,138.779,kph
2016,6,Monaco Grand Prix,2016-05-29,monaco,Circuit de Monaco,kevin_magnussen,MAG,Kevin Magnussen,renault,Renault,20,16,19,R,0,32,Retired,19,1:29.802,133.774,kph
2016,6,Monaco Grand Prix,2016-05-29,monaco,Circuit de Monaco,kvyat,KVY,Daniil Kvyat,toro_rosso,Toro Rosso,26,8,20,R,0,18,Accident,20,1:37.895,122.715,kph
2016,6,Monaco Grand Prix,2016-05-29,monaco,Circuit de Monaco,raikkonen,RAI,Kimi Räikkönen,ferrari,Ferrari,7,11,21,R,0,10,Accident,21,1:47.149,112.116,kph
2016,6,Monaco Grand Prix,2016-05-29,monaco,Circuit de Monaco,jolyon_palmer,PAL,Jolyon Palmer,renault,Renault,30,18,22,R,0,7,Accident,22,1:58.474,101.399,kph
2016,7,Canadian Grand Prix,2016-06-12,villeneuve,Circuit Gilles Villeneuve,hamilton,HAM,Lewis Hamilton,mercedes,Mercedes,44,1,1,1,25,70,Finished,2,1:15.981,206.625,kph
2016,7,Canadian Grand Prix,2016-06-12,villeneuve,Circuit Gilles Villeneuve,vettel,VET,Sebastian Vettel,ferrari,Ferrari,5,3,2,2,18,70,Finished,3,1:16.297,205.769,kph
2016,7,Canadian Grand Prix,2016-06-12,villeneuve,Circuit Gilles Villeneuve,bottas,BOT,Valtteri Bottas,williams,Williams,77,7,3,3,15,70,Finished,10,1:16.938,204.055,kph
2016,7,Canadian Grand Prix,2016-06-12,villeneuve,Circuit Gilles Villeneuve,max_verstappen,VER,Max Verstappen,red_bull,Red Bull,33,5,4,4,12,70,Finished,4,1:16.319,205.710,kph
2016,7,Canadian Grand Prix,2016-06-12,villeneuve,Circuit Gilles Villeneuve,rosberg,ROS,Nico Rosberg,mercedes,Mercedes,6,2,5,5,10,70,Finished,1,1:15.599,207.669,kph
2016,7,Canadian Grand Prix,2016-06-12,villeneuve,Circuit Gilles Villeneuve,raikkonen,RAI,Kimi Räikkönen,ferrari,Ferrari,7,6,6,6,8,70,Finished,9,1:16.919,204.105,kph
2016,7,Canadian Grand Prix,2016-06-12,villeneuve,Circuit Gilles Villeneuve,ricciardo,RIC,Daniel Ricciardo,red_bull,Red Bull,3,4,7,7,6,70,Finished,5,1:16.506,205.207,kph
2016,7,Canadian Grand Prix,2016-06-12,villeneuve,Circuit Gilles Villeneuve,hulkenberg,HUL,Nico Hülkenberg,force_india,Force India,27,9,8,8,4,69,+1 Lap,8,1:16.604,204.944,kph
2016,7,Canadian Grand Prix,2016-06-12,villeneuve,Circuit Gilles Villeneuve,sainz,SAI,Carlos Sainz,toro_rosso,Toro Rosso,55,20,9,9,2,69,+1 Lap,7,1:16.578,205.014,kph
2016,7,Canadian Grand Prix,2016-06-12,villeneuve,Circuit Gilles Villeneuve,perez,PER,Sergio Pérez,force_india,Force India,11,11,10,10,1,69,+1 Lap,6,1:16.559,205.065,kph
2016,7,Canadian Grand Prix,2016-06-12,villeneuve,Circuit Gilles Villeneuve,alonso,ALO,Fernando Alonso,mclaren,McLaren,14,10,11,11,0,69,+1 Lap,13,1:17.307,203.081,kph
2016,7,Canadian Grand Prix,2016-06-12,villeneuve,Circuit Gilles Villeneuve,kvyat,KVY,Daniil Kvyat,toro_rosso,Toro Rosso,26,15,12,12,0,69,+1 Lap,11,1:16.942,204.044,kph
2016,7,Canadian Grand Prix,2016-06-12,villeneuve,Circuit Gilles Villeneuve,gutierrez,GUT,Esteban Gutiérrez,haas,Haas F1 Team,21,13,13,13,0,68,+2 Laps,15,1:17.728,201.981,kph
2016,7,Canadian Grand Prix,2016-06-12,villeneuve,Circuit Gilles Villeneuve,grosjean,GRO,Romain Grosjean,haas,Haas F1 Team,8,14,14,14,0,68,+2 Laps,12,1:17.281,203.149,kph
2016,7,Canadian Grand Prix,2016-06-12,villeneuve,Circuit Gilles Villeneuve,ericsson,ERI,Marcus Ericsson,sauber,Sauber,9,21,15,15,0,68,+2 Laps,17,1:18.100,201.019,kph
2016,7,Canadian Grand Prix,2016-06-12,villeneuve,Circuit Gilles Villeneuve,kevin_magnussen,MAG,Kevin Magnussen,renault,Renault,20,22,16,16,0,68,+2 Laps,18,1:18.224,200.700,kph
2016,7,Canadian Grand Prix,2016-06-12,villeneuve,Circuit Gilles Villeneuve,wehrlein,WEH,Pascal Wehrlein,manor,Manor Marussia,94,17,17,17,0,68,+2 Laps,19,1:18.282,200.551,kph
2016,7,Canadian Grand Prix,2016-06-12,villeneuve,Circuit Gilles Villeneuve,nasr,NAS,Felipe Nasr,sauber,Sauber,12,18,18,18,0,68,+2 Laps,16,1:17.883,201.579,kph
2016,7,Canadian Grand Prix,2016-06-12,villeneuve,Circuit Gilles Villeneuve,haryanto,HAR,Rio Haryanto,manor,Manor Marussia,88,19,19,19,0,68,+2 Laps,20,1:18.658,199.593,kph
2016,7,Canadian Grand Prix,2016-06-12,villeneuve,Circuit Gilles Villeneuve,massa,MAS,Felipe Massa,williams,Williams,19,8,20,R,0,35,Retired,14,1:17.424,202.774,kph
2016,7,Canadian Grand Prix,2016-06-12,villeneuve,Circuit Gilles Villeneuve,jolyon_palmer,PAL,Jolyon Palmer,renault,Renault,30,16,21,R,0,16,Retired,22,1:19.879,196.542,kph
2016,7,Canadian Grand Prix,2016-06-12,villeneuve,Circuit Gilles Villeneuve,button,BUT,Jenson Button,mclaren,McLaren,22,12,22,R,0,9,Power Unit,21,1:19.456,197.588,kph
2016,8,European Grand Prix,2016-06-19,baku,Baku City Circuit,rosberg,ROS,Nico Rosberg,mercedes,Mercedes,6,1,1,1,25,51,Finished,1,1:46.485,202.946,kph
2016,8,European Grand Prix,2016-06-19,baku,Baku City Circuit,vettel,VET,Sebastian Vettel,ferrari,Ferrari,5,3,2,2,18,51,Finished,5,1:47.028,201.917,kph
2016,8,European Grand Prix,2016-06-19,baku,Baku City Circuit,perez,PER,Sergio Pérez,force_india,Force India,11,7,3,3,15,51,Finished,4,1:46.990,201.988,kph
2016,8,European Grand Prix,2016-06-19,baku,Baku City Circuit,raikkonen,RAI,Kimi Räikkönen,ferrari,Ferrari,7,4,4,4,12,51,Finished,6,1:47.181,201.629,kph
2016,8,European Grand Prix,2016-06-19,baku,Baku City Circuit,hamilton,HAM,Lewis Hamilton,mercedes,Mercedes,44,10,5,5,10,51,Finished,2,1:46.822,202.306,kph
2016,8,European Grand Prix,2016-06-19,baku,Baku City Circuit,bottas,BOT,Valtteri Bottas,williams,Williams,77,8,6,6,8,51,Finished,9,1:47.604,200.836,kph
2016,8,European Grand Prix,2016-06-19,baku,Baku City Circuit,ricciardo,RIC,Daniel Ricciardo,red_bull,Red Bull,3,2,7,7,6,51,Finished,12,1:47.736,200.590,kph
2016,8,European Grand Prix,2016-06-19,baku,Baku City Circuit,max_verstappen,VER,Max Verstappen,red_bull,Red Bull,33,9,8,8,4,51,Finished,3,1:46.973,202.021,kph
2016,8,European Grand Prix,2016-06-19,baku,Baku City Circuit,hulkenberg,HUL,Nico Hülkenberg,force_india,Force India,27,12,9,9,2,51,Finished,15,1:48.012,200.077,kph
2016,8,European Grand Prix,2016-06-19,baku,Baku City Circuit,massa,MAS,Felipe Massa,williams,Williams,19,5,10,10,1,51,Finished,13,1:47.761,200.543,kph
2016,8,European Grand Prix,2016-06-19,baku,Baku City Circuit,button,BUT,Jenson Button,mclaren,McLaren,22,19,11,11,0,51,Finished,10,1:47.622,200.802,kph
2016,8,European Grand Prix,2016-06-19,baku,Baku City Circuit,nasr,NAS,Felipe Nasr,sauber,Sauber,12,15,12,12,0,50,+1 Lap,11,1:47.708,200.642,kph
2016,8,European Grand Prix,2016-06-19,baku,Baku City Circuit,grosjean,GRO,Romain Grosjean,haas,Haas F1 Team,8,11,13,13,0,50,+1 Lap,14,1:47.943,200.205,kph
2016,8,European Grand Prix,2016-06-19,baku,Baku City Circuit,kevin_magnussen,MAG,Kevin Magnussen,renault,Renault,20,22,14,14,0,50,+1 Lap,19,1:49.282,197.752,kph
2016,8,European Grand Prix,2016-06-19,baku,Baku City Circuit,jolyon_palmer,PAL,Jolyon Palmer,renault,Renault,30,21,15,15,0,50,+1 Lap,8,1:47.583,200.875,kph
2016,8,European Grand Prix,2016-06-19,baku,Baku City Circuit,gutierrez,GUT,Esteban Gutiérrez,haas,Haas F1 Team,21,14,16,16,0,50,+1 Lap,7,1:47.563,200.912,kph
2016,8,European Grand Prix,2016-06-19,baku,Baku City Circuit,ericsson,ERI,Marcus Ericsson,sauber,Sauber,9,20,17,17,0,50,+1 Lap,17,1:48.898,198.449,kph
2016,8,European Grand Prix,2016-06-19,baku,Baku City Circuit,haryanto,HAR,Rio Haryanto,manor,Manor Marussia,88,16,18,18,0,49,+2 Laps,21,1:51.365,194.053,kph
2016,8,European Grand Prix,2016-06-19,baku,Baku City Circuit,alonso,ALO,Fernando Alonso,mclaren,McLaren,14,13,19,R,0,42,Gearbox,18,1:49.101,198.080,kph
2016,8,European Grand Prix,2016-06-19,baku,Baku City Circuit,wehrlein,WEH,Pascal Wehrlein,manor,Manor Marussia,94,17,20,R,0,39,Brakes,20,1:50.571,195.447,kph
2016,8,European Grand Prix,2016-06-19,baku,Baku City Circuit,sainz,SAI,Carlos Sainz,toro_rosso,Toro Rosso,55,18,21,R,0,31,Suspension,16,1:48.804,198.621,kph
2016,8,European Grand Prix,2016-06-19,baku,Baku City Circuit,kvyat,KVY,Daniil Kvyat,toro_rosso,Toro Rosso,26,6,22,R,0,6,Suspension,22,1:53.167,190.963,kph
2016,9,Austrian Grand Prix,2016-07-03,red_bull_ring,Red Bull Ring,hamilton,HAM,Lewis Hamilton,mercedes,Mercedes,44,1,1,1,25,71,Finished,1,1:08.411,227.647,kph
2016,9,Austrian Grand Prix,2016-07-03,red_bull_ring,Red Bull Ring,max_verstappen,VER,Max Verstappen,red_bull,Red Bull,33,8,2,2,18,71,Finished,5,1:09.618,223.700,kph
2016,9,Austrian Grand Prix,2016-07-03,red_bull_ring,Red Bull Ring,raikkonen,RAI,Kimi Räikkönen,ferrari,Ferrari,7,4,3,3,15,71,Finished,4,1:08.876,226.110,kph
2016,9,Austrian Grand Prix,2016-07-03,red_bull_ring,Red Bull Ring,rosberg,ROS,Nico Rosberg,mercedes,Mercedes,6,6,4,4,12,71,Finished,2,1:08.491,227.381,kph
2016,9,Austrian Grand Prix,2016-07-03,red_bull_ring,Red Bull Ring,ricciardo,RIC,Daniel Ricciardo,red_bull,Red Bull,3,5,5,5,10,71,Finished,3,1:08.770,226.459,kph
2016,9,Austrian Grand Prix,2016-07-03,red_bull_ring,Red Bull Ring,button,BUT,Jenson Button,mclaren,McLaren,22,3,6,6,8,71,Finished,9,1:10.001,222.476,kph
2016,9,Austrian Grand Prix,2016-07-03,red_bull_ring,Red Bull Ring,grosjean,GRO,Romain Grosjean,haas,Haas F1 Team,8,13,7,7,6,71,Finished,8,1:09.925,222.718,kph
2016,9,Austrian Grand Prix,2016-07-03,red_bull_ring,Red Bull Ring,sainz,SAI,Carlos Sainz,toro_rosso,Toro Rosso,55,15,8,8,4,71,Finished,11,1:10.138,222.042,kph
2016,9,Austrian Grand Prix,2016-07-03,red_bull_ring,Red Bull Ring,bottas,BOT,Valtteri Bottas,williams,Williams,77,7,9,9,2,70,+1 Lap,12,1:10.210,221.814,kph
2016,9,Austrian Grand Prix,2016-07-03,red_bull_ring,Red Bull Ring,wehrlein,WEH,Pascal Wehrlein,manor,Manor Marussia,94,12,10,10,1,70,+1 Lap,19,1:10.859,219.782,kph
2016,9,Austrian Grand Prix,2016-07-03,red_bull_ring,Red Bull Ring,gutierrez,GUT,Esteban Gutiérrez,haas,Haas F1 Team,21,11,11,11,0,70,+1 Lap,6,1:09.694,223.456,kph
2016,9,Austrian Grand Prix,2016-07-03,red_bull_ring,Red Bull Ring,jolyon_palmer,PAL,Jolyon Palmer,renault,Renault,30,19,12,12,0,70,+1 Lap,13,1:10.228,221.757,kph
2016,9,Austrian Grand Prix,2016-07-03,red_bull_ring,Red Bull Ring,nasr,NAS,Felipe Nasr,sauber,Sauber,12,21,13,13,0,70,+1 Lap,16,1:10.415,221.168,kph
2016,9,Austrian Grand Prix,2016-07-03,red_bull_ring,Red Bull Ring,kevin_magnussen,MAG,Kevin Magnussen,renault,Renault,20,17,14,14,0,70,+1 Lap,17,1:10.450,221.058,kph
2016,9,Austrian Grand Prix,2016-07-03,red_bull_ring,Red Bull Ring,ericsson,ERI,Marcus Ericsson,sauber,Sauber,9,18,15,15,0,70,+1 Lap,18,1:10.704,220.264,kph
2016,9,Austrian Grand Prix,2016-07-03,red_bull_ring,Red Bull Ring,haryanto,HAR,Rio Haryanto,manor,Manor Marussia,88,20,16,16,0,70,+1 Lap,15,1:10.342,221.398,kph
2016,9,Austrian Grand Prix,2016-07-03,red_bull_ring,Red Bull Ring,perez,PER,Sergio Pérez,force_india,Force India,11,16,17,17,0,69,Brakes,10,1:10.120,222.099,kph
2016,9,Austrian Grand Prix,2016-07-03,red_bull_ring,Red Bull Ring,alonso,ALO,Fernando Alonso,mclaren,McLaren,14,14,18,18,0,64,Battery,20,1:11.020,219.284,kph
2016,9,Austrian Grand Prix,2016-07-03,red_bull_ring,Red Bull Ring,hulkenberg,HUL,Nico Hülkenberg,force_india,Force India,27,2,19,19,0,64,Brakes,14,1:10.309,221.502,kph
2016,9,Austrian Grand Prix,2016-07-03,red_bull_ring,Red Bull Ring,massa,MAS,Felipe Massa,williams,Williams,19,0,20,20,0,63,Brakes,7,1:09.899,222.801,kph
2016,9,Austrian Grand Prix,2016-07-03,red_bull_ring,Red Bull Ring,vettel,VET,Sebastian Vettel,ferrari,Ferrari,5,9,21,R,0,26,Tyre,21,1:11.441,217.992,kph
2016,9,Austrian Grand Prix,2016-07-03,red_bull_ring,Red Bull Ring,kvyat,KVY,Daniil Kvyat,toro_rosso,Toro Rosso,26,0,22,R,0,2,Retired,22,1:18.302,198.891,kph
2016,10,British Grand Prix,2016-07-10,silverstone,Silverstone Circuit,hamilton,HAM,Lewis Hamilton,mercedes,Mercedes,44,1,1,1,25,52,Finished,3,1:35.771,221.440,kph
2016,10,British Grand Prix,2016-07-10,silverstone,Silverstone Circuit,max_verstappen,VER,Max Verstappen,red_bull,Red Bull,33,3,2,2,18,52,Finished,6,1:36.407,219.979,kph
2016,10,British Grand Prix,2016-07-10,silverstone,Silverstone Circuit,rosberg,ROS,Nico Rosberg,mercedes,Mercedes,6,2,3,3,15,52,Finished,1,1:35.548,221.957,kph
2016,10,British Grand Prix,2016-07-10,silverstone,Silverstone Circuit,ricciardo,RIC,Daniel Ricciardo,red_bull,Red Bull,3,4,4,4,12,52,Finished,4,1:36.013,220.882,kph
2016,10,British Grand Prix,2016-07-10,silverstone,Silverstone Circuit,raikkonen,RAI,Kimi Räikkönen,ferrari,Ferrari,7,5,5,5,10,52,Finished,8,1:36.994,218.648,kph
2016,10,British Grand Prix,2016-07-10,silverstone,Silverstone Circuit,perez,PER,Sergio Pérez,force_india,Force India,11,10,6,6,8,52,Finished,15,1:37.900,216.625,kph
2016,10,British Grand Prix,2016-07-10,silverstone,Silverstone Circuit,hulkenberg,HUL,Nico Hülkenberg,force_india,Force India,27,8,7,7,6,52,Finished,11,1:37.618,217.250,kph
2016,10,British Grand Prix,2016-07-10,silverstone,Silverstone Circuit,sainz,SAI,Carlos Sainz,toro_rosso,Toro Rosso,55,7,8,8,4,52,Finished,10,1:37.401,217.734,kph
2016,10,British Grand Prix,2016-07-10,silverstone,Silverstone Circuit,vettel,VET,Sebastian Vettel,ferrari,Ferrari,5,11,9,9,2,52,Finished,7,1:36.933,218.786,kph
2016,10,British Grand Prix,2016-07-10,silverstone,Silverstone Circuit,kvyat,KVY,Daniil Kvyat,toro_rosso,Toro Rosso,26,15,10,10,1,52,Finished,13,1:37.667,217.141,kph
2016,10,British Grand Prix,2016-07-10,silverstone,Silverstone Circuit,massa,MAS,Felipe Massa,williams,Williams,19,12,11,11,0,51,+1 Lap,5,1:36.141,220.588,kph
2016,10,British Grand Prix,2016-07-10,silverstone,Silverstone Circuit,button,BUT,Jenson Button,mclaren,McLaren,22,17,12,12,0,51,+1 Lap,16,1:37.907,216.609,kph
2016,10,British Grand Prix,2016-07-10,silverstone,Silverstone Circuit,alonso,ALO,Fernando Alonso,mclaren,McLaren,14,9,13,13,0,51,+1 Lap,2,1:35.669,221.676,kph
2016,10,British Grand Prix,2016-07-10,silverstone,Silverstone Circuit,bottas,BOT,Valtteri Bottas,williams,Williams,77,6,14,14,0,51,+1 Lap,9,1:37.383,217.775,kph
2016,10,British Grand Prix,2016-07-10,silverstone,Silverstone Circuit,nasr,NAS,Felipe Nasr,sauber,Sauber,12,21,15,15,0,51,+1 Lap,17,1:38.710,214.847,kph
2016,10,British Grand Prix,2016-07-10,silverstone,Silverstone Circuit,gutierrez,GUT,Esteban Gutiérrez,haas,Haas F1 Team,21,14,16,16,0,51,+1 Lap,14,1:37.713,217.039,kph
2016,10,British Grand Prix,2016-07-10,silverstone,Silverstone Circuit,kevin_magnussen,MAG,Kevin Magnussen,renault,Renault,20,16,17,17,0,49,Gearbox,12,1:37.619,217.248,kph
2016,10,British Grand Prix,2016-07-10,silverstone,Silverstone Circuit,jolyon_palmer,PAL,Jolyon Palmer,renault,Renault,30,18,18,R,0,37,Gearbox,18,1:39.755,212.596,kph
2016,10,British Grand Prix,2016-07-10,silverstone,Silverstone Circuit,haryanto,HAR,Rio Haryanto,manor,Manor Marussia,88,19,19,R,0,24,Spun off,19,1:41.380,209.189,kph
2016,10,British Grand Prix,2016-07-10,silverstone,Silverstone Circuit,grosjean,GRO,Romain Grosjean,haas,Haas F1 Team,8,13,20,R,0,17,Retired,20,1:55.507,183.604,kph
2016,10,British Grand Prix,2016-07-10,silverstone,Silverstone Circuit,ericsson,ERI,Marcus Ericsson,sauber,Sauber,9,22,21,R,0,11,Power Unit,21,2:00.286,176.309,kph
2016,10,British Grand Prix,2016-07-10,silverstone,Silverstone Circuit,wehrlein,WEH,Pascal Wehrlein,manor,Manor Marussia,94,20,22,R,0,6,Spun off,22,2:48.804,125.634,kph
2016,11,Hungarian Grand Prix,2016-07-24,hungaroring,Hungaroring,hamilton,HAM,Lewis Hamilton,mercedes,Mercedes,44,2,1,1,25,70,Finished,3,1:23.849,188.095,kph
2016,11,Hungarian Grand Prix,2016-07-24,hungaroring,Hungaroring,rosberg,ROS,Nico Rosberg,mercedes,Mercedes,6,1,2,2,18,70,Finished,2,1:23.670,188.497,kph
2016,11,Hungarian Grand Prix,2016-07-24,hungaroring,Hungaroring,ricciardo,RIC,Daniel Ricciardo,red_bull,Red Bull,3,3,3,3,15,70,Finished,5,1:24.608,186.407,kph
2016,11,Hungarian Grand Prix,2016-07-24,hungaroring,Hungaroring,vettel,VET,Sebastian Vettel,ferrari,Ferrari,5,5,4,4,12,70,Finished,4,1:24.383,186.904,kph
2016,11,Hungarian Grand Prix,2016-07-24,hungaroring,Hungaroring,max_verstappen,VER,Max Verstappen,red_bull,Red Bull,33,4,5,5,10,70,Finished,7,1:24.687,186.234,kph
2016,11,Hungarian Grand Prix,2016-07-24,hungaroring,Hungaroring,raikkonen,RAI,Kimi Räikkönen,ferrari,Ferrari,7,14,6,6,8,70,Finished,1,1:23.086,189.822,kph
2016,11,Hungarian Grand Prix,2016-07-24,hungaroring,Hungaroring,alonso,ALO,Fernando Alonso,mclaren,McLaren,14,7,7,7,6,69,+1 Lap,8,1:24.958,185.639,kph
2016,11,Hungarian Grand Prix,2016-07-24,hungaroring,Hungaroring,sainz,SAI,Carlos Sainz,toro_rosso,Toro Rosso,55,6,8,8,4,69,+1 Lap,10,1:25.103,185.323,kph
2016,11,Hungarian Grand Prix,2016-07-24,hungaroring,Hungaroring,bottas,BOT,Valtteri Bottas,williams,Williams,77,10,9,9,2,69,+1 Lap,11,1:25.273,184.954,kph
2016,11,Hungarian Grand Prix,2016-07-24,hungaroring,Hungaroring,hulkenberg,HUL,Nico Hülkenberg,force_india,Force India,27,9,10,10,1,69,+1 Lap,13,1:25.392,184.696,kph
2016,11,Hungarian Grand Prix,2016-07-24,hungaroring,Hungaroring,perez,PER,Sergio Pérez,force_india,Force India,11,13,11,11,0,69,+1 Lap,9,1:25.021,185.502,kph
2016,11,Hungarian Grand Prix,2016-07-24,hungaroring,Hungaroring,jolyon_palmer,PAL,Jolyon Palmer,renault,Renault,30,17,12,12,0,69,+1 Lap,16,1:25.743,183.940,kph
2016,11,Hungarian Grand Prix,2016-07-24,hungaroring,Hungaroring,gutierrez,GUT,Esteban Gutiérrez,haas,Haas F1 Team,21,15,13,13,0,69,+1 Lap,17,1:25.955,183.486,kph
2016,11,Hungarian Grand Prix,2016-07-24,hungaroring,Hungaroring,grosjean,GRO,Romain Grosjean,haas,Haas F1 Team,8,11,14,14,0,69,+1 Lap,18,1:25.958,183.480,kph
2016,11,Hungarian Grand Prix,2016-07-24,hungaroring,Hungaroring,kevin_magnussen,MAG,Kevin Magnussen,renault,Renault,20,19,15,15,0,69,+1 Lap,19,1:26.230,182.901,kph
2016,11,Hungarian Grand Prix,2016-07-24,hungaroring,Hungaroring,kvyat,KVY,Daniil Kvyat,toro_rosso,Toro Rosso,26,12,16,16,0,69,+1 Lap,6,1:24.669,186.273,kph
2016,11,Hungarian Grand Prix,2016-07-24,hungaroring,Hungaroring,nasr,NAS,Felipe Nasr,sauber,Sauber,12,16,17,17,0,69,+1 Lap,15,1:25.676,184.084,kph
2016,11,Hungarian Grand Prix,2016-07-24,hungaroring,Hungaroring,massa,MAS,Felipe Massa,williams,Williams,19,18,18,18,0,68,+2 Laps,12,1:25.296,184.904,kph
2016,11,Hungarian Grand Prix,2016-07-24,hungaroring,Hungaroring,wehrlein,WEH,Pascal Wehrlein,manor,Manor Marussia,94,20,19,19,0,68,+2 Laps,20,1:26.524,182.280,kph
2016,11,Hungarian Grand Prix,2016-07-24,hungaroring,Hungaroring,ericsson,ERI,Marcus Ericsson,sauber,Sauber,9,22,20,20,0,68,+2 Laps,14,1:25.475,184.517,kph
2016,11,Hungarian Grand Prix,2016-07-24,hungaroring,Hungaroring,haryanto,HAR,Rio Haryanto,manor,Manor Marussia,88,21,21,21,0,68,+2 Laps,22,1:27.791,179.649,kph
2016,11,Hungarian Grand Prix,2016-07-24,hungaroring,Hungaroring,button,BUT,Jenson Button,mclaren,McLaren,22,8,22,R,0,60,Oil leak,21,1:26.744,181.817,kph
2016,12,German Grand Prix,2016-07-31,hockenheimring,Hockenheimring,hamilton,HAM,Lewis Hamilton,mercedes,Mercedes,44,2,1,1,25,67,Finished,3,1:18.746,209.107,kph
2016,12,German Grand Prix,2016-07-31,hockenheimring,Hockenheimring,ricciardo,RIC,Daniel Ricciardo,red_bull,Red Bull,3,3,2,2,18,67,Finished,1,1:18.442,209.918,kph
2016,12,German Grand Prix,2016-07-31,hockenheimring,Hockenheimring,max_verstappen,VER,Max Verstappen,red_bull,Red Bull,33,4,3,3,15,67,Finished,4,1:18.910,208.673,kph
2016,12,German Grand Prix,2016-07-31,hockenheimring,Hockenheimring,rosberg,ROS,Nico Rosberg,mercedes,Mercedes,6,1,4,4,12,67,Finished,5,1:19.122,208.114,kph
2016,12,German Grand Prix,2016-07-31,hockenheimring,Hockenheimring,vettel,VET,Sebastian Vettel,ferrari,Ferrari,5,6,5,5,10,67,Finished,2,1:18.710,209.203,kph
2016,12,German Grand Prix,2016-07-31,hockenheimring,Hockenheimring,raikkonen,RAI,Kimi Räikkönen,ferrari,Ferrari,7,5,6,6,8,67,Finished,6,1:19.572,206.937,kph
2016,12,German Grand Prix,2016-07-31,hockenheimring,Hockenheimring,hulkenberg,HUL,Nico Hülkenberg,force_india,Force India,27,8,7,7,6,67,Finished,12,1:20.056,205.686,kph
2016,12,German Grand Prix,2016-07-31,hockenheimring,Hockenheimring,button,BUT,Jenson Button,mclaren,McLaren,22,12,8,8,4,66,+1 Lap,9,1:19.781,206.395,kph
2016,12,German Grand Prix,2016-07-31,hockenheimring,Hockenheimring,bottas,BOT,Valtteri Bottas,williams,Williams,77,7,9,9,2,66,+1 Lap,15,1:20.442,204.699,kph
2016,12,German Grand Prix,2016-07-31,hockenheimring,Hockenheimring,perez,PER,Sergio Pérez,force_india,Force India,11,9,10,10,1,66,+1 Lap,8,1:19.606,206.848,kph
2016,12,German Grand Prix,2016-07-31,hockenheimring,Hockenheimring,gutierrez,GUT,Esteban Gutiérrez,haas,Haas F1 Team,21,11,11,11,0,66,+1 Lap,10,1:19.883,206.131,kph
2016,12,German Grand Prix,2016-07-31,hockenheimring,Hockenheimring,alonso,ALO,Fernando Alonso,mclaren,McLaren,14,13,12,12,0,66,+1 Lap,13,1:20.132,205.490,kph
2016,12,German Grand Prix,2016-07-31,hockenheimring,Hockenheimring,grosjean,GRO,Romain Grosjean,haas,Haas F1 Team,8,20,13,13,0,66,+1 Lap,14,1:20.250,205.188,kph
2016,12,German Grand Prix,2016-07-31,hockenheimring,Hockenheimring,sainz,SAI,Carlos Sainz,toro_rosso,Toro Rosso,55,15,14,14,0,66,+1 Lap,11,1:19.957,205.940,kph
2016,12,German Grand Prix,2016-07-31,hockenheimring,Hockenheimring,kvyat,KVY,Daniil Kvyat,toro_rosso,Toro Rosso,26,18,15,15,0,66,+1 Lap,7,1:19.585,206.903,kph
2016,12,German Grand Prix,2016-07-31,hockenheimring,Hockenheimring,kevin_magnussen,MAG,Kevin Magnussen,renault,Renault,20,16,16,16,0,66,+1 Lap,21,1:21.649,201.673,kph
2016,12,German Grand Prix,2016-07-31,hockenheimring,Hockenheimring,wehrlein,WEH,Pascal Wehrlein,manor,Manor Marussia,94,17,17,17,0,65,+2 Laps,16,1:20.710,204.019,kph
2016,12,German Grand Prix,2016-07-31,hockenheimring,Hockenheimring,ericsson,ERI,Marcus Ericsson,sauber,Sauber,9,22,18,18,0,65,+2 Laps,18,1:21.212,202.758,kph
2016,12,German Grand Prix,2016-07-31,hockenheimring,Hockenheimring,jolyon_palmer,PAL,Jolyon Palmer,renault,Renault,30,14,19,19,0,65,+2 Laps,17,1:21.127,202.970,kph
2016,12,German Grand Prix,2016-07-31,hockenheimring,Hockenheimring,haryanto,HAR,Rio Haryanto,manor,Manor Marussia,88,19,20,20,0,65,+2 Laps,22,1:21.845,201.190,kph
2016,12,German Grand Prix,2016-07-31,hockenheimring,Hockenheimring,nasr,NAS,Felipe Nasr,sauber,Sauber,12,21,21,R,0,57,Power Unit,19,1:21.420,202.240,kph
2016,12,German Grand Prix,2016-07-31,hockenheimring,Hockenheimring,massa,MAS,Felipe Massa,williams,Williams,19,10,22,R,0,36,Suspension,20,1:21.476,202.101,kph
2016,13,Belgian Grand Prix,2016-08-28,spa,Circuit de Spa-Francorchamps,rosberg,ROS,Nico Rosberg,mercedes,Mercedes,6,1,1,1,25,44,Finished,2,1:51.746,225.640,kph
2016,13,Belgian Grand Prix,2016-08-28,spa,Circuit de Spa-Francorchamps,ricciardo,RIC,Daniel Ricciardo,red_bull,Red Bull,3,5,2,2,18,44,Finished,4,1:52.461,224.205,kph
2016,13,Belgian Grand Prix,2016-08-28,spa,Circuit de Spa-Francorchamps,hamilton,HAM,Lewis Hamilton,mercedes,Mercedes,44,21,3,3,15,44,Finished,1,1:51.583,225.969,kph
2016,13,Belgian Grand Prix,2016-08-28,spa,Circuit de Spa-Francorchamps,hulkenberg,HUL,Nico Hülkenberg,force_india,Force India,27,7,4,4,12,44,Finished,10,1:53.530,222.094,kph
2016,13,Belgian Grand Prix,2016-08-28,spa,Circuit de Spa-Francorchamps,perez,PER,Sergio Pérez,force_india,Force India,11,6,5,5,10,44,Finished,8,1:53.414,222.321,kph
2016,13,Belgian Grand Prix,2016-08-28,spa,Circuit de Spa-Francorchamps,vettel,VET,Sebastian Vettel,ferrari,Ferrari,5,4,6,6,8,44,Finished,5,1:52.728,223.674,kph
2016,13,Belgian Grand Prix,2016-08-28,spa,Circuit de Spa-Francorchamps,alonso,ALO,Fernando Alonso,mclaren,McLaren,14,22,7,7,6,44,Finished,15,1:54.484,220.243,kph
2016,13,Belgian Grand Prix,2016-08-28,spa,Circuit de Spa-Francorchamps,bottas,BOT,Valtteri Bottas,williams,Williams,77,8,8,8,4,44,Finished,12,1:54.120,220.946,kph
2016,13,Belgian Grand Prix,2016-08-28,spa,Circuit de Spa-Francorchamps,raikkonen,RAI,Kimi Räikkönen,ferrari,Ferrari,7,3,9,9,2,44,Finished,9,1:53.498,222.157,kph
2016,13,Belgian Grand Prix,2016-08-28,spa,Circuit de Spa-Francorchamps,massa,MAS,Felipe Massa,williams,Williams,19,10,10,10,1,44,Finished,14,1:54.342,220.517,kph
2016,13,Belgian Grand Prix,2016-08-28,spa,Circuit de Spa-Francorchamps,max_verstappen,VER,Max Verstappen,red_bull,Red Bull,33,2,11,11,0,44,Finished,7,1:53.281,222.582,kph
2016,13,Belgian Grand Prix,2016-08-28,spa,Circuit de Spa-Francorchamps,gutierrez,GUT,Esteban Gutiérrez,haas,Haas F1 Team,21,18,12,12,0,44,Finished,13,1:54.335,220.530,kph
2016,13,Belgian Grand Prix,2016-08-28,spa,Circuit de Spa-Francorchamps,grosjean,GRO,Romain Grosjean,haas,Haas F1 Team,8,11,13,13,0,44,Finished,11,1:53.803,221.561,kph
2016,13,Belgian Grand Prix,2016-08-28,spa,Circuit de Spa-Francorchamps,kvyat,KVY,Daniil Kvyat,toro_rosso,Toro Rosso,26,19,14,14,0,44,Finished,3,1:52.081,224.965,kph
2016,13,Belgian Grand Prix,2016-08-28,spa,Circuit de Spa-Francorchamps,jolyon_palmer,PAL,Jolyon Palmer,renault,Renault,30,13,15,15,0,44,Finished,6,1:53.251,222.641,kph
2016,13,Belgian Grand Prix,2016-08-28,spa,Circuit de Spa-Francorchamps,ocon,OCO,Esteban Ocon,manor,Manor Marussia,31,17,16,16,0,43,+1 Lap,16,1:55.734,217.865,kph
2016,13,Belgian Grand Prix,2016-08-28,spa,Circuit de Spa-Francorchamps,nasr,NAS,Felipe Nasr,sauber,Sauber,12,16,17,17,0,43,+1 Lap,17,1:56.152,217.081,kph
2016,13,Belgian Grand Prix,2016-08-28,spa,Circuit de Spa-Francorchamps,kevin_magnussen,MAG,Kevin Magnussen,renault,Renault,20,12,18,R,0,5,Accident,18,1:56.588,216.269,kph
2016,13,Belgian Grand Prix,2016-08-28,spa,Circuit de Spa-Francorchamps,ericsson,ERI,Marcus Ericsson,sauber,Sauber,9,20,19,R,0,3,Gearbox,19,2:15.255,186.421,kph
2016,13,Belgian Grand Prix,2016-08-28,spa,Circuit de Spa-Francorchamps,sainz,SAI,Carlos Sainz,toro_rosso,Toro Rosso,55,14,20,R,0,1,Puncture,,,,
2016,13,Belgian Grand Prix,2016-08-28,spa,Circuit de Spa-Francorchamps,button,BUT,Jenson Button,mclaren,McLaren,22,9,21,R,0,1,Collision damage,,,,
2016,13,Belgian Grand Prix,2016-08-28,spa,Circuit de Spa-Francorchamps,wehrlein,WEH,Pascal Wehrlein,manor,Manor Marussia,94,15,22,R,0,0,Collision damage,,,,
2016,14,Italian Grand Prix,2016-09-04,monza,Autodromo Nazionale di Monza,rosberg,ROS,Nico Rosberg,mercedes,Mercedes,6,2,1,1,25,53,Finished,9,1:26.599,240.820,kph
2016,14,Italian Grand Prix,2016-09-04,monza,Autodromo Nazionale di Monza,hamilton,HAM,Lewis Hamilton,mercedes,Mercedes,44,1,2,2,18,53,Finished,4,1:26.303,241.646,kph
2016,14,Italian Grand Prix,2016-09-04,monza,Autodromo Nazionale di Monza,vettel,VET,Sebastian Vettel,ferrari,Ferrari,5,3,3,3,15,53,Finished,5,1:26.310,241.626,kph
2016,14,Italian Grand Prix,2016-09-04,monza,Autodromo Nazionale di Monza,raikkonen,RAI,Kimi Räikkönen,ferrari,Ferrari,7,4,4,4,12,53,Finished,3,1:26.016,242.452,kph
2016,14,Italian Grand Prix,2016-09-04,monza,Autodromo Nazionale di Monza,ricciardo,RIC,Daniel Ricciardo,red_bull,Red Bull,3,6,5,5,10,53,Finished,2,1:25.919,242.726,kph
2016,14,Italian Grand Prix,2016-09-04,monza,Autodromo Nazionale di Monza,bottas,BOT,Valtteri Bottas,williams,Williams,77,5,6,6,8,53,Finished,10,1:26.708,240.517,kph
2016,14,Italian Grand Prix,2016-09-04,monza,Autodromo Nazionale di Monza,max_verstappen,VER,Max Verstappen,red_bull,Red Bull,33,7,7,7,6,53,Finished,8,1:26.405,241.361,kph
2016,14,Italian Grand Prix,2016-09-04,monza,Autodromo Nazionale di Monza,perez,PER,Sergio Pérez,force_india,Force India,11,8,8,8,4,53,Finished,12,1:26.920,239.930,kph
2016,14,Italian Grand Prix,2016-09-04,monza,Autodromo Nazionale di Monza,massa,MAS,Felipe Massa,williams,Williams,19,11,9,9,2,53,Finished,7,1:26.400,241.375,kph
2016,14,Italian Grand Prix,2016-09-04,monza,Autodromo Nazionale di Monza,hulkenberg,HUL,Nico Hülkenberg,force_india,Force India,27,9,10,10,1,53,Finished,13,1:26.954,239.837,kph
2016,14,Italian Grand Prix,2016-09-04,monza,Autodromo Nazionale di Monza,grosjean,GRO,Romain Grosjean,haas,Haas F1 Team,8,17,11,11,0,52,+1 Lap,15,1:27.227,239.086,kph
2016,14,Italian Grand Prix,2016-09-04,monza,Autodromo Nazionale di Monza,button,BUT,Jenson Button,mclaren,McLaren,22,14,12,12,0,52,+1 Lap,6,1:26.354,241.503,kph
2016,14,Italian Grand Prix,2016-09-04,monza,Autodromo Nazionale di Monza,gutierrez,GUT,Esteban Gutiérrez,haas,Haas F1 Team,21,10,13,13,0,52,+1 Lap,14,1:27.106,239.418,kph
2016,14,Italian Grand Prix,2016-09-04,monza,Autodromo Nazionale di Monza,alonso,ALO,Fernando Alonso,mclaren,McLaren,14,12,14,14,0,52,+1 Lap,1,1:25.340,244.373,kph
2016,14,Italian Grand Prix,2016-09-04,monza,Autodromo Nazionale di Monza,sainz,SAI,Carlos Sainz,toro_rosso,Toro Rosso,55,15,15,15,0,52,+1 Lap,11,1:26.751,240.398,kph
2016,14,Italian Grand Prix,2016-09-04,monza,Autodromo Nazionale di Monza,ericsson,ERI,Marcus Ericsson,sauber,Sauber,9,19,16,16,0,52,+1 Lap,19,1:28.552,235.509,kph
2016,14,Italian Grand Prix,2016-09-04,monza,Autodromo Nazionale di Monza,kevin_magnussen,MAG,Kevin Magnussen,renault,Renault,20,21,17,17,0,52,+1 Lap,16,1:27.618,238.019,kph
2016,14,Italian Grand Prix,2016-09-04,monza,Autodromo Nazionale di Monza,ocon,OCO,Esteban Ocon,manor,Manor Marussia,31,22,18,18,0,51,+2 Laps,18,1:28.534,235.556,kph
2016,14,Italian Grand Prix,2016-09-04,monza,Autodromo Nazionale di Monza,kvyat,KVY,Daniil Kvyat,toro_rosso,Toro Rosso,26,16,19,R,0,36,Battery,17,1:28.037,236.886,kph
2016,14,Italian Grand Prix,2016-09-04,monza,Autodromo Nazionale di Monza,wehrlein,WEH,Pascal Wehrlein,manor,Manor Marussia,94,13,20,R,0,26,Oil leak,20,1:28.723,235.055,kph
2016,14,Italian Grand Prix,2016-09-04,monza,Autodromo Nazionale di Monza,jolyon_palmer,PAL,Jolyon Palmer,renault,Renault,30,20,21,R,0,7,Collision damage,21,1:31.361,228.268,kph
2016,14,Italian Grand Prix,2016-09-04,monza,Autodromo Nazionale di Monza,nasr,NAS,Felipe Nasr,sauber,Sauber,12,18,22,R,0,6,Collision damage,,,,
2016,15,Singapore Grand Prix,2016-09-18,marina_bay,Marina Bay Street Circuit,rosberg,ROS,Nico Rosberg,mercedes,Mercedes,6,1,1,1,25,61,Finished,6,1:50.296,165.318,kph
2016,15,Singapore Grand Prix,2016-09-18,marina_bay,Marina Bay Street Circuit,ricciardo,RIC,Daniel Ricciardo,red_bull,Red Bull,3,2,2,2,18,61,Finished,1,1:47.187,170.113,kph
2016,15,Singapore Grand Prix,2016-09-18,marina_bay,Marina Bay Street Circuit,hamilton,HAM,Lewis Hamilton,mercedes,Mercedes,44,3,3,3,15,61,Finished,3,1:47.752,169.221,kph
2016,15,Singapore Grand Prix,2016-09-18,marina_bay,Marina Bay Street Circuit,raikkonen,RAI,Kimi Räikkönen,ferrari,Ferrari,7,5,4,4,12,61,Finished,4,1:48.204,168.515,kph
2016,15,Singapore Grand Prix,2016-09-18,marina_bay,Marina Bay Street Circuit,vettel,VET,Sebastian Vettel,ferrari,Ferrari,5,22,5,5,10,61,Finished,2,1:47.345,169.863,kph
2016,15,Singapore Grand Prix,2016-09-18,marina_bay,Marina Bay Street Circuit,max_verstappen,VER,Max Verstappen,red_bull,Red Bull,33,4,6,6,8,61,Finished,5,1:49.050,167.207,kph
2016,15,Singapore Grand Prix,2016-09-18,marina_bay,Marina Bay Street Circuit,alonso,ALO,Fernando Alonso,mclaren,McLaren,14,9,7,7,6,61,Finished,12,1:51.249,163.902,kph
2016,15,Singapore Grand Prix,2016-09-18,marina_bay,Marina Bay Street Circuit,perez,PER,Sergio Pérez,force_india,Force India,11,17,8,8,4,61,Finished,15,1:51.517,163.508,kph
2016,15,Singapore Grand Prix,2016-09-18,marina_bay,Marina Bay Street Circuit,kvyat,KVY,Daniil Kvyat,toro_rosso,Toro Rosso,26,7,9,9,2,61,Finished,9,1:50.944,164.353,kph
2016,15,Singapore Grand Prix,2016-09-18,marina_bay,Marina Bay Street Circuit,kevin_magnussen,MAG,Kevin Magnussen,renault,Renault,20,15,10,10,1,61,Finished,8,1:50.858,164.480,kph
2016,15,Singapore Grand Prix,2016-09-18,marina_bay,Marina Bay Street Circuit,gutierrez,GUT,Esteban Gutiérrez,haas,Haas F1 Team,21,13,11,11,0,60,+1 Lap,11,1:51.075,164.159,kph
2016,15,Singapore Grand Prix,2016-09-18,marina_bay,Marina Bay Street Circuit,massa,MAS,Felipe Massa,williams,Williams,19,11,12,12,0,60,+1 Lap,14,1:51.455,163.599,kph
2016,15,Singapore Grand Prix,2016-09-18,marina_bay,Marina Bay Street Circuit,nasr,NAS,Felipe Nasr,sauber,Sauber,12,16,13,13,0,60,+1 Lap,17,1:51.683,163.265,kph
2016,15,Singapore Grand Prix,2016-09-18,marina_bay,Marina Bay Street Circuit,sainz,SAI,Carlos Sainz,toro_rosso,Toro Rosso,55,6,14,14,0,60,+1 Lap,7,1:50.532,164.965,kph
2016,15,Singapore Grand Prix,2016-09-18,marina_bay,Marina Bay Street Circuit,jolyon_palmer,PAL,Jolyon Palmer,renault,Renault,30,18,15,15,0,60,+1 Lap,19,1:51.777,163.128,kph
2016,15,Singapore Grand Prix,2016-09-18,marina_bay,Marina Bay Street Circuit,wehrlein,WEH,Pascal Wehrlein,manor,Manor Marussia,94,19,16,16,0,60,+1 Lap,20,1:52.021,162.773,kph
2016,15,Singapore Grand Prix,2016-09-18,marina_bay,Marina Bay Street Circuit,ericsson,ERI,Marcus Ericsson,sauber,Sauber,9,14,17,17,0,60,+1 Lap,10,1:50.963,164.325,kph
2016,15,Singapore Grand Prix,2016-09-18,marina_bay,Marina Bay Street Circuit,ocon,OCO,Esteban Ocon,manor,Manor Marussia,31,21,18,18,0,59,+2 Laps,18,1:51.748,163.170,kph
2016,15,Singapore Grand Prix,2016-09-18,marina_bay,Marina Bay Street Circuit,button,BUT,Jenson Button,mclaren,McLaren,22,12,19,R,0,43,Brakes,16,1:51.631,163.341,kph
2016,15,Singapore Grand Prix,2016-09-18,marina_bay,Marina Bay Street Circuit,bottas,BOT,Valtteri Bottas,williams,Williams,77,10,20,R,0,35,Overheating,13,1:51.368,163.727,kph
2016,15,Singapore Grand Prix,2016-09-18,marina_bay,Marina Bay Street Circuit,hulkenberg,HUL,Nico Hülkenberg,force_india,Force India,27,8,21,R,0,0,Collision,,,,
2016,15,Singapore Grand Prix,2016-09-18,marina_bay,Marina Bay Street Circuit,grosjean,GRO,Romain Grosjean,haas,Haas F1 Team,8,20,22,W,0,0,Withdrew,,,,
2016,16,Malaysian Grand Prix,2016-10-02,sepang,Sepang International Circuit,ricciardo,RIC,Daniel Ricciardo,red_bull,Red Bull,3,4,1,1,25,56,Finished,3,1:37.449,204.771,kph
2016,16,Malaysian Grand Prix,2016-10-02,sepang,Sepang International Circuit,max_verstappen,VER,Max Verstappen,red_bull,Red Bull,33,3,2,2,18,56,Finished,2,1:37.376,204.925,kph
2016,16,Malaysian Grand Prix,2016-10-02,sepang,Sepang International Circuit,rosberg,ROS,Nico Rosberg,mercedes,Mercedes,6,2,3,3,15,56,Finished,1,1:36.424,206.948,kph
2016,16,Malaysian Grand Prix,2016-10-02,sepang,Sepang International Circuit,raikkonen,RAI,Kimi Räikkönen,ferrari,Ferrari,7,6,4,4,12,56,Finished,4,1:37.466,204.736,kph
2016,16,Malaysian Grand Prix,2016-10-02,sepang,Sepang International Circuit,bottas,BOT,Valtteri Bottas,williams,Williams,77,11,5,5,10,56,Finished,9,1:39.199,201.159,kph
2016,16,Malaysian Grand Prix,2016-10-02,sepang,Sepang International Circuit,perez,PER,Sergio Pérez,force_india,Force India,11,7,6,6,8,56,Finished,11,1:39.328,200.898,kph
2016,16,Malaysian Grand Prix,2016-10-02,sepang,Sepang International Circuit,alonso,ALO,Fernando Alonso,mclaren,McLaren,14,22,7,7,6,56,Finished,6,1:38.291,203.017,kph
2016,16,Malaysian Grand Prix,2016-10-02,sepang,Sepang International Circuit,hulkenberg,HUL,Nico Hülkenberg,force_india,Force India,27,8,8,8,4,56,Finished,5,1:37.793,204.051,kph
2016,16,Malaysian Grand Prix,2016-10-02,sepang,Sepang International Circuit,button,BUT,Jenson Button,mclaren,McLaren,22,9,9,9,2,56,Finished,8,1:38.740,202.094,kph
2016,16,Malaysian Grand Prix,2016-10-02,sepang,Sepang International Circuit,jolyon_palmer,PAL,Jolyon Palmer,renault,Renault,30,19,10,10,1,56,Finished,12,1:39.350,200.853,kph
2016,16,Malaysian Grand Prix,2016-10-02,sepang,Sepang International Circuit,sainz,SAI,Carlos Sainz,toro_rosso,Toro Rosso,55,16,11,11,0,56,Finished,10,1:39.243,201.070,kph
2016,16,Malaysian Grand Prix,2016-10-02,sepang,Sepang International Circuit,ericsson,ERI,Marcus Ericsson,sauber,Sauber,9,17,12,12,0,55,+1 Lap,14,1:39.781,199.985,kph
2016,16,Malaysian Grand Prix,2016-10-02,sepang,Sepang International Circuit,massa,MAS,Felipe Massa,williams,Williams,19,10,13,13,0,55,+1 Lap,16,1:39.920,199.707,kph
2016,16,Malaysian Grand Prix,2016-10-02,sepang,Sepang International Circuit,kvyat,KVY,Daniil Kvyat,toro_rosso,Toro Rosso,26,15,14,14,0,55,+1 Lap,15,1:39.798,199.951,kph
2016,16,Malaysian Grand Prix,2016-10-02,sepang,Sepang International Circuit,wehrlein,WEH,Pascal Wehrlein,manor,Manor Marussia,94,21,15,15,0,55,+1 Lap,13,1:39.653,200.242,kph
2016,16,Malaysian Grand Prix,2016-10-02,sepang,Sepang International Circuit,ocon,OCO,Esteban Ocon,manor,Manor Marussia,31,20,16,16,0,55,+1 Lap,18,1:41.467,196.662,kph
2016,16,Malaysian Grand Prix,2016-10-02,sepang,Sepang International Circuit,nasr,NAS,Felipe Nasr,sauber,Sauber,12,18,17,R,0,46,Brakes,17,1:40.490,198.574,kph
2016,16,Malaysian Grand Prix,2016-10-02,sepang,Sepang International Circuit,hamilton,HAM,Lewis Hamilton,mercedes,Mercedes,44,1,18,R,0,40,Engine,7,1:38.595,202.391,kph
2016,16,Malaysian Grand Prix,2016-10-02,sepang,Sepang International Circuit,gutierrez,GUT,Esteban Gutiérrez,haas,Haas F1 Team,21,13,19,R,0,39,Wheel nut,19,1:41.775,196.067,kph
2016,16,Malaysian Grand Prix,2016-10-02,sepang,Sepang International Circuit,kevin_magnussen,MAG,Kevin Magnussen,renault,Renault,20,14,20,R,0,17,Power loss,21,1:43.379,193.025,kph
2016,16,Malaysian Grand Prix,2016-10-02,sepang,Sepang International Circuit,grosjean,GRO,Romain Grosjean,haas,Haas F1 Team,8,12,21,R,0,7,Brakes,20,1:42.142,195.363,kph
2016,16,Malaysian Grand Prix,2016-10-02,sepang,Sepang International Circuit,vettel,VET,Sebastian Vettel,ferrari,Ferrari,5,5,22,R,0,0,Collision,,,,
2016,17,Japanese Grand Prix,2016-10-09,suzuka,Suzuka Circuit,rosberg,ROS,Nico Rosberg,mercedes,Mercedes,6,1,1,1,25,53,Finished,5,1:36.049,217.651,kph
2016,17,Japanese Grand Prix,2016-10-09,suzuka,Suzuka Circuit,max_verstappen,VER,Max Verstappen,red_bull,Red Bull,33,3,2,2,18,53,Finished,6,1:36.386,216.890,kph
2016,17,Japanese Grand Prix,2016-10-09,suzuka,Suzuka Circuit,hamilton,HAM,Lewis Hamilton,mercedes,Mercedes,44,2,3,3,15,53,Finished,2,1:35.152,219.703,kph
2016,17,Japanese Grand Prix,2016-10-09,suzuka,Suzuka Circuit,vettel,VET,Sebastian Vettel,ferrari,Ferrari,5,6,4,4,12,53,Finished,1,1:35.118,219.781,kph
2016,17,Japanese Grand Prix,2016-10-09,suzuka,Suzuka Circuit,raikkonen,RAI,Kimi Räikkönen,ferrari,Ferrari,7,8,5,5,10,53,Finished,4,1:35.990,217.785,kph
2016,17,Japanese Grand Prix,2016-10-09,suzuka,Suzuka Circuit,ricciardo,RIC,Daniel Ricciardo,red_bull,Red Bull,3,4,6,6,8,53,Finished,3,1:35.511,218.877,kph
2016,17,Japanese Grand Prix,2016-10-09,suzuka,Suzuka Circuit,perez,PER,Sergio Pérez,force_india,Force India,11,5,7,7,6,53,Finished,7,1:36.756,216.061,kph
2016,17,Japanese Grand Prix,2016-10-09,suzuka,Suzuka Circuit,hulkenberg,HUL,Nico Hülkenberg,force_india,Force India,27,9,8,8,4,53,Finished,10,1:37.351,214.740,kph
2016,17,Japanese Grand Prix,2016-10-09,suzuka,Suzuka Circuit,massa,MAS,Felipe Massa,williams,Williams,19,12,9,9,2,53,Finished,14,1:37.785,213.787,kph
2016,17,Japanese Grand Prix,2016-10-09,suzuka,Suzuka Circuit,bottas,BOT,Valtteri Bottas,williams,Williams,77,11,10,10,1,53,Finished,15,1:37.844,213.658,kph
2016,17,Japanese Grand Prix,2016-10-09,suzuka,Suzuka Circuit,grosjean,GRO,Romain Grosjean,haas,Haas F1 Team,8,7,11,11,0,53,Finished,8,1:37.020,215.473,kph
2016,17,Japanese Grand Prix,2016-10-09,suzuka,Suzuka Circuit,jolyon_palmer,PAL,Jolyon Palmer,renault,Renault,30,16,12,12,0,52,+1 Lap,16,1:37.978,213.366,kph
2016,17,Japanese Grand Prix,2016-10-09,suzuka,Suzuka Circuit,kvyat,KVY,Daniil Kvyat,toro_rosso,Toro Rosso,26,13,13,13,0,52,+1 Lap,11,1:37.597,214.199,kph
2016,17,Japanese Grand Prix,2016-10-09,suzuka,Suzuka Circuit,kevin_magnussen,MAG,Kevin Magnussen,renault,Renault,20,17,14,14,0,52,+1 Lap,18,1:38.036,213.240,kph
2016,17,Japanese Grand Prix,2016-10-09,suzuka,Suzuka Circuit,ericsson,ERI,Marcus Ericsson,sauber,Sauber,9,18,15,15,0,52,+1 Lap,21,1:38.496,212.244,kph
2016,17,Japanese Grand Prix,2016-10-09,suzuka,Suzuka Circuit,alonso,ALO,Fernando Alonso,mclaren,McLaren,14,15,16,16,0,52,+1 Lap,19,1:38.208,212.866,kph
2016,17,Japanese Grand Prix,2016-10-09,suzuka,Suzuka Circuit,sainz,SAI,Carlos Sainz,toro_rosso,Toro Rosso,55,14,17,17,0,52,+1 Lap,12,1:37.723,213.923,kph
2016,17,Japanese Grand Prix,2016-10-09,suzuka,Suzuka Circuit,button,BUT,Jenson Button,mclaren,McLaren,22,22,18,18,0,52,+1 Lap,9,1:37.177,215.124,kph
2016,17,Japanese Grand Prix,2016-10-09,suzuka,Suzuka Circuit,nasr,NAS,Felipe Nasr,sauber,Sauber,12,19,19,19,0,52,+1 Lap,22,1:38.544,212.140,kph
2016,17,Japanese Grand Prix,2016-10-09,suzuka,Suzuka Circuit,gutierrez,GUT,Esteban Gutiérrez,haas,Haas F1 Team,21,10,20,20,0,52,+1 Lap,13,1:37.775,213.809,kph
2016,17,Japanese Grand Prix,2016-10-09,suzuka,Suzuka Circuit,ocon,OCO,Esteban Ocon,manor,Manor Marussia,31,20,21,21,0,52,+1 Lap,20,1:38.380,212.494,kph
2016,17,Japanese Grand Prix,2016-10-09,suzuka,Suzuka Circuit,wehrlein,WEH,Pascal Wehrlein,manor,Manor Marussia,94,21,22,22,0,52,+1 Lap,17,1:38.000,213.318,kph
2016,18,United States Grand Prix,2016-10-23,americas,Circuit of the Americas,hamilton,HAM,Lewis Hamilton,mercedes,Mercedes,44,1,1,1,25,56,Finished,4,1:42.386,193.842,kph
2016,18,United States Grand Prix,2016-10-23,americas,Circuit of the Americas,rosberg,ROS,Nico Rosberg,mercedes,Mercedes,6,2,2,2,18,56,Finished,3,1:41.897,194.773,kph
2016,18,United States Grand Prix,2016-10-23,americas,Circuit of the Americas,ricciardo,RIC,Daniel Ricciardo,red_bull,Red Bull,3,3,3,3,15,56,Finished,7,1:42.555,193.523,kph
2016,18,United States Grand Prix,2016-10-23,americas,Circuit of the Americas,vettel,VET,Sebastian Vettel,ferrari,Ferrari,5,6,4,4,12,56,Finished,1,1:39.877,198.712,kph
2016,18,United States Grand Prix,2016-10-23,americas,Circuit of the Americas,alonso,ALO,Fernando Alonso,mclaren,McLaren,14,12,5,5,10,56,Finished,10,1:43.502,191.752,kph
2016,18,United States Grand Prix,2016-10-23,americas,Circuit of the Americas,sainz,SAI,Carlos Sainz,toro_rosso,Toro Rosso,55,10,6,6,8,56,Finished,8,1:42.832,193.002,kph
2016,18,United States Grand Prix,2016-10-23,americas,Circuit of the Americas,massa,MAS,Felipe Massa,williams,Williams,19,9,7,7,6,55,+1 Lap,9,1:43.414,191.915,kph
2016,18,United States Grand Prix,2016-10-23,americas,Circuit of the Americas,perez,PER,Sergio Pérez,force_india,Force India,11,11,8,8,4,55,+1 Lap,12,1:43.925,190.972,kph
2016,18,United States Grand Prix,2016-10-23,americas,Circuit of the Americas,button,BUT,Jenson Button,mclaren,McLaren,22,19,9,9,2,55,+1 Lap,15,1:44.468,189.979,kph
2016,18,United States Grand Prix,2016-10-23,americas,Circuit of the Americas,grosjean,GRO,Romain Grosjean,haas,Haas F1 Team,8,17,10,10,1,55,+1 Lap,14,1:44.335,190.221,kph
2016,18,United States Grand Prix,2016-10-23,americas,Circuit of the Americas,kvyat,KVY,Daniil Kvyat,toro_rosso,Toro Rosso,26,13,11,11,0,55,+1 Lap,6,1:42.475,193.674,kph
2016,18,United States Grand Prix,2016-10-23,americas,Circuit of the Americas,kevin_magnussen,MAG,Kevin Magnussen,renault,Renault,20,18,12,12,0,55,+1 Lap,17,1:44.730,189.504,kph
2016,18,United States Grand Prix,2016-10-23,americas,Circuit of the Americas,jolyon_palmer,PAL,Jolyon Palmer,renault,Renault,30,15,13,13,0,55,+1 Lap,16,1:44.724,189.515,kph
2016,18,United States Grand Prix,2016-10-23,americas,Circuit of the Americas,ericsson,ERI,Marcus Ericsson,sauber,Sauber,9,16,14,14,0,55,+1 Lap,19,1:45.140,188.765,kph
2016,18,United States Grand Prix,2016-10-23,americas,Circuit of the Americas,nasr,NAS,Felipe Nasr,sauber,Sauber,12,21,15,15,0,55,+1 Lap,13,1:44.117,190.620,kph
2016,18,United States Grand Prix,2016-10-23,americas,Circuit of the Americas,bottas,BOT,Valtteri Bottas,williams,Williams,77,8,16,16,0,55,+1 Lap,18,1:44.977,189.058,kph
2016,18,United States Grand Prix,2016-10-23,americas,Circuit of the Americas,wehrlein,WEH,Pascal Wehrlein,manor,Manor Marussia,94,20,17,17,0,55,+1 Lap,21,1:45.451,188.208,kph
2016,18,United States Grand Prix,2016-10-23,americas,Circuit of the Americas,ocon,OCO,Esteban Ocon,manor,Manor Marussia,31,22,18,18,0,54,+2 Laps,11,1:43.585,191.599,kph
2016,18,United States Grand Prix,2016-10-23,americas,Circuit of the Americas,raikkonen,RAI,Kimi Räikkönen,ferrari,Ferrari,7,5,19,R,0,38,Wheel,2,1:41.841,194.880,kph
2016,18,United States Grand Prix,2016-10-23,americas,Circuit of the Americas,max_verstappen,VER,Max Verstappen,red_bull,Red Bull,33,4,20,R,0,28,Gearbox,5,1:42.424,193.770,kph
2016,18,United States Grand Prix,2016-10-23,americas,Circuit of the Americas,gutierrez,GUT,Esteban Gutiérrez,haas,Haas F1 Team,21,14,21,R,0,16,Brakes,20,1:45.364,188.364,kph
2016,18,United States Grand Prix,2016-10-23,americas,Circuit of the Americas,hulkenberg,HUL,Nico Hülkenberg,force_india,Force India,27,7,22,R,0,1,Collision,,,,
2016,19,Mexican Grand Prix,2016-10-30,rodriguez,Autódromo Hermanos Rodríguez,hamilton,HAM,Lewis Hamilton,mercedes,Mercedes,44,1,1,1,25,71,Finished,4,1:22.596,187.592,kph
2016,19,Mexican Grand Prix,2016-10-30,rodriguez,Autódromo Hermanos Rodríguez,rosberg,ROS,Nico Rosberg,mercedes,Mercedes,6,2,2,2,18,71,Finished,5,1:22.792,187.148,kph
2016,19,Mexican Grand Prix,2016-10-30,rodriguez,Autódromo Hermanos Rodríguez,ricciardo,RIC,Daniel Ricciardo,red_bull,Red Bull,3,4,3,3,15,71,Finished,1,1:21.134,190.972,kph
2016,19,Mexican Grand Prix,2016-10-30,rodriguez,Autódromo Hermanos Rodríguez,max_verstappen,VER,Max Verstappen,red_bull,Red Bull,33,3,4,4,12,71,Finished,6,1:22.887,186.934,kph
2016,19,Mexican Grand Prix,2016-10-30,rodriguez,Autódromo Hermanos Rodríguez,vettel,VET,Sebastian Vettel,ferrari,Ferrari,5,7,5,5,10,71,Finished,2,1:22.497,187.817,kph
2016,19,Mexican Grand Prix,2016-10-30,rodriguez,Autódromo Hermanos Rodríguez,raikkonen,RAI,Kimi Räikkönen,ferrari,Ferrari,7,6,6,6,8,71,Finished,3,1:22.512,187.783,kph
2016,19,Mexican Grand Prix,2016-10-30,rodriguez,Autódromo Hermanos Rodríguez,hulkenberg,HUL,Nico Hülkenberg,force_india,Force India,27,5,7,7,6,71,Finished,9,1:23.288,186.034,kph
2016,19,Mexican Grand Prix,2016-10-30,rodriguez,Autódromo Hermanos Rodríguez,bottas,BOT,Valtteri Bottas,williams,Williams,77,8,8,8,4,71,Finished,11,1:23.540,185.472,kph
2016,19,Mexican Grand Prix,2016-10-30,rodriguez,Autódromo Hermanos Rodríguez,massa,MAS,Felipe Massa,williams,Williams,19,9,9,9,2,71,Finished,12,1:23.576,185.392,kph
2016,19,Mexican Grand Prix,2016-10-30,rodriguez,Autódromo Hermanos Rodríguez,perez,PER,Sergio Pérez,force_india,Force India,11,12,10,10,1,71,Finished,13,1:23.607,185.324,kph
2016,19,Mexican Grand Prix,2016-10-30,rodriguez,Autódromo Hermanos Rodríguez,ericsson,ERI,Marcus Ericsson,sauber,Sauber,9,15,11,11,0,70,+1 Lap,18,1:24.340,183.713,kph
2016,19,Mexican Grand Prix,2016-10-30,rodriguez,Autódromo Hermanos Rodríguez,button,BUT,Jenson Button,mclaren,McLaren,22,13,12,12,0,70,+1 Lap,17,1:23.777,184.948,kph
2016,19,Mexican Grand Prix,2016-10-30,rodriguez,Autódromo Hermanos Rodríguez,alonso,ALO,Fernando Alonso,mclaren,McLaren,14,11,13,13,0,70,+1 Lap,16,1:23.668,185.189,kph
2016,19,Mexican Grand Prix,2016-10-30,rodriguez,Autódromo Hermanos Rodríguez,jolyon_palmer,PAL,Jolyon Palmer,renault,Renault,30,21,14,14,0,70,+1 Lap,20,1:24.574,183.205,kph
2016,19,Mexican Grand Prix,2016-10-30,rodriguez,Autódromo Hermanos Rodríguez,nasr,NAS,Felipe Nasr,sauber,Sauber,12,19,15,15,0,70,+1 Lap,15,1:23.657,185.213,kph
2016,19,Mexican Grand Prix,2016-10-30,rodriguez,Autódromo Hermanos Rodríguez,sainz,SAI,Carlos Sainz,toro_rosso,Toro Rosso,55,10,16,16,0,70,+1 Lap,19,1:24.467,183.437,kph
2016,19,Mexican Grand Prix,2016-10-30,rodriguez,Autódromo Hermanos Rodríguez,kevin_magnussen,MAG,Kevin Magnussen,renault,Renault,20,14,17,17,0,70,+1 Lap,7,1:23.146,186.351,kph
2016,19,Mexican Grand Prix,2016-10-30,rodriguez,Autódromo Hermanos Rodríguez,kvyat,KVY,Daniil Kvyat,toro_rosso,Toro Rosso,26,18,18,18,0,70,+1 Lap,14,1:23.618,185.299,kph
2016,19,Mexican Grand Prix,2016-10-30,rodriguez,Autódromo Hermanos Rodríguez,gutierrez,GUT,Esteban Gutiérrez,haas,Haas F1 Team,21,17,19,19,0,70,+1 Lap,10,1:23.456,185.659,kph
2016,19,Mexican Grand Prix,2016-10-30,rodriguez,Autódromo Hermanos Rodríguez,grosjean,GRO,Romain Grosjean,haas,Haas F1 Team,8,22,20,20,0,70,+1 Lap,8,1:23.278,186.056,kph
2016,19,Mexican Grand Prix,2016-10-30,rodriguez,Autódromo Hermanos Rodríguez,ocon,OCO,Esteban Ocon,manor,Manor Marussia,31,20,21,21,0,69,+2 Laps,21,1:24.964,182.364,kph
2016,19,Mexican Grand Prix,2016-10-30,rodriguez,Autódromo Hermanos Rodríguez,wehrlein,WEH,Pascal Wehrlein,manor,Manor Marussia,94,16,22,R,0,0,Collision,,,,
2016,20,Brazilian Grand Prix,2016-11-13,interlagos,Autódromo José Carlos Pace,hamilton,HAM,Lewis Hamilton,mercedes,Mercedes,44,1,1,1,25,71,Finished,3,1:25.639,181.137,kph
2016,20,Brazilian Grand Prix,2016-11-13,interlagos,Autódromo José Carlos Pace,rosberg,ROS,Nico Rosberg,mercedes,Mercedes,6,2,2,2,18,71,Finished,6,1:26.222,179.912,kph
2016,20,Brazilian Grand Prix,2016-11-13,interlagos,Autódromo José Carlos Pace,max_verstappen,VER,Max Verstappen,red_bull,Red Bull,33,4,3,3,15,71,Finished,1,1:25.305,181.846,kph
2016,20,Brazilian Grand Prix,2016-11-13,interlagos,Autódromo José Carlos Pace,perez,PER,Sergio Pérez,force_india,Force India,11,9,4,4,12,71,Finished,11,1:27.093,178.113,kph
2016,20,Brazilian Grand Prix,2016-11-13,interlagos,Autódromo José Carlos Pace,vettel,VET,Sebastian Vettel,ferrari,Ferrari,5,5,5,5,10,71,Finished,5,1:26.195,179.968,kph
2016,20,Brazilian Grand Prix,2016-11-13,interlagos,Autódromo José Carlos Pace,sainz,SAI,Carlos Sainz,toro_rosso,Toro Rosso,55,15,6,6,8,71,Finished,13,1:27.153,177.990,kph
2016,20,Brazilian Grand Prix,2016-11-13,interlagos,Autódromo José Carlos Pace,hulkenberg,HUL,Nico Hülkenberg,force_india,Force India,27,8,7,7,6,71,Finished,8,1:26.728,178.862,kph
2016,20,Brazilian Grand Prix,2016-11-13,interlagos,Autódromo José Carlos Pace,ricciardo,RIC,Daniel Ricciardo,red_bull,Red Bull,3,6,8,8,4,71,Finished,2,1:25.532,181.363,kph
2016,20,Brazilian Grand Prix,2016-11-13,interlagos,Autódromo José Carlos Pace,nasr,NAS,Felipe Nasr,sauber,Sauber,12,21,9,9,2,71,Finished,15,1:27.547,177.189,kph
2016,20,Brazilian Grand Prix,2016-11-13,interlagos,Autódromo José Carlos Pace,alonso,ALO,Fernando Alonso,mclaren,McLaren,14,10,10,10,1,71,Finished,12,1:27.104,178.090,kph
2016,20,Brazilian Grand Prix,2016-11-13,interlagos,Autódromo José Carlos Pace,bottas,BOT,Valtteri Bottas,williams,Williams,77,11,11,11,0,71,Finished,4,1:26.062,180.246,kph
2016,20,Brazilian Grand Prix,2016-11-13,interlagos,Autódromo José Carlos Pace,ocon,OCO,Esteban Ocon,manor,Manor Marussia,31,22,12,12,0,71,Finished,16,1:27.796,176.686,kph
2016,20,Brazilian Grand Prix,2016-11-13,interlagos,Autódromo José Carlos Pace,kvyat,KVY,Daniil Kvyat,toro_rosso,Toro Rosso,26,14,13,13,0,71,Finished,14,1:27.476,177.333,kph
2016,20,Brazilian Grand Prix,2016-11-13,interlagos,Autódromo José Carlos Pace,kevin_magnussen,MAG,Kevin Magnussen,renault,Renault,20,18,14,14,0,71,Finished,7,1:26.524,179.284,kph
2016,20,Brazilian Grand Prix,2016-11-13,interlagos,Autódromo José Carlos Pace,wehrlein,WEH,Pascal Wehrlein,manor,Manor Marussia,94,19,15,15,0,71,Finished,18,1:27.919,176.439,kph
2016,20,Brazilian Grand Prix,2016-11-13,interlagos,Autódromo José Carlos Pace,button,BUT,Jenson Button,mclaren,McLaren,22,17,16,16,0,71,Finished,10,1:26.983,178.338,kph
2016,20,Brazilian Grand Prix,2016-11-13,interlagos,Autódromo José Carlos Pace,gutierrez,GUT,Esteban Gutiérrez,haas,Haas F1 Team,21,12,17,R,0,60,Retired,17,1:27.805,176.668,kph
2016,20,Brazilian Grand Prix,2016-11-13,interlagos,Autódromo José Carlos Pace,massa,MAS,Felipe Massa,williams,Williams,19,13,18,R,0,46,Collision,9,1:26.767,178.782,kph
2016,20,Brazilian Grand Prix,2016-11-13,interlagos,Autódromo José Carlos Pace,jolyon_palmer,PAL,Jolyon Palmer,renault,Renault,30,16,19,R,0,20,Collision damage,21,1:34.334,164.441,kph
2016,20,Brazilian Grand Prix,2016-11-13,interlagos,Autódromo José Carlos Pace,raikkonen,RAI,Kimi Räikkönen,ferrari,Ferrari,7,3,20,R,0,19,Collision,19,1:28.847,174.596,kph
2016,20,Brazilian Grand Prix,2016-11-13,interlagos,Autódromo José Carlos Pace,ericsson,ERI,Marcus Ericsson,sauber,Sauber,9,20,21,R,0,11,Collision,20,1:31.265,169.970,kph
2016,20,Brazilian Grand Prix,2016-11-13,interlagos,Autódromo José Carlos Pace,grosjean,GRO,Romain Grosjean,haas,Haas F1 Team,8,7,22,W,0,0,Withdrew,,,,
2016,21,Abu Dhabi Grand Prix,2016-11-27,yas_marina,Yas Marina Circuit,hamilton,HAM,Lewis Hamilton,mercedes,Mercedes,44,1,1,1,25,55,Finished,5,1:45.137,190.174,kph
2016,21,Abu Dhabi Grand Prix,2016-11-27,yas_marina,Yas Marina Circuit,rosberg,ROS,Nico Rosberg,mercedes,Mercedes,6,2,2,2,18,55,Finished,9,1:45.261,189.950,kph
2016,21,Abu Dhabi Grand Prix,2016-11-27,yas_marina,Yas Marina Circuit,vettel,VET,Sebastian Vettel,ferrari,Ferrari,5,5,3,3,15,55,Finished,1,1:43.729,192.756,kph
2016,21,Abu Dhabi Grand Prix,2016-11-27,yas_marina,Yas Marina Circuit,max_verstappen,VER,Max Verstappen,red_bull,Red Bull,33,6,4,4,12,55,Finished,7,1:45.187,190.084,kph
2016,21,Abu Dhabi Grand Prix,2016-11-27,yas_marina,Yas Marina Circuit,ricciardo,RIC,Daniel Ricciardo,red_bull,Red Bull,3,3,5,5,10,55,Finished,3,1:44.889,190.624,kph
2016,21,Abu Dhabi Grand Prix,2016-11-27,yas_marina,Yas Marina Circuit,raikkonen,RAI,Kimi Räikkönen,ferrari,Ferrari,7,4,6,6,8,55,Finished,6,1:45.163,190.127,kph
2016,21,Abu Dhabi Grand Prix,2016-11-27,yas_marina,Yas Marina Circuit,hulkenberg,HUL,Nico Hülkenberg,force_india,Force India,27,7,7,7,6,55,Finished,13,1:45.949,188.717,kph
2016,21,Abu Dhabi Grand Prix,2016-11-27,yas_marina,Yas Marina Circuit,perez,PER,Sergio Pérez,force_india,Force India,11,8,8,8,4,55,Finished,8,1:45.249,189.972,kph
2016,21,Abu Dhabi Grand Prix,2016-11-27,yas_marina,Yas Marina Circuit,massa,MAS,Felipe Massa,williams,Williams,19,10,9,9,2,55,Finished,10,1:45.675,189.206,kph
2016,21,Abu Dhabi Grand Prix,2016-11-27,yas_marina,Yas Marina Circuit,alonso,ALO,Fernando Alonso,mclaren,McLaren,14,9,10,10,1,55,Finished,2,1:44.495,191.343,kph
2016,21,Abu Dhabi Grand Prix,2016-11-27,yas_marina,Yas Marina Circuit,grosjean,GRO,Romain Grosjean,haas,Haas F1 Team,8,14,11,11,0,55,Finished,4,1:44.970,190.477,kph
2016,21,Abu Dhabi Grand Prix,2016-11-27,yas_marina,Yas Marina Circuit,gutierrez,GUT,Esteban Gutiérrez,haas,Haas F1 Team,21,13,12,12,0,55,Finished,12,1:45.928,188.754,kph
2016,21,Abu Dhabi Grand Prix,2016-11-27,yas_marina,Yas Marina Circuit,ocon,OCO,Esteban Ocon,manor,Manor Marussia,31,20,13,13,0,54,+1 Lap,15,1:46.189,188.290,kph
2016,21,Abu Dhabi Grand Prix,2016-11-27,yas_marina,Yas Marina Circuit,wehrlein,WEH,Pascal Wehrlein,manor,Manor Marussia,94,16,14,14,0,54,+1 Lap,14,1:46.145,188.368,kph
2016,21,Abu Dhabi Grand Prix,2016-11-27,yas_marina,Yas Marina Circuit,ericsson,ERI,Marcus Ericsson,sauber,Sauber,9,22,15,15,0,54,+1 Lap,16,1:46.216,188.242,kph
2016,21,Abu Dhabi Grand Prix,2016-11-27,yas_marina,Yas Marina Circuit,nasr,NAS,Felipe Nasr,sauber,Sauber,12,19,16,16,0,54,+1 Lap,17,1:46.287,188.117,kph
2016,21,Abu Dhabi Grand Prix,2016-11-27,yas_marina,Yas Marina Circuit,jolyon_palmer,PAL,Jolyon Palmer,renault,Renault,30,15,17,17,0,54,+1 Lap,11,1:45.715,189.134,kph
2016,21,Abu Dhabi Grand Prix,2016-11-27,yas_marina,Yas Marina Circuit,sainz,SAI,Carlos Sainz,toro_rosso,Toro Rosso,55,21,18,R,0,41,Collision damage,18,1:46.591,187.580,kph
2016,21,Abu Dhabi Grand Prix,2016-11-27,yas_marina,Yas Marina Circuit,kvyat,KVY,Daniil Kvyat,toro_rosso,Toro Rosso,26,17,19,R,0,14,Gearbox,21,1:48.752,183.853,kph
2016,21,Abu Dhabi Grand Prix,2016-11-27,yas_marina,Yas Marina Circuit,button,BUT,Jenson Button,mclaren,McLaren,22,12,20,R,0,12,Suspension,22,1:48.753,183.851,kph
2016,21,Abu Dhabi Grand Prix,2016-11-27,yas_marina,Yas Marina Circuit,bottas,BOT,Valtteri Bottas,williams,Williams,77,11,21,R,0,6,Suspension,19,1:47.837,185.413,kph
2016,21,Abu Dhabi Grand Prix,2016-11-27,yas_marina,Yas Marina Circuit,kevin_magnussen,MAG,Kevin Magnussen,renault,Renault,20,18,22,R,0,5,Suspension,20,1:48.601,184.108,kph
2017,1,Australian Grand Prix,2017-03-26,albert_park,Albert Park Grand Prix Circuit,vettel,VET,Sebastian Vettel,ferrari,Ferrari,5,2,1,1,25,57,Finished,3,1:26.638,220.351,kph
2017,1,Australian Grand Prix,2017-03-26,albert_park,Albert Park Grand Prix Circuit,hamilton,HAM,Lewis Hamilton,mercedes,Mercedes,44,1,2,2,18,57,Finished,6,1:27.033,219.351,kph
2017,1,Australian Grand Prix,2017-03-26,albert_park,Albert Park Grand Prix Circuit,bottas,BOT,Valtteri Bottas,mercedes,Mercedes,77,3,3,3,15,57,Finished,2,1:26.593,220.465,kph
2017,1,Australian Grand Prix,2017-03-26,albert_park,Albert Park Grand Prix Circuit,raikkonen,RAI,Kimi Räikkönen,ferrari,Ferrari,7,4,4,4,12,57,Finished,1,1:26.538,220.605,kph
2017,1,Australian Grand Prix,2017-03-26,albert_park,Albert Park Grand Prix Circuit,max_verstappen,VER,Max Verstappen,red_bull,Red Bull,33,5,5,5,10,57,Finished,5,1:26.964,219.525,kph
2017,1,Australian Grand Prix,2017-03-26,albert_park,Albert Park Grand Prix Circuit,massa,MAS,Felipe Massa,williams,Williams,19,7,6,6,8,57,Finished,9,1:28.045,216.830,kph
2017,1,Australian Grand Prix,2017-03-26,albert_park,Albert Park Grand Prix Circuit,perez,PER,Sergio Pérez,force_india,Force India,11,10,7,7,6,56,+1 Lap,10,1:28.336,216.115,kph
2017,1,Australian Grand Prix,2017-03-26,albert_park,Albert Park Grand Prix Circuit,sainz,SAI,Carlos Sainz,toro_rosso,Toro Rosso,55,8,8,8,4,56,+1 Lap,8,1:27.677,217.740,kph
2017,1,Australian Grand Prix,2017-03-26,albert_park,Albert Park Grand Prix Circuit,kvyat,KVY,Daniil Kvyat,toro_rosso,Toro Rosso,26,9,9,9,2,56,+1 Lap,4,1:26.711,220.165,kph
2017,1,Australian Grand Prix,2017-03-26,albert_park,Albert Park Grand Prix Circuit,ocon,OCO,Esteban Ocon,force_india,Force India,31,13,10,10,1,56,+1 Lap,11,1:28.475,215.776,kph
2017,1,Australian Grand Prix,2017-03-26,albert_park,Albert Park Grand Prix Circuit,hulkenberg,HUL,Nico Hülkenberg,renault,Renault,27,11,11,11,0,56,+1 Lap,12,1:28.486,215.749,kph
2017,1,Australian Grand Prix,2017-03-26,albert_park,Albert Park Grand Prix Circuit,giovinazzi,GIO,Antonio Giovinazzi,sauber,Sauber,36,16,12,12,0,55,+2 Laps,13,1:29.052,214.378,kph
2017,1,Australian Grand Prix,2017-03-26,albert_park,Albert Park Grand Prix Circuit,vandoorne,VAN,Stoffel Vandoorne,mclaren,McLaren,2,18,13,13,0,55,+2 Laps,15,1:29.440,213.448,kph
2017,1,Australian Grand Prix,2017-03-26,albert_park,Albert Park Grand Prix Circuit,alonso,ALO,Fernando Alonso,mclaren,McLaren,14,12,14,R,0,50,Vibrations,17,1:30.077,211.938,kph
2017,1,Australian Grand Prix,2017-03-26,albert_park,Albert Park Grand Prix Circuit,kevin_magnussen,MAG,Kevin Magnussen,haas,Haas F1 Team,20,17,15,R,0,46,Suspension,7,1:27.568,218.011,kph
2017,1,Australian Grand Prix,2017-03-26,albert_park,Albert Park Grand Prix Circuit,stroll,STR,Lance Stroll,williams,Williams,18,20,16,R,0,40,Brakes,14,1:29.389,213.569,kph
2017,1,Australian Grand Prix,2017-03-26,albert_park,Albert Park Grand Prix Circuit,ricciardo,RIC,Daniel Ricciardo,red_bull,Red Bull,3,0,17,R,0,25,Power Unit,16,1:29.447,213.431,kph
2017,1,Australian Grand Prix,2017-03-26,albert_park,Albert Park Grand Prix Circuit,ericsson,ERI,Marcus Ericsson,sauber,Sauber,9,14,18,R,0,21,Hydraulics,19,1:32.052,207.391,kph
2017,1,Australian Grand Prix,2017-03-26,albert_park,Albert Park Grand Prix Circuit,jolyon_palmer,PAL,Jolyon Palmer,renault,Renault,30,19,19,R,0,15,Brakes,20,1:32.195,207.069,kph
2017,1,Australian Grand Prix,2017-03-26,albert_park,Albert Park Grand Prix Circuit,grosjean,GRO,Romain Grosjean,haas,Haas F1 Team,8,6,20,R,0,13,Water leak,18,1:30.183,211.689,kph
2017,2,Chinese Grand Prix,2017-04-09,shanghai,Shanghai International Circuit,hamilton,HAM,Lewis Hamilton,mercedes,Mercedes,44,1,1,1,25,56,Finished,1,1:35.378,205.745,kph
2017,2,Chinese Grand Prix,2017-04-09,shanghai,Shanghai International Circuit,vettel,VET,Sebastian Vettel,ferrari,Ferrari,5,2,2,2,18,56,Finished,2,1:35.423,205.648,kph
2017,2,Chinese Grand Prix,2017-04-09,shanghai,Shanghai International Circuit,max_verstappen,VER,Max Verstappen,red_bull,Red Bull,33,16,3,3,15,56,Finished,7,1:36.722,202.886,kph
2017,2,Chinese Grand Prix,2017-04-09,shanghai,Shanghai International Circuit,ricciardo,RIC,Daniel Ricciardo,red_bull,Red Bull,3,5,4,4,12,56,Finished,8,1:36.791,202.741,kph
2017,2,Chinese Grand Prix,2017-04-09,shanghai,Shanghai International Circuit,raikkonen,RAI,Kimi Räikkönen,ferrari,Ferrari,7,4,5,5,10,56,Finished,4,1:36.003,204.406,kph
2017,2,Chinese Grand Prix,2017-04-09,shanghai,Shanghai International Circuit,bottas,BOT,Valtteri Bottas,mercedes,Mercedes,77,3,6,6,8,56,Finished,3,1:35.849,204.734,kph
2017,2,Chinese Grand Prix,2017-04-09,shanghai,Shanghai International Circuit,sainz,SAI,Carlos Sainz,toro_rosso,Toro Rosso,55,11,7,7,6,56,Finished,10,1:37.398,201.478,kph
2017,2,Chinese Grand Prix,2017-04-09,shanghai,Shanghai International Circuit,kevin_magnussen,MAG,Kevin Magnussen,haas,Haas F1 Team,20,12,8,8,4,55,+1 Lap,11,1:37.528,201.209,kph
2017,2,Chinese Grand Prix,2017-04-09,shanghai,Shanghai International Circuit,perez,PER,Sergio Pérez,force_india,Force India,11,8,9,9,2,55,+1 Lap,6,1:36.531,203.288,kph
2017,2,Chinese Grand Prix,2017-04-09,shanghai,Shanghai International Circuit,ocon,OCO,Esteban Ocon,force_india,Force India,31,17,10,10,1,55,+1 Lap,9,1:37.036,202.230,kph
2017,2,Chinese Grand Prix,2017-04-09,shanghai,Shanghai International Circuit,grosjean,GRO,Romain Grosjean,haas,Haas F1 Team,8,19,11,11,0,55,+1 Lap,12,1:37.551,201.162,kph
2017,2,Chinese Grand Prix,2017-04-09,shanghai,Shanghai International Circuit,hulkenberg,HUL,Nico Hülkenberg,renault,Renault,27,7,12,12,0,55,+1 Lap,13,1:38.015,200.210,kph
2017,2,Chinese Grand Prix,2017-04-09,shanghai,Shanghai International Circuit,jolyon_palmer,PAL,Jolyon Palmer,renault,Renault,30,20,13,13,0,55,+1 Lap,14,1:38.181,199.871,kph
2017,2,Chinese Grand Prix,2017-04-09,shanghai,Shanghai International Circuit,massa,MAS,Felipe Massa,williams,Williams,19,6,14,14,0,55,+1 Lap,5,1:36.511,203.330,kph
2017,2,Chinese Grand Prix,2017-04-09,shanghai,Shanghai International Circuit,ericsson,ERI,Marcus Ericsson,sauber,Sauber,9,14,15,15,0,55,+1 Lap,16,1:39.732,196.763,kph
2017,2,Chinese Grand Prix,2017-04-09,shanghai,Shanghai International Circuit,alonso,ALO,Fernando Alonso,mclaren,McLaren,14,13,16,R,0,33,Driveshaft,15,1:39.496,197.230,kph
2017,2,Chinese Grand Prix,2017-04-09,shanghai,Shanghai International Circuit,kvyat,KVY,Daniil Kvyat,toro_rosso,Toro Rosso,26,9,17,R,0,18,Hydraulics,17,1:40.090,196.059,kph
2017,2,Chinese Grand Prix,2017-04-09,shanghai,Shanghai International Circuit,vandoorne,VAN,Stoffel Vandoorne,mclaren,McLaren,2,15,18,R,0,17,Fuel pressure,18,1:41.460,193.412,kph
2017,2,Chinese Grand Prix,2017-04-09,shanghai,Shanghai International Circuit,giovinazzi,GIO,Antonio Giovinazzi,sauber,Sauber,36,18,19,R,0,3,Accident,,,,
2017,2,Chinese Grand Prix,2017-04-09,shanghai,Shanghai International Circuit,stroll,STR,Lance Stroll,williams,Williams,18,10,20,R,0,0,Collision,,,,
2017,3,Bahrain Grand Prix,2017-04-16,bahrain,Bahrain International Circuit,vettel,VET,Sebastian Vettel,ferrari,Ferrari,5,3,1,1,25,57,Finished,4,1:33.826,207.652,kph
2017,3,Bahrain Grand Prix,2017-04-16,bahrain,Bahrain International Circuit,hamilton,HAM,Lewis Hamilton,mercedes,Mercedes,44,2,2,2,18,57,Finished,1,1:32.798,209.952,kph
2017,3,Bahrain Grand Prix,2017-04-16,bahrain,Bahrain International Circuit,bottas,BOT,Valtteri Bottas,mercedes,Mercedes,77,1,3,3,15,57,Finished,5,1:34.087,207.076,kph
2017,3,Bahrain Grand Prix,2017-04-16,bahrain,Bahrain International Circuit,raikkonen,RAI,Kimi Räikkönen,ferrari,Ferrari,7,5,4,4,12,57,Finished,3,1:33.720,207.887,kph
2017,3,Bahrain Grand Prix,2017-04-16,bahrain,Bahrain International Circuit,ricciardo,RIC,Daniel Ricciardo,red_bull,Red Bull,3,4,5,5,10,57,Finished,2,1:33.495,208.387,kph
2017,3,Bahrain Grand Prix,2017-04-16,bahrain,Bahrain International Circuit,massa,MAS,Felipe Massa,williams,Williams,19,8,6,6,8,57,Finished,6,1:34.256,206.705,kph
2017,3,Bahrain Grand Prix,2017-04-16,bahrain,Bahrain International Circuit,perez,PER,Sergio Pérez,force_india,Force India,11,18,7,7,6,57,Finished,7,1:34.609,205.933,kph
2017,3,Bahrain Grand Prix,2017-04-16,bahrain,Bahrain International Circuit,grosjean,GRO,Romain Grosjean,haas,Haas F1 Team,8,9,8,8,4,57,Finished,8,1:34.948,205.198,kph
2017,3,Bahrain Grand Prix,2017-04-16,bahrain,Bahrain International Circuit,hulkenberg,HUL,Nico Hülkenberg,renault,Renault,27,7,9,9,2,57,Finished,12,1:35.372,204.286,kph
2017,3,Bahrain Grand Prix,2017-04-16,bahrain,Bahrain International Circuit,ocon,OCO,Esteban Ocon,force_india,Force India,31,14,10,10,1,57,Finished,11,1:35.179,204.700,kph
2017,3,Bahrain Grand Prix,2017-04-16,bahrain,Bahrain International Circuit,wehrlein,WEH,Pascal Wehrlein,sauber,Sauber,94,13,11,11,0,56,+1 Lap,17,1:36.786,201.301,kph
2017,3,Bahrain Grand Prix,2017-04-16,bahrain,Bahrain International Circuit,kvyat,KVY,Daniil Kvyat,toro_rosso,Toro Rosso,26,11,12,12,0,56,+1 Lap,9,1:34.985,205.118,kph
2017,3,Bahrain Grand Prix,2017-04-16,bahrain,Bahrain International Circuit,jolyon_palmer,PAL,Jolyon Palmer,renault,Renault,30,10,13,13,0,56,+1 Lap,13,1:35.552,203.901,kph
2017,3,Bahrain Grand Prix,2017-04-16,bahrain,Bahrain International Circuit,alonso,ALO,Fernando Alonso,mclaren,McLaren,14,15,14,14,0,54,Power Unit,14,1:35.595,203.809,kph
2017,3,Bahrain Grand Prix,2017-04-16,bahrain,Bahrain International Circuit,ericsson,ERI,Marcus Ericsson,sauber,Sauber,9,19,15,R,0,50,Gearbox,10,1:35.086,204.900,kph
2017,3,Bahrain Grand Prix,2017-04-16,bahrain,Bahrain International Circuit,sainz,SAI,Carlos Sainz,toro_rosso,Toro Rosso,55,16,16,R,0,12,Collision,18,1:38.026,198.755,kph
2017,3,Bahrain Grand Prix,2017-04-16,bahrain,Bahrain International Circuit,stroll,STR,Lance Stroll,williams,Williams,18,12,17,R,0,12,Collision,15,1:36.303,202.311,kph
2017,3,Bahrain Grand Prix,2017-04-16,bahrain,Bahrain International Circuit,max_verstappen,VER,Max Verstappen,red_bull,Red Bull,33,6,18,R,0,11,Brakes,16,1:36.681,201.520,kph
2017,3,Bahrain Grand Prix,2017-04-16,bahrain,Bahrain International Circuit,kevin_magnussen,MAG,Kevin Magnussen,haas,Haas F1 Team,20,20,19,R,0,8,Electrical,19,1:38.718,197.362,kph
2017,3,Bahrain Grand Prix,2017-04-16,bahrain,Bahrain International Circuit,vandoorne,VAN,Stoffel Vandoorne,mclaren,McLaren,2,17,20,R,0,0,Power Unit,,,,
2017,4,Russian Grand Prix,2017-04-30,sochi,Sochi Autodrom,bottas,BOT,Valtteri Bottas,mercedes,Mercedes,77,3,1,1,25,52,Finished,3,1:37.367,216.221,kph
2017,4,Russian Grand Prix,2017-04-30,sochi,Sochi Autodrom,vettel,VET,Sebastian Vettel,ferrari,Ferrari,5,1,2,2,18,52,Finished,2,1:37.312,216.343,kph
2017,4,Russian Grand Prix,2017-04-30,sochi,Sochi Autodrom,raikkonen,RAI,Kimi Räikkönen,ferrari,Ferrari,7,2,3,3,15,52,Finished,1,1:36.844,217.388,kph
2017,4,Russian Grand Prix,2017-04-30,sochi,Sochi Autodrom,hamilton,HAM,Lewis Hamilton,mercedes,Mercedes,44,4,4,4,12,52,Finished,6,1:38.398,213.955,kph
2017,4,Russian Grand Prix,2017-04-30,sochi,Sochi Autodrom,max_verstappen,VER,Max Verstappen,red_bull,Red Bull,33,7,5,5,10,52,Finished,8,1:38.429,213.888,kph
2017,4,Russian Grand Prix,2017-04-30,sochi,Sochi Autodrom,perez,PER,Sergio Pérez,force_india,Force India,11,9,6,6,8,52,Finished,9,1:38.661,213.385,kph
2017,4,Russian Grand Prix,2017-04-30,sochi,Sochi Autodrom,ocon,OCO,Esteban Ocon,force_india,Force India,31,10,7,7,6,52,Finished,10,1:38.745,213.203,kph
2017,4,Russian Grand Prix,2017-04-30,sochi,Sochi Autodrom,hulkenberg,HUL,Nico Hülkenberg,renault,Renault,27,8,8,8,4,52,Finished,7,1:38.418,213.912,kph
2017,4,Russian Grand Prix,2017-04-30,sochi,Sochi Autodrom,massa,MAS,Felipe Massa,williams,Williams,19,6,9,9,2,51,+1 Lap,4,1:38.232,214.317,kph
2017,4,Russian Grand Prix,2017-04-30,sochi,Sochi Autodrom,sainz,SAI,Carlos Sainz,toro_rosso,Toro Rosso,55,14,10,10,1,51,+1 Lap,11,1:38.858,212.960,kph
2017,4,Russian Grand Prix,2017-04-30,sochi,Sochi Autodrom,stroll,STR,Lance Stroll,williams,Williams,18,11,11,11,0,51,+1 Lap,12,1:38.870,212.934,kph
2017,4,Russian Grand Prix,2017-04-30,sochi,Sochi Autodrom,kvyat,KVY,Daniil Kvyat,toro_rosso,Toro Rosso,26,12,12,12,0,51,+1 Lap,5,1:38.300,214.168,kph
2017,4,Russian Grand Prix,2017-04-30,sochi,Sochi Autodrom,kevin_magnussen,MAG,Kevin Magnussen,haas,Haas F1 Team,20,13,13,13,0,51,+1 Lap,13,1:39.566,211.445,kph
2017,4,Russian Grand Prix,2017-04-30,sochi,Sochi Autodrom,vandoorne,VAN,Stoffel Vandoorne,mclaren,McLaren,2,20,14,14,0,51,+1 Lap,14,1:39.790,210.971,kph
2017,4,Russian Grand Prix,2017-04-30,sochi,Sochi Autodrom,ericsson,ERI,Marcus Ericsson,sauber,Sauber,9,18,15,15,0,51,+1 Lap,15,1:39.835,210.875,kph
2017,4,Russian Grand Prix,2017-04-30,sochi,Sochi Autodrom,wehrlein,WEH,Pascal Wehrlein,sauber,Sauber,94,17,16,16,0,50,+2 Laps,16,1:40.922,208.604,kph
2017,4,Russian Grand Prix,2017-04-30,sochi,Sochi Autodrom,ricciardo,RIC,Daniel Ricciardo,red_bull,Red Bull,3,5,17,R,0,5,Brakes,17,1:42.285,205.824,kph
2017,4,Russian Grand Prix,2017-04-30,sochi,Sochi Autodrom,jolyon_palmer,PAL,Jolyon Palmer,renault,Renault,30,16,18,R,0,0,Collision,,,,
2017,4,Russian Grand Prix,2017-04-30,sochi,Sochi Autodrom,grosjean,GRO,Romain Grosjean,haas,Haas F1 Team,8,19,19,R,0,0,Collision,,,,
2017,4,Russian Grand Prix,2017-04-30,sochi,Sochi Autodrom,alonso,ALO,Fernando Alonso,mclaren,McLaren,14,15,20,W,0,0,Power Unit,,,,
2017,5,Spanish Grand Prix,2017-05-14,catalunya,Circuit de Barcelona-Catalunya,hamilton,HAM,Lewis Hamilton,mercedes,Mercedes,44,1,1,1,25,66,Finished,1,1:23.593,200.471,kph
2017,5,Spanish Grand Prix,2017-05-14,catalunya,Circuit de Barcelona-Catalunya,vettel,VET,Sebastian Vettel,ferrari,Ferrari,5,2,2,2,18,66,Finished,2,1:23.674,200.277,kph
2017,5,Spanish Grand Prix,2017-05-14,catalunya,Circuit de Barcelona-Catalunya,ricciardo,RIC,Daniel Ricciardo,red_bull,Red Bull,3,6,3,3,15,66,Finished,3,1:23.686,200.248,kph
2017,5,Spanish Grand Prix,2017-05-14,catalunya,Circuit de Barcelona-Catalunya,perez,PER,Sergio Pérez,force_india,Force India,11,8,4,4,12,65,+1 Lap,7,1:25.755,195.417,kph
2017,5,Spanish Grand Prix,2017-05-14,catalunya,Circuit de Barcelona-Catalunya,ocon,OCO,Esteban Ocon,force_india,Force India,31,10,5,5,10,65,+1 Lap,11,1:26.276,194.237,kph
2017,5,Spanish Grand Prix,2017-05-14,catalunya,Circuit de Barcelona-Catalunya,hulkenberg,HUL,Nico Hülkenberg,renault,Renault,27,13,6,6,8,65,+1 Lap,15,1:26.703,193.280,kph
2017,5,Spanish Grand Prix,2017-05-14,catalunya,Circuit de Barcelona-Catalunya,sainz,SAI,Carlos Sainz,toro_rosso,Toro Rosso,55,12,7,7,6,65,+1 Lap,9,1:26.186,194.439,kph
2017,5,Spanish Grand Prix,2017-05-14,catalunya,Circuit de Barcelona-Catalunya,wehrlein,WEH,Pascal Wehrlein,sauber,Sauber,94,15,8,8,4,65,+1 Lap,14,1:26.476,193.787,kph
2017,5,Spanish Grand Prix,2017-05-14,catalunya,Circuit de Barcelona-Catalunya,kvyat,KVY,Daniil Kvyat,toro_rosso,Toro Rosso,26,19,9,9,2,65,+1 Lap,8,1:25.976,194.914,kph
2017,5,Spanish Grand Prix,2017-05-14,catalunya,Circuit de Barcelona-Catalunya,grosjean,GRO,Romain Grosjean,haas,Haas F1 Team,8,14,10,10,1,65,+1 Lap,17,1:26.871,192.906,kph
2017,5,Spanish Grand Prix,2017-05-14,catalunya,Circuit de Barcelona-Catalunya,ericsson,ERI,Marcus Ericsson,sauber,Sauber,9,16,11,11,0,64,+2 Laps,10,1:26.213,194.379,kph
2017,5,Spanish Grand Prix,2017-05-14,catalunya,Circuit de Barcelona-Catalunya,alonso,ALO,Fernando Alonso,mclaren,McLaren,14,7,12,12,0,64,+2 Laps,4,1:23.894,199.752,kph
2017,5,Spanish Grand Prix,2017-05-14,catalunya,Circuit de Barcelona-Catalunya,massa,MAS,Felipe Massa,williams,Williams,19,9,13,13,0,64,+2 Laps,13,1:26.472,193.796,kph
2017,5,Spanish Grand Prix,2017-05-14,catalunya,Circuit de Barcelona-Catalunya,kevin_magnussen,MAG,Kevin Magnussen,haas,Haas F1 Team,20,11,14,14,0,64,+2 Laps,12,1:26.371,194.023,kph
2017,5,Spanish Grand Prix,2017-05-14,catalunya,Circuit de Barcelona-Catalunya,jolyon_palmer,PAL,Jolyon Palmer,renault,Renault,30,17,15,15,0,64,+2 Laps,6,1:24.843,197.517,kph
2017,5,Spanish Grand Prix,2017-05-14,catalunya,Circuit de Barcelona-Catalunya,stroll,STR,Lance Stroll,williams,Williams,18,18,16,16,0,64,+2 Laps,16,1:26.838,192.980,kph
2017,5,Spanish Grand Prix,2017-05-14,catalunya,Circuit de Barcelona-Catalunya,bottas,BOT,Valtteri Bottas,mercedes,Mercedes,77,3,17,R,0,38,Power Unit,5,1:24.696,197.860,kph
2017,5,Spanish Grand Prix,2017-05-14,catalunya,Circuit de Barcelona-Catalunya,vandoorne,VAN,Stoffel Vandoorne,mclaren,McLaren,2,20,18,R,0,32,Collision,18,1:27.554,191.401,kph
2017,5,Spanish Grand Prix,2017-05-14,catalunya,Circuit de Barcelona-Catalunya,max_verstappen,VER,Max Verstappen,red_bull,Red Bull,33,5,19,R,0,1,Collision damage,,,,
2017,5,Spanish Grand Prix,2017-05-14,catalunya,Circuit de Barcelona-Catalunya,raikkonen,RAI,Kimi Räikkönen,ferrari,Ferrari,7,4,20,R,0,0,Collision damage,,,,
2017,6,Monaco Grand Prix,2017-05-28,monaco,Circuit de Monaco,vettel,VET,Sebastian Vettel,ferrari,Ferrari,5,2,1,1,25,78,Finished,2,1:15.238,159.669,kph
2017,6,Monaco Grand Prix,2017-05-28,monaco,Circuit de Monaco,raikkonen,RAI,Kimi Räikkönen,ferrari,Ferrari,7,1,2,2,18,78,Finished,3,1:15.527,159.058,kph
2017,6,Monaco Grand Prix,2017-05-28,monaco,Circuit de Monaco,ricciardo,RIC,Daniel Ricciardo,red_bull,Red Bull,3,5,3,3,15,78,Finished,4,1:15.756,158.577,kph
2017,6,Monaco Grand Prix,2017-05-28,monaco,Circuit de Monaco,bottas,BOT,Valtteri Bottas,mercedes,Mercedes,77,3,4,4,12,78,Finished,9,1:16.439,157.160,kph
2017,6,Monaco Grand Prix,2017-05-28,monaco,Circuit de Monaco,max_verstappen,VER,Max Verstappen,red_bull,Red Bull,33,4,5,5,10,78,Finished,8,1:16.329,157.387,kph
2017,6,Monaco Grand Prix,2017-05-28,monaco,Circuit de Monaco,sainz,SAI,Carlos Sainz,toro_rosso,Toro Rosso,55,6,6,6,8,78,Finished,14,1:16.649,156.730,kph
2017,6,Monaco Grand Prix,2017-05-28,monaco,Circuit de Monaco,hamilton,HAM,Lewis Hamilton,mercedes,Mercedes,44,13,7,7,6,78,Finished,5,1:15.825,158.433,kph
2017,6,Monaco Grand Prix,2017-05-28,monaco,Circuit de Monaco,grosjean,GRO,Romain Grosjean,haas,Haas F1 Team,8,8,8,8,4,78,Finished,18,1:17.095,155.823,kph
2017,6,Monaco Grand Prix,2017-05-28,monaco,Circuit de Monaco,massa,MAS,Felipe Massa,williams,Williams,19,14,9,9,2,78,Finished,12,1:16.543,156.947,kph
2017,6,Monaco Grand Prix,2017-05-28,monaco,Circuit de Monaco,kevin_magnussen,MAG,Kevin Magnussen,haas,Haas F1 Team,20,11,10,10,1,78,Finished,7,1:16.313,157.420,kph
2017,6,Monaco Grand Prix,2017-05-28,monaco,Circuit de Monaco,jolyon_palmer,PAL,Jolyon Palmer,renault,Renault,30,16,11,11,0,78,Finished,13,1:16.614,156.801,kph
2017,6,Monaco Grand Prix,2017-05-28,monaco,Circuit de Monaco,ocon,OCO,Esteban Ocon,force_india,Force India,31,15,12,12,0,78,Finished,10,1:16.482,157.072,kph
2017,6,Monaco Grand Prix,2017-05-28,monaco,Circuit de Monaco,perez,PER,Sergio Pérez,force_india,Force India,11,7,13,13,0,78,Finished,1,1:14.820,160.561,kph
2017,6,Monaco Grand Prix,2017-05-28,monaco,Circuit de Monaco,kvyat,KVY,Daniil Kvyat,toro_rosso,Toro Rosso,26,9,14,14,0,71,Collision damage,11,1:16.539,156.955,kph
2017,6,Monaco Grand Prix,2017-05-28,monaco,Circuit de Monaco,stroll,STR,Lance Stroll,williams,Williams,18,17,15,15,0,71,Brakes,6,1:16.075,157.912,kph
2017,6,Monaco Grand Prix,2017-05-28,monaco,Circuit de Monaco,vandoorne,VAN,Stoffel Vandoorne,mclaren,McLaren,2,12,16,R,0,66,Accident,15,1:16.665,156.697,kph
2017,6,Monaco Grand Prix,2017-05-28,monaco,Circuit de Monaco,ericsson,ERI,Marcus Ericsson,sauber,Sauber,9,19,17,R,0,63,Accident,16,1:16.829,156.362,kph
2017,6,Monaco Grand Prix,2017-05-28,monaco,Circuit de Monaco,button,BUT,Jenson Button,mclaren,McLaren,22,20,18,R,0,57,Collision damage,17,1:16.912,156.194,kph
2017,6,Monaco Grand Prix,2017-05-28,monaco,Circuit de Monaco,wehrlein,WEH,Pascal Wehrlein,sauber,Sauber,94,18,19,R,0,57,Collision,20,1:18.034,153.948,kph
2017,6,Monaco Grand Prix,2017-05-28,monaco,Circuit de Monaco,hulkenberg,HUL,Nico Hülkenberg,renault,Renault,27,10,20,R,0,15,Gearbox,19,1:17.885,154.242,kph
2017,7,Canadian Grand Prix,2017-06-11,villeneuve,Circuit Gilles Villeneuve,hamilton,HAM,Lewis Hamilton,mercedes,Mercedes,44,1,1,1,25,70,Finished,1,1:14.551,210.588,kph
2017,7,Canadian Grand Prix,2017-06-11,villeneuve,Circuit Gilles Villeneuve,bottas,BOT,Valtteri Bottas,mercedes,Mercedes,77,3,2,2,18,70,Finished,5,1:15.894,206.862,kph
2017,7,Canadian Grand Prix,2017-06-11,villeneuve,Circuit Gilles Villeneuve,ricciardo,RIC,Daniel Ricciardo,red_bull,Red Bull,3,6,3,3,15,70,Finished,8,1:16.165,206.126,kph
2017,7,Canadian Grand Prix,2017-06-11,villeneuve,Circuit Gilles Villeneuve,vettel,VET,Sebastian Vettel,ferrari,Ferrari,5,2,4,4,12,70,Finished,2,1:14.719,210.115,kph
2017,7,Canadian Grand Prix,2017-06-11,villeneuve,Circuit Gilles Villeneuve,perez,PER,Sergio Pérez,force_india,Force India,11,8,5,5,10,70,Finished,11,1:16.367,205.580,kph
2017,7,Canadian Grand Prix,2017-06-11,villeneuve,Circuit Gilles Villeneuve,ocon,OCO,Esteban Ocon,force_india,Force India,31,9,6,6,8,70,Finished,9,1:16.247,205.904,kph
2017,7,Canadian Grand Prix,2017-06-11,villeneuve,Circuit Gilles Villeneuve,raikkonen,RAI,Kimi Räikkönen,ferrari,Ferrari,7,4,7,7,6,70,Finished,3,1:15.388,208.250,kph
2017,7,Canadian Grand Prix,2017-06-11,villeneuve,Circuit Gilles Villeneuve,hulkenberg,HUL,Nico Hülkenberg,renault,Renault,27,10,8,8,4,70,Finished,7,1:16.136,206.204,kph
2017,7,Canadian Grand Prix,2017-06-11,villeneuve,Circuit Gilles Villeneuve,stroll,STR,Lance Stroll,williams,Williams,18,17,9,9,2,69,+1 Lap,6,1:15.979,206.630,kph
2017,7,Canadian Grand Prix,2017-06-11,villeneuve,Circuit Gilles Villeneuve,grosjean,GRO,Romain Grosjean,haas,Haas F1 Team,8,14,10,10,1,69,+1 Lap,15,1:16.949,204.026,kph
2017,7,Canadian Grand Prix,2017-06-11,villeneuve,Circuit Gilles Villeneuve,jolyon_palmer,PAL,Jolyon Palmer,renault,Renault,30,15,11,11,0,69,+1 Lap,12,1:16.704,204.677,kph
2017,7,Canadian Grand Prix,2017-06-11,villeneuve,Circuit Gilles Villeneuve,kevin_magnussen,MAG,Kevin Magnussen,haas,Haas F1 Team,20,18,12,12,0,69,+1 Lap,10,1:16.341,205.650,kph
2017,7,Canadian Grand Prix,2017-06-11,villeneuve,Circuit Gilles Villeneuve,ericsson,ERI,Marcus Ericsson,sauber,Sauber,9,19,13,13,0,69,+1 Lap,16,1:16.995,203.904,kph
2017,7,Canadian Grand Prix,2017-06-11,villeneuve,Circuit Gilles Villeneuve,vandoorne,VAN,Stoffel Vandoorne,mclaren,McLaren,2,16,14,14,0,69,+1 Lap,14,1:16.774,204.491,kph
2017,7,Canadian Grand Prix,2017-06-11,villeneuve,Circuit Gilles Villeneuve,wehrlein,WEH,Pascal Wehrlein,sauber,Sauber,94,20,15,15,0,68,+2 Laps,17,1:17.091,203.650,kph
2017,7,Canadian Grand Prix,2017-06-11,villeneuve,Circuit Gilles Villeneuve,alonso,ALO,Fernando Alonso,mclaren,McLaren,14,12,16,16,0,66,Power Unit,4,1:15.853,206.974,kph
2017,7,Canadian Grand Prix,2017-06-11,villeneuve,Circuit Gilles Villeneuve,kvyat,KVY,Daniil Kvyat,toro_rosso,Toro Rosso,26,11,17,R,0,54,Power Unit,13,1:16.713,204.653,kph
2017,7,Canadian Grand Prix,2017-06-11,villeneuve,Circuit Gilles Villeneuve,max_verstappen,VER,Max Verstappen,red_bull,Red Bull,33,5,18,R,0,10,Electrical,18,1:17.187,203.396,kph
2017,7,Canadian Grand Prix,2017-06-11,villeneuve,Circuit Gilles Villeneuve,massa,MAS,Felipe Massa,williams,Williams,19,7,19,R,0,0,Collision,,,,
2017,7,Canadian Grand Prix,2017-06-11,villeneuve,Circuit Gilles Villeneuve,sainz,SAI,Carlos Sainz,toro_rosso,Toro Rosso,55,13,20,R,0,0,Collision,,,,
2017,8,Azerbaijan Grand Prix,2017-06-25,baku,Baku City Circuit,ricciardo,RIC,Daniel Ricciardo,red_bull,Red Bull,3,10,1,1,25,51,Finished,4,1:44.882,206.048,kph
2017,8,Azerbaijan Grand Prix,2017-06-25,baku,Baku City Circuit,bottas,BOT,Valtteri Bottas,mercedes,Mercedes,77,2,2,2,18,51,Finished,3,1:43.925,207.946,kph
2017,8,Azerbaijan Grand Prix,2017-06-25,baku,Baku City Circuit,stroll,STR,Lance Stroll,williams,Williams,18,8,3,3,15,51,Finished,5,1:45.108,205.605,kph
2017,8,Azerbaijan Grand Prix,2017-06-25,baku,Baku City Circuit,vettel,VET,Sebastian Vettel,ferrari,Ferrari,5,4,4,4,12,51,Finished,1,1:43.441,208.919,kph
2017,8,Azerbaijan Grand Prix,2017-06-25,baku,Baku City Circuit,hamilton,HAM,Lewis Hamilton,mercedes,Mercedes,44,1,5,5,10,51,Finished,2,1:43.469,208.862,kph
2017,8,Azerbaijan Grand Prix,2017-06-25,baku,Baku City Circuit,ocon,OCO,Esteban Ocon,force_india,Force India,31,7,6,6,8,51,Finished,9,1:45.634,204.581,kph
2017,8,Azerbaijan Grand Prix,2017-06-25,baku,Baku City Circuit,kevin_magnussen,MAG,Kevin Magnussen,haas,Haas F1 Team,20,12,7,7,6,51,Finished,11,1:46.312,203.277,kph
2017,8,Azerbaijan Grand Prix,2017-06-25,baku,Baku City Circuit,sainz,SAI,Carlos Sainz,toro_rosso,Toro Rosso,55,15,8,8,4,51,Finished,10,1:45.866,204.133,kph
2017,8,Azerbaijan Grand Prix,2017-06-25,baku,Baku City Circuit,alonso,ALO,Fernando Alonso,mclaren,McLaren,14,19,9,9,2,51,Finished,6,1:45.168,205.488,kph
2017,8,Azerbaijan Grand Prix,2017-06-25,baku,Baku City Circuit,wehrlein,WEH,Pascal Wehrlein,sauber,Sauber,94,14,10,10,1,51,Finished,15,1:47.120,201.743,kph
2017,8,Azerbaijan Grand Prix,2017-06-25,baku,Baku City Circuit,ericsson,ERI,Marcus Ericsson,sauber,Sauber,9,17,11,11,0,51,Finished,16,1:47.186,201.619,kph
2017,8,Azerbaijan Grand Prix,2017-06-25,baku,Baku City Circuit,vandoorne,VAN,Stoffel Vandoorne,mclaren,McLaren,2,18,12,12,0,51,Finished,13,1:46.648,202.636,kph
2017,8,Azerbaijan Grand Prix,2017-06-25,baku,Baku City Circuit,grosjean,GRO,Romain Grosjean,haas,Haas F1 Team,8,16,13,13,0,50,+1 Lap,14,1:46.831,202.289,kph
2017,8,Azerbaijan Grand Prix,2017-06-25,baku,Baku City Circuit,raikkonen,RAI,Kimi Räikkönen,ferrari,Ferrari,7,3,14,14,0,46,Water pressure,7,1:45.542,204.760,kph
2017,8,Azerbaijan Grand Prix,2017-06-25,baku,Baku City Circuit,perez,PER,Sergio Pérez,force_india,Force India,11,6,15,R,0,39,Seat,8,1:45.588,204.670,kph
2017,8,Azerbaijan Grand Prix,2017-06-25,baku,Baku City Circuit,massa,MAS,Felipe Massa,williams,Williams,19,9,16,R,0,25,Suspension,17,1:47.340,201.330,kph
2017,8,Azerbaijan Grand Prix,2017-06-25,baku,Baku City Circuit,hulkenberg,HUL,Nico Hülkenberg,renault,Renault,27,13,17,R,0,24,Accident,19,1:48.536,199.111,kph
2017,8,Azerbaijan Grand Prix,2017-06-25,baku,Baku City Circuit,max_verstappen,VER,Max Verstappen,red_bull,Red Bull,33,5,18,R,0,12,Oil pressure,12,1:46.398,203.112,kph
2017,8,Azerbaijan Grand Prix,2017-06-25,baku,Baku City Circuit,kvyat,KVY,Daniil Kvyat,toro_rosso,Toro Rosso,26,11,19,R,0,9,Battery,18,1:48.394,199.372,kph
2017,8,Azerbaijan Grand Prix,2017-06-25,baku,Baku City Circuit,jolyon_palmer,PAL,Jolyon Palmer,renault,Renault,30,20,20,R,0,7,Power Unit,20,1:51.673,193.518,kph
2017,9,Austrian Grand Prix,2017-07-09,red_bull_ring,Red Bull Ring,bottas,BOT,Valtteri Bottas,mercedes,Mercedes,77,1,1,1,25,71,Finished,5,1:07.847,229.115,kph
2017,9,Austrian Grand Prix,2017-07-09,red_bull_ring,Red Bull Ring,vettel,VET,Sebastian Vettel,ferrari,Ferrari,5,2,2,2,18,71,Finished,4,1:07.496,230.306,kph
2017,9,Austrian Grand Prix,2017-07-09,red_bull_ring,Red Bull Ring,ricciardo,RIC,Daniel Ricciardo,red_bull,Red Bull,3,4,3,3,15,71,Finished,2,1:07.442,230.491,kph
2017,9,Austrian Grand Prix,2017-07-09,red_bull_ring,Red Bull Ring,hamilton,HAM,Lewis Hamilton,mercedes,Mercedes,44,8,4,4,12,71,Finished,1,1:07.411,230.597,kph
2017,9,Austrian Grand Prix,2017-07-09,red_bull_ring,Red Bull Ring,raikkonen,RAI,Kimi Räikkönen,ferrari,Ferrari,7,3,5,5,10,71,Finished,3,1:07.486,230.341,kph
2017,9,Austrian Grand Prix,2017-07-09,red_bull_ring,Red Bull Ring,grosjean,GRO,Romain Grosjean,haas,Haas F1 Team,8,6,6,6,8,71,Finished,10,1:08.590,226.633,kph
2017,9,Austrian Grand Prix,2017-07-09,red_bull_ring,Red Bull Ring,perez,PER,Sergio Pérez,force_india,Force India,11,7,7,7,6,70,+1 Lap,9,1:08.470,227.030,kph
2017,9,Austrian Grand Prix,2017-07-09,red_bull_ring,Red Bull Ring,ocon,OCO,Esteban Ocon,force_india,Force India,31,9,8,8,4,70,+1 Lap,12,1:08.659,226.405,kph
2017,9,Austrian Grand Prix,2017-07-09,red_bull_ring,Red Bull Ring,massa,MAS,Felipe Massa,williams,Williams,19,17,9,9,2,70,+1 Lap,7,1:08.419,227.200,kph
2017,9,Austrian Grand Prix,2017-07-09,red_bull_ring,Red Bull Ring,stroll,STR,Lance Stroll,williams,Williams,18,18,10,10,1,70,+1 Lap,13,1:08.777,226.017,kph
2017,9,Austrian Grand Prix,2017-07-09,red_bull_ring,Red Bull Ring,jolyon_palmer,PAL,Jolyon Palmer,renault,Renault,30,16,11,11,0,70,+1 Lap,11,1:08.652,226.428,kph
2017,9,Austrian Grand Prix,2017-07-09,red_bull_ring,Red Bull Ring,vandoorne,VAN,Stoffel Vandoorne,mclaren,McLaren,2,13,12,12,0,70,+1 Lap,8,1:08.422,227.190,kph
2017,9,Austrian Grand Prix,2017-07-09,red_bull_ring,Red Bull Ring,hulkenberg,HUL,Nico Hülkenberg,renault,Renault,27,11,13,13,0,70,+1 Lap,14,1:09.043,225.146,kph
2017,9,Austrian Grand Prix,2017-07-09,red_bull_ring,Red Bull Ring,wehrlein,WEH,Pascal Wehrlein,sauber,Sauber,94,20,14,14,0,70,+1 Lap,16,1:09.241,224.502,kph
2017,9,Austrian Grand Prix,2017-07-09,red_bull_ring,Red Bull Ring,ericsson,ERI,Marcus Ericsson,sauber,Sauber,9,19,15,15,0,69,+2 Laps,17,1:09.284,224.363,kph
2017,9,Austrian Grand Prix,2017-07-09,red_bull_ring,Red Bull Ring,kvyat,KVY,Daniil Kvyat,toro_rosso,Toro Rosso,26,14,16,16,0,68,+3 Laps,6,1:08.061,228.395,kph
2017,9,Austrian Grand Prix,2017-07-09,red_bull_ring,Red Bull Ring,sainz,SAI,Carlos Sainz,toro_rosso,Toro Rosso,55,10,17,R,0,44,Engine,15,1:09.150,224.798,kph
2017,9,Austrian Grand Prix,2017-07-09,red_bull_ring,Red Bull Ring,kevin_magnussen,MAG,Kevin Magnussen,haas,Haas F1 Team,20,15,18,R,0,29,Hydraulics,18,1:10.402,220.800,kph
2017,9,Austrian Grand Prix,2017-07-09,red_bull_ring,Red Bull Ring,alonso,ALO,Fernando Alonso,mclaren,McLaren,14,12,19,R,0,1,Collision damage,,,,
2017,9,Austrian Grand Prix,2017-07-09,red_bull_ring,Red Bull Ring,max_verstappen,VER,Max Verstappen,red_bull,Red Bull,33,5,20,R,0,0,Collision damage,,,,
2017,10,British Grand Prix,2017-07-16,silverstone,Silverstone Circuit,hamilton,HAM,Lewis Hamilton,mercedes,Mercedes,44,1,1,1,25,51,Finished,1,1:30.621,234.025,kph
2017,10,British Grand Prix,2017-07-16,silverstone,Silverstone Circuit,bottas,BOT,Valtteri Bottas,mercedes,Mercedes,77,9,2,2,18,51,Finished,3,1:30.905,233.294,kph
2017,10,British Grand Prix,2017-07-16,silverstone,Silverstone Circuit,raikkonen,RAI,Kimi Räikkönen,ferrari,Ferrari,7,2,3,3,15,51,Finished,4,1:31.517,231.733,kph
2017,10,British Grand Prix,2017-07-16,silverstone,Silverstone Circuit,max_verstappen,VER,Max Verstappen,red_bull,Red Bull,33,4,4,4,12,51,Finished,2,1:30.678,233.878,kph
2017,10,British Grand Prix,2017-07-16,silverstone,Silverstone Circuit,ricciardo,RIC,Daniel Ricciardo,red_bull,Red Bull,3,19,5,5,10,51,Finished,6,1:31.874,230.833,kph
2017,10,British Grand Prix,2017-07-16,silverstone,Silverstone Circuit,hulkenberg,HUL,Nico Hülkenberg,renault,Renault,27,5,6,6,8,51,Finished,8,1:32.577,229.080,kph
2017,10,British Grand Prix,2017-07-16,silverstone,Silverstone Circuit,vettel,VET,Sebastian Vettel,ferrari,Ferrari,5,3,7,7,6,51,Finished,5,1:31.872,230.838,kph
2017,10,British Grand Prix,2017-07-16,silverstone,Silverstone Circuit,ocon,OCO,Esteban Ocon,force_india,Force India,31,7,8,8,4,50,+1 Lap,15,1:33.521,226.768,kph
2017,10,British Grand Prix,2017-07-16,silverstone,Silverstone Circuit,perez,PER,Sergio Pérez,force_india,Force India,11,6,9,9,2,50,+1 Lap,14,1:33.504,226.809,kph
2017,10,British Grand Prix,2017-07-16,silverstone,Silverstone Circuit,massa,MAS,Felipe Massa,williams,Williams,19,14,10,10,1,50,+1 Lap,16,1:33.562,226.668,kph
2017,10,British Grand Prix,2017-07-16,silverstone,Silverstone Circuit,vandoorne,VAN,Stoffel Vandoorne,mclaren,McLaren,2,8,11,11,0,50,+1 Lap,13,1:33.464,226.906,kph
2017,10,British Grand Prix,2017-07-16,silverstone,Silverstone Circuit,kevin_magnussen,MAG,Kevin Magnussen,haas,Haas F1 Team,20,16,12,12,0,50,+1 Lap,9,1:32.683,228.818,kph
2017,10,British Grand Prix,2017-07-16,silverstone,Silverstone Circuit,grosjean,GRO,Romain Grosjean,haas,Haas F1 Team,8,10,13,13,0,50,+1 Lap,7,1:32.290,229.793,kph
2017,10,British Grand Prix,2017-07-16,silverstone,Silverstone Circuit,ericsson,ERI,Marcus Ericsson,sauber,Sauber,9,18,14,14,0,50,+1 Lap,10,1:33.119,227.747,kph
2017,10,British Grand Prix,2017-07-16,silverstone,Silverstone Circuit,kvyat,KVY,Daniil Kvyat,toro_rosso,Toro Rosso,26,12,15,15,0,50,+1 Lap,17,1:33.594,226.591,kph
2017,10,British Grand Prix,2017-07-16,silverstone,Silverstone Circuit,stroll,STR,Lance Stroll,williams,Williams,18,15,16,16,0,50,+1 Lap,12,1:33.400,227.062,kph
2017,10,British Grand Prix,2017-07-16,silverstone,Silverstone Circuit,wehrlein,WEH,Pascal Wehrlein,sauber,Sauber,94,17,17,17,0,50,+1 Lap,11,1:33.342,227.203,kph
2017,10,British Grand Prix,2017-07-16,silverstone,Silverstone Circuit,alonso,ALO,Fernando Alonso,mclaren,McLaren,14,20,18,R,0,32,Power Unit,18,1:34.263,224.983,kph
2017,10,British Grand Prix,2017-07-16,silverstone,Silverstone Circuit,sainz,SAI,Carlos Sainz,toro_rosso,Toro Rosso,55,13,19,R,0,0,Collision damage,,,,
2017,10,British Grand Prix,2017-07-16,silverstone,Silverstone Circuit,jolyon_palmer,PAL,Jolyon Palmer,renault,Renault,30,11,20,R,0,0,Hydraulics,,,,
2017,11,Hungarian Grand Prix,2017-07-30,hungaroring,Hungaroring,vettel,VET,Sebastian Vettel,ferrari,Ferrari,5,1,1,1,25,70,Finished,4,1:20.807,195.176,kph
2017,11,Hungarian Grand Prix,2017-07-30,hungaroring,Hungaroring,raikkonen,RAI,Kimi Räikkönen,ferrari,Ferrari,7,2,2,2,18,70,Finished,2,1:20.461,196.015,kph
2017,11,Hungarian Grand Prix,2017-07-30,hungaroring,Hungaroring,bottas,BOT,Valtteri Bottas,mercedes,Mercedes,77,3,3,3,15,70,Finished,6,1:21.214,194.198,kph
2017,11,Hungarian Grand Prix,2017-07-30,hungaroring,Hungaroring,hamilton,HAM,Lewis Hamilton,mercedes,Mercedes,44,4,4,4,12,70,Finished,5,1:20.818,195.149,kph
2017,11,Hungarian Grand Prix,2017-07-30,hungaroring,Hungaroring,max_verstappen,VER,Max Verstappen,red_bull,Red Bull,33,5,5,5,10,70,Finished,3,1:20.490,195.944,kph
2017,11,Hungarian Grand Prix,2017-07-30,hungaroring,Hungaroring,alonso,ALO,Fernando Alonso,mclaren,McLaren,14,7,6,6,8,70,Finished,1,1:20.182,196.697,kph
2017,11,Hungarian Grand Prix,2017-07-30,hungaroring,Hungaroring,sainz,SAI,Carlos Sainz,toro_rosso,Toro Rosso,55,9,7,7,6,69,+1 Lap,11,1:21.871,192.639,kph
2017,11,Hungarian Grand Prix,2017-07-30,hungaroring,Hungaroring,perez,PER,Sergio Pérez,force_india,Force India,11,13,8,8,4,69,+1 Lap,14,1:22.105,192.090,kph
2017,11,Hungarian Grand Prix,2017-07-30,hungaroring,Hungaroring,ocon,OCO,Esteban Ocon,force_india,Force India,31,11,9,9,2,69,+1 Lap,15,1:22.431,191.330,kph
2017,11,Hungarian Grand Prix,2017-07-30,hungaroring,Hungaroring,vandoorne,VAN,Stoffel Vandoorne,mclaren,McLaren,2,8,10,10,1,69,+1 Lap,12,1:21.960,192.430,kph
2017,11,Hungarian Grand Prix,2017-07-30,hungaroring,Hungaroring,kvyat,KVY,Daniil Kvyat,toro_rosso,Toro Rosso,26,16,11,11,0,69,+1 Lap,9,1:21.631,193.206,kph
2017,11,Hungarian Grand Prix,2017-07-30,hungaroring,Hungaroring,jolyon_palmer,PAL,Jolyon Palmer,renault,Renault,30,10,12,12,0,69,+1 Lap,7,1:21.589,193.305,kph
2017,11,Hungarian Grand Prix,2017-07-30,hungaroring,Hungaroring,kevin_magnussen,MAG,Kevin Magnussen,haas,Haas F1 Team,20,15,13,13,0,69,+1 Lap,13,1:22.100,192.102,kph
2017,11,Hungarian Grand Prix,2017-07-30,hungaroring,Hungaroring,stroll,STR,Lance Stroll,williams,Williams,18,17,14,14,0,69,+1 Lap,16,1:22.830,190.409,kph
2017,11,Hungarian Grand Prix,2017-07-30,hungaroring,Hungaroring,wehrlein,WEH,Pascal Wehrlein,sauber,Sauber,94,18,15,15,0,68,+2 Laps,18,1:23.573,188.716,kph
2017,11,Hungarian Grand Prix,2017-07-30,hungaroring,Hungaroring,ericsson,ERI,Marcus Ericsson,sauber,Sauber,9,20,16,16,0,68,+2 Laps,10,1:21.752,192.920,kph
2017,11,Hungarian Grand Prix,2017-07-30,hungaroring,Hungaroring,hulkenberg,HUL,Nico Hülkenberg,renault,Renault,27,12,17,17,0,67,Brakes,8,1:21.611,193.253,kph
2017,11,Hungarian Grand Prix,2017-07-30,hungaroring,Hungaroring,resta,DIR,Paul di Resta,williams,Williams,40,19,18,R,0,60,Oil leak,17,1:23.242,189.466,kph
2017,11,Hungarian Grand Prix,2017-07-30,hungaroring,Hungaroring,grosjean,GRO,Romain Grosjean,haas,Haas F1 Team,8,14,19,R,0,20,Wheel nut,19,1:24.702,186.201,kph
2017,11,Hungarian Grand Prix,2017-07-30,hungaroring,Hungaroring,ricciardo,RIC,Daniel Ricciardo,red_bull,Red Bull,3,6,20,R,0,0,Collision,,,,
2017,12,Belgian Grand Prix,2017-08-27,spa,Circuit de Spa-Francorchamps,hamilton,HAM,Lewis Hamilton,mercedes,Mercedes,44,1,1,1,25,44,Finished,2,1:46.603,236.526,kph
2017,12,Belgian Grand Prix,2017-08-27,spa,Circuit de Spa-Francorchamps,vettel,VET,Sebastian Vettel,ferrari,Ferrari,5,2,2,2,18,44,Finished,1,1:46.577,236.583,kph
2017,12,Belgian Grand Prix,2017-08-27,spa,Circuit de Spa-Francorchamps,ricciardo,RIC,Daniel Ricciardo,red_bull,Red Bull,3,6,3,3,15,44,Finished,3,1:47.549,234.445,kph
2017,12,Belgian Grand Prix,2017-08-27,spa,Circuit de Spa-Francorchamps,raikkonen,RAI,Kimi Räikkönen,ferrari,Ferrari,7,4,4,4,12,44,Finished,5,1:47.730,234.051,kph
2017,12,Belgian Grand Prix,2017-08-27,spa,Circuit de Spa-Francorchamps,bottas,BOT,Valtteri Bottas,mercedes,Mercedes,77,3,5,5,10,44,Finished,4,1:47.721,234.071,kph
2017,12,Belgian Grand Prix,2017-08-27,spa,Circuit de Spa-Francorchamps,hulkenberg,HUL,Nico Hülkenberg,renault,Renault,27,7,6,6,8,44,Finished,7,1:48.922,231.490,kph
2017,12,Belgian Grand Prix,2017-08-27,spa,Circuit de Spa-Francorchamps,grosjean,GRO,Romain Grosjean,haas,Haas F1 Team,8,11,7,7,6,44,Finished,8,1:49.087,231.140,kph
2017,12,Belgian Grand Prix,2017-08-27,spa,Circuit de Spa-Francorchamps,massa,MAS,Felipe Massa,williams,Williams,19,16,8,8,4,44,Finished,11,1:49.637,229.980,kph
2017,12,Belgian Grand Prix,2017-08-27,spa,Circuit de Spa-Francorchamps,ocon,OCO,Esteban Ocon,force_india,Force India,31,9,9,9,2,44,Finished,14,1:49.721,229.804,kph
2017,12,Belgian Grand Prix,2017-08-27,spa,Circuit de Spa-Francorchamps,sainz,SAI,Carlos Sainz,toro_rosso,Toro Rosso,55,13,10,10,1,44,Finished,13,1:49.709,229.829,kph
2017,12,Belgian Grand Prix,2017-08-27,spa,Circuit de Spa-Francorchamps,stroll,STR,Lance Stroll,williams,Williams,18,15,11,11,0,44,Finished,16,1:50.543,228.095,kph
2017,12,Belgian Grand Prix,2017-08-27,spa,Circuit de Spa-Francorchamps,kvyat,KVY,Daniil Kvyat,toro_rosso,Toro Rosso,26,19,12,12,0,44,Finished,12,1:49.708,229.831,kph
2017,12,Belgian Grand Prix,2017-08-27,spa,Circuit de Spa-Francorchamps,jolyon_palmer,PAL,Jolyon Palmer,renault,Renault,30,14,13,13,0,44,Finished,10,1:49.283,230.725,kph
2017,12,Belgian Grand Prix,2017-08-27,spa,Circuit de Spa-Francorchamps,vandoorne,VAN,Stoffel Vandoorne,mclaren,McLaren,2,20,14,14,0,44,Finished,15,1:49.907,229.415,kph
2017,12,Belgian Grand Prix,2017-08-27,spa,Circuit de Spa-Francorchamps,kevin_magnussen,MAG,Kevin Magnussen,haas,Haas F1 Team,20,12,15,15,0,44,Finished,9,1:49.126,231.057,kph
2017,12,Belgian Grand Prix,2017-08-27,spa,Circuit de Spa-Francorchamps,ericsson,ERI,Marcus Ericsson,sauber,Sauber,9,17,16,16,0,44,Finished,17,1:50.775,227.618,kph
2017,12,Belgian Grand Prix,2017-08-27,spa,Circuit de Spa-Francorchamps,perez,PER,Sergio Pérez,force_india,Force India,11,8,17,17,0,42,Gearbox,6,1:48.300,232.819,kph
2017,12,Belgian Grand Prix,2017-08-27,spa,Circuit de Spa-Francorchamps,alonso,ALO,Fernando Alonso,mclaren,McLaren,14,10,18,R,0,25,Engine,19,1:51.720,225.692,kph
2017,12,Belgian Grand Prix,2017-08-27,spa,Circuit de Spa-Francorchamps,max_verstappen,VER,Max Verstappen,red_bull,Red Bull,33,5,19,R,0,7,Engine,18,1:51.022,227.111,kph
2017,12,Belgian Grand Prix,2017-08-27,spa,Circuit de Spa-Francorchamps,wehrlein,WEH,Pascal Wehrlein,sauber,Sauber,94,18,20,R,0,2,Collision,,,,
2017,13,Italian Grand Prix,2017-09-03,monza,Autodromo Nazionale di Monza,hamilton,HAM,Lewis Hamilton,mercedes,Mercedes,44,1,1,1,25,53,Finished,2,1:23.488,249.793,kph
2017,13,Italian Grand Prix,2017-09-03,monza,Autodromo Nazionale di Monza,bottas,BOT,Valtteri Bottas,mercedes,Mercedes,77,4,2,2,18,53,Finished,3,1:23.488,249.095,kph
2017,13,Italian Grand Prix,2017-09-03,monza,Autodromo Nazionale di Monza,vettel,VET,Sebastian Vettel,ferrari,Ferrari,5,6,3,3,15,53,Finished,4,1:23.897,248.576,kph
2017,13,Italian Grand Prix,2017-09-03,monza,Autodromo Nazionale di Monza,ricciardo,RIC,Daniel Ricciardo,red_bull,Red Bull,3,16,4,4,12,53,Finished,1,1:23.361,250.174,kph
2017,13,Italian Grand Prix,2017-09-03,monza,Autodromo Nazionale di Monza,raikkonen,RAI,Kimi Räikkönen,ferrari,Ferrari,7,5,5,5,10,53,Finished,8,1:25.054,245.194,kph
2017,13,Italian Grand Prix,2017-09-03,monza,Autodromo Nazionale di Monza,ocon,OCO,Esteban Ocon,force_india,Force India,31,3,6,6,8,53,Finished,11,1:25.054,243.482,kph
2017,13,Italian Grand Prix,2017-09-03,monza,Autodromo Nazionale di Monza,stroll,STR,Lance Stroll,williams,Williams,18,2,7,7,6,53,Finished,10,1:25.625,243.559,kph
2017,13,Italian Grand Prix,2017-09-03,monza,Autodromo Nazionale di Monza,massa,MAS,Felipe Massa,williams,Williams,19,7,8,8,4,53,Finished,9,1:25.477,243.981,kph
2017,13,Italian Grand Prix,2017-09-03,monza,Autodromo Nazionale di Monza,perez,PER,Sergio Pérez,force_india,Force India,11,10,9,9,2,53,Finished,6,1:24.968,245.442,kph
2017,13,Italian Grand Prix,2017-09-03,monza,Autodromo Nazionale di Monza,max_verstappen,VER,Max Verstappen,red_bull,Red Bull,33,13,10,10,1,52,+1 Lap,5,1:24.351,247.238,kph
2017,13,Italian Grand Prix,2017-09-03,monza,Autodromo Nazionale di Monza,kevin_magnussen,MAG,Kevin Magnussen,haas,Haas F1 Team,20,9,11,11,0,52,+1 Lap,15,1:26.037,242.393,kph
2017,13,Italian Grand Prix,2017-09-03,monza,Autodromo Nazionale di Monza,kvyat,KVY,Daniil Kvyat,toro_rosso,Toro Rosso,26,8,12,12,0,52,+1 Lap,14,1:25.894,242.796,kph
2017,13,Italian Grand Prix,2017-09-03,monza,Autodromo Nazionale di Monza,hulkenberg,HUL,Nico Hülkenberg,renault,Renault,27,14,13,13,0,52,+1 Lap,16,1:26.131,242.128,kph
2017,13,Italian Grand Prix,2017-09-03,monza,Autodromo Nazionale di Monza,sainz,SAI,Carlos Sainz,toro_rosso,Toro Rosso,55,15,14,14,0,52,+1 Lap,17,1:26.210,241.906,kph
2017,13,Italian Grand Prix,2017-09-03,monza,Autodromo Nazionale di Monza,grosjean,GRO,Romain Grosjean,haas,Haas F1 Team,8,20,15,15,0,52,+1 Lap,7,1:25.020,245.292,kph
2017,13,Italian Grand Prix,2017-09-03,monza,Autodromo Nazionale di Monza,wehrlein,WEH,Pascal Wehrlein,sauber,Sauber,94,12,16,16,0,51,+2 Laps,18,1:26.547,240.965,kph
2017,13,Italian Grand Prix,2017-09-03,monza,Autodromo Nazionale di Monza,alonso,ALO,Fernando Alonso,mclaren,McLaren,14,19,17,17,0,50,Gearbox,13,1:25.871,242.861,kph
2017,13,Italian Grand Prix,2017-09-03,monza,Autodromo Nazionale di Monza,ericsson,ERI,Marcus Ericsson,sauber,Sauber,9,11,18,18,0,49,Gearbox,20,1:27.663,237.897,kph
2017,13,Italian Grand Prix,2017-09-03,monza,Autodromo Nazionale di Monza,vandoorne,VAN,Stoffel Vandoorne,mclaren,McLaren,2,18,19,R,0,33,Engine,19,1:26.912,239.953,kph
2017,13,Italian Grand Prix,2017-09-03,monza,Autodromo Nazionale di Monza,jolyon_palmer,PAL,Jolyon Palmer,renault,Renault,30,17,20,R,0,29,Engine,12,1:25.752,243.198,kph
2017,14,Singapore Grand Prix,2017-09-17,marina_bay,Marina Bay Street Circuit,hamilton,HAM,Lewis Hamilton,mercedes,Mercedes,44,5,1,1,25,58,Finished,1,1:45.008,173.643,kph
2017,14,Singapore Grand Prix,2017-09-17,marina_bay,Marina Bay Street Circuit,ricciardo,RIC,Daniel Ricciardo,red_bull,Red Bull,3,3,2,2,18,58,Finished,2,1:45.301,173.160,kph
2017,14,Singapore Grand Prix,2017-09-17,marina_bay,Marina Bay Street Circuit,bottas,BOT,Valtteri Bottas,mercedes,Mercedes,77,6,3,3,15,58,Finished,3,1:45.405,172.989,kph
2017,14,Singapore Grand Prix,2017-09-17,marina_bay,Marina Bay Street Circuit,sainz,SAI,Carlos Sainz,toro_rosso,Toro Rosso,55,10,4,4,12,58,Finished,4,1:46.537,171.151,kph
2017,14,Singapore Grand Prix,2017-09-17,marina_bay,Marina Bay Street Circuit,perez,PER,Sergio Pérez,force_india,Force India,11,12,5,5,10,58,Finished,7,1:46.731,170.840,kph
2017,14,Singapore Grand Prix,2017-09-17,marina_bay,Marina Bay Street Circuit,jolyon_palmer,PAL,Jolyon Palmer,renault,Renault,30,11,6,6,8,58,Finished,5,1:46.722,170.855,kph
2017,14,Singapore Grand Prix,2017-09-17,marina_bay,Marina Bay Street Circuit,vandoorne,VAN,Stoffel Vandoorne,mclaren,McLaren,2,9,7,7,6,58,Finished,6,1:46.722,170.855,kph
2017,14,Singapore Grand Prix,2017-09-17,marina_bay,Marina Bay Street Circuit,stroll,STR,Lance Stroll,williams,Williams,18,18,8,8,4,58,Finished,9,1:47.512,169.599,kph
2017,14,Singapore Grand Prix,2017-09-17,marina_bay,Marina Bay Street Circuit,grosjean,GRO,Romain Grosjean,haas,Haas F1 Team,8,15,9,9,2,58,Finished,11,1:47.637,169.402,kph
2017,14,Singapore Grand Prix,2017-09-17,marina_bay,Marina Bay Street Circuit,ocon,OCO,Esteban Ocon,force_india,Force India,31,14,10,10,1,58,Finished,12,1:47.677,169.339,kph
2017,14,Singapore Grand Prix,2017-09-17,marina_bay,Marina Bay Street Circuit,massa,MAS,Felipe Massa,williams,Williams,19,17,11,11,0,58,Finished,8,1:47.055,170.323,kph
2017,14,Singapore Grand Prix,2017-09-17,marina_bay,Marina Bay Street Circuit,wehrlein,WEH,Pascal Wehrlein,sauber,Sauber,94,19,12,12,0,56,+2 Laps,14,1:49.061,167.190,kph
2017,14,Singapore Grand Prix,2017-09-17,marina_bay,Marina Bay Street Circuit,kevin_magnussen,MAG,Kevin Magnussen,haas,Haas F1 Team,20,16,13,R,0,50,Engine,10,1:47.585,169.484,kph
2017,14,Singapore Grand Prix,2017-09-17,marina_bay,Marina Bay Street Circuit,hulkenberg,HUL,Nico Hülkenberg,renault,Renault,27,7,14,R,0,48,Engine,13,1:48.011,168.816,kph
2017,14,Singapore Grand Prix,2017-09-17,marina_bay,Marina Bay Street Circuit,ericsson,ERI,Marcus Ericsson,sauber,Sauber,9,20,15,R,0,35,Accident,15,1:52.496,162.085,kph
2017,14,Singapore Grand Prix,2017-09-17,marina_bay,Marina Bay Street Circuit,kvyat,KVY,Daniil Kvyat,toro_rosso,Toro Rosso,26,13,16,R,0,10,Accident,16,2:10.512,139.711,kph
2017,14,Singapore Grand Prix,2017-09-17,marina_bay,Marina Bay Street Circuit,alonso,ALO,Fernando Alonso,mclaren,McLaren,14,8,17,R,0,8,Collision damage,17,2:13.579,136.503,kph
2017,14,Singapore Grand Prix,2017-09-17,marina_bay,Marina Bay Street Circuit,vettel,VET,Sebastian Vettel,ferrari,Ferrari,5,1,18,R,0,0,Accident,,,,
2017,14,Singapore Grand Prix,2017-09-17,marina_bay,Marina Bay Street Circuit,max_verstappen,VER,Max Verstappen,red_bull,Red Bull,33,2,19,R,0,0,Accident,,,,
2017,14,Singapore Grand Prix,2017-09-17,marina_bay,Marina Bay Street Circuit,raikkonen,RAI,Kimi Räikkönen,ferrari,Ferrari,7,4,20,R,0,0,Accident,,,,
2017,15,Malaysian Grand Prix,2017-10-01,sepang,Sepang International Circuit,max_verstappen,VER,Max Verstappen,red_bull,Red Bull,33,3,1,1,25,56,Finished,4,1:34.467,211.235,kph
2017,15,Malaysian Grand Prix,2017-10-01,sepang,Sepang International Circuit,hamilton,HAM,Lewis Hamilton,mercedes,Mercedes,44,1,2,2,18,56,Finished,3,1:34.452,211.269,kph
2017,15,Malaysian Grand Prix,2017-10-01,sepang,Sepang International Circuit,ricciardo,RIC,Daniel Ricciardo,red_bull,Red Bull,3,4,3,3,15,56,Finished,5,1:34.770,210.560,kph
2017,15,Malaysian Grand Prix,2017-10-01,sepang,Sepang International Circuit,vettel,VET,Sebastian Vettel,ferrari,Ferrari,5,20,4,4,12,56,Finished,1,1:34.080,212.104,kph
2017,15,Malaysian Grand Prix,2017-10-01,sepang,Sepang International Circuit,bottas,BOT,Valtteri Bottas,mercedes,Mercedes,77,5,5,5,10,56,Finished,6,1:35.284,209.424,kph
2017,15,Malaysian Grand Prix,2017-10-01,sepang,Sepang International Circuit,perez,PER,Sergio Pérez,force_india,Force India,11,9,6,6,8,56,Finished,7,1:35.591,208.751,kph
2017,15,Malaysian Grand Prix,2017-10-01,sepang,Sepang International Circuit,vandoorne,VAN,Stoffel Vandoorne,mclaren,McLaren,2,7,7,7,6,55,+1 Lap,9,1:35.931,208.012,kph
2017,15,Malaysian Grand Prix,2017-10-01,sepang,Sepang International Circuit,stroll,STR,Lance Stroll,williams,Williams,18,13,8,8,4,55,+1 Lap,12,1:36.627,206.513,kph
2017,15,Malaysian Grand Prix,2017-10-01,sepang,Sepang International Circuit,massa,MAS,Felipe Massa,williams,Williams,19,11,9,9,2,55,+1 Lap,14,1:36.944,205.838,kph
2017,15,Malaysian Grand Prix,2017-10-01,sepang,Sepang International Circuit,ocon,OCO,Esteban Ocon,force_india,Force India,31,6,10,10,1,55,+1 Lap,15,1:37.075,205.560,kph
2017,15,Malaysian Grand Prix,2017-10-01,sepang,Sepang International Circuit,alonso,ALO,Fernando Alonso,mclaren,McLaren,14,10,11,11,0,55,+1 Lap,11,1:36.501,206.783,kph
2017,15,Malaysian Grand Prix,2017-10-01,sepang,Sepang International Circuit,kevin_magnussen,MAG,Kevin Magnussen,haas,Haas F1 Team,20,17,12,12,0,55,+1 Lap,18,1:37.192,205.313,kph
2017,15,Malaysian Grand Prix,2017-10-01,sepang,Sepang International Circuit,grosjean,GRO,Romain Grosjean,haas,Haas F1 Team,8,16,13,13,0,55,+1 Lap,8,1:35.796,208.305,kph
2017,15,Malaysian Grand Prix,2017-10-01,sepang,Sepang International Circuit,gasly,GAS,Pierre Gasly,toro_rosso,Toro Rosso,10,15,14,14,0,55,+1 Lap,16,1:37.170,205.359,kph
2017,15,Malaysian Grand Prix,2017-10-01,sepang,Sepang International Circuit,jolyon_palmer,PAL,Jolyon Palmer,renault,Renault,30,12,15,15,0,55,+1 Lap,17,1:37.186,205.325,kph
2017,15,Malaysian Grand Prix,2017-10-01,sepang,Sepang International Circuit,hulkenberg,HUL,Nico Hülkenberg,renault,Renault,27,8,16,16,0,55,+1 Lap,2,1:34.266,211.686,kph
2017,15,Malaysian Grand Prix,2017-10-01,sepang,Sepang International Circuit,wehrlein,WEH,Pascal Wehrlein,sauber,Sauber,94,18,17,17,0,55,+1 Lap,10,1:36.395,207.010,kph
2017,15,Malaysian Grand Prix,2017-10-01,sepang,Sepang International Circuit,ericsson,ERI,Marcus Ericsson,sauber,Sauber,9,19,18,18,0,54,+2 Laps,13,1:36.630,206.507,kph
2017,15,Malaysian Grand Prix,2017-10-01,sepang,Sepang International Circuit,sainz,SAI,Carlos Sainz,toro_rosso,Toro Rosso,55,14,19,R,0,29,Engine,19,1:38.123,203.365,kph
2017,15,Malaysian Grand Prix,2017-10-01,sepang,Sepang International Circuit,raikkonen,RAI,Kimi Räikkönen,ferrari,Ferrari,7,0,20,R,0,0,Battery,,,,
2017,16,Japanese Grand Prix,2017-10-08,suzuka,Suzuka Circuit,hamilton,HAM,Lewis Hamilton,mercedes,Mercedes,44,1,1,1,25,53,Finished,6,1:33.780,222.917,kph
2017,16,Japanese Grand Prix,2017-10-08,suzuka,Suzuka Circuit,max_verstappen,VER,Max Verstappen,red_bull,Red Bull,33,4,2,2,18,53,Finished,5,1:33.730,223.036,kph
2017,16,Japanese Grand Prix,2017-10-08,suzuka,Suzuka Circuit,ricciardo,RIC,Daniel Ricciardo,red_bull,Red Bull,3,3,3,3,15,53,Finished,3,1:33.694,223.122,kph
2017,16,Japanese Grand Prix,2017-10-08,suzuka,Suzuka Circuit,bottas,BOT,Valtteri Bottas,mercedes,Mercedes,77,6,4,4,12,53,Finished,1,1:33.144,224.439,kph
2017,16,Japanese Grand Prix,2017-10-08,suzuka,Suzuka Circuit,raikkonen,RAI,Kimi Räikkönen,ferrari,Ferrari,7,10,5,5,10,53,Finished,2,1:33.175,224.364,kph
2017,16,Japanese Grand Prix,2017-10-08,suzuka,Suzuka Circuit,ocon,OCO,Esteban Ocon,force_india,Force India,31,5,6,6,8,53,Finished,11,1:34.843,220.419,kph
2017,16,Japanese Grand Prix,2017-10-08,suzuka,Suzuka Circuit,perez,PER,Sergio Pérez,force_india,Force India,11,7,7,7,6,53,Finished,10,1:34.744,220.649,kph
2017,16,Japanese Grand Prix,2017-10-08,suzuka,Suzuka Circuit,kevin_magnussen,MAG,Kevin Magnussen,haas,Haas F1 Team,20,12,8,8,4,53,Finished,13,1:35.338,219.274,kph
2017,16,Japanese Grand Prix,2017-10-08,suzuka,Suzuka Circuit,grosjean,GRO,Romain Grosjean,haas,Haas F1 Team,8,13,9,9,2,53,Finished,14,1:35.347,219.253,kph
2017,16,Japanese Grand Prix,2017-10-08,suzuka,Suzuka Circuit,massa,MAS,Felipe Massa,williams,Williams,19,8,10,10,1,52,+1 Lap,16,1:35.943,217.891,kph
2017,16,Japanese Grand Prix,2017-10-08,suzuka,Suzuka Circuit,alonso,ALO,Fernando Alonso,mclaren,McLaren,14,20,11,11,0,52,+1 Lap,12,1:35.111,219.797,kph
2017,16,Japanese Grand Prix,2017-10-08,suzuka,Suzuka Circuit,jolyon_palmer,PAL,Jolyon Palmer,renault,Renault,30,18,12,12,0,52,+1 Lap,7,1:34.095,222.171,kph
2017,16,Japanese Grand Prix,2017-10-08,suzuka,Suzuka Circuit,gasly,GAS,Pierre Gasly,toro_rosso,Toro Rosso,10,14,13,13,0,52,+1 Lap,8,1:34.533,221.141,kph
2017,16,Japanese Grand Prix,2017-10-08,suzuka,Suzuka Circuit,vandoorne,VAN,Stoffel Vandoorne,mclaren,McLaren,2,9,14,14,0,52,+1 Lap,4,1:33.724,223.050,kph
2017,16,Japanese Grand Prix,2017-10-08,suzuka,Suzuka Circuit,wehrlein,WEH,Pascal Wehrlein,sauber,Sauber,94,17,15,15,0,51,+2 Laps,17,1:36.430,216.791,kph
2017,16,Japanese Grand Prix,2017-10-08,suzuka,Suzuka Circuit,stroll,STR,Lance Stroll,williams,Williams,18,15,16,R,0,45,Wheel,9,1:34.548,221.106,kph
2017,16,Japanese Grand Prix,2017-10-08,suzuka,Suzuka Circuit,hulkenberg,HUL,Nico Hülkenberg,renault,Renault,27,11,17,R,0,40,Front wing,15,1:35.883,218.028,kph
2017,16,Japanese Grand Prix,2017-10-08,suzuka,Suzuka Circuit,ericsson,ERI,Marcus Ericsson,sauber,Sauber,9,16,18,R,0,7,Accident,18,1:38.596,212.028,kph
2017,16,Japanese Grand Prix,2017-10-08,suzuka,Suzuka Circuit,vettel,VET,Sebastian Vettel,ferrari,Ferrari,5,2,19,R,0,4,Spark plugs,19,2:06.457,165.314,kph
2017,16,Japanese Grand Prix,2017-10-08,suzuka,Suzuka Circuit,sainz,SAI,Carlos Sainz,toro_rosso,Toro Rosso,55,19,20,R,0,0,Accident,,,,
2017,17,United States Grand Prix,2017-10-22,americas,Circuit of the Americas,hamilton,HAM,Lewis Hamilton,mercedes,Mercedes,44,1,1,1,25,56,Finished,5,1:38.776,200.927,kph
2017,17,United States Grand Prix,2017-10-22,americas,Circuit of the Americas,vettel,VET,Sebastian Vettel,ferrari,Ferrari,5,2,2,2,18,56,Finished,1,1:37.766,203.003,kph
2017,17,United States Grand Prix,2017-10-22,americas,Circuit of the Americas,raikkonen,RAI,Kimi Räikkönen,ferrari,Ferrari,7,5,3,3,15,56,Finished,6,1:38.809,200.860,kph
2017,17,United States Grand Prix,2017-10-22,americas,Circuit of the Americas,max_verstappen,VER,Max Verstappen,red_bull,Red Bull,33,16,4,4,12,56,Finished,4,1:38.060,202.394,kph
2017,17,United States Grand Prix,2017-10-22,americas,Circuit of the Americas,bottas,BOT,Valtteri Bottas,mercedes,Mercedes,77,3,5,5,10,56,Finished,2,1:37.767,203.001,kph
2017,17,United States Grand Prix,2017-10-22,americas,Circuit of the Americas,ocon,OCO,Esteban Ocon,force_india,Force India,31,6,6,6,8,56,Finished,13,1:40.499,197.482,kph
2017,17,United States Grand Prix,2017-10-22,americas,Circuit of the Americas,sainz,SAI,Carlos Sainz,renault,Renault,55,7,7,7,6,56,Finished,12,1:40.462,197.555,kph
2017,17,United States Grand Prix,2017-10-22,americas,Circuit of the Americas,perez,PER,Sergio Pérez,force_india,Force India,11,9,8,8,4,55,+1 Lap,14,1:40.851,196.793,kph
2017,17,United States Grand Prix,2017-10-22,americas,Circuit of the Americas,massa,MAS,Felipe Massa,williams,Williams,19,10,9,9,2,55,+1 Lap,10,1:40.131,198.208,kph
2017,17,United States Grand Prix,2017-10-22,americas,Circuit of the Americas,kvyat,KVY,Daniil Kvyat,toro_rosso,Toro Rosso,26,11,10,10,1,55,+1 Lap,15,1:40.971,196.559,kph
2017,17,United States Grand Prix,2017-10-22,americas,Circuit of the Americas,stroll,STR,Lance Stroll,williams,Williams,18,15,11,11,0,55,+1 Lap,7,1:39.666,199.133,kph
2017,17,United States Grand Prix,2017-10-22,americas,Circuit of the Americas,vandoorne,VAN,Stoffel Vandoorne,mclaren,McLaren,2,20,12,12,0,55,+1 Lap,11,1:40.349,197.777,kph
2017,17,United States Grand Prix,2017-10-22,americas,Circuit of the Americas,brendon_hartley,HAR,Brendon Hartley,toro_rosso,Toro Rosso,39,19,13,13,0,55,+1 Lap,8,1:39.979,198.509,kph
2017,17,United States Grand Prix,2017-10-22,americas,Circuit of the Americas,grosjean,GRO,Romain Grosjean,haas,Haas F1 Team,8,12,14,14,0,55,+1 Lap,17,1:41.259,196.000,kph
2017,17,United States Grand Prix,2017-10-22,americas,Circuit of the Americas,ericsson,ERI,Marcus Ericsson,sauber,Sauber,9,13,15,15,0,55,+1 Lap,16,1:41.041,196.423,kph
2017,17,United States Grand Prix,2017-10-22,americas,Circuit of the Americas,kevin_magnussen,MAG,Kevin Magnussen,haas,Haas F1 Team,20,17,16,16,0,55,+1 Lap,3,1:37.893,202.739,kph
2017,17,United States Grand Prix,2017-10-22,americas,Circuit of the Americas,alonso,ALO,Fernando Alonso,mclaren,McLaren,14,8,17,R,0,24,Engine,18,1:41.537,195.463,kph
2017,17,United States Grand Prix,2017-10-22,americas,Circuit of the Americas,ricciardo,RIC,Daniel Ricciardo,red_bull,Red Bull,3,4,18,R,0,14,Engine,9,1:40.102,198.265,kph
2017,17,United States Grand Prix,2017-10-22,americas,Circuit of the Americas,wehrlein,WEH,Pascal Wehrlein,sauber,Sauber,94,14,19,R,0,5,Collision,20,1:47.073,185.357,kph
2017,17,United States Grand Prix,2017-10-22,americas,Circuit of the Americas,hulkenberg,HUL,Nico Hülkenberg,renault,Renault,27,18,20,R,0,3,Engine,19,1:44.270,190.340,kph
2017,18,Mexican Grand Prix,2017-10-29,rodriguez,Autódromo Hermanos Rodríguez,max_verstappen,VER,Max Verstappen,red_bull,Red Bull,33,2,1,1,25,71,Finished,2,1:18.892,196.400,kph
2017,18,Mexican Grand Prix,2017-10-29,rodriguez,Autódromo Hermanos Rodríguez,bottas,BOT,Valtteri Bottas,mercedes,Mercedes,77,4,2,2,18,71,Finished,3,1:19.374,195.207,kph
2017,18,Mexican Grand Prix,2017-10-29,rodriguez,Autódromo Hermanos Rodríguez,raikkonen,RAI,Kimi Räikkönen,ferrari,Ferrari,7,5,3,3,15,71,Finished,6,1:20.054,193.549,kph
2017,18,Mexican Grand Prix,2017-10-29,rodriguez,Autódromo Hermanos Rodríguez,vettel,VET,Sebastian Vettel,ferrari,Ferrari,5,1,4,4,12,71,Finished,1,1:18.785,196.666,kph
2017,18,Mexican Grand Prix,2017-10-29,rodriguez,Autódromo Hermanos Rodríguez,ocon,OCO,Esteban Ocon,force_india,Force India,31,6,5,5,10,70,+1 Lap,9,1:20.946,191.416,kph
2017,18,Mexican Grand Prix,2017-10-29,rodriguez,Autódromo Hermanos Rodríguez,stroll,STR,Lance Stroll,williams,Williams,18,11,6,6,8,70,+1 Lap,12,1:21.062,191.142,kph
2017,18,Mexican Grand Prix,2017-10-29,rodriguez,Autódromo Hermanos Rodríguez,perez,PER,Sergio Pérez,force_india,Force India,11,9,7,7,6,70,+1 Lap,4,1:19.929,193.852,kph
2017,18,Mexican Grand Prix,2017-10-29,rodriguez,Autódromo Hermanos Rodríguez,kevin_magnussen,MAG,Kevin Magnussen,haas,Haas F1 Team,20,14,8,8,4,70,+1 Lap,14,1:21.214,190.784,kph
2017,18,Mexican Grand Prix,2017-10-29,rodriguez,Autódromo Hermanos Rodríguez,hamilton,HAM,Lewis Hamilton,mercedes,Mercedes,44,3,9,9,2,70,+1 Lap,5,1:19.945,193.813,kph
2017,18,Mexican Grand Prix,2017-10-29,rodriguez,Autódromo Hermanos Rodríguez,alonso,ALO,Fernando Alonso,mclaren,McLaren,14,18,10,10,1,70,+1 Lap,11,1:21.014,191.255,kph
2017,18,Mexican Grand Prix,2017-10-29,rodriguez,Autódromo Hermanos Rodríguez,massa,MAS,Felipe Massa,williams,Williams,19,10,11,11,0,70,+1 Lap,13,1:21.136,190.968,kph
2017,18,Mexican Grand Prix,2017-10-29,rodriguez,Autódromo Hermanos Rodríguez,vandoorne,VAN,Stoffel Vandoorne,mclaren,McLaren,2,19,12,12,0,70,+1 Lap,10,1:20.972,191.355,kph
2017,18,Mexican Grand Prix,2017-10-29,rodriguez,Autódromo Hermanos Rodríguez,gasly,GAS,Pierre Gasly,toro_rosso,Toro Rosso,10,20,13,13,0,70,+1 Lap,8,1:20.859,191.622,kph
2017,18,Mexican Grand Prix,2017-10-29,rodriguez,Autódromo Hermanos Rodríguez,wehrlein,WEH,Pascal Wehrlein,sauber,Sauber,94,13,14,14,0,69,+2 Laps,16,1:21.638,189.793,kph
2017,18,Mexican Grand Prix,2017-10-29,rodriguez,Autódromo Hermanos Rodríguez,grosjean,GRO,Romain Grosjean,haas,Haas F1 Team,8,15,15,15,0,69,+2 Laps,7,1:20.345,192.848,kph
2017,18,Mexican Grand Prix,2017-10-29,rodriguez,Autódromo Hermanos Rodríguez,sainz,SAI,Carlos Sainz,renault,Renault,55,8,16,R,0,59,Engine,15,1:21.360,190.442,kph
2017,18,Mexican Grand Prix,2017-10-29,rodriguez,Autódromo Hermanos Rodríguez,ericsson,ERI,Marcus Ericsson,sauber,Sauber,9,12,17,R,0,55,Engine,17,1:21.686,189.682,kph
2017,18,Mexican Grand Prix,2017-10-29,rodriguez,Autódromo Hermanos Rodríguez,brendon_hartley,HAR,Brendon Hartley,toro_rosso,Toro Rosso,28,17,18,R,0,30,Engine,19,1:22.572,187.647,kph
2017,18,Mexican Grand Prix,2017-10-29,rodriguez,Autódromo Hermanos Rodríguez,hulkenberg,HUL,Nico Hülkenberg,renault,Renault,27,7,19,R,0,24,Electrical,18,1:21.691,189.670,kph
2017,18,Mexican Grand Prix,2017-10-29,rodriguez,Autódromo Hermanos Rodríguez,ricciardo,RIC,Daniel Ricciardo,red_bull,Red Bull,3,16,20,R,0,5,Engine,20,1:22.789,187.155,kph
2017,19,Brazilian Grand Prix,2017-11-12,interlagos,Autódromo José Carlos Pace,vettel,VET,Sebastian Vettel,ferrari,Ferrari,5,2,1,1,25,71,Finished,7,1:12.539,213.849,kph
2017,19,Brazilian Grand Prix,2017-11-12,interlagos,Autódromo José Carlos Pace,bottas,BOT,Valtteri Bottas,mercedes,Mercedes,77,1,2,2,18,71,Finished,5,1:12.466,214.064,kph
2017,19,Brazilian Grand Prix,2017-11-12,interlagos,Autódromo José Carlos Pace,raikkonen,RAI,Kimi Räikkönen,ferrari,Ferrari,7,3,3,3,15,71,Finished,6,1:12.492,213.987,kph
2017,19,Brazilian Grand Prix,2017-11-12,interlagos,Autódromo José Carlos Pace,hamilton,HAM,Lewis Hamilton,mercedes,Mercedes,44,20,4,4,12,71,Finished,2,1:11.845,215.914,kph
2017,19,Brazilian Grand Prix,2017-11-12,interlagos,Autódromo José Carlos Pace,max_verstappen,VER,Max Verstappen,red_bull,Red Bull,33,4,5,5,10,71,Finished,1,1:11.044,218.349,kph
2017,19,Brazilian Grand Prix,2017-11-12,interlagos,Autódromo José Carlos Pace,ricciardo,RIC,Daniel Ricciardo,red_bull,Red Bull,3,14,6,6,8,71,Finished,4,1:12.029,215.363,kph
2017,19,Brazilian Grand Prix,2017-11-12,interlagos,Autódromo José Carlos Pace,massa,MAS,Felipe Massa,williams,Williams,19,9,7,7,6,71,Finished,11,1:13.452,211.190,kph
2017,19,Brazilian Grand Prix,2017-11-12,interlagos,Autódromo José Carlos Pace,alonso,ALO,Fernando Alonso,mclaren,McLaren,14,6,8,8,4,71,Finished,10,1:13.451,211.193,kph
2017,19,Brazilian Grand Prix,2017-11-12,interlagos,Autódromo José Carlos Pace,perez,PER,Sergio Pérez,force_india,Force India,11,5,9,9,2,71,Finished,8,1:13.052,212.347,kph
2017,19,Brazilian Grand Prix,2017-11-12,interlagos,Autódromo José Carlos Pace,hulkenberg,HUL,Nico Hülkenberg,renault,Renault,27,7,10,10,1,70,+1 Lap,15,1:13.758,210.314,kph
2017,19,Brazilian Grand Prix,2017-11-12,interlagos,Autódromo José Carlos Pace,sainz,SAI,Carlos Sainz,renault,Renault,55,8,11,11,0,70,+1 Lap,13,1:13.625,210.694,kph
2017,19,Brazilian Grand Prix,2017-11-12,interlagos,Autódromo José Carlos Pace,gasly,GAS,Pierre Gasly,toro_rosso,Toro Rosso,10,19,12,12,0,70,+1 Lap,9,1:13.323,211.562,kph
2017,19,Brazilian Grand Prix,2017-11-12,interlagos,Autódromo José Carlos Pace,ericsson,ERI,Marcus Ericsson,sauber,Sauber,9,17,13,13,0,70,+1 Lap,14,1:13.666,210.577,kph
2017,19,Brazilian Grand Prix,2017-11-12,interlagos,Autódromo José Carlos Pace,wehrlein,WEH,Pascal Wehrlein,sauber,Sauber,94,15,14,14,0,70,+1 Lap,17,1:14.812,207.351,kph
2017,19,Brazilian Grand Prix,2017-11-12,interlagos,Autódromo José Carlos Pace,grosjean,GRO,Romain Grosjean,haas,Haas F1 Team,8,11,15,15,0,69,+2 Laps,12,1:13.532,210.961,kph
2017,19,Brazilian Grand Prix,2017-11-12,interlagos,Autódromo José Carlos Pace,stroll,STR,Lance Stroll,williams,Williams,18,16,16,16,0,69,+2 Laps,3,1:11.862,215.863,kph
2017,19,Brazilian Grand Prix,2017-11-12,interlagos,Autódromo José Carlos Pace,brendon_hartley,HAR,Brendon Hartley,toro_rosso,Toro Rosso,28,18,17,R,0,40,Engine,16,1:14.658,207.779,kph
2017,19,Brazilian Grand Prix,2017-11-12,interlagos,Autódromo José Carlos Pace,ocon,OCO,Esteban Ocon,force_india,Force India,31,10,18,R,0,0,Accident,,,,
2017,19,Brazilian Grand Prix,2017-11-12,interlagos,Autódromo José Carlos Pace,vandoorne,VAN,Stoffel Vandoorne,mclaren,McLaren,2,12,19,R,0,0,Accident,,,,
2017,19,Brazilian Grand Prix,2017-11-12,interlagos,Autódromo José Carlos Pace,kevin_magnussen,MAG,Kevin Magnussen,haas,Haas F1 Team,20,13,20,R,0,0,Accident,,,,
2017,20,Abu Dhabi Grand Prix,2017-11-26,yas_marina,Yas Marina Circuit,bottas,BOT,Valtteri Bottas,mercedes,Mercedes,77,1,1,1,25,55,Finished,1,1:40.650,198.652,kph
2017,20,Abu Dhabi Grand Prix,2017-11-26,yas_marina,Yas Marina Circuit,hamilton,HAM,Lewis Hamilton,mercedes,Mercedes,44,2,2,2,18,55,Finished,3,1:41.473,197.041,kph
2017,20,Abu Dhabi Grand Prix,2017-11-26,yas_marina,Yas Marina Circuit,vettel,VET,Sebastian Vettel,ferrari,Ferrari,5,3,3,3,15,55,Finished,2,1:40.770,198.416,kph
2017,20,Abu Dhabi Grand Prix,2017-11-26,yas_marina,Yas Marina Circuit,raikkonen,RAI,Kimi Räikkönen,ferrari,Ferrari,7,5,4,4,12,55,Finished,7,1:42.338,195.376,kph
2017,20,Abu Dhabi Grand Prix,2017-11-26,yas_marina,Yas Marina Circuit,max_verstappen,VER,Max Verstappen,red_bull,Red Bull,33,6,5,5,10,55,Finished,5,1:42.028,195.969,kph
2017,20,Abu Dhabi Grand Prix,2017-11-26,yas_marina,Yas Marina Circuit,hulkenberg,HUL,Nico Hülkenberg,renault,Renault,27,7,6,6,8,55,Finished,8,1:42.376,195.303,kph
2017,20,Abu Dhabi Grand Prix,2017-11-26,yas_marina,Yas Marina Circuit,perez,PER,Sergio Pérez,force_india,Force India,11,8,7,7,6,55,Finished,11,1:42.689,194.708,kph
2017,20,Abu Dhabi Grand Prix,2017-11-26,yas_marina,Yas Marina Circuit,ocon,OCO,Esteban Ocon,force_india,Force India,31,9,8,8,4,55,Finished,10,1:42.609,194.860,kph
2017,20,Abu Dhabi Grand Prix,2017-11-26,yas_marina,Yas Marina Circuit,alonso,ALO,Fernando Alonso,mclaren,McLaren,14,11,9,9,2,54,+1 Lap,4,1:43.378,193.410,kph
2017,20,Abu Dhabi Grand Prix,2017-11-26,yas_marina,Yas Marina Circuit,massa,MAS,Felipe Massa,williams,Williams,19,10,10,10,1,54,+1 Lap,13,1:43.026,194.071,kph
2017,20,Abu Dhabi Grand Prix,2017-11-26,yas_marina,Yas Marina Circuit,grosjean,GRO,Romain Grosjean,haas,Haas F1 Team,8,16,11,11,0,54,+1 Lap,9,1:42.437,195.187,kph
2017,20,Abu Dhabi Grand Prix,2017-11-26,yas_marina,Yas Marina Circuit,vandoorne,VAN,Stoffel Vandoorne,mclaren,McLaren,2,13,12,12,0,54,+1 Lap,20,1:43.986,192.279,kph
2017,20,Abu Dhabi Grand Prix,2017-11-26,yas_marina,Yas Marina Circuit,kevin_magnussen,MAG,Kevin Magnussen,haas,Haas F1 Team,20,14,13,13,0,54,+1 Lap,19,1:43.928,192.387,kph
2017,20,Abu Dhabi Grand Prix,2017-11-26,yas_marina,Yas Marina Circuit,wehrlein,WEH,Pascal Wehrlein,sauber,Sauber,94,18,14,14,0,54,+1 Lap,17,1:43.867,192.500,kph
2017,20,Abu Dhabi Grand Prix,2017-11-26,yas_marina,Yas Marina Circuit,brendon_hartley,HAR,Brendon Hartley,toro_rosso,Toro Rosso,28,20,15,15,0,54,+1 Lap,18,1:43.897,192.444,kph
2017,20,Abu Dhabi Grand Prix,2017-11-26,yas_marina,Yas Marina Circuit,gasly,GAS,Pierre Gasly,toro_rosso,Toro Rosso,10,17,16,16,0,54,+1 Lap,16,1:43.844,192.542,kph
2017,20,Abu Dhabi Grand Prix,2017-11-26,yas_marina,Yas Marina Circuit,ericsson,ERI,Marcus Ericsson,sauber,Sauber,9,19,17,17,0,54,+1 Lap,15,1:43.567,193.057,kph
2017,20,Abu Dhabi Grand Prix,2017-11-26,yas_marina,Yas Marina Circuit,stroll,STR,Lance Stroll,williams,Williams,18,15,18,18,0,54,+1 Lap,6,1:42.324,195.402,kph
2017,20,Abu Dhabi Grand Prix,2017-11-26,yas_marina,Yas Marina Circuit,sainz,SAI,Carlos Sainz,renault,Renault,55,12,19,R,0,31,Wheel,14,1:43.378,193.410,kph
2017,20,Abu Dhabi Grand Prix,2017-11-26,yas_marina,Yas Marina Circuit,ricciardo,RIC,Daniel Ricciardo,red_bull,Red Bull,3,4,20,R,0,20,Hydraulics,12,1:42.757,194.579,kph
2018,1,Australian Grand Prix,2018-03-25,albert_park,Albert Park Grand Prix Circuit,vettel,VET,Sebastian Vettel,ferrari,Ferrari,5,3,1,1,25,58,Finished,4,1:26.469,220.782,kph
2018,1,Australian Grand Prix,2018-03-25,albert_park,Albert Park Grand Prix Circuit,hamilton,HAM,Lewis Hamilton,mercedes,Mercedes,44,1,2,2,18,58,Finished,3,1:26.444,220.845,kph
2018,1,Australian Grand Prix,2018-03-25,albert_park,Albert Park Grand Prix Circuit,raikkonen,RAI,Kimi Räikkönen,ferrari,Ferrari,7,2,3,3,15,58,Finished,2,1:26.373,221.027,kph
2018,1,Australian Grand Prix,2018-03-25,albert_park,Albert Park Grand Prix Circuit,ricciardo,RIC,Daniel Ricciardo,red_bull,Red Bull,3,8,4,4,12,58,Finished,1,1:25.945,222.128,kph
2018,1,Australian Grand Prix,2018-03-25,albert_park,Albert Park Grand Prix Circuit,alonso,ALO,Fernando Alonso,mclaren,McLaren,14,10,5,5,10,58,Finished,7,1:26.978,219.489,kph
2018,1,Australian Grand Prix,2018-03-25,albert_park,Albert Park Grand Prix Circuit,max_verstappen,VER,Max Verstappen,red_bull,Red Bull,33,4,6,6,8,58,Finished,5,1:26.880,219.737,kph
2018,1,Australian Grand Prix,2018-03-25,albert_park,Albert Park Grand Prix Circuit,hulkenberg,HUL,Nico Hülkenberg,renault,Renault,27,7,7,7,6,58,Finished,9,1:27.081,219.230,kph
2018,1,Australian Grand Prix,2018-03-25,albert_park,Albert Park Grand Prix Circuit,bottas,BOT,Valtteri Bottas,mercedes,Mercedes,77,15,8,8,4,58,Finished,8,1:27.019,219.386,kph
2018,1,Australian Grand Prix,2018-03-25,albert_park,Albert Park Grand Prix Circuit,vandoorne,VAN,Stoffel Vandoorne,mclaren,McLaren,2,11,9,9,2,58,Finished,6,1:26.958,219.540,kph
2018,1,Australian Grand Prix,2018-03-25,albert_park,Albert Park Grand Prix Circuit,sainz,SAI,Carlos Sainz,renault,Renault,55,9,10,10,1,58,Finished,12,1:27.944,217.079,kph
2018,1,Australian Grand Prix,2018-03-25,albert_park,Albert Park Grand Prix Circuit,perez,PER,Sergio Pérez,force_india,Force India,11,12,11,11,0,58,Finished,11,1:27.633,217.849,kph
2018,1,Australian Grand Prix,2018-03-25,albert_park,Albert Park Grand Prix Circuit,ocon,OCO,Esteban Ocon,force_india,Force India,31,14,12,12,0,58,Finished,10,1:27.600,217.931,kph
2018,1,Australian Grand Prix,2018-03-25,albert_park,Albert Park Grand Prix Circuit,leclerc,LEC,Charles Leclerc,sauber,Sauber,16,18,13,13,0,58,Finished,15,1:28.759,215.085,kph
2018,1,Australian Grand Prix,2018-03-25,albert_park,Albert Park Grand Prix Circuit,stroll,STR,Lance Stroll,williams,Williams,18,13,14,14,0,58,Finished,14,1:28.511,215.688,kph
2018,1,Australian Grand Prix,2018-03-25,albert_park,Albert Park Grand Prix Circuit,brendon_hartley,HAR,Brendon Hartley,toro_rosso,Toro Rosso,28,16,15,15,0,57,+1 Lap,13,1:28.176,216.507,kph
2018,1,Australian Grand Prix,2018-03-25,albert_park,Albert Park Grand Prix Circuit,grosjean,GRO,Romain Grosjean,haas,Haas F1 Team,8,6,16,R,0,24,Wheel,16,1:28.805,214.974,kph
2018,1,Australian Grand Prix,2018-03-25,albert_park,Albert Park Grand Prix Circuit,kevin_magnussen,MAG,Kevin Magnussen,haas,Haas F1 Team,20,5,17,R,0,22,Wheel,17,1:29.534,213.224,kph
2018,1,Australian Grand Prix,2018-03-25,albert_park,Albert Park Grand Prix Circuit,gasly,GAS,Pierre Gasly,toro_rosso,Toro Rosso,10,20,18,R,0,13,Engine,18,1:30.649,210.601,kph
2018,1,Australian Grand Prix,2018-03-25,albert_park,Albert Park Grand Prix Circuit,ericsson,ERI,Marcus Ericsson,sauber,Sauber,9,17,19,R,0,5,Steering,19,1:32.210,207.036,kph
2018,1,Australian Grand Prix,2018-03-25,albert_park,Albert Park Grand Prix Circuit,sirotkin,SIR,Sergey Sirotkin,williams,Williams,35,19,20,R,0,4,Brakes,20,1:32.573,206.224,kph
2018,2,Bahrain Grand Prix,2018-04-08,bahrain,Bahrain International Circuit,vettel,VET,Sebastian Vettel,ferrari,Ferrari,5,1,1,1,25,57,Finished,7,1:34.453,206.274,kph
2018,2,Bahrain Grand Prix,2018-04-08,bahrain,Bahrain International Circuit,bottas,BOT,Valtteri Bottas,mercedes,Mercedes,77,3,2,2,18,57,Finished,1,1:33.740,207.842,kph
2018,2,Bahrain Grand Prix,2018-04-08,bahrain,Bahrain International Circuit,hamilton,HAM,Lewis Hamilton,mercedes,Mercedes,44,9,3,3,15,57,Finished,2,1:33.953,207.371,kph
2018,2,Bahrain Grand Prix,2018-04-08,bahrain,Bahrain International Circuit,gasly,GAS,Pierre Gasly,toro_rosso,Toro Rosso,10,5,4,4,12,57,Finished,11,1:34.863,205.382,kph
2018,2,Bahrain Grand Prix,2018-04-08,bahrain,Bahrain International Circuit,kevin_magnussen,MAG,Kevin Magnussen,haas,Haas F1 Team,20,6,5,5,10,57,Finished,5,1:34.327,206.549,kph
2018,2,Bahrain Grand Prix,2018-04-08,bahrain,Bahrain International Circuit,hulkenberg,HUL,Nico Hülkenberg,renault,Renault,27,7,6,6,8,57,Finished,9,1:34.667,205.807,kph
2018,2,Bahrain Grand Prix,2018-04-08,bahrain,Bahrain International Circuit,alonso,ALO,Fernando Alonso,mclaren,McLaren,14,13,7,7,6,56,+1 Lap,4,1:34.168,206.898,kph
2018,2,Bahrain Grand Prix,2018-04-08,bahrain,Bahrain International Circuit,vandoorne,VAN,Stoffel Vandoorne,mclaren,McLaren,2,14,8,8,4,56,+1 Lap,16,1:35.131,204.803,kph
2018,2,Bahrain Grand Prix,2018-04-08,bahrain,Bahrain International Circuit,ericsson,ERI,Marcus Ericsson,sauber,Sauber,9,17,9,9,2,56,+1 Lap,15,1:35.093,204.885,kph
2018,2,Bahrain Grand Prix,2018-04-08,bahrain,Bahrain International Circuit,ocon,OCO,Esteban Ocon,force_india,Force India,31,8,10,10,1,56,+1 Lap,12,1:35.043,204.993,kph
2018,2,Bahrain Grand Prix,2018-04-08,bahrain,Bahrain International Circuit,sainz,SAI,Carlos Sainz,renault,Renault,55,10,11,11,0,56,+1 Lap,18,1:35.535,203.937,kph
2018,2,Bahrain Grand Prix,2018-04-08,bahrain,Bahrain International Circuit,leclerc,LEC,Charles Leclerc,sauber,Sauber,16,19,12,12,0,56,+1 Lap,14,1:35.075,204.924,kph
2018,2,Bahrain Grand Prix,2018-04-08,bahrain,Bahrain International Circuit,grosjean,GRO,Romain Grosjean,haas,Haas F1 Team,8,16,13,13,0,56,+1 Lap,10,1:34.689,205.759,kph
2018,2,Bahrain Grand Prix,2018-04-08,bahrain,Bahrain International Circuit,stroll,STR,Lance Stroll,williams,Williams,18,20,14,14,0,56,+1 Lap,13,1:35.058,204.961,kph
2018,2,Bahrain Grand Prix,2018-04-08,bahrain,Bahrain International Circuit,sirotkin,SIR,Sergey Sirotkin,williams,Williams,35,18,15,15,0,56,+1 Lap,3,1:34.053,207.151,kph
2018,2,Bahrain Grand Prix,2018-04-08,bahrain,Bahrain International Circuit,perez,PER,Sergio Pérez,force_india,Force India,11,12,16,16,0,56,+1 Lap,17,1:35.266,204.513,kph
2018,2,Bahrain Grand Prix,2018-04-08,bahrain,Bahrain International Circuit,brendon_hartley,HAR,Brendon Hartley,toro_rosso,Toro Rosso,28,11,17,17,0,56,+1 Lap,8,1:34.563,206.034,kph
2018,2,Bahrain Grand Prix,2018-04-08,bahrain,Bahrain International Circuit,raikkonen,RAI,Kimi Räikkönen,ferrari,Ferrari,7,2,18,R,0,35,Wheel,6,1:34.337,206.527,kph
2018,2,Bahrain Grand Prix,2018-04-08,bahrain,Bahrain International Circuit,max_verstappen,VER,Max Verstappen,red_bull,Red Bull,33,15,19,R,0,3,Puncture,,,,
2018,2,Bahrain Grand Prix,2018-04-08,bahrain,Bahrain International Circuit,ricciardo,RIC,Daniel Ricciardo,red_bull,Red Bull,3,4,20,R,0,1,Electrical,,,,
2018,3,Chinese Grand Prix,2018-04-15,shanghai,Shanghai International Circuit,ricciardo,RIC,Daniel Ricciardo,red_bull,Red Bull,3,6,1,1,25,56,Finished,1,1:35.785,204.871,kph
2018,3,Chinese Grand Prix,2018-04-15,shanghai,Shanghai International Circuit,bottas,BOT,Valtteri Bottas,mercedes,Mercedes,77,3,2,2,18,56,Finished,6,1:36.987,202.332,kph
2018,3,Chinese Grand Prix,2018-04-15,shanghai,Shanghai International Circuit,raikkonen,RAI,Kimi Räikkönen,ferrari,Ferrari,7,2,3,3,15,56,Finished,3,1:36.456,203.446,kph
2018,3,Chinese Grand Prix,2018-04-15,shanghai,Shanghai International Circuit,hamilton,HAM,Lewis Hamilton,mercedes,Mercedes,44,4,4,4,12,56,Finished,4,1:36.878,202.559,kph
2018,3,Chinese Grand Prix,2018-04-15,shanghai,Shanghai International Circuit,max_verstappen,VER,Max Verstappen,red_bull,Red Bull,33,5,5,5,10,56,Finished,2,1:36.206,203.974,kph
2018,3,Chinese Grand Prix,2018-04-15,shanghai,Shanghai International Circuit,hulkenberg,HUL,Nico Hülkenberg,renault,Renault,27,7,6,6,8,56,Finished,5,1:36.881,202.553,kph
2018,3,Chinese Grand Prix,2018-04-15,shanghai,Shanghai International Circuit,alonso,ALO,Fernando Alonso,mclaren,McLaren,14,13,7,7,6,56,Finished,7,1:37.234,201.818,kph
2018,3,Chinese Grand Prix,2018-04-15,shanghai,Shanghai International Circuit,vettel,VET,Sebastian Vettel,ferrari,Ferrari,5,1,8,8,4,56,Finished,9,1:37.479,201.311,kph
2018,3,Chinese Grand Prix,2018-04-15,shanghai,Shanghai International Circuit,sainz,SAI,Carlos Sainz,renault,Renault,55,9,9,9,2,56,Finished,11,1:37.754,200.744,kph
2018,3,Chinese Grand Prix,2018-04-15,shanghai,Shanghai International Circuit,kevin_magnussen,MAG,Kevin Magnussen,haas,Haas F1 Team,20,11,10,10,1,56,Finished,14,1:38.152,199.930,kph
2018,3,Chinese Grand Prix,2018-04-15,shanghai,Shanghai International Circuit,ocon,OCO,Esteban Ocon,force_india,Force India,31,12,11,11,0,56,Finished,12,1:37.985,200.271,kph
2018,3,Chinese Grand Prix,2018-04-15,shanghai,Shanghai International Circuit,perez,PER,Sergio Pérez,force_india,Force India,11,8,12,12,0,56,Finished,10,1:37.673,200.911,kph
2018,3,Chinese Grand Prix,2018-04-15,shanghai,Shanghai International Circuit,vandoorne,VAN,Stoffel Vandoorne,mclaren,McLaren,2,14,13,13,0,56,Finished,13,1:38.137,199.961,kph
2018,3,Chinese Grand Prix,2018-04-15,shanghai,Shanghai International Circuit,stroll,STR,Lance Stroll,williams,Williams,18,18,14,14,0,56,Finished,17,1:38.500,199.224,kph
2018,3,Chinese Grand Prix,2018-04-15,shanghai,Shanghai International Circuit,sirotkin,SIR,Sergey Sirotkin,williams,Williams,35,16,15,15,0,56,Finished,18,1:38.624,198.973,kph
2018,3,Chinese Grand Prix,2018-04-15,shanghai,Shanghai International Circuit,ericsson,ERI,Marcus Ericsson,sauber,Sauber,9,20,16,16,0,56,Finished,16,1:38.386,199.455,kph
2018,3,Chinese Grand Prix,2018-04-15,shanghai,Shanghai International Circuit,grosjean,GRO,Romain Grosjean,haas,Haas F1 Team,8,10,17,17,0,56,Finished,8,1:37.410,201.453,kph
2018,3,Chinese Grand Prix,2018-04-15,shanghai,Shanghai International Circuit,gasly,GAS,Pierre Gasly,toro_rosso,Toro Rosso,10,17,18,18,0,56,Finished,15,1:38.367,199.493,kph
2018,3,Chinese Grand Prix,2018-04-15,shanghai,Shanghai International Circuit,leclerc,LEC,Charles Leclerc,sauber,Sauber,16,19,19,19,0,56,Finished,19,1:38.808,198.603,kph
2018,3,Chinese Grand Prix,2018-04-15,shanghai,Shanghai International Circuit,brendon_hartley,HAR,Brendon Hartley,toro_rosso,Toro Rosso,28,15,20,20,0,51,Collision damage,20,1:39.376,197.468,kph
2018,4,Azerbaijan Grand Prix,2018-04-29,baku,Baku City Circuit,hamilton,HAM,Lewis Hamilton,mercedes,Mercedes,44,2,1,1,25,51,Finished,2,1:45.412,205.012,kph
2018,4,Azerbaijan Grand Prix,2018-04-29,baku,Baku City Circuit,raikkonen,RAI,Kimi Räikkönen,ferrari,Ferrari,7,6,2,2,18,51,Finished,7,1:46.523,202.874,kph
2018,4,Azerbaijan Grand Prix,2018-04-29,baku,Baku City Circuit,perez,PER,Sergio Pérez,force_india,Force India,11,8,3,3,15,51,Finished,6,1:46.206,203.480,kph
2018,4,Azerbaijan Grand Prix,2018-04-29,baku,Baku City Circuit,vettel,VET,Sebastian Vettel,ferrari,Ferrari,5,1,4,4,12,51,Finished,4,1:45.530,204.783,kph
2018,4,Azerbaijan Grand Prix,2018-04-29,baku,Baku City Circuit,sainz,SAI,Carlos Sainz,renault,Renault,55,9,5,5,10,51,Finished,9,1:46.856,202.242,kph
2018,4,Azerbaijan Grand Prix,2018-04-29,baku,Baku City Circuit,leclerc,LEC,Charles Leclerc,sauber,Sauber,16,13,6,6,8,51,Finished,11,1:47.403,201.212,kph
2018,4,Azerbaijan Grand Prix,2018-04-29,baku,Baku City Circuit,alonso,ALO,Fernando Alonso,mclaren,McLaren,14,12,7,7,6,51,Finished,12,1:47.449,201.126,kph
2018,4,Azerbaijan Grand Prix,2018-04-29,baku,Baku City Circuit,stroll,STR,Lance Stroll,williams,Williams,18,10,8,8,4,51,Finished,8,1:46.815,202.319,kph
2018,4,Azerbaijan Grand Prix,2018-04-29,baku,Baku City Circuit,vandoorne,VAN,Stoffel Vandoorne,mclaren,McLaren,2,16,9,9,2,51,Finished,13,1:47.666,200.720,kph
2018,4,Azerbaijan Grand Prix,2018-04-29,baku,Baku City Circuit,brendon_hartley,HAR,Brendon Hartley,toro_rosso,Toro Rosso,28,19,10,10,1,51,Finished,17,1:48.288,199.567,kph
2018,4,Azerbaijan Grand Prix,2018-04-29,baku,Baku City Circuit,ericsson,ERI,Marcus Ericsson,sauber,Sauber,9,18,11,11,0,51,Finished,14,1:47.925,200.239,kph
2018,4,Azerbaijan Grand Prix,2018-04-29,baku,Baku City Circuit,gasly,GAS,Pierre Gasly,toro_rosso,Toro Rosso,10,17,12,12,0,51,Finished,15,1:48.035,200.035,kph
2018,4,Azerbaijan Grand Prix,2018-04-29,baku,Baku City Circuit,kevin_magnussen,MAG,Kevin Magnussen,haas,Haas F1 Team,20,15,13,13,0,51,Finished,16,1:48.155,199.813,kph
2018,4,Azerbaijan Grand Prix,2018-04-29,baku,Baku City Circuit,bottas,BOT,Valtteri Bottas,mercedes,Mercedes,77,3,14,R,0,48,Puncture,1,1:45.149,205.525,kph
2018,4,Azerbaijan Grand Prix,2018-04-29,baku,Baku City Circuit,grosjean,GRO,Romain Grosjean,haas,Haas F1 Team,8,20,15,R,0,42,Accident,10,1:46.880,202.196,kph
2018,4,Azerbaijan Grand Prix,2018-04-29,baku,Baku City Circuit,max_verstappen,VER,Max Verstappen,red_bull,Red Bull,33,5,16,R,0,39,Collision,5,1:45.771,204.316,kph
2018,4,Azerbaijan Grand Prix,2018-04-29,baku,Baku City Circuit,ricciardo,RIC,Daniel Ricciardo,red_bull,Red Bull,3,4,17,R,0,39,Collision,3,1:45.419,204.999,kph
2018,4,Azerbaijan Grand Prix,2018-04-29,baku,Baku City Circuit,hulkenberg,HUL,Nico Hülkenberg,renault,Renault,27,14,18,R,0,10,Accident,18,1:48.867,198.506,kph
2018,4,Azerbaijan Grand Prix,2018-04-29,baku,Baku City Circuit,ocon,OCO,Esteban Ocon,force_india,Force India,31,7,19,R,0,0,Collision,,,,
2018,4,Azerbaijan Grand Prix,2018-04-29,baku,Baku City Circuit,sirotkin,SIR,Sergey Sirotkin,williams,Williams,35,11,20,R,0,0,Collision,,,,
2018,5,Spanish Grand Prix,2018-05-13,catalunya,Circuit de Barcelona-Catalunya,hamilton,HAM,Lewis Hamilton,mercedes,Mercedes,44,1,1,1,25,66,Finished,3,1:19.133,211.770,kph
2018,5,Spanish Grand Prix,2018-05-13,catalunya,Circuit de Barcelona-Catalunya,bottas,BOT,Valtteri Bottas,mercedes,Mercedes,77,2,2,2,18,66,Finished,5,1:19.478,210.850,kph
2018,5,Spanish Grand Prix,2018-05-13,catalunya,Circuit de Barcelona-Catalunya,max_verstappen,VER,Max Verstappen,red_bull,Red Bull,33,5,3,3,15,66,Finished,4,1:19.422,210.999,kph
2018,5,Spanish Grand Prix,2018-05-13,catalunya,Circuit de Barcelona-Catalunya,vettel,VET,Sebastian Vettel,ferrari,Ferrari,5,3,4,4,12,66,Finished,2,1:19.128,211.783,kph
2018,5,Spanish Grand Prix,2018-05-13,catalunya,Circuit de Barcelona-Catalunya,ricciardo,RIC,Daniel Ricciardo,red_bull,Red Bull,3,6,5,5,10,66,Finished,1,1:18.441,213.638,kph
2018,5,Spanish Grand Prix,2018-05-13,catalunya,Circuit de Barcelona-Catalunya,kevin_magnussen,MAG,Kevin Magnussen,haas,Haas F1 Team,20,7,6,6,8,65,+1 Lap,6,1:20.246,208.832,kph
2018,5,Spanish Grand Prix,2018-05-13,catalunya,Circuit de Barcelona-Catalunya,sainz,SAI,Carlos Sainz,renault,Renault,55,9,7,7,6,65,+1 Lap,9,1:21.324,206.064,kph
2018,5,Spanish Grand Prix,2018-05-13,catalunya,Circuit de Barcelona-Catalunya,alonso,ALO,Fernando Alonso,mclaren,McLaren,14,8,8,8,4,65,+1 Lap,7,1:20.727,207.588,kph
2018,5,Spanish Grand Prix,2018-05-13,catalunya,Circuit de Barcelona-Catalunya,perez,PER,Sergio Pérez,force_india,Force India,11,15,9,9,2,64,+2 Laps,8,1:21.128,206.562,kph
2018,5,Spanish Grand Prix,2018-05-13,catalunya,Circuit de Barcelona-Catalunya,leclerc,LEC,Charles Leclerc,sauber,Sauber,16,14,10,10,1,64,+2 Laps,14,1:22.122,204.062,kph
2018,5,Spanish Grand Prix,2018-05-13,catalunya,Circuit de Barcelona-Catalunya,stroll,STR,Lance Stroll,williams,Williams,18,18,11,11,0,64,+2 Laps,12,1:22.095,204.129,kph
2018,5,Spanish Grand Prix,2018-05-13,catalunya,Circuit de Barcelona-Catalunya,brendon_hartley,HAR,Brendon Hartley,toro_rosso,Toro Rosso,28,20,12,12,0,64,+2 Laps,10,1:21.439,205.773,kph
2018,5,Spanish Grand Prix,2018-05-13,catalunya,Circuit de Barcelona-Catalunya,ericsson,ERI,Marcus Ericsson,sauber,Sauber,9,17,13,13,0,64,+2 Laps,15,1:22.487,203.159,kph
2018,5,Spanish Grand Prix,2018-05-13,catalunya,Circuit de Barcelona-Catalunya,sirotkin,SIR,Sergey Sirotkin,williams,Williams,35,19,14,14,0,63,+3 Laps,17,1:22.680,202.685,kph
2018,5,Spanish Grand Prix,2018-05-13,catalunya,Circuit de Barcelona-Catalunya,vandoorne,VAN,Stoffel Vandoorne,mclaren,McLaren,2,11,15,R,0,45,Gearbox,16,1:22.594,202.896,kph
2018,5,Spanish Grand Prix,2018-05-13,catalunya,Circuit de Barcelona-Catalunya,ocon,OCO,Esteban Ocon,force_india,Force India,31,13,16,R,0,38,Oil leak,13,1:22.117,204.074,kph
2018,5,Spanish Grand Prix,2018-05-13,catalunya,Circuit de Barcelona-Catalunya,raikkonen,RAI,Kimi Räikkönen,ferrari,Ferrari,7,4,17,R,0,25,Turbo,11,1:21.531,205.541,kph
2018,5,Spanish Grand Prix,2018-05-13,catalunya,Circuit de Barcelona-Catalunya,grosjean,GRO,Romain Grosjean,haas,Haas F1 Team,8,10,18,R,0,0,Collision,,,,
2018,5,Spanish Grand Prix,2018-05-13,catalunya,Circuit de Barcelona-Catalunya,gasly,GAS,Pierre Gasly,toro_rosso,Toro Rosso,10,12,19,R,0,0,Collision,,,,
2018,5,Spanish Grand Prix,2018-05-13,catalunya,Circuit de Barcelona-Catalunya,hulkenberg,HUL,Nico Hülkenberg,renault,Renault,27,16,20,R,0,0,Collision,,,,
2018,6,Monaco Grand Prix,2018-05-27,monaco,Circuit de Monaco,ricciardo,RIC,Daniel Ricciardo,red_bull,Red Bull,3,1,1,1,25,78,Finished,5,1:15.562,158.984,kph
2018,6,Monaco Grand Prix,2018-05-27,monaco,Circuit de Monaco,vettel,VET,Sebastian Vettel,ferrari,Ferrari,5,2,2,2,18,78,Finished,7,1:16.065,157.933,kph
2018,6,Monaco Grand Prix,2018-05-27,monaco,Circuit de Monaco,hamilton,HAM,Lewis Hamilton,mercedes,Mercedes,44,3,3,3,15,78,Finished,8,1:16.270,157.508,kph
2018,6,Monaco Grand Prix,2018-05-27,monaco,Circuit de Monaco,raikkonen,RAI,Kimi Räikkönen,ferrari,Ferrari,7,4,4,4,12,78,Finished,10,1:16.392,157.257,kph
2018,6,Monaco Grand Prix,2018-05-27,monaco,Circuit de Monaco,bottas,BOT,Valtteri Bottas,mercedes,Mercedes,77,5,5,5,10,78,Finished,9,1:16.312,157.422,kph
2018,6,Monaco Grand Prix,2018-05-27,monaco,Circuit de Monaco,ocon,OCO,Esteban Ocon,force_india,Force India,31,6,6,6,8,78,Finished,14,1:17.027,155.960,kph
2018,6,Monaco Grand Prix,2018-05-27,monaco,Circuit de Monaco,gasly,GAS,Pierre Gasly,toro_rosso,Toro Rosso,10,10,7,7,6,78,Finished,15,1:17.099,155.815,kph
2018,6,Monaco Grand Prix,2018-05-27,monaco,Circuit de Monaco,hulkenberg,HUL,Nico Hülkenberg,renault,Renault,27,11,8,8,4,78,Finished,6,1:16.061,157.941,kph
2018,6,Monaco Grand Prix,2018-05-27,monaco,Circuit de Monaco,max_verstappen,VER,Max Verstappen,red_bull,Red Bull,33,20,9,9,2,78,Finished,1,1:14.260,161.772,kph
2018,6,Monaco Grand Prix,2018-05-27,monaco,Circuit de Monaco,sainz,SAI,Carlos Sainz,renault,Renault,55,8,10,10,1,78,Finished,18,1:17.491,155.027,kph
2018,6,Monaco Grand Prix,2018-05-27,monaco,Circuit de Monaco,ericsson,ERI,Marcus Ericsson,sauber,Sauber,9,16,11,11,0,78,Finished,12,1:16.936,156.145,kph
2018,6,Monaco Grand Prix,2018-05-27,monaco,Circuit de Monaco,perez,PER,Sergio Pérez,force_india,Force India,11,9,12,12,0,78,Finished,19,1:17.546,154.917,kph
2018,6,Monaco Grand Prix,2018-05-27,monaco,Circuit de Monaco,kevin_magnussen,MAG,Kevin Magnussen,haas,Haas F1 Team,20,19,13,13,0,78,Finished,17,1:17.476,155.057,kph
2018,6,Monaco Grand Prix,2018-05-27,monaco,Circuit de Monaco,vandoorne,VAN,Stoffel Vandoorne,mclaren,McLaren,2,12,14,14,0,77,+1 Lap,11,1:16.864,156.291,kph
2018,6,Monaco Grand Prix,2018-05-27,monaco,Circuit de Monaco,grosjean,GRO,Romain Grosjean,haas,Haas F1 Team,8,18,15,15,0,77,+1 Lap,2,1:14.822,160.557,kph
2018,6,Monaco Grand Prix,2018-05-27,monaco,Circuit de Monaco,sirotkin,SIR,Sergey Sirotkin,williams,Williams,35,13,16,16,0,77,+1 Lap,4,1:15.325,159.484,kph
2018,6,Monaco Grand Prix,2018-05-27,monaco,Circuit de Monaco,stroll,STR,Lance Stroll,williams,Williams,18,17,17,17,0,76,+2 Laps,3,1:14.944,160.295,kph
2018,6,Monaco Grand Prix,2018-05-27,monaco,Circuit de Monaco,leclerc,LEC,Charles Leclerc,sauber,Sauber,16,14,18,R,0,70,Collision,20,1:17.710,154.590,kph
2018,6,Monaco Grand Prix,2018-05-27,monaco,Circuit de Monaco,brendon_hartley,HAR,Brendon Hartley,toro_rosso,Toro Rosso,28,15,19,R,0,70,Collision,16,1:17.172,155.667,kph
2018,6,Monaco Grand Prix,2018-05-27,monaco,Circuit de Monaco,alonso,ALO,Fernando Alonso,mclaren,McLaren,14,7,20,R,0,52,Gearbox,13,1:17.018,155.979,kph
2018,7,Canadian Grand Prix,2018-06-10,villeneuve,Circuit Gilles Villeneuve,vettel,VET,Sebastian Vettel,ferrari,Ferrari,5,1,1,1,25,68,Finished,2,1:13.964,212.260,kph
2018,7,Canadian Grand Prix,2018-06-10,villeneuve,Circuit Gilles Villeneuve,bottas,BOT,Valtteri Bottas,mercedes,Mercedes,77,2,2,2,18,68,Finished,3,1:13.992,212.179,kph
2018,7,Canadian Grand Prix,2018-06-10,villeneuve,Circuit Gilles Villeneuve,max_verstappen,VER,Max Verstappen,red_bull,Red Bull,33,3,3,3,15,68,Finished,1,1:13.864,212.547,kph
2018,7,Canadian Grand Prix,2018-06-10,villeneuve,Circuit Gilles Villeneuve,ricciardo,RIC,Daniel Ricciardo,red_bull,Red Bull,3,6,4,4,12,68,Finished,5,1:14.159,211.701,kph
2018,7,Canadian Grand Prix,2018-06-10,villeneuve,Circuit Gilles Villeneuve,hamilton,HAM,Lewis Hamilton,mercedes,Mercedes,44,4,5,5,10,68,Finished,6,1:14.183,211.633,kph
2018,7,Canadian Grand Prix,2018-06-10,villeneuve,Circuit Gilles Villeneuve,raikkonen,RAI,Kimi Räikkönen,ferrari,Ferrari,7,5,6,6,8,68,Finished,4,1:14.075,211.941,kph
2018,7,Canadian Grand Prix,2018-06-10,villeneuve,Circuit Gilles Villeneuve,hulkenberg,HUL,Nico Hülkenberg,renault,Renault,27,7,7,7,6,67,+1 Lap,11,1:15.588,207.699,kph
2018,7,Canadian Grand Prix,2018-06-10,villeneuve,Circuit Gilles Villeneuve,sainz,SAI,Carlos Sainz,renault,Renault,55,9,8,8,4,67,+1 Lap,13,1:15.666,207.485,kph
2018,7,Canadian Grand Prix,2018-06-10,villeneuve,Circuit Gilles Villeneuve,ocon,OCO,Esteban Ocon,force_india,Force India,31,8,9,9,2,67,+1 Lap,12,1:15.610,207.639,kph
2018,7,Canadian Grand Prix,2018-06-10,villeneuve,Circuit Gilles Villeneuve,leclerc,LEC,Charles Leclerc,sauber,Sauber,16,13,10,10,1,67,+1 Lap,10,1:15.480,207.996,kph
2018,7,Canadian Grand Prix,2018-06-10,villeneuve,Circuit Gilles Villeneuve,gasly,GAS,Pierre Gasly,toro_rosso,Toro Rosso,10,16,11,11,0,67,+1 Lap,14,1:15.699,207.395,kph
2018,7,Canadian Grand Prix,2018-06-10,villeneuve,Circuit Gilles Villeneuve,grosjean,GRO,Romain Grosjean,haas,Haas F1 Team,8,20,12,12,0,67,+1 Lap,9,1:15.470,208.024,kph
2018,7,Canadian Grand Prix,2018-06-10,villeneuve,Circuit Gilles Villeneuve,kevin_magnussen,MAG,Kevin Magnussen,haas,Haas F1 Team,20,11,13,13,0,67,+1 Lap,8,1:15.401,208.214,kph
2018,7,Canadian Grand Prix,2018-06-10,villeneuve,Circuit Gilles Villeneuve,perez,PER,Sergio Pérez,force_india,Force India,11,10,14,14,0,67,+1 Lap,7,1:15.100,209.049,kph
2018,7,Canadian Grand Prix,2018-06-10,villeneuve,Circuit Gilles Villeneuve,ericsson,ERI,Marcus Ericsson,sauber,Sauber,9,19,15,15,0,66,+2 Laps,18,1:16.403,205.484,kph
2018,7,Canadian Grand Prix,2018-06-10,villeneuve,Circuit Gilles Villeneuve,vandoorne,VAN,Stoffel Vandoorne,mclaren,McLaren,2,15,16,16,0,66,+2 Laps,15,1:15.765,207.214,kph
2018,7,Canadian Grand Prix,2018-06-10,villeneuve,Circuit Gilles Villeneuve,sirotkin,SIR,Sergey Sirotkin,williams,Williams,35,18,17,17,0,66,+2 Laps,16,1:15.924,206.780,kph
2018,7,Canadian Grand Prix,2018-06-10,villeneuve,Circuit Gilles Villeneuve,alonso,ALO,Fernando Alonso,mclaren,McLaren,14,14,18,R,0,40,Exhaust,17,1:16.180,206.085,kph
2018,7,Canadian Grand Prix,2018-06-10,villeneuve,Circuit Gilles Villeneuve,brendon_hartley,HAR,Brendon Hartley,toro_rosso,Toro Rosso,28,12,19,R,0,0,Collision,,,,
2018,7,Canadian Grand Prix,2018-06-10,villeneuve,Circuit Gilles Villeneuve,stroll,STR,Lance Stroll,williams,Williams,18,17,20,R,0,0,Collision,,,,
2018,8,French Grand Prix,2018-06-24,ricard,Circuit Paul Ricard,hamilton,HAM,Lewis Hamilton,mercedes,Mercedes,44,1,1,1,25,53,Finished,5,1:34.509,222.531,kph
2018,8,French Grand Prix,2018-06-24,ricard,Circuit Paul Ricard,max_verstappen,VER,Max Verstappen,red_bull,Red Bull,33,4,2,2,18,53,Finished,2,1:34.275,223.083,kph
2018,8,French Grand Prix,2018-06-24,ricard,Circuit Paul Ricard,raikkonen,RAI,Kimi Räikkönen,ferrari,Ferrari,7,6,3,3,15,53,Finished,3,1:34.398,222.792,kph
2018,8,French Grand Prix,2018-06-24,ricard,Circuit Paul Ricard,ricciardo,RIC,Daniel Ricciardo,red_bull,Red Bull,3,5,4,4,12,53,Finished,7,1:35.382,220.494,kph
2018,8,French Grand Prix,2018-06-24,ricard,Circuit Paul Ricard,vettel,VET,Sebastian Vettel,ferrari,Ferrari,5,3,5,5,10,53,Finished,4,1:34.485,222.587,kph
2018,8,French Grand Prix,2018-06-24,ricard,Circuit Paul Ricard,kevin_magnussen,MAG,Kevin Magnussen,haas,Haas F1 Team,20,9,6,6,8,53,Finished,8,1:35.425,220.395,kph
2018,8,French Grand Prix,2018-06-24,ricard,Circuit Paul Ricard,bottas,BOT,Valtteri Bottas,mercedes,Mercedes,77,2,7,7,6,53,Finished,1,1:34.225,223.201,kph
2018,8,French Grand Prix,2018-06-24,ricard,Circuit Paul Ricard,sainz,SAI,Carlos Sainz,renault,Renault,55,7,8,8,4,53,Finished,9,1:35.638,219.904,kph
2018,8,French Grand Prix,2018-06-24,ricard,Circuit Paul Ricard,hulkenberg,HUL,Nico Hülkenberg,renault,Renault,27,12,9,9,2,53,Finished,11,1:35.873,219.365,kph
2018,8,French Grand Prix,2018-06-24,ricard,Circuit Paul Ricard,leclerc,LEC,Charles Leclerc,sauber,Sauber,16,8,10,10,1,53,Finished,12,1:35.977,219.127,kph
2018,8,French Grand Prix,2018-06-24,ricard,Circuit Paul Ricard,grosjean,GRO,Romain Grosjean,haas,Haas F1 Team,8,10,11,11,0,52,+1 Lap,10,1:35.695,219.773,kph
2018,8,French Grand Prix,2018-06-24,ricard,Circuit Paul Ricard,vandoorne,VAN,Stoffel Vandoorne,mclaren,McLaren,2,17,12,12,0,52,+1 Lap,14,1:36.675,217.545,kph
2018,8,French Grand Prix,2018-06-24,ricard,Circuit Paul Ricard,ericsson,ERI,Marcus Ericsson,sauber,Sauber,9,15,13,13,0,52,+1 Lap,13,1:36.494,217.953,kph
2018,8,French Grand Prix,2018-06-24,ricard,Circuit Paul Ricard,brendon_hartley,HAR,Brendon Hartley,toro_rosso,Toro Rosso,28,20,14,14,0,52,+1 Lap,15,1:36.839,217.176,kph
2018,8,French Grand Prix,2018-06-24,ricard,Circuit Paul Ricard,sirotkin,SIR,Sergey Sirotkin,williams,Williams,35,18,15,15,0,52,+1 Lap,16,1:38.300,213.949,kph
2018,8,French Grand Prix,2018-06-24,ricard,Circuit Paul Ricard,alonso,ALO,Fernando Alonso,mclaren,McLaren,14,16,16,16,0,50,Wheel,6,1:35.133,221.071,kph
2018,8,French Grand Prix,2018-06-24,ricard,Circuit Paul Ricard,stroll,STR,Lance Stroll,williams,Williams,18,19,17,17,0,48,Puncture,18,1:38.319,213.907,kph
2018,8,French Grand Prix,2018-06-24,ricard,Circuit Paul Ricard,perez,PER,Sergio Pérez,force_india,Force India,11,13,18,R,0,27,Engine,17,1:38.319,213.907,kph
2018,8,French Grand Prix,2018-06-24,ricard,Circuit Paul Ricard,ocon,OCO,Esteban Ocon,force_india,Force India,31,11,19,R,0,0,Collision,,,,
2018,8,French Grand Prix,2018-06-24,ricard,Circuit Paul Ricard,gasly,GAS,Pierre Gasly,toro_rosso,Toro Rosso,10,14,20,R,0,0,Collision,,,,
2018,9,Austrian Grand Prix,2018-07-01,red_bull_ring,Red Bull Ring,max_verstappen,VER,Max Verstappen,red_bull,Red Bull,33,4,1,1,25,71,Finished,4,1:07.442,230.491,kph
2018,9,Austrian Grand Prix,2018-07-01,red_bull_ring,Red Bull Ring,raikkonen,RAI,Kimi Räikkönen,ferrari,Ferrari,7,3,2,2,18,71,Finished,1,1:06.957,232.160,kph
2018,9,Austrian Grand Prix,2018-07-01,red_bull_ring,Red Bull Ring,vettel,VET,Sebastian Vettel,ferrari,Ferrari,5,6,3,3,15,71,Finished,2,1:07.082,231.728,kph
2018,9,Austrian Grand Prix,2018-07-01,red_bull_ring,Red Bull Ring,grosjean,GRO,Romain Grosjean,haas,Haas F1 Team,8,5,4,4,12,70,+1 Lap,16,1:09.071,225.055,kph
2018,9,Austrian Grand Prix,2018-07-01,red_bull_ring,Red Bull Ring,kevin_magnussen,MAG,Kevin Magnussen,haas,Haas F1 Team,20,8,5,5,10,70,+1 Lap,7,1:08.476,227.010,kph
2018,9,Austrian Grand Prix,2018-07-01,red_bull_ring,Red Bull Ring,ocon,OCO,Esteban Ocon,force_india,Force India,31,11,6,6,8,70,+1 Lap,11,1:08.850,225.777,kph
2018,9,Austrian Grand Prix,2018-07-01,red_bull_ring,Red Bull Ring,perez,PER,Sergio Pérez,force_india,Force India,11,16,7,7,6,70,+1 Lap,8,1:08.504,226.918,kph
2018,9,Austrian Grand Prix,2018-07-01,red_bull_ring,Red Bull Ring,alonso,ALO,Fernando Alonso,mclaren,McLaren,14,13,8,8,4,70,+1 Lap,9,1:08.661,226.399,kph
2018,9,Austrian Grand Prix,2018-07-01,red_bull_ring,Red Bull Ring,leclerc,LEC,Charles Leclerc,sauber,Sauber,16,18,9,9,2,70,+1 Lap,14,1:09.006,225.267,kph
2018,9,Austrian Grand Prix,2018-07-01,red_bull_ring,Red Bull Ring,ericsson,ERI,Marcus Ericsson,sauber,Sauber,9,20,10,10,1,70,+1 Lap,6,1:08.216,227.876,kph
2018,9,Austrian Grand Prix,2018-07-01,red_bull_ring,Red Bull Ring,gasly,GAS,Pierre Gasly,toro_rosso,Toro Rosso,10,12,11,11,0,70,+1 Lap,19,1:09.295,224.327,kph
2018,9,Austrian Grand Prix,2018-07-01,red_bull_ring,Red Bull Ring,sainz,SAI,Carlos Sainz,renault,Renault,55,9,12,12,0,70,+1 Lap,10,1:08.766,226.053,kph
2018,9,Austrian Grand Prix,2018-07-01,red_bull_ring,Red Bull Ring,sirotkin,SIR,Sergey Sirotkin,williams,Williams,35,17,13,13,0,69,+2 Laps,13,1:08.971,225.381,kph
2018,9,Austrian Grand Prix,2018-07-01,red_bull_ring,Red Bull Ring,stroll,STR,Lance Stroll,williams,Williams,18,14,14,14,0,69,+2 Laps,18,1:09.203,224.626,kph
2018,9,Austrian Grand Prix,2018-07-01,red_bull_ring,Red Bull Ring,vandoorne,VAN,Stoffel Vandoorne,mclaren,McLaren,2,15,15,15,0,65,Collision damage,12,1:08.894,225.633,kph
2018,9,Austrian Grand Prix,2018-07-01,red_bull_ring,Red Bull Ring,hamilton,HAM,Lewis Hamilton,mercedes,Mercedes,44,2,16,R,0,62,Fuel pressure,3,1:07.241,231.180,kph
2018,9,Austrian Grand Prix,2018-07-01,red_bull_ring,Red Bull Ring,brendon_hartley,HAR,Brendon Hartley,toro_rosso,Toro Rosso,28,19,17,R,0,54,Hydraulics,17,1:09.171,224.730,kph
2018,9,Austrian Grand Prix,2018-07-01,red_bull_ring,Red Bull Ring,ricciardo,RIC,Daniel Ricciardo,red_bull,Red Bull,3,7,18,R,0,53,Exhaust,5,1:07.591,229.983,kph
2018,9,Austrian Grand Prix,2018-07-01,red_bull_ring,Red Bull Ring,bottas,BOT,Valtteri Bottas,mercedes,Mercedes,77,1,19,R,0,13,Hydraulics,15,1:09.044,225.143,kph
2018,9,Austrian Grand Prix,2018-07-01,red_bull_ring,Red Bull Ring,hulkenberg,HUL,Nico Hülkenberg,renault,Renault,27,10,20,R,0,11,Engine,20,1:10.380,220.869,kph
2018,10,British Grand Prix,2018-07-08,silverstone,Silverstone Circuit,vettel,VET,Sebastian Vettel,ferrari,Ferrari,5,2,1,1,25,52,Finished,1,1:30.696,233.831,kph
2018,10,British Grand Prix,2018-07-08,silverstone,Silverstone Circuit,hamilton,HAM,Lewis Hamilton,mercedes,Mercedes,44,1,2,2,18,52,Finished,3,1:31.245,232.424,kph
2018,10,British Grand Prix,2018-07-08,silverstone,Silverstone Circuit,raikkonen,RAI,Kimi Räikkönen,ferrari,Ferrari,7,3,3,3,15,52,Finished,2,1:30.795,233.576,kph
2018,10,British Grand Prix,2018-07-08,silverstone,Silverstone Circuit,bottas,BOT,Valtteri Bottas,mercedes,Mercedes,77,4,4,4,12,52,Finished,4,1:31.377,232.089,kph
2018,10,British Grand Prix,2018-07-08,silverstone,Silverstone Circuit,ricciardo,RIC,Daniel Ricciardo,red_bull,Red Bull,3,6,5,5,10,52,Finished,5,1:31.589,231.551,kph
2018,10,British Grand Prix,2018-07-08,silverstone,Silverstone Circuit,hulkenberg,HUL,Nico Hülkenberg,renault,Renault,27,11,6,6,8,52,Finished,7,1:33.405,227.049,kph
2018,10,British Grand Prix,2018-07-08,silverstone,Silverstone Circuit,ocon,OCO,Esteban Ocon,force_india,Force India,31,10,7,7,6,52,Finished,13,1:33.606,226.562,kph
2018,10,British Grand Prix,2018-07-08,silverstone,Silverstone Circuit,alonso,ALO,Fernando Alonso,mclaren,McLaren,14,13,8,8,4,52,Finished,10,1:33.482,226.862,kph
2018,10,British Grand Prix,2018-07-08,silverstone,Silverstone Circuit,kevin_magnussen,MAG,Kevin Magnussen,haas,Haas F1 Team,20,7,9,9,2,52,Finished,12,1:33.604,226.567,kph
2018,10,British Grand Prix,2018-07-08,silverstone,Silverstone Circuit,perez,PER,Sergio Pérez,force_india,Force India,11,12,10,10,1,52,Finished,9,1:33.472,226.887,kph
2018,10,British Grand Prix,2018-07-08,silverstone,Silverstone Circuit,vandoorne,VAN,Stoffel Vandoorne,mclaren,McLaren,2,17,11,11,0,52,Finished,11,1:33.551,226.695,kph
2018,10,British Grand Prix,2018-07-08,silverstone,Silverstone Circuit,stroll,STR,Lance Stroll,williams,Williams,18,19,12,12,0,52,Finished,15,1:33.869,225.927,kph
2018,10,British Grand Prix,2018-07-08,silverstone,Silverstone Circuit,gasly,GAS,Pierre Gasly,toro_rosso,Toro Rosso,10,14,13,13,0,52,Finished,8,1:33.465,226.904,kph
2018,10,British Grand Prix,2018-07-08,silverstone,Silverstone Circuit,sirotkin,SIR,Sergey Sirotkin,williams,Williams,35,18,14,14,0,52,Finished,18,1:34.620,224.134,kph
2018,10,British Grand Prix,2018-07-08,silverstone,Silverstone Circuit,max_verstappen,VER,Max Verstappen,red_bull,Red Bull,33,5,15,R,0,46,Brakes,6,1:32.007,230.499,kph
2018,10,British Grand Prix,2018-07-08,silverstone,Silverstone Circuit,grosjean,GRO,Romain Grosjean,haas,Haas F1 Team,8,8,16,R,0,37,Collision,16,1:34.391,224.678,kph
2018,10,British Grand Prix,2018-07-08,silverstone,Silverstone Circuit,sainz,SAI,Carlos Sainz,renault,Renault,55,16,17,R,0,37,Collision,17,1:34.602,224.177,kph
2018,10,British Grand Prix,2018-07-08,silverstone,Silverstone Circuit,ericsson,ERI,Marcus Ericsson,sauber,Sauber,9,15,18,R,0,31,Accident,14,1:33.675,226.395,kph
2018,10,British Grand Prix,2018-07-08,silverstone,Silverstone Circuit,leclerc,LEC,Charles Leclerc,sauber,Sauber,16,9,19,R,0,18,Tyre,19,1:35.209,222.747,kph
2018,10,British Grand Prix,2018-07-08,silverstone,Silverstone Circuit,brendon_hartley,HAR,Brendon Hartley,toro_rosso,Toro Rosso,28,0,20,R,0,1,Power Unit,,,,
2018,11,German Grand Prix,2018-07-22,hockenheimring,Hockenheimring,hamilton,HAM,Lewis Hamilton,mercedes,Mercedes,44,14,1,1,25,67,Finished,1,1:15.545,217.968,kph
2018,11,German Grand Prix,2018-07-22,hockenheimring,Hockenheimring,bottas,BOT,Valtteri Bottas,mercedes,Mercedes,77,2,2,2,18,67,Finished,2,1:15.721,217.461,kph
2018,11,German Grand Prix,2018-07-22,hockenheimring,Hockenheimring,raikkonen,RAI,Kimi Räikkönen,ferrari,Ferrari,7,3,3,3,15,67,Finished,4,1:15.990,216.691,kph
2018,11,German Grand Prix,2018-07-22,hockenheimring,Hockenheimring,max_verstappen,VER,Max Verstappen,red_bull,Red Bull,33,4,4,4,12,67,Finished,3,1:15.852,217.085,kph
2018,11,German Grand Prix,2018-07-22,hockenheimring,Hockenheimring,hulkenberg,HUL,Nico Hülkenberg,renault,Renault,27,7,5,5,10,67,Finished,16,1:17.910,211.351,kph
2018,11,German Grand Prix,2018-07-22,hockenheimring,Hockenheimring,grosjean,GRO,Romain Grosjean,haas,Haas F1 Team,8,6,6,6,8,67,Finished,5,1:16.716,214.641,kph
2018,11,German Grand Prix,2018-07-22,hockenheimring,Hockenheimring,perez,PER,Sergio Pérez,force_india,Force India,11,10,7,7,6,67,Finished,15,1:17.867,211.468,kph
2018,11,German Grand Prix,2018-07-22,hockenheimring,Hockenheimring,ocon,OCO,Esteban Ocon,force_india,Force India,31,15,8,8,4,67,Finished,17,1:17.941,211.267,kph
2018,11,German Grand Prix,2018-07-22,hockenheimring,Hockenheimring,ericsson,ERI,Marcus Ericsson,sauber,Sauber,9,13,9,9,2,67,Finished,12,1:17.745,211.800,kph
2018,11,German Grand Prix,2018-07-22,hockenheimring,Hockenheimring,brendon_hartley,HAR,Brendon Hartley,toro_rosso,Toro Rosso,28,17,10,10,1,67,Finished,9,1:17.681,211.974,kph
2018,11,German Grand Prix,2018-07-22,hockenheimring,Hockenheimring,kevin_magnussen,MAG,Kevin Magnussen,haas,Haas F1 Team,20,5,11,11,0,67,Finished,10,1:17.697,211.930,kph
2018,11,German Grand Prix,2018-07-22,hockenheimring,Hockenheimring,sainz,SAI,Carlos Sainz,renault,Renault,55,8,12,12,0,67,Finished,7,1:17.430,212.661,kph
2018,11,German Grand Prix,2018-07-22,hockenheimring,Hockenheimring,vandoorne,VAN,Stoffel Vandoorne,mclaren,McLaren,2,19,13,13,0,67,Finished,8,1:17.537,212.368,kph
2018,11,German Grand Prix,2018-07-22,hockenheimring,Hockenheimring,gasly,GAS,Pierre Gasly,toro_rosso,Toro Rosso,10,16,14,14,0,66,+1 Lap,13,1:17.762,211.753,kph
2018,11,German Grand Prix,2018-07-22,hockenheimring,Hockenheimring,leclerc,LEC,Charles Leclerc,sauber,Sauber,16,9,15,15,0,66,+1 Lap,14,1:17.852,211.509,kph
2018,11,German Grand Prix,2018-07-22,hockenheimring,Hockenheimring,alonso,ALO,Fernando Alonso,mclaren,McLaren,14,11,16,16,0,65,Retired,11,1:17.741,211.811,kph
2018,11,German Grand Prix,2018-07-22,hockenheimring,Hockenheimring,stroll,STR,Lance Stroll,williams,Williams,18,18,17,R,0,53,Engine,19,1:18.861,208.802,kph
2018,11,German Grand Prix,2018-07-22,hockenheimring,Hockenheimring,vettel,VET,Sebastian Vettel,ferrari,Ferrari,5,1,18,R,0,51,Accident,6,1:17.290,213.046,kph
2018,11,German Grand Prix,2018-07-22,hockenheimring,Hockenheimring,sirotkin,SIR,Sergey Sirotkin,williams,Williams,35,12,19,R,0,51,Engine,20,1:18.934,208.609,kph
2018,11,German Grand Prix,2018-07-22,hockenheimring,Hockenheimring,ricciardo,RIC,Daniel Ricciardo,red_bull,Red Bull,3,20,20,R,0,27,Engine,18,1:18.262,210.400,kph
2018,12,Hungarian Grand Prix,2018-07-29,hungaroring,Hungaroring,hamilton,HAM,Lewis Hamilton,mercedes,Mercedes,44,1,1,1,25,70,Finished,4,1:21.107,194.454,kph
2018,12,Hungarian Grand Prix,2018-07-29,hungaroring,Hungaroring,vettel,VET,Sebastian Vettel,ferrari,Ferrari,5,4,2,2,18,70,Finished,2,1:20.056,197.007,kph
2018,12,Hungarian Grand Prix,2018-07-29,hungaroring,Hungaroring,raikkonen,RAI,Kimi Räikkönen,ferrari,Ferrari,7,3,3,3,15,70,Finished,3,1:20.292,196.428,kph
2018,12,Hungarian Grand Prix,2018-07-29,hungaroring,Hungaroring,ricciardo,RIC,Daniel Ricciardo,red_bull,Red Bull,3,12,4,4,12,70,Finished,1,1:20.012,197.115,kph
2018,12,Hungarian Grand Prix,2018-07-29,hungaroring,Hungaroring,bottas,BOT,Valtteri Bottas,mercedes,Mercedes,77,2,5,5,10,70,Finished,8,1:21.736,192.957,kph
2018,12,Hungarian Grand Prix,2018-07-29,hungaroring,Hungaroring,gasly,GAS,Pierre Gasly,toro_rosso,Toro Rosso,10,6,6,6,8,70,Finished,7,1:21.685,193.078,kph
2018,12,Hungarian Grand Prix,2018-07-29,hungaroring,Hungaroring,kevin_magnussen,MAG,Kevin Magnussen,haas,Haas F1 Team,20,9,7,7,6,69,+1 Lap,6,1:21.302,193.987,kph
2018,12,Hungarian Grand Prix,2018-07-29,hungaroring,Hungaroring,alonso,ALO,Fernando Alonso,mclaren,McLaren,14,11,8,8,4,69,+1 Lap,9,1:22.090,192.125,kph
2018,12,Hungarian Grand Prix,2018-07-29,hungaroring,Hungaroring,sainz,SAI,Carlos Sainz,renault,Renault,55,5,9,9,2,69,+1 Lap,13,1:22.774,190.538,kph
2018,12,Hungarian Grand Prix,2018-07-29,hungaroring,Hungaroring,grosjean,GRO,Romain Grosjean,haas,Haas F1 Team,8,10,10,10,1,69,+1 Lap,10,1:22.606,190.925,kph
2018,12,Hungarian Grand Prix,2018-07-29,hungaroring,Hungaroring,brendon_hartley,HAR,Brendon Hartley,toro_rosso,Toro Rosso,28,8,11,11,0,69,+1 Lap,11,1:22.612,190.911,kph
2018,12,Hungarian Grand Prix,2018-07-29,hungaroring,Hungaroring,hulkenberg,HUL,Nico Hülkenberg,renault,Renault,27,13,12,12,0,69,+1 Lap,5,1:21.261,194.085,kph
2018,12,Hungarian Grand Prix,2018-07-29,hungaroring,Hungaroring,ocon,OCO,Esteban Ocon,force_india,Force India,31,18,13,13,0,69,+1 Lap,14,1:22.876,190.303,kph
2018,12,Hungarian Grand Prix,2018-07-29,hungaroring,Hungaroring,perez,PER,Sergio Pérez,force_india,Force India,11,19,14,14,0,69,+1 Lap,16,1:23.263,189.419,kph
2018,12,Hungarian Grand Prix,2018-07-29,hungaroring,Hungaroring,ericsson,ERI,Marcus Ericsson,sauber,Sauber,9,14,15,15,0,68,+2 Laps,17,1:23.671,188.495,kph
2018,12,Hungarian Grand Prix,2018-07-29,hungaroring,Hungaroring,sirotkin,SIR,Sergey Sirotkin,williams,Williams,35,20,16,16,0,68,+2 Laps,18,1:23.708,188.412,kph
2018,12,Hungarian Grand Prix,2018-07-29,hungaroring,Hungaroring,stroll,STR,Lance Stroll,williams,Williams,18,15,17,17,0,68,+2 Laps,12,1:22.660,190.800,kph
2018,12,Hungarian Grand Prix,2018-07-29,hungaroring,Hungaroring,vandoorne,VAN,Stoffel Vandoorne,mclaren,McLaren,2,16,18,R,0,49,Gearbox,15,1:23.077,189.843,kph
2018,12,Hungarian Grand Prix,2018-07-29,hungaroring,Hungaroring,max_verstappen,VER,Max Verstappen,red_bull,Red Bull,33,7,19,R,0,5,Power loss,19,1:23.985,187.790,kph
2018,12,Hungarian Grand Prix,2018-07-29,hungaroring,Hungaroring,leclerc,LEC,Charles Leclerc,sauber,Sauber,16,17,20,R,0,0,Suspension,,,,
2018,13,Belgian Grand Prix,2018-08-26,spa,Circuit de Spa-Francorchamps,vettel,VET,Sebastian Vettel,ferrari,Ferrari,5,2,1,1,25,44,Finished,2,1:46.644,236.435,kph
2018,13,Belgian Grand Prix,2018-08-26,spa,Circuit de Spa-Francorchamps,hamilton,HAM,Lewis Hamilton,mercedes,Mercedes,44,1,2,2,18,44,Finished,3,1:46.721,236.264,kph
2018,13,Belgian Grand Prix,2018-08-26,spa,Circuit de Spa-Francorchamps,max_verstappen,VER,Max Verstappen,red_bull,Red Bull,33,7,3,3,15,44,Finished,4,1:46.946,235.767,kph
2018,13,Belgian Grand Prix,2018-08-26,spa,Circuit de Spa-Francorchamps,bottas,BOT,Valtteri Bottas,mercedes,Mercedes,77,19,4,4,12,44,Finished,1,1:46.286,237.231,kph
2018,13,Belgian Grand Prix,2018-08-26,spa,Circuit de Spa-Francorchamps,perez,PER,Sergio Pérez,force_india,Force India,11,4,5,5,10,44,Finished,7,1:48.080,233.293,kph
2018,13,Belgian Grand Prix,2018-08-26,spa,Circuit de Spa-Francorchamps,ocon,OCO,Esteban Ocon,force_india,Force India,31,3,6,6,8,44,Finished,6,1:48.078,233.298,kph
2018,13,Belgian Grand Prix,2018-08-26,spa,Circuit de Spa-Francorchamps,grosjean,GRO,Romain Grosjean,haas,Haas F1 Team,8,5,7,7,6,44,Finished,8,1:48.283,232.856,kph
2018,13,Belgian Grand Prix,2018-08-26,spa,Circuit de Spa-Francorchamps,kevin_magnussen,MAG,Kevin Magnussen,haas,Haas F1 Team,20,9,8,8,4,44,Finished,5,1:47.937,233.602,kph
2018,13,Belgian Grand Prix,2018-08-26,spa,Circuit de Spa-Francorchamps,gasly,GAS,Pierre Gasly,toro_rosso,Toro Rosso,10,10,9,9,2,44,Finished,9,1:48.588,232.202,kph
2018,13,Belgian Grand Prix,2018-08-26,spa,Circuit de Spa-Francorchamps,ericsson,ERI,Marcus Ericsson,sauber,Sauber,9,13,10,10,1,43,+1 Lap,11,1:48.694,231.976,kph
2018,13,Belgian Grand Prix,2018-08-26,spa,Circuit de Spa-Francorchamps,sainz,SAI,Carlos Sainz,renault,Renault,55,14,11,11,0,43,+1 Lap,10,1:48.670,232.027,kph
2018,13,Belgian Grand Prix,2018-08-26,spa,Circuit de Spa-Francorchamps,sirotkin,SIR,Sergey Sirotkin,williams,Williams,35,16,12,12,0,43,+1 Lap,14,1:49.113,231.085,kph
2018,13,Belgian Grand Prix,2018-08-26,spa,Circuit de Spa-Francorchamps,stroll,STR,Lance Stroll,williams,Williams,18,17,13,13,0,43,+1 Lap,16,1:49.287,230.717,kph
2018,13,Belgian Grand Prix,2018-08-26,spa,Circuit de Spa-Francorchamps,brendon_hartley,HAR,Brendon Hartley,toro_rosso,Toro Rosso,28,11,14,14,0,43,+1 Lap,12,1:48.756,231.843,kph
2018,13,Belgian Grand Prix,2018-08-26,spa,Circuit de Spa-Francorchamps,vandoorne,VAN,Stoffel Vandoorne,mclaren,McLaren,2,18,15,15,0,43,+1 Lap,13,1:48.956,231.418,kph
2018,13,Belgian Grand Prix,2018-08-26,spa,Circuit de Spa-Francorchamps,ricciardo,RIC,Daniel Ricciardo,red_bull,Red Bull,3,8,16,R,0,28,Retired,15,1:49.242,230.812,kph
2018,13,Belgian Grand Prix,2018-08-26,spa,Circuit de Spa-Francorchamps,raikkonen,RAI,Kimi Räikkönen,ferrari,Ferrari,7,6,17,R,0,8,Brakes,17,1:54.320,220.559,kph
2018,13,Belgian Grand Prix,2018-08-26,spa,Circuit de Spa-Francorchamps,leclerc,LEC,Charles Leclerc,sauber,Sauber,16,12,18,R,0,0,Accident,,,,
2018,13,Belgian Grand Prix,2018-08-26,spa,Circuit de Spa-Francorchamps,alonso,ALO,Fernando Alonso,mclaren,McLaren,14,15,19,R,0,0,Accident,,,,
2018,13,Belgian Grand Prix,2018-08-26,spa,Circuit de Spa-Francorchamps,hulkenberg,HUL,Nico Hülkenberg,renault,Renault,27,20,20,R,0,0,Accident,,,,
2018,14,Italian Grand Prix,2018-09-02,monza,Autodromo Nazionale di Monza,hamilton,HAM,Lewis Hamilton,mercedes,Mercedes,44,3,1,1,25,53,Finished,1,1:22.497,252.794,kph
2018,14,Italian Grand Prix,2018-09-02,monza,Autodromo Nazionale di Monza,raikkonen,RAI,Kimi Räikkönen,ferrari,Ferrari,7,1,2,2,18,53,Finished,4,1:23.515,249.713,kph
2018,14,Italian Grand Prix,2018-09-02,monza,Autodromo Nazionale di Monza,bottas,BOT,Valtteri Bottas,mercedes,Mercedes,77,4,3,3,15,53,Finished,3,1:22.907,251.544,kph
2018,14,Italian Grand Prix,2018-09-02,monza,Autodromo Nazionale di Monza,vettel,VET,Sebastian Vettel,ferrari,Ferrari,5,2,4,4,12,53,Finished,2,1:22.505,252.770,kph
2018,14,Italian Grand Prix,2018-09-02,monza,Autodromo Nazionale di Monza,max_verstappen,VER,Max Verstappen,red_bull,Red Bull,33,5,5,5,10,53,Finished,6,1:23.609,249.432,kph
2018,14,Italian Grand Prix,2018-09-02,monza,Autodromo Nazionale di Monza,ocon,OCO,Esteban Ocon,force_india,Force India,31,8,6,6,8,53,Finished,12,1:24.243,247.555,kph
2018,14,Italian Grand Prix,2018-09-02,monza,Autodromo Nazionale di Monza,perez,PER,Sergio Pérez,force_india,Force India,11,14,7,7,6,53,Finished,11,1:24.179,247.743,kph
2018,14,Italian Grand Prix,2018-09-02,monza,Autodromo Nazionale di Monza,sainz,SAI,Carlos Sainz,renault,Renault,55,7,8,8,4,53,Finished,5,1:23.529,249.671,kph
2018,14,Italian Grand Prix,2018-09-02,monza,Autodromo Nazionale di Monza,stroll,STR,Lance Stroll,williams,Williams,18,10,9,9,2,52,+1 Lap,9,1:24.056,248.106,kph
2018,14,Italian Grand Prix,2018-09-02,monza,Autodromo Nazionale di Monza,sirotkin,SIR,Sergey Sirotkin,williams,Williams,35,12,10,10,1,52,+1 Lap,14,1:24.580,246.568,kph
2018,14,Italian Grand Prix,2018-09-02,monza,Autodromo Nazionale di Monza,leclerc,LEC,Charles Leclerc,sauber,Sauber,16,15,11,11,0,52,+1 Lap,8,1:23.768,248.959,kph
2018,14,Italian Grand Prix,2018-09-02,monza,Autodromo Nazionale di Monza,vandoorne,VAN,Stoffel Vandoorne,mclaren,McLaren,2,17,12,12,0,52,+1 Lap,13,1:24.504,246.790,kph
2018,14,Italian Grand Prix,2018-09-02,monza,Autodromo Nazionale di Monza,hulkenberg,HUL,Nico Hülkenberg,renault,Renault,27,20,13,13,0,52,+1 Lap,16,1:24.772,246.010,kph
2018,14,Italian Grand Prix,2018-09-02,monza,Autodromo Nazionale di Monza,gasly,GAS,Pierre Gasly,toro_rosso,Toro Rosso,10,9,14,14,0,52,+1 Lap,10,1:24.059,248.097,kph
2018,14,Italian Grand Prix,2018-09-02,monza,Autodromo Nazionale di Monza,ericsson,ERI,Marcus Ericsson,sauber,Sauber,9,18,15,15,0,52,+1 Lap,15,1:24.767,246.024,kph
2018,14,Italian Grand Prix,2018-09-02,monza,Autodromo Nazionale di Monza,kevin_magnussen,MAG,Kevin Magnussen,haas,Haas F1 Team,20,11,16,16,0,52,+1 Lap,7,1:23.768,248.959,kph
2018,14,Italian Grand Prix,2018-09-02,monza,Autodromo Nazionale di Monza,ricciardo,RIC,Daniel Ricciardo,red_bull,Red Bull,3,19,17,R,0,23,Engine,18,1:25.692,243.369,kph
2018,14,Italian Grand Prix,2018-09-02,monza,Autodromo Nazionale di Monza,alonso,ALO,Fernando Alonso,mclaren,McLaren,14,13,18,R,0,9,Engine,17,1:25.229,244.691,kph
2018,14,Italian Grand Prix,2018-09-02,monza,Autodromo Nazionale di Monza,brendon_hartley,HAR,Brendon Hartley,toro_rosso,Toro Rosso,28,16,19,R,0,0,Brakes,19,1:27.009,239.685,kph
2018,14,Italian Grand Prix,2018-09-02,monza,Autodromo Nazionale di Monza,grosjean,GRO,Romain Grosjean,haas,Haas F1 Team,8,6,20,D,0,53,Disqualified,,,,
2018,15,Singapore Grand Prix,2018-09-16,marina_bay,Marina Bay Street Circuit,hamilton,HAM,Lewis Hamilton,mercedes,Mercedes,44,1,1,1,25,61,Finished,2,1:42.913,177.108,kph
2018,15,Singapore Grand Prix,2018-09-16,marina_bay,Marina Bay Street Circuit,max_verstappen,VER,Max Verstappen,red_bull,Red Bull,33,2,2,2,18,61,Finished,5,1:43.345,176.368,kph
2018,15,Singapore Grand Prix,2018-09-16,marina_bay,Marina Bay Street Circuit,vettel,VET,Sebastian Vettel,ferrari,Ferrari,5,3,3,3,15,61,Finished,6,1:44.669,174.137,kph
2018,15,Singapore Grand Prix,2018-09-16,marina_bay,Marina Bay Street Circuit,bottas,BOT,Valtteri Bottas,mercedes,Mercedes,77,4,4,4,12,61,Finished,8,1:44.720,174.052,kph
2018,15,Singapore Grand Prix,2018-09-16,marina_bay,Marina Bay Street Circuit,raikkonen,RAI,Kimi Räikkönen,ferrari,Ferrari,7,5,5,5,10,61,Finished,7,1:44.715,174.061,kph
2018,15,Singapore Grand Prix,2018-09-16,marina_bay,Marina Bay Street Circuit,ricciardo,RIC,Daniel Ricciardo,red_bull,Red Bull,3,6,6,6,8,61,Finished,3,1:43.120,176.753,kph
2018,15,Singapore Grand Prix,2018-09-16,marina_bay,Marina Bay Street Circuit,alonso,ALO,Fernando Alonso,mclaren,McLaren,14,11,7,7,6,61,Finished,4,1:43.164,176.677,kph
2018,15,Singapore Grand Prix,2018-09-16,marina_bay,Marina Bay Street Circuit,sainz,SAI,Carlos Sainz,renault,Renault,55,12,8,8,4,60,+1 Lap,12,1:45.211,173.240,kph
2018,15,Singapore Grand Prix,2018-09-16,marina_bay,Marina Bay Street Circuit,leclerc,LEC,Charles Leclerc,sauber,Sauber,16,13,9,9,2,60,+1 Lap,11,1:45.203,173.253,kph
2018,15,Singapore Grand Prix,2018-09-16,marina_bay,Marina Bay Street Circuit,hulkenberg,HUL,Nico Hülkenberg,renault,Renault,27,10,10,10,1,60,+1 Lap,19,1:46.093,171.800,kph
2018,15,Singapore Grand Prix,2018-09-16,marina_bay,Marina Bay Street Circuit,ericsson,ERI,Marcus Ericsson,sauber,Sauber,9,14,11,11,0,60,+1 Lap,10,1:45.169,173.309,kph
2018,15,Singapore Grand Prix,2018-09-16,marina_bay,Marina Bay Street Circuit,vandoorne,VAN,Stoffel Vandoorne,mclaren,McLaren,2,18,12,12,0,60,+1 Lap,14,1:45.555,172.675,kph
2018,15,Singapore Grand Prix,2018-09-16,marina_bay,Marina Bay Street Circuit,gasly,GAS,Pierre Gasly,toro_rosso,Toro Rosso,10,15,13,13,0,60,+1 Lap,18,1:46.063,171.848,kph
2018,15,Singapore Grand Prix,2018-09-16,marina_bay,Marina Bay Street Circuit,stroll,STR,Lance Stroll,williams,Williams,18,20,14,14,0,60,+1 Lap,17,1:46.033,171.897,kph
2018,15,Singapore Grand Prix,2018-09-16,marina_bay,Marina Bay Street Circuit,grosjean,GRO,Romain Grosjean,haas,Haas F1 Team,8,8,15,15,0,60,+1 Lap,16,1:45.904,172.106,kph
2018,15,Singapore Grand Prix,2018-09-16,marina_bay,Marina Bay Street Circuit,perez,PER,Sergio Pérez,force_india,Force India,11,7,16,16,0,60,+1 Lap,13,1:45.389,172.947,kph
2018,15,Singapore Grand Prix,2018-09-16,marina_bay,Marina Bay Street Circuit,brendon_hartley,HAR,Brendon Hartley,toro_rosso,Toro Rosso,28,17,17,17,0,60,+1 Lap,9,1:44.889,173.772,kph
2018,15,Singapore Grand Prix,2018-09-16,marina_bay,Marina Bay Street Circuit,kevin_magnussen,MAG,Kevin Magnussen,haas,Haas F1 Team,20,16,18,18,0,59,+2 Laps,1,1:41.905,178.860,kph
2018,15,Singapore Grand Prix,2018-09-16,marina_bay,Marina Bay Street Circuit,sirotkin,SIR,Sergey Sirotkin,williams,Williams,35,19,19,19,0,59,+2 Laps,15,1:45.902,172.110,kph
2018,15,Singapore Grand Prix,2018-09-16,marina_bay,Marina Bay Street Circuit,ocon,OCO,Esteban Ocon,force_india,Force India,31,9,20,R,0,0,Collision,,,,
2018,16,Russian Grand Prix,2018-09-30,sochi,Sochi Autodrom,hamilton,HAM,Lewis Hamilton,mercedes,Mercedes,44,2,1,1,25,53,Finished,2,1:35.916,219.492,kph
2018,16,Russian Grand Prix,2018-09-30,sochi,Sochi Autodrom,bottas,BOT,Valtteri Bottas,mercedes,Mercedes,77,1,2,2,18,53,Finished,1,1:35.861,219.617,kph
2018,16,Russian Grand Prix,2018-09-30,sochi,Sochi Autodrom,vettel,VET,Sebastian Vettel,ferrari,Ferrari,5,3,3,3,15,53,Finished,3,1:35.990,219.322,kph
2018,16,Russian Grand Prix,2018-09-30,sochi,Sochi Autodrom,raikkonen,RAI,Kimi Räikkönen,ferrari,Ferrari,7,4,4,4,12,53,Finished,6,1:36.611,217.913,kph
2018,16,Russian Grand Prix,2018-09-30,sochi,Sochi Autodrom,max_verstappen,VER,Max Verstappen,red_bull,Red Bull,33,19,5,5,10,53,Finished,4,1:36.283,218.655,kph
2018,16,Russian Grand Prix,2018-09-30,sochi,Sochi Autodrom,ricciardo,RIC,Daniel Ricciardo,red_bull,Red Bull,3,18,6,6,8,53,Finished,5,1:36.345,218.514,kph
2018,16,Russian Grand Prix,2018-09-30,sochi,Sochi Autodrom,leclerc,LEC,Charles Leclerc,sauber,Sauber,16,7,7,7,6,53,Finished,9,1:38.107,214.590,kph
2018,16,Russian Grand Prix,2018-09-30,sochi,Sochi Autodrom,kevin_magnussen,MAG,Kevin Magnussen,haas,Haas F1 Team,20,5,8,8,4,52,+1 Lap,8,1:38.015,214.791,kph
2018,16,Russian Grand Prix,2018-09-30,sochi,Sochi Autodrom,ocon,OCO,Esteban Ocon,force_india,Force India,31,6,9,9,2,52,+1 Lap,12,1:38.366,214.025,kph
2018,16,Russian Grand Prix,2018-09-30,sochi,Sochi Autodrom,perez,PER,Sergio Pérez,force_india,Force India,11,8,10,10,1,52,+1 Lap,11,1:38.300,214.168,kph
2018,16,Russian Grand Prix,2018-09-30,sochi,Sochi Autodrom,grosjean,GRO,Romain Grosjean,haas,Haas F1 Team,8,9,11,11,0,52,+1 Lap,10,1:38.244,214.290,kph
2018,16,Russian Grand Prix,2018-09-30,sochi,Sochi Autodrom,hulkenberg,HUL,Nico Hülkenberg,renault,Renault,27,12,12,12,0,52,+1 Lap,13,1:39.108,212.422,kph
2018,16,Russian Grand Prix,2018-09-30,sochi,Sochi Autodrom,ericsson,ERI,Marcus Ericsson,sauber,Sauber,9,10,13,13,0,52,+1 Lap,7,1:37.931,214.975,kph
2018,16,Russian Grand Prix,2018-09-30,sochi,Sochi Autodrom,alonso,ALO,Fernando Alonso,mclaren,McLaren,14,16,14,14,0,52,+1 Lap,15,1:39.590,211.394,kph
2018,16,Russian Grand Prix,2018-09-30,sochi,Sochi Autodrom,stroll,STR,Lance Stroll,williams,Williams,18,14,15,15,0,52,+1 Lap,14,1:39.435,211.724,kph
2018,16,Russian Grand Prix,2018-09-30,sochi,Sochi Autodrom,vandoorne,VAN,Stoffel Vandoorne,mclaren,McLaren,2,15,16,16,0,51,+2 Laps,18,1:39.922,210.692,kph
2018,16,Russian Grand Prix,2018-09-30,sochi,Sochi Autodrom,sainz,SAI,Carlos Sainz,renault,Renault,55,11,17,17,0,51,+2 Laps,16,1:39.731,211.095,kph
2018,16,Russian Grand Prix,2018-09-30,sochi,Sochi Autodrom,sirotkin,SIR,Sergey Sirotkin,williams,Williams,35,13,18,18,0,51,+2 Laps,17,1:39.838,210.869,kph
2018,16,Russian Grand Prix,2018-09-30,sochi,Sochi Autodrom,gasly,GAS,Pierre Gasly,toro_rosso,Toro Rosso,10,17,19,R,0,4,Brakes,19,1:44.071,202.292,kph
2018,16,Russian Grand Prix,2018-09-30,sochi,Sochi Autodrom,brendon_hartley,HAR,Brendon Hartley,toro_rosso,Toro Rosso,28,20,20,R,0,4,Brakes,20,1:45.852,198.889,kph
2018,17,Japanese Grand Prix,2018-10-07,suzuka,Suzuka Circuit,hamilton,HAM,Lewis Hamilton,mercedes,Mercedes,44,1,1,1,25,53,Finished,2,1:32.785,225.307,kph
2018,17,Japanese Grand Prix,2018-10-07,suzuka,Suzuka Circuit,bottas,BOT,Valtteri Bottas,mercedes,Mercedes,77,2,2,2,18,53,Finished,3,1:33.110,224.521,kph
2018,17,Japanese Grand Prix,2018-10-07,suzuka,Suzuka Circuit,max_verstappen,VER,Max Verstappen,red_bull,Red Bull,33,3,3,3,15,53,Finished,6,1:33.367,223.903,kph
2018,17,Japanese Grand Prix,2018-10-07,suzuka,Suzuka Circuit,ricciardo,RIC,Daniel Ricciardo,red_bull,Red Bull,3,15,4,4,12,53,Finished,4,1:33.187,224.336,kph
2018,17,Japanese Grand Prix,2018-10-07,suzuka,Suzuka Circuit,raikkonen,RAI,Kimi Räikkönen,ferrari,Ferrari,7,4,5,5,10,53,Finished,12,1:34.223,221.869,kph
2018,17,Japanese Grand Prix,2018-10-07,suzuka,Suzuka Circuit,vettel,VET,Sebastian Vettel,ferrari,Ferrari,5,8,6,6,8,53,Finished,1,1:32.318,226.447,kph
2018,17,Japanese Grand Prix,2018-10-07,suzuka,Suzuka Circuit,perez,PER,Sergio Pérez,force_india,Force India,11,9,7,7,6,53,Finished,9,1:34.073,222.223,kph
2018,17,Japanese Grand Prix,2018-10-07,suzuka,Suzuka Circuit,grosjean,GRO,Romain Grosjean,haas,Haas F1 Team,8,5,8,8,4,53,Finished,15,1:34.786,220.551,kph
2018,17,Japanese Grand Prix,2018-10-07,suzuka,Suzuka Circuit,ocon,OCO,Esteban Ocon,force_india,Force India,31,11,9,9,2,53,Finished,14,1:34.670,220.821,kph
2018,17,Japanese Grand Prix,2018-10-07,suzuka,Suzuka Circuit,sainz,SAI,Carlos Sainz,renault,Renault,55,13,10,10,1,52,+1 Lap,11,1:34.197,221.930,kph
2018,17,Japanese Grand Prix,2018-10-07,suzuka,Suzuka Circuit,gasly,GAS,Pierre Gasly,toro_rosso,Toro Rosso,10,7,11,11,0,52,+1 Lap,10,1:34.133,222.081,kph
2018,17,Japanese Grand Prix,2018-10-07,suzuka,Suzuka Circuit,ericsson,ERI,Marcus Ericsson,sauber,Sauber,9,20,12,12,0,52,+1 Lap,19,1:36.294,217.097,kph
2018,17,Japanese Grand Prix,2018-10-07,suzuka,Suzuka Circuit,brendon_hartley,HAR,Brendon Hartley,toro_rosso,Toro Rosso,28,6,13,13,0,52,+1 Lap,16,1:34.857,220.386,kph
2018,17,Japanese Grand Prix,2018-10-07,suzuka,Suzuka Circuit,alonso,ALO,Fernando Alonso,mclaren,McLaren,14,18,14,14,0,52,+1 Lap,7,1:33.943,222.530,kph
2018,17,Japanese Grand Prix,2018-10-07,suzuka,Suzuka Circuit,vandoorne,VAN,Stoffel Vandoorne,mclaren,McLaren,2,19,15,15,0,52,+1 Lap,18,1:35.023,220.001,kph
2018,17,Japanese Grand Prix,2018-10-07,suzuka,Suzuka Circuit,sirotkin,SIR,Sergey Sirotkin,williams,Williams,35,17,16,16,0,52,+1 Lap,8,1:33.985,222.431,kph
2018,17,Japanese Grand Prix,2018-10-07,suzuka,Suzuka Circuit,stroll,STR,Lance Stroll,williams,Williams,18,14,17,17,0,52,+1 Lap,5,1:33.354,223.934,kph
2018,17,Japanese Grand Prix,2018-10-07,suzuka,Suzuka Circuit,leclerc,LEC,Charles Leclerc,sauber,Sauber,16,10,18,R,0,38,Mechanical,13,1:34.515,221.183,kph
2018,17,Japanese Grand Prix,2018-10-07,suzuka,Suzuka Circuit,hulkenberg,HUL,Nico Hülkenberg,renault,Renault,27,16,19,R,0,37,Engine,17,1:34.934,220.207,kph
2018,17,Japanese Grand Prix,2018-10-07,suzuka,Suzuka Circuit,kevin_magnussen,MAG,Kevin Magnussen,haas,Haas F1 Team,20,12,20,R,0,8,Collision damage,20,1:39.908,209.244,kph
2018,18,United States Grand Prix,2018-10-21,americas,Circuit of the Americas,raikkonen,RAI,Kimi Räikkönen,ferrari,Ferrari,7,2,1,1,25,56,Finished,5,1:38.482,201.527,kph
2018,18,United States Grand Prix,2018-10-21,americas,Circuit of the Americas,max_verstappen,VER,Max Verstappen,red_bull,Red Bull,33,18,2,2,18,56,Finished,2,1:38.246,202.011,kph
2018,18,United States Grand Prix,2018-10-21,americas,Circuit of the Americas,hamilton,HAM,Lewis Hamilton,mercedes,Mercedes,44,1,3,3,15,56,Finished,1,1:37.392,203.782,kph
2018,18,United States Grand Prix,2018-10-21,americas,Circuit of the Americas,vettel,VET,Sebastian Vettel,ferrari,Ferrari,5,5,4,4,12,56,Finished,3,1:38.280,201.941,kph
2018,18,United States Grand Prix,2018-10-21,americas,Circuit of the Americas,bottas,BOT,Valtteri Bottas,mercedes,Mercedes,77,3,5,5,10,56,Finished,4,1:38.470,201.551,kph
2018,18,United States Grand Prix,2018-10-21,americas,Circuit of the Americas,hulkenberg,HUL,Nico Hülkenberg,renault,Renault,27,7,6,6,8,56,Finished,8,1:39.548,199.369,kph
2018,18,United States Grand Prix,2018-10-21,americas,Circuit of the Americas,sainz,SAI,Carlos Sainz,renault,Renault,55,11,7,7,6,56,Finished,11,1:39.858,198.750,kph
2018,18,United States Grand Prix,2018-10-21,americas,Circuit of the Americas,perez,PER,Sergio Pérez,force_india,Force India,11,10,8,8,4,56,Finished,13,1:39.992,198.483,kph
2018,18,United States Grand Prix,2018-10-21,americas,Circuit of the Americas,brendon_hartley,HAR,Brendon Hartley,toro_rosso,Toro Rosso,28,20,9,9,2,55,+1 Lap,6,1:38.963,200.547,kph
2018,18,United States Grand Prix,2018-10-21,americas,Circuit of the Americas,ericsson,ERI,Marcus Ericsson,sauber,Sauber,9,16,10,10,1,55,+1 Lap,9,1:39.569,199.327,kph
2018,18,United States Grand Prix,2018-10-21,americas,Circuit of the Americas,vandoorne,VAN,Stoffel Vandoorne,mclaren,McLaren,2,17,11,11,0,55,+1 Lap,12,1:39.915,198.636,kph
2018,18,United States Grand Prix,2018-10-21,americas,Circuit of the Americas,gasly,GAS,Pierre Gasly,toro_rosso,Toro Rosso,10,19,12,12,0,55,+1 Lap,14,1:40.098,198.273,kph
2018,18,United States Grand Prix,2018-10-21,americas,Circuit of the Americas,sirotkin,SIR,Sergey Sirotkin,williams,Williams,35,14,13,13,0,55,+1 Lap,7,1:39.240,199.987,kph
2018,18,United States Grand Prix,2018-10-21,americas,Circuit of the Americas,stroll,STR,Lance Stroll,williams,Williams,18,15,14,14,0,54,+2 Laps,10,1:39.646,199.173,kph
2018,18,United States Grand Prix,2018-10-21,americas,Circuit of the Americas,leclerc,LEC,Charles Leclerc,sauber,Sauber,16,9,15,R,0,31,Collision damage,16,1:40.522,197.437,kph
2018,18,United States Grand Prix,2018-10-21,americas,Circuit of the Americas,ricciardo,RIC,Daniel Ricciardo,red_bull,Red Bull,3,4,16,R,0,8,Battery,15,1:40.433,197.612,kph
2018,18,United States Grand Prix,2018-10-21,americas,Circuit of the Americas,grosjean,GRO,Romain Grosjean,haas,Haas F1 Team,8,8,17,R,0,2,Collision damage,18,1:41.982,194.610,kph
2018,18,United States Grand Prix,2018-10-21,americas,Circuit of the Americas,alonso,ALO,Fernando Alonso,mclaren,McLaren,14,13,18,R,0,1,Collision,17,1:40.933,196.633,kph
2018,18,United States Grand Prix,2018-10-21,americas,Circuit of the Americas,ocon,OCO,Esteban Ocon,force_india,Force India,31,6,19,D,0,56,Disqualified,,,,
2018,18,United States Grand Prix,2018-10-21,americas,Circuit of the Americas,kevin_magnussen,MAG,Kevin Magnussen,haas,Haas F1 Team,20,12,20,D,0,56,Disqualified,,,,
2018,19,Mexican Grand Prix,2018-10-28,rodriguez,Autódromo Hermanos Rodríguez,max_verstappen,VER,Max Verstappen,red_bull,Red Bull,33,2,1,1,25,71,Finished,2,1:19.186,195.670,kph
2018,19,Mexican Grand Prix,2018-10-28,rodriguez,Autódromo Hermanos Rodríguez,vettel,VET,Sebastian Vettel,ferrari,Ferrari,5,4,2,2,18,71,Finished,4,1:19.522,194.844,kph
2018,19,Mexican Grand Prix,2018-10-28,rodriguez,Autódromo Hermanos Rodríguez,raikkonen,RAI,Kimi Räikkönen,ferrari,Ferrari,7,6,3,3,15,71,Finished,5,1:20.334,192.874,kph
2018,19,Mexican Grand Prix,2018-10-28,rodriguez,Autódromo Hermanos Rodríguez,hamilton,HAM,Lewis Hamilton,mercedes,Mercedes,44,3,4,4,12,71,Finished,8,1:20.728,191.933,kph
2018,19,Mexican Grand Prix,2018-10-28,rodriguez,Autódromo Hermanos Rodríguez,bottas,BOT,Valtteri Bottas,mercedes,Mercedes,77,5,5,5,10,70,+1 Lap,1,1:18.741,196.776,kph
2018,19,Mexican Grand Prix,2018-10-28,rodriguez,Autódromo Hermanos Rodríguez,hulkenberg,HUL,Nico Hülkenberg,renault,Renault,27,7,6,6,8,69,+2 Laps,7,1:20.637,192.150,kph
2018,19,Mexican Grand Prix,2018-10-28,rodriguez,Autódromo Hermanos Rodríguez,leclerc,LEC,Charles Leclerc,sauber,Sauber,16,9,7,7,6,69,+2 Laps,6,1:20.537,192.388,kph
2018,19,Mexican Grand Prix,2018-10-28,rodriguez,Autódromo Hermanos Rodríguez,vandoorne,VAN,Stoffel Vandoorne,mclaren,McLaren,2,15,8,8,4,69,+2 Laps,11,1:21.921,189.138,kph
2018,19,Mexican Grand Prix,2018-10-28,rodriguez,Autódromo Hermanos Rodríguez,ericsson,ERI,Marcus Ericsson,sauber,Sauber,9,10,9,9,2,69,+2 Laps,14,1:22.440,187.947,kph
2018,19,Mexican Grand Prix,2018-10-28,rodriguez,Autódromo Hermanos Rodríguez,gasly,GAS,Pierre Gasly,toro_rosso,Toro Rosso,10,20,10,10,1,69,+2 Laps,17,1:22.755,187.232,kph
2018,19,Mexican Grand Prix,2018-10-28,rodriguez,Autódromo Hermanos Rodríguez,ocon,OCO,Esteban Ocon,force_india,Force India,31,11,11,11,0,69,+2 Laps,15,1:22.629,187.517,kph
2018,19,Mexican Grand Prix,2018-10-28,rodriguez,Autódromo Hermanos Rodríguez,stroll,STR,Lance Stroll,williams,Williams,18,17,12,12,0,69,+2 Laps,18,1:22.983,186.717,kph
2018,19,Mexican Grand Prix,2018-10-28,rodriguez,Autódromo Hermanos Rodríguez,sirotkin,SIR,Sergey Sirotkin,williams,Williams,35,19,13,13,0,69,+2 Laps,16,1:22.640,187.492,kph
2018,19,Mexican Grand Prix,2018-10-28,rodriguez,Autódromo Hermanos Rodríguez,brendon_hartley,HAR,Brendon Hartley,toro_rosso,Toro Rosso,28,14,14,14,0,69,+2 Laps,13,1:22.438,187.952,kph
2018,19,Mexican Grand Prix,2018-10-28,rodriguez,Autódromo Hermanos Rodríguez,kevin_magnussen,MAG,Kevin Magnussen,haas,Haas F1 Team,20,16,15,15,0,69,+2 Laps,10,1:21.874,189.246,kph
2018,19,Mexican Grand Prix,2018-10-28,rodriguez,Autódromo Hermanos Rodríguez,grosjean,GRO,Romain Grosjean,haas,Haas F1 Team,8,18,16,16,0,68,+3 Laps,9,1:21.370,190.419,kph
2018,19,Mexican Grand Prix,2018-10-28,rodriguez,Autódromo Hermanos Rodríguez,ricciardo,RIC,Daniel Ricciardo,red_bull,Red Bull,3,1,17,R,0,61,Engine,3,1:19.462,194.991,kph
2018,19,Mexican Grand Prix,2018-10-28,rodriguez,Autódromo Hermanos Rodríguez,perez,PER,Sergio Pérez,force_india,Force India,11,13,18,R,0,38,Brakes,19,1:23.545,185.461,kph
2018,19,Mexican Grand Prix,2018-10-28,rodriguez,Autódromo Hermanos Rodríguez,sainz,SAI,Carlos Sainz,renault,Renault,55,8,19,R,0,28,Suspension,12,1:22.386,188.070,kph
2018,19,Mexican Grand Prix,2018-10-28,rodriguez,Autódromo Hermanos Rodríguez,alonso,ALO,Fernando Alonso,mclaren,McLaren,14,12,20,R,0,3,Engine,20,1:24.197,184.025,kph
2018,20,Brazilian Grand Prix,2018-11-11,interlagos,Autódromo José Carlos Pace,hamilton,HAM,Lewis Hamilton,mercedes,Mercedes,44,1,1,1,25,71,Finished,7,1:11.795,216.065,kph
2018,20,Brazilian Grand Prix,2018-11-11,interlagos,Autódromo José Carlos Pace,max_verstappen,VER,Max Verstappen,red_bull,Red Bull,33,5,2,2,18,71,Finished,4,1:11.578,216.720,kph
2018,20,Brazilian Grand Prix,2018-11-11,interlagos,Autódromo José Carlos Pace,raikkonen,RAI,Kimi Räikkönen,ferrari,Ferrari,7,4,3,3,15,71,Finished,6,1:11.769,216.143,kph
2018,20,Brazilian Grand Prix,2018-11-11,interlagos,Autódromo José Carlos Pace,ricciardo,RIC,Daniel Ricciardo,red_bull,Red Bull,3,11,4,4,12,71,Finished,3,1:11.343,217.434,kph
2018,20,Brazilian Grand Prix,2018-11-11,interlagos,Autódromo José Carlos Pace,bottas,BOT,Valtteri Bottas,mercedes,Mercedes,77,3,5,5,10,71,Finished,1,1:10.540,219.909,kph
2018,20,Brazilian Grand Prix,2018-11-11,interlagos,Autódromo José Carlos Pace,vettel,VET,Sebastian Vettel,ferrari,Ferrari,5,2,6,6,8,71,Finished,2,1:10.831,219.005,kph
2018,20,Brazilian Grand Prix,2018-11-11,interlagos,Autódromo José Carlos Pace,leclerc,LEC,Charles Leclerc,sauber,Sauber,16,7,7,7,6,71,Finished,8,1:12.082,215.204,kph
2018,20,Brazilian Grand Prix,2018-11-11,interlagos,Autódromo José Carlos Pace,grosjean,GRO,Romain Grosjean,haas,Haas F1 Team,8,8,8,8,4,71,Finished,12,1:12.362,214.372,kph
2018,20,Brazilian Grand Prix,2018-11-11,interlagos,Autódromo José Carlos Pace,kevin_magnussen,MAG,Kevin Magnussen,haas,Haas F1 Team,20,10,9,9,2,71,Finished,10,1:12.206,214.835,kph
2018,20,Brazilian Grand Prix,2018-11-11,interlagos,Autódromo José Carlos Pace,perez,PER,Sergio Pérez,force_india,Force India,11,12,10,10,1,70,+1 Lap,13,1:12.472,214.046,kph
2018,20,Brazilian Grand Prix,2018-11-11,interlagos,Autódromo José Carlos Pace,brendon_hartley,HAR,Brendon Hartley,toro_rosso,Toro Rosso,28,16,11,11,0,70,+1 Lap,15,1:12.949,212.647,kph
2018,20,Brazilian Grand Prix,2018-11-11,interlagos,Autódromo José Carlos Pace,sainz,SAI,Carlos Sainz,renault,Renault,55,15,12,12,0,70,+1 Lap,9,1:12.169,214.945,kph
2018,20,Brazilian Grand Prix,2018-11-11,interlagos,Autódromo José Carlos Pace,gasly,GAS,Pierre Gasly,toro_rosso,Toro Rosso,10,9,13,13,0,70,+1 Lap,17,1:13.822,210.132,kph
2018,20,Brazilian Grand Prix,2018-11-11,interlagos,Autódromo José Carlos Pace,vandoorne,VAN,Stoffel Vandoorne,mclaren,McLaren,2,20,14,14,0,70,+1 Lap,16,1:12.968,212.591,kph
2018,20,Brazilian Grand Prix,2018-11-11,interlagos,Autódromo José Carlos Pace,ocon,OCO,Esteban Ocon,force_india,Force India,31,18,15,15,0,70,+1 Lap,11,1:12.352,214.401,kph
2018,20,Brazilian Grand Prix,2018-11-11,interlagos,Autódromo José Carlos Pace,sirotkin,SIR,Sergey Sirotkin,williams,Williams,35,14,16,16,0,69,+2 Laps,19,1:14.262,208.887,kph
2018,20,Brazilian Grand Prix,2018-11-11,interlagos,Autódromo José Carlos Pace,alonso,ALO,Fernando Alonso,mclaren,McLaren,14,17,17,17,0,69,+2 Laps,14,1:12.643,213.542,kph
2018,20,Brazilian Grand Prix,2018-11-11,interlagos,Autódromo José Carlos Pace,stroll,STR,Lance Stroll,williams,Williams,18,19,18,18,0,69,+2 Laps,5,1:11.751,216.197,kph
2018,20,Brazilian Grand Prix,2018-11-11,interlagos,Autódromo José Carlos Pace,hulkenberg,HUL,Nico Hülkenberg,renault,Renault,27,13,19,R,0,32,Overheating,18,1:14.029,209.544,kph
2018,20,Brazilian Grand Prix,2018-11-11,interlagos,Autódromo José Carlos Pace,ericsson,ERI,Marcus Ericsson,sauber,Sauber,9,6,20,R,0,20,Collision,20,1:15.281,206.059,kph
2018,21,Abu Dhabi Grand Prix,2018-11-25,yas_marina,Yas Marina Circuit,hamilton,HAM,Lewis Hamilton,mercedes,Mercedes,44,1,1,1,25,55,Finished,5,1:41.357,197.267,kph
2018,21,Abu Dhabi Grand Prix,2018-11-25,yas_marina,Yas Marina Circuit,vettel,VET,Sebastian Vettel,ferrari,Ferrari,5,3,2,2,18,55,Finished,1,1:40.867,198.225,kph
2018,21,Abu Dhabi Grand Prix,2018-11-25,yas_marina,Yas Marina Circuit,max_verstappen,VER,Max Verstappen,red_bull,Red Bull,33,6,3,3,15,55,Finished,6,1:41.909,196.198,kph
2018,21,Abu Dhabi Grand Prix,2018-11-25,yas_marina,Yas Marina Circuit,ricciardo,RIC,Daniel Ricciardo,red_bull,Red Bull,3,5,4,4,12,55,Finished,3,1:41.249,197.477,kph
2018,21,Abu Dhabi Grand Prix,2018-11-25,yas_marina,Yas Marina Circuit,bottas,BOT,Valtteri Bottas,mercedes,Mercedes,77,2,5,5,10,55,Finished,2,1:40.953,198.056,kph
2018,21,Abu Dhabi Grand Prix,2018-11-25,yas_marina,Yas Marina Circuit,sainz,SAI,Carlos Sainz,renault,Renault,55,11,6,6,8,55,Finished,4,1:41.351,197.278,kph
2018,21,Abu Dhabi Grand Prix,2018-11-25,yas_marina,Yas Marina Circuit,leclerc,LEC,Charles Leclerc,sauber,Sauber,16,8,7,7,6,55,Finished,10,1:42.876,194.354,kph
2018,21,Abu Dhabi Grand Prix,2018-11-25,yas_marina,Yas Marina Circuit,perez,PER,Sergio Pérez,force_india,Force India,11,14,8,8,4,55,Finished,8,1:42.816,194.467,kph
2018,21,Abu Dhabi Grand Prix,2018-11-25,yas_marina,Yas Marina Circuit,grosjean,GRO,Romain Grosjean,haas,Haas F1 Team,8,7,9,9,2,54,+1 Lap,11,1:43.195,193.753,kph
2018,21,Abu Dhabi Grand Prix,2018-11-25,yas_marina,Yas Marina Circuit,kevin_magnussen,MAG,Kevin Magnussen,haas,Haas F1 Team,20,13,10,10,1,54,+1 Lap,9,1:42.822,194.456,kph
2018,21,Abu Dhabi Grand Prix,2018-11-25,yas_marina,Yas Marina Circuit,alonso,ALO,Fernando Alonso,mclaren,McLaren,14,15,11,11,0,54,+1 Lap,7,1:42.393,195.271,kph
2018,21,Abu Dhabi Grand Prix,2018-11-25,yas_marina,Yas Marina Circuit,brendon_hartley,HAR,Brendon Hartley,toro_rosso,Toro Rosso,28,16,12,12,0,54,+1 Lap,17,1:44.174,191.932,kph
2018,21,Abu Dhabi Grand Prix,2018-11-25,yas_marina,Yas Marina Circuit,stroll,STR,Lance Stroll,williams,Williams,18,20,13,13,0,54,+1 Lap,16,1:44.033,192.192,kph
2018,21,Abu Dhabi Grand Prix,2018-11-25,yas_marina,Yas Marina Circuit,vandoorne,VAN,Stoffel Vandoorne,mclaren,McLaren,2,18,14,14,0,54,+1 Lap,12,1:43.249,193.652,kph
2018,21,Abu Dhabi Grand Prix,2018-11-25,yas_marina,Yas Marina Circuit,sirotkin,SIR,Sergey Sirotkin,williams,Williams,35,19,15,15,0,54,+1 Lap,14,1:43.831,192.566,kph
2018,21,Abu Dhabi Grand Prix,2018-11-25,yas_marina,Yas Marina Circuit,gasly,GAS,Pierre Gasly,toro_rosso,Toro Rosso,10,17,16,R,0,46,Engine,15,1:43.988,192.276,kph
2018,21,Abu Dhabi Grand Prix,2018-11-25,yas_marina,Yas Marina Circuit,ocon,OCO,Esteban Ocon,force_india,Force India,31,9,17,R,0,44,Engine,13,1:43.591,193.012,kph
2018,21,Abu Dhabi Grand Prix,2018-11-25,yas_marina,Yas Marina Circuit,ericsson,ERI,Marcus Ericsson,sauber,Sauber,9,12,18,R,0,24,Power loss,19,1:46.077,188.489,kph
2018,21,Abu Dhabi Grand Prix,2018-11-25,yas_marina,Yas Marina Circuit,raikkonen,RAI,Kimi Räikkönen,ferrari,Ferrari,7,4,19,R,0,6,Power loss,18,1:45.198,190.064,kph
2018,21,Abu Dhabi Grand Prix,2018-11-25,yas_marina,Yas Marina Circuit,hulkenberg,HUL,Nico Hülkenberg,renault,Renault,27,10,20,R,0,0,Collision,,,,
2019,1,Australian Grand Prix,2019-03-17,albert_park,Albert Park Grand Prix Circuit,bottas,BOT,Valtteri Bottas,mercedes,Mercedes,77,2,1,1,26,58,Finished,1,1:25.580,223.075,kph
2019,1,Australian Grand Prix,2019-03-17,albert_park,Albert Park Grand Prix Circuit,hamilton,HAM,Lewis Hamilton,mercedes,Mercedes,44,1,2,2,18,58,Finished,2,1:26.057,221.839,kph
2019,1,Australian Grand Prix,2019-03-17,albert_park,Albert Park Grand Prix Circuit,max_verstappen,VER,Max Verstappen,red_bull,Red Bull,33,4,3,3,15,58,Finished,3,1:26.256,221.327,kph
2019,1,Australian Grand Prix,2019-03-17,albert_park,Albert Park Grand Prix Circuit,vettel,VET,Sebastian Vettel,ferrari,Ferrari,5,3,4,4,12,58,Finished,8,1:27.954,217.054,kph
2019,1,Australian Grand Prix,2019-03-17,albert_park,Albert Park Grand Prix Circuit,leclerc,LEC,Charles Leclerc,ferrari,Ferrari,16,5,5,5,10,58,Finished,4,1:26.926,219.621,kph
2019,1,Australian Grand Prix,2019-03-17,albert_park,Albert Park Grand Prix Circuit,kevin_magnussen,MAG,Kevin Magnussen,haas,Haas F1 Team,20,7,6,6,8,58,Finished,9,1:28.182,216.493,kph
2019,1,Australian Grand Prix,2019-03-17,albert_park,Albert Park Grand Prix Circuit,hulkenberg,HUL,Nico Hülkenberg,renault,Renault,27,11,7,7,6,57,+1 Lap,12,1:28.444,215.851,kph
2019,1,Australian Grand Prix,2019-03-17,albert_park,Albert Park Grand Prix Circuit,raikkonen,RAI,Kimi Räikkönen,alfa,Alfa Romeo,7,9,8,8,4,57,+1 Lap,11,1:28.270,216.277,kph
2019,1,Australian Grand Prix,2019-03-17,albert_park,Albert Park Grand Prix Circuit,stroll,STR,Lance Stroll,racing_point,Racing Point,18,16,9,9,2,57,+1 Lap,7,1:27.568,218.011,kph
2019,1,Australian Grand Prix,2019-03-17,albert_park,Albert Park Grand Prix Circuit,kvyat,KVY,Daniil Kvyat,toro_rosso,Toro Rosso,26,15,10,10,1,57,+1 Lap,6,1:27.448,218.310,kph
2019,1,Australian Grand Prix,2019-03-17,albert_park,Albert Park Grand Prix Circuit,gasly,GAS,Pierre Gasly,red_bull,Red Bull,10,17,11,11,0,57,+1 Lap,5,1:27.229,218.858,kph
2019,1,Australian Grand Prix,2019-03-17,albert_park,Albert Park Grand Prix Circuit,norris,NOR,Lando Norris,mclaren,McLaren,4,8,12,12,0,57,+1 Lap,16,1:28.555,215.581,kph
2019,1,Australian Grand Prix,2019-03-17,albert_park,Albert Park Grand Prix Circuit,perez,PER,Sergio Pérez,racing_point,Racing Point,11,10,13,13,0,57,+1 Lap,15,1:28.485,215.751,kph
2019,1,Australian Grand Prix,2019-03-17,albert_park,Albert Park Grand Prix Circuit,albon,ALB,Alexander Albon,toro_rosso,Toro Rosso,23,13,14,14,0,57,+1 Lap,10,1:28.188,216.478,kph
2019,1,Australian Grand Prix,2019-03-17,albert_park,Albert Park Grand Prix Circuit,giovinazzi,GIO,Antonio Giovinazzi,alfa,Alfa Romeo,99,14,15,15,0,57,+1 Lap,14,1:28.479,215.766,kph
2019,1,Australian Grand Prix,2019-03-17,albert_park,Albert Park Grand Prix Circuit,russell,RUS,George Russell,williams,Williams,63,19,16,16,0,56,+2 Laps,17,1:28.713,215.197,kph
2019,1,Australian Grand Prix,2019-03-17,albert_park,Albert Park Grand Prix Circuit,kubica,KUB,Robert Kubica,williams,Williams,88,20,17,17,0,55,+3 Laps,18,1:29.284,213.821,kph
2019,1,Australian Grand Prix,2019-03-17,albert_park,Albert Park Grand Prix Circuit,grosjean,GRO,Romain Grosjean,haas,Haas F1 Team,8,6,18,R,0,29,Wheel,13,1:28.462,215.807,kph
2019,1,Australian Grand Prix,2019-03-17,albert_park,Albert Park Grand Prix Circuit,ricciardo,RIC,Daniel Ricciardo,renault,Renault,3,12,19,R,0,28,Damage,19,1:29.848,212.478,kph
2019,1,Australian Grand Prix,2019-03-17,albert_park,Albert Park Grand Prix Circuit,sainz,SAI,Carlos Sainz,mclaren,McLaren,55,18,20,R,0,9,Engine,20,1:30.899,210.022,kph
2019,2,Bahrain Grand Prix,2019-03-31,bahrain,Bahrain International Circuit,hamilton,HAM,Lewis Hamilton,mercedes,Mercedes,44,3,1,1,25,57,Finished,2,1:33.528,208.314,kph
2019,2,Bahrain Grand Prix,2019-03-31,bahrain,Bahrain International Circuit,bottas,BOT,Valtteri Bottas,mercedes,Mercedes,77,4,2,2,18,57,Finished,3,1:34.209,206.808,kph
2019,2,Bahrain Grand Prix,2019-03-31,bahrain,Bahrain International Circuit,leclerc,LEC,Charles Leclerc,ferrari,Ferrari,16,1,3,3,16,57,Finished,1,1:33.411,208.575,kph
2019,2,Bahrain Grand Prix,2019-03-31,bahrain,Bahrain International Circuit,max_verstappen,VER,Max Verstappen,red_bull,Red Bull,33,5,4,4,12,57,Finished,9,1:35.311,204.417,kph
2019,2,Bahrain Grand Prix,2019-03-31,bahrain,Bahrain International Circuit,vettel,VET,Sebastian Vettel,ferrari,Ferrari,5,2,5,5,10,57,Finished,4,1:34.895,205.313,kph
2019,2,Bahrain Grand Prix,2019-03-31,bahrain,Bahrain International Circuit,norris,NOR,Lando Norris,mclaren,McLaren,4,9,6,6,8,57,Finished,12,1:35.777,203.422,kph
2019,2,Bahrain Grand Prix,2019-03-31,bahrain,Bahrain International Circuit,raikkonen,RAI,Kimi Räikkönen,alfa,Alfa Romeo,7,8,7,7,6,57,Finished,11,1:35.589,203.822,kph
2019,2,Bahrain Grand Prix,2019-03-31,bahrain,Bahrain International Circuit,gasly,GAS,Pierre Gasly,red_bull,Red Bull,10,13,8,8,4,57,Finished,8,1:35.291,204.460,kph
2019,2,Bahrain Grand Prix,2019-03-31,bahrain,Bahrain International Circuit,albon,ALB,Alexander Albon,toro_rosso,Toro Rosso,23,12,9,9,2,57,Finished,16,1:36.752,201.372,kph
2019,2,Bahrain Grand Prix,2019-03-31,bahrain,Bahrain International Circuit,perez,PER,Sergio Pérez,racing_point,Racing Point,11,14,10,10,1,57,Finished,14,1:36.330,202.254,kph
2019,2,Bahrain Grand Prix,2019-03-31,bahrain,Bahrain International Circuit,giovinazzi,GIO,Antonio Giovinazzi,alfa,Alfa Romeo,99,16,11,11,0,57,Finished,7,1:35.237,204.575,kph
2019,2,Bahrain Grand Prix,2019-03-31,bahrain,Bahrain International Circuit,kvyat,KVY,Daniil Kvyat,toro_rosso,Toro Rosso,26,15,12,12,0,56,+1 Lap,5,1:34.934,205.228,kph
2019,2,Bahrain Grand Prix,2019-03-31,bahrain,Bahrain International Circuit,kevin_magnussen,MAG,Kevin Magnussen,haas,Haas F1 Team,20,6,13,13,0,56,+1 Lap,13,1:35.892,203.178,kph
2019,2,Bahrain Grand Prix,2019-03-31,bahrain,Bahrain International Circuit,stroll,STR,Lance Stroll,racing_point,Racing Point,18,18,14,14,0,56,+1 Lap,17,1:37.037,200.781,kph
2019,2,Bahrain Grand Prix,2019-03-31,bahrain,Bahrain International Circuit,russell,RUS,George Russell,williams,Williams,63,19,15,15,0,56,+1 Lap,19,1:37.313,200.211,kph
2019,2,Bahrain Grand Prix,2019-03-31,bahrain,Bahrain International Circuit,kubica,KUB,Robert Kubica,williams,Williams,88,20,16,16,0,55,+2 Laps,20,1:37.903,199.005,kph
2019,2,Bahrain Grand Prix,2019-03-31,bahrain,Bahrain International Circuit,hulkenberg,HUL,Nico Hülkenberg,renault,Renault,27,17,17,R,0,53,Engine,6,1:35.215,204.623,kph
2019,2,Bahrain Grand Prix,2019-03-31,bahrain,Bahrain International Circuit,ricciardo,RIC,Daniel Ricciardo,renault,Renault,3,10,18,R,0,53,Out of fuel,15,1:36.697,201.487,kph
2019,2,Bahrain Grand Prix,2019-03-31,bahrain,Bahrain International Circuit,sainz,SAI,Carlos Sainz,mclaren,McLaren,55,7,19,R,0,53,Collision damage,10,1:35.586,203.829,kph
2019,2,Bahrain Grand Prix,2019-03-31,bahrain,Bahrain International Circuit,grosjean,GRO,Romain Grosjean,haas,Haas F1 Team,8,11,20,R,0,16,Retired,18,1:37.262,200.316,kph
2019,3,Chinese Grand Prix,2019-04-14,shanghai,Shanghai International Circuit,hamilton,HAM,Lewis Hamilton,mercedes,Mercedes,44,2,1,1,25,56,Finished,5,1:35.892,204.642,kph
2019,3,Chinese Grand Prix,2019-04-14,shanghai,Shanghai International Circuit,bottas,BOT,Valtteri Bottas,mercedes,Mercedes,77,1,2,2,18,56,Finished,4,1:34.872,206.842,kph
2019,3,Chinese Grand Prix,2019-04-14,shanghai,Shanghai International Circuit,vettel,VET,Sebastian Vettel,ferrari,Ferrari,5,3,3,3,15,56,Finished,2,1:34.836,206.921,kph
2019,3,Chinese Grand Prix,2019-04-14,shanghai,Shanghai International Circuit,max_verstappen,VER,Max Verstappen,red_bull,Red Bull,33,5,4,4,12,56,Finished,6,1:36.143,204.108,kph
2019,3,Chinese Grand Prix,2019-04-14,shanghai,Shanghai International Circuit,leclerc,LEC,Charles Leclerc,ferrari,Ferrari,16,4,5,5,10,56,Finished,3,1:34.860,206.869,kph
2019,3,Chinese Grand Prix,2019-04-14,shanghai,Shanghai International Circuit,gasly,GAS,Pierre Gasly,red_bull,Red Bull,10,6,6,6,9,56,Finished,1,1:34.742,207.126,kph
2019,3,Chinese Grand Prix,2019-04-14,shanghai,Shanghai International Circuit,ricciardo,RIC,Daniel Ricciardo,renault,Renault,3,7,7,7,6,55,+1 Lap,16,1:38.632,198.957,kph
2019,3,Chinese Grand Prix,2019-04-14,shanghai,Shanghai International Circuit,perez,PER,Sergio Pérez,racing_point,Racing Point,11,12,8,8,4,55,+1 Lap,17,1:38.702,198.816,kph
2019,3,Chinese Grand Prix,2019-04-14,shanghai,Shanghai International Circuit,raikkonen,RAI,Kimi Räikkönen,alfa,Alfa Romeo,7,13,9,9,2,55,+1 Lap,12,1:37.812,200.625,kph
2019,3,Chinese Grand Prix,2019-04-14,shanghai,Shanghai International Circuit,albon,ALB,Alexander Albon,toro_rosso,Toro Rosso,23,0,10,10,1,55,+1 Lap,18,1:38.901,198.416,kph
2019,3,Chinese Grand Prix,2019-04-14,shanghai,Shanghai International Circuit,grosjean,GRO,Romain Grosjean,haas,Haas F1 Team,8,10,11,11,0,55,+1 Lap,8,1:36.873,202.570,kph
2019,3,Chinese Grand Prix,2019-04-14,shanghai,Shanghai International Circuit,stroll,STR,Lance Stroll,racing_point,Racing Point,18,16,12,12,0,55,+1 Lap,7,1:36.678,202.978,kph
2019,3,Chinese Grand Prix,2019-04-14,shanghai,Shanghai International Circuit,kevin_magnussen,MAG,Kevin Magnussen,haas,Haas F1 Team,20,9,13,13,0,55,+1 Lap,10,1:37.471,201.327,kph
2019,3,Chinese Grand Prix,2019-04-14,shanghai,Shanghai International Circuit,sainz,SAI,Carlos Sainz,mclaren,McLaren,55,14,14,14,0,55,+1 Lap,11,1:37.502,201.263,kph
2019,3,Chinese Grand Prix,2019-04-14,shanghai,Shanghai International Circuit,giovinazzi,GIO,Antonio Giovinazzi,alfa,Alfa Romeo,99,19,15,15,0,55,+1 Lap,14,1:38.048,200.142,kph
2019,3,Chinese Grand Prix,2019-04-14,shanghai,Shanghai International Circuit,russell,RUS,George Russell,williams,Williams,63,17,16,16,0,54,+2 Laps,9,1:37.283,201.716,kph
2019,3,Chinese Grand Prix,2019-04-14,shanghai,Shanghai International Circuit,kubica,KUB,Robert Kubica,williams,Williams,88,18,17,17,0,54,+2 Laps,20,1:39.772,196.684,kph
2019,3,Chinese Grand Prix,2019-04-14,shanghai,Shanghai International Circuit,norris,NOR,Lando Norris,mclaren,McLaren,4,15,18,18,0,50,Collision,15,1:38.346,199.536,kph
2019,3,Chinese Grand Prix,2019-04-14,shanghai,Shanghai International Circuit,kvyat,KVY,Daniil Kvyat,toro_rosso,Toro Rosso,26,11,19,R,0,41,Collision,13,1:37.975,200.291,kph
2019,3,Chinese Grand Prix,2019-04-14,shanghai,Shanghai International Circuit,hulkenberg,HUL,Nico Hülkenberg,renault,Renault,27,8,20,R,0,16,Power Unit,19,1:39.677,196.871,kph
2019,4,Azerbaijan Grand Prix,2019-04-28,baku,Baku City Circuit,bottas,BOT,Valtteri Bottas,mercedes,Mercedes,77,1,1,1,25,51,Finished,2,1:44.024,207.748,kph
2019,4,Azerbaijan Grand Prix,2019-04-28,baku,Baku City Circuit,hamilton,HAM,Lewis Hamilton,mercedes,Mercedes,44,2,2,2,18,51,Finished,3,1:44.166,207.465,kph
2019,4,Azerbaijan Grand Prix,2019-04-28,baku,Baku City Circuit,vettel,VET,Sebastian Vettel,ferrari,Ferrari,5,3,3,3,15,51,Finished,4,1:44.629,206.546,kph
2019,4,Azerbaijan Grand Prix,2019-04-28,baku,Baku City Circuit,max_verstappen,VER,Max Verstappen,red_bull,Red Bull,33,4,4,4,12,51,Finished,5,1:44.794,206.221,kph
2019,4,Azerbaijan Grand Prix,2019-04-28,baku,Baku City Circuit,leclerc,LEC,Charles Leclerc,ferrari,Ferrari,16,8,5,5,11,51,Finished,1,1:43.009,209.795,kph
2019,4,Azerbaijan Grand Prix,2019-04-28,baku,Baku City Circuit,perez,PER,Sergio Pérez,racing_point,Racing Point,11,5,6,6,8,51,Finished,7,1:45.524,204.795,kph
2019,4,Azerbaijan Grand Prix,2019-04-28,baku,Baku City Circuit,sainz,SAI,Carlos Sainz,mclaren,McLaren,55,9,7,7,6,51,Finished,10,1:45.807,204.247,kph
2019,4,Azerbaijan Grand Prix,2019-04-28,baku,Baku City Circuit,norris,NOR,Lando Norris,mclaren,McLaren,4,7,8,8,4,51,Finished,6,1:45.394,205.047,kph
2019,4,Azerbaijan Grand Prix,2019-04-28,baku,Baku City Circuit,stroll,STR,Lance Stroll,racing_point,Racing Point,18,13,9,9,2,51,Finished,12,1:46.009,203.858,kph
2019,4,Azerbaijan Grand Prix,2019-04-28,baku,Baku City Circuit,raikkonen,RAI,Kimi Räikkönen,alfa,Alfa Romeo,7,0,10,10,1,50,+1 Lap,13,1:46.479,202.958,kph
2019,4,Azerbaijan Grand Prix,2019-04-28,baku,Baku City Circuit,albon,ALB,Alexander Albon,toro_rosso,Toro Rosso,23,11,11,11,0,50,+1 Lap,9,1:45.754,204.349,kph
2019,4,Azerbaijan Grand Prix,2019-04-28,baku,Baku City Circuit,giovinazzi,GIO,Antonio Giovinazzi,alfa,Alfa Romeo,99,17,12,12,0,50,+1 Lap,11,1:45.969,203.935,kph
2019,4,Azerbaijan Grand Prix,2019-04-28,baku,Baku City Circuit,kevin_magnussen,MAG,Kevin Magnussen,haas,Haas F1 Team,20,12,13,13,0,50,+1 Lap,14,1:46.682,202.572,kph
2019,4,Azerbaijan Grand Prix,2019-04-28,baku,Baku City Circuit,hulkenberg,HUL,Nico Hülkenberg,renault,Renault,27,15,14,14,0,50,+1 Lap,17,1:47.407,201.204,kph
2019,4,Azerbaijan Grand Prix,2019-04-28,baku,Baku City Circuit,russell,RUS,George Russell,williams,Williams,63,16,15,15,0,49,+2 Laps,16,1:47.251,201.497,kph
2019,4,Azerbaijan Grand Prix,2019-04-28,baku,Baku City Circuit,kubica,KUB,Robert Kubica,williams,Williams,88,0,16,16,0,49,+2 Laps,19,1:47.709,200.640,kph
2019,4,Azerbaijan Grand Prix,2019-04-28,baku,Baku City Circuit,gasly,GAS,Pierre Gasly,red_bull,Red Bull,10,0,17,R,0,38,Transmission,8,1:45.712,204.430,kph
2019,4,Azerbaijan Grand Prix,2019-04-28,baku,Baku City Circuit,grosjean,GRO,Romain Grosjean,haas,Haas F1 Team,8,14,18,R,0,38,Brakes,20,1:48.517,199.146,kph
2019,4,Azerbaijan Grand Prix,2019-04-28,baku,Baku City Circuit,kvyat,KVY,Daniil Kvyat,toro_rosso,Toro Rosso,26,6,19,R,0,33,Collision,18,1:47.681,200.692,kph
2019,4,Azerbaijan Grand Prix,2019-04-28,baku,Baku City Circuit,ricciardo,RIC,Daniel Ricciardo,renault,Renault,3,10,20,R,0,31,Collision,15,1:46.767,202.410,kph
2019,5,Spanish Grand Prix,2019-05-12,catalunya,Circuit de Barcelona-Catalunya,hamilton,HAM,Lewis Hamilton,mercedes,Mercedes,44,2,1,1,26,66,Finished,1,1:18.492,213.499,kph
2019,5,Spanish Grand Prix,2019-05-12,catalunya,Circuit de Barcelona-Catalunya,bottas,BOT,Valtteri Bottas,mercedes,Mercedes,77,1,2,2,18,66,Finished,2,1:18.737,212.835,kph
2019,5,Spanish Grand Prix,2019-05-12,catalunya,Circuit de Barcelona-Catalunya,max_verstappen,VER,Max Verstappen,red_bull,Red Bull,33,4,3,3,15,66,Finished,3,1:19.769,210.081,kph
2019,5,Spanish Grand Prix,2019-05-12,catalunya,Circuit de Barcelona-Catalunya,vettel,VET,Sebastian Vettel,ferrari,Ferrari,5,3,4,4,12,66,Finished,4,1:19.820,209.947,kph
2019,5,Spanish Grand Prix,2019-05-12,catalunya,Circuit de Barcelona-Catalunya,leclerc,LEC,Charles Leclerc,ferrari,Ferrari,16,5,5,5,10,66,Finished,5,1:20.002,209.469,kph
2019,5,Spanish Grand Prix,2019-05-12,catalunya,Circuit de Barcelona-Catalunya,gasly,GAS,Pierre Gasly,red_bull,Red Bull,10,6,6,6,8,66,Finished,6,1:20.536,208.080,kph
2019,5,Spanish Grand Prix,2019-05-12,catalunya,Circuit de Barcelona-Catalunya,kevin_magnussen,MAG,Kevin Magnussen,haas,Haas F1 Team,20,8,7,7,6,66,Finished,9,1:20.770,207.478,kph
2019,5,Spanish Grand Prix,2019-05-12,catalunya,Circuit de Barcelona-Catalunya,sainz,SAI,Carlos Sainz,mclaren,McLaren,55,12,8,8,4,66,Finished,10,1:20.859,207.249,kph
2019,5,Spanish Grand Prix,2019-05-12,catalunya,Circuit de Barcelona-Catalunya,kvyat,KVY,Daniil Kvyat,toro_rosso,Toro Rosso,26,9,9,9,2,66,Finished,8,1:20.726,207.591,kph
2019,5,Spanish Grand Prix,2019-05-12,catalunya,Circuit de Barcelona-Catalunya,grosjean,GRO,Romain Grosjean,haas,Haas F1 Team,8,7,10,10,1,66,Finished,12,1:21.057,206.743,kph
2019,5,Spanish Grand Prix,2019-05-12,catalunya,Circuit de Barcelona-Catalunya,albon,ALB,Alexander Albon,toro_rosso,Toro Rosso,23,11,11,11,0,66,Finished,11,1:21.028,206.817,kph
2019,5,Spanish Grand Prix,2019-05-12,catalunya,Circuit de Barcelona-Catalunya,ricciardo,RIC,Daniel Ricciardo,renault,Renault,3,13,12,12,0,66,Finished,7,1:20.615,207.876,kph
2019,5,Spanish Grand Prix,2019-05-12,catalunya,Circuit de Barcelona-Catalunya,hulkenberg,HUL,Nico Hülkenberg,renault,Renault,27,0,13,13,0,66,Finished,13,1:21.282,206.171,kph
2019,5,Spanish Grand Prix,2019-05-12,catalunya,Circuit de Barcelona-Catalunya,raikkonen,RAI,Kimi Räikkönen,alfa,Alfa Romeo,7,14,14,14,0,66,Finished,14,1:21.382,205.917,kph
2019,5,Spanish Grand Prix,2019-05-12,catalunya,Circuit de Barcelona-Catalunya,perez,PER,Sergio Pérez,racing_point,Racing Point,11,15,15,15,0,66,Finished,16,1:21.859,204.717,kph
2019,5,Spanish Grand Prix,2019-05-12,catalunya,Circuit de Barcelona-Catalunya,giovinazzi,GIO,Antonio Giovinazzi,alfa,Alfa Romeo,99,18,16,16,0,66,Finished,15,1:21.833,204.782,kph
2019,5,Spanish Grand Prix,2019-05-12,catalunya,Circuit de Barcelona-Catalunya,russell,RUS,George Russell,williams,Williams,63,19,17,17,0,65,+1 Lap,17,1:22.382,203.418,kph
2019,5,Spanish Grand Prix,2019-05-12,catalunya,Circuit de Barcelona-Catalunya,kubica,KUB,Robert Kubica,williams,Williams,88,17,18,18,0,65,+1 Lap,19,1:23.202,201.413,kph
2019,5,Spanish Grand Prix,2019-05-12,catalunya,Circuit de Barcelona-Catalunya,stroll,STR,Lance Stroll,racing_point,Racing Point,18,16,19,R,0,44,Collision,20,1:23.226,201.355,kph
2019,5,Spanish Grand Prix,2019-05-12,catalunya,Circuit de Barcelona-Catalunya,norris,NOR,Lando Norris,mclaren,McLaren,4,10,20,R,0,44,Collision,18,1:22.561,202.977,kph
2019,6,Monaco Grand Prix,2019-05-26,monaco,Circuit de Monaco,hamilton,HAM,Lewis Hamilton,mercedes,Mercedes,44,1,1,1,25,78,Finished,6,1:16.167,157.721,kph
2019,6,Monaco Grand Prix,2019-05-26,monaco,Circuit de Monaco,vettel,VET,Sebastian Vettel,ferrari,Ferrari,5,4,2,2,18,78,Finished,9,1:16.277,157.494,kph
2019,6,Monaco Grand Prix,2019-05-26,monaco,Circuit de Monaco,bottas,BOT,Valtteri Bottas,mercedes,Mercedes,77,2,3,3,15,78,Finished,2,1:15.163,159.828,kph
2019,6,Monaco Grand Prix,2019-05-26,monaco,Circuit de Monaco,max_verstappen,VER,Max Verstappen,red_bull,Red Bull,33,3,4,4,12,78,Finished,7,1:16.229,157.593,kph
2019,6,Monaco Grand Prix,2019-05-26,monaco,Circuit de Monaco,gasly,GAS,Pierre Gasly,red_bull,Red Bull,10,8,5,5,11,78,Finished,1,1:14.279,161.730,kph
2019,6,Monaco Grand Prix,2019-05-26,monaco,Circuit de Monaco,sainz,SAI,Carlos Sainz,mclaren,McLaren,55,9,6,6,8,78,Finished,5,1:15.891,158.295,kph
2019,6,Monaco Grand Prix,2019-05-26,monaco,Circuit de Monaco,kvyat,KVY,Daniil Kvyat,toro_rosso,Toro Rosso,26,7,7,7,6,78,Finished,10,1:16.288,157.471,kph
2019,6,Monaco Grand Prix,2019-05-26,monaco,Circuit de Monaco,albon,ALB,Alexander Albon,toro_rosso,Toro Rosso,23,10,8,8,4,78,Finished,3,1:15.607,158.890,kph
2019,6,Monaco Grand Prix,2019-05-26,monaco,Circuit de Monaco,ricciardo,RIC,Daniel Ricciardo,renault,Renault,3,6,9,9,2,78,Finished,4,1:15.697,158.701,kph
2019,6,Monaco Grand Prix,2019-05-26,monaco,Circuit de Monaco,grosjean,GRO,Romain Grosjean,haas,Haas F1 Team,8,13,10,10,1,78,Finished,16,1:16.746,156.531,kph
2019,6,Monaco Grand Prix,2019-05-26,monaco,Circuit de Monaco,norris,NOR,Lando Norris,mclaren,McLaren,4,12,11,11,0,78,Finished,13,1:16.413,157.214,kph
2019,6,Monaco Grand Prix,2019-05-26,monaco,Circuit de Monaco,perez,PER,Sergio Pérez,racing_point,Racing Point,11,16,12,12,0,77,+1 Lap,15,1:16.613,156.803,kph
2019,6,Monaco Grand Prix,2019-05-26,monaco,Circuit de Monaco,hulkenberg,HUL,Nico Hülkenberg,renault,Renault,27,11,13,13,0,77,+1 Lap,8,1:16.276,157.496,kph
2019,6,Monaco Grand Prix,2019-05-26,monaco,Circuit de Monaco,kevin_magnussen,MAG,Kevin Magnussen,haas,Haas F1 Team,20,5,14,14,0,77,+1 Lap,17,1:16.992,156.031,kph
2019,6,Monaco Grand Prix,2019-05-26,monaco,Circuit de Monaco,russell,RUS,George Russell,williams,Williams,63,19,15,15,0,77,+1 Lap,18,1:17.038,155.938,kph
2019,6,Monaco Grand Prix,2019-05-26,monaco,Circuit de Monaco,stroll,STR,Lance Stroll,racing_point,Racing Point,18,17,16,16,0,77,+1 Lap,12,1:16.379,157.284,kph
2019,6,Monaco Grand Prix,2019-05-26,monaco,Circuit de Monaco,raikkonen,RAI,Kimi Räikkönen,alfa,Alfa Romeo,7,14,17,17,0,77,+1 Lap,14,1:16.436,157.166,kph
2019,6,Monaco Grand Prix,2019-05-26,monaco,Circuit de Monaco,kubica,KUB,Robert Kubica,williams,Williams,88,20,18,18,0,77,+1 Lap,19,1:17.388,155.233,kph
2019,6,Monaco Grand Prix,2019-05-26,monaco,Circuit de Monaco,giovinazzi,GIO,Antonio Giovinazzi,alfa,Alfa Romeo,99,18,19,19,0,76,+2 Laps,11,1:16.299,157.448,kph
2019,6,Monaco Grand Prix,2019-05-26,monaco,Circuit de Monaco,leclerc,LEC,Charles Leclerc,ferrari,Ferrari,16,15,20,R,0,16,Collision,20,1:19.151,151.775,kph
2019,7,Canadian Grand Prix,2019-06-09,villeneuve,Circuit Gilles Villeneuve,hamilton,HAM,Lewis Hamilton,mercedes,Mercedes,44,2,1,1,25,70,Finished,4,1:14.813,209.851,kph
2019,7,Canadian Grand Prix,2019-06-09,villeneuve,Circuit Gilles Villeneuve,vettel,VET,Sebastian Vettel,ferrari,Ferrari,5,1,2,2,18,70,Finished,5,1:14.875,209.677,kph
2019,7,Canadian Grand Prix,2019-06-09,villeneuve,Circuit Gilles Villeneuve,leclerc,LEC,Charles Leclerc,ferrari,Ferrari,16,3,3,3,15,70,Finished,2,1:14.356,211.140,kph
2019,7,Canadian Grand Prix,2019-06-09,villeneuve,Circuit Gilles Villeneuve,bottas,BOT,Valtteri Bottas,mercedes,Mercedes,77,6,4,4,13,70,Finished,1,1:13.078,214.833,kph
2019,7,Canadian Grand Prix,2019-06-09,villeneuve,Circuit Gilles Villeneuve,max_verstappen,VER,Max Verstappen,red_bull,Red Bull,33,9,5,5,10,70,Finished,3,1:14.767,209.980,kph
2019,7,Canadian Grand Prix,2019-06-09,villeneuve,Circuit Gilles Villeneuve,ricciardo,RIC,Daniel Ricciardo,renault,Renault,3,4,6,6,8,69,+1 Lap,9,1:16.075,206.370,kph
2019,7,Canadian Grand Prix,2019-06-09,villeneuve,Circuit Gilles Villeneuve,hulkenberg,HUL,Nico Hülkenberg,renault,Renault,27,7,7,7,6,69,+1 Lap,7,1:15.995,206.587,kph
2019,7,Canadian Grand Prix,2019-06-09,villeneuve,Circuit Gilles Villeneuve,gasly,GAS,Pierre Gasly,red_bull,Red Bull,10,5,8,8,4,69,+1 Lap,10,1:16.157,206.147,kph
2019,7,Canadian Grand Prix,2019-06-09,villeneuve,Circuit Gilles Villeneuve,stroll,STR,Lance Stroll,racing_point,Racing Point,18,17,9,9,2,69,+1 Lap,8,1:16.043,206.456,kph
2019,7,Canadian Grand Prix,2019-06-09,villeneuve,Circuit Gilles Villeneuve,kvyat,KVY,Daniil Kvyat,toro_rosso,Toro Rosso,26,10,10,10,1,69,+1 Lap,11,1:16.198,206.036,kph
2019,7,Canadian Grand Prix,2019-06-09,villeneuve,Circuit Gilles Villeneuve,sainz,SAI,Carlos Sainz,mclaren,McLaren,55,11,11,11,0,69,+1 Lap,15,1:16.471,205.301,kph
2019,7,Canadian Grand Prix,2019-06-09,villeneuve,Circuit Gilles Villeneuve,perez,PER,Sergio Pérez,racing_point,Racing Point,11,15,12,12,0,69,+1 Lap,13,1:16.314,205.723,kph
2019,7,Canadian Grand Prix,2019-06-09,villeneuve,Circuit Gilles Villeneuve,giovinazzi,GIO,Antonio Giovinazzi,alfa,Alfa Romeo,99,12,13,13,0,69,+1 Lap,14,1:16.365,205.586,kph
2019,7,Canadian Grand Prix,2019-06-09,villeneuve,Circuit Gilles Villeneuve,grosjean,GRO,Romain Grosjean,haas,Haas F1 Team,8,14,14,14,0,69,+1 Lap,12,1:16.245,205.909,kph
2019,7,Canadian Grand Prix,2019-06-09,villeneuve,Circuit Gilles Villeneuve,raikkonen,RAI,Kimi Räikkönen,alfa,Alfa Romeo,7,16,15,15,0,69,+1 Lap,6,1:15.442,208.101,kph
2019,7,Canadian Grand Prix,2019-06-09,villeneuve,Circuit Gilles Villeneuve,russell,RUS,George Russell,williams,Williams,63,18,16,16,0,68,+2 Laps,17,1:17.241,203.254,kph
2019,7,Canadian Grand Prix,2019-06-09,villeneuve,Circuit Gilles Villeneuve,kevin_magnussen,MAG,Kevin Magnussen,haas,Haas F1 Team,20,0,17,17,0,68,+2 Laps,19,1:17.309,203.075,kph
2019,7,Canadian Grand Prix,2019-06-09,villeneuve,Circuit Gilles Villeneuve,kubica,KUB,Robert Kubica,williams,Williams,88,19,18,18,0,67,+3 Laps,18,1:17.285,203.139,kph
2019,7,Canadian Grand Prix,2019-06-09,villeneuve,Circuit Gilles Villeneuve,albon,ALB,Alexander Albon,toro_rosso,Toro Rosso,23,13,19,R,0,59,Collision damage,16,1:17.151,203.491,kph
2019,7,Canadian Grand Prix,2019-06-09,villeneuve,Circuit Gilles Villeneuve,norris,NOR,Lando Norris,mclaren,McLaren,4,8,20,R,0,8,Suspension,20,1:18.023,201.217,kph
2019,8,French Grand Prix,2019-06-23,ricard,Circuit Paul Ricard,hamilton,HAM,Lewis Hamilton,mercedes,Mercedes,44,1,1,1,25,53,Finished,2,1:32.764,226.717,kph
2019,8,French Grand Prix,2019-06-23,ricard,Circuit Paul Ricard,bottas,BOT,Valtteri Bottas,mercedes,Mercedes,77,2,2,2,18,53,Finished,3,1:33.586,224.725,kph
2019,8,French Grand Prix,2019-06-23,ricard,Circuit Paul Ricard,leclerc,LEC,Charles Leclerc,ferrari,Ferrari,16,3,3,3,15,53,Finished,4,1:33.828,224.146,kph
2019,8,French Grand Prix,2019-06-23,ricard,Circuit Paul Ricard,max_verstappen,VER,Max Verstappen,red_bull,Red Bull,33,4,4,4,12,53,Finished,5,1:34.162,223.351,kph
2019,8,French Grand Prix,2019-06-23,ricard,Circuit Paul Ricard,vettel,VET,Sebastian Vettel,ferrari,Ferrari,5,7,5,5,11,53,Finished,1,1:32.740,226.775,kph
2019,8,French Grand Prix,2019-06-23,ricard,Circuit Paul Ricard,sainz,SAI,Carlos Sainz,mclaren,McLaren,55,6,6,6,8,53,Finished,6,1:34.561,222.408,kph
2019,8,French Grand Prix,2019-06-23,ricard,Circuit Paul Ricard,raikkonen,RAI,Kimi Räikkönen,alfa,Alfa Romeo,7,12,7,7,6,52,+1 Lap,8,1:34.873,221.677,kph
2019,8,French Grand Prix,2019-06-23,ricard,Circuit Paul Ricard,hulkenberg,HUL,Nico Hülkenberg,renault,Renault,27,13,8,8,4,52,+1 Lap,10,1:34.950,221.497,kph
2019,8,French Grand Prix,2019-06-23,ricard,Circuit Paul Ricard,norris,NOR,Lando Norris,mclaren,McLaren,4,5,9,9,2,52,+1 Lap,7,1:34.754,221.955,kph
2019,8,French Grand Prix,2019-06-23,ricard,Circuit Paul Ricard,gasly,GAS,Pierre Gasly,red_bull,Red Bull,10,9,10,10,1,52,+1 Lap,15,1:35.197,220.922,kph
2019,8,French Grand Prix,2019-06-23,ricard,Circuit Paul Ricard,ricciardo,RIC,Daniel Ricciardo,renault,Renault,3,8,11,11,0,52,+1 Lap,14,1:35.150,221.032,kph
2019,8,French Grand Prix,2019-06-23,ricard,Circuit Paul Ricard,perez,PER,Sergio Pérez,racing_point,Racing Point,11,14,12,12,0,52,+1 Lap,11,1:35.014,221.348,kph
2019,8,French Grand Prix,2019-06-23,ricard,Circuit Paul Ricard,stroll,STR,Lance Stroll,racing_point,Racing Point,18,17,13,13,0,52,+1 Lap,9,1:34.924,221.558,kph
2019,8,French Grand Prix,2019-06-23,ricard,Circuit Paul Ricard,kvyat,KVY,Daniil Kvyat,toro_rosso,Toro Rosso,26,19,14,14,0,52,+1 Lap,16,1:35.225,220.857,kph
2019,8,French Grand Prix,2019-06-23,ricard,Circuit Paul Ricard,albon,ALB,Alexander Albon,toro_rosso,Toro Rosso,23,11,15,15,0,52,+1 Lap,12,1:35.029,221.313,kph
2019,8,French Grand Prix,2019-06-23,ricard,Circuit Paul Ricard,giovinazzi,GIO,Antonio Giovinazzi,alfa,Alfa Romeo,99,10,16,16,0,52,+1 Lap,13,1:35.115,221.113,kph
2019,8,French Grand Prix,2019-06-23,ricard,Circuit Paul Ricard,kevin_magnussen,MAG,Kevin Magnussen,haas,Haas F1 Team,20,15,17,17,0,52,+1 Lap,18,1:35.692,219.780,kph
2019,8,French Grand Prix,2019-06-23,ricard,Circuit Paul Ricard,kubica,KUB,Robert Kubica,williams,Williams,88,18,18,18,0,51,+2 Laps,20,1:36.608,217.696,kph
2019,8,French Grand Prix,2019-06-23,ricard,Circuit Paul Ricard,russell,RUS,George Russell,williams,Williams,63,20,19,19,0,51,+2 Laps,19,1:35.830,219.463,kph
2019,8,French Grand Prix,2019-06-23,ricard,Circuit Paul Ricard,grosjean,GRO,Romain Grosjean,haas,Haas F1 Team,8,16,20,20,0,44,Retired,17,1:35.691,219.782,kph
2019,9,Austrian Grand Prix,2019-06-30,red_bull_ring,Red Bull Ring,max_verstappen,VER,Max Verstappen,red_bull,Red Bull,33,2,1,1,26,71,Finished,1,1:07.475,230.378,kph
2019,9,Austrian Grand Prix,2019-06-30,red_bull_ring,Red Bull Ring,leclerc,LEC,Charles Leclerc,ferrari,Ferrari,16,1,2,2,18,71,Finished,3,1:07.994,228.620,kph
2019,9,Austrian Grand Prix,2019-06-30,red_bull_ring,Red Bull Ring,bottas,BOT,Valtteri Bottas,mercedes,Mercedes,77,3,3,3,15,71,Finished,7,1:08.565,226.716,kph
2019,9,Austrian Grand Prix,2019-06-30,red_bull_ring,Red Bull Ring,vettel,VET,Sebastian Vettel,ferrari,Ferrari,5,9,4,4,12,71,Finished,2,1:07.676,229.694,kph
2019,9,Austrian Grand Prix,2019-06-30,red_bull_ring,Red Bull Ring,hamilton,HAM,Lewis Hamilton,mercedes,Mercedes,44,4,5,5,10,71,Finished,5,1:08.050,228.432,kph
2019,9,Austrian Grand Prix,2019-06-30,red_bull_ring,Red Bull Ring,norris,NOR,Lando Norris,mclaren,McLaren,4,5,6,6,8,70,+1 Lap,8,1:08.699,226.274,kph
2019,9,Austrian Grand Prix,2019-06-30,red_bull_ring,Red Bull Ring,gasly,GAS,Pierre Gasly,red_bull,Red Bull,10,8,7,7,6,70,+1 Lap,9,1:08.790,225.974,kph
2019,9,Austrian Grand Prix,2019-06-30,red_bull_ring,Red Bull Ring,sainz,SAI,Carlos Sainz,mclaren,McLaren,55,19,8,8,4,70,+1 Lap,6,1:08.117,228.207,kph
2019,9,Austrian Grand Prix,2019-06-30,red_bull_ring,Red Bull Ring,raikkonen,RAI,Kimi Räikkönen,alfa,Alfa Romeo,7,6,9,9,2,70,+1 Lap,15,1:09.126,224.876,kph
2019,9,Austrian Grand Prix,2019-06-30,red_bull_ring,Red Bull Ring,giovinazzi,GIO,Antonio Giovinazzi,alfa,Alfa Romeo,99,7,10,10,1,70,+1 Lap,13,1:09.051,225.120,kph
2019,9,Austrian Grand Prix,2019-06-30,red_bull_ring,Red Bull Ring,perez,PER,Sergio Pérez,racing_point,Racing Point,11,13,11,11,0,70,+1 Lap,14,1:09.061,225.087,kph
2019,9,Austrian Grand Prix,2019-06-30,red_bull_ring,Red Bull Ring,ricciardo,RIC,Daniel Ricciardo,renault,Renault,3,12,12,12,0,70,+1 Lap,4,1:08.019,228.536,kph
2019,9,Austrian Grand Prix,2019-06-30,red_bull_ring,Red Bull Ring,hulkenberg,HUL,Nico Hülkenberg,renault,Renault,27,15,13,13,0,70,+1 Lap,16,1:09.248,224.480,kph
2019,9,Austrian Grand Prix,2019-06-30,red_bull_ring,Red Bull Ring,stroll,STR,Lance Stroll,racing_point,Racing Point,18,14,14,14,0,70,+1 Lap,17,1:09.288,224.350,kph
2019,9,Austrian Grand Prix,2019-06-30,red_bull_ring,Red Bull Ring,albon,ALB,Alexander Albon,toro_rosso,Toro Rosso,23,18,15,15,0,70,+1 Lap,11,1:08.946,225.463,kph
2019,9,Austrian Grand Prix,2019-06-30,red_bull_ring,Red Bull Ring,grosjean,GRO,Romain Grosjean,haas,Haas F1 Team,8,11,16,16,0,70,+1 Lap,12,1:08.987,225.329,kph
2019,9,Austrian Grand Prix,2019-06-30,red_bull_ring,Red Bull Ring,kvyat,KVY,Daniil Kvyat,toro_rosso,Toro Rosso,26,16,17,17,0,70,+1 Lap,18,1:09.498,223.672,kph
2019,9,Austrian Grand Prix,2019-06-30,red_bull_ring,Red Bull Ring,russell,RUS,George Russell,williams,Williams,63,0,18,18,0,69,+2 Laps,19,1:09.926,222.303,kph
2019,9,Austrian Grand Prix,2019-06-30,red_bull_ring,Red Bull Ring,kevin_magnussen,MAG,Kevin Magnussen,haas,Haas F1 Team,20,10,19,19,0,69,+2 Laps,10,1:08.903,225.604,kph
2019,9,Austrian Grand Prix,2019-06-30,red_bull_ring,Red Bull Ring,kubica,KUB,Robert Kubica,williams,Williams,88,17,20,20,0,68,+3 Laps,20,1:10.964,219.051,kph
2019,10,British Grand Prix,2019-07-14,silverstone,Silverstone Circuit,hamilton,HAM,Lewis Hamilton,mercedes,Mercedes,44,2,1,1,26,52,Finished,1,1:27.369,242.735,kph
2019,10,British Grand Prix,2019-07-14,silverstone,Silverstone Circuit,bottas,BOT,Valtteri Bottas,mercedes,Mercedes,77,1,2,2,18,52,Finished,2,1:27.406,242.633,kph
2019,10,British Grand Prix,2019-07-14,silverstone,Silverstone Circuit,leclerc,LEC,Charles Leclerc,ferrari,Ferrari,16,3,3,3,15,52,Finished,5,1:29.313,237.452,kph
2019,10,British Grand Prix,2019-07-14,silverstone,Silverstone Circuit,gasly,GAS,Pierre Gasly,red_bull,Red Bull,10,5,4,4,12,52,Finished,8,1:29.544,236.839,kph
2019,10,British Grand Prix,2019-07-14,silverstone,Silverstone Circuit,max_verstappen,VER,Max Verstappen,red_bull,Red Bull,33,4,5,5,10,52,Finished,4,1:29.272,237.561,kph
2019,10,British Grand Prix,2019-07-14,silverstone,Silverstone Circuit,sainz,SAI,Carlos Sainz,mclaren,McLaren,55,13,6,6,8,52,Finished,11,1:29.757,236.277,kph
2019,10,British Grand Prix,2019-07-14,silverstone,Silverstone Circuit,ricciardo,RIC,Daniel Ricciardo,renault,Renault,3,7,7,7,6,52,Finished,9,1:29.624,236.628,kph
2019,10,British Grand Prix,2019-07-14,silverstone,Silverstone Circuit,raikkonen,RAI,Kimi Räikkönen,alfa,Alfa Romeo,7,12,8,8,4,52,Finished,14,1:30.034,235.551,kph
2019,10,British Grand Prix,2019-07-14,silverstone,Silverstone Circuit,kvyat,KVY,Daniil Kvyat,toro_rosso,Toro Rosso,26,17,9,9,2,52,Finished,12,1:29.910,235.875,kph
2019,10,British Grand Prix,2019-07-14,silverstone,Silverstone Circuit,hulkenberg,HUL,Nico Hülkenberg,renault,Renault,27,10,10,10,1,52,Finished,13,1:29.949,235.773,kph
2019,10,British Grand Prix,2019-07-14,silverstone,Silverstone Circuit,norris,NOR,Lando Norris,mclaren,McLaren,4,8,11,11,0,52,Finished,10,1:29.636,236.596,kph
2019,10,British Grand Prix,2019-07-14,silverstone,Silverstone Circuit,albon,ALB,Alexander Albon,toro_rosso,Toro Rosso,23,9,12,12,0,52,Finished,15,1:30.872,233.378,kph
2019,10,British Grand Prix,2019-07-14,silverstone,Silverstone Circuit,stroll,STR,Lance Stroll,racing_point,Racing Point,18,18,13,13,0,52,Finished,6,1:29.390,237.248,kph
2019,10,British Grand Prix,2019-07-14,silverstone,Silverstone Circuit,russell,RUS,George Russell,williams,Williams,63,19,14,14,0,51,+1 Lap,16,1:31.013,233.017,kph
2019,10,British Grand Prix,2019-07-14,silverstone,Silverstone Circuit,kubica,KUB,Robert Kubica,williams,Williams,88,20,15,15,0,51,+1 Lap,17,1:31.509,231.754,kph
2019,10,British Grand Prix,2019-07-14,silverstone,Silverstone Circuit,vettel,VET,Sebastian Vettel,ferrari,Ferrari,5,6,16,16,0,51,+1 Lap,3,1:28.733,239.004,kph
2019,10,British Grand Prix,2019-07-14,silverstone,Silverstone Circuit,perez,PER,Sergio Pérez,racing_point,Racing Point,11,15,17,17,0,51,+1 Lap,7,1:29.456,237.072,kph
2019,10,British Grand Prix,2019-07-14,silverstone,Silverstone Circuit,giovinazzi,GIO,Antonio Giovinazzi,alfa,Alfa Romeo,99,11,18,R,0,18,Spun off,18,1:32.464,229.360,kph
2019,10,British Grand Prix,2019-07-14,silverstone,Silverstone Circuit,grosjean,GRO,Romain Grosjean,haas,Haas F1 Team,8,14,19,R,0,9,Collision,20,1:34.350,224.775,kph
2019,10,British Grand Prix,2019-07-14,silverstone,Silverstone Circuit,kevin_magnussen,MAG,Kevin Magnussen,haas,Haas F1 Team,20,16,20,R,0,6,Collision,19,1:33.425,227.001,kph
2019,11,German Grand Prix,2019-07-28,hockenheimring,Hockenheimring,max_verstappen,VER,Max Verstappen,red_bull,Red Bull,33,2,1,1,26,64,Finished,1,1:16.645,214.839,kph
2019,11,German Grand Prix,2019-07-28,hockenheimring,Hockenheimring,vettel,VET,Sebastian Vettel,ferrari,Ferrari,5,20,2,2,18,64,Finished,2,1:16.794,214.423,kph
2019,11,German Grand Prix,2019-07-28,hockenheimring,Hockenheimring,kvyat,KVY,Daniil Kvyat,toro_rosso,Toro Rosso,26,14,3,3,15,64,Finished,6,1:17.708,211.900,kph
2019,11,German Grand Prix,2019-07-28,hockenheimring,Hockenheimring,stroll,STR,Lance Stroll,racing_point,Racing Point,18,15,4,4,12,64,Finished,8,1:17.831,211.566,kph
2019,11,German Grand Prix,2019-07-28,hockenheimring,Hockenheimring,sainz,SAI,Carlos Sainz,mclaren,McLaren,55,7,5,5,10,64,Finished,9,1:17.841,211.538,kph
2019,11,German Grand Prix,2019-07-28,hockenheimring,Hockenheimring,albon,ALB,Alexander Albon,toro_rosso,Toro Rosso,23,16,6,6,8,64,Finished,10,1:17.850,211.514,kph
2019,11,German Grand Prix,2019-07-28,hockenheimring,Hockenheimring,grosjean,GRO,Romain Grosjean,haas,Haas F1 Team,8,6,7,7,6,64,Finished,7,1:17.746,211.797,kph
2019,11,German Grand Prix,2019-07-28,hockenheimring,Hockenheimring,kevin_magnussen,MAG,Kevin Magnussen,haas,Haas F1 Team,20,12,8,8,4,64,Finished,5,1:17.507,212.450,kph
2019,11,German Grand Prix,2019-07-28,hockenheimring,Hockenheimring,hamilton,HAM,Lewis Hamilton,mercedes,Mercedes,44,1,9,9,2,64,Finished,12,1:18.811,208.935,kph
2019,11,German Grand Prix,2019-07-28,hockenheimring,Hockenheimring,kubica,KUB,Robert Kubica,williams,Williams,88,18,10,10,1,64,Finished,13,1:19.062,208.271,kph
2019,11,German Grand Prix,2019-07-28,hockenheimring,Hockenheimring,russell,RUS,George Russell,williams,Williams,63,17,11,11,0,64,Finished,3,1:17.485,212.510,kph
2019,11,German Grand Prix,2019-07-28,hockenheimring,Hockenheimring,raikkonen,RAI,Kimi Räikkönen,alfa,Alfa Romeo,7,5,12,12,0,64,Finished,15,1:19.563,206.960,kph
2019,11,German Grand Prix,2019-07-28,hockenheimring,Hockenheimring,giovinazzi,GIO,Antonio Giovinazzi,alfa,Alfa Romeo,99,11,13,13,0,64,Finished,14,1:19.300,207.646,kph
2019,11,German Grand Prix,2019-07-28,hockenheimring,Hockenheimring,gasly,GAS,Pierre Gasly,red_bull,Red Bull,10,4,14,14,0,61,Collision,4,1:17.495,212.483,kph
2019,11,German Grand Prix,2019-07-28,hockenheimring,Hockenheimring,bottas,BOT,Valtteri Bottas,mercedes,Mercedes,77,3,15,R,0,56,Accident,11,1:18.272,210.374,kph
2019,11,German Grand Prix,2019-07-28,hockenheimring,Hockenheimring,hulkenberg,HUL,Nico Hülkenberg,renault,Renault,27,9,16,R,0,39,Accident,17,1:29.576,183.826,kph
2019,11,German Grand Prix,2019-07-28,hockenheimring,Hockenheimring,leclerc,LEC,Charles Leclerc,ferrari,Ferrari,16,10,17,R,0,27,Accident,16,1:27.697,187.764,kph
2019,11,German Grand Prix,2019-07-28,hockenheimring,Hockenheimring,norris,NOR,Lando Norris,mclaren,McLaren,4,19,18,R,0,25,Power loss,18,1:31.081,180.788,kph
2019,11,German Grand Prix,2019-07-28,hockenheimring,Hockenheimring,ricciardo,RIC,Daniel Ricciardo,renault,Renault,3,13,19,R,0,13,Exhaust,19,1:32.654,177.719,kph
2019,11,German Grand Prix,2019-07-28,hockenheimring,Hockenheimring,perez,PER,Sergio Pérez,racing_point,Racing Point,11,8,20,R,0,1,Spun off,,,,
2019,12,Hungarian Grand Prix,2019-08-04,hungaroring,Hungaroring,hamilton,HAM,Lewis Hamilton,mercedes,Mercedes,44,3,1,1,25,70,Finished,2,1:18.528,200.840,kph
2019,12,Hungarian Grand Prix,2019-08-04,hungaroring,Hungaroring,max_verstappen,VER,Max Verstappen,red_bull,Red Bull,33,1,2,2,19,70,Finished,1,1:17.103,204.552,kph
2019,12,Hungarian Grand Prix,2019-08-04,hungaroring,Hungaroring,vettel,VET,Sebastian Vettel,ferrari,Ferrari,5,5,3,3,15,70,Finished,4,1:19.786,197.673,kph
2019,12,Hungarian Grand Prix,2019-08-04,hungaroring,Hungaroring,leclerc,LEC,Charles Leclerc,ferrari,Ferrari,16,4,4,4,12,70,Finished,5,1:20.493,195.937,kph
2019,12,Hungarian Grand Prix,2019-08-04,hungaroring,Hungaroring,sainz,SAI,Carlos Sainz,mclaren,McLaren,55,8,5,5,10,69,+1 Lap,10,1:21.002,194.706,kph
2019,12,Hungarian Grand Prix,2019-08-04,hungaroring,Hungaroring,gasly,GAS,Pierre Gasly,red_bull,Red Bull,10,6,6,6,8,69,+1 Lap,12,1:21.045,194.602,kph
2019,12,Hungarian Grand Prix,2019-08-04,hungaroring,Hungaroring,raikkonen,RAI,Kimi Räikkönen,alfa,Alfa Romeo,7,10,7,7,6,69,+1 Lap,9,1:20.880,195.000,kph
2019,12,Hungarian Grand Prix,2019-08-04,hungaroring,Hungaroring,bottas,BOT,Valtteri Bottas,mercedes,Mercedes,77,2,8,8,4,69,+1 Lap,3,1:19.331,198.807,kph
2019,12,Hungarian Grand Prix,2019-08-04,hungaroring,Hungaroring,norris,NOR,Lando Norris,mclaren,McLaren,4,7,9,9,2,69,+1 Lap,13,1:21.188,194.260,kph
2019,12,Hungarian Grand Prix,2019-08-04,hungaroring,Hungaroring,albon,ALB,Alexander Albon,toro_rosso,Toro Rosso,23,12,10,10,1,69,+1 Lap,7,1:20.621,195.626,kph
2019,12,Hungarian Grand Prix,2019-08-04,hungaroring,Hungaroring,perez,PER,Sergio Pérez,racing_point,Racing Point,11,16,11,11,0,69,+1 Lap,15,1:21.734,192.962,kph
2019,12,Hungarian Grand Prix,2019-08-04,hungaroring,Hungaroring,hulkenberg,HUL,Nico Hülkenberg,renault,Renault,27,11,12,12,0,69,+1 Lap,14,1:21.650,193.161,kph
2019,12,Hungarian Grand Prix,2019-08-04,hungaroring,Hungaroring,kevin_magnussen,MAG,Kevin Magnussen,haas,Haas F1 Team,20,14,13,13,0,69,+1 Lap,11,1:21.008,194.691,kph
2019,12,Hungarian Grand Prix,2019-08-04,hungaroring,Hungaroring,ricciardo,RIC,Daniel Ricciardo,renault,Renault,3,20,14,14,0,69,+1 Lap,8,1:20.839,195.098,kph
2019,12,Hungarian Grand Prix,2019-08-04,hungaroring,Hungaroring,kvyat,KVY,Daniil Kvyat,toro_rosso,Toro Rosso,26,13,15,15,0,68,+2 Laps,16,1:21.932,192.496,kph
2019,12,Hungarian Grand Prix,2019-08-04,hungaroring,Hungaroring,russell,RUS,George Russell,williams,Williams,63,15,16,16,0,68,+2 Laps,17,1:22.386,191.435,kph
2019,12,Hungarian Grand Prix,2019-08-04,hungaroring,Hungaroring,stroll,STR,Lance Stroll,racing_point,Racing Point,18,18,17,17,0,68,+2 Laps,6,1:20.603,195.670,kph
2019,12,Hungarian Grand Prix,2019-08-04,hungaroring,Hungaroring,giovinazzi,GIO,Antonio Giovinazzi,alfa,Alfa Romeo,99,17,18,18,0,68,+2 Laps,19,1:23.134,189.712,kph
2019,12,Hungarian Grand Prix,2019-08-04,hungaroring,Hungaroring,kubica,KUB,Robert Kubica,williams,Williams,88,19,19,19,0,67,+3 Laps,20,1:23.436,189.026,kph
2019,12,Hungarian Grand Prix,2019-08-04,hungaroring,Hungaroring,grosjean,GRO,Romain Grosjean,haas,Haas F1 Team,8,9,20,R,0,49,Water pressure,18,1:22.809,190.457,kph
2019,13,Belgian Grand Prix,2019-09-01,spa,Circuit de Spa-Francorchamps,leclerc,LEC,Charles Leclerc,ferrari,Ferrari,16,1,1,1,25,44,Finished,4,1:46.664,236.390,kph
2019,13,Belgian Grand Prix,2019-09-01,spa,Circuit de Spa-Francorchamps,hamilton,HAM,Lewis Hamilton,mercedes,Mercedes,44,3,2,2,18,44,Finished,3,1:46.580,236.577,kph
2019,13,Belgian Grand Prix,2019-09-01,spa,Circuit de Spa-Francorchamps,bottas,BOT,Valtteri Bottas,mercedes,Mercedes,77,4,3,3,15,44,Finished,2,1:46.465,236.832,kph
2019,13,Belgian Grand Prix,2019-09-01,spa,Circuit de Spa-Francorchamps,vettel,VET,Sebastian Vettel,ferrari,Ferrari,5,2,4,4,13,44,Finished,1,1:46.409,236.957,kph
2019,13,Belgian Grand Prix,2019-09-01,spa,Circuit de Spa-Francorchamps,albon,ALB,Alexander Albon,red_bull,Red Bull,23,17,5,5,10,44,Finished,5,1:47.507,234.537,kph
2019,13,Belgian Grand Prix,2019-09-01,spa,Circuit de Spa-Francorchamps,perez,PER,Sergio Pérez,racing_point,Racing Point,11,7,6,6,8,44,Finished,13,1:48.781,231.790,kph
2019,13,Belgian Grand Prix,2019-09-01,spa,Circuit de Spa-Francorchamps,kvyat,KVY,Daniil Kvyat,toro_rosso,Toro Rosso,26,19,7,7,6,44,Finished,7,1:48.143,233.157,kph
2019,13,Belgian Grand Prix,2019-09-01,spa,Circuit de Spa-Francorchamps,hulkenberg,HUL,Nico Hülkenberg,renault,Renault,27,12,8,8,4,44,Finished,9,1:48.349,232.714,kph
2019,13,Belgian Grand Prix,2019-09-01,spa,Circuit de Spa-Francorchamps,gasly,GAS,Pierre Gasly,toro_rosso,Toro Rosso,10,13,9,9,2,44,Finished,17,1:49.700,229.848,kph
2019,13,Belgian Grand Prix,2019-09-01,spa,Circuit de Spa-Francorchamps,stroll,STR,Lance Stroll,racing_point,Racing Point,18,16,10,10,1,44,Finished,10,1:48.357,232.697,kph
2019,13,Belgian Grand Prix,2019-09-01,spa,Circuit de Spa-Francorchamps,norris,NOR,Lando Norris,mclaren,McLaren,4,11,11,11,0,43,Engine,8,1:48.321,232.774,kph
2019,13,Belgian Grand Prix,2019-09-01,spa,Circuit de Spa-Francorchamps,kevin_magnussen,MAG,Kevin Magnussen,haas,Haas F1 Team,20,8,12,12,0,43,+1 Lap,11,1:48.677,232.012,kph
2019,13,Belgian Grand Prix,2019-09-01,spa,Circuit de Spa-Francorchamps,grosjean,GRO,Romain Grosjean,haas,Haas F1 Team,8,9,13,13,0,43,+1 Lap,16,1:49.274,230.744,kph
2019,13,Belgian Grand Prix,2019-09-01,spa,Circuit de Spa-Francorchamps,ricciardo,RIC,Daniel Ricciardo,renault,Renault,3,10,14,14,0,43,+1 Lap,18,1:50.451,228.285,kph
2019,13,Belgian Grand Prix,2019-09-01,spa,Circuit de Spa-Francorchamps,russell,RUS,George Russell,williams,Williams,63,14,15,15,0,43,+1 Lap,14,1:48.860,231.622,kph
2019,13,Belgian Grand Prix,2019-09-01,spa,Circuit de Spa-Francorchamps,raikkonen,RAI,Kimi Räikkönen,alfa,Alfa Romeo,7,6,16,16,0,43,+1 Lap,12,1:48.753,231.850,kph
2019,13,Belgian Grand Prix,2019-09-01,spa,Circuit de Spa-Francorchamps,kubica,KUB,Robert Kubica,williams,Williams,88,0,17,17,0,43,+1 Lap,15,1:49.220,230.858,kph
2019,13,Belgian Grand Prix,2019-09-01,spa,Circuit de Spa-Francorchamps,giovinazzi,GIO,Antonio Giovinazzi,alfa,Alfa Romeo,99,18,18,18,0,42,Accident,6,1:47.560,234.421,kph
2019,13,Belgian Grand Prix,2019-09-01,spa,Circuit de Spa-Francorchamps,sainz,SAI,Carlos Sainz,mclaren,McLaren,55,15,19,R,0,1,Power loss,,,,
2019,13,Belgian Grand Prix,2019-09-01,spa,Circuit de Spa-Francorchamps,max_verstappen,VER,Max Verstappen,red_bull,Red Bull,33,5,20,R,0,0,Accident,,,,
2019,14,Italian Grand Prix,2019-09-08,monza,Autodromo Nazionale di Monza,leclerc,LEC,Charles Leclerc,ferrari,Ferrari,16,1,1,1,25,53,Finished,4,1:23.009,251.235,kph
2019,14,Italian Grand Prix,2019-09-08,monza,Autodromo Nazionale di Monza,bottas,BOT,Valtteri Bottas,mercedes,Mercedes,77,3,2,2,18,53,Finished,3,1:22.859,251.690,kph
2019,14,Italian Grand Prix,2019-09-08,monza,Autodromo Nazionale di Monza,hamilton,HAM,Lewis Hamilton,mercedes,Mercedes,44,2,3,3,16,53,Finished,1,1:21.779,255.014,kph
2019,14,Italian Grand Prix,2019-09-08,monza,Autodromo Nazionale di Monza,ricciardo,RIC,Daniel Ricciardo,renault,Renault,3,5,4,4,12,53,Finished,7,1:23.466,249.859,kph
2019,14,Italian Grand Prix,2019-09-08,monza,Autodromo Nazionale di Monza,hulkenberg,HUL,Nico Hülkenberg,renault,Renault,27,6,5,5,10,53,Finished,8,1:23.641,249.337,kph
2019,14,Italian Grand Prix,2019-09-08,monza,Autodromo Nazionale di Monza,albon,ALB,Alexander Albon,red_bull,Red Bull,23,8,6,6,8,53,Finished,6,1:23.364,250.165,kph
2019,14,Italian Grand Prix,2019-09-08,monza,Autodromo Nazionale di Monza,perez,PER,Sergio Pérez,racing_point,Racing Point,11,18,7,7,6,53,Finished,9,1:23.770,248.953,kph
2019,14,Italian Grand Prix,2019-09-08,monza,Autodromo Nazionale di Monza,max_verstappen,VER,Max Verstappen,red_bull,Red Bull,33,19,8,8,4,53,Finished,5,1:23.143,250.830,kph
2019,14,Italian Grand Prix,2019-09-08,monza,Autodromo Nazionale di Monza,giovinazzi,GIO,Antonio Giovinazzi,alfa,Alfa Romeo,99,10,9,9,2,52,+1 Lap,15,1:24.503,246.793,kph
2019,14,Italian Grand Prix,2019-09-08,monza,Autodromo Nazionale di Monza,norris,NOR,Lando Norris,mclaren,McLaren,4,16,10,10,1,52,+1 Lap,11,1:24.044,248.141,kph
2019,14,Italian Grand Prix,2019-09-08,monza,Autodromo Nazionale di Monza,gasly,GAS,Pierre Gasly,toro_rosso,Toro Rosso,10,17,11,11,0,52,+1 Lap,10,1:23.885,248.611,kph
2019,14,Italian Grand Prix,2019-09-08,monza,Autodromo Nazionale di Monza,stroll,STR,Lance Stroll,racing_point,Racing Point,18,9,12,12,0,52,+1 Lap,12,1:24.165,247.784,kph
2019,14,Italian Grand Prix,2019-09-08,monza,Autodromo Nazionale di Monza,vettel,VET,Sebastian Vettel,ferrari,Ferrari,5,4,13,13,0,52,+1 Lap,2,1:22.799,251.872,kph
2019,14,Italian Grand Prix,2019-09-08,monza,Autodromo Nazionale di Monza,russell,RUS,George Russell,williams,Williams,63,14,14,14,0,52,+1 Lap,16,1:24.842,245.807,kph
2019,14,Italian Grand Prix,2019-09-08,monza,Autodromo Nazionale di Monza,raikkonen,RAI,Kimi Räikkönen,alfa,Alfa Romeo,7,0,15,15,0,52,+1 Lap,13,1:24.419,247.039,kph
2019,14,Italian Grand Prix,2019-09-08,monza,Autodromo Nazionale di Monza,grosjean,GRO,Romain Grosjean,haas,Haas F1 Team,8,13,16,16,0,52,+1 Lap,17,1:24.985,245.393,kph
2019,14,Italian Grand Prix,2019-09-08,monza,Autodromo Nazionale di Monza,kubica,KUB,Robert Kubica,williams,Williams,88,15,17,17,0,51,+2 Laps,18,1:24.989,245.382,kph
2019,14,Italian Grand Prix,2019-09-08,monza,Autodromo Nazionale di Monza,kevin_magnussen,MAG,Kevin Magnussen,haas,Haas F1 Team,20,11,18,R,0,43,Hydraulics,14,1:24.443,246.968,kph
2019,14,Italian Grand Prix,2019-09-08,monza,Autodromo Nazionale di Monza,kvyat,KVY,Daniil Kvyat,toro_rosso,Toro Rosso,26,12,19,R,0,29,Engine,20,1:25.772,243.142,kph
2019,14,Italian Grand Prix,2019-09-08,monza,Autodromo Nazionale di Monza,sainz,SAI,Carlos Sainz,mclaren,McLaren,55,7,20,R,0,27,Wheel,19,1:25.637,243.525,kph
2019,15,Singapore Grand Prix,2019-09-22,marina_bay,Marina Bay Street Circuit,vettel,VET,Sebastian Vettel,ferrari,Ferrari,5,3,1,1,25,61,Finished,5,1:44.802,173.916,kph
2019,15,Singapore Grand Prix,2019-09-22,marina_bay,Marina Bay Street Circuit,leclerc,LEC,Charles Leclerc,ferrari,Ferrari,16,1,2,2,18,61,Finished,4,1:44.723,174.047,kph
2019,15,Singapore Grand Prix,2019-09-22,marina_bay,Marina Bay Street Circuit,max_verstappen,VER,Max Verstappen,red_bull,Red Bull,33,4,3,3,15,61,Finished,8,1:45.176,173.298,kph
2019,15,Singapore Grand Prix,2019-09-22,marina_bay,Marina Bay Street Circuit,hamilton,HAM,Lewis Hamilton,mercedes,Mercedes,44,2,4,4,12,61,Finished,7,1:44.914,173.730,kph
2019,15,Singapore Grand Prix,2019-09-22,marina_bay,Marina Bay Street Circuit,bottas,BOT,Valtteri Bottas,mercedes,Mercedes,77,5,5,5,10,61,Finished,2,1:43.534,176.046,kph
2019,15,Singapore Grand Prix,2019-09-22,marina_bay,Marina Bay Street Circuit,albon,ALB,Alexander Albon,red_bull,Red Bull,23,6,6,6,8,61,Finished,9,1:45.260,173.159,kph
2019,15,Singapore Grand Prix,2019-09-22,marina_bay,Marina Bay Street Circuit,norris,NOR,Lando Norris,mclaren,McLaren,4,9,7,7,6,61,Finished,11,1:45.716,172.412,kph
2019,15,Singapore Grand Prix,2019-09-22,marina_bay,Marina Bay Street Circuit,gasly,GAS,Pierre Gasly,toro_rosso,Toro Rosso,10,11,8,8,4,61,Finished,13,1:45.769,172.326,kph
2019,15,Singapore Grand Prix,2019-09-22,marina_bay,Marina Bay Street Circuit,hulkenberg,HUL,Nico Hülkenberg,renault,Renault,27,8,9,9,2,61,Finished,12,1:45.765,172.333,kph
2019,15,Singapore Grand Prix,2019-09-22,marina_bay,Marina Bay Street Circuit,giovinazzi,GIO,Antonio Giovinazzi,alfa,Alfa Romeo,99,10,10,10,1,61,Finished,10,1:45.630,172.553,kph
2019,15,Singapore Grand Prix,2019-09-22,marina_bay,Marina Bay Street Circuit,grosjean,GRO,Romain Grosjean,haas,Haas F1 Team,8,17,11,11,0,61,Finished,16,1:46.274,171.507,kph
2019,15,Singapore Grand Prix,2019-09-22,marina_bay,Marina Bay Street Circuit,sainz,SAI,Carlos Sainz,mclaren,McLaren,55,7,12,12,0,61,Finished,15,1:45.969,172.001,kph
2019,15,Singapore Grand Prix,2019-09-22,marina_bay,Marina Bay Street Circuit,stroll,STR,Lance Stroll,racing_point,Racing Point,18,16,13,13,0,61,Finished,6,1:44.896,173.760,kph
2019,15,Singapore Grand Prix,2019-09-22,marina_bay,Marina Bay Street Circuit,ricciardo,RIC,Daniel Ricciardo,renault,Renault,3,20,14,14,0,61,Finished,14,1:45.915,172.088,kph
2019,15,Singapore Grand Prix,2019-09-22,marina_bay,Marina Bay Street Circuit,kvyat,KVY,Daniil Kvyat,toro_rosso,Toro Rosso,26,14,15,15,0,61,Finished,3,1:44.371,174.634,kph
2019,15,Singapore Grand Prix,2019-09-22,marina_bay,Marina Bay Street Circuit,kubica,KUB,Robert Kubica,williams,Williams,88,19,16,16,0,61,Finished,18,1:46.793,170.674,kph
2019,15,Singapore Grand Prix,2019-09-22,marina_bay,Marina Bay Street Circuit,kevin_magnussen,MAG,Kevin Magnussen,haas,Haas F1 Team,20,13,17,17,0,61,Finished,1,1:42.301,178.168,kph
2019,15,Singapore Grand Prix,2019-09-22,marina_bay,Marina Bay Street Circuit,raikkonen,RAI,Kimi Räikkönen,alfa,Alfa Romeo,7,12,18,R,0,49,Collision,19,1:47.062,170.245,kph
2019,15,Singapore Grand Prix,2019-09-22,marina_bay,Marina Bay Street Circuit,perez,PER,Sergio Pérez,racing_point,Racing Point,11,15,19,R,0,42,Engine,17,1:46.683,170.850,kph
2019,15,Singapore Grand Prix,2019-09-22,marina_bay,Marina Bay Street Circuit,russell,RUS,George Russell,williams,Williams,63,18,20,R,0,34,Collision,20,1:48.285,168.322,kph
2019,16,Russian Grand Prix,2019-09-29,sochi,Sochi Autodrom,hamilton,HAM,Lewis Hamilton,mercedes,Mercedes,44,2,1,1,26,53,Finished,1,1:35.761,219.847,kph
2019,16,Russian Grand Prix,2019-09-29,sochi,Sochi Autodrom,bottas,BOT,Valtteri Bottas,mercedes,Mercedes,77,4,2,2,18,53,Finished,3,1:36.316,218.580,kph
2019,16,Russian Grand Prix,2019-09-29,sochi,Sochi Autodrom,leclerc,LEC,Charles Leclerc,ferrari,Ferrari,16,1,3,3,15,53,Finished,2,1:36.193,218.860,kph
2019,16,Russian Grand Prix,2019-09-29,sochi,Sochi Autodrom,max_verstappen,VER,Max Verstappen,red_bull,Red Bull,33,9,4,4,12,53,Finished,5,1:36.937,217.180,kph
2019,16,Russian Grand Prix,2019-09-29,sochi,Sochi Autodrom,albon,ALB,Alexander Albon,red_bull,Red Bull,23,0,5,5,10,53,Finished,4,1:36.762,217.573,kph
2019,16,Russian Grand Prix,2019-09-29,sochi,Sochi Autodrom,sainz,SAI,Carlos Sainz,mclaren,McLaren,55,5,6,6,8,53,Finished,6,1:38.020,214.780,kph
2019,16,Russian Grand Prix,2019-09-29,sochi,Sochi Autodrom,perez,PER,Sergio Pérez,racing_point,Racing Point,11,11,7,7,6,53,Finished,7,1:38.043,214.730,kph
2019,16,Russian Grand Prix,2019-09-29,sochi,Sochi Autodrom,norris,NOR,Lando Norris,mclaren,McLaren,4,7,8,8,4,53,Finished,11,1:38.301,214.166,kph
2019,16,Russian Grand Prix,2019-09-29,sochi,Sochi Autodrom,kevin_magnussen,MAG,Kevin Magnussen,haas,Haas F1 Team,20,13,9,9,2,53,Finished,8,1:38.130,214.539,kph
2019,16,Russian Grand Prix,2019-09-29,sochi,Sochi Autodrom,hulkenberg,HUL,Nico Hülkenberg,renault,Renault,27,6,10,10,1,53,Finished,12,1:38.519,213.692,kph
2019,16,Russian Grand Prix,2019-09-29,sochi,Sochi Autodrom,stroll,STR,Lance Stroll,racing_point,Racing Point,18,14,11,11,0,53,Finished,15,1:38.611,213.493,kph
2019,16,Russian Grand Prix,2019-09-29,sochi,Sochi Autodrom,kvyat,KVY,Daniil Kvyat,toro_rosso,Toro Rosso,26,19,12,12,0,53,Finished,9,1:38.228,214.325,kph
2019,16,Russian Grand Prix,2019-09-29,sochi,Sochi Autodrom,raikkonen,RAI,Kimi Räikkönen,alfa,Alfa Romeo,7,15,13,13,0,53,Finished,13,1:38.589,213.541,kph
2019,16,Russian Grand Prix,2019-09-29,sochi,Sochi Autodrom,gasly,GAS,Pierre Gasly,toro_rosso,Toro Rosso,10,16,14,14,0,53,Finished,14,1:38.606,213.504,kph
2019,16,Russian Grand Prix,2019-09-29,sochi,Sochi Autodrom,giovinazzi,GIO,Antonio Giovinazzi,alfa,Alfa Romeo,99,12,15,15,0,53,Finished,16,1:38.696,213.309,kph
2019,16,Russian Grand Prix,2019-09-29,sochi,Sochi Autodrom,kubica,KUB,Robert Kubica,williams,Williams,88,18,16,R,0,28,Brakes,19,1:42.327,205.740,kph
2019,16,Russian Grand Prix,2019-09-29,sochi,Sochi Autodrom,russell,RUS,George Russell,williams,Williams,63,17,17,R,0,27,Brakes,18,1:41.705,206.998,kph
2019,16,Russian Grand Prix,2019-09-29,sochi,Sochi Autodrom,vettel,VET,Sebastian Vettel,ferrari,Ferrari,5,3,18,R,0,26,Power loss,10,1:38.245,214.288,kph
2019,16,Russian Grand Prix,2019-09-29,sochi,Sochi Autodrom,ricciardo,RIC,Daniel Ricciardo,renault,Renault,3,10,19,R,0,24,Collision,17,1:41.284,207.859,kph
2019,16,Russian Grand Prix,2019-09-29,sochi,Sochi Autodrom,grosjean,GRO,Romain Grosjean,haas,Haas F1 Team,8,8,20,R,0,0,Collision,,,,
2019,17,Japanese Grand Prix,2019-10-13,suzuka,Suzuka Circuit,bottas,BOT,Valtteri Bottas,mercedes,Mercedes,77,3,1,1,25,52,Finished,4,1:31.862,227.571,kph
2019,17,Japanese Grand Prix,2019-10-13,suzuka,Suzuka Circuit,vettel,VET,Sebastian Vettel,ferrari,Ferrari,5,1,2,2,18,52,Finished,5,1:32.122,226.929,kph
2019,17,Japanese Grand Prix,2019-10-13,suzuka,Suzuka Circuit,hamilton,HAM,Lewis Hamilton,mercedes,Mercedes,44,4,3,3,16,52,Finished,1,1:30.983,229.770,kph
2019,17,Japanese Grand Prix,2019-10-13,suzuka,Suzuka Circuit,albon,ALB,Alexander Albon,red_bull,Red Bull,23,6,4,4,12,52,Finished,8,1:32.775,225.332,kph
2019,17,Japanese Grand Prix,2019-10-13,suzuka,Suzuka Circuit,sainz,SAI,Carlos Sainz,mclaren,McLaren,55,7,5,5,10,52,Finished,12,1:33.563,223.434,kph
2019,17,Japanese Grand Prix,2019-10-13,suzuka,Suzuka Circuit,leclerc,LEC,Charles Leclerc,ferrari,Ferrari,16,2,6,6,8,51,+1 Lap,2,1:31.611,228.195,kph
2019,17,Japanese Grand Prix,2019-10-13,suzuka,Suzuka Circuit,gasly,GAS,Pierre Gasly,toro_rosso,Toro Rosso,10,9,7,7,6,51,+1 Lap,17,1:35.321,219.313,kph
2019,17,Japanese Grand Prix,2019-10-13,suzuka,Suzuka Circuit,perez,PER,Sergio Pérez,racing_point,Racing Point,11,17,8,8,4,51,+1 Lap,7,1:32.621,225.706,kph
2019,17,Japanese Grand Prix,2019-10-13,suzuka,Suzuka Circuit,stroll,STR,Lance Stroll,racing_point,Racing Point,18,12,9,9,2,51,+1 Lap,14,1:34.713,220.721,kph
2019,17,Japanese Grand Prix,2019-10-13,suzuka,Suzuka Circuit,kvyat,KVY,Daniil Kvyat,toro_rosso,Toro Rosso,26,14,10,10,1,51,+1 Lap,10,1:33.239,224.210,kph
2019,17,Japanese Grand Prix,2019-10-13,suzuka,Suzuka Circuit,norris,NOR,Lando Norris,mclaren,McLaren,4,8,11,11,0,51,+1 Lap,13,1:34.116,222.121,kph
2019,17,Japanese Grand Prix,2019-10-13,suzuka,Suzuka Circuit,raikkonen,RAI,Kimi Räikkönen,alfa,Alfa Romeo,7,13,12,12,0,51,+1 Lap,9,1:33.190,224.328,kph
2019,17,Japanese Grand Prix,2019-10-13,suzuka,Suzuka Circuit,grosjean,GRO,Romain Grosjean,haas,Haas F1 Team,8,10,13,13,0,51,+1 Lap,16,1:34.988,220.082,kph
2019,17,Japanese Grand Prix,2019-10-13,suzuka,Suzuka Circuit,giovinazzi,GIO,Antonio Giovinazzi,alfa,Alfa Romeo,99,11,14,14,0,51,+1 Lap,6,1:32.369,226.322,kph
2019,17,Japanese Grand Prix,2019-10-13,suzuka,Suzuka Circuit,kevin_magnussen,MAG,Kevin Magnussen,haas,Haas F1 Team,20,19,15,15,0,51,+1 Lap,3,1:31.732,227.894,kph
2019,17,Japanese Grand Prix,2019-10-13,suzuka,Suzuka Circuit,russell,RUS,George Russell,williams,Williams,63,18,16,16,0,50,+2 Laps,18,1:35.458,218.998,kph
2019,17,Japanese Grand Prix,2019-10-13,suzuka,Suzuka Circuit,kubica,KUB,Robert Kubica,williams,Williams,88,0,17,17,0,50,+2 Laps,19,1:36.332,217.012,kph
2019,17,Japanese Grand Prix,2019-10-13,suzuka,Suzuka Circuit,max_verstappen,VER,Max Verstappen,red_bull,Red Bull,33,5,18,R,0,14,Brakes,20,1:37.249,214.965,kph
2019,17,Japanese Grand Prix,2019-10-13,suzuka,Suzuka Circuit,ricciardo,RIC,Daniel Ricciardo,renault,Renault,3,16,19,D,0,51,Disqualified,11,1:33.481,223.630,kph
2019,17,Japanese Grand Prix,2019-10-13,suzuka,Suzuka Circuit,hulkenberg,HUL,Nico Hülkenberg,renault,Renault,27,15,20,D,0,51,Disqualified,15,1:34.921,220.237,kph
2019,18,Mexican Grand Prix,2019-10-27,rodriguez,Autódromo Hermanos Rodríguez,hamilton,HAM,Lewis Hamilton,mercedes,Mercedes,44,3,1,1,25,71,Finished,4,1:19.461,194.993,kph
2019,18,Mexican Grand Prix,2019-10-27,rodriguez,Autódromo Hermanos Rodríguez,vettel,VET,Sebastian Vettel,ferrari,Ferrari,5,2,2,2,18,71,Finished,3,1:19.381,195.190,kph
2019,18,Mexican Grand Prix,2019-10-27,rodriguez,Autódromo Hermanos Rodríguez,bottas,BOT,Valtteri Bottas,mercedes,Mercedes,77,6,3,3,15,71,Finished,5,1:19.494,194.912,kph
2019,18,Mexican Grand Prix,2019-10-27,rodriguez,Autódromo Hermanos Rodríguez,leclerc,LEC,Charles Leclerc,ferrari,Ferrari,16,1,4,4,13,71,Finished,1,1:19.232,195.557,kph
2019,18,Mexican Grand Prix,2019-10-27,rodriguez,Autódromo Hermanos Rodríguez,albon,ALB,Alexander Albon,red_bull,Red Bull,23,5,5,5,10,71,Finished,2,1:19.325,195.328,kph
2019,18,Mexican Grand Prix,2019-10-27,rodriguez,Autódromo Hermanos Rodríguez,max_verstappen,VER,Max Verstappen,red_bull,Red Bull,33,4,6,6,8,71,Finished,11,1:20.406,192.702,kph
2019,18,Mexican Grand Prix,2019-10-27,rodriguez,Autódromo Hermanos Rodríguez,perez,PER,Sergio Pérez,racing_point,Racing Point,11,11,7,7,6,71,Finished,12,1:20.485,192.512,kph
2019,18,Mexican Grand Prix,2019-10-27,rodriguez,Autódromo Hermanos Rodríguez,ricciardo,RIC,Daniel Ricciardo,renault,Renault,3,13,8,8,4,71,Finished,9,1:20.146,193.327,kph
2019,18,Mexican Grand Prix,2019-10-27,rodriguez,Autódromo Hermanos Rodríguez,gasly,GAS,Pierre Gasly,toro_rosso,Toro Rosso,10,10,9,9,2,70,+1 Lap,6,1:19.530,194.824,kph
2019,18,Mexican Grand Prix,2019-10-27,rodriguez,Autódromo Hermanos Rodríguez,hulkenberg,HUL,Nico Hülkenberg,renault,Renault,27,12,10,10,1,70,+1 Lap,14,1:20.791,191.783,kph
2019,18,Mexican Grand Prix,2019-10-27,rodriguez,Autódromo Hermanos Rodríguez,kvyat,KVY,Daniil Kvyat,toro_rosso,Toro Rosso,26,9,11,11,0,70,+1 Lap,7,1:19.905,193.910,kph
2019,18,Mexican Grand Prix,2019-10-27,rodriguez,Autódromo Hermanos Rodríguez,stroll,STR,Lance Stroll,racing_point,Racing Point,18,16,12,12,0,70,+1 Lap,15,1:20.922,191.473,kph
2019,18,Mexican Grand Prix,2019-10-27,rodriguez,Autódromo Hermanos Rodríguez,sainz,SAI,Carlos Sainz,mclaren,McLaren,55,7,13,13,0,70,+1 Lap,10,1:20.311,192.929,kph
2019,18,Mexican Grand Prix,2019-10-27,rodriguez,Autódromo Hermanos Rodríguez,giovinazzi,GIO,Antonio Giovinazzi,alfa,Alfa Romeo,99,15,14,14,0,70,+1 Lap,16,1:21.014,191.255,kph
2019,18,Mexican Grand Prix,2019-10-27,rodriguez,Autódromo Hermanos Rodríguez,kevin_magnussen,MAG,Kevin Magnussen,haas,Haas F1 Team,20,17,15,15,0,69,+2 Laps,20,1:21.682,189.691,kph
2019,18,Mexican Grand Prix,2019-10-27,rodriguez,Autódromo Hermanos Rodríguez,russell,RUS,George Russell,williams,Williams,63,19,16,16,0,69,+2 Laps,17,1:21.286,190.615,kph
2019,18,Mexican Grand Prix,2019-10-27,rodriguez,Autódromo Hermanos Rodríguez,grosjean,GRO,Romain Grosjean,haas,Haas F1 Team,8,18,17,17,0,69,+2 Laps,18,1:21.581,189.926,kph
2019,18,Mexican Grand Prix,2019-10-27,rodriguez,Autódromo Hermanos Rodríguez,kubica,KUB,Robert Kubica,williams,Williams,88,20,18,18,0,69,+2 Laps,13,1:20.696,192.009,kph
2019,18,Mexican Grand Prix,2019-10-27,rodriguez,Autódromo Hermanos Rodríguez,raikkonen,RAI,Kimi Räikkönen,alfa,Alfa Romeo,7,14,19,R,0,58,Overheating,8,1:20.082,193.481,kph
2019,18,Mexican Grand Prix,2019-10-27,rodriguez,Autódromo Hermanos Rodríguez,norris,NOR,Lando Norris,mclaren,McLaren,4,8,20,W,0,48,Withdrew,19,1:21.643,189.782,kph
2019,19,United States Grand Prix,2019-11-03,americas,Circuit of the Americas,bottas,BOT,Valtteri Bottas,mercedes,Mercedes,77,1,1,1,25,56,Finished,2,1:36.957,204.696,kph
2019,19,United States Grand Prix,2019-11-03,americas,Circuit of the Americas,hamilton,HAM,Lewis Hamilton,mercedes,Mercedes,44,5,2,2,18,56,Finished,7,1:38.446,201.600,kph
2019,19,United States Grand Prix,2019-11-03,americas,Circuit of the Americas,max_verstappen,VER,Max Verstappen,red_bull,Red Bull,33,3,3,3,15,56,Finished,5,1:38.214,202.077,kph
2019,19,United States Grand Prix,2019-11-03,americas,Circuit of the Americas,leclerc,LEC,Charles Leclerc,ferrari,Ferrari,16,4,4,4,13,56,Finished,1,1:36.169,206.374,kph
2019,19,United States Grand Prix,2019-11-03,americas,Circuit of the Americas,albon,ALB,Alexander Albon,red_bull,Red Bull,23,6,5,5,10,56,Finished,3,1:38.029,202.458,kph
2019,19,United States Grand Prix,2019-11-03,americas,Circuit of the Americas,ricciardo,RIC,Daniel Ricciardo,renault,Renault,3,9,6,6,8,56,Finished,14,1:40.564,197.354,kph
2019,19,United States Grand Prix,2019-11-03,americas,Circuit of the Americas,norris,NOR,Lando Norris,mclaren,McLaren,4,8,7,7,6,56,Finished,4,1:38.074,202.365,kph
2019,19,United States Grand Prix,2019-11-03,americas,Circuit of the Americas,sainz,SAI,Carlos Sainz,mclaren,McLaren,55,7,8,8,4,55,+1 Lap,15,1:40.844,196.806,kph
2019,19,United States Grand Prix,2019-11-03,americas,Circuit of the Americas,hulkenberg,HUL,Nico Hülkenberg,renault,Renault,27,11,9,9,2,55,+1 Lap,6,1:38.437,201.619,kph
2019,19,United States Grand Prix,2019-11-03,americas,Circuit of the Americas,perez,PER,Sergio Pérez,racing_point,Racing Point,11,0,10,10,1,55,+1 Lap,11,1:40.165,198.141,kph
2019,19,United States Grand Prix,2019-11-03,americas,Circuit of the Americas,raikkonen,RAI,Kimi Räikkönen,alfa,Alfa Romeo,7,17,11,11,0,55,+1 Lap,9,1:39.608,199.249,kph
2019,19,United States Grand Prix,2019-11-03,americas,Circuit of the Americas,kvyat,KVY,Daniil Kvyat,toro_rosso,Toro Rosso,26,13,12,12,0,55,+1 Lap,8,1:38.969,200.535,kph
2019,19,United States Grand Prix,2019-11-03,americas,Circuit of the Americas,stroll,STR,Lance Stroll,racing_point,Racing Point,18,14,13,13,0,55,+1 Lap,13,1:40.380,197.716,kph
2019,19,United States Grand Prix,2019-11-03,americas,Circuit of the Americas,giovinazzi,GIO,Antonio Giovinazzi,alfa,Alfa Romeo,99,16,14,14,0,55,+1 Lap,10,1:39.964,198.539,kph
2019,19,United States Grand Prix,2019-11-03,americas,Circuit of the Americas,grosjean,GRO,Romain Grosjean,haas,Haas F1 Team,8,15,15,15,0,55,+1 Lap,18,1:41.270,195.979,kph
2019,19,United States Grand Prix,2019-11-03,americas,Circuit of the Americas,gasly,GAS,Pierre Gasly,toro_rosso,Toro Rosso,10,10,16,16,0,54,Suspension,16,1:40.850,196.795,kph
2019,19,United States Grand Prix,2019-11-03,americas,Circuit of the Americas,russell,RUS,George Russell,williams,Williams,63,18,17,17,0,54,+2 Laps,17,1:41.239,196.039,kph
2019,19,United States Grand Prix,2019-11-03,americas,Circuit of the Americas,kevin_magnussen,MAG,Kevin Magnussen,haas,Haas F1 Team,20,12,18,18,0,52,Brakes,12,1:40.347,197.781,kph
2019,19,United States Grand Prix,2019-11-03,americas,Circuit of the Americas,kubica,KUB,Robert Kubica,williams,Williams,88,19,19,R,0,31,Oil leak,20,1:43.830,191.147,kph
2019,19,United States Grand Prix,2019-11-03,americas,Circuit of the Americas,vettel,VET,Sebastian Vettel,ferrari,Ferrari,5,2,20,R,0,7,Suspension,19,1:42.165,194.262,kph
2019,20,Brazilian Grand Prix,2019-11-17,interlagos,Autódromo José Carlos Pace,max_verstappen,VER,Max Verstappen,red_bull,Red Bull,33,1,1,1,25,71,Finished,2,1:10.862,218.909,kph
2019,20,Brazilian Grand Prix,2019-11-17,interlagos,Autódromo José Carlos Pace,gasly,GAS,Pierre Gasly,toro_rosso,Toro Rosso,10,6,2,2,18,71,Finished,9,1:12.425,214.185,kph
2019,20,Brazilian Grand Prix,2019-11-17,interlagos,Autódromo José Carlos Pace,sainz,SAI,Carlos Sainz,mclaren,McLaren,55,20,3,3,15,71,Finished,16,1:13.158,212.039,kph
2019,20,Brazilian Grand Prix,2019-11-17,interlagos,Autódromo José Carlos Pace,raikkonen,RAI,Kimi Räikkönen,alfa,Alfa Romeo,7,8,4,4,12,71,Finished,15,1:13.135,212.106,kph
2019,20,Brazilian Grand Prix,2019-11-17,interlagos,Autódromo José Carlos Pace,giovinazzi,GIO,Antonio Giovinazzi,alfa,Alfa Romeo,99,12,5,5,10,71,Finished,14,1:13.020,212.440,kph
2019,20,Brazilian Grand Prix,2019-11-17,interlagos,Autódromo José Carlos Pace,ricciardo,RIC,Daniel Ricciardo,renault,Renault,3,11,6,6,8,71,Finished,11,1:12.733,213.278,kph
2019,20,Brazilian Grand Prix,2019-11-17,interlagos,Autódromo José Carlos Pace,hamilton,HAM,Lewis Hamilton,mercedes,Mercedes,44,3,7,7,6,71,Finished,3,1:11.082,218.232,kph
2019,20,Brazilian Grand Prix,2019-11-17,interlagos,Autódromo José Carlos Pace,norris,NOR,Lando Norris,mclaren,McLaren,4,10,8,8,4,71,Finished,7,1:12.328,214.472,kph
2019,20,Brazilian Grand Prix,2019-11-17,interlagos,Autódromo José Carlos Pace,perez,PER,Sergio Pérez,racing_point,Racing Point,11,15,9,9,2,71,Finished,12,1:12.840,212.965,kph
2019,20,Brazilian Grand Prix,2019-11-17,interlagos,Autódromo José Carlos Pace,kvyat,KVY,Daniil Kvyat,toro_rosso,Toro Rosso,26,16,10,10,1,71,Finished,8,1:12.385,214.304,kph
2019,20,Brazilian Grand Prix,2019-11-17,interlagos,Autódromo José Carlos Pace,kevin_magnussen,MAG,Kevin Magnussen,haas,Haas F1 Team,20,9,11,11,0,71,Finished,17,1:13.262,211.738,kph
2019,20,Brazilian Grand Prix,2019-11-17,interlagos,Autódromo José Carlos Pace,russell,RUS,George Russell,williams,Williams,63,18,12,12,0,71,Finished,19,1:13.752,210.331,kph
2019,20,Brazilian Grand Prix,2019-11-17,interlagos,Autódromo José Carlos Pace,grosjean,GRO,Romain Grosjean,haas,Haas F1 Team,8,7,13,13,0,71,Finished,18,1:13.619,210.711,kph
2019,20,Brazilian Grand Prix,2019-11-17,interlagos,Autódromo José Carlos Pace,albon,ALB,Alexander Albon,red_bull,Red Bull,23,5,14,14,0,71,Finished,4,1:11.087,218.217,kph
2019,20,Brazilian Grand Prix,2019-11-17,interlagos,Autódromo José Carlos Pace,hulkenberg,HUL,Nico Hülkenberg,renault,Renault,27,13,15,15,0,71,Finished,13,1:12.934,212.690,kph
2019,20,Brazilian Grand Prix,2019-11-17,interlagos,Autódromo José Carlos Pace,kubica,KUB,Robert Kubica,williams,Williams,88,19,16,16,0,70,+1 Lap,20,1:14.553,208.072,kph
2019,20,Brazilian Grand Prix,2019-11-17,interlagos,Autódromo José Carlos Pace,vettel,VET,Sebastian Vettel,ferrari,Ferrari,5,2,17,17,0,65,Collision,5,1:11.384,217.309,kph
2019,20,Brazilian Grand Prix,2019-11-17,interlagos,Autódromo José Carlos Pace,leclerc,LEC,Charles Leclerc,ferrari,Ferrari,16,14,18,18,0,65,Collision,6,1:11.423,217.190,kph
2019,20,Brazilian Grand Prix,2019-11-17,interlagos,Autódromo José Carlos Pace,stroll,STR,Lance Stroll,racing_point,Racing Point,18,17,19,19,0,65,Suspension,10,1:12.603,213.660,kph
2019,20,Brazilian Grand Prix,2019-11-17,interlagos,Autódromo José Carlos Pace,bottas,BOT,Valtteri Bottas,mercedes,Mercedes,77,4,20,R,0,51,Power Unit,1,1:10.698,219.417,kph
2019,21,Abu Dhabi Grand Prix,2019-12-01,yas_marina,Yas Marina Circuit,hamilton,HAM,Lewis Hamilton,mercedes,Mercedes,44,1,1,1,26,55,Finished,1,1:39.283,201.387,kph
2019,21,Abu Dhabi Grand Prix,2019-12-01,yas_marina,Yas Marina Circuit,max_verstappen,VER,Max Verstappen,red_bull,Red Bull,33,2,2,2,18,55,Finished,5,1:41.119,197.731,kph
2019,21,Abu Dhabi Grand Prix,2019-12-01,yas_marina,Yas Marina Circuit,leclerc,LEC,Charles Leclerc,ferrari,Ferrari,16,3,3,3,15,55,Finished,4,1:40.442,199.064,kph
2019,21,Abu Dhabi Grand Prix,2019-12-01,yas_marina,Yas Marina Circuit,bottas,BOT,Valtteri Bottas,mercedes,Mercedes,77,20,4,4,12,55,Finished,2,1:39.715,200.515,kph
2019,21,Abu Dhabi Grand Prix,2019-12-01,yas_marina,Yas Marina Circuit,vettel,VET,Sebastian Vettel,ferrari,Ferrari,5,4,5,5,10,55,Finished,3,1:40.128,199.688,kph
2019,21,Abu Dhabi Grand Prix,2019-12-01,yas_marina,Yas Marina Circuit,albon,ALB,Alexander Albon,red_bull,Red Bull,23,5,6,6,8,55,Finished,8,1:42.219,195.603,kph
2019,21,Abu Dhabi Grand Prix,2019-12-01,yas_marina,Yas Marina Circuit,perez,PER,Sergio Pérez,racing_point,Racing Point,11,10,7,7,6,54,+1 Lap,11,1:42.639,194.803,kph
2019,21,Abu Dhabi Grand Prix,2019-12-01,yas_marina,Yas Marina Circuit,norris,NOR,Lando Norris,mclaren,McLaren,4,6,8,8,4,54,+1 Lap,12,1:43.026,194.071,kph
2019,21,Abu Dhabi Grand Prix,2019-12-01,yas_marina,Yas Marina Circuit,kvyat,KVY,Daniil Kvyat,toro_rosso,Toro Rosso,26,13,9,9,2,54,+1 Lap,9,1:42.222,195.597,kph
2019,21,Abu Dhabi Grand Prix,2019-12-01,yas_marina,Yas Marina Circuit,sainz,SAI,Carlos Sainz,mclaren,McLaren,55,8,10,10,1,54,+1 Lap,7,1:41.294,197.389,kph
2019,21,Abu Dhabi Grand Prix,2019-12-01,yas_marina,Yas Marina Circuit,ricciardo,RIC,Daniel Ricciardo,renault,Renault,3,7,11,11,0,54,+1 Lap,6,1:41.190,197.592,kph
2019,21,Abu Dhabi Grand Prix,2019-12-01,yas_marina,Yas Marina Circuit,hulkenberg,HUL,Nico Hülkenberg,renault,Renault,27,9,12,12,0,54,+1 Lap,16,1:43.274,193.605,kph
2019,21,Abu Dhabi Grand Prix,2019-12-01,yas_marina,Yas Marina Circuit,raikkonen,RAI,Kimi Räikkönen,alfa,Alfa Romeo,7,17,13,13,0,54,+1 Lap,14,1:43.142,193.853,kph
2019,21,Abu Dhabi Grand Prix,2019-12-01,yas_marina,Yas Marina Circuit,kevin_magnussen,MAG,Kevin Magnussen,haas,Haas F1 Team,20,14,14,14,0,54,+1 Lap,19,1:43.790,192.642,kph
2019,21,Abu Dhabi Grand Prix,2019-12-01,yas_marina,Yas Marina Circuit,grosjean,GRO,Romain Grosjean,haas,Haas F1 Team,8,15,15,15,0,54,+1 Lap,18,1:43.666,192.873,kph
2019,21,Abu Dhabi Grand Prix,2019-12-01,yas_marina,Yas Marina Circuit,giovinazzi,GIO,Antonio Giovinazzi,alfa,Alfa Romeo,99,16,16,16,0,54,+1 Lap,15,1:43.256,193.639,kph
2019,21,Abu Dhabi Grand Prix,2019-12-01,yas_marina,Yas Marina Circuit,russell,RUS,George Russell,williams,Williams,63,18,17,17,0,54,+1 Lap,13,1:43.074,193.981,kph
2019,21,Abu Dhabi Grand Prix,2019-12-01,yas_marina,Yas Marina Circuit,gasly,GAS,Pierre Gasly,toro_rosso,Toro Rosso,10,11,18,18,0,53,+2 Laps,10,1:42.414,195.231,kph
2019,21,Abu Dhabi Grand Prix,2019-12-01,yas_marina,Yas Marina Circuit,kubica,KUB,Robert Kubica,williams,Williams,88,19,19,19,0,53,+2 Laps,20,1:44.500,191.333,kph
2019,21,Abu Dhabi Grand Prix,2019-12-01,yas_marina,Yas Marina Circuit,stroll,STR,Lance Stroll,racing_point,Racing Point,18,12,20,R,0,45,Brakes,17,1:43.326,193.507,kph
2020,1,Austrian Grand Prix,2020-07-05,red_bull_ring,Red Bull Ring,bottas,BOT,Valtteri Bottas,mercedes,Mercedes,77,1,1,1,25,71,Finished,2,1:07.657,229.758,kph
2020,1,Austrian Grand Prix,2020-07-05,red_bull_ring,Red Bull Ring,leclerc,LEC,Charles Leclerc,ferrari,Ferrari,16,7,2,2,18,71,Finished,4,1:07.901,228.933,kph
2020,1,Austrian Grand Prix,2020-07-05,red_bull_ring,Red Bull Ring,norris,NOR,Lando Norris,mclaren,McLaren,4,3,3,3,16,71,Finished,1,1:07.475,230.378,kph
2020,1,Austrian Grand Prix,2020-07-05,red_bull_ring,Red Bull Ring,hamilton,HAM,Lewis Hamilton,mercedes,Mercedes,44,5,4,4,12,71,Finished,3,1:07.712,229.572,kph
2020,1,Austrian Grand Prix,2020-07-05,red_bull_ring,Red Bull Ring,sainz,SAI,Carlos Sainz,mclaren,McLaren,55,8,5,5,10,71,Finished,5,1:07.974,228.687,kph
2020,1,Austrian Grand Prix,2020-07-05,red_bull_ring,Red Bull Ring,perez,PER,Sergio Pérez,racing_point,Racing Point,11,6,6,6,8,71,Finished,6,1:08.305,227.579,kph
2020,1,Austrian Grand Prix,2020-07-05,red_bull_ring,Red Bull Ring,gasly,GAS,Pierre Gasly,alphatauri,AlphaTauri,10,12,7,7,6,71,Finished,11,1:09.025,225.205,kph
2020,1,Austrian Grand Prix,2020-07-05,red_bull_ring,Red Bull Ring,ocon,OCO,Esteban Ocon,renault,Renault,31,14,8,8,4,71,Finished,10,1:08.932,225.509,kph
2020,1,Austrian Grand Prix,2020-07-05,red_bull_ring,Red Bull Ring,giovinazzi,GIO,Antonio Giovinazzi,alfa,Alfa Romeo,99,18,9,9,2,71,Finished,9,1:08.796,225.954,kph
2020,1,Austrian Grand Prix,2020-07-05,red_bull_ring,Red Bull Ring,vettel,VET,Sebastian Vettel,ferrari,Ferrari,5,11,10,10,1,71,Finished,8,1:08.623,226.524,kph
2020,1,Austrian Grand Prix,2020-07-05,red_bull_ring,Red Bull Ring,latifi,LAT,Nicholas Latifi,williams,Williams,6,20,11,11,0,71,Finished,16,1:09.662,223.146,kph
2020,1,Austrian Grand Prix,2020-07-05,red_bull_ring,Red Bull Ring,kvyat,KVY,Daniil Kvyat,alphatauri,AlphaTauri,26,13,12,12,0,69,Suspension,13,1:09.135,224.847,kph
2020,1,Austrian Grand Prix,2020-07-05,red_bull_ring,Red Bull Ring,albon,ALB,Alexander Albon,red_bull,Red Bull,23,4,13,13,0,67,Electronics,7,1:08.432,227.156,kph
2020,1,Austrian Grand Prix,2020-07-05,red_bull_ring,Red Bull Ring,raikkonen,RAI,Kimi Räikkönen,alfa,Alfa Romeo,7,19,14,R,0,53,Wheel,12,1:09.031,225.185,kph
2020,1,Austrian Grand Prix,2020-07-05,red_bull_ring,Red Bull Ring,russell,RUS,George Russell,williams,Williams,63,17,15,R,0,49,Fuel pressure,14,1:09.317,224.256,kph
2020,1,Austrian Grand Prix,2020-07-05,red_bull_ring,Red Bull Ring,grosjean,GRO,Romain Grosjean,haas,Haas F1 Team,8,15,16,R,0,49,Brakes,17,1:10.228,221.347,kph
2020,1,Austrian Grand Prix,2020-07-05,red_bull_ring,Red Bull Ring,kevin_magnussen,MAG,Kevin Magnussen,haas,Haas F1 Team,20,16,17,R,0,24,Brakes,20,1:10.720,219.807,kph
2020,1,Austrian Grand Prix,2020-07-05,red_bull_ring,Red Bull Ring,stroll,STR,Lance Stroll,racing_point,Racing Point,18,9,18,R,0,20,Engine,18,1:10.326,221.039,kph
2020,1,Austrian Grand Prix,2020-07-05,red_bull_ring,Red Bull Ring,ricciardo,RIC,Daniel Ricciardo,renault,Renault,3,10,19,R,0,17,Overheating,19,1:10.610,220.150,kph
2020,1,Austrian Grand Prix,2020-07-05,red_bull_ring,Red Bull Ring,max_verstappen,VER,Max Verstappen,red_bull,Red Bull,33,2,20,R,0,11,Electronics,15,1:09.351,224.146,kph
2020,2,Styrian Grand Prix,2020-07-12,red_bull_ring,Red Bull Ring,hamilton,HAM,Lewis Hamilton,mercedes,Mercedes,44,1,1,1,25,71,Finished,3,1:06.719,232.989,kph
2020,2,Styrian Grand Prix,2020-07-12,red_bull_ring,Red Bull Ring,bottas,BOT,Valtteri Bottas,mercedes,Mercedes,77,4,2,2,18,71,Finished,7,1:07.534,230.177,kph
2020,2,Styrian Grand Prix,2020-07-12,red_bull_ring,Red Bull Ring,max_verstappen,VER,Max Verstappen,red_bull,Red Bull,33,2,3,3,15,71,Finished,2,1:06.145,235.010,kph
2020,2,Styrian Grand Prix,2020-07-12,red_bull_ring,Red Bull Ring,albon,ALB,Alexander Albon,red_bull,Red Bull,23,6,4,4,12,71,Finished,6,1:07.299,230.981,kph
2020,2,Styrian Grand Prix,2020-07-12,red_bull_ring,Red Bull Ring,norris,NOR,Lando Norris,mclaren,McLaren,4,9,5,5,10,71,Finished,5,1:07.193,231.345,kph
2020,2,Styrian Grand Prix,2020-07-12,red_bull_ring,Red Bull Ring,perez,PER,Sergio Pérez,racing_point,Racing Point,11,17,6,6,8,71,Finished,4,1:07.188,231.362,kph
2020,2,Styrian Grand Prix,2020-07-12,red_bull_ring,Red Bull Ring,stroll,STR,Lance Stroll,racing_point,Racing Point,18,12,7,7,6,71,Finished,10,1:07.833,229.162,kph
2020,2,Styrian Grand Prix,2020-07-12,red_bull_ring,Red Bull Ring,ricciardo,RIC,Daniel Ricciardo,renault,Renault,3,8,8,8,4,71,Finished,9,1:07.832,229.166,kph
2020,2,Styrian Grand Prix,2020-07-12,red_bull_ring,Red Bull Ring,sainz,SAI,Carlos Sainz,mclaren,McLaren,55,3,9,9,3,70,+1 Lap,1,1:05.619,236.894,kph
2020,2,Styrian Grand Prix,2020-07-12,red_bull_ring,Red Bull Ring,kvyat,KVY,Daniil Kvyat,alphatauri,AlphaTauri,26,13,10,10,1,70,+1 Lap,13,1:08.378,227.336,kph
2020,2,Styrian Grand Prix,2020-07-12,red_bull_ring,Red Bull Ring,raikkonen,RAI,Kimi Räikkönen,alfa,Alfa Romeo,7,16,11,11,0,70,+1 Lap,14,1:08.382,227.322,kph
2020,2,Styrian Grand Prix,2020-07-12,red_bull_ring,Red Bull Ring,kevin_magnussen,MAG,Kevin Magnussen,haas,Haas F1 Team,20,15,12,12,0,70,+1 Lap,11,1:08.009,228.569,kph
2020,2,Styrian Grand Prix,2020-07-12,red_bull_ring,Red Bull Ring,grosjean,GRO,Romain Grosjean,haas,Haas F1 Team,8,0,13,13,0,70,+1 Lap,12,1:08.047,228.442,kph
2020,2,Styrian Grand Prix,2020-07-12,red_bull_ring,Red Bull Ring,giovinazzi,GIO,Antonio Giovinazzi,alfa,Alfa Romeo,99,19,14,14,0,70,+1 Lap,15,1:08.512,226.891,kph
2020,2,Styrian Grand Prix,2020-07-12,red_bull_ring,Red Bull Ring,gasly,GAS,Pierre Gasly,alphatauri,AlphaTauri,10,7,15,15,0,70,+1 Lap,8,1:07.827,229.183,kph
2020,2,Styrian Grand Prix,2020-07-12,red_bull_ring,Red Bull Ring,russell,RUS,George Russell,williams,Williams,63,11,16,16,0,69,+2 Laps,16,1:08.601,226.597,kph
2020,2,Styrian Grand Prix,2020-07-12,red_bull_ring,Red Bull Ring,latifi,LAT,Nicholas Latifi,williams,Williams,6,18,17,17,0,69,+2 Laps,17,1:08.806,225.922,kph
2020,2,Styrian Grand Prix,2020-07-12,red_bull_ring,Red Bull Ring,ocon,OCO,Esteban Ocon,renault,Renault,31,5,18,R,0,25,Overheating,18,1:09.321,224.243,kph
2020,2,Styrian Grand Prix,2020-07-12,red_bull_ring,Red Bull Ring,leclerc,LEC,Charles Leclerc,ferrari,Ferrari,16,14,19,R,0,4,Collision damage,19,1:35.379,162.979,kph
2020,2,Styrian Grand Prix,2020-07-12,red_bull_ring,Red Bull Ring,vettel,VET,Sebastian Vettel,ferrari,Ferrari,5,10,20,R,0,1,Collision damage,,,,
2020,3,Hungarian Grand Prix,2020-07-19,hungaroring,Hungaroring,hamilton,HAM,Lewis Hamilton,mercedes,Mercedes,44,1,1,1,26,70,Finished,1,1:16.627,205.823,kph
2020,3,Hungarian Grand Prix,2020-07-19,hungaroring,Hungaroring,max_verstappen,VER,Max Verstappen,red_bull,Red Bull,33,7,2,2,18,70,Finished,4,1:19.184,199.176,kph
2020,3,Hungarian Grand Prix,2020-07-19,hungaroring,Hungaroring,bottas,BOT,Valtteri Bottas,mercedes,Mercedes,77,2,3,3,15,70,Finished,2,1:17.665,203.072,kph
2020,3,Hungarian Grand Prix,2020-07-19,hungaroring,Hungaroring,stroll,STR,Lance Stroll,racing_point,Racing Point,18,3,4,4,12,70,Finished,3,1:18.973,199.708,kph
2020,3,Hungarian Grand Prix,2020-07-19,hungaroring,Hungaroring,albon,ALB,Alexander Albon,red_bull,Red Bull,23,13,5,5,10,70,Finished,5,1:19.440,198.534,kph
2020,3,Hungarian Grand Prix,2020-07-19,hungaroring,Hungaroring,vettel,VET,Sebastian Vettel,ferrari,Ferrari,5,5,6,6,8,69,+1 Lap,14,1:20.363,196.254,kph
2020,3,Hungarian Grand Prix,2020-07-19,hungaroring,Hungaroring,perez,PER,Sergio Pérez,racing_point,Racing Point,11,4,7,7,6,69,+1 Lap,10,1:20.090,196.923,kph
2020,3,Hungarian Grand Prix,2020-07-19,hungaroring,Hungaroring,ricciardo,RIC,Daniel Ricciardo,renault,Renault,3,11,8,8,4,69,+1 Lap,7,1:19.532,198.305,kph
2020,3,Hungarian Grand Prix,2020-07-19,hungaroring,Hungaroring,sainz,SAI,Carlos Sainz,mclaren,McLaren,55,9,9,9,2,69,+1 Lap,15,1:20.477,195.976,kph
2020,3,Hungarian Grand Prix,2020-07-19,hungaroring,Hungaroring,kevin_magnussen,MAG,Kevin Magnussen,haas,Haas F1 Team,20,0,10,10,1,69,+1 Lap,6,1:19.457,198.492,kph
2020,3,Hungarian Grand Prix,2020-07-19,hungaroring,Hungaroring,leclerc,LEC,Charles Leclerc,ferrari,Ferrari,16,6,11,11,0,69,+1 Lap,16,1:20.821,195.142,kph
2020,3,Hungarian Grand Prix,2020-07-19,hungaroring,Hungaroring,kvyat,KVY,Daniil Kvyat,alphatauri,AlphaTauri,26,17,12,12,0,69,+1 Lap,18,1:20.946,194.841,kph
2020,3,Hungarian Grand Prix,2020-07-19,hungaroring,Hungaroring,norris,NOR,Lando Norris,mclaren,McLaren,4,8,13,13,0,69,+1 Lap,8,1:19.945,197.280,kph
2020,3,Hungarian Grand Prix,2020-07-19,hungaroring,Hungaroring,ocon,OCO,Esteban Ocon,renault,Renault,31,14,14,14,0,69,+1 Lap,13,1:20.261,196.503,kph
2020,3,Hungarian Grand Prix,2020-07-19,hungaroring,Hungaroring,raikkonen,RAI,Kimi Räikkönen,alfa,Alfa Romeo,7,20,15,15,0,69,+1 Lap,17,1:20.889,194.978,kph
2020,3,Hungarian Grand Prix,2020-07-19,hungaroring,Hungaroring,grosjean,GRO,Romain Grosjean,haas,Haas F1 Team,8,0,16,16,0,69,+1 Lap,12,1:20.232,196.574,kph
2020,3,Hungarian Grand Prix,2020-07-19,hungaroring,Hungaroring,giovinazzi,GIO,Antonio Giovinazzi,alfa,Alfa Romeo,99,19,17,17,0,69,+1 Lap,11,1:20.096,196.908,kph
2020,3,Hungarian Grand Prix,2020-07-19,hungaroring,Hungaroring,russell,RUS,George Russell,williams,Williams,63,12,18,18,0,69,+1 Lap,9,1:19.984,197.184,kph
2020,3,Hungarian Grand Prix,2020-07-19,hungaroring,Hungaroring,latifi,LAT,Nicholas Latifi,williams,Williams,6,15,19,19,0,65,+5 Laps,19,1:21.198,194.236,kph
2020,3,Hungarian Grand Prix,2020-07-19,hungaroring,Hungaroring,gasly,GAS,Pierre Gasly,alphatauri,AlphaTauri,10,10,20,R,0,15,Engine,20,1:23.939,187.893,kph
2020,4,British Grand Prix,2020-08-02,silverstone,Silverstone Circuit,hamilton,HAM,Lewis Hamilton,mercedes,Mercedes,44,1,1,1,25,52,Finished,3,1:29.238,237.652,kph
2020,4,British Grand Prix,2020-08-02,silverstone,Silverstone Circuit,max_verstappen,VER,Max Verstappen,red_bull,Red Bull,33,3,2,2,19,52,Finished,1,1:27.097,243.494,kph
2020,4,British Grand Prix,2020-08-02,silverstone,Silverstone Circuit,leclerc,LEC,Charles Leclerc,ferrari,Ferrari,16,4,3,3,15,52,Finished,9,1:29.813,236.130,kph
2020,4,British Grand Prix,2020-08-02,silverstone,Silverstone Circuit,ricciardo,RIC,Daniel Ricciardo,renault,Renault,3,8,4,4,12,52,Finished,5,1:29.482,237.004,kph
2020,4,British Grand Prix,2020-08-02,silverstone,Silverstone Circuit,norris,NOR,Lando Norris,mclaren,McLaren,4,5,5,5,10,52,Finished,12,1:30.058,235.488,kph
2020,4,British Grand Prix,2020-08-02,silverstone,Silverstone Circuit,ocon,OCO,Esteban Ocon,renault,Renault,31,9,6,6,8,52,Finished,6,1:29.491,236.980,kph
2020,4,British Grand Prix,2020-08-02,silverstone,Silverstone Circuit,gasly,GAS,Pierre Gasly,alphatauri,AlphaTauri,10,11,7,7,6,52,Finished,7,1:29.603,236.684,kph
2020,4,British Grand Prix,2020-08-02,silverstone,Silverstone Circuit,albon,ALB,Alexander Albon,red_bull,Red Bull,23,12,8,8,4,52,Finished,2,1:28.689,239.123,kph
2020,4,British Grand Prix,2020-08-02,silverstone,Silverstone Circuit,stroll,STR,Lance Stroll,racing_point,Racing Point,18,6,9,9,2,52,Finished,13,1:30.475,234.402,kph
2020,4,British Grand Prix,2020-08-02,silverstone,Silverstone Circuit,vettel,VET,Sebastian Vettel,ferrari,Ferrari,5,10,10,10,1,52,Finished,15,1:30.537,234.242,kph
2020,4,British Grand Prix,2020-08-02,silverstone,Silverstone Circuit,bottas,BOT,Valtteri Bottas,mercedes,Mercedes,77,2,11,11,0,52,Finished,4,1:29.265,237.580,kph
2020,4,British Grand Prix,2020-08-02,silverstone,Silverstone Circuit,russell,RUS,George Russell,williams,Williams,63,20,12,12,0,52,Finished,16,1:30.862,233.404,kph
2020,4,British Grand Prix,2020-08-02,silverstone,Silverstone Circuit,sainz,SAI,Carlos Sainz,mclaren,McLaren,55,7,13,13,0,52,Finished,10,1:29.948,235.776,kph
2020,4,British Grand Prix,2020-08-02,silverstone,Silverstone Circuit,giovinazzi,GIO,Antonio Giovinazzi,alfa,Alfa Romeo,99,15,14,14,0,52,Finished,17,1:30.977,233.109,kph
2020,4,British Grand Prix,2020-08-02,silverstone,Silverstone Circuit,latifi,LAT,Nicholas Latifi,williams,Williams,6,18,15,15,0,52,Finished,14,1:30.501,234.335,kph
2020,4,British Grand Prix,2020-08-02,silverstone,Silverstone Circuit,grosjean,GRO,Romain Grosjean,haas,Haas F1 Team,8,17,16,16,0,52,Finished,8,1:29.782,236.212,kph
2020,4,British Grand Prix,2020-08-02,silverstone,Silverstone Circuit,raikkonen,RAI,Kimi Räikkönen,alfa,Alfa Romeo,7,16,17,17,0,51,+1 Lap,11,1:29.973,235.710,kph
2020,4,British Grand Prix,2020-08-02,silverstone,Silverstone Circuit,kvyat,KVY,Daniil Kvyat,alphatauri,AlphaTauri,26,19,18,R,0,11,Accident,18,1:32.443,229.412,kph
2020,4,British Grand Prix,2020-08-02,silverstone,Silverstone Circuit,kevin_magnussen,MAG,Kevin Magnussen,haas,Haas F1 Team,20,14,19,R,0,1,Collision,,,,
2020,4,British Grand Prix,2020-08-02,silverstone,Silverstone Circuit,hulkenberg,HUL,Nico Hülkenberg,racing_point,Racing Point,27,13,20,W,0,0,Power Unit,,,,
2020,5,70th Anniversary Grand Prix,2020-08-09,silverstone,Silverstone Circuit,max_verstappen,VER,Max Verstappen,red_bull,Red Bull,33,4,1,1,25,52,Finished,2,1:29.465,237.049,kph
2020,5,70th Anniversary Grand Prix,2020-08-09,silverstone,Silverstone Circuit,hamilton,HAM,Lewis Hamilton,mercedes,Mercedes,44,2,2,2,19,52,Finished,1,1:28.451,239.766,kph
2020,5,70th Anniversary Grand Prix,2020-08-09,silverstone,Silverstone Circuit,bottas,BOT,Valtteri Bottas,mercedes,Mercedes,77,1,3,3,15,52,Finished,4,1:29.765,236.256,kph
2020,5,70th Anniversary Grand Prix,2020-08-09,silverstone,Silverstone Circuit,leclerc,LEC,Charles Leclerc,ferrari,Ferrari,16,8,4,4,12,52,Finished,8,1:30.552,234.203,kph
2020,5,70th Anniversary Grand Prix,2020-08-09,silverstone,Silverstone Circuit,albon,ALB,Alexander Albon,red_bull,Red Bull,23,9,5,5,10,52,Finished,3,1:29.477,237.017,kph
2020,5,70th Anniversary Grand Prix,2020-08-09,silverstone,Silverstone Circuit,stroll,STR,Lance Stroll,racing_point,Racing Point,18,6,6,6,8,52,Finished,15,1:30.877,233.365,kph
2020,5,70th Anniversary Grand Prix,2020-08-09,silverstone,Silverstone Circuit,hulkenberg,HUL,Nico Hülkenberg,racing_point,Racing Point,27,3,7,7,6,52,Finished,6,1:30.087,235.412,kph
2020,5,70th Anniversary Grand Prix,2020-08-09,silverstone,Silverstone Circuit,ocon,OCO,Esteban Ocon,renault,Renault,31,14,8,8,4,52,Finished,10,1:30.575,234.144,kph
2020,5,70th Anniversary Grand Prix,2020-08-09,silverstone,Silverstone Circuit,norris,NOR,Lando Norris,mclaren,McLaren,4,10,9,9,2,52,Finished,11,1:30.698,233.826,kph
2020,5,70th Anniversary Grand Prix,2020-08-09,silverstone,Silverstone Circuit,kvyat,KVY,Daniil Kvyat,alphatauri,AlphaTauri,26,16,10,10,1,52,Finished,12,1:30.738,233.723,kph
2020,5,70th Anniversary Grand Prix,2020-08-09,silverstone,Silverstone Circuit,gasly,GAS,Pierre Gasly,alphatauri,AlphaTauri,10,7,11,11,0,52,Finished,7,1:30.092,235.399,kph
2020,5,70th Anniversary Grand Prix,2020-08-09,silverstone,Silverstone Circuit,vettel,VET,Sebastian Vettel,ferrari,Ferrari,5,11,12,12,0,52,Finished,13,1:30.785,233.602,kph
2020,5,70th Anniversary Grand Prix,2020-08-09,silverstone,Silverstone Circuit,sainz,SAI,Carlos Sainz,mclaren,McLaren,55,12,13,13,0,52,Finished,9,1:30.556,234.193,kph
2020,5,70th Anniversary Grand Prix,2020-08-09,silverstone,Silverstone Circuit,ricciardo,RIC,Daniel Ricciardo,renault,Renault,3,5,14,14,0,51,+1 Lap,16,1:31.168,232.621,kph
2020,5,70th Anniversary Grand Prix,2020-08-09,silverstone,Silverstone Circuit,raikkonen,RAI,Kimi Räikkönen,alfa,Alfa Romeo,7,20,15,15,0,51,+1 Lap,18,1:31.756,231.130,kph
2020,5,70th Anniversary Grand Prix,2020-08-09,silverstone,Silverstone Circuit,grosjean,GRO,Romain Grosjean,haas,Haas F1 Team,8,13,16,16,0,51,+1 Lap,14,1:30.793,233.581,kph
2020,5,70th Anniversary Grand Prix,2020-08-09,silverstone,Silverstone Circuit,giovinazzi,GIO,Antonio Giovinazzi,alfa,Alfa Romeo,99,19,17,17,0,51,+1 Lap,19,1:31.826,230.954,kph
2020,5,70th Anniversary Grand Prix,2020-08-09,silverstone,Silverstone Circuit,russell,RUS,George Russell,williams,Williams,63,15,18,18,0,51,+1 Lap,17,1:31.408,232.010,kph
2020,5,70th Anniversary Grand Prix,2020-08-09,silverstone,Silverstone Circuit,latifi,LAT,Nicholas Latifi,williams,Williams,6,18,19,19,0,51,+1 Lap,5,1:29.950,235.770,kph
2020,5,70th Anniversary Grand Prix,2020-08-09,silverstone,Silverstone Circuit,kevin_magnussen,MAG,Kevin Magnussen,haas,Haas F1 Team,20,17,20,R,0,43,Retired,20,1:31.830,230.944,kph
2020,6,Spanish Grand Prix,2020-08-16,catalunya,Circuit de Barcelona-Catalunya,hamilton,HAM,Lewis Hamilton,mercedes,Mercedes,44,1,1,1,25,66,Finished,2,1:19.822,209.942,kph
2020,6,Spanish Grand Prix,2020-08-16,catalunya,Circuit de Barcelona-Catalunya,max_verstappen,VER,Max Verstappen,red_bull,Red Bull,33,3,2,2,18,66,Finished,4,1:21.477,205.677,kph
2020,6,Spanish Grand Prix,2020-08-16,catalunya,Circuit de Barcelona-Catalunya,bottas,BOT,Valtteri Bottas,mercedes,Mercedes,77,2,3,3,16,66,Finished,1,1:18.183,214.343,kph
2020,6,Spanish Grand Prix,2020-08-16,catalunya,Circuit de Barcelona-Catalunya,stroll,STR,Lance Stroll,racing_point,Racing Point,18,5,4,4,12,65,+1 Lap,8,1:22.024,204.306,kph
2020,6,Spanish Grand Prix,2020-08-16,catalunya,Circuit de Barcelona-Catalunya,perez,PER,Sergio Pérez,racing_point,Racing Point,11,4,5,5,10,65,+1 Lap,16,1:22.515,203.090,kph
2020,6,Spanish Grand Prix,2020-08-16,catalunya,Circuit de Barcelona-Catalunya,sainz,SAI,Carlos Sainz,mclaren,McLaren,55,7,6,6,8,65,+1 Lap,5,1:21.771,204.938,kph
2020,6,Spanish Grand Prix,2020-08-16,catalunya,Circuit de Barcelona-Catalunya,vettel,VET,Sebastian Vettel,ferrari,Ferrari,5,11,7,7,6,65,+1 Lap,18,1:22.707,202.618,kph
2020,6,Spanish Grand Prix,2020-08-16,catalunya,Circuit de Barcelona-Catalunya,albon,ALB,Alexander Albon,red_bull,Red Bull,23,6,8,8,4,65,+1 Lap,11,1:22.194,203.883,kph
2020,6,Spanish Grand Prix,2020-08-16,catalunya,Circuit de Barcelona-Catalunya,gasly,GAS,Pierre Gasly,alphatauri,AlphaTauri,10,10,9,9,2,65,+1 Lap,17,1:22.543,203.021,kph
2020,6,Spanish Grand Prix,2020-08-16,catalunya,Circuit de Barcelona-Catalunya,norris,NOR,Lando Norris,mclaren,McLaren,4,8,10,10,1,65,+1 Lap,13,1:22.392,203.393,kph
2020,6,Spanish Grand Prix,2020-08-16,catalunya,Circuit de Barcelona-Catalunya,ricciardo,RIC,Daniel Ricciardo,renault,Renault,3,13,11,11,0,65,+1 Lap,14,1:22.464,203.215,kph
2020,6,Spanish Grand Prix,2020-08-16,catalunya,Circuit de Barcelona-Catalunya,kvyat,KVY,Daniil Kvyat,alphatauri,AlphaTauri,26,12,12,12,0,65,+1 Lap,12,1:22.336,203.531,kph
2020,6,Spanish Grand Prix,2020-08-16,catalunya,Circuit de Barcelona-Catalunya,ocon,OCO,Esteban Ocon,renault,Renault,31,15,13,13,0,65,+1 Lap,10,1:22.174,203.933,kph
2020,6,Spanish Grand Prix,2020-08-16,catalunya,Circuit de Barcelona-Catalunya,raikkonen,RAI,Kimi Räikkönen,alfa,Alfa Romeo,7,14,14,14,0,65,+1 Lap,7,1:21.888,204.645,kph
2020,6,Spanish Grand Prix,2020-08-16,catalunya,Circuit de Barcelona-Catalunya,kevin_magnussen,MAG,Kevin Magnussen,haas,Haas F1 Team,20,16,15,15,0,65,+1 Lap,19,1:23.474,200.757,kph
2020,6,Spanish Grand Prix,2020-08-16,catalunya,Circuit de Barcelona-Catalunya,giovinazzi,GIO,Antonio Giovinazzi,alfa,Alfa Romeo,99,20,16,16,0,65,+1 Lap,6,1:21.801,204.863,kph
2020,6,Spanish Grand Prix,2020-08-16,catalunya,Circuit de Barcelona-Catalunya,russell,RUS,George Russell,williams,Williams,63,18,17,17,0,65,+1 Lap,15,1:22.503,203.119,kph
2020,6,Spanish Grand Prix,2020-08-16,catalunya,Circuit de Barcelona-Catalunya,latifi,LAT,Nicholas Latifi,williams,Williams,6,19,18,18,0,64,+2 Laps,9,1:22.030,204.291,kph
2020,6,Spanish Grand Prix,2020-08-16,catalunya,Circuit de Barcelona-Catalunya,grosjean,GRO,Romain Grosjean,haas,Haas F1 Team,8,17,19,19,0,64,+2 Laps,3,1:20.409,208.409,kph
2020,6,Spanish Grand Prix,2020-08-16,catalunya,Circuit de Barcelona-Catalunya,leclerc,LEC,Charles Leclerc,ferrari,Ferrari,16,9,20,R,0,38,Electronics,20,1:23.968,199.576,kph
2020,7,Belgian Grand Prix,2020-08-30,spa,Circuit de Spa-Francorchamps,hamilton,HAM,Lewis Hamilton,mercedes,Mercedes,44,1,1,1,25,44,Finished,2,1:47.758,233.990,kph
2020,7,Belgian Grand Prix,2020-08-30,spa,Circuit de Spa-Francorchamps,bottas,BOT,Valtteri Bottas,mercedes,Mercedes,77,2,2,2,18,44,Finished,5,1:47.983,233.503,kph
2020,7,Belgian Grand Prix,2020-08-30,spa,Circuit de Spa-Francorchamps,max_verstappen,VER,Max Verstappen,red_bull,Red Bull,33,3,3,3,15,44,Finished,8,1:48.305,232.809,kph
2020,7,Belgian Grand Prix,2020-08-30,spa,Circuit de Spa-Francorchamps,ricciardo,RIC,Daniel Ricciardo,renault,Renault,3,4,4,4,13,44,Finished,1,1:47.483,234.589,kph
2020,7,Belgian Grand Prix,2020-08-30,spa,Circuit de Spa-Francorchamps,ocon,OCO,Esteban Ocon,renault,Renault,31,6,5,5,10,44,Finished,10,1:48.540,232.305,kph
2020,7,Belgian Grand Prix,2020-08-30,spa,Circuit de Spa-Francorchamps,albon,ALB,Alexander Albon,red_bull,Red Bull,23,5,6,6,8,44,Finished,12,1:48.736,231.886,kph
2020,7,Belgian Grand Prix,2020-08-30,spa,Circuit de Spa-Francorchamps,norris,NOR,Lando Norris,mclaren,McLaren,4,10,7,7,6,44,Finished,11,1:48.552,232.279,kph
2020,7,Belgian Grand Prix,2020-08-30,spa,Circuit de Spa-Francorchamps,gasly,GAS,Pierre Gasly,alphatauri,AlphaTauri,10,12,8,8,4,44,Finished,3,1:47.839,233.815,kph
2020,7,Belgian Grand Prix,2020-08-30,spa,Circuit de Spa-Francorchamps,stroll,STR,Lance Stroll,racing_point,Racing Point,18,9,9,9,2,44,Finished,13,1:49.136,231.036,kph
2020,7,Belgian Grand Prix,2020-08-30,spa,Circuit de Spa-Francorchamps,perez,PER,Sergio Pérez,racing_point,Racing Point,11,8,10,10,1,44,Finished,9,1:48.389,232.628,kph
2020,7,Belgian Grand Prix,2020-08-30,spa,Circuit de Spa-Francorchamps,kvyat,KVY,Daniil Kvyat,alphatauri,AlphaTauri,26,11,11,11,0,44,Finished,15,1:49.832,229.572,kph
2020,7,Belgian Grand Prix,2020-08-30,spa,Circuit de Spa-Francorchamps,raikkonen,RAI,Kimi Räikkönen,alfa,Alfa Romeo,7,16,12,12,0,44,Finished,14,1:49.822,229.593,kph
2020,7,Belgian Grand Prix,2020-08-30,spa,Circuit de Spa-Francorchamps,vettel,VET,Sebastian Vettel,ferrari,Ferrari,5,14,13,13,0,44,Finished,16,1:49.958,229.309,kph
2020,7,Belgian Grand Prix,2020-08-30,spa,Circuit de Spa-Francorchamps,leclerc,LEC,Charles Leclerc,ferrari,Ferrari,16,13,14,14,0,44,Finished,4,1:47.840,233.813,kph
2020,7,Belgian Grand Prix,2020-08-30,spa,Circuit de Spa-Francorchamps,grosjean,GRO,Romain Grosjean,haas,Haas F1 Team,8,17,15,15,0,44,Finished,17,1:50.018,229.184,kph
2020,7,Belgian Grand Prix,2020-08-30,spa,Circuit de Spa-Francorchamps,latifi,LAT,Nicholas Latifi,williams,Williams,6,19,16,16,0,44,Finished,6,1:48.048,233.362,kph
2020,7,Belgian Grand Prix,2020-08-30,spa,Circuit de Spa-Francorchamps,kevin_magnussen,MAG,Kevin Magnussen,haas,Haas F1 Team,20,20,17,17,0,44,Finished,7,1:48.083,233.287,kph
2020,7,Belgian Grand Prix,2020-08-30,spa,Circuit de Spa-Francorchamps,giovinazzi,GIO,Antonio Giovinazzi,alfa,Alfa Romeo,99,18,18,R,0,9,Accident,19,1:51.793,225.545,kph
2020,7,Belgian Grand Prix,2020-08-30,spa,Circuit de Spa-Francorchamps,russell,RUS,George Russell,williams,Williams,63,15,19,R,0,9,Debris,18,1:51.754,225.624,kph
2020,7,Belgian Grand Prix,2020-08-30,spa,Circuit de Spa-Francorchamps,sainz,SAI,Carlos Sainz,mclaren,McLaren,55,7,20,W,0,0,Exhaust,,,,
2020,8,Italian Grand Prix,2020-09-06,monza,Autodromo Nazionale di Monza,gasly,GAS,Pierre Gasly,alphatauri,AlphaTauri,10,10,1,1,25,53,Finished,6,1:24.037,248.162,kph
2020,8,Italian Grand Prix,2020-09-06,monza,Autodromo Nazionale di Monza,sainz,SAI,Carlos Sainz,mclaren,McLaren,55,3,2,2,18,53,Finished,2,1:23.882,248.620,kph
2020,8,Italian Grand Prix,2020-09-06,monza,Autodromo Nazionale di Monza,stroll,STR,Lance Stroll,racing_point,Racing Point,18,8,3,3,15,53,Finished,3,1:23.897,248.576,kph
2020,8,Italian Grand Prix,2020-09-06,monza,Autodromo Nazionale di Monza,norris,NOR,Lando Norris,mclaren,McLaren,4,6,4,4,12,53,Finished,7,1:24.232,247.587,kph
2020,8,Italian Grand Prix,2020-09-06,monza,Autodromo Nazionale di Monza,bottas,BOT,Valtteri Bottas,mercedes,Mercedes,77,2,5,5,10,53,Finished,5,1:23.961,248.386,kph
2020,8,Italian Grand Prix,2020-09-06,monza,Autodromo Nazionale di Monza,ricciardo,RIC,Daniel Ricciardo,renault,Renault,3,7,6,6,8,53,Finished,4,1:23.898,248.573,kph
2020,8,Italian Grand Prix,2020-09-06,monza,Autodromo Nazionale di Monza,hamilton,HAM,Lewis Hamilton,mercedes,Mercedes,44,1,7,7,7,53,Finished,1,1:22.746,252.033,kph
2020,8,Italian Grand Prix,2020-09-06,monza,Autodromo Nazionale di Monza,ocon,OCO,Esteban Ocon,renault,Renault,31,12,8,8,4,53,Finished,11,1:24.490,246.831,kph
2020,8,Italian Grand Prix,2020-09-06,monza,Autodromo Nazionale di Monza,kvyat,KVY,Daniil Kvyat,alphatauri,AlphaTauri,26,11,9,9,2,53,Finished,10,1:24.479,246.863,kph
2020,8,Italian Grand Prix,2020-09-06,monza,Autodromo Nazionale di Monza,perez,PER,Sergio Pérez,racing_point,Racing Point,11,4,10,10,1,53,Finished,8,1:24.336,247.282,kph
2020,8,Italian Grand Prix,2020-09-06,monza,Autodromo Nazionale di Monza,latifi,LAT,Nicholas Latifi,williams,Williams,6,20,11,11,0,53,Finished,16,1:24.999,245.353,kph
2020,8,Italian Grand Prix,2020-09-06,monza,Autodromo Nazionale di Monza,grosjean,GRO,Romain Grosjean,haas,Haas F1 Team,8,16,12,12,0,53,Finished,12,1:24.785,245.972,kph
2020,8,Italian Grand Prix,2020-09-06,monza,Autodromo Nazionale di Monza,raikkonen,RAI,Kimi Räikkönen,alfa,Alfa Romeo,7,14,13,13,0,53,Finished,13,1:24.835,245.827,kph
2020,8,Italian Grand Prix,2020-09-06,monza,Autodromo Nazionale di Monza,russell,RUS,George Russell,williams,Williams,63,19,14,14,0,53,Finished,9,1:24.421,247.033,kph
2020,8,Italian Grand Prix,2020-09-06,monza,Autodromo Nazionale di Monza,albon,ALB,Alexander Albon,red_bull,Red Bull,23,9,15,15,0,53,Finished,15,1:24.926,245.564,kph
2020,8,Italian Grand Prix,2020-09-06,monza,Autodromo Nazionale di Monza,giovinazzi,GIO,Antonio Giovinazzi,alfa,Alfa Romeo,99,18,16,16,0,53,Finished,14,1:24.856,245.766,kph
2020,8,Italian Grand Prix,2020-09-06,monza,Autodromo Nazionale di Monza,max_verstappen,VER,Max Verstappen,red_bull,Red Bull,33,5,17,R,0,30,Power Unit,17,1:25.539,243.804,kph
2020,8,Italian Grand Prix,2020-09-06,monza,Autodromo Nazionale di Monza,leclerc,LEC,Charles Leclerc,ferrari,Ferrari,16,13,18,R,0,23,Accident,19,1:26.026,242.424,kph
2020,8,Italian Grand Prix,2020-09-06,monza,Autodromo Nazionale di Monza,kevin_magnussen,MAG,Kevin Magnussen,haas,Haas F1 Team,20,15,19,R,0,17,Power Unit,18,1:25.787,243.099,kph
2020,8,Italian Grand Prix,2020-09-06,monza,Autodromo Nazionale di Monza,vettel,VET,Sebastian Vettel,ferrari,Ferrari,5,17,20,R,0,6,Brakes,20,1:27.107,239.415,kph
2020,9,Tuscan Grand Prix,2020-09-13,mugello,Autodromo Internazionale del Mugello,hamilton,HAM,Lewis Hamilton,mercedes,Mercedes,44,1,1,1,26,59,Finished,1,1:18.833,239.518,kph
2020,9,Tuscan Grand Prix,2020-09-13,mugello,Autodromo Internazionale del Mugello,bottas,BOT,Valtteri Bottas,mercedes,Mercedes,77,2,2,2,18,59,Finished,2,1:19.432,237.712,kph
2020,9,Tuscan Grand Prix,2020-09-13,mugello,Autodromo Internazionale del Mugello,albon,ALB,Alexander Albon,red_bull,Red Bull,23,4,3,3,15,59,Finished,3,1:20.039,235.909,kph
2020,9,Tuscan Grand Prix,2020-09-13,mugello,Autodromo Internazionale del Mugello,ricciardo,RIC,Daniel Ricciardo,renault,Renault,3,8,4,4,12,59,Finished,4,1:20.426,234.774,kph
2020,9,Tuscan Grand Prix,2020-09-13,mugello,Autodromo Internazionale del Mugello,perez,PER,Sergio Pérez,racing_point,Racing Point,11,7,5,5,10,59,Finished,5,1:20.632,234.175,kph
2020,9,Tuscan Grand Prix,2020-09-13,mugello,Autodromo Internazionale del Mugello,norris,NOR,Lando Norris,mclaren,McLaren,4,11,6,6,8,59,Finished,7,1:21.198,232.542,kph
2020,9,Tuscan Grand Prix,2020-09-13,mugello,Autodromo Internazionale del Mugello,kvyat,KVY,Daniil Kvyat,alphatauri,AlphaTauri,26,12,7,7,6,59,Finished,10,1:21.458,231.800,kph
2020,9,Tuscan Grand Prix,2020-09-13,mugello,Autodromo Internazionale del Mugello,leclerc,LEC,Charles Leclerc,ferrari,Ferrari,16,5,8,8,4,59,Finished,9,1:21.229,232.453,kph
2020,9,Tuscan Grand Prix,2020-09-13,mugello,Autodromo Internazionale del Mugello,raikkonen,RAI,Kimi Räikkönen,alfa,Alfa Romeo,7,13,9,9,2,59,Finished,6,1:21.164,232.640,kph
2020,9,Tuscan Grand Prix,2020-09-13,mugello,Autodromo Internazionale del Mugello,vettel,VET,Sebastian Vettel,ferrari,Ferrari,5,14,10,10,1,59,Finished,8,1:21.202,232.531,kph
2020,9,Tuscan Grand Prix,2020-09-13,mugello,Autodromo Internazionale del Mugello,russell,RUS,George Russell,williams,Williams,63,18,11,11,0,59,Finished,11,1:21.645,231.269,kph
2020,9,Tuscan Grand Prix,2020-09-13,mugello,Autodromo Internazionale del Mugello,grosjean,GRO,Romain Grosjean,haas,Haas F1 Team,8,15,12,12,0,59,Finished,13,1:22.263,229.532,kph
2020,9,Tuscan Grand Prix,2020-09-13,mugello,Autodromo Internazionale del Mugello,stroll,STR,Lance Stroll,racing_point,Racing Point,18,6,13,R,0,42,Puncture,12,1:22.068,230.077,kph
2020,9,Tuscan Grand Prix,2020-09-13,mugello,Autodromo Internazionale del Mugello,ocon,OCO,Esteban Ocon,renault,Renault,31,10,14,R,0,7,Brakes,15,2:11.793,143.270,kph
2020,9,Tuscan Grand Prix,2020-09-13,mugello,Autodromo Internazionale del Mugello,latifi,LAT,Nicholas Latifi,williams,Williams,6,19,15,R,0,6,Collision,14,2:11.365,143.736,kph
2020,9,Tuscan Grand Prix,2020-09-13,mugello,Autodromo Internazionale del Mugello,kevin_magnussen,MAG,Kevin Magnussen,haas,Haas F1 Team,20,20,16,R,0,5,Collision,17,2:13.812,141.108,kph
2020,9,Tuscan Grand Prix,2020-09-13,mugello,Autodromo Internazionale del Mugello,giovinazzi,GIO,Antonio Giovinazzi,alfa,Alfa Romeo,99,17,17,R,0,5,Collision,16,2:13.809,141.111,kph
2020,9,Tuscan Grand Prix,2020-09-13,mugello,Autodromo Internazionale del Mugello,sainz,SAI,Carlos Sainz,mclaren,McLaren,55,9,18,R,0,5,Collision,18,2:14.103,140.802,kph
2020,9,Tuscan Grand Prix,2020-09-13,mugello,Autodromo Internazionale del Mugello,max_verstappen,VER,Max Verstappen,red_bull,Red Bull,33,3,19,R,0,0,Collision,,,,
2020,9,Tuscan Grand Prix,2020-09-13,mugello,Autodromo Internazionale del Mugello,gasly,GAS,Pierre Gasly,alphatauri,AlphaTauri,10,16,20,R,0,0,Collision,,,,
2020,10,Russian Grand Prix,2020-09-27,sochi,Sochi Autodrom,bottas,BOT,Valtteri Bottas,mercedes,Mercedes,77,3,1,1,26,53,Finished,1,1:37.030,216.972,kph
2020,10,Russian Grand Prix,2020-09-27,sochi,Sochi Autodrom,max_verstappen,VER,Max Verstappen,red_bull,Red Bull,33,2,2,2,18,53,Finished,3,1:37.332,216.298,kph
2020,10,Russian Grand Prix,2020-09-27,sochi,Sochi Autodrom,hamilton,HAM,Lewis Hamilton,mercedes,Mercedes,44,1,3,3,15,53,Finished,7,1:38.075,214.660,kph
2020,10,Russian Grand Prix,2020-09-27,sochi,Sochi Autodrom,perez,PER,Sergio Pérez,racing_point,Racing Point,11,4,4,4,12,53,Finished,8,1:38.141,214.515,kph
2020,10,Russian Grand Prix,2020-09-27,sochi,Sochi Autodrom,ricciardo,RIC,Daniel Ricciardo,renault,Renault,3,5,5,5,10,53,Finished,6,1:37.886,215.074,kph
2020,10,Russian Grand Prix,2020-09-27,sochi,Sochi Autodrom,leclerc,LEC,Charles Leclerc,ferrari,Ferrari,16,10,6,6,8,53,Finished,11,1:39.053,212.540,kph
2020,10,Russian Grand Prix,2020-09-27,sochi,Sochi Autodrom,ocon,OCO,Esteban Ocon,renault,Renault,31,7,7,7,6,53,Finished,13,1:39.216,212.191,kph
2020,10,Russian Grand Prix,2020-09-27,sochi,Sochi Autodrom,kvyat,KVY,Daniil Kvyat,alphatauri,AlphaTauri,26,11,8,8,4,53,Finished,12,1:39.133,212.369,kph
2020,10,Russian Grand Prix,2020-09-27,sochi,Sochi Autodrom,gasly,GAS,Pierre Gasly,alphatauri,AlphaTauri,10,9,9,9,2,53,Finished,2,1:37.231,216.523,kph
2020,10,Russian Grand Prix,2020-09-27,sochi,Sochi Autodrom,albon,ALB,Alexander Albon,red_bull,Red Bull,23,15,10,10,1,53,Finished,9,1:38.377,214.001,kph
2020,10,Russian Grand Prix,2020-09-27,sochi,Sochi Autodrom,giovinazzi,GIO,Antonio Giovinazzi,alfa,Alfa Romeo,99,17,11,11,0,52,+1 Lap,16,1:39.766,211.021,kph
2020,10,Russian Grand Prix,2020-09-27,sochi,Sochi Autodrom,kevin_magnussen,MAG,Kevin Magnussen,haas,Haas F1 Team,20,18,12,12,0,52,+1 Lap,17,1:40.380,209.731,kph
2020,10,Russian Grand Prix,2020-09-27,sochi,Sochi Autodrom,vettel,VET,Sebastian Vettel,ferrari,Ferrari,5,14,13,13,0,52,+1 Lap,14,1:39.588,211.398,kph
2020,10,Russian Grand Prix,2020-09-27,sochi,Sochi Autodrom,raikkonen,RAI,Kimi Räikkönen,alfa,Alfa Romeo,7,19,14,14,0,52,+1 Lap,10,1:38.858,212.960,kph
2020,10,Russian Grand Prix,2020-09-27,sochi,Sochi Autodrom,norris,NOR,Lando Norris,mclaren,McLaren,4,8,15,15,0,52,+1 Lap,5,1:37.377,216.198,kph
2020,10,Russian Grand Prix,2020-09-27,sochi,Sochi Autodrom,latifi,LAT,Nicholas Latifi,williams,Williams,6,20,16,16,0,52,+1 Lap,18,1:41.044,208.352,kph
2020,10,Russian Grand Prix,2020-09-27,sochi,Sochi Autodrom,grosjean,GRO,Romain Grosjean,haas,Haas F1 Team,8,16,17,17,0,52,+1 Lap,15,1:39.614,211.343,kph
2020,10,Russian Grand Prix,2020-09-27,sochi,Sochi Autodrom,russell,RUS,George Russell,williams,Williams,63,13,18,18,0,52,+1 Lap,4,1:37.352,216.254,kph
2020,10,Russian Grand Prix,2020-09-27,sochi,Sochi Autodrom,sainz,SAI,Carlos Sainz,mclaren,McLaren,55,6,19,R,0,0,Accident,,,,
2020,10,Russian Grand Prix,2020-09-27,sochi,Sochi Autodrom,stroll,STR,Lance Stroll,racing_point,Racing Point,18,12,20,R,0,0,Collision,,,,
2020,11,Eifel Grand Prix,2020-10-11,nurburgring,Nürburgring,hamilton,HAM,Lewis Hamilton,mercedes,Mercedes,44,2,1,1,25,60,Finished,2,1:28.145,210.253,kph
2020,11,Eifel Grand Prix,2020-10-11,nurburgring,Nürburgring,max_verstappen,VER,Max Verstappen,red_bull,Red Bull,33,3,2,2,19,60,Finished,1,1:28.139,210.267,kph
2020,11,Eifel Grand Prix,2020-10-11,nurburgring,Nürburgring,ricciardo,RIC,Daniel Ricciardo,renault,Renault,3,6,3,3,15,60,Finished,3,1:29.584,206.876,kph
2020,11,Eifel Grand Prix,2020-10-11,nurburgring,Nürburgring,perez,PER,Sergio Pérez,racing_point,Racing Point,11,9,4,4,12,60,Finished,4,1:29.700,206.608,kph
2020,11,Eifel Grand Prix,2020-10-11,nurburgring,Nürburgring,sainz,SAI,Carlos Sainz,mclaren,McLaren,55,10,5,5,10,60,Finished,6,1:30.129,205.625,kph
2020,11,Eifel Grand Prix,2020-10-11,nurburgring,Nürburgring,gasly,GAS,Pierre Gasly,alphatauri,AlphaTauri,10,12,6,6,8,60,Finished,5,1:30.110,205.668,kph
2020,11,Eifel Grand Prix,2020-10-11,nurburgring,Nürburgring,leclerc,LEC,Charles Leclerc,ferrari,Ferrari,16,4,7,7,6,60,Finished,10,1:30.712,204.303,kph
2020,11,Eifel Grand Prix,2020-10-11,nurburgring,Nürburgring,hulkenberg,HUL,Nico Hülkenberg,racing_point,Racing Point,27,20,8,8,4,60,Finished,11,1:30.733,204.256,kph
2020,11,Eifel Grand Prix,2020-10-11,nurburgring,Nürburgring,grosjean,GRO,Romain Grosjean,haas,Haas F1 Team,8,16,9,9,2,60,Finished,14,1:31.562,202.407,kph
2020,11,Eifel Grand Prix,2020-10-11,nurburgring,Nürburgring,giovinazzi,GIO,Antonio Giovinazzi,alfa,Alfa Romeo,99,14,10,10,1,60,Finished,12,1:30.909,203.861,kph
2020,11,Eifel Grand Prix,2020-10-11,nurburgring,Nürburgring,vettel,VET,Sebastian Vettel,ferrari,Ferrari,5,11,11,11,0,60,Finished,7,1:30.408,204.990,kph
2020,11,Eifel Grand Prix,2020-10-11,nurburgring,Nürburgring,raikkonen,RAI,Kimi Räikkönen,alfa,Alfa Romeo,7,19,12,12,0,60,Finished,9,1:30.512,204.755,kph
2020,11,Eifel Grand Prix,2020-10-11,nurburgring,Nürburgring,kevin_magnussen,MAG,Kevin Magnussen,haas,Haas F1 Team,20,15,13,13,0,60,Finished,8,1:30.456,204.881,kph
2020,11,Eifel Grand Prix,2020-10-11,nurburgring,Nürburgring,latifi,LAT,Nicholas Latifi,williams,Williams,6,18,14,14,0,60,Finished,13,1:31.377,202.816,kph
2020,11,Eifel Grand Prix,2020-10-11,nurburgring,Nürburgring,kvyat,KVY,Daniil Kvyat,alphatauri,AlphaTauri,26,13,15,15,0,60,Finished,16,1:32.214,200.975,kph
2020,11,Eifel Grand Prix,2020-10-11,nurburgring,Nürburgring,norris,NOR,Lando Norris,mclaren,McLaren,4,8,16,R,0,42,Power Unit,17,1:32.328,200.727,kph
2020,11,Eifel Grand Prix,2020-10-11,nurburgring,Nürburgring,albon,ALB,Alexander Albon,red_bull,Red Bull,23,5,17,R,0,23,Radiator,18,1:32.330,200.723,kph
2020,11,Eifel Grand Prix,2020-10-11,nurburgring,Nürburgring,ocon,OCO,Esteban Ocon,renault,Renault,31,7,18,R,0,22,Gearbox,19,1:33.189,198.873,kph
2020,11,Eifel Grand Prix,2020-10-11,nurburgring,Nürburgring,bottas,BOT,Valtteri Bottas,mercedes,Mercedes,77,1,19,R,0,18,Power Unit,15,1:31.884,201.697,kph
2020,11,Eifel Grand Prix,2020-10-11,nurburgring,Nürburgring,russell,RUS,George Russell,williams,Williams,63,17,20,R,0,12,Collision,20,1:34.526,196.060,kph
2020,12,Portuguese Grand Prix,2020-10-25,portimao,Autódromo Internacional do Algarve,hamilton,HAM,Lewis Hamilton,mercedes,Mercedes,44,1,1,1,26,66,Finished,1,1:18.750,212.708,kph
2020,12,Portuguese Grand Prix,2020-10-25,portimao,Autódromo Internacional do Algarve,bottas,BOT,Valtteri Bottas,mercedes,Mercedes,77,2,2,2,18,66,Finished,2,1:19.345,211.113,kph
2020,12,Portuguese Grand Prix,2020-10-25,portimao,Autódromo Internacional do Algarve,max_verstappen,VER,Max Verstappen,red_bull,Red Bull,33,3,3,3,15,66,Finished,4,1:19.854,209.767,kph
2020,12,Portuguese Grand Prix,2020-10-25,portimao,Autódromo Internacional do Algarve,leclerc,LEC,Charles Leclerc,ferrari,Ferrari,16,4,4,4,12,66,Finished,7,1:20.408,208.322,kph
2020,12,Portuguese Grand Prix,2020-10-25,portimao,Autódromo Internacional do Algarve,gasly,GAS,Pierre Gasly,alphatauri,AlphaTauri,10,9,5,5,10,65,+1 Lap,9,1:20.551,207.952,kph
2020,12,Portuguese Grand Prix,2020-10-25,portimao,Autódromo Internacional do Algarve,sainz,SAI,Carlos Sainz,mclaren,McLaren,55,7,6,6,8,65,+1 Lap,6,1:20.268,208.685,kph
2020,12,Portuguese Grand Prix,2020-10-25,portimao,Autódromo Internacional do Algarve,perez,PER,Sergio Pérez,racing_point,Racing Point,11,5,7,7,6,65,+1 Lap,11,1:20.802,207.306,kph
2020,12,Portuguese Grand Prix,2020-10-25,portimao,Autódromo Internacional do Algarve,ocon,OCO,Esteban Ocon,renault,Renault,31,11,8,8,4,65,+1 Lap,12,1:20.859,207.160,kph
2020,12,Portuguese Grand Prix,2020-10-25,portimao,Autódromo Internacional do Algarve,ricciardo,RIC,Daniel Ricciardo,renault,Renault,3,10,9,9,2,65,+1 Lap,14,1:20.906,207.040,kph
2020,12,Portuguese Grand Prix,2020-10-25,portimao,Autódromo Internacional do Algarve,vettel,VET,Sebastian Vettel,ferrari,Ferrari,5,15,10,10,1,65,+1 Lap,10,1:20.731,207.489,kph
2020,12,Portuguese Grand Prix,2020-10-25,portimao,Autódromo Internacional do Algarve,raikkonen,RAI,Kimi Räikkönen,alfa,Alfa Romeo,7,16,11,11,0,65,+1 Lap,15,1:21.058,206.652,kph
2020,12,Portuguese Grand Prix,2020-10-25,portimao,Autódromo Internacional do Algarve,albon,ALB,Alexander Albon,red_bull,Red Bull,23,6,12,12,0,65,+1 Lap,5,1:19.890,209.673,kph
2020,12,Portuguese Grand Prix,2020-10-25,portimao,Autódromo Internacional do Algarve,norris,NOR,Lando Norris,mclaren,McLaren,4,8,13,13,0,65,+1 Lap,3,1:19.360,211.073,kph
2020,12,Portuguese Grand Prix,2020-10-25,portimao,Autódromo Internacional do Algarve,russell,RUS,George Russell,williams,Williams,63,14,14,14,0,65,+1 Lap,13,1:20.882,207.101,kph
2020,12,Portuguese Grand Prix,2020-10-25,portimao,Autódromo Internacional do Algarve,giovinazzi,GIO,Antonio Giovinazzi,alfa,Alfa Romeo,99,17,15,15,0,65,+1 Lap,20,1:21.893,204.544,kph
2020,12,Portuguese Grand Prix,2020-10-25,portimao,Autódromo Internacional do Algarve,kevin_magnussen,MAG,Kevin Magnussen,haas,Haas F1 Team,20,19,16,16,0,65,+1 Lap,16,1:21.460,205.632,kph
2020,12,Portuguese Grand Prix,2020-10-25,portimao,Autódromo Internacional do Algarve,grosjean,GRO,Romain Grosjean,haas,Haas F1 Team,8,18,17,17,0,65,+1 Lap,17,1:21.664,205.118,kph
2020,12,Portuguese Grand Prix,2020-10-25,portimao,Autódromo Internacional do Algarve,latifi,LAT,Nicholas Latifi,williams,Williams,6,20,18,18,0,64,+2 Laps,19,1:21.859,204.629,kph
2020,12,Portuguese Grand Prix,2020-10-25,portimao,Autódromo Internacional do Algarve,kvyat,KVY,Daniil Kvyat,alphatauri,AlphaTauri,26,13,19,19,0,64,+2 Laps,8,1:20.449,208.216,kph
2020,12,Portuguese Grand Prix,2020-10-25,portimao,Autódromo Internacional do Algarve,stroll,STR,Lance Stroll,racing_point,Racing Point,18,12,20,R,0,51,Collision damage,18,1:21.694,205.043,kph
2020,13,Emilia Romagna Grand Prix,2020-11-01,imola,Autodromo Enzo e Dino Ferrari,hamilton,HAM,Lewis Hamilton,mercedes,Mercedes,44,2,1,1,26,63,Finished,1,1:15.484,234.121,kph
2020,13,Emilia Romagna Grand Prix,2020-11-01,imola,Autodromo Enzo e Dino Ferrari,bottas,BOT,Valtteri Bottas,mercedes,Mercedes,77,1,2,2,18,63,Finished,2,1:15.902,232.831,kph
2020,13,Emilia Romagna Grand Prix,2020-11-01,imola,Autodromo Enzo e Dino Ferrari,ricciardo,RIC,Daniel Ricciardo,renault,Renault,3,5,3,3,15,63,Finished,4,1:17.552,227.878,kph
2020,13,Emilia Romagna Grand Prix,2020-11-01,imola,Autodromo Enzo e Dino Ferrari,kvyat,KVY,Daniil Kvyat,alphatauri,AlphaTauri,26,8,4,4,12,63,Finished,6,1:17.666,227.543,kph
2020,13,Emilia Romagna Grand Prix,2020-11-01,imola,Autodromo Enzo e Dino Ferrari,leclerc,LEC,Charles Leclerc,ferrari,Ferrari,16,7,5,5,10,63,Finished,12,1:18.173,226.067,kph
2020,13,Emilia Romagna Grand Prix,2020-11-01,imola,Autodromo Enzo e Dino Ferrari,perez,PER,Sergio Pérez,racing_point,Racing Point,11,11,6,6,8,63,Finished,9,1:18.084,226.325,kph
2020,13,Emilia Romagna Grand Prix,2020-11-01,imola,Autodromo Enzo e Dino Ferrari,sainz,SAI,Carlos Sainz,mclaren,McLaren,55,10,7,7,6,63,Finished,11,1:18.118,226.226,kph
2020,13,Emilia Romagna Grand Prix,2020-11-01,imola,Autodromo Enzo e Dino Ferrari,norris,NOR,Lando Norris,mclaren,McLaren,4,9,8,8,4,63,Finished,8,1:18.069,226.368,kph
2020,13,Emilia Romagna Grand Prix,2020-11-01,imola,Autodromo Enzo e Dino Ferrari,raikkonen,RAI,Kimi Räikkönen,alfa,Alfa Romeo,7,18,9,9,2,63,Finished,10,1:18.088,226.313,kph
2020,13,Emilia Romagna Grand Prix,2020-11-01,imola,Autodromo Enzo e Dino Ferrari,giovinazzi,GIO,Antonio Giovinazzi,alfa,Alfa Romeo,99,20,10,10,1,63,Finished,15,1:18.794,224.286,kph
2020,13,Emilia Romagna Grand Prix,2020-11-01,imola,Autodromo Enzo e Dino Ferrari,latifi,LAT,Nicholas Latifi,williams,Williams,6,19,11,11,0,63,Finished,14,1:18.719,224.499,kph
2020,13,Emilia Romagna Grand Prix,2020-11-01,imola,Autodromo Enzo e Dino Ferrari,vettel,VET,Sebastian Vettel,ferrari,Ferrari,5,14,12,12,0,63,Finished,7,1:17.767,227.248,kph
2020,13,Emilia Romagna Grand Prix,2020-11-01,imola,Autodromo Enzo e Dino Ferrari,stroll,STR,Lance Stroll,racing_point,Racing Point,18,15,13,13,0,63,Finished,13,1:18.360,225.528,kph
2020,13,Emilia Romagna Grand Prix,2020-11-01,imola,Autodromo Enzo e Dino Ferrari,grosjean,GRO,Romain Grosjean,haas,Haas F1 Team,8,16,14,14,0,63,Finished,17,1:18.822,224.206,kph
2020,13,Emilia Romagna Grand Prix,2020-11-01,imola,Autodromo Enzo e Dino Ferrari,albon,ALB,Alexander Albon,red_bull,Red Bull,23,6,15,15,0,63,Finished,3,1:16.177,231.991,kph
2020,13,Emilia Romagna Grand Prix,2020-11-01,imola,Autodromo Enzo e Dino Ferrari,russell,RUS,George Russell,williams,Williams,63,13,16,R,0,51,Accident,16,1:18.811,224.237,kph
2020,13,Emilia Romagna Grand Prix,2020-11-01,imola,Autodromo Enzo e Dino Ferrari,max_verstappen,VER,Max Verstappen,red_bull,Red Bull,33,3,17,R,0,50,Puncture,5,1:17.637,227.628,kph
2020,13,Emilia Romagna Grand Prix,2020-11-01,imola,Autodromo Enzo e Dino Ferrari,kevin_magnussen,MAG,Kevin Magnussen,haas,Haas F1 Team,20,17,18,R,0,47,Illness,18,1:19.273,222.930,kph
2020,13,Emilia Romagna Grand Prix,2020-11-01,imola,Autodromo Enzo e Dino Ferrari,ocon,OCO,Esteban Ocon,renault,Renault,31,12,19,R,0,27,Gearbox,19,1:19.606,221.998,kph
2020,13,Emilia Romagna Grand Prix,2020-11-01,imola,Autodromo Enzo e Dino Ferrari,gasly,GAS,Pierre Gasly,alphatauri,AlphaTauri,10,4,20,R,0,8,Water pressure,20,1:20.403,219.797,kph
2020,14,Turkish Grand Prix,2020-11-15,istanbul,Istanbul Park,hamilton,HAM,Lewis Hamilton,mercedes,Mercedes,44,6,1,1,25,58,Finished,6,1:39.413,193.302,kph
2020,14,Turkish Grand Prix,2020-11-15,istanbul,Istanbul Park,perez,PER,Sergio Pérez,racing_point,Racing Point,11,3,2,2,18,58,Finished,12,1:40.392,191.417,kph
2020,14,Turkish Grand Prix,2020-11-15,istanbul,Istanbul Park,vettel,VET,Sebastian Vettel,ferrari,Ferrari,5,11,3,3,15,58,Finished,8,1:39.662,192.819,kph
2020,14,Turkish Grand Prix,2020-11-15,istanbul,Istanbul Park,leclerc,LEC,Charles Leclerc,ferrari,Ferrari,16,12,4,4,12,58,Finished,11,1:39.961,192.242,kph
2020,14,Turkish Grand Prix,2020-11-15,istanbul,Istanbul Park,sainz,SAI,Carlos Sainz,mclaren,McLaren,55,15,5,5,10,58,Finished,4,1:38.754,194.592,kph
2020,14,Turkish Grand Prix,2020-11-15,istanbul,Istanbul Park,max_verstappen,VER,Max Verstappen,red_bull,Red Bull,33,2,6,6,8,58,Finished,3,1:38.431,195.231,kph
2020,14,Turkish Grand Prix,2020-11-15,istanbul,Istanbul Park,albon,ALB,Alexander Albon,red_bull,Red Bull,23,4,7,7,6,58,Finished,5,1:39.099,193.915,kph
2020,14,Turkish Grand Prix,2020-11-15,istanbul,Istanbul Park,norris,NOR,Lando Norris,mclaren,McLaren,4,14,8,8,5,58,Finished,1,1:36.806,198.508,kph
2020,14,Turkish Grand Prix,2020-11-15,istanbul,Istanbul Park,stroll,STR,Lance Stroll,racing_point,Racing Point,18,1,9,9,2,58,Finished,10,1:39.921,192.319,kph
2020,14,Turkish Grand Prix,2020-11-15,istanbul,Istanbul Park,ricciardo,RIC,Daniel Ricciardo,renault,Renault,3,5,10,10,1,58,Finished,13,1:40.677,190.875,kph
2020,14,Turkish Grand Prix,2020-11-15,istanbul,Istanbul Park,ocon,OCO,Esteban Ocon,renault,Renault,31,7,11,11,0,57,+1 Lap,16,1:41.006,190.254,kph
2020,14,Turkish Grand Prix,2020-11-15,istanbul,Istanbul Park,kvyat,KVY,Daniil Kvyat,alphatauri,AlphaTauri,26,16,12,12,0,57,+1 Lap,17,1:41.019,190.229,kph
2020,14,Turkish Grand Prix,2020-11-15,istanbul,Istanbul Park,gasly,GAS,Pierre Gasly,alphatauri,AlphaTauri,10,19,13,13,0,57,+1 Lap,7,1:39.586,192.966,kph
2020,14,Turkish Grand Prix,2020-11-15,istanbul,Istanbul Park,bottas,BOT,Valtteri Bottas,mercedes,Mercedes,77,9,14,14,0,57,+1 Lap,2,1:38.193,195.704,kph
2020,14,Turkish Grand Prix,2020-11-15,istanbul,Istanbul Park,raikkonen,RAI,Kimi Räikkönen,alfa,Alfa Romeo,7,8,15,15,0,57,+1 Lap,9,1:39.743,192.663,kph
2020,14,Turkish Grand Prix,2020-11-15,istanbul,Istanbul Park,russell,RUS,George Russell,williams,Williams,63,0,16,16,0,57,+1 Lap,14,1:40.814,190.616,kph
2020,14,Turkish Grand Prix,2020-11-15,istanbul,Istanbul Park,kevin_magnussen,MAG,Kevin Magnussen,haas,Haas F1 Team,20,13,17,17,0,55,Withdrew,15,1:40.948,190.363,kph
2020,14,Turkish Grand Prix,2020-11-15,istanbul,Istanbul Park,grosjean,GRO,Romain Grosjean,haas,Haas F1 Team,8,17,18,R,0,49,Collision damage,18,1:43.281,186.063,kph
2020,14,Turkish Grand Prix,2020-11-15,istanbul,Istanbul Park,latifi,LAT,Nicholas Latifi,williams,Williams,6,0,19,R,0,39,Collision damage,19,1:43.495,185.678,kph
2020,14,Turkish Grand Prix,2020-11-15,istanbul,Istanbul Park,giovinazzi,GIO,Antonio Giovinazzi,alfa,Alfa Romeo,99,10,20,R,0,11,Gearbox,20,1:51.122,172.934,kph
2020,15,Bahrain Grand Prix,2020-11-29,bahrain,Bahrain International Circuit,hamilton,HAM,Lewis Hamilton,mercedes,Mercedes,44,1,1,1,25,57,Finished,3,1:32.864,209.803,kph
2020,15,Bahrain Grand Prix,2020-11-29,bahrain,Bahrain International Circuit,max_verstappen,VER,Max Verstappen,red_bull,Red Bull,33,3,2,2,19,57,Finished,1,1:32.014,211.741,kph
2020,15,Bahrain Grand Prix,2020-11-29,bahrain,Bahrain International Circuit,albon,ALB,Alexander Albon,red_bull,Red Bull,23,4,3,3,15,57,Finished,10,1:33.684,207.967,kph
2020,15,Bahrain Grand Prix,2020-11-29,bahrain,Bahrain International Circuit,norris,NOR,Lando Norris,mclaren,McLaren,4,9,4,4,12,57,Finished,7,1:33.588,208.180,kph
2020,15,Bahrain Grand Prix,2020-11-29,bahrain,Bahrain International Circuit,sainz,SAI,Carlos Sainz,mclaren,McLaren,55,15,5,5,10,57,Finished,5,1:33.411,208.575,kph
2020,15,Bahrain Grand Prix,2020-11-29,bahrain,Bahrain International Circuit,gasly,GAS,Pierre Gasly,alphatauri,AlphaTauri,10,8,6,6,8,57,Finished,16,1:34.817,205.482,kph
2020,15,Bahrain Grand Prix,2020-11-29,bahrain,Bahrain International Circuit,ricciardo,RIC,Daniel Ricciardo,renault,Renault,3,6,7,7,6,57,Finished,2,1:32.827,209.887,kph
2020,15,Bahrain Grand Prix,2020-11-29,bahrain,Bahrain International Circuit,bottas,BOT,Valtteri Bottas,mercedes,Mercedes,77,2,8,8,4,57,Finished,4,1:33.352,208.706,kph
2020,15,Bahrain Grand Prix,2020-11-29,bahrain,Bahrain International Circuit,ocon,OCO,Esteban Ocon,renault,Renault,31,7,9,9,2,57,Finished,13,1:34.354,206.490,kph
2020,15,Bahrain Grand Prix,2020-11-29,bahrain,Bahrain International Circuit,leclerc,LEC,Charles Leclerc,ferrari,Ferrari,16,12,10,10,1,56,+1 Lap,8,1:33.625,208.098,kph
2020,15,Bahrain Grand Prix,2020-11-29,bahrain,Bahrain International Circuit,kvyat,KVY,Daniil Kvyat,alphatauri,AlphaTauri,26,10,11,11,0,56,+1 Lap,12,1:34.141,206.957,kph
2020,15,Bahrain Grand Prix,2020-11-29,bahrain,Bahrain International Circuit,russell,RUS,George Russell,williams,Williams,63,14,12,12,0,56,+1 Lap,17,1:35.042,204.995,kph
2020,15,Bahrain Grand Prix,2020-11-29,bahrain,Bahrain International Circuit,vettel,VET,Sebastian Vettel,ferrari,Ferrari,5,11,13,13,0,56,+1 Lap,11,1:33.861,207.575,kph
2020,15,Bahrain Grand Prix,2020-11-29,bahrain,Bahrain International Circuit,latifi,LAT,Nicholas Latifi,williams,Williams,6,20,14,14,0,56,+1 Lap,15,1:34.591,205.973,kph
2020,15,Bahrain Grand Prix,2020-11-29,bahrain,Bahrain International Circuit,raikkonen,RAI,Kimi Räikkönen,alfa,Alfa Romeo,7,17,15,15,0,56,+1 Lap,6,1:33.573,208.213,kph
2020,15,Bahrain Grand Prix,2020-11-29,bahrain,Bahrain International Circuit,giovinazzi,GIO,Antonio Giovinazzi,alfa,Alfa Romeo,99,16,16,16,0,56,+1 Lap,14,1:34.536,206.092,kph
2020,15,Bahrain Grand Prix,2020-11-29,bahrain,Bahrain International Circuit,kevin_magnussen,MAG,Kevin Magnussen,haas,Haas F1 Team,20,18,17,17,0,56,+1 Lap,18,1:35.241,204.567,kph
2020,15,Bahrain Grand Prix,2020-11-29,bahrain,Bahrain International Circuit,perez,PER,Sergio Pérez,racing_point,Racing Point,11,5,18,18,0,53,Engine,9,1:33.629,208.089,kph
2020,15,Bahrain Grand Prix,2020-11-29,bahrain,Bahrain International Circuit,stroll,STR,Lance Stroll,racing_point,Racing Point,18,13,19,R,0,2,Collision,,,,
2020,15,Bahrain Grand Prix,2020-11-29,bahrain,Bahrain International Circuit,grosjean,GRO,Romain Grosjean,haas,Haas F1 Team,8,19,20,R,0,0,Collision,,,,
2020,16,Sakhir Grand Prix,2020-12-06,bahrain,Bahrain International Circuit,perez,PER,Sergio Pérez,racing_point,Racing Point,11,5,1,1,25,87,Finished,3,56.789,224.599,kph
2020,16,Sakhir Grand Prix,2020-12-06,bahrain,Bahrain International Circuit,ocon,OCO,Esteban Ocon,renault,Renault,31,11,2,2,18,87,Finished,12,57.350,222.402,kph
2020,16,Sakhir Grand Prix,2020-12-06,bahrain,Bahrain International Circuit,stroll,STR,Lance Stroll,racing_point,Racing Point,18,10,3,3,15,87,Finished,14,57.388,222.255,kph
2020,16,Sakhir Grand Prix,2020-12-06,bahrain,Bahrain International Circuit,sainz,SAI,Carlos Sainz,mclaren,McLaren,55,8,4,4,12,87,Finished,9,57.165,223.122,kph
2020,16,Sakhir Grand Prix,2020-12-06,bahrain,Bahrain International Circuit,ricciardo,RIC,Daniel Ricciardo,renault,Renault,3,7,5,5,10,87,Finished,6,56.979,223.850,kph
2020,16,Sakhir Grand Prix,2020-12-06,bahrain,Bahrain International Circuit,albon,ALB,Alexander Albon,red_bull,Red Bull,23,12,6,6,8,87,Finished,8,57.056,223.548,kph
2020,16,Sakhir Grand Prix,2020-12-06,bahrain,Bahrain International Circuit,kvyat,KVY,Daniil Kvyat,alphatauri,AlphaTauri,26,6,7,7,6,87,Finished,7,57.001,223.764,kph
2020,16,Sakhir Grand Prix,2020-12-06,bahrain,Bahrain International Circuit,bottas,BOT,Valtteri Bottas,mercedes,Mercedes,77,1,8,8,4,87,Finished,2,56.563,225.497,kph
2020,16,Sakhir Grand Prix,2020-12-06,bahrain,Bahrain International Circuit,russell,RUS,George Russell,mercedes,Mercedes,63,2,9,9,3,87,Finished,1,55.404,230.214,kph
2020,16,Sakhir Grand Prix,2020-12-06,bahrain,Bahrain International Circuit,norris,NOR,Lando Norris,mclaren,McLaren,4,19,10,10,1,87,Finished,11,57.270,222.713,kph
2020,16,Sakhir Grand Prix,2020-12-06,bahrain,Bahrain International Circuit,gasly,GAS,Pierre Gasly,alphatauri,AlphaTauri,10,9,11,11,0,87,Finished,10,57.220,222.908,kph
2020,16,Sakhir Grand Prix,2020-12-06,bahrain,Bahrain International Circuit,vettel,VET,Sebastian Vettel,ferrari,Ferrari,5,13,12,12,0,87,Finished,5,56.905,224.141,kph
2020,16,Sakhir Grand Prix,2020-12-06,bahrain,Bahrain International Circuit,giovinazzi,GIO,Antonio Giovinazzi,alfa,Alfa Romeo,99,14,13,13,0,87,Finished,4,56.887,224.212,kph
2020,16,Sakhir Grand Prix,2020-12-06,bahrain,Bahrain International Circuit,raikkonen,RAI,Kimi Räikkönen,alfa,Alfa Romeo,7,18,14,14,0,87,Finished,13,57.375,222.305,kph
2020,16,Sakhir Grand Prix,2020-12-06,bahrain,Bahrain International Circuit,kevin_magnussen,MAG,Kevin Magnussen,haas,Haas F1 Team,20,15,15,15,0,87,Finished,16,57.516,221.760,kph
2020,16,Sakhir Grand Prix,2020-12-06,bahrain,Bahrain International Circuit,aitken,AIT,Jack Aitken,williams,Williams,89,17,16,16,0,87,Finished,15,57.392,222.240,kph
2020,16,Sakhir Grand Prix,2020-12-06,bahrain,Bahrain International Circuit,pietro_fittipaldi,FIT,Pietro Fittipaldi,haas,Haas F1 Team,51,20,17,17,0,87,Finished,17,57.742,220.892,kph
2020,16,Sakhir Grand Prix,2020-12-06,bahrain,Bahrain International Circuit,latifi,LAT,Nicholas Latifi,williams,Williams,6,16,18,R,0,52,Engine,18,58.206,219.132,kph
2020,16,Sakhir Grand Prix,2020-12-06,bahrain,Bahrain International Circuit,max_verstappen,VER,Max Verstappen,red_bull,Red Bull,33,3,19,R,0,0,Accident,,,,
2020,16,Sakhir Grand Prix,2020-12-06,bahrain,Bahrain International Circuit,leclerc,LEC,Charles Leclerc,ferrari,Ferrari,16,4,20,R,0,0,Collision,,,,
2020,17,Abu Dhabi Grand Prix,2020-12-13,yas_marina,Yas Marina Circuit,max_verstappen,VER,Max Verstappen,red_bull,Red Bull,33,1,1,1,25,55,Finished,2,1:40.958,198.046,kph
2020,17,Abu Dhabi Grand Prix,2020-12-13,yas_marina,Yas Marina Circuit,bottas,BOT,Valtteri Bottas,mercedes,Mercedes,77,2,2,2,18,55,Finished,3,1:41.131,197.707,kph
2020,17,Abu Dhabi Grand Prix,2020-12-13,yas_marina,Yas Marina Circuit,hamilton,HAM,Lewis Hamilton,mercedes,Mercedes,44,3,3,3,15,55,Finished,5,1:41.420,197.144,kph
2020,17,Abu Dhabi Grand Prix,2020-12-13,yas_marina,Yas Marina Circuit,albon,ALB,Alexander Albon,red_bull,Red Bull,23,5,4,4,12,55,Finished,4,1:41.227,197.520,kph
2020,17,Abu Dhabi Grand Prix,2020-12-13,yas_marina,Yas Marina Circuit,norris,NOR,Lando Norris,mclaren,McLaren,4,4,5,5,10,55,Finished,12,1:41.964,196.092,kph
2020,17,Abu Dhabi Grand Prix,2020-12-13,yas_marina,Yas Marina Circuit,sainz,SAI,Carlos Sainz,mclaren,McLaren,55,6,6,6,8,55,Finished,11,1:41.947,196.125,kph
2020,17,Abu Dhabi Grand Prix,2020-12-13,yas_marina,Yas Marina Circuit,ricciardo,RIC,Daniel Ricciardo,renault,Renault,3,11,7,7,7,55,Finished,1,1:40.926,198.109,kph
2020,17,Abu Dhabi Grand Prix,2020-12-13,yas_marina,Yas Marina Circuit,gasly,GAS,Pierre Gasly,alphatauri,AlphaTauri,10,9,8,8,4,55,Finished,15,1:42.474,195.116,kph
2020,17,Abu Dhabi Grand Prix,2020-12-13,yas_marina,Yas Marina Circuit,ocon,OCO,Esteban Ocon,renault,Renault,31,10,9,9,2,55,Finished,18,1:42.894,194.320,kph
2020,17,Abu Dhabi Grand Prix,2020-12-13,yas_marina,Yas Marina Circuit,stroll,STR,Lance Stroll,racing_point,Racing Point,18,8,10,10,1,55,Finished,9,1:41.866,196.281,kph
2020,17,Abu Dhabi Grand Prix,2020-12-13,yas_marina,Yas Marina Circuit,kvyat,KVY,Daniil Kvyat,alphatauri,AlphaTauri,26,7,11,11,0,54,+1 Lap,17,1:42.704,194.679,kph
2020,17,Abu Dhabi Grand Prix,2020-12-13,yas_marina,Yas Marina Circuit,raikkonen,RAI,Kimi Räikkönen,alfa,Alfa Romeo,7,15,12,12,0,54,+1 Lap,14,1:42.148,195.739,kph
2020,17,Abu Dhabi Grand Prix,2020-12-13,yas_marina,Yas Marina Circuit,leclerc,LEC,Charles Leclerc,ferrari,Ferrari,16,12,13,13,0,54,+1 Lap,10,1:41.908,196.200,kph
2020,17,Abu Dhabi Grand Prix,2020-12-13,yas_marina,Yas Marina Circuit,vettel,VET,Sebastian Vettel,ferrari,Ferrari,5,13,14,14,0,54,+1 Lap,6,1:41.475,197.037,kph
2020,17,Abu Dhabi Grand Prix,2020-12-13,yas_marina,Yas Marina Circuit,russell,RUS,George Russell,williams,Williams,63,16,15,15,0,54,+1 Lap,20,1:43.328,193.504,kph
2020,17,Abu Dhabi Grand Prix,2020-12-13,yas_marina,Yas Marina Circuit,giovinazzi,GIO,Antonio Giovinazzi,alfa,Alfa Romeo,99,14,16,16,0,54,+1 Lap,7,1:41.675,196.650,kph
2020,17,Abu Dhabi Grand Prix,2020-12-13,yas_marina,Yas Marina Circuit,latifi,LAT,Nicholas Latifi,williams,Williams,6,18,17,17,0,54,+1 Lap,16,1:42.497,195.073,kph
2020,17,Abu Dhabi Grand Prix,2020-12-13,yas_marina,Yas Marina Circuit,kevin_magnussen,MAG,Kevin Magnussen,haas,Haas F1 Team,20,20,18,18,0,54,+1 Lap,13,1:41.999,196.025,kph
2020,17,Abu Dhabi Grand Prix,2020-12-13,yas_marina,Yas Marina Circuit,pietro_fittipaldi,FIT,Pietro Fittipaldi,haas,Haas F1 Team,51,17,19,19,0,53,+2 Laps,8,1:41.707,196.588,kph
2020,17,Abu Dhabi Grand Prix,2020-12-13,yas_marina,Yas Marina Circuit,perez,PER,Sergio Pérez,racing_point,Racing Point,11,19,20,R,0,8,Transmission,19,1:43.263,193.625,kph
2021,1,Bahrain Grand Prix,2021-03-28,bahrain,Bahrain International Circuit,hamilton,HAM,Lewis Hamilton,mercedes,Mercedes,44,2,1,1,25,56,Finished,4,1:34.015,207.235,kph
2021,1,Bahrain Grand Prix,2021-03-28,bahrain,Bahrain International Circuit,max_verstappen,VER,Max Verstappen,red_bull,Red Bull,33,1,2,2,18,56,Finished,2,1:33.228,208.984,kph
2021,1,Bahrain Grand Prix,2021-03-28,bahrain,Bahrain International Circuit,bottas,BOT,Valtteri Bottas,mercedes,Mercedes,77,3,3,3,16,56,Finished,1,1:32.090,211.566,kph
2021,1,Bahrain Grand Prix,2021-03-28,bahrain,Bahrain International Circuit,norris,NOR,Lando Norris,mclaren,McLaren,4,7,4,4,12,56,Finished,6,1:34.396,206.398,kph
2021,1,Bahrain Grand Prix,2021-03-28,bahrain,Bahrain International Circuit,perez,PER,Sergio Pérez,red_bull,Red Bull,11,0,5,5,10,56,Finished,3,1:33.970,207.334,kph
2021,1,Bahrain Grand Prix,2021-03-28,bahrain,Bahrain International Circuit,leclerc,LEC,Charles Leclerc,ferrari,Ferrari,16,4,6,6,8,56,Finished,11,1:34.988,205.112,kph
2021,1,Bahrain Grand Prix,2021-03-28,bahrain,Bahrain International Circuit,ricciardo,RIC,Daniel Ricciardo,mclaren,McLaren,3,6,7,7,6,56,Finished,10,1:34.932,205.233,kph
2021,1,Bahrain Grand Prix,2021-03-28,bahrain,Bahrain International Circuit,sainz,SAI,Carlos Sainz,ferrari,Ferrari,55,8,8,8,4,56,Finished,7,1:34.509,206.151,kph
2021,1,Bahrain Grand Prix,2021-03-28,bahrain,Bahrain International Circuit,tsunoda,TSU,Yuki Tsunoda,alphatauri,AlphaTauri,22,13,9,9,2,56,Finished,8,1:34.761,205.603,kph
2021,1,Bahrain Grand Prix,2021-03-28,bahrain,Bahrain International Circuit,stroll,STR,Lance Stroll,aston_martin,Aston Martin,18,10,10,10,1,56,Finished,9,1:34.865,205.378,kph
2021,1,Bahrain Grand Prix,2021-03-28,bahrain,Bahrain International Circuit,raikkonen,RAI,Kimi Räikkönen,alfa,Alfa Romeo,7,14,11,11,0,56,Finished,14,1:35.192,204.672,kph
2021,1,Bahrain Grand Prix,2021-03-28,bahrain,Bahrain International Circuit,giovinazzi,GIO,Antonio Giovinazzi,alfa,Alfa Romeo,99,12,12,12,0,55,+1 Lap,13,1:35.122,204.823,kph
2021,1,Bahrain Grand Prix,2021-03-28,bahrain,Bahrain International Circuit,ocon,OCO,Esteban Ocon,alpine,Alpine F1 Team,31,16,13,13,0,55,+1 Lap,15,1:35.250,204.548,kph
2021,1,Bahrain Grand Prix,2021-03-28,bahrain,Bahrain International Circuit,russell,RUS,George Russell,williams,Williams,63,15,14,14,0,55,+1 Lap,12,1:35.036,205.008,kph
2021,1,Bahrain Grand Prix,2021-03-28,bahrain,Bahrain International Circuit,vettel,VET,Sebastian Vettel,aston_martin,Aston Martin,5,20,15,15,0,55,+1 Lap,16,1:35.566,203.871,kph
2021,1,Bahrain Grand Prix,2021-03-28,bahrain,Bahrain International Circuit,mick_schumacher,MSC,Mick Schumacher,haas,Haas F1 Team,47,18,16,16,0,55,+1 Lap,18,1:36.134,202.667,kph
2021,1,Bahrain Grand Prix,2021-03-28,bahrain,Bahrain International Circuit,gasly,GAS,Pierre Gasly,alphatauri,AlphaTauri,10,5,17,17,0,52,Retired,5,1:34.090,207.069,kph
2021,1,Bahrain Grand Prix,2021-03-28,bahrain,Bahrain International Circuit,latifi,LAT,Nicholas Latifi,williams,Williams,6,17,18,18,0,51,Retired,19,1:36.602,201.685,kph
2021,1,Bahrain Grand Prix,2021-03-28,bahrain,Bahrain International Circuit,alonso,ALO,Fernando Alonso,alpine,Alpine F1 Team,14,9,19,R,0,32,Brakes,17,1:36.063,202.816,kph
2021,1,Bahrain Grand Prix,2021-03-28,bahrain,Bahrain International Circuit,mazepin,MAZ,Nikita Mazepin,haas,Haas F1 Team,9,19,20,R,0,0,Accident,,,,
2021,2,Emilia Romagna Grand Prix,2021-04-18,imola,Autodromo Enzo e Dino Ferrari,max_verstappen,VER,Max Verstappen,red_bull,Red Bull,33,3,1,1,25,63,Finished,2,1:17.524,227.960,kph
2021,2,Emilia Romagna Grand Prix,2021-04-18,imola,Autodromo Enzo e Dino Ferrari,hamilton,HAM,Lewis Hamilton,mercedes,Mercedes,44,1,2,2,19,63,Finished,1,1:16.702,230.403,kph
2021,2,Emilia Romagna Grand Prix,2021-04-18,imola,Autodromo Enzo e Dino Ferrari,norris,NOR,Lando Norris,mclaren,McLaren,4,7,3,3,15,63,Finished,3,1:18.259,225.819,kph
2021,2,Emilia Romagna Grand Prix,2021-04-18,imola,Autodromo Enzo e Dino Ferrari,leclerc,LEC,Charles Leclerc,ferrari,Ferrari,16,4,4,4,12,63,Finished,6,1:18.379,225.473,kph
2021,2,Emilia Romagna Grand Prix,2021-04-18,imola,Autodromo Enzo e Dino Ferrari,sainz,SAI,Carlos Sainz,ferrari,Ferrari,55,11,5,5,10,63,Finished,7,1:18.490,225.154,kph
2021,2,Emilia Romagna Grand Prix,2021-04-18,imola,Autodromo Enzo e Dino Ferrari,ricciardo,RIC,Daniel Ricciardo,mclaren,McLaren,3,6,6,6,8,63,Finished,12,1:19.341,222.739,kph
2021,2,Emilia Romagna Grand Prix,2021-04-18,imola,Autodromo Enzo e Dino Ferrari,gasly,GAS,Pierre Gasly,alphatauri,AlphaTauri,10,5,7,7,6,63,Finished,9,1:18.994,223.718,kph
2021,2,Emilia Romagna Grand Prix,2021-04-18,imola,Autodromo Enzo e Dino Ferrari,stroll,STR,Lance Stroll,aston_martin,Aston Martin,18,10,8,8,4,63,Finished,8,1:18.782,224.320,kph
2021,2,Emilia Romagna Grand Prix,2021-04-18,imola,Autodromo Enzo e Dino Ferrari,ocon,OCO,Esteban Ocon,alpine,Alpine F1 Team,31,9,9,9,2,63,Finished,15,1:19.422,222.512,kph
2021,2,Emilia Romagna Grand Prix,2021-04-18,imola,Autodromo Enzo e Dino Ferrari,alonso,ALO,Fernando Alonso,alpine,Alpine F1 Team,14,15,10,10,1,63,Finished,14,1:19.417,222.526,kph
2021,2,Emilia Romagna Grand Prix,2021-04-18,imola,Autodromo Enzo e Dino Ferrari,perez,PER,Sergio Pérez,red_bull,Red Bull,11,2,11,11,0,63,Finished,13,1:19.396,222.585,kph
2021,2,Emilia Romagna Grand Prix,2021-04-18,imola,Autodromo Enzo e Dino Ferrari,tsunoda,TSU,Yuki Tsunoda,alphatauri,AlphaTauri,22,20,12,12,0,63,Finished,4,1:18.334,225.603,kph
2021,2,Emilia Romagna Grand Prix,2021-04-18,imola,Autodromo Enzo e Dino Ferrari,raikkonen,RAI,Kimi Räikkönen,alfa,Alfa Romeo,7,16,13,13,0,63,Finished,5,1:18.353,225.548,kph
2021,2,Emilia Romagna Grand Prix,2021-04-18,imola,Autodromo Enzo e Dino Ferrari,giovinazzi,GIO,Antonio Giovinazzi,alfa,Alfa Romeo,99,17,14,14,0,62,+1 Lap,16,1:19.470,222.378,kph
2021,2,Emilia Romagna Grand Prix,2021-04-18,imola,Autodromo Enzo e Dino Ferrari,vettel,VET,Sebastian Vettel,aston_martin,Aston Martin,5,0,15,15,0,61,Gearbox,10,1:19.074,223.491,kph
2021,2,Emilia Romagna Grand Prix,2021-04-18,imola,Autodromo Enzo e Dino Ferrari,mick_schumacher,MSC,Mick Schumacher,haas,Haas F1 Team,47,18,16,16,0,61,+2 Laps,11,1:19.193,223.156,kph
2021,2,Emilia Romagna Grand Prix,2021-04-18,imola,Autodromo Enzo e Dino Ferrari,mazepin,MAZ,Nikita Mazepin,haas,Haas F1 Team,9,19,17,17,0,61,+2 Laps,17,1:20.402,219.800,kph
2021,2,Emilia Romagna Grand Prix,2021-04-18,imola,Autodromo Enzo e Dino Ferrari,bottas,BOT,Valtteri Bottas,mercedes,Mercedes,77,8,18,R,0,30,Collision,19,1:28.485,199.721,kph
2021,2,Emilia Romagna Grand Prix,2021-04-18,imola,Autodromo Enzo e Dino Ferrari,russell,RUS,George Russell,williams,Williams,63,12,19,R,0,30,Collision,18,1:26.543,204.203,kph
2021,2,Emilia Romagna Grand Prix,2021-04-18,imola,Autodromo Enzo e Dino Ferrari,latifi,LAT,Nicholas Latifi,williams,Williams,6,14,20,R,0,0,Collision,,,,
2021,3,Portuguese Grand Prix,2021-05-02,portimao,Autódromo Internacional do Algarve,hamilton,HAM,Lewis Hamilton,mercedes,Mercedes,44,2,1,1,25,66,Finished,4,1:20.933,206.971,kph
2021,3,Portuguese Grand Prix,2021-05-02,portimao,Autódromo Internacional do Algarve,max_verstappen,VER,Max Verstappen,red_bull,Red Bull,33,3,2,2,18,66,Finished,3,1:20.695,207.581,kph
2021,3,Portuguese Grand Prix,2021-05-02,portimao,Autódromo Internacional do Algarve,bottas,BOT,Valtteri Bottas,mercedes,Mercedes,77,1,3,3,16,66,Finished,1,1:19.865,209.738,kph
2021,3,Portuguese Grand Prix,2021-05-02,portimao,Autódromo Internacional do Algarve,perez,PER,Sergio Pérez,red_bull,Red Bull,11,4,4,4,12,66,Finished,2,1:20.643,207.715,kph
2021,3,Portuguese Grand Prix,2021-05-02,portimao,Autódromo Internacional do Algarve,norris,NOR,Lando Norris,mclaren,McLaren,4,7,5,5,10,66,Finished,7,1:21.696,205.038,kph
2021,3,Portuguese Grand Prix,2021-05-02,portimao,Autódromo Internacional do Algarve,leclerc,LEC,Charles Leclerc,ferrari,Ferrari,16,8,6,6,8,66,Finished,6,1:21.496,205.541,kph
2021,3,Portuguese Grand Prix,2021-05-02,portimao,Autódromo Internacional do Algarve,ocon,OCO,Esteban Ocon,alpine,Alpine F1 Team,31,6,7,7,6,66,Finished,8,1:21.886,204.562,kph
2021,3,Portuguese Grand Prix,2021-05-02,portimao,Autódromo Internacional do Algarve,alonso,ALO,Fernando Alonso,alpine,Alpine F1 Team,14,13,8,8,4,66,Finished,5,1:21.032,206.718,kph
2021,3,Portuguese Grand Prix,2021-05-02,portimao,Autódromo Internacional do Algarve,ricciardo,RIC,Daniel Ricciardo,mclaren,McLaren,3,16,9,9,2,66,Finished,10,1:21.987,204.310,kph
2021,3,Portuguese Grand Prix,2021-05-02,portimao,Autódromo Internacional do Algarve,gasly,GAS,Pierre Gasly,alphatauri,AlphaTauri,10,9,10,10,1,66,Finished,11,1:22.014,204.243,kph
2021,3,Portuguese Grand Prix,2021-05-02,portimao,Autódromo Internacional do Algarve,sainz,SAI,Carlos Sainz,ferrari,Ferrari,55,5,11,11,0,66,Finished,14,1:22.325,203.471,kph
2021,3,Portuguese Grand Prix,2021-05-02,portimao,Autódromo Internacional do Algarve,giovinazzi,GIO,Antonio Giovinazzi,alfa,Alfa Romeo,99,12,12,12,0,65,+1 Lap,13,1:22.167,203.862,kph
2021,3,Portuguese Grand Prix,2021-05-02,portimao,Autódromo Internacional do Algarve,vettel,VET,Sebastian Vettel,aston_martin,Aston Martin,5,10,13,13,0,65,+1 Lap,15,1:22.416,203.246,kph
2021,3,Portuguese Grand Prix,2021-05-02,portimao,Autódromo Internacional do Algarve,stroll,STR,Lance Stroll,aston_martin,Aston Martin,18,17,14,14,0,65,+1 Lap,9,1:21.970,204.352,kph
2021,3,Portuguese Grand Prix,2021-05-02,portimao,Autódromo Internacional do Algarve,tsunoda,TSU,Yuki Tsunoda,alphatauri,AlphaTauri,22,14,15,15,0,65,+1 Lap,12,1:22.058,204.133,kph
2021,3,Portuguese Grand Prix,2021-05-02,portimao,Autódromo Internacional do Algarve,russell,RUS,George Russell,williams,Williams,63,11,16,16,0,65,+1 Lap,16,1:22.654,202.661,kph
2021,3,Portuguese Grand Prix,2021-05-02,portimao,Autódromo Internacional do Algarve,mick_schumacher,MSC,Mick Schumacher,haas,Haas F1 Team,47,19,17,17,0,64,+2 Laps,17,1:22.755,202.414,kph
2021,3,Portuguese Grand Prix,2021-05-02,portimao,Autódromo Internacional do Algarve,latifi,LAT,Nicholas Latifi,williams,Williams,6,18,18,18,0,64,+2 Laps,18,1:23.155,201.440,kph
2021,3,Portuguese Grand Prix,2021-05-02,portimao,Autódromo Internacional do Algarve,mazepin,MAZ,Nikita Mazepin,haas,Haas F1 Team,9,20,19,19,0,64,+2 Laps,19,1:23.641,200.270,kph
2021,3,Portuguese Grand Prix,2021-05-02,portimao,Autódromo Internacional do Algarve,raikkonen,RAI,Kimi Räikkönen,alfa,Alfa Romeo,7,15,20,R,0,1,Collision damage,,,,
2021,4,Spanish Grand Prix,2021-05-09,catalunya,Circuit de Barcelona-Catalunya,hamilton,HAM,Lewis Hamilton,mercedes,Mercedes,44,1,1,1,25,66,Finished,5,1:20.665,208.640,kph
2021,4,Spanish Grand Prix,2021-05-09,catalunya,Circuit de Barcelona-Catalunya,max_verstappen,VER,Max Verstappen,red_bull,Red Bull,33,2,2,2,19,66,Finished,1,1:18.149,215.357,kph
2021,4,Spanish Grand Prix,2021-05-09,catalunya,Circuit de Barcelona-Catalunya,bottas,BOT,Valtteri Bottas,mercedes,Mercedes,77,3,3,3,15,66,Finished,2,1:19.430,211.884,kph
2021,4,Spanish Grand Prix,2021-05-09,catalunya,Circuit de Barcelona-Catalunya,leclerc,LEC,Charles Leclerc,ferrari,Ferrari,16,4,4,4,12,66,Finished,4,1:20.459,209.174,kph
2021,4,Spanish Grand Prix,2021-05-09,catalunya,Circuit de Barcelona-Catalunya,perez,PER,Sergio Pérez,red_bull,Red Bull,11,8,5,5,10,66,Finished,3,1:19.483,211.743,kph
2021,4,Spanish Grand Prix,2021-05-09,catalunya,Circuit de Barcelona-Catalunya,ricciardo,RIC,Daniel Ricciardo,mclaren,McLaren,3,7,6,6,8,66,Finished,10,1:21.853,205.612,kph
2021,4,Spanish Grand Prix,2021-05-09,catalunya,Circuit de Barcelona-Catalunya,sainz,SAI,Carlos Sainz,ferrari,Ferrari,55,6,7,7,6,66,Finished,9,1:21.568,206.330,kph
2021,4,Spanish Grand Prix,2021-05-09,catalunya,Circuit de Barcelona-Catalunya,norris,NOR,Lando Norris,mclaren,McLaren,4,9,8,8,4,65,+1 Lap,7,1:21.279,207.064,kph
2021,4,Spanish Grand Prix,2021-05-09,catalunya,Circuit de Barcelona-Catalunya,ocon,OCO,Esteban Ocon,alpine,Alpine F1 Team,31,5,9,9,2,65,+1 Lap,18,1:23.311,202.014,kph
2021,4,Spanish Grand Prix,2021-05-09,catalunya,Circuit de Barcelona-Catalunya,gasly,GAS,Pierre Gasly,alphatauri,AlphaTauri,10,12,10,10,1,65,+1 Lap,8,1:21.375,206.820,kph
2021,4,Spanish Grand Prix,2021-05-09,catalunya,Circuit de Barcelona-Catalunya,stroll,STR,Lance Stroll,aston_martin,Aston Martin,18,11,11,11,0,65,+1 Lap,11,1:22.607,203.735,kph
2021,4,Spanish Grand Prix,2021-05-09,catalunya,Circuit de Barcelona-Catalunya,raikkonen,RAI,Kimi Räikkönen,alfa,Alfa Romeo,7,17,12,12,0,65,+1 Lap,15,1:22.868,203.094,kph
2021,4,Spanish Grand Prix,2021-05-09,catalunya,Circuit de Barcelona-Catalunya,vettel,VET,Sebastian Vettel,aston_martin,Aston Martin,5,13,13,13,0,65,+1 Lap,14,1:22.820,203.211,kph
2021,4,Spanish Grand Prix,2021-05-09,catalunya,Circuit de Barcelona-Catalunya,russell,RUS,George Russell,williams,Williams,63,15,14,14,0,65,+1 Lap,17,1:23.208,202.264,kph
2021,4,Spanish Grand Prix,2021-05-09,catalunya,Circuit de Barcelona-Catalunya,giovinazzi,GIO,Antonio Giovinazzi,alfa,Alfa Romeo,99,14,15,15,0,65,+1 Lap,13,1:22.802,203.255,kph
2021,4,Spanish Grand Prix,2021-05-09,catalunya,Circuit de Barcelona-Catalunya,latifi,LAT,Nicholas Latifi,williams,Williams,6,19,16,16,0,65,+1 Lap,16,1:22.905,203.003,kph
2021,4,Spanish Grand Prix,2021-05-09,catalunya,Circuit de Barcelona-Catalunya,alonso,ALO,Fernando Alonso,alpine,Alpine F1 Team,14,10,17,17,0,65,+1 Lap,6,1:21.182,207.311,kph
2021,4,Spanish Grand Prix,2021-05-09,catalunya,Circuit de Barcelona-Catalunya,mick_schumacher,MSC,Mick Schumacher,haas,Haas F1 Team,47,18,18,18,0,64,+2 Laps,12,1:22.637,203.661,kph
2021,4,Spanish Grand Prix,2021-05-09,catalunya,Circuit de Barcelona-Catalunya,mazepin,MAZ,Nikita Mazepin,haas,Haas F1 Team,9,20,19,19,0,64,+2 Laps,19,1:24.040,200.261,kph
2021,4,Spanish Grand Prix,2021-05-09,catalunya,Circuit de Barcelona-Catalunya,tsunoda,TSU,Yuki Tsunoda,alphatauri,AlphaTauri,22,16,20,R,0,6,Electrical,20,1:24.825,198.408,kph
2021,5,Monaco Grand Prix,2021-05-23,monaco,Circuit de Monaco,max_verstappen,VER,Max Verstappen,red_bull,Red Bull,33,2,1,1,25,78,Finished,6,1:14.649,160.929,kph
2021,5,Monaco Grand Prix,2021-05-23,monaco,Circuit de Monaco,sainz,SAI,Carlos Sainz,ferrari,Ferrari,55,4,2,2,18,78,Finished,5,1:14.621,160.989,kph
2021,5,Monaco Grand Prix,2021-05-23,monaco,Circuit de Monaco,norris,NOR,Lando Norris,mclaren,McLaren,4,5,3,3,15,78,Finished,7,1:14.670,160.883,kph
2021,5,Monaco Grand Prix,2021-05-23,monaco,Circuit de Monaco,perez,PER,Sergio Pérez,red_bull,Red Bull,11,9,4,4,12,78,Finished,3,1:14.552,161.138,kph
2021,5,Monaco Grand Prix,2021-05-23,monaco,Circuit de Monaco,vettel,VET,Sebastian Vettel,aston_martin,Aston Martin,5,8,5,5,10,78,Finished,11,1:15.316,159.503,kph
2021,5,Monaco Grand Prix,2021-05-23,monaco,Circuit de Monaco,gasly,GAS,Pierre Gasly,alphatauri,AlphaTauri,10,6,6,6,8,78,Finished,14,1:15.412,159.300,kph
2021,5,Monaco Grand Prix,2021-05-23,monaco,Circuit de Monaco,hamilton,HAM,Lewis Hamilton,mercedes,Mercedes,44,7,7,7,7,78,Finished,1,1:12.909,164.769,kph
2021,5,Monaco Grand Prix,2021-05-23,monaco,Circuit de Monaco,stroll,STR,Lance Stroll,aston_martin,Aston Martin,18,13,8,8,4,77,+1 Lap,8,1:14.674,160.875,kph
2021,5,Monaco Grand Prix,2021-05-23,monaco,Circuit de Monaco,ocon,OCO,Esteban Ocon,alpine,Alpine F1 Team,31,11,9,9,2,77,+1 Lap,12,1:15.316,159.503,kph
2021,5,Monaco Grand Prix,2021-05-23,monaco,Circuit de Monaco,giovinazzi,GIO,Antonio Giovinazzi,alfa,Alfa Romeo,99,10,10,10,1,77,+1 Lap,13,1:15.331,159.472,kph
2021,5,Monaco Grand Prix,2021-05-23,monaco,Circuit de Monaco,raikkonen,RAI,Kimi Räikkönen,alfa,Alfa Romeo,7,14,11,11,0,77,+1 Lap,9,1:14.971,160.237,kph
2021,5,Monaco Grand Prix,2021-05-23,monaco,Circuit de Monaco,ricciardo,RIC,Daniel Ricciardo,mclaren,McLaren,3,12,12,12,0,77,+1 Lap,4,1:14.578,161.082,kph
2021,5,Monaco Grand Prix,2021-05-23,monaco,Circuit de Monaco,alonso,ALO,Fernando Alonso,alpine,Alpine F1 Team,14,17,13,13,0,77,+1 Lap,10,1:15.026,160.120,kph
2021,5,Monaco Grand Prix,2021-05-23,monaco,Circuit de Monaco,russell,RUS,George Russell,williams,Williams,63,15,14,14,0,77,+1 Lap,15,1:15.539,159.033,kph
2021,5,Monaco Grand Prix,2021-05-23,monaco,Circuit de Monaco,latifi,LAT,Nicholas Latifi,williams,Williams,6,18,15,15,0,77,+1 Lap,16,1:15.573,158.961,kph
2021,5,Monaco Grand Prix,2021-05-23,monaco,Circuit de Monaco,tsunoda,TSU,Yuki Tsunoda,alphatauri,AlphaTauri,22,16,16,16,0,77,+1 Lap,2,1:14.037,162.259,kph
2021,5,Monaco Grand Prix,2021-05-23,monaco,Circuit de Monaco,mazepin,MAZ,Nikita Mazepin,haas,Haas F1 Team,9,19,17,17,0,75,+3 Laps,19,1:16.866,156.287,kph
2021,5,Monaco Grand Prix,2021-05-23,monaco,Circuit de Monaco,mick_schumacher,MSC,Mick Schumacher,haas,Haas F1 Team,47,20,18,18,0,75,+3 Laps,18,1:16.425,157.189,kph
2021,5,Monaco Grand Prix,2021-05-23,monaco,Circuit de Monaco,bottas,BOT,Valtteri Bottas,mercedes,Mercedes,77,3,19,R,0,29,Wheel nut,17,1:15.706,158.682,kph
2021,5,Monaco Grand Prix,2021-05-23,monaco,Circuit de Monaco,leclerc,LEC,Charles Leclerc,ferrari,Ferrari,16,1,20,W,0,0,Driveshaft,,,,
2021,6,Azerbaijan Grand Prix,2021-06-06,baku,Baku City Circuit,perez,PER,Sergio Pérez,red_bull,Red Bull,11,6,1,1,25,51,Finished,2,1:44.687,206.432,kph
2021,6,Azerbaijan Grand Prix,2021-06-06,baku,Baku City Circuit,vettel,VET,Sebastian Vettel,aston_martin,Aston Martin,5,11,2,2,18,51,Finished,4,1:44.890,206.032,kph
2021,6,Azerbaijan Grand Prix,2021-06-06,baku,Baku City Circuit,gasly,GAS,Pierre Gasly,alphatauri,AlphaTauri,10,4,3,3,15,51,Finished,6,1:45.220,205.386,kph
2021,6,Azerbaijan Grand Prix,2021-06-06,baku,Baku City Circuit,leclerc,LEC,Charles Leclerc,ferrari,Ferrari,16,1,4,4,12,51,Finished,8,1:45.382,205.071,kph
2021,6,Azerbaijan Grand Prix,2021-06-06,baku,Baku City Circuit,norris,NOR,Lando Norris,mclaren,McLaren,4,9,5,5,10,51,Finished,7,1:45.326,205.180,kph
2021,6,Azerbaijan Grand Prix,2021-06-06,baku,Baku City Circuit,alonso,ALO,Fernando Alonso,alpine,Alpine F1 Team,14,8,6,6,8,51,Finished,11,1:45.624,204.601,kph
2021,6,Azerbaijan Grand Prix,2021-06-06,baku,Baku City Circuit,tsunoda,TSU,Yuki Tsunoda,alphatauri,AlphaTauri,22,7,7,7,6,51,Finished,5,1:44.939,205.936,kph
2021,6,Azerbaijan Grand Prix,2021-06-06,baku,Baku City Circuit,sainz,SAI,Carlos Sainz,ferrari,Ferrari,55,5,8,8,4,51,Finished,13,1:45.700,204.454,kph
2021,6,Azerbaijan Grand Prix,2021-06-06,baku,Baku City Circuit,ricciardo,RIC,Daniel Ricciardo,mclaren,McLaren,3,13,9,9,2,51,Finished,14,1:45.713,204.428,kph
2021,6,Azerbaijan Grand Prix,2021-06-06,baku,Baku City Circuit,raikkonen,RAI,Kimi Räikkönen,alfa,Alfa Romeo,7,14,10,10,1,51,Finished,10,1:45.601,204.645,kph
2021,6,Azerbaijan Grand Prix,2021-06-06,baku,Baku City Circuit,giovinazzi,GIO,Antonio Giovinazzi,alfa,Alfa Romeo,99,20,11,11,0,51,Finished,9,1:45.575,204.696,kph
2021,6,Azerbaijan Grand Prix,2021-06-06,baku,Baku City Circuit,bottas,BOT,Valtteri Bottas,mercedes,Mercedes,77,10,12,12,0,51,Finished,12,1:45.665,204.521,kph
2021,6,Azerbaijan Grand Prix,2021-06-06,baku,Baku City Circuit,mick_schumacher,MSC,Mick Schumacher,haas,Haas F1 Team,47,17,13,13,0,51,Finished,18,1:47.624,200.799,kph
2021,6,Azerbaijan Grand Prix,2021-06-06,baku,Baku City Circuit,mazepin,MAZ,Nikita Mazepin,haas,Haas F1 Team,9,18,14,14,0,51,Finished,19,1:47.747,200.569,kph
2021,6,Azerbaijan Grand Prix,2021-06-06,baku,Baku City Circuit,hamilton,HAM,Lewis Hamilton,mercedes,Mercedes,44,2,15,15,0,51,Finished,3,1:44.769,206.270,kph
2021,6,Azerbaijan Grand Prix,2021-06-06,baku,Baku City Circuit,latifi,LAT,Nicholas Latifi,williams,Williams,6,16,16,16,0,51,Finished,17,1:46.608,202.712,kph
2021,6,Azerbaijan Grand Prix,2021-06-06,baku,Baku City Circuit,russell,RUS,George Russell,williams,Williams,63,15,17,R,0,48,Gearbox,15,1:45.959,203.954,kph
2021,6,Azerbaijan Grand Prix,2021-06-06,baku,Baku City Circuit,max_verstappen,VER,Max Verstappen,red_bull,Red Bull,33,3,18,R,0,45,Accident,1,1:44.481,206.839,kph
2021,6,Azerbaijan Grand Prix,2021-06-06,baku,Baku City Circuit,stroll,STR,Lance Stroll,aston_martin,Aston Martin,18,19,19,R,0,29,Accident,16,1:46.207,203.478,kph
2021,6,Azerbaijan Grand Prix,2021-06-06,baku,Baku City Circuit,ocon,OCO,Esteban Ocon,alpine,Alpine F1 Team,31,12,20,R,0,3,Turbo,20,1:50.850,194.955,kph
2021,7,French Grand Prix,2021-06-20,ricard,Circuit Paul Ricard,max_verstappen,VER,Max Verstappen,red_bull,Red Bull,33,1,1,1,26,53,Finished,1,1:36.404,218.156,kph
2021,7,French Grand Prix,2021-06-20,ricard,Circuit Paul Ricard,hamilton,HAM,Lewis Hamilton,mercedes,Mercedes,44,2,2,2,18,53,Finished,5,1:37.410,215.903,kph
2021,7,French Grand Prix,2021-06-20,ricard,Circuit Paul Ricard,perez,PER,Sergio Pérez,red_bull,Red Bull,11,4,3,3,15,53,Finished,2,1:36.693,217.504,kph
2021,7,French Grand Prix,2021-06-20,ricard,Circuit Paul Ricard,bottas,BOT,Valtteri Bottas,mercedes,Mercedes,77,3,4,4,12,53,Finished,3,1:36.960,216.905,kph
2021,7,French Grand Prix,2021-06-20,ricard,Circuit Paul Ricard,norris,NOR,Lando Norris,mclaren,McLaren,4,8,5,5,10,53,Finished,6,1:37.425,215.870,kph
2021,7,French Grand Prix,2021-06-20,ricard,Circuit Paul Ricard,ricciardo,RIC,Daniel Ricciardo,mclaren,McLaren,3,10,6,6,8,53,Finished,14,1:38.324,213.896,kph
2021,7,French Grand Prix,2021-06-20,ricard,Circuit Paul Ricard,gasly,GAS,Pierre Gasly,alphatauri,AlphaTauri,10,6,7,7,6,53,Finished,11,1:38.103,214.378,kph
2021,7,French Grand Prix,2021-06-20,ricard,Circuit Paul Ricard,alonso,ALO,Fernando Alonso,alpine,Alpine F1 Team,14,9,8,8,4,53,Finished,7,1:37.646,215.382,kph
2021,7,French Grand Prix,2021-06-20,ricard,Circuit Paul Ricard,vettel,VET,Sebastian Vettel,aston_martin,Aston Martin,5,12,9,9,2,53,Finished,4,1:37.138,216.508,kph
2021,7,French Grand Prix,2021-06-20,ricard,Circuit Paul Ricard,stroll,STR,Lance Stroll,aston_martin,Aston Martin,18,19,10,10,1,53,Finished,9,1:37.828,214.981,kph
2021,7,French Grand Prix,2021-06-20,ricard,Circuit Paul Ricard,sainz,SAI,Carlos Sainz,ferrari,Ferrari,55,5,11,11,0,53,Finished,18,1:38.931,212.584,kph
2021,7,French Grand Prix,2021-06-20,ricard,Circuit Paul Ricard,russell,RUS,George Russell,williams,Williams,63,14,12,12,0,52,+1 Lap,13,1:38.314,213.918,kph
2021,7,French Grand Prix,2021-06-20,ricard,Circuit Paul Ricard,tsunoda,TSU,Yuki Tsunoda,alphatauri,AlphaTauri,22,0,13,13,0,52,+1 Lap,19,1:38.980,212.479,kph
2021,7,French Grand Prix,2021-06-20,ricard,Circuit Paul Ricard,ocon,OCO,Esteban Ocon,alpine,Alpine F1 Team,31,11,14,14,0,52,+1 Lap,15,1:38.645,213.200,kph
2021,7,French Grand Prix,2021-06-20,ricard,Circuit Paul Ricard,giovinazzi,GIO,Antonio Giovinazzi,alfa,Alfa Romeo,99,13,15,15,0,52,+1 Lap,16,1:38.702,213.077,kph
2021,7,French Grand Prix,2021-06-20,ricard,Circuit Paul Ricard,leclerc,LEC,Charles Leclerc,ferrari,Ferrari,16,7,16,16,0,52,+1 Lap,8,1:37.681,215.304,kph
2021,7,French Grand Prix,2021-06-20,ricard,Circuit Paul Ricard,raikkonen,RAI,Kimi Räikkönen,alfa,Alfa Romeo,7,17,17,17,0,52,+1 Lap,10,1:37.992,214.621,kph
2021,7,French Grand Prix,2021-06-20,ricard,Circuit Paul Ricard,latifi,LAT,Nicholas Latifi,williams,Williams,6,16,18,18,0,52,+1 Lap,12,1:38.313,213.920,kph
2021,7,French Grand Prix,2021-06-20,ricard,Circuit Paul Ricard,mick_schumacher,MSC,Mick Schumacher,haas,Haas F1 Team,47,15,19,19,0,52,+1 Lap,17,1:38.847,212.765,kph
2021,7,French Grand Prix,2021-06-20,ricard,Circuit Paul Ricard,mazepin,MAZ,Nikita Mazepin,haas,Haas F1 Team,9,18,20,20,0,52,+1 Lap,20,1:39.317,211.758,kph
2021,8,Styrian Grand Prix,2021-06-27,red_bull_ring,Red Bull Ring,max_verstappen,VER,Max Verstappen,red_bull,Red Bull,33,1,1,1,25,71,Finished,3,1:08.017,228.542,kph
2021,8,Styrian Grand Prix,2021-06-27,red_bull_ring,Red Bull Ring,hamilton,HAM,Lewis Hamilton,mercedes,Mercedes,44,2,2,2,19,71,Finished,1,1:07.058,231.811,kph
2021,8,Styrian Grand Prix,2021-06-27,red_bull_ring,Red Bull Ring,bottas,BOT,Valtteri Bottas,mercedes,Mercedes,77,5,3,3,15,71,Finished,5,1:08.619,226.537,kph
2021,8,Styrian Grand Prix,2021-06-27,red_bull_ring,Red Bull Ring,perez,PER,Sergio Pérez,red_bull,Red Bull,11,4,4,4,12,71,Finished,2,1:07.894,228.956,kph
2021,8,Styrian Grand Prix,2021-06-27,red_bull_ring,Red Bull Ring,norris,NOR,Lando Norris,mclaren,McLaren,4,3,5,5,10,70,+1 Lap,7,1:08.903,225.604,kph
2021,8,Styrian Grand Prix,2021-06-27,red_bull_ring,Red Bull Ring,sainz,SAI,Carlos Sainz,ferrari,Ferrari,55,12,6,6,8,70,+1 Lap,4,1:08.609,226.570,kph
2021,8,Styrian Grand Prix,2021-06-27,red_bull_ring,Red Bull Ring,leclerc,LEC,Charles Leclerc,ferrari,Ferrari,16,7,7,7,6,70,+1 Lap,6,1:08.738,226.145,kph
2021,8,Styrian Grand Prix,2021-06-27,red_bull_ring,Red Bull Ring,stroll,STR,Lance Stroll,aston_martin,Aston Martin,18,9,8,8,4,70,+1 Lap,14,1:09.787,222.746,kph
2021,8,Styrian Grand Prix,2021-06-27,red_bull_ring,Red Bull Ring,alonso,ALO,Fernando Alonso,alpine,Alpine F1 Team,14,8,9,9,2,70,+1 Lap,13,1:09.749,222.867,kph
2021,8,Styrian Grand Prix,2021-06-27,red_bull_ring,Red Bull Ring,tsunoda,TSU,Yuki Tsunoda,alphatauri,AlphaTauri,22,11,10,10,1,70,+1 Lap,11,1:09.650,223.184,kph
2021,8,Styrian Grand Prix,2021-06-27,red_bull_ring,Red Bull Ring,raikkonen,RAI,Kimi Räikkönen,alfa,Alfa Romeo,7,18,11,11,0,70,+1 Lap,8,1:09.128,224.869,kph
2021,8,Styrian Grand Prix,2021-06-27,red_bull_ring,Red Bull Ring,vettel,VET,Sebastian Vettel,aston_martin,Aston Martin,5,14,12,12,0,70,+1 Lap,15,1:09.821,222.637,kph
2021,8,Styrian Grand Prix,2021-06-27,red_bull_ring,Red Bull Ring,ricciardo,RIC,Daniel Ricciardo,mclaren,McLaren,3,13,13,13,0,70,+1 Lap,9,1:09.305,224.295,kph
2021,8,Styrian Grand Prix,2021-06-27,red_bull_ring,Red Bull Ring,ocon,OCO,Esteban Ocon,alpine,Alpine F1 Team,31,17,14,14,0,70,+1 Lap,10,1:09.576,223.421,kph
2021,8,Styrian Grand Prix,2021-06-27,red_bull_ring,Red Bull Ring,giovinazzi,GIO,Antonio Giovinazzi,alfa,Alfa Romeo,99,15,15,15,0,70,+1 Lap,12,1:09.723,222.950,kph
2021,8,Styrian Grand Prix,2021-06-27,red_bull_ring,Red Bull Ring,mick_schumacher,MSC,Mick Schumacher,haas,Haas F1 Team,47,19,16,16,0,69,+2 Laps,16,1:10.005,222.052,kph
2021,8,Styrian Grand Prix,2021-06-27,red_bull_ring,Red Bull Ring,latifi,LAT,Nicholas Latifi,williams,Williams,6,16,17,17,0,68,+3 Laps,17,1:10.104,221.739,kph
2021,8,Styrian Grand Prix,2021-06-27,red_bull_ring,Red Bull Ring,mazepin,MAZ,Nikita Mazepin,haas,Haas F1 Team,9,20,18,18,0,68,+3 Laps,19,1:10.951,219.092,kph
2021,8,Styrian Grand Prix,2021-06-27,red_bull_ring,Red Bull Ring,russell,RUS,George Russell,williams,Williams,63,10,19,R,0,36,Engine,18,1:10.499,220.496,kph
2021,8,Styrian Grand Prix,2021-06-27,red_bull_ring,Red Bull Ring,gasly,GAS,Pierre Gasly,alphatauri,AlphaTauri,10,6,20,R,0,1,Collision,,,,
2021,9,Austrian Grand Prix,2021-07-04,red_bull_ring,Red Bull Ring,max_verstappen,VER,Max Verstappen,red_bull,Red Bull,33,1,1,1,26,71,Finished,1,1:06.200,234.815,kph
2021,9,Austrian Grand Prix,2021-07-04,red_bull_ring,Red Bull Ring,bottas,BOT,Valtteri Bottas,mercedes,Mercedes,77,5,2,2,18,71,Finished,6,1:08.374,227.349,kph
2021,9,Austrian Grand Prix,2021-07-04,red_bull_ring,Red Bull Ring,norris,NOR,Lando Norris,mclaren,McLaren,4,2,3,3,15,71,Finished,10,1:08.471,227.027,kph
2021,9,Austrian Grand Prix,2021-07-04,red_bull_ring,Red Bull Ring,hamilton,HAM,Lewis Hamilton,mercedes,Mercedes,44,4,4,4,12,71,Finished,3,1:08.126,228.177,kph
2021,9,Austrian Grand Prix,2021-07-04,red_bull_ring,Red Bull Ring,sainz,SAI,Carlos Sainz,ferrari,Ferrari,55,10,5,5,10,71,Finished,2,1:07.762,229.402,kph
2021,9,Austrian Grand Prix,2021-07-04,red_bull_ring,Red Bull Ring,perez,PER,Sergio Pérez,red_bull,Red Bull,11,3,6,6,8,71,Finished,5,1:08.192,227.956,kph
2021,9,Austrian Grand Prix,2021-07-04,red_bull_ring,Red Bull Ring,ricciardo,RIC,Daniel Ricciardo,mclaren,McLaren,3,13,7,7,6,71,Finished,14,1:08.820,225.876,kph
2021,9,Austrian Grand Prix,2021-07-04,red_bull_ring,Red Bull Ring,leclerc,LEC,Charles Leclerc,ferrari,Ferrari,16,12,8,8,4,71,Finished,13,1:08.698,226.277,kph
2021,9,Austrian Grand Prix,2021-07-04,red_bull_ring,Red Bull Ring,gasly,GAS,Pierre Gasly,alphatauri,AlphaTauri,10,6,9,9,2,71,Finished,4,1:08.146,228.110,kph
2021,9,Austrian Grand Prix,2021-07-04,red_bull_ring,Red Bull Ring,alonso,ALO,Fernando Alonso,alpine,Alpine F1 Team,14,14,10,10,1,70,+1 Lap,7,1:08.405,227.246,kph
2021,9,Austrian Grand Prix,2021-07-04,red_bull_ring,Red Bull Ring,russell,RUS,George Russell,williams,Williams,63,8,11,11,0,70,+1 Lap,16,1:08.900,225.613,kph
2021,9,Austrian Grand Prix,2021-07-04,red_bull_ring,Red Bull Ring,tsunoda,TSU,Yuki Tsunoda,alphatauri,AlphaTauri,22,7,12,12,0,70,+1 Lap,9,1:08.455,227.080,kph
2021,9,Austrian Grand Prix,2021-07-04,red_bull_ring,Red Bull Ring,stroll,STR,Lance Stroll,aston_martin,Aston Martin,18,9,13,13,0,70,+1 Lap,12,1:08.659,226.405,kph
2021,9,Austrian Grand Prix,2021-07-04,red_bull_ring,Red Bull Ring,giovinazzi,GIO,Antonio Giovinazzi,alfa,Alfa Romeo,99,15,14,14,0,70,+1 Lap,17,1:09.042,225.149,kph
2021,9,Austrian Grand Prix,2021-07-04,red_bull_ring,Red Bull Ring,raikkonen,RAI,Kimi Räikkönen,alfa,Alfa Romeo,7,16,15,15,0,70,+1 Lap,15,1:08.874,225.699,kph
2021,9,Austrian Grand Prix,2021-07-04,red_bull_ring,Red Bull Ring,latifi,LAT,Nicholas Latifi,williams,Williams,6,18,16,16,0,70,+1 Lap,11,1:08.520,226.865,kph
2021,9,Austrian Grand Prix,2021-07-04,red_bull_ring,Red Bull Ring,vettel,VET,Sebastian Vettel,aston_martin,Aston Martin,5,11,17,17,0,69,Collision,8,1:08.420,227.196,kph
2021,9,Austrian Grand Prix,2021-07-04,red_bull_ring,Red Bull Ring,mick_schumacher,MSC,Mick Schumacher,haas,Haas F1 Team,47,19,18,18,0,69,+2 Laps,18,1:09.394,224.007,kph
2021,9,Austrian Grand Prix,2021-07-04,red_bull_ring,Red Bull Ring,mazepin,MAZ,Nikita Mazepin,haas,Haas F1 Team,9,20,19,19,0,69,+2 Laps,19,1:09.757,222.842,kph
2021,9,Austrian Grand Prix,2021-07-04,red_bull_ring,Red Bull Ring,ocon,OCO,Esteban Ocon,alpine,Alpine F1 Team,31,17,20,R,0,0,Collision,,,,
2021,10,British Grand Prix,2021-07-18,silverstone,Silverstone Circuit,hamilton,HAM,Lewis Hamilton,mercedes,Mercedes,44,2,1,1,25,52,Finished,2,1:29.699,236.430,kph
2021,10,British Grand Prix,2021-07-18,silverstone,Silverstone Circuit,leclerc,LEC,Charles Leclerc,ferrari,Ferrari,16,4,2,2,18,52,Finished,5,1:30.569,234.159,kph
2021,10,British Grand Prix,2021-07-18,silverstone,Silverstone Circuit,bottas,BOT,Valtteri Bottas,mercedes,Mercedes,77,3,3,3,15,52,Finished,4,1:30.524,234.275,kph
2021,10,British Grand Prix,2021-07-18,silverstone,Silverstone Circuit,norris,NOR,Lando Norris,mclaren,McLaren,4,5,4,4,12,52,Finished,9,1:31.420,231.979,kph
2021,10,British Grand Prix,2021-07-18,silverstone,Silverstone Circuit,ricciardo,RIC,Daniel Ricciardo,mclaren,McLaren,3,6,5,5,10,52,Finished,8,1:31.284,232.325,kph
2021,10,British Grand Prix,2021-07-18,silverstone,Silverstone Circuit,sainz,SAI,Carlos Sainz,ferrari,Ferrari,55,10,6,6,8,52,Finished,7,1:31.223,232.480,kph
2021,10,British Grand Prix,2021-07-18,silverstone,Silverstone Circuit,alonso,ALO,Fernando Alonso,alpine,Alpine F1 Team,14,7,7,7,6,52,Finished,10,1:31.698,231.276,kph
2021,10,British Grand Prix,2021-07-18,silverstone,Silverstone Circuit,stroll,STR,Lance Stroll,aston_martin,Aston Martin,18,14,8,8,4,52,Finished,12,1:31.992,230.537,kph
2021,10,British Grand Prix,2021-07-18,silverstone,Silverstone Circuit,ocon,OCO,Esteban Ocon,alpine,Alpine F1 Team,31,9,9,9,2,52,Finished,14,1:32.210,229.992,kph
2021,10,British Grand Prix,2021-07-18,silverstone,Silverstone Circuit,tsunoda,TSU,Yuki Tsunoda,alphatauri,AlphaTauri,22,16,10,10,1,52,Finished,6,1:30.826,233.497,kph
2021,10,British Grand Prix,2021-07-18,silverstone,Silverstone Circuit,gasly,GAS,Pierre Gasly,alphatauri,AlphaTauri,10,11,11,11,0,52,Finished,3,1:30.266,234.945,kph
2021,10,British Grand Prix,2021-07-18,silverstone,Silverstone Circuit,russell,RUS,George Russell,williams,Williams,63,12,12,12,0,51,+1 Lap,13,1:32.049,230.394,kph
2021,10,British Grand Prix,2021-07-18,silverstone,Silverstone Circuit,giovinazzi,GIO,Antonio Giovinazzi,alfa,Alfa Romeo,99,15,13,13,0,51,+1 Lap,15,1:32.346,229.653,kph
2021,10,British Grand Prix,2021-07-18,silverstone,Silverstone Circuit,latifi,LAT,Nicholas Latifi,williams,Williams,6,17,14,14,0,51,+1 Lap,16,1:32.477,229.328,kph
2021,10,British Grand Prix,2021-07-18,silverstone,Silverstone Circuit,raikkonen,RAI,Kimi Räikkönen,alfa,Alfa Romeo,7,13,15,15,0,51,+1 Lap,11,1:31.895,230.780,kph
2021,10,British Grand Prix,2021-07-18,silverstone,Silverstone Circuit,perez,PER,Sergio Pérez,red_bull,Red Bull,11,0,16,16,0,51,+1 Lap,1,1:28.617,239.317,kph
2021,10,British Grand Prix,2021-07-18,silverstone,Silverstone Circuit,mazepin,MAZ,Nikita Mazepin,haas,Haas F1 Team,9,19,17,17,0,51,+1 Lap,18,1:32.909,228.262,kph
2021,10,British Grand Prix,2021-07-18,silverstone,Silverstone Circuit,mick_schumacher,MSC,Mick Schumacher,haas,Haas F1 Team,47,18,18,18,0,51,+1 Lap,17,1:32.862,228.377,kph
2021,10,British Grand Prix,2021-07-18,silverstone,Silverstone Circuit,vettel,VET,Sebastian Vettel,aston_martin,Aston Martin,5,8,19,R,0,40,Retired,19,1:33.059,227.894,kph
2021,10,British Grand Prix,2021-07-18,silverstone,Silverstone Circuit,max_verstappen,VER,Max Verstappen,red_bull,Red Bull,33,1,20,R,0,0,Collision,,,,
2021,11,Hungarian Grand Prix,2021-08-01,hungaroring,Hungaroring,ocon,OCO,Esteban Ocon,alpine,Alpine F1 Team,31,8,1,1,25,70,Finished,5,1:21.421,193.704,kph
2021,11,Hungarian Grand Prix,2021-08-01,hungaroring,Hungaroring,hamilton,HAM,Lewis Hamilton,mercedes,Mercedes,44,1,2,2,18,70,Finished,2,1:18.715,200.363,kph
2021,11,Hungarian Grand Prix,2021-08-01,hungaroring,Hungaroring,sainz,SAI,Carlos Sainz,ferrari,Ferrari,55,15,3,3,15,70,Finished,6,1:21.423,193.699,kph
2021,11,Hungarian Grand Prix,2021-08-01,hungaroring,Hungaroring,alonso,ALO,Fernando Alonso,alpine,Alpine F1 Team,14,9,4,4,12,70,Finished,3,1:20.359,196.264,kph
2021,11,Hungarian Grand Prix,2021-08-01,hungaroring,Hungaroring,gasly,GAS,Pierre Gasly,alphatauri,AlphaTauri,10,5,5,5,11,70,Finished,1,1:18.394,201.183,kph
2021,11,Hungarian Grand Prix,2021-08-01,hungaroring,Hungaroring,tsunoda,TSU,Yuki Tsunoda,alphatauri,AlphaTauri,22,16,6,6,8,70,Finished,10,1:22.450,191.286,kph
2021,11,Hungarian Grand Prix,2021-08-01,hungaroring,Hungaroring,latifi,LAT,Nicholas Latifi,williams,Williams,6,18,7,7,6,70,Finished,14,1:22.831,190.406,kph
2021,11,Hungarian Grand Prix,2021-08-01,hungaroring,Hungaroring,russell,RUS,George Russell,williams,Williams,63,17,8,8,4,70,Finished,9,1:22.112,192.074,kph
2021,11,Hungarian Grand Prix,2021-08-01,hungaroring,Hungaroring,max_verstappen,VER,Max Verstappen,red_bull,Red Bull,33,3,9,9,2,70,Finished,4,1:20.945,194.843,kph
2021,11,Hungarian Grand Prix,2021-08-01,hungaroring,Hungaroring,raikkonen,RAI,Kimi Räikkönen,alfa,Alfa Romeo,7,13,10,10,1,69,+1 Lap,8,1:21.518,193.473,kph
2021,11,Hungarian Grand Prix,2021-08-01,hungaroring,Hungaroring,ricciardo,RIC,Daniel Ricciardo,mclaren,McLaren,3,11,11,11,0,69,+1 Lap,13,1:22.802,190.473,kph
2021,11,Hungarian Grand Prix,2021-08-01,hungaroring,Hungaroring,mick_schumacher,MSC,Mick Schumacher,haas,Haas F1 Team,47,20,12,12,0,69,+1 Lap,11,1:22.711,190.683,kph
2021,11,Hungarian Grand Prix,2021-08-01,hungaroring,Hungaroring,giovinazzi,GIO,Antonio Giovinazzi,alfa,Alfa Romeo,99,0,13,13,0,69,+1 Lap,12,1:22.736,190.625,kph
2021,11,Hungarian Grand Prix,2021-08-01,hungaroring,Hungaroring,mazepin,MAZ,Nikita Mazepin,haas,Haas F1 Team,9,19,14,R,0,3,Collision,,,,
2021,11,Hungarian Grand Prix,2021-08-01,hungaroring,Hungaroring,norris,NOR,Lando Norris,mclaren,McLaren,4,6,15,R,0,2,Collision,,,,
2021,11,Hungarian Grand Prix,2021-08-01,hungaroring,Hungaroring,bottas,BOT,Valtteri Bottas,mercedes,Mercedes,77,2,16,R,0,0,Collision,,,,
2021,11,Hungarian Grand Prix,2021-08-01,hungaroring,Hungaroring,perez,PER,Sergio Pérez,red_bull,Red Bull,11,4,17,R,0,0,Collision,,,,
2021,11,Hungarian Grand Prix,2021-08-01,hungaroring,Hungaroring,leclerc,LEC,Charles Leclerc,ferrari,Ferrari,16,7,18,R,0,0,Collision,,,,
2021,11,Hungarian Grand Prix,2021-08-01,hungaroring,Hungaroring,stroll,STR,Lance Stroll,aston_martin,Aston Martin,18,12,19,R,0,0,Collision,,,,
2021,11,Hungarian Grand Prix,2021-08-01,hungaroring,Hungaroring,vettel,VET,Sebastian Vettel,aston_martin,Aston Martin,5,10,20,D,0,70,Disqualified,7,1:21.459,193.613,kph
2021,12,Belgian Grand Prix,2021-08-29,spa,Circuit de Spa-Francorchamps,max_verstappen,VER,Max Verstappen,red_bull,Red Bull,33,1,1,1,12.5,1,Finished,,,,
2021,12,Belgian Grand Prix,2021-08-29,spa,Circuit de Spa-Francorchamps,russell,RUS,George Russell,williams,Williams,63,2,2,2,9,1,Finished,,,,
2021,12,Belgian Grand Prix,2021-08-29,spa,Circuit de Spa-Francorchamps,hamilton,HAM,Lewis Hamilton,mercedes,Mercedes,44,3,3,3,7.5,1,Finished,,,,
2021,12,Belgian Grand Prix,2021-08-29,spa,Circuit de Spa-Francorchamps,ricciardo,RIC,Daniel Ricciardo,mclaren,McLaren,3,4,4,4,6,1,Finished,,,,
2021,12,Belgian Grand Prix,2021-08-29,spa,Circuit de Spa-Francorchamps,vettel,VET,Sebastian Vettel,aston_martin,Aston Martin,5,5,5,5,5,1,Finished,,,,
2021,12,Belgian Grand Prix,2021-08-29,spa,Circuit de Spa-Francorchamps,gasly,GAS,Pierre Gasly,alphatauri,AlphaTauri,10,6,6,6,4,1,Finished,,,,
2021,12,Belgian Grand Prix,2021-08-29,spa,Circuit de Spa-Francorchamps,ocon,OCO,Esteban Ocon,alpine,Alpine F1 Team,31,8,7,7,3,1,Finished,,,,
2021,12,Belgian Grand Prix,2021-08-29,spa,Circuit de Spa-Francorchamps,leclerc,LEC,Charles Leclerc,ferrari,Ferrari,16,9,8,8,2,1,Finished,,,,
2021,12,Belgian Grand Prix,2021-08-29,spa,Circuit de Spa-Francorchamps,latifi,LAT,Nicholas Latifi,williams,Williams,6,10,9,9,1,1,Finished,,,,
2021,12,Belgian Grand Prix,2021-08-29,spa,Circuit de Spa-Francorchamps,sainz,SAI,Carlos Sainz,ferrari,Ferrari,55,11,10,10,0.5,1,Finished,,,,
2021,12,Belgian Grand Prix,2021-08-29,spa,Circuit de Spa-Francorchamps,alonso,ALO,Fernando Alonso,alpine,Alpine F1 Team,14,12,11,11,0,1,Finished,,,,
2021,12,Belgian Grand Prix,2021-08-29,spa,Circuit de Spa-Francorchamps,bottas,BOT,Valtteri Bottas,mercedes,Mercedes,77,13,12,12,0,1,Finished,,,,
2021,12,Belgian Grand Prix,2021-08-29,spa,Circuit de Spa-Francorchamps,giovinazzi,GIO,Antonio Giovinazzi,alfa,Alfa Romeo,99,14,13,13,0,1,Finished,,,,
2021,12,Belgian Grand Prix,2021-08-29,spa,Circuit de Spa-Francorchamps,norris,NOR,Lando Norris,mclaren,McLaren,4,15,14,14,0,1,Finished,,,,
2021,12,Belgian Grand Prix,2021-08-29,spa,Circuit de Spa-Francorchamps,tsunoda,TSU,Yuki Tsunoda,alphatauri,AlphaTauri,22,16,15,15,0,1,Finished,,,,
2021,12,Belgian Grand Prix,2021-08-29,spa,Circuit de Spa-Francorchamps,mick_schumacher,MSC,Mick Schumacher,haas,Haas F1 Team,47,17,16,16,0,1,Finished,,,,
2021,12,Belgian Grand Prix,2021-08-29,spa,Circuit de Spa-Francorchamps,mazepin,MAZ,Nikita Mazepin,haas,Haas F1 Team,9,18,17,17,0,1,Finished,,,,
2021,12,Belgian Grand Prix,2021-08-29,spa,Circuit de Spa-Francorchamps,raikkonen,RAI,Kimi Räikkönen,alfa,Alfa Romeo,7,0,18,18,0,1,Finished,,,,
2021,12,Belgian Grand Prix,2021-08-29,spa,Circuit de Spa-Francorchamps,perez,PER,Sergio Pérez,red_bull,Red Bull,11,0,19,19,0,1,Finished,,,,
2021,12,Belgian Grand Prix,2021-08-29,spa,Circuit de Spa-Francorchamps,stroll,STR,Lance Stroll,aston_martin,Aston Martin,18,19,20,20,0,1,Finished,,,,
2021,13,Dutch Grand Prix,2021-09-05,zandvoort,Circuit Park Zandvoort,max_verstappen,VER,Max Verstappen,red_bull,Red Bull,33,1,1,1,25,72,Finished,3,1:13.275,209.244,kph
2021,13,Dutch Grand Prix,2021-09-05,zandvoort,Circuit Park Zandvoort,hamilton,HAM,Lewis Hamilton,mercedes,Mercedes,44,2,2,2,19,72,Finished,1,1:11.097,215.654,kph
2021,13,Dutch Grand Prix,2021-09-05,zandvoort,Circuit Park Zandvoort,bottas,BOT,Valtteri Bottas,mercedes,Mercedes,77,3,3,3,15,72,Finished,2,1:12.549,211.338,kph
2021,13,Dutch Grand Prix,2021-09-05,zandvoort,Circuit Park Zandvoort,gasly,GAS,Pierre Gasly,alphatauri,AlphaTauri,10,4,4,4,12,71,+1 Lap,10,1:14.818,204.929,kph
2021,13,Dutch Grand Prix,2021-09-05,zandvoort,Circuit Park Zandvoort,leclerc,LEC,Charles Leclerc,ferrari,Ferrari,16,5,5,5,10,71,+1 Lap,9,1:14.780,205.033,kph
2021,13,Dutch Grand Prix,2021-09-05,zandvoort,Circuit Park Zandvoort,alonso,ALO,Fernando Alonso,alpine,Alpine F1 Team,14,9,6,6,8,71,+1 Lap,7,1:14.323,206.294,kph
2021,13,Dutch Grand Prix,2021-09-05,zandvoort,Circuit Park Zandvoort,sainz,SAI,Carlos Sainz,ferrari,Ferrari,55,6,7,7,6,71,+1 Lap,13,1:15.260,203.725,kph
2021,13,Dutch Grand Prix,2021-09-05,zandvoort,Circuit Park Zandvoort,perez,PER,Sergio Pérez,red_bull,Red Bull,11,0,8,8,4,71,+1 Lap,4,1:13.461,208.714,kph
2021,13,Dutch Grand Prix,2021-09-05,zandvoort,Circuit Park Zandvoort,ocon,OCO,Esteban Ocon,alpine,Alpine F1 Team,31,8,9,9,2,71,+1 Lap,8,1:14.675,205.321,kph
2021,13,Dutch Grand Prix,2021-09-05,zandvoort,Circuit Park Zandvoort,norris,NOR,Lando Norris,mclaren,McLaren,4,13,10,10,1,71,+1 Lap,6,1:14.236,206.535,kph
2021,13,Dutch Grand Prix,2021-09-05,zandvoort,Circuit Park Zandvoort,ricciardo,RIC,Daniel Ricciardo,mclaren,McLaren,3,10,11,11,0,71,+1 Lap,11,1:14.920,204.650,kph
2021,13,Dutch Grand Prix,2021-09-05,zandvoort,Circuit Park Zandvoort,stroll,STR,Lance Stroll,aston_martin,Aston Martin,18,12,12,12,0,70,+2 Laps,15,1:15.611,202.780,kph
2021,13,Dutch Grand Prix,2021-09-05,zandvoort,Circuit Park Zandvoort,vettel,VET,Sebastian Vettel,aston_martin,Aston Martin,5,15,13,13,0,70,+2 Laps,5,1:13.958,207.312,kph
2021,13,Dutch Grand Prix,2021-09-05,zandvoort,Circuit Park Zandvoort,giovinazzi,GIO,Antonio Giovinazzi,alfa,Alfa Romeo,99,7,14,14,0,70,+2 Laps,12,1:15.125,204.091,kph
2021,13,Dutch Grand Prix,2021-09-05,zandvoort,Circuit Park Zandvoort,kubica,KUB,Robert Kubica,alfa,Alfa Romeo,88,16,15,15,0,70,+2 Laps,14,1:15.442,203.234,kph
2021,13,Dutch Grand Prix,2021-09-05,zandvoort,Circuit Park Zandvoort,latifi,LAT,Nicholas Latifi,williams,Williams,6,0,16,16,0,70,+2 Laps,18,1:15.790,202.301,kph
2021,13,Dutch Grand Prix,2021-09-05,zandvoort,Circuit Park Zandvoort,russell,RUS,George Russell,williams,Williams,63,11,17,17,0,69,Gearbox,16,1:15.628,202.734,kph
2021,13,Dutch Grand Prix,2021-09-05,zandvoort,Circuit Park Zandvoort,mick_schumacher,MSC,Mick Schumacher,haas,Haas F1 Team,47,17,18,18,0,69,+3 Laps,19,1:15.927,201.936,kph
2021,13,Dutch Grand Prix,2021-09-05,zandvoort,Circuit Park Zandvoort,tsunoda,TSU,Yuki Tsunoda,alphatauri,AlphaTauri,22,14,19,R,0,48,Power Unit,17,1:15.783,202.319,kph
2021,13,Dutch Grand Prix,2021-09-05,zandvoort,Circuit Park Zandvoort,mazepin,MAZ,Nikita Mazepin,haas,Haas F1 Team,9,18,20,R,0,41,Hydraulics,20,1:16.066,201.567,kph
2021,14,Italian Grand Prix,2021-09-12,monza,Autodromo Nazionale di Monza,ricciardo,RIC,Daniel Ricciardo,mclaren,McLaren,3,2,1,1,26,53,Finished,1,1:24.812,245.894,kph
2021,14,Italian Grand Prix,2021-09-12,monza,Autodromo Nazionale di Monza,norris,NOR,Lando Norris,mclaren,McLaren,4,3,2,2,18,53,Finished,3,1:24.971,245.434,kph
2021,14,Italian Grand Prix,2021-09-12,monza,Autodromo Nazionale di Monza,bottas,BOT,Valtteri Bottas,mercedes,Mercedes,77,19,3,3,15,53,Finished,2,1:24.827,245.850,kph
2021,14,Italian Grand Prix,2021-09-12,monza,Autodromo Nazionale di Monza,leclerc,LEC,Charles Leclerc,ferrari,Ferrari,16,5,4,4,12,53,Finished,6,1:25.319,244.433,kph
2021,14,Italian Grand Prix,2021-09-12,monza,Autodromo Nazionale di Monza,perez,PER,Sergio Pérez,red_bull,Red Bull,11,8,5,5,10,53,Finished,4,1:25.156,244.901,kph
2021,14,Italian Grand Prix,2021-09-12,monza,Autodromo Nazionale di Monza,sainz,SAI,Carlos Sainz,ferrari,Ferrari,55,6,6,6,8,53,Finished,8,1:25.559,243.747,kph
2021,14,Italian Grand Prix,2021-09-12,monza,Autodromo Nazionale di Monza,stroll,STR,Lance Stroll,aston_martin,Aston Martin,18,9,7,7,6,53,Finished,13,1:25.853,242.912,kph
2021,14,Italian Grand Prix,2021-09-12,monza,Autodromo Nazionale di Monza,alonso,ALO,Fernando Alonso,alpine,Alpine F1 Team,14,10,8,8,4,53,Finished,7,1:25.472,243.995,kph
2021,14,Italian Grand Prix,2021-09-12,monza,Autodromo Nazionale di Monza,russell,RUS,George Russell,williams,Williams,63,14,9,9,2,53,Finished,11,1:25.835,242.963,kph
2021,14,Italian Grand Prix,2021-09-12,monza,Autodromo Nazionale di Monza,ocon,OCO,Esteban Ocon,alpine,Alpine F1 Team,31,12,10,10,1,53,Finished,9,1:25.566,243.727,kph
2021,14,Italian Grand Prix,2021-09-12,monza,Autodromo Nazionale di Monza,latifi,LAT,Nicholas Latifi,williams,Williams,6,13,11,11,0,53,Finished,16,1:25.953,242.630,kph
2021,14,Italian Grand Prix,2021-09-12,monza,Autodromo Nazionale di Monza,vettel,VET,Sebastian Vettel,aston_martin,Aston Martin,5,11,12,12,0,53,Finished,15,1:25.938,242.672,kph
2021,14,Italian Grand Prix,2021-09-12,monza,Autodromo Nazionale di Monza,giovinazzi,GIO,Antonio Giovinazzi,alfa,Alfa Romeo,99,7,13,13,0,53,Finished,10,1:25.718,243.295,kph
2021,14,Italian Grand Prix,2021-09-12,monza,Autodromo Nazionale di Monza,kubica,KUB,Robert Kubica,alfa,Alfa Romeo,88,17,14,14,0,53,Finished,12,1:25.849,242.924,kph
2021,14,Italian Grand Prix,2021-09-12,monza,Autodromo Nazionale di Monza,mick_schumacher,MSC,Mick Schumacher,haas,Haas F1 Team,47,18,15,15,0,53,Finished,17,1:26.707,240.520,kph
2021,14,Italian Grand Prix,2021-09-12,monza,Autodromo Nazionale di Monza,mazepin,MAZ,Nikita Mazepin,haas,Haas F1 Team,9,16,16,R,0,41,Power Unit,18,1:27.202,239.155,kph
2021,14,Italian Grand Prix,2021-09-12,monza,Autodromo Nazionale di Monza,hamilton,HAM,Lewis Hamilton,mercedes,Mercedes,44,4,17,R,0,25,Collision,14,1:25.870,242.864,kph
2021,14,Italian Grand Prix,2021-09-12,monza,Autodromo Nazionale di Monza,max_verstappen,VER,Max Verstappen,red_bull,Red Bull,33,1,18,R,0,25,Collision,5,1:25.173,244.852,kph
2021,14,Italian Grand Prix,2021-09-12,monza,Autodromo Nazionale di Monza,gasly,GAS,Pierre Gasly,alphatauri,AlphaTauri,10,0,19,R,0,3,Suspension,19,1:29.005,234.310,kph
2021,14,Italian Grand Prix,2021-09-12,monza,Autodromo Nazionale di Monza,tsunoda,TSU,Yuki Tsunoda,alphatauri,AlphaTauri,22,0,20,W,0,0,Brakes,,,,
2021,15,Russian Grand Prix,2021-09-26,sochi,Sochi Autodrom,hamilton,HAM,Lewis Hamilton,mercedes,Mercedes,44,4,1,1,25,53,Finished,2,1:37.575,215.760,kph
2021,15,Russian Grand Prix,2021-09-26,sochi,Sochi Autodrom,max_verstappen,VER,Max Verstappen,red_bull,Red Bull,33,20,2,2,18,53,Finished,5,1:38.396,213.959,kph
2021,15,Russian Grand Prix,2021-09-26,sochi,Sochi Autodrom,sainz,SAI,Carlos Sainz,ferrari,Ferrari,55,2,3,3,15,53,Finished,12,1:39.294,212.024,kph
2021,15,Russian Grand Prix,2021-09-26,sochi,Sochi Autodrom,ricciardo,RIC,Daniel Ricciardo,mclaren,McLaren,3,5,4,4,12,53,Finished,9,1:39.124,212.388,kph
2021,15,Russian Grand Prix,2021-09-26,sochi,Sochi Autodrom,bottas,BOT,Valtteri Bottas,mercedes,Mercedes,77,16,5,5,10,53,Finished,3,1:38.216,214.352,kph
2021,15,Russian Grand Prix,2021-09-26,sochi,Sochi Autodrom,alonso,ALO,Fernando Alonso,alpine,Alpine F1 Team,14,6,6,6,8,53,Finished,6,1:38.686,213.331,kph
2021,15,Russian Grand Prix,2021-09-26,sochi,Sochi Autodrom,norris,NOR,Lando Norris,mclaren,McLaren,4,1,7,7,7,53,Finished,1,1:37.423,216.096,kph
2021,15,Russian Grand Prix,2021-09-26,sochi,Sochi Autodrom,raikkonen,RAI,Kimi Räikkönen,alfa,Alfa Romeo,7,13,8,8,4,53,Finished,16,1:40.289,209.921,kph
2021,15,Russian Grand Prix,2021-09-26,sochi,Sochi Autodrom,perez,PER,Sergio Pérez,red_bull,Red Bull,11,8,9,9,2,53,Finished,10,1:39.215,212.193,kph
2021,15,Russian Grand Prix,2021-09-26,sochi,Sochi Autodrom,russell,RUS,George Russell,williams,Williams,63,3,10,10,1,53,Finished,18,1:40.596,209.280,kph
2021,15,Russian Grand Prix,2021-09-26,sochi,Sochi Autodrom,stroll,STR,Lance Stroll,aston_martin,Aston Martin,18,7,11,11,0,53,Finished,17,1:40.464,209.555,kph
2021,15,Russian Grand Prix,2021-09-26,sochi,Sochi Autodrom,vettel,VET,Sebastian Vettel,aston_martin,Aston Martin,5,10,12,12,0,52,+1 Lap,11,1:39.251,212.116,kph
2021,15,Russian Grand Prix,2021-09-26,sochi,Sochi Autodrom,gasly,GAS,Pierre Gasly,alphatauri,AlphaTauri,10,11,13,13,0,52,+1 Lap,4,1:38.279,214.214,kph
2021,15,Russian Grand Prix,2021-09-26,sochi,Sochi Autodrom,ocon,OCO,Esteban Ocon,alpine,Alpine F1 Team,31,9,14,14,0,52,+1 Lap,19,1:40.598,209.276,kph
2021,15,Russian Grand Prix,2021-09-26,sochi,Sochi Autodrom,leclerc,LEC,Charles Leclerc,ferrari,Ferrari,16,19,15,15,0,52,+1 Lap,7,1:38.994,212.667,kph
2021,15,Russian Grand Prix,2021-09-26,sochi,Sochi Autodrom,giovinazzi,GIO,Antonio Giovinazzi,alfa,Alfa Romeo,99,17,16,16,0,52,+1 Lap,8,1:39.058,212.530,kph
2021,15,Russian Grand Prix,2021-09-26,sochi,Sochi Autodrom,tsunoda,TSU,Yuki Tsunoda,alphatauri,AlphaTauri,22,12,17,17,0,52,+1 Lap,13,1:39.960,210.612,kph
2021,15,Russian Grand Prix,2021-09-26,sochi,Sochi Autodrom,mazepin,MAZ,Nikita Mazepin,haas,Haas F1 Team,9,15,18,18,0,51,+2 Laps,20,1:41.713,206.982,kph
2021,15,Russian Grand Prix,2021-09-26,sochi,Sochi Autodrom,latifi,LAT,Nicholas Latifi,williams,Williams,6,18,19,19,0,47,Accident,14,1:40.000,210.528,kph
2021,15,Russian Grand Prix,2021-09-26,sochi,Sochi Autodrom,mick_schumacher,MSC,Mick Schumacher,haas,Haas F1 Team,47,14,20,R,0,32,Oil leak,15,1:40.276,209.948,kph
2021,16,Turkish Grand Prix,2021-10-10,istanbul,Istanbul Park,bottas,BOT,Valtteri Bottas,mercedes,Mercedes,77,1,1,1,26,58,Finished,1,1:30.432,212.500,kph
2021,16,Turkish Grand Prix,2021-10-10,istanbul,Istanbul Park,max_verstappen,VER,Max Verstappen,red_bull,Red Bull,33,2,2,2,18,58,Finished,9,1:32.759,207.169,kph
2021,16,Turkish Grand Prix,2021-10-10,istanbul,Istanbul Park,perez,PER,Sergio Pérez,red_bull,Red Bull,11,6,3,3,15,58,Finished,4,1:32.459,207.841,kph
2021,16,Turkish Grand Prix,2021-10-10,istanbul,Istanbul Park,leclerc,LEC,Charles Leclerc,ferrari,Ferrari,16,3,4,4,12,58,Finished,8,1:32.737,207.218,kph
2021,16,Turkish Grand Prix,2021-10-10,istanbul,Istanbul Park,hamilton,HAM,Lewis Hamilton,mercedes,Mercedes,44,11,5,5,10,58,Finished,10,1:32.763,207.160,kph
2021,16,Turkish Grand Prix,2021-10-10,istanbul,Istanbul Park,gasly,GAS,Pierre Gasly,alphatauri,AlphaTauri,10,4,6,6,8,58,Finished,11,1:32.814,207.046,kph
2021,16,Turkish Grand Prix,2021-10-10,istanbul,Istanbul Park,norris,NOR,Lando Norris,mclaren,McLaren,4,7,7,7,6,58,Finished,3,1:32.446,207.870,kph
2021,16,Turkish Grand Prix,2021-10-10,istanbul,Istanbul Park,sainz,SAI,Carlos Sainz,ferrari,Ferrari,55,19,8,8,4,58,Finished,2,1:31.921,209.057,kph
2021,16,Turkish Grand Prix,2021-10-10,istanbul,Istanbul Park,stroll,STR,Lance Stroll,aston_martin,Aston Martin,18,8,9,9,2,58,Finished,6,1:32.608,207.506,kph
2021,16,Turkish Grand Prix,2021-10-10,istanbul,Istanbul Park,ocon,OCO,Esteban Ocon,alpine,Alpine F1 Team,31,12,10,10,1,57,+1 Lap,19,1:34.584,203.171,kph
2021,16,Turkish Grand Prix,2021-10-10,istanbul,Istanbul Park,giovinazzi,GIO,Antonio Giovinazzi,alfa,Alfa Romeo,99,16,11,11,0,57,+1 Lap,13,1:32.904,206.845,kph
2021,16,Turkish Grand Prix,2021-10-10,istanbul,Istanbul Park,raikkonen,RAI,Kimi Räikkönen,alfa,Alfa Romeo,7,17,12,12,0,57,+1 Lap,5,1:32.586,207.556,kph
2021,16,Turkish Grand Prix,2021-10-10,istanbul,Istanbul Park,ricciardo,RIC,Daniel Ricciardo,mclaren,McLaren,3,20,13,13,0,57,+1 Lap,15,1:33.255,206.067,kph
2021,16,Turkish Grand Prix,2021-10-10,istanbul,Istanbul Park,tsunoda,TSU,Yuki Tsunoda,alphatauri,AlphaTauri,22,9,14,14,0,57,+1 Lap,12,1:32.844,206.979,kph
2021,16,Turkish Grand Prix,2021-10-10,istanbul,Istanbul Park,russell,RUS,George Russell,williams,Williams,63,13,15,15,0,57,+1 Lap,16,1:33.399,205.749,kph
2021,16,Turkish Grand Prix,2021-10-10,istanbul,Istanbul Park,alonso,ALO,Fernando Alonso,alpine,Alpine F1 Team,14,5,16,16,0,57,+1 Lap,14,1:33.252,206.073,kph
2021,16,Turkish Grand Prix,2021-10-10,istanbul,Istanbul Park,latifi,LAT,Nicholas Latifi,williams,Williams,6,15,17,17,0,57,+1 Lap,17,1:33.672,205.149,kph
2021,16,Turkish Grand Prix,2021-10-10,istanbul,Istanbul Park,vettel,VET,Sebastian Vettel,aston_martin,Aston Martin,5,10,18,18,0,57,+1 Lap,7,1:32.730,207.233,kph
2021,16,Turkish Grand Prix,2021-10-10,istanbul,Istanbul Park,mick_schumacher,MSC,Mick Schumacher,haas,Haas F1 Team,47,14,19,19,0,56,+2 Laps,18,1:34.209,203.980,kph
2021,16,Turkish Grand Prix,2021-10-10,istanbul,Istanbul Park,mazepin,MAZ,Nikita Mazepin,haas,Haas F1 Team,9,18,20,20,0,56,+2 Laps,20,1:35.438,201.353,kph
2021,17,United States Grand Prix,2021-10-24,americas,Circuit of the Americas,max_verstappen,VER,Max Verstappen,red_bull,Red Bull,33,1,1,1,25,56,Finished,2,1:39.096,200.278,kph
2021,17,United States Grand Prix,2021-10-24,americas,Circuit of the Americas,hamilton,HAM,Lewis Hamilton,mercedes,Mercedes,44,2,2,2,19,56,Finished,1,1:38.485,201.521,kph
2021,17,United States Grand Prix,2021-10-24,americas,Circuit of the Americas,perez,PER,Sergio Pérez,red_bull,Red Bull,11,3,3,3,15,56,Finished,4,1:39.566,199.333,kph
2021,17,United States Grand Prix,2021-10-24,americas,Circuit of the Americas,leclerc,LEC,Charles Leclerc,ferrari,Ferrari,16,4,4,4,12,56,Finished,3,1:39.303,199.861,kph
2021,17,United States Grand Prix,2021-10-24,americas,Circuit of the Americas,ricciardo,RIC,Daniel Ricciardo,mclaren,McLaren,3,6,5,5,10,56,Finished,8,1:40.345,197.785,kph
2021,17,United States Grand Prix,2021-10-24,americas,Circuit of the Americas,bottas,BOT,Valtteri Bottas,mercedes,Mercedes,77,9,6,6,8,56,Finished,6,1:40.147,198.176,kph
2021,17,United States Grand Prix,2021-10-24,americas,Circuit of the Americas,sainz,SAI,Carlos Sainz,ferrari,Ferrari,55,5,7,7,6,56,Finished,9,1:40.377,197.722,kph
2021,17,United States Grand Prix,2021-10-24,americas,Circuit of the Americas,norris,NOR,Lando Norris,mclaren,McLaren,4,7,8,8,4,56,Finished,7,1:40.228,198.016,kph
2021,17,United States Grand Prix,2021-10-24,americas,Circuit of the Americas,tsunoda,TSU,Yuki Tsunoda,alphatauri,AlphaTauri,22,10,9,9,2,55,+1 Lap,13,1:41.151,196.209,kph
2021,17,United States Grand Prix,2021-10-24,americas,Circuit of the Americas,vettel,VET,Sebastian Vettel,aston_martin,Aston Martin,5,18,10,10,1,55,+1 Lap,10,1:40.481,197.517,kph
2021,17,United States Grand Prix,2021-10-24,americas,Circuit of the Americas,giovinazzi,GIO,Antonio Giovinazzi,alfa,Alfa Romeo,99,12,11,11,0,55,+1 Lap,12,1:41.145,196.221,kph
2021,17,United States Grand Prix,2021-10-24,americas,Circuit of the Americas,stroll,STR,Lance Stroll,aston_martin,Aston Martin,18,13,12,12,0,55,+1 Lap,14,1:41.189,196.135,kph
2021,17,United States Grand Prix,2021-10-24,americas,Circuit of the Americas,raikkonen,RAI,Kimi Räikkönen,alfa,Alfa Romeo,7,15,13,13,0,55,+1 Lap,15,1:41.340,195.843,kph
2021,17,United States Grand Prix,2021-10-24,americas,Circuit of the Americas,russell,RUS,George Russell,williams,Williams,63,20,14,14,0,55,+1 Lap,11,1:41.120,196.269,kph
2021,17,United States Grand Prix,2021-10-24,americas,Circuit of the Americas,latifi,LAT,Nicholas Latifi,williams,Williams,6,14,15,15,0,55,+1 Lap,17,1:41.818,194.924,kph
2021,17,United States Grand Prix,2021-10-24,americas,Circuit of the Americas,mick_schumacher,MSC,Mick Schumacher,haas,Haas F1 Team,47,16,16,16,0,54,+2 Laps,16,1:41.395,195.737,kph
2021,17,United States Grand Prix,2021-10-24,americas,Circuit of the Americas,mazepin,MAZ,Nikita Mazepin,haas,Haas F1 Team,9,17,17,17,0,54,+2 Laps,20,1:42.886,192.900,kph
2021,17,United States Grand Prix,2021-10-24,americas,Circuit of the Americas,alonso,ALO,Fernando Alonso,alpine,Alpine F1 Team,14,19,18,R,0,49,Rear wing,5,1:40.067,198.335,kph
2021,17,United States Grand Prix,2021-10-24,americas,Circuit of the Americas,ocon,OCO,Esteban Ocon,alpine,Alpine F1 Team,31,11,19,R,0,40,Mechanical,19,1:42.194,194.207,kph
2021,17,United States Grand Prix,2021-10-24,americas,Circuit of the Americas,gasly,GAS,Pierre Gasly,alphatauri,AlphaTauri,10,8,20,R,0,14,Suspension,18,1:42.015,194.547,kph
2021,18,Mexico City Grand Prix,2021-11-07,rodriguez,Autódromo Hermanos Rodríguez,max_verstappen,VER,Max Verstappen,red_bull,Red Bull,33,3,1,1,25,71,Finished,2,1:18.999,196.134,kph
2021,18,Mexico City Grand Prix,2021-11-07,rodriguez,Autódromo Hermanos Rodríguez,hamilton,HAM,Lewis Hamilton,mercedes,Mercedes,44,2,2,2,18,71,Finished,4,1:19.820,194.116,kph
2021,18,Mexico City Grand Prix,2021-11-07,rodriguez,Autódromo Hermanos Rodríguez,perez,PER,Sergio Pérez,red_bull,Red Bull,11,4,3,3,15,71,Finished,3,1:19.468,194.976,kph
2021,18,Mexico City Grand Prix,2021-11-07,rodriguez,Autódromo Hermanos Rodríguez,gasly,GAS,Pierre Gasly,alphatauri,AlphaTauri,10,5,4,4,12,71,Finished,7,1:20.510,192.453,kph
2021,18,Mexico City Grand Prix,2021-11-07,rodriguez,Autódromo Hermanos Rodríguez,leclerc,LEC,Charles Leclerc,ferrari,Ferrari,16,8,5,5,10,71,Finished,9,1:20.665,192.083,kph
2021,18,Mexico City Grand Prix,2021-11-07,rodriguez,Autódromo Hermanos Rodríguez,sainz,SAI,Carlos Sainz,ferrari,Ferrari,55,6,6,6,8,70,+1 Lap,5,1:20.081,193.484,kph
2021,18,Mexico City Grand Prix,2021-11-07,rodriguez,Autódromo Hermanos Rodríguez,vettel,VET,Sebastian Vettel,aston_martin,Aston Martin,5,9,7,7,6,70,+1 Lap,6,1:20.460,192.572,kph
2021,18,Mexico City Grand Prix,2021-11-07,rodriguez,Autódromo Hermanos Rodríguez,raikkonen,RAI,Kimi Räikkönen,alfa,Alfa Romeo,7,10,8,8,4,70,+1 Lap,11,1:20.713,191.969,kph
2021,18,Mexico City Grand Prix,2021-11-07,rodriguez,Autódromo Hermanos Rodríguez,alonso,ALO,Fernando Alonso,alpine,Alpine F1 Team,14,12,9,9,2,70,+1 Lap,10,1:20.711,191.973,kph
2021,18,Mexico City Grand Prix,2021-11-07,rodriguez,Autódromo Hermanos Rodríguez,norris,NOR,Lando Norris,mclaren,McLaren,4,18,10,10,1,70,+1 Lap,8,1:20.617,192.197,kph
2021,18,Mexico City Grand Prix,2021-11-07,rodriguez,Autódromo Hermanos Rodríguez,giovinazzi,GIO,Antonio Giovinazzi,alfa,Alfa Romeo,99,11,11,11,0,70,+1 Lap,16,1:21.523,190.061,kph
2021,18,Mexico City Grand Prix,2021-11-07,rodriguez,Autódromo Hermanos Rodríguez,ricciardo,RIC,Daniel Ricciardo,mclaren,McLaren,3,7,12,12,0,70,+1 Lap,13,1:21.069,191.126,kph
2021,18,Mexico City Grand Prix,2021-11-07,rodriguez,Autódromo Hermanos Rodríguez,ocon,OCO,Esteban Ocon,alpine,Alpine F1 Team,31,19,13,13,0,70,+1 Lap,14,1:21.348,190.470,kph
2021,18,Mexico City Grand Prix,2021-11-07,rodriguez,Autódromo Hermanos Rodríguez,stroll,STR,Lance Stroll,aston_martin,Aston Martin,18,20,14,14,0,69,+2 Laps,12,1:20.930,191.454,kph
2021,18,Mexico City Grand Prix,2021-11-07,rodriguez,Autódromo Hermanos Rodríguez,bottas,BOT,Valtteri Bottas,mercedes,Mercedes,77,1,15,15,0,69,+2 Laps,1,1:17.774,199.223,kph
2021,18,Mexico City Grand Prix,2021-11-07,rodriguez,Autódromo Hermanos Rodríguez,russell,RUS,George Russell,williams,Williams,63,16,16,16,0,69,+2 Laps,18,1:22.016,188.919,kph
2021,18,Mexico City Grand Prix,2021-11-07,rodriguez,Autódromo Hermanos Rodríguez,latifi,LAT,Nicholas Latifi,williams,Williams,6,13,17,17,0,69,+2 Laps,17,1:21.546,190.008,kph
2021,18,Mexico City Grand Prix,2021-11-07,rodriguez,Autódromo Hermanos Rodríguez,mazepin,MAZ,Nikita Mazepin,haas,Haas F1 Team,9,15,18,18,0,68,+3 Laps,15,1:21.402,190.344,kph
2021,18,Mexico City Grand Prix,2021-11-07,rodriguez,Autódromo Hermanos Rodríguez,mick_schumacher,MSC,Mick Schumacher,haas,Haas F1 Team,47,14,19,R,0,0,Collision,,,,
2021,18,Mexico City Grand Prix,2021-11-07,rodriguez,Autódromo Hermanos Rodríguez,tsunoda,TSU,Yuki Tsunoda,alphatauri,AlphaTauri,22,17,20,R,0,0,Collision,,,,
2021,19,São Paulo Grand Prix,2021-11-14,interlagos,Autódromo José Carlos Pace,hamilton,HAM,Lewis Hamilton,mercedes,Mercedes,44,10,1,1,25,71,Finished,2,1:11.982,215.503,kph
2021,19,São Paulo Grand Prix,2021-11-14,interlagos,Autódromo José Carlos Pace,max_verstappen,VER,Max Verstappen,red_bull,Red Bull,33,2,2,2,18,71,Finished,3,1:12.486,214.005,kph
2021,19,São Paulo Grand Prix,2021-11-14,interlagos,Autódromo José Carlos Pace,bottas,BOT,Valtteri Bottas,mercedes,Mercedes,77,1,3,3,15,71,Finished,4,1:12.526,213.887,kph
2021,19,São Paulo Grand Prix,2021-11-14,interlagos,Autódromo José Carlos Pace,perez,PER,Sergio Pérez,red_bull,Red Bull,11,4,4,4,13,71,Finished,1,1:11.010,218.453,kph
2021,19,São Paulo Grand Prix,2021-11-14,interlagos,Autódromo José Carlos Pace,leclerc,LEC,Charles Leclerc,ferrari,Ferrari,16,6,5,5,10,71,Finished,7,1:12.822,213.018,kph
2021,19,São Paulo Grand Prix,2021-11-14,interlagos,Autódromo José Carlos Pace,sainz,SAI,Carlos Sainz,ferrari,Ferrari,55,3,6,6,8,71,Finished,6,1:12.710,213.346,kph
2021,19,São Paulo Grand Prix,2021-11-14,interlagos,Autódromo José Carlos Pace,gasly,GAS,Pierre Gasly,alphatauri,AlphaTauri,10,7,7,7,6,70,+1 Lap,8,1:13.227,211.839,kph
2021,19,São Paulo Grand Prix,2021-11-14,interlagos,Autódromo José Carlos Pace,ocon,OCO,Esteban Ocon,alpine,Alpine F1 Team,31,8,8,8,4,70,+1 Lap,16,1:14.430,208.415,kph
2021,19,São Paulo Grand Prix,2021-11-14,interlagos,Autódromo José Carlos Pace,alonso,ALO,Fernando Alonso,alpine,Alpine F1 Team,14,12,9,9,2,70,+1 Lap,12,1:13.922,209.848,kph
2021,19,São Paulo Grand Prix,2021-11-14,interlagos,Autódromo José Carlos Pace,norris,NOR,Lando Norris,mclaren,McLaren,4,5,10,10,1,70,+1 Lap,10,1:13.761,210.306,kph
2021,19,São Paulo Grand Prix,2021-11-14,interlagos,Autódromo José Carlos Pace,vettel,VET,Sebastian Vettel,aston_martin,Aston Martin,5,9,11,11,0,70,+1 Lap,9,1:13.634,210.668,kph
2021,19,São Paulo Grand Prix,2021-11-14,interlagos,Autódromo José Carlos Pace,raikkonen,RAI,Kimi Räikkönen,alfa,Alfa Romeo,7,0,12,12,0,70,+1 Lap,5,1:12.621,213.607,kph
2021,19,São Paulo Grand Prix,2021-11-14,interlagos,Autódromo José Carlos Pace,russell,RUS,George Russell,williams,Williams,63,17,13,13,0,70,+1 Lap,15,1:14.355,208.626,kph
2021,19,São Paulo Grand Prix,2021-11-14,interlagos,Autódromo José Carlos Pace,giovinazzi,GIO,Antonio Giovinazzi,alfa,Alfa Romeo,99,13,14,14,0,70,+1 Lap,14,1:14.227,208.985,kph
2021,19,São Paulo Grand Prix,2021-11-14,interlagos,Autódromo José Carlos Pace,tsunoda,TSU,Yuki Tsunoda,alphatauri,AlphaTauri,22,15,15,15,0,70,+1 Lap,13,1:14.204,209.050,kph
2021,19,São Paulo Grand Prix,2021-11-14,interlagos,Autódromo José Carlos Pace,latifi,LAT,Nicholas Latifi,williams,Williams,6,16,16,16,0,70,+1 Lap,18,1:14.616,207.896,kph
2021,19,São Paulo Grand Prix,2021-11-14,interlagos,Autódromo José Carlos Pace,mazepin,MAZ,Nikita Mazepin,haas,Haas F1 Team,9,19,17,17,0,69,+2 Laps,19,1:14.954,206.958,kph
2021,19,São Paulo Grand Prix,2021-11-14,interlagos,Autódromo José Carlos Pace,mick_schumacher,MSC,Mick Schumacher,haas,Haas F1 Team,47,18,18,18,0,69,+2 Laps,11,1:13.793,210.215,kph
2021,19,São Paulo Grand Prix,2021-11-14,interlagos,Autódromo José Carlos Pace,ricciardo,RIC,Daniel Ricciardo,mclaren,McLaren,3,11,19,R,0,49,Power loss,17,1:14.443,208.379,kph
2021,19,São Paulo Grand Prix,2021-11-14,interlagos,Autódromo José Carlos Pace,stroll,STR,Lance Stroll,aston_martin,Aston Martin,18,14,20,R,0,47,Collision damage,20,1:15.344,205.887,kph
2021,20,Qatar Grand Prix,2021-11-21,losail,Losail International Circuit,hamilton,HAM,Lewis Hamilton,mercedes,Mercedes,44,1,1,1,25,57,Finished,2,1:25.084,227.633,kph
2021,20,Qatar Grand Prix,2021-11-21,losail,Losail International Circuit,max_verstappen,VER,Max Verstappen,red_bull,Red Bull,33,7,2,2,19,57,Finished,1,1:23.196,232.799,kph
2021,20,Qatar Grand Prix,2021-11-21,losail,Losail International Circuit,alonso,ALO,Fernando Alonso,alpine,Alpine F1 Team,14,3,3,3,15,57,Finished,10,1:26.682,223.437,kph
2021,20,Qatar Grand Prix,2021-11-21,losail,Losail International Circuit,perez,PER,Sergio Pérez,red_bull,Red Bull,11,11,4,4,12,57,Finished,3,1:25.613,226.227,kph
2021,20,Qatar Grand Prix,2021-11-21,losail,Losail International Circuit,ocon,OCO,Esteban Ocon,alpine,Alpine F1 Team,31,9,5,5,10,57,Finished,13,1:27.061,222.464,kph
2021,20,Qatar Grand Prix,2021-11-21,losail,Losail International Circuit,stroll,STR,Lance Stroll,aston_martin,Aston Martin,18,12,6,6,8,57,Finished,17,1:27.356,221.713,kph
2021,20,Qatar Grand Prix,2021-11-21,losail,Losail International Circuit,sainz,SAI,Carlos Sainz,ferrari,Ferrari,55,5,7,7,6,57,Finished,9,1:26.570,223.726,kph
2021,20,Qatar Grand Prix,2021-11-21,losail,Losail International Circuit,leclerc,LEC,Charles Leclerc,ferrari,Ferrari,16,13,8,8,4,57,Finished,8,1:26.555,223.765,kph
2021,20,Qatar Grand Prix,2021-11-21,losail,Losail International Circuit,norris,NOR,Lando Norris,mclaren,McLaren,4,4,9,9,2,56,+1 Lap,4,1:25.746,225.876,kph
2021,20,Qatar Grand Prix,2021-11-21,losail,Losail International Circuit,vettel,VET,Sebastian Vettel,aston_martin,Aston Martin,5,10,10,10,1,56,+1 Lap,7,1:26.434,224.078,kph
2021,20,Qatar Grand Prix,2021-11-21,losail,Losail International Circuit,gasly,GAS,Pierre Gasly,alphatauri,AlphaTauri,10,2,11,11,0,56,+1 Lap,11,1:27.019,222.572,kph
2021,20,Qatar Grand Prix,2021-11-21,losail,Losail International Circuit,ricciardo,RIC,Daniel Ricciardo,mclaren,McLaren,3,14,12,12,0,56,+1 Lap,14,1:27.198,222.115,kph
2021,20,Qatar Grand Prix,2021-11-21,losail,Losail International Circuit,tsunoda,TSU,Yuki Tsunoda,alphatauri,AlphaTauri,22,8,13,13,0,56,+1 Lap,12,1:27.043,222.510,kph
2021,20,Qatar Grand Prix,2021-11-21,losail,Losail International Circuit,raikkonen,RAI,Kimi Räikkönen,alfa,Alfa Romeo,7,16,14,14,0,56,+1 Lap,6,1:26.358,224.275,kph
2021,20,Qatar Grand Prix,2021-11-21,losail,Losail International Circuit,giovinazzi,GIO,Antonio Giovinazzi,alfa,Alfa Romeo,99,18,15,15,0,56,+1 Lap,18,1:27.823,220.534,kph
2021,20,Qatar Grand Prix,2021-11-21,losail,Losail International Circuit,mick_schumacher,MSC,Mick Schumacher,haas,Haas F1 Team,47,19,16,16,0,56,+1 Lap,19,1:28.412,219.065,kph
2021,20,Qatar Grand Prix,2021-11-21,losail,Losail International Circuit,russell,RUS,George Russell,williams,Williams,63,15,17,17,0,55,+2 Laps,5,1:25.768,225.818,kph
2021,20,Qatar Grand Prix,2021-11-21,losail,Losail International Circuit,mazepin,MAZ,Nikita Mazepin,haas,Haas F1 Team,9,20,18,18,0,55,+2 Laps,16,1:27.340,221.754,kph
2021,20,Qatar Grand Prix,2021-11-21,losail,Losail International Circuit,latifi,LAT,Nicholas Latifi,williams,Williams,6,17,19,R,0,50,Puncture,20,1:28.732,218.275,kph
2021,20,Qatar Grand Prix,2021-11-21,losail,Losail International Circuit,bottas,BOT,Valtteri Bottas,mercedes,Mercedes,77,6,20,R,0,48,Damage,15,1:27.246,221.992,kph
2021,21,Saudi Arabian Grand Prix,2021-12-05,jeddah,Jeddah Corniche Circuit,hamilton,HAM,Lewis Hamilton,mercedes,Mercedes,44,1,1,1,26,50,Finished,1,1:30.734,244.962,kph
2021,21,Saudi Arabian Grand Prix,2021-12-05,jeddah,Jeddah Corniche Circuit,max_verstappen,VER,Max Verstappen,red_bull,Red Bull,33,3,2,2,18,50,Finished,3,1:31.488,242.943,kph
2021,21,Saudi Arabian Grand Prix,2021-12-05,jeddah,Jeddah Corniche Circuit,bottas,BOT,Valtteri Bottas,mercedes,Mercedes,77,2,3,3,15,50,Finished,2,1:31.408,243.155,kph
2021,21,Saudi Arabian Grand Prix,2021-12-05,jeddah,Jeddah Corniche Circuit,ocon,OCO,Esteban Ocon,alpine,Alpine F1 Team,31,9,4,4,12,50,Finished,6,1:31.797,242.125,kph
2021,21,Saudi Arabian Grand Prix,2021-12-05,jeddah,Jeddah Corniche Circuit,ricciardo,RIC,Daniel Ricciardo,mclaren,McLaren,3,11,5,5,10,50,Finished,11,1:32.716,239.725,kph
2021,21,Saudi Arabian Grand Prix,2021-12-05,jeddah,Jeddah Corniche Circuit,gasly,GAS,Pierre Gasly,alphatauri,AlphaTauri,10,6,6,6,8,50,Finished,9,1:32.297,240.813,kph
2021,21,Saudi Arabian Grand Prix,2021-12-05,jeddah,Jeddah Corniche Circuit,leclerc,LEC,Charles Leclerc,ferrari,Ferrari,16,4,7,7,6,50,Finished,4,1:31.601,242.643,kph
2021,21,Saudi Arabian Grand Prix,2021-12-05,jeddah,Jeddah Corniche Circuit,sainz,SAI,Carlos Sainz,ferrari,Ferrari,55,15,8,8,4,50,Finished,7,1:31.851,241.983,kph
2021,21,Saudi Arabian Grand Prix,2021-12-05,jeddah,Jeddah Corniche Circuit,giovinazzi,GIO,Antonio Giovinazzi,alfa,Alfa Romeo,99,10,9,9,2,50,Finished,15,1:32.865,239.340,kph
2021,21,Saudi Arabian Grand Prix,2021-12-05,jeddah,Jeddah Corniche Circuit,norris,NOR,Lando Norris,mclaren,McLaren,4,7,10,10,1,50,Finished,8,1:31.914,241.817,kph
2021,21,Saudi Arabian Grand Prix,2021-12-05,jeddah,Jeddah Corniche Circuit,stroll,STR,Lance Stroll,aston_martin,Aston Martin,18,18,11,11,0,50,Finished,14,1:32.804,239.498,kph
2021,21,Saudi Arabian Grand Prix,2021-12-05,jeddah,Jeddah Corniche Circuit,latifi,LAT,Nicholas Latifi,williams,Williams,6,16,12,12,0,50,Finished,12,1:32.751,239.635,kph
2021,21,Saudi Arabian Grand Prix,2021-12-05,jeddah,Jeddah Corniche Circuit,alonso,ALO,Fernando Alonso,alpine,Alpine F1 Team,14,13,13,13,0,49,+1 Lap,5,1:31.633,242.558,kph
2021,21,Saudi Arabian Grand Prix,2021-12-05,jeddah,Jeddah Corniche Circuit,tsunoda,TSU,Yuki Tsunoda,alphatauri,AlphaTauri,22,8,14,14,0,49,+1 Lap,10,1:32.506,240.269,kph
2021,21,Saudi Arabian Grand Prix,2021-12-05,jeddah,Jeddah Corniche Circuit,raikkonen,RAI,Kimi Räikkönen,alfa,Alfa Romeo,7,12,15,15,0,49,+1 Lap,13,1:32.778,239.565,kph
2021,21,Saudi Arabian Grand Prix,2021-12-05,jeddah,Jeddah Corniche Circuit,vettel,VET,Sebastian Vettel,aston_martin,Aston Martin,5,17,16,R,0,44,Collision damage,16,1:34.030,236.375,kph
2021,21,Saudi Arabian Grand Prix,2021-12-05,jeddah,Jeddah Corniche Circuit,perez,PER,Sergio Pérez,red_bull,Red Bull,11,5,17,R,0,14,Collision,17,1:34.138,236.104,kph
2021,21,Saudi Arabian Grand Prix,2021-12-05,jeddah,Jeddah Corniche Circuit,mazepin,MAZ,Nikita Mazepin,haas,Haas F1 Team,9,20,18,R,0,14,Collision,20,1:37.043,229.036,kph
2021,21,Saudi Arabian Grand Prix,2021-12-05,jeddah,Jeddah Corniche Circuit,russell,RUS,George Russell,williams,Williams,63,14,19,R,0,14,Collision,19,1:36.130,231.211,kph
2021,21,Saudi Arabian Grand Prix,2021-12-05,jeddah,Jeddah Corniche Circuit,mick_schumacher,MSC,Mick Schumacher,haas,Haas F1 Team,47,19,20,R,0,8,Accident,18,1:36.043,231.421,kph
2021,22,Abu Dhabi Grand Prix,2021-12-12,yas_marina,Yas Marina Circuit,max_verstappen,VER,Max Verstappen,red_bull,Red Bull,33,1,1,1,26,58,Finished,1,1:26.103,220.800,kph
2021,22,Abu Dhabi Grand Prix,2021-12-12,yas_marina,Yas Marina Circuit,hamilton,HAM,Lewis Hamilton,mercedes,Mercedes,44,2,2,2,18,58,Finished,3,1:26.615,219.495,kph
2021,22,Abu Dhabi Grand Prix,2021-12-12,yas_marina,Yas Marina Circuit,sainz,SAI,Carlos Sainz,ferrari,Ferrari,55,5,3,3,15,58,Finished,9,1:27.618,216.982,kph
2021,22,Abu Dhabi Grand Prix,2021-12-12,yas_marina,Yas Marina Circuit,tsunoda,TSU,Yuki Tsunoda,alphatauri,AlphaTauri,22,8,4,4,12,58,Finished,7,1:27.496,217.285,kph
2021,22,Abu Dhabi Grand Prix,2021-12-12,yas_marina,Yas Marina Circuit,gasly,GAS,Pierre Gasly,alphatauri,AlphaTauri,10,12,5,5,10,58,Finished,6,1:27.342,217.668,kph
2021,22,Abu Dhabi Grand Prix,2021-12-12,yas_marina,Yas Marina Circuit,bottas,BOT,Valtteri Bottas,mercedes,Mercedes,77,6,6,6,8,58,Finished,5,1:26.862,218.871,kph
2021,22,Abu Dhabi Grand Prix,2021-12-12,yas_marina,Yas Marina Circuit,norris,NOR,Lando Norris,mclaren,McLaren,4,3,7,7,6,58,Finished,4,1:26.762,219.123,kph
2021,22,Abu Dhabi Grand Prix,2021-12-12,yas_marina,Yas Marina Circuit,alonso,ALO,Fernando Alonso,alpine,Alpine F1 Team,14,11,8,8,4,58,Finished,8,1:27.607,217.010,kph
2021,22,Abu Dhabi Grand Prix,2021-12-12,yas_marina,Yas Marina Circuit,ocon,OCO,Esteban Ocon,alpine,Alpine F1 Team,31,9,9,9,2,58,Finished,10,1:28.249,215.431,kph
2021,22,Abu Dhabi Grand Prix,2021-12-12,yas_marina,Yas Marina Circuit,leclerc,LEC,Charles Leclerc,ferrari,Ferrari,16,7,10,10,1,58,Finished,12,1:28.433,214.983,kph
2021,22,Abu Dhabi Grand Prix,2021-12-12,yas_marina,Yas Marina Circuit,vettel,VET,Sebastian Vettel,aston_martin,Aston Martin,5,15,11,11,0,58,Finished,11,1:28.303,215.299,kph
2021,22,Abu Dhabi Grand Prix,2021-12-12,yas_marina,Yas Marina Circuit,ricciardo,RIC,Daniel Ricciardo,mclaren,McLaren,3,10,12,12,0,57,+1 Lap,14,1:28.723,214.280,kph
2021,22,Abu Dhabi Grand Prix,2021-12-12,yas_marina,Yas Marina Circuit,stroll,STR,Lance Stroll,aston_martin,Aston Martin,18,13,13,13,0,57,+1 Lap,13,1:28.567,214.657,kph
2021,22,Abu Dhabi Grand Prix,2021-12-12,yas_marina,Yas Marina Circuit,mick_schumacher,MSC,Mick Schumacher,haas,Haas F1 Team,47,19,14,14,0,57,+1 Lap,17,1:29.457,212.522,kph
2021,22,Abu Dhabi Grand Prix,2021-12-12,yas_marina,Yas Marina Circuit,perez,PER,Sergio Pérez,red_bull,Red Bull,11,4,15,15,0,55,Engine,2,1:26.419,219.993,kph
2021,22,Abu Dhabi Grand Prix,2021-12-12,yas_marina,Yas Marina Circuit,latifi,LAT,Nicholas Latifi,williams,Williams,6,16,16,R,0,50,Accident,15,1:29.293,212.912,kph
2021,22,Abu Dhabi Grand Prix,2021-12-12,yas_marina,Yas Marina Circuit,giovinazzi,GIO,Antonio Giovinazzi,alfa,Alfa Romeo,99,14,17,R,0,33,Gearbox,16,1:29.442,212.557,kph
2021,22,Abu Dhabi Grand Prix,2021-12-12,yas_marina,Yas Marina Circuit,russell,RUS,George Russell,williams,Williams,63,17,18,R,0,26,Gearbox,19,1:30.647,209.732,kph
2021,22,Abu Dhabi Grand Prix,2021-12-12,yas_marina,Yas Marina Circuit,raikkonen,RAI,Kimi Räikkönen,alfa,Alfa Romeo,7,18,19,R,0,25,Brakes,18,1:29.698,211.951,kph
2021,22,Abu Dhabi Grand Prix,2021-12-12,yas_marina,Yas Marina Circuit,mazepin,MAZ,Nikita Mazepin,haas,Haas F1 Team,9,20,20,W,0,0,Illness,,,,
2022,1,Bahrain Grand Prix,2022-03-20,bahrain,Bahrain International Circuit,leclerc,LEC,Charles Leclerc,ferrari,Ferrari,16,1,1,1,26,57,Finished,1,1:34.570,206.018,kph
2022,1,Bahrain Grand Prix,2022-03-20,bahrain,Bahrain International Circuit,sainz,SAI,Carlos Sainz,ferrari,Ferrari,55,3,2,2,18,57,Finished,3,1:35.740,203.501,kph
2022,1,Bahrain Grand Prix,2022-03-20,bahrain,Bahrain International Circuit,hamilton,HAM,Lewis Hamilton,mercedes,Mercedes,44,5,3,3,15,57,Finished,5,1:36.228,202.469,kph
2022,1,Bahrain Grand Prix,2022-03-20,bahrain,Bahrain International Circuit,russell,RUS,George Russell,mercedes,Mercedes,63,9,4,4,12,57,Finished,6,1:36.302,202.313,kph
2022,1,Bahrain Grand Prix,2022-03-20,bahrain,Bahrain International Circuit,kevin_magnussen,MAG,Kevin Magnussen,haas,Haas F1 Team,20,7,5,5,10,57,Finished,8,1:36.623,201.641,kph
2022,1,Bahrain Grand Prix,2022-03-20,bahrain,Bahrain International Circuit,bottas,BOT,Valtteri Bottas,alfa,Alfa Romeo,77,6,6,6,8,57,Finished,7,1:36.599,201.691,kph
2022,1,Bahrain Grand Prix,2022-03-20,bahrain,Bahrain International Circuit,ocon,OCO,Esteban Ocon,alpine,Alpine F1 Team,31,11,7,7,6,57,Finished,14,1:37.110,200.630,kph
2022,1,Bahrain Grand Prix,2022-03-20,bahrain,Bahrain International Circuit,tsunoda,TSU,Yuki Tsunoda,alphatauri,AlphaTauri,22,16,8,8,4,57,Finished,13,1:37.104,200.642,kph
2022,1,Bahrain Grand Prix,2022-03-20,bahrain,Bahrain International Circuit,alonso,ALO,Fernando Alonso,alpine,Alpine F1 Team,14,8,9,9,2,57,Finished,10,1:36.733,201.412,kph
2022,1,Bahrain Grand Prix,2022-03-20,bahrain,Bahrain International Circuit,zhou,ZHO,Guanyu Zhou,alfa,Alfa Romeo,24,15,10,10,1,57,Finished,9,1:36.685,201.512,kph
2022,1,Bahrain Grand Prix,2022-03-20,bahrain,Bahrain International Circuit,mick_schumacher,MSC,Mick Schumacher,haas,Haas F1 Team,47,12,11,11,0,57,Finished,11,1:36.956,200.948,kph
2022,1,Bahrain Grand Prix,2022-03-20,bahrain,Bahrain International Circuit,stroll,STR,Lance Stroll,aston_martin,Aston Martin,18,19,12,12,0,57,Finished,15,1:37.146,200.555,kph
2022,1,Bahrain Grand Prix,2022-03-20,bahrain,Bahrain International Circuit,albon,ALB,Alexander Albon,williams,Williams,23,14,13,13,0,57,Finished,18,1:37.355,200.125,kph
2022,1,Bahrain Grand Prix,2022-03-20,bahrain,Bahrain International Circuit,ricciardo,RIC,Daniel Ricciardo,mclaren,McLaren,3,18,14,14,0,57,Finished,16,1:37.261,200.318,kph
2022,1,Bahrain Grand Prix,2022-03-20,bahrain,Bahrain International Circuit,norris,NOR,Lando Norris,mclaren,McLaren,4,13,15,15,0,57,Finished,12,1:36.988,200.882,kph
2022,1,Bahrain Grand Prix,2022-03-20,bahrain,Bahrain International Circuit,latifi,LAT,Nicholas Latifi,williams,Williams,6,20,16,16,0,57,Finished,20,1:38.251,198.300,kph
2022,1,Bahrain Grand Prix,2022-03-20,bahrain,Bahrain International Circuit,hulkenberg,HUL,Nico Hülkenberg,aston_martin,Aston Martin,27,17,17,17,0,57,Finished,19,1:38.201,198.401,kph
2022,1,Bahrain Grand Prix,2022-03-20,bahrain,Bahrain International Circuit,perez,PER,Sergio Pérez,red_bull,Red Bull,11,4,18,18,0,56,Fuel pressure,4,1:36.089,202.762,kph
2022,1,Bahrain Grand Prix,2022-03-20,bahrain,Bahrain International Circuit,max_verstappen,VER,Max Verstappen,red_bull,Red Bull,1,2,19,19,0,54,Fuel pressure,2,1:35.440,204.140,kph
2022,1,Bahrain Grand Prix,2022-03-20,bahrain,Bahrain International Circuit,gasly,GAS,Pierre Gasly,alphatauri,AlphaTauri,10,10,20,R,0,44,Power Unit,17,1:37.324,200.189,kph
2022,2,Saudi Arabian Grand Prix,2022-03-27,jeddah,Jeddah Corniche Circuit,max_verstappen,VER,Max Verstappen,red_bull,Red Bull,1,4,1,1,25,50,Finished,2,1:31.772,242.191,kph
2022,2,Saudi Arabian Grand Prix,2022-03-27,jeddah,Jeddah Corniche Circuit,leclerc,LEC,Charles Leclerc,ferrari,Ferrari,16,2,2,2,19,50,Finished,1,1:31.634,242.556,kph
2022,2,Saudi Arabian Grand Prix,2022-03-27,jeddah,Jeddah Corniche Circuit,sainz,SAI,Carlos Sainz,ferrari,Ferrari,55,3,3,3,15,50,Finished,3,1:31.905,241.841,kph
2022,2,Saudi Arabian Grand Prix,2022-03-27,jeddah,Jeddah Corniche Circuit,perez,PER,Sergio Pérez,red_bull,Red Bull,11,1,4,4,12,50,Finished,4,1:32.042,241.481,kph
2022,2,Saudi Arabian Grand Prix,2022-03-27,jeddah,Jeddah Corniche Circuit,russell,RUS,George Russell,mercedes,Mercedes,63,6,5,5,10,50,Finished,7,1:32.821,239.454,kph
2022,2,Saudi Arabian Grand Prix,2022-03-27,jeddah,Jeddah Corniche Circuit,ocon,OCO,Esteban Ocon,alpine,Alpine F1 Team,31,5,6,6,8,50,Finished,9,1:33.103,238.729,kph
2022,2,Saudi Arabian Grand Prix,2022-03-27,jeddah,Jeddah Corniche Circuit,norris,NOR,Lando Norris,mclaren,McLaren,4,11,7,7,6,50,Finished,5,1:32.753,239.629,kph
2022,2,Saudi Arabian Grand Prix,2022-03-27,jeddah,Jeddah Corniche Circuit,gasly,GAS,Pierre Gasly,alphatauri,AlphaTauri,10,9,8,8,4,50,Finished,10,1:33.468,237.796,kph
2022,2,Saudi Arabian Grand Prix,2022-03-27,jeddah,Jeddah Corniche Circuit,kevin_magnussen,MAG,Kevin Magnussen,haas,Haas F1 Team,20,10,9,9,2,50,Finished,6,1:32.779,239.562,kph
2022,2,Saudi Arabian Grand Prix,2022-03-27,jeddah,Jeddah Corniche Circuit,hamilton,HAM,Lewis Hamilton,mercedes,Mercedes,44,15,10,10,1,50,Finished,8,1:32.997,239.001,kph
2022,2,Saudi Arabian Grand Prix,2022-03-27,jeddah,Jeddah Corniche Circuit,zhou,ZHO,Guanyu Zhou,alfa,Alfa Romeo,24,12,11,11,0,50,Finished,13,1:33.924,236.642,kph
2022,2,Saudi Arabian Grand Prix,2022-03-27,jeddah,Jeddah Corniche Circuit,hulkenberg,HUL,Nico Hülkenberg,aston_martin,Aston Martin,27,17,12,12,0,50,Finished,11,1:33.651,237.332,kph
2022,2,Saudi Arabian Grand Prix,2022-03-27,jeddah,Jeddah Corniche Circuit,stroll,STR,Lance Stroll,aston_martin,Aston Martin,18,13,13,13,0,49,+1 Lap,16,1:34.446,235.334,kph
2022,2,Saudi Arabian Grand Prix,2022-03-27,jeddah,Jeddah Corniche Circuit,albon,ALB,Alexander Albon,williams,Williams,23,16,14,14,0,47,Collision damage,15,1:34.368,235.528,kph
2022,2,Saudi Arabian Grand Prix,2022-03-27,jeddah,Jeddah Corniche Circuit,bottas,BOT,Valtteri Bottas,alfa,Alfa Romeo,77,8,15,R,0,36,Cooling system,14,1:33.979,236.503,kph
2022,2,Saudi Arabian Grand Prix,2022-03-27,jeddah,Jeddah Corniche Circuit,alonso,ALO,Fernando Alonso,alpine,Alpine F1 Team,14,7,16,R,0,35,Water pump,12,1:33.831,236.876,kph
2022,2,Saudi Arabian Grand Prix,2022-03-27,jeddah,Jeddah Corniche Circuit,ricciardo,RIC,Daniel Ricciardo,mclaren,McLaren,3,14,17,R,0,35,Gearbox,17,1:34.487,235.232,kph
2022,2,Saudi Arabian Grand Prix,2022-03-27,jeddah,Jeddah Corniche Circuit,latifi,LAT,Nicholas Latifi,williams,Williams,6,18,18,R,0,14,Accident,18,1:37.530,227.892,kph
2022,2,Saudi Arabian Grand Prix,2022-03-27,jeddah,Jeddah Corniche Circuit,tsunoda,TSU,Yuki Tsunoda,alphatauri,AlphaTauri,22,19,19,R,0,0,Power Unit,,,,
2022,2,Saudi Arabian Grand Prix,2022-03-27,jeddah,Jeddah Corniche Circuit,mick_schumacher,MSC,Mick Schumacher,haas,Haas F1 Team,47,0,20,W,0,0,Withdrew,,,,
2022,3,Australian Grand Prix,2022-04-10,albert_park,Albert Park Grand Prix Circuit,leclerc,LEC,Charles Leclerc,ferrari,Ferrari,16,1,1,1,26,58,Finished,1,1:20.260,236.740,kph
2022,3,Australian Grand Prix,2022-04-10,albert_park,Albert Park Grand Prix Circuit,perez,PER,Sergio Pérez,red_bull,Red Bull,11,3,2,2,18,58,Finished,3,1:21.094,234.305,kph
2022,3,Australian Grand Prix,2022-04-10,albert_park,Albert Park Grand Prix Circuit,russell,RUS,George Russell,mercedes,Mercedes,63,6,3,3,15,58,Finished,4,1:21.495,233.152,kph
2022,3,Australian Grand Prix,2022-04-10,albert_park,Albert Park Grand Prix Circuit,hamilton,HAM,Lewis Hamilton,mercedes,Mercedes,44,5,4,4,12,58,Finished,7,1:21.886,232.039,kph
2022,3,Australian Grand Prix,2022-04-10,albert_park,Albert Park Grand Prix Circuit,norris,NOR,Lando Norris,mclaren,McLaren,4,4,5,5,10,58,Finished,8,1:22.248,231.018,kph
2022,3,Australian Grand Prix,2022-04-10,albert_park,Albert Park Grand Prix Circuit,ricciardo,RIC,Daniel Ricciardo,mclaren,McLaren,3,7,6,6,8,58,Finished,9,1:22.451,230.449,kph
2022,3,Australian Grand Prix,2022-04-10,albert_park,Albert Park Grand Prix Circuit,ocon,OCO,Esteban Ocon,alpine,Alpine F1 Team,31,8,7,7,6,58,Finished,10,1:22.469,230.399,kph
2022,3,Australian Grand Prix,2022-04-10,albert_park,Albert Park Grand Prix Circuit,bottas,BOT,Valtteri Bottas,alfa,Alfa Romeo,77,12,8,8,4,58,Finished,5,1:21.651,232.707,kph
2022,3,Australian Grand Prix,2022-04-10,albert_park,Albert Park Grand Prix Circuit,gasly,GAS,Pierre Gasly,alphatauri,AlphaTauri,10,11,9,9,2,58,Finished,13,1:22.731,229.669,kph
2022,3,Australian Grand Prix,2022-04-10,albert_park,Albert Park Grand Prix Circuit,albon,ALB,Alexander Albon,williams,Williams,23,20,10,10,1,58,Finished,12,1:22.589,230.064,kph
2022,3,Australian Grand Prix,2022-04-10,albert_park,Albert Park Grand Prix Circuit,zhou,ZHO,Guanyu Zhou,alfa,Alfa Romeo,24,14,11,11,0,58,Finished,11,1:22.541,230.198,kph
2022,3,Australian Grand Prix,2022-04-10,albert_park,Albert Park Grand Prix Circuit,stroll,STR,Lance Stroll,aston_martin,Aston Martin,18,19,12,12,0,58,Finished,17,1:23.592,227.304,kph
2022,3,Australian Grand Prix,2022-04-10,albert_park,Albert Park Grand Prix Circuit,mick_schumacher,MSC,Mick Schumacher,haas,Haas F1 Team,47,15,13,13,0,57,+1 Lap,14,1:23.006,228.908,kph
2022,3,Australian Grand Prix,2022-04-10,albert_park,Albert Park Grand Prix Circuit,kevin_magnussen,MAG,Kevin Magnussen,haas,Haas F1 Team,20,16,14,14,0,57,+1 Lap,15,1:23.071,228.729,kph
2022,3,Australian Grand Prix,2022-04-10,albert_park,Albert Park Grand Prix Circuit,tsunoda,TSU,Yuki Tsunoda,alphatauri,AlphaTauri,22,13,15,15,0,57,+1 Lap,16,1:23.342,227.985,kph
2022,3,Australian Grand Prix,2022-04-10,albert_park,Albert Park Grand Prix Circuit,latifi,LAT,Nicholas Latifi,williams,Williams,6,18,16,16,0,57,+1 Lap,18,1:23.882,226.518,kph
2022,3,Australian Grand Prix,2022-04-10,albert_park,Albert Park Grand Prix Circuit,alonso,ALO,Fernando Alonso,alpine,Alpine F1 Team,14,10,17,17,0,57,+1 Lap,2,1:20.846,235.024,kph
2022,3,Australian Grand Prix,2022-04-10,albert_park,Albert Park Grand Prix Circuit,max_verstappen,VER,Max Verstappen,red_bull,Red Bull,1,2,18,R,0,38,Fuel leak,6,1:21.677,232.633,kph
2022,3,Australian Grand Prix,2022-04-10,albert_park,Albert Park Grand Prix Circuit,vettel,VET,Sebastian Vettel,aston_martin,Aston Martin,5,17,19,R,0,22,Accident,19,1:25.189,223.042,kph
2022,3,Australian Grand Prix,2022-04-10,albert_park,Albert Park Grand Prix Circuit,sainz,SAI,Carlos Sainz,ferrari,Ferrari,55,9,20,R,0,1,Spun off,,,,
2022,4,Emilia Romagna Grand Prix,2022-04-24,imola,Autodromo Enzo e Dino Ferrari,max_verstappen,VER,Max Verstappen,red_bull,Red Bull,1,1,1,1,26,63,Finished,1,1:18.446,225.281,kph
2022,4,Emilia Romagna Grand Prix,2022-04-24,imola,Autodromo Enzo e Dino Ferrari,perez,PER,Sergio Pérez,red_bull,Red Bull,11,3,2,2,18,63,Finished,3,1:18.949,223.845,kph
2022,4,Emilia Romagna Grand Prix,2022-04-24,imola,Autodromo Enzo e Dino Ferrari,norris,NOR,Lando Norris,mclaren,McLaren,4,5,3,3,15,63,Finished,7,1:20.903,218.439,kph
2022,4,Emilia Romagna Grand Prix,2022-04-24,imola,Autodromo Enzo e Dino Ferrari,russell,RUS,George Russell,mercedes,Mercedes,63,11,4,4,12,63,Finished,8,1:20.962,218.280,kph
2022,4,Emilia Romagna Grand Prix,2022-04-24,imola,Autodromo Enzo e Dino Ferrari,bottas,BOT,Valtteri Bottas,alfa,Alfa Romeo,77,7,5,5,10,63,Finished,6,1:20.758,218.831,kph
2022,4,Emilia Romagna Grand Prix,2022-04-24,imola,Autodromo Enzo e Dino Ferrari,leclerc,LEC,Charles Leclerc,ferrari,Ferrari,16,2,6,6,8,63,Finished,2,1:18.574,224.914,kph
2022,4,Emilia Romagna Grand Prix,2022-04-24,imola,Autodromo Enzo e Dino Ferrari,tsunoda,TSU,Yuki Tsunoda,alphatauri,AlphaTauri,22,12,7,7,6,63,Finished,5,1:20.544,219.412,kph
2022,4,Emilia Romagna Grand Prix,2022-04-24,imola,Autodromo Enzo e Dino Ferrari,vettel,VET,Sebastian Vettel,aston_martin,Aston Martin,5,13,8,8,4,63,Finished,9,1:21.211,217.610,kph
2022,4,Emilia Romagna Grand Prix,2022-04-24,imola,Autodromo Enzo e Dino Ferrari,kevin_magnussen,MAG,Kevin Magnussen,haas,Haas F1 Team,20,8,9,9,2,63,Finished,10,1:21.238,217.538,kph
2022,4,Emilia Romagna Grand Prix,2022-04-24,imola,Autodromo Enzo e Dino Ferrari,stroll,STR,Lance Stroll,aston_martin,Aston Martin,18,15,10,10,1,62,+1 Lap,16,1:21.750,216.176,kph
2022,4,Emilia Romagna Grand Prix,2022-04-24,imola,Autodromo Enzo e Dino Ferrari,albon,ALB,Alexander Albon,williams,Williams,23,18,11,11,0,62,+1 Lap,17,1:21.757,216.157,kph
2022,4,Emilia Romagna Grand Prix,2022-04-24,imola,Autodromo Enzo e Dino Ferrari,gasly,GAS,Pierre Gasly,alphatauri,AlphaTauri,10,17,12,12,0,62,+1 Lap,15,1:21.713,216.274,kph
2022,4,Emilia Romagna Grand Prix,2022-04-24,imola,Autodromo Enzo e Dino Ferrari,hamilton,HAM,Lewis Hamilton,mercedes,Mercedes,44,14,13,13,0,62,+1 Lap,13,1:21.419,217.054,kph
2022,4,Emilia Romagna Grand Prix,2022-04-24,imola,Autodromo Enzo e Dino Ferrari,ocon,OCO,Esteban Ocon,alpine,Alpine F1 Team,31,16,14,14,0,62,+1 Lap,18,1:21.887,215.814,kph
2022,4,Emilia Romagna Grand Prix,2022-04-24,imola,Autodromo Enzo e Dino Ferrari,zhou,ZHO,Guanyu Zhou,alfa,Alfa Romeo,24,0,15,15,0,62,+1 Lap,11,1:21.286,217.410,kph
2022,4,Emilia Romagna Grand Prix,2022-04-24,imola,Autodromo Enzo e Dino Ferrari,latifi,LAT,Nicholas Latifi,williams,Williams,6,19,16,16,0,62,+1 Lap,12,1:21.338,217.271,kph
2022,4,Emilia Romagna Grand Prix,2022-04-24,imola,Autodromo Enzo e Dino Ferrari,mick_schumacher,MSC,Mick Schumacher,haas,Haas F1 Team,47,10,17,17,0,62,+1 Lap,4,1:18.999,223.704,kph
2022,4,Emilia Romagna Grand Prix,2022-04-24,imola,Autodromo Enzo e Dino Ferrari,ricciardo,RIC,Daniel Ricciardo,mclaren,McLaren,3,6,18,18,0,62,+1 Lap,14,1:21.577,216.634,kph
2022,4,Emilia Romagna Grand Prix,2022-04-24,imola,Autodromo Enzo e Dino Ferrari,alonso,ALO,Fernando Alonso,alpine,Alpine F1 Team,14,9,19,R,0,6,Collision damage,19,1:39.685,177.282,kph
2022,4,Emilia Romagna Grand Prix,2022-04-24,imola,Autodromo Enzo e Dino Ferrari,sainz,SAI,Carlos Sainz,ferrari,Ferrari,55,4,20,R,0,0,Collision,,,,
2022,5,Miami Grand Prix,2022-05-08,miami,Miami International Autodrome,max_verstappen,VER,Max Verstappen,red_bull,Red Bull,1,3,1,1,26,57,Finished,1,1:31.361,213.255,kph
2022,5,Miami Grand Prix,2022-05-08,miami,Miami International Autodrome,leclerc,LEC,Charles Leclerc,ferrari,Ferrari,16,1,2,2,18,57,Finished,2,1:31.488,212.959,kph
2022,5,Miami Grand Prix,2022-05-08,miami,Miami International Autodrome,sainz,SAI,Carlos Sainz,ferrari,Ferrari,55,2,3,3,15,57,Finished,3,1:31.790,212.258,kph
2022,5,Miami Grand Prix,2022-05-08,miami,Miami International Autodrome,perez,PER,Sergio Pérez,red_bull,Red Bull,11,4,4,4,12,57,Finished,4,1:31.819,212.191,kph
2022,5,Miami Grand Prix,2022-05-08,miami,Miami International Autodrome,russell,RUS,George Russell,mercedes,Mercedes,63,12,5,5,10,57,Finished,5,1:32.195,211.325,kph
2022,5,Miami Grand Prix,2022-05-08,miami,Miami International Autodrome,hamilton,HAM,Lewis Hamilton,mercedes,Mercedes,44,6,6,6,8,57,Finished,7,1:32.941,209.629,kph
2022,5,Miami Grand Prix,2022-05-08,miami,Miami International Autodrome,bottas,BOT,Valtteri Bottas,alfa,Alfa Romeo,77,5,7,7,6,57,Finished,10,1:33.184,209.083,kph
2022,5,Miami Grand Prix,2022-05-08,miami,Miami International Autodrome,ocon,OCO,Esteban Ocon,alpine,Alpine F1 Team,31,20,8,8,4,57,Finished,9,1:33.163,209.130,kph
2022,5,Miami Grand Prix,2022-05-08,miami,Miami International Autodrome,albon,ALB,Alexander Albon,williams,Williams,23,18,9,9,2,57,Finished,15,1:33.447,208.494,kph
2022,5,Miami Grand Prix,2022-05-08,miami,Miami International Autodrome,stroll,STR,Lance Stroll,aston_martin,Aston Martin,18,0,10,10,1,57,Finished,12,1:33.312,208.796,kph
2022,5,Miami Grand Prix,2022-05-08,miami,Miami International Autodrome,alonso,ALO,Fernando Alonso,alpine,Alpine F1 Team,14,11,11,11,0,57,Finished,13,1:33.331,208.753,kph
2022,5,Miami Grand Prix,2022-05-08,miami,Miami International Autodrome,tsunoda,TSU,Yuki Tsunoda,alphatauri,AlphaTauri,22,9,12,12,0,57,Finished,8,1:33.035,209.417,kph
2022,5,Miami Grand Prix,2022-05-08,miami,Miami International Autodrome,ricciardo,RIC,Daniel Ricciardo,mclaren,McLaren,3,14,13,13,0,57,Finished,11,1:33.265,208.901,kph
2022,5,Miami Grand Prix,2022-05-08,miami,Miami International Autodrome,latifi,LAT,Nicholas Latifi,williams,Williams,6,19,14,14,0,57,Finished,18,1:34.169,206.896,kph
2022,5,Miami Grand Prix,2022-05-08,miami,Miami International Autodrome,mick_schumacher,MSC,Mick Schumacher,haas,Haas F1 Team,47,15,15,15,0,57,Finished,6,1:32.528,210.565,kph
2022,5,Miami Grand Prix,2022-05-08,miami,Miami International Autodrome,kevin_magnussen,MAG,Kevin Magnussen,haas,Haas F1 Team,20,16,16,16,0,56,Front wing,17,1:33.511,208.351,kph
2022,5,Miami Grand Prix,2022-05-08,miami,Miami International Autodrome,vettel,VET,Sebastian Vettel,aston_martin,Aston Martin,5,0,17,17,0,54,Collision,16,1:33.479,208.423,kph
2022,5,Miami Grand Prix,2022-05-08,miami,Miami International Autodrome,gasly,GAS,Pierre Gasly,alphatauri,AlphaTauri,10,7,18,R,0,45,Suspension,19,1:34.487,206.199,kph
2022,5,Miami Grand Prix,2022-05-08,miami,Miami International Autodrome,norris,NOR,Lando Norris,mclaren,McLaren,4,8,19,R,0,39,Collision,14,1:33.411,208.575,kph
2022,5,Miami Grand Prix,2022-05-08,miami,Miami International Autodrome,zhou,ZHO,Guanyu Zhou,alfa,Alfa Romeo,24,17,20,R,0,6,Water leak,20,1:35.731,203.520,kph
2022,6,Spanish Grand Prix,2022-05-22,catalunya,Circuit de Barcelona-Catalunya,max_verstappen,VER,Max Verstappen,red_bull,Red Bull,1,2,1,1,25,66,Finished,4,1:25.456,196.943,kph
2022,6,Spanish Grand Prix,2022-05-22,catalunya,Circuit de Barcelona-Catalunya,perez,PER,Sergio Pérez,red_bull,Red Bull,11,5,2,2,19,66,Finished,1,1:24.108,200.099,kph
2022,6,Spanish Grand Prix,2022-05-22,catalunya,Circuit de Barcelona-Catalunya,russell,RUS,George Russell,mercedes,Mercedes,63,4,3,3,15,66,Finished,3,1:24.636,198.851,kph
2022,6,Spanish Grand Prix,2022-05-22,catalunya,Circuit de Barcelona-Catalunya,sainz,SAI,Carlos Sainz,ferrari,Ferrari,55,3,4,4,12,66,Finished,7,1:25.985,195.731,kph
2022,6,Spanish Grand Prix,2022-05-22,catalunya,Circuit de Barcelona-Catalunya,hamilton,HAM,Lewis Hamilton,mercedes,Mercedes,44,6,5,5,10,66,Finished,2,1:24.253,199.755,kph
2022,6,Spanish Grand Prix,2022-05-22,catalunya,Circuit de Barcelona-Catalunya,bottas,BOT,Valtteri Bottas,alfa,Alfa Romeo,77,7,6,6,8,66,Finished,8,1:26.395,194.802,kph
2022,6,Spanish Grand Prix,2022-05-22,catalunya,Circuit de Barcelona-Catalunya,ocon,OCO,Esteban Ocon,alpine,Alpine F1 Team,31,12,7,7,6,66,Finished,6,1:25.935,195.845,kph
2022,6,Spanish Grand Prix,2022-05-22,catalunya,Circuit de Barcelona-Catalunya,norris,NOR,Lando Norris,mclaren,McLaren,4,11,8,8,4,66,Finished,5,1:25.619,196.568,kph
2022,6,Spanish Grand Prix,2022-05-22,catalunya,Circuit de Barcelona-Catalunya,alonso,ALO,Fernando Alonso,alpine,Alpine F1 Team,14,20,9,9,2,65,+1 Lap,9,1:26.599,194.344,kph
2022,6,Spanish Grand Prix,2022-05-22,catalunya,Circuit de Barcelona-Catalunya,tsunoda,TSU,Yuki Tsunoda,alphatauri,AlphaTauri,22,13,10,10,1,65,+1 Lap,10,1:26.828,193.831,kph
2022,6,Spanish Grand Prix,2022-05-22,catalunya,Circuit de Barcelona-Catalunya,vettel,VET,Sebastian Vettel,aston_martin,Aston Martin,5,16,11,11,0,65,+1 Lap,18,1:27.629,192.059,kph
2022,6,Spanish Grand Prix,2022-05-22,catalunya,Circuit de Barcelona-Catalunya,ricciardo,RIC,Daniel Ricciardo,mclaren,McLaren,3,9,12,12,0,65,+1 Lap,15,1:27.285,192.816,kph
2022,6,Spanish Grand Prix,2022-05-22,catalunya,Circuit de Barcelona-Catalunya,gasly,GAS,Pierre Gasly,alphatauri,AlphaTauri,10,14,13,13,0,65,+1 Lap,12,1:26.987,193.477,kph
2022,6,Spanish Grand Prix,2022-05-22,catalunya,Circuit de Barcelona-Catalunya,mick_schumacher,MSC,Mick Schumacher,haas,Haas F1 Team,47,10,14,14,0,65,+1 Lap,16,1:27.447,192.459,kph
2022,6,Spanish Grand Prix,2022-05-22,catalunya,Circuit de Barcelona-Catalunya,stroll,STR,Lance Stroll,aston_martin,Aston Martin,18,17,15,15,0,65,+1 Lap,11,1:26.876,193.724,kph
2022,6,Spanish Grand Prix,2022-05-22,catalunya,Circuit de Barcelona-Catalunya,latifi,LAT,Nicholas Latifi,williams,Williams,6,19,16,16,0,64,+2 Laps,14,1:27.246,192.902,kph
2022,6,Spanish Grand Prix,2022-05-22,catalunya,Circuit de Barcelona-Catalunya,kevin_magnussen,MAG,Kevin Magnussen,haas,Haas F1 Team,20,8,17,17,0,64,+2 Laps,17,1:27.537,192.261,kph
2022,6,Spanish Grand Prix,2022-05-22,catalunya,Circuit de Barcelona-Catalunya,albon,ALB,Alexander Albon,williams,Williams,23,18,18,18,0,64,+2 Laps,19,1:28.281,190.641,kph
2022,6,Spanish Grand Prix,2022-05-22,catalunya,Circuit de Barcelona-Catalunya,zhou,ZHO,Guanyu Zhou,alfa,Alfa Romeo,24,15,19,R,0,28,Power loss,20,1:28.415,190.352,kph
2022,6,Spanish Grand Prix,2022-05-22,catalunya,Circuit de Barcelona-Catalunya,leclerc,LEC,Charles Leclerc,ferrari,Ferrari,16,1,20,R,0,27,Turbo,13,1:27.030,193.381,kph
2022,7,Monaco Grand Prix,2022-05-29,monaco,Circuit de Monaco,perez,PER,Sergio Pérez,red_bull,Red Bull,11,3,1,1,25,64,Finished,4,1:16.028,158.010,kph
2022,7,Monaco Grand Prix,2022-05-29,monaco,Circuit de Monaco,sainz,SAI,Carlos Sainz,ferrari,Ferrari,55,2,2,2,18,64,Finished,7,1:16.421,157.197,kph
2022,7,Monaco Grand Prix,2022-05-29,monaco,Circuit de Monaco,max_verstappen,VER,Max Verstappen,red_bull,Red Bull,1,4,3,3,15,64,Finished,5,1:16.052,157.960,kph
2022,7,Monaco Grand Prix,2022-05-29,monaco,Circuit de Monaco,leclerc,LEC,Charles Leclerc,ferrari,Ferrari,16,1,4,4,12,64,Finished,6,1:16.249,157.552,kph
2022,7,Monaco Grand Prix,2022-05-29,monaco,Circuit de Monaco,russell,RUS,George Russell,mercedes,Mercedes,63,6,5,5,10,64,Finished,8,1:16.830,156.360,kph
2022,7,Monaco Grand Prix,2022-05-29,monaco,Circuit de Monaco,norris,NOR,Lando Norris,mclaren,McLaren,4,5,6,6,9,64,Finished,1,1:14.693,160.834,kph
2022,7,Monaco Grand Prix,2022-05-29,monaco,Circuit de Monaco,alonso,ALO,Fernando Alonso,alpine,Alpine F1 Team,14,7,7,7,6,64,Finished,3,1:15.882,158.314,kph
2022,7,Monaco Grand Prix,2022-05-29,monaco,Circuit de Monaco,hamilton,HAM,Lewis Hamilton,mercedes,Mercedes,44,8,8,8,4,64,Finished,9,1:17.203,155.605,kph
2022,7,Monaco Grand Prix,2022-05-29,monaco,Circuit de Monaco,bottas,BOT,Valtteri Bottas,alfa,Alfa Romeo,77,12,9,9,2,64,Finished,14,1:17.600,154.809,kph
2022,7,Monaco Grand Prix,2022-05-29,monaco,Circuit de Monaco,vettel,VET,Sebastian Vettel,aston_martin,Aston Martin,5,9,10,10,1,64,Finished,12,1:17.558,154.893,kph
2022,7,Monaco Grand Prix,2022-05-29,monaco,Circuit de Monaco,gasly,GAS,Pierre Gasly,alphatauri,AlphaTauri,10,17,11,11,0,64,Finished,10,1:17.344,155.321,kph
2022,7,Monaco Grand Prix,2022-05-29,monaco,Circuit de Monaco,ocon,OCO,Esteban Ocon,alpine,Alpine F1 Team,31,10,12,12,0,64,Finished,13,1:17.571,154.867,kph
2022,7,Monaco Grand Prix,2022-05-29,monaco,Circuit de Monaco,ricciardo,RIC,Daniel Ricciardo,mclaren,McLaren,3,14,13,13,0,64,Finished,11,1:17.532,154.945,kph
2022,7,Monaco Grand Prix,2022-05-29,monaco,Circuit de Monaco,stroll,STR,Lance Stroll,aston_martin,Aston Martin,18,18,14,14,0,64,Finished,15,1:17.672,154.665,kph
2022,7,Monaco Grand Prix,2022-05-29,monaco,Circuit de Monaco,latifi,LAT,Nicholas Latifi,williams,Williams,6,19,15,15,0,63,+1 Lap,18,1:18.579,152.880,kph
2022,7,Monaco Grand Prix,2022-05-29,monaco,Circuit de Monaco,zhou,ZHO,Guanyu Zhou,alfa,Alfa Romeo,24,20,16,16,0,63,+1 Lap,17,1:18.200,153.621,kph
2022,7,Monaco Grand Prix,2022-05-29,monaco,Circuit de Monaco,tsunoda,TSU,Yuki Tsunoda,alphatauri,AlphaTauri,22,11,17,17,0,63,+1 Lap,2,1:15.334,159.465,kph
2022,7,Monaco Grand Prix,2022-05-29,monaco,Circuit de Monaco,albon,ALB,Alexander Albon,williams,Williams,23,16,18,R,0,48,Mechanical,16,1:18.023,153.969,kph
2022,7,Monaco Grand Prix,2022-05-29,monaco,Circuit de Monaco,mick_schumacher,MSC,Mick Schumacher,haas,Haas F1 Team,47,15,19,R,0,24,Accident,19,1:24.778,141.701,kph
2022,7,Monaco Grand Prix,2022-05-29,monaco,Circuit de Monaco,kevin_magnussen,MAG,Kevin Magnussen,haas,Haas F1 Team,20,13,20,R,0,19,Water pressure,20,1:33.754,128.135,kph
2022,8,Azerbaijan Grand Prix,2022-06-12,baku,Baku City Circuit,max_verstappen,VER,Max Verstappen,red_bull,Red Bull,1,3,1,1,25,51,Finished,2,1:46.050,203.779,kph
2022,8,Azerbaijan Grand Prix,2022-06-12,baku,Baku City Circuit,perez,PER,Sergio Pérez,red_bull,Red Bull,11,2,2,2,19,51,Finished,1,1:46.046,203.787,kph
2022,8,Azerbaijan Grand Prix,2022-06-12,baku,Baku City Circuit,russell,RUS,George Russell,mercedes,Mercedes,63,5,3,3,15,51,Finished,4,1:47.177,201.636,kph
2022,8,Azerbaijan Grand Prix,2022-06-12,baku,Baku City Circuit,hamilton,HAM,Lewis Hamilton,mercedes,Mercedes,44,7,4,4,12,51,Finished,3,1:47.044,201.887,kph
2022,8,Azerbaijan Grand Prix,2022-06-12,baku,Baku City Circuit,gasly,GAS,Pierre Gasly,alphatauri,AlphaTauri,10,6,5,5,10,51,Finished,16,1:48.519,199.143,kph
2022,8,Azerbaijan Grand Prix,2022-06-12,baku,Baku City Circuit,vettel,VET,Sebastian Vettel,aston_martin,Aston Martin,5,9,6,6,8,51,Finished,12,1:48.206,199.719,kph
2022,8,Azerbaijan Grand Prix,2022-06-12,baku,Baku City Circuit,alonso,ALO,Fernando Alonso,alpine,Alpine F1 Team,14,10,7,7,6,51,Finished,8,1:47.989,200.120,kph
2022,8,Azerbaijan Grand Prix,2022-06-12,baku,Baku City Circuit,ricciardo,RIC,Daniel Ricciardo,mclaren,McLaren,3,12,8,8,4,51,Finished,13,1:48.276,199.589,kph
2022,8,Azerbaijan Grand Prix,2022-06-12,baku,Baku City Circuit,norris,NOR,Lando Norris,mclaren,McLaren,4,11,9,9,2,51,Finished,9,1:47.997,200.105,kph
2022,8,Azerbaijan Grand Prix,2022-06-12,baku,Baku City Circuit,ocon,OCO,Esteban Ocon,alpine,Alpine F1 Team,31,13,10,10,1,51,Finished,14,1:48.297,199.551,kph
2022,8,Azerbaijan Grand Prix,2022-06-12,baku,Baku City Circuit,bottas,BOT,Valtteri Bottas,alfa,Alfa Romeo,77,15,11,11,0,50,+1 Lap,11,1:48.179,199.768,kph
2022,8,Azerbaijan Grand Prix,2022-06-12,baku,Baku City Circuit,albon,ALB,Alexander Albon,williams,Williams,23,17,12,12,0,50,+1 Lap,7,1:47.966,200.163,kph
2022,8,Azerbaijan Grand Prix,2022-06-12,baku,Baku City Circuit,tsunoda,TSU,Yuki Tsunoda,alphatauri,AlphaTauri,22,8,13,13,0,50,+1 Lap,5,1:47.523,200.987,kph
2022,8,Azerbaijan Grand Prix,2022-06-12,baku,Baku City Circuit,mick_schumacher,MSC,Mick Schumacher,haas,Haas F1 Team,47,20,14,14,0,50,+1 Lap,15,1:48.410,199.343,kph
2022,8,Azerbaijan Grand Prix,2022-06-12,baku,Baku City Circuit,latifi,LAT,Nicholas Latifi,williams,Williams,6,18,15,15,0,50,+1 Lap,20,1:49.583,197.209,kph
2022,8,Azerbaijan Grand Prix,2022-06-12,baku,Baku City Circuit,stroll,STR,Lance Stroll,aston_martin,Aston Martin,18,19,16,16,0,46,Vibrations,10,1:48.038,200.029,kph
2022,8,Azerbaijan Grand Prix,2022-06-12,baku,Baku City Circuit,kevin_magnussen,MAG,Kevin Magnussen,haas,Haas F1 Team,20,16,17,R,0,31,Power Unit,18,1:48.789,198.648,kph
2022,8,Azerbaijan Grand Prix,2022-06-12,baku,Baku City Circuit,zhou,ZHO,Guanyu Zhou,alfa,Alfa Romeo,24,14,18,R,0,23,Hydraulics,17,1:48.723,198.769,kph
2022,8,Azerbaijan Grand Prix,2022-06-12,baku,Baku City Circuit,leclerc,LEC,Charles Leclerc,ferrari,Ferrari,16,1,19,R,0,21,Power Unit,6,1:47.531,200.972,kph
2022,8,Azerbaijan Grand Prix,2022-06-12,baku,Baku City Circuit,sainz,SAI,Carlos Sainz,ferrari,Ferrari,55,4,20,R,0,8,Hydraulics,19,1:48.978,198.304,kph
2022,9,Canadian Grand Prix,2022-06-19,villeneuve,Circuit Gilles Villeneuve,max_verstappen,VER,Max Verstappen,red_bull,Red Bull,1,1,1,1,25,70,Finished,2,1:15.839,207.012,kph
2022,9,Canadian Grand Prix,2022-06-19,villeneuve,Circuit Gilles Villeneuve,sainz,SAI,Carlos Sainz,ferrari,Ferrari,55,3,2,2,19,70,Finished,1,1:15.749,207.258,kph
2022,9,Canadian Grand Prix,2022-06-19,villeneuve,Circuit Gilles Villeneuve,hamilton,HAM,Lewis Hamilton,mercedes,Mercedes,44,4,3,3,15,70,Finished,4,1:16.167,206.120,kph
2022,9,Canadian Grand Prix,2022-06-19,villeneuve,Circuit Gilles Villeneuve,russell,RUS,George Russell,mercedes,Mercedes,63,8,4,4,12,70,Finished,5,1:16.418,205.443,kph
2022,9,Canadian Grand Prix,2022-06-19,villeneuve,Circuit Gilles Villeneuve,leclerc,LEC,Charles Leclerc,ferrari,Ferrari,16,19,5,5,10,70,Finished,3,1:15.901,206.843,kph
2022,9,Canadian Grand Prix,2022-06-19,villeneuve,Circuit Gilles Villeneuve,ocon,OCO,Esteban Ocon,alpine,Alpine F1 Team,31,7,6,6,8,70,Finished,9,1:17.110,203.600,kph
2022,9,Canadian Grand Prix,2022-06-19,villeneuve,Circuit Gilles Villeneuve,bottas,BOT,Valtteri Bottas,alfa,Alfa Romeo,77,11,7,7,6,70,Finished,8,1:17.010,203.864,kph
2022,9,Canadian Grand Prix,2022-06-19,villeneuve,Circuit Gilles Villeneuve,zhou,ZHO,Guanyu Zhou,alfa,Alfa Romeo,24,10,8,8,4,70,Finished,7,1:16.927,204.084,kph
2022,9,Canadian Grand Prix,2022-06-19,villeneuve,Circuit Gilles Villeneuve,alonso,ALO,Fernando Alonso,alpine,Alpine F1 Team,14,2,9,9,2,70,Finished,6,1:16.578,205.014,kph
2022,9,Canadian Grand Prix,2022-06-19,villeneuve,Circuit Gilles Villeneuve,stroll,STR,Lance Stroll,aston_martin,Aston Martin,18,17,10,10,1,70,Finished,10,1:17.421,202.782,kph
2022,9,Canadian Grand Prix,2022-06-19,villeneuve,Circuit Gilles Villeneuve,ricciardo,RIC,Daniel Ricciardo,mclaren,McLaren,3,9,11,11,0,70,Finished,13,1:17.932,201.452,kph
2022,9,Canadian Grand Prix,2022-06-19,villeneuve,Circuit Gilles Villeneuve,vettel,VET,Sebastian Vettel,aston_martin,Aston Martin,5,16,12,12,0,70,Finished,15,1:17.956,201.390,kph
2022,9,Canadian Grand Prix,2022-06-19,villeneuve,Circuit Gilles Villeneuve,albon,ALB,Alexander Albon,williams,Williams,23,12,13,13,0,70,Finished,14,1:17.951,201.403,kph
2022,9,Canadian Grand Prix,2022-06-19,villeneuve,Circuit Gilles Villeneuve,gasly,GAS,Pierre Gasly,alphatauri,AlphaTauri,10,15,14,14,0,70,Finished,12,1:17.810,201.768,kph
2022,9,Canadian Grand Prix,2022-06-19,villeneuve,Circuit Gilles Villeneuve,norris,NOR,Lando Norris,mclaren,McLaren,4,14,15,15,0,70,Finished,11,1:17.495,202.588,kph
2022,9,Canadian Grand Prix,2022-06-19,villeneuve,Circuit Gilles Villeneuve,latifi,LAT,Nicholas Latifi,williams,Williams,6,18,16,16,0,70,Finished,18,1:18.540,199.893,kph
2022,9,Canadian Grand Prix,2022-06-19,villeneuve,Circuit Gilles Villeneuve,kevin_magnussen,MAG,Kevin Magnussen,haas,Haas F1 Team,20,5,17,17,0,70,Finished,16,1:18.046,201.158,kph
2022,9,Canadian Grand Prix,2022-06-19,villeneuve,Circuit Gilles Villeneuve,tsunoda,TSU,Yuki Tsunoda,alphatauri,AlphaTauri,22,20,18,R,0,47,Accident,17,1:18.309,200.482,kph
2022,9,Canadian Grand Prix,2022-06-19,villeneuve,Circuit Gilles Villeneuve,mick_schumacher,MSC,Mick Schumacher,haas,Haas F1 Team,47,6,19,R,0,18,Engine,20,1:18.967,198.812,kph
2022,9,Canadian Grand Prix,2022-06-19,villeneuve,Circuit Gilles Villeneuve,perez,PER,Sergio Pérez,red_bull,Red Bull,11,13,20,R,0,7,Gearbox,19,1:18.844,199.122,kph
2022,10,British Grand Prix,2022-07-03,silverstone,Silverstone Circuit,sainz,SAI,Carlos Sainz,ferrari,Ferrari,55,1,1,1,25,52,Finished,2,1:30.813,233.530,kph
2022,10,British Grand Prix,2022-07-03,silverstone,Silverstone Circuit,perez,PER,Sergio Pérez,red_bull,Red Bull,11,4,2,2,18,52,Finished,3,1:30.937,233.212,kph
2022,10,British Grand Prix,2022-07-03,silverstone,Silverstone Circuit,hamilton,HAM,Lewis Hamilton,mercedes,Mercedes,44,5,3,3,16,52,Finished,1,1:30.510,234.312,kph
2022,10,British Grand Prix,2022-07-03,silverstone,Silverstone Circuit,leclerc,LEC,Charles Leclerc,ferrari,Ferrari,16,3,4,4,12,52,Finished,4,1:31.282,232.330,kph
2022,10,British Grand Prix,2022-07-03,silverstone,Silverstone Circuit,alonso,ALO,Fernando Alonso,alpine,Alpine F1 Team,14,7,5,5,10,52,Finished,5,1:31.609,231.501,kph
2022,10,British Grand Prix,2022-07-03,silverstone,Silverstone Circuit,norris,NOR,Lando Norris,mclaren,McLaren,4,6,6,6,8,52,Finished,6,1:31.645,231.410,kph
2022,10,British Grand Prix,2022-07-03,silverstone,Silverstone Circuit,max_verstappen,VER,Max Verstappen,red_bull,Red Bull,1,2,7,7,6,52,Finished,8,1:32.354,229.633,kph
2022,10,British Grand Prix,2022-07-03,silverstone,Silverstone Circuit,mick_schumacher,MSC,Mick Schumacher,haas,Haas F1 Team,47,19,8,8,4,52,Finished,7,1:32.109,230.244,kph
2022,10,British Grand Prix,2022-07-03,silverstone,Silverstone Circuit,vettel,VET,Sebastian Vettel,aston_martin,Aston Martin,5,18,9,9,2,52,Finished,10,1:32.471,229.343,kph
2022,10,British Grand Prix,2022-07-03,silverstone,Silverstone Circuit,kevin_magnussen,MAG,Kevin Magnussen,haas,Haas F1 Team,20,17,10,10,1,52,Finished,12,1:32.661,228.872,kph
2022,10,British Grand Prix,2022-07-03,silverstone,Silverstone Circuit,stroll,STR,Lance Stroll,aston_martin,Aston Martin,18,20,11,11,0,52,Finished,9,1:32.379,229.571,kph
2022,10,British Grand Prix,2022-07-03,silverstone,Silverstone Circuit,latifi,LAT,Nicholas Latifi,williams,Williams,6,10,12,12,0,52,Finished,13,1:33.286,227.339,kph
2022,10,British Grand Prix,2022-07-03,silverstone,Silverstone Circuit,ricciardo,RIC,Daniel Ricciardo,mclaren,McLaren,3,14,13,13,0,52,Finished,11,1:32.644,228.914,kph
2022,10,British Grand Prix,2022-07-03,silverstone,Silverstone Circuit,tsunoda,TSU,Yuki Tsunoda,alphatauri,AlphaTauri,22,13,14,14,0,52,Finished,15,1:33.832,226.016,kph
2022,10,British Grand Prix,2022-07-03,silverstone,Silverstone Circuit,ocon,OCO,Esteban Ocon,alpine,Alpine F1 Team,31,15,15,R,0,37,Fuel pump,14,1:33.537,226.729,kph
2022,10,British Grand Prix,2022-07-03,silverstone,Silverstone Circuit,gasly,GAS,Pierre Gasly,alphatauri,AlphaTauri,10,11,16,R,0,26,Collision damage,16,1:34.614,224.148,kph
2022,10,British Grand Prix,2022-07-03,silverstone,Silverstone Circuit,bottas,BOT,Valtteri Bottas,alfa,Alfa Romeo,77,12,17,R,0,20,Gearbox,17,1:35.103,222.996,kph
2022,10,British Grand Prix,2022-07-03,silverstone,Silverstone Circuit,russell,RUS,George Russell,mercedes,Mercedes,63,8,18,R,0,0,Collision,,,,
2022,10,British Grand Prix,2022-07-03,silverstone,Silverstone Circuit,zhou,ZHO,Guanyu Zhou,alfa,Alfa Romeo,24,9,19,R,0,0,Collision,,,,
2022,10,British Grand Prix,2022-07-03,silverstone,Silverstone Circuit,albon,ALB,Alexander Albon,williams,Williams,23,16,20,R,0,0,Collision,,,,
2022,11,Austrian Grand Prix,2022-07-10,red_bull_ring,Red Bull Ring,leclerc,LEC,Charles Leclerc,ferrari,Ferrari,16,2,1,1,25,71,Finished,2,1:07.583,230.010,kph
2022,11,Austrian Grand Prix,2022-07-10,red_bull_ring,Red Bull Ring,max_verstappen,VER,Max Verstappen,red_bull,Red Bull,1,1,2,2,19,71,Finished,1,1:07.275,231.063,kph
2022,11,Austrian Grand Prix,2022-07-10,red_bull_ring,Red Bull Ring,hamilton,HAM,Lewis Hamilton,mercedes,Mercedes,44,8,3,3,15,71,Finished,5,1:09.000,225.286,kph
2022,11,Austrian Grand Prix,2022-07-10,red_bull_ring,Red Bull Ring,russell,RUS,George Russell,mercedes,Mercedes,63,4,4,4,12,71,Finished,6,1:09.075,225.042,kph
2022,11,Austrian Grand Prix,2022-07-10,red_bull_ring,Red Bull Ring,ocon,OCO,Esteban Ocon,alpine,Alpine F1 Team,31,6,5,5,10,71,Finished,10,1:09.559,223.476,kph
2022,11,Austrian Grand Prix,2022-07-10,red_bull_ring,Red Bull Ring,mick_schumacher,MSC,Mick Schumacher,haas,Haas F1 Team,47,9,6,6,8,70,+1 Lap,11,1:09.625,223.264,kph
2022,11,Austrian Grand Prix,2022-07-10,red_bull_ring,Red Bull Ring,norris,NOR,Lando Norris,mclaren,McLaren,4,10,7,7,6,70,+1 Lap,8,1:09.304,224.298,kph
2022,11,Austrian Grand Prix,2022-07-10,red_bull_ring,Red Bull Ring,kevin_magnussen,MAG,Kevin Magnussen,haas,Haas F1 Team,20,7,8,8,4,70,+1 Lap,14,1:09.938,222.265,kph
2022,11,Austrian Grand Prix,2022-07-10,red_bull_ring,Red Bull Ring,ricciardo,RIC,Daniel Ricciardo,mclaren,McLaren,3,11,9,9,2,70,+1 Lap,13,1:09.924,222.309,kph
2022,11,Austrian Grand Prix,2022-07-10,red_bull_ring,Red Bull Ring,alonso,ALO,Fernando Alonso,alpine,Alpine F1 Team,14,19,10,10,1,70,+1 Lap,3,1:08.558,226.739,kph
2022,11,Austrian Grand Prix,2022-07-10,red_bull_ring,Red Bull Ring,bottas,BOT,Valtteri Bottas,alfa,Alfa Romeo,77,0,11,11,0,70,+1 Lap,7,1:09.266,224.421,kph
2022,11,Austrian Grand Prix,2022-07-10,red_bull_ring,Red Bull Ring,albon,ALB,Alexander Albon,williams,Williams,23,15,12,12,0,70,+1 Lap,12,1:09.669,223.123,kph
2022,11,Austrian Grand Prix,2022-07-10,red_bull_ring,Red Bull Ring,stroll,STR,Lance Stroll,aston_martin,Aston Martin,18,12,13,13,0,70,+1 Lap,17,1:10.048,221.916,kph
2022,11,Austrian Grand Prix,2022-07-10,red_bull_ring,Red Bull Ring,zhou,ZHO,Guanyu Zhou,alfa,Alfa Romeo,24,13,14,14,0,70,+1 Lap,9,1:09.380,224.053,kph
2022,11,Austrian Grand Prix,2022-07-10,red_bull_ring,Red Bull Ring,gasly,GAS,Pierre Gasly,alphatauri,AlphaTauri,10,14,15,15,0,70,+1 Lap,18,1:10.104,221.739,kph
2022,11,Austrian Grand Prix,2022-07-10,red_bull_ring,Red Bull Ring,tsunoda,TSU,Yuki Tsunoda,alphatauri,AlphaTauri,22,16,16,16,0,70,+1 Lap,16,1:10.023,221.995,kph
2022,11,Austrian Grand Prix,2022-07-10,red_bull_ring,Red Bull Ring,vettel,VET,Sebastian Vettel,aston_martin,Aston Martin,5,18,17,17,0,70,+1 Lap,15,1:10.001,222.065,kph
2022,11,Austrian Grand Prix,2022-07-10,red_bull_ring,Red Bull Ring,sainz,SAI,Carlos Sainz,ferrari,Ferrari,55,3,18,R,0,56,Power Unit,4,1:08.649,226.438,kph
2022,11,Austrian Grand Prix,2022-07-10,red_bull_ring,Red Bull Ring,latifi,LAT,Nicholas Latifi,williams,Williams,6,17,19,R,0,48,Undertray,19,1:10.890,219.280,kph
2022,11,Austrian Grand Prix,2022-07-10,red_bull_ring,Red Bull Ring,perez,PER,Sergio Pérez,red_bull,Red Bull,11,5,20,R,0,24,Collision damage,20,1:11.843,216.371,kph
2022,12,French Grand Prix,2022-07-24,ricard,Circuit Paul Ricard,max_verstappen,VER,Max Verstappen,red_bull,Red Bull,1,2,1,1,25,53,Finished,2,1:37.491,215.724,kph
2022,12,French Grand Prix,2022-07-24,ricard,Circuit Paul Ricard,hamilton,HAM,Lewis Hamilton,mercedes,Mercedes,44,4,2,2,18,53,Finished,4,1:37.668,215.333,kph
2022,12,French Grand Prix,2022-07-24,ricard,Circuit Paul Ricard,russell,RUS,George Russell,mercedes,Mercedes,63,6,3,3,15,53,Finished,3,1:37.548,215.598,kph
2022,12,French Grand Prix,2022-07-24,ricard,Circuit Paul Ricard,perez,PER,Sergio Pérez,red_bull,Red Bull,11,3,4,4,12,53,Finished,5,1:37.780,215.086,kph
2022,12,French Grand Prix,2022-07-24,ricard,Circuit Paul Ricard,sainz,SAI,Carlos Sainz,ferrari,Ferrari,55,19,5,5,11,53,Finished,1,1:35.781,219.575,kph
2022,12,French Grand Prix,2022-07-24,ricard,Circuit Paul Ricard,alonso,ALO,Fernando Alonso,alpine,Alpine F1 Team,14,7,6,6,8,53,Finished,8,1:38.160,214.254,kph
2022,12,French Grand Prix,2022-07-24,ricard,Circuit Paul Ricard,norris,NOR,Lando Norris,mclaren,McLaren,4,5,7,7,6,53,Finished,11,1:39.037,212.356,kph
2022,12,French Grand Prix,2022-07-24,ricard,Circuit Paul Ricard,ocon,OCO,Esteban Ocon,alpine,Alpine F1 Team,31,10,8,8,4,53,Finished,9,1:38.684,213.116,kph
2022,12,French Grand Prix,2022-07-24,ricard,Circuit Paul Ricard,ricciardo,RIC,Daniel Ricciardo,mclaren,McLaren,3,9,9,9,2,53,Finished,14,1:39.133,212.151,kph
2022,12,French Grand Prix,2022-07-24,ricard,Circuit Paul Ricard,stroll,STR,Lance Stroll,aston_martin,Aston Martin,18,15,10,10,1,53,Finished,15,1:39.185,212.040,kph
2022,12,French Grand Prix,2022-07-24,ricard,Circuit Paul Ricard,vettel,VET,Sebastian Vettel,aston_martin,Aston Martin,5,12,11,11,0,53,Finished,12,1:39.044,212.341,kph
2022,12,French Grand Prix,2022-07-24,ricard,Circuit Paul Ricard,gasly,GAS,Pierre Gasly,alphatauri,AlphaTauri,10,14,12,12,0,53,Finished,10,1:38.786,212.896,kph
2022,12,French Grand Prix,2022-07-24,ricard,Circuit Paul Ricard,albon,ALB,Alexander Albon,williams,Williams,23,13,13,13,0,53,Finished,16,1:39.199,212.010,kph
2022,12,French Grand Prix,2022-07-24,ricard,Circuit Paul Ricard,bottas,BOT,Valtteri Bottas,alfa,Alfa Romeo,77,11,14,14,0,53,Finished,6,1:37.963,214.685,kph
2022,12,French Grand Prix,2022-07-24,ricard,Circuit Paul Ricard,mick_schumacher,MSC,Mick Schumacher,haas,Haas F1 Team,47,17,15,15,0,53,Finished,13,1:39.068,212.290,kph
2022,12,French Grand Prix,2022-07-24,ricard,Circuit Paul Ricard,zhou,ZHO,Guanyu Zhou,alfa,Alfa Romeo,24,16,16,16,0,47,+6 Laps,18,1:39.368,211.649,kph
2022,12,French Grand Prix,2022-07-24,ricard,Circuit Paul Ricard,latifi,LAT,Nicholas Latifi,williams,Williams,6,18,17,R,0,40,Collision damage,19,1:39.650,211.050,kph
2022,12,French Grand Prix,2022-07-24,ricard,Circuit Paul Ricard,kevin_magnussen,MAG,Kevin Magnussen,haas,Haas F1 Team,20,20,18,R,0,37,Collision damage,17,1:39.265,211.869,kph
2022,12,French Grand Prix,2022-07-24,ricard,Circuit Paul Ricard,leclerc,LEC,Charles Leclerc,ferrari,Ferrari,16,1,19,R,0,17,Accident,7,1:38.088,214.411,kph
2022,12,French Grand Prix,2022-07-24,ricard,Circuit Paul Ricard,tsunoda,TSU,Yuki Tsunoda,alphatauri,AlphaTauri,22,8,20,R,0,17,Undertray,20,1:40.216,209.858,kph
2022,13,Hungarian Grand Prix,2022-07-31,hungaroring,Hungaroring,max_verstappen,VER,Max Verstappen,red_bull,Red Bull,1,10,1,1,25,70,Finished,6,1:22.126,192.041,kph
2022,13,Hungarian Grand Prix,2022-07-31,hungaroring,Hungaroring,hamilton,HAM,Lewis Hamilton,mercedes,Mercedes,44,7,2,2,19,70,Finished,1,1:21.386,193.787,kph
2022,13,Hungarian Grand Prix,2022-07-31,hungaroring,Hungaroring,russell,RUS,George Russell,mercedes,Mercedes,63,1,3,3,15,70,Finished,9,1:22.766,190.556,kph
2022,13,Hungarian Grand Prix,2022-07-31,hungaroring,Hungaroring,sainz,SAI,Carlos Sainz,ferrari,Ferrari,55,2,4,4,12,70,Finished,4,1:22.000,192.336,kph
2022,13,Hungarian Grand Prix,2022-07-31,hungaroring,Hungaroring,perez,PER,Sergio Pérez,red_bull,Red Bull,11,11,5,5,10,70,Finished,3,1:21.940,192.477,kph
2022,13,Hungarian Grand Prix,2022-07-31,hungaroring,Hungaroring,leclerc,LEC,Charles Leclerc,ferrari,Ferrari,16,3,6,6,8,70,Finished,2,1:21.622,193.227,kph
2022,13,Hungarian Grand Prix,2022-07-31,hungaroring,Hungaroring,norris,NOR,Lando Norris,mclaren,McLaren,4,4,7,7,6,70,Finished,11,1:23.043,189.920,kph
2022,13,Hungarian Grand Prix,2022-07-31,hungaroring,Hungaroring,alonso,ALO,Fernando Alonso,alpine,Alpine F1 Team,14,6,8,8,4,69,+1 Lap,18,1:23.979,187.804,kph
2022,13,Hungarian Grand Prix,2022-07-31,hungaroring,Hungaroring,ocon,OCO,Esteban Ocon,alpine,Alpine F1 Team,31,5,9,9,2,69,+1 Lap,20,1:24.149,187.424,kph
2022,13,Hungarian Grand Prix,2022-07-31,hungaroring,Hungaroring,vettel,VET,Sebastian Vettel,aston_martin,Aston Martin,5,18,10,10,1,69,+1 Lap,10,1:22.824,190.423,kph
2022,13,Hungarian Grand Prix,2022-07-31,hungaroring,Hungaroring,stroll,STR,Lance Stroll,aston_martin,Aston Martin,18,14,11,11,0,69,+1 Lap,7,1:22.437,191.317,kph
2022,13,Hungarian Grand Prix,2022-07-31,hungaroring,Hungaroring,gasly,GAS,Pierre Gasly,alphatauri,AlphaTauri,10,0,12,12,0,69,+1 Lap,14,1:23.199,189.564,kph
2022,13,Hungarian Grand Prix,2022-07-31,hungaroring,Hungaroring,zhou,ZHO,Guanyu Zhou,alfa,Alfa Romeo,24,12,13,13,0,69,+1 Lap,5,1:22.029,192.268,kph
2022,13,Hungarian Grand Prix,2022-07-31,hungaroring,Hungaroring,mick_schumacher,MSC,Mick Schumacher,haas,Haas F1 Team,47,15,14,14,0,69,+1 Lap,13,1:23.151,189.674,kph
2022,13,Hungarian Grand Prix,2022-07-31,hungaroring,Hungaroring,ricciardo,RIC,Daniel Ricciardo,mclaren,McLaren,3,9,15,15,0,69,+1 Lap,17,1:23.654,188.533,kph
2022,13,Hungarian Grand Prix,2022-07-31,hungaroring,Hungaroring,kevin_magnussen,MAG,Kevin Magnussen,haas,Haas F1 Team,20,13,16,16,0,69,+1 Lap,15,1:23.511,188.856,kph
2022,13,Hungarian Grand Prix,2022-07-31,hungaroring,Hungaroring,albon,ALB,Alexander Albon,williams,Williams,23,17,17,17,0,69,+1 Lap,12,1:23.047,189.911,kph
2022,13,Hungarian Grand Prix,2022-07-31,hungaroring,Hungaroring,latifi,LAT,Nicholas Latifi,williams,Williams,6,19,18,18,0,69,+1 Lap,8,1:22.478,191.221,kph
2022,13,Hungarian Grand Prix,2022-07-31,hungaroring,Hungaroring,tsunoda,TSU,Yuki Tsunoda,alphatauri,AlphaTauri,22,16,19,19,0,68,+2 Laps,16,1:23.538,188.795,kph
2022,13,Hungarian Grand Prix,2022-07-31,hungaroring,Hungaroring,bottas,BOT,Valtteri Bottas,alfa,Alfa Romeo,77,8,20,20,0,65,Power Unit,19,1:24.002,187.752,kph
2022,14,Belgian Grand Prix,2022-08-28,spa,Circuit de Spa-Francorchamps,max_verstappen,VER,Max Verstappen,red_bull,Red Bull,1,14,1,1,26,44,Finished,1,1:49.354,230.575,kph
2022,14,Belgian Grand Prix,2022-08-28,spa,Circuit de Spa-Francorchamps,perez,PER,Sergio Pérez,red_bull,Red Bull,11,2,2,2,18,44,Finished,3,1:50.764,227.640,kph
2022,14,Belgian Grand Prix,2022-08-28,spa,Circuit de Spa-Francorchamps,sainz,SAI,Carlos Sainz,ferrari,Ferrari,55,1,3,3,15,44,Finished,7,1:51.977,225.174,kph
2022,14,Belgian Grand Prix,2022-08-28,spa,Circuit de Spa-Francorchamps,russell,RUS,George Russell,mercedes,Mercedes,63,5,4,4,12,44,Finished,4,1:50.793,227.581,kph
2022,14,Belgian Grand Prix,2022-08-28,spa,Circuit de Spa-Francorchamps,alonso,ALO,Fernando Alonso,alpine,Alpine F1 Team,14,3,5,5,10,44,Finished,13,1:52.868,223.397,kph
2022,14,Belgian Grand Prix,2022-08-28,spa,Circuit de Spa-Francorchamps,leclerc,LEC,Charles Leclerc,ferrari,Ferrari,16,15,6,6,8,44,Finished,2,1:49.984,229.255,kph
2022,14,Belgian Grand Prix,2022-08-28,spa,Circuit de Spa-Francorchamps,ocon,OCO,Esteban Ocon,alpine,Alpine F1 Team,31,16,7,7,6,44,Finished,6,1:51.717,225.698,kph
2022,14,Belgian Grand Prix,2022-08-28,spa,Circuit de Spa-Francorchamps,vettel,VET,Sebastian Vettel,aston_martin,Aston Martin,5,10,8,8,4,44,Finished,11,1:52.515,224.098,kph
2022,14,Belgian Grand Prix,2022-08-28,spa,Circuit de Spa-Francorchamps,gasly,GAS,Pierre Gasly,alphatauri,AlphaTauri,10,0,9,9,2,44,Finished,15,1:53.002,223.132,kph
2022,14,Belgian Grand Prix,2022-08-28,spa,Circuit de Spa-Francorchamps,albon,ALB,Alexander Albon,williams,Williams,23,6,10,10,1,44,Finished,16,1:53.055,223.027,kph
2022,14,Belgian Grand Prix,2022-08-28,spa,Circuit de Spa-Francorchamps,stroll,STR,Lance Stroll,aston_martin,Aston Martin,18,9,11,11,0,44,Finished,14,1:52.880,223.373,kph
2022,14,Belgian Grand Prix,2022-08-28,spa,Circuit de Spa-Francorchamps,norris,NOR,Lando Norris,mclaren,McLaren,4,17,12,12,0,44,Finished,5,1:51.678,225.777,kph
2022,14,Belgian Grand Prix,2022-08-28,spa,Circuit de Spa-Francorchamps,tsunoda,TSU,Yuki Tsunoda,alphatauri,AlphaTauri,22,0,13,13,0,44,Finished,10,1:52.436,224.255,kph
2022,14,Belgian Grand Prix,2022-08-28,spa,Circuit de Spa-Francorchamps,zhou,ZHO,Guanyu Zhou,alfa,Alfa Romeo,24,18,14,14,0,44,Finished,9,1:52.317,224.493,kph
2022,14,Belgian Grand Prix,2022-08-28,spa,Circuit de Spa-Francorchamps,ricciardo,RIC,Daniel Ricciardo,mclaren,McLaren,3,7,15,15,0,44,Finished,17,1:53.080,222.978,kph
2022,14,Belgian Grand Prix,2022-08-28,spa,Circuit de Spa-Francorchamps,kevin_magnussen,MAG,Kevin Magnussen,haas,Haas F1 Team,20,12,16,16,0,43,+1 Lap,18,1:53.332,222.482,kph
2022,14,Belgian Grand Prix,2022-08-28,spa,Circuit de Spa-Francorchamps,mick_schumacher,MSC,Mick Schumacher,haas,Haas F1 Team,47,19,17,17,0,43,+1 Lap,12,1:52.646,223.837,kph
2022,14,Belgian Grand Prix,2022-08-28,spa,Circuit de Spa-Francorchamps,latifi,LAT,Nicholas Latifi,williams,Williams,6,11,18,18,0,43,+1 Lap,8,1:52.256,224.615,kph
2022,14,Belgian Grand Prix,2022-08-28,spa,Circuit de Spa-Francorchamps,bottas,BOT,Valtteri Bottas,alfa,Alfa Romeo,77,13,19,R,0,1,Accident,,,,
2022,14,Belgian Grand Prix,2022-08-28,spa,Circuit de Spa-Francorchamps,hamilton,HAM,Lewis Hamilton,mercedes,Mercedes,44,4,20,R,0,0,Collision damage,,,,
2022,15,Dutch Grand Prix,2022-09-04,zandvoort,Circuit Park Zandvoort,max_verstappen,VER,Max Verstappen,red_bull,Red Bull,1,1,1,1,26,72,Finished,1,1:13.652,208.173,kph
2022,15,Dutch Grand Prix,2022-09-04,zandvoort,Circuit Park Zandvoort,russell,RUS,George Russell,mercedes,Mercedes,63,6,2,2,18,72,Finished,2,1:13.671,208.119,kph
2022,15,Dutch Grand Prix,2022-09-04,zandvoort,Circuit Park Zandvoort,leclerc,LEC,Charles Leclerc,ferrari,Ferrari,16,2,3,3,15,72,Finished,6,1:14.413,206.044,kph
2022,15,Dutch Grand Prix,2022-09-04,zandvoort,Circuit Park Zandvoort,hamilton,HAM,Lewis Hamilton,mercedes,Mercedes,44,4,4,4,12,72,Finished,3,1:13.854,207.604,kph
2022,15,Dutch Grand Prix,2022-09-04,zandvoort,Circuit Park Zandvoort,perez,PER,Sergio Pérez,red_bull,Red Bull,11,5,5,5,10,72,Finished,5,1:14.404,206.069,kph
2022,15,Dutch Grand Prix,2022-09-04,zandvoort,Circuit Park Zandvoort,alonso,ALO,Fernando Alonso,alpine,Alpine F1 Team,14,13,6,6,8,72,Finished,4,1:14.144,206.792,kph
2022,15,Dutch Grand Prix,2022-09-04,zandvoort,Circuit Park Zandvoort,norris,NOR,Lando Norris,mclaren,McLaren,4,7,7,7,6,72,Finished,8,1:14.706,205.236,kph
2022,15,Dutch Grand Prix,2022-09-04,zandvoort,Circuit Park Zandvoort,sainz,SAI,Carlos Sainz,ferrari,Ferrari,55,3,8,8,4,72,Finished,7,1:14.643,205.409,kph
2022,15,Dutch Grand Prix,2022-09-04,zandvoort,Circuit Park Zandvoort,ocon,OCO,Esteban Ocon,alpine,Alpine F1 Team,31,12,9,9,2,72,Finished,11,1:15.084,204.203,kph
2022,15,Dutch Grand Prix,2022-09-04,zandvoort,Circuit Park Zandvoort,stroll,STR,Lance Stroll,aston_martin,Aston Martin,18,10,10,10,1,72,Finished,10,1:15.043,204.314,kph
2022,15,Dutch Grand Prix,2022-09-04,zandvoort,Circuit Park Zandvoort,gasly,GAS,Pierre Gasly,alphatauri,AlphaTauri,10,11,11,11,0,72,Finished,12,1:15.165,203.983,kph
2022,15,Dutch Grand Prix,2022-09-04,zandvoort,Circuit Park Zandvoort,albon,ALB,Alexander Albon,williams,Williams,23,15,12,12,0,72,Finished,15,1:15.534,202.986,kph
2022,15,Dutch Grand Prix,2022-09-04,zandvoort,Circuit Park Zandvoort,mick_schumacher,MSC,Mick Schumacher,haas,Haas F1 Team,47,8,13,13,0,72,Finished,13,1:15.233,203.798,kph
2022,15,Dutch Grand Prix,2022-09-04,zandvoort,Circuit Park Zandvoort,vettel,VET,Sebastian Vettel,aston_martin,Aston Martin,5,19,14,14,0,72,Finished,9,1:14.862,204.808,kph
2022,15,Dutch Grand Prix,2022-09-04,zandvoort,Circuit Park Zandvoort,kevin_magnussen,MAG,Kevin Magnussen,haas,Haas F1 Team,20,18,15,15,0,72,Finished,14,1:15.369,203.431,kph
2022,15,Dutch Grand Prix,2022-09-04,zandvoort,Circuit Park Zandvoort,zhou,ZHO,Guanyu Zhou,alfa,Alfa Romeo,24,14,16,16,0,72,Finished,17,1:15.940,201.901,kph
2022,15,Dutch Grand Prix,2022-09-04,zandvoort,Circuit Park Zandvoort,ricciardo,RIC,Daniel Ricciardo,mclaren,McLaren,3,17,17,17,0,72,Finished,16,1:15.577,202.871,kph
2022,15,Dutch Grand Prix,2022-09-04,zandvoort,Circuit Park Zandvoort,latifi,LAT,Nicholas Latifi,williams,Williams,6,20,18,18,0,71,+1 Lap,18,1:16.066,201.567,kph
2022,15,Dutch Grand Prix,2022-09-04,zandvoort,Circuit Park Zandvoort,bottas,BOT,Valtteri Bottas,alfa,Alfa Romeo,77,16,19,R,0,53,Engine,19,1:16.844,199.526,kph
2022,15,Dutch Grand Prix,2022-09-04,zandvoort,Circuit Park Zandvoort,tsunoda,TSU,Yuki Tsunoda,alphatauri,AlphaTauri,22,9,20,R,0,43,Differential,20,1:17.138,198.765,kph
2022,16,Italian Grand Prix,2022-09-11,monza,Autodromo Nazionale di Monza,max_verstappen,VER,Max Verstappen,red_bull,Red Bull,1,7,1,1,25,53,Finished,6,1:24.745,246.088,kph
2022,16,Italian Grand Prix,2022-09-11,monza,Autodromo Nazionale di Monza,leclerc,LEC,Charles Leclerc,ferrari,Ferrari,16,1,2,2,18,53,Finished,2,1:24.336,247.282,kph
2022,16,Italian Grand Prix,2022-09-11,monza,Autodromo Nazionale di Monza,russell,RUS,George Russell,mercedes,Mercedes,63,2,3,3,15,53,Finished,7,1:25.288,244.522,kph
2022,16,Italian Grand Prix,2022-09-11,monza,Autodromo Nazionale di Monza,sainz,SAI,Carlos Sainz,ferrari,Ferrari,55,18,4,4,12,53,Finished,4,1:24.446,246.960,kph
2022,16,Italian Grand Prix,2022-09-11,monza,Autodromo Nazionale di Monza,hamilton,HAM,Lewis Hamilton,mercedes,Mercedes,44,19,5,5,10,53,Finished,3,1:24.434,246.995,kph
2022,16,Italian Grand Prix,2022-09-11,monza,Autodromo Nazionale di Monza,perez,PER,Sergio Pérez,red_bull,Red Bull,11,13,6,6,9,53,Finished,1,1:24.030,248.182,kph
2022,16,Italian Grand Prix,2022-09-11,monza,Autodromo Nazionale di Monza,norris,NOR,Lando Norris,mclaren,McLaren,4,3,7,7,6,53,Finished,5,1:24.718,246.167,kph
2022,16,Italian Grand Prix,2022-09-11,monza,Autodromo Nazionale di Monza,gasly,GAS,Pierre Gasly,alphatauri,AlphaTauri,10,5,8,8,4,53,Finished,14,1:26.718,240.489,kph
2022,16,Italian Grand Prix,2022-09-11,monza,Autodromo Nazionale di Monza,de_vries,DEV,Nyck de Vries,williams,Williams,45,8,9,9,2,53,Finished,13,1:26.624,240.750,kph
2022,16,Italian Grand Prix,2022-09-11,monza,Autodromo Nazionale di Monza,zhou,ZHO,Guanyu Zhou,alfa,Alfa Romeo,24,9,10,10,1,53,Finished,10,1:26.361,241.484,kph
2022,16,Italian Grand Prix,2022-09-11,monza,Autodromo Nazionale di Monza,ocon,OCO,Esteban Ocon,alpine,Alpine F1 Team,31,14,11,11,0,53,Finished,11,1:26.593,240.837,kph
2022,16,Italian Grand Prix,2022-09-11,monza,Autodromo Nazionale di Monza,mick_schumacher,MSC,Mick Schumacher,haas,Haas F1 Team,47,17,12,12,0,53,Finished,8,1:25.298,244.493,kph
2022,16,Italian Grand Prix,2022-09-11,monza,Autodromo Nazionale di Monza,bottas,BOT,Valtteri Bottas,alfa,Alfa Romeo,77,15,13,13,0,52,+1 Lap,9,1:25.706,243.329,kph
2022,16,Italian Grand Prix,2022-09-11,monza,Autodromo Nazionale di Monza,tsunoda,TSU,Yuki Tsunoda,alphatauri,AlphaTauri,22,20,14,14,0,52,+1 Lap,17,1:26.857,240.105,kph
2022,16,Italian Grand Prix,2022-09-11,monza,Autodromo Nazionale di Monza,latifi,LAT,Nicholas Latifi,williams,Williams,6,10,15,15,0,52,+1 Lap,15,1:26.798,240.268,kph
2022,16,Italian Grand Prix,2022-09-11,monza,Autodromo Nazionale di Monza,kevin_magnussen,MAG,Kevin Magnussen,haas,Haas F1 Team,20,16,16,16,0,52,+1 Lap,16,1:26.798,240.268,kph
2022,16,Italian Grand Prix,2022-09-11,monza,Autodromo Nazionale di Monza,ricciardo,RIC,Daniel Ricciardo,mclaren,McLaren,3,4,17,R,0,45,Oil leak,12,1:26.603,240.809,kph
2022,16,Italian Grand Prix,2022-09-11,monza,Autodromo Nazionale di Monza,stroll,STR,Lance Stroll,aston_martin,Aston Martin,18,12,18,R,0,39,Engine,19,1:27.467,238.430,kph
2022,16,Italian Grand Prix,2022-09-11,monza,Autodromo Nazionale di Monza,alonso,ALO,Fernando Alonso,alpine,Alpine F1 Team,14,6,19,R,0,31,Water pressure,18,1:27.203,239.152,kph
2022,16,Italian Grand Prix,2022-09-11,monza,Autodromo Nazionale di Monza,vettel,VET,Sebastian Vettel,aston_martin,Aston Martin,5,11,20,R,0,10,Engine,20,1:27.501,238.337,kph
2022,17,Singapore Grand Prix,2022-10-02,marina_bay,Marina Bay Street Circuit,perez,PER,Sergio Pérez,red_bull,Red Bull,11,2,1,1,25,59,Finished,2,1:48.165,168.509,kph
2022,17,Singapore Grand Prix,2022-10-02,marina_bay,Marina Bay Street Circuit,leclerc,LEC,Charles Leclerc,ferrari,Ferrari,16,1,2,2,18,59,Finished,4,1:48.753,167.598,kph
2022,17,Singapore Grand Prix,2022-10-02,marina_bay,Marina Bay Street Circuit,sainz,SAI,Carlos Sainz,ferrari,Ferrari,55,4,3,3,15,59,Finished,3,1:48.414,168.122,kph
2022,17,Singapore Grand Prix,2022-10-02,marina_bay,Marina Bay Street Circuit,norris,NOR,Lando Norris,mclaren,McLaren,4,6,4,4,12,59,Finished,6,1:49.212,166.893,kph
2022,17,Singapore Grand Prix,2022-10-02,marina_bay,Marina Bay Street Circuit,ricciardo,RIC,Daniel Ricciardo,mclaren,McLaren,3,16,5,5,10,59,Finished,12,1:51.006,164.196,kph
2022,17,Singapore Grand Prix,2022-10-02,marina_bay,Marina Bay Street Circuit,stroll,STR,Lance Stroll,aston_martin,Aston Martin,18,11,6,6,8,59,Finished,7,1:50.283,165.272,kph
2022,17,Singapore Grand Prix,2022-10-02,marina_bay,Marina Bay Street Circuit,max_verstappen,VER,Max Verstappen,red_bull,Red Bull,1,8,7,7,6,59,Finished,5,1:49.142,167.000,kph
2022,17,Singapore Grand Prix,2022-10-02,marina_bay,Marina Bay Street Circuit,vettel,VET,Sebastian Vettel,aston_martin,Aston Martin,5,13,8,8,4,59,Finished,11,1:50.669,164.696,kph
2022,17,Singapore Grand Prix,2022-10-02,marina_bay,Marina Bay Street Circuit,hamilton,HAM,Lewis Hamilton,mercedes,Mercedes,44,3,9,9,2,59,Finished,10,1:50.622,164.766,kph
2022,17,Singapore Grand Prix,2022-10-02,marina_bay,Marina Bay Street Circuit,gasly,GAS,Pierre Gasly,alphatauri,AlphaTauri,10,7,10,10,1,59,Finished,9,1:50.569,164.845,kph
2022,17,Singapore Grand Prix,2022-10-02,marina_bay,Marina Bay Street Circuit,bottas,BOT,Valtteri Bottas,alfa,Alfa Romeo,77,15,11,11,0,59,Finished,13,1:51.864,162.937,kph
2022,17,Singapore Grand Prix,2022-10-02,marina_bay,Marina Bay Street Circuit,kevin_magnussen,MAG,Kevin Magnussen,haas,Haas F1 Team,20,9,12,12,0,59,Finished,14,1:52.067,162.641,kph
2022,17,Singapore Grand Prix,2022-10-02,marina_bay,Marina Bay Street Circuit,mick_schumacher,MSC,Mick Schumacher,haas,Haas F1 Team,47,12,13,13,0,58,+1 Lap,8,1:50.290,165.262,kph
2022,17,Singapore Grand Prix,2022-10-02,marina_bay,Marina Bay Street Circuit,russell,RUS,George Russell,mercedes,Mercedes,63,0,14,14,0,57,+2 Laps,1,1:46.458,171.211,kph
2022,17,Singapore Grand Prix,2022-10-02,marina_bay,Marina Bay Street Circuit,tsunoda,TSU,Yuki Tsunoda,alphatauri,AlphaTauri,22,10,15,R,0,34,Accident,15,1:58.716,153.532,kph
2022,17,Singapore Grand Prix,2022-10-02,marina_bay,Marina Bay Street Circuit,ocon,OCO,Esteban Ocon,alpine,Alpine F1 Team,31,17,16,R,0,26,Engine,17,2:01.105,150.504,kph
2022,17,Singapore Grand Prix,2022-10-02,marina_bay,Marina Bay Street Circuit,albon,ALB,Alexander Albon,williams,Williams,23,18,17,R,0,25,Collision damage,18,2:02.121,149.251,kph
2022,17,Singapore Grand Prix,2022-10-02,marina_bay,Marina Bay Street Circuit,alonso,ALO,Fernando Alonso,alpine,Alpine F1 Team,14,5,18,R,0,20,Engine,16,2:00.463,151.306,kph
2022,17,Singapore Grand Prix,2022-10-02,marina_bay,Marina Bay Street Circuit,latifi,LAT,Nicholas Latifi,williams,Williams,6,19,19,R,0,7,Collision damage,20,2:05.585,145.135,kph
2022,17,Singapore Grand Prix,2022-10-02,marina_bay,Marina Bay Street Circuit,zhou,ZHO,Guanyu Zhou,alfa,Alfa Romeo,24,14,20,R,0,6,Collision,19,2:05.556,145.168,kph
2022,18,Japanese Grand Prix,2022-10-09,suzuka,Suzuka Circuit,max_verstappen,VER,Max Verstappen,red_bull,Red Bull,1,1,1,1,25,28,Finished,4,1:44.911,199.266,kph
2022,18,Japanese Grand Prix,2022-10-09,suzuka,Suzuka Circuit,perez,PER,Sergio Pérez,red_bull,Red Bull,11,4,2,2,18,28,Finished,9,1:46.120,196.995,kph
2022,18,Japanese Grand Prix,2022-10-09,suzuka,Suzuka Circuit,leclerc,LEC,Charles Leclerc,ferrari,Ferrari,16,2,3,3,15,28,Finished,3,1:44.489,200.070,kph
2022,18,Japanese Grand Prix,2022-10-09,suzuka,Suzuka Circuit,ocon,OCO,Esteban Ocon,alpine,Alpine F1 Team,31,5,4,4,12,28,Finished,11,1:46.559,196.184,kph
2022,18,Japanese Grand Prix,2022-10-09,suzuka,Suzuka Circuit,hamilton,HAM,Lewis Hamilton,mercedes,Mercedes,44,6,5,5,10,28,Finished,7,1:45.530,198.097,kph
2022,18,Japanese Grand Prix,2022-10-09,suzuka,Suzuka Circuit,vettel,VET,Sebastian Vettel,aston_martin,Aston Martin,5,9,6,6,8,28,Finished,12,1:46.964,195.441,kph
2022,18,Japanese Grand Prix,2022-10-09,suzuka,Suzuka Circuit,alonso,ALO,Fernando Alonso,alpine,Alpine F1 Team,14,7,7,7,6,28,Finished,2,1:44.412,200.218,kph
2022,18,Japanese Grand Prix,2022-10-09,suzuka,Suzuka Circuit,russell,RUS,George Russell,mercedes,Mercedes,63,8,8,8,4,28,Finished,13,1:47.004,195.368,kph
2022,18,Japanese Grand Prix,2022-10-09,suzuka,Suzuka Circuit,latifi,LAT,Nicholas Latifi,williams,Williams,6,20,9,9,2,28,Finished,18,1:48.371,192.904,kph
2022,18,Japanese Grand Prix,2022-10-09,suzuka,Suzuka Circuit,norris,NOR,Lando Norris,mclaren,McLaren,4,10,10,10,1,28,Finished,17,1:48.175,193.253,kph
2022,18,Japanese Grand Prix,2022-10-09,suzuka,Suzuka Circuit,ricciardo,RIC,Daniel Ricciardo,mclaren,McLaren,3,11,11,11,0,28,Finished,15,1:47.843,193.848,kph
2022,18,Japanese Grand Prix,2022-10-09,suzuka,Suzuka Circuit,stroll,STR,Lance Stroll,aston_martin,Aston Martin,18,19,12,12,0,28,Finished,5,1:45.205,198.709,kph
2022,18,Japanese Grand Prix,2022-10-09,suzuka,Suzuka Circuit,tsunoda,TSU,Yuki Tsunoda,alphatauri,AlphaTauri,22,13,13,13,0,28,Finished,8,1:45.893,197.418,kph
2022,18,Japanese Grand Prix,2022-10-09,suzuka,Suzuka Circuit,kevin_magnussen,MAG,Kevin Magnussen,haas,Haas F1 Team,20,18,14,14,0,28,Finished,16,1:48.072,193.437,kph
2022,18,Japanese Grand Prix,2022-10-09,suzuka,Suzuka Circuit,bottas,BOT,Valtteri Bottas,alfa,Alfa Romeo,77,12,15,15,0,28,Finished,14,1:47.820,193.889,kph
2022,18,Japanese Grand Prix,2022-10-09,suzuka,Suzuka Circuit,zhou,ZHO,Guanyu Zhou,alfa,Alfa Romeo,24,14,16,16,0,28,Finished,1,1:44.411,200.220,kph
2022,18,Japanese Grand Prix,2022-10-09,suzuka,Suzuka Circuit,mick_schumacher,MSC,Mick Schumacher,haas,Haas F1 Team,47,15,17,17,0,28,Finished,6,1:45.387,198.366,kph
2022,18,Japanese Grand Prix,2022-10-09,suzuka,Suzuka Circuit,gasly,GAS,Pierre Gasly,alphatauri,AlphaTauri,10,17,18,18,0,28,Finished,10,1:46.545,196.210,kph
2022,18,Japanese Grand Prix,2022-10-09,suzuka,Suzuka Circuit,sainz,SAI,Carlos Sainz,ferrari,Ferrari,55,3,19,R,0,0,Accident,,,,
2022,18,Japanese Grand Prix,2022-10-09,suzuka,Suzuka Circuit,albon,ALB,Alexander Albon,williams,Williams,23,16,20,R,0,0,Hydraulics,,,,
2022,19,United States Grand Prix,2022-10-23,americas,Circuit of the Americas,max_verstappen,VER,Max Verstappen,red_bull,Red Bull,1,2,1,1,25,56,Finished,2,1:39.541,199.383,kph
2022,19,United States Grand Prix,2022-10-23,americas,Circuit of the Americas,hamilton,HAM,Lewis Hamilton,mercedes,Mercedes,44,3,2,2,18,56,Finished,5,1:39.830,198.805,kph
2022,19,United States Grand Prix,2022-10-23,americas,Circuit of the Americas,leclerc,LEC,Charles Leclerc,ferrari,Ferrari,16,12,3,3,15,56,Finished,4,1:39.731,199.003,kph
2022,19,United States Grand Prix,2022-10-23,americas,Circuit of the Americas,perez,PER,Sergio Pérez,red_bull,Red Bull,11,9,4,4,12,56,Finished,3,1:39.563,199.339,kph
2022,19,United States Grand Prix,2022-10-23,americas,Circuit of the Americas,russell,RUS,George Russell,mercedes,Mercedes,63,4,5,5,11,56,Finished,1,1:38.788,200.902,kph
2022,19,United States Grand Prix,2022-10-23,americas,Circuit of the Americas,norris,NOR,Lando Norris,mclaren,McLaren,4,6,6,6,8,56,Finished,7,1:41.322,195.878,kph
2022,19,United States Grand Prix,2022-10-23,americas,Circuit of the Americas,alonso,ALO,Fernando Alonso,alpine,Alpine F1 Team,14,14,7,7,6,56,Finished,8,1:41.538,195.461,kph
2022,19,United States Grand Prix,2022-10-23,americas,Circuit of the Americas,vettel,VET,Sebastian Vettel,aston_martin,Aston Martin,5,10,8,8,4,56,Finished,16,1:42.546,193.540,kph
2022,19,United States Grand Prix,2022-10-23,americas,Circuit of the Americas,kevin_magnussen,MAG,Kevin Magnussen,haas,Haas F1 Team,20,13,9,9,2,56,Finished,11,1:42.206,194.184,kph
2022,19,United States Grand Prix,2022-10-23,americas,Circuit of the Americas,tsunoda,TSU,Yuki Tsunoda,alphatauri,AlphaTauri,22,19,10,10,1,56,Finished,6,1:41.243,196.031,kph
2022,19,United States Grand Prix,2022-10-23,americas,Circuit of the Americas,ocon,OCO,Esteban Ocon,alpine,Alpine F1 Team,31,0,11,11,0,56,Finished,13,1:42.394,193.827,kph
2022,19,United States Grand Prix,2022-10-23,americas,Circuit of the Americas,zhou,ZHO,Guanyu Zhou,alfa,Alfa Romeo,24,18,12,12,0,56,Finished,15,1:42.471,193.682,kph
2022,19,United States Grand Prix,2022-10-23,americas,Circuit of the Americas,albon,ALB,Alexander Albon,williams,Williams,23,8,13,13,0,56,Finished,9,1:41.674,195.200,kph
2022,19,United States Grand Prix,2022-10-23,americas,Circuit of the Americas,gasly,GAS,Pierre Gasly,alphatauri,AlphaTauri,10,11,14,14,0,56,Finished,12,1:42.320,193.967,kph
2022,19,United States Grand Prix,2022-10-23,americas,Circuit of the Americas,mick_schumacher,MSC,Mick Schumacher,haas,Haas F1 Team,47,16,15,15,0,56,Finished,10,1:41.804,194.951,kph
2022,19,United States Grand Prix,2022-10-23,americas,Circuit of the Americas,ricciardo,RIC,Daniel Ricciardo,mclaren,McLaren,3,15,16,16,0,56,Finished,14,1:42.420,193.778,kph
2022,19,United States Grand Prix,2022-10-23,americas,Circuit of the Americas,latifi,LAT,Nicholas Latifi,williams,Williams,6,17,17,17,0,56,Finished,19,1:43.485,191.784,kph
2022,19,United States Grand Prix,2022-10-23,americas,Circuit of the Americas,stroll,STR,Lance Stroll,aston_martin,Aston Martin,18,5,18,R,0,21,Collision,17,1:43.080,192.537,kph
2022,19,United States Grand Prix,2022-10-23,americas,Circuit of the Americas,bottas,BOT,Valtteri Bottas,alfa,Alfa Romeo,77,7,19,R,0,16,Spun off,18,1:43.391,191.958,kph
2022,19,United States Grand Prix,2022-10-23,americas,Circuit of the Americas,sainz,SAI,Carlos Sainz,ferrari,Ferrari,55,1,20,R,0,1,Collision damage,,,,
2022,20,Mexico City Grand Prix,2022-10-30,rodriguez,Autódromo Hermanos Rodríguez,max_verstappen,VER,Max Verstappen,red_bull,Red Bull,1,1,1,1,25,71,Finished,4,1:22.046,188.850,kph
2022,20,Mexico City Grand Prix,2022-10-30,rodriguez,Autódromo Hermanos Rodríguez,hamilton,HAM,Lewis Hamilton,mercedes,Mercedes,44,3,2,2,18,71,Finished,5,1:22.062,188.813,kph
2022,20,Mexico City Grand Prix,2022-10-30,rodriguez,Autódromo Hermanos Rodríguez,perez,PER,Sergio Pérez,red_bull,Red Bull,11,4,3,3,15,71,Finished,2,1:21.775,189.476,kph
2022,20,Mexico City Grand Prix,2022-10-30,rodriguez,Autódromo Hermanos Rodríguez,russell,RUS,George Russell,mercedes,Mercedes,63,2,4,4,13,71,Finished,1,1:20.153,193.310,kph
2022,20,Mexico City Grand Prix,2022-10-30,rodriguez,Autódromo Hermanos Rodríguez,sainz,SAI,Carlos Sainz,ferrari,Ferrari,55,5,5,5,10,71,Finished,6,1:22.199,188.498,kph
2022,20,Mexico City Grand Prix,2022-10-30,rodriguez,Autódromo Hermanos Rodríguez,leclerc,LEC,Charles Leclerc,ferrari,Ferrari,16,7,6,6,8,71,Finished,10,1:22.603,187.576,kph
2022,20,Mexico City Grand Prix,2022-10-30,rodriguez,Autódromo Hermanos Rodríguez,ricciardo,RIC,Daniel Ricciardo,mclaren,McLaren,3,11,7,7,6,70,+1 Lap,3,1:22.022,188.905,kph
2022,20,Mexico City Grand Prix,2022-10-30,rodriguez,Autódromo Hermanos Rodríguez,ocon,OCO,Esteban Ocon,alpine,Alpine F1 Team,31,10,8,8,4,70,+1 Lap,14,1:23.279,186.054,kph
2022,20,Mexico City Grand Prix,2022-10-30,rodriguez,Autódromo Hermanos Rodríguez,norris,NOR,Lando Norris,mclaren,McLaren,4,8,9,9,2,70,+1 Lap,17,1:23.402,185.779,kph
2022,20,Mexico City Grand Prix,2022-10-30,rodriguez,Autódromo Hermanos Rodríguez,bottas,BOT,Valtteri Bottas,alfa,Alfa Romeo,77,6,10,10,1,70,+1 Lap,16,1:23.363,185.866,kph
2022,20,Mexico City Grand Prix,2022-10-30,rodriguez,Autódromo Hermanos Rodríguez,gasly,GAS,Pierre Gasly,alphatauri,AlphaTauri,10,14,11,11,0,70,+1 Lap,8,1:22.277,188.319,kph
2022,20,Mexico City Grand Prix,2022-10-30,rodriguez,Autódromo Hermanos Rodríguez,albon,ALB,Alexander Albon,williams,Williams,23,17,12,12,0,70,+1 Lap,12,1:22.914,186.873,kph
2022,20,Mexico City Grand Prix,2022-10-30,rodriguez,Autódromo Hermanos Rodríguez,zhou,ZHO,Guanyu Zhou,alfa,Alfa Romeo,24,12,13,13,0,70,+1 Lap,7,1:22.260,188.358,kph
2022,20,Mexico City Grand Prix,2022-10-30,rodriguez,Autódromo Hermanos Rodríguez,vettel,VET,Sebastian Vettel,aston_martin,Aston Martin,5,16,14,14,0,70,+1 Lap,13,1:23.086,186.486,kph
2022,20,Mexico City Grand Prix,2022-10-30,rodriguez,Autódromo Hermanos Rodríguez,stroll,STR,Lance Stroll,aston_martin,Aston Martin,18,20,15,15,0,70,+1 Lap,9,1:22.463,187.895,kph
2022,20,Mexico City Grand Prix,2022-10-30,rodriguez,Autódromo Hermanos Rodríguez,mick_schumacher,MSC,Mick Schumacher,haas,Haas F1 Team,47,15,16,16,0,70,+1 Lap,19,1:23.641,185.248,kph
2022,20,Mexico City Grand Prix,2022-10-30,rodriguez,Autódromo Hermanos Rodríguez,kevin_magnussen,MAG,Kevin Magnussen,haas,Haas F1 Team,20,19,17,17,0,70,+1 Lap,15,1:23.300,186.007,kph
2022,20,Mexico City Grand Prix,2022-10-30,rodriguez,Autódromo Hermanos Rodríguez,latifi,LAT,Nicholas Latifi,williams,Williams,6,18,18,18,0,69,+2 Laps,20,1:23.709,185.098,kph
2022,20,Mexico City Grand Prix,2022-10-30,rodriguez,Autódromo Hermanos Rodríguez,alonso,ALO,Fernando Alonso,alpine,Alpine F1 Team,14,9,19,19,0,63,Engine,11,1:22.866,186.981,kph
2022,20,Mexico City Grand Prix,2022-10-30,rodriguez,Autódromo Hermanos Rodríguez,tsunoda,TSU,Yuki Tsunoda,alphatauri,AlphaTauri,22,13,20,R,0,50,Collision damage,18,1:23.403,185.777,kph
2022,21,São Paulo Grand Prix,2022-11-13,interlagos,Autódromo José Carlos Pace,russell,RUS,George Russell,mercedes,Mercedes,63,1,1,1,26,71,Finished,1,1:13.785,210.237,kph
2022,21,São Paulo Grand Prix,2022-11-13,interlagos,Autódromo José Carlos Pace,hamilton,HAM,Lewis Hamilton,mercedes,Mercedes,44,2,2,2,18,71,Finished,2,1:13.942,209.791,kph
2022,21,São Paulo Grand Prix,2022-11-13,interlagos,Autódromo José Carlos Pace,sainz,SAI,Carlos Sainz,ferrari,Ferrari,55,7,3,3,15,71,Finished,3,1:13.953,209.760,kph
2022,21,São Paulo Grand Prix,2022-11-13,interlagos,Autódromo José Carlos Pace,leclerc,LEC,Charles Leclerc,ferrari,Ferrari,16,5,4,4,12,71,Finished,6,1:14.253,208.912,kph
2022,21,São Paulo Grand Prix,2022-11-13,interlagos,Autódromo José Carlos Pace,alonso,ALO,Fernando Alonso,alpine,Alpine F1 Team,14,17,5,5,10,71,Finished,4,1:14.164,209.163,kph
2022,21,São Paulo Grand Prix,2022-11-13,interlagos,Autódromo José Carlos Pace,max_verstappen,VER,Max Verstappen,red_bull,Red Bull,1,3,6,6,8,71,Finished,5,1:14.195,209.076,kph
2022,21,São Paulo Grand Prix,2022-11-13,interlagos,Autódromo José Carlos Pace,perez,PER,Sergio Pérez,red_bull,Red Bull,11,4,7,7,6,71,Finished,7,1:14.283,208.828,kph
2022,21,São Paulo Grand Prix,2022-11-13,interlagos,Autódromo José Carlos Pace,ocon,OCO,Esteban Ocon,alpine,Alpine F1 Team,31,16,8,8,4,71,Finished,9,1:15.093,206.575,kph
2022,21,São Paulo Grand Prix,2022-11-13,interlagos,Autódromo José Carlos Pace,bottas,BOT,Valtteri Bottas,alfa,Alfa Romeo,77,14,9,9,2,71,Finished,14,1:15.511,205.432,kph
2022,21,São Paulo Grand Prix,2022-11-13,interlagos,Autódromo José Carlos Pace,stroll,STR,Lance Stroll,aston_martin,Aston Martin,18,15,10,10,1,71,Finished,8,1:14.831,207.299,kph
2022,21,São Paulo Grand Prix,2022-11-13,interlagos,Autódromo José Carlos Pace,vettel,VET,Sebastian Vettel,aston_martin,Aston Martin,5,9,11,11,0,71,Finished,15,1:15.549,205.328,kph
2022,21,São Paulo Grand Prix,2022-11-13,interlagos,Autódromo José Carlos Pace,zhou,ZHO,Guanyu Zhou,alfa,Alfa Romeo,24,13,12,12,0,71,Finished,17,1:15.802,204.643,kph
2022,21,São Paulo Grand Prix,2022-11-13,interlagos,Autódromo José Carlos Pace,mick_schumacher,MSC,Mick Schumacher,haas,Haas F1 Team,47,12,13,13,0,71,Finished,10,1:15.251,206.142,kph
2022,21,São Paulo Grand Prix,2022-11-13,interlagos,Autódromo José Carlos Pace,gasly,GAS,Pierre Gasly,alphatauri,AlphaTauri,10,10,14,14,0,71,Finished,12,1:15.327,205.934,kph
2022,21,São Paulo Grand Prix,2022-11-13,interlagos,Autódromo José Carlos Pace,albon,ALB,Alexander Albon,williams,Williams,23,19,15,15,0,71,Finished,16,1:15.613,205.155,kph
2022,21,São Paulo Grand Prix,2022-11-13,interlagos,Autódromo José Carlos Pace,latifi,LAT,Nicholas Latifi,williams,Williams,6,18,16,16,0,71,Finished,11,1:15.327,205.934,kph
2022,21,São Paulo Grand Prix,2022-11-13,interlagos,Autódromo José Carlos Pace,tsunoda,TSU,Yuki Tsunoda,alphatauri,AlphaTauri,22,0,17,17,0,70,+1 Lap,13,1:15.508,205.440,kph
2022,21,São Paulo Grand Prix,2022-11-13,interlagos,Autódromo José Carlos Pace,norris,NOR,Lando Norris,mclaren,McLaren,4,6,18,R,0,50,Gearbox,18,1:15.855,204.500,kph
2022,21,São Paulo Grand Prix,2022-11-13,interlagos,Autódromo José Carlos Pace,kevin_magnussen,MAG,Kevin Magnussen,haas,Haas F1 Team,20,8,19,R,0,0,Collision,,,,
2022,21,São Paulo Grand Prix,2022-11-13,interlagos,Autódromo José Carlos Pace,ricciardo,RIC,Daniel Ricciardo,mclaren,McLaren,3,11,20,R,0,0,Collision,,,,
2022,22,Abu Dhabi Grand Prix,2022-11-20,yas_marina,Yas Marina Circuit,max_verstappen,VER,Max Verstappen,red_bull,Red Bull,1,1,1,1,25,58,Finished,6,1:29.392,212.676,kph
2022,22,Abu Dhabi Grand Prix,2022-11-20,yas_marina,Yas Marina Circuit,leclerc,LEC,Charles Leclerc,ferrari,Ferrari,16,3,2,2,18,58,Finished,10,1:29.719,211.901,kph
2022,22,Abu Dhabi Grand Prix,2022-11-20,yas_marina,Yas Marina Circuit,perez,PER,Sergio Pérez,red_bull,Red Bull,11,2,3,3,15,58,Finished,4,1:28.972,213.680,kph
2022,22,Abu Dhabi Grand Prix,2022-11-20,yas_marina,Yas Marina Circuit,sainz,SAI,Carlos Sainz,ferrari,Ferrari,55,4,4,4,12,58,Finished,3,1:28.879,213.904,kph
2022,22,Abu Dhabi Grand Prix,2022-11-20,yas_marina,Yas Marina Circuit,russell,RUS,George Russell,mercedes,Mercedes,63,6,5,5,10,58,Finished,2,1:28.836,214.007,kph
2022,22,Abu Dhabi Grand Prix,2022-11-20,yas_marina,Yas Marina Circuit,norris,NOR,Lando Norris,mclaren,McLaren,4,7,6,6,9,58,Finished,1,1:28.391,215.085,kph
2022,22,Abu Dhabi Grand Prix,2022-11-20,yas_marina,Yas Marina Circuit,ocon,OCO,Esteban Ocon,alpine,Alpine F1 Team,31,8,7,7,6,58,Finished,5,1:29.333,212.817,kph
2022,22,Abu Dhabi Grand Prix,2022-11-20,yas_marina,Yas Marina Circuit,stroll,STR,Lance Stroll,aston_martin,Aston Martin,18,14,8,8,4,58,Finished,9,1:29.620,212.135,kph
2022,22,Abu Dhabi Grand Prix,2022-11-20,yas_marina,Yas Marina Circuit,ricciardo,RIC,Daniel Ricciardo,mclaren,McLaren,3,13,9,9,2,58,Finished,18,1:30.785,209.413,kph
2022,22,Abu Dhabi Grand Prix,2022-11-20,yas_marina,Yas Marina Circuit,vettel,VET,Sebastian Vettel,aston_martin,Aston Martin,5,9,10,10,1,58,Finished,15,1:30.312,210.510,kph
2022,22,Abu Dhabi Grand Prix,2022-11-20,yas_marina,Yas Marina Circuit,tsunoda,TSU,Yuki Tsunoda,alphatauri,AlphaTauri,22,11,11,11,0,58,Finished,7,1:29.489,212.446,kph
2022,22,Abu Dhabi Grand Prix,2022-11-20,yas_marina,Yas Marina Circuit,zhou,ZHO,Guanyu Zhou,alfa,Alfa Romeo,24,15,12,12,0,57,+1 Lap,8,1:29.600,212.183,kph
2022,22,Abu Dhabi Grand Prix,2022-11-20,yas_marina,Yas Marina Circuit,albon,ALB,Alexander Albon,williams,Williams,23,19,13,13,0,57,+1 Lap,13,1:29.939,211.383,kph
2022,22,Abu Dhabi Grand Prix,2022-11-20,yas_marina,Yas Marina Circuit,gasly,GAS,Pierre Gasly,alphatauri,AlphaTauri,10,17,14,14,0,57,+1 Lap,19,1:31.081,208.732,kph
2022,22,Abu Dhabi Grand Prix,2022-11-20,yas_marina,Yas Marina Circuit,bottas,BOT,Valtteri Bottas,alfa,Alfa Romeo,77,18,15,15,0,57,+1 Lap,16,1:30.352,210.417,kph
2022,22,Abu Dhabi Grand Prix,2022-11-20,yas_marina,Yas Marina Circuit,mick_schumacher,MSC,Mick Schumacher,haas,Haas F1 Team,47,12,16,16,0,57,+1 Lap,12,1:29.833,211.632,kph
2022,22,Abu Dhabi Grand Prix,2022-11-20,yas_marina,Yas Marina Circuit,kevin_magnussen,MAG,Kevin Magnussen,haas,Haas F1 Team,20,16,17,17,0,57,+1 Lap,20,1:31.158,208.556,kph
2022,22,Abu Dhabi Grand Prix,2022-11-20,yas_marina,Yas Marina Circuit,hamilton,HAM,Lewis Hamilton,mercedes,Mercedes,44,5,18,18,0,55,Hydraulics,11,1:29.788,211.738,kph
2022,22,Abu Dhabi Grand Prix,2022-11-20,yas_marina,Yas Marina Circuit,latifi,LAT,Nicholas Latifi,williams,Williams,6,20,19,19,0,55,Collision damage,14,1:30.309,210.517,kph
2022,22,Abu Dhabi Grand Prix,2022-11-20,yas_marina,Yas Marina Circuit,alonso,ALO,Fernando Alonso,alpine,Alpine F1 Team,14,10,20,R,0,27,Water leak,17,1:30.579,209.889,kph
2023,1,Bahrain Grand Prix,2023-03-05,bahrain,Bahrain International Circuit,max_verstappen,VER,Max Verstappen,red_bull,Red Bull,1,1,1,1,25,57,Finished,6,1:36.236,202.452,kph
2023,1,Bahrain Grand Prix,2023-03-05,bahrain,Bahrain International Circuit,perez,PER,Sergio Pérez,red_bull,Red Bull,11,2,2,2,18,57,Finished,7,1:36.344,202.225,kph
2023,1,Bahrain Grand Prix,2023-03-05,bahrain,Bahrain International Circuit,alonso,ALO,Fernando Alonso,aston_martin,Aston Martin,14,5,3,3,15,57,Finished,5,1:36.156,202.620,kph
2023,1,Bahrain Grand Prix,2023-03-05,bahrain,Bahrain International Circuit,sainz,SAI,Carlos Sainz,ferrari,Ferrari,55,4,4,4,12,57,Finished,14,1:37.130,200.588,kph
2023,1,Bahrain Grand Prix,2023-03-05,bahrain,Bahrain International Circuit,hamilton,HAM,Lewis Hamilton,mercedes,Mercedes,44,7,5,5,10,57,Finished,10,1:36.546,201.802,kph
2023,1,Bahrain Grand Prix,2023-03-05,bahrain,Bahrain International Circuit,stroll,STR,Lance Stroll,aston_martin,Aston Martin,18,8,6,6,8,57,Finished,9,1:36.546,201.802,kph
2023,1,Bahrain Grand Prix,2023-03-05,bahrain,Bahrain International Circuit,russell,RUS,George Russell,mercedes,Mercedes,63,6,7,7,6,57,Finished,17,1:37.221,200.401,kph
2023,1,Bahrain Grand Prix,2023-03-05,bahrain,Bahrain International Circuit,bottas,BOT,Valtteri Bottas,alfa,Alfa Romeo,77,12,8,8,4,57,Finished,18,1:37.379,200.075,kph
2023,1,Bahrain Grand Prix,2023-03-05,bahrain,Bahrain International Circuit,gasly,GAS,Pierre Gasly,alpine,Alpine F1 Team,10,20,9,9,2,57,Finished,2,1:35.068,204.939,kph
2023,1,Bahrain Grand Prix,2023-03-05,bahrain,Bahrain International Circuit,albon,ALB,Alexander Albon,williams,Williams,23,15,10,10,1,57,Finished,15,1:37.144,200.559,kph
2023,1,Bahrain Grand Prix,2023-03-05,bahrain,Bahrain International Circuit,tsunoda,TSU,Yuki Tsunoda,alphatauri,AlphaTauri,22,14,11,11,0,57,Finished,12,1:36.637,201.612,kph
2023,1,Bahrain Grand Prix,2023-03-05,bahrain,Bahrain International Circuit,sargeant,SAR,Logan Sargeant,williams,Williams,2,16,12,12,0,56,Lapped,4,1:36.037,202.871,kph
2023,1,Bahrain Grand Prix,2023-03-05,bahrain,Bahrain International Circuit,kevin_magnussen,MAG,Kevin Magnussen,haas,Haas F1 Team,20,17,13,13,0,56,Lapped,8,1:36.471,201.959,kph
2023,1,Bahrain Grand Prix,2023-03-05,bahrain,Bahrain International Circuit,de_vries,DEV,Nyck de Vries,alphatauri,AlphaTauri,21,19,14,14,0,56,Lapped,19,1:37.709,199.400,kph
2023,1,Bahrain Grand Prix,2023-03-05,bahrain,Bahrain International Circuit,hulkenberg,HUL,Nico Hülkenberg,haas,Haas F1 Team,27,10,15,15,0,56,Lapped,11,1:36.616,201.656,kph
2023,1,Bahrain Grand Prix,2023-03-05,bahrain,Bahrain International Circuit,zhou,ZHO,Guanyu Zhou,alfa,Alfa Romeo,24,13,16,16,0,56,Lapped,1,1:33.996,207.276,kph
2023,1,Bahrain Grand Prix,2023-03-05,bahrain,Bahrain International Circuit,norris,NOR,Lando Norris,mclaren,McLaren,4,11,17,17,0,55,Lapped,3,1:35.822,203.327,kph
2023,1,Bahrain Grand Prix,2023-03-05,bahrain,Bahrain International Circuit,ocon,OCO,Esteban Ocon,alpine,Alpine F1 Team,31,9,18,R,0,41,Retired,13,1:36.797,201.278,kph
2023,1,Bahrain Grand Prix,2023-03-05,bahrain,Bahrain International Circuit,leclerc,LEC,Charles Leclerc,ferrari,Ferrari,16,3,19,R,0,39,Retired,16,1:37.170,200.506,kph
2023,1,Bahrain Grand Prix,2023-03-05,bahrain,Bahrain International Circuit,piastri,PIA,Oscar Piastri,mclaren,McLaren,81,18,20,R,0,13,Retired,20,1:40.691,193.494,kph
2023,2,Saudi Arabian Grand Prix,2023-03-19,jeddah,Jeddah Corniche Circuit,perez,PER,Sergio Pérez,red_bull,Red Bull,11,1,1,1,25,50,Finished,2,1:32.188,241.098,kph
2023,2,Saudi Arabian Grand Prix,2023-03-19,jeddah,Jeddah Corniche Circuit,max_verstappen,VER,Max Verstappen,red_bull,Red Bull,1,15,2,2,19,50,Finished,1,1:31.906,241.838,kph
2023,2,Saudi Arabian Grand Prix,2023-03-19,jeddah,Jeddah Corniche Circuit,alonso,ALO,Fernando Alonso,aston_martin,Aston Martin,14,2,3,3,15,50,Finished,3,1:32.240,240.962,kph
2023,2,Saudi Arabian Grand Prix,2023-03-19,jeddah,Jeddah Corniche Circuit,russell,RUS,George Russell,mercedes,Mercedes,63,3,4,4,12,50,Finished,4,1:32.433,240.459,kph
2023,2,Saudi Arabian Grand Prix,2023-03-19,jeddah,Jeddah Corniche Circuit,hamilton,HAM,Lewis Hamilton,mercedes,Mercedes,44,7,5,5,10,50,Finished,6,1:32.941,239.145,kph
2023,2,Saudi Arabian Grand Prix,2023-03-19,jeddah,Jeddah Corniche Circuit,sainz,SAI,Carlos Sainz,ferrari,Ferrari,55,4,6,6,8,50,Finished,5,1:32.822,239.451,kph
2023,2,Saudi Arabian Grand Prix,2023-03-19,jeddah,Jeddah Corniche Circuit,leclerc,LEC,Charles Leclerc,ferrari,Ferrari,16,12,7,7,6,50,Finished,7,1:33.056,238.849,kph
2023,2,Saudi Arabian Grand Prix,2023-03-19,jeddah,Jeddah Corniche Circuit,ocon,OCO,Esteban Ocon,alpine,Alpine F1 Team,31,6,8,8,4,50,Finished,8,1:33.222,238.424,kph
2023,2,Saudi Arabian Grand Prix,2023-03-19,jeddah,Jeddah Corniche Circuit,gasly,GAS,Pierre Gasly,alpine,Alpine F1 Team,10,9,9,9,2,50,Finished,10,1:33.392,237.990,kph
2023,2,Saudi Arabian Grand Prix,2023-03-19,jeddah,Jeddah Corniche Circuit,kevin_magnussen,MAG,Kevin Magnussen,haas,Haas F1 Team,20,13,10,10,1,50,Finished,9,1:33.374,238.036,kph
2023,2,Saudi Arabian Grand Prix,2023-03-19,jeddah,Jeddah Corniche Circuit,tsunoda,TSU,Yuki Tsunoda,alphatauri,AlphaTauri,22,16,11,11,0,50,Finished,14,1:33.931,236.624,kph
2023,2,Saudi Arabian Grand Prix,2023-03-19,jeddah,Jeddah Corniche Circuit,hulkenberg,HUL,Nico Hülkenberg,haas,Haas F1 Team,27,10,12,12,0,50,Finished,12,1:33.780,237.005,kph
2023,2,Saudi Arabian Grand Prix,2023-03-19,jeddah,Jeddah Corniche Circuit,zhou,ZHO,Guanyu Zhou,alfa,Alfa Romeo,24,11,13,13,0,50,Finished,13,1:33.894,236.718,kph
2023,2,Saudi Arabian Grand Prix,2023-03-19,jeddah,Jeddah Corniche Circuit,de_vries,DEV,Nyck de Vries,alphatauri,AlphaTauri,21,18,14,14,0,50,Finished,11,1:33.609,237.438,kph
2023,2,Saudi Arabian Grand Prix,2023-03-19,jeddah,Jeddah Corniche Circuit,piastri,PIA,Oscar Piastri,mclaren,McLaren,81,8,15,15,0,50,Finished,16,1:34.287,235.731,kph
2023,2,Saudi Arabian Grand Prix,2023-03-19,jeddah,Jeddah Corniche Circuit,sargeant,SAR,Logan Sargeant,williams,Williams,2,20,16,16,0,50,Finished,18,1:34.469,235.277,kph
2023,2,Saudi Arabian Grand Prix,2023-03-19,jeddah,Jeddah Corniche Circuit,norris,NOR,Lando Norris,mclaren,McLaren,4,19,17,17,0,50,Finished,15,1:34.122,236.144,kph
2023,2,Saudi Arabian Grand Prix,2023-03-19,jeddah,Jeddah Corniche Circuit,bottas,BOT,Valtteri Bottas,alfa,Alfa Romeo,77,14,18,18,0,49,Lapped,17,1:34.384,235.489,kph
2023,2,Saudi Arabian Grand Prix,2023-03-19,jeddah,Jeddah Corniche Circuit,albon,ALB,Alexander Albon,williams,Williams,23,17,19,R,0,27,Retired,20,1:35.567,232.574,kph
2023,2,Saudi Arabian Grand Prix,2023-03-19,jeddah,Jeddah Corniche Circuit,stroll,STR,Lance Stroll,aston_martin,Aston Martin,18,5,20,R,0,16,Retired,19,1:35.140,233.617,kph
2023,3,Australian Grand Prix,2023-04-02,albert_park,Albert Park Grand Prix Circuit,max_verstappen,VER,Max Verstappen,red_bull,Red Bull,1,1,1,1,25,58,Finished,2,1:20.342,236.498,kph
2023,3,Australian Grand Prix,2023-04-02,albert_park,Albert Park Grand Prix Circuit,hamilton,HAM,Lewis Hamilton,mercedes,Mercedes,44,3,2,2,18,58,Finished,5,1:20.613,235.703,kph
2023,3,Australian Grand Prix,2023-04-02,albert_park,Albert Park Grand Prix Circuit,alonso,ALO,Fernando Alonso,aston_martin,Aston Martin,14,4,3,3,15,58,Finished,4,1:20.476,236.105,kph
2023,3,Australian Grand Prix,2023-04-02,albert_park,Albert Park Grand Prix Circuit,stroll,STR,Lance Stroll,aston_martin,Aston Martin,18,6,4,4,12,58,Finished,6,1:20.934,234.769,kph
2023,3,Australian Grand Prix,2023-04-02,albert_park,Albert Park Grand Prix Circuit,perez,PER,Sergio Pérez,red_bull,Red Bull,11,20,5,5,11,58,Finished,1,1:20.235,236.814,kph
2023,3,Australian Grand Prix,2023-04-02,albert_park,Albert Park Grand Prix Circuit,norris,NOR,Lando Norris,mclaren,McLaren,4,13,6,6,8,58,Finished,9,1:21.173,234.077,kph
2023,3,Australian Grand Prix,2023-04-02,albert_park,Albert Park Grand Prix Circuit,hulkenberg,HUL,Nico Hülkenberg,haas,Haas F1 Team,27,10,7,7,6,58,Finished,8,1:21.124,234.219,kph
2023,3,Australian Grand Prix,2023-04-02,albert_park,Albert Park Grand Prix Circuit,piastri,PIA,Oscar Piastri,mclaren,McLaren,81,16,8,8,4,58,Finished,12,1:21.335,233.611,kph
2023,3,Australian Grand Prix,2023-04-02,albert_park,Albert Park Grand Prix Circuit,zhou,ZHO,Guanyu Zhou,alfa,Alfa Romeo,24,17,9,9,2,58,Finished,16,1:21.819,232.229,kph
2023,3,Australian Grand Prix,2023-04-02,albert_park,Albert Park Grand Prix Circuit,tsunoda,TSU,Yuki Tsunoda,alphatauri,AlphaTauri,22,12,10,10,1,58,Finished,15,1:21.789,232.314,kph
2023,3,Australian Grand Prix,2023-04-02,albert_park,Albert Park Grand Prix Circuit,bottas,BOT,Valtteri Bottas,alfa,Alfa Romeo,77,19,11,11,0,58,Finished,17,1:22.233,231.060,kph
2023,3,Australian Grand Prix,2023-04-02,albert_park,Albert Park Grand Prix Circuit,sainz,SAI,Carlos Sainz,ferrari,Ferrari,55,5,12,12,0,58,Finished,3,1:20.467,236.131,kph
2023,3,Australian Grand Prix,2023-04-02,albert_park,Albert Park Grand Prix Circuit,gasly,GAS,Pierre Gasly,alpine,Alpine F1 Team,10,9,13,13,0,56,Retired,7,1:20.995,234.592,kph
2023,3,Australian Grand Prix,2023-04-02,albert_park,Albert Park Grand Prix Circuit,ocon,OCO,Esteban Ocon,alpine,Alpine F1 Team,31,11,14,14,0,56,Retired,11,1:21.203,233.991,kph
2023,3,Australian Grand Prix,2023-04-02,albert_park,Albert Park Grand Prix Circuit,de_vries,DEV,Nyck de Vries,alphatauri,AlphaTauri,21,15,15,15,0,56,Retired,10,1:21.183,234.049,kph
2023,3,Australian Grand Prix,2023-04-02,albert_park,Albert Park Grand Prix Circuit,sargeant,SAR,Logan Sargeant,williams,Williams,2,18,16,16,0,56,Retired,13,1:21.456,233.264,kph
2023,3,Australian Grand Prix,2023-04-02,albert_park,Albert Park Grand Prix Circuit,kevin_magnussen,MAG,Kevin Magnussen,haas,Haas F1 Team,20,14,17,17,0,52,Retired,14,1:21.685,232.610,kph
2023,3,Australian Grand Prix,2023-04-02,albert_park,Albert Park Grand Prix Circuit,russell,RUS,George Russell,mercedes,Mercedes,63,2,18,R,0,17,Retired,18,1:22.680,229.811,kph
2023,3,Australian Grand Prix,2023-04-02,albert_park,Albert Park Grand Prix Circuit,albon,ALB,Alexander Albon,williams,Williams,23,8,19,R,0,6,Retired,19,1:23.349,227.966,kph
2023,3,Australian Grand Prix,2023-04-02,albert_park,Albert Park Grand Prix Circuit,leclerc,LEC,Charles Leclerc,ferrari,Ferrari,16,7,20,R,0,0,Retired,,,,
2023,4,Azerbaijan Grand Prix,2023-04-30,baku,Baku City Circuit,perez,PER,Sergio Pérez,red_bull,Red Bull,11,3,1,1,25,51,Finished,5,1:44.589,206.625,kph
2023,4,Azerbaijan Grand Prix,2023-04-30,baku,Baku City Circuit,max_verstappen,VER,Max Verstappen,red_bull,Red Bull,1,2,2,2,18,51,Finished,2,1:44.232,207.333,kph
2023,4,Azerbaijan Grand Prix,2023-04-30,baku,Baku City Circuit,leclerc,LEC,Charles Leclerc,ferrari,Ferrari,16,1,3,3,15,51,Finished,4,1:44.561,206.681,kph
2023,4,Azerbaijan Grand Prix,2023-04-30,baku,Baku City Circuit,alonso,ALO,Fernando Alonso,aston_martin,Aston Martin,14,6,4,4,12,51,Finished,3,1:44.241,207.315,kph
2023,4,Azerbaijan Grand Prix,2023-04-30,baku,Baku City Circuit,sainz,SAI,Carlos Sainz,ferrari,Ferrari,55,4,5,5,10,51,Finished,6,1:45.175,205.474,kph
2023,4,Azerbaijan Grand Prix,2023-04-30,baku,Baku City Circuit,hamilton,HAM,Lewis Hamilton,mercedes,Mercedes,44,5,6,6,8,51,Finished,7,1:45.346,205.141,kph
2023,4,Azerbaijan Grand Prix,2023-04-30,baku,Baku City Circuit,stroll,STR,Lance Stroll,aston_martin,Aston Martin,18,9,7,7,6,51,Finished,9,1:45.627,204.595,kph
2023,4,Azerbaijan Grand Prix,2023-04-30,baku,Baku City Circuit,russell,RUS,George Russell,mercedes,Mercedes,63,11,8,8,5,51,Finished,1,1:43.370,209.062,kph
2023,4,Azerbaijan Grand Prix,2023-04-30,baku,Baku City Circuit,norris,NOR,Lando Norris,mclaren,McLaren,4,7,9,9,2,51,Finished,12,1:45.738,204.380,kph
2023,4,Azerbaijan Grand Prix,2023-04-30,baku,Baku City Circuit,tsunoda,TSU,Yuki Tsunoda,alphatauri,AlphaTauri,22,8,10,10,1,51,Finished,11,1:45.727,204.401,kph
2023,4,Azerbaijan Grand Prix,2023-04-30,baku,Baku City Circuit,piastri,PIA,Oscar Piastri,mclaren,McLaren,81,10,11,11,0,51,Finished,10,1:45.631,204.587,kph
2023,4,Azerbaijan Grand Prix,2023-04-30,baku,Baku City Circuit,albon,ALB,Alexander Albon,williams,Williams,23,12,12,12,0,51,Finished,15,1:45.925,204.019,kph
2023,4,Azerbaijan Grand Prix,2023-04-30,baku,Baku City Circuit,kevin_magnussen,MAG,Kevin Magnussen,haas,Haas F1 Team,20,16,13,13,0,51,Finished,13,1:45.850,204.164,kph
2023,4,Azerbaijan Grand Prix,2023-04-30,baku,Baku City Circuit,gasly,GAS,Pierre Gasly,alpine,Alpine F1 Team,10,17,14,14,0,51,Finished,8,1:45.540,204.764,kph
2023,4,Azerbaijan Grand Prix,2023-04-30,baku,Baku City Circuit,ocon,OCO,Esteban Ocon,alpine,Alpine F1 Team,31,19,15,15,0,51,Finished,14,1:45.908,204.052,kph
2023,4,Azerbaijan Grand Prix,2023-04-30,baku,Baku City Circuit,sargeant,SAR,Logan Sargeant,williams,Williams,2,14,16,16,0,51,Finished,17,1:46.501,202.916,kph
2023,4,Azerbaijan Grand Prix,2023-04-30,baku,Baku City Circuit,hulkenberg,HUL,Nico Hülkenberg,haas,Haas F1 Team,27,20,17,17,0,50,Lapped,18,1:46.731,202.479,kph
2023,4,Azerbaijan Grand Prix,2023-04-30,baku,Baku City Circuit,bottas,BOT,Valtteri Bottas,alfa,Alfa Romeo,77,13,18,18,0,50,Lapped,16,1:46.304,203.292,kph
2023,4,Azerbaijan Grand Prix,2023-04-30,baku,Baku City Circuit,zhou,ZHO,Guanyu Zhou,alfa,Alfa Romeo,24,15,19,R,0,36,Retired,19,1:47.553,200.931,kph
2023,4,Azerbaijan Grand Prix,2023-04-30,baku,Baku City Circuit,de_vries,DEV,Nyck de Vries,alphatauri,AlphaTauri,21,18,20,R,0,9,Retired,20,1:48.781,198.663,kph
2023,5,Miami Grand Prix,2023-05-07,miami,Miami International Autodrome,max_verstappen,VER,Max Verstappen,red_bull,Red Bull,1,9,1,1,26,57,Finished,1,1:29.708,217.184,kph
2023,5,Miami Grand Prix,2023-05-07,miami,Miami International Autodrome,perez,PER,Sergio Pérez,red_bull,Red Bull,11,1,2,2,18,57,Finished,3,1:30.560,215.141,kph
2023,5,Miami Grand Prix,2023-05-07,miami,Miami International Autodrome,alonso,ALO,Fernando Alonso,aston_martin,Aston Martin,14,2,3,3,15,57,Finished,2,1:30.519,215.238,kph
2023,5,Miami Grand Prix,2023-05-07,miami,Miami International Autodrome,russell,RUS,George Russell,mercedes,Mercedes,63,6,4,4,12,57,Finished,7,1:31.015,214.065,kph
2023,5,Miami Grand Prix,2023-05-07,miami,Miami International Autodrome,sainz,SAI,Carlos Sainz,ferrari,Ferrari,55,3,5,5,10,57,Finished,10,1:31.362,213.252,kph
2023,5,Miami Grand Prix,2023-05-07,miami,Miami International Autodrome,hamilton,HAM,Lewis Hamilton,mercedes,Mercedes,44,13,6,6,8,57,Finished,4,1:30.669,214.882,kph
2023,5,Miami Grand Prix,2023-05-07,miami,Miami International Autodrome,leclerc,LEC,Charles Leclerc,ferrari,Ferrari,16,7,7,7,6,57,Finished,11,1:31.434,213.084,kph
2023,5,Miami Grand Prix,2023-05-07,miami,Miami International Autodrome,gasly,GAS,Pierre Gasly,alpine,Alpine F1 Team,10,5,8,8,4,57,Finished,17,1:31.971,211.840,kph
2023,5,Miami Grand Prix,2023-05-07,miami,Miami International Autodrome,ocon,OCO,Esteban Ocon,alpine,Alpine F1 Team,31,8,9,9,2,57,Finished,9,1:31.143,213.765,kph
2023,5,Miami Grand Prix,2023-05-07,miami,Miami International Autodrome,kevin_magnussen,MAG,Kevin Magnussen,haas,Haas F1 Team,20,4,10,10,1,57,Finished,13,1:31.691,212.487,kph
2023,5,Miami Grand Prix,2023-05-07,miami,Miami International Autodrome,tsunoda,TSU,Yuki Tsunoda,alphatauri,AlphaTauri,22,17,11,11,0,57,Finished,8,1:31.038,214.011,kph
2023,5,Miami Grand Prix,2023-05-07,miami,Miami International Autodrome,stroll,STR,Lance Stroll,aston_martin,Aston Martin,18,18,12,12,0,57,Finished,5,1:30.862,214.426,kph
2023,5,Miami Grand Prix,2023-05-07,miami,Miami International Autodrome,bottas,BOT,Valtteri Bottas,alfa,Alfa Romeo,77,10,13,13,0,57,Finished,15,1:31.838,212.147,kph
2023,5,Miami Grand Prix,2023-05-07,miami,Miami International Autodrome,albon,ALB,Alexander Albon,williams,Williams,23,11,14,14,0,57,Finished,16,1:31.852,212.115,kph
2023,5,Miami Grand Prix,2023-05-07,miami,Miami International Autodrome,hulkenberg,HUL,Nico Hülkenberg,haas,Haas F1 Team,27,12,15,15,0,57,Finished,6,1:30.901,214.334,kph
2023,5,Miami Grand Prix,2023-05-07,miami,Miami International Autodrome,zhou,ZHO,Guanyu Zhou,alfa,Alfa Romeo,24,14,16,16,0,57,Finished,14,1:31.736,212.383,kph
2023,5,Miami Grand Prix,2023-05-07,miami,Miami International Autodrome,norris,NOR,Lando Norris,mclaren,McLaren,4,16,17,17,0,57,Finished,20,1:32.401,210.854,kph
2023,5,Miami Grand Prix,2023-05-07,miami,Miami International Autodrome,de_vries,DEV,Nyck de Vries,alphatauri,AlphaTauri,21,15,18,18,0,57,Finished,12,1:31.562,212.786,kph
2023,5,Miami Grand Prix,2023-05-07,miami,Miami International Autodrome,piastri,PIA,Oscar Piastri,mclaren,McLaren,81,19,19,19,0,56,Lapped,18,1:32.006,211.760,kph
2023,5,Miami Grand Prix,2023-05-07,miami,Miami International Autodrome,sargeant,SAR,Logan Sargeant,williams,Williams,2,20,20,20,0,56,Lapped,19,1:32.384,210.893,kph
2023,6,Monaco Grand Prix,2023-05-28,monaco,Circuit de Monaco,max_verstappen,VER,Max Verstappen,red_bull,Red Bull,1,1,1,1,25,78,Finished,7,1:16.604,156.822,kph
2023,6,Monaco Grand Prix,2023-05-28,monaco,Circuit de Monaco,alonso,ALO,Fernando Alonso,aston_martin,Aston Martin,14,2,2,2,18,78,Finished,9,1:16.674,156.678,kph
2023,6,Monaco Grand Prix,2023-05-28,monaco,Circuit de Monaco,ocon,OCO,Esteban Ocon,alpine,Alpine F1 Team,31,3,3,3,15,78,Finished,6,1:16.528,156.977,kph
2023,6,Monaco Grand Prix,2023-05-28,monaco,Circuit de Monaco,hamilton,HAM,Lewis Hamilton,mercedes,Mercedes,44,5,4,4,13,78,Finished,1,1:15.650,158.799,kph
2023,6,Monaco Grand Prix,2023-05-28,monaco,Circuit de Monaco,russell,RUS,George Russell,mercedes,Mercedes,63,8,5,5,10,78,Finished,10,1:16.798,156.425,kph
2023,6,Monaco Grand Prix,2023-05-28,monaco,Circuit de Monaco,leclerc,LEC,Charles Leclerc,ferrari,Ferrari,16,6,6,6,8,78,Finished,2,1:15.773,158.541,kph
2023,6,Monaco Grand Prix,2023-05-28,monaco,Circuit de Monaco,gasly,GAS,Pierre Gasly,alpine,Alpine F1 Team,10,7,7,7,6,78,Finished,3,1:15.831,158.420,kph
2023,6,Monaco Grand Prix,2023-05-28,monaco,Circuit de Monaco,sainz,SAI,Carlos Sainz,ferrari,Ferrari,55,4,8,8,4,78,Finished,5,1:16.449,157.140,kph
2023,6,Monaco Grand Prix,2023-05-28,monaco,Circuit de Monaco,norris,NOR,Lando Norris,mclaren,McLaren,4,10,9,9,2,77,Lapped,19,1:17.844,154.324,kph
2023,6,Monaco Grand Prix,2023-05-28,monaco,Circuit de Monaco,piastri,PIA,Oscar Piastri,mclaren,McLaren,81,11,10,10,1,77,Lapped,14,1:17.513,154.983,kph
2023,6,Monaco Grand Prix,2023-05-28,monaco,Circuit de Monaco,bottas,BOT,Valtteri Bottas,alfa,Alfa Romeo,77,15,11,11,0,77,Lapped,18,1:17.824,154.363,kph
2023,6,Monaco Grand Prix,2023-05-28,monaco,Circuit de Monaco,de_vries,DEV,Nyck de Vries,alphatauri,AlphaTauri,21,12,12,12,0,77,Lapped,15,1:17.561,154.887,kph
2023,6,Monaco Grand Prix,2023-05-28,monaco,Circuit de Monaco,zhou,ZHO,Guanyu Zhou,alfa,Alfa Romeo,24,19,13,13,0,77,Lapped,11,1:16.926,156.165,kph
2023,6,Monaco Grand Prix,2023-05-28,monaco,Circuit de Monaco,albon,ALB,Alexander Albon,williams,Williams,23,13,14,14,0,77,Lapped,8,1:16.672,156.683,kph
2023,6,Monaco Grand Prix,2023-05-28,monaco,Circuit de Monaco,tsunoda,TSU,Yuki Tsunoda,alphatauri,AlphaTauri,22,9,15,15,0,76,Lapped,16,1:17.680,154.649,kph
2023,6,Monaco Grand Prix,2023-05-28,monaco,Circuit de Monaco,perez,PER,Sergio Pérez,red_bull,Red Bull,11,20,16,16,0,76,Lapped,4,1:16.269,157.510,kph
2023,6,Monaco Grand Prix,2023-05-28,monaco,Circuit de Monaco,hulkenberg,HUL,Nico Hülkenberg,haas,Haas F1 Team,27,18,17,17,0,76,Lapped,12,1:16.991,156.033,kph
2023,6,Monaco Grand Prix,2023-05-28,monaco,Circuit de Monaco,sargeant,SAR,Logan Sargeant,williams,Williams,2,16,18,18,0,76,Lapped,13,1:17.302,155.406,kph
2023,6,Monaco Grand Prix,2023-05-28,monaco,Circuit de Monaco,kevin_magnussen,MAG,Kevin Magnussen,haas,Haas F1 Team,20,17,19,19,0,70,Retired,20,1:18.351,153.325,kph
2023,6,Monaco Grand Prix,2023-05-28,monaco,Circuit de Monaco,stroll,STR,Lance Stroll,aston_martin,Aston Martin,18,14,20,R,0,53,Retired,17,1:17.769,154.472,kph
2023,7,Spanish Grand Prix,2023-06-04,catalunya,Circuit de Barcelona-Catalunya,max_verstappen,VER,Max Verstappen,red_bull,Red Bull,1,1,1,1,26,66,Finished,1,1:16.330,219.641,kph
2023,7,Spanish Grand Prix,2023-06-04,catalunya,Circuit de Barcelona-Catalunya,hamilton,HAM,Lewis Hamilton,mercedes,Mercedes,44,4,2,2,18,66,Finished,3,1:16.676,218.649,kph
2023,7,Spanish Grand Prix,2023-06-04,catalunya,Circuit de Barcelona-Catalunya,russell,RUS,George Russell,mercedes,Mercedes,63,12,3,3,15,66,Finished,5,1:17.875,215.283,kph
2023,7,Spanish Grand Prix,2023-06-04,catalunya,Circuit de Barcelona-Catalunya,perez,PER,Sergio Pérez,red_bull,Red Bull,11,11,4,4,12,66,Finished,2,1:16.666,218.678,kph
2023,7,Spanish Grand Prix,2023-06-04,catalunya,Circuit de Barcelona-Catalunya,sainz,SAI,Carlos Sainz,ferrari,Ferrari,55,2,5,5,10,66,Finished,11,1:18.403,213.833,kph
2023,7,Spanish Grand Prix,2023-06-04,catalunya,Circuit de Barcelona-Catalunya,stroll,STR,Lance Stroll,aston_martin,Aston Martin,18,5,6,6,8,66,Finished,14,1:18.722,212.967,kph
2023,7,Spanish Grand Prix,2023-06-04,catalunya,Circuit de Barcelona-Catalunya,alonso,ALO,Fernando Alonso,aston_martin,Aston Martin,14,8,7,7,6,66,Finished,7,1:18.083,214.709,kph
2023,7,Spanish Grand Prix,2023-06-04,catalunya,Circuit de Barcelona-Catalunya,ocon,OCO,Esteban Ocon,alpine,Alpine F1 Team,31,6,8,8,4,66,Finished,18,1:18.946,212.362,kph
2023,7,Spanish Grand Prix,2023-06-04,catalunya,Circuit de Barcelona-Catalunya,zhou,ZHO,Guanyu Zhou,alfa,Alfa Romeo,24,13,9,9,2,66,Finished,15,1:18.753,212.883,kph
2023,7,Spanish Grand Prix,2023-06-04,catalunya,Circuit de Barcelona-Catalunya,gasly,GAS,Pierre Gasly,alpine,Alpine F1 Team,10,10,10,10,1,66,Finished,10,1:18.375,213.910,kph
2023,7,Spanish Grand Prix,2023-06-04,catalunya,Circuit de Barcelona-Catalunya,leclerc,LEC,Charles Leclerc,ferrari,Ferrari,16,19,11,11,0,66,Finished,9,1:18.357,213.959,kph
2023,7,Spanish Grand Prix,2023-06-04,catalunya,Circuit de Barcelona-Catalunya,tsunoda,TSU,Yuki Tsunoda,alphatauri,AlphaTauri,22,15,12,12,0,66,Finished,17,1:18.904,212.475,kph
2023,7,Spanish Grand Prix,2023-06-04,catalunya,Circuit de Barcelona-Catalunya,piastri,PIA,Oscar Piastri,mclaren,McLaren,81,9,13,13,0,65,Lapped,13,1:18.679,213.083,kph
2023,7,Spanish Grand Prix,2023-06-04,catalunya,Circuit de Barcelona-Catalunya,de_vries,DEV,Nyck de Vries,alphatauri,AlphaTauri,21,14,14,14,0,65,Lapped,12,1:18.594,213.313,kph
2023,7,Spanish Grand Prix,2023-06-04,catalunya,Circuit de Barcelona-Catalunya,hulkenberg,HUL,Nico Hülkenberg,haas,Haas F1 Team,27,7,15,15,0,65,Lapped,16,1:18.776,212.821,kph
2023,7,Spanish Grand Prix,2023-06-04,catalunya,Circuit de Barcelona-Catalunya,albon,ALB,Alexander Albon,williams,Williams,23,18,16,16,0,65,Lapped,19,1:19.133,211.861,kph
2023,7,Spanish Grand Prix,2023-06-04,catalunya,Circuit de Barcelona-Catalunya,norris,NOR,Lando Norris,mclaren,McLaren,4,3,17,17,0,65,Lapped,4,1:17.182,217.216,kph
2023,7,Spanish Grand Prix,2023-06-04,catalunya,Circuit de Barcelona-Catalunya,kevin_magnussen,MAG,Kevin Magnussen,haas,Haas F1 Team,20,17,18,18,0,65,Lapped,6,1:18.069,214.748,kph
2023,7,Spanish Grand Prix,2023-06-04,catalunya,Circuit de Barcelona-Catalunya,bottas,BOT,Valtteri Bottas,alfa,Alfa Romeo,77,16,19,19,0,65,Lapped,8,1:18.242,214.273,kph
2023,7,Spanish Grand Prix,2023-06-04,catalunya,Circuit de Barcelona-Catalunya,sargeant,SAR,Logan Sargeant,williams,Williams,2,20,20,20,0,65,Lapped,20,1:19.247,211.556,kph
2023,8,Canadian Grand Prix,2023-06-18,villeneuve,Circuit Gilles Villeneuve,max_verstappen,VER,Max Verstappen,red_bull,Red Bull,1,1,1,1,25,70,Finished,3,1:15.594,207.683,kph
2023,8,Canadian Grand Prix,2023-06-18,villeneuve,Circuit Gilles Villeneuve,alonso,ALO,Fernando Alonso,aston_martin,Aston Martin,14,2,2,2,18,70,Finished,4,1:15.779,207.176,kph
2023,8,Canadian Grand Prix,2023-06-18,villeneuve,Circuit Gilles Villeneuve,hamilton,HAM,Lewis Hamilton,mercedes,Mercedes,44,3,3,3,15,70,Finished,2,1:15.396,208.228,kph
2023,8,Canadian Grand Prix,2023-06-18,villeneuve,Circuit Gilles Villeneuve,leclerc,LEC,Charles Leclerc,ferrari,Ferrari,16,10,4,4,12,70,Finished,5,1:15.907,206.826,kph
2023,8,Canadian Grand Prix,2023-06-18,villeneuve,Circuit Gilles Villeneuve,sainz,SAI,Carlos Sainz,ferrari,Ferrari,55,11,5,5,10,70,Finished,6,1:15.911,206.815,kph
2023,8,Canadian Grand Prix,2023-06-18,villeneuve,Circuit Gilles Villeneuve,perez,PER,Sergio Pérez,red_bull,Red Bull,11,12,6,6,9,70,Finished,1,1:14.481,210.786,kph
2023,8,Canadian Grand Prix,2023-06-18,villeneuve,Circuit Gilles Villeneuve,albon,ALB,Alexander Albon,williams,Williams,23,9,7,7,6,70,Finished,16,1:16.917,204.110,kph
2023,8,Canadian Grand Prix,2023-06-18,villeneuve,Circuit Gilles Villeneuve,ocon,OCO,Esteban Ocon,alpine,Alpine F1 Team,31,6,8,8,4,70,Finished,15,1:16.782,204.469,kph
2023,8,Canadian Grand Prix,2023-06-18,villeneuve,Circuit Gilles Villeneuve,stroll,STR,Lance Stroll,aston_martin,Aston Martin,18,16,9,9,2,70,Finished,10,1:16.564,205.051,kph
2023,8,Canadian Grand Prix,2023-06-18,villeneuve,Circuit Gilles Villeneuve,bottas,BOT,Valtteri Bottas,alfa,Alfa Romeo,77,14,10,10,1,70,Finished,12,1:16.625,204.888,kph
2023,8,Canadian Grand Prix,2023-06-18,villeneuve,Circuit Gilles Villeneuve,piastri,PIA,Oscar Piastri,mclaren,McLaren,81,8,11,11,0,70,Finished,11,1:16.598,204.960,kph
2023,8,Canadian Grand Prix,2023-06-18,villeneuve,Circuit Gilles Villeneuve,gasly,GAS,Pierre Gasly,alpine,Alpine F1 Team,10,15,12,12,0,70,Finished,9,1:16.425,205.424,kph
2023,8,Canadian Grand Prix,2023-06-18,villeneuve,Circuit Gilles Villeneuve,norris,NOR,Lando Norris,mclaren,McLaren,4,7,13,13,0,70,Finished,8,1:16.374,205.562,kph
2023,8,Canadian Grand Prix,2023-06-18,villeneuve,Circuit Gilles Villeneuve,tsunoda,TSU,Yuki Tsunoda,alphatauri,AlphaTauri,22,19,14,14,0,70,Finished,14,1:16.666,204.779,kph
2023,8,Canadian Grand Prix,2023-06-18,villeneuve,Circuit Gilles Villeneuve,hulkenberg,HUL,Nico Hülkenberg,haas,Haas F1 Team,27,5,15,15,0,69,Lapped,19,1:17.232,203.278,kph
2023,8,Canadian Grand Prix,2023-06-18,villeneuve,Circuit Gilles Villeneuve,zhou,ZHO,Guanyu Zhou,alfa,Alfa Romeo,24,20,16,16,0,69,Lapped,17,1:17.090,203.652,kph
2023,8,Canadian Grand Prix,2023-06-18,villeneuve,Circuit Gilles Villeneuve,kevin_magnussen,MAG,Kevin Magnussen,haas,Haas F1 Team,20,13,17,17,0,69,Lapped,7,1:16.126,206.231,kph
2023,8,Canadian Grand Prix,2023-06-18,villeneuve,Circuit Gilles Villeneuve,de_vries,DEV,Nyck de Vries,alphatauri,AlphaTauri,21,17,18,18,0,69,Lapped,13,1:16.656,204.805,kph
2023,8,Canadian Grand Prix,2023-06-18,villeneuve,Circuit Gilles Villeneuve,russell,RUS,George Russell,mercedes,Mercedes,63,4,19,R,0,53,Retired,18,1:17.097,203.634,kph
2023,8,Canadian Grand Prix,2023-06-18,villeneuve,Circuit Gilles Villeneuve,sargeant,SAR,Logan Sargeant,williams,Williams,2,18,20,R,0,6,Retired,20,1:18.437,200.155,kph
2023,9,Austrian Grand Prix,2023-07-02,red_bull_ring,Red Bull Ring,max_verstappen,VER,Max Verstappen,red_bull,Red Bull,1,1,1,1,26,71,Finished,1,1:07.012,231.970,kph
2023,9,Austrian Grand Prix,2023-07-02,red_bull_ring,Red Bull Ring,leclerc,LEC,Charles Leclerc,ferrari,Ferrari,16,2,2,2,18,71,Finished,5,1:08.820,225.876,kph
2023,9,Austrian Grand Prix,2023-07-02,red_bull_ring,Red Bull Ring,perez,PER,Sergio Pérez,red_bull,Red Bull,11,15,3,3,15,71,Finished,2,1:08.111,228.227,kph
2023,9,Austrian Grand Prix,2023-07-02,red_bull_ring,Red Bull Ring,norris,NOR,Lando Norris,mclaren,McLaren,4,4,4,4,12,71,Finished,4,1:08.739,226.142,kph
2023,9,Austrian Grand Prix,2023-07-02,red_bull_ring,Red Bull Ring,alonso,ALO,Fernando Alonso,aston_martin,Aston Martin,14,7,5,5,10,71,Finished,8,1:09.108,224.934,kph
2023,9,Austrian Grand Prix,2023-07-02,red_bull_ring,Red Bull Ring,sainz,SAI,Carlos Sainz,ferrari,Ferrari,55,3,6,6,8,71,Finished,6,1:08.880,225.679,kph
2023,9,Austrian Grand Prix,2023-07-02,red_bull_ring,Red Bull Ring,russell,RUS,George Russell,mercedes,Mercedes,63,11,7,7,6,71,Finished,10,1:09.283,224.366,kph
2023,9,Austrian Grand Prix,2023-07-02,red_bull_ring,Red Bull Ring,hamilton,HAM,Lewis Hamilton,mercedes,Mercedes,44,5,8,8,4,71,Finished,9,1:09.160,224.765,kph
2023,9,Austrian Grand Prix,2023-07-02,red_bull_ring,Red Bull Ring,stroll,STR,Lance Stroll,aston_martin,Aston Martin,18,6,9,9,2,71,Finished,3,1:08.463,227.054,kph
2023,9,Austrian Grand Prix,2023-07-02,red_bull_ring,Red Bull Ring,gasly,GAS,Pierre Gasly,alpine,Alpine F1 Team,10,9,10,10,1,71,Finished,7,1:09.046,225.136,kph
2023,9,Austrian Grand Prix,2023-07-02,red_bull_ring,Red Bull Ring,albon,ALB,Alexander Albon,williams,Williams,23,10,11,11,0,71,Finished,11,1:09.560,223.473,kph
2023,9,Austrian Grand Prix,2023-07-02,red_bull_ring,Red Bull Ring,zhou,ZHO,Guanyu Zhou,alfa,Alfa Romeo,24,17,12,12,0,70,Lapped,14,1:09.786,222.749,kph
2023,9,Austrian Grand Prix,2023-07-02,red_bull_ring,Red Bull Ring,sargeant,SAR,Logan Sargeant,williams,Williams,2,18,13,13,0,70,Lapped,12,1:09.611,223.309,kph
2023,9,Austrian Grand Prix,2023-07-02,red_bull_ring,Red Bull Ring,ocon,OCO,Esteban Ocon,alpine,Alpine F1 Team,31,12,14,14,0,70,Lapped,15,1:09.797,222.714,kph
2023,9,Austrian Grand Prix,2023-07-02,red_bull_ring,Red Bull Ring,bottas,BOT,Valtteri Bottas,alfa,Alfa Romeo,77,14,15,15,0,70,Lapped,18,1:09.940,222.259,kph
2023,9,Austrian Grand Prix,2023-07-02,red_bull_ring,Red Bull Ring,piastri,PIA,Oscar Piastri,mclaren,McLaren,81,13,16,16,0,70,Lapped,17,1:09.862,222.507,kph
2023,9,Austrian Grand Prix,2023-07-02,red_bull_ring,Red Bull Ring,de_vries,DEV,Nyck de Vries,alphatauri,AlphaTauri,21,20,17,17,0,70,Lapped,16,1:09.852,222.539,kph
2023,9,Austrian Grand Prix,2023-07-02,red_bull_ring,Red Bull Ring,kevin_magnussen,MAG,Kevin Magnussen,haas,Haas F1 Team,20,19,18,18,0,70,Lapped,19,1:10.176,221.511,kph
2023,9,Austrian Grand Prix,2023-07-02,red_bull_ring,Red Bull Ring,tsunoda,TSU,Yuki Tsunoda,alphatauri,AlphaTauri,22,16,19,19,0,70,Lapped,13,1:09.620,223.280,kph
2023,9,Austrian Grand Prix,2023-07-02,red_bull_ring,Red Bull Ring,hulkenberg,HUL,Nico Hülkenberg,haas,Haas F1 Team,27,8,20,R,0,12,Retired,20,1:11.066,218.737,kph
2023,10,British Grand Prix,2023-07-09,silverstone,Silverstone Circuit,max_verstappen,VER,Max Verstappen,red_bull,Red Bull,1,1,1,1,26,52,Finished,1,1:30.275,234.922,kph
2023,10,British Grand Prix,2023-07-09,silverstone,Silverstone Circuit,norris,NOR,Lando Norris,mclaren,McLaren,4,2,2,2,18,52,Finished,2,1:30.543,234.226,kph
2023,10,British Grand Prix,2023-07-09,silverstone,Silverstone Circuit,hamilton,HAM,Lewis Hamilton,mercedes,Mercedes,44,7,3,3,15,52,Finished,3,1:30.545,234.221,kph
2023,10,British Grand Prix,2023-07-09,silverstone,Silverstone Circuit,piastri,PIA,Oscar Piastri,mclaren,McLaren,81,3,4,4,12,52,Finished,4,1:30.850,233.435,kph
2023,10,British Grand Prix,2023-07-09,silverstone,Silverstone Circuit,russell,RUS,George Russell,mercedes,Mercedes,63,6,5,5,10,52,Finished,6,1:31.124,232.733,kph
2023,10,British Grand Prix,2023-07-09,silverstone,Silverstone Circuit,perez,PER,Sergio Pérez,red_bull,Red Bull,11,15,6,6,8,52,Finished,5,1:30.914,233.271,kph
2023,10,British Grand Prix,2023-07-09,silverstone,Silverstone Circuit,alonso,ALO,Fernando Alonso,aston_martin,Aston Martin,14,9,7,7,6,52,Finished,9,1:31.338,232.188,kph
2023,10,British Grand Prix,2023-07-09,silverstone,Silverstone Circuit,albon,ALB,Alexander Albon,williams,Williams,23,8,8,8,4,52,Finished,8,1:31.273,232.353,kph
2023,10,British Grand Prix,2023-07-09,silverstone,Silverstone Circuit,leclerc,LEC,Charles Leclerc,ferrari,Ferrari,16,4,9,9,2,52,Finished,7,1:31.255,232.399,kph
2023,10,British Grand Prix,2023-07-09,silverstone,Silverstone Circuit,sainz,SAI,Carlos Sainz,ferrari,Ferrari,55,5,10,10,1,52,Finished,10,1:31.366,232.116,kph
2023,10,British Grand Prix,2023-07-09,silverstone,Silverstone Circuit,sargeant,SAR,Logan Sargeant,williams,Williams,2,14,11,11,0,52,Finished,13,1:31.699,231.274,kph
2023,10,British Grand Prix,2023-07-09,silverstone,Silverstone Circuit,bottas,BOT,Valtteri Bottas,alfa,Alfa Romeo,77,20,12,12,0,52,Finished,16,1:31.852,230.888,kph
2023,10,British Grand Prix,2023-07-09,silverstone,Silverstone Circuit,hulkenberg,HUL,Nico Hülkenberg,haas,Haas F1 Team,27,11,13,13,0,52,Finished,15,1:31.776,231.080,kph
2023,10,British Grand Prix,2023-07-09,silverstone,Silverstone Circuit,stroll,STR,Lance Stroll,aston_martin,Aston Martin,18,12,14,14,0,52,Finished,11,1:31.508,231.756,kph
2023,10,British Grand Prix,2023-07-09,silverstone,Silverstone Circuit,zhou,ZHO,Guanyu Zhou,alfa,Alfa Romeo,24,17,15,15,0,52,Finished,14,1:31.769,231.097,kph
2023,10,British Grand Prix,2023-07-09,silverstone,Silverstone Circuit,tsunoda,TSU,Yuki Tsunoda,alphatauri,AlphaTauri,22,16,16,16,0,52,Finished,17,1:32.084,230.307,kph
2023,10,British Grand Prix,2023-07-09,silverstone,Silverstone Circuit,de_vries,DEV,Nyck de Vries,alphatauri,AlphaTauri,21,18,17,17,0,52,Finished,18,1:32.353,229.636,kph
2023,10,British Grand Prix,2023-07-09,silverstone,Silverstone Circuit,gasly,GAS,Pierre Gasly,alpine,Alpine F1 Team,10,10,18,18,0,46,Retired,12,1:31.539,231.678,kph
2023,10,British Grand Prix,2023-07-09,silverstone,Silverstone Circuit,kevin_magnussen,MAG,Kevin Magnussen,haas,Haas F1 Team,20,19,19,R,0,31,Retired,19,1:33.356,227.169,kph
2023,10,British Grand Prix,2023-07-09,silverstone,Silverstone Circuit,ocon,OCO,Esteban Ocon,alpine,Alpine F1 Team,31,13,20,R,0,9,Retired,20,1:33.941,225.754,kph
2023,11,Hungarian Grand Prix,2023-07-23,hungaroring,Hungaroring,max_verstappen,VER,Max Verstappen,red_bull,Red Bull,1,2,1,1,26,70,Finished,1,1:20.504,195.910,kph
2023,11,Hungarian Grand Prix,2023-07-23,hungaroring,Hungaroring,norris,NOR,Lando Norris,mclaren,McLaren,4,3,2,2,18,70,Finished,4,1:22.178,191.919,kph
2023,11,Hungarian Grand Prix,2023-07-23,hungaroring,Hungaroring,perez,PER,Sergio Pérez,red_bull,Red Bull,11,9,3,3,15,70,Finished,5,1:22.295,191.647,kph
2023,11,Hungarian Grand Prix,2023-07-23,hungaroring,Hungaroring,hamilton,HAM,Lewis Hamilton,mercedes,Mercedes,44,1,4,4,12,70,Finished,2,1:21.601,193.277,kph
2023,11,Hungarian Grand Prix,2023-07-23,hungaroring,Hungaroring,piastri,PIA,Oscar Piastri,mclaren,McLaren,81,4,5,5,10,70,Finished,8,1:22.736,190.625,kph
2023,11,Hungarian Grand Prix,2023-07-23,hungaroring,Hungaroring,russell,RUS,George Russell,mercedes,Mercedes,63,18,6,6,8,70,Finished,3,1:22.158,191.966,kph
2023,11,Hungarian Grand Prix,2023-07-23,hungaroring,Hungaroring,leclerc,LEC,Charles Leclerc,ferrari,Ferrari,16,6,7,7,6,70,Finished,6,1:22.469,191.242,kph
2023,11,Hungarian Grand Prix,2023-07-23,hungaroring,Hungaroring,sainz,SAI,Carlos Sainz,ferrari,Ferrari,55,11,8,8,4,70,Finished,7,1:22.584,190.976,kph
2023,11,Hungarian Grand Prix,2023-07-23,hungaroring,Hungaroring,alonso,ALO,Fernando Alonso,aston_martin,Aston Martin,14,8,9,9,2,70,Finished,9,1:22.745,190.604,kph
2023,11,Hungarian Grand Prix,2023-07-23,hungaroring,Hungaroring,stroll,STR,Lance Stroll,aston_martin,Aston Martin,18,14,10,10,1,69,Lapped,11,1:23.425,189.051,kph
2023,11,Hungarian Grand Prix,2023-07-23,hungaroring,Hungaroring,albon,ALB,Alexander Albon,williams,Williams,23,16,11,11,0,69,Lapped,18,1:24.051,187.643,kph
2023,11,Hungarian Grand Prix,2023-07-23,hungaroring,Hungaroring,bottas,BOT,Valtteri Bottas,alfa,Alfa Romeo,77,7,12,12,0,69,Lapped,14,1:23.651,188.540,kph
2023,11,Hungarian Grand Prix,2023-07-23,hungaroring,Hungaroring,ricciardo,RIC,Daniel Ricciardo,alphatauri,AlphaTauri,3,13,13,13,0,69,Lapped,17,1:23.934,187.904,kph
2023,11,Hungarian Grand Prix,2023-07-23,hungaroring,Hungaroring,hulkenberg,HUL,Nico Hülkenberg,haas,Haas F1 Team,27,10,14,14,0,69,Lapped,13,1:23.573,188.716,kph
2023,11,Hungarian Grand Prix,2023-07-23,hungaroring,Hungaroring,tsunoda,TSU,Yuki Tsunoda,alphatauri,AlphaTauri,22,17,15,15,0,69,Lapped,10,1:23.269,189.405,kph
2023,11,Hungarian Grand Prix,2023-07-23,hungaroring,Hungaroring,zhou,ZHO,Guanyu Zhou,alfa,Alfa Romeo,24,5,16,16,0,69,Lapped,15,1:23.743,188.333,kph
2023,11,Hungarian Grand Prix,2023-07-23,hungaroring,Hungaroring,kevin_magnussen,MAG,Kevin Magnussen,haas,Haas F1 Team,20,19,17,17,0,69,Lapped,16,1:23.864,188.061,kph
2023,11,Hungarian Grand Prix,2023-07-23,hungaroring,Hungaroring,sargeant,SAR,Logan Sargeant,williams,Williams,2,20,18,18,0,67,Retired,12,1:23.496,188.890,kph
2023,11,Hungarian Grand Prix,2023-07-23,hungaroring,Hungaroring,ocon,OCO,Esteban Ocon,alpine,Alpine F1 Team,31,12,19,R,0,2,Retired,,,,
2023,11,Hungarian Grand Prix,2023-07-23,hungaroring,Hungaroring,gasly,GAS,Pierre Gasly,alpine,Alpine F1 Team,10,15,20,R,0,1,Retired,,,,
2023,12,Belgian Grand Prix,2023-07-30,spa,Circuit de Spa-Francorchamps,max_verstappen,VER,Max Verstappen,red_bull,Red Bull,1,6,1,1,25,44,Finished,2,1:48.922,231.490,kph
2023,12,Belgian Grand Prix,2023-07-30,spa,Circuit de Spa-Francorchamps,perez,PER,Sergio Pérez,red_bull,Red Bull,11,2,2,2,18,44,Finished,6,1:50.308,228.581,kph
2023,12,Belgian Grand Prix,2023-07-30,spa,Circuit de Spa-Francorchamps,leclerc,LEC,Charles Leclerc,ferrari,Ferrari,16,1,3,3,15,44,Finished,7,1:50.436,228.316,kph
2023,12,Belgian Grand Prix,2023-07-30,spa,Circuit de Spa-Francorchamps,hamilton,HAM,Lewis Hamilton,mercedes,Mercedes,44,3,4,4,13,44,Finished,1,1:47.305,234.978,kph
2023,12,Belgian Grand Prix,2023-07-30,spa,Circuit de Spa-Francorchamps,alonso,ALO,Fernando Alonso,aston_martin,Aston Martin,14,9,5,5,10,44,Finished,13,1:50.938,227.283,kph
2023,12,Belgian Grand Prix,2023-07-30,spa,Circuit de Spa-Francorchamps,russell,RUS,George Russell,mercedes,Mercedes,63,8,6,6,8,44,Finished,11,1:50.603,227.972,kph
2023,12,Belgian Grand Prix,2023-07-30,spa,Circuit de Spa-Francorchamps,norris,NOR,Lando Norris,mclaren,McLaren,4,7,7,7,6,44,Finished,18,1:51.682,225.769,kph
2023,12,Belgian Grand Prix,2023-07-30,spa,Circuit de Spa-Francorchamps,ocon,OCO,Esteban Ocon,alpine,Alpine F1 Team,31,14,8,8,4,44,Finished,8,1:50.439,228.310,kph
2023,12,Belgian Grand Prix,2023-07-30,spa,Circuit de Spa-Francorchamps,stroll,STR,Lance Stroll,aston_martin,Aston Martin,18,10,9,9,2,44,Finished,16,1:51.297,226.550,kph
2023,12,Belgian Grand Prix,2023-07-30,spa,Circuit de Spa-Francorchamps,tsunoda,TSU,Yuki Tsunoda,alphatauri,AlphaTauri,22,11,10,10,1,44,Finished,17,1:51.394,226.353,kph
2023,12,Belgian Grand Prix,2023-07-30,spa,Circuit de Spa-Francorchamps,gasly,GAS,Pierre Gasly,alpine,Alpine F1 Team,10,12,11,11,0,44,Finished,12,1:50.911,227.339,kph
2023,12,Belgian Grand Prix,2023-07-30,spa,Circuit de Spa-Francorchamps,bottas,BOT,Valtteri Bottas,alfa,Alfa Romeo,77,13,12,12,0,44,Finished,10,1:50.515,228.153,kph
2023,12,Belgian Grand Prix,2023-07-30,spa,Circuit de Spa-Francorchamps,zhou,ZHO,Guanyu Zhou,alfa,Alfa Romeo,24,17,13,13,0,44,Finished,5,1:50.188,228.830,kph
2023,12,Belgian Grand Prix,2023-07-30,spa,Circuit de Spa-Francorchamps,albon,ALB,Alexander Albon,williams,Williams,23,15,14,14,0,44,Finished,3,1:49.841,229.553,kph
2023,12,Belgian Grand Prix,2023-07-30,spa,Circuit de Spa-Francorchamps,kevin_magnussen,MAG,Kevin Magnussen,haas,Haas F1 Team,20,16,15,15,0,44,Finished,14,1:50.993,227.171,kph
2023,12,Belgian Grand Prix,2023-07-30,spa,Circuit de Spa-Francorchamps,ricciardo,RIC,Daniel Ricciardo,alphatauri,AlphaTauri,3,19,16,16,0,44,Finished,15,1:50.994,227.169,kph
2023,12,Belgian Grand Prix,2023-07-30,spa,Circuit de Spa-Francorchamps,sargeant,SAR,Logan Sargeant,williams,Williams,2,18,17,17,0,44,Finished,9,1:50.486,228.213,kph
2023,12,Belgian Grand Prix,2023-07-30,spa,Circuit de Spa-Francorchamps,hulkenberg,HUL,Nico Hülkenberg,haas,Haas F1 Team,27,20,18,18,0,44,Finished,4,1:49.907,229.415,kph
2023,12,Belgian Grand Prix,2023-07-30,spa,Circuit de Spa-Francorchamps,sainz,SAI,Carlos Sainz,ferrari,Ferrari,55,4,19,R,0,23,Retired,19,1:53.138,222.864,kph
2023,12,Belgian Grand Prix,2023-07-30,spa,Circuit de Spa-Francorchamps,piastri,PIA,Oscar Piastri,mclaren,McLaren,81,5,20,R,0,0,Retired,,,,
2023,13,Dutch Grand Prix,2023-08-27,zandvoort,Circuit Park Zandvoort,max_verstappen,VER,Max Verstappen,red_bull,Red Bull,1,1,1,1,25,72,Finished,2,1:13.889,207.505,kph
2023,13,Dutch Grand Prix,2023-08-27,zandvoort,Circuit Park Zandvoort,alonso,ALO,Fernando Alonso,aston_martin,Aston Martin,14,5,2,2,19,72,Finished,1,1:13.837,207.651,kph
2023,13,Dutch Grand Prix,2023-08-27,zandvoort,Circuit Park Zandvoort,gasly,GAS,Pierre Gasly,alpine,Alpine F1 Team,10,12,3,3,15,72,Finished,7,1:14.441,205.967,kph
2023,13,Dutch Grand Prix,2023-08-27,zandvoort,Circuit Park Zandvoort,perez,PER,Sergio Pérez,red_bull,Red Bull,11,7,4,4,12,72,Finished,4,1:14.231,206.549,kph
2023,13,Dutch Grand Prix,2023-08-27,zandvoort,Circuit Park Zandvoort,sainz,SAI,Carlos Sainz,ferrari,Ferrari,55,6,5,5,10,72,Finished,13,1:14.934,204.612,kph
2023,13,Dutch Grand Prix,2023-08-27,zandvoort,Circuit Park Zandvoort,hamilton,HAM,Lewis Hamilton,mercedes,Mercedes,44,13,6,6,8,72,Finished,3,1:13.904,207.463,kph
2023,13,Dutch Grand Prix,2023-08-27,zandvoort,Circuit Park Zandvoort,norris,NOR,Lando Norris,mclaren,McLaren,4,2,7,7,6,72,Finished,6,1:14.390,206.108,kph
2023,13,Dutch Grand Prix,2023-08-27,zandvoort,Circuit Park Zandvoort,albon,ALB,Alexander Albon,williams,Williams,23,4,8,8,4,72,Finished,8,1:14.468,205.892,kph
2023,13,Dutch Grand Prix,2023-08-27,zandvoort,Circuit Park Zandvoort,piastri,PIA,Oscar Piastri,mclaren,McLaren,81,8,9,9,2,72,Finished,5,1:14.299,206.360,kph
2023,13,Dutch Grand Prix,2023-08-27,zandvoort,Circuit Park Zandvoort,ocon,OCO,Esteban Ocon,alpine,Alpine F1 Team,31,16,10,10,1,72,Finished,10,1:14.570,205.610,kph
2023,13,Dutch Grand Prix,2023-08-27,zandvoort,Circuit Park Zandvoort,stroll,STR,Lance Stroll,aston_martin,Aston Martin,18,11,11,11,0,72,Finished,15,1:15.171,203.966,kph
2023,13,Dutch Grand Prix,2023-08-27,zandvoort,Circuit Park Zandvoort,hulkenberg,HUL,Nico Hülkenberg,haas,Haas F1 Team,27,14,12,12,0,72,Finished,9,1:14.472,205.881,kph
2023,13,Dutch Grand Prix,2023-08-27,zandvoort,Circuit Park Zandvoort,lawson,LAW,Liam Lawson,alphatauri,AlphaTauri,40,19,13,13,0,72,Finished,12,1:14.820,204.923,kph
2023,13,Dutch Grand Prix,2023-08-27,zandvoort,Circuit Park Zandvoort,bottas,BOT,Valtteri Bottas,alfa,Alfa Romeo,77,18,14,14,0,72,Finished,11,1:14.698,205.258,kph
2023,13,Dutch Grand Prix,2023-08-27,zandvoort,Circuit Park Zandvoort,tsunoda,TSU,Yuki Tsunoda,alphatauri,AlphaTauri,22,17,15,15,0,72,Finished,18,1:16.253,201.072,kph
2023,13,Dutch Grand Prix,2023-08-27,zandvoort,Circuit Park Zandvoort,kevin_magnussen,MAG,Kevin Magnussen,haas,Haas F1 Team,20,0,16,16,0,72,Finished,17,1:15.489,203.107,kph
2023,13,Dutch Grand Prix,2023-08-27,zandvoort,Circuit Park Zandvoort,russell,RUS,George Russell,mercedes,Mercedes,63,3,17,17,0,72,Finished,14,1:15.124,204.094,kph
2023,13,Dutch Grand Prix,2023-08-27,zandvoort,Circuit Park Zandvoort,zhou,ZHO,Guanyu Zhou,alfa,Alfa Romeo,24,15,18,R,0,62,Accident,16,1:15.417,203.301,kph
2023,13,Dutch Grand Prix,2023-08-27,zandvoort,Circuit Park Zandvoort,leclerc,LEC,Charles Leclerc,ferrari,Ferrari,16,9,19,R,0,41,Undertray,19,1:17.277,198.408,kph
2023,13,Dutch Grand Prix,2023-08-27,zandvoort,Circuit Park Zandvoort,sargeant,SAR,Logan Sargeant,williams,Williams,2,10,20,R,0,14,Accident,20,1:17.399,198.095,kph
2023,14,Italian Grand Prix,2023-09-03,monza,Autodromo Nazionale di Monza,max_verstappen,VER,Max Verstappen,red_bull,Red Bull,1,2,1,1,25,51,Finished,2,1:25.240,244.659,kph
2023,14,Italian Grand Prix,2023-09-03,monza,Autodromo Nazionale di Monza,perez,PER,Sergio Pérez,red_bull,Red Bull,11,5,2,2,18,51,Finished,4,1:25.522,243.853,kph
2023,14,Italian Grand Prix,2023-09-03,monza,Autodromo Nazionale di Monza,sainz,SAI,Carlos Sainz,ferrari,Ferrari,55,1,3,3,15,51,Finished,3,1:25.501,243.912,kph
2023,14,Italian Grand Prix,2023-09-03,monza,Autodromo Nazionale di Monza,leclerc,LEC,Charles Leclerc,ferrari,Ferrari,16,3,4,4,12,51,Finished,5,1:25.580,243.687,kph
2023,14,Italian Grand Prix,2023-09-03,monza,Autodromo Nazionale di Monza,russell,RUS,George Russell,mercedes,Mercedes,63,4,5,5,10,51,Finished,9,1:25.847,242.929,kph
2023,14,Italian Grand Prix,2023-09-03,monza,Autodromo Nazionale di Monza,hamilton,HAM,Lewis Hamilton,mercedes,Mercedes,44,8,6,6,8,51,Finished,6,1:25.582,243.682,kph
2023,14,Italian Grand Prix,2023-09-03,monza,Autodromo Nazionale di Monza,albon,ALB,Alexander Albon,williams,Williams,23,6,7,7,6,51,Finished,16,1:26.389,241.405,kph
2023,14,Italian Grand Prix,2023-09-03,monza,Autodromo Nazionale di Monza,norris,NOR,Lando Norris,mclaren,McLaren,4,9,8,8,4,51,Finished,14,1:26.144,242.092,kph
2023,14,Italian Grand Prix,2023-09-03,monza,Autodromo Nazionale di Monza,alonso,ALO,Fernando Alonso,aston_martin,Aston Martin,14,10,9,9,2,51,Finished,13,1:26.105,242.201,kph
2023,14,Italian Grand Prix,2023-09-03,monza,Autodromo Nazionale di Monza,bottas,BOT,Valtteri Bottas,alfa,Alfa Romeo,77,14,10,10,1,51,Finished,12,1:25.988,242.531,kph
2023,14,Italian Grand Prix,2023-09-03,monza,Autodromo Nazionale di Monza,lawson,LAW,Liam Lawson,alphatauri,AlphaTauri,40,12,11,11,0,51,Finished,8,1:25.842,242.944,kph
2023,14,Italian Grand Prix,2023-09-03,monza,Autodromo Nazionale di Monza,piastri,PIA,Oscar Piastri,mclaren,McLaren,81,7,12,12,0,51,Finished,1,1:25.072,245.142,kph
2023,14,Italian Grand Prix,2023-09-03,monza,Autodromo Nazionale di Monza,sargeant,SAR,Logan Sargeant,williams,Williams,2,15,13,13,0,51,Finished,18,1:26.840,240.152,kph
2023,14,Italian Grand Prix,2023-09-03,monza,Autodromo Nazionale di Monza,zhou,ZHO,Guanyu Zhou,alfa,Alfa Romeo,24,16,14,14,0,51,Finished,11,1:25.983,242.545,kph
2023,14,Italian Grand Prix,2023-09-03,monza,Autodromo Nazionale di Monza,gasly,GAS,Pierre Gasly,alpine,Alpine F1 Team,10,17,15,15,0,51,Finished,7,1:25.758,243.181,kph
2023,14,Italian Grand Prix,2023-09-03,monza,Autodromo Nazionale di Monza,stroll,STR,Lance Stroll,aston_martin,Aston Martin,18,20,16,16,0,51,Finished,17,1:26.617,240.770,kph
2023,14,Italian Grand Prix,2023-09-03,monza,Autodromo Nazionale di Monza,hulkenberg,HUL,Nico Hülkenberg,haas,Haas F1 Team,27,13,17,17,0,50,Lapped,10,1:25.894,242.796,kph
2023,14,Italian Grand Prix,2023-09-03,monza,Autodromo Nazionale di Monza,kevin_magnussen,MAG,Kevin Magnussen,haas,Haas F1 Team,20,19,18,18,0,50,Lapped,15,1:26.278,241.716,kph
2023,14,Italian Grand Prix,2023-09-03,monza,Autodromo Nazionale di Monza,ocon,OCO,Esteban Ocon,alpine,Alpine F1 Team,31,18,19,R,0,39,Retired,19,1:26.963,239.812,kph
2023,14,Italian Grand Prix,2023-09-03,monza,Autodromo Nazionale di Monza,tsunoda,TSU,Yuki Tsunoda,alphatauri,AlphaTauri,22,11,20,W,0,0,Did not start,,,,
2023,15,Singapore Grand Prix,2023-09-17,marina_bay,Marina Bay Street Circuit,sainz,SAI,Carlos Sainz,ferrari,Ferrari,55,1,1,1,25,62,Finished,7,1:37.666,182.089,kph
2023,15,Singapore Grand Prix,2023-09-17,marina_bay,Marina Bay Street Circuit,norris,NOR,Lando Norris,mclaren,McLaren,4,4,2,2,18,62,Finished,8,1:38.046,181.384,kph
2023,15,Singapore Grand Prix,2023-09-17,marina_bay,Marina Bay Street Circuit,hamilton,HAM,Lewis Hamilton,mercedes,Mercedes,44,5,3,3,16,62,Finished,1,1:35.867,185.507,kph
2023,15,Singapore Grand Prix,2023-09-17,marina_bay,Marina Bay Street Circuit,leclerc,LEC,Charles Leclerc,ferrari,Ferrari,16,3,4,4,12,62,Finished,11,1:38.275,180.961,kph
2023,15,Singapore Grand Prix,2023-09-17,marina_bay,Marina Bay Street Circuit,max_verstappen,VER,Max Verstappen,red_bull,Red Bull,1,11,5,5,10,62,Finished,4,1:36.575,184.147,kph
2023,15,Singapore Grand Prix,2023-09-17,marina_bay,Marina Bay Street Circuit,gasly,GAS,Pierre Gasly,alpine,Alpine F1 Team,10,12,6,6,8,62,Finished,12,1:38.277,180.957,kph
2023,15,Singapore Grand Prix,2023-09-17,marina_bay,Marina Bay Street Circuit,piastri,PIA,Oscar Piastri,mclaren,McLaren,81,17,7,7,6,62,Finished,13,1:38.492,180.562,kph
2023,15,Singapore Grand Prix,2023-09-17,marina_bay,Marina Bay Street Circuit,perez,PER,Sergio Pérez,red_bull,Red Bull,11,13,8,8,4,62,Finished,5,1:37.108,183.136,kph
2023,15,Singapore Grand Prix,2023-09-17,marina_bay,Marina Bay Street Circuit,lawson,LAW,Liam Lawson,alphatauri,AlphaTauri,40,10,9,9,2,62,Finished,15,1:39.028,179.585,kph
2023,15,Singapore Grand Prix,2023-09-17,marina_bay,Marina Bay Street Circuit,kevin_magnussen,MAG,Kevin Magnussen,haas,Haas F1 Team,20,6,10,10,1,62,Finished,10,1:38.107,181.271,kph
2023,15,Singapore Grand Prix,2023-09-17,marina_bay,Marina Bay Street Circuit,albon,ALB,Alexander Albon,williams,Williams,23,14,11,11,0,62,Finished,6,1:37.342,182.696,kph
2023,15,Singapore Grand Prix,2023-09-17,marina_bay,Marina Bay Street Circuit,zhou,ZHO,Guanyu Zhou,alfa,Alfa Romeo,24,19,12,12,0,62,Finished,16,1:39.316,179.064,kph
2023,15,Singapore Grand Prix,2023-09-17,marina_bay,Marina Bay Street Circuit,hulkenberg,HUL,Nico Hülkenberg,haas,Haas F1 Team,27,9,13,13,0,62,Finished,17,1:39.923,177.977,kph
2023,15,Singapore Grand Prix,2023-09-17,marina_bay,Marina Bay Street Circuit,sargeant,SAR,Logan Sargeant,williams,Williams,2,18,14,14,0,62,Finished,14,1:38.531,180.491,kph
2023,15,Singapore Grand Prix,2023-09-17,marina_bay,Marina Bay Street Circuit,alonso,ALO,Fernando Alonso,aston_martin,Aston Martin,14,7,15,15,0,62,Finished,3,1:36.456,184.374,kph
2023,15,Singapore Grand Prix,2023-09-17,marina_bay,Marina Bay Street Circuit,russell,RUS,George Russell,mercedes,Mercedes,63,2,16,16,0,61,Retired,2,1:36.273,184.724,kph
2023,15,Singapore Grand Prix,2023-09-17,marina_bay,Marina Bay Street Circuit,bottas,BOT,Valtteri Bottas,alfa,Alfa Romeo,77,16,17,R,0,51,Retired,9,1:38.075,181.330,kph
2023,15,Singapore Grand Prix,2023-09-17,marina_bay,Marina Bay Street Circuit,ocon,OCO,Esteban Ocon,alpine,Alpine F1 Team,31,8,18,R,0,42,Retired,18,1:39.930,177.964,kph
2023,15,Singapore Grand Prix,2023-09-17,marina_bay,Marina Bay Street Circuit,tsunoda,TSU,Yuki Tsunoda,alphatauri,AlphaTauri,22,15,19,R,0,0,Retired,,,,
2023,15,Singapore Grand Prix,2023-09-17,marina_bay,Marina Bay Street Circuit,stroll,STR,Lance Stroll,aston_martin,Aston Martin,18,0,20,W,0,0,Withdrew,,,,
2023,16,Japanese Grand Prix,2023-09-24,suzuka,Suzuka Circuit,max_verstappen,VER,Max Verstappen,red_bull,Red Bull,1,1,1,1,26,53,Finished,1,1:34.183,221.963,kph
2023,16,Japanese Grand Prix,2023-09-24,suzuka,Suzuka Circuit,norris,NOR,Lando Norris,mclaren,McLaren,4,3,2,2,18,53,Finished,2,1:35.247,219.484,kph
2023,16,Japanese Grand Prix,2023-09-24,suzuka,Suzuka Circuit,piastri,PIA,Oscar Piastri,mclaren,McLaren,81,2,3,3,15,53,Finished,5,1:36.328,217.021,kph
2023,16,Japanese Grand Prix,2023-09-24,suzuka,Suzuka Circuit,leclerc,LEC,Charles Leclerc,ferrari,Ferrari,16,4,4,4,12,53,Finished,6,1:36.362,216.944,kph
2023,16,Japanese Grand Prix,2023-09-24,suzuka,Suzuka Circuit,hamilton,HAM,Lewis Hamilton,mercedes,Mercedes,44,7,5,5,10,53,Finished,3,1:35.611,218.648,kph
2023,16,Japanese Grand Prix,2023-09-24,suzuka,Suzuka Circuit,sainz,SAI,Carlos Sainz,ferrari,Ferrari,55,6,6,6,8,53,Finished,4,1:36.187,217.339,kph
2023,16,Japanese Grand Prix,2023-09-24,suzuka,Suzuka Circuit,russell,RUS,George Russell,mercedes,Mercedes,63,8,7,7,6,53,Finished,11,1:37.653,214.076,kph
2023,16,Japanese Grand Prix,2023-09-24,suzuka,Suzuka Circuit,alonso,ALO,Fernando Alonso,aston_martin,Aston Martin,14,10,8,8,4,53,Finished,8,1:37.203,215.067,kph
2023,16,Japanese Grand Prix,2023-09-24,suzuka,Suzuka Circuit,ocon,OCO,Esteban Ocon,alpine,Alpine F1 Team,31,14,9,9,2,53,Finished,10,1:37.398,214.636,kph
2023,16,Japanese Grand Prix,2023-09-24,suzuka,Suzuka Circuit,gasly,GAS,Pierre Gasly,alpine,Alpine F1 Team,10,12,10,10,1,53,Finished,7,1:36.371,216.924,kph
2023,16,Japanese Grand Prix,2023-09-24,suzuka,Suzuka Circuit,lawson,LAW,Liam Lawson,alphatauri,AlphaTauri,40,11,11,11,0,52,Lapped,15,1:38.267,212.738,kph
2023,16,Japanese Grand Prix,2023-09-24,suzuka,Suzuka Circuit,tsunoda,TSU,Yuki Tsunoda,alphatauri,AlphaTauri,22,9,12,12,0,52,Lapped,12,1:37.768,213.824,kph
2023,16,Japanese Grand Prix,2023-09-24,suzuka,Suzuka Circuit,zhou,ZHO,Guanyu Zhou,alfa,Alfa Romeo,24,19,13,13,0,52,Lapped,13,1:37.791,213.774,kph
2023,16,Japanese Grand Prix,2023-09-24,suzuka,Suzuka Circuit,hulkenberg,HUL,Nico Hülkenberg,haas,Haas F1 Team,27,18,14,14,0,52,Lapped,9,1:37.250,214.963,kph
2023,16,Japanese Grand Prix,2023-09-24,suzuka,Suzuka Circuit,kevin_magnussen,MAG,Kevin Magnussen,haas,Haas F1 Team,20,15,15,15,0,52,Lapped,14,1:37.842,213.662,kph
2023,16,Japanese Grand Prix,2023-09-24,suzuka,Suzuka Circuit,albon,ALB,Alexander Albon,williams,Williams,23,13,16,R,0,26,Retired,18,1:39.185,210.769,kph
2023,16,Japanese Grand Prix,2023-09-24,suzuka,Suzuka Circuit,sargeant,SAR,Logan Sargeant,williams,Williams,2,20,17,R,0,22,Retired,16,1:38.848,211.488,kph
2023,16,Japanese Grand Prix,2023-09-24,suzuka,Suzuka Circuit,stroll,STR,Lance Stroll,aston_martin,Aston Martin,18,17,18,R,0,20,Retired,17,1:39.050,211.057,kph
2023,16,Japanese Grand Prix,2023-09-24,suzuka,Suzuka Circuit,perez,PER,Sergio Pérez,red_bull,Red Bull,11,5,19,R,0,15,Retired,19,1:39.704,209.672,kph
2023,16,Japanese Grand Prix,2023-09-24,suzuka,Suzuka Circuit,bottas,BOT,Valtteri Bottas,alfa,Alfa Romeo,77,16,20,R,0,7,Retired,20,2:02.755,170.300,kph
2023,17,Qatar Grand Prix,2023-10-08,losail,Losail International Circuit,max_verstappen,VER,Max Verstappen,red_bull,Red Bull,1,1,1,1,26,57,Finished,1,1:24.319,231.364,kph
2023,17,Qatar Grand Prix,2023-10-08,losail,Losail International Circuit,piastri,PIA,Oscar Piastri,mclaren,McLaren,81,6,2,2,18,57,Finished,3,1:24.921,229.724,kph
2023,17,Qatar Grand Prix,2023-10-08,losail,Losail International Circuit,norris,NOR,Lando Norris,mclaren,McLaren,4,10,3,3,15,57,Finished,2,1:24.842,229.938,kph
2023,17,Qatar Grand Prix,2023-10-08,losail,Losail International Circuit,russell,RUS,George Russell,mercedes,Mercedes,63,2,4,4,12,57,Finished,5,1:25.770,227.450,kph
2023,17,Qatar Grand Prix,2023-10-08,losail,Losail International Circuit,leclerc,LEC,Charles Leclerc,ferrari,Ferrari,16,5,5,5,10,57,Finished,4,1:24.992,229.532,kph
2023,17,Qatar Grand Prix,2023-10-08,losail,Losail International Circuit,alonso,ALO,Fernando Alonso,aston_martin,Aston Martin,14,4,6,6,8,57,Finished,6,1:26.045,226.723,kph
2023,17,Qatar Grand Prix,2023-10-08,losail,Losail International Circuit,ocon,OCO,Esteban Ocon,alpine,Alpine F1 Team,31,8,7,7,6,57,Finished,11,1:26.450,225.661,kph
2023,17,Qatar Grand Prix,2023-10-08,losail,Losail International Circuit,bottas,BOT,Valtteri Bottas,alfa,Alfa Romeo,77,9,8,8,4,57,Finished,13,1:26.652,225.135,kph
2023,17,Qatar Grand Prix,2023-10-08,losail,Losail International Circuit,zhou,ZHO,Guanyu Zhou,alfa,Alfa Romeo,24,19,9,9,2,57,Finished,9,1:26.323,225.993,kph
2023,17,Qatar Grand Prix,2023-10-08,losail,Losail International Circuit,perez,PER,Sergio Pérez,red_bull,Red Bull,11,20,10,10,1,57,Finished,7,1:26.220,226.263,kph
2023,17,Qatar Grand Prix,2023-10-08,losail,Losail International Circuit,stroll,STR,Lance Stroll,aston_martin,Aston Martin,18,16,11,11,0,57,Finished,10,1:26.352,225.917,kph
2023,17,Qatar Grand Prix,2023-10-08,losail,Losail International Circuit,gasly,GAS,Pierre Gasly,alpine,Alpine F1 Team,10,7,12,12,0,57,Finished,8,1:26.310,226.027,kph
2023,17,Qatar Grand Prix,2023-10-08,losail,Losail International Circuit,albon,ALB,Alexander Albon,williams,Williams,23,13,13,13,0,57,Finished,14,1:26.666,225.098,kph
2023,17,Qatar Grand Prix,2023-10-08,losail,Losail International Circuit,kevin_magnussen,MAG,Kevin Magnussen,haas,Haas F1 Team,20,18,14,14,0,56,Lapped,15,1:27.067,224.061,kph
2023,17,Qatar Grand Prix,2023-10-08,losail,Losail International Circuit,tsunoda,TSU,Yuki Tsunoda,alphatauri,AlphaTauri,22,11,15,15,0,56,Lapped,17,1:27.174,223.786,kph
2023,17,Qatar Grand Prix,2023-10-08,losail,Losail International Circuit,hulkenberg,HUL,Nico Hülkenberg,haas,Haas F1 Team,27,14,16,16,0,56,Lapped,12,1:26.489,225.559,kph
2023,17,Qatar Grand Prix,2023-10-08,losail,Losail International Circuit,lawson,LAW,Liam Lawson,alphatauri,AlphaTauri,40,17,17,17,0,56,Lapped,16,1:27.113,223.943,kph
2023,17,Qatar Grand Prix,2023-10-08,losail,Losail International Circuit,sargeant,SAR,Logan Sargeant,williams,Williams,2,15,18,R,0,40,Retired,18,1:27.983,221.729,kph
2023,17,Qatar Grand Prix,2023-10-08,losail,Losail International Circuit,hamilton,HAM,Lewis Hamilton,mercedes,Mercedes,44,3,19,R,0,0,Retired,,,,
2023,17,Qatar Grand Prix,2023-10-08,losail,Losail International Circuit,sainz,SAI,Carlos Sainz,ferrari,Ferrari,55,12,20,W,0,0,Did not start,,,,
2023,18,United States Grand Prix,2023-10-22,americas,Circuit of the Americas,max_verstappen,VER,Max Verstappen,red_bull,Red Bull,1,6,1,1,25,56,Finished,9,1:40.028,198.412,kph
2023,18,United States Grand Prix,2023-10-22,americas,Circuit of the Americas,norris,NOR,Lando Norris,mclaren,McLaren,4,2,2,2,18,56,Finished,8,1:39.985,198.497,kph
2023,18,United States Grand Prix,2023-10-22,americas,Circuit of the Americas,sainz,SAI,Carlos Sainz,ferrari,Ferrari,55,4,3,3,15,56,Finished,10,1:40.034,198.400,kph
2023,18,United States Grand Prix,2023-10-22,americas,Circuit of the Americas,perez,PER,Sergio Pérez,red_bull,Red Bull,11,9,4,4,12,56,Finished,5,1:39.737,198.991,kph
2023,18,United States Grand Prix,2023-10-22,americas,Circuit of the Americas,russell,RUS,George Russell,mercedes,Mercedes,63,5,5,5,10,56,Finished,3,1:39.393,199.680,kph
2023,18,United States Grand Prix,2023-10-22,americas,Circuit of the Americas,gasly,GAS,Pierre Gasly,alpine,Alpine F1 Team,10,7,6,6,8,56,Finished,11,1:40.412,197.653,kph
2023,18,United States Grand Prix,2023-10-22,americas,Circuit of the Americas,stroll,STR,Lance Stroll,aston_martin,Aston Martin,18,20,7,7,6,56,Finished,6,1:39.908,198.650,kph
2023,18,United States Grand Prix,2023-10-22,americas,Circuit of the Americas,tsunoda,TSU,Yuki Tsunoda,alphatauri,AlphaTauri,22,11,8,8,5,56,Finished,1,1:38.139,202.231,kph
2023,18,United States Grand Prix,2023-10-22,americas,Circuit of the Americas,albon,ALB,Alexander Albon,williams,Williams,23,15,9,9,2,56,Finished,15,1:41.318,,
2023,18,United States Grand Prix,2023-10-22,americas,Circuit of the Americas,sargeant,SAR,Logan Sargeant,williams,Williams,2,16,10,10,1,56,Finished,14,1:41.238,196.041,kph
2023,18,United States Grand Prix,2023-10-22,americas,Circuit of the Americas,hulkenberg,HUL,Nico Hülkenberg,haas,Haas F1 Team,27,18,11,11,0,56,Finished,12,1:40.925,196.648,kph
2023,18,United States Grand Prix,2023-10-22,americas,Circuit of the Americas,bottas,BOT,Valtteri Bottas,alfa,Alfa Romeo,77,13,12,12,0,56,Finished,18,1:41.972,194.629,kph
2023,18,United States Grand Prix,2023-10-22,americas,Circuit of the Americas,zhou,ZHO,Guanyu Zhou,alfa,Alfa Romeo,24,12,13,13,0,55,Lapped,17,1:41.879,194.807,kph
2023,18,United States Grand Prix,2023-10-22,americas,Circuit of the Americas,kevin_magnussen,MAG,Kevin Magnussen,haas,Haas F1 Team,20,17,14,14,0,55,Lapped,16,1:41.506,195.523,kph
2023,18,United States Grand Prix,2023-10-22,americas,Circuit of the Americas,ricciardo,RIC,Daniel Ricciardo,alphatauri,AlphaTauri,3,14,15,15,0,55,Lapped,2,1:39.366,199.734,kph
2023,18,United States Grand Prix,2023-10-22,americas,Circuit of the Americas,alonso,ALO,Fernando Alonso,aston_martin,Aston Martin,14,19,16,R,0,49,Retired,7,1:39.954,198.559,kph
2023,18,United States Grand Prix,2023-10-22,americas,Circuit of the Americas,piastri,PIA,Oscar Piastri,mclaren,McLaren,81,10,17,R,0,10,Retired,19,1:42.705,193.240,kph
2023,18,United States Grand Prix,2023-10-22,americas,Circuit of the Americas,ocon,OCO,Esteban Ocon,alpine,Alpine F1 Team,31,8,18,R,0,6,Retired,20,1:44.789,189.397,kph
2023,18,United States Grand Prix,2023-10-22,americas,Circuit of the Americas,hamilton,HAM,Lewis Hamilton,mercedes,Mercedes,44,3,19,19,0,56,Disqualified,4,1:39.582,199.301,kph
2023,18,United States Grand Prix,2023-10-22,americas,Circuit of the Americas,leclerc,LEC,Charles Leclerc,ferrari,Ferrari,16,1,20,20,0,56,Disqualified,13,1:41.025,,
2023,19,Mexico City Grand Prix,2023-10-29,rodriguez,Autódromo Hermanos Rodríguez,max_verstappen,VER,Max Verstappen,red_bull,Red Bull,1,3,1,1,25,71,Finished,2,1:21.644,189.780,kph
2023,19,Mexico City Grand Prix,2023-10-29,rodriguez,Autódromo Hermanos Rodríguez,hamilton,HAM,Lewis Hamilton,mercedes,Mercedes,44,6,2,2,19,71,Finished,1,1:21.334,190.503,kph
2023,19,Mexico City Grand Prix,2023-10-29,rodriguez,Autódromo Hermanos Rodríguez,leclerc,LEC,Charles Leclerc,ferrari,Ferrari,16,1,3,3,15,71,Finished,4,1:22.332,188.194,kph
2023,19,Mexico City Grand Prix,2023-10-29,rodriguez,Autódromo Hermanos Rodríguez,sainz,SAI,Carlos Sainz,ferrari,Ferrari,55,2,4,4,12,71,Finished,6,1:22.539,187.722,kph
2023,19,Mexico City Grand Prix,2023-10-29,rodriguez,Autódromo Hermanos Rodríguez,norris,NOR,Lando Norris,mclaren,McLaren,4,17,5,5,10,71,Finished,3,1:21.944,189.085,kph
2023,19,Mexico City Grand Prix,2023-10-29,rodriguez,Autódromo Hermanos Rodríguez,russell,RUS,George Russell,mercedes,Mercedes,63,8,6,6,8,71,Finished,10,1:22.780,187.175,kph
2023,19,Mexico City Grand Prix,2023-10-29,rodriguez,Autódromo Hermanos Rodríguez,ricciardo,RIC,Daniel Ricciardo,alphatauri,AlphaTauri,3,4,7,7,6,71,Finished,7,1:22.679,187.404,kph
2023,19,Mexico City Grand Prix,2023-10-29,rodriguez,Autódromo Hermanos Rodríguez,piastri,PIA,Oscar Piastri,mclaren,McLaren,81,7,8,8,4,71,Finished,8,1:22.760,187.220,kph
2023,19,Mexico City Grand Prix,2023-10-29,rodriguez,Autódromo Hermanos Rodríguez,albon,ALB,Alexander Albon,williams,Williams,23,14,9,9,2,71,Finished,9,1:22.773,187.191,kph
2023,19,Mexico City Grand Prix,2023-10-29,rodriguez,Autódromo Hermanos Rodríguez,ocon,OCO,Esteban Ocon,alpine,Alpine F1 Team,31,15,10,10,1,71,Finished,11,1:22.976,186.733,kph
2023,19,Mexico City Grand Prix,2023-10-29,rodriguez,Autódromo Hermanos Rodríguez,gasly,GAS,Pierre Gasly,alpine,Alpine F1 Team,10,11,11,11,0,71,Finished,16,1:23.230,186.163,kph
2023,19,Mexico City Grand Prix,2023-10-29,rodriguez,Autódromo Hermanos Rodríguez,tsunoda,TSU,Yuki Tsunoda,alphatauri,AlphaTauri,22,18,12,12,0,71,Finished,5,1:22.501,187.808,kph
2023,19,Mexico City Grand Prix,2023-10-29,rodriguez,Autódromo Hermanos Rodríguez,hulkenberg,HUL,Nico Hülkenberg,haas,Haas F1 Team,27,12,13,13,0,71,Finished,15,1:23.222,186.181,kph
2023,19,Mexico City Grand Prix,2023-10-29,rodriguez,Autódromo Hermanos Rodríguez,zhou,ZHO,Guanyu Zhou,alfa,Alfa Romeo,24,10,14,14,0,71,Finished,19,1:23.567,185.412,kph
2023,19,Mexico City Grand Prix,2023-10-29,rodriguez,Autódromo Hermanos Rodríguez,bottas,BOT,Valtteri Bottas,alfa,Alfa Romeo,77,9,15,15,0,71,Finished,14,1:23.166,186.306,kph
2023,19,Mexico City Grand Prix,2023-10-29,rodriguez,Autódromo Hermanos Rodríguez,sargeant,SAR,Logan Sargeant,williams,Williams,2,19,16,16,0,70,Retired,12,1:23.003,186.672,kph
2023,19,Mexico City Grand Prix,2023-10-29,rodriguez,Autódromo Hermanos Rodríguez,stroll,STR,Lance Stroll,aston_martin,Aston Martin,18,0,17,17,0,66,Collision damage,17,1:23.257,186.103,kph
2023,19,Mexico City Grand Prix,2023-10-29,rodriguez,Autódromo Hermanos Rodríguez,alonso,ALO,Fernando Alonso,aston_martin,Aston Martin,14,13,18,W,0,47,Withdrew,18,1:23.531,185.492,kph
2023,19,Mexico City Grand Prix,2023-10-29,rodriguez,Autódromo Hermanos Rodríguez,kevin_magnussen,MAG,Kevin Magnussen,haas,Haas F1 Team,20,16,19,R,0,31,Accident,13,1:23.146,186.351,kph
2023,19,Mexico City Grand Prix,2023-10-29,rodriguez,Autódromo Hermanos Rodríguez,perez,PER,Sergio Pérez,red_bull,Red Bull,11,5,20,R,0,1,Collision damage,,,,
2023,20,São Paulo Grand Prix,2023-11-05,interlagos,Autódromo José Carlos Pace,max_verstappen,VER,Max Verstappen,red_bull,Red Bull,1,1,1,1,25,71,Finished,2,1:13.422,211.277,kph
2023,20,São Paulo Grand Prix,2023-11-05,interlagos,Autódromo José Carlos Pace,norris,NOR,Lando Norris,mclaren,McLaren,4,6,2,2,19,71,Finished,1,1:12.486,214.005,kph
2023,20,São Paulo Grand Prix,2023-11-05,interlagos,Autódromo José Carlos Pace,alonso,ALO,Fernando Alonso,aston_martin,Aston Martin,14,4,3,3,15,71,Finished,10,1:14.442,208.382,kph
2023,20,São Paulo Grand Prix,2023-11-05,interlagos,Autódromo José Carlos Pace,perez,PER,Sergio Pérez,red_bull,Red Bull,11,9,4,4,12,71,Finished,5,1:14.124,209.276,kph
2023,20,São Paulo Grand Prix,2023-11-05,interlagos,Autódromo José Carlos Pace,stroll,STR,Lance Stroll,aston_martin,Aston Martin,18,3,5,5,10,71,Finished,4,1:14.007,209.607,kph
2023,20,São Paulo Grand Prix,2023-11-05,interlagos,Autódromo José Carlos Pace,sainz,SAI,Carlos Sainz,ferrari,Ferrari,55,7,6,6,8,71,Finished,9,1:14.406,208.483,kph
2023,20,São Paulo Grand Prix,2023-11-05,interlagos,Autódromo José Carlos Pace,gasly,GAS,Pierre Gasly,alpine,Alpine F1 Team,10,15,7,7,6,71,Finished,11,1:14.521,208.161,kph
2023,20,São Paulo Grand Prix,2023-11-05,interlagos,Autódromo José Carlos Pace,hamilton,HAM,Lewis Hamilton,mercedes,Mercedes,44,5,8,8,4,71,Finished,12,1:14.739,207.554,kph
2023,20,São Paulo Grand Prix,2023-11-05,interlagos,Autódromo José Carlos Pace,tsunoda,TSU,Yuki Tsunoda,alphatauri,AlphaTauri,22,16,9,9,2,71,Finished,7,1:14.231,208.974,kph
2023,20,São Paulo Grand Prix,2023-11-05,interlagos,Autódromo José Carlos Pace,ocon,OCO,Esteban Ocon,alpine,Alpine F1 Team,31,14,10,10,1,70,Lapped,6,1:14.206,209.045,kph
2023,20,São Paulo Grand Prix,2023-11-05,interlagos,Autódromo José Carlos Pace,sargeant,SAR,Logan Sargeant,williams,Williams,2,19,11,11,0,70,Lapped,16,1:15.738,204.816,kph
2023,20,São Paulo Grand Prix,2023-11-05,interlagos,Autódromo José Carlos Pace,hulkenberg,HUL,Nico Hülkenberg,haas,Haas F1 Team,27,11,12,12,0,70,Lapped,14,1:15.036,206.732,kph
2023,20,São Paulo Grand Prix,2023-11-05,interlagos,Autódromo José Carlos Pace,ricciardo,RIC,Daniel Ricciardo,alphatauri,AlphaTauri,3,17,13,13,0,70,Lapped,3,1:13.866,210.007,kph
2023,20,São Paulo Grand Prix,2023-11-05,interlagos,Autódromo José Carlos Pace,piastri,PIA,Oscar Piastri,mclaren,McLaren,81,10,14,14,0,69,Lapped,8,1:14.310,208.752,kph
2023,20,São Paulo Grand Prix,2023-11-05,interlagos,Autódromo José Carlos Pace,russell,RUS,George Russell,mercedes,Mercedes,63,8,15,R,0,57,Retired,13,1:14.934,207.014,kph
2023,20,São Paulo Grand Prix,2023-11-05,interlagos,Autódromo José Carlos Pace,bottas,BOT,Valtteri Bottas,alfa,Alfa Romeo,77,18,16,R,0,39,Retired,15,1:15.731,204.835,kph
2023,20,São Paulo Grand Prix,2023-11-05,interlagos,Autódromo José Carlos Pace,zhou,ZHO,Guanyu Zhou,alfa,Alfa Romeo,24,20,17,R,0,22,Retired,17,1:16.232,203.489,kph
2023,20,São Paulo Grand Prix,2023-11-05,interlagos,Autódromo José Carlos Pace,kevin_magnussen,MAG,Kevin Magnussen,haas,Haas F1 Team,20,12,18,R,0,0,Retired,,,,
2023,20,São Paulo Grand Prix,2023-11-05,interlagos,Autódromo José Carlos Pace,albon,ALB,Alexander Albon,williams,Williams,23,13,19,R,0,0,Retired,,,,
2023,20,São Paulo Grand Prix,2023-11-05,interlagos,Autódromo José Carlos Pace,leclerc,LEC,Charles Leclerc,ferrari,Ferrari,16,2,20,W,0,0,Did not start,,,,
2023,21,Las Vegas Grand Prix,2023-11-19,vegas,Las Vegas Strip Street Circuit,max_verstappen,VER,Max Verstappen,red_bull,Red Bull,1,2,1,1,25,50,Finished,2,1:35.614,233.476,kph
2023,21,Las Vegas Grand Prix,2023-11-19,vegas,Las Vegas Strip Street Circuit,leclerc,LEC,Charles Leclerc,ferrari,Ferrari,16,1,2,2,18,50,Finished,3,1:35.669,233.342,kph
2023,21,Las Vegas Grand Prix,2023-11-19,vegas,Las Vegas Strip Street Circuit,perez,PER,Sergio Pérez,red_bull,Red Bull,11,11,3,3,15,50,Finished,5,1:35.939,232.685,kph
2023,21,Las Vegas Grand Prix,2023-11-19,vegas,Las Vegas Strip Street Circuit,ocon,OCO,Esteban Ocon,alpine,Alpine F1 Team,31,16,4,4,12,50,Finished,10,1:36.637,231.004,kph
2023,21,Las Vegas Grand Prix,2023-11-19,vegas,Las Vegas Strip Street Circuit,stroll,STR,Lance Stroll,aston_martin,Aston Martin,18,19,5,5,10,50,Finished,9,1:36.584,231.131,kph
2023,21,Las Vegas Grand Prix,2023-11-19,vegas,Las Vegas Strip Street Circuit,sainz,SAI,Carlos Sainz,ferrari,Ferrari,55,12,6,6,8,50,Finished,6,1:35.984,232.576,kph
2023,21,Las Vegas Grand Prix,2023-11-19,vegas,Las Vegas Strip Street Circuit,hamilton,HAM,Lewis Hamilton,mercedes,Mercedes,44,10,7,7,6,50,Finished,4,1:35.716,233.227,kph
2023,21,Las Vegas Grand Prix,2023-11-19,vegas,Las Vegas Strip Street Circuit,russell,RUS,George Russell,mercedes,Mercedes,63,3,8,8,4,50,Finished,7,1:36.071,232.365,kph
2023,21,Las Vegas Grand Prix,2023-11-19,vegas,Las Vegas Strip Street Circuit,alonso,ALO,Fernando Alonso,aston_martin,Aston Martin,14,9,9,9,2,50,Finished,8,1:36.559,231.191,kph
2023,21,Las Vegas Grand Prix,2023-11-19,vegas,Las Vegas Strip Street Circuit,piastri,PIA,Oscar Piastri,mclaren,McLaren,81,18,10,10,2,50,Finished,1,1:35.490,233.779,kph
2023,21,Las Vegas Grand Prix,2023-11-19,vegas,Las Vegas Strip Street Circuit,gasly,GAS,Pierre Gasly,alpine,Alpine F1 Team,10,4,11,11,0,50,Finished,11,1:36.913,230.346,kph
2023,21,Las Vegas Grand Prix,2023-11-19,vegas,Las Vegas Strip Street Circuit,albon,ALB,Alexander Albon,williams,Williams,23,5,12,12,0,50,Finished,13,1:37.357,229.296,kph
2023,21,Las Vegas Grand Prix,2023-11-19,vegas,Las Vegas Strip Street Circuit,kevin_magnussen,MAG,Kevin Magnussen,haas,Haas F1 Team,20,8,13,13,0,50,Finished,15,1:37.455,229.065,kph
2023,21,Las Vegas Grand Prix,2023-11-19,vegas,Las Vegas Strip Street Circuit,ricciardo,RIC,Daniel Ricciardo,alphatauri,AlphaTauri,3,14,14,14,0,50,Finished,12,1:37.108,229.884,kph
2023,21,Las Vegas Grand Prix,2023-11-19,vegas,Las Vegas Strip Street Circuit,zhou,ZHO,Guanyu Zhou,alfa,Alfa Romeo,24,17,15,15,0,50,Finished,14,1:37.375,229.253,kph
2023,21,Las Vegas Grand Prix,2023-11-19,vegas,Las Vegas Strip Street Circuit,sargeant,SAR,Logan Sargeant,williams,Williams,2,6,16,16,0,50,Finished,19,1:37.740,228.397,kph
2023,21,Las Vegas Grand Prix,2023-11-19,vegas,Las Vegas Strip Street Circuit,bottas,BOT,Valtteri Bottas,alfa,Alfa Romeo,77,7,17,17,0,50,Finished,16,1:37.562,228.814,kph
2023,21,Las Vegas Grand Prix,2023-11-19,vegas,Las Vegas Strip Street Circuit,tsunoda,TSU,Yuki Tsunoda,alphatauri,AlphaTauri,22,20,18,18,0,46,Retired,18,1:37.587,228.755,kph
2023,21,Las Vegas Grand Prix,2023-11-19,vegas,Las Vegas Strip Street Circuit,hulkenberg,HUL,Nico Hülkenberg,haas,Haas F1 Team,27,13,19,19,0,45,Retired,17,1:37.565,228.807,kph
2023,21,Las Vegas Grand Prix,2023-11-19,vegas,Las Vegas Strip Street Circuit,norris,NOR,Lando Norris,mclaren,McLaren,4,15,20,R,0,2,Retired,20,1:59.327,187.079,kph
2023,22,Abu Dhabi Grand Prix,2023-11-26,yas_marina,Yas Marina Circuit,max_verstappen,VER,Max Verstappen,red_bull,Red Bull,1,1,1,1,26,58,Finished,1,1:26.993,218.541,kph
2023,22,Abu Dhabi Grand Prix,2023-11-26,yas_marina,Yas Marina Circuit,leclerc,LEC,Charles Leclerc,ferrari,Ferrari,16,2,2,2,18,58,Finished,8,1:28.199,215.553,kph
2023,22,Abu Dhabi Grand Prix,2023-11-26,yas_marina,Yas Marina Circuit,russell,RUS,George Russell,mercedes,Mercedes,63,4,3,3,15,58,Finished,7,1:28.187,215.582,kph
2023,22,Abu Dhabi Grand Prix,2023-11-26,yas_marina,Yas Marina Circuit,perez,PER,Sergio Pérez,red_bull,Red Bull,11,9,4,4,12,58,Finished,2,1:27.493,217.292,kph
2023,22,Abu Dhabi Grand Prix,2023-11-26,yas_marina,Yas Marina Circuit,norris,NOR,Lando Norris,mclaren,McLaren,4,5,5,5,10,58,Finished,6,1:28.164,215.639,kph
2023,22,Abu Dhabi Grand Prix,2023-11-26,yas_marina,Yas Marina Circuit,piastri,PIA,Oscar Piastri,mclaren,McLaren,81,3,6,6,8,58,Finished,5,1:28.138,215.702,kph
2023,22,Abu Dhabi Grand Prix,2023-11-26,yas_marina,Yas Marina Circuit,alonso,ALO,Fernando Alonso,aston_martin,Aston Martin,14,7,7,7,6,58,Finished,9,1:28.256,215.414,kph
2023,22,Abu Dhabi Grand Prix,2023-11-26,yas_marina,Yas Marina Circuit,tsunoda,TSU,Yuki Tsunoda,alphatauri,AlphaTauri,22,6,8,8,4,58,Finished,16,1:29.256,213.000,kph
2023,22,Abu Dhabi Grand Prix,2023-11-26,yas_marina,Yas Marina Circuit,hamilton,HAM,Lewis Hamilton,mercedes,Mercedes,44,11,9,9,2,58,Finished,10,1:28.372,215.131,kph
2023,22,Abu Dhabi Grand Prix,2023-11-26,yas_marina,Yas Marina Circuit,stroll,STR,Lance Stroll,aston_martin,Aston Martin,18,13,10,10,1,58,Finished,4,1:28.050,215.918,kph
2023,22,Abu Dhabi Grand Prix,2023-11-26,yas_marina,Yas Marina Circuit,ricciardo,RIC,Daniel Ricciardo,alphatauri,AlphaTauri,3,15,11,11,0,58,Finished,11,1:28.571,214.648,kph
2023,22,Abu Dhabi Grand Prix,2023-11-26,yas_marina,Yas Marina Circuit,ocon,OCO,Esteban Ocon,alpine,Alpine F1 Team,31,12,12,12,0,58,Finished,20,1:30.033,211.162,kph
2023,22,Abu Dhabi Grand Prix,2023-11-26,yas_marina,Yas Marina Circuit,gasly,GAS,Pierre Gasly,alpine,Alpine F1 Team,10,10,13,13,0,58,Finished,14,1:29.016,213.575,kph
2023,22,Abu Dhabi Grand Prix,2023-11-26,yas_marina,Yas Marina Circuit,albon,ALB,Alexander Albon,williams,Williams,23,14,14,14,0,58,Finished,3,1:27.845,216.422,kph
2023,22,Abu Dhabi Grand Prix,2023-11-26,yas_marina,Yas Marina Circuit,hulkenberg,HUL,Nico Hülkenberg,haas,Haas F1 Team,27,8,15,15,0,58,Finished,15,1:29.217,213.093,kph
2023,22,Abu Dhabi Grand Prix,2023-11-26,yas_marina,Yas Marina Circuit,sargeant,SAR,Logan Sargeant,williams,Williams,2,20,16,16,0,58,Finished,12,1:28.580,214.626,kph
2023,22,Abu Dhabi Grand Prix,2023-11-26,yas_marina,Yas Marina Circuit,zhou,ZHO,Guanyu Zhou,alfa,Alfa Romeo,24,19,17,17,0,58,Finished,13,1:28.746,214.224,kph
2023,22,Abu Dhabi Grand Prix,2023-11-26,yas_marina,Yas Marina Circuit,sainz,SAI,Carlos Sainz,ferrari,Ferrari,55,16,18,18,0,57,Retired,17,1:29.452,212.534,kph
2023,22,Abu Dhabi Grand Prix,2023-11-26,yas_marina,Yas Marina Circuit,bottas,BOT,Valtteri Bottas,alfa,Alfa Romeo,77,18,19,19,0,57,Lapped,18,1:29.863,211.562,kph
2023,22,Abu Dhabi Grand Prix,2023-11-26,yas_marina,Yas Marina Circuit,kevin_magnussen,MAG,Kevin Magnussen,haas,Haas F1 Team,20,17,20,20,0,57,Lapped,19,1:29.934,211.395,kph
2024,1,Bahrain Grand Prix,2024-03-02,bahrain,Bahrain International Circuit,max_verstappen,VER,Max Verstappen,red_bull,Red Bull,1,1,1,1,26,57,Finished,1,1:32.608,210.383,kph
2024,1,Bahrain Grand Prix,2024-03-02,bahrain,Bahrain International Circuit,perez,PER,Sergio Pérez,red_bull,Red Bull,11,5,2,2,18,57,Finished,4,1:34.364,206.468,kph
2024,1,Bahrain Grand Prix,2024-03-02,bahrain,Bahrain International Circuit,sainz,SAI,Carlos Sainz,ferrari,Ferrari,55,4,3,3,15,57,Finished,6,1:34.507,206.156,kph
2024,1,Bahrain Grand Prix,2024-03-02,bahrain,Bahrain International Circuit,leclerc,LEC,Charles Leclerc,ferrari,Ferrari,16,2,4,4,12,57,Finished,2,1:34.090,207.069,kph
2024,1,Bahrain Grand Prix,2024-03-02,bahrain,Bahrain International Circuit,russell,RUS,George Russell,mercedes,Mercedes,63,3,5,5,10,57,Finished,12,1:35.065,204.946,kph
2024,1,Bahrain Grand Prix,2024-03-02,bahrain,Bahrain International Circuit,norris,NOR,Lando Norris,mclaren,McLaren,4,7,6,6,8,57,Finished,5,1:34.476,,
2024,1,Bahrain Grand Prix,2024-03-02,bahrain,Bahrain International Circuit,hamilton,HAM,Lewis Hamilton,mercedes,Mercedes,44,9,7,7,6,57,Finished,7,1:34.722,205.688,kph
2024,1,Bahrain Grand Prix,2024-03-02,bahrain,Bahrain International Circuit,piastri,PIA,Oscar Piastri,mclaren,McLaren,81,8,8,8,4,57,Finished,11,1:34.983,,
2024,1,Bahrain Grand Prix,2024-03-02,bahrain,Bahrain International Circuit,alonso,ALO,Fernando Alonso,aston_martin,Aston Martin,14,6,9,9,2,57,Finished,3,1:34.199,206.830,kph
2024,1,Bahrain Grand Prix,2024-03-02,bahrain,Bahrain International Circuit,stroll,STR,Lance Stroll,aston_martin,Aston Martin,18,12,10,10,1,57,Finished,16,1:35.632,203.730,kph
2024,1,Bahrain Grand Prix,2024-03-02,bahrain,Bahrain International Circuit,zhou,ZHO,Guanyu Zhou,sauber,Sauber,24,17,11,11,0,56,Lapped,14,1:35.458,204.102,kph
2024,1,Bahrain Grand Prix,2024-03-02,bahrain,Bahrain International Circuit,kevin_magnussen,MAG,Kevin Magnussen,haas,Haas F1 Team,20,15,12,12,0,56,Lapped,15,1:35.570,203.863,kph
2024,1,Bahrain Grand Prix,2024-03-02,bahrain,Bahrain International Circuit,ricciardo,RIC,Daniel Ricciardo,rb,RB F1 Team,3,14,13,13,0,56,Lapped,13,1:35.163,204.735,kph
2024,1,Bahrain Grand Prix,2024-03-02,bahrain,Bahrain International Circuit,tsunoda,TSU,Yuki Tsunoda,rb,RB F1 Team,22,11,14,14,0,56,Lapped,18,1:35.833,203.303,kph
2024,1,Bahrain Grand Prix,2024-03-02,bahrain,Bahrain International Circuit,albon,ALB,Alexander Albon,williams,Williams,23,13,15,15,0,56,Lapped,17,1:35.723,203.537,kph
2024,1,Bahrain Grand Prix,2024-03-02,bahrain,Bahrain International Circuit,hulkenberg,HUL,Nico Hülkenberg,haas,Haas F1 Team,27,10,16,16,0,56,Lapped,10,1:34.834,205.445,kph
2024,1,Bahrain Grand Prix,2024-03-02,bahrain,Bahrain International Circuit,ocon,OCO,Esteban Ocon,alpine,Alpine F1 Team,31,19,17,17,0,56,Lapped,20,1:36.226,202.473,kph
2024,1,Bahrain Grand Prix,2024-03-02,bahrain,Bahrain International Circuit,gasly,GAS,Pierre Gasly,alpine,Alpine F1 Team,10,20,18,18,0,56,Lapped,9,1:34.805,205.508,kph
2024,1,Bahrain Grand Prix,2024-03-02,bahrain,Bahrain International Circuit,bottas,BOT,Valtteri Bottas,sauber,Sauber,77,16,19,19,0,56,Lapped,19,1:36.202,202.523,kph
2024,1,Bahrain Grand Prix,2024-03-02,bahrain,Bahrain International Circuit,sargeant,SAR,Logan Sargeant,williams,Williams,2,18,20,20,0,55,Lapped,8,1:34.735,205.659,kph
2024,2,Saudi Arabian Grand Prix,2024-03-09,jeddah,Jeddah Corniche Circuit,max_verstappen,VER,Max Verstappen,red_bull,Red Bull,1,1,1,1,25,50,Finished,3,1:31.773,242.188,kph
2024,2,Saudi Arabian Grand Prix,2024-03-09,jeddah,Jeddah Corniche Circuit,perez,PER,Sergio Pérez,red_bull,Red Bull,11,3,2,2,18,50,Finished,8,1:32.273,240.876,kph
2024,2,Saudi Arabian Grand Prix,2024-03-09,jeddah,Jeddah Corniche Circuit,leclerc,LEC,Charles Leclerc,ferrari,Ferrari,16,2,3,3,16,50,Finished,1,1:31.632,242.561,kph
2024,2,Saudi Arabian Grand Prix,2024-03-09,jeddah,Jeddah Corniche Circuit,piastri,PIA,Oscar Piastri,mclaren,McLaren,81,5,4,4,12,50,Finished,10,1:32.310,,
2024,2,Saudi Arabian Grand Prix,2024-03-09,jeddah,Jeddah Corniche Circuit,alonso,ALO,Fernando Alonso,aston_martin,Aston Martin,14,4,5,5,10,50,Finished,13,1:32.387,240.579,kph
2024,2,Saudi Arabian Grand Prix,2024-03-09,jeddah,Jeddah Corniche Circuit,russell,RUS,George Russell,mercedes,Mercedes,63,7,6,6,8,50,Finished,7,1:32.254,240.926,kph
2024,2,Saudi Arabian Grand Prix,2024-03-09,jeddah,Jeddah Corniche Circuit,bearman,BEA,Oliver Bearman,ferrari,Ferrari,38,11,7,7,6,50,Finished,5,1:32.186,241.103,kph
2024,2,Saudi Arabian Grand Prix,2024-03-09,jeddah,Jeddah Corniche Circuit,norris,NOR,Lando Norris,mclaren,McLaren,4,6,8,8,4,50,Finished,4,1:31.944,,
2024,2,Saudi Arabian Grand Prix,2024-03-09,jeddah,Jeddah Corniche Circuit,hamilton,HAM,Lewis Hamilton,mercedes,Mercedes,44,8,9,9,2,50,Finished,2,1:31.746,242.260,kph
2024,2,Saudi Arabian Grand Prix,2024-03-09,jeddah,Jeddah Corniche Circuit,hulkenberg,HUL,Nico Hülkenberg,haas,Haas F1 Team,27,15,10,10,1,50,Finished,12,1:32.366,240.633,kph
2024,2,Saudi Arabian Grand Prix,2024-03-09,jeddah,Jeddah Corniche Circuit,albon,ALB,Alexander Albon,williams,Williams,23,12,11,11,0,50,Finished,9,1:32.307,240.787,kph
2024,2,Saudi Arabian Grand Prix,2024-03-09,jeddah,Jeddah Corniche Circuit,kevin_magnussen,MAG,Kevin Magnussen,haas,Haas F1 Team,20,13,12,12,0,50,Finished,11,1:32.338,240.706,kph
2024,2,Saudi Arabian Grand Prix,2024-03-09,jeddah,Jeddah Corniche Circuit,ocon,OCO,Esteban Ocon,alpine,Alpine F1 Team,31,17,13,13,0,49,Lapped,17,1:33.481,237.763,kph
2024,2,Saudi Arabian Grand Prix,2024-03-09,jeddah,Jeddah Corniche Circuit,sargeant,SAR,Logan Sargeant,williams,Williams,2,19,14,14,0,49,Lapped,15,1:33.026,,
2024,2,Saudi Arabian Grand Prix,2024-03-09,jeddah,Jeddah Corniche Circuit,tsunoda,TSU,Yuki Tsunoda,rb,RB F1 Team,22,9,15,15,0,49,Lapped,18,1:33.523,,
2024,2,Saudi Arabian Grand Prix,2024-03-09,jeddah,Jeddah Corniche Circuit,ricciardo,RIC,Daniel Ricciardo,rb,RB F1 Team,3,14,16,16,0,49,Lapped,16,1:33.323,238.166,kph
2024,2,Saudi Arabian Grand Prix,2024-03-09,jeddah,Jeddah Corniche Circuit,bottas,BOT,Valtteri Bottas,sauber,Sauber,77,16,17,17,0,49,Lapped,14,1:32.706,239.751,kph
2024,2,Saudi Arabian Grand Prix,2024-03-09,jeddah,Jeddah Corniche Circuit,zhou,ZHO,Guanyu Zhou,sauber,Sauber,24,20,18,18,0,49,Lapped,6,1:32.208,241.046,kph
2024,2,Saudi Arabian Grand Prix,2024-03-09,jeddah,Jeddah Corniche Circuit,stroll,STR,Lance Stroll,aston_martin,Aston Martin,18,10,19,R,0,5,Retired,19,1:35.560,232.591,kph
2024,2,Saudi Arabian Grand Prix,2024-03-09,jeddah,Jeddah Corniche Circuit,gasly,GAS,Pierre Gasly,alpine,Alpine F1 Team,10,18,20,R,0,1,Retired,,,,
2024,3,Australian Grand Prix,2024-03-24,albert_park,Albert Park Grand Prix Circuit,sainz,SAI,Carlos Sainz,ferrari,Ferrari,55,2,1,1,25,58,Finished,3,1:20.031,237.418,kph
2024,3,Australian Grand Prix,2024-03-24,albert_park,Albert Park Grand Prix Circuit,leclerc,LEC,Charles Leclerc,ferrari,Ferrari,16,4,2,2,19,58,Finished,1,1:19.813,238.066,kph
2024,3,Australian Grand Prix,2024-03-24,albert_park,Albert Park Grand Prix Circuit,norris,NOR,Lando Norris,mclaren,McLaren,4,3,3,3,15,58,Finished,2,1:19.915,,
2024,3,Australian Grand Prix,2024-03-24,albert_park,Albert Park Grand Prix Circuit,piastri,PIA,Oscar Piastri,mclaren,McLaren,81,5,4,4,12,58,Finished,4,1:20.199,,
2024,3,Australian Grand Prix,2024-03-24,albert_park,Albert Park Grand Prix Circuit,perez,PER,Sergio Pérez,red_bull,Red Bull,11,6,5,5,10,58,Finished,6,1:20.388,236.363,kph
2024,3,Australian Grand Prix,2024-03-24,albert_park,Albert Park Grand Prix Circuit,stroll,STR,Lance Stroll,aston_martin,Aston Martin,18,9,6,6,8,58,Finished,8,1:20.930,234.780,kph
2024,3,Australian Grand Prix,2024-03-24,albert_park,Albert Park Grand Prix Circuit,tsunoda,TSU,Yuki Tsunoda,rb,RB F1 Team,22,8,7,7,6,58,Finished,11,1:21.134,234.190,kph
2024,3,Australian Grand Prix,2024-03-24,albert_park,Albert Park Grand Prix Circuit,alonso,ALO,Fernando Alonso,aston_martin,Aston Martin,14,10,8,8,4,58,Finished,7,1:20.493,236.055,kph
2024,3,Australian Grand Prix,2024-03-24,albert_park,Albert Park Grand Prix Circuit,hulkenberg,HUL,Nico Hülkenberg,haas,Haas F1 Team,27,16,9,9,2,58,Finished,12,1:21.145,234.158,kph
2024,3,Australian Grand Prix,2024-03-24,albert_park,Albert Park Grand Prix Circuit,kevin_magnussen,MAG,Kevin Magnussen,haas,Haas F1 Team,20,14,10,10,1,57,Lapped,9,1:21.082,234.340,kph
2024,3,Australian Grand Prix,2024-03-24,albert_park,Albert Park Grand Prix Circuit,albon,ALB,Alexander Albon,williams,Williams,23,12,11,11,0,57,Lapped,17,1:21.618,232.801,kph
2024,3,Australian Grand Prix,2024-03-24,albert_park,Albert Park Grand Prix Circuit,ricciardo,RIC,Daniel Ricciardo,rb,RB F1 Team,3,18,12,12,0,57,Lapped,13,1:21.239,233.887,kph
2024,3,Australian Grand Prix,2024-03-24,albert_park,Albert Park Grand Prix Circuit,gasly,GAS,Pierre Gasly,alpine,Alpine F1 Team,10,17,13,13,0,57,Lapped,10,1:21.090,234.317,kph
2024,3,Australian Grand Prix,2024-03-24,albert_park,Albert Park Grand Prix Circuit,bottas,BOT,Valtteri Bottas,sauber,Sauber,77,13,14,14,0,57,Lapped,16,1:21.422,233.361,kph
2024,3,Australian Grand Prix,2024-03-24,albert_park,Albert Park Grand Prix Circuit,zhou,ZHO,Guanyu Zhou,sauber,Sauber,24,19,15,15,0,57,Lapped,14,1:21.327,233.634,kph
2024,3,Australian Grand Prix,2024-03-24,albert_park,Albert Park Grand Prix Circuit,ocon,OCO,Esteban Ocon,alpine,Alpine F1 Team,31,15,16,16,0,57,Lapped,15,1:21.354,233.557,kph
2024,3,Australian Grand Prix,2024-03-24,albert_park,Albert Park Grand Prix Circuit,russell,RUS,George Russell,mercedes,Mercedes,63,7,17,17,0,56,Retired,5,1:20.284,236.669,kph
2024,3,Australian Grand Prix,2024-03-24,albert_park,Albert Park Grand Prix Circuit,hamilton,HAM,Lewis Hamilton,mercedes,Mercedes,44,11,18,R,0,15,Retired,18,1:22.444,230.469,kph
2024,3,Australian Grand Prix,2024-03-24,albert_park,Albert Park Grand Prix Circuit,max_verstappen,VER,Max Verstappen,red_bull,Red Bull,1,1,19,R,0,3,Retired,19,1:23.115,228.608,kph
2024,4,Japanese Grand Prix,2024-04-07,suzuka,Suzuka Circuit,max_verstappen,VER,Max Verstappen,red_bull,Red Bull,1,1,1,1,26,53,Finished,1,1:33.706,223.093,kph
2024,4,Japanese Grand Prix,2024-04-07,suzuka,Suzuka Circuit,perez,PER,Sergio Pérez,red_bull,Red Bull,11,2,2,2,18,53,Finished,3,1:33.945,222.525,kph
2024,4,Japanese Grand Prix,2024-04-07,suzuka,Suzuka Circuit,sainz,SAI,Carlos Sainz,ferrari,Ferrari,55,4,3,3,15,53,Finished,2,1:33.841,222.772,kph
2024,4,Japanese Grand Prix,2024-04-07,suzuka,Suzuka Circuit,leclerc,LEC,Charles Leclerc,ferrari,Ferrari,16,8,4,4,12,53,Finished,9,1:35.044,219.952,kph
2024,4,Japanese Grand Prix,2024-04-07,suzuka,Suzuka Circuit,norris,NOR,Lando Norris,mclaren,McLaren,4,3,5,5,10,53,Finished,10,1:35.186,,
2024,4,Japanese Grand Prix,2024-04-07,suzuka,Suzuka Circuit,alonso,ALO,Fernando Alonso,aston_martin,Aston Martin,14,5,6,6,8,53,Finished,6,1:34.726,220.691,kph
2024,4,Japanese Grand Prix,2024-04-07,suzuka,Suzuka Circuit,russell,RUS,George Russell,mercedes,Mercedes,63,9,7,7,6,53,Finished,5,1:34.404,221.444,kph
2024,4,Japanese Grand Prix,2024-04-07,suzuka,Suzuka Circuit,piastri,PIA,Oscar Piastri,mclaren,McLaren,81,6,8,8,4,53,Finished,7,1:34.802,,
2024,4,Japanese Grand Prix,2024-04-07,suzuka,Suzuka Circuit,hamilton,HAM,Lewis Hamilton,mercedes,Mercedes,44,7,9,9,2,53,Finished,4,1:33.952,222.509,kph
2024,4,Japanese Grand Prix,2024-04-07,suzuka,Suzuka Circuit,tsunoda,TSU,Yuki Tsunoda,rb,RB F1 Team,22,10,10,10,1,52,Lapped,14,1:36.342,216.989,kph
2024,4,Japanese Grand Prix,2024-04-07,suzuka,Suzuka Circuit,hulkenberg,HUL,Nico Hülkenberg,haas,Haas F1 Team,27,12,11,11,0,52,Lapped,11,1:35.325,219.304,kph
2024,4,Japanese Grand Prix,2024-04-07,suzuka,Suzuka Circuit,stroll,STR,Lance Stroll,aston_martin,Aston Martin,18,16,12,12,0,52,Lapped,12,1:35.798,218.221,kph
2024,4,Japanese Grand Prix,2024-04-07,suzuka,Suzuka Circuit,kevin_magnussen,MAG,Kevin Magnussen,haas,Haas F1 Team,20,18,13,13,0,52,Lapped,17,1:36.654,216.289,kph
2024,4,Japanese Grand Prix,2024-04-07,suzuka,Suzuka Circuit,bottas,BOT,Valtteri Bottas,sauber,Sauber,77,13,14,14,0,52,Lapped,15,1:36.608,216.392,kph
2024,4,Japanese Grand Prix,2024-04-07,suzuka,Suzuka Circuit,ocon,OCO,Esteban Ocon,alpine,Alpine F1 Team,31,15,15,15,0,52,Lapped,13,1:36.232,217.237,kph
2024,4,Japanese Grand Prix,2024-04-07,suzuka,Suzuka Circuit,gasly,GAS,Pierre Gasly,alpine,Alpine F1 Team,10,17,16,16,0,52,Lapped,16,1:36.642,216.315,kph
2024,4,Japanese Grand Prix,2024-04-07,suzuka,Suzuka Circuit,sargeant,SAR,Logan Sargeant,williams,Williams,2,19,17,17,0,52,Lapped,8,1:34.900,220.286,kph
2024,4,Japanese Grand Prix,2024-04-07,suzuka,Suzuka Circuit,zhou,ZHO,Guanyu Zhou,sauber,Sauber,24,20,18,R,0,12,Retired,18,1:37.160,215.162,kph
2024,4,Japanese Grand Prix,2024-04-07,suzuka,Suzuka Circuit,ricciardo,RIC,Daniel Ricciardo,rb,RB F1 Team,3,11,19,R,0,0,Retired,,,,
2024,4,Japanese Grand Prix,2024-04-07,suzuka,Suzuka Circuit,albon,ALB,Alexander Albon,williams,Williams,23,14,20,R,0,0,Retired,,,,
2024,5,Chinese Grand Prix,2024-04-21,shanghai,Shanghai International Circuit,max_verstappen,VER,Max Verstappen,red_bull,Red Bull,1,1,1,1,25,56,Finished,2,1:38.406,199.414,kph
2024,5,Chinese Grand Prix,2024-04-21,shanghai,Shanghai International Circuit,norris,NOR,Lando Norris,mclaren,McLaren,4,4,2,2,18,56,Finished,4,1:38.751,,
2024,5,Chinese Grand Prix,2024-04-21,shanghai,Shanghai International Circuit,perez,PER,Sergio Pérez,red_bull,Red Bull,11,2,3,3,15,56,Finished,7,1:39.388,197.444,kph
2024,5,Chinese Grand Prix,2024-04-21,shanghai,Shanghai International Circuit,leclerc,LEC,Charles Leclerc,ferrari,Ferrari,16,6,4,4,12,56,Finished,6,1:39.384,197.452,kph
2024,5,Chinese Grand Prix,2024-04-21,shanghai,Shanghai International Circuit,sainz,SAI,Carlos Sainz,ferrari,Ferrari,55,7,5,5,10,56,Finished,10,1:39.764,196.700,kph
2024,5,Chinese Grand Prix,2024-04-21,shanghai,Shanghai International Circuit,russell,RUS,George Russell,mercedes,Mercedes,63,8,6,6,8,56,Finished,11,1:40.112,196.016,kph
2024,5,Chinese Grand Prix,2024-04-21,shanghai,Shanghai International Circuit,alonso,ALO,Fernando Alonso,aston_martin,Aston Martin,14,3,7,7,7,56,Finished,1,1:37.810,200.629,kph
2024,5,Chinese Grand Prix,2024-04-21,shanghai,Shanghai International Circuit,piastri,PIA,Oscar Piastri,mclaren,McLaren,81,5,8,8,4,56,Finished,9,1:39.739,,
2024,5,Chinese Grand Prix,2024-04-21,shanghai,Shanghai International Circuit,hamilton,HAM,Lewis Hamilton,mercedes,Mercedes,44,18,9,9,2,56,Finished,14,1:40.835,194.610,kph
2024,5,Chinese Grand Prix,2024-04-21,shanghai,Shanghai International Circuit,hulkenberg,HUL,Nico Hülkenberg,haas,Haas F1 Team,27,9,10,10,1,56,Finished,13,1:40.815,194.649,kph
2024,5,Chinese Grand Prix,2024-04-21,shanghai,Shanghai International Circuit,ocon,OCO,Esteban Ocon,alpine,Alpine F1 Team,31,13,11,11,0,56,Finished,15,1:40.937,194.414,kph
2024,5,Chinese Grand Prix,2024-04-21,shanghai,Shanghai International Circuit,albon,ALB,Alexander Albon,williams,Williams,23,14,12,12,0,56,Finished,12,1:40.790,194.697,kph
2024,5,Chinese Grand Prix,2024-04-21,shanghai,Shanghai International Circuit,gasly,GAS,Pierre Gasly,alpine,Alpine F1 Team,10,15,13,13,0,56,Finished,5,1:39.198,197.822,kph
2024,5,Chinese Grand Prix,2024-04-21,shanghai,Shanghai International Circuit,zhou,ZHO,Guanyu Zhou,sauber,Sauber,24,16,14,14,0,56,Finished,3,1:38.633,198.955,kph
2024,5,Chinese Grand Prix,2024-04-21,shanghai,Shanghai International Circuit,stroll,STR,Lance Stroll,aston_martin,Aston Martin,18,11,15,15,0,56,Finished,8,1:39.444,197.333,kph
2024,5,Chinese Grand Prix,2024-04-21,shanghai,Shanghai International Circuit,kevin_magnussen,MAG,Kevin Magnussen,haas,Haas F1 Team,20,17,16,16,0,56,Finished,18,1:41.077,194.145,kph
2024,5,Chinese Grand Prix,2024-04-21,shanghai,Shanghai International Circuit,sargeant,SAR,Logan Sargeant,williams,Williams,2,20,17,17,0,56,Finished,17,1:41.000,194.293,kph
2024,5,Chinese Grand Prix,2024-04-21,shanghai,Shanghai International Circuit,ricciardo,RIC,Daniel Ricciardo,rb,RB F1 Team,3,12,18,R,0,33,Retired,16,1:40.994,194.304,kph
2024,5,Chinese Grand Prix,2024-04-21,shanghai,Shanghai International Circuit,tsunoda,TSU,Yuki Tsunoda,rb,RB F1 Team,22,19,19,R,0,26,Retired,20,1:41.593,193.158,kph
2024,5,Chinese Grand Prix,2024-04-21,shanghai,Shanghai International Circuit,bottas,BOT,Valtteri Bottas,sauber,Sauber,77,10,20,R,0,19,Retired,19,1:41.276,193.763,kph
2024,6,Miami Grand Prix,2024-05-05,miami,Miami International Autodrome,norris,NOR,Lando Norris,mclaren,McLaren,4,5,1,1,25,57,Finished,5,1:30.980,214.148,kph
2024,6,Miami Grand Prix,2024-05-05,miami,Miami International Autodrome,max_verstappen,VER,Max Verstappen,red_bull,Red Bull,1,1,2,2,18,57,Finished,8,1:31.261,213.488,kph
2024,6,Miami Grand Prix,2024-05-05,miami,Miami International Autodrome,leclerc,LEC,Charles Leclerc,ferrari,Ferrari,16,2,3,3,15,57,Finished,6,1:31.084,213.903,kph
2024,6,Miami Grand Prix,2024-05-05,miami,Miami International Autodrome,perez,PER,Sergio Pérez,red_bull,Red Bull,11,4,4,4,12,57,Finished,3,1:30.855,214.442,kph
2024,6,Miami Grand Prix,2024-05-05,miami,Miami International Autodrome,sainz,SAI,Carlos Sainz,ferrari,Ferrari,55,3,5,5,10,57,Finished,4,1:30.928,214.270,kph
2024,6,Miami Grand Prix,2024-05-05,miami,Miami International Autodrome,hamilton,HAM,Lewis Hamilton,mercedes,Mercedes,44,8,6,6,8,57,Finished,7,1:31.233,213.554,kph
2024,6,Miami Grand Prix,2024-05-05,miami,Miami International Autodrome,tsunoda,TSU,Yuki Tsunoda,rb,RB F1 Team,22,10,7,7,6,57,Finished,10,1:31.682,212.508,kph
2024,6,Miami Grand Prix,2024-05-05,miami,Miami International Autodrome,russell,RUS,George Russell,mercedes,Mercedes,63,7,8,8,4,57,Finished,13,1:31.921,211.955,kph
2024,6,Miami Grand Prix,2024-05-05,miami,Miami International Autodrome,alonso,ALO,Fernando Alonso,aston_martin,Aston Martin,14,15,9,9,2,57,Finished,11,1:31.727,212.404,kph
2024,6,Miami Grand Prix,2024-05-05,miami,Miami International Autodrome,ocon,OCO,Esteban Ocon,alpine,Alpine F1 Team,31,13,10,10,1,57,Finished,16,1:32.037,211.688,kph
2024,6,Miami Grand Prix,2024-05-05,miami,Miami International Autodrome,hulkenberg,HUL,Nico Hülkenberg,haas,Haas F1 Team,27,9,11,11,0,57,Finished,14,1:31.941,211.909,kph
2024,6,Miami Grand Prix,2024-05-05,miami,Miami International Autodrome,gasly,GAS,Pierre Gasly,alpine,Alpine F1 Team,10,12,12,12,0,57,Finished,17,1:32.055,211.647,kph
2024,6,Miami Grand Prix,2024-05-05,miami,Miami International Autodrome,piastri,PIA,Oscar Piastri,mclaren,McLaren,81,6,13,13,0,57,Finished,1,1:30.634,214.965,kph
2024,6,Miami Grand Prix,2024-05-05,miami,Miami International Autodrome,zhou,ZHO,Guanyu Zhou,sauber,Sauber,24,19,14,14,0,57,Finished,15,1:31.991,211.794,kph
2024,6,Miami Grand Prix,2024-05-05,miami,Miami International Autodrome,ricciardo,RIC,Daniel Ricciardo,rb,RB F1 Team,3,20,15,15,0,57,Finished,19,1:32.122,211.493,kph
2024,6,Miami Grand Prix,2024-05-05,miami,Miami International Autodrome,bottas,BOT,Valtteri Bottas,sauber,Sauber,77,16,16,16,0,57,Finished,18,1:32.098,211.548,kph
2024,6,Miami Grand Prix,2024-05-05,miami,Miami International Autodrome,stroll,STR,Lance Stroll,aston_martin,Aston Martin,18,11,17,17,0,57,Finished,9,1:31.588,212.726,kph
2024,6,Miami Grand Prix,2024-05-05,miami,Miami International Autodrome,albon,ALB,Alexander Albon,williams,Williams,23,14,18,18,0,57,Finished,2,1:30.849,214.456,kph
2024,6,Miami Grand Prix,2024-05-05,miami,Miami International Autodrome,kevin_magnussen,MAG,Kevin Magnussen,haas,Haas F1 Team,20,18,19,19,0,57,Finished,12,1:31.774,212.295,kph
2024,6,Miami Grand Prix,2024-05-05,miami,Miami International Autodrome,sargeant,SAR,Logan Sargeant,williams,Williams,2,17,20,R,0,27,Retired,20,1:33.452,208.483,kph
2024,7,Emilia Romagna Grand Prix,2024-05-19,imola,Autodromo Enzo e Dino Ferrari,max_verstappen,VER,Max Verstappen,red_bull,Red Bull,1,1,1,1,25,63,Finished,9,1:20.366,219.898,kph
2024,7,Emilia Romagna Grand Prix,2024-05-19,imola,Autodromo Enzo e Dino Ferrari,norris,NOR,Lando Norris,mclaren,McLaren,4,2,2,2,18,63,Finished,6,1:19.994,220.921,kph
2024,7,Emilia Romagna Grand Prix,2024-05-19,imola,Autodromo Enzo e Dino Ferrari,leclerc,LEC,Charles Leclerc,ferrari,Ferrari,16,3,3,3,15,63,Finished,5,1:19.935,221.084,kph
2024,7,Emilia Romagna Grand Prix,2024-05-19,imola,Autodromo Enzo e Dino Ferrari,piastri,PIA,Oscar Piastri,mclaren,McLaren,81,5,4,4,12,63,Finished,4,1:19.907,221.162,kph
2024,7,Emilia Romagna Grand Prix,2024-05-19,imola,Autodromo Enzo e Dino Ferrari,sainz,SAI,Carlos Sainz,ferrari,Ferrari,55,4,5,5,10,63,Finished,7,1:20.220,220.299,kph
2024,7,Emilia Romagna Grand Prix,2024-05-19,imola,Autodromo Enzo e Dino Ferrari,hamilton,HAM,Lewis Hamilton,mercedes,Mercedes,44,8,6,6,8,63,Finished,8,1:20.331,219.994,kph
2024,7,Emilia Romagna Grand Prix,2024-05-19,imola,Autodromo Enzo e Dino Ferrari,russell,RUS,George Russell,mercedes,Mercedes,63,6,7,7,7,63,Finished,1,1:18.589,224.871,kph
2024,7,Emilia Romagna Grand Prix,2024-05-19,imola,Autodromo Enzo e Dino Ferrari,perez,PER,Sergio Pérez,red_bull,Red Bull,11,11,8,8,4,63,Finished,3,1:19.686,221.775,kph
2024,7,Emilia Romagna Grand Prix,2024-05-19,imola,Autodromo Enzo e Dino Ferrari,stroll,STR,Lance Stroll,aston_martin,Aston Martin,18,13,9,9,2,63,Finished,10,1:20.570,219.342,kph
2024,7,Emilia Romagna Grand Prix,2024-05-19,imola,Autodromo Enzo e Dino Ferrari,tsunoda,TSU,Yuki Tsunoda,rb,RB F1 Team,22,7,10,10,1,62,Lapped,11,1:20.936,218.350,kph
2024,7,Emilia Romagna Grand Prix,2024-05-19,imola,Autodromo Enzo e Dino Ferrari,hulkenberg,HUL,Nico Hülkenberg,haas,Haas F1 Team,27,10,11,11,0,62,Lapped,20,1:21.700,216.308,kph
2024,7,Emilia Romagna Grand Prix,2024-05-19,imola,Autodromo Enzo e Dino Ferrari,kevin_magnussen,MAG,Kevin Magnussen,haas,Haas F1 Team,20,18,12,12,0,62,Lapped,12,1:21.009,218.153,kph
2024,7,Emilia Romagna Grand Prix,2024-05-19,imola,Autodromo Enzo e Dino Ferrari,ricciardo,RIC,Daniel Ricciardo,rb,RB F1 Team,3,9,13,13,0,62,Lapped,19,1:21.569,216.655,kph
2024,7,Emilia Romagna Grand Prix,2024-05-19,imola,Autodromo Enzo e Dino Ferrari,ocon,OCO,Esteban Ocon,alpine,Alpine F1 Team,31,12,14,14,0,62,Lapped,16,1:21.304,217.361,kph
2024,7,Emilia Romagna Grand Prix,2024-05-19,imola,Autodromo Enzo e Dino Ferrari,zhou,ZHO,Guanyu Zhou,sauber,Sauber,24,17,15,15,0,62,Lapped,13,1:21.016,218.134,kph
2024,7,Emilia Romagna Grand Prix,2024-05-19,imola,Autodromo Enzo e Dino Ferrari,gasly,GAS,Pierre Gasly,alpine,Alpine F1 Team,10,15,16,16,0,62,Lapped,17,1:21.371,217.183,kph
2024,7,Emilia Romagna Grand Prix,2024-05-19,imola,Autodromo Enzo e Dino Ferrari,sargeant,SAR,Logan Sargeant,williams,Williams,2,19,17,17,0,62,Lapped,14,1:21.229,217.562,kph
2024,7,Emilia Romagna Grand Prix,2024-05-19,imola,Autodromo Enzo e Dino Ferrari,bottas,BOT,Valtteri Bottas,sauber,Sauber,77,16,18,18,0,62,Lapped,18,1:21.455,216.959,kph
2024,7,Emilia Romagna Grand Prix,2024-05-19,imola,Autodromo Enzo e Dino Ferrari,alonso,ALO,Fernando Alonso,aston_martin,Aston Martin,14,20,19,19,0,62,Lapped,2,1:19.004,223.689,kph
2024,7,Emilia Romagna Grand Prix,2024-05-19,imola,Autodromo Enzo e Dino Ferrari,albon,ALB,Alexander Albon,williams,Williams,23,14,20,R,0,51,Retired,15,1:21.274,217.442,kph
2024,8,Monaco Grand Prix,2024-05-26,monaco,Circuit de Monaco,leclerc,LEC,Charles Leclerc,ferrari,Ferrari,16,1,1,1,25,78,Finished,6,1:15.162,,
2024,8,Monaco Grand Prix,2024-05-26,monaco,Circuit de Monaco,piastri,PIA,Oscar Piastri,mclaren,McLaren,81,2,2,2,18,78,Finished,11,1:16.281,,
2024,8,Monaco Grand Prix,2024-05-26,monaco,Circuit de Monaco,sainz,SAI,Carlos Sainz,ferrari,Ferrari,55,3,3,3,15,78,Finished,5,1:14.726,,
2024,8,Monaco Grand Prix,2024-05-26,monaco,Circuit de Monaco,norris,NOR,Lando Norris,mclaren,McLaren,4,4,4,4,12,78,Finished,10,1:15.742,,
2024,8,Monaco Grand Prix,2024-05-26,monaco,Circuit de Monaco,russell,RUS,George Russell,mercedes,Mercedes,63,5,5,5,10,78,Finished,7,1:15.228,,
2024,8,Monaco Grand Prix,2024-05-26,monaco,Circuit de Monaco,max_verstappen,VER,Max Verstappen,red_bull,Red Bull,1,6,6,6,8,78,Finished,2,1:14.569,,
2024,8,Monaco Grand Prix,2024-05-26,monaco,Circuit de Monaco,hamilton,HAM,Lewis Hamilton,mercedes,Mercedes,44,7,7,7,7,78,Finished,1,1:14.165,,
2024,8,Monaco Grand Prix,2024-05-26,monaco,Circuit de Monaco,tsunoda,TSU,Yuki Tsunoda,rb,RB F1 Team,22,8,8,8,4,77,Lapped,4,1:14.720,,
2024,8,Monaco Grand Prix,2024-05-26,monaco,Circuit de Monaco,albon,ALB,Alexander Albon,williams,Williams,23,9,9,9,2,77,Lapped,14,1:17.060,,
2024,8,Monaco Grand Prix,2024-05-26,monaco,Circuit de Monaco,gasly,GAS,Pierre Gasly,alpine,Alpine F1 Team,10,10,10,10,1,77,Lapped,9,1:15.625,,
2024,8,Monaco Grand Prix,2024-05-26,monaco,Circuit de Monaco,alonso,ALO,Fernando Alonso,aston_martin,Aston Martin,14,14,11,11,0,76,Lapped,16,1:17.939,,
2024,8,Monaco Grand Prix,2024-05-26,monaco,Circuit de Monaco,ricciardo,RIC,Daniel Ricciardo,rb,RB F1 Team,3,12,12,12,0,76,Lapped,15,1:17.172,,
2024,8,Monaco Grand Prix,2024-05-26,monaco,Circuit de Monaco,bottas,BOT,Valtteri Bottas,sauber,Sauber,77,17,13,13,0,76,Lapped,12,1:16.561,,
2024,8,Monaco Grand Prix,2024-05-26,monaco,Circuit de Monaco,stroll,STR,Lance Stroll,aston_martin,Aston Martin,18,13,14,14,0,76,Lapped,13,1:16.710,,
2024,8,Monaco Grand Prix,2024-05-26,monaco,Circuit de Monaco,sargeant,SAR,Logan Sargeant,williams,Williams,2,15,15,15,0,76,Lapped,8,1:15.525,,
2024,8,Monaco Grand Prix,2024-05-26,monaco,Circuit de Monaco,zhou,ZHO,Guanyu Zhou,sauber,Sauber,24,18,16,16,0,76,Lapped,3,1:14.718,,
2024,8,Monaco Grand Prix,2024-05-26,monaco,Circuit de Monaco,ocon,OCO,Esteban Ocon,alpine,Alpine F1 Team,31,11,17,R,0,0,Retired,,,,
2024,8,Monaco Grand Prix,2024-05-26,monaco,Circuit de Monaco,perez,PER,Sergio Pérez,red_bull,Red Bull,11,16,18,R,0,0,Retired,,,,
2024,8,Monaco Grand Prix,2024-05-26,monaco,Circuit de Monaco,hulkenberg,HUL,Nico Hülkenberg,haas,Haas F1 Team,27,19,19,R,0,0,Retired,,,,
2024,8,Monaco Grand Prix,2024-05-26,monaco,Circuit de Monaco,kevin_magnussen,MAG,Kevin Magnussen,haas,Haas F1 Team,20,20,20,R,0,0,Retired,,,,
2024,9,Canadian Grand Prix,2024-06-09,villeneuve,Circuit Gilles Villeneuve,max_verstappen,VER,Max Verstappen,red_bull,Red Bull,1,2,1,1,25,70,Finished,4,1:15.569,207.751,kph
2024,9,Canadian Grand Prix,2024-06-09,villeneuve,Circuit Gilles Villeneuve,norris,NOR,Lando Norris,mclaren,McLaren,4,3,2,2,18,70,Finished,3,1:15.558,207.782,kph
2024,9,Canadian Grand Prix,2024-06-09,villeneuve,Circuit Gilles Villeneuve,russell,RUS,George Russell,mercedes,Mercedes,63,1,3,3,15,70,Finished,2,1:14.895,209.621,kph
2024,9,Canadian Grand Prix,2024-06-09,villeneuve,Circuit Gilles Villeneuve,hamilton,HAM,Lewis Hamilton,mercedes,Mercedes,44,7,4,4,13,70,Finished,1,1:14.856,209.730,kph
2024,9,Canadian Grand Prix,2024-06-09,villeneuve,Circuit Gilles Villeneuve,piastri,PIA,Oscar Piastri,mclaren,McLaren,81,4,5,5,10,70,Finished,5,1:16.247,205.904,kph
2024,9,Canadian Grand Prix,2024-06-09,villeneuve,Circuit Gilles Villeneuve,alonso,ALO,Fernando Alonso,aston_martin,Aston Martin,14,6,6,6,8,70,Finished,6,1:16.303,205.753,kph
2024,9,Canadian Grand Prix,2024-06-09,villeneuve,Circuit Gilles Villeneuve,stroll,STR,Lance Stroll,aston_martin,Aston Martin,18,9,7,7,6,70,Finished,9,1:16.762,204.523,kph
2024,9,Canadian Grand Prix,2024-06-09,villeneuve,Circuit Gilles Villeneuve,ricciardo,RIC,Daniel Ricciardo,rb,RB F1 Team,3,5,8,8,4,70,Finished,12,1:17.076,203.689,kph
2024,9,Canadian Grand Prix,2024-06-09,villeneuve,Circuit Gilles Villeneuve,gasly,GAS,Pierre Gasly,alpine,Alpine F1 Team,10,15,9,9,2,70,Finished,11,1:17.013,203.856,kph
2024,9,Canadian Grand Prix,2024-06-09,villeneuve,Circuit Gilles Villeneuve,ocon,OCO,Esteban Ocon,alpine,Alpine F1 Team,31,18,10,10,1,70,Finished,10,1:17.012,203.859,kph
2024,9,Canadian Grand Prix,2024-06-09,villeneuve,Circuit Gilles Villeneuve,hulkenberg,HUL,Nico Hülkenberg,haas,Haas F1 Team,27,17,11,11,0,70,Finished,8,1:16.683,204.733,kph
2024,9,Canadian Grand Prix,2024-06-09,villeneuve,Circuit Gilles Villeneuve,kevin_magnussen,MAG,Kevin Magnussen,haas,Haas F1 Team,20,14,12,12,0,70,Finished,7,1:16.499,205.226,kph
2024,9,Canadian Grand Prix,2024-06-09,villeneuve,Circuit Gilles Villeneuve,bottas,BOT,Valtteri Bottas,sauber,Sauber,77,19,13,13,0,70,Finished,13,1:17.250,203.231,kph
2024,9,Canadian Grand Prix,2024-06-09,villeneuve,Circuit Gilles Villeneuve,tsunoda,TSU,Yuki Tsunoda,rb,RB F1 Team,22,8,14,14,0,70,Finished,14,1:17.309,203.075,kph
2024,9,Canadian Grand Prix,2024-06-09,villeneuve,Circuit Gilles Villeneuve,zhou,ZHO,Guanyu Zhou,sauber,Sauber,24,20,15,15,0,69,Lapped,15,1:17.325,203.033,kph
2024,9,Canadian Grand Prix,2024-06-09,villeneuve,Circuit Gilles Villeneuve,sainz,SAI,Carlos Sainz,ferrari,Ferrari,55,12,16,R,0,52,Retired,17,1:18.957,198.837,kph
2024,9,Canadian Grand Prix,2024-06-09,villeneuve,Circuit Gilles Villeneuve,albon,ALB,Alexander Albon,williams,Williams,23,10,17,R,0,52,Retired,18,1:19.359,197.830,kph
2024,9,Canadian Grand Prix,2024-06-09,villeneuve,Circuit Gilles Villeneuve,perez,PER,Sergio Pérez,red_bull,Red Bull,11,16,18,R,0,51,Retired,16,1:18.819,199.185,kph
2024,9,Canadian Grand Prix,2024-06-09,villeneuve,Circuit Gilles Villeneuve,leclerc,LEC,Charles Leclerc,ferrari,Ferrari,16,11,19,R,0,40,Retired,19,1:26.012,182.528,kph
2024,9,Canadian Grand Prix,2024-06-09,villeneuve,Circuit Gilles Villeneuve,sargeant,SAR,Logan Sargeant,williams,Williams,2,13,20,R,0,23,Retired,20,1:26.484,181.531,kph
2024,10,Spanish Grand Prix,2024-06-23,catalunya,Circuit de Barcelona-Catalunya,max_verstappen,VER,Max Verstappen,red_bull,Red Bull,1,2,1,1,25,66,Finished,2,1:17.776,215.557,kph
2024,10,Spanish Grand Prix,2024-06-23,catalunya,Circuit de Barcelona-Catalunya,norris,NOR,Lando Norris,mclaren,McLaren,4,1,2,2,19,66,Finished,1,1:17.115,217.405,kph
2024,10,Spanish Grand Prix,2024-06-23,catalunya,Circuit de Barcelona-Catalunya,hamilton,HAM,Lewis Hamilton,mercedes,Mercedes,44,3,3,3,15,66,Finished,4,1:17.809,215.466,kph
2024,10,Spanish Grand Prix,2024-06-23,catalunya,Circuit de Barcelona-Catalunya,russell,RUS,George Russell,mercedes,Mercedes,63,4,4,4,12,66,Finished,7,1:18.290,214.142,kph
2024,10,Spanish Grand Prix,2024-06-23,catalunya,Circuit de Barcelona-Catalunya,leclerc,LEC,Charles Leclerc,ferrari,Ferrari,16,5,5,5,10,66,Finished,6,1:17.897,215.222,kph
2024,10,Spanish Grand Prix,2024-06-23,catalunya,Circuit de Barcelona-Catalunya,sainz,SAI,Carlos Sainz,ferrari,Ferrari,55,6,6,6,8,66,Finished,9,1:18.539,213.463,kph
2024,10,Spanish Grand Prix,2024-06-23,catalunya,Circuit de Barcelona-Catalunya,piastri,PIA,Oscar Piastri,mclaren,McLaren,81,9,7,7,6,66,Finished,5,1:17.874,215.286,kph
2024,10,Spanish Grand Prix,2024-06-23,catalunya,Circuit de Barcelona-Catalunya,perez,PER,Sergio Pérez,red_bull,Red Bull,11,11,8,8,4,66,Finished,3,1:17.785,215.532,kph
2024,10,Spanish Grand Prix,2024-06-23,catalunya,Circuit de Barcelona-Catalunya,gasly,GAS,Pierre Gasly,alpine,Alpine F1 Team,10,7,9,9,2,66,Finished,13,1:19.045,212.096,kph
2024,10,Spanish Grand Prix,2024-06-23,catalunya,Circuit de Barcelona-Catalunya,ocon,OCO,Esteban Ocon,alpine,Alpine F1 Team,31,8,10,10,1,66,Finished,12,1:18.982,212.266,kph
2024,10,Spanish Grand Prix,2024-06-23,catalunya,Circuit de Barcelona-Catalunya,hulkenberg,HUL,Nico Hülkenberg,haas,Haas F1 Team,27,13,11,11,0,66,Finished,10,1:18.609,213.273,kph
2024,10,Spanish Grand Prix,2024-06-23,catalunya,Circuit de Barcelona-Catalunya,alonso,ALO,Fernando Alonso,aston_martin,Aston Martin,14,10,12,12,0,65,Lapped,8,1:18.334,214.022,kph
2024,10,Spanish Grand Prix,2024-06-23,catalunya,Circuit de Barcelona-Catalunya,zhou,ZHO,Guanyu Zhou,sauber,Sauber,24,15,13,13,0,65,Lapped,11,1:18.771,212.834,kph
2024,10,Spanish Grand Prix,2024-06-23,catalunya,Circuit de Barcelona-Catalunya,stroll,STR,Lance Stroll,aston_martin,Aston Martin,18,14,14,14,0,65,Lapped,15,1:19.318,211.366,kph
2024,10,Spanish Grand Prix,2024-06-23,catalunya,Circuit de Barcelona-Catalunya,ricciardo,RIC,Daniel Ricciardo,rb,RB F1 Team,3,18,15,15,0,65,Lapped,17,1:19.450,211.015,kph
2024,10,Spanish Grand Prix,2024-06-23,catalunya,Circuit de Barcelona-Catalunya,bottas,BOT,Valtteri Bottas,sauber,Sauber,77,12,16,16,0,65,Lapped,18,1:19.608,210.596,kph
2024,10,Spanish Grand Prix,2024-06-23,catalunya,Circuit de Barcelona-Catalunya,kevin_magnussen,MAG,Kevin Magnussen,haas,Haas F1 Team,20,16,17,17,0,65,Lapped,19,1:19.805,210.077,kph
2024,10,Spanish Grand Prix,2024-06-23,catalunya,Circuit de Barcelona-Catalunya,albon,ALB,Alexander Albon,williams,Williams,23,20,18,18,0,65,Lapped,14,1:19.132,211.863,kph
2024,10,Spanish Grand Prix,2024-06-23,catalunya,Circuit de Barcelona-Catalunya,tsunoda,TSU,Yuki Tsunoda,rb,RB F1 Team,22,17,19,19,0,65,Lapped,16,1:19.447,211.023,kph
2024,10,Spanish Grand Prix,2024-06-23,catalunya,Circuit de Barcelona-Catalunya,sargeant,SAR,Logan Sargeant,williams,Williams,2,19,20,20,0,64,Lapped,20,1:20.172,209.115,kph
2024,11,Austrian Grand Prix,2024-06-30,red_bull_ring,Red Bull Ring,russell,RUS,George Russell,mercedes,Mercedes,63,3,1,1,25,71,Finished,5,1:09.164,224.752,kph
2024,11,Austrian Grand Prix,2024-06-30,red_bull_ring,Red Bull Ring,piastri,PIA,Oscar Piastri,mclaren,McLaren,81,7,2,2,18,71,Finished,4,1:08.697,226.280,kph
2024,11,Austrian Grand Prix,2024-06-30,red_bull_ring,Red Bull Ring,sainz,SAI,Carlos Sainz,ferrari,Ferrari,55,4,3,3,15,71,Finished,6,1:09.282,224.369,kph
2024,11,Austrian Grand Prix,2024-06-30,red_bull_ring,Red Bull Ring,hamilton,HAM,Lewis Hamilton,mercedes,Mercedes,44,5,4,4,12,71,Finished,7,1:09.562,223.466,kph
2024,11,Austrian Grand Prix,2024-06-30,red_bull_ring,Red Bull Ring,max_verstappen,VER,Max Verstappen,red_bull,Red Bull,1,1,5,5,10,71,Finished,2,1:07.719,229.548,kph
2024,11,Austrian Grand Prix,2024-06-30,red_bull_ring,Red Bull Ring,hulkenberg,HUL,Nico Hülkenberg,haas,Haas F1 Team,27,9,6,6,8,71,Finished,14,1:10.215,221.388,kph
2024,11,Austrian Grand Prix,2024-06-30,red_bull_ring,Red Bull Ring,perez,PER,Sergio Pérez,red_bull,Red Bull,11,8,7,7,6,71,Finished,11,1:09.694,223.043,kph
2024,11,Austrian Grand Prix,2024-06-30,red_bull_ring,Red Bull Ring,kevin_magnussen,MAG,Kevin Magnussen,haas,Haas F1 Team,20,12,8,8,4,71,Finished,12,1:10.125,221.672,kph
2024,11,Austrian Grand Prix,2024-06-30,red_bull_ring,Red Bull Ring,ricciardo,RIC,Daniel Ricciardo,rb,RB F1 Team,3,11,9,9,2,71,Finished,18,1:10.426,220.725,kph
2024,11,Austrian Grand Prix,2024-06-30,red_bull_ring,Red Bull Ring,gasly,GAS,Pierre Gasly,alpine,Alpine F1 Team,10,13,10,10,1,71,Finished,9,1:09.609,223.315,kph
2024,11,Austrian Grand Prix,2024-06-30,red_bull_ring,Red Bull Ring,leclerc,LEC,Charles Leclerc,ferrari,Ferrari,16,6,11,11,0,71,Finished,8,1:09.584,223.396,kph
2024,11,Austrian Grand Prix,2024-06-30,red_bull_ring,Red Bull Ring,ocon,OCO,Esteban Ocon,alpine,Alpine F1 Team,31,10,12,12,0,71,Finished,10,1:09.649,223.187,kph
2024,11,Austrian Grand Prix,2024-06-30,red_bull_ring,Red Bull Ring,stroll,STR,Lance Stroll,aston_martin,Aston Martin,18,17,13,13,0,70,Lapped,13,1:10.143,221.615,kph
2024,11,Austrian Grand Prix,2024-06-30,red_bull_ring,Red Bull Ring,tsunoda,TSU,Yuki Tsunoda,rb,RB F1 Team,22,14,14,14,0,70,Lapped,15,1:10.318,221.064,kph
2024,11,Austrian Grand Prix,2024-06-30,red_bull_ring,Red Bull Ring,albon,ALB,Alexander Albon,williams,Williams,23,16,15,15,0,70,Lapped,16,1:10.364,220.919,kph
2024,11,Austrian Grand Prix,2024-06-30,red_bull_ring,Red Bull Ring,bottas,BOT,Valtteri Bottas,sauber,Sauber,77,18,16,16,0,70,Lapped,19,1:10.449,220.653,kph
2024,11,Austrian Grand Prix,2024-06-30,red_bull_ring,Red Bull Ring,zhou,ZHO,Guanyu Zhou,sauber,Sauber,24,20,17,17,0,70,Lapped,20,1:10.470,220.587,kph
2024,11,Austrian Grand Prix,2024-06-30,red_bull_ring,Red Bull Ring,alonso,ALO,Fernando Alonso,aston_martin,Aston Martin,14,15,18,18,0,70,Lapped,1,1:07.694,229.633,kph
2024,11,Austrian Grand Prix,2024-06-30,red_bull_ring,Red Bull Ring,sargeant,SAR,Logan Sargeant,williams,Williams,2,19,19,19,0,69,Lapped,17,1:10.406,220.788,kph
2024,11,Austrian Grand Prix,2024-06-30,red_bull_ring,Red Bull Ring,norris,NOR,Lando Norris,mclaren,McLaren,4,2,20,20,0,64,Lapped,3,1:08.016,228.546,kph
2024,12,British Grand Prix,2024-07-07,silverstone,Silverstone Circuit,hamilton,HAM,Lewis Hamilton,mercedes,Mercedes,44,2,1,1,25,52,Finished,5,1:29.438,237.120,kph
2024,12,British Grand Prix,2024-07-07,silverstone,Silverstone Circuit,max_verstappen,VER,Max Verstappen,red_bull,Red Bull,1,4,2,2,18,52,Finished,3,1:28.952,238.416,kph
2024,12,British Grand Prix,2024-07-07,silverstone,Silverstone Circuit,norris,NOR,Lando Norris,mclaren,McLaren,4,3,3,3,15,52,Finished,4,1:29.262,237.588,kph
2024,12,British Grand Prix,2024-07-07,silverstone,Silverstone Circuit,piastri,PIA,Oscar Piastri,mclaren,McLaren,81,5,4,4,12,52,Finished,2,1:28.748,238.964,kph
2024,12,British Grand Prix,2024-07-07,silverstone,Silverstone Circuit,sainz,SAI,Carlos Sainz,ferrari,Ferrari,55,7,5,5,11,52,Finished,1,1:28.293,240.195,kph
2024,12,British Grand Prix,2024-07-07,silverstone,Silverstone Circuit,hulkenberg,HUL,Nico Hülkenberg,haas,Haas F1 Team,27,6,6,6,8,52,Finished,10,1:29.836,236.070,kph
2024,12,British Grand Prix,2024-07-07,silverstone,Silverstone Circuit,stroll,STR,Lance Stroll,aston_martin,Aston Martin,18,8,7,7,6,52,Finished,11,1:29.897,235.909,kph
2024,12,British Grand Prix,2024-07-07,silverstone,Silverstone Circuit,alonso,ALO,Fernando Alonso,aston_martin,Aston Martin,14,10,8,8,4,52,Finished,7,1:29.710,236.401,kph
2024,12,British Grand Prix,2024-07-07,silverstone,Silverstone Circuit,albon,ALB,Alexander Albon,williams,Williams,23,9,9,9,2,52,Finished,8,1:29.718,236.380,kph
2024,12,British Grand Prix,2024-07-07,silverstone,Silverstone Circuit,tsunoda,TSU,Yuki Tsunoda,rb,RB F1 Team,22,13,10,10,1,52,Finished,14,1:30.229,235.041,kph
2024,12,British Grand Prix,2024-07-07,silverstone,Silverstone Circuit,sargeant,SAR,Logan Sargeant,williams,Williams,2,12,11,11,0,52,Finished,12,1:29.972,235.713,kph
2024,12,British Grand Prix,2024-07-07,silverstone,Silverstone Circuit,kevin_magnussen,MAG,Kevin Magnussen,haas,Haas F1 Team,20,17,12,12,0,52,Finished,13,1:30.093,235.396,kph
2024,12,British Grand Prix,2024-07-07,silverstone,Silverstone Circuit,ricciardo,RIC,Daniel Ricciardo,rb,RB F1 Team,3,15,13,13,0,51,Lapped,15,1:30.735,233.731,kph
2024,12,British Grand Prix,2024-07-07,silverstone,Silverstone Circuit,leclerc,LEC,Charles Leclerc,ferrari,Ferrari,16,11,14,14,0,51,Lapped,9,1:29.748,236.301,kph
2024,12,British Grand Prix,2024-07-07,silverstone,Silverstone Circuit,bottas,BOT,Valtteri Bottas,sauber,Sauber,77,16,15,15,0,51,Lapped,18,1:31.277,232.343,kph
2024,12,British Grand Prix,2024-07-07,silverstone,Silverstone Circuit,ocon,OCO,Esteban Ocon,alpine,Alpine F1 Team,31,18,16,16,0,50,Lapped,16,1:30.875,233.371,kph
2024,12,British Grand Prix,2024-07-07,silverstone,Silverstone Circuit,perez,PER,Sergio Pérez,red_bull,Red Bull,11,20,17,17,0,50,Lapped,6,1:29.707,236.409,kph
2024,12,British Grand Prix,2024-07-07,silverstone,Silverstone Circuit,zhou,ZHO,Guanyu Zhou,sauber,Sauber,24,14,18,18,0,50,Lapped,17,1:31.014,233.014,kph
2024,12,British Grand Prix,2024-07-07,silverstone,Silverstone Circuit,russell,RUS,George Russell,mercedes,Mercedes,63,1,19,R,0,33,Retired,19,1:31.298,232.289,kph
2024,12,British Grand Prix,2024-07-07,silverstone,Silverstone Circuit,gasly,GAS,Pierre Gasly,alpine,Alpine F1 Team,10,19,20,W,0,0,Did not start,,,,
2024,13,Hungarian Grand Prix,2024-07-21,hungaroring,Hungaroring,piastri,PIA,Oscar Piastri,mclaren,McLaren,81,2,1,1,25,70,Finished,8,1:21.716,193.005,kph
2024,13,Hungarian Grand Prix,2024-07-21,hungaroring,Hungaroring,norris,NOR,Lando Norris,mclaren,McLaren,4,1,2,2,18,70,Finished,7,1:21.712,193.014,kph
2024,13,Hungarian Grand Prix,2024-07-21,hungaroring,Hungaroring,hamilton,HAM,Lewis Hamilton,mercedes,Mercedes,44,5,3,3,15,70,Finished,9,1:22.153,191.978,kph
2024,13,Hungarian Grand Prix,2024-07-21,hungaroring,Hungaroring,leclerc,LEC,Charles Leclerc,ferrari,Ferrari,16,6,4,4,12,70,Finished,10,1:22.182,191.910,kph
2024,13,Hungarian Grand Prix,2024-07-21,hungaroring,Hungaroring,max_verstappen,VER,Max Verstappen,red_bull,Red Bull,1,3,5,5,10,70,Finished,3,1:20.908,194.932,kph
2024,13,Hungarian Grand Prix,2024-07-21,hungaroring,Hungaroring,sainz,SAI,Carlos Sainz,ferrari,Ferrari,55,4,6,6,8,70,Finished,5,1:21.441,193.656,kph
2024,13,Hungarian Grand Prix,2024-07-21,hungaroring,Hungaroring,perez,PER,Sergio Pérez,red_bull,Red Bull,11,16,7,7,6,70,Finished,4,1:21.096,194.480,kph
2024,13,Hungarian Grand Prix,2024-07-21,hungaroring,Hungaroring,russell,RUS,George Russell,mercedes,Mercedes,63,17,8,8,5,70,Finished,1,1:20.305,196.396,kph
2024,13,Hungarian Grand Prix,2024-07-21,hungaroring,Hungaroring,tsunoda,TSU,Yuki Tsunoda,rb,RB F1 Team,22,10,9,9,2,70,Finished,18,1:23.533,188.806,kph
2024,13,Hungarian Grand Prix,2024-07-21,hungaroring,Hungaroring,stroll,STR,Lance Stroll,aston_martin,Aston Martin,18,8,10,10,1,70,Finished,11,1:22.338,191.547,kph
2024,13,Hungarian Grand Prix,2024-07-21,hungaroring,Hungaroring,alonso,ALO,Fernando Alonso,aston_martin,Aston Martin,14,7,11,11,0,70,Finished,14,1:23.063,189.875,kph
2024,13,Hungarian Grand Prix,2024-07-21,hungaroring,Hungaroring,ricciardo,RIC,Daniel Ricciardo,rb,RB F1 Team,3,9,12,12,0,69,Lapped,12,1:22.640,190.847,kph
2024,13,Hungarian Grand Prix,2024-07-21,hungaroring,Hungaroring,hulkenberg,HUL,Nico Hülkenberg,haas,Haas F1 Team,27,11,13,13,0,69,Lapped,16,1:23.461,188.969,kph
2024,13,Hungarian Grand Prix,2024-07-21,hungaroring,Hungaroring,albon,ALB,Alexander Albon,williams,Williams,23,13,14,14,0,69,Lapped,20,1:23.930,187.913,kph
2024,13,Hungarian Grand Prix,2024-07-21,hungaroring,Hungaroring,kevin_magnussen,MAG,Kevin Magnussen,haas,Haas F1 Team,20,15,15,15,0,69,Lapped,19,1:23.553,188.761,kph
2024,13,Hungarian Grand Prix,2024-07-21,hungaroring,Hungaroring,bottas,BOT,Valtteri Bottas,sauber,Sauber,77,12,16,16,0,69,Lapped,13,1:22.792,190.496,kph
2024,13,Hungarian Grand Prix,2024-07-21,hungaroring,Hungaroring,sargeant,SAR,Logan Sargeant,williams,Williams,2,14,17,17,0,69,Lapped,2,1:20.561,195.772,kph
2024,13,Hungarian Grand Prix,2024-07-21,hungaroring,Hungaroring,ocon,OCO,Esteban Ocon,alpine,Alpine F1 Team,31,19,18,18,0,69,Lapped,6,1:21.610,193.255,kph
2024,13,Hungarian Grand Prix,2024-07-21,hungaroring,Hungaroring,zhou,ZHO,Guanyu Zhou,sauber,Sauber,24,18,19,19,0,69,Lapped,17,1:23.487,188.910,kph
2024,13,Hungarian Grand Prix,2024-07-21,hungaroring,Hungaroring,gasly,GAS,Pierre Gasly,alpine,Alpine F1 Team,10,20,20,R,0,33,Retired,15,1:23.340,189.244,kph
2024,14,Belgian Grand Prix,2024-07-28,spa,Circuit de Spa-Francorchamps,hamilton,HAM,Lewis Hamilton,mercedes,Mercedes,44,3,1,1,25,44,Finished,6,1:46.653,236.415,kph
2024,14,Belgian Grand Prix,2024-07-28,spa,Circuit de Spa-Francorchamps,piastri,PIA,Oscar Piastri,mclaren,McLaren,81,5,2,2,18,44,Finished,3,1:45.840,238.231,kph
2024,14,Belgian Grand Prix,2024-07-28,spa,Circuit de Spa-Francorchamps,leclerc,LEC,Charles Leclerc,ferrari,Ferrari,16,1,3,3,15,44,Finished,8,1:47.013,235.619,kph
2024,14,Belgian Grand Prix,2024-07-28,spa,Circuit de Spa-Francorchamps,max_verstappen,VER,Max Verstappen,red_bull,Red Bull,1,11,4,4,12,44,Finished,4,1:46.128,237.584,kph
2024,14,Belgian Grand Prix,2024-07-28,spa,Circuit de Spa-Francorchamps,norris,NOR,Lando Norris,mclaren,McLaren,4,4,5,5,10,44,Finished,2,1:45.563,238.856,kph
2024,14,Belgian Grand Prix,2024-07-28,spa,Circuit de Spa-Francorchamps,sainz,SAI,Carlos Sainz,ferrari,Ferrari,55,7,6,6,8,44,Finished,5,1:46.364,237.057,kph
2024,14,Belgian Grand Prix,2024-07-28,spa,Circuit de Spa-Francorchamps,perez,PER,Sergio Pérez,red_bull,Red Bull,11,2,7,7,7,44,Finished,1,1:44.701,240.822,kph
2024,14,Belgian Grand Prix,2024-07-28,spa,Circuit de Spa-Francorchamps,alonso,ALO,Fernando Alonso,aston_martin,Aston Martin,14,8,8,8,4,44,Finished,17,1:48.051,233.356,kph
2024,14,Belgian Grand Prix,2024-07-28,spa,Circuit de Spa-Francorchamps,ocon,OCO,Esteban Ocon,alpine,Alpine F1 Team,31,9,9,9,2,44,Finished,7,1:46.957,235.743,kph
2024,14,Belgian Grand Prix,2024-07-28,spa,Circuit de Spa-Francorchamps,ricciardo,RIC,Daniel Ricciardo,rb,RB F1 Team,3,13,10,10,1,44,Finished,12,1:47.435,234.694,kph
2024,14,Belgian Grand Prix,2024-07-28,spa,Circuit de Spa-Francorchamps,stroll,STR,Lance Stroll,aston_martin,Aston Martin,18,15,11,11,0,44,Finished,18,1:48.105,233.239,kph
2024,14,Belgian Grand Prix,2024-07-28,spa,Circuit de Spa-Francorchamps,albon,ALB,Alexander Albon,williams,Williams,23,10,12,12,0,44,Finished,16,1:47.996,233.475,kph
2024,14,Belgian Grand Prix,2024-07-28,spa,Circuit de Spa-Francorchamps,gasly,GAS,Pierre Gasly,alpine,Alpine F1 Team,10,12,13,13,0,44,Finished,11,1:47.418,234.731,kph
2024,14,Belgian Grand Prix,2024-07-28,spa,Circuit de Spa-Francorchamps,kevin_magnussen,MAG,Kevin Magnussen,haas,Haas F1 Team,20,17,14,14,0,44,Finished,14,1:47.848,233.795,kph
2024,14,Belgian Grand Prix,2024-07-28,spa,Circuit de Spa-Francorchamps,bottas,BOT,Valtteri Bottas,sauber,Sauber,77,14,15,15,0,44,Finished,9,1:47.019,235.606,kph
2024,14,Belgian Grand Prix,2024-07-28,spa,Circuit de Spa-Francorchamps,tsunoda,TSU,Yuki Tsunoda,rb,RB F1 Team,22,20,16,16,0,44,Finished,15,1:47.969,233.533,kph
2024,14,Belgian Grand Prix,2024-07-28,spa,Circuit de Spa-Francorchamps,sargeant,SAR,Logan Sargeant,williams,Williams,2,18,17,17,0,44,Finished,13,1:47.490,234.574,kph
2024,14,Belgian Grand Prix,2024-07-28,spa,Circuit de Spa-Francorchamps,hulkenberg,HUL,Nico Hülkenberg,haas,Haas F1 Team,27,16,18,18,0,44,Finished,19,1:48.954,231.422,kph
2024,14,Belgian Grand Prix,2024-07-28,spa,Circuit de Spa-Francorchamps,zhou,ZHO,Guanyu Zhou,sauber,Sauber,24,19,19,R,0,5,Retired,20,1:52.099,224.929,kph
2024,14,Belgian Grand Prix,2024-07-28,spa,Circuit de Spa-Francorchamps,russell,RUS,George Russell,mercedes,Mercedes,63,6,20,20,0,44,Disqualified,10,1:47.113,235.399,kph
2024,15,Dutch Grand Prix,2024-08-25,zandvoort,Circuit Park Zandvoort,norris,NOR,Lando Norris,mclaren,McLaren,4,1,1,1,26,72,Finished,1,1:13.817,207.708,kph
2024,15,Dutch Grand Prix,2024-08-25,zandvoort,Circuit Park Zandvoort,max_verstappen,VER,Max Verstappen,red_bull,Red Bull,1,2,2,2,18,72,Finished,9,1:14.752,205.110,kph
2024,15,Dutch Grand Prix,2024-08-25,zandvoort,Circuit Park Zandvoort,leclerc,LEC,Charles Leclerc,ferrari,Ferrari,16,6,3,3,15,72,Finished,7,1:14.585,205.569,kph
2024,15,Dutch Grand Prix,2024-08-25,zandvoort,Circuit Park Zandvoort,piastri,PIA,Oscar Piastri,mclaren,McLaren,81,3,4,4,12,72,Finished,5,1:14.237,206.533,kph
2024,15,Dutch Grand Prix,2024-08-25,zandvoort,Circuit Park Zandvoort,sainz,SAI,Carlos Sainz,ferrari,Ferrari,55,10,5,5,10,72,Finished,4,1:14.117,206.867,kph
2024,15,Dutch Grand Prix,2024-08-25,zandvoort,Circuit Park Zandvoort,perez,PER,Sergio Pérez,red_bull,Red Bull,11,5,6,6,8,72,Finished,8,1:14.587,205.563,kph
2024,15,Dutch Grand Prix,2024-08-25,zandvoort,Circuit Park Zandvoort,russell,RUS,George Russell,mercedes,Mercedes,63,4,7,7,6,72,Finished,3,1:13.927,207.399,kph
2024,15,Dutch Grand Prix,2024-08-25,zandvoort,Circuit Park Zandvoort,hamilton,HAM,Lewis Hamilton,mercedes,Mercedes,44,14,8,8,4,72,Finished,2,1:13.878,207.536,kph
2024,15,Dutch Grand Prix,2024-08-25,zandvoort,Circuit Park Zandvoort,gasly,GAS,Pierre Gasly,alpine,Alpine F1 Team,10,9,9,9,2,71,Lapped,11,1:14.855,204.828,kph
2024,15,Dutch Grand Prix,2024-08-25,zandvoort,Circuit Park Zandvoort,alonso,ALO,Fernando Alonso,aston_martin,Aston Martin,14,7,10,10,1,71,Lapped,10,1:14.758,205.093,kph
2024,15,Dutch Grand Prix,2024-08-25,zandvoort,Circuit Park Zandvoort,hulkenberg,HUL,Nico Hülkenberg,haas,Haas F1 Team,27,12,11,11,0,71,Lapped,18,1:15.657,202.656,kph
2024,15,Dutch Grand Prix,2024-08-25,zandvoort,Circuit Park Zandvoort,ricciardo,RIC,Daniel Ricciardo,rb,RB F1 Team,3,13,12,12,0,71,Lapped,13,1:15.222,203.828,kph
2024,15,Dutch Grand Prix,2024-08-25,zandvoort,Circuit Park Zandvoort,stroll,STR,Lance Stroll,aston_martin,Aston Martin,18,8,13,13,0,71,Lapped,14,1:15.255,203.739,kph
2024,15,Dutch Grand Prix,2024-08-25,zandvoort,Circuit Park Zandvoort,albon,ALB,Alexander Albon,williams,Williams,23,19,14,14,0,71,Lapped,6,1:14.434,205.986,kph
2024,15,Dutch Grand Prix,2024-08-25,zandvoort,Circuit Park Zandvoort,ocon,OCO,Esteban Ocon,alpine,Alpine F1 Team,31,15,15,15,0,71,Lapped,15,1:15.390,203.374,kph
2024,15,Dutch Grand Prix,2024-08-25,zandvoort,Circuit Park Zandvoort,sargeant,SAR,Logan Sargeant,williams,Williams,2,18,16,16,0,71,Lapped,16,1:15.539,202.973,kph
2024,15,Dutch Grand Prix,2024-08-25,zandvoort,Circuit Park Zandvoort,tsunoda,TSU,Yuki Tsunoda,rb,RB F1 Team,22,11,17,17,0,71,Lapped,17,1:15.552,202.938,kph
2024,15,Dutch Grand Prix,2024-08-25,zandvoort,Circuit Park Zandvoort,kevin_magnussen,MAG,Kevin Magnussen,haas,Haas F1 Team,20,20,18,18,0,71,Lapped,12,1:14.954,204.557,kph
2024,15,Dutch Grand Prix,2024-08-25,zandvoort,Circuit Park Zandvoort,bottas,BOT,Valtteri Bottas,sauber,Sauber,77,16,19,19,0,70,Lapped,20,1:15.822,202.215,kph
2024,15,Dutch Grand Prix,2024-08-25,zandvoort,Circuit Park Zandvoort,zhou,ZHO,Guanyu Zhou,sauber,Sauber,24,17,20,20,0,70,Lapped,19,1:15.724,202.477,kph
2024,16,Italian Grand Prix,2024-09-01,monza,Autodromo Nazionale di Monza,leclerc,LEC,Charles Leclerc,ferrari,Ferrari,16,4,1,1,25,53,Finished,10,1:23.226,250.580,kph
2024,16,Italian Grand Prix,2024-09-01,monza,Autodromo Nazionale di Monza,piastri,PIA,Oscar Piastri,mclaren,McLaren,81,2,2,2,18,53,Finished,4,1:21.943,254.503,kph
2024,16,Italian Grand Prix,2024-09-01,monza,Autodromo Nazionale di Monza,norris,NOR,Lando Norris,mclaren,McLaren,4,1,3,3,16,53,Finished,1,1:21.432,256.100,kph
2024,16,Italian Grand Prix,2024-09-01,monza,Autodromo Nazionale di Monza,sainz,SAI,Carlos Sainz,ferrari,Ferrari,55,5,4,4,12,53,Finished,9,1:23.219,250.601,kph
2024,16,Italian Grand Prix,2024-09-01,monza,Autodromo Nazionale di Monza,hamilton,HAM,Lewis Hamilton,mercedes,Mercedes,44,6,5,5,10,53,Finished,2,1:21.512,255.849,kph
2024,16,Italian Grand Prix,2024-09-01,monza,Autodromo Nazionale di Monza,max_verstappen,VER,Max Verstappen,red_bull,Red Bull,1,7,6,6,8,53,Finished,3,1:21.745,255.120,kph
2024,16,Italian Grand Prix,2024-09-01,monza,Autodromo Nazionale di Monza,russell,RUS,George Russell,mercedes,Mercedes,63,3,7,7,6,53,Finished,5,1:22.036,254.215,kph
2024,16,Italian Grand Prix,2024-09-01,monza,Autodromo Nazionale di Monza,perez,PER,Sergio Pérez,red_bull,Red Bull,11,8,8,8,4,53,Finished,8,1:22.971,251.350,kph
2024,16,Italian Grand Prix,2024-09-01,monza,Autodromo Nazionale di Monza,albon,ALB,Alexander Albon,williams,Williams,23,9,9,9,2,53,Finished,16,1:23.918,248.514,kph
2024,16,Italian Grand Prix,2024-09-01,monza,Autodromo Nazionale di Monza,kevin_magnussen,MAG,Kevin Magnussen,haas,Haas F1 Team,20,13,10,10,1,53,Finished,12,1:23.437,249.946,kph
2024,16,Italian Grand Prix,2024-09-01,monza,Autodromo Nazionale di Monza,alonso,ALO,Fernando Alonso,aston_martin,Aston Martin,14,11,11,11,0,53,Finished,7,1:22.944,251.432,kph
2024,16,Italian Grand Prix,2024-09-01,monza,Autodromo Nazionale di Monza,colapinto,COL,Franco Colapinto,williams,Williams,43,18,12,12,0,53,Finished,14,1:23.728,249.077,kph
2024,16,Italian Grand Prix,2024-09-01,monza,Autodromo Nazionale di Monza,ricciardo,RIC,Daniel Ricciardo,rb,RB F1 Team,3,12,13,13,0,53,Finished,17,1:24.219,247.625,kph
2024,16,Italian Grand Prix,2024-09-01,monza,Autodromo Nazionale di Monza,ocon,OCO,Esteban Ocon,alpine,Alpine F1 Team,31,15,14,14,0,52,Lapped,18,1:24.343,247.261,kph
2024,16,Italian Grand Prix,2024-09-01,monza,Autodromo Nazionale di Monza,gasly,GAS,Pierre Gasly,alpine,Alpine F1 Team,10,14,15,15,0,52,Lapped,15,1:23.755,248.997,kph
2024,16,Italian Grand Prix,2024-09-01,monza,Autodromo Nazionale di Monza,bottas,BOT,Valtteri Bottas,sauber,Sauber,77,19,16,16,0,52,Lapped,13,1:23.609,249.432,kph
2024,16,Italian Grand Prix,2024-09-01,monza,Autodromo Nazionale di Monza,hulkenberg,HUL,Nico Hülkenberg,haas,Haas F1 Team,27,10,17,17,0,52,Lapped,11,1:23.275,250.432,kph
2024,16,Italian Grand Prix,2024-09-01,monza,Autodromo Nazionale di Monza,zhou,ZHO,Guanyu Zhou,sauber,Sauber,24,20,18,18,0,52,Lapped,19,1:25.092,245.085,kph
2024,16,Italian Grand Prix,2024-09-01,monza,Autodromo Nazionale di Monza,stroll,STR,Lance Stroll,aston_martin,Aston Martin,18,17,19,19,0,52,Lapped,6,1:22.232,253.609,kph
2024,16,Italian Grand Prix,2024-09-01,monza,Autodromo Nazionale di Monza,tsunoda,TSU,Yuki Tsunoda,rb,RB F1 Team,22,16,20,R,0,7,Retired,20,1:26.198,241.940,kph
2024,17,Azerbaijan Grand Prix,2024-09-15,baku,Baku City Circuit,piastri,PIA,Oscar Piastri,mclaren,McLaren,81,2,1,1,25,51,Finished,9,1:47.060,201.856,kph
2024,17,Azerbaijan Grand Prix,2024-09-15,baku,Baku City Circuit,leclerc,LEC,Charles Leclerc,ferrari,Ferrari,16,1,2,2,18,51,Finished,10,1:47.067,201.843,kph
2024,17,Azerbaijan Grand Prix,2024-09-15,baku,Baku City Circuit,russell,RUS,George Russell,mercedes,Mercedes,63,5,3,3,15,51,Finished,2,1:46.628,202.674,kph
2024,17,Azerbaijan Grand Prix,2024-09-15,baku,Baku City Circuit,norris,NOR,Lando Norris,mclaren,McLaren,4,15,4,4,13,51,Finished,1,1:45.255,205.318,kph
2024,17,Azerbaijan Grand Prix,2024-09-15,baku,Baku City Circuit,max_verstappen,VER,Max Verstappen,red_bull,Red Bull,1,6,5,5,10,51,Finished,3,1:46.798,202.352,kph
2024,17,Azerbaijan Grand Prix,2024-09-15,baku,Baku City Circuit,alonso,ALO,Fernando Alonso,aston_martin,Aston Martin,14,7,6,6,8,51,Finished,8,1:47.057,201.862,kph
2024,17,Azerbaijan Grand Prix,2024-09-15,baku,Baku City Circuit,albon,ALB,Alexander Albon,williams,Williams,23,9,7,7,6,51,Finished,5,1:46.947,202.070,kph
2024,17,Azerbaijan Grand Prix,2024-09-15,baku,Baku City Circuit,colapinto,COL,Franco Colapinto,williams,Williams,43,8,8,8,4,51,Finished,12,1:47.274,201.454,kph
2024,17,Azerbaijan Grand Prix,2024-09-15,baku,Baku City Circuit,hamilton,HAM,Lewis Hamilton,mercedes,Mercedes,44,19,9,9,2,51,Finished,11,1:47.236,201.525,kph
2024,17,Azerbaijan Grand Prix,2024-09-15,baku,Baku City Circuit,bearman,BEA,Oliver Bearman,haas,Haas F1 Team,50,10,10,10,1,51,Finished,7,1:47.048,201.879,kph
2024,17,Azerbaijan Grand Prix,2024-09-15,baku,Baku City Circuit,hulkenberg,HUL,Nico Hülkenberg,haas,Haas F1 Team,27,12,11,11,0,51,Finished,14,1:47.691,200.674,kph
2024,17,Azerbaijan Grand Prix,2024-09-15,baku,Baku City Circuit,gasly,GAS,Pierre Gasly,alpine,Alpine F1 Team,10,18,12,12,0,51,Finished,15,1:48.018,200.066,kph
2024,17,Azerbaijan Grand Prix,2024-09-15,baku,Baku City Circuit,ricciardo,RIC,Daniel Ricciardo,rb,RB F1 Team,3,14,13,13,0,51,Finished,17,1:48.380,199.398,kph
2024,17,Azerbaijan Grand Prix,2024-09-15,baku,Baku City Circuit,zhou,ZHO,Guanyu Zhou,sauber,Sauber,24,17,14,14,0,51,Finished,13,1:47.644,200.761,kph
2024,17,Azerbaijan Grand Prix,2024-09-15,baku,Baku City Circuit,ocon,OCO,Esteban Ocon,alpine,Alpine F1 Team,31,20,15,15,0,50,Lapped,19,1:48.831,198.572,kph
2024,17,Azerbaijan Grand Prix,2024-09-15,baku,Baku City Circuit,bottas,BOT,Valtteri Bottas,sauber,Sauber,77,16,16,16,0,50,Lapped,18,1:48.418,199.328,kph
2024,17,Azerbaijan Grand Prix,2024-09-15,baku,Baku City Circuit,perez,PER,Sergio Pérez,red_bull,Red Bull,11,4,17,17,0,49,Retired,6,1:47.013,201.945,kph
2024,17,Azerbaijan Grand Prix,2024-09-15,baku,Baku City Circuit,sainz,SAI,Carlos Sainz,ferrari,Ferrari,55,3,18,18,0,49,Retired,4,1:46.866,202.223,kph
2024,17,Azerbaijan Grand Prix,2024-09-15,baku,Baku City Circuit,stroll,STR,Lance Stroll,aston_martin,Aston Martin,18,13,19,19,0,45,Retired,16,1:48.148,199.826,kph
2024,17,Azerbaijan Grand Prix,2024-09-15,baku,Baku City Circuit,tsunoda,TSU,Yuki Tsunoda,rb,RB F1 Team,22,11,20,R,0,14,Retired,20,1:50.887,194.890,kph
2024,18,Singapore Grand Prix,2024-09-22,marina_bay,Marina Bay Street Circuit,norris,NOR,Lando Norris,mclaren,McLaren,4,1,1,1,25,62,Finished,2,1:34.925,187.347,kph
2024,18,Singapore Grand Prix,2024-09-22,marina_bay,Marina Bay Street Circuit,max_verstappen,VER,Max Verstappen,red_bull,Red Bull,1,2,2,2,18,62,Finished,5,1:35.967,185.313,kph
2024,18,Singapore Grand Prix,2024-09-22,marina_bay,Marina Bay Street Circuit,piastri,PIA,Oscar Piastri,mclaren,McLaren,81,5,3,3,15,62,Finished,4,1:35.745,185.743,kph
2024,18,Singapore Grand Prix,2024-09-22,marina_bay,Marina Bay Street Circuit,russell,RUS,George Russell,mercedes,Mercedes,63,4,4,4,12,62,Finished,10,1:37.047,183.251,kph
2024,18,Singapore Grand Prix,2024-09-22,marina_bay,Marina Bay Street Circuit,leclerc,LEC,Charles Leclerc,ferrari,Ferrari,16,9,5,5,10,62,Finished,3,1:35.371,186.471,kph
2024,18,Singapore Grand Prix,2024-09-22,marina_bay,Marina Bay Street Circuit,hamilton,HAM,Lewis Hamilton,mercedes,Mercedes,44,3,6,6,8,62,Finished,12,1:37.393,182.600,kph
2024,18,Singapore Grand Prix,2024-09-22,marina_bay,Marina Bay Street Circuit,sainz,SAI,Carlos Sainz,ferrari,Ferrari,55,10,7,7,6,62,Finished,7,1:36.561,184.173,kph
2024,18,Singapore Grand Prix,2024-09-22,marina_bay,Marina Bay Street Circuit,alonso,ALO,Fernando Alonso,aston_martin,Aston Martin,14,7,8,8,4,61,Lapped,18,1:37.741,181.950,kph
2024,18,Singapore Grand Prix,2024-09-22,marina_bay,Marina Bay Street Circuit,hulkenberg,HUL,Nico Hülkenberg,haas,Haas F1 Team,27,6,9,9,2,61,Lapped,15,1:37.470,182.456,kph
2024,18,Singapore Grand Prix,2024-09-22,marina_bay,Marina Bay Street Circuit,perez,PER,Sergio Pérez,red_bull,Red Bull,11,13,10,10,1,61,Lapped,16,1:37.477,182.443,kph
2024,18,Singapore Grand Prix,2024-09-22,marina_bay,Marina Bay Street Circuit,colapinto,COL,Franco Colapinto,williams,Williams,43,12,11,11,0,61,Lapped,11,1:37.262,182.846,kph
2024,18,Singapore Grand Prix,2024-09-22,marina_bay,Marina Bay Street Circuit,tsunoda,TSU,Yuki Tsunoda,rb,RB F1 Team,22,8,12,12,0,61,Lapped,6,1:36.393,184.494,kph
2024,18,Singapore Grand Prix,2024-09-22,marina_bay,Marina Bay Street Circuit,ocon,OCO,Esteban Ocon,alpine,Alpine F1 Team,31,15,13,13,0,61,Lapped,20,1:37.964,181.536,kph
2024,18,Singapore Grand Prix,2024-09-22,marina_bay,Marina Bay Street Circuit,stroll,STR,Lance Stroll,aston_martin,Aston Martin,18,17,14,14,0,61,Lapped,19,1:37.851,181.745,kph
2024,18,Singapore Grand Prix,2024-09-22,marina_bay,Marina Bay Street Circuit,zhou,ZHO,Guanyu Zhou,sauber,Sauber,24,20,15,15,0,61,Lapped,14,1:37.461,182.472,kph
2024,18,Singapore Grand Prix,2024-09-22,marina_bay,Marina Bay Street Circuit,bottas,BOT,Valtteri Bottas,sauber,Sauber,77,19,16,16,0,61,Lapped,17,1:37.524,182.355,kph
2024,18,Singapore Grand Prix,2024-09-22,marina_bay,Marina Bay Street Circuit,gasly,GAS,Pierre Gasly,alpine,Alpine F1 Team,10,18,17,17,0,61,Lapped,9,1:36.927,183.478,kph
2024,18,Singapore Grand Prix,2024-09-22,marina_bay,Marina Bay Street Circuit,ricciardo,RIC,Daniel Ricciardo,rb,RB F1 Team,3,16,18,18,0,61,Lapped,1,1:34.486,188.218,kph
2024,18,Singapore Grand Prix,2024-09-22,marina_bay,Marina Bay Street Circuit,kevin_magnussen,MAG,Kevin Magnussen,haas,Haas F1 Team,20,14,19,19,0,57,Retired,13,1:37.425,182.540,kph
2024,18,Singapore Grand Prix,2024-09-22,marina_bay,Marina Bay Street Circuit,albon,ALB,Alexander Albon,williams,Williams,23,11,20,R,0,15,Retired,8,1:36.888,183.552,kph
2024,19,United States Grand Prix,2024-10-20,americas,Circuit of the Americas,leclerc,LEC,Charles Leclerc,ferrari,Ferrari,16,4,1,1,25,56,Finished,6,1:37.834,202.861,kph
2024,19,United States Grand Prix,2024-10-20,americas,Circuit of the Americas,sainz,SAI,Carlos Sainz,ferrari,Ferrari,55,3,2,2,18,56,Finished,5,1:37.763,203.009,kph
2024,19,United States Grand Prix,2024-10-20,americas,Circuit of the Americas,max_verstappen,VER,Max Verstappen,red_bull,Red Bull,1,2,3,3,15,56,Finished,9,1:38.117,202.276,kph
2024,19,United States Grand Prix,2024-10-20,americas,Circuit of the Americas,norris,NOR,Lando Norris,mclaren,McLaren,4,1,4,4,12,56,Finished,4,1:37.679,203.183,kph
2024,19,United States Grand Prix,2024-10-20,americas,Circuit of the Americas,piastri,PIA,Oscar Piastri,mclaren,McLaren,81,5,5,5,10,56,Finished,7,1:37.883,202.760,kph
2024,19,United States Grand Prix,2024-10-20,americas,Circuit of the Americas,russell,RUS,George Russell,mercedes,Mercedes,63,20,6,6,8,56,Finished,3,1:37.656,203.231,kph
2024,19,United States Grand Prix,2024-10-20,americas,Circuit of the Americas,perez,PER,Sergio Pérez,red_bull,Red Bull,11,9,7,7,6,56,Finished,13,1:38.514,201.461,kph
2024,19,United States Grand Prix,2024-10-20,americas,Circuit of the Americas,hulkenberg,HUL,Nico Hülkenberg,haas,Haas F1 Team,27,11,8,8,4,56,Finished,12,1:38.404,201.686,kph
2024,19,United States Grand Prix,2024-10-20,americas,Circuit of the Americas,lawson,LAW,Liam Lawson,rb,RB F1 Team,30,19,9,9,2,56,Finished,8,1:38.091,202.330,kph
2024,19,United States Grand Prix,2024-10-20,americas,Circuit of the Americas,colapinto,COL,Franco Colapinto,williams,Williams,43,15,10,10,1,56,Finished,2,1:37.611,203.325,kph
2024,19,United States Grand Prix,2024-10-20,americas,Circuit of the Americas,kevin_magnussen,MAG,Kevin Magnussen,haas,Haas F1 Team,20,8,11,11,0,56,Finished,10,1:38.210,202.085,kph
2024,19,United States Grand Prix,2024-10-20,americas,Circuit of the Americas,gasly,GAS,Pierre Gasly,alpine,Alpine F1 Team,10,6,12,12,0,56,Finished,11,1:38.311,201.877,kph
2024,19,United States Grand Prix,2024-10-20,americas,Circuit of the Americas,alonso,ALO,Fernando Alonso,aston_martin,Aston Martin,14,7,13,13,0,55,Lapped,17,1:39.261,199.945,kph
2024,19,United States Grand Prix,2024-10-20,americas,Circuit of the Americas,tsunoda,TSU,Yuki Tsunoda,rb,RB F1 Team,22,10,14,14,0,55,Lapped,15,1:39.193,200.082,kph
2024,19,United States Grand Prix,2024-10-20,americas,Circuit of the Americas,stroll,STR,Lance Stroll,aston_martin,Aston Martin,18,13,15,15,0,55,Lapped,16,1:39.214,200.040,kph
2024,19,United States Grand Prix,2024-10-20,americas,Circuit of the Americas,albon,ALB,Alexander Albon,williams,Williams,23,14,16,16,0,55,Lapped,14,1:39.084,200.302,kph
2024,19,United States Grand Prix,2024-10-20,americas,Circuit of the Americas,bottas,BOT,Valtteri Bottas,sauber,Sauber,77,16,17,17,0,55,Lapped,19,1:40.575,197.333,kph
2024,19,United States Grand Prix,2024-10-20,americas,Circuit of the Americas,ocon,OCO,Esteban Ocon,alpine,Alpine F1 Team,31,12,18,18,0,55,Lapped,1,1:37.330,203.912,kph
2024,19,United States Grand Prix,2024-10-20,americas,Circuit of the Americas,zhou,ZHO,Guanyu Zhou,sauber,Sauber,24,18,19,19,0,55,Lapped,18,1:39.272,199.923,kph
2024,19,United States Grand Prix,2024-10-20,americas,Circuit of the Americas,hamilton,HAM,Lewis Hamilton,mercedes,Mercedes,44,17,20,R,0,1,Retired,,,,
2024,20,Mexico City Grand Prix,2024-10-27,rodriguez,Autódromo Hermanos Rodríguez,sainz,SAI,Carlos Sainz,ferrari,Ferrari,55,1,1,1,25,71,Finished,7,1:20.137,193.348,kph
2024,20,Mexico City Grand Prix,2024-10-27,rodriguez,Autódromo Hermanos Rodríguez,norris,NOR,Lando Norris,mclaren,McLaren,4,3,2,2,18,71,Finished,4,1:19.691,194.430,kph
2024,20,Mexico City Grand Prix,2024-10-27,rodriguez,Autódromo Hermanos Rodríguez,leclerc,LEC,Charles Leclerc,ferrari,Ferrari,16,4,3,3,16,71,Finished,1,1:18.336,197.794,kph
2024,20,Mexico City Grand Prix,2024-10-27,rodriguez,Autódromo Hermanos Rodríguez,hamilton,HAM,Lewis Hamilton,mercedes,Mercedes,44,6,4,4,12,71,Finished,8,1:20.371,192.785,kph
2024,20,Mexico City Grand Prix,2024-10-27,rodriguez,Autódromo Hermanos Rodríguez,russell,RUS,George Russell,mercedes,Mercedes,63,5,5,5,10,71,Finished,11,1:20.731,191.926,kph
2024,20,Mexico City Grand Prix,2024-10-27,rodriguez,Autódromo Hermanos Rodríguez,max_verstappen,VER,Max Verstappen,red_bull,Red Bull,1,2,6,6,8,71,Finished,13,1:20.872,191.591,kph
2024,20,Mexico City Grand Prix,2024-10-27,rodriguez,Autódromo Hermanos Rodríguez,kevin_magnussen,MAG,Kevin Magnussen,haas,Haas F1 Team,20,7,7,7,6,71,Finished,9,1:20.637,192.150,kph
2024,20,Mexico City Grand Prix,2024-10-27,rodriguez,Autódromo Hermanos Rodríguez,piastri,PIA,Oscar Piastri,mclaren,McLaren,81,17,8,8,4,71,Finished,5,1:20.064,193.525,kph
2024,20,Mexico City Grand Prix,2024-10-27,rodriguez,Autódromo Hermanos Rodríguez,hulkenberg,HUL,Nico Hülkenberg,haas,Haas F1 Team,27,10,9,9,2,70,Lapped,12,1:20.748,191.885,kph
2024,20,Mexico City Grand Prix,2024-10-27,rodriguez,Autódromo Hermanos Rodríguez,gasly,GAS,Pierre Gasly,alpine,Alpine F1 Team,10,8,10,10,1,70,Lapped,15,1:21.274,190.643,kph
2024,20,Mexico City Grand Prix,2024-10-27,rodriguez,Autódromo Hermanos Rodríguez,stroll,STR,Lance Stroll,aston_martin,Aston Martin,18,14,11,11,0,70,Lapped,16,1:21.311,190.557,kph
2024,20,Mexico City Grand Prix,2024-10-27,rodriguez,Autódromo Hermanos Rodríguez,colapinto,COL,Franco Colapinto,williams,Williams,43,16,12,12,0,70,Lapped,6,1:20.090,193.462,kph
2024,20,Mexico City Grand Prix,2024-10-27,rodriguez,Autódromo Hermanos Rodríguez,ocon,OCO,Esteban Ocon,alpine,Alpine F1 Team,31,0,13,13,0,70,Lapped,10,1:20.659,192.097,kph
2024,20,Mexico City Grand Prix,2024-10-27,rodriguez,Autódromo Hermanos Rodríguez,bottas,BOT,Valtteri Bottas,sauber,Sauber,77,15,14,14,0,70,Lapped,14,1:21.085,191.088,kph
2024,20,Mexico City Grand Prix,2024-10-27,rodriguez,Autódromo Hermanos Rodríguez,zhou,ZHO,Guanyu Zhou,sauber,Sauber,24,19,15,15,0,70,Lapped,17,1:21.553,189.991,kph
2024,20,Mexico City Grand Prix,2024-10-27,rodriguez,Autódromo Hermanos Rodríguez,lawson,LAW,Liam Lawson,rb,RB F1 Team,30,12,16,16,0,70,Lapped,3,1:19.502,194.893,kph
2024,20,Mexico City Grand Prix,2024-10-27,rodriguez,Autódromo Hermanos Rodríguez,perez,PER,Sergio Pérez,red_bull,Red Bull,11,18,17,17,0,70,Lapped,2,1:19.209,195.614,kph
2024,20,Mexico City Grand Prix,2024-10-27,rodriguez,Autódromo Hermanos Rodríguez,alonso,ALO,Fernando Alonso,aston_martin,Aston Martin,14,13,18,R,0,15,Retired,18,1:22.722,187.306,kph
2024,20,Mexico City Grand Prix,2024-10-27,rodriguez,Autódromo Hermanos Rodríguez,albon,ALB,Alexander Albon,williams,Williams,23,9,19,R,0,0,Retired,,,,
2024,20,Mexico City Grand Prix,2024-10-27,rodriguez,Autódromo Hermanos Rodríguez,tsunoda,TSU,Yuki Tsunoda,rb,RB F1 Team,22,11,20,R,0,0,Retired,,,,
2024,21,São Paulo Grand Prix,2024-11-03,interlagos,Autódromo José Carlos Pace,max_verstappen,VER,Max Verstappen,red_bull,Red Bull,1,17,1,1,26,69,Finished,1,1:20.472,192.767,kph
2024,21,São Paulo Grand Prix,2024-11-03,interlagos,Autódromo José Carlos Pace,ocon,OCO,Esteban Ocon,alpine,Alpine F1 Team,31,4,2,2,18,69,Finished,7,1:21.771,189.705,kph
2024,21,São Paulo Grand Prix,2024-11-03,interlagos,Autódromo José Carlos Pace,gasly,GAS,Pierre Gasly,alpine,Alpine F1 Team,10,13,3,3,15,69,Finished,5,1:21.645,189.998,kph
2024,21,São Paulo Grand Prix,2024-11-03,interlagos,Autódromo José Carlos Pace,russell,RUS,George Russell,mercedes,Mercedes,63,2,4,4,12,69,Finished,6,1:21.645,189.998,kph
2024,21,São Paulo Grand Prix,2024-11-03,interlagos,Autódromo José Carlos Pace,leclerc,LEC,Charles Leclerc,ferrari,Ferrari,16,6,5,5,10,69,Finished,4,1:21.631,190.030,kph
2024,21,São Paulo Grand Prix,2024-11-03,interlagos,Autódromo José Carlos Pace,norris,NOR,Lando Norris,mclaren,McLaren,4,1,6,6,8,69,Finished,2,1:21.517,190.296,kph
2024,21,São Paulo Grand Prix,2024-11-03,interlagos,Autódromo José Carlos Pace,tsunoda,TSU,Yuki Tsunoda,rb,RB F1 Team,22,3,7,7,6,69,Finished,8,1:21.828,189.573,kph
2024,21,São Paulo Grand Prix,2024-11-03,interlagos,Autódromo José Carlos Pace,piastri,PIA,Oscar Piastri,mclaren,McLaren,81,8,8,8,4,69,Finished,3,1:21.532,190.261,kph
2024,21,São Paulo Grand Prix,2024-11-03,interlagos,Autódromo José Carlos Pace,lawson,LAW,Liam Lawson,rb,RB F1 Team,30,5,9,9,2,69,Finished,10,1:22.123,188.892,kph
2024,21,São Paulo Grand Prix,2024-11-03,interlagos,Autódromo José Carlos Pace,hamilton,HAM,Lewis Hamilton,mercedes,Mercedes,44,14,10,10,1,69,Finished,9,1:22.041,189.081,kph
2024,21,São Paulo Grand Prix,2024-11-03,interlagos,Autódromo José Carlos Pace,perez,PER,Sergio Pérez,red_bull,Red Bull,11,12,11,11,0,69,Finished,11,1:22.143,188.846,kph
2024,21,São Paulo Grand Prix,2024-11-03,interlagos,Autódromo José Carlos Pace,bearman,BEA,Oliver Bearman,haas,Haas F1 Team,50,15,12,12,0,69,Finished,13,1:22.494,188.042,kph
2024,21,São Paulo Grand Prix,2024-11-03,interlagos,Autódromo José Carlos Pace,bottas,BOT,Valtteri Bottas,sauber,Sauber,77,11,13,13,0,69,Finished,14,1:22.877,187.173,kph
2024,21,São Paulo Grand Prix,2024-11-03,interlagos,Autódromo José Carlos Pace,alonso,ALO,Fernando Alonso,aston_martin,Aston Martin,14,9,14,14,0,69,Finished,12,1:22.293,188.502,kph
2024,21,São Paulo Grand Prix,2024-11-03,interlagos,Autódromo José Carlos Pace,zhou,ZHO,Guanyu Zhou,sauber,Sauber,24,19,15,15,0,69,Finished,15,1:23.058,186.765,kph
2024,21,São Paulo Grand Prix,2024-11-03,interlagos,Autódromo José Carlos Pace,sainz,SAI,Carlos Sainz,ferrari,Ferrari,55,20,16,R,0,38,Retired,16,1:24.201,184.230,kph
2024,21,São Paulo Grand Prix,2024-11-03,interlagos,Autódromo José Carlos Pace,colapinto,COL,Franco Colapinto,williams,Williams,43,16,17,R,0,30,Retired,17,1:24.296,184.022,kph
2024,21,São Paulo Grand Prix,2024-11-03,interlagos,Autódromo José Carlos Pace,albon,ALB,Alexander Albon,williams,Williams,23,7,18,W,0,0,Did not start,,,,
2024,21,São Paulo Grand Prix,2024-11-03,interlagos,Autódromo José Carlos Pace,stroll,STR,Lance Stroll,aston_martin,Aston Martin,18,10,19,W,0,0,Did not start,,,,
2024,21,São Paulo Grand Prix,2024-11-03,interlagos,Autódromo José Carlos Pace,hulkenberg,HUL,Nico Hülkenberg,haas,Haas F1 Team,27,18,20,D,0,0,Disqualified,,,,
2024,22,Las Vegas Grand Prix,2024-11-23,vegas,Las Vegas Strip Street Circuit,russell,RUS,George Russell,mercedes,Mercedes,63,1,1,1,25,50,Finished,4,1:35.717,233.225,kph
2024,22,Las Vegas Grand Prix,2024-11-23,vegas,Las Vegas Strip Street Circuit,hamilton,HAM,Lewis Hamilton,mercedes,Mercedes,44,10,2,2,18,50,Finished,2,1:35.480,233.803,kph
2024,22,Las Vegas Grand Prix,2024-11-23,vegas,Las Vegas Strip Street Circuit,sainz,SAI,Carlos Sainz,ferrari,Ferrari,55,2,3,3,15,50,Finished,5,1:35.875,232.840,kph
2024,22,Las Vegas Grand Prix,2024-11-23,vegas,Las Vegas Strip Street Circuit,leclerc,LEC,Charles Leclerc,ferrari,Ferrari,16,4,4,4,12,50,Finished,3,1:35.674,233.329,kph
2024,22,Las Vegas Grand Prix,2024-11-23,vegas,Las Vegas Strip Street Circuit,max_verstappen,VER,Max Verstappen,red_bull,Red Bull,1,5,5,5,10,50,Finished,6,1:36.248,231.938,kph
2024,22,Las Vegas Grand Prix,2024-11-23,vegas,Las Vegas Strip Street Circuit,norris,NOR,Lando Norris,mclaren,McLaren,4,6,6,6,9,50,Finished,1,1:34.876,235.292,kph
2024,22,Las Vegas Grand Prix,2024-11-23,vegas,Las Vegas Strip Street Circuit,piastri,PIA,Oscar Piastri,mclaren,McLaren,81,8,7,7,6,50,Finished,13,1:36.598,231.097,kph
2024,22,Las Vegas Grand Prix,2024-11-23,vegas,Las Vegas Strip Street Circuit,hulkenberg,HUL,Nico Hülkenberg,haas,Haas F1 Team,27,9,8,8,4,50,Finished,12,1:36.585,231.129,kph
2024,22,Las Vegas Grand Prix,2024-11-23,vegas,Las Vegas Strip Street Circuit,tsunoda,TSU,Yuki Tsunoda,rb,RB F1 Team,22,7,9,9,2,50,Finished,16,1:36.957,230.242,kph
2024,22,Las Vegas Grand Prix,2024-11-23,vegas,Las Vegas Strip Street Circuit,perez,PER,Sergio Pérez,red_bull,Red Bull,11,15,10,10,1,50,Finished,8,1:36.326,231.750,kph
2024,22,Las Vegas Grand Prix,2024-11-23,vegas,Las Vegas Strip Street Circuit,alonso,ALO,Fernando Alonso,aston_martin,Aston Martin,14,16,11,11,0,50,Finished,10,1:36.553,231.205,kph
2024,22,Las Vegas Grand Prix,2024-11-23,vegas,Las Vegas Strip Street Circuit,kevin_magnussen,MAG,Kevin Magnussen,haas,Haas F1 Team,20,12,12,12,0,50,Finished,11,1:36.557,231.196,kph
2024,22,Las Vegas Grand Prix,2024-11-23,vegas,Las Vegas Strip Street Circuit,zhou,ZHO,Guanyu Zhou,sauber,Sauber,24,13,13,13,0,50,Finished,7,1:36.324,231.755,kph
2024,22,Las Vegas Grand Prix,2024-11-23,vegas,Las Vegas Strip Street Circuit,colapinto,COL,Franco Colapinto,williams,Williams,43,20,14,14,0,50,Finished,15,1:36.867,230.456,kph
2024,22,Las Vegas Grand Prix,2024-11-23,vegas,Las Vegas Strip Street Circuit,stroll,STR,Lance Stroll,aston_martin,Aston Martin,18,18,15,15,0,50,Finished,18,1:37.179,229.716,kph
2024,22,Las Vegas Grand Prix,2024-11-23,vegas,Las Vegas Strip Street Circuit,lawson,LAW,Liam Lawson,rb,RB F1 Team,30,14,16,16,0,50,Finished,17,1:36.980,230.187,kph
2024,22,Las Vegas Grand Prix,2024-11-23,vegas,Las Vegas Strip Street Circuit,ocon,OCO,Esteban Ocon,alpine,Alpine F1 Team,31,11,17,17,0,49,Lapped,9,1:36.511,231.306,kph
2024,22,Las Vegas Grand Prix,2024-11-23,vegas,Las Vegas Strip Street Circuit,bottas,BOT,Valtteri Bottas,sauber,Sauber,77,19,18,18,0,49,Lapped,14,1:36.601,231.090,kph
2024,22,Las Vegas Grand Prix,2024-11-23,vegas,Las Vegas Strip Street Circuit,albon,ALB,Alexander Albon,williams,Williams,23,17,19,R,0,25,Retired,19,1:38.008,227.773,kph
2024,22,Las Vegas Grand Prix,2024-11-23,vegas,Las Vegas Strip Street Circuit,gasly,GAS,Pierre Gasly,alpine,Alpine F1 Team,10,3,20,R,0,15,Retired,20,1:38.314,227.064,kph
2024,23,Qatar Grand Prix,2024-12-01,losail,Losail International Circuit,max_verstappen,VER,Max Verstappen,red_bull,Red Bull,1,2,1,1,25,57,Finished,2,1:22.905,235.310,kph
2024,23,Qatar Grand Prix,2024-12-01,losail,Losail International Circuit,leclerc,LEC,Charles Leclerc,ferrari,Ferrari,16,5,2,2,18,57,Finished,4,1:23.242,234.357,kph
2024,23,Qatar Grand Prix,2024-12-01,losail,Losail International Circuit,piastri,PIA,Oscar Piastri,mclaren,McLaren,81,4,3,3,15,57,Finished,3,1:23.218,234.425,kph
2024,23,Qatar Grand Prix,2024-12-01,losail,Losail International Circuit,russell,RUS,George Russell,mercedes,Mercedes,63,1,4,4,12,57,Finished,5,1:23.355,234.039,kph
2024,23,Qatar Grand Prix,2024-12-01,losail,Losail International Circuit,gasly,GAS,Pierre Gasly,alpine,Alpine F1 Team,10,11,5,5,10,57,Finished,8,1:23.705,233.061,kph
2024,23,Qatar Grand Prix,2024-12-01,losail,Losail International Circuit,sainz,SAI,Carlos Sainz,ferrari,Ferrari,55,7,6,6,8,57,Finished,6,1:23.465,233.731,kph
2024,23,Qatar Grand Prix,2024-12-01,losail,Losail International Circuit,alonso,ALO,Fernando Alonso,aston_martin,Aston Martin,14,8,7,7,6,57,Finished,7,1:23.667,233.167,kph
2024,23,Qatar Grand Prix,2024-12-01,losail,Losail International Circuit,zhou,ZHO,Guanyu Zhou,sauber,Sauber,24,12,8,8,4,57,Finished,10,1:23.889,232.550,kph
2024,23,Qatar Grand Prix,2024-12-01,losail,Losail International Circuit,kevin_magnussen,MAG,Kevin Magnussen,haas,Haas F1 Team,20,10,9,9,2,57,Finished,11,1:24.259,231.528,kph
2024,23,Qatar Grand Prix,2024-12-01,losail,Losail International Circuit,norris,NOR,Lando Norris,mclaren,McLaren,4,3,10,10,2,57,Finished,1,1:22.384,236.798,kph
2024,23,Qatar Grand Prix,2024-12-01,losail,Losail International Circuit,bottas,BOT,Valtteri Bottas,sauber,Sauber,77,13,11,11,0,57,Finished,13,1:25.533,228.080,kph
2024,23,Qatar Grand Prix,2024-12-01,losail,Losail International Circuit,hamilton,HAM,Lewis Hamilton,mercedes,Mercedes,44,6,12,12,0,57,Finished,9,1:23.865,232.616,kph
2024,23,Qatar Grand Prix,2024-12-01,losail,Losail International Circuit,tsunoda,TSU,Yuki Tsunoda,rb,RB F1 Team,22,14,13,13,0,57,Finished,17,1:26.144,226.462,kph
2024,23,Qatar Grand Prix,2024-12-01,losail,Losail International Circuit,lawson,LAW,Liam Lawson,rb,RB F1 Team,30,17,14,14,0,57,Finished,16,1:26.076,226.641,kph
2024,23,Qatar Grand Prix,2024-12-01,losail,Losail International Circuit,albon,ALB,Alexander Albon,williams,Williams,23,16,15,15,0,56,Lapped,14,1:25.559,228.011,kph
2024,23,Qatar Grand Prix,2024-12-01,losail,Losail International Circuit,hulkenberg,HUL,Nico Hülkenberg,haas,Haas F1 Team,27,18,16,R,0,39,Retired,15,1:25.767,227.458,kph
2024,23,Qatar Grand Prix,2024-12-01,losail,Losail International Circuit,perez,PER,Sergio Pérez,red_bull,Red Bull,11,9,17,R,0,38,Retired,12,1:25.288,228.735,kph
2024,23,Qatar Grand Prix,2024-12-01,losail,Losail International Circuit,stroll,STR,Lance Stroll,aston_martin,Aston Martin,18,15,18,R,0,8,Retired,18,1:30.935,214.531,kph
2024,23,Qatar Grand Prix,2024-12-01,losail,Losail International Circuit,colapinto,COL,Franco Colapinto,williams,Williams,43,19,19,R,0,0,Retired,,,,
2024,23,Qatar Grand Prix,2024-12-01,losail,Losail International Circuit,ocon,OCO,Esteban Ocon,alpine,Alpine F1 Team,31,20,20,R,0,0,Retired,,,,
2024,24,Abu Dhabi Grand Prix,2024-12-08,yas_marina,Yas Marina Circuit,norris,NOR,Lando Norris,mclaren,McLaren,4,1,1,1,25,58,Finished,3,1:27.438,217.429,kph
2024,24,Abu Dhabi Grand Prix,2024-12-08,yas_marina,Yas Marina Circuit,sainz,SAI,Carlos Sainz,ferrari,Ferrari,55,3,2,2,18,58,Finished,5,1:27.765,216.619,kph
2024,24,Abu Dhabi Grand Prix,2024-12-08,yas_marina,Yas Marina Circuit,leclerc,LEC,Charles Leclerc,ferrari,Ferrari,16,19,3,3,15,58,Finished,9,1:28.018,215.996,kph
2024,24,Abu Dhabi Grand Prix,2024-12-08,yas_marina,Yas Marina Circuit,hamilton,HAM,Lewis Hamilton,mercedes,Mercedes,44,16,4,4,12,58,Finished,2,1:27.278,217.828,kph
2024,24,Abu Dhabi Grand Prix,2024-12-08,yas_marina,Yas Marina Circuit,russell,RUS,George Russell,mercedes,Mercedes,63,6,5,5,10,58,Finished,10,1:28.195,215.563,kph
2024,24,Abu Dhabi Grand Prix,2024-12-08,yas_marina,Yas Marina Circuit,max_verstappen,VER,Max Verstappen,red_bull,Red Bull,1,4,6,6,8,58,Finished,6,1:27.765,216.619,kph
2024,24,Abu Dhabi Grand Prix,2024-12-08,yas_marina,Yas Marina Circuit,gasly,GAS,Pierre Gasly,alpine,Alpine F1 Team,10,5,7,7,6,58,Finished,16,1:29.251,213.012,kph
2024,24,Abu Dhabi Grand Prix,2024-12-08,yas_marina,Yas Marina Circuit,hulkenberg,HUL,Nico Hülkenberg,haas,Haas F1 Team,27,7,8,8,4,58,Finished,14,1:29.152,213.249,kph
2024,24,Abu Dhabi Grand Prix,2024-12-08,yas_marina,Yas Marina Circuit,alonso,ALO,Fernando Alonso,aston_martin,Aston Martin,14,8,9,9,2,58,Finished,7,1:27.948,216.168,kph
2024,24,Abu Dhabi Grand Prix,2024-12-08,yas_marina,Yas Marina Circuit,piastri,PIA,Oscar Piastri,mclaren,McLaren,81,2,10,10,1,58,Finished,4,1:27.690,216.804,kph
2024,24,Abu Dhabi Grand Prix,2024-12-08,yas_marina,Yas Marina Circuit,albon,ALB,Alexander Albon,williams,Williams,23,18,11,11,0,57,Lapped,18,1:29.438,212.567,kph
2024,24,Abu Dhabi Grand Prix,2024-12-08,yas_marina,Yas Marina Circuit,tsunoda,TSU,Yuki Tsunoda,rb,RB F1 Team,22,11,12,12,0,57,Lapped,15,1:29.200,213.134,kph
2024,24,Abu Dhabi Grand Prix,2024-12-08,yas_marina,Yas Marina Circuit,zhou,ZHO,Guanyu Zhou,sauber,Sauber,24,15,13,13,0,57,Lapped,8,1:27.982,216.085,kph
2024,24,Abu Dhabi Grand Prix,2024-12-08,yas_marina,Yas Marina Circuit,stroll,STR,Lance Stroll,aston_martin,Aston Martin,18,13,14,14,0,57,Lapped,11,1:28.604,214.568,kph
2024,24,Abu Dhabi Grand Prix,2024-12-08,yas_marina,Yas Marina Circuit,doohan,DOO,Jack Doohan,alpine,Alpine F1 Team,61,17,15,15,0,57,Lapped,13,1:29.121,213.323,kph
2024,24,Abu Dhabi Grand Prix,2024-12-08,yas_marina,Yas Marina Circuit,kevin_magnussen,MAG,Kevin Magnussen,haas,Haas F1 Team,20,14,16,16,0,57,Lapped,1,1:25.637,222.002,kph
2024,24,Abu Dhabi Grand Prix,2024-12-08,yas_marina,Yas Marina Circuit,lawson,LAW,Liam Lawson,rb,RB F1 Team,30,12,17,17,0,55,Retired,12,1:28.751,214.212,kph
2024,24,Abu Dhabi Grand Prix,2024-12-08,yas_marina,Yas Marina Circuit,bottas,BOT,Valtteri Bottas,sauber,Sauber,77,9,18,R,0,30,Retired,19,1:29.482,212.462,kph
2024,24,Abu Dhabi Grand Prix,2024-12-08,yas_marina,Yas Marina Circuit,colapinto,COL,Franco Colapinto,williams,Williams,43,20,19,R,0,26,Retired,17,1:29.411,212.631,kph
2024,24,Abu Dhabi Grand Prix,2024-12-08,yas_marina,Yas Marina Circuit,perez,PER,Sergio Pérez,red_bull,Red Bull,11,10,20,R,0,0,Retired,,,,
2025,1,Australian Grand Prix,2025-03-16,albert_park,Albert Park Grand Prix Circuit,norris,NOR,Lando Norris,mclaren,McLaren,4,1,1,1,25,57,Finished,1,1:22.167,,
2025,1,Australian Grand Prix,2025-03-16,albert_park,Albert Park Grand Prix Circuit,max_verstappen,VER,Max Verstappen,red_bull,Red Bull,1,3,2,2,18,57,Finished,3,1:23.081,,
2025,1,Australian Grand Prix,2025-03-16,albert_park,Albert Park Grand Prix Circuit,russell,RUS,George Russell,mercedes,Mercedes,63,4,3,3,15,57,Finished,11,1:25.065,,
2025,1,Australian Grand Prix,2025-03-16,albert_park,Albert Park Grand Prix Circuit,antonelli,ANT,Andrea Kimi Antonelli,mercedes,Mercedes,12,16,4,4,12,57,Finished,9,1:24.901,,
2025,1,Australian Grand Prix,2025-03-16,albert_park,Albert Park Grand Prix Circuit,albon,ALB,Alexander Albon,williams,Williams,23,6,5,5,10,57,Finished,8,1:24.597,,
2025,1,Australian Grand Prix,2025-03-16,albert_park,Albert Park Grand Prix Circuit,stroll,STR,Lance Stroll,aston_martin,Aston Martin,18,13,6,6,8,57,Finished,14,1:25.538,,
2025,1,Australian Grand Prix,2025-03-16,albert_park,Albert Park Grand Prix Circuit,hulkenberg,HUL,Nico Hülkenberg,sauber,Sauber,27,17,7,7,6,57,Finished,12,1:25.243,,
2025,1,Australian Grand Prix,2025-03-16,albert_park,Albert Park Grand Prix Circuit,leclerc,LEC,Charles Leclerc,ferrari,Ferrari,16,7,8,8,4,57,Finished,13,1:25.271,,
2025,1,Australian Grand Prix,2025-03-16,albert_park,Albert Park Grand Prix Circuit,piastri,PIA,Oscar Piastri,mclaren,McLaren,81,2,9,9,2,57,Finished,4,1:23.242,,
2025,1,Australian Grand Prix,2025-03-16,albert_park,Albert Park Grand Prix Circuit,hamilton,HAM,Lewis Hamilton,ferrari,Ferrari,44,8,10,10,1,57,Finished,7,1:24.218,,
2025,1,Australian Grand Prix,2025-03-16,albert_park,Albert Park Grand Prix Circuit,gasly,GAS,Pierre Gasly,alpine,Alpine F1 Team,10,9,11,11,0,57,Finished,10,1:25.020,,
2025,1,Australian Grand Prix,2025-03-16,albert_park,Albert Park Grand Prix Circuit,tsunoda,TSU,Yuki Tsunoda,rb,RB F1 Team,22,5,12,12,0,57,Finished,6,1:24.194,,
2025,1,Australian Grand Prix,2025-03-16,albert_park,Albert Park Grand Prix Circuit,ocon,OCO,Esteban Ocon,haas,Haas F1 Team,31,19,13,13,0,57,Finished,15,1:26.764,,
2025,1,Australian Grand Prix,2025-03-16,albert_park,Albert Park Grand Prix Circuit,bearman,BEA,Oliver Bearman,haas,Haas F1 Team,87,20,14,14,0,57,Finished,16,1:27.603,,
2025,1,Australian Grand Prix,2025-03-16,albert_park,Albert Park Grand Prix Circuit,lawson,LAW,Liam Lawson,red_bull,Red Bull,30,18,15,R,0,46,Retired,2,1:22.970,,
2025,1,Australian Grand Prix,2025-03-16,albert_park,Albert Park Grand Prix Circuit,bortoleto,BOR,Gabriel Bortoleto,sauber,Sauber,5,15,16,R,0,45,Retired,5,1:24.192,,
2025,1,Australian Grand Prix,2025-03-16,albert_park,Albert Park Grand Prix Circuit,alonso,ALO,Fernando Alonso,aston_martin,Aston Martin,14,12,17,R,0,32,Retired,17,1:28.819,,
2025,1,Australian Grand Prix,2025-03-16,albert_park,Albert Park Grand Prix Circuit,sainz,SAI,Carlos Sainz,williams,Williams,55,10,18,R,0,0,Retired,,,,
2025,1,Australian Grand Prix,2025-03-16,albert_park,Albert Park Grand Prix Circuit,doohan,DOO,Jack Doohan,alpine,Alpine F1 Team,7,14,19,R,0,0,Retired,,,,
2025,1,Australian Grand Prix,2025-03-16,albert_park,Albert Park Grand Prix Circuit,hadjar,HAD,Isack Hadjar,rb,RB F1 Team,6,11,20,R,0,0,Retired,,,,
2025,2,Chinese Grand Prix,2025-03-23,shanghai,Shanghai International Circuit,piastri,PIA,Oscar Piastri,mclaren,McLaren,81,1,1,1,25,56,Finished,3,1:35.520,,
2025,2,Chinese Grand Prix,2025-03-23,shanghai,Shanghai International Circuit,norris,NOR,Lando Norris,mclaren,McLaren,4,3,2,2,18,56,Finished,1,1:35.454,,
2025,2,Chinese Grand Prix,2025-03-23,shanghai,Shanghai International Circuit,russell,RUS,George Russell,mercedes,Mercedes,63,2,3,3,15,56,Finished,5,1:35.816,,
2025,2,Chinese Grand Prix,2025-03-23,shanghai,Shanghai International Circuit,max_verstappen,VER,Max Verstappen,red_bull,Red Bull,1,4,4,4,12,56,Finished,2,1:35.488,,
2025,2,Chinese Grand Prix,2025-03-23,shanghai,Shanghai International Circuit,ocon,OCO,Esteban Ocon,haas,Haas F1 Team,31,11,5,5,10,56,Finished,4,1:35.740,,
2025,2,Chinese Grand Prix,2025-03-23,shanghai,Shanghai International Circuit,antonelli,ANT,Andrea Kimi Antonelli,mercedes,Mercedes,12,8,6,6,8,56,Finished,11,1:36.046,,
2025,2,Chinese Grand Prix,2025-03-23,shanghai,Shanghai International Circuit,albon,ALB,Alexander Albon,williams,Williams,23,10,7,7,6,56,Finished,12,1:36.254,,
2025,2,Chinese Grand Prix,2025-03-23,shanghai,Shanghai International Circuit,bearman,BEA,Oliver Bearman,haas,Haas F1 Team,87,17,8,8,4,56,Finished,13,1:36.363,,
2025,2,Chinese Grand Prix,2025-03-23,shanghai,Shanghai International Circuit,stroll,STR,Lance Stroll,aston_martin,Aston Martin,18,14,9,9,2,56,Finished,10,1:36.044,,
2025,2,Chinese Grand Prix,2025-03-23,shanghai,Shanghai International Circuit,sainz,SAI,Carlos Sainz,williams,Williams,55,15,10,10,1,56,Finished,15,1:36.779,,
2025,2,Chinese Grand Prix,2025-03-23,shanghai,Shanghai International Circuit,hadjar,HAD,Isack Hadjar,rb,RB F1 Team,6,7,11,11,0,56,Finished,6,1:35.868,,
2025,2,Chinese Grand Prix,2025-03-23,shanghai,Shanghai International Circuit,lawson,LAW,Liam Lawson,red_bull,Red Bull,30,20,12,12,0,56,Finished,9,1:35.985,,
2025,2,Chinese Grand Prix,2025-03-23,shanghai,Shanghai International Circuit,doohan,DOO,Jack Doohan,alpine,Alpine F1 Team,7,18,13,13,0,56,Finished,14,1:36.424,,
2025,2,Chinese Grand Prix,2025-03-23,shanghai,Shanghai International Circuit,bortoleto,BOR,Gabriel Bortoleto,sauber,Sauber,5,19,14,14,0,55,Lapped,8,1:35.874,,
2025,2,Chinese Grand Prix,2025-03-23,shanghai,Shanghai International Circuit,hulkenberg,HUL,Nico Hülkenberg,sauber,Sauber,27,12,15,15,0,55,Lapped,16,1:37.275,,
2025,2,Chinese Grand Prix,2025-03-23,shanghai,Shanghai International Circuit,tsunoda,TSU,Yuki Tsunoda,rb,RB F1 Team,22,9,16,16,0,55,Lapped,7,1:35.871,,
2025,2,Chinese Grand Prix,2025-03-23,shanghai,Shanghai International Circuit,alonso,ALO,Fernando Alonso,aston_martin,Aston Martin,14,13,17,R,0,4,Retired,17,1:39.256,,
2025,2,Chinese Grand Prix,2025-03-23,shanghai,Shanghai International Circuit,leclerc,LEC,Charles Leclerc,ferrari,Ferrari,16,6,18,D,0,0,Disqualified,,,,
2025,2,Chinese Grand Prix,2025-03-23,shanghai,Shanghai International Circuit,hamilton,HAM,Lewis Hamilton,ferrari,Ferrari,44,5,19,D,0,0,Disqualified,,,,
2025,2,Chinese Grand Prix,2025-03-23,shanghai,Shanghai International Circuit,gasly,GAS,Pierre Gasly,alpine,Alpine F1 Team,10,16,20,D,0,0,Disqualified,,,,
2025,3,Japanese Grand Prix,2025-04-06,suzuka,Suzuka Circuit,max_verstappen,VER,Max Verstappen,red_bull,Red Bull,1,1,1,1,25,53,Finished,3,1:31.041,,
2025,3,Japanese Grand Prix,2025-04-06,suzuka,Suzuka Circuit,norris,NOR,Lando Norris,mclaren,McLaren,4,2,2,2,18,53,Finished,5,1:31.116,,
2025,3,Japanese Grand Prix,2025-04-06,suzuka,Suzuka Circuit,piastri,PIA,Oscar Piastri,mclaren,McLaren,81,3,3,3,15,53,Finished,2,1:31.039,,
2025,3,Japanese Grand Prix,2025-04-06,suzuka,Suzuka Circuit,leclerc,LEC,Charles Leclerc,ferrari,Ferrari,16,4,4,4,12,53,Finished,10,1:31.469,,
2025,3,Japanese Grand Prix,2025-04-06,suzuka,Suzuka Circuit,russell,RUS,George Russell,mercedes,Mercedes,63,5,5,5,10,53,Finished,8,1:31.357,,
2025,3,Japanese Grand Prix,2025-04-06,suzuka,Suzuka Circuit,antonelli,ANT,Andrea Kimi Antonelli,mercedes,Mercedes,12,6,6,6,8,53,Finished,1,1:30.965,,
2025,3,Japanese Grand Prix,2025-04-06,suzuka,Suzuka Circuit,hamilton,HAM,Lewis Hamilton,ferrari,Ferrari,44,8,7,7,6,53,Finished,9,1:31.406,,
2025,3,Japanese Grand Prix,2025-04-06,suzuka,Suzuka Circuit,hadjar,HAD,Isack Hadjar,rb,RB F1 Team,6,7,8,8,4,53,Finished,7,1:31.317,,
2025,3,Japanese Grand Prix,2025-04-06,suzuka,Suzuka Circuit,albon,ALB,Alexander Albon,williams,Williams,23,9,9,9,2,53,Finished,6,1:31.125,,
2025,3,Japanese Grand Prix,2025-04-06,suzuka,Suzuka Circuit,bearman,BEA,Oliver Bearman,haas,Haas F1 Team,87,10,10,10,1,53,Finished,15,1:32.006,,
2025,3,Japanese Grand Prix,2025-04-06,suzuka,Suzuka Circuit,alonso,ALO,Fernando Alonso,aston_martin,Aston Martin,14,12,11,11,0,53,Finished,11,1:31.770,,
2025,3,Japanese Grand Prix,2025-04-06,suzuka,Suzuka Circuit,tsunoda,TSU,Yuki Tsunoda,red_bull,Red Bull,22,14,12,12,0,53,Finished,13,1:31.871,,
2025,3,Japanese Grand Prix,2025-04-06,suzuka,Suzuka Circuit,gasly,GAS,Pierre Gasly,alpine,Alpine F1 Team,10,11,13,13,0,53,Finished,12,1:31.820,,
2025,3,Japanese Grand Prix,2025-04-06,suzuka,Suzuka Circuit,sainz,SAI,Carlos Sainz,williams,Williams,55,15,14,14,0,53,Finished,4,1:31.106,,
2025,3,Japanese Grand Prix,2025-04-06,suzuka,Suzuka Circuit,doohan,DOO,Jack Doohan,alpine,Alpine F1 Team,7,19,15,15,0,53,Finished,20,1:32.685,,
2025,3,Japanese Grand Prix,2025-04-06,suzuka,Suzuka Circuit,hulkenberg,HUL,Nico Hülkenberg,sauber,Sauber,27,16,16,16,0,53,Finished,19,1:32.572,,
2025,3,Japanese Grand Prix,2025-04-06,suzuka,Suzuka Circuit,lawson,LAW,Liam Lawson,rb,RB F1 Team,30,13,17,17,0,53,Finished,17,1:32.043,,
2025,3,Japanese Grand Prix,2025-04-06,suzuka,Suzuka Circuit,ocon,OCO,Esteban Ocon,haas,Haas F1 Team,31,18,18,18,0,53,Finished,14,1:31.967,,
2025,3,Japanese Grand Prix,2025-04-06,suzuka,Suzuka Circuit,bortoleto,BOR,Gabriel Bortoleto,sauber,Sauber,5,17,19,19,0,53,Finished,16,1:32.034,,
2025,3,Japanese Grand Prix,2025-04-06,suzuka,Suzuka Circuit,stroll,STR,Lance Stroll,aston_martin,Aston Martin,18,20,20,20,0,52,Lapped,18,1:32.052,,
2025,4,Bahrain Grand Prix,2025-04-13,bahrain,Bahrain International Circuit,piastri,PIA,Oscar Piastri,mclaren,McLaren,81,1,1,1,25,57,Finished,1,1:35.140,,
2025,4,Bahrain Grand Prix,2025-04-13,bahrain,Bahrain International Circuit,russell,RUS,George Russell,mercedes,Mercedes,63,3,2,2,18,57,Finished,2,1:35.518,,
2025,4,Bahrain Grand Prix,2025-04-13,bahrain,Bahrain International Circuit,norris,NOR,Lando Norris,mclaren,McLaren,4,6,3,3,15,57,Finished,3,1:35.728,,
2025,4,Bahrain Grand Prix,2025-04-13,bahrain,Bahrain International Circuit,leclerc,LEC,Charles Leclerc,ferrari,Ferrari,16,2,4,4,12,57,Finished,4,1:36.132,,
2025,4,Bahrain Grand Prix,2025-04-13,bahrain,Bahrain International Circuit,hamilton,HAM,Lewis Hamilton,ferrari,Ferrari,44,9,5,5,10,57,Finished,6,1:36.235,,
2025,4,Bahrain Grand Prix,2025-04-13,bahrain,Bahrain International Circuit,max_verstappen,VER,Max Verstappen,red_bull,Red Bull,1,7,6,6,8,57,Finished,5,1:36.167,,
2025,4,Bahrain Grand Prix,2025-04-13,bahrain,Bahrain International Circuit,gasly,GAS,Pierre Gasly,alpine,Alpine F1 Team,10,4,7,7,6,57,Finished,7,1:36.531,,
2025,4,Bahrain Grand Prix,2025-04-13,bahrain,Bahrain International Circuit,ocon,OCO,Esteban Ocon,haas,Haas F1 Team,31,14,8,8,4,57,Finished,12,1:37.098,,
2025,4,Bahrain Grand Prix,2025-04-13,bahrain,Bahrain International Circuit,tsunoda,TSU,Yuki Tsunoda,red_bull,Red Bull,22,10,9,9,2,57,Finished,14,1:37.225,,
2025,4,Bahrain Grand Prix,2025-04-13,bahrain,Bahrain International Circuit,bearman,BEA,Oliver Bearman,haas,Haas F1 Team,87,20,10,10,1,57,Finished,15,1:37.303,,
2025,4,Bahrain Grand Prix,2025-04-13,bahrain,Bahrain International Circuit,antonelli,ANT,Andrea Kimi Antonelli,mercedes,Mercedes,12,5,11,11,0,57,Finished,9,1:36.690,,
2025,4,Bahrain Grand Prix,2025-04-13,bahrain,Bahrain International Circuit,albon,ALB,Alexander Albon,williams,Williams,23,15,12,12,0,57,Finished,13,1:37.141,,
2025,4,Bahrain Grand Prix,2025-04-13,bahrain,Bahrain International Circuit,hadjar,HAD,Isack Hadjar,rb,RB F1 Team,6,12,13,13,0,57,Finished,10,1:36.952,,
2025,4,Bahrain Grand Prix,2025-04-13,bahrain,Bahrain International Circuit,doohan,DOO,Jack Doohan,alpine,Alpine F1 Team,7,11,14,14,0,57,Finished,8,1:36.682,,
2025,4,Bahrain Grand Prix,2025-04-13,bahrain,Bahrain International Circuit,alonso,ALO,Fernando Alonso,aston_martin,Aston Martin,14,13,15,15,0,57,Finished,17,1:37.906,,
2025,4,Bahrain Grand Prix,2025-04-13,bahrain,Bahrain International Circuit,lawson,LAW,Liam Lawson,rb,RB F1 Team,30,17,16,16,0,57,Finished,16,1:37.380,,
2025,4,Bahrain Grand Prix,2025-04-13,bahrain,Bahrain International Circuit,stroll,STR,Lance Stroll,aston_martin,Aston Martin,18,19,17,17,0,57,Finished,19,1:38.064,,
2025,4,Bahrain Grand Prix,2025-04-13,bahrain,Bahrain International Circuit,bortoleto,BOR,Gabriel Bortoleto,sauber,Sauber,5,18,18,18,0,57,Finished,18,1:38.006,,
2025,4,Bahrain Grand Prix,2025-04-13,bahrain,Bahrain International Circuit,sainz,SAI,Carlos Sainz,williams,Williams,55,8,19,R,0,45,Retired,11,1:36.954,,
2025,4,Bahrain Grand Prix,2025-04-13,bahrain,Bahrain International Circuit,hulkenberg,HUL,Nico Hülkenberg,sauber,Sauber,27,16,20,D,0,0,Disqualified,,,,
2025,5,Saudi Arabian Grand Prix,2025-04-20,jeddah,Jeddah Corniche Circuit,piastri,PIA,Oscar Piastri,mclaren,McLaren,81,2,1,1,25,50,Finished,3,1:32.228,,
2025,5,Saudi Arabian Grand Prix,2025-04-20,jeddah,Jeddah Corniche Circuit,max_verstappen,VER,Max Verstappen,red_bull,Red Bull,1,1,2,2,18,50,Finished,4,1:32.280,,
2025,5,Saudi Arabian Grand Prix,2025-04-20,jeddah,Jeddah Corniche Circuit,leclerc,LEC,Charles Leclerc,ferrari,Ferrari,16,4,3,3,15,50,Finished,2,1:32.192,,
2025,5,Saudi Arabian Grand Prix,2025-04-20,jeddah,Jeddah Corniche Circuit,norris,NOR,Lando Norris,mclaren,McLaren,4,10,4,4,12,50,Finished,1,1:31.778,,
2025,5,Saudi Arabian Grand Prix,2025-04-20,jeddah,Jeddah Corniche Circuit,russell,RUS,George Russell,mercedes,Mercedes,63,3,5,5,10,50,Finished,9,1:32.893,,
2025,5,Saudi Arabian Grand Prix,2025-04-20,jeddah,Jeddah Corniche Circuit,antonelli,ANT,Andrea Kimi Antonelli,mercedes,Mercedes,12,5,6,6,8,50,Finished,5,1:32.396,,
2025,5,Saudi Arabian Grand Prix,2025-04-20,jeddah,Jeddah Corniche Circuit,hamilton,HAM,Lewis Hamilton,ferrari,Ferrari,44,7,7,7,6,50,Finished,7,1:32.600,,
2025,5,Saudi Arabian Grand Prix,2025-04-20,jeddah,Jeddah Corniche Circuit,sainz,SAI,Carlos Sainz,williams,Williams,55,6,8,8,4,50,Finished,6,1:32.466,,
2025,5,Saudi Arabian Grand Prix,2025-04-20,jeddah,Jeddah Corniche Circuit,albon,ALB,Alexander Albon,williams,Williams,23,11,9,9,2,50,Finished,16,1:33.477,,
2025,5,Saudi Arabian Grand Prix,2025-04-20,jeddah,Jeddah Corniche Circuit,hadjar,HAD,Isack Hadjar,rb,RB F1 Team,6,14,10,10,1,50,Finished,14,1:33.257,,
2025,5,Saudi Arabian Grand Prix,2025-04-20,jeddah,Jeddah Corniche Circuit,alonso,ALO,Fernando Alonso,aston_martin,Aston Martin,14,13,11,11,0,50,Finished,11,1:33.009,,
2025,5,Saudi Arabian Grand Prix,2025-04-20,jeddah,Jeddah Corniche Circuit,lawson,LAW,Liam Lawson,rb,RB F1 Team,30,12,12,12,0,50,Finished,10,1:32.998,,
2025,5,Saudi Arabian Grand Prix,2025-04-20,jeddah,Jeddah Corniche Circuit,bearman,BEA,Oliver Bearman,haas,Haas F1 Team,87,15,13,13,0,50,Finished,13,1:33.238,,
2025,5,Saudi Arabian Grand Prix,2025-04-20,jeddah,Jeddah Corniche Circuit,ocon,OCO,Esteban Ocon,haas,Haas F1 Team,31,19,14,14,0,50,Finished,17,1:34.309,,
2025,5,Saudi Arabian Grand Prix,2025-04-20,jeddah,Jeddah Corniche Circuit,hulkenberg,HUL,Nico Hülkenberg,sauber,Sauber,27,18,15,15,0,49,Lapped,15,1:33.446,,
2025,5,Saudi Arabian Grand Prix,2025-04-20,jeddah,Jeddah Corniche Circuit,stroll,STR,Lance Stroll,aston_martin,Aston Martin,18,16,16,16,0,49,Lapped,8,1:32.745,,
2025,5,Saudi Arabian Grand Prix,2025-04-20,jeddah,Jeddah Corniche Circuit,doohan,DOO,Jack Doohan,alpine,Alpine F1 Team,7,17,17,17,0,49,Lapped,12,1:33.150,,
2025,5,Saudi Arabian Grand Prix,2025-04-20,jeddah,Jeddah Corniche Circuit,bortoleto,BOR,Gabriel Bortoleto,sauber,Sauber,5,20,18,18,0,49,Lapped,18,1:34.447,,
2025,5,Saudi Arabian Grand Prix,2025-04-20,jeddah,Jeddah Corniche Circuit,tsunoda,TSU,Yuki Tsunoda,red_bull,Red Bull,22,8,19,R,0,1,Retired,,,,
2025,5,Saudi Arabian Grand Prix,2025-04-20,jeddah,Jeddah Corniche Circuit,gasly,GAS,Pierre Gasly,alpine,Alpine F1 Team,10,9,20,R,0,0,Retired,,,,
2025,6,Miami Grand Prix,2025-05-04,miami,Miami International Autodrome,piastri,PIA,Oscar Piastri,mclaren,McLaren,81,4,1,1,25,57,Finished,2,1:29.822,,
2025,6,Miami Grand Prix,2025-05-04,miami,Miami International Autodrome,norris,NOR,Lando Norris,mclaren,McLaren,4,2,2,2,18,57,Finished,1,1:29.746,,
2025,6,Miami Grand Prix,2025-05-04,miami,Miami International Autodrome,russell,RUS,George Russell,mercedes,Mercedes,63,5,3,3,15,57,Finished,3,1:30.318,,
2025,6,Miami Grand Prix,2025-05-04,miami,Miami International Autodrome,max_verstappen,VER,Max Verstappen,red_bull,Red Bull,1,1,4,4,12,57,Finished,5,1:30.466,,
2025,6,Miami Grand Prix,2025-05-04,miami,Miami International Autodrome,albon,ALB,Alexander Albon,williams,Williams,23,7,5,5,10,57,Finished,6,1:30.482,,
2025,6,Miami Grand Prix,2025-05-04,miami,Miami International Autodrome,antonelli,ANT,Andrea Kimi Antonelli,mercedes,Mercedes,12,3,6,6,8,57,Finished,9,1:30.795,,
2025,6,Miami Grand Prix,2025-05-04,miami,Miami International Autodrome,leclerc,LEC,Charles Leclerc,ferrari,Ferrari,16,8,7,7,6,57,Finished,4,1:30.461,,
2025,6,Miami Grand Prix,2025-05-04,miami,Miami International Autodrome,hamilton,HAM,Lewis Hamilton,ferrari,Ferrari,44,12,8,8,4,57,Finished,7,1:30.562,,
2025,6,Miami Grand Prix,2025-05-04,miami,Miami International Autodrome,sainz,SAI,Carlos Sainz,williams,Williams,55,6,9,9,2,57,Finished,8,1:30.703,,
2025,6,Miami Grand Prix,2025-05-04,miami,Miami International Autodrome,tsunoda,TSU,Yuki Tsunoda,red_bull,Red Bull,22,10,10,10,1,57,Finished,10,1:30.964,,
2025,6,Miami Grand Prix,2025-05-04,miami,Miami International Autodrome,hadjar,HAD,Isack Hadjar,rb,RB F1 Team,6,11,11,11,0,57,Finished,11,1:30.971,,
2025,6,Miami Grand Prix,2025-05-04,miami,Miami International Autodrome,ocon,OCO,Esteban Ocon,haas,Haas F1 Team,31,9,12,12,0,57,Finished,13,1:31.122,,
2025,6,Miami Grand Prix,2025-05-04,miami,Miami International Autodrome,gasly,GAS,Pierre Gasly,alpine,Alpine F1 Team,10,20,13,13,0,57,Finished,14,1:31.159,,
2025,6,Miami Grand Prix,2025-05-04,miami,Miami International Autodrome,hulkenberg,HUL,Nico Hülkenberg,sauber,Sauber,27,16,14,14,0,56,Lapped,12,1:31.015,,
2025,6,Miami Grand Prix,2025-05-04,miami,Miami International Autodrome,alonso,ALO,Fernando Alonso,aston_martin,Aston Martin,14,17,15,15,0,56,Lapped,15,1:31.287,,
2025,6,Miami Grand Prix,2025-05-04,miami,Miami International Autodrome,stroll,STR,Lance Stroll,aston_martin,Aston Martin,18,18,16,16,0,56,Lapped,16,1:31.769,,
2025,6,Miami Grand Prix,2025-05-04,miami,Miami International Autodrome,lawson,LAW,Liam Lawson,rb,RB F1 Team,30,15,17,R,0,36,Retired,17,1:31.770,,
2025,6,Miami Grand Prix,2025-05-04,miami,Miami International Autodrome,bortoleto,BOR,Gabriel Bortoleto,sauber,Sauber,5,13,18,R,0,30,Retired,18,1:32.328,,
2025,6,Miami Grand Prix,2025-05-04,miami,Miami International Autodrome,bearman,BEA,Oliver Bearman,haas,Haas F1 Team,87,19,19,R,0,27,Retired,19,1:32.680,,
2025,6,Miami Grand Prix,2025-05-04,miami,Miami International Autodrome,doohan,DOO,Jack Doohan,alpine,Alpine F1 Team,7,14,20,R,0,0,Retired,,,,
2025,7,Emilia Romagna Grand Prix,2025-05-18,imola,Autodromo Enzo e Dino Ferrari,max_verstappen,VER,Max Verstappen,red_bull,Red Bull,1,2,1,1,25,63,Finished,1,1:17.988,,
2025,7,Emilia Romagna Grand Prix,2025-05-18,imola,Autodromo Enzo e Dino Ferrari,norris,NOR,Lando Norris,mclaren,McLaren,4,4,2,2,18,63,Finished,4,1:18.311,,
2025,7,Emilia Romagna Grand Prix,2025-05-18,imola,Autodromo Enzo e Dino Ferrari,piastri,PIA,Oscar Piastri,mclaren,McLaren,81,1,3,3,15,63,Finished,5,1:18.894,,
2025,7,Emilia Romagna Grand Prix,2025-05-18,imola,Autodromo Enzo e Dino Ferrari,hamilton,HAM,Lewis Hamilton,ferrari,Ferrari,44,12,4,4,12,63,Finished,2,1:18.265,,
2025,7,Emilia Romagna Grand Prix,2025-05-18,imola,Autodromo Enzo e Dino Ferrari,albon,ALB,Alexander Albon,williams,Williams,23,7,5,5,10,63,Finished,3,1:18.289,,
2025,7,Emilia Romagna Grand Prix,2025-05-18,imola,Autodromo Enzo e Dino Ferrari,leclerc,LEC,Charles Leclerc,ferrari,Ferrari,16,11,6,6,8,63,Finished,6,1:19.048,,
2025,7,Emilia Romagna Grand Prix,2025-05-18,imola,Autodromo Enzo e Dino Ferrari,russell,RUS,George Russell,mercedes,Mercedes,63,3,7,7,6,63,Finished,9,1:19.733,,
2025,7,Emilia Romagna Grand Prix,2025-05-18,imola,Autodromo Enzo e Dino Ferrari,sainz,SAI,Carlos Sainz,williams,Williams,55,6,8,8,4,63,Finished,10,1:19.836,,
2025,7,Emilia Romagna Grand Prix,2025-05-18,imola,Autodromo Enzo e Dino Ferrari,hadjar,HAD,Isack Hadjar,rb,RB F1 Team,6,9,9,9,2,63,Finished,7,1:19.473,,
2025,7,Emilia Romagna Grand Prix,2025-05-18,imola,Autodromo Enzo e Dino Ferrari,tsunoda,TSU,Yuki Tsunoda,red_bull,Red Bull,22,20,10,10,1,63,Finished,12,1:20.039,,
2025,7,Emilia Romagna Grand Prix,2025-05-18,imola,Autodromo Enzo e Dino Ferrari,alonso,ALO,Fernando Alonso,aston_martin,Aston Martin,14,5,11,11,0,63,Finished,11,1:19.894,,
2025,7,Emilia Romagna Grand Prix,2025-05-18,imola,Autodromo Enzo e Dino Ferrari,hulkenberg,HUL,Nico Hülkenberg,sauber,Sauber,27,17,12,12,0,63,Finished,15,1:20.401,,
2025,7,Emilia Romagna Grand Prix,2025-05-18,imola,Autodromo Enzo e Dino Ferrari,gasly,GAS,Pierre Gasly,alpine,Alpine F1 Team,10,10,13,13,0,63,Finished,14,1:20.398,,
2025,7,Emilia Romagna Grand Prix,2025-05-18,imola,Autodromo Enzo e Dino Ferrari,lawson,LAW,Liam Lawson,rb,RB F1 Team,30,15,14,14,0,63,Finished,16,1:20.473,,
2025,7,Emilia Romagna Grand Prix,2025-05-18,imola,Autodromo Enzo e Dino Ferrari,stroll,STR,Lance Stroll,aston_martin,Aston Martin,18,8,15,15,0,63,Finished,17,1:20.501,,
2025,7,Emilia Romagna Grand Prix,2025-05-18,imola,Autodromo Enzo e Dino Ferrari,colapinto,COL,Franco Colapinto,alpine,Alpine F1 Team,43,16,16,16,0,63,Finished,13,1:20.345,,
2025,7,Emilia Romagna Grand Prix,2025-05-18,imola,Autodromo Enzo e Dino Ferrari,bearman,BEA,Oliver Bearman,haas,Haas F1 Team,87,19,17,17,0,63,Finished,8,1:19.521,,
2025,7,Emilia Romagna Grand Prix,2025-05-18,imola,Autodromo Enzo e Dino Ferrari,bortoleto,BOR,Gabriel Bortoleto,sauber,Sauber,5,14,18,18,0,63,Finished,19,1:20.630,,
2025,7,Emilia Romagna Grand Prix,2025-05-18,imola,Autodromo Enzo e Dino Ferrari,antonelli,ANT,Andrea Kimi Antonelli,mercedes,Mercedes,12,13,19,R,0,44,Retired,18,1:20.620,,
2025,7,Emilia Romagna Grand Prix,2025-05-18,imola,Autodromo Enzo e Dino Ferrari,ocon,OCO,Esteban Ocon,haas,Haas F1 Team,31,18,20,R,0,27,Retired,20,1:21.413,,
2025,8,Monaco Grand Prix,2025-05-25,monaco,Circuit de Monaco,norris,NOR,Lando Norris,mclaren,McLaren,4,1,1,1,25,78,Finished,1,1:13.221,,
2025,8,Monaco Grand Prix,2025-05-25,monaco,Circuit de Monaco,leclerc,LEC,Charles Leclerc,ferrari,Ferrari,16,2,2,2,18,78,Finished,6,1:14.055,,
2025,8,Monaco Grand Prix,2025-05-25,monaco,Circuit de Monaco,piastri,PIA,Oscar Piastri,mclaren,McLaren,81,3,3,3,15,78,Finished,4,1:13.745,,
2025,8,Monaco Grand Prix,2025-05-25,monaco,Circuit de Monaco,max_verstappen,VER,Max Verstappen,red_bull,Red Bull,1,4,4,4,12,78,Finished,8,1:14.230,,
2025,8,Monaco Grand Prix,2025-05-25,monaco,Circuit de Monaco,hamilton,HAM,Lewis Hamilton,ferrari,Ferrari,44,7,5,5,10,78,Finished,7,1:14.090,,
2025,8,Monaco Grand Prix,2025-05-25,monaco,Circuit de Monaco,hadjar,HAD,Isack Hadjar,rb,RB F1 Team,6,5,6,6,8,77,Lapped,19,1:15.981,,
2025,8,Monaco Grand Prix,2025-05-25,monaco,Circuit de Monaco,ocon,OCO,Esteban Ocon,haas,Haas F1 Team,31,8,7,7,6,77,Lapped,14,1:15.157,,
2025,8,Monaco Grand Prix,2025-05-25,monaco,Circuit de Monaco,lawson,LAW,Liam Lawson,rb,RB F1 Team,30,9,8,8,4,77,Lapped,17,1:15.321,,
2025,8,Monaco Grand Prix,2025-05-25,monaco,Circuit de Monaco,albon,ALB,Alexander Albon,williams,Williams,23,10,9,9,2,76,Lapped,9,1:14.597,,
2025,8,Monaco Grand Prix,2025-05-25,monaco,Circuit de Monaco,sainz,SAI,Carlos Sainz,williams,Williams,55,11,10,10,1,76,Lapped,5,1:13.988,,
2025,8,Monaco Grand Prix,2025-05-25,monaco,Circuit de Monaco,russell,RUS,George Russell,mercedes,Mercedes,63,14,11,11,0,76,Lapped,2,1:13.405,,
2025,8,Monaco Grand Prix,2025-05-25,monaco,Circuit de Monaco,bearman,BEA,Oliver Bearman,haas,Haas F1 Team,87,20,12,12,0,76,Lapped,10,1:14.855,,
2025,8,Monaco Grand Prix,2025-05-25,monaco,Circuit de Monaco,colapinto,COL,Franco Colapinto,alpine,Alpine F1 Team,43,18,13,13,0,76,Lapped,16,1:15.298,,
2025,8,Monaco Grand Prix,2025-05-25,monaco,Circuit de Monaco,bortoleto,BOR,Gabriel Bortoleto,sauber,Sauber,5,16,14,14,0,76,Lapped,12,1:14.884,,
2025,8,Monaco Grand Prix,2025-05-25,monaco,Circuit de Monaco,stroll,STR,Lance Stroll,aston_martin,Aston Martin,18,19,15,15,0,76,Lapped,11,1:14.877,,
2025,8,Monaco Grand Prix,2025-05-25,monaco,Circuit de Monaco,hulkenberg,HUL,Nico Hülkenberg,sauber,Sauber,27,13,16,16,0,76,Lapped,15,1:15.223,,
2025,8,Monaco Grand Prix,2025-05-25,monaco,Circuit de Monaco,tsunoda,TSU,Yuki Tsunoda,red_bull,Red Bull,22,12,17,17,0,76,Lapped,13,1:14.913,,
2025,8,Monaco Grand Prix,2025-05-25,monaco,Circuit de Monaco,antonelli,ANT,Andrea Kimi Antonelli,mercedes,Mercedes,12,15,18,18,0,75,Lapped,3,1:13.518,,
2025,8,Monaco Grand Prix,2025-05-25,monaco,Circuit de Monaco,alonso,ALO,Fernando Alonso,aston_martin,Aston Martin,14,6,19,R,0,36,Retired,18,1:15.593,,
2025,8,Monaco Grand Prix,2025-05-25,monaco,Circuit de Monaco,gasly,GAS,Pierre Gasly,alpine,Alpine F1 Team,10,17,20,R,0,7,Retired,20,1:18.054,,
2025,9,Spanish Grand Prix,2025-06-01,catalunya,Circuit de Barcelona-Catalunya,piastri,PIA,Oscar Piastri,mclaren,McLaren,81,1,1,1,25,66,Finished,1,1:15.743,,
2025,9,Spanish Grand Prix,2025-06-01,catalunya,Circuit de Barcelona-Catalunya,norris,NOR,Lando Norris,mclaren,McLaren,4,2,2,2,18,66,Finished,2,1:16.187,,
2025,9,Spanish Grand Prix,2025-06-01,catalunya,Circuit de Barcelona-Catalunya,leclerc,LEC,Charles Leclerc,ferrari,Ferrari,16,7,3,3,15,66,Finished,5,1:17.259,,
2025,9,Spanish Grand Prix,2025-06-01,catalunya,Circuit de Barcelona-Catalunya,russell,RUS,George Russell,mercedes,Mercedes,63,4,4,4,12,66,Finished,4,1:17.244,,
2025,9,Spanish Grand Prix,2025-06-01,catalunya,Circuit de Barcelona-Catalunya,hulkenberg,HUL,Nico Hülkenberg,sauber,Sauber,27,15,5,5,10,66,Finished,6,1:17.575,,
2025,9,Spanish Grand Prix,2025-06-01,catalunya,Circuit de Barcelona-Catalunya,hamilton,HAM,Lewis Hamilton,ferrari,Ferrari,44,5,6,6,8,66,Finished,7,1:17.706,,
2025,9,Spanish Grand Prix,2025-06-01,catalunya,Circuit de Barcelona-Catalunya,hadjar,HAD,Isack Hadjar,rb,RB F1 Team,6,9,7,7,6,66,Finished,8,1:17.770,,
2025,9,Spanish Grand Prix,2025-06-01,catalunya,Circuit de Barcelona-Catalunya,gasly,GAS,Pierre Gasly,alpine,Alpine F1 Team,10,8,8,8,4,66,Finished,9,1:17.896,,
2025,9,Spanish Grand Prix,2025-06-01,catalunya,Circuit de Barcelona-Catalunya,alonso,ALO,Fernando Alonso,aston_martin,Aston Martin,14,10,9,9,2,66,Finished,11,1:18.128,,
2025,9,Spanish Grand Prix,2025-06-01,catalunya,Circuit de Barcelona-Catalunya,max_verstappen,VER,Max Verstappen,red_bull,Red Bull,1,3,10,10,1,66,Finished,3,1:17.019,,
2025,9,Spanish Grand Prix,2025-06-01,catalunya,Circuit de Barcelona-Catalunya,lawson,LAW,Liam Lawson,rb,RB F1 Team,30,13,11,11,0,66,Finished,18,1:19.424,,
2025,9,Spanish Grand Prix,2025-06-01,catalunya,Circuit de Barcelona-Catalunya,bortoleto,BOR,Gabriel Bortoleto,sauber,Sauber,5,12,12,12,0,66,Finished,13,1:18.297,,
2025,9,Spanish Grand Prix,2025-06-01,catalunya,Circuit de Barcelona-Catalunya,tsunoda,TSU,Yuki Tsunoda,red_bull,Red Bull,22,19,13,13,0,66,Finished,10,1:17.998,,
2025,9,Spanish Grand Prix,2025-06-01,catalunya,Circuit de Barcelona-Catalunya,sainz,SAI,Carlos Sainz,williams,Williams,55,17,14,14,0,66,Finished,17,1:19.317,,
2025,9,Spanish Grand Prix,2025-06-01,catalunya,Circuit de Barcelona-Catalunya,colapinto,COL,Franco Colapinto,alpine,Alpine F1 Team,43,18,15,15,0,66,Finished,14,1:18.353,,
2025,9,Spanish Grand Prix,2025-06-01,catalunya,Circuit de Barcelona-Catalunya,ocon,OCO,Esteban Ocon,haas,Haas F1 Team,31,16,16,16,0,66,Finished,15,1:18.624,,
2025,9,Spanish Grand Prix,2025-06-01,catalunya,Circuit de Barcelona-Catalunya,bearman,BEA,Oliver Bearman,haas,Haas F1 Team,87,14,17,17,0,66,Finished,16,1:18.907,,
2025,9,Spanish Grand Prix,2025-06-01,catalunya,Circuit de Barcelona-Catalunya,antonelli,ANT,Andrea Kimi Antonelli,mercedes,Mercedes,12,6,18,R,0,53,Retired,12,1:18.255,,
2025,9,Spanish Grand Prix,2025-06-01,catalunya,Circuit de Barcelona-Catalunya,albon,ALB,Alexander Albon,williams,Williams,23,11,19,R,0,27,Retired,19,1:20.508,,
2025,10,Canadian Grand Prix,2025-06-15,villeneuve,Circuit Gilles Villeneuve,russell,RUS,George Russell,mercedes,Mercedes,63,1,1,1,25,70,Finished,1,1:14.119,,
2025,10,Canadian Grand Prix,2025-06-15,villeneuve,Circuit Gilles Villeneuve,max_verstappen,VER,Max Verstappen,red_bull,Red Bull,1,2,2,2,18,70,Finished,5,1:14.287,,
2025,10,Canadian Grand Prix,2025-06-15,villeneuve,Circuit Gilles Villeneuve,antonelli,ANT,Andrea Kimi Antonelli,mercedes,Mercedes,12,4,3,3,15,70,Finished,7,1:14.455,,
2025,10,Canadian Grand Prix,2025-06-15,villeneuve,Circuit Gilles Villeneuve,piastri,PIA,Oscar Piastri,mclaren,McLaren,81,3,4,4,12,70,Finished,3,1:14.255,,
2025,10,Canadian Grand Prix,2025-06-15,villeneuve,Circuit Gilles Villeneuve,leclerc,LEC,Charles Leclerc,ferrari,Ferrari,16,8,5,5,10,70,Finished,4,1:14.261,,
2025,10,Canadian Grand Prix,2025-06-15,villeneuve,Circuit Gilles Villeneuve,hamilton,HAM,Lewis Hamilton,ferrari,Ferrari,44,5,6,6,8,70,Finished,9,1:14.805,,
2025,10,Canadian Grand Prix,2025-06-15,villeneuve,Circuit Gilles Villeneuve,alonso,ALO,Fernando Alonso,aston_martin,Aston Martin,14,6,7,7,6,70,Finished,12,1:15.024,,
2025,10,Canadian Grand Prix,2025-06-15,villeneuve,Circuit Gilles Villeneuve,hulkenberg,HUL,Nico Hülkenberg,sauber,Sauber,27,11,8,8,4,70,Finished,14,1:15.372,,
2025,10,Canadian Grand Prix,2025-06-15,villeneuve,Circuit Gilles Villeneuve,ocon,OCO,Esteban Ocon,haas,Haas F1 Team,31,14,9,9,2,69,Lapped,8,1:14.593,,
2025,10,Canadian Grand Prix,2025-06-15,villeneuve,Circuit Gilles Villeneuve,sainz,SAI,Carlos Sainz,williams,Williams,55,16,10,10,1,69,Lapped,6,1:14.389,,
2025,10,Canadian Grand Prix,2025-06-15,villeneuve,Circuit Gilles Villeneuve,bearman,BEA,Oliver Bearman,haas,Haas F1 Team,87,13,11,11,0,69,Lapped,15,1:15.397,,
2025,10,Canadian Grand Prix,2025-06-15,villeneuve,Circuit Gilles Villeneuve,tsunoda,TSU,Yuki Tsunoda,red_bull,Red Bull,22,18,12,12,0,69,Lapped,13,1:15.358,,
2025,10,Canadian Grand Prix,2025-06-15,villeneuve,Circuit Gilles Villeneuve,colapinto,COL,Franco Colapinto,alpine,Alpine F1 Team,43,10,13,13,0,69,Lapped,17,1:16.076,,
2025,10,Canadian Grand Prix,2025-06-15,villeneuve,Circuit Gilles Villeneuve,bortoleto,BOR,Gabriel Bortoleto,sauber,Sauber,5,15,14,14,0,69,Lapped,16,1:15.414,,
2025,10,Canadian Grand Prix,2025-06-15,villeneuve,Circuit Gilles Villeneuve,gasly,GAS,Pierre Gasly,alpine,Alpine F1 Team,10,20,15,15,0,69,Lapped,11,1:14.993,,
2025,10,Canadian Grand Prix,2025-06-15,villeneuve,Circuit Gilles Villeneuve,hadjar,HAD,Isack Hadjar,rb,RB F1 Team,6,12,16,16,0,69,Lapped,19,1:16.292,,
2025,10,Canadian Grand Prix,2025-06-15,villeneuve,Circuit Gilles Villeneuve,stroll,STR,Lance Stroll,aston_martin,Aston Martin,18,17,17,17,0,69,Lapped,10,1:14.902,,
2025,10,Canadian Grand Prix,2025-06-15,villeneuve,Circuit Gilles Villeneuve,norris,NOR,Lando Norris,mclaren,McLaren,4,7,18,18,0,66,Retired,2,1:14.229,,
2025,10,Canadian Grand Prix,2025-06-15,villeneuve,Circuit Gilles Villeneuve,lawson,LAW,Liam Lawson,rb,RB F1 Team,30,19,19,R,0,53,Retired,20,1:16.320,,
2025,10,Canadian Grand Prix,2025-06-15,villeneuve,Circuit Gilles Villeneuve,albon,ALB,Alexander Albon,williams,Williams,23,9,20,R,0,46,Retired,18,1:16.197,,
2025,11,Austrian Grand Prix,2025-06-29,red_bull_ring,Red Bull Ring,norris,NOR,Lando Norris,mclaren,McLaren,4,1,1,1,25,70,Finished,2,1:08.272,,
2025,11,Austrian Grand Prix,2025-06-29,red_bull_ring,Red Bull Ring,piastri,PIA,Oscar Piastri,mclaren,McLaren,81,3,2,2,18,70,Finished,1,1:07.924,,
2025,11,Austrian Grand Prix,2025-06-29,red_bull_ring,Red Bull Ring,leclerc,LEC,Charles Leclerc,ferrari,Ferrari,16,2,3,3,15,70,Finished,4,1:08.765,,
2025,11,Austrian Grand Prix,2025-06-29,red_bull_ring,Red Bull Ring,hamilton,HAM,Lewis Hamilton,ferrari,Ferrari,44,4,4,4,12,70,Finished,3,1:08.628,,
2025,11,Austrian Grand Prix,2025-06-29,red_bull_ring,Red Bull Ring,russell,RUS,George Russell,mercedes,Mercedes,63,5,5,5,10,70,Finished,7,1:09.372,,
2025,11,Austrian Grand Prix,2025-06-29,red_bull_ring,Red Bull Ring,lawson,LAW,Liam Lawson,rb,RB F1 Team,30,6,6,6,8,70,Finished,14,1:09.977,,
2025,11,Austrian Grand Prix,2025-06-29,red_bull_ring,Red Bull Ring,alonso,ALO,Fernando Alonso,aston_martin,Aston Martin,14,11,7,7,6,69,Lapped,12,1:09.935,,
2025,11,Austrian Grand Prix,2025-06-29,red_bull_ring,Red Bull Ring,bortoleto,BOR,Gabriel Bortoleto,sauber,Sauber,5,8,8,8,4,69,Lapped,6,1:09.247,,
2025,11,Austrian Grand Prix,2025-06-29,red_bull_ring,Red Bull Ring,hulkenberg,HUL,Nico Hülkenberg,sauber,Sauber,27,20,9,9,2,69,Lapped,8,1:09.459,,
2025,11,Austrian Grand Prix,2025-06-29,red_bull_ring,Red Bull Ring,ocon,OCO,Esteban Ocon,haas,Haas F1 Team,31,17,10,10,1,69,Lapped,9,1:09.550,,
2025,11,Austrian Grand Prix,2025-06-29,red_bull_ring,Red Bull Ring,bearman,BEA,Oliver Bearman,haas,Haas F1 Team,87,15,11,11,0,69,Lapped,13,1:09.960,,
2025,11,Austrian Grand Prix,2025-06-29,red_bull_ring,Red Bull Ring,hadjar,HAD,Isack Hadjar,rb,RB F1 Team,6,13,12,12,0,69,Lapped,16,1:10.204,,
2025,11,Austrian Grand Prix,2025-06-29,red_bull_ring,Red Bull Ring,gasly,GAS,Pierre Gasly,alpine,Alpine F1 Team,10,10,13,13,0,69,Lapped,15,1:10.151,,
2025,11,Austrian Grand Prix,2025-06-29,red_bull_ring,Red Bull Ring,stroll,STR,Lance Stroll,aston_martin,Aston Martin,18,16,14,14,0,69,Lapped,5,1:09.214,,
2025,11,Austrian Grand Prix,2025-06-29,red_bull_ring,Red Bull Ring,colapinto,COL,Franco Colapinto,alpine,Alpine F1 Team,43,14,15,15,0,69,Lapped,10,1:09.621,,
2025,11,Austrian Grand Prix,2025-06-29,red_bull_ring,Red Bull Ring,tsunoda,TSU,Yuki Tsunoda,red_bull,Red Bull,22,18,16,16,0,68,Lapped,11,1:09.802,,
2025,11,Austrian Grand Prix,2025-06-29,red_bull_ring,Red Bull Ring,albon,ALB,Alexander Albon,williams,Williams,23,12,17,R,0,15,Retired,17,1:10.641,,
2025,11,Austrian Grand Prix,2025-06-29,red_bull_ring,Red Bull Ring,max_verstappen,VER,Max Verstappen,red_bull,Red Bull,1,7,18,R,0,0,Retired,,,,
2025,11,Austrian Grand Prix,2025-06-29,red_bull_ring,Red Bull Ring,antonelli,ANT,Andrea Kimi Antonelli,mercedes,Mercedes,12,9,19,R,0,0,Retired,,,,
2025,11,Austrian Grand Prix,2025-06-29,red_bull_ring,Red Bull Ring,sainz,SAI,Carlos Sainz,williams,Williams,55,19,20,W,0,0,Did not start,,,,
2025,12,British Grand Prix,2025-07-06,silverstone,Silverstone Circuit,norris,NOR,Lando Norris,mclaren,McLaren,4,3,1,1,25,52,Finished,2,1:29.734,,
2025,12,British Grand Prix,2025-07-06,silverstone,Silverstone Circuit,piastri,PIA,Oscar Piastri,mclaren,McLaren,81,2,2,2,18,52,Finished,1,1:29.337,,
2025,12,British Grand Prix,2025-07-06,silverstone,Silverstone Circuit,hulkenberg,HUL,Nico Hülkenberg,sauber,Sauber,27,19,3,3,15,52,Finished,14,1:30.933,,
2025,12,British Grand Prix,2025-07-06,silverstone,Silverstone Circuit,hamilton,HAM,Lewis Hamilton,ferrari,Ferrari,44,5,4,4,12,52,Finished,3,1:30.016,,
2025,12,British Grand Prix,2025-07-06,silverstone,Silverstone Circuit,max_verstappen,VER,Max Verstappen,red_bull,Red Bull,1,1,5,5,10,52,Finished,5,1:30.179,,
2025,12,British Grand Prix,2025-07-06,silverstone,Silverstone Circuit,gasly,GAS,Pierre Gasly,alpine,Alpine F1 Team,10,8,6,6,8,52,Finished,8,1:30.751,,
2025,12,British Grand Prix,2025-07-06,silverstone,Silverstone Circuit,stroll,STR,Lance Stroll,aston_martin,Aston Martin,18,17,7,7,6,52,Finished,15,1:32.088,,
2025,12,British Grand Prix,2025-07-06,silverstone,Silverstone Circuit,albon,ALB,Alexander Albon,williams,Williams,23,13,8,8,4,52,Finished,4,1:30.047,,
2025,12,British Grand Prix,2025-07-06,silverstone,Silverstone Circuit,alonso,ALO,Fernando Alonso,aston_martin,Aston Martin,14,7,9,9,2,52,Finished,6,1:30.353,,
2025,12,British Grand Prix,2025-07-06,silverstone,Silverstone Circuit,russell,RUS,George Russell,mercedes,Mercedes,63,4,10,10,1,52,Finished,11,1:30.869,,
2025,12,British Grand Prix,2025-07-06,silverstone,Silverstone Circuit,bearman,BEA,Oliver Bearman,haas,Haas F1 Team,87,18,11,11,0,52,Finished,13,1:30.921,,
2025,12,British Grand Prix,2025-07-06,silverstone,Silverstone Circuit,sainz,SAI,Carlos Sainz,williams,Williams,55,9,12,12,0,52,Finished,7,1:30.645,,
2025,12,British Grand Prix,2025-07-06,silverstone,Silverstone Circuit,ocon,OCO,Esteban Ocon,haas,Haas F1 Team,31,14,13,13,0,52,Finished,9,1:30.818,,
2025,12,British Grand Prix,2025-07-06,silverstone,Silverstone Circuit,leclerc,LEC,Charles Leclerc,ferrari,Ferrari,16,6,14,14,0,52,Finished,10,1:30.819,,
2025,12,British Grand Prix,2025-07-06,silverstone,Silverstone Circuit,tsunoda,TSU,Yuki Tsunoda,red_bull,Red Bull,22,11,15,15,0,51,Lapped,12,1:30.873,,
2025,12,British Grand Prix,2025-07-06,silverstone,Silverstone Circuit,antonelli,ANT,Andrea Kimi Antonelli,mercedes,Mercedes,12,10,16,R,0,23,Retired,17,1:45.576,,
2025,12,British Grand Prix,2025-07-06,silverstone,Silverstone Circuit,hadjar,HAD,Isack Hadjar,rb,RB F1 Team,6,12,17,R,0,17,Retired,16,1:41.705,,
2025,12,British Grand Prix,2025-07-06,silverstone,Silverstone Circuit,bortoleto,BOR,Gabriel Bortoleto,sauber,Sauber,5,16,18,R,0,3,Retired,18,2:16.121,,
2025,12,British Grand Prix,2025-07-06,silverstone,Silverstone Circuit,lawson,LAW,Liam Lawson,rb,RB F1 Team,30,15,19,R,0,0,Retired,,,,
2025,12,British Grand Prix,2025-07-06,silverstone,Silverstone Circuit,colapinto,COL,Franco Colapinto,alpine,Alpine F1 Team,43,20,20,W,0,0,Did not start,,,,
2025,13,Belgian Grand Prix,2025-07-27,spa,Circuit de Spa-Francorchamps,piastri,PIA,Oscar Piastri,mclaren,McLaren,81,2,1,1,25,44,Finished,4,1:45.706,,
2025,13,Belgian Grand Prix,2025-07-27,spa,Circuit de Spa-Francorchamps,norris,NOR,Lando Norris,mclaren,McLaren,4,1,2,2,18,44,Finished,3,1:45.257,,
2025,13,Belgian Grand Prix,2025-07-27,spa,Circuit de Spa-Francorchamps,leclerc,LEC,Charles Leclerc,ferrari,Ferrari,16,3,3,3,15,44,Finished,9,1:46.174,,
2025,13,Belgian Grand Prix,2025-07-27,spa,Circuit de Spa-Francorchamps,max_verstappen,VER,Max Verstappen,red_bull,Red Bull,1,4,4,4,12,44,Finished,7,1:46.096,,
2025,13,Belgian Grand Prix,2025-07-27,spa,Circuit de Spa-Francorchamps,russell,RUS,George Russell,mercedes,Mercedes,63,6,5,5,10,44,Finished,11,1:46.566,,
2025,13,Belgian Grand Prix,2025-07-27,spa,Circuit de Spa-Francorchamps,albon,ALB,Alexander Albon,williams,Williams,23,5,6,6,8,44,Finished,15,1:46.813,,
2025,13,Belgian Grand Prix,2025-07-27,spa,Circuit de Spa-Francorchamps,hamilton,HAM,Lewis Hamilton,ferrari,Ferrari,44,18,7,7,6,44,Finished,10,1:46.534,,
2025,13,Belgian Grand Prix,2025-07-27,spa,Circuit de Spa-Francorchamps,lawson,LAW,Liam Lawson,rb,RB F1 Team,30,9,8,8,4,44,Finished,12,1:46.649,,
2025,13,Belgian Grand Prix,2025-07-27,spa,Circuit de Spa-Francorchamps,bortoleto,BOR,Gabriel Bortoleto,sauber,Sauber,5,10,9,9,2,44,Finished,16,1:46.966,,
2025,13,Belgian Grand Prix,2025-07-27,spa,Circuit de Spa-Francorchamps,gasly,GAS,Pierre Gasly,alpine,Alpine F1 Team,10,13,10,10,1,44,Finished,17,1:47.177,,
2025,13,Belgian Grand Prix,2025-07-27,spa,Circuit de Spa-Francorchamps,bearman,BEA,Oliver Bearman,haas,Haas F1 Team,87,12,11,11,0,44,Finished,13,1:46.709,,
2025,13,Belgian Grand Prix,2025-07-27,spa,Circuit de Spa-Francorchamps,hulkenberg,HUL,Nico Hülkenberg,sauber,Sauber,27,14,12,12,0,44,Finished,2,1:45.068,,
2025,13,Belgian Grand Prix,2025-07-27,spa,Circuit de Spa-Francorchamps,tsunoda,TSU,Yuki Tsunoda,red_bull,Red Bull,22,7,13,13,0,44,Finished,19,1:47.241,,
2025,13,Belgian Grand Prix,2025-07-27,spa,Circuit de Spa-Francorchamps,stroll,STR,Lance Stroll,aston_martin,Aston Martin,18,16,14,14,0,44,Finished,18,1:47.212,,
2025,13,Belgian Grand Prix,2025-07-27,spa,Circuit de Spa-Francorchamps,ocon,OCO,Esteban Ocon,haas,Haas F1 Team,31,11,15,15,0,44,Finished,14,1:46.744,,
2025,13,Belgian Grand Prix,2025-07-27,spa,Circuit de Spa-Francorchamps,antonelli,ANT,Andrea Kimi Antonelli,mercedes,Mercedes,12,19,16,16,0,44,Finished,1,1:44.861,,
2025,13,Belgian Grand Prix,2025-07-27,spa,Circuit de Spa-Francorchamps,alonso,ALO,Fernando Alonso,aston_martin,Aston Martin,14,20,17,17,0,44,Finished,5,1:45.849,,
2025,13,Belgian Grand Prix,2025-07-27,spa,Circuit de Spa-Francorchamps,sainz,SAI,Carlos Sainz,williams,Williams,55,17,18,18,0,44,Finished,6,1:46.073,,
2025,13,Belgian Grand Prix,2025-07-27,spa,Circuit de Spa-Francorchamps,colapinto,COL,Franco Colapinto,alpine,Alpine F1 Team,43,15,19,19,0,44,Finished,8,1:46.104,,
2025,13,Belgian Grand Prix,2025-07-27,spa,Circuit de Spa-Francorchamps,hadjar,HAD,Isack Hadjar,rb,RB F1 Team,6,8,20,20,0,43,Lapped,20,1:47.667,,
2025,14,Hungarian Grand Prix,2025-08-03,hungaroring,Hungaroring,norris,NOR,Lando Norris,mclaren,McLaren,4,3,1,1,25,70,Finished,5,1:19.918,,
2025,14,Hungarian Grand Prix,2025-08-03,hungaroring,Hungaroring,piastri,PIA,Oscar Piastri,mclaren,McLaren,81,2,2,2,18,70,Finished,2,1:19.412,,
2025,14,Hungarian Grand Prix,2025-08-03,hungaroring,Hungaroring,russell,RUS,George Russell,mercedes,Mercedes,63,4,3,3,15,70,Finished,1,1:19.409,,
2025,14,Hungarian Grand Prix,2025-08-03,hungaroring,Hungaroring,leclerc,LEC,Charles Leclerc,ferrari,Ferrari,16,1,4,4,12,70,Finished,9,1:20.440,,
2025,14,Hungarian Grand Prix,2025-08-03,hungaroring,Hungaroring,alonso,ALO,Fernando Alonso,aston_martin,Aston Martin,14,5,5,5,10,70,Finished,8,1:20.113,,
2025,14,Hungarian Grand Prix,2025-08-03,hungaroring,Hungaroring,bortoleto,BOR,Gabriel Bortoleto,sauber,Sauber,5,7,6,6,8,70,Finished,11,1:20.705,,
2025,14,Hungarian Grand Prix,2025-08-03,hungaroring,Hungaroring,stroll,STR,Lance Stroll,aston_martin,Aston Martin,18,6,7,7,6,70,Finished,12,1:20.708,,
2025,14,Hungarian Grand Prix,2025-08-03,hungaroring,Hungaroring,lawson,LAW,Liam Lawson,rb,RB F1 Team,30,9,8,8,4,70,Finished,10,1:20.457,,
2025,14,Hungarian Grand Prix,2025-08-03,hungaroring,Hungaroring,max_verstappen,VER,Max Verstappen,red_bull,Red Bull,1,8,9,9,2,70,Finished,3,1:19.576,,
2025,14,Hungarian Grand Prix,2025-08-03,hungaroring,Hungaroring,antonelli,ANT,Andrea Kimi Antonelli,mercedes,Mercedes,12,15,10,10,1,69,Lapped,13,1:20.745,,
2025,14,Hungarian Grand Prix,2025-08-03,hungaroring,Hungaroring,hadjar,HAD,Isack Hadjar,rb,RB F1 Team,6,10,11,11,0,69,Lapped,15,1:20.802,,
2025,14,Hungarian Grand Prix,2025-08-03,hungaroring,Hungaroring,hamilton,HAM,Lewis Hamilton,ferrari,Ferrari,44,12,12,12,0,69,Lapped,7,1:20.022,,
2025,14,Hungarian Grand Prix,2025-08-03,hungaroring,Hungaroring,hulkenberg,HUL,Nico Hülkenberg,sauber,Sauber,27,18,13,13,0,69,Lapped,6,1:20.013,,
2025,14,Hungarian Grand Prix,2025-08-03,hungaroring,Hungaroring,sainz,SAI,Carlos Sainz,williams,Williams,55,13,14,14,0,69,Lapped,4,1:19.790,,
2025,14,Hungarian Grand Prix,2025-08-03,hungaroring,Hungaroring,albon,ALB,Alexander Albon,williams,Williams,23,19,15,15,0,69,Lapped,14,1:20.779,,
2025,14,Hungarian Grand Prix,2025-08-03,hungaroring,Hungaroring,ocon,OCO,Esteban Ocon,haas,Haas F1 Team,31,17,16,16,0,69,Lapped,19,1:21.916,,
2025,14,Hungarian Grand Prix,2025-08-03,hungaroring,Hungaroring,tsunoda,TSU,Yuki Tsunoda,red_bull,Red Bull,22,20,17,17,0,69,Lapped,17,1:21.180,,
2025,14,Hungarian Grand Prix,2025-08-03,hungaroring,Hungaroring,colapinto,COL,Franco Colapinto,alpine,Alpine F1 Team,43,14,18,18,0,69,Lapped,16,1:20.827,,
2025,14,Hungarian Grand Prix,2025-08-03,hungaroring,Hungaroring,gasly,GAS,Pierre Gasly,alpine,Alpine F1 Team,10,16,19,19,0,69,Lapped,18,1:21.433,,
2025,14,Hungarian Grand Prix,2025-08-03,hungaroring,Hungaroring,bearman,BEA,Oliver Bearman,haas,Haas F1 Team,87,11,20,R,0,48,Retired,20,1:21.989,,
2025,15,Dutch Grand Prix,2025-08-31,zandvoort,Circuit Park Zandvoort,piastri,PIA,Oscar Piastri,mclaren,McLaren,81,1,1,1,25,72,Finished,1,1:12.271,,
2025,15,Dutch Grand Prix,2025-08-31,zandvoort,Circuit Park Zandvoort,max_verstappen,VER,Max Verstappen,red_bull,Red Bull,1,3,2,2,18,72,Finished,3,1:12.921,,
2025,15,Dutch Grand Prix,2025-08-31,zandvoort,Circuit Park Zandvoort,hadjar,HAD,Isack Hadjar,rb,RB F1 Team,6,4,3,3,15,72,Finished,5,1:13.327,,
2025,15,Dutch Grand Prix,2025-08-31,zandvoort,Circuit Park Zandvoort,russell,RUS,George Russell,mercedes,Mercedes,63,5,4,4,12,72,Finished,9,1:13.728,,
2025,15,Dutch Grand Prix,2025-08-31,zandvoort,Circuit Park Zandvoort,albon,ALB,Alexander Albon,williams,Williams,23,15,5,5,10,72,Finished,7,1:13.687,,
2025,15,Dutch Grand Prix,2025-08-31,zandvoort,Circuit Park Zandvoort,bearman,BEA,Oliver Bearman,haas,Haas F1 Team,87,20,6,6,8,72,Finished,13,1:13.950,,
2025,15,Dutch Grand Prix,2025-08-31,zandvoort,Circuit Park Zandvoort,stroll,STR,Lance Stroll,aston_martin,Aston Martin,18,19,7,7,6,72,Finished,11,1:13.822,,
2025,15,Dutch Grand Prix,2025-08-31,zandvoort,Circuit Park Zandvoort,alonso,ALO,Fernando Alonso,aston_martin,Aston Martin,14,10,8,8,4,72,Finished,8,1:13.719,,
2025,15,Dutch Grand Prix,2025-08-31,zandvoort,Circuit Park Zandvoort,tsunoda,TSU,Yuki Tsunoda,red_bull,Red Bull,22,12,9,9,2,72,Finished,16,1:14.354,,
2025,15,Dutch Grand Prix,2025-08-31,zandvoort,Circuit Park Zandvoort,ocon,OCO,Esteban Ocon,haas,Haas F1 Team,31,18,10,10,1,72,Finished,14,1:13.986,,
2025,15,Dutch Grand Prix,2025-08-31,zandvoort,Circuit Park Zandvoort,colapinto,COL,Franco Colapinto,alpine,Alpine F1 Team,43,16,11,11,0,72,Finished,4,1:13.049,,
2025,15,Dutch Grand Prix,2025-08-31,zandvoort,Circuit Park Zandvoort,lawson,LAW,Liam Lawson,rb,RB F1 Team,30,8,12,12,0,72,Finished,12,1:13.879,,
2025,15,Dutch Grand Prix,2025-08-31,zandvoort,Circuit Park Zandvoort,sainz,SAI,Carlos Sainz,williams,Williams,55,9,13,13,0,72,Finished,10,1:13.808,,
2025,15,Dutch Grand Prix,2025-08-31,zandvoort,Circuit Park Zandvoort,hulkenberg,HUL,Nico Hülkenberg,sauber,Sauber,27,17,14,14,0,72,Finished,18,1:14.912,,
2025,15,Dutch Grand Prix,2025-08-31,zandvoort,Circuit Park Zandvoort,bortoleto,BOR,Gabriel Bortoleto,sauber,Sauber,5,13,15,15,0,72,Finished,15,1:14.307,,
2025,15,Dutch Grand Prix,2025-08-31,zandvoort,Circuit Park Zandvoort,antonelli,ANT,Andrea Kimi Antonelli,mercedes,Mercedes,12,11,16,16,0,72,Finished,6,1:13.480,,
2025,15,Dutch Grand Prix,2025-08-31,zandvoort,Circuit Park Zandvoort,gasly,GAS,Pierre Gasly,alpine,Alpine F1 Team,10,14,17,17,0,72,Finished,19,1:15.248,,
2025,15,Dutch Grand Prix,2025-08-31,zandvoort,Circuit Park Zandvoort,norris,NOR,Lando Norris,mclaren,McLaren,4,2,18,18,0,64,Retired,2,1:12.379,,
2025,15,Dutch Grand Prix,2025-08-31,zandvoort,Circuit Park Zandvoort,leclerc,LEC,Charles Leclerc,ferrari,Ferrari,16,6,19,R,0,52,Retired,17,1:14.557,,
2025,15,Dutch Grand Prix,2025-08-31,zandvoort,Circuit Park Zandvoort,hamilton,HAM,Lewis Hamilton,ferrari,Ferrari,44,7,20,R,0,22,Retired,20,1:15.684,,
2025,16,Italian Grand Prix,2025-09-07,monza,Autodromo Nazionale di Monza,max_verstappen,VER,Max Verstappen,red_bull,Red Bull,1,1,1,1,25,53,Finished,2,1:21.003,,
2025,16,Italian Grand Prix,2025-09-07,monza,Autodromo Nazionale di Monza,norris,NOR,Lando Norris,mclaren,McLaren,4,2,2,2,18,53,Finished,1,1:20.901,,
2025,16,Italian Grand Prix,2025-09-07,monza,Autodromo Nazionale di Monza,piastri,PIA,Oscar Piastri,mclaren,McLaren,81,3,3,3,15,53,Finished,3,1:21.245,,
2025,16,Italian Grand Prix,2025-09-07,monza,Autodromo Nazionale di Monza,leclerc,LEC,Charles Leclerc,ferrari,Ferrari,16,4,4,4,12,53,Finished,4,1:21.294,,
2025,16,Italian Grand Prix,2025-09-07,monza,Autodromo Nazionale di Monza,russell,RUS,George Russell,mercedes,Mercedes,63,5,5,5,10,53,Finished,8,1:21.800,,
2025,16,Italian Grand Prix,2025-09-07,monza,Autodromo Nazionale di Monza,hamilton,HAM,Lewis Hamilton,ferrari,Ferrari,44,10,6,6,8,53,Finished,6,1:21.546,,
2025,16,Italian Grand Prix,2025-09-07,monza,Autodromo Nazionale di Monza,albon,ALB,Alexander Albon,williams,Williams,23,14,7,7,6,53,Finished,5,1:21.368,,
2025,16,Italian Grand Prix,2025-09-07,monza,Autodromo Nazionale di Monza,bortoleto,BOR,Gabriel Bortoleto,sauber,Sauber,5,7,8,8,4,53,Finished,12,1:22.139,,
2025,16,Italian Grand Prix,2025-09-07,monza,Autodromo Nazionale di Monza,antonelli,ANT,Andrea Kimi Antonelli,mercedes,Mercedes,12,6,9,9,2,53,Finished,10,1:21.968,,
2025,16,Italian Grand Prix,2025-09-07,monza,Autodromo Nazionale di Monza,hadjar,HAD,Isack Hadjar,rb,RB F1 Team,6,19,10,10,1,53,Finished,11,1:22.133,,
2025,16,Italian Grand Prix,2025-09-07,monza,Autodromo Nazionale di Monza,sainz,SAI,Carlos Sainz,williams,Williams,55,13,11,11,0,53,Finished,7,1:21.740,,
2025,16,Italian Grand Prix,2025-09-07,monza,Autodromo Nazionale di Monza,bearman,BEA,Oliver Bearman,haas,Haas F1 Team,87,11,12,12,0,53,Finished,9,1:21.820,,
2025,16,Italian Grand Prix,2025-09-07,monza,Autodromo Nazionale di Monza,tsunoda,TSU,Yuki Tsunoda,red_bull,Red Bull,22,9,13,13,0,53,Finished,16,1:22.712,,
2025,16,Italian Grand Prix,2025-09-07,monza,Autodromo Nazionale di Monza,lawson,LAW,Liam Lawson,rb,RB F1 Team,30,18,14,14,0,53,Finished,17,1:22.777,,
2025,16,Italian Grand Prix,2025-09-07,monza,Autodromo Nazionale di Monza,ocon,OCO,Esteban Ocon,haas,Haas F1 Team,31,15,15,15,0,52,Lapped,18,1:22.892,,
2025,16,Italian Grand Prix,2025-09-07,monza,Autodromo Nazionale di Monza,gasly,GAS,Pierre Gasly,alpine,Alpine F1 Team,10,20,16,16,0,52,Lapped,14,1:22.185,,
2025,16,Italian Grand Prix,2025-09-07,monza,Autodromo Nazionale di Monza,colapinto,COL,Franco Colapinto,alpine,Alpine F1 Team,43,17,17,17,0,52,Lapped,15,1:22.239,,
2025,16,Italian Grand Prix,2025-09-07,monza,Autodromo Nazionale di Monza,stroll,STR,Lance Stroll,aston_martin,Aston Martin,18,16,18,18,0,52,Lapped,13,1:22.164,,
2025,16,Italian Grand Prix,2025-09-07,monza,Autodromo Nazionale di Monza,alonso,ALO,Fernando Alonso,aston_martin,Aston Martin,14,8,19,R,0,24,Retired,19,1:23.757,,
2025,16,Italian Grand Prix,2025-09-07,monza,Autodromo Nazionale di Monza,hulkenberg,HUL,Nico Hülkenberg,sauber,Sauber,27,12,20,W,0,0,Did not start,,,,
2025,17,Azerbaijan Grand Prix,2025-09-21,baku,Baku City Circuit,max_verstappen,VER,Max Verstappen,red_bull,Red Bull,1,1,1,1,25,51,Finished,1,1:43.388,,
2025,17,Azerbaijan Grand Prix,2025-09-21,baku,Baku City Circuit,russell,RUS,George Russell,mercedes,Mercedes,63,5,2,2,18,51,Finished,2,1:43.754,,
2025,17,Azerbaijan Grand Prix,2025-09-21,baku,Baku City Circuit,sainz,SAI,Carlos Sainz,williams,Williams,55,2,3,3,15,51,Finished,4,1:43.972,,
2025,17,Azerbaijan Grand Prix,2025-09-21,baku,Baku City Circuit,antonelli,ANT,Andrea Kimi Antonelli,mercedes,Mercedes,12,4,4,4,12,51,Finished,6,1:44.091,,
2025,17,Azerbaijan Grand Prix,2025-09-21,baku,Baku City Circuit,lawson,LAW,Liam Lawson,rb,RB F1 Team,30,3,5,5,10,51,Finished,13,1:44.531,,
2025,17,Azerbaijan Grand Prix,2025-09-21,baku,Baku City Circuit,tsunoda,TSU,Yuki Tsunoda,red_bull,Red Bull,22,6,6,6,8,51,Finished,12,1:44.434,,
2025,17,Azerbaijan Grand Prix,2025-09-21,baku,Baku City Circuit,norris,NOR,Lando Norris,mclaren,McLaren,4,7,7,7,6,51,Finished,8,1:44.155,,
2025,17,Azerbaijan Grand Prix,2025-09-21,baku,Baku City Circuit,hamilton,HAM,Lewis Hamilton,ferrari,Ferrari,44,12,8,8,4,51,Finished,5,1:43.977,,
2025,17,Azerbaijan Grand Prix,2025-09-21,baku,Baku City Circuit,leclerc,LEC,Charles Leclerc,ferrari,Ferrari,16,10,9,9,2,51,Finished,9,1:44.274,,
2025,17,Azerbaijan Grand Prix,2025-09-21,baku,Baku City Circuit,hadjar,HAD,Isack Hadjar,rb,RB F1 Team,6,8,10,10,1,51,Finished,3,1:43.884,,
2025,17,Azerbaijan Grand Prix,2025-09-21,baku,Baku City Circuit,bortoleto,BOR,Gabriel Bortoleto,sauber,Sauber,5,13,11,11,0,51,Finished,14,1:44.930,,
2025,17,Azerbaijan Grand Prix,2025-09-21,baku,Baku City Circuit,bearman,BEA,Oliver Bearman,haas,Haas F1 Team,87,15,12,12,0,51,Finished,10,1:44.288,,
2025,17,Azerbaijan Grand Prix,2025-09-21,baku,Baku City Circuit,albon,ALB,Alexander Albon,williams,Williams,23,19,13,13,0,51,Finished,7,1:44.152,,
2025,17,Azerbaijan Grand Prix,2025-09-21,baku,Baku City Circuit,ocon,OCO,Esteban Ocon,haas,Haas F1 Team,31,20,14,14,0,51,Finished,17,1:45.388,,
2025,17,Azerbaijan Grand Prix,2025-09-21,baku,Baku City Circuit,alonso,ALO,Fernando Alonso,aston_martin,Aston Martin,14,11,15,15,0,51,Finished,15,1:45.002,,
2025,17,Azerbaijan Grand Prix,2025-09-21,baku,Baku City Circuit,hulkenberg,HUL,Nico Hülkenberg,sauber,Sauber,27,17,16,16,0,51,Finished,11,1:44.370,,
2025,17,Azerbaijan Grand Prix,2025-09-21,baku,Baku City Circuit,stroll,STR,Lance Stroll,aston_martin,Aston Martin,18,14,17,17,0,51,Finished,16,1:45.083,,
2025,17,Azerbaijan Grand Prix,2025-09-21,baku,Baku City Circuit,gasly,GAS,Pierre Gasly,alpine,Alpine F1 Team,10,18,18,18,0,50,Lapped,18,1:45.492,,
2025,17,Azerbaijan Grand Prix,2025-09-21,baku,Baku City Circuit,colapinto,COL,Franco Colapinto,alpine,Alpine F1 Team,43,16,19,19,0,50,Lapped,19,1:46.055,,
2025,17,Azerbaijan Grand Prix,2025-09-21,baku,Baku City Circuit,piastri,PIA,Oscar Piastri,mclaren,McLaren,81,9,20,R,0,0,Retired,,,,
2025,18,Singapore Grand Prix,2025-10-05,marina_bay,Marina Bay Street Circuit,russell,RUS,George Russell,mercedes,Mercedes,63,1,1,1,25,62,Finished,11,1:35.676,,
2025,18,Singapore Grand Prix,2025-10-05,marina_bay,Marina Bay Street Circuit,max_verstappen,VER,Max Verstappen,red_bull,Red Bull,1,2,2,2,18,62,Finished,10,1:35.649,,
2025,18,Singapore Grand Prix,2025-10-05,marina_bay,Marina Bay Street Circuit,norris,NOR,Lando Norris,mclaren,McLaren,4,5,3,3,15,62,Finished,7,1:35.555,,
2025,18,Singapore Grand Prix,2025-10-05,marina_bay,Marina Bay Street Circuit,piastri,PIA,Oscar Piastri,mclaren,McLaren,81,3,4,4,12,62,Finished,6,1:35.408,,
2025,18,Singapore Grand Prix,2025-10-05,marina_bay,Marina Bay Street Circuit,antonelli,ANT,Andrea Kimi Antonelli,mercedes,Mercedes,12,4,5,5,10,62,Finished,4,1:35.303,,
2025,18,Singapore Grand Prix,2025-10-05,marina_bay,Marina Bay Street Circuit,leclerc,LEC,Charles Leclerc,ferrari,Ferrari,16,7,6,6,8,62,Finished,14,1:35.983,,
2025,18,Singapore Grand Prix,2025-10-05,marina_bay,Marina Bay Street Circuit,alonso,ALO,Fernando Alonso,aston_martin,Aston Martin,14,10,7,7,6,62,Finished,13,1:35.862,,
2025,18,Singapore Grand Prix,2025-10-05,marina_bay,Marina Bay Street Circuit,hamilton,HAM,Lewis Hamilton,ferrari,Ferrari,44,6,8,8,4,62,Finished,1,1:33.808,,
2025,18,Singapore Grand Prix,2025-10-05,marina_bay,Marina Bay Street Circuit,bearman,BEA,Oliver Bearman,haas,Haas F1 Team,87,9,9,9,2,62,Finished,15,1:36.201,,
2025,18,Singapore Grand Prix,2025-10-05,marina_bay,Marina Bay Street Circuit,sainz,SAI,Carlos Sainz,williams,Williams,55,18,10,10,1,61,Lapped,3,1:34.963,,
2025,18,Singapore Grand Prix,2025-10-05,marina_bay,Marina Bay Street Circuit,hadjar,HAD,Isack Hadjar,rb,RB F1 Team,6,8,11,11,0,61,Lapped,18,1:36.938,,
2025,18,Singapore Grand Prix,2025-10-05,marina_bay,Marina Bay Street Circuit,tsunoda,TSU,Yuki Tsunoda,red_bull,Red Bull,22,13,12,12,0,61,Lapped,17,1:36.831,,
2025,18,Singapore Grand Prix,2025-10-05,marina_bay,Marina Bay Street Circuit,stroll,STR,Lance Stroll,aston_martin,Aston Martin,18,15,13,13,0,61,Lapped,12,1:35.851,,
2025,18,Singapore Grand Prix,2025-10-05,marina_bay,Marina Bay Street Circuit,albon,ALB,Alexander Albon,williams,Williams,23,20,14,14,0,61,Lapped,9,1:35.648,,
2025,18,Singapore Grand Prix,2025-10-05,marina_bay,Marina Bay Street Circuit,lawson,LAW,Liam Lawson,rb,RB F1 Team,30,12,15,15,0,61,Lapped,8,1:35.641,,
2025,18,Singapore Grand Prix,2025-10-05,marina_bay,Marina Bay Street Circuit,colapinto,COL,Franco Colapinto,alpine,Alpine F1 Team,43,16,16,16,0,61,Lapped,20,1:37.182,,
2025,18,Singapore Grand Prix,2025-10-05,marina_bay,Marina Bay Street Circuit,bortoleto,BOR,Gabriel Bortoleto,sauber,Sauber,5,14,17,17,0,61,Lapped,19,1:37.126,,
2025,18,Singapore Grand Prix,2025-10-05,marina_bay,Marina Bay Street Circuit,ocon,OCO,Esteban Ocon,haas,Haas F1 Team,31,17,18,18,0,61,Lapped,16,1:36.646,,
2025,18,Singapore Grand Prix,2025-10-05,marina_bay,Marina Bay Street Circuit,gasly,GAS,Pierre Gasly,alpine,Alpine F1 Team,10,19,19,19,0,61,Lapped,2,1:34.573,,
2025,18,Singapore Grand Prix,2025-10-05,marina_bay,Marina Bay Street Circuit,hulkenberg,HUL,Nico Hülkenberg,sauber,Sauber,27,11,20,20,0,61,Lapped,5,1:35.404,,
2025,19,United States Grand Prix,2025-10-19,americas,Circuit of the Americas,max_verstappen,VER,Max Verstappen,red_bull,Red Bull,1,1,1,1,25,56,Finished,3,1:37.991,,
2025,19,United States Grand Prix,2025-10-19,americas,Circuit of the Americas,norris,NOR,Lando Norris,mclaren,McLaren,4,2,2,2,18,56,Finished,2,1:37.620,,
2025,19,United States Grand Prix,2025-10-19,americas,Circuit of the Americas,leclerc,LEC,Charles Leclerc,ferrari,Ferrari,16,3,3,3,15,56,Finished,5,1:38.231,,
2025,19,United States Grand Prix,2025-10-19,americas,Circuit of the Americas,hamilton,HAM,Lewis Hamilton,ferrari,Ferrari,44,5,4,4,12,56,Finished,8,1:38.361,,
2025,19,United States Grand Prix,2025-10-19,americas,Circuit of the Americas,piastri,PIA,Oscar Piastri,mclaren,McLaren,81,6,5,5,10,56,Finished,10,1:38.564,,
2025,19,United States Grand Prix,2025-10-19,americas,Circuit of the Americas,russell,RUS,George Russell,mercedes,Mercedes,63,4,6,6,8,56,Finished,4,1:38.224,,
2025,19,United States Grand Prix,2025-10-19,americas,Circuit of the Americas,tsunoda,TSU,Yuki Tsunoda,red_bull,Red Bull,22,13,7,7,6,56,Finished,13,1:38.803,,
2025,19,United States Grand Prix,2025-10-19,americas,Circuit of the Americas,hulkenberg,HUL,Nico Hülkenberg,sauber,Sauber,27,11,8,8,4,56,Finished,9,1:38.372,,
2025,19,United States Grand Prix,2025-10-19,americas,Circuit of the Americas,bearman,BEA,Oliver Bearman,haas,Haas F1 Team,87,8,9,9,2,56,Finished,16,1:39.119,,
2025,19,United States Grand Prix,2025-10-19,americas,Circuit of the Americas,alonso,ALO,Fernando Alonso,aston_martin,Aston Martin,14,10,10,10,1,56,Finished,12,1:38.789,,
2025,19,United States Grand Prix,2025-10-19,americas,Circuit of the Americas,lawson,LAW,Liam Lawson,rb,RB F1 Team,30,12,11,11,0,56,Finished,14,1:38.983,,
2025,19,United States Grand Prix,2025-10-19,americas,Circuit of the Americas,stroll,STR,Lance Stroll,aston_martin,Aston Martin,18,19,12,12,0,56,Finished,15,1:39.071,,
2025,19,United States Grand Prix,2025-10-19,americas,Circuit of the Americas,antonelli,ANT,Andrea Kimi Antonelli,mercedes,Mercedes,12,7,13,13,0,56,Finished,1,1:37.577,,
2025,19,United States Grand Prix,2025-10-19,americas,Circuit of the Americas,albon,ALB,Alexander Albon,williams,Williams,23,18,14,14,0,56,Finished,7,1:38.328,,
2025,19,United States Grand Prix,2025-10-19,americas,Circuit of the Americas,ocon,OCO,Esteban Ocon,haas,Haas F1 Team,31,17,15,15,0,56,Finished,18,1:39.263,,
2025,19,United States Grand Prix,2025-10-19,americas,Circuit of the Americas,hadjar,HAD,Isack Hadjar,rb,RB F1 Team,6,20,16,16,0,56,Finished,11,1:38.724,,
2025,19,United States Grand Prix,2025-10-19,americas,Circuit of the Americas,colapinto,COL,Franco Colapinto,alpine,Alpine F1 Team,43,15,17,17,0,55,Lapped,17,1:39.173,,
2025,19,United States Grand Prix,2025-10-19,americas,Circuit of the Americas,bortoleto,BOR,Gabriel Bortoleto,sauber,Sauber,5,16,18,18,0,55,Lapped,6,1:38.275,,
2025,19,United States Grand Prix,2025-10-19,americas,Circuit of the Americas,gasly,GAS,Pierre Gasly,alpine,Alpine F1 Team,10,14,19,19,0,55,Lapped,19,1:39.270,,
2025,19,United States Grand Prix,2025-10-19,americas,Circuit of the Americas,sainz,SAI,Carlos Sainz,williams,Williams,55,9,20,R,0,5,Retired,20,1:40.327,,
2025,20,Mexico City Grand Prix,2025-10-26,rodriguez,Autódromo Hermanos Rodríguez,norris,NOR,Lando Norris,mclaren,McLaren,4,1,1,1,25,71,Finished,8,1:20.764,,
2025,20,Mexico City Grand Prix,2025-10-26,rodriguez,Autódromo Hermanos Rodríguez,leclerc,LEC,Charles Leclerc,ferrari,Ferrari,16,2,2,2,18,71,Finished,14,1:21.588,,
2025,20,Mexico City Grand Prix,2025-10-26,rodriguez,Autódromo Hermanos Rodríguez,max_verstappen,VER,Max Verstappen,red_bull,Red Bull,1,5,3,3,15,71,Finished,10,1:21.108,,
2025,20,Mexico City Grand Prix,2025-10-26,rodriguez,Autódromo Hermanos Rodríguez,bearman,BEA,Oliver Bearman,haas,Haas F1 Team,87,9,4,4,12,71,Finished,7,1:20.705,,
2025,20,Mexico City Grand Prix,2025-10-26,rodriguez,Autódromo Hermanos Rodríguez,piastri,PIA,Oscar Piastri,mclaren,McLaren,81,7,5,5,10,71,Finished,3,1:20.422,,
2025,20,Mexico City Grand Prix,2025-10-26,rodriguez,Autódromo Hermanos Rodríguez,antonelli,ANT,Andrea Kimi Antonelli,mercedes,Mercedes,12,6,6,6,8,71,Finished,9,1:20.826,,
2025,20,Mexico City Grand Prix,2025-10-26,rodriguez,Autódromo Hermanos Rodríguez,russell,RUS,George Russell,mercedes,Mercedes,63,4,7,7,6,71,Finished,1,1:20.052,,
2025,20,Mexico City Grand Prix,2025-10-26,rodriguez,Autódromo Hermanos Rodríguez,hamilton,HAM,Lewis Hamilton,ferrari,Ferrari,44,3,8,8,4,71,Finished,6,1:20.601,,
2025,20,Mexico City Grand Prix,2025-10-26,rodriguez,Autódromo Hermanos Rodríguez,ocon,OCO,Esteban Ocon,haas,Haas F1 Team,31,11,9,9,2,71,Finished,17,1:21.869,,
2025,20,Mexico City Grand Prix,2025-10-26,rodriguez,Autódromo Hermanos Rodríguez,bortoleto,BOR,Gabriel Bortoleto,sauber,Sauber,5,16,10,10,1,71,Finished,11,1:21.121,,
2025,20,Mexico City Grand Prix,2025-10-26,rodriguez,Autódromo Hermanos Rodríguez,tsunoda,TSU,Yuki Tsunoda,red_bull,Red Bull,22,10,11,11,0,71,Finished,13,1:21.486,,
2025,20,Mexico City Grand Prix,2025-10-26,rodriguez,Autódromo Hermanos Rodríguez,albon,ALB,Alexander Albon,williams,Williams,23,17,12,12,0,70,Lapped,4,1:20.480,,
2025,20,Mexico City Grand Prix,2025-10-26,rodriguez,Autódromo Hermanos Rodríguez,hadjar,HAD,Isack Hadjar,rb,RB F1 Team,6,8,13,13,0,70,Lapped,16,1:21.714,,
2025,20,Mexico City Grand Prix,2025-10-26,rodriguez,Autódromo Hermanos Rodríguez,stroll,STR,Lance Stroll,aston_martin,Aston Martin,18,19,14,14,0,70,Lapped,5,1:20.593,,
2025,20,Mexico City Grand Prix,2025-10-26,rodriguez,Autódromo Hermanos Rodríguez,gasly,GAS,Pierre Gasly,alpine,Alpine F1 Team,10,18,15,15,0,70,Lapped,18,1:22.271,,
2025,20,Mexico City Grand Prix,2025-10-26,rodriguez,Autódromo Hermanos Rodríguez,colapinto,COL,Franco Colapinto,alpine,Alpine F1 Team,43,20,16,16,0,70,Lapped,12,1:21.342,,
2025,20,Mexico City Grand Prix,2025-10-26,rodriguez,Autódromo Hermanos Rodríguez,sainz,SAI,Carlos Sainz,williams,Williams,55,12,17,17,0,67,Retired,2,1:20.098,,
2025,20,Mexico City Grand Prix,2025-10-26,rodriguez,Autódromo Hermanos Rodríguez,alonso,ALO,Fernando Alonso,aston_martin,Aston Martin,14,14,18,R,0,34,Retired,15,1:21.708,,
2025,20,Mexico City Grand Prix,2025-10-26,rodriguez,Autódromo Hermanos Rodríguez,hulkenberg,HUL,Nico Hülkenberg,sauber,Sauber,27,13,19,R,0,25,Retired,19,1:23.091,,
2025,20,Mexico City Grand Prix,2025-10-26,rodriguez,Autódromo Hermanos Rodríguez,lawson,LAW,Liam Lawson,rb,RB F1 Team,30,15,20,R,0,5,Retired,20,1:25.124,,
2025,21,São Paulo Grand Prix,2025-11-09,interlagos,Autódromo José Carlos Pace,norris,NOR,Lando Norris,mclaren,McLaren,4,1,1,1,25,71,Finished,6,1:13.040,,
2025,21,São Paulo Grand Prix,2025-11-09,interlagos,Autódromo José Carlos Pace,antonelli,ANT,Andrea Kimi Antonelli,mercedes,Mercedes,12,2,2,2,18,71,Finished,9,1:13.123,,
2025,21,São Paulo Grand Prix,2025-11-09,interlagos,Autódromo José Carlos Pace,max_verstappen,VER,Max Verstappen,red_bull,Red Bull,1,19,3,3,15,71,Finished,2,1:12.447,,
2025,21,São Paulo Grand Prix,2025-11-09,interlagos,Autódromo José Carlos Pace,russell,RUS,George Russell,mercedes,Mercedes,63,6,4,4,12,71,Finished,8,1:13.097,,
2025,21,São Paulo Grand Prix,2025-11-09,interlagos,Autódromo José Carlos Pace,piastri,PIA,Oscar Piastri,mclaren,McLaren,81,4,5,5,10,71,Finished,3,1:12.742,,
2025,21,São Paulo Grand Prix,2025-11-09,interlagos,Autódromo José Carlos Pace,bearman,BEA,Oliver Bearman,haas,Haas F1 Team,87,8,6,6,8,71,Finished,13,1:13.483,,
2025,21,São Paulo Grand Prix,2025-11-09,interlagos,Autódromo José Carlos Pace,lawson,LAW,Liam Lawson,rb,RB F1 Team,30,7,7,7,6,71,Finished,18,1:14.029,,
2025,21,São Paulo Grand Prix,2025-11-09,interlagos,Autódromo José Carlos Pace,hadjar,HAD,Isack Hadjar,rb,RB F1 Team,6,5,8,8,4,71,Finished,15,1:13.694,,
2025,21,São Paulo Grand Prix,2025-11-09,interlagos,Autódromo José Carlos Pace,hulkenberg,HUL,Nico Hülkenberg,sauber,Sauber,27,10,9,9,2,71,Finished,11,1:13.474,,
2025,21,São Paulo Grand Prix,2025-11-09,interlagos,Autódromo José Carlos Pace,gasly,GAS,Pierre Gasly,alpine,Alpine F1 Team,10,9,10,10,1,71,Finished,16,1:13.736,,
2025,21,São Paulo Grand Prix,2025-11-09,interlagos,Autódromo José Carlos Pace,albon,ALB,Alexander Albon,williams,Williams,23,12,11,11,0,71,Finished,1,1:12.400,,
2025,21,São Paulo Grand Prix,2025-11-09,interlagos,Autódromo José Carlos Pace,ocon,OCO,Esteban Ocon,haas,Haas F1 Team,31,20,12,12,0,71,Finished,12,1:13.481,,
2025,21,São Paulo Grand Prix,2025-11-09,interlagos,Autódromo José Carlos Pace,sainz,SAI,Carlos Sainz,williams,Williams,55,15,13,13,0,71,Finished,14,1:13.683,,
2025,21,São Paulo Grand Prix,2025-11-09,interlagos,Autódromo José Carlos Pace,alonso,ALO,Fernando Alonso,aston_martin,Aston Martin,14,11,14,14,0,71,Finished,10,1:13.312,,
2025,21,São Paulo Grand Prix,2025-11-09,interlagos,Autódromo José Carlos Pace,colapinto,COL,Franco Colapinto,alpine,Alpine F1 Team,43,16,15,15,0,71,Finished,5,1:12.816,,
2025,21,São Paulo Grand Prix,2025-11-09,interlagos,Autódromo José Carlos Pace,stroll,STR,Lance Stroll,aston_martin,Aston Martin,18,14,16,16,0,71,Finished,7,1:13.094,,
2025,21,São Paulo Grand Prix,2025-11-09,interlagos,Autódromo José Carlos Pace,tsunoda,TSU,Yuki Tsunoda,red_bull,Red Bull,22,17,17,17,0,71,Finished,4,1:12.774,,
2025,21,São Paulo Grand Prix,2025-11-09,interlagos,Autódromo José Carlos Pace,hamilton,HAM,Lewis Hamilton,ferrari,Ferrari,44,13,18,R,0,37,Retired,17,1:13.844,,
2025,21,São Paulo Grand Prix,2025-11-09,interlagos,Autódromo José Carlos Pace,leclerc,LEC,Charles Leclerc,ferrari,Ferrari,16,3,19,R,0,5,Retired,19,1:43.560,,
2025,21,São Paulo Grand Prix,2025-11-09,interlagos,Autódromo José Carlos Pace,bortoleto,BOR,Gabriel Bortoleto,sauber,Sauber,5,18,20,R,0,0,Retired,,,,
2025,22,Las Vegas Grand Prix,2025-11-23,vegas,Las Vegas Strip Street Circuit,max_verstappen,VER,Max Verstappen,red_bull,Red Bull,1,2,1,1,25,50,Finished,1,1:33.365,,
2025,22,Las Vegas Grand Prix,2025-11-23,vegas,Las Vegas Strip Street Circuit,russell,RUS,George Russell,mercedes,Mercedes,63,4,2,2,18,50,Finished,9,1:34.592,,
2025,22,Las Vegas Grand Prix,2025-11-23,vegas,Las Vegas Strip Street Circuit,antonelli,ANT,Andrea Kimi Antonelli,mercedes,Mercedes,12,17,3,3,15,50,Finished,2,1:33.998,,
2025,22,Las Vegas Grand Prix,2025-11-23,vegas,Las Vegas Strip Street Circuit,leclerc,LEC,Charles Leclerc,ferrari,Ferrari,16,9,4,4,12,50,Finished,3,1:34.304,,
2025,22,Las Vegas Grand Prix,2025-11-23,vegas,Las Vegas Strip Street Circuit,sainz,SAI,Carlos Sainz,williams,Williams,55,3,5,5,10,50,Finished,4,1:34.496,,
2025,22,Las Vegas Grand Prix,2025-11-23,vegas,Las Vegas Strip Street Circuit,hadjar,HAD,Isack Hadjar,rb,RB F1 Team,6,8,6,6,8,50,Finished,10,1:34.620,,
2025,22,Las Vegas Grand Prix,2025-11-23,vegas,Las Vegas Strip Street Circuit,hulkenberg,HUL,Nico Hülkenberg,sauber,Sauber,27,11,7,7,6,50,Finished,8,1:34.592,,
2025,22,Las Vegas Grand Prix,2025-11-23,vegas,Las Vegas Strip Street Circuit,hamilton,HAM,Lewis Hamilton,ferrari,Ferrari,44,19,8,8,4,50,Finished,6,1:34.553,,
2025,22,Las Vegas Grand Prix,2025-11-23,vegas,Las Vegas Strip Street Circuit,ocon,OCO,Esteban Ocon,haas,Haas F1 Team,31,13,9,9,2,50,Finished,7,1:34.557,,
2025,22,Las Vegas Grand Prix,2025-11-23,vegas,Las Vegas Strip Street Circuit,bearman,BEA,Oliver Bearman,haas,Haas F1 Team,87,14,10,10,1,50,Finished,5,1:34.519,,
2025,22,Las Vegas Grand Prix,2025-11-23,vegas,Las Vegas Strip Street Circuit,alonso,ALO,Fernando Alonso,aston_martin,Aston Martin,14,7,11,11,0,50,Finished,14,1:35.629,,
2025,22,Las Vegas Grand Prix,2025-11-23,vegas,Las Vegas Strip Street Circuit,tsunoda,TSU,Yuki Tsunoda,red_bull,Red Bull,22,20,12,12,0,50,Finished,12,1:34.967,,
2025,22,Las Vegas Grand Prix,2025-11-23,vegas,Las Vegas Strip Street Circuit,gasly,GAS,Pierre Gasly,alpine,Alpine F1 Team,10,10,13,13,0,50,Finished,15,1:35.674,,
2025,22,Las Vegas Grand Prix,2025-11-23,vegas,Las Vegas Strip Street Circuit,lawson,LAW,Liam Lawson,rb,RB F1 Team,30,6,14,14,0,49,Lapped,11,1:34.837,,
2025,22,Las Vegas Grand Prix,2025-11-23,vegas,Las Vegas Strip Street Circuit,colapinto,COL,Franco Colapinto,alpine,Alpine F1 Team,43,15,15,15,0,49,Lapped,16,1:35.780,,
2025,22,Las Vegas Grand Prix,2025-11-23,vegas,Las Vegas Strip Street Circuit,albon,ALB,Alexander Albon,williams,Williams,23,16,16,R,0,35,Retired,13,1:35.184,,
2025,22,Las Vegas Grand Prix,2025-11-23,vegas,Las Vegas Strip Street Circuit,bortoleto,BOR,Gabriel Bortoleto,sauber,Sauber,5,18,17,R,0,2,Retired,,,,
2025,22,Las Vegas Grand Prix,2025-11-23,vegas,Las Vegas Strip Street Circuit,stroll,STR,Lance Stroll,aston_martin,Aston Martin,18,12,18,R,0,0,Retired,,,,
2025,22,Las Vegas Grand Prix,2025-11-23,vegas,Las Vegas Strip Street Circuit,norris,NOR,Lando Norris,mclaren,McLaren,4,1,19,D,0,50,Disqualified,,,,
2025,22,Las Vegas Grand Prix,2025-11-23,vegas,Las Vegas Strip Street Circuit,piastri,PIA,Oscar Piastri,mclaren,McLaren,81,5,20,D,0,50,Disqualified,,,,
2025,23,Qatar Grand Prix,2025-11-30,losail,Losail International Circuit,max_verstappen,VER,Max Verstappen,red_bull,Red Bull,1,3,1,1,25,57,Finished,5,1:23.498,,
2025,23,Qatar Grand Prix,2025-11-30,losail,Losail International Circuit,piastri,PIA,Oscar Piastri,mclaren,McLaren,81,1,2,2,18,57,Finished,1,1:22.996,,
2025,23,Qatar Grand Prix,2025-11-30,losail,Losail International Circuit,sainz,SAI,Carlos Sainz,williams,Williams,55,7,3,3,15,57,Finished,6,1:23.859,,
2025,23,Qatar Grand Prix,2025-11-30,losail,Losail International Circuit,norris,NOR,Lando Norris,mclaren,McLaren,4,2,4,4,12,57,Finished,2,1:23.197,,
2025,23,Qatar Grand Prix,2025-11-30,losail,Losail International Circuit,antonelli,ANT,Andrea Kimi Antonelli,mercedes,Mercedes,12,5,5,5,10,57,Finished,8,1:23.955,,
2025,23,Qatar Grand Prix,2025-11-30,losail,Losail International Circuit,russell,RUS,George Russell,mercedes,Mercedes,63,4,6,6,8,57,Finished,3,1:23.198,,
2025,23,Qatar Grand Prix,2025-11-30,losail,Losail International Circuit,alonso,ALO,Fernando Alonso,aston_martin,Aston Martin,14,8,7,7,6,57,Finished,7,1:23.940,,
2025,23,Qatar Grand Prix,2025-11-30,losail,Losail International Circuit,leclerc,LEC,Charles Leclerc,ferrari,Ferrari,16,10,8,8,4,57,Finished,13,1:24.432,,
2025,23,Qatar Grand Prix,2025-11-30,losail,Losail International Circuit,lawson,LAW,Liam Lawson,rb,RB F1 Team,30,12,9,9,2,57,Finished,9,1:23.971,,
2025,23,Qatar Grand Prix,2025-11-30,losail,Losail International Circuit,tsunoda,TSU,Yuki Tsunoda,red_bull,Red Bull,22,15,10,10,1,57,Finished,10,1:24.139,,
2025,23,Qatar Grand Prix,2025-11-30,losail,Losail International Circuit,albon,ALB,Alexander Albon,williams,Williams,23,14,11,11,0,57,Finished,11,1:24.261,,
2025,23,Qatar Grand Prix,2025-11-30,losail,Losail International Circuit,hamilton,HAM,Lewis Hamilton,ferrari,Ferrari,44,17,12,12,0,57,Finished,14,1:24.848,,
2025,23,Qatar Grand Prix,2025-11-30,losail,Losail International Circuit,bortoleto,BOR,Gabriel Bortoleto,sauber,Sauber,5,19,13,13,0,57,Finished,17,1:25.233,,
2025,23,Qatar Grand Prix,2025-11-30,losail,Losail International Circuit,colapinto,COL,Franco Colapinto,alpine,Alpine F1 Team,43,20,14,14,0,56,Lapped,19,1:25.644,,
2025,23,Qatar Grand Prix,2025-11-30,losail,Losail International Circuit,ocon,OCO,Esteban Ocon,haas,Haas F1 Team,31,16,15,15,0,56,Lapped,16,1:25.056,,
2025,23,Qatar Grand Prix,2025-11-30,losail,Losail International Circuit,gasly,GAS,Pierre Gasly,alpine,Alpine F1 Team,10,9,16,16,0,56,Lapped,18,1:25.376,,
2025,23,Qatar Grand Prix,2025-11-30,losail,Losail International Circuit,stroll,STR,Lance Stroll,aston_martin,Aston Martin,18,18,17,17,0,55,Retired,4,1:23.484,,
2025,23,Qatar Grand Prix,2025-11-30,losail,Losail International Circuit,hadjar,HAD,Isack Hadjar,rb,RB F1 Team,6,6,18,18,0,55,Retired,12,1:24.317,,
2025,23,Qatar Grand Prix,2025-11-30,losail,Losail International Circuit,bearman,BEA,Oliver Bearman,haas,Haas F1 Team,87,13,19,R,0,41,Retired,15,1:24.930,,
2025,23,Qatar Grand Prix,2025-11-30,losail,Losail International Circuit,hulkenberg,HUL,Nico Hülkenberg,sauber,Sauber,27,11,20,R,0,6,Retired,20,1:28.139,,
2025,24,Abu Dhabi Grand Prix,2025-12-07,yas_marina,Yas Marina Circuit,max_verstappen,VER,Max Verstappen,red_bull,Red Bull,1,1,1,1,25,58,Finished,5,1:27.625,,
2025,24,Abu Dhabi Grand Prix,2025-12-07,yas_marina,Yas Marina Circuit,piastri,PIA,Oscar Piastri,mclaren,McLaren,81,3,2,2,18,58,Finished,2,1:26.765,,
2025,24,Abu Dhabi Grand Prix,2025-12-07,yas_marina,Yas Marina Circuit,norris,NOR,Lando Norris,mclaren,McLaren,4,2,3,3,15,58,Finished,3,1:26.818,,
2025,24,Abu Dhabi Grand Prix,2025-12-07,yas_marina,Yas Marina Circuit,leclerc,LEC,Charles Leclerc,ferrari,Ferrari,16,5,4,4,12,58,Finished,1,1:26.725,,
2025,24,Abu Dhabi Grand Prix,2025-12-07,yas_marina,Yas Marina Circuit,russell,RUS,George Russell,mercedes,Mercedes,63,4,5,5,10,58,Finished,14,1:28.599,,
2025,24,Abu Dhabi Grand Prix,2025-12-07,yas_marina,Yas Marina Circuit,alonso,ALO,Fernando Alonso,aston_martin,Aston Martin,14,6,6,6,8,58,Finished,11,1:28.279,,
2025,24,Abu Dhabi Grand Prix,2025-12-07,yas_marina,Yas Marina Circuit,ocon,OCO,Esteban Ocon,haas,Haas F1 Team,31,8,7,7,6,58,Finished,15,1:28.655,,
2025,24,Abu Dhabi Grand Prix,2025-12-07,yas_marina,Yas Marina Circuit,hamilton,HAM,Lewis Hamilton,ferrari,Ferrari,44,16,8,8,4,58,Finished,10,1:28.094,,
2025,24,Abu Dhabi Grand Prix,2025-12-07,yas_marina,Yas Marina Circuit,hulkenberg,HUL,Nico Hülkenberg,sauber,Sauber,27,18,9,9,2,58,Finished,4,1:27.050,,
2025,24,Abu Dhabi Grand Prix,2025-12-07,yas_marina,Yas Marina Circuit,stroll,STR,Lance Stroll,aston_martin,Aston Martin,18,15,10,10,1,58,Finished,6,1:27.626,,
2025,24,Abu Dhabi Grand Prix,2025-12-07,yas_marina,Yas Marina Circuit,bortoleto,BOR,Gabriel Bortoleto,sauber,Sauber,5,7,11,11,0,58,Finished,19,1:29.114,,
2025,24,Abu Dhabi Grand Prix,2025-12-07,yas_marina,Yas Marina Circuit,bearman,BEA,Oliver Bearman,haas,Haas F1 Team,87,11,12,12,0,58,Finished,17,1:28.976,,
2025,24,Abu Dhabi Grand Prix,2025-12-07,yas_marina,Yas Marina Circuit,sainz,SAI,Carlos Sainz,williams,Williams,55,12,13,13,0,58,Finished,18,1:29.052,,
2025,24,Abu Dhabi Grand Prix,2025-12-07,yas_marina,Yas Marina Circuit,tsunoda,TSU,Yuki Tsunoda,red_bull,Red Bull,22,10,14,14,0,58,Finished,13,1:28.557,,
2025,24,Abu Dhabi Grand Prix,2025-12-07,yas_marina,Yas Marina Circuit,antonelli,ANT,Andrea Kimi Antonelli,mercedes,Mercedes,12,14,15,15,0,58,Finished,9,1:28.029,,
2025,24,Abu Dhabi Grand Prix,2025-12-07,yas_marina,Yas Marina Circuit,albon,ALB,Alexander Albon,williams,Williams,23,17,16,16,0,58,Finished,12,1:28.367,,
2025,24,Abu Dhabi Grand Prix,2025-12-07,yas_marina,Yas Marina Circuit,hadjar,HAD,Isack Hadjar,rb,RB F1 Team,6,9,17,17,0,57,Lapped,20,1:29.375,,
2025,24,Abu Dhabi Grand Prix,2025-12-07,yas_marina,Yas Marina Circuit,lawson,LAW,Liam Lawson,rb,RB F1 Team,30,13,18,18,0,57,Lapped,16,1:28.886,,
2025,24,Abu Dhabi Grand Prix,2025-12-07,yas_marina,Yas Marina Circuit,gasly,GAS,Pierre Gasly,alpine,Alpine F1 Team,10,19,19,19,0,57,Lapped,8,1:27.767,,
2025,24,Abu Dhabi Grand Prix,2025-12-07,yas_marina,Yas Marina Circuit,colapinto,COL,Franco Colapinto,alpine,Alpine F1 Team,43,20,20,20,0,57,Lapped,7,1:27.710,,
2026,1,Australian Grand Prix,2026-03-08,albert_park,Albert Park Grand Prix Circuit,russell,RUS,George Russell,mercedes,Mercedes,63,1,1,1,25,58,Finished,6,1:22.670,,
2026,1,Australian Grand Prix,2026-03-08,albert_park,Albert Park Grand Prix Circuit,antonelli,ANT,Andrea Kimi Antonelli,mercedes,Mercedes,12,2,2,2,18,58,Finished,3,1:22.417,,
2026,1,Australian Grand Prix,2026-03-08,albert_park,Albert Park Grand Prix Circuit,leclerc,LEC,Charles Leclerc,ferrari,Ferrari,16,4,3,3,15,58,Finished,5,1:22.579,,
2026,1,Australian Grand Prix,2026-03-08,albert_park,Albert Park Grand Prix Circuit,hamilton,HAM,Lewis Hamilton,ferrari,Ferrari,44,7,4,4,12,58,Finished,4,1:22.423,,
2026,1,Australian Grand Prix,2026-03-08,albert_park,Albert Park Grand Prix Circuit,norris,NOR,Lando Norris,mclaren,McLaren,1,6,5,5,10,58,Finished,2,1:22.358,,
2026,1,Australian Grand Prix,2026-03-08,albert_park,Albert Park Grand Prix Circuit,max_verstappen,VER,Max Verstappen,red_bull,Red Bull,3,20,6,6,8,58,Finished,1,1:22.091,,
2026,1,Australian Grand Prix,2026-03-08,albert_park,Albert Park Grand Prix Circuit,bearman,BEA,Oliver Bearman,haas,Haas F1 Team,87,12,7,7,6,57,Lapped,11,1:24.020,,
2026,1,Australian Grand Prix,2026-03-08,albert_park,Albert Park Grand Prix Circuit,arvid_lindblad,LIN,Arvid Lindblad,rb,RB F1 Team,41,9,8,8,4,57,Lapped,12,1:24.182,,
2026,1,Australian Grand Prix,2026-03-08,albert_park,Albert Park Grand Prix Circuit,bortoleto,BOR,Gabriel Bortoleto,audi,Audi,5,10,9,9,2,57,Lapped,8,1:23.257,,
2026,1,Australian Grand Prix,2026-03-08,albert_park,Albert Park Grand Prix Circuit,gasly,GAS,Pierre Gasly,alpine,Alpine F1 Team,10,14,10,10,1,57,Lapped,15,1:24.486,,
2026,1,Australian Grand Prix,2026-03-08,albert_park,Albert Park Grand Prix Circuit,ocon,OCO,Esteban Ocon,haas,Haas F1 Team,31,13,11,11,0,57,Lapped,14,1:24.424,,
2026,1,Australian Grand Prix,2026-03-08,albert_park,Albert Park Grand Prix Circuit,albon,ALB,Alexander Albon,williams,Williams,23,15,12,12,0,57,Lapped,13,1:24.375,,
2026,1,Australian Grand Prix,2026-03-08,albert_park,Albert Park Grand Prix Circuit,lawson,LAW,Liam Lawson,rb,RB F1 Team,30,8,13,13,0,57,Lapped,10,1:23.783,,
2026,1,Australian Grand Prix,2026-03-08,albert_park,Albert Park Grand Prix Circuit,colapinto,COL,Franco Colapinto,alpine,Alpine F1 Team,43,16,14,14,0,56,Lapped,7,1:22.926,,
2026,1,Australian Grand Prix,2026-03-08,albert_park,Albert Park Grand Prix Circuit,sainz,SAI,Carlos Sainz,williams,Williams,55,21,15,15,0,56,Lapped,9,1:23.590,,
2026,1,Australian Grand Prix,2026-03-08,albert_park,Albert Park Grand Prix Circuit,perez,PER,Sergio Pérez,cadillac,Cadillac F1 Team,11,18,16,16,0,55,Lapped,19,1:26.070,,
2026,1,Australian Grand Prix,2026-03-08,albert_park,Albert Park Grand Prix Circuit,stroll,STR,Lance Stroll,aston_martin,Aston Martin,18,22,17,R,0,43,Lapped,17,1:25.410,,
2026,1,Australian Grand Prix,2026-03-08,albert_park,Albert Park Grand Prix Circuit,alonso,ALO,Fernando Alonso,aston_martin,Aston Martin,14,17,18,R,0,21,Retired,18,1:25.713,,
2026,1,Australian Grand Prix,2026-03-08,albert_park,Albert Park Grand Prix Circuit,bottas,BOT,Valtteri Bottas,cadillac,Cadillac F1 Team,77,19,19,R,0,15,Retired,20,1:27.364,,
2026,1,Australian Grand Prix,2026-03-08,albert_park,Albert Park Grand Prix Circuit,hadjar,HAD,Isack Hadjar,red_bull,Red Bull,6,3,20,R,0,10,Retired,16,1:25.239,,
2026,1,Australian Grand Prix,2026-03-08,albert_park,Albert Park Grand Prix Circuit,piastri,PIA,Oscar Piastri,mclaren,McLaren,81,5,21,W,0,0,Did not start,,,,
2026,1,Australian Grand Prix,2026-03-08,albert_park,Albert Park Grand Prix Circuit,hulkenberg,HUL,Nico Hülkenberg,audi,Audi,27,11,22,W,0,0,Did not start,,,,
2026,2,Chinese Grand Prix,2026-03-15,shanghai,Shanghai International Circuit,antonelli,ANT,Andrea Kimi Antonelli,mercedes,Mercedes,12,1,1,1,25,56,Finished,1,1:35.275,,
2026,2,Chinese Grand Prix,2026-03-15,shanghai,Shanghai International Circuit,russell,RUS,George Russell,mercedes,Mercedes,63,2,2,2,18,56,Finished,2,1:35.400,,
2026,2,Chinese Grand Prix,2026-03-15,shanghai,Shanghai International Circuit,hamilton,HAM,Lewis Hamilton,ferrari,Ferrari,44,3,3,3,15,56,Finished,5,1:36.092,,
2026,2,Chinese Grand Prix,2026-03-15,shanghai,Shanghai International Circuit,leclerc,LEC,Charles Leclerc,ferrari,Ferrari,16,4,4,4,12,56,Finished,4,1:36.011,,
2026,2,Chinese Grand Prix,2026-03-15,shanghai,Shanghai International Circuit,bearman,BEA,Oliver Bearman,haas,Haas F1 Team,87,10,5,5,10,56,Finished,8,1:36.429,,
2026,2,Chinese Grand Prix,2026-03-15,shanghai,Shanghai International Circuit,gasly,GAS,Pierre Gasly,alpine,Alpine F1 Team,10,7,6,6,8,56,Finished,9,1:36.505,,
2026,2,Chinese Grand Prix,2026-03-15,shanghai,Shanghai International Circuit,lawson,LAW,Liam Lawson,rb,RB F1 Team,30,14,7,7,6,56,Finished,12,1:37.096,,
2026,2,Chinese Grand Prix,2026-03-15,shanghai,Shanghai International Circuit,hadjar,HAD,Isack Hadjar,red_bull,Red Bull,6,9,8,8,4,56,Finished,13,1:37.311,,
2026,2,Chinese Grand Prix,2026-03-15,shanghai,Shanghai International Circuit,sainz,SAI,Carlos Sainz,williams,Williams,55,17,9,9,2,55,Lapped,14,1:37.981,,
2026,2,Chinese Grand Prix,2026-03-15,shanghai,Shanghai International Circuit,colapinto,COL,Franco Colapinto,alpine,Alpine F1 Team,43,12,10,10,1,55,Lapped,10,1:36.783,,
2026,2,Chinese Grand Prix,2026-03-15,shanghai,Shanghai International Circuit,hulkenberg,HUL,Nico Hülkenberg,audi,Audi,27,11,11,11,0,55,Lapped,7,1:36.180,,
2026,2,Chinese Grand Prix,2026-03-15,shanghai,Shanghai International Circuit,arvid_lindblad,LIN,Arvid Lindblad,rb,RB F1 Team,41,15,12,12,0,55,Lapped,6,1:36.099,,
2026,2,Chinese Grand Prix,2026-03-15,shanghai,Shanghai International Circuit,bottas,BOT,Valtteri Bottas,cadillac,Cadillac F1 Team,77,19,13,13,0,55,Lapped,15,1:38.393,,
2026,2,Chinese Grand Prix,2026-03-15,shanghai,Shanghai International Circuit,ocon,OCO,Esteban Ocon,haas,Haas F1 Team,31,13,14,14,0,55,Lapped,3,1:35.964,,
2026,2,Chinese Grand Prix,2026-03-15,shanghai,Shanghai International Circuit,perez,PER,Sergio Pérez,cadillac,Cadillac F1 Team,11,21,15,15,0,55,Lapped,16,1:38.523,,
2026,2,Chinese Grand Prix,2026-03-15,shanghai,Shanghai International Circuit,max_verstappen,VER,Max Verstappen,red_bull,Red Bull,3,8,16,R,0,45,Retired,11,1:37.046,,
2026,2,Chinese Grand Prix,2026-03-15,shanghai,Shanghai International Circuit,alonso,ALO,Fernando Alonso,aston_martin,Aston Martin,14,18,17,R,0,32,Retired,17,1:39.721,,
2026,2,Chinese Grand Prix,2026-03-15,shanghai,Shanghai International Circuit,stroll,STR,Lance Stroll,aston_martin,Aston Martin,18,20,18,R,0,9,Retired,18,1:40.883,,
2026,2,Chinese Grand Prix,2026-03-15,shanghai,Shanghai International Circuit,piastri,PIA,Oscar Piastri,mclaren,McLaren,81,5,19,W,0,0,Did not start,,,,
2026,2,Chinese Grand Prix,2026-03-15,shanghai,Shanghai International Circuit,norris,NOR,Lando Norris,mclaren,McLaren,1,6,20,W,0,0,Did not start,,,,
2026,2,Chinese Grand Prix,2026-03-15,shanghai,Shanghai International Circuit,bortoleto,BOR,Gabriel Bortoleto,audi,Audi,5,16,21,W,0,0,Did not start,,,,
2026,2,Chinese Grand Prix,2026-03-15,shanghai,Shanghai International Circuit,albon,ALB,Alexander Albon,williams,Williams,23,22,22,W,0,0,Did not start,,,,
2026,3,Japanese Grand Prix,2026-03-29,suzuka,Suzuka Circuit,antonelli,ANT,Andrea Kimi Antonelli,mercedes,Mercedes,12,1,1,1,25,53,Finished,1,1:32.432,,
2026,3,Japanese Grand Prix,2026-03-29,suzuka,Suzuka Circuit,piastri,PIA,Oscar Piastri,mclaren,McLaren,81,3,2,2,18,53,Finished,5,1:32.996,,
2026,3,Japanese Grand Prix,2026-03-29,suzuka,Suzuka Circuit,leclerc,LEC,Charles Leclerc,ferrari,Ferrari,16,4,3,3,15,53,Finished,3,1:32.634,,
2026,3,Japanese Grand Prix,2026-03-29,suzuka,Suzuka Circuit,russell,RUS,George Russell,mercedes,Mercedes,63,2,4,4,12,53,Finished,2,1:32.549,,
2026,3,Japanese Grand Prix,2026-03-29,suzuka,Suzuka Circuit,norris,NOR,Lando Norris,mclaren,McLaren,1,5,5,5,10,53,Finished,6,1:33.208,,
2026,3,Japanese Grand Prix,2026-03-29,suzuka,Suzuka Circuit,hamilton,HAM,Lewis Hamilton,ferrari,Ferrari,44,6,6,6,8,53,Finished,4,1:32.777,,
2026,3,Japanese Grand Prix,2026-03-29,suzuka,Suzuka Circuit,gasly,GAS,Pierre Gasly,alpine,Alpine F1 Team,10,7,7,7,6,53,Finished,9,1:33.691,,
2026,3,Japanese Grand Prix,2026-03-29,suzuka,Suzuka Circuit,max_verstappen,VER,Max Verstappen,red_bull,Red Bull,3,11,8,8,4,53,Finished,8,1:33.552,,
2026,3,Japanese Grand Prix,2026-03-29,suzuka,Suzuka Circuit,lawson,LAW,Liam Lawson,rb,RB F1 Team,30,14,9,9,2,53,Finished,13,1:34.230,,
2026,3,Japanese Grand Prix,2026-03-29,suzuka,Suzuka Circuit,ocon,OCO,Esteban Ocon,haas,Haas F1 Team,31,12,10,10,1,53,Finished,14,1:34.256,,
2026,3,Japanese Grand Prix,2026-03-29,suzuka,Suzuka Circuit,hulkenberg,HUL,Nico Hülkenberg,audi,Audi,27,13,11,11,0,53,Finished,10,1:33.732,,
2026,3,Japanese Grand Prix,2026-03-29,suzuka,Suzuka Circuit,hadjar,HAD,Isack Hadjar,red_bull,Red Bull,6,8,12,12,0,53,Finished,11,1:33.837,,
2026,3,Japanese Grand Prix,2026-03-29,suzuka,Suzuka Circuit,bortoleto,BOR,Gabriel Bortoleto,audi,Audi,5,9,13,13,0,53,Finished,12,1:34.164,,
2026,3,Japanese Grand Prix,2026-03-29,suzuka,Suzuka Circuit,arvid_lindblad,LIN,Arvid Lindblad,rb,RB F1 Team,41,10,14,14,0,53,Finished,15,1:34.314,,
2026,3,Japanese Grand Prix,2026-03-29,suzuka,Suzuka Circuit,sainz,SAI,Carlos Sainz,williams,Williams,55,16,15,15,0,53,Finished,17,1:34.514,,
2026,3,Japanese Grand Prix,2026-03-29,suzuka,Suzuka Circuit,colapinto,COL,Franco Colapinto,alpine,Alpine F1 Team,43,15,16,16,0,53,Finished,16,1:34.512,,
2026,3,Japanese Grand Prix,2026-03-29,suzuka,Suzuka Circuit,perez,PER,Sergio Pérez,cadillac,Cadillac F1 Team,11,19,17,17,0,53,Finished,19,1:35.637,,
2026,3,Japanese Grand Prix,2026-03-29,suzuka,Suzuka Circuit,alonso,ALO,Fernando Alonso,aston_martin,Aston Martin,14,21,18,18,0,52,Lapped,20,1:36.221,,
2026,3,Japanese Grand Prix,2026-03-29,suzuka,Suzuka Circuit,bottas,BOT,Valtteri Bottas,cadillac,Cadillac F1 Team,77,20,19,19,0,52,Lapped,21,1:36.269,,
2026,3,Japanese Grand Prix,2026-03-29,suzuka,Suzuka Circuit,albon,ALB,Alexander Albon,williams,Williams,23,17,20,20,0,51,Lapped,7,1:33.427,,
2026,3,Japanese Grand Prix,2026-03-29,suzuka,Suzuka Circuit,stroll,STR,Lance Stroll,aston_martin,Aston Martin,18,22,21,R,0,30,Retired,22,1:37.217,,
2026,3,Japanese Grand Prix,2026-03-29,suzuka,Suzuka Circuit,bearman,BEA,Oliver Bearman,haas,Haas F1 Team,87,18,22,R,0,20,Retired,18,1:35.604,,
2026,4,Miami Grand Prix,2026-05-03,miami,Miami International Autodrome,antonelli,ANT,Andrea Kimi Antonelli,mercedes,Mercedes,12,1,1,1,25,57,Finished,3,1:31.968,,
2026,4,Miami Grand Prix,2026-05-03,miami,Miami International Autodrome,norris,NOR,Lando Norris,mclaren,McLaren,1,4,2,2,18,57,Finished,1,1:31.869,,
2026,4,Miami Grand Prix,2026-05-03,miami,Miami International Autodrome,piastri,PIA,Oscar Piastri,mclaren,McLaren,81,7,3,3,15,57,Finished,2,1:31.949,,
2026,4,Miami Grand Prix,2026-05-03,miami,Miami International Autodrome,russell,RUS,George Russell,mercedes,Mercedes,63,5,4,4,12,57,Finished,4,1:32.446,,
2026,4,Miami Grand Prix,2026-05-03,miami,Miami International Autodrome,max_verstappen,VER,Max Verstappen,red_bull,Red Bull,3,2,5,5,10,57,Finished,9,1:33.110,,
2026,4,Miami Grand Prix,2026-05-03,miami,Miami International Autodrome,hamilton,HAM,Lewis Hamilton,ferrari,Ferrari,44,6,6,6,8,57,Finished,6,1:32.676,,
2026,4,Miami Grand Prix,2026-05-03,miami,Miami International Autodrome,colapinto,COL,Franco Colapinto,alpine,Alpine F1 Team,43,8,7,7,6,57,Finished,8,1:33.035,,
2026,4,Miami Grand Prix,2026-05-03,miami,Miami International Autodrome,leclerc,LEC,Charles Leclerc,ferrari,Ferrari,16,3,8,8,4,57,Finished,5,1:32.515,,
2026,4,Miami Grand Prix,2026-05-03,miami,Miami International Autodrome,sainz,SAI,Carlos Sainz,williams,Williams,55,13,9,9,2,57,Finished,7,1:33.026,,
2026,4,Miami Grand Prix,2026-05-03,miami,Miami International Autodrome,albon,ALB,Alexander Albon,williams,Williams,23,15,10,10,1,57,Finished,13,1:33.784,,
2026,4,Miami Grand Prix,2026-05-03,miami,Miami International Autodrome,bearman,BEA,Oliver Bearman,haas,Haas F1 Team,87,12,11,11,0,56,Lapped,12,1:33.744,,
2026,4,Miami Grand Prix,2026-05-03,miami,Miami International Autodrome,bortoleto,BOR,Gabriel Bortoleto,audi,Audi,5,21,12,12,0,56,Lapped,10,1:33.500,,
2026,4,Miami Grand Prix,2026-05-03,miami,Miami International Autodrome,ocon,OCO,Esteban Ocon,haas,Haas F1 Team,31,14,13,13,0,56,Lapped,11,1:33.712,,
2026,4,Miami Grand Prix,2026-05-03,miami,Miami International Autodrome,arvid_lindblad,LIN,Arvid Lindblad,rb,RB F1 Team,41,16,14,14,0,56,Lapped,14,1:34.058,,
2026,4,Miami Grand Prix,2026-05-03,miami,Miami International Autodrome,alonso,ALO,Fernando Alonso,aston_martin,Aston Martin,14,17,15,15,0,56,Lapped,16,1:34.594,,
2026,4,Miami Grand Prix,2026-05-03,miami,Miami International Autodrome,perez,PER,Sergio Pérez,cadillac,Cadillac F1 Team,11,20,16,16,0,56,Lapped,21,1:34.895,,
2026,4,Miami Grand Prix,2026-05-03,miami,Miami International Autodrome,stroll,STR,Lance Stroll,aston_martin,Aston Martin,18,18,17,17,0,56,Lapped,17,1:34.716,,
2026,4,Miami Grand Prix,2026-05-03,miami,Miami International Autodrome,bottas,BOT,Valtteri Bottas,cadillac,Cadillac F1 Team,77,19,18,18,0,55,Lapped,22,1:36.080,,
2026,4,Miami Grand Prix,2026-05-03,miami,Miami International Autodrome,hulkenberg,HUL,Nico Hülkenberg,audi,Audi,27,10,19,R,0,7,Retired,15,1:34.523,,
2026,4,Miami Grand Prix,2026-05-03,miami,Miami International Autodrome,lawson,LAW,Liam Lawson,rb,RB F1 Team,30,11,20,R,0,6,Retired,18,1:34.814,,
2026,4,Miami Grand Prix,2026-05-03,miami,Miami International Autodrome,gasly,GAS,Pierre Gasly,alpine,Alpine F1 Team,10,9,21,R,0,4,Retired,20,1:34.856,,
2026,4,Miami Grand Prix,2026-05-03,miami,Miami International Autodrome,hadjar,HAD,Isack Hadjar,red_bull,Red Bull,6,22,22,R,0,4,Retired,19,1:34.833,,
2026,5,Canadian Grand Prix,2026-05-24,villeneuve,Circuit Gilles Villeneuve,antonelli,ANT,Andrea Kimi Antonelli,mercedes,Mercedes,12,2,1,1,25,68,Finished,1,1:14.210,,
2026,5,Canadian Grand Prix,2026-05-24,villeneuve,Circuit Gilles Villeneuve,hamilton,HAM,Lewis Hamilton,ferrari,Ferrari,44,5,2,2,18,68,Finished,3,1:14.573,,
2026,5,Canadian Grand Prix,2026-05-24,villeneuve,Circuit Gilles Villeneuve,max_verstappen,VER,Max Verstappen,red_bull,Red Bull,3,6,3,3,15,68,Finished,2,1:14.398,,
2026,5,Canadian Grand Prix,2026-05-24,villeneuve,Circuit Gilles Villeneuve,leclerc,LEC,Charles Leclerc,ferrari,Ferrari,16,8,4,4,12,68,Finished,5,1:15.297,,
2026,5,Canadian Grand Prix,2026-05-24,villeneuve,Circuit Gilles Villeneuve,hadjar,HAD,Isack Hadjar,red_bull,Red Bull,6,7,5,5,10,67,Lapped,4,1:14.578,,
2026,5,Canadian Grand Prix,2026-05-24,villeneuve,Circuit Gilles Villeneuve,colapinto,COL,Franco Colapinto,alpine,Alpine F1 Team,43,10,6,6,8,67,Lapped,8,1:15.462,,
2026,5,Canadian Grand Prix,2026-05-24,villeneuve,Circuit Gilles Villeneuve,lawson,LAW,Liam Lawson,rb,RB F1 Team,30,12,7,7,6,67,Lapped,10,1:15.604,,
2026,5,Canadian Grand Prix,2026-05-24,villeneuve,Circuit Gilles Villeneuve,gasly,GAS,Pierre Gasly,alpine,Alpine F1 Team,10,14,8,8,4,67,Lapped,6,1:15.390,,
2026,5,Canadian Grand Prix,2026-05-24,villeneuve,Circuit Gilles Villeneuve,sainz,SAI,Carlos Sainz,williams,Williams,55,15,9,9,2,67,Lapped,12,1:15.852,,
2026,5,Canadian Grand Prix,2026-05-24,villeneuve,Circuit Gilles Villeneuve,bearman,BEA,Oliver Bearman,haas,Haas F1 Team,87,16,10,10,1,67,Lapped,13,1:16.002,,
2026,5,Canadian Grand Prix,2026-05-24,villeneuve,Circuit Gilles Villeneuve,piastri,PIA,Oscar Piastri,mclaren,McLaren,81,4,11,11,0,66,Lapped,7,1:15.456,,
2026,5,Canadian Grand Prix,2026-05-24,villeneuve,Circuit Gilles Villeneuve,hulkenberg,HUL,Nico Hülkenberg,audi,Audi,27,11,12,12,0,66,Lapped,15,1:16.275,,
2026,5,Canadian Grand Prix,2026-05-24,villeneuve,Circuit Gilles Villeneuve,bortoleto,BOR,Gabriel Bortoleto,audi,Audi,5,13,13,13,0,66,Lapped,14,1:16.221,,
2026,5,Canadian Grand Prix,2026-05-24,villeneuve,Circuit Gilles Villeneuve,ocon,OCO,Esteban Ocon,haas,Haas F1 Team,31,17,14,14,0,66,Lapped,16,1:16.577,,
2026,5,Canadian Grand Prix,2026-05-24,villeneuve,Circuit Gilles Villeneuve,stroll,STR,Lance Stroll,aston_martin,Aston Martin,18,22,15,15,0,64,Lapped,20,1:18.721,,
2026,5,Canadian Grand Prix,2026-05-24,villeneuve,Circuit Gilles Villeneuve,bottas,BOT,Valtteri Bottas,cadillac,Cadillac F1 Team,77,21,16,16,0,64,Lapped,19,1:17.725,,
2026,5,Canadian Grand Prix,2026-05-24,villeneuve,Circuit Gilles Villeneuve,perez,PER,Sergio Pérez,cadillac,Cadillac F1 Team,11,20,17,R,0,39,Retired,17,1:16.915,,
2026,5,Canadian Grand Prix,2026-05-24,villeneuve,Circuit Gilles Villeneuve,norris,NOR,Lando Norris,mclaren,McLaren,1,3,18,R,0,38,Retired,11,1:15.845,,
2026,5,Canadian Grand Prix,2026-05-24,villeneuve,Circuit Gilles Villeneuve,russell,RUS,George Russell,mercedes,Mercedes,63,1,19,R,0,29,Retired,9,1:15.477,,
2026,5,Canadian Grand Prix,2026-05-24,villeneuve,Circuit Gilles Villeneuve,alonso,ALO,Fernando Alonso,aston_martin,Aston Martin,14,19,20,R,0,23,Retired,21,1:19.635,,
2026,5,Canadian Grand Prix,2026-05-24,villeneuve,Circuit Gilles Villeneuve,albon,ALB,Alexander Albon,williams,Williams,23,18,21,R,0,11,Retired,18,1:17.221,,
2026,5,Canadian Grand Prix,2026-05-24,villeneuve,Circuit Gilles Villeneuve,arvid_lindblad,LIN,Arvid Lindblad,rb,RB F1 Team,41,9,22,W,0,0,Did not start,,,,
2026,6,Monaco Grand Prix,2026-06-07,monaco,Circuit de Monaco,antonelli,ANT,Andrea Kimi Antonelli,mercedes,Mercedes,12,1,1,1,25,78,Finished,1,1:13.481,,
2026,6,Monaco Grand Prix,2026-06-07,monaco,Circuit de Monaco,hamilton,HAM,Lewis Hamilton,ferrari,Ferrari,44,3,2,2,18,78,Finished,2,1:14.643,,
2026,6,Monaco Grand Prix,2026-06-07,monaco,Circuit de Monaco,gasly,GAS,Pierre Gasly,alpine,Alpine F1 Team,10,9,3,3,15,78,Finished,3,1:15.497,,
2026,6,Monaco Grand Prix,2026-06-07,monaco,Circuit de Monaco,hadjar,HAD,Isack Hadjar,red_bull,Red Bull,6,5,4,4,12,78,Finished,4,1:15.669,,
2026,6,Monaco Grand Prix,2026-06-07,monaco,Circuit de Monaco,piastri,PIA,Oscar Piastri,mclaren,McLaren,81,7,5,5,10,78,Finished,7,1:15.816,,
2026,6,Monaco Grand Prix,2026-06-07,monaco,Circuit de Monaco,lawson,LAW,Liam Lawson,rb,RB F1 Team,30,10,6,6,8,78,Finished,5,1:15.754,,
2026,6,Monaco Grand Prix,2026-06-07,monaco,Circuit de Monaco,arvid_lindblad,LIN,Arvid Lindblad,rb,RB F1 Team,41,15,7,7,6,78,Finished,8,1:15.908,,
2026,6,Monaco Grand Prix,2026-06-07,monaco,Circuit de Monaco,albon,ALB,Alexander Albon,williams,Williams,23,11,8,8,4,78,Finished,12,1:16.393,,
2026,6,Monaco Grand Prix,2026-06-07,monaco,Circuit de Monaco,ocon,OCO,Esteban Ocon,haas,Haas F1 Team,31,17,9,9,2,78,Finished,15,1:16.914,,
2026,6,Monaco Grand Prix,2026-06-07,monaco,Circuit de Monaco,alonso,ALO,Fernando Alonso,aston_martin,Aston Martin,14,21,10,10,1,78,Finished,16,1:17.120,,
2026,6,Monaco Grand Prix,2026-06-07,monaco,Circuit de Monaco,bortoleto,BOR,Gabriel Bortoleto,audi,Audi,5,16,11,11,0,78,Finished,13,1:16.803,,
2026,6,Monaco Grand Prix,2026-06-07,monaco,Circuit de Monaco,russell,RUS,George Russell,mercedes,Mercedes,63,6,12,12,0,78,Finished,6,1:15.773,,
2026,6,Monaco Grand Prix,2026-06-07,monaco,Circuit de Monaco,hulkenberg,HUL,Nico Hülkenberg,audi,Audi,27,13,13,13,0,78,Finished,11,1:16.332,,
2026,6,Monaco Grand Prix,2026-06-07,monaco,Circuit de Monaco,colapinto,COL,Franco Colapinto,alpine,Alpine F1 Team,43,14,14,14,0,78,Finished,10,1:16.316,,
2026,6,Monaco Grand Prix,2026-06-07,monaco,Circuit de Monaco,perez,PER,Sergio Pérez,cadillac,Cadillac F1 Team,11,18,15,15,0,78,Finished,14,1:16.891,,
2026,6,Monaco Grand Prix,2026-06-07,monaco,Circuit de Monaco,sainz,SAI,Carlos Sainz,williams,Williams,55,12,16,16,0,70,Retired,18,1:18.022,,
2026,6,Monaco Grand Prix,2026-06-07,monaco,Circuit de Monaco,leclerc,LEC,Charles Leclerc,ferrari,Ferrari,16,4,17,R,0,64,Retired,9,1:15.964,,
2026,6,Monaco Grand Prix,2026-06-07,monaco,Circuit de Monaco,stroll,STR,Lance Stroll,aston_martin,Aston Martin,18,22,18,R,0,56,Retired,20,1:18.845,,
2026,6,Monaco Grand Prix,2026-06-07,monaco,Circuit de Monaco,norris,NOR,Lando Norris,mclaren,McLaren,1,8,19,R,0,43,Retired,17,1:17.670,,
2026,6,Monaco Grand Prix,2026-06-07,monaco,Circuit de Monaco,bearman,BEA,Oliver Bearman,haas,Haas F1 Team,87,19,20,R,0,27,Retired,19,1:18.475,,
2026,6,Monaco Grand Prix,2026-06-07,monaco,Circuit de Monaco,bottas,BOT,Valtteri Bottas,cadillac,Cadillac F1 Team,77,20,21,R,0,15,Retired,21,1:20.494,,
2026,6,Monaco Grand Prix,2026-06-07,monaco,Circuit de Monaco,max_verstappen,VER,Max Verstappen,red_bull,Red Bull,3,2,22,R,0,0,Retired,,,,
2026,7,Barcelona Grand Prix,2026-06-14,catalunya,Circuit de Barcelona-Catalunya,hamilton,HAM,Lewis Hamilton,ferrari,Ferrari,44,2,1,1,25,66,Finished,1,1:20.122,,
2026,7,Barcelona Grand Prix,2026-06-14,catalunya,Circuit de Barcelona-Catalunya,russell,RUS,George Russell,mercedes,Mercedes,63,1,2,2,18,66,Finished,6,1:20.640,,
2026,7,Barcelona Grand Prix,2026-06-14,catalunya,Circuit de Barcelona-Catalunya,norris,NOR,Lando Norris,mclaren,McLaren,1,4,3,3,15,66,Finished,4,1:20.232,,
2026,7,Barcelona Grand Prix,2026-06-14,catalunya,Circuit de Barcelona-Catalunya,max_verstappen,VER,Max Verstappen,red_bull,Red Bull,3,5,4,4,12,66,Finished,3,1:20.230,,
2026,7,Barcelona Grand Prix,2026-06-14,catalunya,Circuit de Barcelona-Catalunya,piastri,PIA,Oscar Piastri,mclaren,McLaren,81,7,5,5,10,66,Finished,8,1:20.835,,
2026,7,Barcelona Grand Prix,2026-06-14,catalunya,Circuit de Barcelona-Catalunya,hadjar,HAD,Isack Hadjar,red_bull,Red Bull,6,6,6,6,8,65,Lapped,2,1:20.150,,
2026,7,Barcelona Grand Prix,2026-06-14,catalunya,Circuit de Barcelona-Catalunya,gasly,GAS,Pierre Gasly,alpine,Alpine F1 Team,10,14,7,7,6,65,Lapped,13,1:21.960,,
2026,7,Barcelona Grand Prix,2026-06-14,catalunya,Circuit de Barcelona-Catalunya,lawson,LAW,Liam Lawson,rb,RB F1 Team,30,8,8,8,4,65,Lapped,17,1:22.691,,
2026,7,Barcelona Grand Prix,2026-06-14,catalunya,Circuit de Barcelona-Catalunya,arvid_lindblad,LIN,Arvid Lindblad,rb,RB F1 Team,41,11,9,9,2,65,Lapped,12,1:21.914,,
2026,7,Barcelona Grand Prix,2026-06-14,catalunya,Circuit de Barcelona-Catalunya,colapinto,COL,Franco Colapinto,alpine,Alpine F1 Team,43,13,10,10,1,65,Lapped,16,1:22.449,,
2026,7,Barcelona Grand Prix,2026-06-14,catalunya,Circuit de Barcelona-Catalunya,bortoleto,BOR,Gabriel Bortoleto,audi,Audi,5,12,11,11,0,64,Lapped,9,1:21.446,,
2026,7,Barcelona Grand Prix,2026-06-14,catalunya,Circuit de Barcelona-Catalunya,sainz,SAI,Carlos Sainz,williams,Williams,55,16,12,12,0,64,Lapped,14,1:22.061,,
2026,7,Barcelona Grand Prix,2026-06-14,catalunya,Circuit de Barcelona-Catalunya,ocon,OCO,Esteban Ocon,haas,Haas F1 Team,31,17,13,13,0,64,Lapped,10,1:21.643,,
2026,7,Barcelona Grand Prix,2026-06-14,catalunya,Circuit de Barcelona-Catalunya,perez,PER,Sergio Pérez,cadillac,Cadillac F1 Team,11,19,14,14,0,63,Lapped,18,1:22.820,,
2026,7,Barcelona Grand Prix,2026-06-14,catalunya,Circuit de Barcelona-Catalunya,leclerc,LEC,Charles Leclerc,ferrari,Ferrari,16,10,15,15,0,62,Retired,5,1:20.379,,
2026,7,Barcelona Grand Prix,2026-06-14,catalunya,Circuit de Barcelona-Catalunya,antonelli,ANT,Andrea Kimi Antonelli,mercedes,Mercedes,12,3,16,16,0,61,Retired,7,1:20.704,,
2026,7,Barcelona Grand Prix,2026-06-14,catalunya,Circuit de Barcelona-Catalunya,bearman,BEA,Oliver Bearman,haas,Haas F1 Team,87,15,17,17,0,60,Retired,15,1:22.419,,
2026,7,Barcelona Grand Prix,2026-06-14,catalunya,Circuit de Barcelona-Catalunya,albon,ALB,Alexander Albon,williams,Williams,23,18,18,R,0,55,Lapped,11,1:21.744,,
2026,7,Barcelona Grand Prix,2026-06-14,catalunya,Circuit de Barcelona-Catalunya,alonso,ALO,Fernando Alonso,aston_martin,Aston Martin,14,22,19,R,0,37,Retired,20,1:25.366,,
2026,7,Barcelona Grand Prix,2026-06-14,catalunya,Circuit de Barcelona-Catalunya,hulkenberg,HUL,Nico Hülkenberg,audi,Audi,27,9,20,R,0,29,Retired,19,1:23.447,,
2026,7,Barcelona Grand Prix,2026-06-14,catalunya,Circuit de Barcelona-Catalunya,bottas,BOT,Valtteri Bottas,cadillac,Cadillac F1 Team,77,20,21,R,0,15,Retired,21,1:25.745,,
2026,7,Barcelona Grand Prix,2026-06-14,catalunya,Circuit de Barcelona-Catalunya,stroll,STR,Lance Stroll,aston_martin,Aston Martin,18,21,22,R,0,5,Retired,22,1:25.904,,
2026,8,Austrian Grand Prix,2026-06-28,red_bull_ring,Red Bull Ring,russell,RUS,George Russell,mercedes,Mercedes,63,1,1,1,25,71,Finished,6,1:10.683,,
2026,8,Austrian Grand Prix,2026-06-28,red_bull_ring,Red Bull Ring,max_verstappen,VER,Max Verstappen,red_bull,Red Bull,3,5,2,2,18,71,Finished,2,1:10.483,,
2026,8,Austrian Grand Prix,2026-06-28,red_bull_ring,Red Bull Ring,antonelli,ANT,Andrea Kimi Antonelli,mercedes,Mercedes,12,4,3,3,15,71,Finished,1,1:10.374,,
2026,8,Austrian Grand Prix,2026-06-28,red_bull_ring,Red Bull Ring,piastri,PIA,Oscar Piastri,mclaren,McLaren,81,7,4,4,12,71,Finished,3,1:10.595,,
2026,8,Austrian Grand Prix,2026-06-28,red_bull_ring,Red Bull Ring,hamilton,HAM,Lewis Hamilton,ferrari,Ferrari,44,3,5,5,10,71,Finished,7,1:10.946,,
2026,8,Austrian Grand Prix,2026-06-28,red_bull_ring,Red Bull Ring,hadjar,HAD,Isack Hadjar,red_bull,Red Bull,6,8,6,6,8,71,Finished,8,1:10.947,,
2026,8,Austrian Grand Prix,2026-06-28,red_bull_ring,Red Bull Ring,norris,NOR,Lando Norris,mclaren,McLaren,1,6,7,7,6,71,Finished,5,1:10.652,,
2026,8,Austrian Grand Prix,2026-06-28,red_bull_ring,Red Bull Ring,leclerc,LEC,Charles Leclerc,ferrari,Ferrari,16,2,8,8,4,71,Finished,4,1:10.606,,
2026,8,Austrian Grand Prix,2026-06-28,red_bull_ring,Red Bull Ring,lawson,LAW,Liam Lawson,rb,RB F1 Team,30,9,9,9,2,70,Lapped,10,1:11.547,,
2026,8,Austrian Grand Prix,2026-06-28,red_bull_ring,Red Bull Ring,arvid_lindblad,LIN,Arvid Lindblad,rb,RB F1 Team,41,10,10,10,1,70,Lapped,11,1:11.587,,
2026,8,Austrian Grand Prix,2026-06-28,red_bull_ring,Red Bull Ring,bortoleto,BOR,Gabriel Bortoleto,audi,Audi,5,12,11,11,0,70,Lapped,14,1:11.866,,
2026,8,Austrian Grand Prix,2026-06-28,red_bull_ring,Red Bull Ring,hulkenberg,HUL,Nico Hülkenberg,audi,Audi,27,14,12,12,0,70,Lapped,12,1:11.634,,
2026,8,Austrian Grand Prix,2026-06-28,red_bull_ring,Red Bull Ring,gasly,GAS,Pierre Gasly,alpine,Alpine F1 Team,10,11,13,13,0,70,Lapped,9,1:11.466,,
2026,8,Austrian Grand Prix,2026-06-28,red_bull_ring,Red Bull Ring,bearman,BEA,Oliver Bearman,haas,Haas F1 Team,87,13,14,14,0,70,Lapped,15,1:12.207,,
2026,8,Austrian Grand Prix,2026-06-28,red_bull_ring,Red Bull Ring,colapinto,COL,Franco Colapinto,alpine,Alpine F1 Team,43,16,15,15,0,70,Lapped,13,1:11.795,,
2026,8,Austrian Grand Prix,2026-06-28,red_bull_ring,Red Bull Ring,ocon,OCO,Esteban Ocon,haas,Haas F1 Team,31,15,16,16,0,69,Lapped,17,1:12.979,,
2026,8,Austrian Grand Prix,2026-06-28,red_bull_ring,Red Bull Ring,albon,ALB,Alexander Albon,williams,Williams,23,18,17,17,0,69,Lapped,18,1:13.137,,
2026,8,Austrian Grand Prix,2026-06-28,red_bull_ring,Red Bull Ring,alonso,ALO,Fernando Alonso,aston_martin,Aston Martin,14,21,18,18,0,68,Lapped,16,1:12.501,,
2026,8,Austrian Grand Prix,2026-06-28,red_bull_ring,Red Bull Ring,stroll,STR,Lance Stroll,aston_martin,Aston Martin,18,22,19,R,0,45,Retired,20,1:13.796,,
2026,8,Austrian Grand Prix,2026-06-28,red_bull_ring,Red Bull Ring,sainz,SAI,Carlos Sainz,williams,Williams,55,17,20,R,0,23,Retired,19,1:13.694,,
2026,8,Austrian Grand Prix,2026-06-28,red_bull_ring,Red Bull Ring,perez,PER,Sergio Pérez,cadillac,Cadillac F1 Team,11,19,21,R,0,4,Retired,21,1:14.448,,
2026,8,Austrian Grand Prix,2026-06-28,red_bull_ring,Red Bull Ring,bottas,BOT,Valtteri Bottas,cadillac,Cadillac F1 Team,77,20,22,R,0,2,Retired,,,,
2026,9,British Grand Prix,2026-07-05,silverstone,Silverstone Circuit,leclerc,LEC,Charles Leclerc,ferrari,Ferrari,16,2,1,1,25,52,Finished,8,1:32.871,,
2026,9,British Grand Prix,2026-07-05,silverstone,Silverstone Circuit,russell,RUS,George Russell,mercedes,Mercedes,63,4,2,2,18,52,Finished,5,1:32.489,,
2026,9,British Grand Prix,2026-07-05,silverstone,Silverstone Circuit,hamilton,HAM,Lewis Hamilton,ferrari,Ferrari,44,3,3,3,15,52,Finished,4,1:32.309,,
2026,9,British Grand Prix,2026-07-05,silverstone,Silverstone Circuit,norris,NOR,Lando Norris,mclaren,McLaren,1,6,4,4,12,52,Finished,6,1:32.625,,
2026,9,British Grand Prix,2026-07-05,silverstone,Silverstone Circuit,hadjar,HAD,Isack Hadjar,red_bull,Red Bull,6,5,5,5,10,52,Finished,3,1:32.268,,
2026,9,British Grand Prix,2026-07-05,silverstone,Silverstone Circuit,lawson,LAW,Liam Lawson,rb,RB F1 Team,30,10,6,6,8,52,Finished,12,1:33.648,,
2026,9,British Grand Prix,2026-07-05,silverstone,Silverstone Circuit,arvid_lindblad,LIN,Arvid Lindblad,rb,RB F1 Team,41,9,7,7,6,52,Finished,11,1:33.632,,
2026,9,British Grand Prix,2026-07-05,silverstone,Silverstone Circuit,bortoleto,BOR,Gabriel Bortoleto,audi,Audi,5,11,8,8,4,52,Finished,13,1:33.650,,
2026,9,British Grand Prix,2026-07-05,silverstone,Silverstone Circuit,colapinto,COL,Franco Colapinto,alpine,Alpine F1 Team,43,19,9,9,2,52,Finished,16,1:34.281,,
2026,9,British Grand Prix,2026-07-05,silverstone,Silverstone Circuit,gasly,GAS,Pierre Gasly,alpine,Alpine F1 Team,10,15,10,10,1,52,Finished,15,1:34.179,,
2026,9,British Grand Prix,2026-07-05,silverstone,Silverstone Circuit,piastri,PIA,Oscar Piastri,mclaren,McLaren,81,8,11,11,0,52,Finished,9,1:32.917,,
2026,9,British Grand Prix,2026-07-05,silverstone,Silverstone Circuit,bearman,BEA,Oliver Bearman,haas,Haas F1 Team,87,13,12,12,0,52,Finished,17,1:34.455,,
2026,9,British Grand Prix,2026-07-05,silverstone,Silverstone Circuit,ocon,OCO,Esteban Ocon,haas,Haas F1 Team,31,17,13,13,0,52,Finished,18,1:34.792,,
2026,9,British Grand Prix,2026-07-05,silverstone,Silverstone Circuit,perez,PER,Sergio Pérez,cadillac,Cadillac F1 Team,11,20,14,14,0,52,Finished,19,1:35.520,,
2026,9,British Grand Prix,2026-07-05,silverstone,Silverstone Circuit,antonelli,ANT,Andrea Kimi Antonelli,mercedes,Mercedes,12,1,15,15,0,52,Finished,1,1:31.777,,
2026,9,British Grand Prix,2026-07-05,silverstone,Silverstone Circuit,bottas,BOT,Valtteri Bottas,cadillac,Cadillac F1 Team,77,18,16,16,0,52,Finished,21,1:35.893,,
2026,9,British Grand Prix,2026-07-05,silverstone,Silverstone Circuit,sainz,SAI,Carlos Sainz,williams,Williams,55,14,17,17,0,51,Lapped,7,1:32.734,,
2026,9,British Grand Prix,2026-07-05,silverstone,Silverstone Circuit,alonso,ALO,Fernando Alonso,aston_martin,Aston Martin,14,21,18,18,0,51,Lapped,20,1:35.827,,
2026,9,British Grand Prix,2026-07-05,silverstone,Silverstone Circuit,stroll,STR,Lance Stroll,aston_martin,Aston Martin,18,22,19,19,0,51,Lapped,22,1:37.232,,
2026,9,British Grand Prix,2026-07-05,silverstone,Silverstone Circuit,max_verstappen,VER,Max Verstappen,red_bull,Red Bull,3,7,20,20,0,46,Retired,2,1:32.101,,
2026,9,British Grand Prix,2026-07-05,silverstone,Silverstone Circuit,albon,ALB,Alexander Albon,williams,Williams,23,16,21,R,0,43,Retired,14,1:33.867,,
2026,9,British Grand Prix,2026-07-05,silverstone,Silverstone Circuit,hulkenberg,HUL,Nico Hülkenberg,audi,Audi,27,12,22,R,0,36,Retired,10,1:33.433,,
2026,10,Belgian Grand Prix,2026-07-19,spa,Circuit de Spa-Francorchamps,antonelli,ANT,Andrea Kimi Antonelli,mercedes,Mercedes,12,1,1,1,25,44,Finished,2,1:49.098,,
2026,10,Belgian Grand Prix,2026-07-19,spa,Circuit de Spa-Francorchamps,leclerc,LEC,Charles Leclerc,ferrari,Ferrari,16,4,2,2,18,44,Finished,4,1:49.333,,
2026,10,Belgian Grand Prix,2026-07-19,spa,Circuit de Spa-Francorchamps,max_verstappen,VER,Max Verstappen,red_bull,Red Bull,3,2,3,3,15,44,Finished,7,1:49.618,,
2026,10,Belgian Grand Prix,2026-07-19,spa,Circuit de Spa-Francorchamps,hamilton,HAM,Lewis Hamilton,ferrari,Ferrari,44,5,4,4,12,44,Finished,5,1:49.454,,
2026,10,Belgian Grand Prix,2026-07-19,spa,Circuit de Spa-Francorchamps,piastri,PIA,Oscar Piastri,mclaren,McLaren,81,6,5,5,10,44,Finished,6,1:49.562,,
2026,10,Belgian Grand Prix,2026-07-19,spa,Circuit de Spa-Francorchamps,hadjar,HAD,Isack Hadjar,red_bull,Red Bull,6,21,6,6,8,44,Finished,3,1:49.298,,
2026,10,Belgian Grand Prix,2026-07-19,spa,Circuit de Spa-Francorchamps,norris,NOR,Lando Norris,mclaren,McLaren,1,13,7,7,6,44,Finished,1,1:48.890,,
2026,10,Belgian Grand Prix,2026-07-19,spa,Circuit de Spa-Francorchamps,bortoleto,BOR,Gabriel Bortoleto,audi,Audi,5,8,8,8,4,44,Finished,8,1:50.334,,
2026,10,Belgian Grand Prix,2026-07-19,spa,Circuit de Spa-Francorchamps,arvid_lindblad,LIN,Arvid Lindblad,rb,RB F1 Team,41,7,9,9,2,44,Finished,10,1:50.536,,
2026,10,Belgian Grand Prix,2026-07-19,spa,Circuit de Spa-Francorchamps,colapinto,COL,Franco Colapinto,alpine,Alpine F1 Team,43,11,10,10,1,44,Finished,14,1:51.162,,
2026,10,Belgian Grand Prix,2026-07-19,spa,Circuit de Spa-Francorchamps,gasly,GAS,Pierre Gasly,alpine,Alpine F1 Team,10,10,11,11,0,44,Finished,12,1:51.101,,
2026,10,Belgian Grand Prix,2026-07-19,spa,Circuit de Spa-Francorchamps,lawson,LAW,Liam Lawson,rb,RB F1 Team,30,9,12,12,0,44,Finished,11,1:51.075,,
2026,10,Belgian Grand Prix,2026-07-19,spa,Circuit de Spa-Francorchamps,hulkenberg,HUL,Nico Hülkenberg,audi,Audi,27,12,13,13,0,44,Finished,9,1:50.503,,
2026,10,Belgian Grand Prix,2026-07-19,spa,Circuit de Spa-Francorchamps,bearman,BEA,Oliver Bearman,haas,Haas F1 Team,87,14,14,14,0,44,Finished,13,1:51.109,,
2026,10,Belgian Grand Prix,2026-07-19,spa,Circuit de Spa-Francorchamps,albon,ALB,Alexander Albon,williams,Williams,23,15,15,15,0,44,Finished,16,1:51.894,,
2026,10,Belgian Grand Prix,2026-07-19,spa,Circuit de Spa-Francorchamps,sainz,SAI,Carlos Sainz,williams,Williams,55,19,16,16,0,44,Finished,15,1:51.363,,
2026,10,Belgian Grand Prix,2026-07-19,spa,Circuit de Spa-Francorchamps,ocon,OCO,Esteban Ocon,haas,Haas F1 Team,31,16,17,17,0,44,Finished,17,1:51.900,,
2026,10,Belgian Grand Prix,2026-07-19,spa,Circuit de Spa-Francorchamps,bottas,BOT,Valtteri Bottas,cadillac,Cadillac F1 Team,77,17,18,18,0,43,Lapped,18,1:52.011,,
2026,10,Belgian Grand Prix,2026-07-19,spa,Circuit de Spa-Francorchamps,alonso,ALO,Fernando Alonso,aston_martin,Aston Martin,14,22,19,19,0,42,Lapped,19,1:52.948,,
2026,10,Belgian Grand Prix,2026-07-19,spa,Circuit de Spa-Francorchamps,stroll,STR,Lance Stroll,aston_martin,Aston Martin,18,20,20,R,0,25,Retired,21,1:53.980,,
2026,10,Belgian Grand Prix,2026-07-19,spa,Circuit de Spa-Francorchamps,perez,PER,Sergio Pérez,cadillac,Cadillac F1 Team,11,18,21,R,0,13,Retired,20,1:53.520,,
2026,10,Belgian Grand Prix,2026-07-19,spa,Circuit de Spa-Francorchamps,russell,RUS,George Russell,mercedes,Mercedes,63,3,22,R,0,0,Retired,,,,
2026,11,Hungarian Grand Prix,2026-07-26,hungaroring,Hungaroring,norris,NOR,Lando Norris,mclaren,McLaren,1,1,1,1,25,70,Finished,4,1:22.491,,
2026,11,Hungarian Grand Prix,2026-07-26,hungaroring,Hungaroring,max_verstappen,VER,Max Verstappen,red_bull,Red Bull,3,4,2,2,18,70,Finished,8,1:23.433,,
2026,11,Hungarian Grand Prix,2026-07-26,hungaroring,Hungaroring,antonelli,ANT,Andrea Kimi Antonelli,mercedes,Mercedes,12,7,3,3,15,70,Finished,3,1:22.415,,
2026,11,Hungarian Grand Prix,2026-07-26,hungaroring,Hungaroring,leclerc,LEC,Charles Leclerc,ferrari,Ferrari,16,2,4,4,12,70,Finished,1,1:22.000,,
2026,11,Hungarian Grand Prix,2026-07-26,hungaroring,Hungaroring,hamilton,HAM,Lewis Hamilton,ferrari,Ferrari,44,5,5,5,10,70,Finished,2,1:22.300,,
2026,11,Hungarian Grand Prix,2026-07-26,hungaroring,Hungaroring,hadjar,HAD,Isack Hadjar,red_bull,Red Bull,6,8,6,6,8,70,Finished,7,1:23.218,,
2026,11,Hungarian Grand Prix,2026-07-26,hungaroring,Hungaroring,russell,RUS,George Russell,mercedes,Mercedes,63,6,7,7,6,70,Finished,5,1:22.589,,
2026,11,Hungarian Grand Prix,2026-07-26,hungaroring,Hungaroring,lawson,LAW,Liam Lawson,rb,RB F1 Team,30,11,8,8,4,69,Lapped,11,1:23.900,,
2026,11,Hungarian Grand Prix,2026-07-26,hungaroring,Hungaroring,hulkenberg,HUL,Nico Hülkenberg,audi,Audi,27,10,9,9,2,69,Lapped,12,1:23.964,,
2026,11,Hungarian Grand Prix,2026-07-26,hungaroring,Hungaroring,arvid_lindblad,LIN,Arvid Lindblad,rb,RB F1 Team,41,9,10,10,1,69,Lapped,20,1:25.931,,
2026,11,Hungarian Grand Prix,2026-07-26,hungaroring,Hungaroring,bortoleto,BOR,Gabriel Bortoleto,audi,Audi,5,14,11,11,0,69,Lapped,15,1:24.783,,
2026,11,Hungarian Grand Prix,2026-07-26,hungaroring,Hungaroring,gasly,GAS,Pierre Gasly,alpine,Alpine F1 Team,10,12,12,12,0,69,Lapped,6,1:22.871,,
2026,11,Hungarian Grand Prix,2026-07-26,hungaroring,Hungaroring,stroll,STR,Lance Stroll,aston_martin,Aston Martin,18,20,13,13,0,69,Lapped,14,1:24.718,,
2026,11,Hungarian Grand Prix,2026-07-26,hungaroring,Hungaroring,alonso,ALO,Fernando Alonso,aston_martin,Aston Martin,14,16,14,14,0,69,Lapped,9,1:23.679,,
2026,11,Hungarian Grand Prix,2026-07-26,hungaroring,Hungaroring,colapinto,COL,Franco Colapinto,alpine,Alpine F1 Team,43,13,15,15,0,68,Lapped,13,1:24.624,,
2026,11,Hungarian Grand Prix,2026-07-26,hungaroring,Hungaroring,ocon,OCO,Esteban Ocon,haas,Haas F1 Team,31,15,16,16,0,68,Lapped,19,1:25.889,,
2026,11,Hungarian Grand Prix,2026-07-26,hungaroring,Hungaroring,albon,ALB,Alexander Albon,williams,Williams,23,19,17,17,0,68,Lapped,17,1:25.403,,
2026,11,Hungarian Grand Prix,2026-07-26,hungaroring,Hungaroring,sainz,SAI,Carlos Sainz,williams,Williams,55,18,18,18,0,68,Lapped,16,1:24.864,,
2026,11,Hungarian Grand Prix,2026-07-26,hungaroring,Hungaroring,bearman,BEA,Oliver Bearman,haas,Haas F1 Team,87,17,19,19,0,68,Lapped,18,1:25.884,,
2026,11,Hungarian Grand Prix,2026-07-26,hungaroring,Hungaroring,piastri,PIA,Oscar Piastri,mclaren,McLaren,81,3,20,R,0,55,Retired,10,1:23.896,,
2026,11,Hungarian Grand Prix,2026-07-26,hungaroring,Hungaroring,perez,PER,Sergio Pérez,cadillac,Cadillac F1 Team,11,22,21,R,0,48,Retired,21,1:26.342,,
2026,11,Hungarian Grand Prix,2026-07-26,hungaroring,Hungaroring,bottas,BOT,Valtteri Bottas,cadillac,Cadillac F1 Team,77,21,22,R,0,13,Retired,22,1:27.959,,
2026,12,Dutch Grand Prix,2026-08-23,zandvoort,Circuit Park Zandvoort,norris,NOR,Lando Norris,mclaren,McLaren,1,1,1,1,25,72,Finished,3,1:14.321,,
2026,12,Dutch Grand Prix,2026-08-23,zandvoort,Circuit Park Zandvoort,antonelli,ANT,Andrea Kimi Antonelli,mercedes,Mercedes,12,3,2,2,18,72,Finished,5,1:14.571,,
2026,12,Dutch Grand Prix,2026-08-23,zandvoort,Circuit Park Zandvoort,russell,RUS,George Russell,mercedes,Mercedes,63,2,3,3,15,72,Finished,6,1:15.393,,
2026,12,Dutch Grand Prix,2026-08-23,zandvoort,Circuit Park Zandvoort,hamilton,HAM,Lewis Hamilton,ferrari,Ferrari,44,5,4,4,12,72,Finished,4,1:14.566,,
2026,12,Dutch Grand Prix,2026-08-23,zandvoort,Circuit Park Zandvoort,leclerc,LEC,Charles Leclerc,ferrari,Ferrari,16,6,5,5,10,72,Finished,1,1:14.230,,
2026,12,Dutch Grand Prix,2026-08-23,zandvoort,Circuit Park Zandvoort,piastri,PIA,Oscar Piastri,mclaren,McLaren,81,4,6,6,8,72,Finished,2,1:14.303,,
2026,12,Dutch Grand Prix,2026-08-23,zandvoort,Circuit Park Zandvoort,lawson,LAW,Liam Lawson,red_bull,Red Bull,30,8,7,7,6,72,Finished,7,1:15.435,,
2026,12,Dutch Grand Prix,2026-08-23,zandvoort,Circuit Park Zandvoort,hulkenberg,HUL,Nico Hülkenberg,audi,Audi,27,13,8,8,4,71,Lapped,10,1:16.048,,
2026,12,Dutch Grand Prix,2026-08-23,zandvoort,Circuit Park Zandvoort,alonso,ALO,Fernando Alonso,aston_martin,Aston Martin,14,18,9,9,2,71,Lapped,14,1:16.946,,
2026,12,Dutch Grand Prix,2026-08-23,zandvoort,Circuit Park Zandvoort,gasly,GAS,Pierre Gasly,alpine,Alpine F1 Team,10,11,10,10,1,71,Lapped,11,1:16.220,,
2026,12,Dutch Grand Prix,2026-08-23,zandvoort,Circuit Park Zandvoort,tsunoda,TSU,Yuki Tsunoda,rb,RB F1 Team,22,12,11,11,0,71,Lapped,12,1:16.639,,
2026,12,Dutch Grand Prix,2026-08-23,zandvoort,Circuit Park Zandvoort,arvid_lindblad,LIN,Arvid Lindblad,rb,RB F1 Team,41,10,12,12,0,71,Lapped,13,1:16.653,,
2026,12,Dutch Grand Prix,2026-08-23,zandvoort,Circuit Park Zandvoort,bortoleto,BOR,Gabriel Bortoleto,audi,Audi,5,9,13,13,0,71,Lapped,8,1:15.515,,
2026,12,Dutch Grand Prix,2026-08-23,zandvoort,Circuit Park Zandvoort,colapinto,COL,Franco Colapinto,alpine,Alpine F1 Team,43,14,14,14,0,70,Lapped,9,1:15.578,,
2026,12,Dutch Grand Prix,2026-08-23,zandvoort,Circuit Park Zandvoort,perez,PER,Sergio Pérez,cadillac,Cadillac F1 Team,11,22,15,15,0,70,Lapped,17,1:17.523,,
2026,12,Dutch Grand Prix,2026-08-23,zandvoort,Circuit Park Zandvoort,sainz,SAI,Carlos Sainz,williams,Williams,55,17,16,16,0,70,Lapped,16,1:17.328,,
2026,12,Dutch Grand Prix,2026-08-23,zandvoort,Circuit Park Zandvoort,albon,ALB,Alexander Albon,williams,Williams,23,16,17,17,0,66,Retired,15,1:17.147,,
2026,12,Dutch Grand Prix,2026-08-23,zandvoort,Circuit Park Zandvoort,bottas,BOT,Valtteri Bottas,cadillac,Cadillac F1 Team,77,21,18,R,0,61,Retired,19,1:17.822,,
2026,12,Dutch Grand Prix,2026-08-23,zandvoort,Circuit Park Zandvoort,ocon,OCO,Esteban Ocon,haas,Haas F1 Team,31,15,19,R,0,52,Retired,18,1:17.588,,
2026,12,Dutch Grand Prix,2026-08-23,zandvoort,Circuit Park Zandvoort,stroll,STR,Lance Stroll,aston_martin,Aston Martin,18,19,20,R,0,45,Retired,20,1:17.883,,
2026,12,Dutch Grand Prix,2026-08-23,zandvoort,Circuit Park Zandvoort,bearman,BEA,Oliver Bearman,haas,Haas F1 Team,87,20,21,R,0,2,Retired,,,,
2026,12,Dutch Grand Prix,2026-08-23,zandvoort,Circuit Park Zandvoort,max_verstappen,VER,Max Verstappen,red_bull,Red Bull,3,7,22,R,0,0,Retired,,,,
