season,round,race_name,race_date,circuit_id,circuit_name,driver_id,driver_code,driver_name,team_id,team_name,number,grid_position,finish_position,position_text,points,laps,status,fastest_lap_rank,fastest_lap_time,fastest_lap_speed,fastest_lap_speed_unit,driver_key,qualifying_position,q1,q2,q3,qualifying_available,fp1_position,fp2_position,fp3_position,practice_avg_position,practice_best_position,practice_sessions_available,practice_available,circuit_type,circuit_direction,circuit_latitude,circuit_longitude,circuit_length_km,circuit_turns,circuit_total_races_held,regulation_era,regulation_era_code,weekend_format,sprint_qualifying_position,sprint_qualifying_q1_ms,sprint_qualifying_q2_ms,sprint_qualifying_q3_ms,sprint_qualifying_gap_ms,sprint_qualifying_laps,sprint_finish_position,sprint_grid_position,sprint_positions_gained,sprint_points,sprint_laps,sprint_pit_stops,driver_previous_finish,driver_avg_finish_last_3,driver_avg_finish_last_5,driver_previous_points,driver_avg_points_last_5,team_avg_finish_last_5,team_avg_points_last_5,driver_circuit_avg_finish,driver_circuit_races,sprint_qualifying_available,sprint_race_available,weather_pre_practice_temperature_avg,weather_pre_practice_temperature_min,weather_pre_practice_temperature_max,weather_pre_practice_humidity_avg,weather_pre_practice_precipitation_total,weather_pre_practice_rain_hours,weather_pre_practice_rain_flag,weather_pre_practice_wind_speed_avg,weather_pre_practice_wind_speed_max,weather_pre_practice_wind_direction_avg,weather_pre_practice_cloud_cover_avg,weather_pre_practice_weather_observations,weather_fp1_temperature_avg,weather_fp1_temperature_min,weather_fp1_temperature_max,weather_fp1_humidity_avg,weather_fp1_precipitation_total,weather_fp1_rain_hours,weather_fp1_rain_flag,weather_fp1_wind_speed_avg,weather_fp1_wind_speed_max,weather_fp1_wind_direction_avg,weather_fp1_cloud_cover_avg,weather_fp1_weather_observations,weather_fp2_temperature_avg,weather_fp2_temperature_min,weather_fp2_temperature_max,weather_fp2_humidity_avg,weather_fp2_precipitation_total,weather_fp2_rain_hours,weather_fp2_rain_flag,weather_fp2_wind_speed_avg,weather_fp2_wind_speed_max,weather_fp2_wind_direction_avg,weather_fp2_cloud_cover_avg,weather_fp2_weather_observations,weather_fp3_temperature_avg,weather_fp3_temperature_min,weather_fp3_temperature_max,weather_fp3_humidity_avg,weather_fp3_precipitation_total,weather_fp3_rain_hours,weather_fp3_rain_flag,weather_fp3_wind_speed_avg,weather_fp3_wind_speed_max,weather_fp3_wind_direction_avg,weather_fp3_cloud_cover_avg,weather_fp3_weather_observations,weather_qualifying_temperature_avg,weather_qualifying_temperature_min,weather_qualifying_temperature_max,weather_qualifying_humidity_avg,weather_qualifying_precipitation_total,weather_qualifying_rain_hours,weather_qualifying_rain_flag,weather_qualifying_wind_speed_avg,weather_qualifying_wind_speed_max,weather_qualifying_wind_direction_avg,weather_qualifying_cloud_cover_avg,weather_qualifying_weather_observations,predicted_finish
2025,1,Australian Grand Prix,2025-03-16,albert_park,Albert Park Grand Prix Circuit,albon,ALB,Alexander Albon,williams,Williams,23,,5.0,5,10.0,57,Finished,8.0,1:24.597,,,ALB,,,,,,6.0,12.0,7.0,8.333333333333334,6.0,3,True,STREET,CLOCKWISE,-37.849722,144.968333,5.278,14,29,ground_effect,2,normal,,,,,,,,,,,,,11.0,15.0,16.4,0.0,0.0,16.3,0.0,13.5,4,False,False,,,,,,,,,,,,,15.925,15.1,16.8,88.25,0.0,0.0,0.0,3.775,5.4,110.36536878290038,75.0,4.0,15.1325,13.8,16.8,90.925,0.0,0.0,0.0,4.047499999999999,5.4,59.67253302971186,87.5,9.0,16.346666666666668,13.8,19.6,86.2,0.0,0.0,0.0,3.665,5.4,83.5367341246236,80.75,13.0,,,,,,,,,,,,,12.461479486233943
2025,1,Australian Grand Prix,2025-03-16,albert_park,Albert Park Grand Prix Circuit,antonelli,ANT,Andrea Kimi Antonelli,mercedes,Mercedes,12,,4.0,4,12.0,57,Finished,9.0,1:24.901,,,ANT,,,,,,14.0,16.0,5.0,11.666666666666666,5.0,3,True,STREET,CLOCKWISE,-37.849722,144.968333,5.278,14,29,ground_effect,2,normal,,,,,,,,,,,,,,,,,,5.1,22.4,,0,False,False,,,,,,,,,,,,,15.925,15.1,16.8,88.25,0.0,0.0,0.0,3.775,5.4,110.36536878290038,75.0,4.0,15.1325,13.8,16.8,90.925,0.0,0.0,0.0,4.047499999999999,5.4,59.67253302971186,87.5,9.0,16.346666666666668,13.8,19.6,86.2,0.0,0.0,0.0,3.665,5.4,83.5367341246236,80.75,13.0,,,,,,,,,,,,,9.97225442955508
2025,1,Australian Grand Prix,2025-03-16,albert_park,Albert Park Grand Prix Circuit,sainz,SAI,Carlos Sainz,williams,Williams,55,,18.0,R,0.0,0,Retired,,,,,SAI,,,,,,2.0,11.0,6.0,6.333333333333333,2.0,3,True,STREET,CLOCKWISE,-37.849722,144.968333,5.278,14,29,ground_effect,2,normal,,,,,,,,,,,,,2.0,3.6666666666666665,5.6,18.0,13.2,16.3,0.0,11.125,8,False,False,,,,,,,,,,,,,15.925,15.1,16.8,88.25,0.0,0.0,0.0,3.775,5.4,110.36536878290038,75.0,4.0,15.1325,13.8,16.8,90.925,0.0,0.0,0.0,4.047499999999999,5.4,59.67253302971186,87.5,9.0,16.346666666666668,13.8,19.6,86.2,0.0,0.0,0.0,3.665,5.4,83.5367341246236,80.75,13.0,,,,,,,,,,,,,9.572952711456807
2025,1,Australian Grand Prix,2025-03-16,albert_park,Albert Park Grand Prix Circuit,leclerc,LEC,Charles Leclerc,ferrari,Ferrari,16,,8.0,8,4.0,57,Finished,13.0,1:25.271,,,LEC,,,,,,3.0,1.0,4.0,2.6666666666666665,1.0,3,True,STREET,CLOCKWISE,-37.849722,144.968333,5.278,14,29,ground_effect,2,normal,,,,,,,,,,,,,3.0,3.0,3.4,15.0,14.2,4.5,27.4,8.2,5,False,False,,,,,,,,,,,,,15.925,15.1,16.8,88.25,0.0,0.0,0.0,3.775,5.4,110.36536878290038,75.0,4.0,15.1325,13.8,16.8,90.925,0.0,0.0,0.0,4.047499999999999,5.4,59.67253302971186,87.5,9.0,16.346666666666668,13.8,19.6,86.2,0.0,0.0,0.0,3.665,5.4,83.5367341246236,80.75,13.0,,,,,,,,,,,,,3.7962381323281895
2025,1,Australian Grand Prix,2025-03-16,albert_park,Albert Park Grand Prix Circuit,ocon,OCO,Esteban Ocon,haas,Haas F1 Team,31,,13.0,13,0.0,57,Finished,15.0,1:26.764,,,OCO,,,,,,19.0,19.0,18.0,18.666666666666668,18.0,3,True,STREET,CLOCKWISE,-37.849722,144.968333,5.278,14,29,ground_effect,2,normal,,,,,,,,,,,,,20.0,13.0,14.0,0.0,3.6,11.7,3.6,11.8,5,False,False,,,,,,,,,,,,,15.925,15.1,16.8,88.25,0.0,0.0,0.0,3.775,5.4,110.36536878290038,75.0,4.0,15.1325,13.8,16.8,90.925,0.0,0.0,0.0,4.047499999999999,5.4,59.67253302971186,87.5,9.0,16.346666666666668,13.8,19.6,86.2,0.0,0.0,0.0,3.665,5.4,83.5367341246236,80.75,13.0,,,,,,,,,,,,,13.657974808908643
2025,1,Australian Grand Prix,2025-03-16,albert_park,Albert Park Grand Prix Circuit,alonso,ALO,Fernando Alonso,aston_martin,Aston Martin,14,,17.0,R,0.0,32,Retired,17.0,1:28.819,,,ALO,,,,,,8.0,13.0,17.0,12.666666666666666,8.0,3,True,STREET,CLOCKWISE,-37.849722,144.968333,5.278,14,29,ground_effect,2,normal,,,,,,,,,,,,,9.0,9.0,11.8,2.0,1.6,13.6,1.6,10.285714285714286,7,False,False,,,,,,,,,,,,,15.925,15.1,16.8,88.25,0.0,0.0,0.0,3.775,5.4,110.36536878290038,75.0,4.0,15.1325,13.8,16.8,90.925,0.0,0.0,0.0,4.047499999999999,5.4,59.67253302971186,87.5,9.0,16.346666666666668,13.8,19.6,86.2,0.0,0.0,0.0,3.665,5.4,83.5367341246236,80.75,13.0,,,,,,,,,,,,,12.76341004414023
2025,1,Australian Grand Prix,2025-03-16,albert_park,Albert Park Grand Prix Circuit,bortoleto,BOR,Gabriel Bortoleto,sauber,Sauber,5,,16.0,R,0.0,45,Retired,5.0,1:24.192,,,BOR,,,,,,15.0,18.0,11.0,14.666666666666666,11.0,3,True,STREET,CLOCKWISE,-37.849722,144.968333,5.278,14,29,ground_effect,2,normal,,,,,,,,,,,,,,,,,,13.8,0.8,,0,False,False,,,,,,,,,,,,,15.925,15.1,16.8,88.25,0.0,0.0,0.0,3.775,5.4,110.36536878290038,75.0,4.0,15.1325,13.8,16.8,90.925,0.0,0.0,0.0,4.047499999999999,5.4,59.67253302971186,87.5,9.0,16.346666666666668,13.8,19.6,86.2,0.0,0.0,0.0,3.665,5.4,83.5367341246236,80.75,13.0,,,,,,,,,,,,,13.290169541344095
2025,1,Australian Grand Prix,2025-03-16,albert_park,Albert Park Grand Prix Circuit,russell,RUS,George Russell,mercedes,Mercedes,63,,3.0,3,15.0,57,Finished,11.0,1:25.065,,,RUS,,,,,,7.0,10.0,2.0,6.333333333333333,2.0,3,True,STREET,CLOCKWISE,-37.849722,144.968333,5.278,14,29,ground_effect,2,normal,,,,,,,,,,,,,5.0,3.333333333333333,3.8,10.0,13.8,5.1,22.4,13.5,4,False,False,,,,,,,,,,,,,15.925,15.1,16.8,88.25,0.0,0.0,0.0,3.775,5.4,110.36536878290038,75.0,4.0,15.1325,13.8,16.8,90.925,0.0,0.0,0.0,4.047499999999999,5.4,59.67253302971186,87.5,9.0,16.346666666666668,13.8,19.6,86.2,0.0,0.0,0.0,3.665,5.4,83.5367341246236,80.75,13.0,,,,,,,,,,,,,6.638966138942218
2025,1,Australian Grand Prix,2025-03-16,albert_park,Albert Park Grand Prix Circuit,hadjar,HAD,Isack Hadjar,rb,RB F1 Team,6,,20.0,R,0.0,0,Retired,,,,,HAD,,,,,,9.0,6.0,13.0,9.333333333333334,6.0,3,True,STREET,CLOCKWISE,-37.849722,144.968333,5.278,14,29,ground_effect,2,normal,,,,,,,,,,,,,,,,,,13.3,2.0,,0,False,False,,,,,,,,,,,,,15.925,15.1,16.8,88.25,0.0,0.0,0.0,3.775,5.4,110.36536878290038,75.0,4.0,15.1325,13.8,16.8,90.925,0.0,0.0,0.0,4.047499999999999,5.4,59.67253302971186,87.5,9.0,16.346666666666668,13.8,19.6,86.2,0.0,0.0,0.0,3.665,5.4,83.5367341246236,80.75,13.0,,,,,,,,,,,,,11.684150218351146
2025,1,Australian Grand Prix,2025-03-16,albert_park,Albert Park Grand Prix Circuit,doohan,DOO,Jack Doohan,alpine,Alpine F1 Team,7,,19.0,R,0.0,0,Retired,,,,,DOO,,,,,,13.0,14.0,15.0,14.0,13.0,3,True,STREET,CLOCKWISE,-37.849722,144.968333,5.278,14,29,ground_effect,2,normal,,,,,,,,,,,,,15.0,15.0,15.0,0.0,0.0,11.2,10.0,,0,False,False,,,,,,,,,,,,,15.925,15.1,16.8,88.25,0.0,0.0,0.0,3.775,5.4,110.36536878290038,75.0,4.0,15.1325,13.8,16.8,90.925,0.0,0.0,0.0,4.047499999999999,5.4,59.67253302971186,87.5,9.0,16.346666666666668,13.8,19.6,86.2,0.0,0.0,0.0,3.665,5.4,83.5367341246236,80.75,13.0,,,,,,,,,,,,,11.534882361902898
2025,1,Australian Grand Prix,2025-03-16,albert_park,Albert Park Grand Prix Circuit,stroll,STR,Lance Stroll,aston_martin,Aston Martin,18,,6.0,6,8.0,57,Finished,14.0,1:25.538,,,STR,,,,,,10.0,9.0,14.0,11.0,9.0,3,True,STREET,CLOCKWISE,-37.849722,144.968333,5.278,14,29,ground_effect,2,normal,,,,,,,,,,,,,14.0,15.666666666666666,15.4,0.0,0.0,13.6,1.6,10.166666666666666,6,False,False,,,,,,,,,,,,,15.925,15.1,16.8,88.25,0.0,0.0,0.0,3.775,5.4,110.36536878290038,75.0,4.0,15.1325,13.8,16.8,90.925,0.0,0.0,0.0,4.047499999999999,5.4,59.67253302971186,87.5,9.0,16.346666666666668,13.8,19.6,86.2,0.0,0.0,0.0,3.665,5.4,83.5367341246236,80.75,13.0,,,,,,,,,,,,,12.3512142948389
2025,1,Australian Grand Prix,2025-03-16,albert_park,Albert Park Grand Prix Circuit,norris,NOR,Lando Norris,mclaren,McLaren,4,,1.0,1,25.0,57,Finished,1.0,1:22.167,,,NOR,,,,,,1.0,3.0,10.0,4.666666666666667,1.0,3,True,STREET,CLOCKWISE,-37.849722,144.968333,5.278,14,29,ground_effect,2,normal,,,,,,,,,,,,,1.0,5.666666666666667,5.0,25.0,12.4,6.1,18.4,6.5,4,False,False,,,,,,,,,,,,,15.925,15.1,16.8,88.25,0.0,0.0,0.0,3.775,5.4,110.36536878290038,75.0,4.0,15.1325,13.8,16.8,90.925,0.0,0.0,0.0,4.047499999999999,5.4,59.67253302971186,87.5,9.0,16.346666666666668,13.8,19.6,86.2,0.0,0.0,0.0,3.665,5.4,83.5367341246236,80.75,13.0,,,,,,,,,,,,,4.71198295967339
2025,1,Australian Grand Prix,2025-03-16,albert_park,Albert Park Grand Prix Circuit,hamilton,HAM,Lewis Hamilton,ferrari,Ferrari,44,,10.0,10,1.0,57,Finished,7.0,1:24.218,,,HAM,,,,,,12.0,5.0,8.0,8.333333333333334,5.0,3,True,STREET,CLOCKWISE,-37.849722,144.968333,5.278,14,29,ground_effect,2,normal,,,,,,,,,,,,,4.0,6.0,6.4,12.0,8.6,4.5,27.4,5.777777777777778,9,False,False,,,,,,,,,,,,,15.925,15.1,16.8,88.25,0.0,0.0,0.0,3.775,5.4,110.36536878290038,75.0,4.0,15.1325,13.8,16.8,90.925,0.0,0.0,0.0,4.047499999999999,5.4,59.67253302971186,87.5,9.0,16.346666666666668,13.8,19.6,86.2,0.0,0.0,0.0,3.665,5.4,83.5367341246236,80.75,13.0,,,,,,,,,,,,,6.739180884568307
2025,1,Australian Grand Prix,2025-03-16,albert_park,Albert Park Grand Prix Circuit,lawson,LAW,Liam Lawson,red_bull,Red Bull,30,,15.0,R,0.0,46,Retired,2.0,1:22.970,,,LAW,,,,,,16.0,17.0,20.0,17.666666666666668,16.0,3,True,STREET,CLOCKWISE,-37.849722,144.968333,5.278,14,29,ground_effect,2,normal,,,,,,,,,,,,,17.0,15.666666666666666,14.4,0.0,0.4,9.4,15.6,,0,False,False,,,,,,,,,,,,,15.925,15.1,16.8,88.25,0.0,0.0,0.0,3.775,5.4,110.36536878290038,75.0,4.0,15.1325,13.8,16.8,90.925,0.0,0.0,0.0,4.047499999999999,5.4,59.67253302971186,87.5,9.0,16.346666666666668,13.8,19.6,86.2,0.0,0.0,0.0,3.665,5.4,83.5367341246236,80.75,13.0,,,,,,,,,,,,,11.602308935982219
2025,1,Australian Grand Prix,2025-03-16,albert_park,Albert Park Grand Prix Circuit,max_verstappen,VER,Max Verstappen,red_bull,Red Bull,1,,2.0,2,18.0,57,Finished,3.0,1:23.081,,,VER,,,,,,5.0,7.0,3.0,5.0,3.0,3,True,STREET,CLOCKWISE,-37.849722,144.968333,5.278,14,29,ground_effect,2,normal,,,,,,,,,,,,,6.0,4.0,3.8,8.0,15.4,9.4,15.6,9.375,8,False,False,,,,,,,,,,,,,15.925,15.1,16.8,88.25,0.0,0.0,0.0,3.775,5.4,110.36536878290038,75.0,4.0,15.1325,13.8,16.8,90.925,0.0,0.0,0.0,4.047499999999999,5.4,59.67253302971186,87.5,9.0,16.346666666666668,13.8,19.6,86.2,0.0,0.0,0.0,3.665,5.4,83.5367341246236,80.75,13.0,,,,,,,,,,,,,7.074308505909421
2025,1,Australian Grand Prix,2025-03-16,albert_park,Albert Park Grand Prix Circuit,hulkenberg,HUL,Nico Hülkenberg,sauber,Sauber,27,,7.0,7,6.0,57,Finished,12.0,1:25.243,,,HUL,,,,,,18.0,8.0,16.0,14.0,8.0,3,True,STREET,CLOCKWISE,-37.849722,144.968333,5.278,14,29,ground_effect,2,normal,,,,,,,,,,,,,8.0,10.666666666666666,12.2,4.0,2.0,13.8,0.8,7.625,8,False,False,,,,,,,,,,,,,15.925,15.1,16.8,88.25,0.0,0.0,0.0,3.775,5.4,110.36536878290038,75.0,4.0,15.1325,13.8,16.8,90.925,0.0,0.0,0.0,4.047499999999999,5.4,59.67253302971186,87.5,9.0,16.346666666666668,13.8,19.6,86.2,0.0,0.0,0.0,3.665,5.4,83.5367341246236,80.75,13.0,,,,,,,,,,,,,12.781993479951868
2025,1,Australian Grand Prix,2025-03-16,albert_park,Albert Park Grand Prix Circuit,bearman,BEA,Oliver Bearman,haas,Haas F1 Team,87,,14.0,14,0.0,57,Finished,16.0,1:27.603,,,BEA,,,,,,20.0,,19.0,19.5,19.0,2,True,STREET,CLOCKWISE,-37.849722,144.968333,5.278,14,29,ground_effect,2,normal,,,,,,,,,,,,,12.0,9.666666666666666,9.666666666666666,0.0,2.333333333333333,11.7,3.6,,0,False,False,,,,,,,,,,,,,15.925,15.1,16.8,88.25,0.0,0.0,0.0,3.775,5.4,110.36536878290038,75.0,4.0,15.1325,13.8,16.8,90.925,0.0,0.0,0.0,4.047499999999999,5.4,59.67253302971186,87.5,9.0,16.346666666666668,13.8,19.6,86.2,0.0,0.0,0.0,3.665,5.4,83.5367341246236,80.75,13.0,,,,,,,,,,,,,14.201048285069996
2025,1,Australian Grand Prix,2025-03-16,albert_park,Albert Park Grand Prix Circuit,piastri,PIA,Oscar Piastri,mclaren,McLaren,81,,9.0,9,2.0,57,Finished,4.0,1:23.242,,,PIA,,,,,,4.0,2.0,1.0,2.333333333333333,1.0,3,True,STREET,CLOCKWISE,-37.849722,144.968333,5.278,14,29,ground_effect,2,normal,,,,,,,,,,,,,10.0,6.666666666666667,7.2,1.0,6.0,6.1,18.4,6.0,2,False,False,,,,,,,,,,,,,15.925,15.1,16.8,88.25,0.0,0.0,0.0,3.775,5.4,110.36536878290038,75.0,4.0,15.1325,13.8,16.8,90.925,0.0,0.0,0.0,4.047499999999999,5.4,59.67253302971186,87.5,9.0,16.346666666666668,13.8,19.6,86.2,0.0,0.0,0.0,3.665,5.4,83.5367341246236,80.75,13.0,,,,,,,,,,,,,4.655167614460141
2025,1,Australian Grand Prix,2025-03-16,albert_park,Albert Park Grand Prix Circuit,gasly,GAS,Pierre Gasly,alpine,Alpine F1 Team,10,,11.0,11,0.0,57,Finished,10.0,1:25.020,,,GAS,,,,,,17.0,15.0,12.0,14.666666666666666,12.0,3,True,STREET,CLOCKWISE,-37.849722,144.968333,5.278,14,29,ground_effect,2,normal,,,,,,,,,,,,,7.0,10.666666666666666,9.0,6.0,6.4,11.2,10.0,12.8,5,False,False,,,,,,,,,,,,,15.925,15.1,16.8,88.25,0.0,0.0,0.0,3.775,5.4,110.36536878290038,75.0,4.0,15.1325,13.8,16.8,90.925,0.0,0.0,0.0,4.047499999999999,5.4,59.67253302971186,87.5,9.0,16.346666666666668,13.8,19.6,86.2,0.0,0.0,0.0,3.665,5.4,83.5367341246236,80.75,13.0,,,,,,,,,,,,,10.247384994421928
2025,1,Australian Grand Prix,2025-03-16,albert_park,Albert Park Grand Prix Circuit,tsunoda,TSU,Yuki Tsunoda,rb,RB F1 Team,22,,12.0,12,0.0,57,Finished,6.0,1:24.194,,,TSU,,,,,,11.0,4.0,9.0,8.0,4.0,3,True,STREET,CLOCKWISE,-37.849722,144.968333,5.278,14,29,ground_effect,2,normal,,,,,,,,,,,,,12.0,11.333333333333334,12.2,0.0,1.6,13.3,2.0,10.666666666666666,3,False,False,,,,,,,,,,,,,15.925,15.1,16.8,88.25,0.0,0.0,0.0,3.775,5.4,110.36536878290038,75.0,4.0,15.1325,13.8,16.8,90.925,0.0,0.0,0.0,4.047499999999999,5.4,59.67253302971186,87.5,9.0,16.346666666666668,13.8,19.6,86.2,0.0,0.0,0.0,3.665,5.4,83.5367341246236,80.75,13.0,,,,,,,,,,,,,10.755055708832446
2025,2,Chinese Grand Prix,2025-03-23,shanghai,Shanghai International Circuit,albon,ALB,Alexander Albon,williams,Williams,23,,7.0,7,6.0,56,Finished,12.0,1:36.254,,,ALB,,,,,,7.0,,,7.0,7.0,1,True,RACE,CLOCKWISE,31.338889,121.219722,5.451,16,19,ground_effect,2,sprint,,,,,,,,,,,,,5.0,10.333333333333334,13.6,10.0,2.0,15.5,2.0,11.0,2,False,False,,,,,,,,,,,,,9.775,9.4,10.3,61.0,0.0,0.0,0.0,10.7,10.9,237.2506438065026,0.0,4.0,11.355000000000002,9.0,16.4,56.41666666666666,0.0,0.0,0.0,11.160000000000002,12.3,234.58334319525457,0.0,13.0,11.355000000000002,9.0,16.4,56.41666666666666,0.0,0.0,0.0,11.160000000000002,12.3,234.58334319525457,0.0,13.0,,,,,,,,,,,,,11.90884514788777
2025,2,Chinese Grand Prix,2025-03-23,shanghai,Shanghai International Circuit,antonelli,ANT,Andrea Kimi Antonelli,mercedes,Mercedes,12,,6.0,6,8.0,56,Finished,11.0,1:36.046,,,ANT,,,,,,9.0,,,9.0,9.0,1,True,RACE,CLOCKWISE,31.338889,121.219722,5.451,16,19,ground_effect,2,sprint,,,,,,,,,,,,,4.0,4.0,4.0,12.0,12.0,4.9,23.4,,0,False,False,,,,,,,,,,,,,9.775,9.4,10.3,61.0,0.0,0.0,0.0,10.7,10.9,237.2506438065026,0.0,4.0,11.355000000000002,9.0,16.4,56.41666666666666,0.0,0.0,0.0,11.160000000000002,12.3,234.58334319525457,0.0,13.0,11.355000000000002,9.0,16.4,56.41666666666666,0.0,0.0,0.0,11.160000000000002,12.3,234.58334319525457,0.0,13.0,,,,,,,,,,,,,7.895858380978146
2025,2,Chinese Grand Prix,2025-03-23,shanghai,Shanghai International Circuit,sainz,SAI,Carlos Sainz,williams,Williams,55,,10.0,10,1.0,56,Finished,15.0,1:36.779,,,SAI,,,,,,15.0,,,15.0,15.0,1,True,RACE,CLOCKWISE,31.338889,121.219722,5.451,16,19,ground_effect,2,sprint,,,,,,,,,,,,,18.0,8.666666666666666,9.0,0.0,8.2,15.5,2.0,9.5,6,False,False,,,,,,,,,,,,,9.775,9.4,10.3,61.0,0.0,0.0,0.0,10.7,10.9,237.2506438065026,0.0,4.0,11.355000000000002,9.0,16.4,56.41666666666666,0.0,0.0,0.0,11.160000000000002,12.3,234.58334319525457,0.0,13.0,11.355000000000002,9.0,16.4,56.41666666666666,0.0,0.0,0.0,11.160000000000002,12.3,234.58334319525457,0.0,13.0,,,,,,,,,,,,,12.258979706080254
2025,2,Chinese Grand Prix,2025-03-23,shanghai,Shanghai International Circuit,leclerc,LEC,Charles Leclerc,ferrari,Ferrari,16,,18.0,D,0.0,0,Disqualified,,,,,LEC,,,,,,2.0,,,2.0,2.0,1,True,RACE,CLOCKWISE,31.338889,121.219722,5.451,16,19,ground_effect,2,sprint,,,,,,,,,,,,,8.0,4.333333333333333,4.4,4.0,11.8,5.9,20.2,9.333333333333334,3,False,False,,,,,,,,,,,,,9.775,9.4,10.3,61.0,0.0,0.0,0.0,10.7,10.9,237.2506438065026,0.0,4.0,11.355000000000002,9.0,16.4,56.41666666666666,0.0,0.0,0.0,11.160000000000002,12.3,234.58334319525457,0.0,13.0,11.355000000000002,9.0,16.4,56.41666666666666,0.0,0.0,0.0,11.160000000000002,12.3,234.58334319525457,0.0,13.0,,,,,,,,,,,,,5.71535878697058
2025,2,Chinese Grand Prix,2025-03-23,shanghai,Shanghai International Circuit,ocon,OCO,Esteban Ocon,haas,Haas F1 Team,31,,5.0,5,10.0,56,Finished,4.0,1:35.740,,,OCO,,,,,,13.0,,,13.0,13.0,1,True,RACE,CLOCKWISE,31.338889,121.219722,5.451,16,19,ground_effect,2,sprint,,,,,,,,,,,,,13.0,16.666666666666668,13.0,0.0,3.6,12.8,2.0,10.666666666666666,3,False,False,,,,,,,,,,,,,9.775,9.4,10.3,61.0,0.0,0.0,0.0,10.7,10.9,237.2506438065026,0.0,4.0,11.355000000000002,9.0,16.4,56.41666666666666,0.0,0.0,0.0,11.160000000000002,12.3,234.58334319525457,0.0,13.0,11.355000000000002,9.0,16.4,56.41666666666666,0.0,0.0,0.0,11.160000000000002,12.3,234.58334319525457,0.0,13.0,,,,,,,,,,,,,13.541793126526992
2025,2,Chinese Grand Prix,2025-03-23,shanghai,Shanghai International Circuit,alonso,ALO,Fernando Alonso,aston_martin,Aston Martin,14,,17.0,R,0.0,4,Retired,17.0,1:39.256,,,ALO,,,,,,8.0,,,8.0,8.0,1,True,RACE,CLOCKWISE,31.338889,121.219722,5.451,16,19,ground_effect,2,sprint,,,,,,,,,,,,,17.0,11.0,11.6,0.0,1.6,13.0,3.2,9.5,6,False,False,,,,,,,,,,,,,9.775,9.4,10.3,61.0,0.0,0.0,0.0,10.7,10.9,237.2506438065026,0.0,4.0,11.355000000000002,9.0,16.4,56.41666666666666,0.0,0.0,0.0,11.160000000000002,12.3,234.58334319525457,0.0,13.0,11.355000000000002,9.0,16.4,56.41666666666666,0.0,0.0,0.0,11.160000000000002,12.3,234.58334319525457,0.0,13.0,,,,,,,,,,,,,11.531261837183228
2025,2,Chinese Grand Prix,2025-03-23,shanghai,Shanghai International Circuit,bortoleto,BOR,Gabriel Bortoleto,sauber,Sauber,5,,14.0,14,0.0,55,Lapped,8.0,1:35.874,,,BOR,,,,,,19.0,,,19.0,19.0,1,True,RACE,CLOCKWISE,31.338889,121.219722,5.451,16,19,ground_effect,2,sprint,,,,,,,,,,,,,16.0,16.0,16.0,0.0,0.0,13.2,2.0,,0,False,False,,,,,,,,,,,,,9.775,9.4,10.3,61.0,0.0,0.0,0.0,10.7,10.9,237.2506438065026,0.0,4.0,11.355000000000002,9.0,16.4,56.41666666666666,0.0,0.0,0.0,11.160000000000002,12.3,234.58334319525457,0.0,13.0,11.355000000000002,9.0,16.4,56.41666666666666,0.0,0.0,0.0,11.160000000000002,12.3,234.58334319525457,0.0,13.0,,,,,,,,,,,,,14.529286170101669
2025,2,Chinese Grand Prix,2025-03-23,shanghai,Shanghai International Circuit,russell,RUS,George Russell,mercedes,Mercedes,63,,3.0,3,15.0,56,Finished,5.0,1:35.816,,,RUS,,,,,,5.0,,,5.0,5.0,1,True,RACE,CLOCKWISE,31.338889,121.219722,5.451,16,19,ground_effect,2,sprint,,,,,,,,,,,,,3.0,4.0,3.4,15.0,14.8,4.9,23.4,11.0,2,False,False,,,,,,,,,,,,,9.775,9.4,10.3,61.0,0.0,0.0,0.0,10.7,10.9,237.2506438065026,0.0,4.0,11.355000000000002,9.0,16.4,56.41666666666666,0.0,0.0,0.0,11.160000000000002,12.3,234.58334319525457,0.0,13.0,11.355000000000002,9.0,16.4,56.41666666666666,0.0,0.0,0.0,11.160000000000002,12.3,234.58334319525457,0.0,13.0,,,,,,,,,,,,,4.814318857522783
2025,2,Chinese Grand Prix,2025-03-23,shanghai,Shanghai International Circuit,hadjar,HAD,Isack Hadjar,rb,RB F1 Team,6,,11.0,11,0.0,56,Finished,6.0,1:35.868,,,HAD,,,,,,17.0,,,17.0,17.0,1,True,RACE,CLOCKWISE,31.338889,121.219722,5.451,16,19,ground_effect,2,sprint,,,,,,,,,,,,,20.0,20.0,20.0,0.0,0.0,12.9,2.0,,0,False,False,,,,,,,,,,,,,9.775,9.4,10.3,61.0,0.0,0.0,0.0,10.7,10.9,237.2506438065026,0.0,4.0,11.355000000000002,9.0,16.4,56.41666666666666,0.0,0.0,0.0,11.160000000000002,12.3,234.58334319525457,0.0,13.0,11.355000000000002,9.0,16.4,56.41666666666666,0.0,0.0,0.0,11.160000000000002,12.3,234.58334319525457,0.0,13.0,,,,,,,,,,,,,13.988063353690945
2025,2,Chinese Grand Prix,2025-03-23,shanghai,Shanghai International Circuit,doohan,DOO,Jack Doohan,alpine,Alpine F1 Team,7,,13.0,13,0.0,56,Finished,14.0,1:36.424,,,DOO,,,,,,20.0,,,20.0,20.0,1,True,RACE,CLOCKWISE,31.338889,121.219722,5.451,16,19,ground_effect,2,sprint,,,,,,,,,,,,,19.0,17.0,17.0,0.0,0.0,11.9,9.8,,0,False,False,,,,,,,,,,,,,9.775,9.4,10.3,61.0,0.0,0.0,0.0,10.7,10.9,237.2506438065026,0.0,4.0,11.355000000000002,9.0,16.4,56.41666666666666,0.0,0.0,0.0,11.160000000000002,12.3,234.58334319525457,0.0,13.0,11.355000000000002,9.0,16.4,56.41666666666666,0.0,0.0,0.0,11.160000000000002,12.3,234.58334319525457,0.0,13.0,,,,,,,,,,,,,12.70450154856555
2025,2,Chinese Grand Prix,2025-03-23,shanghai,Shanghai International Circuit,stroll,STR,Lance Stroll,aston_martin,Aston Martin,18,,9.0,9,2.0,56,Finished,10.0,1:36.044,,,STR,,,,,,12.0,,,12.0,12.0,1,True,RACE,CLOCKWISE,31.338889,121.219722,5.451,16,19,ground_effect,2,sprint,,,,,,,,,,,,,6.0,12.666666666666666,14.4,8.0,1.6,13.0,3.2,15.25,4,False,False,,,,,,,,,,,,,9.775,9.4,10.3,61.0,0.0,0.0,0.0,10.7,10.9,237.2506438065026,0.0,4.0,11.355000000000002,9.0,16.4,56.41666666666666,0.0,0.0,0.0,11.160000000000002,12.3,234.58334319525457,0.0,13.0,11.355000000000002,9.0,16.4,56.41666666666666,0.0,0.0,0.0,11.160000000000002,12.3,234.58334319525457,0.0,13.0,,,,,,,,,,,,,12.138742929141905
2025,2,Chinese Grand Prix,2025-03-23,shanghai,Shanghai International Circuit,norris,NOR,Lando Norris,mclaren,McLaren,4,,2.0,2,18.0,56,Finished,1.0,1:35.454,,,NOR,,,,,,1.0,,,1.0,1.0,1,True,RACE,CLOCKWISE,31.338889,121.219722,5.451,16,19,ground_effect,2,sprint,,,,,,,,,,,,,1.0,4.0,4.8,25.0,13.8,6.1,19.4,10.0,2,False,False,,,,,,,,,,,,,9.775,9.4,10.3,61.0,0.0,0.0,0.0,10.7,10.9,237.2506438065026,0.0,4.0,11.355000000000002,9.0,16.4,56.41666666666666,0.0,0.0,0.0,11.160000000000002,12.3,234.58334319525457,0.0,13.0,11.355000000000002,9.0,16.4,56.41666666666666,0.0,0.0,0.0,11.160000000000002,12.3,234.58334319525457,0.0,13.0,,,,,,,,,,,,,4.056757878636552
2025,2,Chinese Grand Prix,2025-03-23,shanghai,Shanghai International Circuit,hamilton,HAM,Lewis Hamilton,ferrari,Ferrari,44,,19.0,D,0.0,0,Disqualified,,,,,HAM,,,,,,4.0,,,4.0,4.0,1,True,RACE,CLOCKWISE,31.338889,121.219722,5.451,16,19,ground_effect,2,sprint,,,,,,,,,,,,,10.0,8.666666666666666,7.6,1.0,6.4,5.9,20.2,3.4285714285714284,7,False,False,,,,,,,,,,,,,9.775,9.4,10.3,61.0,0.0,0.0,0.0,10.7,10.9,237.2506438065026,0.0,4.0,11.355000000000002,9.0,16.4,56.41666666666666,0.0,0.0,0.0,11.160000000000002,12.3,234.58334319525457,0.0,13.0,11.355000000000002,9.0,16.4,56.41666666666666,0.0,0.0,0.0,11.160000000000002,12.3,234.58334319525457,0.0,13.0,,,,,,,,,,,,,5.996806168004797
2025,2,Chinese Grand Prix,2025-03-23,shanghai,Shanghai International Circuit,lawson,LAW,Liam Lawson,red_bull,Red Bull,30,,12.0,12,0.0,56,Finished,9.0,1:35.985,,,LAW,,,,,,18.0,,,18.0,18.0,1,True,RACE,CLOCKWISE,31.338889,121.219722,5.451,16,19,ground_effect,2,sprint,,,,,,,,,,,,,15.0,15.333333333333334,14.2,0.0,0.4,8.8,17.6,,0,False,False,,,,,,,,,,,,,9.775,9.4,10.3,61.0,0.0,0.0,0.0,10.7,10.9,237.2506438065026,0.0,4.0,11.355000000000002,9.0,16.4,56.41666666666666,0.0,0.0,0.0,11.160000000000002,12.3,234.58334319525457,0.0,13.0,11.355000000000002,9.0,16.4,56.41666666666666,0.0,0.0,0.0,11.160000000000002,12.3,234.58334319525457,0.0,13.0,,,,,,,,,,,,,11.300360904677001
2025,2,Chinese Grand Prix,2025-03-23,shanghai,Shanghai International Circuit,max_verstappen,VER,Max Verstappen,red_bull,Red Bull,1,,4.0,4,12.0,56,Finished,2.0,1:35.488,,,VER,,,,,,16.0,,,16.0,16.0,1,True,RACE,CLOCKWISE,31.338889,121.219722,5.451,16,19,ground_effect,2,sprint,,,,,,,,,,,,,2.0,3.0,3.0,18.0,17.4,8.8,17.6,6.333333333333333,6,False,False,,,,,,,,,,,,,9.775,9.4,10.3,61.0,0.0,0.0,0.0,10.7,10.9,237.2506438065026,0.0,4.0,11.355000000000002,9.0,16.4,56.41666666666666,0.0,0.0,0.0,11.160000000000002,12.3,234.58334319525457,0.0,13.0,11.355000000000002,9.0,16.4,56.41666666666666,0.0,0.0,0.0,11.160000000000002,12.3,234.58334319525457,0.0,13.0,,,,,,,,,,,,,4.820785580946334
2025,2,Chinese Grand Prix,2025-03-23,shanghai,Shanghai International Circuit,hulkenberg,HUL,Nico Hülkenberg,sauber,Sauber,27,,15.0,15,0.0,55,Lapped,16.0,1:37.275,,,HUL,,,,,,6.0,,,6.0,6.0,1,True,RACE,CLOCKWISE,31.338889,121.219722,5.451,16,19,ground_effect,2,sprint,,,,,,,,,,,,,7.0,10.333333333333334,11.8,6.0,2.8,13.2,2.0,12.714285714285714,7,False,False,,,,,,,,,,,,,9.775,9.4,10.3,61.0,0.0,0.0,0.0,10.7,10.9,237.2506438065026,0.0,4.0,11.355000000000002,9.0,16.4,56.41666666666666,0.0,0.0,0.0,11.160000000000002,12.3,234.58334319525457,0.0,13.0,11.355000000000002,9.0,16.4,56.41666666666666,0.0,0.0,0.0,11.160000000000002,12.3,234.58334319525457,0.0,13.0,,,,,,,,,,,,,11.732223473828936
2025,2,Chinese Grand Prix,2025-03-23,shanghai,Shanghai International Circuit,bearman,BEA,Oliver Bearman,haas,Haas F1 Team,87,,8.0,8,4.0,56,Finished,13.0,1:36.363,,,BEA,,,,,,11.0,,,11.0,11.0,1,True,RACE,CLOCKWISE,31.338889,121.219722,5.451,16,19,ground_effect,2,sprint,,,,,,,,,,,,,14.0,12.0,10.75,0.0,1.75,12.8,2.0,,0,False,False,,,,,,,,,,,,,9.775,9.4,10.3,61.0,0.0,0.0,0.0,10.7,10.9,237.2506438065026,0.0,4.0,11.355000000000002,9.0,16.4,56.41666666666666,0.0,0.0,0.0,11.160000000000002,12.3,234.58334319525457,0.0,13.0,11.355000000000002,9.0,16.4,56.41666666666666,0.0,0.0,0.0,11.160000000000002,12.3,234.58334319525457,0.0,13.0,,,,,,,,,,,,,12.873347010860364
2025,2,Chinese Grand Prix,2025-03-23,shanghai,Shanghai International Circuit,piastri,PIA,Oscar Piastri,mclaren,McLaren,81,,1.0,1,25.0,56,Finished,3.0,1:35.520,,,PIA,,,,,,3.0,,,3.0,3.0,1,True,RACE,CLOCKWISE,31.338889,121.219722,5.451,16,19,ground_effect,2,sprint,,,,,,,,,,,,,9.0,7.333333333333333,7.4,2.0,5.6,6.1,19.4,8.0,1,False,False,,,,,,,,,,,,,9.775,9.4,10.3,61.0,0.0,0.0,0.0,10.7,10.9,237.2506438065026,0.0,4.0,11.355000000000002,9.0,16.4,56.41666666666666,0.0,0.0,0.0,11.160000000000002,12.3,234.58334319525457,0.0,13.0,11.355000000000002,9.0,16.4,56.41666666666666,0.0,0.0,0.0,11.160000000000002,12.3,234.58334319525457,0.0,13.0,,,,,,,,,,,,,6.129715950592718
2025,2,Chinese Grand Prix,2025-03-23,shanghai,Shanghai International Circuit,gasly,GAS,Pierre Gasly,alpine,Alpine F1 Team,10,,20.0,D,0.0,0,Disqualified,,,,,GAS,,,,,,14.0,,,14.0,14.0,1,True,RACE,CLOCKWISE,31.338889,121.219722,5.451,16,19,ground_effect,2,sprint,,,,,,,,,,,,,11.0,7.666666666666667,9.2,0.0,6.2,11.9,9.8,12.333333333333334,3,False,False,,,,,,,,,,,,,9.775,9.4,10.3,61.0,0.0,0.0,0.0,10.7,10.9,237.2506438065026,0.0,4.0,11.355000000000002,9.0,16.4,56.41666666666666,0.0,0.0,0.0,11.160000000000002,12.3,234.58334319525457,0.0,13.0,11.355000000000002,9.0,16.4,56.41666666666666,0.0,0.0,0.0,11.160000000000002,12.3,234.58334319525457,0.0,13.0,,,,,,,,,,,,,10.585760003735821
2025,2,Chinese Grand Prix,2025-03-23,shanghai,Shanghai International Circuit,tsunoda,TSU,Yuki Tsunoda,rb,RB F1 Team,22,,16.0,16,0.0,55,Lapped,7.0,1:35.871,,,TSU,,,,,,10.0,,,10.0,10.0,1,True,RACE,CLOCKWISE,31.338889,121.219722,5.451,16,19,ground_effect,2,sprint,,,,,,,,,,,,,12.0,12.333333333333334,10.6,0.0,1.6,12.9,2.0,19.0,1,False,False,,,,,,,,,,,,,9.775,9.4,10.3,61.0,0.0,0.0,0.0,10.7,10.9,237.2506438065026,0.0,4.0,11.355000000000002,9.0,16.4,56.41666666666666,0.0,0.0,0.0,11.160000000000002,12.3,234.58334319525457,0.0,13.0,11.355000000000002,9.0,16.4,56.41666666666666,0.0,0.0,0.0,11.160000000000002,12.3,234.58334319525457,0.0,13.0,,,,,,,,,,,,,12.698362161392089
2025,3,Japanese Grand Prix,2025-04-06,suzuka,Suzuka Circuit,albon,ALB,Alexander Albon,williams,Williams,23,,9.0,9,2.0,53,Finished,6.0,1:31.125,,,ALB,,,,,,11.0,11.0,7.0,9.666666666666666,7.0,3,True,RACE,CLOCKWISE,34.843056,136.540556,5.807,18,36,ground_effect,2,normal,,,,,,,,,,,,,7.0,7.666666666666667,11.4,6.0,3.2,13.7,3.4,15.0,4,False,False,,,,,,,,,,,,,7.95,7.7,8.1,78.25,0.0,0.0,0.0,14.2,15.1,300.5008008201158,34.5,4.0,8.095,7.2,10.3,76.625,0.0,0.0,0.0,15.07,19.3,297.04914374098405,28.65,9.0,7.155000000000001,3.7,10.3,77.91666666666667,0.0,0.0,0.0,13.196666666666667,19.3,294.5185879713192,21.6,13.0,,,,,,,,,,,,,11.64823398222411
2025,3,Japanese Grand Prix,2025-04-06,suzuka,Suzuka Circuit,antonelli,ANT,Andrea Kimi Antonelli,mercedes,Mercedes,12,,6.0,6,8.0,53,Finished,1.0,1:30.965,,,ANT,,,,,,9.0,16.0,13.0,12.666666666666666,9.0,3,True,RACE,CLOCKWISE,34.843056,136.540556,5.807,18,36,ground_effect,2,normal,,,,,,,,,,,,,6.0,5.0,5.0,8.0,10.0,4.4,25.4,,0,False,False,,,,,,,,,,,,,7.95,7.7,8.1,78.25,0.0,0.0,0.0,14.2,15.1,300.5008008201158,34.5,4.0,8.095,7.2,10.3,76.625,0.0,0.0,0.0,15.07,19.3,297.04914374098405,28.65,9.0,7.155000000000001,3.7,10.3,77.91666666666667,0.0,0.0,0.0,13.196666666666667,19.3,294.5185879713192,21.6,13.0,,,,,,,,,,,,,7.719341355055894
2025,3,Japanese Grand Prix,2025-04-06,suzuka,Suzuka Circuit,sainz,SAI,Carlos Sainz,williams,Williams,55,,14.0,14,0.0,53,Finished,4.0,1:31.106,,,SAI,,,,,,10.0,10.0,11.0,10.333333333333334,10.0,3,True,RACE,CLOCKWISE,34.843056,136.540556,5.807,18,36,ground_effect,2,normal,,,,,,,,,,,,,10.0,10.0,7.8,1.0,8.4,13.7,3.4,11.25,8,False,False,,,,,,,,,,,,,7.95,7.7,8.1,78.25,0.0,0.0,0.0,14.2,15.1,300.5008008201158,34.5,4.0,8.095,7.2,10.3,76.625,0.0,0.0,0.0,15.07,19.3,297.04914374098405,28.65,9.0,7.155000000000001,3.7,10.3,77.91666666666667,0.0,0.0,0.0,13.196666666666667,19.3,294.5185879713192,21.6,13.0,,,,,,,,,,,,,11.02833243038544
2025,3,Japanese Grand Prix,2025-04-06,suzuka,Suzuka Circuit,leclerc,LEC,Charles Leclerc,ferrari,Ferrari,16,,4.0,4,12.0,53,Finished,10.0,1:31.469,,,LEC,,,,,,3.0,7.0,4.0,4.666666666666667,3.0,3,True,RACE,CLOCKWISE,34.843056,136.540556,5.807,18,36,ground_effect,2,normal,,,,,,,,,,,,,18.0,9.666666666666666,7.0,0.0,9.8,7.5,18.2,7.0,5,False,False,,,,,,,,,,,,,7.95,7.7,8.1,78.25,0.0,0.0,0.0,14.2,15.1,300.5008008201158,34.5,4.0,8.095,7.2,10.3,76.625,0.0,0.0,0.0,15.07,19.3,297.04914374098405,28.65,9.0,7.155000000000001,3.7,10.3,77.91666666666667,0.0,0.0,0.0,13.196666666666667,19.3,294.5185879713192,21.6,13.0,,,,,,,,,,,,,5.7922305860859105
2025,3,Japanese Grand Prix,2025-04-06,suzuka,Suzuka Circuit,ocon,OCO,Esteban Ocon,haas,Haas F1 Team,31,,18.0,18,0.0,53,Finished,14.0,1:31.967,,,OCO,,,,,,19.0,14.0,18.0,17.0,14.0,3,True,RACE,CLOCKWISE,34.843056,136.540556,5.807,18,36,ground_effect,2,normal,,,,,,,,,,,,,5.0,12.666666666666666,11.4,10.0,5.6,10.9,4.8,10.666666666666666,6,False,False,,,,,,,,,,,,,7.95,7.7,8.1,78.25,0.0,0.0,0.0,14.2,15.1,300.5008008201158,34.5,4.0,8.095,7.2,10.3,76.625,0.0,0.0,0.0,15.07,19.3,297.04914374098405,28.65,9.0,7.155000000000001,3.7,10.3,77.91666666666667,0.0,0.0,0.0,13.196666666666667,19.3,294.5185879713192,21.6,13.0,,,,,,,,,,,,,13.001641419740267
2025,3,Japanese Grand Prix,2025-04-06,suzuka,Suzuka Circuit,alonso,ALO,Fernando Alonso,aston_martin,Aston Martin,14,,11.0,11,0.0,53,Finished,11.0,1:31.770,,,ALO,,,,,,7.0,17.0,15.0,13.0,7.0,3,True,RACE,CLOCKWISE,34.843056,136.540556,5.807,18,36,ground_effect,2,normal,,,,,,,,,,,,,17.0,14.333333333333334,12.2,0.0,1.6,12.3,3.6,11.875,8,False,False,,,,,,,,,,,,,7.95,7.7,8.1,78.25,0.0,0.0,0.0,14.2,15.1,300.5008008201158,34.5,4.0,8.095,7.2,10.3,76.625,0.0,0.0,0.0,15.07,19.3,297.04914374098405,28.65,9.0,7.155000000000001,3.7,10.3,77.91666666666667,0.0,0.0,0.0,13.196666666666667,19.3,294.5185879713192,21.6,13.0,,,,,,,,,,,,,13.07038573876724
2025,3,Japanese Grand Prix,2025-04-06,suzuka,Suzuka Circuit,bortoleto,BOR,Gabriel Bortoleto,sauber,Sauber,5,,19.0,19,0.0,53,Finished,16.0,1:32.034,,,BOR,,,,,,20.0,13.0,17.0,16.666666666666668,13.0,3,True,RACE,CLOCKWISE,34.843056,136.540556,5.807,18,36,ground_effect,2,normal,,,,,,,,,,,,,14.0,15.0,15.0,0.0,0.0,13.3,2.0,,0,False,False,,,,,,,,,,,,,7.95,7.7,8.1,78.25,0.0,0.0,0.0,14.2,15.1,300.5008008201158,34.5,4.0,8.095,7.2,10.3,76.625,0.0,0.0,0.0,15.07,19.3,297.04914374098405,28.65,9.0,7.155000000000001,3.7,10.3,77.91666666666667,0.0,0.0,0.0,13.196666666666667,19.3,294.5185879713192,21.6,13.0,,,,,,,,,,,,,14.629494921165426
2025,3,Japanese Grand Prix,2025-04-06,suzuka,Suzuka Circuit,russell,RUS,George Russell,mercedes,Mercedes,63,,5.0,5,10.0,53,Finished,8.0,1:31.357,,,RUS,,,,,,2.0,6.0,3.0,3.6666666666666665,2.0,3,True,RACE,CLOCKWISE,34.843056,136.540556,5.807,18,36,ground_effect,2,normal,,,,,,,,,,,,,3.0,3.6666666666666665,3.2,15.0,15.4,4.4,25.4,9.5,4,False,False,,,,,,,,,,,,,7.95,7.7,8.1,78.25,0.0,0.0,0.0,14.2,15.1,300.5008008201158,34.5,4.0,8.095,7.2,10.3,76.625,0.0,0.0,0.0,15.07,19.3,297.04914374098405,28.65,9.0,7.155000000000001,3.7,10.3,77.91666666666667,0.0,0.0,0.0,13.196666666666667,19.3,294.5185879713192,21.6,13.0,,,,,,,,,,,,,3.34493542808561
2025,3,Japanese Grand Prix,2025-04-06,suzuka,Suzuka Circuit,hadjar,HAD,Isack Hadjar,rb,RB F1 Team,6,,8.0,8,4.0,53,Finished,7.0,1:31.317,,,HAD,,,,,,8.0,3.0,10.0,7.0,3.0,3,True,RACE,CLOCKWISE,34.843056,136.540556,5.807,18,36,ground_effect,2,normal,,,,,,,,,,,,,11.0,15.5,15.5,0.0,0.0,14.0,0.4,,0,False,False,,,,,,,,,,,,,7.95,7.7,8.1,78.25,0.0,0.0,0.0,14.2,15.1,300.5008008201158,34.5,4.0,8.095,7.2,10.3,76.625,0.0,0.0,0.0,15.07,19.3,297.04914374098405,28.65,9.0,7.155000000000001,3.7,10.3,77.91666666666667,0.0,0.0,0.0,13.196666666666667,19.3,294.5185879713192,21.6,13.0,,,,,,,,,,,,,14.166097345569021
2025,3,Japanese Grand Prix,2025-04-06,suzuka,Suzuka Circuit,doohan,DOO,Jack Doohan,alpine,Alpine F1 Team,7,,15.0,15,0.0,53,Finished,20.0,1:32.685,,,DOO,,,,,,,20.0,14.0,17.0,14.0,2,True,RACE,CLOCKWISE,34.843056,136.540556,5.807,18,36,ground_effect,2,normal,,,,,,,,,,,,,13.0,15.666666666666666,15.666666666666666,0.0,0.0,14.7,3.2,,0,False,False,,,,,,,,,,,,,7.95,7.7,8.1,78.25,0.0,0.0,0.0,14.2,15.1,300.5008008201158,34.5,4.0,8.095,7.2,10.3,76.625,0.0,0.0,0.0,15.07,19.3,297.04914374098405,28.65,9.0,7.155000000000001,3.7,10.3,77.91666666666667,0.0,0.0,0.0,13.196666666666667,19.3,294.5185879713192,21.6,13.0,,,,,,,,,,,,,15.478259452158433
2025,3,Japanese Grand Prix,2025-04-06,suzuka,Suzuka Circuit,stroll,STR,Lance Stroll,aston_martin,Aston Martin,18,,20.0,20,0.0,52,Lapped,18.0,1:32.052,,,STR,,,,,,16.0,19.0,19.0,18.0,16.0,3,True,RACE,CLOCKWISE,34.843056,136.540556,5.807,18,36,ground_effect,2,normal,,,,,,,,,,,,,9.0,9.666666666666666,12.4,2.0,2.0,12.3,3.6,14.0,6,False,False,,,,,,,,,,,,,7.95,7.7,8.1,78.25,0.0,0.0,0.0,14.2,15.1,300.5008008201158,34.5,4.0,8.095,7.2,10.3,76.625,0.0,0.0,0.0,15.07,19.3,297.04914374098405,28.65,9.0,7.155000000000001,3.7,10.3,77.91666666666667,0.0,0.0,0.0,13.196666666666667,19.3,294.5185879713192,21.6,13.0,,,,,,,,,,,,,14.612511079377608
2025,3,Japanese Grand Prix,2025-04-06,suzuka,Suzuka Circuit,norris,NOR,Lando Norris,mclaren,McLaren,4,,2.0,2,18.0,53,Finished,5.0,1:31.116,,,NOR,,,,,,1.0,2.0,1.0,1.3333333333333333,1.0,3,True,RACE,CLOCKWISE,34.843056,136.540556,5.807,18,36,ground_effect,2,normal,,,,,,,,,,,,,2.0,1.3333333333333333,4.0,18.0,15.8,5.0,25.6,7.0,4,False,False,,,,,,,,,,,,,7.95,7.7,8.1,78.25,0.0,0.0,0.0,14.2,15.1,300.5008008201158,34.5,4.0,8.095,7.2,10.3,76.625,0.0,0.0,0.0,15.07,19.3,297.04914374098405,28.65,9.0,7.155000000000001,3.7,10.3,77.91666666666667,0.0,0.0,0.0,13.196666666666667,19.3,294.5185879713192,21.6,13.0,,,,,,,,,,,,,2.982268445977816
2025,3,Japanese Grand Prix,2025-04-06,suzuka,Suzuka Circuit,hamilton,HAM,Lewis Hamilton,ferrari,Ferrari,44,,7.0,7,6.0,53,Finished,9.0,1:31.406,,,HAM,,,,,,4.0,4.0,6.0,4.666666666666667,4.0,3,True,RACE,CLOCKWISE,34.843056,136.540556,5.807,18,36,ground_effect,2,normal,,,,,,,,,,,,,19.0,11.0,9.4,0.0,6.2,7.5,18.2,3.2222222222222223,9,False,False,,,,,,,,,,,,,7.95,7.7,8.1,78.25,0.0,0.0,0.0,14.2,15.1,300.5008008201158,34.5,4.0,8.095,7.2,10.3,76.625,0.0,0.0,0.0,15.07,19.3,297.04914374098405,28.65,9.0,7.155000000000001,3.7,10.3,77.91666666666667,0.0,0.0,0.0,13.196666666666667,19.3,294.5185879713192,21.6,13.0,,,,,,,,,,,,,5.7177760545453085
2025,3,Japanese Grand Prix,2025-04-06,suzuka,Suzuka Circuit,lawson,LAW,Liam Lawson,rb,RB F1 Team,30,,17.0,17,0.0,53,Finished,17.0,1:32.043,,,LAW,,,,,,13.0,5.0,12.0,10.0,5.0,3,True,RACE,CLOCKWISE,34.843056,136.540556,5.807,18,36,ground_effect,2,normal,,,,,,,,,,,,,12.0,14.666666666666666,14.8,0.0,0.0,14.0,0.4,11.0,1,False,False,,,,,,,,,,,,,7.95,7.7,8.1,78.25,0.0,0.0,0.0,14.2,15.1,300.5008008201158,34.5,4.0,8.095,7.2,10.3,76.625,0.0,0.0,0.0,15.07,19.3,297.04914374098405,28.65,9.0,7.155000000000001,3.7,10.3,77.91666666666667,0.0,0.0,0.0,13.196666666666667,19.3,294.5185879713192,21.6,13.0,,,,,,,,,,,,,13.264868515417897
2025,3,Japanese Grand Prix,2025-04-06,suzuka,Suzuka Circuit,max_verstappen,VER,Max Verstappen,red_bull,Red Bull,1,,1.0,1,25.0,53,Finished,3.0,1:31.041,,,VER,,,,,,5.0,8.0,5.0,6.0,5.0,3,True,RACE,CLOCKWISE,34.843056,136.540556,5.807,18,36,ground_effect,2,normal,,,,,,,,,,,,,4.0,4.0,3.6,12.0,14.6,9.2,14.8,4.625,8,False,False,,,,,,,,,,,,,7.95,7.7,8.1,78.25,0.0,0.0,0.0,14.2,15.1,300.5008008201158,34.5,4.0,8.095,7.2,10.3,76.625,0.0,0.0,0.0,15.07,19.3,297.04914374098405,28.65,9.0,7.155000000000001,3.7,10.3,77.91666666666667,0.0,0.0,0.0,13.196666666666667,19.3,294.5185879713192,21.6,13.0,,,,,,,,,,,,,2.8898688162635824
2025,3,Japanese Grand Prix,2025-04-06,suzuka,Suzuka Circuit,hulkenberg,HUL,Nico Hülkenberg,sauber,Sauber,27,,16.0,16,0.0,53,Finished,19.0,1:32.572,,,HUL,,,,,,17.0,12.0,20.0,16.333333333333332,12.0,3,True,RACE,CLOCKWISE,34.843056,136.540556,5.807,18,36,ground_effect,2,normal,,,,,,,,,,,,,15.0,10.0,10.8,0.0,2.8,13.3,2.0,12.875,8,False,False,,,,,,,,,,,,,7.95,7.7,8.1,78.25,0.0,0.0,0.0,14.2,15.1,300.5008008201158,34.5,4.0,8.095,7.2,10.3,76.625,0.0,0.0,0.0,15.07,19.3,297.04914374098405,28.65,9.0,7.155000000000001,3.7,10.3,77.91666666666667,0.0,0.0,0.0,13.196666666666667,19.3,294.5185879713192,21.6,13.0,,,,,,,,,,,,,14.231699531293872
2025,3,Japanese Grand Prix,2025-04-06,suzuka,Suzuka Circuit,bearman,BEA,Oliver Bearman,haas,Haas F1 Team,87,,10.0,10,1.0,53,Finished,15.0,1:32.006,,,BEA,,,,,,18.0,15.0,16.0,16.333333333333332,15.0,3,True,RACE,CLOCKWISE,34.843056,136.540556,5.807,18,36,ground_effect,2,normal,,,,,,,,,,,,,8.0,11.333333333333334,10.2,4.0,2.2,10.9,4.8,,0,False,False,,,,,,,,,,,,,7.95,7.7,8.1,78.25,0.0,0.0,0.0,14.2,15.1,300.5008008201158,34.5,4.0,8.095,7.2,10.3,76.625,0.0,0.0,0.0,15.07,19.3,297.04914374098405,28.65,9.0,7.155000000000001,3.7,10.3,77.91666666666667,0.0,0.0,0.0,13.196666666666667,19.3,294.5185879713192,21.6,13.0,,,,,,,,,,,,,13.529532361205492
2025,3,Japanese Grand Prix,2025-04-06,suzuka,Suzuka Circuit,piastri,PIA,Oscar Piastri,mclaren,McLaren,81,,3.0,3,15.0,53,Finished,2.0,1:31.039,,,PIA,,,,,,15.0,1.0,2.0,6.0,1.0,3,True,RACE,CLOCKWISE,34.843056,136.540556,5.807,18,36,ground_effect,2,normal,,,,,,,,,,,,,1.0,6.666666666666667,6.0,25.0,9.8,5.0,25.6,5.5,2,False,False,,,,,,,,,,,,,7.95,7.7,8.1,78.25,0.0,0.0,0.0,14.2,15.1,300.5008008201158,34.5,4.0,8.095,7.2,10.3,76.625,0.0,0.0,0.0,15.07,19.3,297.04914374098405,28.65,9.0,7.155000000000001,3.7,10.3,77.91666666666667,0.0,0.0,0.0,13.196666666666667,19.3,294.5185879713192,21.6,13.0,,,,,,,,,,,,,4.5628895451482645
2025,3,Japanese Grand Prix,2025-04-06,suzuka,Suzuka Circuit,gasly,GAS,Pierre Gasly,alpine,Alpine F1 Team,10,,13.0,13,0.0,53,Finished,12.0,1:31.820,,,GAS,,,,,,14.0,9.0,8.0,10.333333333333334,8.0,3,True,RACE,CLOCKWISE,34.843056,136.540556,5.807,18,36,ground_effect,2,normal,,,,,,,,,,,,,20.0,12.666666666666666,12.6,0.0,3.2,14.7,3.2,12.5,6,False,False,,,,,,,,,,,,,7.95,7.7,8.1,78.25,0.0,0.0,0.0,14.2,15.1,300.5008008201158,34.5,4.0,8.095,7.2,10.3,76.625,0.0,0.0,0.0,15.07,19.3,297.04914374098405,28.65,9.0,7.155000000000001,3.7,10.3,77.91666666666667,0.0,0.0,0.0,13.196666666666667,19.3,294.5185879713192,21.6,13.0,,,,,,,,,,,,,11.091779698165398
2025,3,Japanese Grand Prix,2025-04-06,suzuka,Suzuka Circuit,tsunoda,TSU,Yuki Tsunoda,red_bull,Red Bull,22,,12.0,12,0.0,53,Finished,13.0,1:31.871,,,TSU,,,,,,6.0,18.0,9.0,11.0,6.0,3,True,RACE,CLOCKWISE,34.843056,136.540556,5.807,18,36,ground_effect,2,normal,,,,,,,,,,,,,16.0,13.333333333333334,12.4,0.0,0.4,9.2,14.8,11.666666666666666,3,False,False,,,,,,,,,,,,,7.95,7.7,8.1,78.25,0.0,0.0,0.0,14.2,15.1,300.5008008201158,34.5,4.0,8.095,7.2,10.3,76.625,0.0,0.0,0.0,15.07,19.3,297.04914374098405,28.65,9.0,7.155000000000001,3.7,10.3,77.91666666666667,0.0,0.0,0.0,13.196666666666667,19.3,294.5185879713192,21.6,13.0,,,,,,,,,,,,,10.00770612888078
2025,4,Bahrain Grand Prix,2025-04-13,bahrain,Bahrain International Circuit,albon,ALB,Alexander Albon,williams,Williams,23,,12.0,12,0.0,57,Finished,13.0,1:37.141,,,ALB,,,,,,4.0,11.0,15.0,10.0,4.0,3,True,RACE,CLOCKWISE,26.0325,50.510556,5.412,15,22,ground_effect,2,normal,,,,,,,,,,,,,9.0,7.0,9.4,2.0,3.6,12.7,3.8,9.333333333333334,6,False,False,,,,,,,,,,,,,33.8,33.8,33.8,30.25,0.0,0.0,0.0,14.675,16.4,0.1892936321094797,3.0,4.0,33.42999999999999,31.1,33.9,30.925,0.0,0.0,0.0,14.8375,16.4,20.467667538334485,1.5,9.0,34.578333333333326,31.1,37.5,27.616666666666664,0.0,0.0,0.0,11.108333333333334,16.4,28.9726020699086,1.1666666666666667,13.0,,,,,,,,,,,,,11.422837006742277
2025,4,Bahrain Grand Prix,2025-04-13,bahrain,Bahrain International Circuit,antonelli,ANT,Andrea Kimi Antonelli,mercedes,Mercedes,12,,11.0,11,0.0,57,Finished,9.0,1:36.690,,,ANT,,,,,,20.0,5.0,5.0,10.0,5.0,3,True,RACE,CLOCKWISE,26.0325,50.510556,5.412,15,22,ground_effect,2,normal,,,,,,,,,,,,,6.0,5.333333333333333,5.333333333333333,8.0,9.333333333333334,5.2,20.4,,0,False,False,,,,,,,,,,,,,33.8,33.8,33.8,30.25,0.0,0.0,0.0,14.675,16.4,0.1892936321094797,3.0,4.0,33.42999999999999,31.1,33.9,30.925,0.0,0.0,0.0,14.8375,16.4,20.467667538334485,1.5,9.0,34.578333333333326,31.1,37.5,27.616666666666664,0.0,0.0,0.0,11.108333333333334,16.4,28.9726020699086,1.1666666666666667,13.0,,,,,,,,,,,,,6.473896088406434
2025,4,Bahrain Grand Prix,2025-04-13,bahrain,Bahrain International Circuit,sainz,SAI,Carlos Sainz,williams,Williams,55,,19.0,R,0.0,45,Retired,11.0,1:36.954,,,SAI,,,,,,,10.0,9.0,9.5,9.0,2,True,RACE,CLOCKWISE,26.0325,50.510556,5.412,15,22,ground_effect,2,normal,,,,,,,,,,,,,14.0,14.0,10.0,0.0,5.4,12.7,3.8,9.909090909090908,11,False,False,,,,,,,,,,,,,33.8,33.8,33.8,30.25,0.0,0.0,0.0,14.675,16.4,0.1892936321094797,3.0,4.0,33.42999999999999,31.1,33.9,30.925,0.0,0.0,0.0,14.8375,16.4,20.467667538334485,1.5,9.0,34.578333333333326,31.1,37.5,27.616666666666664,0.0,0.0,0.0,11.108333333333334,16.4,28.9726020699086,1.1666666666666667,13.0,,,,,,,,,,,,,10.40147279959659
2025,4,Bahrain Grand Prix,2025-04-13,bahrain,Bahrain International Circuit,leclerc,LEC,Charles Leclerc,ferrari,Ferrari,16,,4.0,4,12.0,57,Finished,4.0,1:36.132,,,LEC,,,,,,,4.0,3.0,3.5,3.0,2,True,RACE,CLOCKWISE,26.0325,50.510556,5.412,15,22,ground_effect,2,normal,,,,,,,,,,,,,4.0,10.0,7.0,12.0,9.8,7.9,16.4,9.375,8,False,False,,,,,,,,,,,,,33.8,33.8,33.8,30.25,0.0,0.0,0.0,14.675,16.4,0.1892936321094797,3.0,4.0,33.42999999999999,31.1,33.9,30.925,0.0,0.0,0.0,14.8375,16.4,20.467667538334485,1.5,9.0,34.578333333333326,31.1,37.5,27.616666666666664,0.0,0.0,0.0,11.108333333333334,16.4,28.9726020699086,1.1666666666666667,13.0,,,,,,,,,,,,,5.155606611426087
2025,4,Bahrain Grand Prix,2025-04-13,bahrain,Bahrain International Circuit,ocon,OCO,Esteban Ocon,haas,Haas F1 Team,31,,8.0,8,4.0,57,Finished,12.0,1:37.098,,,OCO,,,,,,5.0,16.0,11.0,10.666666666666666,5.0,3,True,RACE,CLOCKWISE,26.0325,50.510556,5.412,15,22,ground_effect,2,normal,,,,,,,,,,,,,18.0,12.0,14.6,0.0,2.0,11.7,4.2,10.75,8,False,False,,,,,,,,,,,,,33.8,33.8,33.8,30.25,0.0,0.0,0.0,14.675,16.4,0.1892936321094797,3.0,4.0,33.42999999999999,31.1,33.9,30.925,0.0,0.0,0.0,14.8375,16.4,20.467667538334485,1.5,9.0,34.578333333333326,31.1,37.5,27.616666666666664,0.0,0.0,0.0,11.108333333333334,16.4,28.9726020699086,1.1666666666666667,13.0,,,,,,,,,,,,,11.830973522649249
2025,4,Bahrain Grand Prix,2025-04-13,bahrain,Bahrain International Circuit,alonso,ALO,Fernando Alonso,aston_martin,Aston Martin,14,,15.0,15,0.0,57,Finished,17.0,1:37.906,,,ALO,,,,,,,15.0,14.0,14.5,14.0,2,True,RACE,CLOCKWISE,26.0325,50.510556,5.412,15,22,ground_effect,2,normal,,,,,,,,,,,,,11.0,15.0,12.2,0.0,1.6,12.8,3.6,10.125,8,False,False,,,,,,,,,,,,,33.8,33.8,33.8,30.25,0.0,0.0,0.0,14.675,16.4,0.1892936321094797,3.0,4.0,33.42999999999999,31.1,33.9,30.925,0.0,0.0,0.0,14.8375,16.4,20.467667538334485,1.5,9.0,34.578333333333326,31.1,37.5,27.616666666666664,0.0,0.0,0.0,11.108333333333334,16.4,28.9726020699086,1.1666666666666667,13.0,,,,,,,,,,,,,13.399844828370732
2025,4,Bahrain Grand Prix,2025-04-13,bahrain,Bahrain International Circuit,bortoleto,BOR,Gabriel Bortoleto,sauber,Sauber,5,,18.0,18,0.0,57,Finished,18.0,1:38.006,,,BOR,,,,,,11.0,13.0,18.0,14.0,11.0,3,True,RACE,CLOCKWISE,26.0325,50.510556,5.412,15,22,ground_effect,2,normal,,,,,,,,,,,,,19.0,16.333333333333332,16.333333333333332,0.0,0.0,13.7,2.0,,0,False,False,,,,,,,,,,,,,33.8,33.8,33.8,30.25,0.0,0.0,0.0,14.675,16.4,0.1892936321094797,3.0,4.0,33.42999999999999,31.1,33.9,30.925,0.0,0.0,0.0,14.8375,16.4,20.467667538334485,1.5,9.0,34.578333333333326,31.1,37.5,27.616666666666664,0.0,0.0,0.0,11.108333333333334,16.4,28.9726020699086,1.1666666666666667,13.0,,,,,,,,,,,,,14.146605993642563
2025,4,Bahrain Grand Prix,2025-04-13,bahrain,Bahrain International Circuit,russell,RUS,George Russell,mercedes,Mercedes,63,,2.0,2,18.0,57,Finished,2.0,1:35.518,,,RUS,,,,,,,3.0,4.0,3.5,3.0,2,True,RACE,CLOCKWISE,26.0325,50.510556,5.412,15,22,ground_effect,2,normal,,,,,,,,,,,,,5.0,3.6666666666666665,4.0,10.0,12.4,5.2,20.4,9.428571428571429,7,False,False,,,,,,,,,,,,,33.8,33.8,33.8,30.25,0.0,0.0,0.0,14.675,16.4,0.1892936321094797,3.0,4.0,33.42999999999999,31.1,33.9,30.925,0.0,0.0,0.0,14.8375,16.4,20.467667538334485,1.5,9.0,34.578333333333326,31.1,37.5,27.616666666666664,0.0,0.0,0.0,11.108333333333334,16.4,28.9726020699086,1.1666666666666667,13.0,,,,,,,,,,,,,4.049316282460214
2025,4,Bahrain Grand Prix,2025-04-13,bahrain,Bahrain International Circuit,hadjar,HAD,Isack Hadjar,rb,RB F1 Team,6,,13.0,13,0.0,57,Finished,10.0,1:36.952,,,HAD,,,,,,12.0,6.0,7.0,8.333333333333334,6.0,3,True,RACE,CLOCKWISE,26.0325,50.510556,5.412,15,22,ground_effect,2,normal,,,,,,,,,,,,,8.0,13.0,13.0,4.0,1.3333333333333333,14.0,0.8,,0,False,False,,,,,,,,,,,,,33.8,33.8,33.8,30.25,0.0,0.0,0.0,14.675,16.4,0.1892936321094797,3.0,4.0,33.42999999999999,31.1,33.9,30.925,0.0,0.0,0.0,14.8375,16.4,20.467667538334485,1.5,9.0,34.578333333333326,31.1,37.5,27.616666666666664,0.0,0.0,0.0,11.108333333333334,16.4,28.9726020699086,1.1666666666666667,13.0,,,,,,,,,,,,,11.46676328321553
2025,4,Bahrain Grand Prix,2025-04-13,bahrain,Bahrain International Circuit,doohan,DOO,Jack Doohan,alpine,Alpine F1 Team,7,,14.0,14,0.0,57,Finished,8.0,1:36.682,,,DOO,,,,,,7.0,14.0,12.0,11.0,7.0,3,True,RACE,CLOCKWISE,26.0325,50.510556,5.412,15,22,ground_effect,2,normal,,,,,,,,,,,,,15.0,15.666666666666666,15.5,0.0,0.0,13.8,3.2,,0,False,False,,,,,,,,,,,,,33.8,33.8,33.8,30.25,0.0,0.0,0.0,14.675,16.4,0.1892936321094797,3.0,4.0,33.42999999999999,31.1,33.9,30.925,0.0,0.0,0.0,14.8375,16.4,20.467667538334485,1.5,9.0,34.578333333333326,31.1,37.5,27.616666666666664,0.0,0.0,0.0,11.108333333333334,16.4,28.9726020699086,1.1666666666666667,13.0,,,,,,,,,,,,,12.343065474993848
2025,4,Bahrain Grand Prix,2025-04-13,bahrain,Bahrain International Circuit,stroll,STR,Lance Stroll,aston_martin,Aston Martin,18,,17.0,17,0.0,57,Finished,19.0,1:38.064,,,STR,,,,,,15.0,19.0,17.0,17.0,15.0,3,True,RACE,CLOCKWISE,26.0325,50.510556,5.412,15,22,ground_effect,2,normal,,,,,,,,,,,,,20.0,11.666666666666666,13.4,0.0,2.0,12.8,3.6,11.666666666666666,9,False,False,,,,,,,,,,,,,33.8,33.8,33.8,30.25,0.0,0.0,0.0,14.675,16.4,0.1892936321094797,3.0,4.0,33.42999999999999,31.1,33.9,30.925,0.0,0.0,0.0,14.8375,16.4,20.467667538334485,1.5,9.0,34.578333333333326,31.1,37.5,27.616666666666664,0.0,0.0,0.0,11.108333333333334,16.4,28.9726020699086,1.1666666666666667,13.0,,,,,,,,,,,,,14.993415889998868
2025,4,Bahrain Grand Prix,2025-04-13,bahrain,Bahrain International Circuit,norris,NOR,Lando Norris,mclaren,McLaren,4,,3.0,3,15.0,57,Finished,3.0,1:35.728,,,NOR,,,,,,1.0,2.0,2.0,1.6666666666666667,1.0,3,True,RACE,CLOCKWISE,26.0325,50.510556,5.412,15,22,ground_effect,2,normal,,,,,,,,,,,,,2.0,1.6666666666666667,3.2,18.0,17.6,4.2,29.2,8.857142857142858,7,False,False,,,,,,,,,,,,,33.8,33.8,33.8,30.25,0.0,0.0,0.0,14.675,16.4,0.1892936321094797,3.0,4.0,33.42999999999999,31.1,33.9,30.925,0.0,0.0,0.0,14.8375,16.4,20.467667538334485,1.5,9.0,34.578333333333326,31.1,37.5,27.616666666666664,0.0,0.0,0.0,11.108333333333334,16.4,28.9726020699086,1.1666666666666667,13.0,,,,,,,,,,,,,2.640342753125491
2025,4,Bahrain Grand Prix,2025-04-13,bahrain,Bahrain International Circuit,hamilton,HAM,Lewis Hamilton,ferrari,Ferrari,44,,5.0,5,10.0,57,Finished,6.0,1:36.235,,,HAM,,,,,,3.0,8.0,10.0,7.0,3.0,3,True,RACE,CLOCKWISE,26.0325,50.510556,5.412,15,22,ground_effect,2,normal,,,,,,,,,,,,,7.0,12.0,10.4,6.0,3.8,7.9,16.4,2.5454545454545454,11,False,False,,,,,,,,,,,,,33.8,33.8,33.8,30.25,0.0,0.0,0.0,14.675,16.4,0.1892936321094797,3.0,4.0,33.42999999999999,31.1,33.9,30.925,0.0,0.0,0.0,14.8375,16.4,20.467667538334485,1.5,9.0,34.578333333333326,31.1,37.5,27.616666666666664,0.0,0.0,0.0,11.108333333333334,16.4,28.9726020699086,1.1666666666666667,13.0,,,,,,,,,,,,,7.276873391422027
2025,4,Bahrain Grand Prix,2025-04-13,bahrain,Bahrain International Circuit,lawson,LAW,Liam Lawson,rb,RB F1 Team,30,,16.0,16,0.0,57,Finished,16.0,1:37.380,,,LAW,,,,,,8.0,12.0,13.0,11.0,8.0,3,True,RACE,CLOCKWISE,26.0325,50.510556,5.412,15,22,ground_effect,2,normal,,,,,,,,,,,,,17.0,14.666666666666666,15.0,0.0,0.0,14.0,0.8,,0,False,False,,,,,,,,,,,,,33.8,33.8,33.8,30.25,0.0,0.0,0.0,14.675,16.4,0.1892936321094797,3.0,4.0,33.42999999999999,31.1,33.9,30.925,0.0,0.0,0.0,14.8375,16.4,20.467667538334485,1.5,9.0,34.578333333333326,31.1,37.5,27.616666666666664,0.0,0.0,0.0,11.108333333333334,16.4,28.9726020699086,1.1666666666666667,13.0,,,,,,,,,,,,,13.252107576745638
2025,4,Bahrain Grand Prix,2025-04-13,bahrain,Bahrain International Circuit,max_verstappen,VER,Max Verstappen,red_bull,Red Bull,1,,6.0,6,8.0,57,Finished,5.0,1:36.167,,,VER,,,,,,,7.0,8.0,7.5,7.0,2,True,RACE,CLOCKWISE,26.0325,50.510556,5.412,15,22,ground_effect,2,normal,,,,,,,,,,,,,1.0,2.333333333333333,2.8,25.0,17.6,9.0,17.6,9.909090909090908,11,False,False,,,,,,,,,,,,,33.8,33.8,33.8,30.25,0.0,0.0,0.0,14.675,16.4,0.1892936321094797,3.0,4.0,33.42999999999999,31.1,33.9,30.925,0.0,0.0,0.0,14.8375,16.4,20.467667538334485,1.5,9.0,34.578333333333326,31.1,37.5,27.616666666666664,0.0,0.0,0.0,11.108333333333334,16.4,28.9726020699086,1.1666666666666667,13.0,,,,,,,,,,,,,3.0277654837883325
2025,4,Bahrain Grand Prix,2025-04-13,bahrain,Bahrain International Circuit,hulkenberg,HUL,Nico Hülkenberg,sauber,Sauber,27,,20.0,D,0.0,0,Disqualified,,,,,HUL,,,,,,6.0,20.0,19.0,15.0,6.0,3,True,RACE,CLOCKWISE,26.0325,50.510556,5.412,15,22,ground_effect,2,normal,,,,,,,,,,,,,16.0,12.666666666666666,12.4,0.0,2.0,13.7,2.0,12.555555555555555,9,False,False,,,,,,,,,,,,,33.8,33.8,33.8,30.25,0.0,0.0,0.0,14.675,16.4,0.1892936321094797,3.0,4.0,33.42999999999999,31.1,33.9,30.925,0.0,0.0,0.0,14.8375,16.4,20.467667538334485,1.5,9.0,34.578333333333326,31.1,37.5,27.616666666666664,0.0,0.0,0.0,11.108333333333334,16.4,28.9726020699086,1.1666666666666667,13.0,,,,,,,,,,,,,14.859642621471215
2025,4,Bahrain Grand Prix,2025-04-13,bahrain,Bahrain International Circuit,bearman,BEA,Oliver Bearman,haas,Haas F1 Team,87,,10.0,10,1.0,57,Finished,15.0,1:37.303,,,BEA,,,,,,,9.0,16.0,12.5,9.0,2,True,RACE,CLOCKWISE,26.0325,50.510556,5.412,15,22,ground_effect,2,normal,,,,,,,,,,,,,10.0,10.666666666666666,10.8,1.0,1.2,11.7,4.2,,0,False,False,,,,,,,,,,,,,33.8,33.8,33.8,30.25,0.0,0.0,0.0,14.675,16.4,0.1892936321094797,3.0,4.0,33.42999999999999,31.1,33.9,30.925,0.0,0.0,0.0,14.8375,16.4,20.467667538334485,1.5,9.0,34.578333333333326,31.1,37.5,27.616666666666664,0.0,0.0,0.0,11.108333333333334,16.4,28.9726020699086,1.1666666666666667,13.0,,,,,,,,,,,,,12.42039405447112
2025,4,Bahrain Grand Prix,2025-04-13,bahrain,Bahrain International Circuit,piastri,PIA,Oscar Piastri,mclaren,McLaren,81,,1.0,1,25.0,57,Finished,1.0,1:35.140,,,PIA,,,,,,10.0,1.0,1.0,4.0,1.0,3,True,RACE,CLOCKWISE,26.0325,50.510556,5.412,15,22,ground_effect,2,normal,,,,,,,,,,,,,3.0,4.333333333333333,5.2,15.0,11.6,4.2,29.2,14.0,2,False,False,,,,,,,,,,,,,33.8,33.8,33.8,30.25,0.0,0.0,0.0,14.675,16.4,0.1892936321094797,3.0,4.0,33.42999999999999,31.1,33.9,30.925,0.0,0.0,0.0,14.8375,16.4,20.467667538334485,1.5,9.0,34.578333333333326,31.1,37.5,27.616666666666664,0.0,0.0,0.0,11.108333333333334,16.4,28.9726020699086,1.1666666666666667,13.0,,,,,,,,,,,,,5.007046959925887
2025,4,Bahrain Grand Prix,2025-04-13,bahrain,Bahrain International Circuit,gasly,GAS,Pierre Gasly,alpine,Alpine F1 Team,10,,7.0,7,6.0,57,Finished,7.0,1:36.531,,,GAS,,,,,,2.0,17.0,6.0,8.333333333333334,2.0,3,True,RACE,CLOCKWISE,26.0325,50.510556,5.412,15,22,ground_effect,2,normal,,,,,,,,,,,,,13.0,14.666666666666666,11.2,0.0,3.2,13.8,3.2,11.625,8,False,False,,,,,,,,,,,,,33.8,33.8,33.8,30.25,0.0,0.0,0.0,14.675,16.4,0.1892936321094797,3.0,4.0,33.42999999999999,31.1,33.9,30.925,0.0,0.0,0.0,14.8375,16.4,20.467667538334485,1.5,9.0,34.578333333333326,31.1,37.5,27.616666666666664,0.0,0.0,0.0,11.108333333333334,16.4,28.9726020699086,1.1666666666666667,13.0,,,,,,,,,,,,,10.638240603876653
2025,4,Bahrain Grand Prix,2025-04-13,bahrain,Bahrain International Circuit,tsunoda,TSU,Yuki Tsunoda,red_bull,Red Bull,22,,9.0,9,2.0,57,Finished,14.0,1:37.225,,,TSU,,,,,,9.0,18.0,20.0,15.666666666666666,9.0,3,True,RACE,CLOCKWISE,26.0325,50.510556,5.412,15,22,ground_effect,2,normal,,,,,,,,,,,,,12.0,13.333333333333334,13.0,0.0,0.0,9.0,17.6,10.5,4,False,False,,,,,,,,,,,,,33.8,33.8,33.8,30.25,0.0,0.0,0.0,14.675,16.4,0.1892936321094797,3.0,4.0,33.42999999999999,31.1,33.9,30.925,0.0,0.0,0.0,14.8375,16.4,20.467667538334485,1.5,9.0,34.578333333333326,31.1,37.5,27.616666666666664,0.0,0.0,0.0,11.108333333333334,16.4,28.9726020699086,1.1666666666666667,13.0,,,,,,,,,,,,,11.05409435650246
2025,5,Saudi Arabian Grand Prix,2025-04-20,jeddah,Jeddah Corniche Circuit,albon,ALB,Alexander Albon,williams,Williams,23,,9.0,9,2.0,50,Finished,16.0,1:33.477,,,ALB,,,,,,5.0,10.0,6.0,7.0,5.0,3,True,STREET,ANTI_CLOCKWISE,21.543333,39.172778,6.174,27,5,ground_effect,2,normal,,,,,,,,,,,,,12.0,9.333333333333334,8.8,0.0,3.6,12.4,3.8,14.666666666666666,3,False,False,,,,,,,,,,,,,32.725,32.2,33.1,40.0,0.0,0.0,0.0,12.0,12.6,269.99794101057944,0.0,4.0,31.7825,29.2,33.1,41.2,0.0,0.0,0.0,9.97,12.6,277.3889829985394,0.0,9.0,32.605,29.2,34.8,39.63333333333333,0.0,0.0,0.0,10.488333333333332,12.6,271.17365969975646,0.0,13.0,,,,,,,,,,,,,10.550210506273107
2025,5,Saudi Arabian Grand Prix,2025-04-20,jeddah,Jeddah Corniche Circuit,antonelli,ANT,Andrea Kimi Antonelli,mercedes,Mercedes,12,,6.0,6,8.0,50,Finished,5.0,1:32.396,,,ANT,,,,,,13.0,11.0,10.0,11.333333333333334,10.0,3,True,STREET,ANTI_CLOCKWISE,21.543333,39.172778,6.174,27,5,ground_effect,2,normal,,,,,,,,,,,,,11.0,7.666666666666667,6.75,0.0,7.0,4.9,21.6,,0,False,False,,,,,,,,,,,,,32.725,32.2,33.1,40.0,0.0,0.0,0.0,12.0,12.6,269.99794101057944,0.0,4.0,31.7825,29.2,33.1,41.2,0.0,0.0,0.0,9.97,12.6,277.3889829985394,0.0,9.0,32.605,29.2,34.8,39.63333333333333,0.0,0.0,0.0,10.488333333333332,12.6,271.17365969975646,0.0,13.0,,,,,,,,,,,,,8.608993810035695
2025,5,Saudi Arabian Grand Prix,2025-04-20,jeddah,Jeddah Corniche Circuit,sainz,SAI,Carlos Sainz,williams,Williams,55,,8.0,8,4.0,50,Finished,6.0,1:32.466,,,SAI,,,,,,7.0,5.0,7.0,6.333333333333333,5.0,3,True,STREET,ANTI_CLOCKWISE,21.543333,39.172778,6.174,27,5,ground_effect,2,normal,,,,,,,,,,,,,19.0,14.333333333333334,12.6,0.0,3.8,12.4,3.8,5.666666666666667,3,False,False,,,,,,,,,,,,,32.725,32.2,33.1,40.0,0.0,0.0,0.0,12.0,12.6,269.99794101057944,0.0,4.0,31.7825,29.2,33.1,41.2,0.0,0.0,0.0,9.97,12.6,277.3889829985394,0.0,9.0,32.605,29.2,34.8,39.63333333333333,0.0,0.0,0.0,10.488333333333332,12.6,271.17365969975646,0.0,13.0,,,,,,,,,,,,,9.352965357771913
2025,5,Saudi Arabian Grand Prix,2025-04-20,jeddah,Jeddah Corniche Circuit,leclerc,LEC,Charles Leclerc,ferrari,Ferrari,16,,3.0,3,15.0,50,Finished,2.0,1:32.192,,,LEC,,,,,,3.0,4.0,5.0,4.0,3.0,3,True,STREET,ANTI_CLOCKWISE,21.543333,39.172778,6.174,27,5,ground_effect,2,normal,,,,,,,,,,,,,4.0,8.666666666666666,7.4,12.0,8.6,8.0,15.6,4.75,4,False,False,,,,,,,,,,,,,32.725,32.2,33.1,40.0,0.0,0.0,0.0,12.0,12.6,269.99794101057944,0.0,4.0,31.7825,29.2,33.1,41.2,0.0,0.0,0.0,9.97,12.6,277.3889829985394,0.0,9.0,32.605,29.2,34.8,39.63333333333333,0.0,0.0,0.0,10.488333333333332,12.6,271.17365969975646,0.0,13.0,,,,,,,,,,,,,5.991565318191263
2025,5,Saudi Arabian Grand Prix,2025-04-20,jeddah,Jeddah Corniche Circuit,ocon,OCO,Esteban Ocon,haas,Haas F1 Team,31,,14.0,14,0.0,50,Finished,17.0,1:34.309,,,OCO,,,,,,19.0,19.0,18.0,18.666666666666668,18.0,3,True,STREET,ANTI_CLOCKWISE,21.543333,39.172778,6.174,27,5,ground_effect,2,normal,,,,,,,,,,,,,8.0,10.333333333333334,12.8,4.0,2.8,11.0,4.8,7.75,4,False,False,,,,,,,,,,,,,32.725,32.2,33.1,40.0,0.0,0.0,0.0,12.0,12.6,269.99794101057944,0.0,4.0,31.7825,29.2,33.1,41.2,0.0,0.0,0.0,9.97,12.6,277.3889829985394,0.0,9.0,32.605,29.2,34.8,39.63333333333333,0.0,0.0,0.0,10.488333333333332,12.6,271.17365969975646,0.0,13.0,,,,,,,,,,,,,13.893865475489974
2025,5,Saudi Arabian Grand Prix,2025-04-20,jeddah,Jeddah Corniche Circuit,alonso,ALO,Fernando Alonso,aston_martin,Aston Martin,14,,11.0,11,0.0,50,Finished,11.0,1:33.009,,,ALO,,,,,,14.0,15.0,14.0,14.333333333333334,14.0,3,True,STREET,ANTI_CLOCKWISE,21.543333,39.172778,6.174,27,5,ground_effect,2,normal,,,,,,,,,,,,,15.0,14.333333333333334,13.8,0.0,0.4,13.5,2.4,9.25,4,False,False,,,,,,,,,,,,,32.725,32.2,33.1,40.0,0.0,0.0,0.0,12.0,12.6,269.99794101057944,0.0,4.0,31.7825,29.2,33.1,41.2,0.0,0.0,0.0,9.97,12.6,277.3889829985394,0.0,9.0,32.605,29.2,34.8,39.63333333333333,0.0,0.0,0.0,10.488333333333332,12.6,271.17365969975646,0.0,13.0,,,,,,,,,,,,,13.362474109980509
2025,5,Saudi Arabian Grand Prix,2025-04-20,jeddah,Jeddah Corniche Circuit,bortoleto,BOR,Gabriel Bortoleto,sauber,Sauber,5,,18.0,18,0.0,49,Lapped,18.0,1:34.447,,,BOR,,,,,,20.0,,19.0,19.5,19.0,2,True,STREET,ANTI_CLOCKWISE,21.543333,39.172778,6.174,27,5,ground_effect,2,normal,,,,,,,,,,,,,18.0,17.0,16.75,0.0,0.0,15.6,1.2,,0,False,False,,,,,,,,,,,,,32.725,32.2,33.1,40.0,0.0,0.0,0.0,12.0,12.6,269.99794101057944,0.0,4.0,31.7825,29.2,33.1,41.2,0.0,0.0,0.0,9.97,12.6,277.3889829985394,0.0,9.0,32.605,29.2,34.8,39.63333333333333,0.0,0.0,0.0,10.488333333333332,12.6,271.17365969975646,0.0,13.0,,,,,,,,,,,,,15.718654120060714
2025,5,Saudi Arabian Grand Prix,2025-04-20,jeddah,Jeddah Corniche Circuit,russell,RUS,George Russell,mercedes,Mercedes,63,,5.0,5,10.0,50,Finished,9.0,1:32.893,,,RUS,,,,,,6.0,7.0,3.0,5.333333333333333,3.0,3,True,STREET,ANTI_CLOCKWISE,21.543333,39.172778,6.174,27,5,ground_effect,2,normal,,,,,,,,,,,,,2.0,3.333333333333333,3.6,18.0,13.6,4.9,21.6,8.5,4,False,False,,,,,,,,,,,,,32.725,32.2,33.1,40.0,0.0,0.0,0.0,12.0,12.6,269.99794101057944,0.0,4.0,31.7825,29.2,33.1,41.2,0.0,0.0,0.0,9.97,12.6,277.3889829985394,0.0,9.0,32.605,29.2,34.8,39.63333333333333,0.0,0.0,0.0,10.488333333333332,12.6,271.17365969975646,0.0,13.0,,,,,,,,,,,,,4.344462045493922
2025,5,Saudi Arabian Grand Prix,2025-04-20,jeddah,Jeddah Corniche Circuit,hadjar,HAD,Isack Hadjar,rb,RB F1 Team,6,,10.0,10,1.0,50,Finished,14.0,1:33.257,,,HAD,,,,,,15.0,12.0,11.0,12.666666666666666,11.0,3,True,STREET,ANTI_CLOCKWISE,21.543333,39.172778,6.174,27,5,ground_effect,2,normal,,,,,,,,,,,,,13.0,10.666666666666666,13.0,0.0,1.0,14.2,0.8,,0,False,False,,,,,,,,,,,,,32.725,32.2,33.1,40.0,0.0,0.0,0.0,12.0,12.6,269.99794101057944,0.0,4.0,31.7825,29.2,33.1,41.2,0.0,0.0,0.0,9.97,12.6,277.3889829985394,0.0,9.0,32.605,29.2,34.8,39.63333333333333,0.0,0.0,0.0,10.488333333333332,12.6,271.17365969975646,0.0,13.0,,,,,,,,,,,,,12.956308578717003
2025,5,Saudi Arabian Grand Prix,2025-04-20,jeddah,Jeddah Corniche Circuit,doohan,DOO,Jack Doohan,alpine,Alpine F1 Team,7,,17.0,17,0.0,49,Lapped,12.0,1:33.150,,,DOO,,,,,,16.0,17.0,15.0,16.0,15.0,3,True,STREET,ANTI_CLOCKWISE,21.543333,39.172778,6.174,27,5,ground_effect,2,normal,,,,,,,,,,,,,14.0,14.0,15.2,0.0,0.0,13.4,2.4,,0,False,False,,,,,,,,,,,,,32.725,32.2,33.1,40.0,0.0,0.0,0.0,12.0,12.6,269.99794101057944,0.0,4.0,31.7825,29.2,33.1,41.2,0.0,0.0,0.0,9.97,12.6,277.3889829985394,0.0,9.0,32.605,29.2,34.8,39.63333333333333,0.0,0.0,0.0,10.488333333333332,12.6,271.17365969975646,0.0,13.0,,,,,,,,,,,,,13.880130727887375
2025,5,Saudi Arabian Grand Prix,2025-04-20,jeddah,Jeddah Corniche Circuit,stroll,STR,Lance Stroll,aston_martin,Aston Martin,18,,16.0,16,0.0,49,Lapped,8.0,1:32.745,,,STR,,,,,,17.0,18.0,20.0,18.33333333333333,17.0,3,True,STREET,ANTI_CLOCKWISE,21.543333,39.172778,6.174,27,5,ground_effect,2,normal,,,,,,,,,,,,,17.0,15.333333333333334,13.2,0.0,2.0,13.5,2.4,15.75,4,False,False,,,,,,,,,,,,,32.725,32.2,33.1,40.0,0.0,0.0,0.0,12.0,12.6,269.99794101057944,0.0,4.0,31.7825,29.2,33.1,41.2,0.0,0.0,0.0,9.97,12.6,277.3889829985394,0.0,9.0,32.605,29.2,34.8,39.63333333333333,0.0,0.0,0.0,10.488333333333332,12.6,271.17365969975646,0.0,13.0,,,,,,,,,,,,,13.79370133301615
2025,5,Saudi Arabian Grand Prix,2025-04-20,jeddah,Jeddah Corniche Circuit,norris,NOR,Lando Norris,mclaren,McLaren,4,,4.0,4,12.0,50,Finished,1.0,1:31.778,,,NOR,,,,,,2.0,1.0,1.0,1.3333333333333333,1.0,3,True,STREET,ANTI_CLOCKWISE,21.543333,39.172778,6.174,27,5,ground_effect,2,normal,,,,,,,,,,,,,3.0,2.333333333333333,1.8,15.0,20.2,3.3,33.8,10.5,4,False,False,,,,,,,,,,,,,32.725,32.2,33.1,40.0,0.0,0.0,0.0,12.0,12.6,269.99794101057944,0.0,4.0,31.7825,29.2,33.1,41.2,0.0,0.0,0.0,9.97,12.6,277.3889829985394,0.0,9.0,32.605,29.2,34.8,39.63333333333333,0.0,0.0,0.0,10.488333333333332,12.6,271.17365969975646,0.0,13.0,,,,,,,,,,,,,2.69760515302834
2025,5,Saudi Arabian Grand Prix,2025-04-20,jeddah,Jeddah Corniche Circuit,hamilton,HAM,Lewis Hamilton,ferrari,Ferrari,44,,7.0,7,6.0,50,Finished,7.0,1:32.600,,,HAM,,,,,,8.0,13.0,12.0,11.0,8.0,3,True,STREET,ANTI_CLOCKWISE,21.543333,39.172778,6.174,27,5,ground_effect,2,normal,,,,,,,,,,,,,5.0,10.333333333333334,9.0,10.0,5.8,8.0,15.6,6.25,4,False,False,,,,,,,,,,,,,32.725,32.2,33.1,40.0,0.0,0.0,0.0,12.0,12.6,269.99794101057944,0.0,4.0,31.7825,29.2,33.1,41.2,0.0,0.0,0.0,9.97,12.6,277.3889829985394,0.0,9.0,32.605,29.2,34.8,39.63333333333333,0.0,0.0,0.0,10.488333333333332,12.6,271.17365969975646,0.0,13.0,,,,,,,,,,,,,8.635319845418685
2025,5,Saudi Arabian Grand Prix,2025-04-20,jeddah,Jeddah Corniche Circuit,lawson,LAW,Liam Lawson,rb,RB F1 Team,30,,12.0,12,0.0,50,Finished,10.0,1:32.998,,,LAW,,,,,,11.0,14.0,13.0,12.666666666666666,11.0,3,True,STREET,ANTI_CLOCKWISE,21.543333,39.172778,6.174,27,5,ground_effect,2,normal,,,,,,,,,,,,,16.0,15.0,15.4,0.0,0.0,14.2,0.8,,0,False,False,,,,,,,,,,,,,32.725,32.2,33.1,40.0,0.0,0.0,0.0,12.0,12.6,269.99794101057944,0.0,4.0,31.7825,29.2,33.1,41.2,0.0,0.0,0.0,9.97,12.6,277.3889829985394,0.0,9.0,32.605,29.2,34.8,39.63333333333333,0.0,0.0,0.0,10.488333333333332,12.6,271.17365969975646,0.0,13.0,,,,,,,,,,,,,13.907045691870907
2025,5,Saudi Arabian Grand Prix,2025-04-20,jeddah,Jeddah Corniche Circuit,max_verstappen,VER,Max Verstappen,red_bull,Red Bull,1,,2.0,2,18.0,50,Finished,4.0,1:32.280,,,VER,,,,,,9.0,3.0,4.0,5.333333333333333,3.0,3,True,STREET,ANTI_CLOCKWISE,21.543333,39.172778,6.174,27,5,ground_effect,2,normal,,,,,,,,,,,,,6.0,3.6666666666666665,3.8,8.0,14.2,8.7,14.6,1.5,4,False,False,,,,,,,,,,,,,32.725,32.2,33.1,40.0,0.0,0.0,0.0,12.0,12.6,269.99794101057944,0.0,4.0,31.7825,29.2,33.1,41.2,0.0,0.0,0.0,9.97,12.6,277.3889829985394,0.0,9.0,32.605,29.2,34.8,39.63333333333333,0.0,0.0,0.0,10.488333333333332,12.6,271.17365969975646,0.0,13.0,,,,,,,,,,,,,3.0180248530211573
2025,5,Saudi Arabian Grand Prix,2025-04-20,jeddah,Jeddah Corniche Circuit,hulkenberg,HUL,Nico Hülkenberg,sauber,Sauber,27,,15.0,15,0.0,49,Lapped,15.0,1:33.446,,,HUL,,,,,,12.0,9.0,17.0,12.666666666666666,9.0,3,True,STREET,ANTI_CLOCKWISE,21.543333,39.172778,6.174,27,5,ground_effect,2,normal,,,,,,,,,,,,,20.0,17.0,13.2,0.0,2.0,15.6,1.2,11.333333333333334,3,False,False,,,,,,,,,,,,,32.725,32.2,33.1,40.0,0.0,0.0,0.0,12.0,12.6,269.99794101057944,0.0,4.0,31.7825,29.2,33.1,41.2,0.0,0.0,0.0,9.97,12.6,277.3889829985394,0.0,9.0,32.605,29.2,34.8,39.63333333333333,0.0,0.0,0.0,10.488333333333332,12.6,271.17365969975646,0.0,13.0,,,,,,,,,,,,,13.68753500665652
2025,5,Saudi Arabian Grand Prix,2025-04-20,jeddah,Jeddah Corniche Circuit,bearman,BEA,Oliver Bearman,haas,Haas F1 Team,87,,13.0,13,0.0,50,Finished,13.0,1:33.238,,,BEA,,,,,,18.0,16.0,16.0,16.666666666666668,16.0,3,True,STREET,ANTI_CLOCKWISE,21.543333,39.172778,6.174,27,5,ground_effect,2,normal,,,,,,,,,,,,,10.0,9.333333333333334,10.8,1.0,1.2,11.0,4.8,7.0,1,False,False,,,,,,,,,,,,,32.725,32.2,33.1,40.0,0.0,0.0,0.0,12.0,12.6,269.99794101057944,0.0,4.0,31.7825,29.2,33.1,41.2,0.0,0.0,0.0,9.97,12.6,277.3889829985394,0.0,9.0,32.605,29.2,34.8,39.63333333333333,0.0,0.0,0.0,10.488333333333332,12.6,271.17365969975646,0.0,13.0,,,,,,,,,,,,,12.632747602495165
2025,5,Saudi Arabian Grand Prix,2025-04-20,jeddah,Jeddah Corniche Circuit,piastri,PIA,Oscar Piastri,mclaren,McLaren,81,,1.0,1,25.0,50,Finished,3.0,1:32.228,,,PIA,,,,,,4.0,2.0,2.0,2.6666666666666665,2.0,3,True,STREET,ANTI_CLOCKWISE,21.543333,39.172778,6.174,27,5,ground_effect,2,normal,,,,,,,,,,,,,1.0,1.6666666666666667,4.8,25.0,13.6,3.3,33.8,9.5,2,False,False,,,,,,,,,,,,,32.725,32.2,33.1,40.0,0.0,0.0,0.0,12.0,12.6,269.99794101057944,0.0,4.0,31.7825,29.2,33.1,41.2,0.0,0.0,0.0,9.97,12.6,277.3889829985394,0.0,9.0,32.605,29.2,34.8,39.63333333333333,0.0,0.0,0.0,10.488333333333332,12.6,271.17365969975646,0.0,13.0,,,,,,,,,,,,,3.498664925196822
2025,5,Saudi Arabian Grand Prix,2025-04-20,jeddah,Jeddah Corniche Circuit,gasly,GAS,Pierre Gasly,alpine,Alpine F1 Team,10,,20.0,R,0.0,0,Retired,,,,,GAS,,,,,,1.0,8.0,8.0,5.666666666666667,1.0,3,True,STREET,ANTI_CLOCKWISE,21.543333,39.172778,6.174,27,5,ground_effect,2,normal,,,,,,,,,,,,,7.0,13.333333333333334,11.6,6.0,2.4,13.4,2.4,10.75,4,False,False,,,,,,,,,,,,,32.725,32.2,33.1,40.0,0.0,0.0,0.0,12.0,12.6,269.99794101057944,0.0,4.0,31.7825,29.2,33.1,41.2,0.0,0.0,0.0,9.97,12.6,277.3889829985394,0.0,9.0,32.605,29.2,34.8,39.63333333333333,0.0,0.0,0.0,10.488333333333332,12.6,271.17365969975646,0.0,13.0,,,,,,,,,,,,,10.779307380163072
2025,5,Saudi Arabian Grand Prix,2025-04-20,jeddah,Jeddah Corniche Circuit,tsunoda,TSU,Yuki Tsunoda,red_bull,Red Bull,22,,19.0,R,0.0,1,Retired,,,,,TSU,,,,,,10.0,6.0,9.0,8.333333333333334,6.0,3,True,STREET,ANTI_CLOCKWISE,21.543333,39.172778,6.174,27,5,ground_effect,2,normal,,,,,,,,,,,,,9.0,12.333333333333334,12.2,2.0,0.4,8.7,14.6,14.75,4,False,False,,,,,,,,,,,,,32.725,32.2,33.1,40.0,0.0,0.0,0.0,12.0,12.6,269.99794101057944,0.0,4.0,31.7825,29.2,33.1,41.2,0.0,0.0,0.0,9.97,12.6,277.3889829985394,0.0,9.0,32.605,29.2,34.8,39.63333333333333,0.0,0.0,0.0,10.488333333333332,12.6,271.17365969975646,0.0,13.0,,,,,,,,,,,,,9.351135394725398
2025,6,Miami Grand Prix,2025-05-04,miami,Miami International Autodrome,albon,ALB,Alexander Albon,williams,Williams,23,,5.0,5,10.0,57,Finished,6.0,1:30.482,,,ALB,,,,,,5.0,,,5.0,5.0,1,True,STREET,ANTI_CLOCKWISE,25.958056,-80.238889,5.412,19,5,ground_effect,2,sprint,,,,,,,,,,,,,9.0,10.0,8.4,2.0,4.0,11.1,5.0,13.666666666666666,3,False,False,,,,,,,,,,,,,28.55,27.5,29.5,42.25,0.0,0.0,0.0,12.875,13.7,110.00091487408748,54.5,4.0,27.286666666666672,24.4,29.6,52.333333333333336,2.1,3.0,1.0,11.688333333333333,13.7,122.60432541714944,50.45,13.0,27.286666666666672,24.4,29.6,52.333333333333336,2.1,3.0,1.0,11.688333333333333,13.7,122.60432541714944,50.45,13.0,,,,,,,,,,,,,10.509524315314637
2025,6,Miami Grand Prix,2025-05-04,miami,Miami International Autodrome,antonelli,ANT,Andrea Kimi Antonelli,mercedes,Mercedes,12,,6.0,6,8.0,57,Finished,9.0,1:30.795,,,ANT,,,,,,9.0,,,9.0,9.0,1,True,STREET,ANTI_CLOCKWISE,25.958056,-80.238889,5.412,19,5,ground_effect,2,sprint,,,,,,,,,,,,,6.0,7.666666666666667,6.6,8.0,7.2,5.1,20.8,,0,False,False,,,,,,,,,,,,,28.55,27.5,29.5,42.25,0.0,0.0,0.0,12.875,13.7,110.00091487408748,54.5,4.0,27.286666666666672,24.4,29.6,52.333333333333336,2.1,3.0,1.0,11.688333333333333,13.7,122.60432541714944,50.45,13.0,27.286666666666672,24.4,29.6,52.333333333333336,2.1,3.0,1.0,11.688333333333333,13.7,122.60432541714944,50.45,13.0,,,,,,,,,,,,,7.616136787442162
2025,6,Miami Grand Prix,2025-05-04,miami,Miami International Autodrome,sainz,SAI,Carlos Sainz,williams,Williams,55,,9.0,9,2.0,57,Finished,8.0,1:30.703,,,SAI,,,,,,4.0,,,4.0,4.0,1,True,STREET,ANTI_CLOCKWISE,25.958056,-80.238889,5.412,19,5,ground_effect,2,sprint,,,,,,,,,,,,,8.0,13.666666666666666,13.8,4.0,1.0,11.1,5.0,4.333333333333333,3,False,False,,,,,,,,,,,,,28.55,27.5,29.5,42.25,0.0,0.0,0.0,12.875,13.7,110.00091487408748,54.5,4.0,27.286666666666672,24.4,29.6,52.333333333333336,2.1,3.0,1.0,11.688333333333333,13.7,122.60432541714944,50.45,13.0,27.286666666666672,24.4,29.6,52.333333333333336,2.1,3.0,1.0,11.688333333333333,13.7,122.60432541714944,50.45,13.0,,,,,,,,,,,,,9.542793350726447
2025,6,Miami Grand Prix,2025-05-04,miami,Miami International Autodrome,leclerc,LEC,Charles Leclerc,ferrari,Ferrari,16,,7.0,7,6.0,57,Finished,4.0,1:30.461,,,LEC,,,,,,2.0,,,2.0,2.0,1,True,STREET,ANTI_CLOCKWISE,25.958056,-80.238889,5.412,19,5,ground_effect,2,sprint,,,,,,,,,,,,,3.0,3.6666666666666665,7.4,15.0,8.6,8.5,13.2,4.0,3,False,False,,,,,,,,,,,,,28.55,27.5,29.5,42.25,0.0,0.0,0.0,12.875,13.7,110.00091487408748,54.5,4.0,27.286666666666672,24.4,29.6,52.333333333333336,2.1,3.0,1.0,11.688333333333333,13.7,122.60432541714944,50.45,13.0,27.286666666666672,24.4,29.6,52.333333333333336,2.1,3.0,1.0,11.688333333333333,13.7,122.60432541714944,50.45,13.0,,,,,,,,,,,,,6.521955134117084
2025,6,Miami Grand Prix,2025-05-04,miami,Miami International Autodrome,ocon,OCO,Esteban Ocon,haas,Haas F1 Team,31,,12.0,12,0.0,57,Finished,13.0,1:31.122,,,OCO,,,,,,18.0,,,18.0,18.0,1,True,STREET,ANTI_CLOCKWISE,25.958056,-80.238889,5.412,19,5,ground_effect,2,sprint,,,,,,,,,,,,,14.0,13.333333333333334,11.6,0.0,2.8,11.3,4.0,9.0,3,False,False,,,,,,,,,,,,,28.55,27.5,29.5,42.25,0.0,0.0,0.0,12.875,13.7,110.00091487408748,54.5,4.0,27.286666666666672,24.4,29.6,52.333333333333336,2.1,3.0,1.0,11.688333333333333,13.7,122.60432541714944,50.45,13.0,27.286666666666672,24.4,29.6,52.333333333333336,2.1,3.0,1.0,11.688333333333333,13.7,122.60432541714944,50.45,13.0,,,,,,,,,,,,,14.108246497253628
2025,6,Miami Grand Prix,2025-05-04,miami,Miami International Autodrome,alonso,ALO,Fernando Alonso,aston_martin,Aston Martin,14,,15.0,15,0.0,56,Lapped,15.0,1:31.287,,,ALO,,,,,,10.0,,,10.0,10.0,1,True,STREET,ANTI_CLOCKWISE,25.958056,-80.238889,5.412,19,5,ground_effect,2,sprint,,,,,,,,,,,,,11.0,12.333333333333334,14.2,0.0,0.0,13.9,2.0,7.666666666666667,3,False,False,,,,,,,,,,,,,28.55,27.5,29.5,42.25,0.0,0.0,0.0,12.875,13.7,110.00091487408748,54.5,4.0,27.286666666666672,24.4,29.6,52.333333333333336,2.1,3.0,1.0,11.688333333333333,13.7,122.60432541714944,50.45,13.0,27.286666666666672,24.4,29.6,52.333333333333336,2.1,3.0,1.0,11.688333333333333,13.7,122.60432541714944,50.45,13.0,,,,,,,,,,,,,12.883170915390787
2025,6,Miami Grand Prix,2025-05-04,miami,Miami International Autodrome,bortoleto,BOR,Gabriel Bortoleto,sauber,Sauber,5,,18.0,R,0.0,30,Retired,18.0,1:32.328,,,BOR,,,,,,15.0,,,15.0,15.0,1,True,STREET,ANTI_CLOCKWISE,25.958056,-80.238889,5.412,19,5,ground_effect,2,sprint,,,,,,,,,,,,,18.0,18.33333333333333,17.0,0.0,0.0,15.8,1.2,,0,False,False,,,,,,,,,,,,,28.55,27.5,29.5,42.25,0.0,0.0,0.0,12.875,13.7,110.00091487408748,54.5,4.0,27.286666666666672,24.4,29.6,52.333333333333336,2.1,3.0,1.0,11.688333333333333,13.7,122.60432541714944,50.45,13.0,27.286666666666672,24.4,29.6,52.333333333333336,2.1,3.0,1.0,11.688333333333333,13.7,122.60432541714944,50.45,13.0,,,,,,,,,,,,,14.272673212747158
2025,6,Miami Grand Prix,2025-05-04,miami,Miami International Autodrome,russell,RUS,George Russell,mercedes,Mercedes,63,,3.0,3,15.0,57,Finished,3.0,1:30.318,,,RUS,,,,,,7.0,,,7.0,7.0,1,True,STREET,ANTI_CLOCKWISE,25.958056,-80.238889,5.412,19,5,ground_effect,2,sprint,,,,,,,,,,,,,5.0,4.0,3.6,10.0,13.6,5.1,20.8,5.666666666666667,3,False,False,,,,,,,,,,,,,28.55,27.5,29.5,42.25,0.0,0.0,0.0,12.875,13.7,110.00091487408748,54.5,4.0,27.286666666666672,24.4,29.6,52.333333333333336,2.1,3.0,1.0,11.688333333333333,13.7,122.60432541714944,50.45,13.0,27.286666666666672,24.4,29.6,52.333333333333336,2.1,3.0,1.0,11.688333333333333,13.7,122.60432541714944,50.45,13.0,,,,,,,,,,,,,4.83294074432324
2025,6,Miami Grand Prix,2025-05-04,miami,Miami International Autodrome,hadjar,HAD,Isack Hadjar,rb,RB F1 Team,6,,11.0,11,0.0,57,Finished,11.0,1:30.971,,,HAD,,,,,,6.0,,,6.0,6.0,1,True,STREET,ANTI_CLOCKWISE,25.958056,-80.238889,5.412,19,5,ground_effect,2,sprint,,,,,,,,,,,,,10.0,10.333333333333334,12.4,1.0,1.0,13.5,1.0,,0,False,False,,,,,,,,,,,,,28.55,27.5,29.5,42.25,0.0,0.0,0.0,12.875,13.7,110.00091487408748,54.5,4.0,27.286666666666672,24.4,29.6,52.333333333333336,2.1,3.0,1.0,11.688333333333333,13.7,122.60432541714944,50.45,13.0,27.286666666666672,24.4,29.6,52.333333333333336,2.1,3.0,1.0,11.688333333333333,13.7,122.60432541714944,50.45,13.0,,,,,,,,,,,,,12.163244174917041
2025,6,Miami Grand Prix,2025-05-04,miami,Miami International Autodrome,doohan,DOO,Jack Doohan,alpine,Alpine F1 Team,7,,20.0,R,0.0,0,Retired,,,,,DOO,,,,,,19.0,,,19.0,19.0,1,True,STREET,ANTI_CLOCKWISE,25.958056,-80.238889,5.412,19,5,ground_effect,2,sprint,,,,,,,,,,,,,17.0,15.333333333333334,15.6,0.0,0.0,14.9,1.2,,0,False,False,,,,,,,,,,,,,28.55,27.5,29.5,42.25,0.0,0.0,0.0,12.875,13.7,110.00091487408748,54.5,4.0,27.286666666666672,24.4,29.6,52.333333333333336,2.1,3.0,1.0,11.688333333333333,13.7,122.60432541714944,50.45,13.0,27.286666666666672,24.4,29.6,52.333333333333336,2.1,3.0,1.0,11.688333333333333,13.7,122.60432541714944,50.45,13.0,,,,,,,,,,,,,13.737924974393769
2025,6,Miami Grand Prix,2025-05-04,miami,Miami International Autodrome,stroll,STR,Lance Stroll,aston_martin,Aston Martin,18,,16.0,16,0.0,56,Lapped,16.0,1:31.769,,,STR,,,,,,20.0,,,20.0,20.0,1,True,STREET,ANTI_CLOCKWISE,25.958056,-80.238889,5.412,19,5,ground_effect,2,sprint,,,,,,,,,,,,,16.0,17.666666666666668,13.6,0.0,2.0,13.9,2.0,13.0,3,False,False,,,,,,,,,,,,,28.55,27.5,29.5,42.25,0.0,0.0,0.0,12.875,13.7,110.00091487408748,54.5,4.0,27.286666666666672,24.4,29.6,52.333333333333336,2.1,3.0,1.0,11.688333333333333,13.7,122.60432541714944,50.45,13.0,27.286666666666672,24.4,29.6,52.333333333333336,2.1,3.0,1.0,11.688333333333333,13.7,122.60432541714944,50.45,13.0,,,,,,,,,,,,,14.754881545682256
2025,6,Miami Grand Prix,2025-05-04,miami,Miami International Autodrome,norris,NOR,Lando Norris,mclaren,McLaren,4,,2.0,2,18.0,57,Finished,1.0,1:29.746,,,NOR,,,,,,12.0,,,12.0,12.0,1,True,STREET,ANTI_CLOCKWISE,25.958056,-80.238889,5.412,19,5,ground_effect,2,sprint,,,,,,,,,,,,,4.0,3.0,2.4,12.0,17.6,2.7,36.0,12.333333333333334,3,False,False,,,,,,,,,,,,,28.55,27.5,29.5,42.25,0.0,0.0,0.0,12.875,13.7,110.00091487408748,54.5,4.0,27.286666666666672,24.4,29.6,52.333333333333336,2.1,3.0,1.0,11.688333333333333,13.7,122.60432541714944,50.45,13.0,27.286666666666672,24.4,29.6,52.333333333333336,2.1,3.0,1.0,11.688333333333333,13.7,122.60432541714944,50.45,13.0,,,,,,,,,,,,,5.710261253763013
2025,6,Miami Grand Prix,2025-05-04,miami,Miami International Autodrome,hamilton,HAM,Lewis Hamilton,ferrari,Ferrari,44,,8.0,8,4.0,57,Finished,7.0,1:30.562,,,HAM,,,,,,13.0,,,13.0,13.0,1,True,STREET,ANTI_CLOCKWISE,25.958056,-80.238889,5.412,19,5,ground_effect,2,sprint,,,,,,,,,,,,,7.0,6.333333333333333,9.6,6.0,4.6,8.5,13.2,6.0,3,False,False,,,,,,,,,,,,,28.55,27.5,29.5,42.25,0.0,0.0,0.0,12.875,13.7,110.00091487408748,54.5,4.0,27.286666666666672,24.4,29.6,52.333333333333336,2.1,3.0,1.0,11.688333333333333,13.7,122.60432541714944,50.45,13.0,27.286666666666672,24.4,29.6,52.333333333333336,2.1,3.0,1.0,11.688333333333333,13.7,122.60432541714944,50.45,13.0,,,,,,,,,,,,,8.840495225614323
2025,6,Miami Grand Prix,2025-05-04,miami,Miami International Autodrome,lawson,LAW,Liam Lawson,rb,RB F1 Team,30,,17.0,R,0.0,36,Retired,17.0,1:31.770,,,LAW,,,,,,11.0,,,11.0,11.0,1,True,STREET,ANTI_CLOCKWISE,25.958056,-80.238889,5.412,19,5,ground_effect,2,sprint,,,,,,,,,,,,,12.0,15.0,14.4,0.0,0.0,13.5,1.0,,0,False,False,,,,,,,,,,,,,28.55,27.5,29.5,42.25,0.0,0.0,0.0,12.875,13.7,110.00091487408748,54.5,4.0,27.286666666666672,24.4,29.6,52.333333333333336,2.1,3.0,1.0,11.688333333333333,13.7,122.60432541714944,50.45,13.0,27.286666666666672,24.4,29.6,52.333333333333336,2.1,3.0,1.0,11.688333333333333,13.7,122.60432541714944,50.45,13.0,,,,,,,,,,,,,12.392928844089585
2025,6,Miami Grand Prix,2025-05-04,miami,Miami International Autodrome,max_verstappen,VER,Max Verstappen,red_bull,Red Bull,1,,4.0,4,12.0,57,Finished,5.0,1:30.466,,,VER,,,,,,3.0,,,3.0,3.0,1,True,STREET,ANTI_CLOCKWISE,25.958056,-80.238889,5.412,19,5,ground_effect,2,sprint,,,,,,,,,,,,,2.0,3.0,3.0,18.0,16.2,8.2,16.6,1.3333333333333333,3,False,False,,,,,,,,,,,,,28.55,27.5,29.5,42.25,0.0,0.0,0.0,12.875,13.7,110.00091487408748,54.5,4.0,27.286666666666672,24.4,29.6,52.333333333333336,2.1,3.0,1.0,11.688333333333333,13.7,122.60432541714944,50.45,13.0,27.286666666666672,24.4,29.6,52.333333333333336,2.1,3.0,1.0,11.688333333333333,13.7,122.60432541714944,50.45,13.0,,,,,,,,,,,,,2.6190178560733806
2025,6,Miami Grand Prix,2025-05-04,miami,Miami International Autodrome,hulkenberg,HUL,Nico Hülkenberg,sauber,Sauber,27,,14.0,14,0.0,56,Lapped,12.0,1:31.015,,,HUL,,,,,,14.0,,,14.0,14.0,1,True,STREET,ANTI_CLOCKWISE,25.958056,-80.238889,5.412,19,5,ground_effect,2,sprint,,,,,,,,,,,,,15.0,17.0,14.6,0.0,1.2,15.8,1.2,13.0,2,False,False,,,,,,,,,,,,,28.55,27.5,29.5,42.25,0.0,0.0,0.0,12.875,13.7,110.00091487408748,54.5,4.0,27.286666666666672,24.4,29.6,52.333333333333336,2.1,3.0,1.0,11.688333333333333,13.7,122.60432541714944,50.45,13.0,27.286666666666672,24.4,29.6,52.333333333333336,2.1,3.0,1.0,11.688333333333333,13.7,122.60432541714944,50.45,13.0,,,,,,,,,,,,,14.481327418133079
2025,6,Miami Grand Prix,2025-05-04,miami,Miami International Autodrome,bearman,BEA,Oliver Bearman,haas,Haas F1 Team,87,,19.0,R,0.0,27,Retired,19.0,1:32.680,,,BEA,,,,,,16.0,,,16.0,16.0,1,True,STREET,ANTI_CLOCKWISE,25.958056,-80.238889,5.412,19,5,ground_effect,2,sprint,,,,,,,,,,,,,13.0,11.0,11.0,0.0,1.2,11.3,4.0,,0,False,False,,,,,,,,,,,,,28.55,27.5,29.5,42.25,0.0,0.0,0.0,12.875,13.7,110.00091487408748,54.5,4.0,27.286666666666672,24.4,29.6,52.333333333333336,2.1,3.0,1.0,11.688333333333333,13.7,122.60432541714944,50.45,13.0,27.286666666666672,24.4,29.6,52.333333333333336,2.1,3.0,1.0,11.688333333333333,13.7,122.60432541714944,50.45,13.0,,,,,,,,,,,,,13.748425379256823
2025,6,Miami Grand Prix,2025-05-04,miami,Miami International Autodrome,piastri,PIA,Oscar Piastri,mclaren,McLaren,81,,1.0,1,25.0,57,Finished,2.0,1:29.822,,,PIA,,,,,,1.0,,,1.0,1.0,1,True,STREET,ANTI_CLOCKWISE,25.958056,-80.238889,5.412,19,5,ground_effect,2,sprint,,,,,,,,,,,,,1.0,1.6666666666666667,3.0,25.0,18.4,2.7,36.0,16.0,2,False,False,,,,,,,,,,,,,28.55,27.5,29.5,42.25,0.0,0.0,0.0,12.875,13.7,110.00091487408748,54.5,4.0,27.286666666666672,24.4,29.6,52.333333333333336,2.1,3.0,1.0,11.688333333333333,13.7,122.60432541714944,50.45,13.0,27.286666666666672,24.4,29.6,52.333333333333336,2.1,3.0,1.0,11.688333333333333,13.7,122.60432541714944,50.45,13.0,,,,,,,,,,,,,4.5804892009528055
2025,6,Miami Grand Prix,2025-05-04,miami,Miami International Autodrome,gasly,GAS,Pierre Gasly,alpine,Alpine F1 Team,10,,13.0,13,0.0,57,Finished,14.0,1:31.159,,,GAS,,,,,,17.0,,,17.0,17.0,1,True,STREET,ANTI_CLOCKWISE,25.958056,-80.238889,5.412,19,5,ground_effect,2,sprint,,,,,,,,,,,,,20.0,13.333333333333334,14.2,0.0,1.2,14.9,1.2,12.666666666666666,3,False,False,,,,,,,,,,,,,28.55,27.5,29.5,42.25,0.0,0.0,0.0,12.875,13.7,110.00091487408748,54.5,4.0,27.286666666666672,24.4,29.6,52.333333333333336,2.1,3.0,1.0,11.688333333333333,13.7,122.60432541714944,50.45,13.0,27.286666666666672,24.4,29.6,52.333333333333336,2.1,3.0,1.0,11.688333333333333,13.7,122.60432541714944,50.45,13.0,,,,,,,,,,,,,13.200013436784003
2025,6,Miami Grand Prix,2025-05-04,miami,Miami International Autodrome,tsunoda,TSU,Yuki Tsunoda,red_bull,Red Bull,22,,10.0,10,1.0,57,Finished,10.0,1:30.964,,,TSU,,,,,,8.0,,,8.0,8.0,1,True,STREET,ANTI_CLOCKWISE,25.958056,-80.238889,5.412,19,5,ground_effect,2,sprint,,,,,,,,,,,,,19.0,13.333333333333334,13.6,0.0,0.4,8.2,16.6,10.0,3,False,False,,,,,,,,,,,,,28.55,27.5,29.5,42.25,0.0,0.0,0.0,12.875,13.7,110.00091487408748,54.5,4.0,27.286666666666672,24.4,29.6,52.333333333333336,2.1,3.0,1.0,11.688333333333333,13.7,122.60432541714944,50.45,13.0,27.286666666666672,24.4,29.6,52.333333333333336,2.1,3.0,1.0,11.688333333333333,13.7,122.60432541714944,50.45,13.0,,,,,,,,,,,,,8.600433949004739
2025,7,Emilia Romagna Grand Prix,2025-05-18,imola,Autodromo Enzo e Dino Ferrari,albon,ALB,Alexander Albon,williams,Williams,23,,5.0,5,10.0,63,Finished,3.0,1:18.289,,,ALB,,,,,,8.0,9.0,9.0,8.666666666666666,8.0,3,True,RACE,ANTI_CLOCKWISE,44.341111,11.713333,4.909,19,32,ground_effect,2,normal,,,,,,,,,,,,,5.0,8.666666666666666,8.4,10.0,4.0,10.2,5.4,15.333333333333334,3,False,False,,,,,,,,,,,,,17.025,16.2,17.7,43.25,0.1,1.0,1.0,20.45,21.6,57.00801858208628,12.0,4.0,17.4425,16.2,18.1,40.925,0.1,1.0,1.0,18.375,21.6,57.602161126085775,6.7,9.0,17.603333333333335,15.4,19.7,43.03333333333333,0.1,1.0,1.0,15.066666666666668,21.6,84.31560248052331,6.383333333333333,13.0,,,,,,,,,,,,,10.948983048813476
2025,7,Emilia Romagna Grand Prix,2025-05-18,imola,Autodromo Enzo e Dino Ferrari,antonelli,ANT,Andrea Kimi Antonelli,mercedes,Mercedes,12,,19.0,R,0.0,44,Retired,18.0,1:20.620,,,ANT,,,,,,13.0,18.0,4.0,11.666666666666666,4.0,3,True,RACE,ANTI_CLOCKWISE,44.341111,11.713333,4.909,19,32,ground_effect,2,normal,,,,,,,,,,,,,6.0,7.666666666666667,7.0,8.0,6.4,5.3,20.0,,0,False,False,,,,,,,,,,,,,17.025,16.2,17.7,43.25,0.1,1.0,1.0,20.45,21.6,57.00801858208628,12.0,4.0,17.4425,16.2,18.1,40.925,0.1,1.0,1.0,18.375,21.6,57.602161126085775,6.7,9.0,17.603333333333335,15.4,19.7,43.03333333333333,0.1,1.0,1.0,15.066666666666668,21.6,84.31560248052331,6.383333333333333,13.0,,,,,,,,,,,,,6.853175596326404
2025,7,Emilia Romagna Grand Prix,2025-05-18,imola,Autodromo Enzo e Dino Ferrari,sainz,SAI,Carlos Sainz,williams,Williams,55,,8.0,8,4.0,63,Finished,10.0,1:19.836,,,SAI,,,,,,3.0,10.0,6.0,6.333333333333333,3.0,3,True,RACE,ANTI_CLOCKWISE,44.341111,11.713333,4.909,19,32,ground_effect,2,normal,,,,,,,,,,,,,9.0,12.0,12.0,2.0,1.4,10.2,5.4,9.25,4,False,False,,,,,,,,,,,,,17.025,16.2,17.7,43.25,0.1,1.0,1.0,20.45,21.6,57.00801858208628,12.0,4.0,17.4425,16.2,18.1,40.925,0.1,1.0,1.0,18.375,21.6,57.602161126085775,6.7,9.0,17.603333333333335,15.4,19.7,43.03333333333333,0.1,1.0,1.0,15.066666666666668,21.6,84.31560248052331,6.383333333333333,13.0,,,,,,,,,,,,,10.044571467965696
2025,7,Emilia Romagna Grand Prix,2025-05-18,imola,Autodromo Enzo e Dino Ferrari,leclerc,LEC,Charles Leclerc,ferrari,Ferrari,16,,6.0,6,8.0,63,Finished,6.0,1:19.048,,,LEC,,,,,,12.0,6.0,5.0,7.666666666666667,5.0,3,True,RACE,ANTI_CLOCKWISE,44.341111,11.713333,4.909,19,32,ground_effect,2,normal,,,,,,,,,,,,,7.0,4.666666666666667,7.2,6.0,9.0,8.2,14.2,4.5,4,False,False,,,,,,,,,,,,,17.025,16.2,17.7,43.25,0.1,1.0,1.0,20.45,21.6,57.00801858208628,12.0,4.0,17.4425,16.2,18.1,40.925,0.1,1.0,1.0,18.375,21.6,57.602161126085775,6.7,9.0,17.603333333333335,15.4,19.7,43.03333333333333,0.1,1.0,1.0,15.066666666666668,21.6,84.31560248052331,6.383333333333333,13.0,,,,,,,,,,,,,6.663384832515099
2025,7,Emilia Romagna Grand Prix,2025-05-18,imola,Autodromo Enzo e Dino Ferrari,ocon,OCO,Esteban Ocon,haas,Haas F1 Team,31,,20.0,R,0.0,27,Retired,20.0,1:21.413,,,OCO,,,,,,20.0,20.0,20.0,20.0,20.0,3,True,RACE,ANTI_CLOCKWISE,44.341111,11.713333,4.909,19,32,ground_effect,2,normal,,,,,,,,,,,,,12.0,11.333333333333334,11.4,0.0,2.8,11.7,4.0,14.0,4,False,False,,,,,,,,,,,,,17.025,16.2,17.7,43.25,0.1,1.0,1.0,20.45,21.6,57.00801858208628,12.0,4.0,17.4425,16.2,18.1,40.925,0.1,1.0,1.0,18.375,21.6,57.602161126085775,6.7,9.0,17.603333333333335,15.4,19.7,43.03333333333333,0.1,1.0,1.0,15.066666666666668,21.6,84.31560248052331,6.383333333333333,13.0,,,,,,,,,,,,,14.695571225612087
2025,7,Emilia Romagna Grand Prix,2025-05-18,imola,Autodromo Enzo e Dino Ferrari,alonso,ALO,Fernando Alonso,aston_martin,Aston Martin,14,,11.0,11,0.0,63,Finished,11.0,1:19.894,,,ALO,,,,,,14.0,14.0,11.0,13.0,11.0,3,True,RACE,ANTI_CLOCKWISE,44.341111,11.713333,4.909,19,32,ground_effect,2,normal,,,,,,,,,,,,,15.0,13.666666666666666,13.8,0.0,0.0,14.7,0.4,16.0,3,False,False,,,,,,,,,,,,,17.025,16.2,17.7,43.25,0.1,1.0,1.0,20.45,21.6,57.00801858208628,12.0,4.0,17.4425,16.2,18.1,40.925,0.1,1.0,1.0,18.375,21.6,57.602161126085775,6.7,9.0,17.603333333333335,15.4,19.7,43.03333333333333,0.1,1.0,1.0,15.066666666666668,21.6,84.31560248052331,6.383333333333333,13.0,,,,,,,,,,,,,14.429766466917275
2025,7,Emilia Romagna Grand Prix,2025-05-18,imola,Autodromo Enzo e Dino Ferrari,colapinto,COL,Franco Colapinto,alpine,Alpine F1 Team,43,,16.0,16,0.0,63,Finished,13.0,1:20.345,,,COL,,,,,,17.0,13.0,18.0,16.0,13.0,3,True,RACE,ANTI_CLOCKWISE,44.341111,11.713333,4.909,19,32,ground_effect,2,normal,,,,,,,,,,,,,19.0,17.333333333333332,16.2,0.0,0.0,15.2,1.2,,0,False,False,,,,,,,,,,,,,17.025,16.2,17.7,43.25,0.1,1.0,1.0,20.45,21.6,57.00801858208628,12.0,4.0,17.4425,16.2,18.1,40.925,0.1,1.0,1.0,18.375,21.6,57.602161126085775,6.7,9.0,17.603333333333335,15.4,19.7,43.03333333333333,0.1,1.0,1.0,15.066666666666668,21.6,84.31560248052331,6.383333333333333,13.0,,,,,,,,,,,,,14.64904724935665
2025,7,Emilia Romagna Grand Prix,2025-05-18,imola,Autodromo Enzo e Dino Ferrari,bortoleto,BOR,Gabriel Bortoleto,sauber,Sauber,5,,18.0,18,0.0,63,Finished,19.0,1:20.630,,,BOR,,,,,,9.0,16.0,16.0,13.666666666666666,9.0,3,True,RACE,ANTI_CLOCKWISE,44.341111,11.713333,4.909,19,32,ground_effect,2,normal,,,,,,,,,,,,,18.0,18.0,17.4,0.0,0.0,16.7,0.0,,0,False,False,,,,,,,,,,,,,17.025,16.2,17.7,43.25,0.1,1.0,1.0,20.45,21.6,57.00801858208628,12.0,4.0,17.4425,16.2,18.1,40.925,0.1,1.0,1.0,18.375,21.6,57.602161126085775,6.7,9.0,17.603333333333335,15.4,19.7,43.03333333333333,0.1,1.0,1.0,15.066666666666668,21.6,84.31560248052331,6.383333333333333,13.0,,,,,,,,,,,,,14.346189488821654
2025,7,Emilia Romagna Grand Prix,2025-05-18,imola,Autodromo Enzo e Dino Ferrari,russell,RUS,George Russell,mercedes,Mercedes,63,,7.0,7,6.0,63,Finished,9.0,1:19.733,,,RUS,,,,,,4.0,4.0,8.0,5.333333333333333,4.0,3,True,RACE,ANTI_CLOCKWISE,44.341111,11.713333,4.909,19,32,ground_effect,2,normal,,,,,,,,,,,,,3.0,3.333333333333333,3.6,15.0,13.6,5.3,20.0,11.5,4,False,False,,,,,,,,,,,,,17.025,16.2,17.7,43.25,0.1,1.0,1.0,20.45,21.6,57.00801858208628,12.0,4.0,17.4425,16.2,18.1,40.925,0.1,1.0,1.0,18.375,21.6,57.602161126085775,6.7,9.0,17.603333333333335,15.4,19.7,43.03333333333333,0.1,1.0,1.0,15.066666666666668,21.6,84.31560248052331,6.383333333333333,13.0,,,,,,,,,,,,,4.201932228721005
2025,7,Emilia Romagna Grand Prix,2025-05-18,imola,Autodromo Enzo e Dino Ferrari,hadjar,HAD,Isack Hadjar,rb,RB F1 Team,6,,9.0,9,2.0,63,Finished,7.0,1:19.473,,,HAD,,,,,,19.0,7.0,7.0,11.0,7.0,3,True,RACE,ANTI_CLOCKWISE,44.341111,11.713333,4.909,19,32,ground_effect,2,normal,,,,,,,,,,,,,11.0,11.333333333333334,10.6,0.0,1.0,13.1,1.0,,0,False,False,,,,,,,,,,,,,17.025,16.2,17.7,43.25,0.1,1.0,1.0,20.45,21.6,57.00801858208628,12.0,4.0,17.4425,16.2,18.1,40.925,0.1,1.0,1.0,18.375,21.6,57.602161126085775,6.7,9.0,17.603333333333335,15.4,19.7,43.03333333333333,0.1,1.0,1.0,15.066666666666668,21.6,84.31560248052331,6.383333333333333,13.0,,,,,,,,,,,,,11.188459060952594
2025,7,Emilia Romagna Grand Prix,2025-05-18,imola,Autodromo Enzo e Dino Ferrari,stroll,STR,Lance Stroll,aston_martin,Aston Martin,18,,15.0,15,0.0,63,Finished,17.0,1:20.501,,,STR,,,,,,11.0,17.0,13.0,13.666666666666666,11.0,3,True,RACE,ANTI_CLOCKWISE,44.341111,11.713333,4.909,19,32,ground_effect,2,normal,,,,,,,,,,,,,16.0,16.333333333333332,15.6,0.0,0.4,14.7,0.4,10.0,4,False,False,,,,,,,,,,,,,17.025,16.2,17.7,43.25,0.1,1.0,1.0,20.45,21.6,57.00801858208628,12.0,4.0,17.4425,16.2,18.1,40.925,0.1,1.0,1.0,18.375,21.6,57.602161126085775,6.7,9.0,17.603333333333335,15.4,19.7,43.03333333333333,0.1,1.0,1.0,15.066666666666668,21.6,84.31560248052331,6.383333333333333,13.0,,,,,,,,,,,,,14.748646183327775
2025,7,Emilia Romagna Grand Prix,2025-05-18,imola,Autodromo Enzo e Dino Ferrari,norris,NOR,Lando Norris,mclaren,McLaren,4,,2.0,2,18.0,63,Finished,4.0,1:18.311,,,NOR,,,,,,2.0,2.0,1.0,1.6666666666666667,1.0,3,True,RACE,ANTI_CLOCKWISE,44.341111,11.713333,4.909,19,32,ground_effect,2,normal,,,,,,,,,,,,,2.0,3.0,2.6,18.0,16.2,2.0,39.2,4.0,4,False,False,,,,,,,,,,,,,17.025,16.2,17.7,43.25,0.1,1.0,1.0,20.45,21.6,57.00801858208628,12.0,4.0,17.4425,16.2,18.1,40.925,0.1,1.0,1.0,18.375,21.6,57.602161126085775,6.7,9.0,17.603333333333335,15.4,19.7,43.03333333333333,0.1,1.0,1.0,15.066666666666668,21.6,84.31560248052331,6.383333333333333,13.0,,,,,,,,,,,,,2.6593471006372833
2025,7,Emilia Romagna Grand Prix,2025-05-18,imola,Autodromo Enzo e Dino Ferrari,hamilton,HAM,Lewis Hamilton,ferrari,Ferrari,44,,4.0,4,12.0,63,Finished,2.0,1:18.265,,,HAM,,,,,,5.0,11.0,10.0,8.666666666666666,5.0,3,True,RACE,ANTI_CLOCKWISE,44.341111,11.713333,4.909,19,32,ground_effect,2,normal,,,,,,,,,,,,,8.0,6.666666666666667,9.2,4.0,5.2,8.2,14.2,5.5,4,False,False,,,,,,,,,,,,,17.025,16.2,17.7,43.25,0.1,1.0,1.0,20.45,21.6,57.00801858208628,12.0,4.0,17.4425,16.2,18.1,40.925,0.1,1.0,1.0,18.375,21.6,57.602161126085775,6.7,9.0,17.603333333333335,15.4,19.7,43.03333333333333,0.1,1.0,1.0,15.066666666666668,21.6,84.31560248052331,6.383333333333333,13.0,,,,,,,,,,,,,8.198961182505041
2025,7,Emilia Romagna Grand Prix,2025-05-18,imola,Autodromo Enzo e Dino Ferrari,lawson,LAW,Liam Lawson,rb,RB F1 Team,30,,14.0,14,0.0,63,Finished,16.0,1:20.473,,,LAW,,,,,,15.0,15.0,14.0,14.666666666666666,14.0,3,True,RACE,ANTI_CLOCKWISE,44.341111,11.713333,4.909,19,32,ground_effect,2,normal,,,,,,,,,,,,,17.0,15.0,14.8,0.0,0.0,13.1,1.0,,0,False,False,,,,,,,,,,,,,17.025,16.2,17.7,43.25,0.1,1.0,1.0,20.45,21.6,57.00801858208628,12.0,4.0,17.4425,16.2,18.1,40.925,0.1,1.0,1.0,18.375,21.6,57.602161126085775,6.7,9.0,17.603333333333335,15.4,19.7,43.03333333333333,0.1,1.0,1.0,15.066666666666668,21.6,84.31560248052331,6.383333333333333,13.0,,,,,,,,,,,,,14.354722262482868
2025,7,Emilia Romagna Grand Prix,2025-05-18,imola,Autodromo Enzo e Dino Ferrari,max_verstappen,VER,Max Verstappen,red_bull,Red Bull,1,,1.0,1,25.0,63,Finished,1.0,1:17.988,,,VER,,,,,,7.0,5.0,3.0,5.0,3.0,3,True,RACE,ANTI_CLOCKWISE,44.341111,11.713333,4.909,19,32,ground_effect,2,normal,,,,,,,,,,,,,4.0,4.0,3.4,12.0,15.0,7.9,15.6,5.0,4,False,False,,,,,,,,,,,,,17.025,16.2,17.7,43.25,0.1,1.0,1.0,20.45,21.6,57.00801858208628,12.0,4.0,17.4425,16.2,18.1,40.925,0.1,1.0,1.0,18.375,21.6,57.602161126085775,6.7,9.0,17.603333333333335,15.4,19.7,43.03333333333333,0.1,1.0,1.0,15.066666666666668,21.6,84.31560248052331,6.383333333333333,13.0,,,,,,,,,,,,,2.13178433180857
2025,7,Emilia Romagna Grand Prix,2025-05-18,imola,Autodromo Enzo e Dino Ferrari,hulkenberg,HUL,Nico Hülkenberg,sauber,Sauber,27,,12.0,12,0.0,63,Finished,15.0,1:20.401,,,HUL,,,,,,10.0,19.0,19.0,16.0,10.0,3,True,RACE,ANTI_CLOCKWISE,44.341111,11.713333,4.909,19,32,ground_effect,2,normal,,,,,,,,,,,,,14.0,16.333333333333332,16.0,0.0,0.0,16.7,0.0,11.0,1,False,False,,,,,,,,,,,,,17.025,16.2,17.7,43.25,0.1,1.0,1.0,20.45,21.6,57.00801858208628,12.0,4.0,17.4425,16.2,18.1,40.925,0.1,1.0,1.0,18.375,21.6,57.602161126085775,6.7,9.0,17.603333333333335,15.4,19.7,43.03333333333333,0.1,1.0,1.0,15.066666666666668,21.6,84.31560248052331,6.383333333333333,13.0,,,,,,,,,,,,,15.465230619504245
2025,7,Emilia Romagna Grand Prix,2025-05-18,imola,Autodromo Enzo e Dino Ferrari,bearman,BEA,Oliver Bearman,haas,Haas F1 Team,87,,17.0,17,0.0,63,Finished,8.0,1:19.521,,,BEA,,,,,,18.0,12.0,12.0,14.0,12.0,3,True,RACE,ANTI_CLOCKWISE,44.341111,11.713333,4.909,19,32,ground_effect,2,normal,,,,,,,,,,,,,19.0,14.0,12.0,0.0,1.2,11.7,4.0,,0,False,False,,,,,,,,,,,,,17.025,16.2,17.7,43.25,0.1,1.0,1.0,20.45,21.6,57.00801858208628,12.0,4.0,17.4425,16.2,18.1,40.925,0.1,1.0,1.0,18.375,21.6,57.602161126085775,6.7,9.0,17.603333333333335,15.4,19.7,43.03333333333333,0.1,1.0,1.0,15.066666666666668,21.6,84.31560248052331,6.383333333333333,13.0,,,,,,,,,,,,,14.44728026224287
2025,7,Emilia Romagna Grand Prix,2025-05-18,imola,Autodromo Enzo e Dino Ferrari,piastri,PIA,Oscar Piastri,mclaren,McLaren,81,,3.0,3,15.0,63,Finished,5.0,1:18.894,,,PIA,,,,,,1.0,1.0,2.0,1.3333333333333333,1.0,3,True,RACE,ANTI_CLOCKWISE,44.341111,11.713333,4.909,19,32,ground_effect,2,normal,,,,,,,,,,,,,1.0,1.0,1.4,25.0,23.0,2.0,39.2,4.0,1,False,False,,,,,,,,,,,,,17.025,16.2,17.7,43.25,0.1,1.0,1.0,20.45,21.6,57.00801858208628,12.0,4.0,17.4425,16.2,18.1,40.925,0.1,1.0,1.0,18.375,21.6,57.602161126085775,6.7,9.0,17.603333333333335,15.4,19.7,43.03333333333333,0.1,1.0,1.0,15.066666666666668,21.6,84.31560248052331,6.383333333333333,13.0,,,,,,,,,,,,,2.9261338420297003
2025,7,Emilia Romagna Grand Prix,2025-05-18,imola,Autodromo Enzo e Dino Ferrari,gasly,GAS,Pierre Gasly,alpine,Alpine F1 Team,10,,13.0,13,0.0,63,Finished,14.0,1:20.398,,,GAS,,,,,,6.0,3.0,15.0,8.0,3.0,3,True,RACE,ANTI_CLOCKWISE,44.341111,11.713333,4.909,19,32,ground_effect,2,normal,,,,,,,,,,,,,13.0,13.333333333333334,14.6,0.0,1.2,15.2,1.2,13.75,4,False,False,,,,,,,,,,,,,17.025,16.2,17.7,43.25,0.1,1.0,1.0,20.45,21.6,57.00801858208628,12.0,4.0,17.4425,16.2,18.1,40.925,0.1,1.0,1.0,18.375,21.6,57.602161126085775,6.7,9.0,17.603333333333335,15.4,19.7,43.03333333333333,0.1,1.0,1.0,15.066666666666668,21.6,84.31560248052331,6.383333333333333,13.0,,,,,,,,,,,,,12.613911780870117
2025,7,Emilia Romagna Grand Prix,2025-05-18,imola,Autodromo Enzo e Dino Ferrari,tsunoda,TSU,Yuki Tsunoda,red_bull,Red Bull,22,,10.0,10,1.0,63,Finished,12.0,1:20.039,,,TSU,,,,,,16.0,8.0,17.0,13.666666666666666,8.0,3,True,RACE,ANTI_CLOCKWISE,44.341111,11.713333,4.909,19,32,ground_effect,2,normal,,,,,,,,,,,,,10.0,12.666666666666666,13.2,1.0,0.6,7.9,15.6,9.666666666666666,3,False,False,,,,,,,,,,,,,17.025,16.2,17.7,43.25,0.1,1.0,1.0,20.45,21.6,57.00801858208628,12.0,4.0,17.4425,16.2,18.1,40.925,0.1,1.0,1.0,18.375,21.6,57.602161126085775,6.7,9.0,17.603333333333335,15.4,19.7,43.03333333333333,0.1,1.0,1.0,15.066666666666668,21.6,84.31560248052331,6.383333333333333,13.0,,,,,,,,,,,,,10.702828133623779
2025,8,Monaco Grand Prix,2025-05-25,monaco,Circuit de Monaco,albon,ALB,Alexander Albon,williams,Williams,23,,9.0,9,2.0,76,Lapped,9.0,1:14.597,,,ALB,,,,,,4.0,8.0,6.0,6.0,4.0,3,True,STREET,CLOCKWISE,43.734722,7.420556,3.337,19,72,ground_effect,2,normal,,,,,,,,,,,,,5.0,6.333333333333333,8.0,10.0,4.8,9.8,6.8,12.25,4,False,False,,,,,,,,,,,,,21.225,20.6,21.7,39.25,0.0,0.0,0.0,7.4,11.1,163.6821937732879,29.0,4.0,21.082500000000003,20.6,21.7,41.025,0.0,0.0,0.0,9.28,12.4,169.53666334559537,23.6,9.0,20.53,19.0,21.7,46.68333333333334,0.0,0.0,0.0,9.878333333333334,14.3,155.11284165230236,29.15,13.0,,,,,,,,,,,,,7.89296854166009
2025,8,Monaco Grand Prix,2025-05-25,monaco,Circuit de Monaco,antonelli,ANT,Andrea Kimi Antonelli,mercedes,Mercedes,12,,18.0,18,0.0,75,Lapped,3.0,1:13.518,,,ANT,,,,,,11.0,9.0,10.0,10.0,9.0,3,True,STREET,CLOCKWISE,43.734722,7.420556,3.337,19,72,ground_effect,2,normal,,,,,,,,,,,,,19.0,10.333333333333334,9.6,0.0,4.8,7.0,16.6,,0,False,False,,,,,,,,,,,,,21.225,20.6,21.7,39.25,0.0,0.0,0.0,7.4,11.1,163.6821937732879,29.0,4.0,21.082500000000003,20.6,21.7,41.025,0.0,0.0,0.0,9.28,12.4,169.53666334559537,23.6,9.0,20.53,19.0,21.7,46.68333333333334,0.0,0.0,0.0,9.878333333333334,14.3,155.11284165230236,29.15,13.0,,,,,,,,,,,,,8.39358618973146
2025,8,Monaco Grand Prix,2025-05-25,monaco,Circuit de Monaco,sainz,SAI,Carlos Sainz,williams,Williams,55,,10.0,10,1.0,76,Lapped,5.0,1:13.988,,,SAI,,,,,,7.0,13.0,8.0,9.333333333333334,7.0,3,True,STREET,CLOCKWISE,43.734722,7.420556,3.337,19,72,ground_effect,2,normal,,,,,,,,,,,,,8.0,8.333333333333334,11.6,4.0,2.0,9.8,6.8,6.111111111111111,9,False,False,,,,,,,,,,,,,21.225,20.6,21.7,39.25,0.0,0.0,0.0,7.4,11.1,163.6821937732879,29.0,4.0,21.082500000000003,20.6,21.7,41.025,0.0,0.0,0.0,9.28,12.4,169.53666334559537,23.6,9.0,20.53,19.0,21.7,46.68333333333334,0.0,0.0,0.0,9.878333333333334,14.3,155.11284165230236,29.15,13.0,,,,,,,,,,,,,10.739684165140323
2025,8,Monaco Grand Prix,2025-05-25,monaco,Circuit de Monaco,leclerc,LEC,Charles Leclerc,ferrari,Ferrari,16,,2.0,2,18.0,78,Finished,6.0,1:14.055,,,LEC,,,,,,1.0,1.0,1.0,1.0,1.0,3,True,STREET,CLOCKWISE,43.734722,7.420556,3.337,19,72,ground_effect,2,normal,,,,,,,,,,,,,6.0,5.333333333333333,4.8,8.0,10.6,5.5,18.2,11.5,6,False,False,,,,,,,,,,,,,21.225,20.6,21.7,39.25,0.0,0.0,0.0,7.4,11.1,163.6821937732879,29.0,4.0,21.082500000000003,20.6,21.7,41.025,0.0,0.0,0.0,9.28,12.4,169.53666334559537,23.6,9.0,20.53,19.0,21.7,46.68333333333334,0.0,0.0,0.0,9.878333333333334,14.3,155.11284165230236,29.15,13.0,,,,,,,,,,,,,4.843638048105205
2025,8,Monaco Grand Prix,2025-05-25,monaco,Circuit de Monaco,ocon,OCO,Esteban Ocon,haas,Haas F1 Team,31,,7.0,7,6.0,77,Lapped,14.0,1:15.157,,,OCO,,,,,,16.0,19.0,18.0,17.666666666666668,16.0,3,True,STREET,CLOCKWISE,43.734722,7.420556,3.337,19,72,ground_effect,2,normal,,,,,,,,,,,,,20.0,15.333333333333334,14.4,0.0,0.8,14.1,1.2,9.833333333333334,6,False,False,,,,,,,,,,,,,21.225,20.6,21.7,39.25,0.0,0.0,0.0,7.4,11.1,163.6821937732879,29.0,4.0,21.082500000000003,20.6,21.7,41.025,0.0,0.0,0.0,9.28,12.4,169.53666334559537,23.6,9.0,20.53,19.0,21.7,46.68333333333334,0.0,0.0,0.0,9.878333333333334,14.3,155.11284165230236,29.15,13.0,,,,,,,,,,,,,15.548677182556165
2025,8,Monaco Grand Prix,2025-05-25,monaco,Circuit de Monaco,alonso,ALO,Fernando Alonso,aston_martin,Aston Martin,14,,19.0,R,0.0,36,Retired,18.0,1:15.593,,,ALO,,,,,,10.0,7.0,12.0,9.666666666666666,7.0,3,True,STREET,CLOCKWISE,43.734722,7.420556,3.337,19,72,ground_effect,2,normal,,,,,,,,,,,,,11.0,12.333333333333334,12.6,0.0,0.0,14.7,0.0,10.125,8,False,False,,,,,,,,,,,,,21.225,20.6,21.7,39.25,0.0,0.0,0.0,7.4,11.1,163.6821937732879,29.0,4.0,21.082500000000003,20.6,21.7,41.025,0.0,0.0,0.0,9.28,12.4,169.53666334559537,23.6,9.0,20.53,19.0,21.7,46.68333333333334,0.0,0.0,0.0,9.878333333333334,14.3,155.11284165230236,29.15,13.0,,,,,,,,,,,,,12.776076589191302
2025,8,Monaco Grand Prix,2025-05-25,monaco,Circuit de Monaco,colapinto,COL,Franco Colapinto,alpine,Alpine F1 Team,43,,13.0,13,0.0,76,Lapped,16.0,1:15.298,,,COL,,,,,,19.0,20.0,20.0,19.666666666666668,19.0,3,True,STREET,CLOCKWISE,43.734722,7.420556,3.337,19,72,ground_effect,2,normal,,,,,,,,,,,,,16.0,18.0,17.0,0.0,0.0,14.8,1.2,,0,False,False,,,,,,,,,,,,,21.225,20.6,21.7,39.25,0.0,0.0,0.0,7.4,11.1,163.6821937732879,29.0,4.0,21.082500000000003,20.6,21.7,41.025,0.0,0.0,0.0,9.28,12.4,169.53666334559537,23.6,9.0,20.53,19.0,21.7,46.68333333333334,0.0,0.0,0.0,9.878333333333334,14.3,155.11284165230236,29.15,13.0,,,,,,,,,,,,,15.889182508675967
2025,8,Monaco Grand Prix,2025-05-25,monaco,Circuit de Monaco,bortoleto,BOR,Gabriel Bortoleto,sauber,Sauber,5,,14.0,14,0.0,76,Lapped,12.0,1:14.884,,,BOR,,,,,,18.0,14.0,19.0,17.0,14.0,3,True,STREET,CLOCKWISE,43.734722,7.420556,3.337,19,72,ground_effect,2,normal,,,,,,,,,,,,,18.0,18.0,18.2,0.0,0.0,16.8,0.0,,0,False,False,,,,,,,,,,,,,21.225,20.6,21.7,39.25,0.0,0.0,0.0,7.4,11.1,163.6821937732879,29.0,4.0,21.082500000000003,20.6,21.7,41.025,0.0,0.0,0.0,9.28,12.4,169.53666334559537,23.6,9.0,20.53,19.0,21.7,46.68333333333334,0.0,0.0,0.0,9.878333333333334,14.3,155.11284165230236,29.15,13.0,,,,,,,,,,,,,14.94934635921063
2025,8,Monaco Grand Prix,2025-05-25,monaco,Circuit de Monaco,russell,RUS,George Russell,mercedes,Mercedes,63,,11.0,11,0.0,76,Lapped,2.0,1:13.405,,,RUS,,,,,,6.0,12.0,11.0,9.666666666666666,6.0,3,True,STREET,CLOCKWISE,43.734722,7.420556,3.337,19,72,ground_effect,2,normal,,,,,,,,,,,,,7.0,5.0,4.4,6.0,11.8,7.0,16.6,8.8,5,False,False,,,,,,,,,,,,,21.225,20.6,21.7,39.25,0.0,0.0,0.0,7.4,11.1,163.6821937732879,29.0,4.0,21.082500000000003,20.6,21.7,41.025,0.0,0.0,0.0,9.28,12.4,169.53666334559537,23.6,9.0,20.53,19.0,21.7,46.68333333333334,0.0,0.0,0.0,9.878333333333334,14.3,155.11284165230236,29.15,13.0,,,,,,,,,,,,,7.3256934242177625
2025,8,Monaco Grand Prix,2025-05-25,monaco,Circuit de Monaco,hadjar,HAD,Isack Hadjar,rb,RB F1 Team,6,,6.0,6,8.0,77,Lapped,19.0,1:15.981,,,HAD,,,,,,13.0,6.0,17.0,12.0,6.0,3,True,STREET,CLOCKWISE,43.734722,7.420556,3.337,19,72,ground_effect,2,normal,,,,,,,,,,,,,9.0,10.0,10.2,2.0,1.4,12.7,1.4,,0,False,False,,,,,,,,,,,,,21.225,20.6,21.7,39.25,0.0,0.0,0.0,7.4,11.1,163.6821937732879,29.0,4.0,21.082500000000003,20.6,21.7,41.025,0.0,0.0,0.0,9.28,12.4,169.53666334559537,23.6,9.0,20.53,19.0,21.7,46.68333333333334,0.0,0.0,0.0,9.878333333333334,14.3,155.11284165230236,29.15,13.0,,,,,,,,,,,,,12.316816887582512
2025,8,Monaco Grand Prix,2025-05-25,monaco,Circuit de Monaco,stroll,STR,Lance Stroll,aston_martin,Aston Martin,18,,15.0,15,0.0,76,Lapped,11.0,1:14.877,,,STR,,,,,,20.0,18.0,15.0,17.666666666666668,15.0,3,True,STREET,CLOCKWISE,43.734722,7.420556,3.337,19,72,ground_effect,2,normal,,,,,,,,,,,,,15.0,15.666666666666666,16.8,0.0,0.0,14.7,0.0,14.857142857142858,7,False,False,,,,,,,,,,,,,21.225,20.6,21.7,39.25,0.0,0.0,0.0,7.4,11.1,163.6821937732879,29.0,4.0,21.082500000000003,20.6,21.7,41.025,0.0,0.0,0.0,9.28,12.4,169.53666334559537,23.6,9.0,20.53,19.0,21.7,46.68333333333334,0.0,0.0,0.0,9.878333333333334,14.3,155.11284165230236,29.15,13.0,,,,,,,,,,,,,15.11019103281123
2025,8,Monaco Grand Prix,2025-05-25,monaco,Circuit de Monaco,norris,NOR,Lando Norris,mclaren,McLaren,4,,1.0,1,25.0,78,Finished,1.0,1:13.221,,,NOR,,,,,,3.0,4.0,3.0,3.333333333333333,3.0,3,True,STREET,CLOCKWISE,43.734722,7.420556,3.337,19,72,ground_effect,2,normal,,,,,,,,,,,,,2.0,2.6666666666666665,2.6,18.0,16.2,2.2,37.2,6.6,5,False,False,,,,,,,,,,,,,21.225,20.6,21.7,39.25,0.0,0.0,0.0,7.4,11.1,163.6821937732879,29.0,4.0,21.082500000000003,20.6,21.7,41.025,0.0,0.0,0.0,9.28,12.4,169.53666334559537,23.6,9.0,20.53,19.0,21.7,46.68333333333334,0.0,0.0,0.0,9.878333333333334,14.3,155.11284165230236,29.15,13.0,,,,,,,,,,,,,2.7851757305538
2025,8,Monaco Grand Prix,2025-05-25,monaco,Circuit de Monaco,hamilton,HAM,Lewis Hamilton,ferrari,Ferrari,44,,5.0,5,10.0,78,Finished,7.0,1:14.090,,,HAM,,,,,,9.0,3.0,5.0,5.666666666666667,3.0,3,True,STREET,CLOCKWISE,43.734722,7.420556,3.337,19,72,ground_effect,2,normal,,,,,,,,,,,,,4.0,6.333333333333333,6.2,12.0,7.6,5.5,18.2,4.3,10,False,False,,,,,,,,,,,,,21.225,20.6,21.7,39.25,0.0,0.0,0.0,7.4,11.1,163.6821937732879,29.0,4.0,21.082500000000003,20.6,21.7,41.025,0.0,0.0,0.0,9.28,12.4,169.53666334559537,23.6,9.0,20.53,19.0,21.7,46.68333333333334,0.0,0.0,0.0,9.878333333333334,14.3,155.11284165230236,29.15,13.0,,,,,,,,,,,,,5.606131523435655
2025,8,Monaco Grand Prix,2025-05-25,monaco,Circuit de Monaco,lawson,LAW,Liam Lawson,rb,RB F1 Team,30,,8.0,8,4.0,77,Lapped,17.0,1:15.321,,,LAW,,,,,,17.0,5.0,7.0,9.666666666666666,5.0,3,True,STREET,CLOCKWISE,43.734722,7.420556,3.337,19,72,ground_effect,2,normal,,,,,,,,,,,,,14.0,14.333333333333334,15.2,0.0,0.0,12.7,1.4,,0,False,False,,,,,,,,,,,,,21.225,20.6,21.7,39.25,0.0,0.0,0.0,7.4,11.1,163.6821937732879,29.0,4.0,21.082500000000003,20.6,21.7,41.025,0.0,0.0,0.0,9.28,12.4,169.53666334559537,23.6,9.0,20.53,19.0,21.7,46.68333333333334,0.0,0.0,0.0,9.878333333333334,14.3,155.11284165230236,29.15,13.0,,,,,,,,,,,,,12.400461835289237
2025,8,Monaco Grand Prix,2025-05-25,monaco,Circuit de Monaco,max_verstappen,VER,Max Verstappen,red_bull,Red Bull,1,,4.0,4,12.0,78,Finished,8.0,1:14.230,,,VER,,,,,,2.0,10.0,2.0,4.666666666666667,2.0,3,True,STREET,CLOCKWISE,43.734722,7.420556,3.337,19,72,ground_effect,2,normal,,,,,,,,,,,,,1.0,2.333333333333333,2.8,25.0,17.6,7.4,18.4,7.222222222222222,9,False,False,,,,,,,,,,,,,21.225,20.6,21.7,39.25,0.0,0.0,0.0,7.4,11.1,163.6821937732879,29.0,4.0,21.082500000000003,20.6,21.7,41.025,0.0,0.0,0.0,9.28,12.4,169.53666334559537,23.6,9.0,20.53,19.0,21.7,46.68333333333334,0.0,0.0,0.0,9.878333333333334,14.3,155.11284165230236,29.15,13.0,,,,,,,,,,,,,3.2533848083256856
2025,8,Monaco Grand Prix,2025-05-25,monaco,Circuit de Monaco,hulkenberg,HUL,Nico Hülkenberg,sauber,Sauber,27,,16.0,16,0.0,76,Lapped,15.0,1:15.223,,,HUL,,,,,,12.0,16.0,13.0,13.666666666666666,12.0,3,True,STREET,CLOCKWISE,43.734722,7.420556,3.337,19,72,ground_effect,2,normal,,,,,,,,,,,,,12.0,13.666666666666666,15.4,0.0,0.0,16.8,0.0,12.375,8,False,False,,,,,,,,,,,,,21.225,20.6,21.7,39.25,0.0,0.0,0.0,7.4,11.1,163.6821937732879,29.0,4.0,21.082500000000003,20.6,21.7,41.025,0.0,0.0,0.0,9.28,12.4,169.53666334559537,23.6,9.0,20.53,19.0,21.7,46.68333333333334,0.0,0.0,0.0,9.878333333333334,14.3,155.11284165230236,29.15,13.0,,,,,,,,,,,,,14.722407560955597
2025,8,Monaco Grand Prix,2025-05-25,monaco,Circuit de Monaco,bearman,BEA,Oliver Bearman,haas,Haas F1 Team,87,,12.0,12,0.0,76,Lapped,10.0,1:14.855,,,BEA,,,,,,15.0,15.0,16.0,15.333333333333334,15.0,3,True,STREET,CLOCKWISE,43.734722,7.420556,3.337,19,72,ground_effect,2,normal,,,,,,,,,,,,,17.0,16.333333333333332,13.8,0.0,0.4,14.1,1.2,,0,False,False,,,,,,,,,,,,,21.225,20.6,21.7,39.25,0.0,0.0,0.0,7.4,11.1,163.6821937732879,29.0,4.0,21.082500000000003,20.6,21.7,41.025,0.0,0.0,0.0,9.28,12.4,169.53666334559537,23.6,9.0,20.53,19.0,21.7,46.68333333333334,0.0,0.0,0.0,9.878333333333334,14.3,155.11284165230236,29.15,13.0,,,,,,,,,,,,,14.618691719740893
2025,8,Monaco Grand Prix,2025-05-25,monaco,Circuit de Monaco,piastri,PIA,Oscar Piastri,mclaren,McLaren,81,,3.0,3,15.0,78,Finished,4.0,1:13.745,,,PIA,,,,,,5.0,2.0,4.0,3.6666666666666665,2.0,3,True,STREET,CLOCKWISE,43.734722,7.420556,3.337,19,72,ground_effect,2,normal,,,,,,,,,,,,,3.0,1.6666666666666667,1.8,15.0,21.0,2.2,37.2,6.0,2,False,False,,,,,,,,,,,,,21.225,20.6,21.7,39.25,0.0,0.0,0.0,7.4,11.1,163.6821937732879,29.0,4.0,21.082500000000003,20.6,21.7,41.025,0.0,0.0,0.0,9.28,12.4,169.53666334559537,23.6,9.0,20.53,19.0,21.7,46.68333333333334,0.0,0.0,0.0,9.878333333333334,14.3,155.11284165230236,29.15,13.0,,,,,,,,,,,,,3.8093325183080236
2025,8,Monaco Grand Prix,2025-05-25,monaco,Circuit de Monaco,gasly,GAS,Pierre Gasly,alpine,Alpine F1 Team,10,,20.0,R,0.0,7,Retired,20.0,1:18.054,,,GAS,,,,,,8.0,17.0,14.0,13.0,8.0,3,True,STREET,CLOCKWISE,43.734722,7.420556,3.337,19,72,ground_effect,2,normal,,,,,,,,,,,,,13.0,15.333333333333334,13.2,0.0,1.2,14.8,1.2,7.666666666666667,6,False,False,,,,,,,,,,,,,21.225,20.6,21.7,39.25,0.0,0.0,0.0,7.4,11.1,163.6821937732879,29.0,4.0,21.082500000000003,20.6,21.7,41.025,0.0,0.0,0.0,9.28,12.4,169.53666334559537,23.6,9.0,20.53,19.0,21.7,46.68333333333334,0.0,0.0,0.0,9.878333333333334,14.3,155.11284165230236,29.15,13.0,,,,,,,,,,,,,12.483725457789891
2025,8,Monaco Grand Prix,2025-05-25,monaco,Circuit de Monaco,tsunoda,TSU,Yuki Tsunoda,red_bull,Red Bull,22,,17.0,17,0.0,76,Lapped,13.0,1:14.913,,,TSU,,,,,,14.0,11.0,9.0,11.333333333333334,9.0,3,True,STREET,CLOCKWISE,43.734722,7.420556,3.337,19,72,ground_effect,2,normal,,,,,,,,,,,,,10.0,13.0,12.0,1.0,0.8,7.4,18.4,14.0,4,False,False,,,,,,,,,,,,,21.225,20.6,21.7,39.25,0.0,0.0,0.0,7.4,11.1,163.6821937732879,29.0,4.0,21.082500000000003,20.6,21.7,41.025,0.0,0.0,0.0,9.28,12.4,169.53666334559537,23.6,9.0,20.53,19.0,21.7,46.68333333333334,0.0,0.0,0.0,9.878333333333334,14.3,155.11284165230236,29.15,13.0,,,,,,,,,,,,,9.392788671877089
2025,9,Spanish Grand Prix,2025-06-01,catalunya,Circuit de Barcelona-Catalunya,albon,ALB,Alexander Albon,williams,Williams,23,,19.0,R,0.0,27,Retired,19.0,1:20.508,,,ALB,,,,,,,15.0,19.0,17.0,15.0,2,True,RACE,CLOCKWISE,41.57,2.261111,4.657,14,36,ground_effect,2,normal,,,,,,,,,,,,,9.0,6.333333333333333,8.0,2.0,4.8,9.4,7.0,14.2,5,False,False,,,,,,,,,,,,,27.65,26.4,28.8,42.5,0.0,0.0,0.0,8.325,8.7,129.8118802282317,3.5,4.0,28.515,26.4,29.7,39.35,0.0,0.0,0.0,8.7525,10.2,140.20624016218727,1.75,9.0,27.243333333333336,22.2,29.7,44.81666666666666,0.0,0.0,0.0,7.418333333333333,10.2,140.80759944243422,1.1666666666666667,13.0,,,,,,,,,,,,,11.884405570916455
2025,9,Spanish Grand Prix,2025-06-01,catalunya,Circuit de Barcelona-Catalunya,antonelli,ANT,Andrea Kimi Antonelli,mercedes,Mercedes,12,,18.0,R,0.0,53,Retired,12.0,1:18.255,,,ANT,,,,,,18.0,6.0,7.0,10.333333333333334,6.0,3,True,RACE,CLOCKWISE,41.57,2.261111,4.657,14,36,ground_effect,2,normal,,,,,,,,,,,,,18.0,14.333333333333334,12.0,0.0,3.2,8.8,13.0,,0,False,False,,,,,,,,,,,,,27.65,26.4,28.8,42.5,0.0,0.0,0.0,8.325,8.7,129.8118802282317,3.5,4.0,28.515,26.4,29.7,39.35,0.0,0.0,0.0,8.7525,10.2,140.20624016218727,1.75,9.0,27.243333333333336,22.2,29.7,44.81666666666666,0.0,0.0,0.0,7.418333333333333,10.2,140.80759944243422,1.1666666666666667,13.0,,,,,,,,,,,,,8.364378859456615
2025,9,Spanish Grand Prix,2025-06-01,catalunya,Circuit de Barcelona-Catalunya,sainz,SAI,Carlos Sainz,williams,Williams,55,,14.0,14,0.0,66,Finished,17.0,1:19.317,,,SAI,,,,,,15.0,14.0,13.0,14.0,13.0,3,True,RACE,CLOCKWISE,41.57,2.261111,4.657,14,36,ground_effect,2,normal,,,,,,,,,,,,,10.0,9.0,10.8,1.0,2.2,9.4,7.0,6.5,10,False,False,,,,,,,,,,,,,27.65,26.4,28.8,42.5,0.0,0.0,0.0,8.325,8.7,129.8118802282317,3.5,4.0,28.515,26.4,29.7,39.35,0.0,0.0,0.0,8.7525,10.2,140.20624016218727,1.75,9.0,27.243333333333336,22.2,29.7,44.81666666666666,0.0,0.0,0.0,7.418333333333333,10.2,140.80759944243422,1.1666666666666667,13.0,,,,,,,,,,,,,12.784853805065284
2025,9,Spanish Grand Prix,2025-06-01,catalunya,Circuit de Barcelona-Catalunya,leclerc,LEC,Charles Leclerc,ferrari,Ferrari,16,,3.0,3,15.0,66,Finished,5.0,1:17.259,,,LEC,,,,,,4.0,5.0,3.0,4.0,3.0,3,True,RACE,CLOCKWISE,41.57,2.261111,4.657,14,36,ground_effect,2,normal,,,,,,,,,,,,,2.0,5.0,4.4,18.0,11.8,5.1,20.2,10.714285714285714,7,False,False,,,,,,,,,,,,,27.65,26.4,28.8,42.5,0.0,0.0,0.0,8.325,8.7,129.8118802282317,3.5,4.0,28.515,26.4,29.7,39.35,0.0,0.0,0.0,8.7525,10.2,140.20624016218727,1.75,9.0,27.243333333333336,22.2,29.7,44.81666666666666,0.0,0.0,0.0,7.418333333333333,10.2,140.80759944243422,1.1666666666666667,13.0,,,,,,,,,,,,,5.422424965035241
2025,9,Spanish Grand Prix,2025-06-01,catalunya,Circuit de Barcelona-Catalunya,ocon,OCO,Esteban Ocon,haas,Haas F1 Team,31,,16.0,16,0.0,66,Finished,15.0,1:18.624,,,OCO,,,,,,,18.0,18.0,18.0,18.0,2,True,RACE,CLOCKWISE,41.57,2.261111,4.657,14,36,ground_effect,2,normal,,,,,,,,,,,,,7.0,13.0,12.2,6.0,2.0,13.2,2.2,9.714285714285714,7,False,False,,,,,,,,,,,,,27.65,26.4,28.8,42.5,0.0,0.0,0.0,8.325,8.7,129.8118802282317,3.5,4.0,28.515,26.4,29.7,39.35,0.0,0.0,0.0,8.7525,10.2,140.20624016218727,1.75,9.0,27.243333333333336,22.2,29.7,44.81666666666666,0.0,0.0,0.0,7.418333333333333,10.2,140.80759944243422,1.1666666666666667,13.0,,,,,,,,,,,,,14.226603960602379
2025,9,Spanish Grand Prix,2025-06-01,catalunya,Circuit de Barcelona-Catalunya,alonso,ALO,Fernando Alonso,aston_martin,Aston Martin,14,,9.0,9,2.0,66,Finished,11.0,1:18.128,,,ALO,,,,,,13.0,7.0,8.0,9.333333333333334,7.0,3,True,RACE,CLOCKWISE,41.57,2.261111,4.657,14,36,ground_effect,2,normal,,,,,,,,,,,,,19.0,15.0,14.2,0.0,0.0,15.0,0.0,12.22222222222222,9,False,False,,,,,,,,,,,,,27.65,26.4,28.8,42.5,0.0,0.0,0.0,8.325,8.7,129.8118802282317,3.5,4.0,28.515,26.4,29.7,39.35,0.0,0.0,0.0,8.7525,10.2,140.20624016218727,1.75,9.0,27.243333333333336,22.2,29.7,44.81666666666666,0.0,0.0,0.0,7.418333333333333,10.2,140.80759944243422,1.1666666666666667,13.0,,,,,,,,,,,,,13.110304972550244
2025,9,Spanish Grand Prix,2025-06-01,catalunya,Circuit de Barcelona-Catalunya,colapinto,COL,Franco Colapinto,alpine,Alpine F1 Team,43,,15.0,15,0.0,66,Finished,14.0,1:18.353,,,COL,,,,,,20.0,20.0,17.0,19.0,17.0,3,True,RACE,CLOCKWISE,41.57,2.261111,4.657,14,36,ground_effect,2,normal,,,,,,,,,,,,,13.0,16.0,16.2,0.0,0.0,15.3,1.2,,0,False,False,,,,,,,,,,,,,27.65,26.4,28.8,42.5,0.0,0.0,0.0,8.325,8.7,129.8118802282317,3.5,4.0,28.515,26.4,29.7,39.35,0.0,0.0,0.0,8.7525,10.2,140.20624016218727,1.75,9.0,27.243333333333336,22.2,29.7,44.81666666666666,0.0,0.0,0.0,7.418333333333333,10.2,140.80759944243422,1.1666666666666667,13.0,,,,,,,,,,,,,15.554727294930014
2025,9,Spanish Grand Prix,2025-06-01,catalunya,Circuit de Barcelona-Catalunya,bortoleto,BOR,Gabriel Bortoleto,sauber,Sauber,5,,12.0,12,0.0,66,Finished,13.0,1:18.297,,,BOR,,,,,,16.0,17.0,11.0,14.666666666666666,11.0,3,True,RACE,CLOCKWISE,41.57,2.261111,4.657,14,36,ground_effect,2,normal,,,,,,,,,,,,,14.0,16.666666666666668,17.2,0.0,0.0,16.3,0.0,,0,False,False,,,,,,,,,,,,,27.65,26.4,28.8,42.5,0.0,0.0,0.0,8.325,8.7,129.8118802282317,3.5,4.0,28.515,26.4,29.7,39.35,0.0,0.0,0.0,8.7525,10.2,140.20624016218727,1.75,9.0,27.243333333333336,22.2,29.7,44.81666666666666,0.0,0.0,0.0,7.418333333333333,10.2,140.80759944243422,1.1666666666666667,13.0,,,,,,,,,,,,,14.963764704592862
2025,9,Spanish Grand Prix,2025-06-01,catalunya,Circuit de Barcelona-Catalunya,russell,RUS,George Russell,mercedes,Mercedes,63,,4.0,4,12.0,66,Finished,4.0,1:17.244,,,RUS,,,,,,11.0,2.0,4.0,5.666666666666667,2.0,3,True,RACE,CLOCKWISE,41.57,2.261111,4.657,14,36,ground_effect,2,normal,,,,,,,,,,,,,11.0,7.0,5.6,0.0,9.8,8.8,13.0,9.666666666666666,6,False,False,,,,,,,,,,,,,27.65,26.4,28.8,42.5,0.0,0.0,0.0,8.325,8.7,129.8118802282317,3.5,4.0,28.515,26.4,29.7,39.35,0.0,0.0,0.0,8.7525,10.2,140.20624016218727,1.75,9.0,27.243333333333336,22.2,29.7,44.81666666666666,0.0,0.0,0.0,7.418333333333333,10.2,140.80759944243422,1.1666666666666667,13.0,,,,,,,,,,,,,5.252038329669353
2025,9,Spanish Grand Prix,2025-06-01,catalunya,Circuit de Barcelona-Catalunya,hadjar,HAD,Isack Hadjar,rb,RB F1 Team,6,,7.0,7,6.0,66,Finished,8.0,1:17.770,,,HAD,,,,,,8.0,9.0,6.0,7.666666666666667,6.0,3,True,RACE,CLOCKWISE,41.57,2.261111,4.657,14,36,ground_effect,2,normal,,,,,,,,,,,,,6.0,8.666666666666666,9.8,8.0,2.2,11.6,3.0,,0,False,False,,,,,,,,,,,,,27.65,26.4,28.8,42.5,0.0,0.0,0.0,8.325,8.7,129.8118802282317,3.5,4.0,28.515,26.4,29.7,39.35,0.0,0.0,0.0,8.7525,10.2,140.20624016218727,1.75,9.0,27.243333333333336,22.2,29.7,44.81666666666666,0.0,0.0,0.0,7.418333333333333,10.2,140.80759944243422,1.1666666666666667,13.0,,,,,,,,,,,,,9.914013517438022
2025,9,Spanish Grand Prix,2025-06-01,catalunya,Circuit de Barcelona-Catalunya,norris,NOR,Lando Norris,mclaren,McLaren,4,,2.0,2,18.0,66,Finished,2.0,1:16.187,,,NOR,,,,,,1.0,4.0,2.0,2.333333333333333,1.0,3,True,RACE,CLOCKWISE,41.57,2.261111,4.657,14,36,ground_effect,2,normal,,,,,,,,,,,,,1.0,1.6666666666666667,2.4,25.0,17.6,2.1,38.6,10.833333333333334,6,False,False,,,,,,,,,,,,,27.65,26.4,28.8,42.5,0.0,0.0,0.0,8.325,8.7,129.8118802282317,3.5,4.0,28.515,26.4,29.7,39.35,0.0,0.0,0.0,8.7525,10.2,140.20624016218727,1.75,9.0,27.243333333333336,22.2,29.7,44.81666666666666,0.0,0.0,0.0,7.418333333333333,10.2,140.80759944243422,1.1666666666666667,13.0,,,,,,,,,,,,,2.5726845473766615
2025,9,Spanish Grand Prix,2025-06-01,catalunya,Circuit de Barcelona-Catalunya,hamilton,HAM,Lewis Hamilton,ferrari,Ferrari,44,,6.0,6,8.0,66,Finished,7.0,1:17.706,,,HAM,,,,,,3.0,11.0,9.0,7.666666666666667,3.0,3,True,RACE,CLOCKWISE,41.57,2.261111,4.657,14,36,ground_effect,2,normal,,,,,,,,,,,,,5.0,5.666666666666667,5.8,10.0,8.4,5.1,20.2,3.5454545454545454,11,False,False,,,,,,,,,,,,,27.65,26.4,28.8,42.5,0.0,0.0,0.0,8.325,8.7,129.8118802282317,3.5,4.0,28.515,26.4,29.7,39.35,0.0,0.0,0.0,8.7525,10.2,140.20624016218727,1.75,9.0,27.243333333333336,22.2,29.7,44.81666666666666,0.0,0.0,0.0,7.418333333333333,10.2,140.80759944243422,1.1666666666666667,13.0,,,,,,,,,,,,,6.030617972587677
2025,9,Spanish Grand Prix,2025-06-01,catalunya,Circuit de Barcelona-Catalunya,lawson,LAW,Liam Lawson,rb,RB F1 Team,30,,11.0,11,0.0,66,Finished,18.0,1:19.424,,,LAW,,,,,,6.0,10.0,10.0,8.666666666666666,6.0,3,True,RACE,CLOCKWISE,41.57,2.261111,4.657,14,36,ground_effect,2,normal,,,,,,,,,,,,,8.0,13.0,13.4,4.0,0.8,11.6,3.0,,0,False,False,,,,,,,,,,,,,27.65,26.4,28.8,42.5,0.0,0.0,0.0,8.325,8.7,129.8118802282317,3.5,4.0,28.515,26.4,29.7,39.35,0.0,0.0,0.0,8.7525,10.2,140.20624016218727,1.75,9.0,27.243333333333336,22.2,29.7,44.81666666666666,0.0,0.0,0.0,7.418333333333333,10.2,140.80759944243422,1.1666666666666667,13.0,,,,,,,,,,,,,11.996170798643979
2025,9,Spanish Grand Prix,2025-06-01,catalunya,Circuit de Barcelona-Catalunya,max_verstappen,VER,Max Verstappen,red_bull,Red Bull,1,,10.0,10,1.0,66,Finished,3.0,1:17.019,,,VER,,,,,,2.0,3.0,5.0,3.333333333333333,2.0,3,True,RACE,CLOCKWISE,41.57,2.261111,4.657,14,36,ground_effect,2,normal,,,,,,,,,,,,,4.0,3.0,3.4,12.0,15.0,8.2,15.8,4.4,10,False,False,,,,,,,,,,,,,27.65,26.4,28.8,42.5,0.0,0.0,0.0,8.325,8.7,129.8118802282317,3.5,4.0,28.515,26.4,29.7,39.35,0.0,0.0,0.0,8.7525,10.2,140.20624016218727,1.75,9.0,27.243333333333336,22.2,29.7,44.81666666666666,0.0,0.0,0.0,7.418333333333333,10.2,140.80759944243422,1.1666666666666667,13.0,,,,,,,,,,,,,2.1298969271551984
2025,9,Spanish Grand Prix,2025-06-01,catalunya,Circuit de Barcelona-Catalunya,hulkenberg,HUL,Nico Hülkenberg,sauber,Sauber,27,,5.0,5,10.0,66,Finished,6.0,1:17.575,,,HUL,,,,,,14.0,12.0,12.0,12.666666666666666,12.0,3,True,RACE,CLOCKWISE,41.57,2.261111,4.657,14,36,ground_effect,2,normal,,,,,,,,,,,,,16.0,14.0,15.4,0.0,0.0,16.3,0.0,13.75,8,False,False,,,,,,,,,,,,,27.65,26.4,28.8,42.5,0.0,0.0,0.0,8.325,8.7,129.8118802282317,3.5,4.0,28.515,26.4,29.7,39.35,0.0,0.0,0.0,8.7525,10.2,140.20624016218727,1.75,9.0,27.243333333333336,22.2,29.7,44.81666666666666,0.0,0.0,0.0,7.418333333333333,10.2,140.80759944243422,1.1666666666666667,13.0,,,,,,,,,,,,,14.758237256965552
2025,9,Spanish Grand Prix,2025-06-01,catalunya,Circuit de Barcelona-Catalunya,bearman,BEA,Oliver Bearman,haas,Haas F1 Team,87,,17.0,17,0.0,66,Finished,16.0,1:18.907,,,BEA,,,,,,7.0,19.0,20.0,15.333333333333334,7.0,3,True,RACE,CLOCKWISE,41.57,2.261111,4.657,14,36,ground_effect,2,normal,,,,,,,,,,,,,12.0,16.0,14.2,0.0,0.2,13.2,2.2,,0,False,False,,,,,,,,,,,,,27.65,26.4,28.8,42.5,0.0,0.0,0.0,8.325,8.7,129.8118802282317,3.5,4.0,28.515,26.4,29.7,39.35,0.0,0.0,0.0,8.7525,10.2,140.20624016218727,1.75,9.0,27.243333333333336,22.2,29.7,44.81666666666666,0.0,0.0,0.0,7.418333333333333,10.2,140.80759944243422,1.1666666666666667,13.0,,,,,,,,,,,,,14.689187777690274
2025,9,Spanish Grand Prix,2025-06-01,catalunya,Circuit de Barcelona-Catalunya,piastri,PIA,Oscar Piastri,mclaren,McLaren,81,,1.0,1,25.0,66,Finished,1.0,1:15.743,,,PIA,,,,,,5.0,1.0,1.0,2.333333333333333,1.0,3,True,RACE,CLOCKWISE,41.57,2.261111,4.657,14,36,ground_effect,2,normal,,,,,,,,,,,,,3.0,2.333333333333333,1.8,15.0,21.0,2.1,38.6,10.0,2,False,False,,,,,,,,,,,,,27.65,26.4,28.8,42.5,0.0,0.0,0.0,8.325,8.7,129.8118802282317,3.5,4.0,28.515,26.4,29.7,39.35,0.0,0.0,0.0,8.7525,10.2,140.20624016218727,1.75,9.0,27.243333333333336,22.2,29.7,44.81666666666666,0.0,0.0,0.0,7.418333333333333,10.2,140.80759944243422,1.1666666666666667,13.0,,,,,,,,,,,,,2.973435588244929
2025,9,Spanish Grand Prix,2025-06-01,catalunya,Circuit de Barcelona-Catalunya,gasly,GAS,Pierre Gasly,alpine,Alpine F1 Team,10,,8.0,8,4.0,66,Finished,9.0,1:17.896,,,GAS,,,,,,10.0,8.0,16.0,11.333333333333334,8.0,3,True,RACE,CLOCKWISE,41.57,2.261111,4.657,14,36,ground_effect,2,normal,,,,,,,,,,,,,20.0,15.333333333333334,14.6,0.0,1.2,15.3,1.2,10.857142857142858,7,False,False,,,,,,,,,,,,,27.65,26.4,28.8,42.5,0.0,0.0,0.0,8.325,8.7,129.8118802282317,3.5,4.0,28.515,26.4,29.7,39.35,0.0,0.0,0.0,8.7525,10.2,140.20624016218727,1.75,9.0,27.243333333333336,22.2,29.7,44.81666666666666,0.0,0.0,0.0,7.418333333333333,10.2,140.80759944243422,1.1666666666666667,13.0,,,,,,,,,,,,,11.804137733881248
2025,9,Spanish Grand Prix,2025-06-01,catalunya,Circuit de Barcelona-Catalunya,tsunoda,TSU,Yuki Tsunoda,red_bull,Red Bull,22,,13.0,13,0.0,66,Finished,10.0,1:17.998,,,TSU,,,,,,9.0,13.0,14.0,12.0,9.0,3,True,RACE,CLOCKWISE,41.57,2.261111,4.657,14,36,ground_effect,2,normal,,,,,,,,,,,,,17.0,12.333333333333334,13.0,0.0,0.8,8.2,15.8,15.25,4,False,False,,,,,,,,,,,,,27.65,26.4,28.8,42.5,0.0,0.0,0.0,8.325,8.7,129.8118802282317,3.5,4.0,28.515,26.4,29.7,39.35,0.0,0.0,0.0,8.7525,10.2,140.20624016218727,1.75,9.0,27.243333333333336,22.2,29.7,44.81666666666666,0.0,0.0,0.0,7.418333333333333,10.2,140.80759944243422,1.1666666666666667,13.0,,,,,,,,,,,,,10.480299939068894
2025,10,Canadian Grand Prix,2025-06-15,villeneuve,Circuit Gilles Villeneuve,albon,ALB,Alexander Albon,williams,Williams,23,,20.0,R,0.0,46,Retired,18.0,1:16.197,,,ALB,,,,,,2.0,4.0,10.0,5.333333333333333,2.0,3,True,STREET,CLOCKWISE,45.500578,-73.522461,4.361,14,45,ground_effect,2,normal,,,,,,,,,,,,,19.0,11.0,9.4,0.0,4.8,9.6,7.0,14.0,4,False,False,,,,,,,,,,,,,19.0,18.3,20.0,32.5,0.0,0.0,0.0,10.7,13.5,267.8269785936047,98.0,4.0,17.9,15.3,20.0,38.55,0.0,0.0,0.0,7.6,13.5,304.25888561034003,99.0,9.0,19.416666666666668,15.3,22.7,34.2,0.0,0.0,0.0,8.35,13.5,226.7581088428325,82.5,13.0,,,,,,,,,,,,,8.920985986292186
2025,10,Canadian Grand Prix,2025-06-15,villeneuve,Circuit Gilles Villeneuve,antonelli,ANT,Andrea Kimi Antonelli,mercedes,Mercedes,12,,3.0,3,15.0,70,Finished,7.0,1:14.455,,,ANT,,,,,,13.0,3.0,7.0,7.666666666666667,3.0,3,True,STREET,CLOCKWISE,45.500578,-73.522461,4.361,14,45,ground_effect,2,normal,,,,,,,,,,,,,18.0,18.33333333333333,13.4,0.0,3.2,9.7,11.8,,0,False,False,,,,,,,,,,,,,19.0,18.3,20.0,32.5,0.0,0.0,0.0,10.7,13.5,267.8269785936047,98.0,4.0,17.9,15.3,20.0,38.55,0.0,0.0,0.0,7.6,13.5,304.25888561034003,99.0,9.0,19.416666666666668,15.3,22.7,34.2,0.0,0.0,0.0,8.35,13.5,226.7581088428325,82.5,13.0,,,,,,,,,,,,,8.405581315875397
2025,10,Canadian Grand Prix,2025-06-15,villeneuve,Circuit Gilles Villeneuve,sainz,SAI,Carlos Sainz,williams,Williams,55,,10.0,10,1.0,69,Lapped,6.0,1:14.389,,,SAI,,,,,,3.0,7.0,9.0,6.333333333333333,3.0,3,True,STREET,CLOCKWISE,45.500578,-73.522461,4.361,14,45,ground_effect,2,normal,,,,,,,,,,,,,14.0,10.666666666666666,9.8,0.0,2.2,9.6,7.0,10.375,8,False,False,,,,,,,,,,,,,19.0,18.3,20.0,32.5,0.0,0.0,0.0,10.7,13.5,267.8269785936047,98.0,4.0,17.9,15.3,20.0,38.55,0.0,0.0,0.0,7.6,13.5,304.25888561034003,99.0,9.0,19.416666666666668,15.3,22.7,34.2,0.0,0.0,0.0,8.35,13.5,226.7581088428325,82.5,13.0,,,,,,,,,,,,,9.237337479393604
2025,10,Canadian Grand Prix,2025-06-15,villeneuve,Circuit Gilles Villeneuve,leclerc,LEC,Charles Leclerc,ferrari,Ferrari,16,,5.0,5,10.0,70,Finished,4.0,1:14.261,,,LEC,,,,,,10.0,,2.0,6.0,2.0,2,True,STREET,CLOCKWISE,45.500578,-73.522461,4.361,14,45,ground_effect,2,normal,,,,,,,,,,,,,3.0,3.6666666666666665,4.2,15.0,12.4,5.1,20.4,8.2,5,False,False,,,,,,,,,,,,,19.0,18.3,20.0,32.5,0.0,0.0,0.0,10.7,13.5,267.8269785936047,98.0,4.0,17.9,15.3,20.0,38.55,0.0,0.0,0.0,7.6,13.5,304.25888561034003,99.0,9.0,19.416666666666668,15.3,22.7,34.2,0.0,0.0,0.0,8.35,13.5,226.7581088428325,82.5,13.0,,,,,,,,,,,,,5.089162655228415
2025,10,Canadian Grand Prix,2025-06-15,villeneuve,Circuit Gilles Villeneuve,ocon,OCO,Esteban Ocon,haas,Haas F1 Team,31,,9.0,9,2.0,69,Lapped,8.0,1:14.593,,,OCO,,,,,,18.0,17.0,16.0,17.0,16.0,3,True,STREET,CLOCKWISE,45.500578,-73.522461,4.361,14,45,ground_effect,2,normal,,,,,,,,,,,,,16.0,14.333333333333334,13.8,0.0,1.2,14.7,1.2,7.8,5,False,False,,,,,,,,,,,,,19.0,18.3,20.0,32.5,0.0,0.0,0.0,10.7,13.5,267.8269785936047,98.0,4.0,17.9,15.3,20.0,38.55,0.0,0.0,0.0,7.6,13.5,304.25888561034003,99.0,9.0,19.416666666666668,15.3,22.7,34.2,0.0,0.0,0.0,8.35,13.5,226.7581088428325,82.5,13.0,,,,,,,,,,,,,14.379875213836089
2025,10,Canadian Grand Prix,2025-06-15,villeneuve,Circuit Gilles Villeneuve,alonso,ALO,Fernando Alonso,aston_martin,Aston Martin,14,,7.0,7,6.0,70,Finished,12.0,1:15.024,,,ALO,,,,,,12.0,5.0,6.0,7.666666666666667,5.0,3,True,STREET,CLOCKWISE,45.500578,-73.522461,4.361,14,45,ground_effect,2,normal,,,,,,,,,,,,,9.0,13.0,13.0,2.0,0.4,13.6,0.4,11.0,8,False,False,,,,,,,,,,,,,19.0,18.3,20.0,32.5,0.0,0.0,0.0,10.7,13.5,267.8269785936047,98.0,4.0,17.9,15.3,20.0,38.55,0.0,0.0,0.0,7.6,13.5,304.25888561034003,99.0,9.0,19.416666666666668,15.3,22.7,34.2,0.0,0.0,0.0,8.35,13.5,226.7581088428325,82.5,13.0,,,,,,,,,,,,,11.793348418527886
2025,10,Canadian Grand Prix,2025-06-15,villeneuve,Circuit Gilles Villeneuve,colapinto,COL,Franco Colapinto,alpine,Alpine F1 Team,43,,13.0,13,0.0,69,Lapped,17.0,1:16.076,,,COL,,,,,,19.0,18.0,17.0,18.0,17.0,3,True,STREET,CLOCKWISE,45.500578,-73.522461,4.361,14,45,ground_effect,2,normal,,,,,,,,,,,,,15.0,14.666666666666666,16.4,0.0,0.0,15.5,0.8,,0,False,False,,,,,,,,,,,,,19.0,18.3,20.0,32.5,0.0,0.0,0.0,10.7,13.5,267.8269785936047,98.0,4.0,17.9,15.3,20.0,38.55,0.0,0.0,0.0,7.6,13.5,304.25888561034003,99.0,9.0,19.416666666666668,15.3,22.7,34.2,0.0,0.0,0.0,8.35,13.5,226.7581088428325,82.5,13.0,,,,,,,,,,,,,14.849435914826032
2025,10,Canadian Grand Prix,2025-06-15,villeneuve,Circuit Gilles Villeneuve,bortoleto,BOR,Gabriel Bortoleto,sauber,Sauber,5,,14.0,14,0.0,69,Lapped,16.0,1:15.414,,,BOR,,,,,,16.0,13.0,19.0,16.0,13.0,3,True,STREET,CLOCKWISE,45.500578,-73.522461,4.361,14,45,ground_effect,2,normal,,,,,,,,,,,,,12.0,14.666666666666666,16.0,0.0,0.0,14.2,2.0,,0,False,False,,,,,,,,,,,,,19.0,18.3,20.0,32.5,0.0,0.0,0.0,10.7,13.5,267.8269785936047,98.0,4.0,17.9,15.3,20.0,38.55,0.0,0.0,0.0,7.6,13.5,304.25888561034003,99.0,9.0,19.416666666666668,15.3,22.7,34.2,0.0,0.0,0.0,8.35,13.5,226.7581088428325,82.5,13.0,,,,,,,,,,,,,14.03757220502507
2025,10,Canadian Grand Prix,2025-06-15,villeneuve,Circuit Gilles Villeneuve,russell,RUS,George Russell,mercedes,Mercedes,63,,1.0,1,25.0,70,Finished,1.0,1:14.119,,,RUS,,,,,,4.0,1.0,3.0,2.6666666666666665,1.0,3,True,STREET,CLOCKWISE,45.500578,-73.522461,4.361,14,45,ground_effect,2,normal,,,,,,,,,,,,,4.0,7.333333333333333,6.0,12.0,8.6,9.7,11.8,10.5,4,False,False,,,,,,,,,,,,,19.0,18.3,20.0,32.5,0.0,0.0,0.0,10.7,13.5,267.8269785936047,98.0,4.0,17.9,15.3,20.0,38.55,0.0,0.0,0.0,7.6,13.5,304.25888561034003,99.0,9.0,19.416666666666668,15.3,22.7,34.2,0.0,0.0,0.0,8.35,13.5,226.7581088428325,82.5,13.0,,,,,,,,,,,,,4.266456636917509
2025,10,Canadian Grand Prix,2025-06-15,villeneuve,Circuit Gilles Villeneuve,hadjar,HAD,Isack Hadjar,rb,RB F1 Team,6,,16.0,16,0.0,69,Lapped,19.0,1:16.292,,,HAD,,,,,,6.0,11.0,11.0,9.333333333333334,6.0,3,True,STREET,CLOCKWISE,45.500578,-73.522461,4.361,14,45,ground_effect,2,normal,,,,,,,,,,,,,7.0,7.333333333333333,8.6,6.0,3.4,10.5,4.2,,0,False,False,,,,,,,,,,,,,19.0,18.3,20.0,32.5,0.0,0.0,0.0,10.7,13.5,267.8269785936047,98.0,4.0,17.9,15.3,20.0,38.55,0.0,0.0,0.0,7.6,13.5,304.25888561034003,99.0,9.0,19.416666666666668,15.3,22.7,34.2,0.0,0.0,0.0,8.35,13.5,226.7581088428325,82.5,13.0,,,,,,,,,,,,,10.771735823590722
2025,10,Canadian Grand Prix,2025-06-15,villeneuve,Circuit Gilles Villeneuve,stroll,STR,Lance Stroll,aston_martin,Aston Martin,18,,17.0,17,0.0,69,Lapped,10.0,1:14.902,,,STR,,,,,,15.0,19.0,14.0,16.0,14.0,3,True,STREET,CLOCKWISE,45.500578,-73.522461,4.361,14,45,ground_effect,2,normal,,,,,,,,,,,,,15.0,15.333333333333334,15.8,0.0,0.0,13.6,0.4,10.666666666666666,6,False,False,,,,,,,,,,,,,19.0,18.3,20.0,32.5,0.0,0.0,0.0,10.7,13.5,267.8269785936047,98.0,4.0,17.9,15.3,20.0,38.55,0.0,0.0,0.0,7.6,13.5,304.25888561034003,99.0,9.0,19.416666666666668,15.3,22.7,34.2,0.0,0.0,0.0,8.35,13.5,226.7581088428325,82.5,13.0,,,,,,,,,,,,,14.472462636343474
2025,10,Canadian Grand Prix,2025-06-15,villeneuve,Circuit Gilles Villeneuve,norris,NOR,Lando Norris,mclaren,McLaren,4,,18.0,18,0.0,66,Retired,2.0,1:14.229,,,NOR,,,,,,7.0,2.0,1.0,3.333333333333333,1.0,3,True,STREET,CLOCKWISE,45.500578,-73.522461,4.361,14,45,ground_effect,2,normal,,,,,,,,,,,,,2.0,1.6666666666666667,2.2,18.0,18.2,2.0,39.2,12.5,4,False,False,,,,,,,,,,,,,19.0,18.3,20.0,32.5,0.0,0.0,0.0,10.7,13.5,267.8269785936047,98.0,4.0,17.9,15.3,20.0,38.55,0.0,0.0,0.0,7.6,13.5,304.25888561034003,99.0,9.0,19.416666666666668,15.3,22.7,34.2,0.0,0.0,0.0,8.35,13.5,226.7581088428325,82.5,13.0,,,,,,,,,,,,,3.106297323142743
2025,10,Canadian Grand Prix,2025-06-15,villeneuve,Circuit Gilles Villeneuve,hamilton,HAM,Lewis Hamilton,ferrari,Ferrari,44,,6.0,6,8.0,70,Finished,9.0,1:14.805,,,HAM,,,,,,5.0,8.0,4.0,5.666666666666667,4.0,3,True,STREET,CLOCKWISE,45.500578,-73.522461,4.361,14,45,ground_effect,2,normal,,,,,,,,,,,,,6.0,5.0,6.0,8.0,8.0,5.1,20.4,4.0,9,False,False,,,,,,,,,,,,,19.0,18.3,20.0,32.5,0.0,0.0,0.0,10.7,13.5,267.8269785936047,98.0,4.0,17.9,15.3,20.0,38.55,0.0,0.0,0.0,7.6,13.5,304.25888561034003,99.0,9.0,19.416666666666668,15.3,22.7,34.2,0.0,0.0,0.0,8.35,13.5,226.7581088428325,82.5,13.0,,,,,,,,,,,,,5.41176320681708
2025,10,Canadian Grand Prix,2025-06-15,villeneuve,Circuit Gilles Villeneuve,lawson,LAW,Liam Lawson,rb,RB F1 Team,30,,19.0,R,0.0,53,Retired,20.0,1:16.320,,,LAW,,,,,,8.0,10.0,13.0,10.333333333333334,8.0,3,True,STREET,CLOCKWISE,45.500578,-73.522461,4.361,14,45,ground_effect,2,normal,,,,,,,,,,,,,11.0,11.0,12.4,0.0,0.8,10.5,4.2,,0,False,False,,,,,,,,,,,,,19.0,18.3,20.0,32.5,0.0,0.0,0.0,10.7,13.5,267.8269785936047,98.0,4.0,17.9,15.3,20.0,38.55,0.0,0.0,0.0,7.6,13.5,304.25888561034003,99.0,9.0,19.416666666666668,15.3,22.7,34.2,0.0,0.0,0.0,8.35,13.5,226.7581088428325,82.5,13.0,,,,,,,,,,,,,11.95464423085499
2025,10,Canadian Grand Prix,2025-06-15,villeneuve,Circuit Gilles Villeneuve,max_verstappen,VER,Max Verstappen,red_bull,Red Bull,1,,2.0,2,18.0,70,Finished,5.0,1:14.287,,,VER,,,,,,1.0,9.0,5.0,5.0,1.0,3,True,STREET,CLOCKWISE,45.500578,-73.522461,4.361,14,45,ground_effect,2,normal,,,,,,,,,,,,,10.0,5.0,4.2,1.0,13.6,9.0,14.0,6.0,8,False,False,,,,,,,,,,,,,19.0,18.3,20.0,32.5,0.0,0.0,0.0,10.7,13.5,267.8269785936047,98.0,4.0,17.9,15.3,20.0,38.55,0.0,0.0,0.0,7.6,13.5,304.25888561034003,99.0,9.0,19.416666666666668,15.3,22.7,34.2,0.0,0.0,0.0,8.35,13.5,226.7581088428325,82.5,13.0,,,,,,,,,,,,,3.660844709385565
2025,10,Canadian Grand Prix,2025-06-15,villeneuve,Circuit Gilles Villeneuve,hulkenberg,HUL,Nico Hülkenberg,sauber,Sauber,27,,8.0,8,4.0,70,Finished,14.0,1:15.372,,,HUL,,,,,,20.0,14.0,18.0,17.333333333333332,14.0,3,True,STREET,CLOCKWISE,45.500578,-73.522461,4.361,14,45,ground_effect,2,normal,,,,,,,,,,,,,5.0,11.0,12.4,10.0,2.0,14.2,2.0,8.625,8,False,False,,,,,,,,,,,,,19.0,18.3,20.0,32.5,0.0,0.0,0.0,10.7,13.5,267.8269785936047,98.0,4.0,17.9,15.3,20.0,38.55,0.0,0.0,0.0,7.6,13.5,304.25888561034003,99.0,9.0,19.416666666666668,15.3,22.7,34.2,0.0,0.0,0.0,8.35,13.5,226.7581088428325,82.5,13.0,,,,,,,,,,,,,14.262721463270836
2025,10,Canadian Grand Prix,2025-06-15,villeneuve,Circuit Gilles Villeneuve,bearman,BEA,Oliver Bearman,haas,Haas F1 Team,87,,11.0,11,0.0,69,Lapped,15.0,1:15.397,,,BEA,,,,,,17.0,16.0,15.0,16.0,15.0,3,True,STREET,CLOCKWISE,45.500578,-73.522461,4.361,14,45,ground_effect,2,normal,,,,,,,,,,,,,17.0,15.333333333333334,15.6,0.0,0.0,14.7,1.2,,0,False,False,,,,,,,,,,,,,19.0,18.3,20.0,32.5,0.0,0.0,0.0,10.7,13.5,267.8269785936047,98.0,4.0,17.9,15.3,20.0,38.55,0.0,0.0,0.0,7.6,13.5,304.25888561034003,99.0,9.0,19.416666666666668,15.3,22.7,34.2,0.0,0.0,0.0,8.35,13.5,226.7581088428325,82.5,13.0,,,,,,,,,,,,,14.263214217687132
2025,10,Canadian Grand Prix,2025-06-15,villeneuve,Circuit Gilles Villeneuve,piastri,PIA,Oscar Piastri,mclaren,McLaren,81,,4.0,4,12.0,70,Finished,3.0,1:14.255,,,PIA,,,,,,14.0,6.0,8.0,9.333333333333334,6.0,3,True,STREET,CLOCKWISE,45.500578,-73.522461,4.361,14,45,ground_effect,2,normal,,,,,,,,,,,,,1.0,2.333333333333333,1.8,25.0,21.0,2.0,39.2,8.0,2,False,False,,,,,,,,,,,,,19.0,18.3,20.0,32.5,0.0,0.0,0.0,10.7,13.5,267.8269785936047,98.0,4.0,17.9,15.3,20.0,38.55,0.0,0.0,0.0,7.6,13.5,304.25888561034003,99.0,9.0,19.416666666666668,15.3,22.7,34.2,0.0,0.0,0.0,8.35,13.5,226.7581088428325,82.5,13.0,,,,,,,,,,,,,5.305356611811299
2025,10,Canadian Grand Prix,2025-06-15,villeneuve,Circuit Gilles Villeneuve,gasly,GAS,Pierre Gasly,alpine,Alpine F1 Team,10,,15.0,15,0.0,69,Lapped,11.0,1:14.993,,,GAS,,,,,,9.0,12.0,12.0,11.0,9.0,3,True,STREET,CLOCKWISE,45.500578,-73.522461,4.361,14,45,ground_effect,2,normal,,,,,,,,,,,,,8.0,13.666666666666666,14.8,4.0,0.8,15.5,0.8,10.8,5,False,False,,,,,,,,,,,,,19.0,18.3,20.0,32.5,0.0,0.0,0.0,10.7,13.5,267.8269785936047,98.0,4.0,17.9,15.3,20.0,38.55,0.0,0.0,0.0,7.6,13.5,304.25888561034003,99.0,9.0,19.416666666666668,15.3,22.7,34.2,0.0,0.0,0.0,8.35,13.5,226.7581088428325,82.5,13.0,,,,,,,,,,,,,11.29688737405474
2025,10,Canadian Grand Prix,2025-06-15,villeneuve,Circuit Gilles Villeneuve,tsunoda,TSU,Yuki Tsunoda,red_bull,Red Bull,22,,12.0,12,0.0,69,Lapped,13.0,1:15.358,,,TSU,,,,,,11.0,15.0,20.0,15.333333333333334,11.0,3,True,STREET,CLOCKWISE,45.500578,-73.522461,4.361,14,45,ground_effect,2,normal,,,,,,,,,,,,,13.0,13.333333333333334,13.8,0.0,0.4,9.0,14.0,15.333333333333334,3,False,False,,,,,,,,,,,,,19.0,18.3,20.0,32.5,0.0,0.0,0.0,10.7,13.5,267.8269785936047,98.0,4.0,17.9,15.3,20.0,38.55,0.0,0.0,0.0,7.6,13.5,304.25888561034003,99.0,9.0,19.416666666666668,15.3,22.7,34.2,0.0,0.0,0.0,8.35,13.5,226.7581088428325,82.5,13.0,,,,,,,,,,,,,11.062481247825259
2025,11,Austrian Grand Prix,2025-06-29,red_bull_ring,Red Bull Ring,albon,ALB,Alexander Albon,williams,Williams,23,,17.0,R,0.0,15,Retired,17.0,1:10.641,,,ALB,,,,,,7.0,16.0,14.0,12.333333333333334,7.0,3,True,RACE,CLOCKWISE,47.219722,14.764722,4.326,10,40,ground_effect,2,normal,,,,,,,,,,,,,20.0,16.0,11.6,0.0,4.4,10.9,6.0,11.666666666666666,6,False,False,,,,,,,,,,,,,23.75,21.5,25.4,58.25,0.3,3.0,1.0,5.0,7.2,325.05193827833705,27.75,4.0,24.845,21.5,26.3,52.525,0.5,5.0,1.0,7.25,11.4,325.22588862450937,41.475,9.0,24.238333333333333,20.1,26.3,55.51666666666667,0.5,5.0,1.0,7.291666666666667,11.4,332.62412852427525,41.06666666666667,13.0,,,,,,,,,,,,,11.875363158193451
2025,11,Austrian Grand Prix,2025-06-29,red_bull_ring,Red Bull Ring,antonelli,ANT,Andrea Kimi Antonelli,mercedes,Mercedes,12,,19.0,R,0.0,0,Retired,,,,,ANT,,,,,,11.0,11.0,7.0,9.666666666666666,7.0,3,True,RACE,CLOCKWISE,47.219722,14.764722,4.326,10,40,ground_effect,2,normal,,,,,,,,,,,,,3.0,13.0,12.8,15.0,4.6,9.0,16.2,,0,False,False,,,,,,,,,,,,,23.75,21.5,25.4,58.25,0.3,3.0,1.0,5.0,7.2,325.05193827833705,27.75,4.0,24.845,21.5,26.3,52.525,0.5,5.0,1.0,7.25,11.4,325.22588862450937,41.475,9.0,24.238333333333333,20.1,26.3,55.51666666666667,0.5,5.0,1.0,7.291666666666667,11.4,332.62412852427525,41.06666666666667,13.0,,,,,,,,,,,,,6.922839056248447
2025,11,Austrian Grand Prix,2025-06-29,red_bull_ring,Red Bull Ring,sainz,SAI,Carlos Sainz,williams,Williams,55,,20.0,W,0.0,0,Did not start,,,,,SAI,,,,,,8.0,17.0,15.0,13.333333333333334,8.0,3,True,RACE,CLOCKWISE,47.219722,14.764722,4.326,10,40,ground_effect,2,normal,,,,,,,,,,,,,10.0,11.333333333333334,10.2,1.0,1.6,10.9,6.0,9.416666666666666,12,False,False,,,,,,,,,,,,,23.75,21.5,25.4,58.25,0.3,3.0,1.0,5.0,7.2,325.05193827833705,27.75,4.0,24.845,21.5,26.3,52.525,0.5,5.0,1.0,7.25,11.4,325.22588862450937,41.475,9.0,24.238333333333333,20.1,26.3,55.51666666666667,0.5,5.0,1.0,7.291666666666667,11.4,332.62412852427525,41.06666666666667,13.0,,,,,,,,,,,,,12.929241946553672
2025,11,Austrian Grand Prix,2025-06-29,red_bull_ring,Red Bull Ring,leclerc,LEC,Charles Leclerc,ferrari,Ferrari,16,,3.0,3,15.0,70,Finished,4.0,1:08.765,,,LEC,,,,,,,5.0,4.0,4.5,4.0,2,True,RACE,CLOCKWISE,47.219722,14.764722,4.326,10,40,ground_effect,2,normal,,,,,,,,,,,,,5.0,3.333333333333333,4.6,10.0,11.4,5.2,19.8,6.777777777777778,9,False,False,,,,,,,,,,,,,23.75,21.5,25.4,58.25,0.3,3.0,1.0,5.0,7.2,325.05193827833705,27.75,4.0,24.845,21.5,26.3,52.525,0.5,5.0,1.0,7.25,11.4,325.22588862450937,41.475,9.0,24.238333333333333,20.1,26.3,55.51666666666667,0.5,5.0,1.0,7.291666666666667,11.4,332.62412852427525,41.06666666666667,13.0,,,,,,,,,,,,,5.36989254576616
2025,11,Austrian Grand Prix,2025-06-29,red_bull_ring,Red Bull Ring,ocon,OCO,Esteban Ocon,haas,Haas F1 Team,31,,10.0,10,1.0,69,Lapped,9.0,1:09.550,,,OCO,,,,,,19.0,15.0,18.0,17.333333333333332,15.0,3,True,RACE,CLOCKWISE,47.219722,14.764722,4.326,10,40,ground_effect,2,normal,,,,,,,,,,,,,9.0,10.666666666666666,12.8,2.0,1.6,14.0,1.6,11.666666666666666,9,False,False,,,,,,,,,,,,,23.75,21.5,25.4,58.25,0.3,3.0,1.0,5.0,7.2,325.05193827833705,27.75,4.0,24.845,21.5,26.3,52.525,0.5,5.0,1.0,7.25,11.4,325.22588862450937,41.475,9.0,24.238333333333333,20.1,26.3,55.51666666666667,0.5,5.0,1.0,7.291666666666667,11.4,332.62412852427525,41.06666666666667,13.0,,,,,,,,,,,,,13.768131880267202
2025,11,Austrian Grand Prix,2025-06-29,red_bull_ring,Red Bull Ring,alonso,ALO,Fernando Alonso,aston_martin,Aston Martin,14,,7.0,7,6.0,69,Lapped,12.0,1:09.935,,,ALO,,,,,,14.0,9.0,12.0,11.666666666666666,9.0,3,True,RACE,CLOCKWISE,47.219722,14.764722,4.326,10,40,ground_effect,2,normal,,,,,,,,,,,,,7.0,11.666666666666666,12.2,6.0,1.6,13.3,1.6,12.2,10,False,False,,,,,,,,,,,,,23.75,21.5,25.4,58.25,0.3,3.0,1.0,5.0,7.2,325.05193827833705,27.75,4.0,24.845,21.5,26.3,52.525,0.5,5.0,1.0,7.25,11.4,325.22588862450937,41.475,9.0,24.238333333333333,20.1,26.3,55.51666666666667,0.5,5.0,1.0,7.291666666666667,11.4,332.62412852427525,41.06666666666667,13.0,,,,,,,,,,,,,12.099852928117926
2025,11,Austrian Grand Prix,2025-06-29,red_bull_ring,Red Bull Ring,colapinto,COL,Franco Colapinto,alpine,Alpine F1 Team,43,,15.0,15,0.0,69,Lapped,10.0,1:09.621,,,COL,,,,,,16.0,20.0,19.0,18.33333333333333,16.0,3,True,RACE,CLOCKWISE,47.219722,14.764722,4.326,10,40,ground_effect,2,normal,,,,,,,,,,,,,13.0,13.666666666666666,15.2,0.0,0.0,14.6,0.8,,0,False,False,,,,,,,,,,,,,23.75,21.5,25.4,58.25,0.3,3.0,1.0,5.0,7.2,325.05193827833705,27.75,4.0,24.845,21.5,26.3,52.525,0.5,5.0,1.0,7.25,11.4,325.22588862450937,41.475,9.0,24.238333333333333,20.1,26.3,55.51666666666667,0.5,5.0,1.0,7.291666666666667,11.4,332.62412852427525,41.06666666666667,13.0,,,,,,,,,,,,,16.076536425824813
2025,11,Austrian Grand Prix,2025-06-29,red_bull_ring,Red Bull Ring,bortoleto,BOR,Gabriel Bortoleto,sauber,Sauber,5,,8.0,8,4.0,69,Lapped,6.0,1:09.247,,,BOR,,,,,,6.0,8.0,10.0,8.0,6.0,3,True,RACE,CLOCKWISE,47.219722,14.764722,4.326,10,40,ground_effect,2,normal,,,,,,,,,,,,,14.0,13.333333333333334,15.2,0.0,0.0,13.1,2.8,,0,False,False,,,,,,,,,,,,,23.75,21.5,25.4,58.25,0.3,3.0,1.0,5.0,7.2,325.05193827833705,27.75,4.0,24.845,21.5,26.3,52.525,0.5,5.0,1.0,7.25,11.4,325.22588862450937,41.475,9.0,24.238333333333333,20.1,26.3,55.51666666666667,0.5,5.0,1.0,7.291666666666667,11.4,332.62412852427525,41.06666666666667,13.0,,,,,,,,,,,,,11.210208587249703
2025,11,Austrian Grand Prix,2025-06-29,red_bull_ring,Red Bull Ring,russell,RUS,George Russell,mercedes,Mercedes,63,,5.0,5,10.0,70,Finished,7.0,1:09.372,,,RUS,,,,,,1.0,6.0,6.0,4.333333333333333,1.0,3,True,RACE,CLOCKWISE,47.219722,14.764722,4.326,10,40,ground_effect,2,normal,,,,,,,,,,,,,1.0,5.333333333333333,5.2,25.0,11.6,9.0,16.2,11.375,8,False,False,,,,,,,,,,,,,23.75,21.5,25.4,58.25,0.3,3.0,1.0,5.0,7.2,325.05193827833705,27.75,4.0,24.845,21.5,26.3,52.525,0.5,5.0,1.0,7.25,11.4,325.22588862450937,41.475,9.0,24.238333333333333,20.1,26.3,55.51666666666667,0.5,5.0,1.0,7.291666666666667,11.4,332.62412852427525,41.06666666666667,13.0,,,,,,,,,,,,,5.496536073932242
2025,11,Austrian Grand Prix,2025-06-29,red_bull_ring,Red Bull Ring,hadjar,HAD,Isack Hadjar,rb,RB F1 Team,6,,12.0,12,0.0,69,Lapped,16.0,1:10.204,,,HAD,,,,,,10.0,13.0,20.0,14.333333333333334,10.0,3,True,RACE,CLOCKWISE,47.219722,14.764722,4.326,10,40,ground_effect,2,normal,,,,,,,,,,,,,16.0,9.666666666666666,9.8,0.0,3.2,11.8,4.0,,0,False,False,,,,,,,,,,,,,23.75,21.5,25.4,58.25,0.3,3.0,1.0,5.0,7.2,325.05193827833705,27.75,4.0,24.845,21.5,26.3,52.525,0.5,5.0,1.0,7.25,11.4,325.22588862450937,41.475,9.0,24.238333333333333,20.1,26.3,55.51666666666667,0.5,5.0,1.0,7.291666666666667,11.4,332.62412852427525,41.06666666666667,13.0,,,,,,,,,,,,,13.856365718880603
2025,11,Austrian Grand Prix,2025-06-29,red_bull_ring,Red Bull Ring,stroll,STR,Lance Stroll,aston_martin,Aston Martin,18,,14.0,14,0.0,69,Lapped,5.0,1:09.214,,,STR,,,,,,13.0,4.0,8.0,8.333333333333334,4.0,3,True,RACE,CLOCKWISE,47.219722,14.764722,4.326,10,40,ground_effect,2,normal,,,,,,,,,,,,,17.0,15.666666666666666,15.8,0.0,0.0,13.3,1.6,11.9,10,False,False,,,,,,,,,,,,,23.75,21.5,25.4,58.25,0.3,3.0,1.0,5.0,7.2,325.05193827833705,27.75,4.0,24.845,21.5,26.3,52.525,0.5,5.0,1.0,7.25,11.4,325.22588862450937,41.475,9.0,24.238333333333333,20.1,26.3,55.51666666666667,0.5,5.0,1.0,7.291666666666667,11.4,332.62412852427525,41.06666666666667,13.0,,,,,,,,,,,,,12.308352542511798
2025,11,Austrian Grand Prix,2025-06-29,red_bull_ring,Red Bull Ring,norris,NOR,Lando Norris,mclaren,McLaren,4,,1.0,1,25.0,70,Finished,2.0,1:08.272,,,NOR,,,,,,,1.0,1.0,1.0,1.0,2,True,RACE,CLOCKWISE,47.219722,14.764722,4.326,10,40,ground_effect,2,normal,,,,,,,,,,,,,18.0,7.0,5.0,0.0,15.8,3.7,34.2,6.625,8,False,False,,,,,,,,,,,,,23.75,21.5,25.4,58.25,0.3,3.0,1.0,5.0,7.2,325.05193827833705,27.75,4.0,24.845,21.5,26.3,52.525,0.5,5.0,1.0,7.25,11.4,325.22588862450937,41.475,9.0,24.238333333333333,20.1,26.3,55.51666666666667,0.5,5.0,1.0,7.291666666666667,11.4,332.62412852427525,41.06666666666667,13.0,,,,,,,,,,,,,3.19428755201785
2025,11,Austrian Grand Prix,2025-06-29,red_bull_ring,Red Bull Ring,hamilton,HAM,Lewis Hamilton,ferrari,Ferrari,44,,4.0,4,12.0,70,Finished,3.0,1:08.628,,,HAM,,,,,,9.0,10.0,5.0,8.0,5.0,3,True,RACE,CLOCKWISE,47.219722,14.764722,4.326,10,40,ground_effect,2,normal,,,,,,,,,,,,,6.0,5.666666666666667,5.8,8.0,8.4,5.2,19.8,4.307692307692308,13,False,False,,,,,,,,,,,,,23.75,21.5,25.4,58.25,0.3,3.0,1.0,5.0,7.2,325.05193827833705,27.75,4.0,24.845,21.5,26.3,52.525,0.5,5.0,1.0,7.25,11.4,325.22588862450937,41.475,9.0,24.238333333333333,20.1,26.3,55.51666666666667,0.5,5.0,1.0,7.291666666666667,11.4,332.62412852427525,41.06666666666667,13.0,,,,,,,,,,,,,5.718009269541581
2025,11,Austrian Grand Prix,2025-06-29,red_bull_ring,Red Bull Ring,lawson,LAW,Liam Lawson,rb,RB F1 Team,30,,6.0,6,8.0,70,Finished,14.0,1:09.977,,,LAW,,,,,,15.0,12.0,11.0,12.666666666666666,11.0,3,True,RACE,CLOCKWISE,47.219722,14.764722,4.326,10,40,ground_effect,2,normal,,,,,,,,,,,,,19.0,12.666666666666666,13.8,0.0,0.8,11.8,4.0,,0,False,False,,,,,,,,,,,,,23.75,21.5,25.4,58.25,0.3,3.0,1.0,5.0,7.2,325.05193827833705,27.75,4.0,24.845,21.5,26.3,52.525,0.5,5.0,1.0,7.25,11.4,325.22588862450937,41.475,9.0,24.238333333333333,20.1,26.3,55.51666666666667,0.5,5.0,1.0,7.291666666666667,11.4,332.62412852427525,41.06666666666667,13.0,,,,,,,,,,,,,14.06723287979343
2025,11,Austrian Grand Prix,2025-06-29,red_bull_ring,Red Bull Ring,max_verstappen,VER,Max Verstappen,red_bull,Red Bull,1,,18.0,R,0.0,0,Retired,,,,,VER,,,,,,2.0,3.0,3.0,2.6666666666666665,2.0,3,True,RACE,CLOCKWISE,47.219722,14.764722,4.326,10,40,ground_effect,2,normal,,,,,,,,,,,,,2.0,5.333333333333333,4.2,18.0,13.6,8.3,14.0,5.416666666666667,12,False,False,,,,,,,,,,,,,23.75,21.5,25.4,58.25,0.3,3.0,1.0,5.0,7.2,325.05193827833705,27.75,4.0,24.845,21.5,26.3,52.525,0.5,5.0,1.0,7.25,11.4,325.22588862450937,41.475,9.0,24.238333333333333,20.1,26.3,55.51666666666667,0.5,5.0,1.0,7.291666666666667,11.4,332.62412852427525,41.06666666666667,13.0,,,,,,,,,,,,,2.0691841742397363
2025,11,Austrian Grand Prix,2025-06-29,red_bull_ring,Red Bull Ring,hulkenberg,HUL,Nico Hülkenberg,sauber,Sauber,27,,9.0,9,2.0,69,Lapped,8.0,1:09.459,,,HUL,,,,,,12.0,19.0,13.0,14.666666666666666,12.0,3,True,RACE,CLOCKWISE,47.219722,14.764722,4.326,10,40,ground_effect,2,normal,,,,,,,,,,,,,8.0,9.666666666666666,11.0,4.0,2.8,13.1,2.8,13.25,8,False,False,,,,,,,,,,,,,23.75,21.5,25.4,58.25,0.3,3.0,1.0,5.0,7.2,325.05193827833705,27.75,4.0,24.845,21.5,26.3,52.525,0.5,5.0,1.0,7.25,11.4,325.22588862450937,41.475,9.0,24.238333333333333,20.1,26.3,55.51666666666667,0.5,5.0,1.0,7.291666666666667,11.4,332.62412852427525,41.06666666666667,13.0,,,,,,,,,,,,,14.169844395988044
2025,11,Austrian Grand Prix,2025-06-29,red_bull_ring,Red Bull Ring,bearman,BEA,Oliver Bearman,haas,Haas F1 Team,87,,11.0,11,0.0,69,Lapped,13.0,1:09.960,,,BEA,,,,,,20.0,18.0,16.0,18.0,16.0,3,True,RACE,CLOCKWISE,47.219722,14.764722,4.326,10,40,ground_effect,2,normal,,,,,,,,,,,,,11.0,13.333333333333334,15.2,0.0,0.0,14.0,1.6,,0,False,False,,,,,,,,,,,,,23.75,21.5,25.4,58.25,0.3,3.0,1.0,5.0,7.2,325.05193827833705,27.75,4.0,24.845,21.5,26.3,52.525,0.5,5.0,1.0,7.25,11.4,325.22588862450937,41.475,9.0,24.238333333333333,20.1,26.3,55.51666666666667,0.5,5.0,1.0,7.291666666666667,11.4,332.62412852427525,41.06666666666667,13.0,,,,,,,,,,,,,14.208870349818422
2025,11,Austrian Grand Prix,2025-06-29,red_bull_ring,Red Bull Ring,piastri,PIA,Oscar Piastri,mclaren,McLaren,81,,2.0,2,18.0,70,Finished,1.0,1:07.924,,,PIA,,,,,,3.0,2.0,2.0,2.333333333333333,2.0,3,True,RACE,CLOCKWISE,47.219722,14.764722,4.326,10,40,ground_effect,2,normal,,,,,,,,,,,,,4.0,2.6666666666666665,2.4,12.0,18.4,3.7,34.2,9.0,2,False,False,,,,,,,,,,,,,23.75,21.5,25.4,58.25,0.3,3.0,1.0,5.0,7.2,325.05193827833705,27.75,4.0,24.845,21.5,26.3,52.525,0.5,5.0,1.0,7.25,11.4,325.22588862450937,41.475,9.0,24.238333333333333,20.1,26.3,55.51666666666667,0.5,5.0,1.0,7.291666666666667,11.4,332.62412852427525,41.06666666666667,13.0,,,,,,,,,,,,,3.080814286227666
2025,11,Austrian Grand Prix,2025-06-29,red_bull_ring,Red Bull Ring,gasly,GAS,Pierre Gasly,alpine,Alpine F1 Team,10,,13.0,13,0.0,69,Lapped,15.0,1:10.151,,,GAS,,,,,,5.0,14.0,17.0,12.0,5.0,3,True,RACE,CLOCKWISE,47.219722,14.764722,4.326,10,40,ground_effect,2,normal,,,,,,,,,,,,,15.0,14.333333333333334,13.8,0.0,0.8,14.6,0.8,11.555555555555555,9,False,False,,,,,,,,,,,,,23.75,21.5,25.4,58.25,0.3,3.0,1.0,5.0,7.2,325.05193827833705,27.75,4.0,24.845,21.5,26.3,52.525,0.5,5.0,1.0,7.25,11.4,325.22588862450937,41.475,9.0,24.238333333333333,20.1,26.3,55.51666666666667,0.5,5.0,1.0,7.291666666666667,11.4,332.62412852427525,41.06666666666667,13.0,,,,,,,,,,,,,12.439086067815051
2025,11,Austrian Grand Prix,2025-06-29,red_bull_ring,Red Bull Ring,tsunoda,TSU,Yuki Tsunoda,red_bull,Red Bull,22,,16.0,16,0.0,68,Lapped,11.0,1:09.802,,,TSU,,,,,,17.0,7.0,9.0,11.0,7.0,3,True,RACE,CLOCKWISE,47.219722,14.764722,4.326,10,40,ground_effect,2,normal,,,,,,,,,,,,,12.0,14.0,12.4,0.0,0.4,8.3,14.0,14.2,5,False,False,,,,,,,,,,,,,23.75,21.5,25.4,58.25,0.3,3.0,1.0,5.0,7.2,325.05193827833705,27.75,4.0,24.845,21.5,26.3,52.525,0.5,5.0,1.0,7.25,11.4,325.22588862450937,41.475,9.0,24.238333333333333,20.1,26.3,55.51666666666667,0.5,5.0,1.0,7.291666666666667,11.4,332.62412852427525,41.06666666666667,13.0,,,,,,,,,,,,,9.684734075468054
2025,12,British Grand Prix,2025-07-06,silverstone,Silverstone Circuit,albon,ALB,Alexander Albon,williams,Williams,23,,8.0,8,4.0,52,Finished,4.0,1:30.047,,,ALB,,,,,,7.0,11.0,7.0,8.333333333333334,7.0,3,True,RACE,CLOCKWISE,52.078611,-1.016944,5.891,18,61,ground_effect,2,normal,,,,,,,,,,,,,17.0,18.666666666666668,14.0,0.0,2.4,13.2,3.6,10.333333333333334,6,False,False,,,,,,,,,,,,,21.2,19.3,23.2,47.75,0.0,0.0,0.0,17.225,20.5,231.7502333693173,53.25,4.0,22.39,19.3,24.0,42.375,0.0,0.0,0.0,20.6425,26.0,235.0752556833357,52.525,9.0,21.31,18.8,24.0,52.16666666666666,0.2,2.0,1.0,21.695,26.0,238.96799976128145,68.35000000000001,13.0,,,,,,,,,,,,,11.463939879528786
2025,12,British Grand Prix,2025-07-06,silverstone,Silverstone Circuit,antonelli,ANT,Andrea Kimi Antonelli,mercedes,Mercedes,12,,16.0,R,0.0,23,Retired,17.0,1:45.576,,,ANT,,,,,,9.0,6.0,14.0,9.666666666666666,6.0,3,True,RACE,CLOCKWISE,52.078611,-1.016944,5.891,18,61,ground_effect,2,normal,,,,,,,,,,,,,19.0,13.333333333333334,15.4,0.0,3.0,10.5,13.6,,0,False,False,,,,,,,,,,,,,21.2,19.3,23.2,47.75,0.0,0.0,0.0,17.225,20.5,231.7502333693173,53.25,4.0,22.39,19.3,24.0,42.375,0.0,0.0,0.0,20.6425,26.0,235.0752556833357,52.525,9.0,21.31,18.8,24.0,52.16666666666666,0.2,2.0,1.0,21.695,26.0,238.96799976128145,68.35000000000001,13.0,,,,,,,,,,,,,8.631552847751365
2025,12,British Grand Prix,2025-07-06,silverstone,Silverstone Circuit,sainz,SAI,Carlos Sainz,williams,Williams,55,,12.0,12,0.0,52,Finished,7.0,1:30.645,,,SAI,,,,,,13.0,16.0,12.0,13.666666666666666,12.0,3,True,RACE,CLOCKWISE,52.078611,-1.016944,5.891,18,61,ground_effect,2,normal,,,,,,,,,,,,,20.0,14.666666666666666,12.4,0.0,1.2,13.2,3.6,10.181818181818182,11,False,False,,,,,,,,,,,,,21.2,19.3,23.2,47.75,0.0,0.0,0.0,17.225,20.5,231.7502333693173,53.25,4.0,22.39,19.3,24.0,42.375,0.0,0.0,0.0,20.6425,26.0,235.0752556833357,52.525,9.0,21.31,18.8,24.0,52.16666666666666,0.2,2.0,1.0,21.695,26.0,238.96799976128145,68.35000000000001,13.0,,,,,,,,,,,,,13.267554495947435
2025,12,British Grand Prix,2025-07-06,silverstone,Silverstone Circuit,leclerc,LEC,Charles Leclerc,ferrari,Ferrari,16,,14.0,14,0.0,52,Finished,10.0,1:30.819,,,LEC,,,,,,4.0,2.0,1.0,2.333333333333333,1.0,3,True,RACE,CLOCKWISE,52.078611,-1.016944,5.891,18,61,ground_effect,2,normal,,,,,,,,,,,,,3.0,3.6666666666666665,3.8,15.0,13.2,4.4,23.2,7.25,8,False,False,,,,,,,,,,,,,21.2,19.3,23.2,47.75,0.0,0.0,0.0,17.225,20.5,231.7502333693173,53.25,4.0,22.39,19.3,24.0,42.375,0.0,0.0,0.0,20.6425,26.0,235.0752556833357,52.525,9.0,21.31,18.8,24.0,52.16666666666666,0.2,2.0,1.0,21.695,26.0,238.96799976128145,68.35000000000001,13.0,,,,,,,,,,,,,3.1621055547697763
2025,12,British Grand Prix,2025-07-06,silverstone,Silverstone Circuit,ocon,OCO,Esteban Ocon,haas,Haas F1 Team,31,,13.0,13,0.0,52,Finished,9.0,1:30.818,,,OCO,,,,,,15.0,14.0,13.0,14.0,13.0,3,True,RACE,CLOCKWISE,52.078611,-1.016944,5.891,18,61,ground_effect,2,normal,,,,,,,,,,,,,10.0,11.666666666666666,12.4,1.0,1.8,13.0,1.8,11.125,8,False,False,,,,,,,,,,,,,21.2,19.3,23.2,47.75,0.0,0.0,0.0,17.225,20.5,231.7502333693173,53.25,4.0,22.39,19.3,24.0,42.375,0.0,0.0,0.0,20.6425,26.0,235.0752556833357,52.525,9.0,21.31,18.8,24.0,52.16666666666666,0.2,2.0,1.0,21.695,26.0,238.96799976128145,68.35000000000001,13.0,,,,,,,,,,,,,13.711490250162825
2025,12,British Grand Prix,2025-07-06,silverstone,Silverstone Circuit,alonso,ALO,Fernando Alonso,aston_martin,Aston Martin,14,,9.0,9,2.0,52,Finished,6.0,1:30.353,,,ALO,,,,,,11.0,12.0,17.0,13.333333333333334,11.0,3,True,RACE,CLOCKWISE,52.078611,-1.016944,5.891,18,61,ground_effect,2,normal,,,,,,,,,,,,,7.0,7.666666666666667,10.6,6.0,2.8,12.3,2.8,9.11111111111111,9,False,False,,,,,,,,,,,,,21.2,19.3,23.2,47.75,0.0,0.0,0.0,17.225,20.5,231.7502333693173,53.25,4.0,22.39,19.3,24.0,42.375,0.0,0.0,0.0,20.6425,26.0,235.0752556833357,52.525,9.0,21.31,18.8,24.0,52.16666666666666,0.2,2.0,1.0,21.695,26.0,238.96799976128145,68.35000000000001,13.0,,,,,,,,,,,,,13.46486423175939
2025,12,British Grand Prix,2025-07-06,silverstone,Silverstone Circuit,colapinto,COL,Franco Colapinto,alpine,Alpine F1 Team,43,,20.0,W,0.0,0,Did not start,,,,,COL,,,,,,16.0,20.0,18.0,18.0,16.0,3,True,RACE,CLOCKWISE,52.078611,-1.016944,5.891,18,61,ground_effect,2,normal,,,,,,,,,,,,,15.0,14.333333333333334,14.4,0.0,0.0,14.1,0.8,,0,False,False,,,,,,,,,,,,,21.2,19.3,23.2,47.75,0.0,0.0,0.0,17.225,20.5,231.7502333693173,53.25,4.0,22.39,19.3,24.0,42.375,0.0,0.0,0.0,20.6425,26.0,235.0752556833357,52.525,9.0,21.31,18.8,24.0,52.16666666666666,0.2,2.0,1.0,21.695,26.0,238.96799976128145,68.35000000000001,13.0,,,,,,,,,,,,,14.76757491146725
2025,12,British Grand Prix,2025-07-06,silverstone,Silverstone Circuit,bortoleto,BOR,Gabriel Bortoleto,sauber,Sauber,5,,18.0,R,0.0,3,Retired,18.0,2:16.121,,,BOR,,,,,,20.0,13.0,16.0,16.333333333333332,13.0,3,True,RACE,CLOCKWISE,52.078611,-1.016944,5.891,18,61,ground_effect,2,normal,,,,,,,,,,,,,8.0,11.333333333333334,13.2,4.0,0.8,11.6,4.0,,0,False,False,,,,,,,,,,,,,21.2,19.3,23.2,47.75,0.0,0.0,0.0,17.225,20.5,231.7502333693173,53.25,4.0,22.39,19.3,24.0,42.375,0.0,0.0,0.0,20.6425,26.0,235.0752556833357,52.525,9.0,21.31,18.8,24.0,52.16666666666666,0.2,2.0,1.0,21.695,26.0,238.96799976128145,68.35000000000001,13.0,,,,,,,,,,,,,13.61869150775924
2025,12,British Grand Prix,2025-07-06,silverstone,Silverstone Circuit,russell,RUS,George Russell,mercedes,Mercedes,63,,10.0,10,1.0,52,Finished,11.0,1:30.869,,,RUS,,,,,,5.0,8.0,8.0,7.0,5.0,3,True,RACE,CLOCKWISE,52.078611,-1.016944,5.891,18,61,ground_effect,2,normal,,,,,,,,,,,,,5.0,3.333333333333333,5.6,10.0,10.6,10.5,13.6,14.0,7,False,False,,,,,,,,,,,,,21.2,19.3,23.2,47.75,0.0,0.0,0.0,17.225,20.5,231.7502333693173,53.25,4.0,22.39,19.3,24.0,42.375,0.0,0.0,0.0,20.6425,26.0,235.0752556833357,52.525,9.0,21.31,18.8,24.0,52.16666666666666,0.2,2.0,1.0,21.695,26.0,238.96799976128145,68.35000000000001,13.0,,,,,,,,,,,,,8.228414463158126
2025,12,British Grand Prix,2025-07-06,silverstone,Silverstone Circuit,hadjar,HAD,Isack Hadjar,rb,RB F1 Team,6,,17.0,R,0.0,17,Retired,16.0,1:41.705,,,HAD,,,,,,6.0,9.0,9.0,8.0,6.0,3,True,RACE,CLOCKWISE,52.078611,-1.016944,5.891,18,61,ground_effect,2,normal,,,,,,,,,,,,,12.0,11.666666666666666,10.0,0.0,3.2,10.8,5.6,,0,False,False,,,,,,,,,,,,,21.2,19.3,23.2,47.75,0.0,0.0,0.0,17.225,20.5,231.7502333693173,53.25,4.0,22.39,19.3,24.0,42.375,0.0,0.0,0.0,20.6425,26.0,235.0752556833357,52.525,9.0,21.31,18.8,24.0,52.16666666666666,0.2,2.0,1.0,21.695,26.0,238.96799976128145,68.35000000000001,13.0,,,,,,,,,,,,,9.769563928048191
2025,12,British Grand Prix,2025-07-06,silverstone,Silverstone Circuit,stroll,STR,Lance Stroll,aston_martin,Aston Martin,18,,7.0,7,6.0,52,Finished,15.0,1:32.088,,,STR,,,,,,12.0,7.0,19.0,12.666666666666666,7.0,3,True,RACE,CLOCKWISE,52.078611,-1.016944,5.891,18,61,ground_effect,2,normal,,,,,,,,,,,,,14.0,15.333333333333334,15.4,0.0,0.0,12.3,2.8,10.666666666666666,9,False,False,,,,,,,,,,,,,21.2,19.3,23.2,47.75,0.0,0.0,0.0,17.225,20.5,231.7502333693173,53.25,4.0,22.39,19.3,24.0,42.375,0.0,0.0,0.0,20.6425,26.0,235.0752556833357,52.525,9.0,21.31,18.8,24.0,52.16666666666666,0.2,2.0,1.0,21.695,26.0,238.96799976128145,68.35000000000001,13.0,,,,,,,,,,,,,13.1567165837955
2025,12,British Grand Prix,2025-07-06,silverstone,Silverstone Circuit,norris,NOR,Lando Norris,mclaren,McLaren,4,,1.0,1,25.0,52,Finished,2.0,1:29.734,,,NOR,,,,,,2.0,1.0,4.0,2.333333333333333,1.0,3,True,RACE,CLOCKWISE,52.078611,-1.016944,5.891,18,61,ground_effect,2,normal,,,,,,,,,,,,,1.0,7.0,4.8,25.0,17.2,3.7,34.2,5.714285714285714,7,False,False,,,,,,,,,,,,,21.2,19.3,23.2,47.75,0.0,0.0,0.0,17.225,20.5,231.7502333693173,53.25,4.0,22.39,19.3,24.0,42.375,0.0,0.0,0.0,20.6425,26.0,235.0752556833357,52.525,9.0,21.31,18.8,24.0,52.16666666666666,0.2,2.0,1.0,21.695,26.0,238.96799976128145,68.35000000000001,13.0,,,,,,,,,,,,,2.7663194890123832
2025,12,British Grand Prix,2025-07-06,silverstone,Silverstone Circuit,hamilton,HAM,Lewis Hamilton,ferrari,Ferrari,44,,4.0,4,12.0,52,Finished,3.0,1:30.016,,,HAM,,,,,,1.0,3.0,11.0,5.0,1.0,3,True,RACE,CLOCKWISE,52.078611,-1.016944,5.891,18,61,ground_effect,2,normal,,,,,,,,,,,,,4.0,5.333333333333333,5.0,12.0,10.0,4.4,23.2,1.5,12,False,False,,,,,,,,,,,,,21.2,19.3,23.2,47.75,0.0,0.0,0.0,17.225,20.5,231.7502333693173,53.25,4.0,22.39,19.3,24.0,42.375,0.0,0.0,0.0,20.6425,26.0,235.0752556833357,52.525,9.0,21.31,18.8,24.0,52.16666666666666,0.2,2.0,1.0,21.695,26.0,238.96799976128145,68.35000000000001,13.0,,,,,,,,,,,,,6.028800889964262
2025,12,British Grand Prix,2025-07-06,silverstone,Silverstone Circuit,lawson,LAW,Liam Lawson,rb,RB F1 Team,30,,19.0,R,0.0,0,Retired,,,,,LAW,,,,,,8.0,10.0,10.0,9.333333333333334,8.0,3,True,RACE,CLOCKWISE,52.078611,-1.016944,5.891,18,61,ground_effect,2,normal,,,,,,,,,,,,,6.0,12.0,11.6,8.0,2.4,10.8,5.6,,0,False,False,,,,,,,,,,,,,21.2,19.3,23.2,47.75,0.0,0.0,0.0,17.225,20.5,231.7502333693173,53.25,4.0,22.39,19.3,24.0,42.375,0.0,0.0,0.0,20.6425,26.0,235.0752556833357,52.525,9.0,21.31,18.8,24.0,52.16666666666666,0.2,2.0,1.0,21.695,26.0,238.96799976128145,68.35000000000001,13.0,,,,,,,,,,,,,11.124385833206212
2025,12,British Grand Prix,2025-07-06,silverstone,Silverstone Circuit,max_verstappen,VER,Max Verstappen,red_bull,Red Bull,1,,5.0,5,10.0,52,Finished,5.0,1:30.179,,,VER,,,,,,10.0,5.0,3.0,6.0,3.0,3,True,RACE,CLOCKWISE,52.078611,-1.016944,5.891,18,61,ground_effect,2,normal,,,,,,,,,,,,,18.0,10.0,7.0,0.0,11.2,10.3,11.4,6.818181818181818,11,False,False,,,,,,,,,,,,,21.2,19.3,23.2,47.75,0.0,0.0,0.0,17.225,20.5,231.7502333693173,53.25,4.0,22.39,19.3,24.0,42.375,0.0,0.0,0.0,20.6425,26.0,235.0752556833357,52.525,9.0,21.31,18.8,24.0,52.16666666666666,0.2,2.0,1.0,21.695,26.0,238.96799976128145,68.35000000000001,13.0,,,,,,,,,,,,,5.074144812435747
2025,12,British Grand Prix,2025-07-06,silverstone,Silverstone Circuit,hulkenberg,HUL,Nico Hülkenberg,sauber,Sauber,27,,3.0,3,15.0,52,Finished,14.0,1:30.933,,,HUL,,,,,,,17.0,15.0,16.0,15.0,2,True,RACE,CLOCKWISE,52.078611,-1.016944,5.891,18,61,ground_effect,2,normal,,,,,,,,,,,,,9.0,7.333333333333333,10.0,2.0,3.2,11.6,4.0,9.0,10,False,False,,,,,,,,,,,,,21.2,19.3,23.2,47.75,0.0,0.0,0.0,17.225,20.5,231.7502333693173,53.25,4.0,22.39,19.3,24.0,42.375,0.0,0.0,0.0,20.6425,26.0,235.0752556833357,52.525,9.0,21.31,18.8,24.0,52.16666666666666,0.2,2.0,1.0,21.695,26.0,238.96799976128145,68.35000000000001,13.0,,,,,,,,,,,,,13.506413044389195
2025,12,British Grand Prix,2025-07-06,silverstone,Silverstone Circuit,bearman,BEA,Oliver Bearman,haas,Haas F1 Team,87,,11.0,11,0.0,52,Finished,13.0,1:30.921,,,BEA,,,,,,18.0,19.0,6.0,14.333333333333334,6.0,3,True,RACE,CLOCKWISE,52.078611,-1.016944,5.891,18,61,ground_effect,2,normal,,,,,,,,,,,,,11.0,13.0,13.6,0.0,0.0,13.0,1.8,,0,False,False,,,,,,,,,,,,,21.2,19.3,23.2,47.75,0.0,0.0,0.0,17.225,20.5,231.7502333693173,53.25,4.0,22.39,19.3,24.0,42.375,0.0,0.0,0.0,20.6425,26.0,235.0752556833357,52.525,9.0,21.31,18.8,24.0,52.16666666666666,0.2,2.0,1.0,21.695,26.0,238.96799976128145,68.35000000000001,13.0,,,,,,,,,,,,,14.244494264665523
2025,12,British Grand Prix,2025-07-06,silverstone,Silverstone Circuit,piastri,PIA,Oscar Piastri,mclaren,McLaren,81,,2.0,2,18.0,52,Finished,1.0,1:29.337,,,PIA,,,,,,3.0,4.0,2.0,3.0,2.0,3,True,RACE,CLOCKWISE,52.078611,-1.016944,5.891,18,61,ground_effect,2,normal,,,,,,,,,,,,,2.0,2.333333333333333,2.6,18.0,17.0,3.7,34.2,4.0,2,False,False,,,,,,,,,,,,,21.2,19.3,23.2,47.75,0.0,0.0,0.0,17.225,20.5,231.7502333693173,53.25,4.0,22.39,19.3,24.0,42.375,0.0,0.0,0.0,20.6425,26.0,235.0752556833357,52.525,9.0,21.31,18.8,24.0,52.16666666666666,0.2,2.0,1.0,21.695,26.0,238.96799976128145,68.35000000000001,13.0,,,,,,,,,,,,,3.062718205372947
2025,12,British Grand Prix,2025-07-06,silverstone,Silverstone Circuit,gasly,GAS,Pierre Gasly,alpine,Alpine F1 Team,10,,6.0,6,8.0,52,Finished,8.0,1:30.751,,,GAS,,,,,,19.0,18.0,20.0,19.0,18.0,3,True,RACE,CLOCKWISE,52.078611,-1.016944,5.891,18,61,ground_effect,2,normal,,,,,,,,,,,,,13.0,12.0,13.8,0.0,0.8,14.1,0.8,12.5,8,False,False,,,,,,,,,,,,,21.2,19.3,23.2,47.75,0.0,0.0,0.0,17.225,20.5,231.7502333693173,53.25,4.0,22.39,19.3,24.0,42.375,0.0,0.0,0.0,20.6425,26.0,235.0752556833357,52.525,9.0,21.31,18.8,24.0,52.16666666666666,0.2,2.0,1.0,21.695,26.0,238.96799976128145,68.35000000000001,13.0,,,,,,,,,,,,,13.381738414212487
2025,12,British Grand Prix,2025-07-06,silverstone,Silverstone Circuit,tsunoda,TSU,Yuki Tsunoda,red_bull,Red Bull,22,,15.0,15,0.0,51,Lapped,12.0,1:30.873,,,TSU,,,,,,,15.0,5.0,10.0,5.0,2,True,RACE,CLOCKWISE,52.078611,-1.016944,5.891,18,61,ground_effect,2,normal,,,,,,,,,,,,,16.0,13.666666666666666,13.6,0.0,0.2,10.3,11.4,12.5,4,False,False,,,,,,,,,,,,,21.2,19.3,23.2,47.75,0.0,0.0,0.0,17.225,20.5,231.7502333693173,53.25,4.0,22.39,19.3,24.0,42.375,0.0,0.0,0.0,20.6425,26.0,235.0752556833357,52.525,9.0,21.31,18.8,24.0,52.16666666666666,0.2,2.0,1.0,21.695,26.0,238.96799976128145,68.35000000000001,13.0,,,,,,,,,,,,,10.058690365106115
2025,13,Belgian Grand Prix,2025-07-27,spa,Circuit de Spa-Francorchamps,albon,ALB,Alexander Albon,williams,Williams,23,,6.0,6,8.0,44,Finished,15.0,1:46.813,,,ALB,,,,,,12.0,,,12.0,12.0,1,True,RACE,CLOCKWISE,50.437222,5.971389,7.004,19,59,ground_effect,2,sprint,,,,,,,,,,,,,8.0,15.0,14.6,4.0,1.2,13.9,1.6,9.4,5,False,False,,,,,,,,,,,,,18.8,17.4,20.1,79.5,0.3,2.0,1.0,7.75,8.1,342.2501666669744,19.75,4.0,19.276666666666667,15.2,21.5,75.33333333333333,0.8999999999999999,5.0,1.0,8.786666666666667,12.0,336.81335195689087,38.8,13.0,19.276666666666667,15.2,21.5,75.33333333333333,0.8999999999999999,5.0,1.0,8.786666666666667,12.0,336.81335195689087,38.8,13.0,,,,,,,,,,,,,12.11503676375446
2025,13,Belgian Grand Prix,2025-07-27,spa,Circuit de Spa-Francorchamps,antonelli,ANT,Andrea Kimi Antonelli,mercedes,Mercedes,12,,16.0,16,0.0,44,Finished,1.0,1:44.861,,,ANT,,,,,,6.0,,,6.0,6.0,1,True,RACE,CLOCKWISE,50.437222,5.971389,7.004,19,59,ground_effect,2,sprint,,,,,,,,,,,,,16.0,12.666666666666666,14.8,0.0,3.0,10.5,12.6,,0,False,False,,,,,,,,,,,,,18.8,17.4,20.1,79.5,0.3,2.0,1.0,7.75,8.1,342.2501666669744,19.75,4.0,19.276666666666667,15.2,21.5,75.33333333333333,0.8999999999999999,5.0,1.0,8.786666666666667,12.0,336.81335195689087,38.8,13.0,19.276666666666667,15.2,21.5,75.33333333333333,0.8999999999999999,5.0,1.0,8.786666666666667,12.0,336.81335195689087,38.8,13.0,,,,,,,,,,,,,7.9007457872511235
2025,13,Belgian Grand Prix,2025-07-27,spa,Circuit de Spa-Francorchamps,sainz,SAI,Carlos Sainz,williams,Williams,55,,18.0,18,0.0,44,Finished,6.0,1:46.073,,,SAI,,,,,,11.0,,,11.0,11.0,1,True,RACE,CLOCKWISE,50.437222,5.971389,7.004,19,59,ground_effect,2,sprint,,,,,,,,,,,,,12.0,14.0,13.2,0.0,0.4,13.9,1.6,13.5,10,False,False,,,,,,,,,,,,,18.8,17.4,20.1,79.5,0.3,2.0,1.0,7.75,8.1,342.2501666669744,19.75,4.0,19.276666666666667,15.2,21.5,75.33333333333333,0.8999999999999999,5.0,1.0,8.786666666666667,12.0,336.81335195689087,38.8,13.0,19.276666666666667,15.2,21.5,75.33333333333333,0.8999999999999999,5.0,1.0,8.786666666666667,12.0,336.81335195689087,38.8,13.0,,,,,,,,,,,,,12.653639439246689
2025,13,Belgian Grand Prix,2025-07-27,spa,Circuit de Spa-Francorchamps,leclerc,LEC,Charles Leclerc,ferrari,Ferrari,16,,3.0,3,15.0,44,Finished,9.0,1:46.174,,,LEC,,,,,,5.0,,,5.0,5.0,1,True,RACE,CLOCKWISE,50.437222,5.971389,7.004,19,59,ground_effect,2,sprint,,,,,,,,,,,,,14.0,7.333333333333333,5.4,0.0,11.6,5.2,21.6,7.571428571428571,7,False,False,,,,,,,,,,,,,18.8,17.4,20.1,79.5,0.3,2.0,1.0,7.75,8.1,342.2501666669744,19.75,4.0,19.276666666666667,15.2,21.5,75.33333333333333,0.8999999999999999,5.0,1.0,8.786666666666667,12.0,336.81335195689087,38.8,13.0,19.276666666666667,15.2,21.5,75.33333333333333,0.8999999999999999,5.0,1.0,8.786666666666667,12.0,336.81335195689087,38.8,13.0,,,,,,,,,,,,,6.344011102429453
2025,13,Belgian Grand Prix,2025-07-27,spa,Circuit de Spa-Francorchamps,ocon,OCO,Esteban Ocon,haas,Haas F1 Team,31,,15.0,15,0.0,44,Finished,14.0,1:46.744,,,OCO,,,,,,16.0,,,16.0,16.0,1,True,RACE,CLOCKWISE,50.437222,5.971389,7.004,19,59,ground_effect,2,sprint,,,,,,,,,,,,,13.0,10.666666666666666,11.0,0.0,1.8,11.7,1.8,8.375,8,False,False,,,,,,,,,,,,,18.8,17.4,20.1,79.5,0.3,2.0,1.0,7.75,8.1,342.2501666669744,19.75,4.0,19.276666666666667,15.2,21.5,75.33333333333333,0.8999999999999999,5.0,1.0,8.786666666666667,12.0,336.81335195689087,38.8,13.0,19.276666666666667,15.2,21.5,75.33333333333333,0.8999999999999999,5.0,1.0,8.786666666666667,12.0,336.81335195689087,38.8,13.0,,,,,,,,,,,,,12.621609342524584
2025,13,Belgian Grand Prix,2025-07-27,spa,Circuit de Spa-Francorchamps,alonso,ALO,Fernando Alonso,aston_martin,Aston Martin,14,,17.0,17,0.0,44,Finished,5.0,1:45.849,,,ALO,,,,,,9.0,,,9.0,9.0,1,True,RACE,CLOCKWISE,50.437222,5.971389,7.004,19,59,ground_effect,2,sprint,,,,,,,,,,,,,9.0,7.666666666666667,10.2,2.0,3.2,11.3,4.4,10.333333333333334,9,False,False,,,,,,,,,,,,,18.8,17.4,20.1,79.5,0.3,2.0,1.0,7.75,8.1,342.2501666669744,19.75,4.0,19.276666666666667,15.2,21.5,75.33333333333333,0.8999999999999999,5.0,1.0,8.786666666666667,12.0,336.81335195689087,38.8,13.0,19.276666666666667,15.2,21.5,75.33333333333333,0.8999999999999999,5.0,1.0,8.786666666666667,12.0,336.81335195689087,38.8,13.0,,,,,,,,,,,,,11.201485452605631
2025,13,Belgian Grand Prix,2025-07-27,spa,Circuit de Spa-Francorchamps,colapinto,COL,Franco Colapinto,alpine,Alpine F1 Team,43,,19.0,19,0.0,44,Finished,8.0,1:46.104,,,COL,,,,,,19.0,,,19.0,19.0,1,True,RACE,CLOCKWISE,50.437222,5.971389,7.004,19,59,ground_effect,2,sprint,,,,,,,,,,,,,20.0,16.0,15.2,0.0,0.0,13.8,2.4,,0,False,False,,,,,,,,,,,,,18.8,17.4,20.1,79.5,0.3,2.0,1.0,7.75,8.1,342.2501666669744,19.75,4.0,19.276666666666667,15.2,21.5,75.33333333333333,0.8999999999999999,5.0,1.0,8.786666666666667,12.0,336.81335195689087,38.8,13.0,19.276666666666667,15.2,21.5,75.33333333333333,0.8999999999999999,5.0,1.0,8.786666666666667,12.0,336.81335195689087,38.8,13.0,,,,,,,,,,,,,13.453579598154919
2025,13,Belgian Grand Prix,2025-07-27,spa,Circuit de Spa-Francorchamps,bortoleto,BOR,Gabriel Bortoleto,sauber,Sauber,5,,9.0,9,2.0,44,Finished,16.0,1:46.966,,,BOR,,,,,,13.0,,,13.0,13.0,1,True,RACE,CLOCKWISE,50.437222,5.971389,7.004,19,59,ground_effect,2,sprint,,,,,,,,,,,,,18.0,13.333333333333334,13.2,0.0,0.8,10.7,7.0,,0,False,False,,,,,,,,,,,,,18.8,17.4,20.1,79.5,0.3,2.0,1.0,7.75,8.1,342.2501666669744,19.75,4.0,19.276666666666667,15.2,21.5,75.33333333333333,0.8999999999999999,5.0,1.0,8.786666666666667,12.0,336.81335195689087,38.8,13.0,19.276666666666667,15.2,21.5,75.33333333333333,0.8999999999999999,5.0,1.0,8.786666666666667,12.0,336.81335195689087,38.8,13.0,,,,,,,,,,,,,12.729439524085977
2025,13,Belgian Grand Prix,2025-07-27,spa,Circuit de Spa-Francorchamps,russell,RUS,George Russell,mercedes,Mercedes,63,,5.0,5,10.0,44,Finished,11.0,1:46.566,,,RUS,,,,,,4.0,,,4.0,4.0,1,True,RACE,CLOCKWISE,50.437222,5.971389,7.004,19,59,ground_effect,2,sprint,,,,,,,,,,,,,10.0,5.333333333333333,6.2,1.0,9.6,10.5,12.6,11.0,6,False,False,,,,,,,,,,,,,18.8,17.4,20.1,79.5,0.3,2.0,1.0,7.75,8.1,342.2501666669744,19.75,4.0,19.276666666666667,15.2,21.5,75.33333333333333,0.8999999999999999,5.0,1.0,8.786666666666667,12.0,336.81335195689087,38.8,13.0,19.276666666666667,15.2,21.5,75.33333333333333,0.8999999999999999,5.0,1.0,8.786666666666667,12.0,336.81335195689087,38.8,13.0,,,,,,,,,,,,,9.391394442223897
2025,13,Belgian Grand Prix,2025-07-27,spa,Circuit de Spa-Francorchamps,hadjar,HAD,Isack Hadjar,rb,RB F1 Team,6,,20.0,20,0.0,43,Lapped,20.0,1:47.667,,,HAD,,,,,,10.0,,,10.0,10.0,1,True,RACE,CLOCKWISE,50.437222,5.971389,7.004,19,59,ground_effect,2,sprint,,,,,,,,,,,,,17.0,15.0,11.6,0.0,2.8,12.1,5.2,,0,False,False,,,,,,,,,,,,,18.8,17.4,20.1,79.5,0.3,2.0,1.0,7.75,8.1,342.2501666669744,19.75,4.0,19.276666666666667,15.2,21.5,75.33333333333333,0.8999999999999999,5.0,1.0,8.786666666666667,12.0,336.81335195689087,38.8,13.0,19.276666666666667,15.2,21.5,75.33333333333333,0.8999999999999999,5.0,1.0,8.786666666666667,12.0,336.81335195689087,38.8,13.0,,,,,,,,,,,,,11.872155979419212
2025,13,Belgian Grand Prix,2025-07-27,spa,Circuit de Spa-Francorchamps,stroll,STR,Lance Stroll,aston_martin,Aston Martin,18,,14.0,14,0.0,44,Finished,18.0,1:47.212,,,STR,,,,,,8.0,,,8.0,8.0,1,True,RACE,CLOCKWISE,50.437222,5.971389,7.004,19,59,ground_effect,2,sprint,,,,,,,,,,,,,7.0,12.666666666666666,13.6,6.0,1.2,11.3,4.4,11.75,8,False,False,,,,,,,,,,,,,18.8,17.4,20.1,79.5,0.3,2.0,1.0,7.75,8.1,342.2501666669744,19.75,4.0,19.276666666666667,15.2,21.5,75.33333333333333,0.8999999999999999,5.0,1.0,8.786666666666667,12.0,336.81335195689087,38.8,13.0,19.276666666666667,15.2,21.5,75.33333333333333,0.8999999999999999,5.0,1.0,8.786666666666667,12.0,336.81335195689087,38.8,13.0,,,,,,,,,,,,,10.761067506024386
2025,13,Belgian Grand Prix,2025-07-27,spa,Circuit de Spa-Francorchamps,norris,NOR,Lando Norris,mclaren,McLaren,4,,2.0,2,18.0,44,Finished,3.0,1:45.257,,,NOR,,,,,,3.0,,,3.0,3.0,1,True,RACE,CLOCKWISE,50.437222,5.971389,7.004,19,59,ground_effect,2,sprint,,,,,,,,,,,,,1.0,6.666666666666667,4.6,25.0,18.6,3.5,36.2,9.333333333333334,6,False,False,,,,,,,,,,,,,18.8,17.4,20.1,79.5,0.3,2.0,1.0,7.75,8.1,342.2501666669744,19.75,4.0,19.276666666666667,15.2,21.5,75.33333333333333,0.8999999999999999,5.0,1.0,8.786666666666667,12.0,336.81335195689087,38.8,13.0,19.276666666666667,15.2,21.5,75.33333333333333,0.8999999999999999,5.0,1.0,8.786666666666667,12.0,336.81335195689087,38.8,13.0,,,,,,,,,,,,,4.0269055704254315
2025,13,Belgian Grand Prix,2025-07-27,spa,Circuit de Spa-Francorchamps,hamilton,HAM,Lewis Hamilton,ferrari,Ferrari,44,,7.0,7,6.0,44,Finished,10.0,1:46.534,,,HAM,,,,,,7.0,,,7.0,7.0,1,True,RACE,CLOCKWISE,50.437222,5.971389,7.004,19,59,ground_effect,2,sprint,,,,,,,,,,,,,4.0,4.666666666666667,5.0,12.0,10.0,5.2,21.6,5.181818181818182,11,False,False,,,,,,,,,,,,,18.8,17.4,20.1,79.5,0.3,2.0,1.0,7.75,8.1,342.2501666669744,19.75,4.0,19.276666666666667,15.2,21.5,75.33333333333333,0.8999999999999999,5.0,1.0,8.786666666666667,12.0,336.81335195689087,38.8,13.0,19.276666666666667,15.2,21.5,75.33333333333333,0.8999999999999999,5.0,1.0,8.786666666666667,12.0,336.81335195689087,38.8,13.0,,,,,,,,,,,,,6.249783679394566
2025,13,Belgian Grand Prix,2025-07-27,spa,Circuit de Spa-Francorchamps,lawson,LAW,Liam Lawson,rb,RB F1 Team,30,,8.0,8,4.0,44,Finished,12.0,1:46.649,,,LAW,,,,,,15.0,,,15.0,15.0,1,True,RACE,CLOCKWISE,50.437222,5.971389,7.004,19,59,ground_effect,2,sprint,,,,,,,,,,,,,19.0,14.666666666666666,12.6,0.0,2.4,12.1,5.2,,0,False,False,,,,,,,,,,,,,18.8,17.4,20.1,79.5,0.3,2.0,1.0,7.75,8.1,342.2501666669744,19.75,4.0,19.276666666666667,15.2,21.5,75.33333333333333,0.8999999999999999,5.0,1.0,8.786666666666667,12.0,336.81335195689087,38.8,13.0,19.276666666666667,15.2,21.5,75.33333333333333,0.8999999999999999,5.0,1.0,8.786666666666667,12.0,336.81335195689087,38.8,13.0,,,,,,,,,,,,,13.403556169759582
2025,13,Belgian Grand Prix,2025-07-27,spa,Circuit de Spa-Francorchamps,max_verstappen,VER,Max Verstappen,red_bull,Red Bull,1,,4.0,4,12.0,44,Finished,7.0,1:46.096,,,VER,,,,,,2.0,,,2.0,2.0,1,True,RACE,CLOCKWISE,50.437222,5.971389,7.004,19,59,ground_effect,2,sprint,,,,,,,,,,,,,5.0,8.333333333333334,7.8,10.0,8.2,11.2,8.2,7.1,10,False,False,,,,,,,,,,,,,18.8,17.4,20.1,79.5,0.3,2.0,1.0,7.75,8.1,342.2501666669744,19.75,4.0,19.276666666666667,15.2,21.5,75.33333333333333,0.8999999999999999,5.0,1.0,8.786666666666667,12.0,336.81335195689087,38.8,13.0,19.276666666666667,15.2,21.5,75.33333333333333,0.8999999999999999,5.0,1.0,8.786666666666667,12.0,336.81335195689087,38.8,13.0,,,,,,,,,,,,,5.159805251432679
2025,13,Belgian Grand Prix,2025-07-27,spa,Circuit de Spa-Francorchamps,hulkenberg,HUL,Nico Hülkenberg,sauber,Sauber,27,,12.0,12,0.0,44,Finished,2.0,1:45.068,,,HUL,,,,,,14.0,,,14.0,14.0,1,True,RACE,CLOCKWISE,50.437222,5.971389,7.004,19,59,ground_effect,2,sprint,,,,,,,,,,,,,3.0,6.666666666666667,8.2,15.0,6.2,10.7,7.0,13.0,8,False,False,,,,,,,,,,,,,18.8,17.4,20.1,79.5,0.3,2.0,1.0,7.75,8.1,342.2501666669744,19.75,4.0,19.276666666666667,15.2,21.5,75.33333333333333,0.8999999999999999,5.0,1.0,8.786666666666667,12.0,336.81335195689087,38.8,13.0,19.276666666666667,15.2,21.5,75.33333333333333,0.8999999999999999,5.0,1.0,8.786666666666667,12.0,336.81335195689087,38.8,13.0,,,,,,,,,,,,,11.857534787131524
2025,13,Belgian Grand Prix,2025-07-27,spa,Circuit de Spa-Francorchamps,bearman,BEA,Oliver Bearman,haas,Haas F1 Team,87,,11.0,11,0.0,44,Finished,13.0,1:46.709,,,BEA,,,,,,20.0,,,20.0,20.0,1,True,RACE,CLOCKWISE,50.437222,5.971389,7.004,19,59,ground_effect,2,sprint,,,,,,,,,,,,,11.0,11.0,12.4,0.0,0.0,11.7,1.8,,0,False,False,,,,,,,,,,,,,18.8,17.4,20.1,79.5,0.3,2.0,1.0,7.75,8.1,342.2501666669744,19.75,4.0,19.276666666666667,15.2,21.5,75.33333333333333,0.8999999999999999,5.0,1.0,8.786666666666667,12.0,336.81335195689087,38.8,13.0,19.276666666666667,15.2,21.5,75.33333333333333,0.8999999999999999,5.0,1.0,8.786666666666667,12.0,336.81335195689087,38.8,13.0,,,,,,,,,,,,,13.564410235218292
2025,13,Belgian Grand Prix,2025-07-27,spa,Circuit de Spa-Francorchamps,piastri,PIA,Oscar Piastri,mclaren,McLaren,81,,1.0,1,25.0,44,Finished,4.0,1:45.706,,,PIA,,,,,,1.0,,,1.0,1.0,1,True,RACE,CLOCKWISE,50.437222,5.971389,7.004,19,59,ground_effect,2,sprint,,,,,,,,,,,,,2.0,2.6666666666666665,2.4,18.0,17.6,3.5,36.2,11.0,2,False,False,,,,,,,,,,,,,18.8,17.4,20.1,79.5,0.3,2.0,1.0,7.75,8.1,342.2501666669744,19.75,4.0,19.276666666666667,15.2,21.5,75.33333333333333,0.8999999999999999,5.0,1.0,8.786666666666667,12.0,336.81335195689087,38.8,13.0,19.276666666666667,15.2,21.5,75.33333333333333,0.8999999999999999,5.0,1.0,8.786666666666667,12.0,336.81335195689087,38.8,13.0,,,,,,,,,,,,,4.5995926370537115
2025,13,Belgian Grand Prix,2025-07-27,spa,Circuit de Spa-Francorchamps,gasly,GAS,Pierre Gasly,alpine,Alpine F1 Team,10,,10.0,10,1.0,44,Finished,17.0,1:47.177,,,GAS,,,,,,17.0,,,17.0,17.0,1,True,RACE,CLOCKWISE,50.437222,5.971389,7.004,19,59,ground_effect,2,sprint,,,,,,,,,,,,,6.0,11.333333333333334,12.4,8.0,2.4,13.8,2.4,9.285714285714286,7,False,False,,,,,,,,,,,,,18.8,17.4,20.1,79.5,0.3,2.0,1.0,7.75,8.1,342.2501666669744,19.75,4.0,19.276666666666667,15.2,21.5,75.33333333333333,0.8999999999999999,5.0,1.0,8.786666666666667,12.0,336.81335195689087,38.8,13.0,19.276666666666667,15.2,21.5,75.33333333333333,0.8999999999999999,5.0,1.0,8.786666666666667,12.0,336.81335195689087,38.8,13.0,,,,,,,,,,,,,11.968260341265651
2025,13,Belgian Grand Prix,2025-07-27,spa,Circuit de Spa-Francorchamps,tsunoda,TSU,Yuki Tsunoda,red_bull,Red Bull,22,,13.0,13,0.0,44,Finished,19.0,1:47.241,,,TSU,,,,,,18.0,,,18.0,18.0,1,True,RACE,CLOCKWISE,50.437222,5.971389,7.004,19,59,ground_effect,2,sprint,,,,,,,,,,,,,15.0,14.333333333333334,14.6,0.0,0.0,11.2,8.2,13.5,4,False,False,,,,,,,,,,,,,18.8,17.4,20.1,79.5,0.3,2.0,1.0,7.75,8.1,342.2501666669744,19.75,4.0,19.276666666666667,15.2,21.5,75.33333333333333,0.8999999999999999,5.0,1.0,8.786666666666667,12.0,336.81335195689087,38.8,13.0,19.276666666666667,15.2,21.5,75.33333333333333,0.8999999999999999,5.0,1.0,8.786666666666667,12.0,336.81335195689087,38.8,13.0,,,,,,,,,,,,,13.786426792474595
2025,14,Hungarian Grand Prix,2025-08-03,hungaroring,Hungaroring,albon,ALB,Alexander Albon,williams,Williams,23,,15.0,15,0.0,69,Lapped,14.0,1:20.779,,,ALB,,,,,,11.0,18.0,16.0,15.0,11.0,3,True,RACE,CLOCKWISE,47.582222,19.251111,4.381,14,41,ground_effect,2,normal,,,,,,,,,,,,,6.0,10.333333333333334,14.0,8.0,2.4,14.4,2.6,11.4,5,False,False,,,,,,,,,,,,,25.825,23.8,27.5,37.75,0.2,2.0,1.0,8.5,10.3,275.24988097029774,21.0,4.0,26.8625,23.8,28.5,34.375,0.4,4.0,1.0,9.1,13.0,265.5312695244811,30.8,9.0,26.40833333333333,22.8,28.5,37.833333333333336,0.4,4.0,1.0,7.25,13.0,220.0302780034467,26.95,13.0,,,,,,,,,,,,,13.573323290364689
2025,14,Hungarian Grand Prix,2025-08-03,hungaroring,Hungaroring,antonelli,ANT,Andrea Kimi Antonelli,mercedes,Mercedes,12,,10.0,10,1.0,69,Lapped,13.0,1:20.745,,,ANT,,,,,,7.0,10.0,5.0,7.333333333333333,5.0,3,True,RACE,CLOCKWISE,47.582222,19.251111,4.381,14,41,ground_effect,2,normal,,,,,,,,,,,,,16.0,17.0,14.4,0.0,3.0,9.7,14.6,,0,False,False,,,,,,,,,,,,,25.825,23.8,27.5,37.75,0.2,2.0,1.0,8.5,10.3,275.24988097029774,21.0,4.0,26.8625,23.8,28.5,34.375,0.4,4.0,1.0,9.1,13.0,265.5312695244811,30.8,9.0,26.40833333333333,22.8,28.5,37.833333333333336,0.4,4.0,1.0,7.25,13.0,220.0302780034467,26.95,13.0,,,,,,,,,,,,,7.131463531709326
2025,14,Hungarian Grand Prix,2025-08-03,hungaroring,Hungaroring,sainz,SAI,Carlos Sainz,williams,Williams,55,,14.0,14,0.0,69,Lapped,4.0,1:19.790,,,SAI,,,,,,15.0,16.0,15.0,15.333333333333334,15.0,3,True,RACE,CLOCKWISE,47.582222,19.251111,4.381,14,41,ground_effect,2,normal,,,,,,,,,,,,,18.0,16.666666666666668,14.8,0.0,0.2,14.4,2.6,7.6,10,False,False,,,,,,,,,,,,,25.825,23.8,27.5,37.75,0.2,2.0,1.0,8.5,10.3,275.24988097029774,21.0,4.0,26.8625,23.8,28.5,34.375,0.4,4.0,1.0,9.1,13.0,265.5312695244811,30.8,9.0,26.40833333333333,22.8,28.5,37.833333333333336,0.4,4.0,1.0,7.25,13.0,220.0302780034467,26.95,13.0,,,,,,,,,,,,,14.099946313868609
2025,14,Hungarian Grand Prix,2025-08-03,hungaroring,Hungaroring,leclerc,LEC,Charles Leclerc,ferrari,Ferrari,16,,4.0,4,12.0,70,Finished,9.0,1:20.440,,,LEC,,,,,,3.0,3.0,3.0,3.0,3.0,3,True,RACE,CLOCKWISE,47.582222,19.251111,4.381,14,41,ground_effect,2,normal,,,,,,,,,,,,,3.0,6.666666666666667,5.6,15.0,11.0,5.5,20.2,10.0,7,False,False,,,,,,,,,,,,,25.825,23.8,27.5,37.75,0.2,2.0,1.0,8.5,10.3,275.24988097029774,21.0,4.0,26.8625,23.8,28.5,34.375,0.4,4.0,1.0,9.1,13.0,265.5312695244811,30.8,9.0,26.40833333333333,22.8,28.5,37.833333333333336,0.4,4.0,1.0,7.25,13.0,220.0302780034467,26.95,13.0,,,,,,,,,,,,,4.752089053477244
2025,14,Hungarian Grand Prix,2025-08-03,hungaroring,Hungaroring,ocon,OCO,Esteban Ocon,haas,Haas F1 Team,31,,16.0,16,0.0,69,Lapped,19.0,1:21.916,,,OCO,,,,,,12.0,13.0,17.0,14.0,12.0,3,True,RACE,CLOCKWISE,47.582222,19.251111,4.381,14,41,ground_effect,2,normal,,,,,,,,,,,,,15.0,12.666666666666666,12.6,0.0,0.6,12.4,0.6,11.857142857142858,7,False,False,,,,,,,,,,,,,25.825,23.8,27.5,37.75,0.2,2.0,1.0,8.5,10.3,275.24988097029774,21.0,4.0,26.8625,23.8,28.5,34.375,0.4,4.0,1.0,9.1,13.0,265.5312695244811,30.8,9.0,26.40833333333333,22.8,28.5,37.833333333333336,0.4,4.0,1.0,7.25,13.0,220.0302780034467,26.95,13.0,,,,,,,,,,,,,13.729138435951606
2025,14,Hungarian Grand Prix,2025-08-03,hungaroring,Hungaroring,alonso,ALO,Fernando Alonso,aston_martin,Aston Martin,14,,5.0,5,10.0,70,Finished,8.0,1:20.113,,,ALO,,,,,,,5.0,6.0,5.5,5.0,2,True,RACE,CLOCKWISE,47.582222,19.251111,4.381,14,41,ground_effect,2,normal,,,,,,,,,,,,,17.0,11.0,9.8,0.0,3.2,11.0,4.4,6.666666666666667,9,False,False,,,,,,,,,,,,,25.825,23.8,27.5,37.75,0.2,2.0,1.0,8.5,10.3,275.24988097029774,21.0,4.0,26.8625,23.8,28.5,34.375,0.4,4.0,1.0,9.1,13.0,265.5312695244811,30.8,9.0,26.40833333333333,22.8,28.5,37.833333333333336,0.4,4.0,1.0,7.25,13.0,220.0302780034467,26.95,13.0,,,,,,,,,,,,,9.622401285589133
2025,14,Hungarian Grand Prix,2025-08-03,hungaroring,Hungaroring,colapinto,COL,Franco Colapinto,alpine,Alpine F1 Team,43,,18.0,18,0.0,69,Lapped,16.0,1:20.827,,,COL,,,,,,18.0,20.0,13.0,17.0,13.0,3,True,RACE,CLOCKWISE,47.582222,19.251111,4.381,14,41,ground_effect,2,normal,,,,,,,,,,,,,19.0,18.0,16.4,0.0,0.0,13.4,2.6,,0,False,False,,,,,,,,,,,,,25.825,23.8,27.5,37.75,0.2,2.0,1.0,8.5,10.3,275.24988097029774,21.0,4.0,26.8625,23.8,28.5,34.375,0.4,4.0,1.0,9.1,13.0,265.5312695244811,30.8,9.0,26.40833333333333,22.8,28.5,37.833333333333336,0.4,4.0,1.0,7.25,13.0,220.0302780034467,26.95,13.0,,,,,,,,,,,,,15.562558244325274
2025,14,Hungarian Grand Prix,2025-08-03,hungaroring,Hungaroring,bortoleto,BOR,Gabriel Bortoleto,sauber,Sauber,5,,6.0,6,8.0,70,Finished,11.0,1:20.705,,,BOR,,,,,,19.0,17.0,9.0,15.0,9.0,3,True,RACE,CLOCKWISE,47.582222,19.251111,4.381,14,41,ground_effect,2,normal,,,,,,,,,,,,,9.0,11.666666666666666,12.2,2.0,1.2,9.8,7.4,,0,False,False,,,,,,,,,,,,,25.825,23.8,27.5,37.75,0.2,2.0,1.0,8.5,10.3,275.24988097029774,21.0,4.0,26.8625,23.8,28.5,34.375,0.4,4.0,1.0,9.1,13.0,265.5312695244811,30.8,9.0,26.40833333333333,22.8,28.5,37.833333333333336,0.4,4.0,1.0,7.25,13.0,220.0302780034467,26.95,13.0,,,,,,,,,,,,,12.1018224225187
2025,14,Hungarian Grand Prix,2025-08-03,hungaroring,Hungaroring,russell,RUS,George Russell,mercedes,Mercedes,63,,3.0,3,15.0,70,Finished,1.0,1:19.409,,,RUS,,,,,,8.0,7.0,8.0,7.666666666666667,7.0,3,True,RACE,CLOCKWISE,47.582222,19.251111,4.381,14,41,ground_effect,2,normal,,,,,,,,,,,,,5.0,6.666666666666667,5.0,10.0,11.6,9.7,14.6,9.833333333333334,6,False,False,,,,,,,,,,,,,25.825,23.8,27.5,37.75,0.2,2.0,1.0,8.5,10.3,275.24988097029774,21.0,4.0,26.8625,23.8,28.5,34.375,0.4,4.0,1.0,9.1,13.0,265.5312695244811,30.8,9.0,26.40833333333333,22.8,28.5,37.833333333333336,0.4,4.0,1.0,7.25,13.0,220.0302780034467,26.95,13.0,,,,,,,,,,,,,5.996519292129663
2025,14,Hungarian Grand Prix,2025-08-03,hungaroring,Hungaroring,hadjar,HAD,Isack Hadjar,rb,RB F1 Team,6,,11.0,11,0.0,69,Lapped,15.0,1:20.802,,,HAD,,,,,,4.0,8.0,20.0,10.666666666666666,4.0,3,True,RACE,CLOCKWISE,47.582222,19.251111,4.381,14,41,ground_effect,2,normal,,,,,,,,,,,,,20.0,16.333333333333332,14.4,0.0,1.2,13.5,3.6,,0,False,False,,,,,,,,,,,,,25.825,23.8,27.5,37.75,0.2,2.0,1.0,8.5,10.3,275.24988097029774,21.0,4.0,26.8625,23.8,28.5,34.375,0.4,4.0,1.0,9.1,13.0,265.5312695244811,30.8,9.0,26.40833333333333,22.8,28.5,37.833333333333336,0.4,4.0,1.0,7.25,13.0,220.0302780034467,26.95,13.0,,,,,,,,,,,,,11.382899447208384
2025,14,Hungarian Grand Prix,2025-08-03,hungaroring,Hungaroring,stroll,STR,Lance Stroll,aston_martin,Aston Martin,18,,7.0,7,6.0,70,Finished,12.0,1:20.708,,,STR,,,,,,10.0,4.0,7.0,7.0,4.0,3,True,RACE,CLOCKWISE,47.582222,19.251111,4.381,14,41,ground_effect,2,normal,,,,,,,,,,,,,14.0,11.666666666666666,13.4,0.0,1.2,11.0,4.4,12.75,8,False,False,,,,,,,,,,,,,25.825,23.8,27.5,37.75,0.2,2.0,1.0,8.5,10.3,275.24988097029774,21.0,4.0,26.8625,23.8,28.5,34.375,0.4,4.0,1.0,9.1,13.0,265.5312695244811,30.8,9.0,26.40833333333333,22.8,28.5,37.833333333333336,0.4,4.0,1.0,7.25,13.0,220.0302780034467,26.95,13.0,,,,,,,,,,,,,10.619630273185056
2025,14,Hungarian Grand Prix,2025-08-03,hungaroring,Hungaroring,norris,NOR,Lando Norris,mclaren,McLaren,4,,1.0,1,25.0,70,Finished,5.0,1:19.918,,,NOR,,,,,,1.0,1.0,2.0,1.3333333333333333,1.0,3,True,RACE,CLOCKWISE,47.582222,19.251111,4.381,14,41,ground_effect,2,normal,,,,,,,,,,,,,2.0,1.3333333333333333,4.8,18.0,17.2,3.4,36.8,8.0,6,False,False,,,,,,,,,,,,,25.825,23.8,27.5,37.75,0.2,2.0,1.0,8.5,10.3,275.24988097029774,21.0,4.0,26.8625,23.8,28.5,34.375,0.4,4.0,1.0,9.1,13.0,265.5312695244811,30.8,9.0,26.40833333333333,22.8,28.5,37.833333333333336,0.4,4.0,1.0,7.25,13.0,220.0302780034467,26.95,13.0,,,,,,,,,,,,,2.2988953201262325
2025,14,Hungarian Grand Prix,2025-08-03,hungaroring,Hungaroring,hamilton,HAM,Lewis Hamilton,ferrari,Ferrari,44,,12.0,12,0.0,69,Lapped,7.0,1:20.022,,,HAM,,,,,,5.0,6.0,4.0,5.0,4.0,3,True,RACE,CLOCKWISE,47.582222,19.251111,4.381,14,41,ground_effect,2,normal,,,,,,,,,,,,,7.0,5.0,5.4,6.0,9.2,5.5,20.2,2.5454545454545454,11,False,False,,,,,,,,,,,,,25.825,23.8,27.5,37.75,0.2,2.0,1.0,8.5,10.3,275.24988097029774,21.0,4.0,26.8625,23.8,28.5,34.375,0.4,4.0,1.0,9.1,13.0,265.5312695244811,30.8,9.0,26.40833333333333,22.8,28.5,37.833333333333336,0.4,4.0,1.0,7.25,13.0,220.0302780034467,26.95,13.0,,,,,,,,,,,,,5.223404354547712
2025,14,Hungarian Grand Prix,2025-08-03,hungaroring,Hungaroring,lawson,LAW,Liam Lawson,rb,RB F1 Team,30,,8.0,8,4.0,70,Finished,10.0,1:20.457,,,LAW,,,,,,14.0,15.0,14.0,14.333333333333334,14.0,3,True,RACE,CLOCKWISE,47.582222,19.251111,4.381,14,41,ground_effect,2,normal,,,,,,,,,,,,,8.0,11.0,12.6,4.0,2.4,13.5,3.6,,0,False,False,,,,,,,,,,,,,25.825,23.8,27.5,37.75,0.2,2.0,1.0,8.5,10.3,275.24988097029774,21.0,4.0,26.8625,23.8,28.5,34.375,0.4,4.0,1.0,9.1,13.0,265.5312695244811,30.8,9.0,26.40833333333333,22.8,28.5,37.833333333333336,0.4,4.0,1.0,7.25,13.0,220.0302780034467,26.95,13.0,,,,,,,,,,,,,13.46904788571194
2025,14,Hungarian Grand Prix,2025-08-03,hungaroring,Hungaroring,max_verstappen,VER,Max Verstappen,red_bull,Red Bull,1,,9.0,9,2.0,70,Finished,3.0,1:19.576,,,VER,,,,,,9.0,14.0,12.0,11.666666666666666,9.0,3,True,RACE,CLOCKWISE,47.582222,19.251111,4.381,14,41,ground_effect,2,normal,,,,,,,,,,,,,4.0,9.0,7.8,12.0,8.2,10.8,8.2,5.3,10,False,False,,,,,,,,,,,,,25.825,23.8,27.5,37.75,0.2,2.0,1.0,8.5,10.3,275.24988097029774,21.0,4.0,26.8625,23.8,28.5,34.375,0.4,4.0,1.0,9.1,13.0,265.5312695244811,30.8,9.0,26.40833333333333,22.8,28.5,37.833333333333336,0.4,4.0,1.0,7.25,13.0,220.0302780034467,26.95,13.0,,,,,,,,,,,,,8.092598167758233
2025,14,Hungarian Grand Prix,2025-08-03,hungaroring,Hungaroring,hulkenberg,HUL,Nico Hülkenberg,sauber,Sauber,27,,13.0,13,0.0,69,Lapped,6.0,1:20.013,,,HUL,,,,,,,12.0,10.0,11.0,10.0,2,True,RACE,CLOCKWISE,47.582222,19.251111,4.381,14,41,ground_effect,2,normal,,,,,,,,,,,,,12.0,8.0,7.4,0.0,6.2,9.8,7.4,14.75,8,False,False,,,,,,,,,,,,,25.825,23.8,27.5,37.75,0.2,2.0,1.0,8.5,10.3,275.24988097029774,21.0,4.0,26.8625,23.8,28.5,34.375,0.4,4.0,1.0,9.1,13.0,265.5312695244811,30.8,9.0,26.40833333333333,22.8,28.5,37.833333333333336,0.4,4.0,1.0,7.25,13.0,220.0302780034467,26.95,13.0,,,,,,,,,,,,,10.783139686518906
2025,14,Hungarian Grand Prix,2025-08-03,hungaroring,Hungaroring,bearman,BEA,Oliver Bearman,haas,Haas F1 Team,87,,20.0,R,0.0,48,Retired,20.0,1:21.989,,,BEA,,,,,,6.0,11.0,11.0,9.333333333333334,6.0,3,True,RACE,CLOCKWISE,47.582222,19.251111,4.381,14,41,ground_effect,2,normal,,,,,,,,,,,,,11.0,11.0,12.2,0.0,0.0,12.4,0.6,,0,False,False,,,,,,,,,,,,,25.825,23.8,27.5,37.75,0.2,2.0,1.0,8.5,10.3,275.24988097029774,21.0,4.0,26.8625,23.8,28.5,34.375,0.4,4.0,1.0,9.1,13.0,265.5312695244811,30.8,9.0,26.40833333333333,22.8,28.5,37.833333333333336,0.4,4.0,1.0,7.25,13.0,220.0302780034467,26.95,13.0,,,,,,,,,,,,,12.04659807230299
2025,14,Hungarian Grand Prix,2025-08-03,hungaroring,Hungaroring,piastri,PIA,Oscar Piastri,mclaren,McLaren,81,,2.0,2,18.0,70,Finished,2.0,1:19.412,,,PIA,,,,,,2.0,2.0,1.0,1.6666666666666667,1.0,3,True,RACE,CLOCKWISE,47.582222,19.251111,4.381,14,41,ground_effect,2,normal,,,,,,,,,,,,,1.0,1.6666666666666667,2.0,25.0,19.6,3.4,36.8,3.0,2,False,False,,,,,,,,,,,,,25.825,23.8,27.5,37.75,0.2,2.0,1.0,8.5,10.3,275.24988097029774,21.0,4.0,26.8625,23.8,28.5,34.375,0.4,4.0,1.0,9.1,13.0,265.5312695244811,30.8,9.0,26.40833333333333,22.8,28.5,37.833333333333336,0.4,4.0,1.0,7.25,13.0,220.0302780034467,26.95,13.0,,,,,,,,,,,,,3.1853733562613145
2025,14,Hungarian Grand Prix,2025-08-03,hungaroring,Hungaroring,gasly,GAS,Pierre Gasly,alpine,Alpine F1 Team,10,,19.0,19,0.0,69,Lapped,18.0,1:21.433,,,GAS,,,,,,13.0,19.0,18.0,16.666666666666668,13.0,3,True,RACE,CLOCKWISE,47.582222,19.251111,4.381,14,41,ground_effect,2,normal,,,,,,,,,,,,,10.0,9.666666666666666,10.4,1.0,2.6,13.4,2.6,12.714285714285714,7,False,False,,,,,,,,,,,,,25.825,23.8,27.5,37.75,0.2,2.0,1.0,8.5,10.3,275.24988097029774,21.0,4.0,26.8625,23.8,28.5,34.375,0.4,4.0,1.0,9.1,13.0,265.5312695244811,30.8,9.0,26.40833333333333,22.8,28.5,37.833333333333336,0.4,4.0,1.0,7.25,13.0,220.0302780034467,26.95,13.0,,,,,,,,,,,,,14.221205831127547
2025,14,Hungarian Grand Prix,2025-08-03,hungaroring,Hungaroring,tsunoda,TSU,Yuki Tsunoda,red_bull,Red Bull,22,,17.0,17,0.0,69,Lapped,17.0,1:21.180,,,TSU,,,,,,17.0,9.0,19.0,15.0,9.0,3,True,RACE,CLOCKWISE,47.582222,19.251111,4.381,14,41,ground_effect,2,normal,,,,,,,,,,,,,13.0,14.666666666666666,13.8,0.0,0.0,10.8,8.2,12.25,4,False,False,,,,,,,,,,,,,25.825,23.8,27.5,37.75,0.2,2.0,1.0,8.5,10.3,275.24988097029774,21.0,4.0,26.8625,23.8,28.5,34.375,0.4,4.0,1.0,9.1,13.0,265.5312695244811,30.8,9.0,26.40833333333333,22.8,28.5,37.833333333333336,0.4,4.0,1.0,7.25,13.0,220.0302780034467,26.95,13.0,,,,,,,,,,,,,13.40048477975508
2025,15,Dutch Grand Prix,2025-08-31,zandvoort,Circuit Park Zandvoort,albon,ALB,Alexander Albon,williams,Williams,23,,5.0,5,10.0,72,Finished,7.0,1:13.687,,,ALB,,,,,,5.0,17.0,7.0,9.666666666666666,5.0,3,True,RACE,CLOCKWISE,52.388819,4.540922,4.259,14,36,ground_effect,2,normal,,,,,,,,,,,,,15.0,9.666666666666666,13.2,0.0,2.4,14.0,2.6,11.333333333333334,3,False,False,,,,,,,,,,,,,17.075000000000003,15.4,18.6,74.5,0.0,0.0,0.0,18.025,19.2,166.25081619421243,38.5,4.0,18.207500000000003,15.4,19.9,69.35,0.2,2.0,1.0,19.3425,21.5,169.62227599994551,63.15,9.0,17.82166666666667,15.4,19.9,74.14999999999999,0.6000000000000001,4.0,1.0,19.861666666666668,22.1,187.2481839999637,53.01666666666667,13.0,,,,,,,,,,,,,12.197334425551174
2025,15,Dutch Grand Prix,2025-08-31,zandvoort,Circuit Park Zandvoort,antonelli,ANT,Andrea Kimi Antonelli,mercedes,Mercedes,12,,16.0,16,0.0,72,Finished,6.0,1:13.480,,,ANT,,,,,,20.0,12.0,17.0,16.333333333333332,12.0,3,True,RACE,CLOCKWISE,52.388819,4.540922,4.259,14,36,ground_effect,2,normal,,,,,,,,,,,,,10.0,14.0,12.8,1.0,3.2,8.8,15.4,,0,False,False,,,,,,,,,,,,,17.075000000000003,15.4,18.6,74.5,0.0,0.0,0.0,18.025,19.2,166.25081619421243,38.5,4.0,18.207500000000003,15.4,19.9,69.35,0.2,2.0,1.0,19.3425,21.5,169.62227599994551,63.15,9.0,17.82166666666667,15.4,19.9,74.14999999999999,0.6000000000000001,4.0,1.0,19.861666666666668,22.1,187.2481839999637,53.01666666666667,13.0,,,,,,,,,,,,,9.832162161775283
2025,15,Dutch Grand Prix,2025-08-31,zandvoort,Circuit Park Zandvoort,sainz,SAI,Carlos Sainz,williams,Williams,55,,13.0,13,0.0,72,Finished,10.0,1:13.808,,,SAI,,,,,,8.0,16.0,4.0,9.333333333333334,4.0,3,True,RACE,CLOCKWISE,52.388819,4.540922,4.259,14,36,ground_effect,2,normal,,,,,,,,,,,,,14.0,14.666666666666666,14.8,0.0,0.2,14.0,2.6,6.25,4,False,False,,,,,,,,,,,,,17.075000000000003,15.4,18.6,74.5,0.0,0.0,0.0,18.025,19.2,166.25081619421243,38.5,4.0,18.207500000000003,15.4,19.9,69.35,0.2,2.0,1.0,19.3425,21.5,169.62227599994551,63.15,9.0,17.82166666666667,15.4,19.9,74.14999999999999,0.6000000000000001,4.0,1.0,19.861666666666668,22.1,187.2481839999637,53.01666666666667,13.0,,,,,,,,,,,,,11.865226511583066
2025,15,Dutch Grand Prix,2025-08-31,zandvoort,Circuit Park Zandvoort,leclerc,LEC,Charles Leclerc,ferrari,Ferrari,16,,19.0,R,0.0,52,Retired,17.0,1:14.557,,,LEC,,,,,,14.0,8.0,6.0,9.333333333333334,6.0,3,True,RACE,CLOCKWISE,52.388819,4.540922,4.259,14,36,ground_effect,2,normal,,,,,,,,,,,,,4.0,7.0,5.8,12.0,10.4,6.2,18.0,7.5,4,False,False,,,,,,,,,,,,,17.075000000000003,15.4,18.6,74.5,0.0,0.0,0.0,18.025,19.2,166.25081619421243,38.5,4.0,18.207500000000003,15.4,19.9,69.35,0.2,2.0,1.0,19.3425,21.5,169.62227599994551,63.15,9.0,17.82166666666667,15.4,19.9,74.14999999999999,0.6000000000000001,4.0,1.0,19.861666666666668,22.1,187.2481839999637,53.01666666666667,13.0,,,,,,,,,,,,,6.5477002191786875
2025,15,Dutch Grand Prix,2025-08-31,zandvoort,Circuit Park Zandvoort,ocon,OCO,Esteban Ocon,haas,Haas F1 Team,31,,10.0,10,1.0,72,Finished,14.0,1:13.986,,,OCO,,,,,,17.0,15.0,18.0,16.666666666666668,15.0,3,True,RACE,CLOCKWISE,52.388819,4.540922,4.259,14,36,ground_effect,2,normal,,,,,,,,,,,,,16.0,14.666666666666666,12.6,0.0,0.6,12.7,0.6,10.75,4,False,False,,,,,,,,,,,,,17.075000000000003,15.4,18.6,74.5,0.0,0.0,0.0,18.025,19.2,166.25081619421243,38.5,4.0,18.207500000000003,15.4,19.9,69.35,0.2,2.0,1.0,19.3425,21.5,169.62227599994551,63.15,9.0,17.82166666666667,15.4,19.9,74.14999999999999,0.6000000000000001,4.0,1.0,19.861666666666668,22.1,187.2481839999637,53.01666666666667,13.0,,,,,,,,,,,,,14.790677514268497
2025,15,Dutch Grand Prix,2025-08-31,zandvoort,Circuit Park Zandvoort,alonso,ALO,Fernando Alonso,aston_martin,Aston Martin,14,,8.0,8,4.0,72,Finished,8.0,1:13.719,,,ALO,,,,,,4.0,2.0,10.0,5.333333333333333,2.0,3,True,RACE,CLOCKWISE,52.388819,4.540922,4.259,14,36,ground_effect,2,normal,,,,,,,,,,,,,5.0,10.333333333333334,9.0,10.0,4.8,10.4,7.2,6.0,4,False,False,,,,,,,,,,,,,17.075000000000003,15.4,18.6,74.5,0.0,0.0,0.0,18.025,19.2,166.25081619421243,38.5,4.0,18.207500000000003,15.4,19.9,69.35,0.2,2.0,1.0,19.3425,21.5,169.62227599994551,63.15,9.0,17.82166666666667,15.4,19.9,74.14999999999999,0.6000000000000001,4.0,1.0,19.861666666666668,22.1,187.2481839999637,53.01666666666667,13.0,,,,,,,,,,,,,7.388444737939284
2025,15,Dutch Grand Prix,2025-08-31,zandvoort,Circuit Park Zandvoort,colapinto,COL,Franco Colapinto,alpine,Alpine F1 Team,43,,11.0,11,0.0,72,Finished,4.0,1:13.049,,,COL,,,,,,18.0,9.0,20.0,15.666666666666666,9.0,3,True,RACE,CLOCKWISE,52.388819,4.540922,4.259,14,36,ground_effect,2,normal,,,,,,,,,,,,,18.0,19.0,17.0,0.0,0.0,14.8,1.8,,0,False,False,,,,,,,,,,,,,17.075000000000003,15.4,18.6,74.5,0.0,0.0,0.0,18.025,19.2,166.25081619421243,38.5,4.0,18.207500000000003,15.4,19.9,69.35,0.2,2.0,1.0,19.3425,21.5,169.62227599994551,63.15,9.0,17.82166666666667,15.4,19.9,74.14999999999999,0.6000000000000001,4.0,1.0,19.861666666666668,22.1,187.2481839999637,53.01666666666667,13.0,,,,,,,,,,,,,12.969747343824437
2025,15,Dutch Grand Prix,2025-08-31,zandvoort,Circuit Park Zandvoort,bortoleto,BOR,Gabriel Bortoleto,sauber,Sauber,5,,15.0,15,0.0,72,Finished,15.0,1:14.307,,,BOR,,,,,,9.0,13.0,13.0,11.666666666666666,9.0,3,True,RACE,CLOCKWISE,52.388819,4.540922,4.259,14,36,ground_effect,2,normal,,,,,,,,,,,,,6.0,11.0,11.0,8.0,2.8,10.0,7.0,,0,False,False,,,,,,,,,,,,,17.075000000000003,15.4,18.6,74.5,0.0,0.0,0.0,18.025,19.2,166.25081619421243,38.5,4.0,18.207500000000003,15.4,19.9,69.35,0.2,2.0,1.0,19.3425,21.5,169.62227599994551,63.15,9.0,17.82166666666667,15.4,19.9,74.14999999999999,0.6000000000000001,4.0,1.0,19.861666666666668,22.1,187.2481839999637,53.01666666666667,13.0,,,,,,,,,,,,,10.911143799967833
2025,15,Dutch Grand Prix,2025-08-31,zandvoort,Circuit Park Zandvoort,russell,RUS,George Russell,mercedes,Mercedes,63,,4.0,4,12.0,72,Finished,9.0,1:13.728,,,RUS,,,,,,7.0,4.0,3.0,4.666666666666667,3.0,3,True,RACE,CLOCKWISE,52.388819,4.540922,4.259,14,36,ground_effect,2,normal,,,,,,,,,,,,,3.0,6.0,4.8,15.0,12.2,8.8,15.4,10.75,4,False,False,,,,,,,,,,,,,17.075000000000003,15.4,18.6,74.5,0.0,0.0,0.0,18.025,19.2,166.25081619421243,38.5,4.0,18.207500000000003,15.4,19.9,69.35,0.2,2.0,1.0,19.3425,21.5,169.62227599994551,63.15,9.0,17.82166666666667,15.4,19.9,74.14999999999999,0.6000000000000001,4.0,1.0,19.861666666666668,22.1,187.2481839999637,53.01666666666667,13.0,,,,,,,,,,,,,4.855040880569256
2025,15,Dutch Grand Prix,2025-08-31,zandvoort,Circuit Park Zandvoort,hadjar,HAD,Isack Hadjar,rb,RB F1 Team,6,,3.0,3,15.0,72,Finished,5.0,1:13.327,,,HAD,,,,,,12.0,20.0,9.0,13.666666666666666,9.0,3,True,RACE,CLOCKWISE,52.388819,4.540922,4.259,14,36,ground_effect,2,normal,,,,,,,,,,,,,11.0,16.0,15.2,0.0,0.0,13.6,3.2,,0,False,False,,,,,,,,,,,,,17.075000000000003,15.4,18.6,74.5,0.0,0.0,0.0,18.025,19.2,166.25081619421243,38.5,4.0,18.207500000000003,15.4,19.9,69.35,0.2,2.0,1.0,19.3425,21.5,169.62227599994551,63.15,9.0,17.82166666666667,15.4,19.9,74.14999999999999,0.6000000000000001,4.0,1.0,19.861666666666668,22.1,187.2481839999637,53.01666666666667,13.0,,,,,,,,,,,,,13.922273462243345
2025,15,Dutch Grand Prix,2025-08-31,zandvoort,Circuit Park Zandvoort,stroll,STR,Lance Stroll,aston_martin,Aston Martin,18,,7.0,7,6.0,72,Finished,11.0,1:13.822,,,STR,,,,,,3.0,18.0,8.0,9.666666666666666,3.0,3,True,RACE,CLOCKWISE,52.388819,4.540922,4.259,14,36,ground_effect,2,normal,,,,,,,,,,,,,7.0,9.333333333333334,11.8,6.0,2.4,10.4,7.2,11.5,4,False,False,,,,,,,,,,,,,17.075000000000003,15.4,18.6,74.5,0.0,0.0,0.0,18.025,19.2,166.25081619421243,38.5,4.0,18.207500000000003,15.4,19.9,69.35,0.2,2.0,1.0,19.3425,21.5,169.62227599994551,63.15,9.0,17.82166666666667,15.4,19.9,74.14999999999999,0.6000000000000001,4.0,1.0,19.861666666666668,22.1,187.2481839999637,53.01666666666667,13.0,,,,,,,,,,,,,9.951295244143031
2025,15,Dutch Grand Prix,2025-08-31,zandvoort,Circuit Park Zandvoort,norris,NOR,Lando Norris,mclaren,McLaren,4,,18.0,18,0.0,64,Retired,2.0,1:12.379,,,NOR,,,,,,1.0,1.0,1.0,1.0,1.0,3,True,RACE,CLOCKWISE,52.388819,4.540922,4.259,14,36,ground_effect,2,normal,,,,,,,,,,,,,1.0,1.3333333333333333,4.6,25.0,18.6,3.4,36.8,6.25,4,False,False,,,,,,,,,,,,,17.075000000000003,15.4,18.6,74.5,0.0,0.0,0.0,18.025,19.2,166.25081619421243,38.5,4.0,18.207500000000003,15.4,19.9,69.35,0.2,2.0,1.0,19.3425,21.5,169.62227599994551,63.15,9.0,17.82166666666667,15.4,19.9,74.14999999999999,0.6000000000000001,4.0,1.0,19.861666666666668,22.1,187.2481839999637,53.01666666666667,13.0,,,,,,,,,,,,,1.7690115134798314
2025,15,Dutch Grand Prix,2025-08-31,zandvoort,Circuit Park Zandvoort,hamilton,HAM,Lewis Hamilton,ferrari,Ferrari,44,,20.0,R,0.0,22,Retired,20.0,1:15.684,,,HAM,,,,,,15.0,6.0,14.0,11.666666666666666,6.0,3,True,RACE,CLOCKWISE,52.388819,4.540922,4.259,14,36,ground_effect,2,normal,,,,,,,,,,,,,12.0,7.666666666666667,6.6,0.0,7.6,6.2,18.0,5.0,4,False,False,,,,,,,,,,,,,17.075000000000003,15.4,18.6,74.5,0.0,0.0,0.0,18.025,19.2,166.25081619421243,38.5,4.0,18.207500000000003,15.4,19.9,69.35,0.2,2.0,1.0,19.3425,21.5,169.62227599994551,63.15,9.0,17.82166666666667,15.4,19.9,74.14999999999999,0.6000000000000001,4.0,1.0,19.861666666666668,22.1,187.2481839999637,53.01666666666667,13.0,,,,,,,,,,,,,9.069152831873021
2025,15,Dutch Grand Prix,2025-08-31,zandvoort,Circuit Park Zandvoort,lawson,LAW,Liam Lawson,rb,RB F1 Team,30,,12.0,12,0.0,72,Finished,12.0,1:13.879,,,LAW,,,,,,11.0,14.0,11.0,12.0,11.0,3,True,RACE,CLOCKWISE,52.388819,4.540922,4.259,14,36,ground_effect,2,normal,,,,,,,,,,,,,8.0,11.666666666666666,12.0,4.0,3.2,13.6,3.2,13.0,1,False,False,,,,,,,,,,,,,17.075000000000003,15.4,18.6,74.5,0.0,0.0,0.0,18.025,19.2,166.25081619421243,38.5,4.0,18.207500000000003,15.4,19.9,69.35,0.2,2.0,1.0,19.3425,21.5,169.62227599994551,63.15,9.0,17.82166666666667,15.4,19.9,74.14999999999999,0.6000000000000001,4.0,1.0,19.861666666666668,22.1,187.2481839999637,53.01666666666667,13.0,,,,,,,,,,,,,12.088291392093115
2025,15,Dutch Grand Prix,2025-08-31,zandvoort,Circuit Park Zandvoort,max_verstappen,VER,Max Verstappen,red_bull,Red Bull,1,,2.0,2,18.0,72,Finished,3.0,1:12.921,,,VER,,,,,,6.0,5.0,5.0,5.333333333333333,5.0,3,True,RACE,CLOCKWISE,52.388819,4.540922,4.259,14,36,ground_effect,2,normal,,,,,,,,,,,,,9.0,6.0,7.6,2.0,8.4,11.1,8.4,1.25,4,False,False,,,,,,,,,,,,,17.075000000000003,15.4,18.6,74.5,0.0,0.0,0.0,18.025,19.2,166.25081619421243,38.5,4.0,18.207500000000003,15.4,19.9,69.35,0.2,2.0,1.0,19.3425,21.5,169.62227599994551,63.15,9.0,17.82166666666667,15.4,19.9,74.14999999999999,0.6000000000000001,4.0,1.0,19.861666666666668,22.1,187.2481839999637,53.01666666666667,13.0,,,,,,,,,,,,,6.050623497713192
2025,15,Dutch Grand Prix,2025-08-31,zandvoort,Circuit Park Zandvoort,hulkenberg,HUL,Nico Hülkenberg,sauber,Sauber,27,,14.0,14,0.0,72,Finished,18.0,1:14.912,,,HUL,,,,,,13.0,10.0,16.0,13.0,10.0,3,True,RACE,CLOCKWISE,52.388819,4.540922,4.259,14,36,ground_effect,2,normal,,,,,,,,,,,,,13.0,9.333333333333334,9.0,0.0,4.2,10.0,7.0,11.5,2,False,False,,,,,,,,,,,,,17.075000000000003,15.4,18.6,74.5,0.0,0.0,0.0,18.025,19.2,166.25081619421243,38.5,4.0,18.207500000000003,15.4,19.9,69.35,0.2,2.0,1.0,19.3425,21.5,169.62227599994551,63.15,9.0,17.82166666666667,15.4,19.9,74.14999999999999,0.6000000000000001,4.0,1.0,19.861666666666668,22.1,187.2481839999637,53.01666666666667,13.0,,,,,,,,,,,,,12.73742156687568
2025,15,Dutch Grand Prix,2025-08-31,zandvoort,Circuit Park Zandvoort,bearman,BEA,Oliver Bearman,haas,Haas F1 Team,87,,6.0,6,8.0,72,Finished,13.0,1:13.950,,,BEA,,,,,,19.0,11.0,15.0,15.0,11.0,3,True,RACE,CLOCKWISE,52.388819,4.540922,4.259,14,36,ground_effect,2,normal,,,,,,,,,,,,,20.0,14.0,12.8,0.0,0.0,12.7,0.6,,0,False,False,,,,,,,,,,,,,17.075000000000003,15.4,18.6,74.5,0.0,0.0,0.0,18.025,19.2,166.25081619421243,38.5,4.0,18.207500000000003,15.4,19.9,69.35,0.2,2.0,1.0,19.3425,21.5,169.62227599994551,63.15,9.0,17.82166666666667,15.4,19.9,74.14999999999999,0.6000000000000001,4.0,1.0,19.861666666666668,22.1,187.2481839999637,53.01666666666667,13.0,,,,,,,,,,,,,14.926728095133964
2025,15,Dutch Grand Prix,2025-08-31,zandvoort,Circuit Park Zandvoort,piastri,PIA,Oscar Piastri,mclaren,McLaren,81,,1.0,1,25.0,72,Finished,1.0,1:12.271,,,PIA,,,,,,2.0,3.0,2.0,2.333333333333333,2.0,3,True,RACE,CLOCKWISE,52.388819,4.540922,4.259,14,36,ground_effect,2,normal,,,,,,,,,,,,,2.0,1.6666666666666667,2.2,18.0,18.2,3.4,36.8,6.5,2,False,False,,,,,,,,,,,,,17.075000000000003,15.4,18.6,74.5,0.0,0.0,0.0,18.025,19.2,166.25081619421243,38.5,4.0,18.207500000000003,15.4,19.9,69.35,0.2,2.0,1.0,19.3425,21.5,169.62227599994551,63.15,9.0,17.82166666666667,15.4,19.9,74.14999999999999,0.6000000000000001,4.0,1.0,19.861666666666668,22.1,187.2481839999637,53.01666666666667,13.0,,,,,,,,,,,,,2.604119783218499
2025,15,Dutch Grand Prix,2025-08-31,zandvoort,Circuit Park Zandvoort,gasly,GAS,Pierre Gasly,alpine,Alpine F1 Team,10,,17.0,17,0.0,72,Finished,19.0,1:15.248,,,GAS,,,,,,10.0,19.0,19.0,16.0,10.0,3,True,RACE,CLOCKWISE,52.388819,4.540922,4.259,14,36,ground_effect,2,normal,,,,,,,,,,,,,19.0,11.666666666666666,12.6,0.0,1.8,14.8,1.8,6.75,4,False,False,,,,,,,,,,,,,17.075000000000003,15.4,18.6,74.5,0.0,0.0,0.0,18.025,19.2,166.25081619421243,38.5,4.0,18.207500000000003,15.4,19.9,69.35,0.2,2.0,1.0,19.3425,21.5,169.62227599994551,63.15,9.0,17.82166666666667,15.4,19.9,74.14999999999999,0.6000000000000001,4.0,1.0,19.861666666666668,22.1,187.2481839999637,53.01666666666667,13.0,,,,,,,,,,,,,12.35329909014452
2025,15,Dutch Grand Prix,2025-08-31,zandvoort,Circuit Park Zandvoort,tsunoda,TSU,Yuki Tsunoda,red_bull,Red Bull,22,,9.0,9,2.0,72,Finished,16.0,1:14.354,,,TSU,,,,,,16.0,7.0,12.0,11.666666666666666,7.0,3,True,RACE,CLOCKWISE,52.388819,4.540922,4.259,14,36,ground_effect,2,normal,,,,,,,,,,,,,17.0,15.0,14.6,0.0,0.0,11.1,8.4,17.75,4,False,False,,,,,,,,,,,,,17.075000000000003,15.4,18.6,74.5,0.0,0.0,0.0,18.025,19.2,166.25081619421243,38.5,4.0,18.207500000000003,15.4,19.9,69.35,0.2,2.0,1.0,19.3425,21.5,169.62227599994551,63.15,9.0,17.82166666666667,15.4,19.9,74.14999999999999,0.6000000000000001,4.0,1.0,19.861666666666668,22.1,187.2481839999637,53.01666666666667,13.0,,,,,,,,,,,,,12.83383929598265
2025,16,Italian Grand Prix,2025-09-07,monza,Autodromo Nazionale di Monza,albon,ALB,Alexander Albon,williams,Williams,23,,7.0,7,6.0,53,Finished,5.0,1:21.368,,,ALB,,,,,,7.0,7.0,10.0,8.0,7.0,3,True,RACE,CLOCKWISE,45.620556,9.289444,5.793,11,75,ground_effect,2,normal,,,,,,,,,,,,,5.0,8.666666666666666,10.2,10.0,4.4,12.8,4.4,9.25,4,False,False,,,,,,,,,,,,,21.775,20.7,23.5,79.0,1.5,4.0,1.0,2.925,5.5,199.8503938019276,25.5,4.0,23.2575,20.7,25.5,70.0,1.8,6.0,1.0,2.8625,5.5,241.74273042596167,21.65,9.0,22.521666666666665,18.6,25.5,67.75,1.8,6.0,1.0,2.9166666666666665,5.5,207.1896945054588,18.183333333333334,13.0,,,,,,,,,,,,,10.095067317876984
2025,16,Italian Grand Prix,2025-09-07,monza,Autodromo Nazionale di Monza,antonelli,ANT,Andrea Kimi Antonelli,mercedes,Mercedes,12,,9.0,9,2.0,53,Finished,10.0,1:21.968,,,ANT,,,,,,5.0,19.0,9.0,11.0,5.0,3,True,RACE,CLOCKWISE,45.620556,9.289444,5.793,11,75,ground_effect,2,normal,,,,,,,,,,,,,16.0,14.0,15.4,0.0,0.2,10.4,9.8,,0,False,False,,,,,,,,,,,,,21.775,20.7,23.5,79.0,1.5,4.0,1.0,2.925,5.5,199.8503938019276,25.5,4.0,23.2575,20.7,25.5,70.0,1.8,6.0,1.0,2.8625,5.5,241.74273042596167,21.65,9.0,22.521666666666665,18.6,25.5,67.75,1.8,6.0,1.0,2.9166666666666665,5.5,207.1896945054588,18.183333333333334,13.0,,,,,,,,,,,,,9.032873517147639
2025,16,Italian Grand Prix,2025-09-07,monza,Autodromo Nazionale di Monza,sainz,SAI,Carlos Sainz,williams,Williams,55,,11.0,11,0.0,53,Finished,7.0,1:21.740,,,SAI,,,,,,3.0,3.0,13.0,6.333333333333333,3.0,3,True,RACE,CLOCKWISE,45.620556,9.289444,5.793,11,75,ground_effect,2,normal,,,,,,,,,,,,,13.0,15.0,15.4,0.0,0.0,12.8,4.4,8.7,10,False,False,,,,,,,,,,,,,21.775,20.7,23.5,79.0,1.5,4.0,1.0,2.925,5.5,199.8503938019276,25.5,4.0,23.2575,20.7,25.5,70.0,1.8,6.0,1.0,2.8625,5.5,241.74273042596167,21.65,9.0,22.521666666666665,18.6,25.5,67.75,1.8,6.0,1.0,2.9166666666666665,5.5,207.1896945054588,18.183333333333334,13.0,,,,,,,,,,,,,11.596611794533347
2025,16,Italian Grand Prix,2025-09-07,monza,Autodromo Nazionale di Monza,leclerc,LEC,Charles Leclerc,ferrari,Ferrari,16,,4.0,4,12.0,53,Finished,4.0,1:21.294,,,LEC,,,,,,2.0,2.0,2.0,2.0,2.0,3,True,RACE,CLOCKWISE,45.620556,9.289444,5.793,11,75,ground_effect,2,normal,,,,,,,,,,,,,19.0,8.666666666666666,8.6,0.0,8.4,9.0,14.4,5.857142857142857,7,False,False,,,,,,,,,,,,,21.775,20.7,23.5,79.0,1.5,4.0,1.0,2.925,5.5,199.8503938019276,25.5,4.0,23.2575,20.7,25.5,70.0,1.8,6.0,1.0,2.8625,5.5,241.74273042596167,21.65,9.0,22.521666666666665,18.6,25.5,67.75,1.8,6.0,1.0,2.9166666666666665,5.5,207.1896945054588,18.183333333333334,13.0,,,,,,,,,,,,,4.785227044008913
2025,16,Italian Grand Prix,2025-09-07,monza,Autodromo Nazionale di Monza,ocon,OCO,Esteban Ocon,haas,Haas F1 Team,31,,15.0,15,0.0,52,Lapped,18.0,1:22.892,,,OCO,,,,,,17.0,16.0,20.0,17.666666666666668,16.0,3,True,RACE,CLOCKWISE,45.620556,9.289444,5.793,11,75,ground_effect,2,normal,,,,,,,,,,,,,10.0,13.666666666666666,12.8,1.0,0.4,12.3,2.0,11.5,8,False,False,,,,,,,,,,,,,21.775,20.7,23.5,79.0,1.5,4.0,1.0,2.925,5.5,199.8503938019276,25.5,4.0,23.2575,20.7,25.5,70.0,1.8,6.0,1.0,2.8625,5.5,241.74273042596167,21.65,9.0,22.521666666666665,18.6,25.5,67.75,1.8,6.0,1.0,2.9166666666666665,5.5,207.1896945054588,18.183333333333334,13.0,,,,,,,,,,,,,14.005125263837913
2025,16,Italian Grand Prix,2025-09-07,monza,Autodromo Nazionale di Monza,alonso,ALO,Fernando Alonso,aston_martin,Aston Martin,14,,19.0,R,0.0,24,Retired,19.0,1:23.757,,,ALO,,,,,,9.0,15.0,12.0,12.0,9.0,3,True,RACE,CLOCKWISE,45.620556,9.289444,5.793,11,75,ground_effect,2,normal,,,,,,,,,,,,,8.0,10.0,9.2,4.0,4.4,9.5,8.0,15.0,9,False,False,,,,,,,,,,,,,21.775,20.7,23.5,79.0,1.5,4.0,1.0,2.925,5.5,199.8503938019276,25.5,4.0,23.2575,20.7,25.5,70.0,1.8,6.0,1.0,2.8625,5.5,241.74273042596167,21.65,9.0,22.521666666666665,18.6,25.5,67.75,1.8,6.0,1.0,2.9166666666666665,5.5,207.1896945054588,18.183333333333334,13.0,,,,,,,,,,,,,11.316087857810412
2025,16,Italian Grand Prix,2025-09-07,monza,Autodromo Nazionale di Monza,colapinto,COL,Franco Colapinto,alpine,Alpine F1 Team,43,,17.0,17,0.0,52,Lapped,15.0,1:22.239,,,COL,,,,,,,20.0,14.0,17.0,14.0,2,True,RACE,CLOCKWISE,45.620556,9.289444,5.793,11,75,ground_effect,2,normal,,,,,,,,,,,,,11.0,16.0,16.6,0.0,0.0,14.8,1.8,12.0,1,False,False,,,,,,,,,,,,,21.775,20.7,23.5,79.0,1.5,4.0,1.0,2.925,5.5,199.8503938019276,25.5,4.0,23.2575,20.7,25.5,70.0,1.8,6.0,1.0,2.8625,5.5,241.74273042596167,21.65,9.0,22.521666666666665,18.6,25.5,67.75,1.8,6.0,1.0,2.9166666666666665,5.5,207.1896945054588,18.183333333333334,13.0,,,,,,,,,,,,,15.394102265571954
2025,16,Italian Grand Prix,2025-09-07,monza,Autodromo Nazionale di Monza,bortoleto,BOR,Gabriel Bortoleto,sauber,Sauber,5,,8.0,8,4.0,53,Finished,12.0,1:22.139,,,BOR,,,,,,11.0,12.0,6.0,9.666666666666666,6.0,3,True,RACE,CLOCKWISE,45.620556,9.289444,5.793,11,75,ground_effect,2,normal,,,,,,,,,,,,,15.0,10.0,11.2,0.0,2.8,10.7,6.2,,0,False,False,,,,,,,,,,,,,21.775,20.7,23.5,79.0,1.5,4.0,1.0,2.925,5.5,199.8503938019276,25.5,4.0,23.2575,20.7,25.5,70.0,1.8,6.0,1.0,2.8625,5.5,241.74273042596167,21.65,9.0,22.521666666666665,18.6,25.5,67.75,1.8,6.0,1.0,2.9166666666666665,5.5,207.1896945054588,18.183333333333334,13.0,,,,,,,,,,,,,10.35280567800419
2025,16,Italian Grand Prix,2025-09-07,monza,Autodromo Nazionale di Monza,russell,RUS,George Russell,mercedes,Mercedes,63,,5.0,5,10.0,53,Finished,8.0,1:21.800,,,RUS,,,,,,8.0,10.0,5.0,7.666666666666667,5.0,3,True,RACE,CLOCKWISE,45.620556,9.289444,5.793,11,75,ground_effect,2,normal,,,,,,,,,,,,,4.0,4.0,5.4,12.0,9.6,10.4,9.8,8.666666666666666,6,False,False,,,,,,,,,,,,,21.775,20.7,23.5,79.0,1.5,4.0,1.0,2.925,5.5,199.8503938019276,25.5,4.0,23.2575,20.7,25.5,70.0,1.8,6.0,1.0,2.8625,5.5,241.74273042596167,21.65,9.0,22.521666666666665,18.6,25.5,67.75,1.8,6.0,1.0,2.9166666666666665,5.5,207.1896945054588,18.183333333333334,13.0,,,,,,,,,,,,,8.937656920327457
2025,16,Italian Grand Prix,2025-09-07,monza,Autodromo Nazionale di Monza,hadjar,HAD,Isack Hadjar,rb,RB F1 Team,6,,10.0,10,1.0,53,Finished,11.0,1:22.133,,,HAD,,,,,,10.0,11.0,8.0,9.666666666666666,8.0,3,True,RACE,CLOCKWISE,45.620556,9.289444,5.793,11,75,ground_effect,2,normal,,,,,,,,,,,,,3.0,11.333333333333334,12.6,15.0,3.0,11.6,6.2,,0,False,False,,,,,,,,,,,,,21.775,20.7,23.5,79.0,1.5,4.0,1.0,2.925,5.5,199.8503938019276,25.5,4.0,23.2575,20.7,25.5,70.0,1.8,6.0,1.0,2.8625,5.5,241.74273042596167,21.65,9.0,22.521666666666665,18.6,25.5,67.75,1.8,6.0,1.0,2.9166666666666665,5.5,207.1896945054588,18.183333333333334,13.0,,,,,,,,,,,,,10.015522136529345
2025,16,Italian Grand Prix,2025-09-07,monza,Autodromo Nazionale di Monza,stroll,STR,Lance Stroll,aston_martin,Aston Martin,18,,18.0,18,0.0,52,Lapped,13.0,1:22.164,,,STR,,,,,,15.0,13.0,19.0,15.666666666666666,13.0,3,True,RACE,CLOCKWISE,45.620556,9.289444,5.793,11,75,ground_effect,2,normal,,,,,,,,,,,,,7.0,9.333333333333334,9.8,6.0,3.6,9.5,8.0,11.375,8,False,False,,,,,,,,,,,,,21.775,20.7,23.5,79.0,1.5,4.0,1.0,2.925,5.5,199.8503938019276,25.5,4.0,23.2575,20.7,25.5,70.0,1.8,6.0,1.0,2.8625,5.5,241.74273042596167,21.65,9.0,22.521666666666665,18.6,25.5,67.75,1.8,6.0,1.0,2.9166666666666665,5.5,207.1896945054588,18.183333333333334,13.0,,,,,,,,,,,,,13.642410425921087
2025,16,Italian Grand Prix,2025-09-07,monza,Autodromo Nazionale di Monza,norris,NOR,Lando Norris,mclaren,McLaren,4,,2.0,2,18.0,53,Finished,1.0,1:20.901,,,NOR,,,,,,6.0,1.0,1.0,2.6666666666666665,1.0,3,True,RACE,CLOCKWISE,45.620556,9.289444,5.793,11,75,ground_effect,2,normal,,,,,,,,,,,,,18.0,7.0,4.6,0.0,18.6,3.1,39.4,5.666666666666667,6,False,False,,,,,,,,,,,,,21.775,20.7,23.5,79.0,1.5,4.0,1.0,2.925,5.5,199.8503938019276,25.5,4.0,23.2575,20.7,25.5,70.0,1.8,6.0,1.0,2.8625,5.5,241.74273042596167,21.65,9.0,22.521666666666665,18.6,25.5,67.75,1.8,6.0,1.0,2.9166666666666665,5.5,207.1896945054588,18.183333333333334,13.0,,,,,,,,,,,,,2.8557774241639144
2025,16,Italian Grand Prix,2025-09-07,monza,Autodromo Nazionale di Monza,hamilton,HAM,Lewis Hamilton,ferrari,Ferrari,44,,6.0,6,8.0,53,Finished,6.0,1:21.546,,,HAM,,,,,,1.0,5.0,7.0,4.333333333333333,1.0,3,True,RACE,CLOCKWISE,45.620556,9.289444,5.793,11,75,ground_effect,2,normal,,,,,,,,,,,,,20.0,13.0,9.4,0.0,6.0,9.0,14.4,4.454545454545454,11,False,False,,,,,,,,,,,,,21.775,20.7,23.5,79.0,1.5,4.0,1.0,2.925,5.5,199.8503938019276,25.5,4.0,23.2575,20.7,25.5,70.0,1.8,6.0,1.0,2.8625,5.5,241.74273042596167,21.65,9.0,22.521666666666665,18.6,25.5,67.75,1.8,6.0,1.0,2.9166666666666665,5.5,207.1896945054588,18.183333333333334,13.0,,,,,,,,,,,,,5.675066706201745
2025,16,Italian Grand Prix,2025-09-07,monza,Autodromo Nazionale di Monza,lawson,LAW,Liam Lawson,rb,RB F1 Team,30,,14.0,14,0.0,53,Finished,17.0,1:22.777,,,LAW,,,,,,13.0,17.0,16.0,15.333333333333334,13.0,3,True,RACE,CLOCKWISE,45.620556,9.289444,5.793,11,75,ground_effect,2,normal,,,,,,,,,,,,,12.0,9.333333333333334,10.6,0.0,3.2,11.6,6.2,11.0,1,False,False,,,,,,,,,,,,,21.775,20.7,23.5,79.0,1.5,4.0,1.0,2.925,5.5,199.8503938019276,25.5,4.0,23.2575,20.7,25.5,70.0,1.8,6.0,1.0,2.8625,5.5,241.74273042596167,21.65,9.0,22.521666666666665,18.6,25.5,67.75,1.8,6.0,1.0,2.9166666666666665,5.5,207.1896945054588,18.183333333333334,13.0,,,,,,,,,,,,,13.626012062414636
2025,16,Italian Grand Prix,2025-09-07,monza,Autodromo Nazionale di Monza,max_verstappen,VER,Max Verstappen,red_bull,Red Bull,1,,1.0,1,25.0,53,Finished,2.0,1:21.003,,,VER,,,,,,4.0,6.0,4.0,4.666666666666667,4.0,3,True,RACE,CLOCKWISE,45.620556,9.289444,5.793,11,75,ground_effect,2,normal,,,,,,,,,,,,,2.0,5.0,7.6,18.0,8.4,10.8,8.8,8.5,10,False,False,,,,,,,,,,,,,21.775,20.7,23.5,79.0,1.5,4.0,1.0,2.925,5.5,199.8503938019276,25.5,4.0,23.2575,20.7,25.5,70.0,1.8,6.0,1.0,2.8625,5.5,241.74273042596167,21.65,9.0,22.521666666666665,18.6,25.5,67.75,1.8,6.0,1.0,2.9166666666666665,5.5,207.1896945054588,18.183333333333334,13.0,,,,,,,,,,,,,7.098659448800442
2025,16,Italian Grand Prix,2025-09-07,monza,Autodromo Nazionale di Monza,hulkenberg,HUL,Nico Hülkenberg,sauber,Sauber,27,,20.0,W,0.0,0,Did not start,,,,,HUL,,,,,,12.0,8.0,11.0,10.333333333333334,8.0,3,True,RACE,CLOCKWISE,45.620556,9.289444,5.793,11,75,ground_effect,2,normal,,,,,,,,,,,,,14.0,13.0,10.2,0.0,3.4,10.7,6.2,11.75,8,False,False,,,,,,,,,,,,,21.775,20.7,23.5,79.0,1.5,4.0,1.0,2.925,5.5,199.8503938019276,25.5,4.0,23.2575,20.7,25.5,70.0,1.8,6.0,1.0,2.8625,5.5,241.74273042596167,21.65,9.0,22.521666666666665,18.6,25.5,67.75,1.8,6.0,1.0,2.9166666666666665,5.5,207.1896945054588,18.183333333333334,13.0,,,,,,,,,,,,,11.129317507755497
2025,16,Italian Grand Prix,2025-09-07,monza,Autodromo Nazionale di Monza,bearman,BEA,Oliver Bearman,haas,Haas F1 Team,87,,12.0,12,0.0,53,Finished,9.0,1:21.820,,,BEA,,,,,,19.0,14.0,17.0,16.666666666666668,14.0,3,True,RACE,CLOCKWISE,45.620556,9.289444,5.793,11,75,ground_effect,2,normal,,,,,,,,,,,,,6.0,12.333333333333334,11.8,8.0,1.6,12.3,2.0,,0,False,False,,,,,,,,,,,,,21.775,20.7,23.5,79.0,1.5,4.0,1.0,2.925,5.5,199.8503938019276,25.5,4.0,23.2575,20.7,25.5,70.0,1.8,6.0,1.0,2.8625,5.5,241.74273042596167,21.65,9.0,22.521666666666665,18.6,25.5,67.75,1.8,6.0,1.0,2.9166666666666665,5.5,207.1896945054588,18.183333333333334,13.0,,,,,,,,,,,,,13.3588493463864
2025,16,Italian Grand Prix,2025-09-07,monza,Autodromo Nazionale di Monza,piastri,PIA,Oscar Piastri,mclaren,McLaren,81,,3.0,3,15.0,53,Finished,3.0,1:21.245,,,PIA,,,,,,,4.0,3.0,3.5,3.0,2,True,RACE,CLOCKWISE,45.620556,9.289444,5.793,11,75,ground_effect,2,normal,,,,,,,,,,,,,1.0,1.3333333333333333,1.6,25.0,20.8,3.1,39.4,7.0,2,False,False,,,,,,,,,,,,,21.775,20.7,23.5,79.0,1.5,4.0,1.0,2.925,5.5,199.8503938019276,25.5,4.0,23.2575,20.7,25.5,70.0,1.8,6.0,1.0,2.8625,5.5,241.74273042596167,21.65,9.0,22.521666666666665,18.6,25.5,67.75,1.8,6.0,1.0,2.9166666666666665,5.5,207.1896945054588,18.183333333333334,13.0,,,,,,,,,,,,,3.2866415503409
2025,16,Italian Grand Prix,2025-09-07,monza,Autodromo Nazionale di Monza,gasly,GAS,Pierre Gasly,alpine,Alpine F1 Team,10,,16.0,16,0.0,52,Lapped,14.0,1:22.185,,,GAS,,,,,,18.0,18.0,18.0,18.0,18.0,3,True,RACE,CLOCKWISE,45.620556,9.289444,5.793,11,75,ground_effect,2,normal,,,,,,,,,,,,,17.0,15.333333333333334,13.0,0.0,1.8,14.8,1.8,11.857142857142858,7,False,False,,,,,,,,,,,,,21.775,20.7,23.5,79.0,1.5,4.0,1.0,2.925,5.5,199.8503938019276,25.5,4.0,23.2575,20.7,25.5,70.0,1.8,6.0,1.0,2.8625,5.5,241.74273042596167,21.65,9.0,22.521666666666665,18.6,25.5,67.75,1.8,6.0,1.0,2.9166666666666665,5.5,207.1896945054588,18.183333333333334,13.0,,,,,,,,,,,,,14.443662141729586
2025,16,Italian Grand Prix,2025-09-07,monza,Autodromo Nazionale di Monza,tsunoda,TSU,Yuki Tsunoda,red_bull,Red Bull,22,,13.0,13,0.0,53,Finished,16.0,1:22.712,,,TSU,,,,,,14.0,9.0,15.0,12.666666666666666,9.0,3,True,RACE,CLOCKWISE,45.620556,9.289444,5.793,11,75,ground_effect,2,normal,,,,,,,,,,,,,9.0,13.0,14.0,2.0,0.4,10.8,8.8,18.5,4,False,False,,,,,,,,,,,,,21.775,20.7,23.5,79.0,1.5,4.0,1.0,2.925,5.5,199.8503938019276,25.5,4.0,23.2575,20.7,25.5,70.0,1.8,6.0,1.0,2.8625,5.5,241.74273042596167,21.65,9.0,22.521666666666665,18.6,25.5,67.75,1.8,6.0,1.0,2.9166666666666665,5.5,207.1896945054588,18.183333333333334,13.0,,,,,,,,,,,,,11.967078822566368
2025,17,Azerbaijan Grand Prix,2025-09-21,baku,Baku City Circuit,albon,ALB,Alexander Albon,williams,Williams,23,,13.0,13,0.0,51,Finished,7.0,1:44.152,,,ALB,,,,,,5.0,9.0,7.0,7.0,5.0,3,True,STREET,ANTI_CLOCKWISE,40.3725,49.853333,6.003,20,9,ground_effect,2,normal,,,,,,,,,,,,,7.0,9.0,8.2,6.0,5.6,10.9,5.6,10.5,4,False,False,,,,,,,,,,,,,21.85,20.2,23.1,76.25,0.0,0.0,0.0,10.325,11.6,120.0034372422366,30.25,4.0,23.025,20.2,25.2,67.825,0.0,0.0,0.0,10.2725,12.0,120.10330371967704,20.925,9.0,21.26666666666667,17.5,25.2,68.88333333333334,0.1,1.0,1.0,15.473333333333334,27.4,186.7351546737412,42.36666666666667,13.0,,,,,,,,,,,,,8.751331918708827
2025,17,Azerbaijan Grand Prix,2025-09-21,baku,Baku City Circuit,antonelli,ANT,Andrea Kimi Antonelli,mercedes,Mercedes,12,,4.0,4,12.0,51,Finished,6.0,1:44.091,,,ANT,,,,,,11.0,4.0,5.0,6.666666666666667,4.0,3,True,STREET,ANTI_CLOCKWISE,40.3725,49.853333,6.003,20,9,ground_effect,2,normal,,,,,,,,,,,,,9.0,11.666666666666666,13.4,2.0,0.6,9.4,10.2,,0,False,False,,,,,,,,,,,,,21.85,20.2,23.1,76.25,0.0,0.0,0.0,10.325,11.6,120.0034372422366,30.25,4.0,23.025,20.2,25.2,67.825,0.0,0.0,0.0,10.2725,12.0,120.10330371967704,20.925,9.0,21.26666666666667,17.5,25.2,68.88333333333334,0.1,1.0,1.0,15.473333333333334,27.4,186.7351546737412,42.36666666666667,13.0,,,,,,,,,,,,,7.824470420181895
2025,17,Azerbaijan Grand Prix,2025-09-21,baku,Baku City Circuit,sainz,SAI,Carlos Sainz,williams,Williams,55,,3.0,3,15.0,51,Finished,4.0,1:43.972,,,SAI,,,,,,8.0,11.0,13.0,10.666666666666666,8.0,3,True,STREET,ANTI_CLOCKWISE,40.3725,49.853333,6.003,20,9,ground_effect,2,normal,,,,,,,,,,,,,11.0,12.666666666666666,13.6,0.0,0.0,10.9,5.6,11.5,8,False,False,,,,,,,,,,,,,21.85,20.2,23.1,76.25,0.0,0.0,0.0,10.325,11.6,120.0034372422366,30.25,4.0,23.025,20.2,25.2,67.825,0.0,0.0,0.0,10.2725,12.0,120.10330371967704,20.925,9.0,21.26666666666667,17.5,25.2,68.88333333333334,0.1,1.0,1.0,15.473333333333334,27.4,186.7351546737412,42.36666666666667,13.0,,,,,,,,,,,,,11.706482970559577
2025,17,Azerbaijan Grand Prix,2025-09-21,baku,Baku City Circuit,leclerc,LEC,Charles Leclerc,ferrari,Ferrari,16,,9.0,9,2.0,51,Finished,9.0,1:44.274,,,LEC,,,,,,3.0,2.0,10.0,5.0,2.0,3,True,STREET,ANTI_CLOCKWISE,40.3725,49.853333,6.003,20,9,ground_effect,2,normal,,,,,,,,,,,,,4.0,9.0,8.8,12.0,7.8,9.3,13.0,6.5,6,False,False,,,,,,,,,,,,,21.85,20.2,23.1,76.25,0.0,0.0,0.0,10.325,11.6,120.0034372422366,30.25,4.0,23.025,20.2,25.2,67.825,0.0,0.0,0.0,10.2725,12.0,120.10330371967704,20.925,9.0,21.26666666666667,17.5,25.2,68.88333333333334,0.1,1.0,1.0,15.473333333333334,27.4,186.7351546737412,42.36666666666667,13.0,,,,,,,,,,,,,6.10445865332789
2025,17,Azerbaijan Grand Prix,2025-09-21,baku,Baku City Circuit,ocon,OCO,Esteban Ocon,haas,Haas F1 Team,31,,14.0,14,0.0,51,Finished,17.0,1:45.388,,,OCO,,,,,,18.0,8.0,17.0,14.333333333333334,8.0,3,True,STREET,ANTI_CLOCKWISE,40.3725,49.853333,6.003,20,9,ground_effect,2,normal,,,,,,,,,,,,,15.0,13.666666666666666,13.8,0.0,0.2,12.9,1.8,14.166666666666666,6,False,False,,,,,,,,,,,,,21.85,20.2,23.1,76.25,0.0,0.0,0.0,10.325,11.6,120.0034372422366,30.25,4.0,23.025,20.2,25.2,67.825,0.0,0.0,0.0,10.2725,12.0,120.10330371967704,20.925,9.0,21.26666666666667,17.5,25.2,68.88333333333334,0.1,1.0,1.0,15.473333333333334,27.4,186.7351546737412,42.36666666666667,13.0,,,,,,,,,,,,,14.296951488513958
2025,17,Azerbaijan Grand Prix,2025-09-21,baku,Baku City Circuit,alonso,ALO,Fernando Alonso,aston_martin,Aston Martin,14,,15.0,15,0.0,51,Finished,15.0,1:45.002,,,ALO,,,,,,15.0,19.0,14.0,16.0,14.0,3,True,STREET,ANTI_CLOCKWISE,40.3725,49.853333,6.003,20,9,ground_effect,2,normal,,,,,,,,,,,,,19.0,10.666666666666666,11.6,0.0,3.2,11.1,6.8,8.285714285714286,7,False,False,,,,,,,,,,,,,21.85,20.2,23.1,76.25,0.0,0.0,0.0,10.325,11.6,120.0034372422366,30.25,4.0,23.025,20.2,25.2,67.825,0.0,0.0,0.0,10.2725,12.0,120.10330371967704,20.925,9.0,21.26666666666667,17.5,25.2,68.88333333333334,0.1,1.0,1.0,15.473333333333334,27.4,186.7351546737412,42.36666666666667,13.0,,,,,,,,,,,,,13.578326613876742
2025,17,Azerbaijan Grand Prix,2025-09-21,baku,Baku City Circuit,colapinto,COL,Franco Colapinto,alpine,Alpine F1 Team,43,,19.0,19,0.0,50,Lapped,19.0,1:46.055,,,COL,,,,,,19.0,20.0,15.0,18.0,15.0,3,True,STREET,ANTI_CLOCKWISE,40.3725,49.853333,6.003,20,9,ground_effect,2,normal,,,,,,,,,,,,,17.0,15.333333333333334,17.0,0.0,0.0,15.3,1.8,8.0,1,False,False,,,,,,,,,,,,,21.85,20.2,23.1,76.25,0.0,0.0,0.0,10.325,11.6,120.0034372422366,30.25,4.0,23.025,20.2,25.2,67.825,0.0,0.0,0.0,10.2725,12.0,120.10330371967704,20.925,9.0,21.26666666666667,17.5,25.2,68.88333333333334,0.1,1.0,1.0,15.473333333333334,27.4,186.7351546737412,42.36666666666667,13.0,,,,,,,,,,,,,15.229252158299557
2025,17,Azerbaijan Grand Prix,2025-09-21,baku,Baku City Circuit,bortoleto,BOR,Gabriel Bortoleto,sauber,Sauber,5,,11.0,11,0.0,51,Finished,14.0,1:44.930,,,BOR,,,,,,14.0,15.0,18.0,15.666666666666666,14.0,3,True,STREET,ANTI_CLOCKWISE,40.3725,49.853333,6.003,20,9,ground_effect,2,normal,,,,,,,,,,,,,8.0,9.666666666666666,11.2,4.0,2.8,11.8,5.8,,0,False,False,,,,,,,,,,,,,21.85,20.2,23.1,76.25,0.0,0.0,0.0,10.325,11.6,120.0034372422366,30.25,4.0,23.025,20.2,25.2,67.825,0.0,0.0,0.0,10.2725,12.0,120.10330371967704,20.925,9.0,21.26666666666667,17.5,25.2,68.88333333333334,0.1,1.0,1.0,15.473333333333334,27.4,186.7351546737412,42.36666666666667,13.0,,,,,,,,,,,,,13.532778238609783
2025,17,Azerbaijan Grand Prix,2025-09-21,baku,Baku City Circuit,russell,RUS,George Russell,mercedes,Mercedes,63,,2.0,2,18.0,51,Finished,2.0,1:43.754,,,RUS,,,,,,4.0,3.0,6.0,4.333333333333333,3.0,3,True,STREET,ANTI_CLOCKWISE,40.3725,49.853333,6.003,20,9,ground_effect,2,normal,,,,,,,,,,,,,5.0,4.0,5.4,10.0,9.6,9.4,10.2,9.2,5,False,False,,,,,,,,,,,,,21.85,20.2,23.1,76.25,0.0,0.0,0.0,10.325,11.6,120.0034372422366,30.25,4.0,23.025,20.2,25.2,67.825,0.0,0.0,0.0,10.2725,12.0,120.10330371967704,20.925,9.0,21.26666666666667,17.5,25.2,68.88333333333334,0.1,1.0,1.0,15.473333333333334,27.4,186.7351546737412,42.36666666666667,13.0,,,,,,,,,,,,,5.248472654067603
2025,17,Azerbaijan Grand Prix,2025-09-21,baku,Baku City Circuit,hadjar,HAD,Isack Hadjar,rb,RB F1 Team,6,,10.0,10,1.0,51,Finished,3.0,1:43.884,,,HAD,,,,,,10.0,13.0,11.0,11.333333333333334,10.0,3,True,STREET,ANTI_CLOCKWISE,40.3725,49.853333,6.003,20,9,ground_effect,2,normal,,,,,,,,,,,,,10.0,8.0,12.2,1.0,3.2,12.2,4.8,,0,False,False,,,,,,,,,,,,,21.85,20.2,23.1,76.25,0.0,0.0,0.0,10.325,11.6,120.0034372422366,30.25,4.0,23.025,20.2,25.2,67.825,0.0,0.0,0.0,10.2725,12.0,120.10330371967704,20.925,9.0,21.26666666666667,17.5,25.2,68.88333333333334,0.1,1.0,1.0,15.473333333333334,27.4,186.7351546737412,42.36666666666667,13.0,,,,,,,,,,,,,11.501677427601162
2025,17,Azerbaijan Grand Prix,2025-09-21,baku,Baku City Circuit,stroll,STR,Lance Stroll,aston_martin,Aston Martin,18,,17.0,17,0.0,51,Finished,16.0,1:45.083,,,STR,,,,,,17.0,17.0,20.0,18.0,17.0,3,True,STREET,ANTI_CLOCKWISE,40.3725,49.853333,6.003,20,9,ground_effect,2,normal,,,,,,,,,,,,,18.0,10.666666666666666,10.6,0.0,3.6,11.1,6.8,11.571428571428571,7,False,False,,,,,,,,,,,,,21.85,20.2,23.1,76.25,0.0,0.0,0.0,10.325,11.6,120.0034372422366,30.25,4.0,23.025,20.2,25.2,67.825,0.0,0.0,0.0,10.2725,12.0,120.10330371967704,20.925,9.0,21.26666666666667,17.5,25.2,68.88333333333334,0.1,1.0,1.0,15.473333333333334,27.4,186.7351546737412,42.36666666666667,13.0,,,,,,,,,,,,,13.262967432921075
2025,17,Azerbaijan Grand Prix,2025-09-21,baku,Baku City Circuit,norris,NOR,Lando Norris,mclaren,McLaren,4,,7.0,7,6.0,51,Finished,8.0,1:44.155,,,NOR,,,,,,1.0,10.0,1.0,4.0,1.0,3,True,STREET,ANTI_CLOCKWISE,40.3725,49.853333,6.003,20,9,ground_effect,2,normal,,,,,,,,,,,,,2.0,7.0,4.8,18.0,17.2,3.3,37.4,7.0,5,False,False,,,,,,,,,,,,,21.85,20.2,23.1,76.25,0.0,0.0,0.0,10.325,11.6,120.0034372422366,30.25,4.0,23.025,20.2,25.2,67.825,0.0,0.0,0.0,10.2725,12.0,120.10330371967704,20.925,9.0,21.26666666666667,17.5,25.2,68.88333333333334,0.1,1.0,1.0,15.473333333333334,27.4,186.7351546737412,42.36666666666667,13.0,,,,,,,,,,,,,3.128018991606587
2025,17,Azerbaijan Grand Prix,2025-09-21,baku,Baku City Circuit,hamilton,HAM,Lewis Hamilton,ferrari,Ferrari,44,,8.0,8,4.0,51,Finished,5.0,1:43.977,,,HAM,,,,,,13.0,1.0,4.0,6.0,1.0,3,True,STREET,ANTI_CLOCKWISE,40.3725,49.853333,6.003,20,9,ground_effect,2,normal,,,,,,,,,,,,,6.0,12.666666666666666,9.8,8.0,5.2,9.3,13.0,5.875,8,False,False,,,,,,,,,,,,,21.85,20.2,23.1,76.25,0.0,0.0,0.0,10.325,11.6,120.0034372422366,30.25,4.0,23.025,20.2,25.2,67.825,0.0,0.0,0.0,10.2725,12.0,120.10330371967704,20.925,9.0,21.26666666666667,17.5,25.2,68.88333333333334,0.1,1.0,1.0,15.473333333333334,27.4,186.7351546737412,42.36666666666667,13.0,,,,,,,,,,,,,5.7381308170086065
2025,17,Azerbaijan Grand Prix,2025-09-21,baku,Baku City Circuit,lawson,LAW,Liam Lawson,rb,RB F1 Team,30,,5.0,5,10.0,51,Finished,13.0,1:44.531,,,LAW,,,,,,9.0,7.0,9.0,8.333333333333334,7.0,3,True,STREET,ANTI_CLOCKWISE,40.3725,49.853333,6.003,20,9,ground_effect,2,normal,,,,,,,,,,,,,14.0,11.333333333333334,12.2,0.0,1.6,12.2,4.8,,0,False,False,,,,,,,,,,,,,21.85,20.2,23.1,76.25,0.0,0.0,0.0,10.325,11.6,120.0034372422366,30.25,4.0,23.025,20.2,25.2,67.825,0.0,0.0,0.0,10.2725,12.0,120.10330371967704,20.925,9.0,21.26666666666667,17.5,25.2,68.88333333333334,0.1,1.0,1.0,15.473333333333334,27.4,186.7351546737412,42.36666666666667,13.0,,,,,,,,,,,,,11.16982369178351
2025,17,Azerbaijan Grand Prix,2025-09-21,baku,Baku City Circuit,max_verstappen,VER,Max Verstappen,red_bull,Red Bull,1,,1.0,1,25.0,51,Finished,1.0,1:43.388,,,VER,,,,,,7.0,6.0,2.0,5.0,2.0,3,True,STREET,ANTI_CLOCKWISE,40.3725,49.853333,6.003,20,9,ground_effect,2,normal,,,,,,,,,,,,,1.0,4.0,4.2,25.0,13.4,8.8,13.8,9.0,8,False,False,,,,,,,,,,,,,21.85,20.2,23.1,76.25,0.0,0.0,0.0,10.325,11.6,120.0034372422366,30.25,4.0,23.025,20.2,25.2,67.825,0.0,0.0,0.0,10.2725,12.0,120.10330371967704,20.925,9.0,21.26666666666667,17.5,25.2,68.88333333333334,0.1,1.0,1.0,15.473333333333334,27.4,186.7351546737412,42.36666666666667,13.0,,,,,,,,,,,,,2.2931054103015898
2025,17,Azerbaijan Grand Prix,2025-09-21,baku,Baku City Circuit,hulkenberg,HUL,Nico Hülkenberg,sauber,Sauber,27,,16.0,16,0.0,51,Finished,11.0,1:44.370,,,HUL,,,,,,12.0,18.0,12.0,14.0,12.0,3,True,STREET,ANTI_CLOCKWISE,40.3725,49.853333,6.003,20,9,ground_effect,2,normal,,,,,,,,,,,,,20.0,15.666666666666666,12.4,0.0,3.0,11.8,5.8,14.333333333333334,6,False,False,,,,,,,,,,,,,21.85,20.2,23.1,76.25,0.0,0.0,0.0,10.325,11.6,120.0034372422366,30.25,4.0,23.025,20.2,25.2,67.825,0.0,0.0,0.0,10.2725,12.0,120.10330371967704,20.925,9.0,21.26666666666667,17.5,25.2,68.88333333333334,0.1,1.0,1.0,15.473333333333334,27.4,186.7351546737412,42.36666666666667,13.0,,,,,,,,,,,,,13.438018069101176
2025,17,Azerbaijan Grand Prix,2025-09-21,baku,Baku City Circuit,bearman,BEA,Oliver Bearman,haas,Haas F1 Team,87,,12.0,12,0.0,51,Finished,10.0,1:44.288,,,BEA,,,,,,16.0,5.0,8.0,9.666666666666666,5.0,3,True,STREET,ANTI_CLOCKWISE,40.3725,49.853333,6.003,20,9,ground_effect,2,normal,,,,,,,,,,,,,12.0,12.666666666666666,12.0,0.0,1.6,12.9,1.8,10.0,1,False,False,,,,,,,,,,,,,21.85,20.2,23.1,76.25,0.0,0.0,0.0,10.325,11.6,120.0034372422366,30.25,4.0,23.025,20.2,25.2,67.825,0.0,0.0,0.0,10.2725,12.0,120.10330371967704,20.925,9.0,21.26666666666667,17.5,25.2,68.88333333333334,0.1,1.0,1.0,15.473333333333334,27.4,186.7351546737412,42.36666666666667,13.0,,,,,,,,,,,,,11.659556478739217
2025,17,Azerbaijan Grand Prix,2025-09-21,baku,Baku City Circuit,piastri,PIA,Oscar Piastri,mclaren,McLaren,81,,20.0,R,0.0,0,Retired,,,,,PIA,,,,,,2.0,12.0,3.0,5.666666666666667,2.0,3,True,STREET,ANTI_CLOCKWISE,40.3725,49.853333,6.003,20,9,ground_effect,2,normal,,,,,,,,,,,,,3.0,2.0,1.8,15.0,20.2,3.3,37.4,6.0,2,False,False,,,,,,,,,,,,,21.85,20.2,23.1,76.25,0.0,0.0,0.0,10.325,11.6,120.0034372422366,30.25,4.0,23.025,20.2,25.2,67.825,0.0,0.0,0.0,10.2725,12.0,120.10330371967704,20.925,9.0,21.26666666666667,17.5,25.2,68.88333333333334,0.1,1.0,1.0,15.473333333333334,27.4,186.7351546737412,42.36666666666667,13.0,,,,,,,,,,,,,4.4248753947764055
2025,17,Azerbaijan Grand Prix,2025-09-21,baku,Baku City Circuit,gasly,GAS,Pierre Gasly,alpine,Alpine F1 Team,10,,18.0,18,0.0,50,Lapped,18.0,1:45.492,,,GAS,,,,,,20.0,16.0,19.0,18.33333333333333,16.0,3,True,STREET,ANTI_CLOCKWISE,40.3725,49.853333,6.003,20,9,ground_effect,2,normal,,,,,,,,,,,,,16.0,17.333333333333332,13.6,0.0,1.8,15.3,1.8,10.5,6,False,False,,,,,,,,,,,,,21.85,20.2,23.1,76.25,0.0,0.0,0.0,10.325,11.6,120.0034372422366,30.25,4.0,23.025,20.2,25.2,67.825,0.0,0.0,0.0,10.2725,12.0,120.10330371967704,20.925,9.0,21.26666666666667,17.5,25.2,68.88333333333334,0.1,1.0,1.0,15.473333333333334,27.4,186.7351546737412,42.36666666666667,13.0,,,,,,,,,,,,,14.070850601977378
2025,17,Azerbaijan Grand Prix,2025-09-21,baku,Baku City Circuit,tsunoda,TSU,Yuki Tsunoda,red_bull,Red Bull,22,,6.0,6,8.0,51,Finished,12.0,1:44.434,,,TSU,,,,,,6.0,14.0,16.0,12.0,6.0,3,True,STREET,ANTI_CLOCKWISE,40.3725,49.853333,6.003,20,9,ground_effect,2,normal,,,,,,,,,,,,,13.0,13.0,13.4,0.0,0.4,8.8,13.8,12.5,4,False,False,,,,,,,,,,,,,21.85,20.2,23.1,76.25,0.0,0.0,0.0,10.325,11.6,120.0034372422366,30.25,4.0,23.025,20.2,25.2,67.825,0.0,0.0,0.0,10.2725,12.0,120.10330371967704,20.925,9.0,21.26666666666667,17.5,25.2,68.88333333333334,0.1,1.0,1.0,15.473333333333334,27.4,186.7351546737412,42.36666666666667,13.0,,,,,,,,,,,,,9.930484023208194
2025,18,Singapore Grand Prix,2025-10-05,marina_bay,Marina Bay Street Circuit,albon,ALB,Alexander Albon,williams,Williams,23,,14.0,14,0.0,61,Lapped,9.0,1:35.648,,,ALB,,,,,,20.0,13.0,11.0,14.666666666666666,11.0,3,True,STREET,ANTI_CLOCKWISE,1.291531,103.86385,4.927,19,16,ground_effect,2,normal,,,,,,,,,,,,,13.0,8.333333333333334,9.2,0.0,4.8,10.5,7.8,13.5,4,False,False,,,,,,,,,,,,,27.125,26.7,27.5,81.25,0.2,2.0,1.0,6.25,9.3,233.6414970093024,99.5,4.0,28.1125,26.7,30.1,76.025,0.6000000000000001,6.0,1.0,6.415,9.3,228.3878335214054,99.75,9.0,28.058333333333334,25.7,30.1,77.10000000000001,0.6000000000000001,6.0,1.0,7.451666666666667,11.5,240.07877762016884,79.66666666666667,13.0,,,,,,,,,,,,,11.786290209310714
2025,18,Singapore Grand Prix,2025-10-05,marina_bay,Marina Bay Street Circuit,antonelli,ANT,Andrea Kimi Antonelli,mercedes,Mercedes,12,,5.0,5,10.0,62,Finished,4.0,1:35.303,,,ANT,,,,,,14.0,18.0,4.0,12.0,4.0,3,True,STREET,ANTI_CLOCKWISE,1.291531,103.86385,4.927,19,16,ground_effect,2,normal,,,,,,,,,,,,,4.0,9.666666666666666,11.0,12.0,3.0,7.4,16.0,,0,False,False,,,,,,,,,,,,,27.125,26.7,27.5,81.25,0.2,2.0,1.0,6.25,9.3,233.6414970093024,99.5,4.0,28.1125,26.7,30.1,76.025,0.6000000000000001,6.0,1.0,6.415,9.3,228.3878335214054,99.75,9.0,28.058333333333334,25.7,30.1,77.10000000000001,0.6000000000000001,6.0,1.0,7.451666666666667,11.5,240.07877762016884,79.66666666666667,13.0,,,,,,,,,,,,,9.658911955421818
2025,18,Singapore Grand Prix,2025-10-05,marina_bay,Marina Bay Street Circuit,sainz,SAI,Carlos Sainz,williams,Williams,55,,10.0,10,1.0,61,Lapped,3.0,1:34.963,,,SAI,,,,,,8.0,8.0,6.0,7.333333333333333,6.0,3,True,STREET,ANTI_CLOCKWISE,1.291531,103.86385,4.927,19,16,ground_effect,2,normal,,,,,,,,,,,,,3.0,9.0,11.8,15.0,3.0,10.5,7.8,7.25,8,False,False,,,,,,,,,,,,,27.125,26.7,27.5,81.25,0.2,2.0,1.0,6.25,9.3,233.6414970093024,99.5,4.0,28.1125,26.7,30.1,76.025,0.6000000000000001,6.0,1.0,6.415,9.3,228.3878335214054,99.75,9.0,28.058333333333334,25.7,30.1,77.10000000000001,0.6000000000000001,6.0,1.0,7.451666666666667,11.5,240.07877762016884,79.66666666666667,13.0,,,,,,,,,,,,,8.420218429867752
2025,18,Singapore Grand Prix,2025-10-05,marina_bay,Marina Bay Street Circuit,leclerc,LEC,Charles Leclerc,ferrari,Ferrari,16,,6.0,6,8.0,62,Finished,14.0,1:35.983,,,LEC,,,,,,2.0,9.0,10.0,7.0,2.0,3,True,STREET,ANTI_CLOCKWISE,1.291531,103.86385,4.927,19,16,ground_effect,2,normal,,,,,,,,,,,,,9.0,10.666666666666666,7.8,2.0,8.2,9.2,11.8,4.4,5,False,False,,,,,,,,,,,,,27.125,26.7,27.5,81.25,0.2,2.0,1.0,6.25,9.3,233.6414970093024,99.5,4.0,28.1125,26.7,30.1,76.025,0.6000000000000001,6.0,1.0,6.415,9.3,228.3878335214054,99.75,9.0,28.058333333333334,25.7,30.1,77.10000000000001,0.6000000000000001,6.0,1.0,7.451666666666667,11.5,240.07877762016884,79.66666666666667,13.0,,,,,,,,,,,,,7.892982143034468
2025,18,Singapore Grand Prix,2025-10-05,marina_bay,Marina Bay Street Circuit,ocon,OCO,Esteban Ocon,haas,Haas F1 Team,31,,18.0,18,0.0,61,Lapped,16.0,1:36.646,,,OCO,,,,,,10.0,7.0,13.0,10.0,7.0,3,True,STREET,ANTI_CLOCKWISE,1.291531,103.86385,4.927,19,16,ground_effect,2,normal,,,,,,,,,,,,,14.0,13.0,14.0,0.0,0.2,13.1,1.8,15.833333333333334,6,False,False,,,,,,,,,,,,,27.125,26.7,27.5,81.25,0.2,2.0,1.0,6.25,9.3,233.6414970093024,99.5,4.0,28.1125,26.7,30.1,76.025,0.6000000000000001,6.0,1.0,6.415,9.3,228.3878335214054,99.75,9.0,28.058333333333334,25.7,30.1,77.10000000000001,0.6000000000000001,6.0,1.0,7.451666666666667,11.5,240.07877762016884,79.66666666666667,13.0,,,,,,,,,,,,,12.504043184632176
2025,18,Singapore Grand Prix,2025-10-05,marina_bay,Marina Bay Street Circuit,alonso,ALO,Fernando Alonso,aston_martin,Aston Martin,14,,7.0,7,6.0,62,Finished,13.0,1:35.862,,,ALO,,,,,,1.0,4.0,15.0,6.666666666666667,1.0,3,True,STREET,ANTI_CLOCKWISE,1.291531,103.86385,4.927,19,16,ground_effect,2,normal,,,,,,,,,,,,,15.0,14.0,12.8,0.0,2.8,12.7,5.2,11.625,8,False,False,,,,,,,,,,,,,27.125,26.7,27.5,81.25,0.2,2.0,1.0,6.25,9.3,233.6414970093024,99.5,4.0,28.1125,26.7,30.1,76.025,0.6000000000000001,6.0,1.0,6.415,9.3,228.3878335214054,99.75,9.0,28.058333333333334,25.7,30.1,77.10000000000001,0.6000000000000001,6.0,1.0,7.451666666666667,11.5,240.07877762016884,79.66666666666667,13.0,,,,,,,,,,,,,11.791578357869728
2025,18,Singapore Grand Prix,2025-10-05,marina_bay,Marina Bay Street Circuit,colapinto,COL,Franco Colapinto,alpine,Alpine F1 Team,43,,16.0,16,0.0,61,Lapped,20.0,1:37.182,,,COL,,,,,,19.0,19.0,16.0,18.0,16.0,3,True,STREET,ANTI_CLOCKWISE,1.291531,103.86385,4.927,19,16,ground_effect,2,normal,,,,,,,,,,,,,19.0,15.666666666666666,16.8,0.0,0.0,16.4,0.2,11.0,1,False,False,,,,,,,,,,,,,27.125,26.7,27.5,81.25,0.2,2.0,1.0,6.25,9.3,233.6414970093024,99.5,4.0,28.1125,26.7,30.1,76.025,0.6000000000000001,6.0,1.0,6.415,9.3,228.3878335214054,99.75,9.0,28.058333333333334,25.7,30.1,77.10000000000001,0.6000000000000001,6.0,1.0,7.451666666666667,11.5,240.07877762016884,79.66666666666667,13.0,,,,,,,,,,,,,15.839159731001086
2025,18,Singapore Grand Prix,2025-10-05,marina_bay,Marina Bay Street Circuit,bortoleto,BOR,Gabriel Bortoleto,sauber,Sauber,5,,17.0,17,0.0,61,Lapped,19.0,1:37.126,,,BOR,,,,,,17.0,15.0,12.0,14.666666666666666,12.0,3,True,STREET,ANTI_CLOCKWISE,1.291531,103.86385,4.927,19,16,ground_effect,2,normal,,,,,,,,,,,,,11.0,11.333333333333334,9.8,0.0,2.8,12.4,2.8,,0,False,False,,,,,,,,,,,,,27.125,26.7,27.5,81.25,0.2,2.0,1.0,6.25,9.3,233.6414970093024,99.5,4.0,28.1125,26.7,30.1,76.025,0.6000000000000001,6.0,1.0,6.415,9.3,228.3878335214054,99.75,9.0,28.058333333333334,25.7,30.1,77.10000000000001,0.6000000000000001,6.0,1.0,7.451666666666667,11.5,240.07877762016884,79.66666666666667,13.0,,,,,,,,,,,,,13.15910180618743
2025,18,Singapore Grand Prix,2025-10-05,marina_bay,Marina Bay Street Circuit,russell,RUS,George Russell,mercedes,Mercedes,63,,1.0,1,25.0,62,Finished,11.0,1:35.676,,,RUS,,,,,,11.0,20.0,3.0,11.333333333333334,3.0,3,True,STREET,ANTI_CLOCKWISE,1.291531,103.86385,4.927,19,16,ground_effect,2,normal,,,,,,,,,,,,,2.0,3.6666666666666665,3.8,18.0,13.0,7.4,16.0,13.5,4,False,False,,,,,,,,,,,,,27.125,26.7,27.5,81.25,0.2,2.0,1.0,6.25,9.3,233.6414970093024,99.5,4.0,28.1125,26.7,30.1,76.025,0.6000000000000001,6.0,1.0,6.415,9.3,228.3878335214054,99.75,9.0,28.058333333333334,25.7,30.1,77.10000000000001,0.6000000000000001,6.0,1.0,7.451666666666667,11.5,240.07877762016884,79.66666666666667,13.0,,,,,,,,,,,,,6.999932225311274
2025,18,Singapore Grand Prix,2025-10-05,marina_bay,Marina Bay Street Circuit,hadjar,HAD,Isack Hadjar,rb,RB F1 Team,6,,11.0,11,0.0,61,Lapped,18.0,1:36.938,,,HAD,,,,,,7.0,2.0,7.0,5.333333333333333,2.0,3,True,STREET,ANTI_CLOCKWISE,1.291531,103.86385,4.927,19,16,ground_effect,2,normal,,,,,,,,,,,,,10.0,7.666666666666667,10.8,1.0,3.4,10.1,7.0,,0,False,False,,,,,,,,,,,,,27.125,26.7,27.5,81.25,0.2,2.0,1.0,6.25,9.3,233.6414970093024,99.5,4.0,28.1125,26.7,30.1,76.025,0.6000000000000001,6.0,1.0,6.415,9.3,228.3878335214054,99.75,9.0,28.058333333333334,25.7,30.1,77.10000000000001,0.6000000000000001,6.0,1.0,7.451666666666667,11.5,240.07877762016884,79.66666666666667,13.0,,,,,,,,,,,,,7.991974266897438
2025,18,Singapore Grand Prix,2025-10-05,marina_bay,Marina Bay Street Circuit,stroll,STR,Lance Stroll,aston_martin,Aston Martin,18,,13.0,13,0.0,61,Lapped,12.0,1:35.851,,,STR,,,,,,18.0,6.0,17.0,13.666666666666666,6.0,3,True,STREET,ANTI_CLOCKWISE,1.291531,103.86385,4.927,19,16,ground_effect,2,normal,,,,,,,,,,,,,17.0,14.0,12.6,0.0,2.4,12.7,5.2,12.5,6,False,False,,,,,,,,,,,,,27.125,26.7,27.5,81.25,0.2,2.0,1.0,6.25,9.3,233.6414970093024,99.5,4.0,28.1125,26.7,30.1,76.025,0.6000000000000001,6.0,1.0,6.415,9.3,228.3878335214054,99.75,9.0,28.058333333333334,25.7,30.1,77.10000000000001,0.6000000000000001,6.0,1.0,7.451666666666667,11.5,240.07877762016884,79.66666666666667,13.0,,,,,,,,,,,,,13.028662259072998
2025,18,Singapore Grand Prix,2025-10-05,marina_bay,Marina Bay Street Circuit,norris,NOR,Lando Norris,mclaren,McLaren,4,,3.0,3,15.0,62,Finished,7.0,1:35.555,,,NOR,,,,,,6.0,5.0,5.0,5.333333333333333,5.0,3,True,STREET,ANTI_CLOCKWISE,1.291531,103.86385,4.927,19,16,ground_effect,2,normal,,,,,,,,,,,,,7.0,9.0,6.0,6.0,13.4,5.7,30.0,3.5,4,False,False,,,,,,,,,,,,,27.125,26.7,27.5,81.25,0.2,2.0,1.0,6.25,9.3,233.6414970093024,99.5,4.0,28.1125,26.7,30.1,76.025,0.6000000000000001,6.0,1.0,6.415,9.3,228.3878335214054,99.75,9.0,28.058333333333334,25.7,30.1,77.10000000000001,0.6000000000000001,6.0,1.0,7.451666666666667,11.5,240.07877762016884,79.66666666666667,13.0,,,,,,,,,,,,,4.485453133036403
2025,18,Singapore Grand Prix,2025-10-05,marina_bay,Marina Bay Street Circuit,hamilton,HAM,Lewis Hamilton,ferrari,Ferrari,44,,8.0,8,4.0,62,Finished,1.0,1:33.808,,,HAM,,,,,,4.0,10.0,8.0,7.333333333333333,4.0,3,True,STREET,ANTI_CLOCKWISE,1.291531,103.86385,4.927,19,16,ground_effect,2,normal,,,,,,,,,,,,,8.0,11.333333333333334,10.6,4.0,3.6,9.2,11.8,5.111111111111111,9,False,False,,,,,,,,,,,,,27.125,26.7,27.5,81.25,0.2,2.0,1.0,6.25,9.3,233.6414970093024,99.5,4.0,28.1125,26.7,30.1,76.025,0.6000000000000001,6.0,1.0,6.415,9.3,228.3878335214054,99.75,9.0,28.058333333333334,25.7,30.1,77.10000000000001,0.6000000000000001,6.0,1.0,7.451666666666667,11.5,240.07877762016884,79.66666666666667,13.0,,,,,,,,,,,,,7.225197793001954
2025,18,Singapore Grand Prix,2025-10-05,marina_bay,Marina Bay Street Circuit,lawson,LAW,Liam Lawson,rb,RB F1 Team,30,,15.0,15,0.0,61,Lapped,8.0,1:35.641,,,LAW,,,,,,15.0,17.0,20.0,17.333333333333332,15.0,3,True,STREET,ANTI_CLOCKWISE,1.291531,103.86385,4.927,19,16,ground_effect,2,normal,,,,,,,,,,,,,5.0,10.333333333333334,9.4,10.0,3.6,10.1,7.0,9.0,1,False,False,,,,,,,,,,,,,27.125,26.7,27.5,81.25,0.2,2.0,1.0,6.25,9.3,233.6414970093024,99.5,4.0,28.1125,26.7,30.1,76.025,0.6000000000000001,6.0,1.0,6.415,9.3,228.3878335214054,99.75,9.0,28.058333333333334,25.7,30.1,77.10000000000001,0.6000000000000001,6.0,1.0,7.451666666666667,11.5,240.07877762016884,79.66666666666667,13.0,,,,,,,,,,,,,13.12490051334061
2025,18,Singapore Grand Prix,2025-10-05,marina_bay,Marina Bay Street Circuit,max_verstappen,VER,Max Verstappen,red_bull,Red Bull,1,,2.0,2,18.0,62,Finished,10.0,1:35.649,,,VER,,,,,,3.0,3.0,1.0,2.333333333333333,1.0,3,True,STREET,ANTI_CLOCKWISE,1.291531,103.86385,4.927,19,16,ground_effect,2,normal,,,,,,,,,,,,,1.0,1.3333333333333333,3.4,25.0,16.4,7.5,18.4,6.5,8,False,False,,,,,,,,,,,,,27.125,26.7,27.5,81.25,0.2,2.0,1.0,6.25,9.3,233.6414970093024,99.5,4.0,28.1125,26.7,30.1,76.025,0.6000000000000001,6.0,1.0,6.415,9.3,228.3878335214054,99.75,9.0,28.058333333333334,25.7,30.1,77.10000000000001,0.6000000000000001,6.0,1.0,7.451666666666667,11.5,240.07877762016884,79.66666666666667,13.0,,,,,,,,,,,,,2.2213207569765503
2025,18,Singapore Grand Prix,2025-10-05,marina_bay,Marina Bay Street Circuit,hulkenberg,HUL,Nico Hülkenberg,sauber,Sauber,27,,20.0,20,0.0,61,Lapped,5.0,1:35.404,,,HUL,,,,,,12.0,14.0,9.0,11.666666666666666,9.0,3,True,STREET,ANTI_CLOCKWISE,1.291531,103.86385,4.927,19,16,ground_effect,2,normal,,,,,,,,,,,,,16.0,16.666666666666668,15.0,0.0,0.0,12.4,2.8,13.125,8,False,False,,,,,,,,,,,,,27.125,26.7,27.5,81.25,0.2,2.0,1.0,6.25,9.3,233.6414970093024,99.5,4.0,28.1125,26.7,30.1,76.025,0.6000000000000001,6.0,1.0,6.415,9.3,228.3878335214054,99.75,9.0,28.058333333333334,25.7,30.1,77.10000000000001,0.6000000000000001,6.0,1.0,7.451666666666667,11.5,240.07877762016884,79.66666666666667,13.0,,,,,,,,,,,,,12.278365203499927
2025,18,Singapore Grand Prix,2025-10-05,marina_bay,Marina Bay Street Circuit,bearman,BEA,Oliver Bearman,haas,Haas F1 Team,87,,9.0,9,2.0,62,Finished,15.0,1:36.201,,,BEA,,,,,,16.0,12.0,14.0,14.0,12.0,3,True,STREET,ANTI_CLOCKWISE,1.291531,103.86385,4.927,19,16,ground_effect,2,normal,,,,,,,,,,,,,12.0,10.0,12.2,0.0,1.6,13.1,1.8,,0,False,False,,,,,,,,,,,,,27.125,26.7,27.5,81.25,0.2,2.0,1.0,6.25,9.3,233.6414970093024,99.5,4.0,28.1125,26.7,30.1,76.025,0.6000000000000001,6.0,1.0,6.415,9.3,228.3878335214054,99.75,9.0,28.058333333333334,25.7,30.1,77.10000000000001,0.6000000000000001,6.0,1.0,7.451666666666667,11.5,240.07877762016884,79.66666666666667,13.0,,,,,,,,,,,,,13.632456002847178
2025,18,Singapore Grand Prix,2025-10-05,marina_bay,Marina Bay Street Circuit,piastri,PIA,Oscar Piastri,mclaren,McLaren,81,,4.0,4,12.0,62,Finished,6.0,1:35.408,,,PIA,,,,,,5.0,1.0,2.0,2.6666666666666665,1.0,3,True,STREET,ANTI_CLOCKWISE,1.291531,103.86385,4.927,19,16,ground_effect,2,normal,,,,,,,,,,,,,20.0,8.0,5.4,0.0,16.6,5.7,30.0,5.0,2,False,False,,,,,,,,,,,,,27.125,26.7,27.5,81.25,0.2,2.0,1.0,6.25,9.3,233.6414970093024,99.5,4.0,28.1125,26.7,30.1,76.025,0.6000000000000001,6.0,1.0,6.415,9.3,228.3878335214054,99.75,9.0,28.058333333333334,25.7,30.1,77.10000000000001,0.6000000000000001,6.0,1.0,7.451666666666667,11.5,240.07877762016884,79.66666666666667,13.0,,,,,,,,,,,,,3.9311150323899295
2025,18,Singapore Grand Prix,2025-10-05,marina_bay,Marina Bay Street Circuit,gasly,GAS,Pierre Gasly,alpine,Alpine F1 Team,10,,19.0,19,0.0,61,Lapped,2.0,1:34.573,,,GAS,,,,,,13.0,16.0,19.0,16.0,13.0,3,True,STREET,ANTI_CLOCKWISE,1.291531,103.86385,4.927,19,16,ground_effect,2,normal,,,,,,,,,,,,,18.0,17.0,16.0,0.0,0.2,16.4,0.2,10.8,5,False,False,,,,,,,,,,,,,27.125,26.7,27.5,81.25,0.2,2.0,1.0,6.25,9.3,233.6414970093024,99.5,4.0,28.1125,26.7,30.1,76.025,0.6000000000000001,6.0,1.0,6.415,9.3,228.3878335214054,99.75,9.0,28.058333333333334,25.7,30.1,77.10000000000001,0.6000000000000001,6.0,1.0,7.451666666666667,11.5,240.07877762016884,79.66666666666667,13.0,,,,,,,,,,,,,13.874312319221529
2025,18,Singapore Grand Prix,2025-10-05,marina_bay,Marina Bay Street Circuit,tsunoda,TSU,Yuki Tsunoda,red_bull,Red Bull,22,,12.0,12,0.0,61,Lapped,17.0,1:36.831,,,TSU,,,,,,9.0,11.0,18.0,12.666666666666666,9.0,3,True,STREET,ANTI_CLOCKWISE,1.291531,103.86385,4.927,19,16,ground_effect,2,normal,,,,,,,,,,,,,6.0,9.333333333333334,11.6,8.0,2.0,7.5,18.4,15.333333333333334,3,False,False,,,,,,,,,,,,,27.125,26.7,27.5,81.25,0.2,2.0,1.0,6.25,9.3,233.6414970093024,99.5,4.0,28.1125,26.7,30.1,76.025,0.6000000000000001,6.0,1.0,6.415,9.3,228.3878335214054,99.75,9.0,28.058333333333334,25.7,30.1,77.10000000000001,0.6000000000000001,6.0,1.0,7.451666666666667,11.5,240.07877762016884,79.66666666666667,13.0,,,,,,,,,,,,,10.590913946161528
2025,19,United States Grand Prix,2025-10-19,americas,Circuit of the Americas,albon,ALB,Alexander Albon,williams,Williams,23,,14.0,14,0.0,56,Finished,7.0,1:38.328,,,ALB,,,,,,6.0,,,6.0,6.0,1,True,RACE,ANTI_CLOCKWISE,30.132778,-97.641111,5.513,20,13,ground_effect,2,sprint,,,,,,,,,,,,,14.0,11.333333333333334,10.8,0.0,3.2,10.5,6.4,10.75,4,False,False,,,,,,,,,,,,,32.225,30.2,33.3,34.75,0.0,0.0,0.0,16.3,20.1,166.28785383089723,35.5,4.0,30.941666666666663,25.5,34.7,45.5,0.0,0.0,0.0,16.01666666666667,20.1,182.6386820833251,32.61666666666667,13.0,30.941666666666663,25.5,34.7,45.5,0.0,0.0,0.0,16.01666666666667,20.1,182.6386820833251,32.61666666666667,13.0,,,,,,,,,,,,,9.798213159414345
2025,19,United States Grand Prix,2025-10-19,americas,Circuit of the Americas,antonelli,ANT,Andrea Kimi Antonelli,mercedes,Mercedes,12,,13.0,13,0.0,56,Finished,1.0,1:37.577,,,ANT,,,,,,18.0,,,18.0,18.0,1,True,RACE,ANTI_CLOCKWISE,30.132778,-97.641111,5.513,20,13,ground_effect,2,sprint,,,,,,,,,,,,,5.0,6.0,8.8,10.0,5.0,5.9,21.0,,0,False,False,,,,,,,,,,,,,32.225,30.2,33.3,34.75,0.0,0.0,0.0,16.3,20.1,166.28785383089723,35.5,4.0,30.941666666666663,25.5,34.7,45.5,0.0,0.0,0.0,16.01666666666667,20.1,182.6386820833251,32.61666666666667,13.0,30.941666666666663,25.5,34.7,45.5,0.0,0.0,0.0,16.01666666666667,20.1,182.6386820833251,32.61666666666667,13.0,,,,,,,,,,,,,7.322233316445476
2025,19,United States Grand Prix,2025-10-19,americas,Circuit of the Americas,sainz,SAI,Carlos Sainz,williams,Williams,55,,20.0,R,0.0,5,Retired,20.0,1:40.327,,,SAI,,,,,,19.0,,,19.0,19.0,1,True,RACE,ANTI_CLOCKWISE,30.132778,-97.641111,5.513,20,13,ground_effect,2,sprint,,,,,,,,,,,,,10.0,8.0,10.2,1.0,3.2,10.5,6.4,7.444444444444445,9,False,False,,,,,,,,,,,,,32.225,30.2,33.3,34.75,0.0,0.0,0.0,16.3,20.1,166.28785383089723,35.5,4.0,30.941666666666663,25.5,34.7,45.5,0.0,0.0,0.0,16.01666666666667,20.1,182.6386820833251,32.61666666666667,13.0,30.941666666666663,25.5,34.7,45.5,0.0,0.0,0.0,16.01666666666667,20.1,182.6386820833251,32.61666666666667,13.0,,,,,,,,,,,,,12.674241818859937
2025,19,United States Grand Prix,2025-10-19,americas,Circuit of the Americas,leclerc,LEC,Charles Leclerc,ferrari,Ferrari,16,,3.0,3,15.0,56,Finished,5.0,1:38.231,,,LEC,,,,,,20.0,,,20.0,20.0,1,True,RACE,ANTI_CLOCKWISE,30.132778,-97.641111,5.513,20,13,ground_effect,2,sprint,,,,,,,,,,,,,6.0,6.333333333333333,8.4,8.0,6.8,9.6,10.0,7.833333333333333,6,False,False,,,,,,,,,,,,,32.225,30.2,33.3,34.75,0.0,0.0,0.0,16.3,20.1,166.28785383089723,35.5,4.0,30.941666666666663,25.5,34.7,45.5,0.0,0.0,0.0,16.01666666666667,20.1,182.6386820833251,32.61666666666667,13.0,30.941666666666663,25.5,34.7,45.5,0.0,0.0,0.0,16.01666666666667,20.1,182.6386820833251,32.61666666666667,13.0,,,,,,,,,,,,,9.863596383394759
2025,19,United States Grand Prix,2025-10-19,americas,Circuit of the Americas,ocon,OCO,Esteban Ocon,haas,Haas F1 Team,31,,15.0,15,0.0,56,Finished,18.0,1:39.263,,,OCO,,,,,,11.0,,,11.0,11.0,1,True,RACE,ANTI_CLOCKWISE,30.132778,-97.641111,5.513,20,13,ground_effect,2,sprint,,,,,,,,,,,,,18.0,15.666666666666666,14.6,0.0,0.2,13.2,2.2,15.571428571428571,7,False,False,,,,,,,,,,,,,32.225,30.2,33.3,34.75,0.0,0.0,0.0,16.3,20.1,166.28785383089723,35.5,4.0,30.941666666666663,25.5,34.7,45.5,0.0,0.0,0.0,16.01666666666667,20.1,182.6386820833251,32.61666666666667,13.0,30.941666666666663,25.5,34.7,45.5,0.0,0.0,0.0,16.01666666666667,20.1,182.6386820833251,32.61666666666667,13.0,,,,,,,,,,,,,12.959095896307204
2025,19,United States Grand Prix,2025-10-19,americas,Circuit of the Americas,alonso,ALO,Fernando Alonso,aston_martin,Aston Martin,14,,10.0,10,1.0,56,Finished,12.0,1:38.789,,,ALO,,,,,,4.0,,,4.0,4.0,1,True,RACE,ANTI_CLOCKWISE,30.132778,-97.641111,5.513,20,13,ground_effect,2,sprint,,,,,,,,,,,,,7.0,13.666666666666666,10.8,6.0,4.0,11.6,6.4,12.333333333333334,9,False,False,,,,,,,,,,,,,32.225,30.2,33.3,34.75,0.0,0.0,0.0,16.3,20.1,166.28785383089723,35.5,4.0,30.941666666666663,25.5,34.7,45.5,0.0,0.0,0.0,16.01666666666667,20.1,182.6386820833251,32.61666666666667,13.0,30.941666666666663,25.5,34.7,45.5,0.0,0.0,0.0,16.01666666666667,20.1,182.6386820833251,32.61666666666667,13.0,,,,,,,,,,,,,8.343205783315218
2025,19,United States Grand Prix,2025-10-19,americas,Circuit of the Americas,colapinto,COL,Franco Colapinto,alpine,Alpine F1 Team,43,,17.0,17,0.0,55,Lapped,17.0,1:39.173,,,COL,,,,,,16.0,,,16.0,16.0,1,True,RACE,ANTI_CLOCKWISE,30.132778,-97.641111,5.513,20,13,ground_effect,2,sprint,,,,,,,,,,,,,16.0,17.333333333333332,16.2,0.0,0.0,17.0,0.0,10.0,1,False,False,,,,,,,,,,,,,32.225,30.2,33.3,34.75,0.0,0.0,0.0,16.3,20.1,166.28785383089723,35.5,4.0,30.941666666666663,25.5,34.7,45.5,0.0,0.0,0.0,16.01666666666667,20.1,182.6386820833251,32.61666666666667,13.0,30.941666666666663,25.5,34.7,45.5,0.0,0.0,0.0,16.01666666666667,20.1,182.6386820833251,32.61666666666667,13.0,,,,,,,,,,,,,13.984000634536663
2025,19,United States Grand Prix,2025-10-19,americas,Circuit of the Americas,bortoleto,BOR,Gabriel Bortoleto,sauber,Sauber,5,,18.0,18,0.0,55,Lapped,6.0,1:38.275,,,BOR,,,,,,12.0,,,12.0,12.0,1,True,RACE,ANTI_CLOCKWISE,30.132778,-97.641111,5.513,20,13,ground_effect,2,sprint,,,,,,,,,,,,,17.0,12.0,11.4,0.0,2.4,14.0,2.4,,0,False,False,,,,,,,,,,,,,32.225,30.2,33.3,34.75,0.0,0.0,0.0,16.3,20.1,166.28785383089723,35.5,4.0,30.941666666666663,25.5,34.7,45.5,0.0,0.0,0.0,16.01666666666667,20.1,182.6386820833251,32.61666666666667,13.0,30.941666666666663,25.5,34.7,45.5,0.0,0.0,0.0,16.01666666666667,20.1,182.6386820833251,32.61666666666667,13.0,,,,,,,,,,,,,12.110689711227169
2025,19,United States Grand Prix,2025-10-19,americas,Circuit of the Americas,russell,RUS,George Russell,mercedes,Mercedes,63,,6.0,6,8.0,56,Finished,4.0,1:38.224,,,RUS,,,,,,7.0,,,7.0,7.0,1,True,RACE,ANTI_CLOCKWISE,30.132778,-97.641111,5.513,20,13,ground_effect,2,sprint,,,,,,,,,,,,,1.0,2.6666666666666665,3.0,25.0,16.0,5.9,21.0,9.4,5,False,False,,,,,,,,,,,,,32.225,30.2,33.3,34.75,0.0,0.0,0.0,16.3,20.1,166.28785383089723,35.5,4.0,30.941666666666663,25.5,34.7,45.5,0.0,0.0,0.0,16.01666666666667,20.1,182.6386820833251,32.61666666666667,13.0,30.941666666666663,25.5,34.7,45.5,0.0,0.0,0.0,16.01666666666667,20.1,182.6386820833251,32.61666666666667,13.0,,,,,,,,,,,,,4.495092495380133
2025,19,United States Grand Prix,2025-10-19,americas,Circuit of the Americas,hadjar,HAD,Isack Hadjar,rb,RB F1 Team,6,,16.0,16,0.0,56,Finished,11.0,1:38.724,,,HAD,,,,,,9.0,,,9.0,9.0,1,True,RACE,ANTI_CLOCKWISE,30.132778,-97.641111,5.513,20,13,ground_effect,2,sprint,,,,,,,,,,,,,11.0,10.333333333333334,9.0,0.0,3.4,9.9,6.2,,0,False,False,,,,,,,,,,,,,32.225,30.2,33.3,34.75,0.0,0.0,0.0,16.3,20.1,166.28785383089723,35.5,4.0,30.941666666666663,25.5,34.7,45.5,0.0,0.0,0.0,16.01666666666667,20.1,182.6386820833251,32.61666666666667,13.0,30.941666666666663,25.5,34.7,45.5,0.0,0.0,0.0,16.01666666666667,20.1,182.6386820833251,32.61666666666667,13.0,,,,,,,,,,,,,10.478037714421129
2025,19,United States Grand Prix,2025-10-19,americas,Circuit of the Americas,stroll,STR,Lance Stroll,aston_martin,Aston Martin,18,,12.0,12,0.0,56,Finished,15.0,1:39.071,,,STR,,,,,,14.0,,,14.0,14.0,1,True,RACE,ANTI_CLOCKWISE,30.132778,-97.641111,5.513,20,13,ground_effect,2,sprint,,,,,,,,,,,,,13.0,16.0,12.4,0.0,2.4,11.6,6.4,12.857142857142858,7,False,False,,,,,,,,,,,,,32.225,30.2,33.3,34.75,0.0,0.0,0.0,16.3,20.1,166.28785383089723,35.5,4.0,30.941666666666663,25.5,34.7,45.5,0.0,0.0,0.0,16.01666666666667,20.1,182.6386820833251,32.61666666666667,13.0,30.941666666666663,25.5,34.7,45.5,0.0,0.0,0.0,16.01666666666667,20.1,182.6386820833251,32.61666666666667,13.0,,,,,,,,,,,,,12.555227919473126
2025,19,United States Grand Prix,2025-10-19,americas,Circuit of the Americas,norris,NOR,Lando Norris,mclaren,McLaren,4,,2.0,2,18.0,56,Finished,2.0,1:37.620,,,NOR,,,,,,1.0,,,1.0,1.0,1,True,RACE,ANTI_CLOCKWISE,30.132778,-97.641111,5.513,20,13,ground_effect,2,sprint,,,,,,,,,,,,,3.0,4.0,6.2,15.0,12.8,6.1,26.8,5.4,5,False,False,,,,,,,,,,,,,32.225,30.2,33.3,34.75,0.0,0.0,0.0,16.3,20.1,166.28785383089723,35.5,4.0,30.941666666666663,25.5,34.7,45.5,0.0,0.0,0.0,16.01666666666667,20.1,182.6386820833251,32.61666666666667,13.0,30.941666666666663,25.5,34.7,45.5,0.0,0.0,0.0,16.01666666666667,20.1,182.6386820833251,32.61666666666667,13.0,,,,,,,,,,,,,4.569655737464343
2025,19,United States Grand Prix,2025-10-19,americas,Circuit of the Americas,hamilton,HAM,Lewis Hamilton,ferrari,Ferrari,44,,4.0,4,12.0,56,Finished,8.0,1:38.361,,,HAM,,,,,,8.0,,,8.0,8.0,1,True,RACE,ANTI_CLOCKWISE,30.132778,-97.641111,5.513,20,13,ground_effect,2,sprint,,,,,,,,,,,,,8.0,7.333333333333333,10.8,4.0,3.2,9.6,10.0,5.2,10,False,False,,,,,,,,,,,,,32.225,30.2,33.3,34.75,0.0,0.0,0.0,16.3,20.1,166.28785383089723,35.5,4.0,30.941666666666663,25.5,34.7,45.5,0.0,0.0,0.0,16.01666666666667,20.1,182.6386820833251,32.61666666666667,13.0,30.941666666666663,25.5,34.7,45.5,0.0,0.0,0.0,16.01666666666667,20.1,182.6386820833251,32.61666666666667,13.0,,,,,,,,,,,,,9.010271579957163
2025,19,United States Grand Prix,2025-10-19,americas,Circuit of the Americas,lawson,LAW,Liam Lawson,rb,RB F1 Team,30,,11.0,11,0.0,56,Finished,14.0,1:38.983,,,LAW,,,,,,15.0,,,15.0,15.0,1,True,RACE,ANTI_CLOCKWISE,30.132778,-97.641111,5.513,20,13,ground_effect,2,sprint,,,,,,,,,,,,,15.0,11.333333333333334,10.8,0.0,2.8,9.9,6.2,9.0,1,False,False,,,,,,,,,,,,,32.225,30.2,33.3,34.75,0.0,0.0,0.0,16.3,20.1,166.28785383089723,35.5,4.0,30.941666666666663,25.5,34.7,45.5,0.0,0.0,0.0,16.01666666666667,20.1,182.6386820833251,32.61666666666667,13.0,30.941666666666663,25.5,34.7,45.5,0.0,0.0,0.0,16.01666666666667,20.1,182.6386820833251,32.61666666666667,13.0,,,,,,,,,,,,,13.077995229600363
2025,19,United States Grand Prix,2025-10-19,americas,Circuit of the Americas,max_verstappen,VER,Max Verstappen,red_bull,Red Bull,1,,1.0,1,25.0,56,Finished,3.0,1:37.991,,,VER,,,,,,5.0,,,5.0,5.0,1,True,RACE,ANTI_CLOCKWISE,30.132778,-97.641111,5.513,20,13,ground_effect,2,sprint,,,,,,,,,,,,,2.0,1.3333333333333333,3.0,18.0,17.6,7.2,19.6,4.333333333333333,9,False,False,,,,,,,,,,,,,32.225,30.2,33.3,34.75,0.0,0.0,0.0,16.3,20.1,166.28785383089723,35.5,4.0,30.941666666666663,25.5,34.7,45.5,0.0,0.0,0.0,16.01666666666667,20.1,182.6386820833251,32.61666666666667,13.0,30.941666666666663,25.5,34.7,45.5,0.0,0.0,0.0,16.01666666666667,20.1,182.6386820833251,32.61666666666667,13.0,,,,,,,,,,,,,3.182735183774216
2025,19,United States Grand Prix,2025-10-19,americas,Circuit of the Americas,hulkenberg,HUL,Nico Hülkenberg,sauber,Sauber,27,,8.0,8,4.0,56,Finished,9.0,1:38.372,,,HUL,,,,,,2.0,,,2.0,2.0,1,True,RACE,ANTI_CLOCKWISE,30.132778,-97.641111,5.513,20,13,ground_effect,2,sprint,,,,,,,,,,,,,20.0,18.666666666666668,16.6,0.0,0.0,14.0,2.4,13.25,8,False,False,,,,,,,,,,,,,32.225,30.2,33.3,34.75,0.0,0.0,0.0,16.3,20.1,166.28785383089723,35.5,4.0,30.941666666666663,25.5,34.7,45.5,0.0,0.0,0.0,16.01666666666667,20.1,182.6386820833251,32.61666666666667,13.0,30.941666666666663,25.5,34.7,45.5,0.0,0.0,0.0,16.01666666666667,20.1,182.6386820833251,32.61666666666667,13.0,,,,,,,,,,,,,14.574043360545563
2025,19,United States Grand Prix,2025-10-19,americas,Circuit of the Americas,bearman,BEA,Oliver Bearman,haas,Haas F1 Team,87,,9.0,9,2.0,56,Finished,16.0,1:39.119,,,BEA,,,,,,10.0,,,10.0,10.0,1,True,RACE,ANTI_CLOCKWISE,30.132778,-97.641111,5.513,20,13,ground_effect,2,sprint,,,,,,,,,,,,,9.0,11.0,11.8,2.0,2.0,13.2,2.2,,0,False,False,,,,,,,,,,,,,32.225,30.2,33.3,34.75,0.0,0.0,0.0,16.3,20.1,166.28785383089723,35.5,4.0,30.941666666666663,25.5,34.7,45.5,0.0,0.0,0.0,16.01666666666667,20.1,182.6386820833251,32.61666666666667,13.0,30.941666666666663,25.5,34.7,45.5,0.0,0.0,0.0,16.01666666666667,20.1,182.6386820833251,32.61666666666667,13.0,,,,,,,,,,,,,12.305390992897898
2025,19,United States Grand Prix,2025-10-19,americas,Circuit of the Americas,piastri,PIA,Oscar Piastri,mclaren,McLaren,81,,5.0,5,10.0,56,Finished,10.0,1:38.564,,,PIA,,,,,,3.0,,,3.0,3.0,1,True,RACE,ANTI_CLOCKWISE,30.132778,-97.641111,5.513,20,13,ground_effect,2,sprint,,,,,,,,,,,,,4.0,9.0,6.0,12.0,14.0,6.1,26.8,11.0,2,False,False,,,,,,,,,,,,,32.225,30.2,33.3,34.75,0.0,0.0,0.0,16.3,20.1,166.28785383089723,35.5,4.0,30.941666666666663,25.5,34.7,45.5,0.0,0.0,0.0,16.01666666666667,20.1,182.6386820833251,32.61666666666667,13.0,30.941666666666663,25.5,34.7,45.5,0.0,0.0,0.0,16.01666666666667,20.1,182.6386820833251,32.61666666666667,13.0,,,,,,,,,,,,,5.001955246417241
2025,19,United States Grand Prix,2025-10-19,americas,Circuit of the Americas,gasly,GAS,Pierre Gasly,alpine,Alpine F1 Team,10,,19.0,19,0.0,55,Lapped,19.0,1:39.270,,,GAS,,,,,,17.0,,,17.0,17.0,1,True,RACE,ANTI_CLOCKWISE,30.132778,-97.641111,5.513,20,13,ground_effect,2,sprint,,,,,,,,,,,,,19.0,17.666666666666668,17.8,0.0,0.0,17.0,0.0,13.333333333333334,6,False,False,,,,,,,,,,,,,32.225,30.2,33.3,34.75,0.0,0.0,0.0,16.3,20.1,166.28785383089723,35.5,4.0,30.941666666666663,25.5,34.7,45.5,0.0,0.0,0.0,16.01666666666667,20.1,182.6386820833251,32.61666666666667,13.0,30.941666666666663,25.5,34.7,45.5,0.0,0.0,0.0,16.01666666666667,20.1,182.6386820833251,32.61666666666667,13.0,,,,,,,,,,,,,13.534076166649799
2025,19,United States Grand Prix,2025-10-19,americas,Circuit of the Americas,tsunoda,TSU,Yuki Tsunoda,red_bull,Red Bull,22,,7.0,7,6.0,56,Finished,13.0,1:38.803,,,TSU,,,,,,13.0,,,13.0,13.0,1,True,RACE,ANTI_CLOCKWISE,30.132778,-97.641111,5.513,20,13,ground_effect,2,sprint,,,,,,,,,,,,,12.0,10.333333333333334,11.4,0.0,2.0,7.2,19.6,10.25,4,False,False,,,,,,,,,,,,,32.225,30.2,33.3,34.75,0.0,0.0,0.0,16.3,20.1,166.28785383089723,35.5,4.0,30.941666666666663,25.5,34.7,45.5,0.0,0.0,0.0,16.01666666666667,20.1,182.6386820833251,32.61666666666667,13.0,30.941666666666663,25.5,34.7,45.5,0.0,0.0,0.0,16.01666666666667,20.1,182.6386820833251,32.61666666666667,13.0,,,,,,,,,,,,,9.254032105499391
2025,20,Mexico City Grand Prix,2025-10-26,rodriguez,Autódromo Hermanos Rodríguez,albon,ALB,Alexander Albon,williams,Williams,23,,12.0,12,0.0,70,Lapped,4.0,1:20.480,,,ALB,,,,,,10.0,19.0,16.0,15.0,10.0,3,True,RACE,CLOCKWISE,19.404197,-99.088747,4.304,17,25,ground_effect,2,normal,,,,,,,,,,,,,14.0,13.666666666666666,10.6,0.0,3.2,11.0,6.4,11.25,4,False,False,,,,,,,,,,,,,24.075,22.0,25.9,27.25,0.0,0.0,0.0,6.3,10.7,344.0597335202273,30.5,4.0,21.8275,16.8,25.9,37.525,0.0,0.0,0.0,5.84,10.7,313.4882076636128,22.65,9.0,23.085,16.8,26.7,31.933333333333334,0.0,0.0,0.0,6.526666666666666,10.7,309.82547177574185,23.1,13.0,,,,,,,,,,,,,13.817734838493411
2025,20,Mexico City Grand Prix,2025-10-26,rodriguez,Autódromo Hermanos Rodríguez,antonelli,ANT,Andrea Kimi Antonelli,mercedes,Mercedes,12,,6.0,6,8.0,71,Finished,9.0,1:20.826,,,ANT,,,,,,2.0,3.0,7.0,4.0,2.0,3,True,RACE,CLOCKWISE,19.404197,-99.088747,4.304,17,25,ground_effect,2,normal,,,,,,,,,,,,,13.0,7.333333333333333,9.4,0.0,4.8,6.5,19.4,,0,False,False,,,,,,,,,,,,,24.075,22.0,25.9,27.25,0.0,0.0,0.0,6.3,10.7,344.0597335202273,30.5,4.0,21.8275,16.8,25.9,37.525,0.0,0.0,0.0,5.84,10.7,313.4882076636128,22.65,9.0,23.085,16.8,26.7,31.933333333333334,0.0,0.0,0.0,6.526666666666666,10.7,309.82547177574185,23.1,13.0,,,,,,,,,,,,,4.81787634320398
2025,20,Mexico City Grand Prix,2025-10-26,rodriguez,Autódromo Hermanos Rodríguez,sainz,SAI,Carlos Sainz,williams,Williams,55,,17.0,17,0.0,67,Retired,2.0,1:20.098,,,SAI,,,,,,,9.0,15.0,12.0,9.0,2,True,RACE,CLOCKWISE,19.404197,-99.088747,4.304,17,25,ground_effect,2,normal,,,,,,,,,,,,,20.0,11.0,11.4,0.0,3.2,11.0,6.4,10.333333333333334,9,False,False,,,,,,,,,,,,,24.075,22.0,25.9,27.25,0.0,0.0,0.0,6.3,10.7,344.0597335202273,30.5,4.0,21.8275,16.8,25.9,37.525,0.0,0.0,0.0,5.84,10.7,313.4882076636128,22.65,9.0,23.085,16.8,26.7,31.933333333333334,0.0,0.0,0.0,6.526666666666666,10.7,309.82547177574185,23.1,13.0,,,,,,,,,,,,,11.125097781035176
2025,20,Mexico City Grand Prix,2025-10-26,rodriguez,Autódromo Hermanos Rodríguez,leclerc,LEC,Charles Leclerc,ferrari,Ferrari,16,,2.0,2,18.0,71,Finished,14.0,1:21.588,,,LEC,,,,,,1.0,2.0,4.0,2.333333333333333,1.0,3,True,RACE,CLOCKWISE,19.404197,-99.088747,4.304,17,25,ground_effect,2,normal,,,,,,,,,,,,,3.0,6.0,8.2,15.0,7.4,8.7,13.0,4.666666666666667,6,False,False,,,,,,,,,,,,,24.075,22.0,25.9,27.25,0.0,0.0,0.0,6.3,10.7,344.0597335202273,30.5,4.0,21.8275,16.8,25.9,37.525,0.0,0.0,0.0,5.84,10.7,313.4882076636128,22.65,9.0,23.085,16.8,26.7,31.933333333333334,0.0,0.0,0.0,6.526666666666666,10.7,309.82547177574185,23.1,13.0,,,,,,,,,,,,,5.02725301277367
2025,20,Mexico City Grand Prix,2025-10-26,rodriguez,Autódromo Hermanos Rodríguez,ocon,OCO,Esteban Ocon,haas,Haas F1 Team,31,,9.0,9,2.0,71,Finished,17.0,1:21.869,,,OCO,,,,,,7.0,13.0,12.0,10.666666666666666,7.0,3,True,RACE,CLOCKWISE,19.404197,-99.088747,4.304,17,25,ground_effect,2,normal,,,,,,,,,,,,,15.0,15.666666666666666,14.4,0.0,0.2,12.0,2.6,11.571428571428571,7,False,False,,,,,,,,,,,,,24.075,22.0,25.9,27.25,0.0,0.0,0.0,6.3,10.7,344.0597335202273,30.5,4.0,21.8275,16.8,25.9,37.525,0.0,0.0,0.0,5.84,10.7,313.4882076636128,22.65,9.0,23.085,16.8,26.7,31.933333333333334,0.0,0.0,0.0,6.526666666666666,10.7,309.82547177574185,23.1,13.0,,,,,,,,,,,,,11.915703537128717
2025,20,Mexico City Grand Prix,2025-10-26,rodriguez,Autódromo Hermanos Rodríguez,alonso,ALO,Fernando Alonso,aston_martin,Aston Martin,14,,18.0,R,0.0,34,Retired,15.0,1:21.708,,,ALO,,,,,,12.0,8.0,20.0,13.333333333333334,8.0,3,True,RACE,CLOCKWISE,19.404197,-99.088747,4.304,17,25,ground_effect,2,normal,,,,,,,,,,,,,10.0,10.666666666666666,11.8,1.0,2.2,12.6,3.4,15.875,8,False,False,,,,,,,,,,,,,24.075,22.0,25.9,27.25,0.0,0.0,0.0,6.3,10.7,344.0597335202273,30.5,4.0,21.8275,16.8,25.9,37.525,0.0,0.0,0.0,5.84,10.7,313.4882076636128,22.65,9.0,23.085,16.8,26.7,31.933333333333334,0.0,0.0,0.0,6.526666666666666,10.7,309.82547177574185,23.1,13.0,,,,,,,,,,,,,13.182868192168428
2025,20,Mexico City Grand Prix,2025-10-26,rodriguez,Autódromo Hermanos Rodríguez,colapinto,COL,Franco Colapinto,alpine,Alpine F1 Team,43,,16.0,16,0.0,70,Lapped,12.0,1:21.342,,,COL,,,,,,9.0,18.0,19.0,15.333333333333334,9.0,3,True,RACE,CLOCKWISE,19.404197,-99.088747,4.304,17,25,ground_effect,2,normal,,,,,,,,,,,,,17.0,17.333333333333332,16.0,0.0,0.0,16.9,0.0,12.0,1,False,False,,,,,,,,,,,,,24.075,22.0,25.9,27.25,0.0,0.0,0.0,6.3,10.7,344.0597335202273,30.5,4.0,21.8275,16.8,25.9,37.525,0.0,0.0,0.0,5.84,10.7,313.4882076636128,22.65,9.0,23.085,16.8,26.7,31.933333333333334,0.0,0.0,0.0,6.526666666666666,10.7,309.82547177574185,23.1,13.0,,,,,,,,,,,,,14.36506869931514
2025,20,Mexico City Grand Prix,2025-10-26,rodriguez,Autódromo Hermanos Rodríguez,bortoleto,BOR,Gabriel Bortoleto,sauber,Sauber,5,,10.0,10,1.0,71,Finished,11.0,1:21.121,,,BOR,,,,,,5.0,15.0,10.0,10.0,5.0,3,True,RACE,CLOCKWISE,19.404197,-99.088747,4.304,17,25,ground_effect,2,normal,,,,,,,,,,,,,18.0,15.333333333333334,13.8,0.0,0.8,14.7,1.6,,0,False,False,,,,,,,,,,,,,24.075,22.0,25.9,27.25,0.0,0.0,0.0,6.3,10.7,344.0597335202273,30.5,4.0,21.8275,16.8,25.9,37.525,0.0,0.0,0.0,5.84,10.7,313.4882076636128,22.65,9.0,23.085,16.8,26.7,31.933333333333334,0.0,0.0,0.0,6.526666666666666,10.7,309.82547177574185,23.1,13.0,,,,,,,,,,,,,12.863492653613397
2025,20,Mexico City Grand Prix,2025-10-26,rodriguez,Autódromo Hermanos Rodríguez,russell,RUS,George Russell,mercedes,Mercedes,63,,7.0,7,6.0,71,Finished,1.0,1:20.052,,,RUS,,,,,,,6.0,3.0,4.5,3.0,2,True,RACE,CLOCKWISE,19.404197,-99.088747,4.304,17,25,ground_effect,2,normal,,,,,,,,,,,,,6.0,3.0,3.6,8.0,14.6,6.5,19.4,9.4,5,False,False,,,,,,,,,,,,,24.075,22.0,25.9,27.25,0.0,0.0,0.0,6.3,10.7,344.0597335202273,30.5,4.0,21.8275,16.8,25.9,37.525,0.0,0.0,0.0,5.84,10.7,313.4882076636128,22.65,9.0,23.085,16.8,26.7,31.933333333333334,0.0,0.0,0.0,6.526666666666666,10.7,309.82547177574185,23.1,13.0,,,,,,,,,,,,,4.332155983578851
2025,20,Mexico City Grand Prix,2025-10-26,rodriguez,Autódromo Hermanos Rodríguez,hadjar,HAD,Isack Hadjar,rb,RB F1 Team,6,,13.0,13,0.0,70,Lapped,16.0,1:21.714,,,HAD,,,,,,11.0,14.0,8.0,11.0,8.0,3,True,RACE,CLOCKWISE,19.404197,-99.088747,4.304,17,25,ground_effect,2,normal,,,,,,,,,,,,,16.0,12.333333333333334,10.0,0.0,3.4,10.7,5.4,,0,False,False,,,,,,,,,,,,,24.075,22.0,25.9,27.25,0.0,0.0,0.0,6.3,10.7,344.0597335202273,30.5,4.0,21.8275,16.8,25.9,37.525,0.0,0.0,0.0,5.84,10.7,313.4882076636128,22.65,9.0,23.085,16.8,26.7,31.933333333333334,0.0,0.0,0.0,6.526666666666666,10.7,309.82547177574185,23.1,13.0,,,,,,,,,,,,,10.816024698513203
2025,20,Mexico City Grand Prix,2025-10-26,rodriguez,Autódromo Hermanos Rodríguez,stroll,STR,Lance Stroll,aston_martin,Aston Martin,18,,14.0,14,0.0,70,Lapped,5.0,1:20.593,,,STR,,,,,,,10.0,13.0,11.5,10.0,2,True,RACE,CLOCKWISE,19.404197,-99.088747,4.304,17,25,ground_effect,2,normal,,,,,,,,,,,,,12.0,14.0,13.4,0.0,1.2,12.6,3.4,12.428571428571429,7,False,False,,,,,,,,,,,,,24.075,22.0,25.9,27.25,0.0,0.0,0.0,6.3,10.7,344.0597335202273,30.5,4.0,21.8275,16.8,25.9,37.525,0.0,0.0,0.0,5.84,10.7,313.4882076636128,22.65,9.0,23.085,16.8,26.7,31.933333333333334,0.0,0.0,0.0,6.526666666666666,10.7,309.82547177574185,23.1,13.0,,,,,,,,,,,,,11.695378809341559
2025,20,Mexico City Grand Prix,2025-10-26,rodriguez,Autódromo Hermanos Rodríguez,norris,NOR,Lando Norris,mclaren,McLaren,4,,1.0,1,25.0,71,Finished,8.0,1:20.764,,,NOR,,,,,,,4.0,1.0,2.5,1.0,2,True,RACE,CLOCKWISE,19.404197,-99.088747,4.304,17,25,ground_effect,2,normal,,,,,,,,,,,,,2.0,4.0,6.4,18.0,11.4,6.5,23.8,9.2,5,False,False,,,,,,,,,,,,,24.075,22.0,25.9,27.25,0.0,0.0,0.0,6.3,10.7,344.0597335202273,30.5,4.0,21.8275,16.8,25.9,37.525,0.0,0.0,0.0,5.84,10.7,313.4882076636128,22.65,9.0,23.085,16.8,26.7,31.933333333333334,0.0,0.0,0.0,6.526666666666666,10.7,309.82547177574185,23.1,13.0,,,,,,,,,,,,,4.642481635342075
2025,20,Mexico City Grand Prix,2025-10-26,rodriguez,Autódromo Hermanos Rodríguez,hamilton,HAM,Lewis Hamilton,ferrari,Ferrari,44,,8.0,8,4.0,71,Finished,6.0,1:20.601,,,HAM,,,,,,,5.0,2.0,3.5,2.0,2,True,RACE,CLOCKWISE,19.404197,-99.088747,4.304,17,25,ground_effect,2,normal,,,,,,,,,,,,,4.0,6.666666666666667,9.2,12.0,5.6,8.7,13.0,3.0,9,False,False,,,,,,,,,,,,,24.075,22.0,25.9,27.25,0.0,0.0,0.0,6.3,10.7,344.0597335202273,30.5,4.0,21.8275,16.8,25.9,37.525,0.0,0.0,0.0,5.84,10.7,313.4882076636128,22.65,9.0,23.085,16.8,26.7,31.933333333333334,0.0,0.0,0.0,6.526666666666666,10.7,309.82547177574185,23.1,13.0,,,,,,,,,,,,,4.971841373836101
2025,20,Mexico City Grand Prix,2025-10-26,rodriguez,Autódromo Hermanos Rodríguez,lawson,LAW,Liam Lawson,rb,RB F1 Team,30,,20.0,R,0.0,5,Retired,20.0,1:25.124,,,LAW,,,,,,,11.0,11.0,11.0,11.0,2,True,RACE,CLOCKWISE,19.404197,-99.088747,4.304,17,25,ground_effect,2,normal,,,,,,,,,,,,,11.0,10.333333333333334,11.4,0.0,2.0,10.7,5.4,16.0,1,False,False,,,,,,,,,,,,,24.075,22.0,25.9,27.25,0.0,0.0,0.0,6.3,10.7,344.0597335202273,30.5,4.0,21.8275,16.8,25.9,37.525,0.0,0.0,0.0,5.84,10.7,313.4882076636128,22.65,9.0,23.085,16.8,26.7,31.933333333333334,0.0,0.0,0.0,6.526666666666666,10.7,309.82547177574185,23.1,13.0,,,,,,,,,,,,,11.739238024657379
2025,20,Mexico City Grand Prix,2025-10-26,rodriguez,Autódromo Hermanos Rodríguez,max_verstappen,VER,Max Verstappen,red_bull,Red Bull,1,,3.0,3,15.0,71,Finished,10.0,1:21.108,,,VER,,,,,,,1.0,6.0,3.5,1.0,2,True,RACE,CLOCKWISE,19.404197,-99.088747,4.304,17,25,ground_effect,2,normal,,,,,,,,,,,,,1.0,1.3333333333333333,1.4,25.0,22.2,5.4,25.4,3.333333333333333,9,False,False,,,,,,,,,,,,,24.075,22.0,25.9,27.25,0.0,0.0,0.0,6.3,10.7,344.0597335202273,30.5,4.0,21.8275,16.8,25.9,37.525,0.0,0.0,0.0,5.84,10.7,313.4882076636128,22.65,9.0,23.085,16.8,26.7,31.933333333333334,0.0,0.0,0.0,6.526666666666666,10.7,309.82547177574185,23.1,13.0,,,,,,,,,,,,,2.103111330769143
2025,20,Mexico City Grand Prix,2025-10-26,rodriguez,Autódromo Hermanos Rodríguez,hulkenberg,HUL,Nico Hülkenberg,sauber,Sauber,27,,19.0,R,0.0,25,Retired,19.0,1:23.091,,,HUL,,,,,,3.0,16.0,14.0,11.0,3.0,3,True,RACE,CLOCKWISE,19.404197,-99.088747,4.304,17,25,ground_effect,2,normal,,,,,,,,,,,,,8.0,14.666666666666666,15.6,4.0,0.8,14.7,1.6,10.142857142857142,7,False,False,,,,,,,,,,,,,24.075,22.0,25.9,27.25,0.0,0.0,0.0,6.3,10.7,344.0597335202273,30.5,4.0,21.8275,16.8,25.9,37.525,0.0,0.0,0.0,5.84,10.7,313.4882076636128,22.65,9.0,23.085,16.8,26.7,31.933333333333334,0.0,0.0,0.0,6.526666666666666,10.7,309.82547177574185,23.1,13.0,,,,,,,,,,,,,14.031979519685853
2025,20,Mexico City Grand Prix,2025-10-26,rodriguez,Autódromo Hermanos Rodríguez,bearman,BEA,Oliver Bearman,haas,Haas F1 Team,87,,4.0,4,12.0,71,Finished,7.0,1:20.705,,,BEA,,,,,,,17.0,17.0,17.0,17.0,2,True,RACE,CLOCKWISE,19.404197,-99.088747,4.304,17,25,ground_effect,2,normal,,,,,,,,,,,,,9.0,10.0,9.6,2.0,2.4,12.0,2.6,,0,False,False,,,,,,,,,,,,,24.075,22.0,25.9,27.25,0.0,0.0,0.0,6.3,10.7,344.0597335202273,30.5,4.0,21.8275,16.8,25.9,37.525,0.0,0.0,0.0,5.84,10.7,313.4882076636128,22.65,9.0,23.085,16.8,26.7,31.933333333333334,0.0,0.0,0.0,6.526666666666666,10.7,309.82547177574185,23.1,13.0,,,,,,,,,,,,,13.905491635390305
2025,20,Mexico City Grand Prix,2025-10-26,rodriguez,Autódromo Hermanos Rodríguez,piastri,PIA,Oscar Piastri,mclaren,McLaren,81,,5.0,5,10.0,71,Finished,3.0,1:20.422,,,PIA,,,,,,4.0,12.0,5.0,7.0,4.0,3,True,RACE,CLOCKWISE,19.404197,-99.088747,4.304,17,25,ground_effect,2,normal,,,,,,,,,,,,,5.0,9.666666666666666,6.6,10.0,12.4,6.5,23.8,8.0,2,False,False,,,,,,,,,,,,,24.075,22.0,25.9,27.25,0.0,0.0,0.0,6.3,10.7,344.0597335202273,30.5,4.0,21.8275,16.8,25.9,37.525,0.0,0.0,0.0,5.84,10.7,313.4882076636128,22.65,9.0,23.085,16.8,26.7,31.933333333333334,0.0,0.0,0.0,6.526666666666666,10.7,309.82547177574185,23.1,13.0,,,,,,,,,,,,,5.7511643303655955
2025,20,Mexico City Grand Prix,2025-10-26,rodriguez,Autódromo Hermanos Rodríguez,gasly,GAS,Pierre Gasly,alpine,Alpine F1 Team,10,,15.0,15,0.0,70,Lapped,18.0,1:22.271,,,GAS,,,,,,,20.0,18.0,19.0,18.0,2,True,RACE,CLOCKWISE,19.404197,-99.088747,4.304,17,25,ground_effect,2,normal,,,,,,,,,,,,,19.0,18.666666666666668,17.8,0.0,0.0,16.9,0.0,9.714285714285714,7,False,False,,,,,,,,,,,,,24.075,22.0,25.9,27.25,0.0,0.0,0.0,6.3,10.7,344.0597335202273,30.5,4.0,21.8275,16.8,25.9,37.525,0.0,0.0,0.0,5.84,10.7,313.4882076636128,22.65,9.0,23.085,16.8,26.7,31.933333333333334,0.0,0.0,0.0,6.526666666666666,10.7,309.82547177574185,23.1,13.0,,,,,,,,,,,,,14.96199522805273
2025,20,Mexico City Grand Prix,2025-10-26,rodriguez,Autódromo Hermanos Rodríguez,tsunoda,TSU,Yuki Tsunoda,red_bull,Red Bull,22,,11.0,11,0.0,71,Finished,13.0,1:21.486,,,TSU,,,,,,8.0,7.0,9.0,8.0,7.0,3,True,RACE,CLOCKWISE,19.404197,-99.088747,4.304,17,25,ground_effect,2,normal,,,,,,,,,,,,,7.0,8.333333333333334,9.4,6.0,3.2,5.4,25.4,18.0,4,False,False,,,,,,,,,,,,,24.075,22.0,25.9,27.25,0.0,0.0,0.0,6.3,10.7,344.0597335202273,30.5,4.0,21.8275,16.8,25.9,37.525,0.0,0.0,0.0,5.84,10.7,313.4882076636128,22.65,9.0,23.085,16.8,26.7,31.933333333333334,0.0,0.0,0.0,6.526666666666666,10.7,309.82547177574185,23.1,13.0,,,,,,,,,,,,,8.556261271364964
2025,21,São Paulo Grand Prix,2025-11-09,interlagos,Autódromo José Carlos Pace,albon,ALB,Alexander Albon,williams,Williams,23,,11.0,11,0.0,71,Finished,1.0,1:12.400,,,ALB,,,,,,12.0,,,12.0,12.0,1,True,RACE,ANTI_CLOCKWISE,-23.701111,-46.697222,4.309,15,42,ground_effect,2,sprint,,,,,,,,,,,,,12.0,13.333333333333334,12.0,0.0,1.2,12.1,4.4,16.5,4,False,False,,,,,,,,,,,,,22.35,20.3,24.3,68.5,0.0,0.0,0.0,10.95,16.1,117.654074144401,41.5,4.0,22.315,19.0,25.2,73.0,0.1,1.0,1.0,13.954999999999998,28.8,172.1189402322672,74.58333333333333,13.0,22.315,19.0,25.2,73.0,0.1,1.0,1.0,13.954999999999998,28.8,172.1189402322672,74.58333333333333,13.0,,,,,,,,,,,,,12.251501374839513
2025,21,São Paulo Grand Prix,2025-11-09,interlagos,Autódromo José Carlos Pace,antonelli,ANT,Andrea Kimi Antonelli,mercedes,Mercedes,12,,2.0,2,18.0,71,Finished,9.0,1:13.123,,,ANT,,,,,,10.0,,,10.0,10.0,1,True,RACE,ANTI_CLOCKWISE,-23.701111,-46.697222,4.309,15,42,ground_effect,2,sprint,,,,,,,,,,,,,6.0,8.0,7.4,8.0,6.4,5.8,19.8,,0,False,False,,,,,,,,,,,,,22.35,20.3,24.3,68.5,0.0,0.0,0.0,10.95,16.1,117.654074144401,41.5,4.0,22.315,19.0,25.2,73.0,0.1,1.0,1.0,13.954999999999998,28.8,172.1189402322672,74.58333333333333,13.0,22.315,19.0,25.2,73.0,0.1,1.0,1.0,13.954999999999998,28.8,172.1189402322672,74.58333333333333,13.0,,,,,,,,,,,,,7.763246020392287
2025,21,São Paulo Grand Prix,2025-11-09,interlagos,Autódromo José Carlos Pace,sainz,SAI,Carlos Sainz,williams,Williams,55,,13.0,13,0.0,71,Finished,14.0,1:13.683,,,SAI,,,,,,8.0,,,8.0,8.0,1,True,RACE,ANTI_CLOCKWISE,-23.701111,-46.697222,4.309,15,42,ground_effect,2,sprint,,,,,,,,,,,,,17.0,15.666666666666666,12.2,0.0,3.2,12.1,4.4,9.11111111111111,9,False,False,,,,,,,,,,,,,22.35,20.3,24.3,68.5,0.0,0.0,0.0,10.95,16.1,117.654074144401,41.5,4.0,22.315,19.0,25.2,73.0,0.1,1.0,1.0,13.954999999999998,28.8,172.1189402322672,74.58333333333333,13.0,22.315,19.0,25.2,73.0,0.1,1.0,1.0,13.954999999999998,28.8,172.1189402322672,74.58333333333333,13.0,,,,,,,,,,,,,9.587587788319093
2025,21,São Paulo Grand Prix,2025-11-09,interlagos,Autódromo José Carlos Pace,leclerc,LEC,Charles Leclerc,ferrari,Ferrari,16,,19.0,R,0.0,5,Retired,19.0,1:43.560,,,LEC,,,,,,18.0,,,18.0,18.0,1,True,RACE,ANTI_CLOCKWISE,-23.701111,-46.697222,4.309,15,42,ground_effect,2,sprint,,,,,,,,,,,,,2.0,3.6666666666666665,4.8,18.0,11.0,5.8,17.4,9.833333333333334,6,False,False,,,,,,,,,,,,,22.35,20.3,24.3,68.5,0.0,0.0,0.0,10.95,16.1,117.654074144401,41.5,4.0,22.315,19.0,25.2,73.0,0.1,1.0,1.0,13.954999999999998,28.8,172.1189402322672,74.58333333333333,13.0,22.315,19.0,25.2,73.0,0.1,1.0,1.0,13.954999999999998,28.8,172.1189402322672,74.58333333333333,13.0,,,,,,,,,,,,,7.860564524442597
2025,21,São Paulo Grand Prix,2025-11-09,interlagos,Autódromo José Carlos Pace,ocon,OCO,Esteban Ocon,haas,Haas F1 Team,31,,12.0,12,0.0,71,Finished,12.0,1:13.481,,,OCO,,,,,,13.0,,,13.0,13.0,1,True,RACE,ANTI_CLOCKWISE,-23.701111,-46.697222,4.309,15,42,ground_effect,2,sprint,,,,,,,,,,,,,9.0,14.0,14.2,2.0,0.4,11.7,3.6,10.428571428571429,7,False,False,,,,,,,,,,,,,22.35,20.3,24.3,68.5,0.0,0.0,0.0,10.95,16.1,117.654074144401,41.5,4.0,22.315,19.0,25.2,73.0,0.1,1.0,1.0,13.954999999999998,28.8,172.1189402322672,74.58333333333333,13.0,22.315,19.0,25.2,73.0,0.1,1.0,1.0,13.954999999999998,28.8,172.1189402322672,74.58333333333333,13.0,,,,,,,,,,,,,12.990935086177604
2025,21,São Paulo Grand Prix,2025-11-09,interlagos,Autódromo José Carlos Pace,alonso,ALO,Fernando Alonso,aston_martin,Aston Martin,14,,14.0,14,0.0,71,Finished,10.0,1:13.312,,,ALO,,,,,,4.0,,,4.0,4.0,1,True,RACE,ANTI_CLOCKWISE,-23.701111,-46.697222,4.309,15,42,ground_effect,2,sprint,,,,,,,,,,,,,18.0,11.666666666666666,13.8,0.0,1.4,14.3,1.4,9.666666666666666,9,False,False,,,,,,,,,,,,,22.35,20.3,24.3,68.5,0.0,0.0,0.0,10.95,16.1,117.654074144401,41.5,4.0,22.315,19.0,25.2,73.0,0.1,1.0,1.0,13.954999999999998,28.8,172.1189402322672,74.58333333333333,13.0,22.315,19.0,25.2,73.0,0.1,1.0,1.0,13.954999999999998,28.8,172.1189402322672,74.58333333333333,13.0,,,,,,,,,,,,,10.606772437414678
2025,21,São Paulo Grand Prix,2025-11-09,interlagos,Autódromo José Carlos Pace,colapinto,COL,Franco Colapinto,alpine,Alpine F1 Team,43,,15.0,15,0.0,71,Finished,5.0,1:12.816,,,COL,,,,,,16.0,,,16.0,16.0,1,True,RACE,ANTI_CLOCKWISE,-23.701111,-46.697222,4.309,15,42,ground_effect,2,sprint,,,,,,,,,,,,,16.0,16.333333333333332,17.0,0.0,0.0,17.2,0.0,17.0,1,False,False,,,,,,,,,,,,,22.35,20.3,24.3,68.5,0.0,0.0,0.0,10.95,16.1,117.654074144401,41.5,4.0,22.315,19.0,25.2,73.0,0.1,1.0,1.0,13.954999999999998,28.8,172.1189402322672,74.58333333333333,13.0,22.315,19.0,25.2,73.0,0.1,1.0,1.0,13.954999999999998,28.8,172.1189402322672,74.58333333333333,13.0,,,,,,,,,,,,,14.04170756048889
2025,21,São Paulo Grand Prix,2025-11-09,interlagos,Autódromo José Carlos Pace,bortoleto,BOR,Gabriel Bortoleto,sauber,Sauber,5,,20.0,R,0.0,0,Retired,,,,,BOR,,,,,,5.0,,,5.0,5.0,1,True,RACE,ANTI_CLOCKWISE,-23.701111,-46.697222,4.309,15,42,ground_effect,2,sprint,,,,,,,,,,,,,10.0,15.0,12.8,1.0,1.0,14.7,1.8,,0,False,False,,,,,,,,,,,,,22.35,20.3,24.3,68.5,0.0,0.0,0.0,10.95,16.1,117.654074144401,41.5,4.0,22.315,19.0,25.2,73.0,0.1,1.0,1.0,13.954999999999998,28.8,172.1189402322672,74.58333333333333,13.0,22.315,19.0,25.2,73.0,0.1,1.0,1.0,13.954999999999998,28.8,172.1189402322672,74.58333333333333,13.0,,,,,,,,,,,,,11.158523583811737
2025,21,São Paulo Grand Prix,2025-11-09,interlagos,Autódromo José Carlos Pace,russell,RUS,George Russell,mercedes,Mercedes,63,,4.0,4,12.0,71,Finished,8.0,1:13.097,,,RUS,,,,,,6.0,,,6.0,6.0,1,True,RACE,ANTI_CLOCKWISE,-23.701111,-46.697222,4.309,15,42,ground_effect,2,sprint,,,,,,,,,,,,,7.0,4.666666666666667,4.2,6.0,13.4,5.8,19.8,9.0,5,False,False,,,,,,,,,,,,,22.35,20.3,24.3,68.5,0.0,0.0,0.0,10.95,16.1,117.654074144401,41.5,4.0,22.315,19.0,25.2,73.0,0.1,1.0,1.0,13.954999999999998,28.8,172.1189402322672,74.58333333333333,13.0,22.315,19.0,25.2,73.0,0.1,1.0,1.0,13.954999999999998,28.8,172.1189402322672,74.58333333333333,13.0,,,,,,,,,,,,,5.671078527995831
2025,21,São Paulo Grand Prix,2025-11-09,interlagos,Autódromo José Carlos Pace,hadjar,HAD,Isack Hadjar,rb,RB F1 Team,6,,8.0,8,4.0,71,Finished,15.0,1:13.694,,,HAD,,,,,,9.0,,,9.0,9.0,1,True,RACE,ANTI_CLOCKWISE,-23.701111,-46.697222,4.309,15,42,ground_effect,2,sprint,,,,,,,,,,,,,13.0,13.333333333333334,12.0,0.0,0.4,12.5,2.4,,0,False,False,,,,,,,,,,,,,22.35,20.3,24.3,68.5,0.0,0.0,0.0,10.95,16.1,117.654074144401,41.5,4.0,22.315,19.0,25.2,73.0,0.1,1.0,1.0,13.954999999999998,28.8,172.1189402322672,74.58333333333333,13.0,22.315,19.0,25.2,73.0,0.1,1.0,1.0,13.954999999999998,28.8,172.1189402322672,74.58333333333333,13.0,,,,,,,,,,,,,12.096229541545501
2025,21,São Paulo Grand Prix,2025-11-09,interlagos,Autódromo José Carlos Pace,stroll,STR,Lance Stroll,aston_martin,Aston Martin,18,,16.0,16,0.0,71,Finished,7.0,1:13.094,,,STR,,,,,,15.0,,,15.0,15.0,1,True,RACE,ANTI_CLOCKWISE,-23.701111,-46.697222,4.309,15,42,ground_effect,2,sprint,,,,,,,,,,,,,14.0,13.0,14.8,0.0,0.0,14.3,1.4,15.285714285714286,7,False,False,,,,,,,,,,,,,22.35,20.3,24.3,68.5,0.0,0.0,0.0,10.95,16.1,117.654074144401,41.5,4.0,22.315,19.0,25.2,73.0,0.1,1.0,1.0,13.954999999999998,28.8,172.1189402322672,74.58333333333333,13.0,22.315,19.0,25.2,73.0,0.1,1.0,1.0,13.954999999999998,28.8,172.1189402322672,74.58333333333333,13.0,,,,,,,,,,,,,14.028063401486953
2025,21,São Paulo Grand Prix,2025-11-09,interlagos,Autódromo José Carlos Pace,norris,NOR,Lando Norris,mclaren,McLaren,4,,1.0,1,25.0,71,Finished,6.0,1:13.040,,,NOR,,,,,,1.0,,,1.0,1.0,1,True,RACE,ANTI_CLOCKWISE,-23.701111,-46.697222,4.309,15,42,ground_effect,2,sprint,,,,,,,,,,,,,1.0,2.0,3.0,25.0,16.4,5.2,25.8,8.8,5,False,False,,,,,,,,,,,,,22.35,20.3,24.3,68.5,0.0,0.0,0.0,10.95,16.1,117.654074144401,41.5,4.0,22.315,19.0,25.2,73.0,0.1,1.0,1.0,13.954999999999998,28.8,172.1189402322672,74.58333333333333,13.0,22.315,19.0,25.2,73.0,0.1,1.0,1.0,13.954999999999998,28.8,172.1189402322672,74.58333333333333,13.0,,,,,,,,,,,,,4.7239933261333045
2025,21,São Paulo Grand Prix,2025-11-09,interlagos,Autódromo José Carlos Pace,hamilton,HAM,Lewis Hamilton,ferrari,Ferrari,44,,18.0,R,0.0,37,Retired,17.0,1:13.844,,,HAM,,,,,,19.0,,,19.0,19.0,1,True,RACE,ANTI_CLOCKWISE,-23.701111,-46.697222,4.309,15,42,ground_effect,2,sprint,,,,,,,,,,,,,8.0,6.666666666666667,6.8,4.0,6.4,5.8,17.4,3.8,10,False,False,,,,,,,,,,,,,22.35,20.3,24.3,68.5,0.0,0.0,0.0,10.95,16.1,117.654074144401,41.5,4.0,22.315,19.0,25.2,73.0,0.1,1.0,1.0,13.954999999999998,28.8,172.1189402322672,74.58333333333333,13.0,22.315,19.0,25.2,73.0,0.1,1.0,1.0,13.954999999999998,28.8,172.1189402322672,74.58333333333333,13.0,,,,,,,,,,,,,8.693298674886204
2025,21,São Paulo Grand Prix,2025-11-09,interlagos,Autódromo José Carlos Pace,lawson,LAW,Liam Lawson,rb,RB F1 Team,30,,7.0,7,6.0,71,Finished,18.0,1:14.029,,,LAW,,,,,,11.0,,,11.0,11.0,1,True,RACE,ANTI_CLOCKWISE,-23.701111,-46.697222,4.309,15,42,ground_effect,2,sprint,,,,,,,,,,,,,20.0,15.333333333333334,13.0,0.0,2.0,12.5,2.4,9.0,1,False,False,,,,,,,,,,,,,22.35,20.3,24.3,68.5,0.0,0.0,0.0,10.95,16.1,117.654074144401,41.5,4.0,22.315,19.0,25.2,73.0,0.1,1.0,1.0,13.954999999999998,28.8,172.1189402322672,74.58333333333333,13.0,22.315,19.0,25.2,73.0,0.1,1.0,1.0,13.954999999999998,28.8,172.1189402322672,74.58333333333333,13.0,,,,,,,,,,,,,11.254618484737641
2025,21,São Paulo Grand Prix,2025-11-09,interlagos,Autódromo José Carlos Pace,max_verstappen,VER,Max Verstappen,red_bull,Red Bull,1,,3.0,3,15.0,71,Finished,2.0,1:12.447,,,VER,,,,,,17.0,,,17.0,17.0,1,True,RACE,ANTI_CLOCKWISE,-23.701111,-46.697222,4.309,15,42,ground_effect,2,sprint,,,,,,,,,,,,,3.0,2.0,1.6,15.0,21.6,5.7,24.4,3.333333333333333,9,False,False,,,,,,,,,,,,,22.35,20.3,24.3,68.5,0.0,0.0,0.0,10.95,16.1,117.654074144401,41.5,4.0,22.315,19.0,25.2,73.0,0.1,1.0,1.0,13.954999999999998,28.8,172.1189402322672,74.58333333333333,13.0,22.315,19.0,25.2,73.0,0.1,1.0,1.0,13.954999999999998,28.8,172.1189402322672,74.58333333333333,13.0,,,,,,,,,,,,,3.8021760945233676
2025,21,São Paulo Grand Prix,2025-11-09,interlagos,Autódromo José Carlos Pace,hulkenberg,HUL,Nico Hülkenberg,sauber,Sauber,27,,9.0,9,2.0,71,Finished,11.0,1:13.474,,,HUL,,,,,,3.0,,,3.0,3.0,1,True,RACE,ANTI_CLOCKWISE,-23.701111,-46.697222,4.309,15,42,ground_effect,2,sprint,,,,,,,,,,,,,19.0,15.666666666666666,16.6,0.0,0.8,14.7,1.8,12.125,8,False,False,,,,,,,,,,,,,22.35,20.3,24.3,68.5,0.0,0.0,0.0,10.95,16.1,117.654074144401,41.5,4.0,22.315,19.0,25.2,73.0,0.1,1.0,1.0,13.954999999999998,28.8,172.1189402322672,74.58333333333333,13.0,22.315,19.0,25.2,73.0,0.1,1.0,1.0,13.954999999999998,28.8,172.1189402322672,74.58333333333333,13.0,,,,,,,,,,,,,10.971913107713208
2025,21,São Paulo Grand Prix,2025-11-09,interlagos,Autódromo José Carlos Pace,bearman,BEA,Oliver Bearman,haas,Haas F1 Team,87,,6.0,6,8.0,71,Finished,13.0,1:13.483,,,BEA,,,,,,14.0,,,14.0,14.0,1,True,RACE,ANTI_CLOCKWISE,-23.701111,-46.697222,4.309,15,42,ground_effect,2,sprint,,,,,,,,,,,,,4.0,7.333333333333333,9.2,12.0,3.2,11.7,3.6,12.0,1,False,False,,,,,,,,,,,,,22.35,20.3,24.3,68.5,0.0,0.0,0.0,10.95,16.1,117.654074144401,41.5,4.0,22.315,19.0,25.2,73.0,0.1,1.0,1.0,13.954999999999998,28.8,172.1189402322672,74.58333333333333,13.0,22.315,19.0,25.2,73.0,0.1,1.0,1.0,13.954999999999998,28.8,172.1189402322672,74.58333333333333,13.0,,,,,,,,,,,,,13.940777225849182
2025,21,São Paulo Grand Prix,2025-11-09,interlagos,Autódromo José Carlos Pace,piastri,PIA,Oscar Piastri,mclaren,McLaren,81,,5.0,5,10.0,71,Finished,3.0,1:12.742,,,PIA,,,,,,2.0,,,2.0,2.0,1,True,RACE,ANTI_CLOCKWISE,-23.701111,-46.697222,4.309,15,42,ground_effect,2,sprint,,,,,,,,,,,,,5.0,4.666666666666667,7.4,10.0,9.4,5.2,25.8,11.0,2,False,False,,,,,,,,,,,,,22.35,20.3,24.3,68.5,0.0,0.0,0.0,10.95,16.1,117.654074144401,41.5,4.0,22.315,19.0,25.2,73.0,0.1,1.0,1.0,13.954999999999998,28.8,172.1189402322672,74.58333333333333,13.0,22.315,19.0,25.2,73.0,0.1,1.0,1.0,13.954999999999998,28.8,172.1189402322672,74.58333333333333,13.0,,,,,,,,,,,,,6.642094577001679
2025,21,São Paulo Grand Prix,2025-11-09,interlagos,Autódromo José Carlos Pace,gasly,GAS,Pierre Gasly,alpine,Alpine F1 Team,10,,10.0,10,1.0,71,Finished,16.0,1:13.736,,,GAS,,,,,,7.0,,,7.0,7.0,1,True,RACE,ANTI_CLOCKWISE,-23.701111,-46.697222,4.309,15,42,ground_effect,2,sprint,,,,,,,,,,,,,15.0,17.666666666666668,17.4,0.0,0.0,17.2,0.0,8.285714285714286,7,False,False,,,,,,,,,,,,,22.35,20.3,24.3,68.5,0.0,0.0,0.0,10.95,16.1,117.654074144401,41.5,4.0,22.315,19.0,25.2,73.0,0.1,1.0,1.0,13.954999999999998,28.8,172.1189402322672,74.58333333333333,13.0,22.315,19.0,25.2,73.0,0.1,1.0,1.0,13.954999999999998,28.8,172.1189402322672,74.58333333333333,13.0,,,,,,,,,,,,,9.663401775632977
2025,21,São Paulo Grand Prix,2025-11-09,interlagos,Autódromo José Carlos Pace,tsunoda,TSU,Yuki Tsunoda,red_bull,Red Bull,22,,17.0,17,0.0,71,Finished,4.0,1:12.774,,,TSU,,,,,,20.0,,,20.0,20.0,1,True,RACE,ANTI_CLOCKWISE,-23.701111,-46.697222,4.309,15,42,ground_effect,2,sprint,,,,,,,,,,,,,11.0,10.0,9.8,0.0,2.8,5.7,24.4,12.0,4,False,False,,,,,,,,,,,,,22.35,20.3,24.3,68.5,0.0,0.0,0.0,10.95,16.1,117.654074144401,41.5,4.0,22.315,19.0,25.2,73.0,0.1,1.0,1.0,13.954999999999998,28.8,172.1189402322672,74.58333333333333,13.0,22.315,19.0,25.2,73.0,0.1,1.0,1.0,13.954999999999998,28.8,172.1189402322672,74.58333333333333,13.0,,,,,,,,,,,,,9.44649013943874
2025,22,Las Vegas Grand Prix,2025-11-23,vegas,Las Vegas Strip Street Circuit,albon,ALB,Alexander Albon,williams,Williams,23,,16.0,R,0.0,35,Retired,13.0,1:35.184,,,ALB,,,,,,2.0,8.0,3.0,4.333333333333333,2.0,3,True,STREET,ANTI_CLOCKWISE,36.175,-115.136389,6.201,17,3,ground_effect,2,normal,,,,,,,,,,,,,11.0,12.333333333333334,12.8,0.0,0.0,12.7,3.2,15.5,2,False,False,,,,,,,,,,,,,10.3,10.2,10.5,90.0,0.0,0.0,0.0,3.733333333333333,6.2,2.115753835410678,100.0,3.0,10.29,10.0,10.5,86.6,0.2,2.0,1.0,3.966666666666667,6.2,27.774903536174016,100.0,8.0,10.26,9.7,10.5,87.98333333333333,0.2,2.0,1.0,3.311111111111112,6.2,68.06802185834125,99.08333333333331,12.0,,,,,,,,,,,,,14.59115218387131
2025,22,Las Vegas Grand Prix,2025-11-23,vegas,Las Vegas Strip Street Circuit,antonelli,ANT,Andrea Kimi Antonelli,mercedes,Mercedes,12,,3.0,3,15.0,50,Finished,2.0,1:33.998,,,ANT,,,,,,10.0,2.0,6.0,6.0,2.0,3,True,STREET,ANTI_CLOCKWISE,36.175,-115.136389,6.201,17,3,ground_effect,2,normal,,,,,,,,,,,,,2.0,7.0,6.0,18.0,9.6,5.0,23.4,,0,False,False,,,,,,,,,,,,,10.3,10.2,10.5,90.0,0.0,0.0,0.0,3.733333333333333,6.2,2.115753835410678,100.0,3.0,10.29,10.0,10.5,86.6,0.2,2.0,1.0,3.966666666666667,6.2,27.774903536174016,100.0,8.0,10.26,9.7,10.5,87.98333333333333,0.2,2.0,1.0,3.311111111111112,6.2,68.06802185834125,99.08333333333331,12.0,,,,,,,,,,,,,7.036927707372684
2025,22,Las Vegas Grand Prix,2025-11-23,vegas,Las Vegas Strip Street Circuit,sainz,SAI,Carlos Sainz,williams,Williams,55,,5.0,5,10.0,50,Finished,4.0,1:34.496,,,SAI,,,,,,5.0,13.0,12.0,10.0,5.0,3,True,STREET,ANTI_CLOCKWISE,36.175,-115.136389,6.201,17,3,ground_effect,2,normal,,,,,,,,,,,,,13.0,16.666666666666668,12.6,0.0,3.2,12.7,3.2,4.5,2,False,False,,,,,,,,,,,,,10.3,10.2,10.5,90.0,0.0,0.0,0.0,3.733333333333333,6.2,2.115753835410678,100.0,3.0,10.29,10.0,10.5,86.6,0.2,2.0,1.0,3.966666666666667,6.2,27.774903536174016,100.0,8.0,10.26,9.7,10.5,87.98333333333333,0.2,2.0,1.0,3.311111111111112,6.2,68.06802185834125,99.08333333333331,12.0,,,,,,,,,,,,,11.755887427259866
2025,22,Las Vegas Grand Prix,2025-11-23,vegas,Las Vegas Strip Street Circuit,leclerc,LEC,Charles Leclerc,ferrari,Ferrari,16,,4.0,4,12.0,50,Finished,3.0,1:34.304,,,LEC,,,,,,1.0,3.0,15.0,6.333333333333333,1.0,3,True,STREET,ANTI_CLOCKWISE,36.175,-115.136389,6.201,17,3,ground_effect,2,normal,,,,,,,,,,,,,19.0,8.0,7.8,0.0,8.6,8.5,13.4,3.0,2,False,False,,,,,,,,,,,,,10.3,10.2,10.5,90.0,0.0,0.0,0.0,3.733333333333333,6.2,2.115753835410678,100.0,3.0,10.29,10.0,10.5,86.6,0.2,2.0,1.0,3.966666666666667,6.2,27.774903536174016,100.0,8.0,10.26,9.7,10.5,87.98333333333333,0.2,2.0,1.0,3.311111111111112,6.2,68.06802185834125,99.08333333333331,12.0,,,,,,,,,,,,,7.230510015700963
2025,22,Las Vegas Grand Prix,2025-11-23,vegas,Las Vegas Strip Street Circuit,ocon,OCO,Esteban Ocon,haas,Haas F1 Team,31,,9.0,9,2.0,50,Finished,7.0,1:34.557,,,OCO,,,,,,17.0,19.0,14.0,16.666666666666668,14.0,3,True,STREET,ANTI_CLOCKWISE,36.175,-115.136389,6.201,17,3,ground_effect,2,normal,,,,,,,,,,,,,12.0,12.0,13.6,0.0,0.4,10.8,5.2,10.5,2,False,False,,,,,,,,,,,,,10.3,10.2,10.5,90.0,0.0,0.0,0.0,3.733333333333333,6.2,2.115753835410678,100.0,3.0,10.29,10.0,10.5,86.6,0.2,2.0,1.0,3.966666666666667,6.2,27.774903536174016,100.0,8.0,10.26,9.7,10.5,87.98333333333333,0.2,2.0,1.0,3.311111111111112,6.2,68.06802185834125,99.08333333333331,12.0,,,,,,,,,,,,,14.702339763241508
2025,22,Las Vegas Grand Prix,2025-11-23,vegas,Las Vegas Strip Street Circuit,alonso,ALO,Fernando Alonso,aston_martin,Aston Martin,14,,11.0,11,0.0,50,Finished,14.0,1:35.629,,,ALO,,,,,,14.0,18.0,9.0,13.666666666666666,9.0,3,True,STREET,ANTI_CLOCKWISE,36.175,-115.136389,6.201,17,3,ground_effect,2,normal,,,,,,,,,,,,,14.0,14.0,12.8,0.0,1.4,13.6,1.4,10.0,2,False,False,,,,,,,,,,,,,10.3,10.2,10.5,90.0,0.0,0.0,0.0,3.733333333333333,6.2,2.115753835410678,100.0,3.0,10.29,10.0,10.5,86.6,0.2,2.0,1.0,3.966666666666667,6.2,27.774903536174016,100.0,8.0,10.26,9.7,10.5,87.98333333333333,0.2,2.0,1.0,3.311111111111112,6.2,68.06802185834125,99.08333333333331,12.0,,,,,,,,,,,,,13.399177716712844
2025,22,Las Vegas Grand Prix,2025-11-23,vegas,Las Vegas Strip Street Circuit,colapinto,COL,Franco Colapinto,alpine,Alpine F1 Team,43,,15.0,15,0.0,49,Lapped,16.0,1:35.780,,,COL,,,,,,20.0,16.0,16.0,17.333333333333332,16.0,3,True,STREET,ANTI_CLOCKWISE,36.175,-115.136389,6.201,17,3,ground_effect,2,normal,,,,,,,,,,,,,15.0,16.0,16.6,0.0,0.0,16.4,0.2,14.0,1,False,False,,,,,,,,,,,,,10.3,10.2,10.5,90.0,0.0,0.0,0.0,3.733333333333333,6.2,2.115753835410678,100.0,3.0,10.29,10.0,10.5,86.6,0.2,2.0,1.0,3.966666666666667,6.2,27.774903536174016,100.0,8.0,10.26,9.7,10.5,87.98333333333333,0.2,2.0,1.0,3.311111111111112,6.2,68.06802185834125,99.08333333333331,12.0,,,,,,,,,,,,,15.26485389806131
2025,22,Las Vegas Grand Prix,2025-11-23,vegas,Las Vegas Strip Street Circuit,bortoleto,BOR,Gabriel Bortoleto,sauber,Sauber,5,,17.0,R,0.0,2,Retired,,,,,BOR,,,,,,19.0,20.0,13.0,17.333333333333332,13.0,3,True,STREET,ANTI_CLOCKWISE,36.175,-115.136389,6.201,17,3,ground_effect,2,normal,,,,,,,,,,,,,20.0,16.0,15.2,0.0,0.2,14.8,1.4,,0,False,False,,,,,,,,,,,,,10.3,10.2,10.5,90.0,0.0,0.0,0.0,3.733333333333333,6.2,2.115753835410678,100.0,3.0,10.29,10.0,10.5,86.6,0.2,2.0,1.0,3.966666666666667,6.2,27.774903536174016,100.0,8.0,10.26,9.7,10.5,87.98333333333333,0.2,2.0,1.0,3.311111111111112,6.2,68.06802185834125,99.08333333333331,12.0,,,,,,,,,,,,,15.86363100225291
2025,22,Las Vegas Grand Prix,2025-11-23,vegas,Las Vegas Strip Street Circuit,russell,RUS,George Russell,mercedes,Mercedes,63,,2.0,2,18.0,50,Finished,9.0,1:34.592,,,RUS,,,,,,9.0,7.0,1.0,5.666666666666667,1.0,3,True,STREET,ANTI_CLOCKWISE,36.175,-115.136389,6.201,17,3,ground_effect,2,normal,,,,,,,,,,,,,4.0,5.666666666666667,4.0,12.0,13.8,5.0,23.4,4.5,2,False,False,,,,,,,,,,,,,10.3,10.2,10.5,90.0,0.0,0.0,0.0,3.733333333333333,6.2,2.115753835410678,100.0,3.0,10.29,10.0,10.5,86.6,0.2,2.0,1.0,3.966666666666667,6.2,27.774903536174016,100.0,8.0,10.26,9.7,10.5,87.98333333333333,0.2,2.0,1.0,3.311111111111112,6.2,68.06802185834125,99.08333333333331,12.0,,,,,,,,,,,,,7.108180984887184
2025,22,Las Vegas Grand Prix,2025-11-23,vegas,Las Vegas Strip Street Circuit,hadjar,HAD,Isack Hadjar,rb,RB F1 Team,6,,6.0,6,8.0,50,Finished,10.0,1:34.620,,,HAD,,,,,,7.0,5.0,4.0,5.333333333333333,4.0,3,True,STREET,ANTI_CLOCKWISE,36.175,-115.136389,6.201,17,3,ground_effect,2,normal,,,,,,,,,,,,,8.0,12.333333333333334,11.6,4.0,1.0,11.6,4.2,,0,False,False,,,,,,,,,,,,,10.3,10.2,10.5,90.0,0.0,0.0,0.0,3.733333333333333,6.2,2.115753835410678,100.0,3.0,10.29,10.0,10.5,86.6,0.2,2.0,1.0,3.966666666666667,6.2,27.774903536174016,100.0,8.0,10.26,9.7,10.5,87.98333333333333,0.2,2.0,1.0,3.311111111111112,6.2,68.06802185834125,99.08333333333331,12.0,,,,,,,,,,,,,9.951874270448437
2025,22,Las Vegas Grand Prix,2025-11-23,vegas,Las Vegas Strip Street Circuit,stroll,STR,Lance Stroll,aston_martin,Aston Martin,18,,18.0,R,0.0,0,Retired,,,,,STR,,,,,,15.0,11.0,8.0,11.333333333333334,8.0,3,True,STREET,ANTI_CLOCKWISE,36.175,-115.136389,6.201,17,3,ground_effect,2,normal,,,,,,,,,,,,,16.0,14.0,14.4,0.0,0.0,13.6,1.4,10.0,2,False,False,,,,,,,,,,,,,10.3,10.2,10.5,90.0,0.0,0.0,0.0,3.733333333333333,6.2,2.115753835410678,100.0,3.0,10.29,10.0,10.5,86.6,0.2,2.0,1.0,3.966666666666667,6.2,27.774903536174016,100.0,8.0,10.26,9.7,10.5,87.98333333333333,0.2,2.0,1.0,3.311111111111112,6.2,68.06802185834125,99.08333333333331,12.0,,,,,,,,,,,,,12.636684371012587
2025,22,Las Vegas Grand Prix,2025-11-23,vegas,Las Vegas Strip Street Circuit,norris,NOR,Lando Norris,mclaren,McLaren,4,,19.0,D,0.0,50,Disqualified,,,,,NOR,,,,,,6.0,1.0,20.0,9.0,1.0,3,True,STREET,ANTI_CLOCKWISE,36.175,-115.136389,6.201,17,3,ground_effect,2,normal,,,,,,,,,,,,,1.0,1.3333333333333333,2.8,25.0,17.8,5.3,26.2,13.0,2,False,False,,,,,,,,,,,,,10.3,10.2,10.5,90.0,0.0,0.0,0.0,3.733333333333333,6.2,2.115753835410678,100.0,3.0,10.29,10.0,10.5,86.6,0.2,2.0,1.0,3.966666666666667,6.2,27.774903536174016,100.0,8.0,10.26,9.7,10.5,87.98333333333333,0.2,2.0,1.0,3.311111111111112,6.2,68.06802185834125,99.08333333333331,12.0,,,,,,,,,,,,,5.419694081768021
2025,22,Las Vegas Grand Prix,2025-11-23,vegas,Las Vegas Strip Street Circuit,hamilton,HAM,Lewis Hamilton,ferrari,Ferrari,44,,8.0,8,4.0,50,Finished,6.0,1:34.553,,,HAM,,,,,,11.0,10.0,5.0,8.666666666666666,5.0,3,True,STREET,ANTI_CLOCKWISE,36.175,-115.136389,6.201,17,3,ground_effect,2,normal,,,,,,,,,,,,,18.0,10.0,9.2,0.0,4.8,8.5,13.4,4.5,2,False,False,,,,,,,,,,,,,10.3,10.2,10.5,90.0,0.0,0.0,0.0,3.733333333333333,6.2,2.115753835410678,100.0,3.0,10.29,10.0,10.5,86.6,0.2,2.0,1.0,3.966666666666667,6.2,27.774903536174016,100.0,8.0,10.26,9.7,10.5,87.98333333333333,0.2,2.0,1.0,3.311111111111112,6.2,68.06802185834125,99.08333333333331,12.0,,,,,,,,,,,,,8.574268999634064
2025,22,Las Vegas Grand Prix,2025-11-23,vegas,Las Vegas Strip Street Circuit,lawson,LAW,Liam Lawson,rb,RB F1 Team,30,,14.0,14,0.0,49,Lapped,11.0,1:34.837,,,LAW,,,,,,13.0,6.0,7.0,8.666666666666666,6.0,3,True,STREET,ANTI_CLOCKWISE,36.175,-115.136389,6.201,17,3,ground_effect,2,normal,,,,,,,,,,,,,7.0,12.666666666666666,11.6,6.0,3.2,11.6,4.2,16.0,1,False,False,,,,,,,,,,,,,10.3,10.2,10.5,90.0,0.0,0.0,0.0,3.733333333333333,6.2,2.115753835410678,100.0,3.0,10.29,10.0,10.5,86.6,0.2,2.0,1.0,3.966666666666667,6.2,27.774903536174016,100.0,8.0,10.26,9.7,10.5,87.98333333333333,0.2,2.0,1.0,3.311111111111112,6.2,68.06802185834125,99.08333333333331,12.0,,,,,,,,,,,,,11.214031097265362
2025,22,Las Vegas Grand Prix,2025-11-23,vegas,Las Vegas Strip Street Circuit,max_verstappen,VER,Max Verstappen,red_bull,Red Bull,1,,1.0,1,25.0,50,Finished,1.0,1:33.365,,,VER,,,,,,4.0,9.0,2.0,5.0,2.0,3,True,STREET,ANTI_CLOCKWISE,36.175,-115.136389,6.201,17,3,ground_effect,2,normal,,,,,,,,,,,,,3.0,2.333333333333333,2.0,15.0,19.6,6.3,22.4,3.0,2,False,False,,,,,,,,,,,,,10.3,10.2,10.5,90.0,0.0,0.0,0.0,3.733333333333333,6.2,2.115753835410678,100.0,3.0,10.29,10.0,10.5,86.6,0.2,2.0,1.0,3.966666666666667,6.2,27.774903536174016,100.0,8.0,10.26,9.7,10.5,87.98333333333333,0.2,2.0,1.0,3.311111111111112,6.2,68.06802185834125,99.08333333333331,12.0,,,,,,,,,,,,,3.456786088130859
2025,22,Las Vegas Grand Prix,2025-11-23,vegas,Las Vegas Strip Street Circuit,hulkenberg,HUL,Nico Hülkenberg,sauber,Sauber,27,,7.0,7,6.0,50,Finished,8.0,1:34.592,,,HUL,,,,,,18.0,4.0,17.0,13.0,4.0,3,True,STREET,ANTI_CLOCKWISE,36.175,-115.136389,6.201,17,3,ground_effect,2,normal,,,,,,,,,,,,,9.0,12.0,14.4,2.0,1.2,14.8,1.4,13.5,2,False,False,,,,,,,,,,,,,10.3,10.2,10.5,90.0,0.0,0.0,0.0,3.733333333333333,6.2,2.115753835410678,100.0,3.0,10.29,10.0,10.5,86.6,0.2,2.0,1.0,3.966666666666667,6.2,27.774903536174016,100.0,8.0,10.26,9.7,10.5,87.98333333333333,0.2,2.0,1.0,3.311111111111112,6.2,68.06802185834125,99.08333333333331,12.0,,,,,,,,,,,,,13.867951638262515
2025,22,Las Vegas Grand Prix,2025-11-23,vegas,Las Vegas Strip Street Circuit,bearman,BEA,Oliver Bearman,haas,Haas F1 Team,87,,10.0,10,1.0,50,Finished,5.0,1:34.519,,,BEA,,,,,,16.0,17.0,11.0,14.666666666666666,11.0,3,True,STREET,ANTI_CLOCKWISE,36.175,-115.136389,6.201,17,3,ground_effect,2,normal,,,,,,,,,,,,,6.0,6.333333333333333,8.0,8.0,4.8,10.8,5.2,,0,False,False,,,,,,,,,,,,,10.3,10.2,10.5,90.0,0.0,0.0,0.0,3.733333333333333,6.2,2.115753835410678,100.0,3.0,10.29,10.0,10.5,86.6,0.2,2.0,1.0,3.966666666666667,6.2,27.774903536174016,100.0,8.0,10.26,9.7,10.5,87.98333333333333,0.2,2.0,1.0,3.311111111111112,6.2,68.06802185834125,99.08333333333331,12.0,,,,,,,,,,,,,11.991029899885827
2025,22,Las Vegas Grand Prix,2025-11-23,vegas,Las Vegas Strip Street Circuit,piastri,PIA,Oscar Piastri,mclaren,McLaren,81,,20.0,D,0.0,50,Disqualified,,,,,PIA,,,,,,8.0,14.0,19.0,13.666666666666666,8.0,3,True,STREET,ANTI_CLOCKWISE,36.175,-115.136389,6.201,17,3,ground_effect,2,normal,,,,,,,,,,,,,5.0,5.0,7.8,10.0,8.4,5.3,26.2,8.5,2,False,False,,,,,,,,,,,,,10.3,10.2,10.5,90.0,0.0,0.0,0.0,3.733333333333333,6.2,2.115753835410678,100.0,3.0,10.29,10.0,10.5,86.6,0.2,2.0,1.0,3.966666666666667,6.2,27.774903536174016,100.0,8.0,10.26,9.7,10.5,87.98333333333333,0.2,2.0,1.0,3.311111111111112,6.2,68.06802185834125,99.08333333333331,12.0,,,,,,,,,,,,,7.501069266002971
2025,22,Las Vegas Grand Prix,2025-11-23,vegas,Las Vegas Strip Street Circuit,gasly,GAS,Pierre Gasly,alpine,Alpine F1 Team,10,,13.0,13,0.0,50,Finished,15.0,1:35.674,,,GAS,,,,,,12.0,12.0,10.0,11.333333333333334,10.0,3,True,STREET,ANTI_CLOCKWISE,36.175,-115.136389,6.201,17,3,ground_effect,2,normal,,,,,,,,,,,,,10.0,14.666666666666666,16.2,1.0,0.2,16.4,0.2,15.5,2,False,False,,,,,,,,,,,,,10.3,10.2,10.5,90.0,0.0,0.0,0.0,3.733333333333333,6.2,2.115753835410678,100.0,3.0,10.29,10.0,10.5,86.6,0.2,2.0,1.0,3.966666666666667,6.2,27.774903536174016,100.0,8.0,10.26,9.7,10.5,87.98333333333333,0.2,2.0,1.0,3.311111111111112,6.2,68.06802185834125,99.08333333333331,12.0,,,,,,,,,,,,,11.911808880894649
2025,22,Las Vegas Grand Prix,2025-11-23,vegas,Las Vegas Strip Street Circuit,tsunoda,TSU,Yuki Tsunoda,red_bull,Red Bull,22,,12.0,12,0.0,50,Finished,12.0,1:34.967,,,TSU,,,,,,3.0,15.0,18.0,12.0,3.0,3,True,STREET,ANTI_CLOCKWISE,36.175,-115.136389,6.201,17,3,ground_effect,2,normal,,,,,,,,,,,,,17.0,11.666666666666666,10.6,0.0,2.8,6.3,22.4,13.5,2,False,False,,,,,,,,,,,,,10.3,10.2,10.5,90.0,0.0,0.0,0.0,3.733333333333333,6.2,2.115753835410678,100.0,3.0,10.29,10.0,10.5,86.6,0.2,2.0,1.0,3.966666666666667,6.2,27.774903536174016,100.0,8.0,10.26,9.7,10.5,87.98333333333333,0.2,2.0,1.0,3.311111111111112,6.2,68.06802185834125,99.08333333333331,12.0,,,,,,,,,,,,,8.719793588085013
2025,23,Qatar Grand Prix,2025-11-30,losail,Losail International Circuit,albon,ALB,Alexander Albon,williams,Williams,23,,11.0,11,0.0,57,Finished,11.0,1:24.261,,,ALB,,,,,,7.0,,,7.0,7.0,1,True,RACE,CLOCKWISE,25.49,51.454167,5.419,16,4,ground_effect,2,sprint,,,,,,,,,,,,,16.0,13.0,13.4,0.0,0.0,13.2,2.2,14.0,2,False,False,,,,,,,,,,,,,27.875,27.2,28.3,37.5,0.0,0.0,0.0,12.075,15.3,336.1665269156275,11.5,4.0,26.57,22.8,28.3,45.21666666666667,0.0,0.0,0.0,13.926666666666668,19.2,330.5827191371877,8.366666666666667,13.0,26.57,22.8,28.3,45.21666666666667,0.0,0.0,0.0,13.926666666666668,19.2,330.5827191371877,8.366666666666667,13.0,,,,,,,,,,,,,12.474300828735103
2025,23,Qatar Grand Prix,2025-11-30,losail,Losail International Circuit,antonelli,ANT,Andrea Kimi Antonelli,mercedes,Mercedes,12,,5.0,5,10.0,57,Finished,8.0,1:23.955,,,ANT,,,,,,10.0,,,10.0,10.0,1,True,RACE,CLOCKWISE,25.49,51.454167,5.419,16,4,ground_effect,2,sprint,,,,,,,,,,,,,3.0,3.6666666666666665,5.8,15.0,10.2,4.9,24.0,,0,False,False,,,,,,,,,,,,,27.875,27.2,28.3,37.5,0.0,0.0,0.0,12.075,15.3,336.1665269156275,11.5,4.0,26.57,22.8,28.3,45.21666666666667,0.0,0.0,0.0,13.926666666666668,19.2,330.5827191371877,8.366666666666667,13.0,26.57,22.8,28.3,45.21666666666667,0.0,0.0,0.0,13.926666666666668,19.2,330.5827191371877,8.366666666666667,13.0,,,,,,,,,,,,,6.92305936758738
2025,23,Qatar Grand Prix,2025-11-30,losail,Losail International Circuit,sainz,SAI,Carlos Sainz,williams,Williams,55,,3.0,3,15.0,57,Finished,6.0,1:23.859,,,SAI,,,,,,4.0,,,4.0,4.0,1,True,RACE,CLOCKWISE,25.49,51.454167,5.419,16,4,ground_effect,2,sprint,,,,,,,,,,,,,5.0,11.666666666666666,13.0,10.0,2.2,13.2,2.2,11.0,3,False,False,,,,,,,,,,,,,27.875,27.2,28.3,37.5,0.0,0.0,0.0,12.075,15.3,336.1665269156275,11.5,4.0,26.57,22.8,28.3,45.21666666666667,0.0,0.0,0.0,13.926666666666668,19.2,330.5827191371877,8.366666666666667,13.0,26.57,22.8,28.3,45.21666666666667,0.0,0.0,0.0,13.926666666666668,19.2,330.5827191371877,8.366666666666667,13.0,,,,,,,,,,,,,10.865338226395094
2025,23,Qatar Grand Prix,2025-11-30,losail,Losail International Circuit,leclerc,LEC,Charles Leclerc,ferrari,Ferrari,16,,8.0,8,4.0,57,Finished,13.0,1:24.432,,,LEC,,,,,,8.0,,,8.0,8.0,1,True,RACE,CLOCKWISE,25.49,51.454167,5.419,16,4,ground_effect,2,sprint,,,,,,,,,,,,,4.0,8.333333333333334,6.8,12.0,10.6,8.0,15.4,5.0,3,False,False,,,,,,,,,,,,,27.875,27.2,28.3,37.5,0.0,0.0,0.0,12.075,15.3,336.1665269156275,11.5,4.0,26.57,22.8,28.3,45.21666666666667,0.0,0.0,0.0,13.926666666666668,19.2,330.5827191371877,8.366666666666667,13.0,26.57,22.8,28.3,45.21666666666667,0.0,0.0,0.0,13.926666666666668,19.2,330.5827191371877,8.366666666666667,13.0,,,,,,,,,,,,,7.264160863175678
2025,23,Qatar Grand Prix,2025-11-30,losail,Losail International Circuit,ocon,OCO,Esteban Ocon,haas,Haas F1 Team,31,,15.0,15,0.0,56,Lapped,16.0,1:25.056,,,OCO,,,,,,17.0,,,17.0,17.0,1,True,RACE,CLOCKWISE,25.49,51.454167,5.419,16,4,ground_effect,2,sprint,,,,,,,,,,,,,9.0,10.0,12.6,2.0,0.8,10.1,5.8,10.666666666666666,3,False,False,,,,,,,,,,,,,27.875,27.2,28.3,37.5,0.0,0.0,0.0,12.075,15.3,336.1665269156275,11.5,4.0,26.57,22.8,28.3,45.21666666666667,0.0,0.0,0.0,13.926666666666668,19.2,330.5827191371877,8.366666666666667,13.0,26.57,22.8,28.3,45.21666666666667,0.0,0.0,0.0,13.926666666666668,19.2,330.5827191371877,8.366666666666667,13.0,,,,,,,,,,,,,13.168609820100505
2025,23,Qatar Grand Prix,2025-11-30,losail,Losail International Circuit,alonso,ALO,Fernando Alonso,aston_martin,Aston Martin,14,,7.0,7,6.0,57,Finished,7.0,1:23.940,,,ALO,,,,,,3.0,,,3.0,3.0,1,True,RACE,CLOCKWISE,25.49,51.454167,5.419,16,4,ground_effect,2,sprint,,,,,,,,,,,,,11.0,14.333333333333334,12.0,0.0,1.4,13.3,1.4,5.333333333333333,3,False,False,,,,,,,,,,,,,27.875,27.2,28.3,37.5,0.0,0.0,0.0,12.075,15.3,336.1665269156275,11.5,4.0,26.57,22.8,28.3,45.21666666666667,0.0,0.0,0.0,13.926666666666668,19.2,330.5827191371877,8.366666666666667,13.0,26.57,22.8,28.3,45.21666666666667,0.0,0.0,0.0,13.926666666666668,19.2,330.5827191371877,8.366666666666667,13.0,,,,,,,,,,,,,10.966601788720276
2025,23,Qatar Grand Prix,2025-11-30,losail,Losail International Circuit,colapinto,COL,Franco Colapinto,alpine,Alpine F1 Team,43,,14.0,14,0.0,56,Lapped,19.0,1:25.644,,,COL,,,,,,20.0,,,20.0,20.0,1,True,RACE,CLOCKWISE,25.49,51.454167,5.419,16,4,ground_effect,2,sprint,,,,,,,,,,,,,15.0,15.333333333333334,15.8,0.0,0.0,15.5,0.2,19.0,1,False,False,,,,,,,,,,,,,27.875,27.2,28.3,37.5,0.0,0.0,0.0,12.075,15.3,336.1665269156275,11.5,4.0,26.57,22.8,28.3,45.21666666666667,0.0,0.0,0.0,13.926666666666668,19.2,330.5827191371877,8.366666666666667,13.0,26.57,22.8,28.3,45.21666666666667,0.0,0.0,0.0,13.926666666666668,19.2,330.5827191371877,8.366666666666667,13.0,,,,,,,,,,,,,15.359140610897573
2025,23,Qatar Grand Prix,2025-11-30,losail,Losail International Circuit,bortoleto,BOR,Gabriel Bortoleto,sauber,Sauber,5,,13.0,13,0.0,57,Finished,17.0,1:25.233,,,BOR,,,,,,16.0,,,16.0,16.0,1,True,RACE,CLOCKWISE,25.49,51.454167,5.419,16,4,ground_effect,2,sprint,,,,,,,,,,,,,17.0,15.666666666666666,16.4,0.0,0.2,14.5,2.6,,0,False,False,,,,,,,,,,,,,27.875,27.2,28.3,37.5,0.0,0.0,0.0,12.075,15.3,336.1665269156275,11.5,4.0,26.57,22.8,28.3,45.21666666666667,0.0,0.0,0.0,13.926666666666668,19.2,330.5827191371877,8.366666666666667,13.0,26.57,22.8,28.3,45.21666666666667,0.0,0.0,0.0,13.926666666666668,19.2,330.5827191371877,8.366666666666667,13.0,,,,,,,,,,,,,14.591737545456278
2025,23,Qatar Grand Prix,2025-11-30,losail,Losail International Circuit,russell,RUS,George Russell,mercedes,Mercedes,63,,6.0,6,8.0,57,Finished,3.0,1:23.198,,,RUS,,,,,,14.0,,,14.0,14.0,1,True,RACE,CLOCKWISE,25.49,51.454167,5.419,16,4,ground_effect,2,sprint,,,,,,,,,,,,,2.0,4.333333333333333,4.0,18.0,13.8,4.9,24.0,8.333333333333334,3,False,False,,,,,,,,,,,,,27.875,27.2,28.3,37.5,0.0,0.0,0.0,12.075,15.3,336.1665269156275,11.5,4.0,26.57,22.8,28.3,45.21666666666667,0.0,0.0,0.0,13.926666666666668,19.2,330.5827191371877,8.366666666666667,13.0,26.57,22.8,28.3,45.21666666666667,0.0,0.0,0.0,13.926666666666668,19.2,330.5827191371877,8.366666666666667,13.0,,,,,,,,,,,,,6.006328975949476
2025,23,Qatar Grand Prix,2025-11-30,losail,Losail International Circuit,hadjar,HAD,Isack Hadjar,rb,RB F1 Team,6,,18.0,18,0.0,55,Retired,12.0,1:24.317,,,HAD,,,,,,5.0,,,5.0,5.0,1,True,RACE,CLOCKWISE,25.49,51.454167,5.419,16,4,ground_effect,2,sprint,,,,,,,,,,,,,6.0,9.0,10.8,8.0,2.4,12.1,3.6,,0,False,False,,,,,,,,,,,,,27.875,27.2,28.3,37.5,0.0,0.0,0.0,12.075,15.3,336.1665269156275,11.5,4.0,26.57,22.8,28.3,45.21666666666667,0.0,0.0,0.0,13.926666666666668,19.2,330.5827191371877,8.366666666666667,13.0,26.57,22.8,28.3,45.21666666666667,0.0,0.0,0.0,13.926666666666668,19.2,330.5827191371877,8.366666666666667,13.0,,,,,,,,,,,,,10.316384527800045
2025,23,Qatar Grand Prix,2025-11-30,losail,Losail International Circuit,stroll,STR,Lance Stroll,aston_martin,Aston Martin,18,,17.0,17,0.0,55,Retired,4.0,1:23.484,,,STR,,,,,,9.0,,,9.0,9.0,1,True,RACE,CLOCKWISE,25.49,51.454167,5.419,16,4,ground_effect,2,sprint,,,,,,,,,,,,,18.0,16.0,14.6,0.0,0.0,13.3,1.4,11.666666666666666,3,False,False,,,,,,,,,,,,,27.875,27.2,28.3,37.5,0.0,0.0,0.0,12.075,15.3,336.1665269156275,11.5,4.0,26.57,22.8,28.3,45.21666666666667,0.0,0.0,0.0,13.926666666666668,19.2,330.5827191371877,8.366666666666667,13.0,26.57,22.8,28.3,45.21666666666667,0.0,0.0,0.0,13.926666666666668,19.2,330.5827191371877,8.366666666666667,13.0,,,,,,,,,,,,,13.258383057454859
2025,23,Qatar Grand Prix,2025-11-30,losail,Losail International Circuit,norris,NOR,Lando Norris,mclaren,McLaren,4,,4.0,4,12.0,57,Finished,2.0,1:23.197,,,NOR,,,,,,2.0,,,2.0,2.0,1,True,RACE,CLOCKWISE,25.49,51.454167,5.419,16,4,ground_effect,2,sprint,,,,,,,,,,,,,19.0,7.0,5.2,0.0,16.6,6.5,25.0,7.333333333333333,3,False,False,,,,,,,,,,,,,27.875,27.2,28.3,37.5,0.0,0.0,0.0,12.075,15.3,336.1665269156275,11.5,4.0,26.57,22.8,28.3,45.21666666666667,0.0,0.0,0.0,13.926666666666668,19.2,330.5827191371877,8.366666666666667,13.0,26.57,22.8,28.3,45.21666666666667,0.0,0.0,0.0,13.926666666666668,19.2,330.5827191371877,8.366666666666667,13.0,,,,,,,,,,,,,4.23397487806111
2025,23,Qatar Grand Prix,2025-11-30,losail,Losail International Circuit,hamilton,HAM,Lewis Hamilton,ferrari,Ferrari,44,,12.0,12,0.0,57,Finished,14.0,1:24.848,,,HAM,,,,,,12.0,,,12.0,12.0,1,True,RACE,CLOCKWISE,25.49,51.454167,5.419,16,4,ground_effect,2,sprint,,,,,,,,,,,,,8.0,11.333333333333334,9.2,4.0,4.8,8.0,15.4,10.666666666666666,3,False,False,,,,,,,,,,,,,27.875,27.2,28.3,37.5,0.0,0.0,0.0,12.075,15.3,336.1665269156275,11.5,4.0,26.57,22.8,28.3,45.21666666666667,0.0,0.0,0.0,13.926666666666668,19.2,330.5827191371877,8.366666666666667,13.0,26.57,22.8,28.3,45.21666666666667,0.0,0.0,0.0,13.926666666666668,19.2,330.5827191371877,8.366666666666667,13.0,,,,,,,,,,,,,9.01509895667782
2025,23,Qatar Grand Prix,2025-11-30,losail,Losail International Circuit,lawson,LAW,Liam Lawson,rb,RB F1 Team,30,,9.0,9,2.0,57,Finished,9.0,1:23.971,,,LAW,,,,,,19.0,,,19.0,19.0,1,True,RACE,CLOCKWISE,25.49,51.454167,5.419,16,4,ground_effect,2,sprint,,,,,,,,,,,,,14.0,13.666666666666666,13.4,0.0,1.2,12.1,3.6,15.5,2,False,False,,,,,,,,,,,,,27.875,27.2,28.3,37.5,0.0,0.0,0.0,12.075,15.3,336.1665269156275,11.5,4.0,26.57,22.8,28.3,45.21666666666667,0.0,0.0,0.0,13.926666666666668,19.2,330.5827191371877,8.366666666666667,13.0,26.57,22.8,28.3,45.21666666666667,0.0,0.0,0.0,13.926666666666668,19.2,330.5827191371877,8.366666666666667,13.0,,,,,,,,,,,,,14.35722599482059
2025,23,Qatar Grand Prix,2025-11-30,losail,Losail International Circuit,max_verstappen,VER,Max Verstappen,red_bull,Red Bull,1,,1.0,1,25.0,57,Finished,5.0,1:23.498,,,VER,,,,,,6.0,,,6.0,6.0,1,True,RACE,CLOCKWISE,25.49,51.454167,5.419,16,4,ground_effect,2,sprint,,,,,,,,,,,,,1.0,2.333333333333333,2.0,25.0,19.6,6.9,20.8,1.3333333333333333,3,False,False,,,,,,,,,,,,,27.875,27.2,28.3,37.5,0.0,0.0,0.0,12.075,15.3,336.1665269156275,11.5,4.0,26.57,22.8,28.3,45.21666666666667,0.0,0.0,0.0,13.926666666666668,19.2,330.5827191371877,8.366666666666667,13.0,26.57,22.8,28.3,45.21666666666667,0.0,0.0,0.0,13.926666666666668,19.2,330.5827191371877,8.366666666666667,13.0,,,,,,,,,,,,,3.691637234723425
2025,23,Qatar Grand Prix,2025-11-30,losail,Losail International Circuit,hulkenberg,HUL,Nico Hülkenberg,sauber,Sauber,27,,20.0,R,0.0,6,Retired,20.0,1:28.139,,,HUL,,,,,,11.0,,,11.0,11.0,1,True,RACE,CLOCKWISE,25.49,51.454167,5.419,16,4,ground_effect,2,sprint,,,,,,,,,,,,,7.0,11.666666666666666,12.6,6.0,2.4,14.5,2.6,16.0,2,False,False,,,,,,,,,,,,,27.875,27.2,28.3,37.5,0.0,0.0,0.0,12.075,15.3,336.1665269156275,11.5,4.0,26.57,22.8,28.3,45.21666666666667,0.0,0.0,0.0,13.926666666666668,19.2,330.5827191371877,8.366666666666667,13.0,26.57,22.8,28.3,45.21666666666667,0.0,0.0,0.0,13.926666666666668,19.2,330.5827191371877,8.366666666666667,13.0,,,,,,,,,,,,,12.340325881411344
2025,23,Qatar Grand Prix,2025-11-30,losail,Losail International Circuit,bearman,BEA,Oliver Bearman,haas,Haas F1 Team,87,,19.0,R,0.0,41,Retired,15.0,1:24.930,,,BEA,,,,,,15.0,,,15.0,15.0,1,True,RACE,CLOCKWISE,25.49,51.454167,5.419,16,4,ground_effect,2,sprint,,,,,,,,,,,,,10.0,6.666666666666667,7.6,1.0,5.0,10.1,5.8,,0,False,False,,,,,,,,,,,,,27.875,27.2,28.3,37.5,0.0,0.0,0.0,12.075,15.3,336.1665269156275,11.5,4.0,26.57,22.8,28.3,45.21666666666667,0.0,0.0,0.0,13.926666666666668,19.2,330.5827191371877,8.366666666666667,13.0,26.57,22.8,28.3,45.21666666666667,0.0,0.0,0.0,13.926666666666668,19.2,330.5827191371877,8.366666666666667,13.0,,,,,,,,,,,,,11.657049959094646
2025,23,Qatar Grand Prix,2025-11-30,losail,Losail International Circuit,piastri,PIA,Oscar Piastri,mclaren,McLaren,81,,2.0,2,18.0,57,Finished,1.0,1:22.996,,,PIA,,,,,,1.0,,,1.0,1.0,1,True,RACE,CLOCKWISE,25.49,51.454167,5.419,16,4,ground_effect,2,sprint,,,,,,,,,,,,,20.0,10.0,7.8,0.0,8.4,6.5,25.0,2.5,2,False,False,,,,,,,,,,,,,27.875,27.2,28.3,37.5,0.0,0.0,0.0,12.075,15.3,336.1665269156275,11.5,4.0,26.57,22.8,28.3,45.21666666666667,0.0,0.0,0.0,13.926666666666668,19.2,330.5827191371877,8.366666666666667,13.0,26.57,22.8,28.3,45.21666666666667,0.0,0.0,0.0,13.926666666666668,19.2,330.5827191371877,8.366666666666667,13.0,,,,,,,,,,,,,6.270474276436611
2025,23,Qatar Grand Prix,2025-11-30,losail,Losail International Circuit,gasly,GAS,Pierre Gasly,alpine,Alpine F1 Team,10,,16.0,16,0.0,56,Lapped,18.0,1:25.376,,,GAS,,,,,,18.0,,,18.0,18.0,1,True,RACE,CLOCKWISE,25.49,51.454167,5.419,16,4,ground_effect,2,sprint,,,,,,,,,,,,,13.0,12.666666666666666,15.2,0.0,0.2,15.5,0.2,9.333333333333334,3,False,False,,,,,,,,,,,,,27.875,27.2,28.3,37.5,0.0,0.0,0.0,12.075,15.3,336.1665269156275,11.5,4.0,26.57,22.8,28.3,45.21666666666667,0.0,0.0,0.0,13.926666666666668,19.2,330.5827191371877,8.366666666666667,13.0,26.57,22.8,28.3,45.21666666666667,0.0,0.0,0.0,13.926666666666668,19.2,330.5827191371877,8.366666666666667,13.0,,,,,,,,,,,,,13.697425332289896
2025,23,Qatar Grand Prix,2025-11-30,losail,Losail International Circuit,tsunoda,TSU,Yuki Tsunoda,red_bull,Red Bull,22,,10.0,10,1.0,57,Finished,10.0,1:24.139,,,TSU,,,,,,13.0,,,13.0,13.0,1,True,RACE,CLOCKWISE,25.49,51.454167,5.419,16,4,ground_effect,2,sprint,,,,,,,,,,,,,12.0,13.333333333333334,11.8,0.0,1.2,6.9,20.8,13.666666666666666,3,False,False,,,,,,,,,,,,,27.875,27.2,28.3,37.5,0.0,0.0,0.0,12.075,15.3,336.1665269156275,11.5,4.0,26.57,22.8,28.3,45.21666666666667,0.0,0.0,0.0,13.926666666666668,19.2,330.5827191371877,8.366666666666667,13.0,26.57,22.8,28.3,45.21666666666667,0.0,0.0,0.0,13.926666666666668,19.2,330.5827191371877,8.366666666666667,13.0,,,,,,,,,,,,,10.073537945914168
2025,24,Abu Dhabi Grand Prix,2025-12-07,yas_marina,Yas Marina Circuit,albon,ALB,Alexander Albon,williams,Williams,23,,16.0,16,0.0,58,Finished,12.0,1:28.367,,,ALB,,,,,,,15.0,10.0,12.5,10.0,2,True,RACE,ANTI_CLOCKWISE,24.467222,54.603056,5.281,16,17,ground_effect,2,normal,,,,,,,,,,,,,11.0,12.666666666666666,12.8,0.0,0.0,12.2,5.0,9.6,5,False,False,,,,,,,,,,,,,23.425,20.2,26.3,65.5,0.0,0.0,0.0,5.625,6.7,190.77966998717125,99.75,4.0,25.292500000000004,20.2,28.1,55.05,0.0,0.0,0.0,7.1625,13.8,220.9576973648994,94.775,9.0,25.245000000000005,20.2,28.1,53.03333333333333,0.0,0.0,0.0,5.9750000000000005,13.8,229.95626974344472,64.01666666666667,13.0,,,,,,,,,,,,,12.413155748161989
2025,24,Abu Dhabi Grand Prix,2025-12-07,yas_marina,Yas Marina Circuit,antonelli,ANT,Andrea Kimi Antonelli,mercedes,Mercedes,12,,15.0,15,0.0,58,Finished,9.0,1:28.029,,,ANT,,,,,,4.0,10.0,9.0,7.666666666666667,4.0,3,True,RACE,ANTI_CLOCKWISE,24.467222,54.603056,5.281,16,17,ground_effect,2,normal,,,,,,,,,,,,,5.0,3.333333333333333,5.8,10.0,10.2,5.4,20.6,,0,False,False,,,,,,,,,,,,,23.425,20.2,26.3,65.5,0.0,0.0,0.0,5.625,6.7,190.77966998717125,99.75,4.0,25.292500000000004,20.2,28.1,55.05,0.0,0.0,0.0,7.1625,13.8,220.9576973648994,94.775,9.0,25.245000000000005,20.2,28.1,53.03333333333333,0.0,0.0,0.0,5.9750000000000005,13.8,229.95626974344472,64.01666666666667,13.0,,,,,,,,,,,,,5.609424783205424
2025,24,Abu Dhabi Grand Prix,2025-12-07,yas_marina,Yas Marina Circuit,sainz,SAI,Carlos Sainz,williams,Williams,55,,13.0,13,0.0,58,Finished,18.0,1:29.052,,,SAI,,,,,,9.0,13.0,12.0,11.333333333333334,9.0,3,True,RACE,ANTI_CLOCKWISE,24.467222,54.603056,5.281,16,17,ground_effect,2,normal,,,,,,,,,,,,,3.0,7.0,11.6,15.0,5.0,12.2,5.0,9.7,10,False,False,,,,,,,,,,,,,23.425,20.2,26.3,65.5,0.0,0.0,0.0,5.625,6.7,190.77966998717125,99.75,4.0,25.292500000000004,20.2,28.1,55.05,0.0,0.0,0.0,7.1625,13.8,220.9576973648994,94.775,9.0,25.245000000000005,20.2,28.1,53.03333333333333,0.0,0.0,0.0,5.9750000000000005,13.8,229.95626974344472,64.01666666666667,13.0,,,,,,,,,,,,,10.470686407129552
2025,24,Abu Dhabi Grand Prix,2025-12-07,yas_marina,Yas Marina Circuit,leclerc,LEC,Charles Leclerc,ferrari,Ferrari,16,,4.0,4,12.0,58,Finished,1.0,1:26.725,,,LEC,,,,,,3.0,8.0,8.0,6.333333333333333,3.0,3,True,RACE,ANTI_CLOCKWISE,24.467222,54.603056,5.281,16,17,ground_effect,2,normal,,,,,,,,,,,,,8.0,10.333333333333334,7.2,4.0,9.8,8.6,13.8,5.714285714285714,7,False,False,,,,,,,,,,,,,23.425,20.2,26.3,65.5,0.0,0.0,0.0,5.625,6.7,190.77966998717125,99.75,4.0,25.292500000000004,20.2,28.1,55.05,0.0,0.0,0.0,7.1625,13.8,220.9576973648994,94.775,9.0,25.245000000000005,20.2,28.1,53.03333333333333,0.0,0.0,0.0,5.9750000000000005,13.8,229.95626974344472,64.01666666666667,13.0,,,,,,,,,,,,,5.963639131000008
2025,24,Abu Dhabi Grand Prix,2025-12-07,yas_marina,Yas Marina Circuit,ocon,OCO,Esteban Ocon,haas,Haas F1 Team,31,,7.0,7,6.0,58,Finished,15.0,1:28.655,,,OCO,,,,,,,16.0,6.0,11.0,6.0,2,True,RACE,ANTI_CLOCKWISE,24.467222,54.603056,5.281,16,17,ground_effect,2,normal,,,,,,,,,,,,,15.0,12.0,12.0,0.0,0.8,10.8,5.4,10.714285714285714,7,False,False,,,,,,,,,,,,,23.425,20.2,26.3,65.5,0.0,0.0,0.0,5.625,6.7,190.77966998717125,99.75,4.0,25.292500000000004,20.2,28.1,55.05,0.0,0.0,0.0,7.1625,13.8,220.9576973648994,94.775,9.0,25.245000000000005,20.2,28.1,53.03333333333333,0.0,0.0,0.0,5.9750000000000005,13.8,229.95626974344472,64.01666666666667,13.0,,,,,,,,,,,,,12.030352520566113
2025,24,Abu Dhabi Grand Prix,2025-12-07,yas_marina,Yas Marina Circuit,alonso,ALO,Fernando Alonso,aston_martin,Aston Martin,14,,6.0,6,8.0,58,Finished,11.0,1:28.279,,,ALO,,,,,,,9.0,4.0,6.5,4.0,2,True,RACE,ANTI_CLOCKWISE,24.467222,54.603056,5.281,16,17,ground_effect,2,normal,,,,,,,,,,,,,7.0,10.666666666666666,12.0,6.0,1.4,13.7,1.4,11.11111111111111,9,False,False,,,,,,,,,,,,,23.425,20.2,26.3,65.5,0.0,0.0,0.0,5.625,6.7,190.77966998717125,99.75,4.0,25.292500000000004,20.2,28.1,55.05,0.0,0.0,0.0,7.1625,13.8,220.9576973648994,94.775,9.0,25.245000000000005,20.2,28.1,53.03333333333333,0.0,0.0,0.0,5.9750000000000005,13.8,229.95626974344472,64.01666666666667,13.0,,,,,,,,,,,,,11.194517097636558
2025,24,Abu Dhabi Grand Prix,2025-12-07,yas_marina,Yas Marina Circuit,colapinto,COL,Franco Colapinto,alpine,Alpine F1 Team,43,,20.0,20,0.0,57,Lapped,7.0,1:27.710,,,COL,,,,,,10.0,19.0,19.0,16.0,10.0,3,True,RACE,ANTI_CLOCKWISE,24.467222,54.603056,5.281,16,17,ground_effect,2,normal,,,,,,,,,,,,,14.0,14.666666666666666,15.4,0.0,0.0,15.0,0.2,19.0,1,False,False,,,,,,,,,,,,,23.425,20.2,26.3,65.5,0.0,0.0,0.0,5.625,6.7,190.77966998717125,99.75,4.0,25.292500000000004,20.2,28.1,55.05,0.0,0.0,0.0,7.1625,13.8,220.9576973648994,94.775,9.0,25.245000000000005,20.2,28.1,53.03333333333333,0.0,0.0,0.0,5.9750000000000005,13.8,229.95626974344472,64.01666666666667,13.0,,,,,,,,,,,,,15.132817362962921
2025,24,Abu Dhabi Grand Prix,2025-12-07,yas_marina,Yas Marina Circuit,bortoleto,BOR,Gabriel Bortoleto,sauber,Sauber,5,,11.0,11,0.0,58,Finished,19.0,1:29.114,,,BOR,,,,,,7.0,6.0,11.0,8.0,6.0,3,True,RACE,ANTI_CLOCKWISE,24.467222,54.603056,5.281,16,17,ground_effect,2,normal,,,,,,,,,,,,,13.0,16.666666666666668,15.6,0.0,0.2,14.1,2.6,,0,False,False,,,,,,,,,,,,,23.425,20.2,26.3,65.5,0.0,0.0,0.0,5.625,6.7,190.77966998717125,99.75,4.0,25.292500000000004,20.2,28.1,55.05,0.0,0.0,0.0,7.1625,13.8,220.9576973648994,94.775,9.0,25.245000000000005,20.2,28.1,53.03333333333333,0.0,0.0,0.0,5.9750000000000005,13.8,229.95626974344472,64.01666666666667,13.0,,,,,,,,,,,,,11.692458078002335
2025,24,Abu Dhabi Grand Prix,2025-12-07,yas_marina,Yas Marina Circuit,russell,RUS,George Russell,mercedes,Mercedes,63,,5.0,5,10.0,58,Finished,14.0,1:28.599,,,RUS,,,,,,6.0,3.0,1.0,3.333333333333333,1.0,3,True,RACE,ANTI_CLOCKWISE,24.467222,54.603056,5.281,16,17,ground_effect,2,normal,,,,,,,,,,,,,6.0,4.0,5.0,8.0,10.4,5.4,20.6,10.5,6,False,False,,,,,,,,,,,,,23.425,20.2,26.3,65.5,0.0,0.0,0.0,5.625,6.7,190.77966998717125,99.75,4.0,25.292500000000004,20.2,28.1,55.05,0.0,0.0,0.0,7.1625,13.8,220.9576973648994,94.775,9.0,25.245000000000005,20.2,28.1,53.03333333333333,0.0,0.0,0.0,5.9750000000000005,13.8,229.95626974344472,64.01666666666667,13.0,,,,,,,,,,,,,4.004636913387718
2025,24,Abu Dhabi Grand Prix,2025-12-07,yas_marina,Yas Marina Circuit,hadjar,HAD,Isack Hadjar,rb,RB F1 Team,6,,17.0,17,0.0,57,Lapped,20.0,1:29.375,,,HAD,,,,,,12.0,7.0,16.0,11.666666666666666,7.0,3,True,RACE,ANTI_CLOCKWISE,24.467222,54.603056,5.281,16,17,ground_effect,2,normal,,,,,,,,,,,,,18.0,10.666666666666666,12.2,0.0,2.4,12.2,4.0,,0,False,False,,,,,,,,,,,,,23.425,20.2,26.3,65.5,0.0,0.0,0.0,5.625,6.7,190.77966998717125,99.75,4.0,25.292500000000004,20.2,28.1,55.05,0.0,0.0,0.0,7.1625,13.8,220.9576973648994,94.775,9.0,25.245000000000005,20.2,28.1,53.03333333333333,0.0,0.0,0.0,5.9750000000000005,13.8,229.95626974344472,64.01666666666667,13.0,,,,,,,,,,,,,11.881681595908267
2025,24,Abu Dhabi Grand Prix,2025-12-07,yas_marina,Yas Marina Circuit,stroll,STR,Lance Stroll,aston_martin,Aston Martin,18,,10.0,10,1.0,58,Finished,6.0,1:27.626,,,STR,,,,,,,12.0,14.0,13.0,12.0,2,True,RACE,ANTI_CLOCKWISE,24.467222,54.603056,5.281,16,17,ground_effect,2,normal,,,,,,,,,,,,,17.0,17.0,15.4,0.0,0.0,13.7,1.4,13.25,8,False,False,,,,,,,,,,,,,23.425,20.2,26.3,65.5,0.0,0.0,0.0,5.625,6.7,190.77966998717125,99.75,4.0,25.292500000000004,20.2,28.1,55.05,0.0,0.0,0.0,7.1625,13.8,220.9576973648994,94.775,9.0,25.245000000000005,20.2,28.1,53.03333333333333,0.0,0.0,0.0,5.9750000000000005,13.8,229.95626974344472,64.01666666666667,13.0,,,,,,,,,,,,,13.410734665279405
2025,24,Abu Dhabi Grand Prix,2025-12-07,yas_marina,Yas Marina Circuit,norris,NOR,Lando Norris,mclaren,McLaren,4,,3.0,3,15.0,58,Finished,3.0,1:26.818,,,NOR,,,,,,1.0,1.0,2.0,1.3333333333333333,1.0,3,True,RACE,ANTI_CLOCKWISE,24.467222,54.603056,5.281,16,17,ground_effect,2,normal,,,,,,,,,,,,,4.0,8.0,5.4,12.0,16.0,6.4,25.6,5.333333333333333,6,False,False,,,,,,,,,,,,,23.425,20.2,26.3,65.5,0.0,0.0,0.0,5.625,6.7,190.77966998717125,99.75,4.0,25.292500000000004,20.2,28.1,55.05,0.0,0.0,0.0,7.1625,13.8,220.9576973648994,94.775,9.0,25.245000000000005,20.2,28.1,53.03333333333333,0.0,0.0,0.0,5.9750000000000005,13.8,229.95626974344472,64.01666666666667,13.0,,,,,,,,,,,,,2.4029813762565335
2025,24,Abu Dhabi Grand Prix,2025-12-07,yas_marina,Yas Marina Circuit,hamilton,HAM,Lewis Hamilton,ferrari,Ferrari,44,,8.0,8,4.0,58,Finished,10.0,1:28.094,,,HAM,,,,,,,14.0,18.0,16.0,14.0,2,True,RACE,ANTI_CLOCKWISE,24.467222,54.603056,5.281,16,17,ground_effect,2,normal,,,,,,,,,,,,,12.0,12.666666666666666,10.0,0.0,4.0,8.6,13.8,4.0,11,False,False,,,,,,,,,,,,,23.425,20.2,26.3,65.5,0.0,0.0,0.0,5.625,6.7,190.77966998717125,99.75,4.0,25.292500000000004,20.2,28.1,55.05,0.0,0.0,0.0,7.1625,13.8,220.9576973648994,94.775,9.0,25.245000000000005,20.2,28.1,53.03333333333333,0.0,0.0,0.0,5.9750000000000005,13.8,229.95626974344472,64.01666666666667,13.0,,,,,,,,,,,,,11.020677295360962
2025,24,Abu Dhabi Grand Prix,2025-12-07,yas_marina,Yas Marina Circuit,lawson,LAW,Liam Lawson,rb,RB F1 Team,30,,18.0,18,0.0,57,Lapped,16.0,1:28.886,,,LAW,,,,,,,18.0,15.0,16.5,15.0,2,True,RACE,ANTI_CLOCKWISE,24.467222,54.603056,5.281,16,17,ground_effect,2,normal,,,,,,,,,,,,,9.0,10.0,12.2,2.0,1.6,12.2,4.0,17.0,1,False,False,,,,,,,,,,,,,23.425,20.2,26.3,65.5,0.0,0.0,0.0,5.625,6.7,190.77966998717125,99.75,4.0,25.292500000000004,20.2,28.1,55.05,0.0,0.0,0.0,7.1625,13.8,220.9576973648994,94.775,9.0,25.245000000000005,20.2,28.1,53.03333333333333,0.0,0.0,0.0,5.9750000000000005,13.8,229.95626974344472,64.01666666666667,13.0,,,,,,,,,,,,,13.130502463004216
2025,24,Abu Dhabi Grand Prix,2025-12-07,yas_marina,Yas Marina Circuit,max_verstappen,VER,Max Verstappen,red_bull,Red Bull,1,,1.0,1,25.0,58,Finished,5.0,1:27.625,,,VER,,,,,,2.0,2.0,3.0,2.333333333333333,2.0,3,True,RACE,ANTI_CLOCKWISE,24.467222,54.603056,5.281,16,17,ground_effect,2,normal,,,,,,,,,,,,,1.0,1.6666666666666667,1.8,25.0,21.0,6.6,22.4,4.0,10,False,False,,,,,,,,,,,,,23.425,20.2,26.3,65.5,0.0,0.0,0.0,5.625,6.7,190.77966998717125,99.75,4.0,25.292500000000004,20.2,28.1,55.05,0.0,0.0,0.0,7.1625,13.8,220.9576973648994,94.775,9.0,25.245000000000005,20.2,28.1,53.03333333333333,0.0,0.0,0.0,5.9750000000000005,13.8,229.95626974344472,64.01666666666667,13.0,,,,,,,,,,,,,2.2592317373567012
2025,24,Abu Dhabi Grand Prix,2025-12-07,yas_marina,Yas Marina Circuit,hulkenberg,HUL,Nico Hülkenberg,sauber,Sauber,27,,9.0,9,2.0,58,Finished,4.0,1:27.050,,,HUL,,,,,,5.0,5.0,13.0,7.666666666666667,5.0,3,True,RACE,ANTI_CLOCKWISE,24.467222,54.603056,5.281,16,17,ground_effect,2,normal,,,,,,,,,,,,,20.0,12.0,12.6,0.0,2.4,14.1,2.6,10.125,8,False,False,,,,,,,,,,,,,23.425,20.2,26.3,65.5,0.0,0.0,0.0,5.625,6.7,190.77966998717125,99.75,4.0,25.292500000000004,20.2,28.1,55.05,0.0,0.0,0.0,7.1625,13.8,220.9576973648994,94.775,9.0,25.245000000000005,20.2,28.1,53.03333333333333,0.0,0.0,0.0,5.9750000000000005,13.8,229.95626974344472,64.01666666666667,13.0,,,,,,,,,,,,,11.282036211488649
2025,24,Abu Dhabi Grand Prix,2025-12-07,yas_marina,Yas Marina Circuit,bearman,BEA,Oliver Bearman,haas,Haas F1 Team,87,,12.0,12,0.0,58,Finished,17.0,1:28.976,,,BEA,,,,,,8.0,4.0,7.0,6.333333333333333,4.0,3,True,RACE,ANTI_CLOCKWISE,24.467222,54.603056,5.281,16,17,ground_effect,2,normal,,,,,,,,,,,,,19.0,11.666666666666666,9.6,0.0,4.6,10.8,5.4,,0,False,False,,,,,,,,,,,,,23.425,20.2,26.3,65.5,0.0,0.0,0.0,5.625,6.7,190.77966998717125,99.75,4.0,25.292500000000004,20.2,28.1,55.05,0.0,0.0,0.0,7.1625,13.8,220.9576973648994,94.775,9.0,25.245000000000005,20.2,28.1,53.03333333333333,0.0,0.0,0.0,5.9750000000000005,13.8,229.95626974344472,64.01666666666667,13.0,,,,,,,,,,,,,8.99951623006543
2025,24,Abu Dhabi Grand Prix,2025-12-07,yas_marina,Yas Marina Circuit,piastri,PIA,Oscar Piastri,mclaren,McLaren,81,,2.0,2,18.0,58,Finished,2.0,1:26.765,,,PIA,,,,,,,11.0,5.0,8.0,5.0,2,True,RACE,ANTI_CLOCKWISE,24.467222,54.603056,5.281,16,17,ground_effect,2,normal,,,,,,,,,,,,,2.0,9.0,7.4,18.0,9.6,6.4,25.6,8.0,2,False,False,,,,,,,,,,,,,23.425,20.2,26.3,65.5,0.0,0.0,0.0,5.625,6.7,190.77966998717125,99.75,4.0,25.292500000000004,20.2,28.1,55.05,0.0,0.0,0.0,7.1625,13.8,220.9576973648994,94.775,9.0,25.245000000000005,20.2,28.1,53.03333333333333,0.0,0.0,0.0,5.9750000000000005,13.8,229.95626974344472,64.01666666666667,13.0,,,,,,,,,,,,,6.619292370604818
2025,24,Abu Dhabi Grand Prix,2025-12-07,yas_marina,Yas Marina Circuit,gasly,GAS,Pierre Gasly,alpine,Alpine F1 Team,10,,19.0,19,0.0,57,Lapped,8.0,1:27.767,,,GAS,,,,,,,20.0,17.0,18.5,17.0,2,True,RACE,ANTI_CLOCKWISE,24.467222,54.603056,5.281,16,17,ground_effect,2,normal,,,,,,,,,,,,,16.0,13.0,14.6,0.0,0.2,15.0,0.2,12.125,8,False,False,,,,,,,,,,,,,23.425,20.2,26.3,65.5,0.0,0.0,0.0,5.625,6.7,190.77966998717125,99.75,4.0,25.292500000000004,20.2,28.1,55.05,0.0,0.0,0.0,7.1625,13.8,220.9576973648994,94.775,9.0,25.245000000000005,20.2,28.1,53.03333333333333,0.0,0.0,0.0,5.9750000000000005,13.8,229.95626974344472,64.01666666666667,13.0,,,,,,,,,,,,,15.32304925738447
2025,24,Abu Dhabi Grand Prix,2025-12-07,yas_marina,Yas Marina Circuit,tsunoda,TSU,Yuki Tsunoda,red_bull,Red Bull,22,,14.0,14,0.0,58,Finished,13.0,1:28.557,,,TSU,,,,,,,17.0,20.0,18.5,17.0,2,True,RACE,ANTI_CLOCKWISE,24.467222,54.603056,5.281,16,17,ground_effect,2,normal,,,,,,,,,,,,,10.0,13.0,11.4,1.0,1.4,6.6,22.4,8.75,4,False,False,,,,,,,,,,,,,23.425,20.2,26.3,65.5,0.0,0.0,0.0,5.625,6.7,190.77966998717125,99.75,4.0,25.292500000000004,20.2,28.1,55.05,0.0,0.0,0.0,7.1625,13.8,220.9576973648994,94.775,9.0,25.245000000000005,20.2,28.1,53.03333333333333,0.0,0.0,0.0,5.9750000000000005,13.8,229.95626974344472,64.01666666666667,13.0,,,,,,,,,,,,,9.874864511889053
