season,round,race_name,race_date,circuit_id,circuit_name,driver_id,driver_code,driver_name,team_id,team_name,number,grid_position,finish_position,position_text,points,laps,status,fastest_lap_rank,fastest_lap_time,fastest_lap_speed,fastest_lap_speed_unit,driver_key,qualifying_position,q1,q2,q3,qualifying_available,fp1_position,fp2_position,fp3_position,practice_avg_position,practice_best_position,practice_sessions_available,practice_available,circuit_type,circuit_direction,circuit_latitude,circuit_longitude,circuit_length_km,circuit_turns,circuit_total_races_held,regulation_era,regulation_era_code,weekend_format,sprint_qualifying_position,sprint_qualifying_q1_ms,sprint_qualifying_q2_ms,sprint_qualifying_q3_ms,sprint_qualifying_gap_ms,sprint_qualifying_laps,sprint_finish_position,sprint_grid_position,sprint_positions_gained,sprint_points,sprint_laps,sprint_pit_stops,driver_previous_finish,driver_avg_finish_last_3,driver_avg_finish_last_5,driver_previous_points,driver_avg_points_last_5,team_avg_finish_last_5,team_avg_points_last_5,driver_circuit_avg_finish,driver_circuit_races,sprint_qualifying_available,sprint_race_available,weather_pre_practice_temperature_avg,weather_pre_practice_temperature_min,weather_pre_practice_temperature_max,weather_pre_practice_humidity_avg,weather_pre_practice_precipitation_total,weather_pre_practice_rain_hours,weather_pre_practice_rain_flag,weather_pre_practice_wind_speed_avg,weather_pre_practice_wind_speed_max,weather_pre_practice_wind_direction_avg,weather_pre_practice_cloud_cover_avg,weather_pre_practice_weather_observations,weather_fp1_temperature_avg,weather_fp1_temperature_min,weather_fp1_temperature_max,weather_fp1_humidity_avg,weather_fp1_precipitation_total,weather_fp1_rain_hours,weather_fp1_rain_flag,weather_fp1_wind_speed_avg,weather_fp1_wind_speed_max,weather_fp1_wind_direction_avg,weather_fp1_cloud_cover_avg,weather_fp1_weather_observations,weather_fp2_temperature_avg,weather_fp2_temperature_min,weather_fp2_temperature_max,weather_fp2_humidity_avg,weather_fp2_precipitation_total,weather_fp2_rain_hours,weather_fp2_rain_flag,weather_fp2_wind_speed_avg,weather_fp2_wind_speed_max,weather_fp2_wind_direction_avg,weather_fp2_cloud_cover_avg,weather_fp2_weather_observations,weather_fp3_temperature_avg,weather_fp3_temperature_min,weather_fp3_temperature_max,weather_fp3_humidity_avg,weather_fp3_precipitation_total,weather_fp3_rain_hours,weather_fp3_rain_flag,weather_fp3_wind_speed_avg,weather_fp3_wind_speed_max,weather_fp3_wind_direction_avg,weather_fp3_cloud_cover_avg,weather_fp3_weather_observations,weather_qualifying_temperature_avg,weather_qualifying_temperature_min,weather_qualifying_temperature_max,weather_qualifying_humidity_avg,weather_qualifying_precipitation_total,weather_qualifying_rain_hours,weather_qualifying_rain_flag,weather_qualifying_wind_speed_avg,weather_qualifying_wind_speed_max,weather_qualifying_wind_direction_avg,weather_qualifying_cloud_cover_avg,weather_qualifying_weather_observations,predicted_finish
2025,1,Australian Grand Prix,2025-03-16,albert_park,Albert Park Grand Prix Circuit,albon,ALB,Alexander Albon,williams,Williams,23,,5.0,5,10.0,57,Finished,8.0,1:24.597,,,ALB,,,,,,,,,,,,,STREET,CLOCKWISE,-37.849722,144.968333,5.278,14,29,ground_effect,2,normal,,,,,,,,,,,,,11.0,15.0,16.4,0.0,0.0,16.3,0.0,13.5,4,False,False,,,,,,,,,,,,,,,,,,,,,,,,,,,,,,,,,,,,,,,,,,,,,,,,,,,,,,,,,,,,,13.966790227466635
2025,1,Australian Grand Prix,2025-03-16,albert_park,Albert Park Grand Prix Circuit,antonelli,ANT,Andrea Kimi Antonelli,mercedes,Mercedes,12,,4.0,4,12.0,57,Finished,9.0,1:24.901,,,ANT,,,,,,,,,,,,,STREET,CLOCKWISE,-37.849722,144.968333,5.278,14,29,ground_effect,2,normal,,,,,,,,,,,,,,,,,,5.1,22.4,,0,False,False,,,,,,,,,,,,,,,,,,,,,,,,,,,,,,,,,,,,,,,,,,,,,,,,,,,,,,,,,,,,,8.531777508802804
2025,1,Australian Grand Prix,2025-03-16,albert_park,Albert Park Grand Prix Circuit,sainz,SAI,Carlos Sainz,williams,Williams,55,,18.0,R,0.0,0,Retired,,,,,SAI,,,,,,,,,,,,,STREET,CLOCKWISE,-37.849722,144.968333,5.278,14,29,ground_effect,2,normal,,,,,,,,,,,,,2.0,3.6666666666666665,5.6,18.0,13.2,16.3,0.0,11.125,8,False,False,,,,,,,,,,,,,,,,,,,,,,,,,,,,,,,,,,,,,,,,,,,,,,,,,,,,,,,,,,,,,10.101438273066888
2025,1,Australian Grand Prix,2025-03-16,albert_park,Albert Park Grand Prix Circuit,leclerc,LEC,Charles Leclerc,ferrari,Ferrari,16,,8.0,8,4.0,57,Finished,13.0,1:25.271,,,LEC,,,,,,,,,,,,,STREET,CLOCKWISE,-37.849722,144.968333,5.278,14,29,ground_effect,2,normal,,,,,,,,,,,,,3.0,3.0,3.4,15.0,14.2,4.5,27.4,8.2,5,False,False,,,,,,,,,,,,,,,,,,,,,,,,,,,,,,,,,,,,,,,,,,,,,,,,,,,,,,,,,,,,,5.62499609317293
2025,1,Australian Grand Prix,2025-03-16,albert_park,Albert Park Grand Prix Circuit,ocon,OCO,Esteban Ocon,haas,Haas F1 Team,31,,13.0,13,0.0,57,Finished,15.0,1:26.764,,,OCO,,,,,,,,,,,,,STREET,CLOCKWISE,-37.849722,144.968333,5.278,14,29,ground_effect,2,normal,,,,,,,,,,,,,20.0,13.0,14.0,0.0,3.6,11.7,3.6,11.8,5,False,False,,,,,,,,,,,,,,,,,,,,,,,,,,,,,,,,,,,,,,,,,,,,,,,,,,,,,,,,,,,,,12.03103823220371
2025,1,Australian Grand Prix,2025-03-16,albert_park,Albert Park Grand Prix Circuit,alonso,ALO,Fernando Alonso,aston_martin,Aston Martin,14,,17.0,R,0.0,32,Retired,17.0,1:28.819,,,ALO,,,,,,,,,,,,,STREET,CLOCKWISE,-37.849722,144.968333,5.278,14,29,ground_effect,2,normal,,,,,,,,,,,,,9.0,9.0,11.8,2.0,1.6,13.6,1.6,10.285714285714286,7,False,False,,,,,,,,,,,,,,,,,,,,,,,,,,,,,,,,,,,,,,,,,,,,,,,,,,,,,,,,,,,,,11.184292101918457
2025,1,Australian Grand Prix,2025-03-16,albert_park,Albert Park Grand Prix Circuit,bortoleto,BOR,Gabriel Bortoleto,sauber,Sauber,5,,16.0,R,0.0,45,Retired,5.0,1:24.192,,,BOR,,,,,,,,,,,,,STREET,CLOCKWISE,-37.849722,144.968333,5.278,14,29,ground_effect,2,normal,,,,,,,,,,,,,,,,,,13.8,0.8,,0,False,False,,,,,,,,,,,,,,,,,,,,,,,,,,,,,,,,,,,,,,,,,,,,,,,,,,,,,,,,,,,,,12.670957309231289
2025,1,Australian Grand Prix,2025-03-16,albert_park,Albert Park Grand Prix Circuit,russell,RUS,George Russell,mercedes,Mercedes,63,,3.0,3,15.0,57,Finished,11.0,1:25.065,,,RUS,,,,,,,,,,,,,STREET,CLOCKWISE,-37.849722,144.968333,5.278,14,29,ground_effect,2,normal,,,,,,,,,,,,,5.0,3.333333333333333,3.8,10.0,13.8,5.1,22.4,13.5,4,False,False,,,,,,,,,,,,,,,,,,,,,,,,,,,,,,,,,,,,,,,,,,,,,,,,,,,,,,,,,,,,,7.541034190921682
2025,1,Australian Grand Prix,2025-03-16,albert_park,Albert Park Grand Prix Circuit,hadjar,HAD,Isack Hadjar,rb,RB F1 Team,6,,20.0,R,0.0,0,Retired,,,,,HAD,,,,,,,,,,,,,STREET,CLOCKWISE,-37.849722,144.968333,5.278,14,29,ground_effect,2,normal,,,,,,,,,,,,,,,,,,13.3,2.0,,0,False,False,,,,,,,,,,,,,,,,,,,,,,,,,,,,,,,,,,,,,,,,,,,,,,,,,,,,,,,,,,,,,13.049244289173851
2025,1,Australian Grand Prix,2025-03-16,albert_park,Albert Park Grand Prix Circuit,doohan,DOO,Jack Doohan,alpine,Alpine F1 Team,7,,19.0,R,0.0,0,Retired,,,,,DOO,,,,,,,,,,,,,STREET,CLOCKWISE,-37.849722,144.968333,5.278,14,29,ground_effect,2,normal,,,,,,,,,,,,,15.0,15.0,15.0,0.0,0.0,11.2,10.0,,0,False,False,,,,,,,,,,,,,,,,,,,,,,,,,,,,,,,,,,,,,,,,,,,,,,,,,,,,,,,,,,,,,11.204520490462317
2025,1,Australian Grand Prix,2025-03-16,albert_park,Albert Park Grand Prix Circuit,stroll,STR,Lance Stroll,aston_martin,Aston Martin,18,,6.0,6,8.0,57,Finished,14.0,1:25.538,,,STR,,,,,,,,,,,,,STREET,CLOCKWISE,-37.849722,144.968333,5.278,14,29,ground_effect,2,normal,,,,,,,,,,,,,14.0,15.666666666666666,15.4,0.0,0.0,13.6,1.6,10.166666666666666,6,False,False,,,,,,,,,,,,,,,,,,,,,,,,,,,,,,,,,,,,,,,,,,,,,,,,,,,,,,,,,,,,,13.597699033920577
2025,1,Australian Grand Prix,2025-03-16,albert_park,Albert Park Grand Prix Circuit,norris,NOR,Lando Norris,mclaren,McLaren,4,,1.0,1,25.0,57,Finished,1.0,1:22.167,,,NOR,,,,,,,,,,,,,STREET,CLOCKWISE,-37.849722,144.968333,5.278,14,29,ground_effect,2,normal,,,,,,,,,,,,,1.0,5.666666666666667,5.0,25.0,12.4,6.1,18.4,6.5,4,False,False,,,,,,,,,,,,,,,,,,,,,,,,,,,,,,,,,,,,,,,,,,,,,,,,,,,,,,,,,,,,,6.338996762129163
2025,1,Australian Grand Prix,2025-03-16,albert_park,Albert Park Grand Prix Circuit,hamilton,HAM,Lewis Hamilton,ferrari,Ferrari,44,,10.0,10,1.0,57,Finished,7.0,1:24.218,,,HAM,,,,,,,,,,,,,STREET,CLOCKWISE,-37.849722,144.968333,5.278,14,29,ground_effect,2,normal,,,,,,,,,,,,,4.0,6.0,6.4,12.0,8.6,4.5,27.4,5.777777777777778,9,False,False,,,,,,,,,,,,,,,,,,,,,,,,,,,,,,,,,,,,,,,,,,,,,,,,,,,,,,,,,,,,,6.184394894356321
2025,1,Australian Grand Prix,2025-03-16,albert_park,Albert Park Grand Prix Circuit,lawson,LAW,Liam Lawson,red_bull,Red Bull,30,,15.0,R,0.0,46,Retired,2.0,1:22.970,,,LAW,,,,,,,,,,,,,STREET,CLOCKWISE,-37.849722,144.968333,5.278,14,29,ground_effect,2,normal,,,,,,,,,,,,,17.0,15.666666666666666,14.4,0.0,0.4,9.4,15.6,,0,False,False,,,,,,,,,,,,,,,,,,,,,,,,,,,,,,,,,,,,,,,,,,,,,,,,,,,,,,,,,,,,,10.70369540568605
2025,1,Australian Grand Prix,2025-03-16,albert_park,Albert Park Grand Prix Circuit,max_verstappen,VER,Max Verstappen,red_bull,Red Bull,1,,2.0,2,18.0,57,Finished,3.0,1:23.081,,,VER,,,,,,,,,,,,,STREET,CLOCKWISE,-37.849722,144.968333,5.278,14,29,ground_effect,2,normal,,,,,,,,,,,,,6.0,4.0,3.8,8.0,15.4,9.4,15.6,9.375,8,False,False,,,,,,,,,,,,,,,,,,,,,,,,,,,,,,,,,,,,,,,,,,,,,,,,,,,,,,,,,,,,,6.606538019196993
2025,1,Australian Grand Prix,2025-03-16,albert_park,Albert Park Grand Prix Circuit,hulkenberg,HUL,Nico Hülkenberg,sauber,Sauber,27,,7.0,7,6.0,57,Finished,12.0,1:25.243,,,HUL,,,,,,,,,,,,,STREET,CLOCKWISE,-37.849722,144.968333,5.278,14,29,ground_effect,2,normal,,,,,,,,,,,,,8.0,10.666666666666666,12.2,4.0,2.0,13.8,0.8,7.625,8,False,False,,,,,,,,,,,,,,,,,,,,,,,,,,,,,,,,,,,,,,,,,,,,,,,,,,,,,,,,,,,,,12.26246413069874
2025,1,Australian Grand Prix,2025-03-16,albert_park,Albert Park Grand Prix Circuit,bearman,BEA,Oliver Bearman,haas,Haas F1 Team,87,,14.0,14,0.0,57,Finished,16.0,1:27.603,,,BEA,,,,,,,,,,,,,STREET,CLOCKWISE,-37.849722,144.968333,5.278,14,29,ground_effect,2,normal,,,,,,,,,,,,,12.0,9.666666666666666,9.666666666666666,0.0,2.333333333333333,11.7,3.6,,0,False,False,,,,,,,,,,,,,,,,,,,,,,,,,,,,,,,,,,,,,,,,,,,,,,,,,,,,,,,,,,,,,13.151861873295449
2025,1,Australian Grand Prix,2025-03-16,albert_park,Albert Park Grand Prix Circuit,piastri,PIA,Oscar Piastri,mclaren,McLaren,81,,9.0,9,2.0,57,Finished,4.0,1:23.242,,,PIA,,,,,,,,,,,,,STREET,CLOCKWISE,-37.849722,144.968333,5.278,14,29,ground_effect,2,normal,,,,,,,,,,,,,10.0,6.666666666666667,7.2,1.0,6.0,6.1,18.4,6.0,2,False,False,,,,,,,,,,,,,,,,,,,,,,,,,,,,,,,,,,,,,,,,,,,,,,,,,,,,,,,,,,,,,8.613267934499468
2025,1,Australian Grand Prix,2025-03-16,albert_park,Albert Park Grand Prix Circuit,gasly,GAS,Pierre Gasly,alpine,Alpine F1 Team,10,,11.0,11,0.0,57,Finished,10.0,1:25.020,,,GAS,,,,,,,,,,,,,STREET,CLOCKWISE,-37.849722,144.968333,5.278,14,29,ground_effect,2,normal,,,,,,,,,,,,,7.0,10.666666666666666,9.0,6.0,6.4,11.2,10.0,12.8,5,False,False,,,,,,,,,,,,,,,,,,,,,,,,,,,,,,,,,,,,,,,,,,,,,,,,,,,,,,,,,,,,,10.224644023831754
2025,1,Australian Grand Prix,2025-03-16,albert_park,Albert Park Grand Prix Circuit,tsunoda,TSU,Yuki Tsunoda,rb,RB F1 Team,22,,12.0,12,0.0,57,Finished,6.0,1:24.194,,,TSU,,,,,,,,,,,,,STREET,CLOCKWISE,-37.849722,144.968333,5.278,14,29,ground_effect,2,normal,,,,,,,,,,,,,12.0,11.333333333333334,12.2,0.0,1.6,13.3,2.0,10.666666666666666,3,False,False,,,,,,,,,,,,,,,,,,,,,,,,,,,,,,,,,,,,,,,,,,,,,,,,,,,,,,,,,,,,,12.599141413935884
2025,2,Chinese Grand Prix,2025-03-23,shanghai,Shanghai International Circuit,albon,ALB,Alexander Albon,williams,Williams,23,,7.0,7,6.0,56,Finished,12.0,1:36.254,,,ALB,,,,,,,,,,,,,RACE,CLOCKWISE,31.338889,121.219722,5.451,16,19,ground_effect,2,sprint,,,,,,,,,,,,,5.0,10.333333333333334,13.6,10.0,2.0,15.5,2.0,11.0,2,False,False,,,,,,,,,,,,,,,,,,,,,,,,,,,,,,,,,,,,,,,,,,,,,,,,,,,,,,,,,,,,,12.195332360168338
2025,2,Chinese Grand Prix,2025-03-23,shanghai,Shanghai International Circuit,antonelli,ANT,Andrea Kimi Antonelli,mercedes,Mercedes,12,,6.0,6,8.0,56,Finished,11.0,1:36.046,,,ANT,,,,,,,,,,,,,RACE,CLOCKWISE,31.338889,121.219722,5.451,16,19,ground_effect,2,sprint,,,,,,,,,,,,,4.0,4.0,4.0,12.0,12.0,4.9,23.4,,0,False,False,,,,,,,,,,,,,,,,,,,,,,,,,,,,,,,,,,,,,,,,,,,,,,,,,,,,,,,,,,,,,6.288514547117579
2025,2,Chinese Grand Prix,2025-03-23,shanghai,Shanghai International Circuit,sainz,SAI,Carlos Sainz,williams,Williams,55,,10.0,10,1.0,56,Finished,15.0,1:36.779,,,SAI,,,,,,,,,,,,,RACE,CLOCKWISE,31.338889,121.219722,5.451,16,19,ground_effect,2,sprint,,,,,,,,,,,,,18.0,8.666666666666666,9.0,0.0,8.2,15.5,2.0,9.5,6,False,False,,,,,,,,,,,,,,,,,,,,,,,,,,,,,,,,,,,,,,,,,,,,,,,,,,,,,,,,,,,,,10.791229853638399
2025,2,Chinese Grand Prix,2025-03-23,shanghai,Shanghai International Circuit,leclerc,LEC,Charles Leclerc,ferrari,Ferrari,16,,18.0,D,0.0,0,Disqualified,,,,,LEC,,,,,,,,,,,,,RACE,CLOCKWISE,31.338889,121.219722,5.451,16,19,ground_effect,2,sprint,,,,,,,,,,,,,8.0,4.333333333333333,4.4,4.0,11.8,5.9,20.2,9.333333333333334,3,False,False,,,,,,,,,,,,,,,,,,,,,,,,,,,,,,,,,,,,,,,,,,,,,,,,,,,,,,,,,,,,,6.811833966599851
2025,2,Chinese Grand Prix,2025-03-23,shanghai,Shanghai International Circuit,ocon,OCO,Esteban Ocon,haas,Haas F1 Team,31,,5.0,5,10.0,56,Finished,4.0,1:35.740,,,OCO,,,,,,,,,,,,,RACE,CLOCKWISE,31.338889,121.219722,5.451,16,19,ground_effect,2,sprint,,,,,,,,,,,,,13.0,16.666666666666668,13.0,0.0,3.6,12.8,2.0,10.666666666666666,3,False,False,,,,,,,,,,,,,,,,,,,,,,,,,,,,,,,,,,,,,,,,,,,,,,,,,,,,,,,,,,,,,13.279019296626679
2025,2,Chinese Grand Prix,2025-03-23,shanghai,Shanghai International Circuit,alonso,ALO,Fernando Alonso,aston_martin,Aston Martin,14,,17.0,R,0.0,4,Retired,17.0,1:39.256,,,ALO,,,,,,,,,,,,,RACE,CLOCKWISE,31.338889,121.219722,5.451,16,19,ground_effect,2,sprint,,,,,,,,,,,,,17.0,11.0,11.6,0.0,1.6,13.0,3.2,9.5,6,False,False,,,,,,,,,,,,,,,,,,,,,,,,,,,,,,,,,,,,,,,,,,,,,,,,,,,,,,,,,,,,,12.737746451856003
2025,2,Chinese Grand Prix,2025-03-23,shanghai,Shanghai International Circuit,bortoleto,BOR,Gabriel Bortoleto,sauber,Sauber,5,,14.0,14,0.0,55,Lapped,8.0,1:35.874,,,BOR,,,,,,,,,,,,,RACE,CLOCKWISE,31.338889,121.219722,5.451,16,19,ground_effect,2,sprint,,,,,,,,,,,,,16.0,16.0,16.0,0.0,0.0,13.2,2.0,,0,False,False,,,,,,,,,,,,,,,,,,,,,,,,,,,,,,,,,,,,,,,,,,,,,,,,,,,,,,,,,,,,,15.013720706276974
2025,2,Chinese Grand Prix,2025-03-23,shanghai,Shanghai International Circuit,russell,RUS,George Russell,mercedes,Mercedes,63,,3.0,3,15.0,56,Finished,5.0,1:35.816,,,RUS,,,,,,,,,,,,,RACE,CLOCKWISE,31.338889,121.219722,5.451,16,19,ground_effect,2,sprint,,,,,,,,,,,,,3.0,4.0,3.4,15.0,14.8,4.9,23.4,11.0,2,False,False,,,,,,,,,,,,,,,,,,,,,,,,,,,,,,,,,,,,,,,,,,,,,,,,,,,,,,,,,,,,,6.452393146352405
2025,2,Chinese Grand Prix,2025-03-23,shanghai,Shanghai International Circuit,hadjar,HAD,Isack Hadjar,rb,RB F1 Team,6,,11.0,11,0.0,56,Finished,6.0,1:35.868,,,HAD,,,,,,,,,,,,,RACE,CLOCKWISE,31.338889,121.219722,5.451,16,19,ground_effect,2,sprint,,,,,,,,,,,,,20.0,20.0,20.0,0.0,0.0,12.9,2.0,,0,False,False,,,,,,,,,,,,,,,,,,,,,,,,,,,,,,,,,,,,,,,,,,,,,,,,,,,,,,,,,,,,,13.626814377376913
2025,2,Chinese Grand Prix,2025-03-23,shanghai,Shanghai International Circuit,doohan,DOO,Jack Doohan,alpine,Alpine F1 Team,7,,13.0,13,0.0,56,Finished,14.0,1:36.424,,,DOO,,,,,,,,,,,,,RACE,CLOCKWISE,31.338889,121.219722,5.451,16,19,ground_effect,2,sprint,,,,,,,,,,,,,19.0,17.0,17.0,0.0,0.0,11.9,9.8,,0,False,False,,,,,,,,,,,,,,,,,,,,,,,,,,,,,,,,,,,,,,,,,,,,,,,,,,,,,,,,,,,,,11.466595026080585
2025,2,Chinese Grand Prix,2025-03-23,shanghai,Shanghai International Circuit,stroll,STR,Lance Stroll,aston_martin,Aston Martin,18,,9.0,9,2.0,56,Finished,10.0,1:36.044,,,STR,,,,,,,,,,,,,RACE,CLOCKWISE,31.338889,121.219722,5.451,16,19,ground_effect,2,sprint,,,,,,,,,,,,,6.0,12.666666666666666,14.4,8.0,1.6,13.0,3.2,15.25,4,False,False,,,,,,,,,,,,,,,,,,,,,,,,,,,,,,,,,,,,,,,,,,,,,,,,,,,,,,,,,,,,,12.525608319585102
2025,2,Chinese Grand Prix,2025-03-23,shanghai,Shanghai International Circuit,norris,NOR,Lando Norris,mclaren,McLaren,4,,2.0,2,18.0,56,Finished,1.0,1:35.454,,,NOR,,,,,,,,,,,,,RACE,CLOCKWISE,31.338889,121.219722,5.451,16,19,ground_effect,2,sprint,,,,,,,,,,,,,1.0,4.0,4.8,25.0,13.8,6.1,19.4,10.0,2,False,False,,,,,,,,,,,,,,,,,,,,,,,,,,,,,,,,,,,,,,,,,,,,,,,,,,,,,,,,,,,,,4.678458699726736
2025,2,Chinese Grand Prix,2025-03-23,shanghai,Shanghai International Circuit,hamilton,HAM,Lewis Hamilton,ferrari,Ferrari,44,,19.0,D,0.0,0,Disqualified,,,,,HAM,,,,,,,,,,,,,RACE,CLOCKWISE,31.338889,121.219722,5.451,16,19,ground_effect,2,sprint,,,,,,,,,,,,,10.0,8.666666666666666,7.6,1.0,6.4,5.9,20.2,3.4285714285714284,7,False,False,,,,,,,,,,,,,,,,,,,,,,,,,,,,,,,,,,,,,,,,,,,,,,,,,,,,,,,,,,,,,6.8853377122310295
2025,2,Chinese Grand Prix,2025-03-23,shanghai,Shanghai International Circuit,lawson,LAW,Liam Lawson,red_bull,Red Bull,30,,12.0,12,0.0,56,Finished,9.0,1:35.985,,,LAW,,,,,,,,,,,,,RACE,CLOCKWISE,31.338889,121.219722,5.451,16,19,ground_effect,2,sprint,,,,,,,,,,,,,15.0,15.333333333333334,14.2,0.0,0.4,8.8,17.6,,0,False,False,,,,,,,,,,,,,,,,,,,,,,,,,,,,,,,,,,,,,,,,,,,,,,,,,,,,,,,,,,,,,10.417397256776853
2025,2,Chinese Grand Prix,2025-03-23,shanghai,Shanghai International Circuit,max_verstappen,VER,Max Verstappen,red_bull,Red Bull,1,,4.0,4,12.0,56,Finished,2.0,1:35.488,,,VER,,,,,,,,,,,,,RACE,CLOCKWISE,31.338889,121.219722,5.451,16,19,ground_effect,2,sprint,,,,,,,,,,,,,2.0,3.0,3.0,18.0,17.4,8.8,17.6,6.333333333333333,6,False,False,,,,,,,,,,,,,,,,,,,,,,,,,,,,,,,,,,,,,,,,,,,,,,,,,,,,,,,,,,,,,4.955224512572962
2025,2,Chinese Grand Prix,2025-03-23,shanghai,Shanghai International Circuit,hulkenberg,HUL,Nico Hülkenberg,sauber,Sauber,27,,15.0,15,0.0,55,Lapped,16.0,1:37.275,,,HUL,,,,,,,,,,,,,RACE,CLOCKWISE,31.338889,121.219722,5.451,16,19,ground_effect,2,sprint,,,,,,,,,,,,,7.0,10.333333333333334,11.8,6.0,2.8,13.2,2.0,12.714285714285714,7,False,False,,,,,,,,,,,,,,,,,,,,,,,,,,,,,,,,,,,,,,,,,,,,,,,,,,,,,,,,,,,,,12.486365883842437
2025,2,Chinese Grand Prix,2025-03-23,shanghai,Shanghai International Circuit,bearman,BEA,Oliver Bearman,haas,Haas F1 Team,87,,8.0,8,4.0,56,Finished,13.0,1:36.363,,,BEA,,,,,,,,,,,,,RACE,CLOCKWISE,31.338889,121.219722,5.451,16,19,ground_effect,2,sprint,,,,,,,,,,,,,14.0,12.0,10.75,0.0,1.75,12.8,2.0,,0,False,False,,,,,,,,,,,,,,,,,,,,,,,,,,,,,,,,,,,,,,,,,,,,,,,,,,,,,,,,,,,,,13.86482758325374
2025,2,Chinese Grand Prix,2025-03-23,shanghai,Shanghai International Circuit,piastri,PIA,Oscar Piastri,mclaren,McLaren,81,,1.0,1,25.0,56,Finished,3.0,1:35.520,,,PIA,,,,,,,,,,,,,RACE,CLOCKWISE,31.338889,121.219722,5.451,16,19,ground_effect,2,sprint,,,,,,,,,,,,,9.0,7.333333333333333,7.4,2.0,5.6,6.1,19.4,8.0,1,False,False,,,,,,,,,,,,,,,,,,,,,,,,,,,,,,,,,,,,,,,,,,,,,,,,,,,,,,,,,,,,,7.249796491778915
2025,2,Chinese Grand Prix,2025-03-23,shanghai,Shanghai International Circuit,gasly,GAS,Pierre Gasly,alpine,Alpine F1 Team,10,,20.0,D,0.0,0,Disqualified,,,,,GAS,,,,,,,,,,,,,RACE,CLOCKWISE,31.338889,121.219722,5.451,16,19,ground_effect,2,sprint,,,,,,,,,,,,,11.0,7.666666666666667,9.2,0.0,6.2,11.9,9.8,12.333333333333334,3,False,False,,,,,,,,,,,,,,,,,,,,,,,,,,,,,,,,,,,,,,,,,,,,,,,,,,,,,,,,,,,,,10.050996094797773
2025,2,Chinese Grand Prix,2025-03-23,shanghai,Shanghai International Circuit,tsunoda,TSU,Yuki Tsunoda,rb,RB F1 Team,22,,16.0,16,0.0,55,Lapped,7.0,1:35.871,,,TSU,,,,,,,,,,,,,RACE,CLOCKWISE,31.338889,121.219722,5.451,16,19,ground_effect,2,sprint,,,,,,,,,,,,,12.0,12.333333333333334,10.6,0.0,1.6,12.9,2.0,19.0,1,False,False,,,,,,,,,,,,,,,,,,,,,,,,,,,,,,,,,,,,,,,,,,,,,,,,,,,,,,,,,,,,,13.494905882067574
2025,3,Japanese Grand Prix,2025-04-06,suzuka,Suzuka Circuit,albon,ALB,Alexander Albon,williams,Williams,23,,9.0,9,2.0,53,Finished,6.0,1:31.125,,,ALB,,,,,,,,,,,,,RACE,CLOCKWISE,34.843056,136.540556,5.807,18,36,ground_effect,2,normal,,,,,,,,,,,,,7.0,7.666666666666667,11.4,6.0,3.2,13.7,3.4,15.0,4,False,False,,,,,,,,,,,,,,,,,,,,,,,,,,,,,,,,,,,,,,,,,,,,,,,,,,,,,,,,,,,,,12.108789042665604
2025,3,Japanese Grand Prix,2025-04-06,suzuka,Suzuka Circuit,antonelli,ANT,Andrea Kimi Antonelli,mercedes,Mercedes,12,,6.0,6,8.0,53,Finished,1.0,1:30.965,,,ANT,,,,,,,,,,,,,RACE,CLOCKWISE,34.843056,136.540556,5.807,18,36,ground_effect,2,normal,,,,,,,,,,,,,6.0,5.0,5.0,8.0,10.0,4.4,25.4,,0,False,False,,,,,,,,,,,,,,,,,,,,,,,,,,,,,,,,,,,,,,,,,,,,,,,,,,,,,,,,,,,,,6.801216586006984
2025,3,Japanese Grand Prix,2025-04-06,suzuka,Suzuka Circuit,sainz,SAI,Carlos Sainz,williams,Williams,55,,14.0,14,0.0,53,Finished,4.0,1:31.106,,,SAI,,,,,,,,,,,,,RACE,CLOCKWISE,34.843056,136.540556,5.807,18,36,ground_effect,2,normal,,,,,,,,,,,,,10.0,10.0,7.8,1.0,8.4,13.7,3.4,11.25,8,False,False,,,,,,,,,,,,,,,,,,,,,,,,,,,,,,,,,,,,,,,,,,,,,,,,,,,,,,,,,,,,,10.26489406687303
2025,3,Japanese Grand Prix,2025-04-06,suzuka,Suzuka Circuit,leclerc,LEC,Charles Leclerc,ferrari,Ferrari,16,,4.0,4,12.0,53,Finished,10.0,1:31.469,,,LEC,,,,,,,,,,,,,RACE,CLOCKWISE,34.843056,136.540556,5.807,18,36,ground_effect,2,normal,,,,,,,,,,,,,18.0,9.666666666666666,7.0,0.0,9.8,7.5,18.2,7.0,5,False,False,,,,,,,,,,,,,,,,,,,,,,,,,,,,,,,,,,,,,,,,,,,,,,,,,,,,,,,,,,,,,6.815256848342542
2025,3,Japanese Grand Prix,2025-04-06,suzuka,Suzuka Circuit,ocon,OCO,Esteban Ocon,haas,Haas F1 Team,31,,18.0,18,0.0,53,Finished,14.0,1:31.967,,,OCO,,,,,,,,,,,,,RACE,CLOCKWISE,34.843056,136.540556,5.807,18,36,ground_effect,2,normal,,,,,,,,,,,,,5.0,12.666666666666666,11.4,10.0,5.6,10.9,4.8,10.666666666666666,6,False,False,,,,,,,,,,,,,,,,,,,,,,,,,,,,,,,,,,,,,,,,,,,,,,,,,,,,,,,,,,,,,10.699420099807396
2025,3,Japanese Grand Prix,2025-04-06,suzuka,Suzuka Circuit,alonso,ALO,Fernando Alonso,aston_martin,Aston Martin,14,,11.0,11,0.0,53,Finished,11.0,1:31.770,,,ALO,,,,,,,,,,,,,RACE,CLOCKWISE,34.843056,136.540556,5.807,18,36,ground_effect,2,normal,,,,,,,,,,,,,17.0,14.333333333333334,12.2,0.0,1.6,12.3,3.6,11.875,8,False,False,,,,,,,,,,,,,,,,,,,,,,,,,,,,,,,,,,,,,,,,,,,,,,,,,,,,,,,,,,,,,11.918051273629002
2025,3,Japanese Grand Prix,2025-04-06,suzuka,Suzuka Circuit,bortoleto,BOR,Gabriel Bortoleto,sauber,Sauber,5,,19.0,19,0.0,53,Finished,16.0,1:32.034,,,BOR,,,,,,,,,,,,,RACE,CLOCKWISE,34.843056,136.540556,5.807,18,36,ground_effect,2,normal,,,,,,,,,,,,,14.0,15.0,15.0,0.0,0.0,13.3,2.0,,0,False,False,,,,,,,,,,,,,,,,,,,,,,,,,,,,,,,,,,,,,,,,,,,,,,,,,,,,,,,,,,,,,14.84173160538577
2025,3,Japanese Grand Prix,2025-04-06,suzuka,Suzuka Circuit,russell,RUS,George Russell,mercedes,Mercedes,63,,5.0,5,10.0,53,Finished,8.0,1:31.357,,,RUS,,,,,,,,,,,,,RACE,CLOCKWISE,34.843056,136.540556,5.807,18,36,ground_effect,2,normal,,,,,,,,,,,,,3.0,3.6666666666666665,3.2,15.0,15.4,4.4,25.4,9.5,4,False,False,,,,,,,,,,,,,,,,,,,,,,,,,,,,,,,,,,,,,,,,,,,,,,,,,,,,,,,,,,,,,6.413097244595053
2025,3,Japanese Grand Prix,2025-04-06,suzuka,Suzuka Circuit,hadjar,HAD,Isack Hadjar,rb,RB F1 Team,6,,8.0,8,4.0,53,Finished,7.0,1:31.317,,,HAD,,,,,,,,,,,,,RACE,CLOCKWISE,34.843056,136.540556,5.807,18,36,ground_effect,2,normal,,,,,,,,,,,,,11.0,15.5,15.5,0.0,0.0,14.0,0.4,,0,False,False,,,,,,,,,,,,,,,,,,,,,,,,,,,,,,,,,,,,,,,,,,,,,,,,,,,,,,,,,,,,,14.590824940276026
2025,3,Japanese Grand Prix,2025-04-06,suzuka,Suzuka Circuit,doohan,DOO,Jack Doohan,alpine,Alpine F1 Team,7,,15.0,15,0.0,53,Finished,20.0,1:32.685,,,DOO,,,,,,,,,,,,,RACE,CLOCKWISE,34.843056,136.540556,5.807,18,36,ground_effect,2,normal,,,,,,,,,,,,,13.0,15.666666666666666,15.666666666666666,0.0,0.0,14.7,3.2,,0,False,False,,,,,,,,,,,,,,,,,,,,,,,,,,,,,,,,,,,,,,,,,,,,,,,,,,,,,,,,,,,,,14.068731586332584
2025,3,Japanese Grand Prix,2025-04-06,suzuka,Suzuka Circuit,stroll,STR,Lance Stroll,aston_martin,Aston Martin,18,,20.0,20,0.0,52,Lapped,18.0,1:32.052,,,STR,,,,,,,,,,,,,RACE,CLOCKWISE,34.843056,136.540556,5.807,18,36,ground_effect,2,normal,,,,,,,,,,,,,9.0,9.666666666666666,12.4,2.0,2.0,12.3,3.6,14.0,6,False,False,,,,,,,,,,,,,,,,,,,,,,,,,,,,,,,,,,,,,,,,,,,,,,,,,,,,,,,,,,,,,12.34180866113005
2025,3,Japanese Grand Prix,2025-04-06,suzuka,Suzuka Circuit,norris,NOR,Lando Norris,mclaren,McLaren,4,,2.0,2,18.0,53,Finished,5.0,1:31.116,,,NOR,,,,,,,,,,,,,RACE,CLOCKWISE,34.843056,136.540556,5.807,18,36,ground_effect,2,normal,,,,,,,,,,,,,2.0,1.3333333333333333,4.0,18.0,15.8,5.0,25.6,7.0,4,False,False,,,,,,,,,,,,,,,,,,,,,,,,,,,,,,,,,,,,,,,,,,,,,,,,,,,,,,,,,,,,,4.570300729169623
2025,3,Japanese Grand Prix,2025-04-06,suzuka,Suzuka Circuit,hamilton,HAM,Lewis Hamilton,ferrari,Ferrari,44,,7.0,7,6.0,53,Finished,9.0,1:31.406,,,HAM,,,,,,,,,,,,,RACE,CLOCKWISE,34.843056,136.540556,5.807,18,36,ground_effect,2,normal,,,,,,,,,,,,,19.0,11.0,9.4,0.0,6.2,7.5,18.2,3.2222222222222223,9,False,False,,,,,,,,,,,,,,,,,,,,,,,,,,,,,,,,,,,,,,,,,,,,,,,,,,,,,,,,,,,,,7.17655932497325
2025,3,Japanese Grand Prix,2025-04-06,suzuka,Suzuka Circuit,lawson,LAW,Liam Lawson,rb,RB F1 Team,30,,17.0,17,0.0,53,Finished,17.0,1:32.043,,,LAW,,,,,,,,,,,,,RACE,CLOCKWISE,34.843056,136.540556,5.807,18,36,ground_effect,2,normal,,,,,,,,,,,,,12.0,14.666666666666666,14.8,0.0,0.0,14.0,0.4,11.0,1,False,False,,,,,,,,,,,,,,,,,,,,,,,,,,,,,,,,,,,,,,,,,,,,,,,,,,,,,,,,,,,,,14.646549640366608
2025,3,Japanese Grand Prix,2025-04-06,suzuka,Suzuka Circuit,max_verstappen,VER,Max Verstappen,red_bull,Red Bull,1,,1.0,1,25.0,53,Finished,3.0,1:31.041,,,VER,,,,,,,,,,,,,RACE,CLOCKWISE,34.843056,136.540556,5.807,18,36,ground_effect,2,normal,,,,,,,,,,,,,4.0,4.0,3.6,12.0,14.6,9.2,14.8,4.625,8,False,False,,,,,,,,,,,,,,,,,,,,,,,,,,,,,,,,,,,,,,,,,,,,,,,,,,,,,,,,,,,,,5.768933919346271
2025,3,Japanese Grand Prix,2025-04-06,suzuka,Suzuka Circuit,hulkenberg,HUL,Nico Hülkenberg,sauber,Sauber,27,,16.0,16,0.0,53,Finished,19.0,1:32.572,,,HUL,,,,,,,,,,,,,RACE,CLOCKWISE,34.843056,136.540556,5.807,18,36,ground_effect,2,normal,,,,,,,,,,,,,15.0,10.0,10.8,0.0,2.8,13.3,2.0,12.875,8,False,False,,,,,,,,,,,,,,,,,,,,,,,,,,,,,,,,,,,,,,,,,,,,,,,,,,,,,,,,,,,,,13.119661487274996
2025,3,Japanese Grand Prix,2025-04-06,suzuka,Suzuka Circuit,bearman,BEA,Oliver Bearman,haas,Haas F1 Team,87,,10.0,10,1.0,53,Finished,15.0,1:32.006,,,BEA,,,,,,,,,,,,,RACE,CLOCKWISE,34.843056,136.540556,5.807,18,36,ground_effect,2,normal,,,,,,,,,,,,,8.0,11.333333333333334,10.2,4.0,2.2,10.9,4.8,,0,False,False,,,,,,,,,,,,,,,,,,,,,,,,,,,,,,,,,,,,,,,,,,,,,,,,,,,,,,,,,,,,,12.734601829302017
2025,3,Japanese Grand Prix,2025-04-06,suzuka,Suzuka Circuit,piastri,PIA,Oscar Piastri,mclaren,McLaren,81,,3.0,3,15.0,53,Finished,2.0,1:31.039,,,PIA,,,,,,,,,,,,,RACE,CLOCKWISE,34.843056,136.540556,5.807,18,36,ground_effect,2,normal,,,,,,,,,,,,,1.0,6.666666666666667,6.0,25.0,9.8,5.0,25.6,5.5,2,False,False,,,,,,,,,,,,,,,,,,,,,,,,,,,,,,,,,,,,,,,,,,,,,,,,,,,,,,,,,,,,,5.7147032781554294
2025,3,Japanese Grand Prix,2025-04-06,suzuka,Suzuka Circuit,gasly,GAS,Pierre Gasly,alpine,Alpine F1 Team,10,,13.0,13,0.0,53,Finished,12.0,1:31.820,,,GAS,,,,,,,,,,,,,RACE,CLOCKWISE,34.843056,136.540556,5.807,18,36,ground_effect,2,normal,,,,,,,,,,,,,20.0,12.666666666666666,12.6,0.0,3.2,14.7,3.2,12.5,6,False,False,,,,,,,,,,,,,,,,,,,,,,,,,,,,,,,,,,,,,,,,,,,,,,,,,,,,,,,,,,,,,12.391036086231972
2025,3,Japanese Grand Prix,2025-04-06,suzuka,Suzuka Circuit,tsunoda,TSU,Yuki Tsunoda,red_bull,Red Bull,22,,12.0,12,0.0,53,Finished,13.0,1:31.871,,,TSU,,,,,,,,,,,,,RACE,CLOCKWISE,34.843056,136.540556,5.807,18,36,ground_effect,2,normal,,,,,,,,,,,,,16.0,13.333333333333334,12.4,0.0,0.4,9.2,14.8,11.666666666666666,3,False,False,,,,,,,,,,,,,,,,,,,,,,,,,,,,,,,,,,,,,,,,,,,,,,,,,,,,,,,,,,,,,10.489424224887372
2025,4,Bahrain Grand Prix,2025-04-13,bahrain,Bahrain International Circuit,albon,ALB,Alexander Albon,williams,Williams,23,,12.0,12,0.0,57,Finished,13.0,1:37.141,,,ALB,,,,,,,,,,,,,RACE,CLOCKWISE,26.0325,50.510556,5.412,15,22,ground_effect,2,normal,,,,,,,,,,,,,9.0,7.0,9.4,2.0,3.6,12.7,3.8,9.333333333333334,6,False,False,,,,,,,,,,,,,,,,,,,,,,,,,,,,,,,,,,,,,,,,,,,,,,,,,,,,,,,,,,,,,11.974751277635574
2025,4,Bahrain Grand Prix,2025-04-13,bahrain,Bahrain International Circuit,antonelli,ANT,Andrea Kimi Antonelli,mercedes,Mercedes,12,,11.0,11,0.0,57,Finished,9.0,1:36.690,,,ANT,,,,,,,,,,,,,RACE,CLOCKWISE,26.0325,50.510556,5.412,15,22,ground_effect,2,normal,,,,,,,,,,,,,6.0,5.333333333333333,5.333333333333333,8.0,9.333333333333334,5.2,20.4,,0,False,False,,,,,,,,,,,,,,,,,,,,,,,,,,,,,,,,,,,,,,,,,,,,,,,,,,,,,,,,,,,,,7.193659242709939
2025,4,Bahrain Grand Prix,2025-04-13,bahrain,Bahrain International Circuit,sainz,SAI,Carlos Sainz,williams,Williams,55,,19.0,R,0.0,45,Retired,11.0,1:36.954,,,SAI,,,,,,,,,,,,,RACE,CLOCKWISE,26.0325,50.510556,5.412,15,22,ground_effect,2,normal,,,,,,,,,,,,,14.0,14.0,10.0,0.0,5.4,12.7,3.8,9.909090909090908,11,False,False,,,,,,,,,,,,,,,,,,,,,,,,,,,,,,,,,,,,,,,,,,,,,,,,,,,,,,,,,,,,,11.810250254752336
2025,4,Bahrain Grand Prix,2025-04-13,bahrain,Bahrain International Circuit,leclerc,LEC,Charles Leclerc,ferrari,Ferrari,16,,4.0,4,12.0,57,Finished,4.0,1:36.132,,,LEC,,,,,,,,,,,,,RACE,CLOCKWISE,26.0325,50.510556,5.412,15,22,ground_effect,2,normal,,,,,,,,,,,,,4.0,10.0,7.0,12.0,9.8,7.9,16.4,9.375,8,False,False,,,,,,,,,,,,,,,,,,,,,,,,,,,,,,,,,,,,,,,,,,,,,,,,,,,,,,,,,,,,,7.010973843806118
2025,4,Bahrain Grand Prix,2025-04-13,bahrain,Bahrain International Circuit,ocon,OCO,Esteban Ocon,haas,Haas F1 Team,31,,8.0,8,4.0,57,Finished,12.0,1:37.098,,,OCO,,,,,,,,,,,,,RACE,CLOCKWISE,26.0325,50.510556,5.412,15,22,ground_effect,2,normal,,,,,,,,,,,,,18.0,12.0,14.6,0.0,2.0,11.7,4.2,10.75,8,False,False,,,,,,,,,,,,,,,,,,,,,,,,,,,,,,,,,,,,,,,,,,,,,,,,,,,,,,,,,,,,,13.362655746376179
2025,4,Bahrain Grand Prix,2025-04-13,bahrain,Bahrain International Circuit,alonso,ALO,Fernando Alonso,aston_martin,Aston Martin,14,,15.0,15,0.0,57,Finished,17.0,1:37.906,,,ALO,,,,,,,,,,,,,RACE,CLOCKWISE,26.0325,50.510556,5.412,15,22,ground_effect,2,normal,,,,,,,,,,,,,11.0,15.0,12.2,0.0,1.6,12.8,3.6,10.125,8,False,False,,,,,,,,,,,,,,,,,,,,,,,,,,,,,,,,,,,,,,,,,,,,,,,,,,,,,,,,,,,,,12.134562907204238
2025,4,Bahrain Grand Prix,2025-04-13,bahrain,Bahrain International Circuit,bortoleto,BOR,Gabriel Bortoleto,sauber,Sauber,5,,18.0,18,0.0,57,Finished,18.0,1:38.006,,,BOR,,,,,,,,,,,,,RACE,CLOCKWISE,26.0325,50.510556,5.412,15,22,ground_effect,2,normal,,,,,,,,,,,,,19.0,16.333333333333332,16.333333333333332,0.0,0.0,13.7,2.0,,0,False,False,,,,,,,,,,,,,,,,,,,,,,,,,,,,,,,,,,,,,,,,,,,,,,,,,,,,,,,,,,,,,14.539718671122268
2025,4,Bahrain Grand Prix,2025-04-13,bahrain,Bahrain International Circuit,russell,RUS,George Russell,mercedes,Mercedes,63,,2.0,2,18.0,57,Finished,2.0,1:35.518,,,RUS,,,,,,,,,,,,,RACE,CLOCKWISE,26.0325,50.510556,5.412,15,22,ground_effect,2,normal,,,,,,,,,,,,,5.0,3.6666666666666665,4.0,10.0,12.4,5.2,20.4,9.428571428571429,7,False,False,,,,,,,,,,,,,,,,,,,,,,,,,,,,,,,,,,,,,,,,,,,,,,,,,,,,,,,,,,,,,6.509025769855634
2025,4,Bahrain Grand Prix,2025-04-13,bahrain,Bahrain International Circuit,hadjar,HAD,Isack Hadjar,rb,RB F1 Team,6,,13.0,13,0.0,57,Finished,10.0,1:36.952,,,HAD,,,,,,,,,,,,,RACE,CLOCKWISE,26.0325,50.510556,5.412,15,22,ground_effect,2,normal,,,,,,,,,,,,,8.0,13.0,13.0,4.0,1.3333333333333333,14.0,0.8,,0,False,False,,,,,,,,,,,,,,,,,,,,,,,,,,,,,,,,,,,,,,,,,,,,,,,,,,,,,,,,,,,,,12.978651873585692
2025,4,Bahrain Grand Prix,2025-04-13,bahrain,Bahrain International Circuit,doohan,DOO,Jack Doohan,alpine,Alpine F1 Team,7,,14.0,14,0.0,57,Finished,8.0,1:36.682,,,DOO,,,,,,,,,,,,,RACE,CLOCKWISE,26.0325,50.510556,5.412,15,22,ground_effect,2,normal,,,,,,,,,,,,,15.0,15.666666666666666,15.5,0.0,0.0,13.8,3.2,,0,False,False,,,,,,,,,,,,,,,,,,,,,,,,,,,,,,,,,,,,,,,,,,,,,,,,,,,,,,,,,,,,,13.939393067200522
2025,4,Bahrain Grand Prix,2025-04-13,bahrain,Bahrain International Circuit,stroll,STR,Lance Stroll,aston_martin,Aston Martin,18,,17.0,17,0.0,57,Finished,19.0,1:38.064,,,STR,,,,,,,,,,,,,RACE,CLOCKWISE,26.0325,50.510556,5.412,15,22,ground_effect,2,normal,,,,,,,,,,,,,20.0,11.666666666666666,13.4,0.0,2.0,12.8,3.6,11.666666666666666,9,False,False,,,,,,,,,,,,,,,,,,,,,,,,,,,,,,,,,,,,,,,,,,,,,,,,,,,,,,,,,,,,,12.744332164682486
2025,4,Bahrain Grand Prix,2025-04-13,bahrain,Bahrain International Circuit,norris,NOR,Lando Norris,mclaren,McLaren,4,,3.0,3,15.0,57,Finished,3.0,1:35.728,,,NOR,,,,,,,,,,,,,RACE,CLOCKWISE,26.0325,50.510556,5.412,15,22,ground_effect,2,normal,,,,,,,,,,,,,2.0,1.6666666666666667,3.2,18.0,17.6,4.2,29.2,8.857142857142858,7,False,False,,,,,,,,,,,,,,,,,,,,,,,,,,,,,,,,,,,,,,,,,,,,,,,,,,,,,,,,,,,,,5.284193438708872
2025,4,Bahrain Grand Prix,2025-04-13,bahrain,Bahrain International Circuit,hamilton,HAM,Lewis Hamilton,ferrari,Ferrari,44,,5.0,5,10.0,57,Finished,6.0,1:36.235,,,HAM,,,,,,,,,,,,,RACE,CLOCKWISE,26.0325,50.510556,5.412,15,22,ground_effect,2,normal,,,,,,,,,,,,,7.0,12.0,10.4,6.0,3.8,7.9,16.4,2.5454545454545454,11,False,False,,,,,,,,,,,,,,,,,,,,,,,,,,,,,,,,,,,,,,,,,,,,,,,,,,,,,,,,,,,,,8.099531200419811
2025,4,Bahrain Grand Prix,2025-04-13,bahrain,Bahrain International Circuit,lawson,LAW,Liam Lawson,rb,RB F1 Team,30,,16.0,16,0.0,57,Finished,16.0,1:37.380,,,LAW,,,,,,,,,,,,,RACE,CLOCKWISE,26.0325,50.510556,5.412,15,22,ground_effect,2,normal,,,,,,,,,,,,,17.0,14.666666666666666,15.0,0.0,0.0,14.0,0.8,,0,False,False,,,,,,,,,,,,,,,,,,,,,,,,,,,,,,,,,,,,,,,,,,,,,,,,,,,,,,,,,,,,,14.337841442116233
2025,4,Bahrain Grand Prix,2025-04-13,bahrain,Bahrain International Circuit,max_verstappen,VER,Max Verstappen,red_bull,Red Bull,1,,6.0,6,8.0,57,Finished,5.0,1:36.167,,,VER,,,,,,,,,,,,,RACE,CLOCKWISE,26.0325,50.510556,5.412,15,22,ground_effect,2,normal,,,,,,,,,,,,,1.0,2.333333333333333,2.8,25.0,17.6,9.0,17.6,9.909090909090908,11,False,False,,,,,,,,,,,,,,,,,,,,,,,,,,,,,,,,,,,,,,,,,,,,,,,,,,,,,,,,,,,,,5.973988386860664
2025,4,Bahrain Grand Prix,2025-04-13,bahrain,Bahrain International Circuit,hulkenberg,HUL,Nico Hülkenberg,sauber,Sauber,27,,20.0,D,0.0,0,Disqualified,,,,,HUL,,,,,,,,,,,,,RACE,CLOCKWISE,26.0325,50.510556,5.412,15,22,ground_effect,2,normal,,,,,,,,,,,,,16.0,12.666666666666666,12.4,0.0,2.0,13.7,2.0,12.555555555555555,9,False,False,,,,,,,,,,,,,,,,,,,,,,,,,,,,,,,,,,,,,,,,,,,,,,,,,,,,,,,,,,,,,13.687448063304135
2025,4,Bahrain Grand Prix,2025-04-13,bahrain,Bahrain International Circuit,bearman,BEA,Oliver Bearman,haas,Haas F1 Team,87,,10.0,10,1.0,57,Finished,15.0,1:37.303,,,BEA,,,,,,,,,,,,,RACE,CLOCKWISE,26.0325,50.510556,5.412,15,22,ground_effect,2,normal,,,,,,,,,,,,,10.0,10.666666666666666,10.8,1.0,1.2,11.7,4.2,,0,False,False,,,,,,,,,,,,,,,,,,,,,,,,,,,,,,,,,,,,,,,,,,,,,,,,,,,,,,,,,,,,,14.269627584183139
2025,4,Bahrain Grand Prix,2025-04-13,bahrain,Bahrain International Circuit,piastri,PIA,Oscar Piastri,mclaren,McLaren,81,,1.0,1,25.0,57,Finished,1.0,1:35.140,,,PIA,,,,,,,,,,,,,RACE,CLOCKWISE,26.0325,50.510556,5.412,15,22,ground_effect,2,normal,,,,,,,,,,,,,3.0,4.333333333333333,5.2,15.0,11.6,4.2,29.2,14.0,2,False,False,,,,,,,,,,,,,,,,,,,,,,,,,,,,,,,,,,,,,,,,,,,,,,,,,,,,,,,,,,,,,6.163132422535887
2025,4,Bahrain Grand Prix,2025-04-13,bahrain,Bahrain International Circuit,gasly,GAS,Pierre Gasly,alpine,Alpine F1 Team,10,,7.0,7,6.0,57,Finished,7.0,1:36.531,,,GAS,,,,,,,,,,,,,RACE,CLOCKWISE,26.0325,50.510556,5.412,15,22,ground_effect,2,normal,,,,,,,,,,,,,13.0,14.666666666666666,11.2,0.0,3.2,13.8,3.2,11.625,8,False,False,,,,,,,,,,,,,,,,,,,,,,,,,,,,,,,,,,,,,,,,,,,,,,,,,,,,,,,,,,,,,12.477137057761043
2025,4,Bahrain Grand Prix,2025-04-13,bahrain,Bahrain International Circuit,tsunoda,TSU,Yuki Tsunoda,red_bull,Red Bull,22,,9.0,9,2.0,57,Finished,14.0,1:37.225,,,TSU,,,,,,,,,,,,,RACE,CLOCKWISE,26.0325,50.510556,5.412,15,22,ground_effect,2,normal,,,,,,,,,,,,,12.0,13.333333333333334,13.0,0.0,0.0,9.0,17.6,10.5,4,False,False,,,,,,,,,,,,,,,,,,,,,,,,,,,,,,,,,,,,,,,,,,,,,,,,,,,,,,,,,,,,,10.222396003408743
2025,5,Saudi Arabian Grand Prix,2025-04-20,jeddah,Jeddah Corniche Circuit,albon,ALB,Alexander Albon,williams,Williams,23,,9.0,9,2.0,50,Finished,16.0,1:33.477,,,ALB,,,,,,,,,,,,,STREET,ANTI_CLOCKWISE,21.543333,39.172778,6.174,27,5,ground_effect,2,normal,,,,,,,,,,,,,12.0,9.333333333333334,8.8,0.0,3.6,12.4,3.8,14.666666666666666,3,False,False,,,,,,,,,,,,,,,,,,,,,,,,,,,,,,,,,,,,,,,,,,,,,,,,,,,,,,,,,,,,,11.992452962577534
2025,5,Saudi Arabian Grand Prix,2025-04-20,jeddah,Jeddah Corniche Circuit,antonelli,ANT,Andrea Kimi Antonelli,mercedes,Mercedes,12,,6.0,6,8.0,50,Finished,5.0,1:32.396,,,ANT,,,,,,,,,,,,,STREET,ANTI_CLOCKWISE,21.543333,39.172778,6.174,27,5,ground_effect,2,normal,,,,,,,,,,,,,11.0,7.666666666666667,6.75,0.0,7.0,4.9,21.6,,0,False,False,,,,,,,,,,,,,,,,,,,,,,,,,,,,,,,,,,,,,,,,,,,,,,,,,,,,,,,,,,,,,7.526878297159977
2025,5,Saudi Arabian Grand Prix,2025-04-20,jeddah,Jeddah Corniche Circuit,sainz,SAI,Carlos Sainz,williams,Williams,55,,8.0,8,4.0,50,Finished,6.0,1:32.466,,,SAI,,,,,,,,,,,,,STREET,ANTI_CLOCKWISE,21.543333,39.172778,6.174,27,5,ground_effect,2,normal,,,,,,,,,,,,,19.0,14.333333333333334,12.6,0.0,3.8,12.4,3.8,5.666666666666667,3,False,False,,,,,,,,,,,,,,,,,,,,,,,,,,,,,,,,,,,,,,,,,,,,,,,,,,,,,,,,,,,,,12.382991124892202
2025,5,Saudi Arabian Grand Prix,2025-04-20,jeddah,Jeddah Corniche Circuit,leclerc,LEC,Charles Leclerc,ferrari,Ferrari,16,,3.0,3,15.0,50,Finished,2.0,1:32.192,,,LEC,,,,,,,,,,,,,STREET,ANTI_CLOCKWISE,21.543333,39.172778,6.174,27,5,ground_effect,2,normal,,,,,,,,,,,,,4.0,8.666666666666666,7.4,12.0,8.6,8.0,15.6,4.75,4,False,False,,,,,,,,,,,,,,,,,,,,,,,,,,,,,,,,,,,,,,,,,,,,,,,,,,,,,,,,,,,,,7.4506446157171675
2025,5,Saudi Arabian Grand Prix,2025-04-20,jeddah,Jeddah Corniche Circuit,ocon,OCO,Esteban Ocon,haas,Haas F1 Team,31,,14.0,14,0.0,50,Finished,17.0,1:34.309,,,OCO,,,,,,,,,,,,,STREET,ANTI_CLOCKWISE,21.543333,39.172778,6.174,27,5,ground_effect,2,normal,,,,,,,,,,,,,8.0,10.333333333333334,12.8,4.0,2.8,11.0,4.8,7.75,4,False,False,,,,,,,,,,,,,,,,,,,,,,,,,,,,,,,,,,,,,,,,,,,,,,,,,,,,,,,,,,,,,12.285493461911452
2025,5,Saudi Arabian Grand Prix,2025-04-20,jeddah,Jeddah Corniche Circuit,alonso,ALO,Fernando Alonso,aston_martin,Aston Martin,14,,11.0,11,0.0,50,Finished,11.0,1:33.009,,,ALO,,,,,,,,,,,,,STREET,ANTI_CLOCKWISE,21.543333,39.172778,6.174,27,5,ground_effect,2,normal,,,,,,,,,,,,,15.0,14.333333333333334,13.8,0.0,0.4,13.5,2.4,9.25,4,False,False,,,,,,,,,,,,,,,,,,,,,,,,,,,,,,,,,,,,,,,,,,,,,,,,,,,,,,,,,,,,,12.840221573605522
2025,5,Saudi Arabian Grand Prix,2025-04-20,jeddah,Jeddah Corniche Circuit,bortoleto,BOR,Gabriel Bortoleto,sauber,Sauber,5,,18.0,18,0.0,49,Lapped,18.0,1:34.447,,,BOR,,,,,,,,,,,,,STREET,ANTI_CLOCKWISE,21.543333,39.172778,6.174,27,5,ground_effect,2,normal,,,,,,,,,,,,,18.0,17.0,16.75,0.0,0.0,15.6,1.2,,0,False,False,,,,,,,,,,,,,,,,,,,,,,,,,,,,,,,,,,,,,,,,,,,,,,,,,,,,,,,,,,,,,14.249846700025763
2025,5,Saudi Arabian Grand Prix,2025-04-20,jeddah,Jeddah Corniche Circuit,russell,RUS,George Russell,mercedes,Mercedes,63,,5.0,5,10.0,50,Finished,9.0,1:32.893,,,RUS,,,,,,,,,,,,,STREET,ANTI_CLOCKWISE,21.543333,39.172778,6.174,27,5,ground_effect,2,normal,,,,,,,,,,,,,2.0,3.333333333333333,3.6,18.0,13.6,4.9,21.6,8.5,4,False,False,,,,,,,,,,,,,,,,,,,,,,,,,,,,,,,,,,,,,,,,,,,,,,,,,,,,,,,,,,,,,5.980561687430867
2025,5,Saudi Arabian Grand Prix,2025-04-20,jeddah,Jeddah Corniche Circuit,hadjar,HAD,Isack Hadjar,rb,RB F1 Team,6,,10.0,10,1.0,50,Finished,14.0,1:33.257,,,HAD,,,,,,,,,,,,,STREET,ANTI_CLOCKWISE,21.543333,39.172778,6.174,27,5,ground_effect,2,normal,,,,,,,,,,,,,13.0,10.666666666666666,13.0,0.0,1.0,14.2,0.8,,0,False,False,,,,,,,,,,,,,,,,,,,,,,,,,,,,,,,,,,,,,,,,,,,,,,,,,,,,,,,,,,,,,13.341989953784205
2025,5,Saudi Arabian Grand Prix,2025-04-20,jeddah,Jeddah Corniche Circuit,doohan,DOO,Jack Doohan,alpine,Alpine F1 Team,7,,17.0,17,0.0,49,Lapped,12.0,1:33.150,,,DOO,,,,,,,,,,,,,STREET,ANTI_CLOCKWISE,21.543333,39.172778,6.174,27,5,ground_effect,2,normal,,,,,,,,,,,,,14.0,14.0,15.2,0.0,0.0,13.4,2.4,,0,False,False,,,,,,,,,,,,,,,,,,,,,,,,,,,,,,,,,,,,,,,,,,,,,,,,,,,,,,,,,,,,,13.483385723798538
2025,5,Saudi Arabian Grand Prix,2025-04-20,jeddah,Jeddah Corniche Circuit,stroll,STR,Lance Stroll,aston_martin,Aston Martin,18,,16.0,16,0.0,49,Lapped,8.0,1:32.745,,,STR,,,,,,,,,,,,,STREET,ANTI_CLOCKWISE,21.543333,39.172778,6.174,27,5,ground_effect,2,normal,,,,,,,,,,,,,17.0,15.333333333333334,13.2,0.0,2.0,13.5,2.4,15.75,4,False,False,,,,,,,,,,,,,,,,,,,,,,,,,,,,,,,,,,,,,,,,,,,,,,,,,,,,,,,,,,,,,12.933014941524192
2025,5,Saudi Arabian Grand Prix,2025-04-20,jeddah,Jeddah Corniche Circuit,norris,NOR,Lando Norris,mclaren,McLaren,4,,4.0,4,12.0,50,Finished,1.0,1:31.778,,,NOR,,,,,,,,,,,,,STREET,ANTI_CLOCKWISE,21.543333,39.172778,6.174,27,5,ground_effect,2,normal,,,,,,,,,,,,,3.0,2.333333333333333,1.8,15.0,20.2,3.3,33.8,10.5,4,False,False,,,,,,,,,,,,,,,,,,,,,,,,,,,,,,,,,,,,,,,,,,,,,,,,,,,,,,,,,,,,,4.359120008226036
2025,5,Saudi Arabian Grand Prix,2025-04-20,jeddah,Jeddah Corniche Circuit,hamilton,HAM,Lewis Hamilton,ferrari,Ferrari,44,,7.0,7,6.0,50,Finished,7.0,1:32.600,,,HAM,,,,,,,,,,,,,STREET,ANTI_CLOCKWISE,21.543333,39.172778,6.174,27,5,ground_effect,2,normal,,,,,,,,,,,,,5.0,10.333333333333334,9.0,10.0,5.8,8.0,15.6,6.25,4,False,False,,,,,,,,,,,,,,,,,,,,,,,,,,,,,,,,,,,,,,,,,,,,,,,,,,,,,,,,,,,,,7.258088004125166
2025,5,Saudi Arabian Grand Prix,2025-04-20,jeddah,Jeddah Corniche Circuit,lawson,LAW,Liam Lawson,rb,RB F1 Team,30,,12.0,12,0.0,50,Finished,10.0,1:32.998,,,LAW,,,,,,,,,,,,,STREET,ANTI_CLOCKWISE,21.543333,39.172778,6.174,27,5,ground_effect,2,normal,,,,,,,,,,,,,16.0,15.0,15.4,0.0,0.0,14.2,0.8,,0,False,False,,,,,,,,,,,,,,,,,,,,,,,,,,,,,,,,,,,,,,,,,,,,,,,,,,,,,,,,,,,,,14.121713923427155
2025,5,Saudi Arabian Grand Prix,2025-04-20,jeddah,Jeddah Corniche Circuit,max_verstappen,VER,Max Verstappen,red_bull,Red Bull,1,,2.0,2,18.0,50,Finished,4.0,1:32.280,,,VER,,,,,,,,,,,,,STREET,ANTI_CLOCKWISE,21.543333,39.172778,6.174,27,5,ground_effect,2,normal,,,,,,,,,,,,,6.0,3.6666666666666665,3.8,8.0,14.2,8.7,14.6,1.5,4,False,False,,,,,,,,,,,,,,,,,,,,,,,,,,,,,,,,,,,,,,,,,,,,,,,,,,,,,,,,,,,,,4.734516901425546
2025,5,Saudi Arabian Grand Prix,2025-04-20,jeddah,Jeddah Corniche Circuit,hulkenberg,HUL,Nico Hülkenberg,sauber,Sauber,27,,15.0,15,0.0,49,Lapped,15.0,1:33.446,,,HUL,,,,,,,,,,,,,STREET,ANTI_CLOCKWISE,21.543333,39.172778,6.174,27,5,ground_effect,2,normal,,,,,,,,,,,,,20.0,17.0,13.2,0.0,2.0,15.6,1.2,11.333333333333334,3,False,False,,,,,,,,,,,,,,,,,,,,,,,,,,,,,,,,,,,,,,,,,,,,,,,,,,,,,,,,,,,,,13.167747101380657
2025,5,Saudi Arabian Grand Prix,2025-04-20,jeddah,Jeddah Corniche Circuit,bearman,BEA,Oliver Bearman,haas,Haas F1 Team,87,,13.0,13,0.0,50,Finished,13.0,1:33.238,,,BEA,,,,,,,,,,,,,STREET,ANTI_CLOCKWISE,21.543333,39.172778,6.174,27,5,ground_effect,2,normal,,,,,,,,,,,,,10.0,9.333333333333334,10.8,1.0,1.2,11.0,4.8,7.0,1,False,False,,,,,,,,,,,,,,,,,,,,,,,,,,,,,,,,,,,,,,,,,,,,,,,,,,,,,,,,,,,,,12.411880127501236
2025,5,Saudi Arabian Grand Prix,2025-04-20,jeddah,Jeddah Corniche Circuit,piastri,PIA,Oscar Piastri,mclaren,McLaren,81,,1.0,1,25.0,50,Finished,3.0,1:32.228,,,PIA,,,,,,,,,,,,,STREET,ANTI_CLOCKWISE,21.543333,39.172778,6.174,27,5,ground_effect,2,normal,,,,,,,,,,,,,1.0,1.6666666666666667,4.8,25.0,13.6,3.3,33.8,9.5,2,False,False,,,,,,,,,,,,,,,,,,,,,,,,,,,,,,,,,,,,,,,,,,,,,,,,,,,,,,,,,,,,,4.523112678331804
2025,5,Saudi Arabian Grand Prix,2025-04-20,jeddah,Jeddah Corniche Circuit,gasly,GAS,Pierre Gasly,alpine,Alpine F1 Team,10,,20.0,R,0.0,0,Retired,,,,,GAS,,,,,,,,,,,,,STREET,ANTI_CLOCKWISE,21.543333,39.172778,6.174,27,5,ground_effect,2,normal,,,,,,,,,,,,,7.0,13.333333333333334,11.6,6.0,2.4,13.4,2.4,10.75,4,False,False,,,,,,,,,,,,,,,,,,,,,,,,,,,,,,,,,,,,,,,,,,,,,,,,,,,,,,,,,,,,,12.435853361126528
2025,5,Saudi Arabian Grand Prix,2025-04-20,jeddah,Jeddah Corniche Circuit,tsunoda,TSU,Yuki Tsunoda,red_bull,Red Bull,22,,19.0,R,0.0,1,Retired,,,,,TSU,,,,,,,,,,,,,STREET,ANTI_CLOCKWISE,21.543333,39.172778,6.174,27,5,ground_effect,2,normal,,,,,,,,,,,,,9.0,12.333333333333334,12.2,2.0,0.4,8.7,14.6,14.75,4,False,False,,,,,,,,,,,,,,,,,,,,,,,,,,,,,,,,,,,,,,,,,,,,,,,,,,,,,,,,,,,,,10.487349266290863
2025,6,Miami Grand Prix,2025-05-04,miami,Miami International Autodrome,albon,ALB,Alexander Albon,williams,Williams,23,,5.0,5,10.0,57,Finished,6.0,1:30.482,,,ALB,,,,,,,,,,,,,STREET,ANTI_CLOCKWISE,25.958056,-80.238889,5.412,19,5,ground_effect,2,sprint,,,,,,,,,,,,,9.0,10.0,8.4,2.0,4.0,11.1,5.0,13.666666666666666,3,False,False,,,,,,,,,,,,,,,,,,,,,,,,,,,,,,,,,,,,,,,,,,,,,,,,,,,,,,,,,,,,,12.415866620044254
2025,6,Miami Grand Prix,2025-05-04,miami,Miami International Autodrome,antonelli,ANT,Andrea Kimi Antonelli,mercedes,Mercedes,12,,6.0,6,8.0,57,Finished,9.0,1:30.795,,,ANT,,,,,,,,,,,,,STREET,ANTI_CLOCKWISE,25.958056,-80.238889,5.412,19,5,ground_effect,2,sprint,,,,,,,,,,,,,6.0,7.666666666666667,6.6,8.0,7.2,5.1,20.8,,0,False,False,,,,,,,,,,,,,,,,,,,,,,,,,,,,,,,,,,,,,,,,,,,,,,,,,,,,,,,,,,,,,7.4879412511787375
2025,6,Miami Grand Prix,2025-05-04,miami,Miami International Autodrome,sainz,SAI,Carlos Sainz,williams,Williams,55,,9.0,9,2.0,57,Finished,8.0,1:30.703,,,SAI,,,,,,,,,,,,,STREET,ANTI_CLOCKWISE,25.958056,-80.238889,5.412,19,5,ground_effect,2,sprint,,,,,,,,,,,,,8.0,13.666666666666666,13.8,4.0,1.0,11.1,5.0,4.333333333333333,3,False,False,,,,,,,,,,,,,,,,,,,,,,,,,,,,,,,,,,,,,,,,,,,,,,,,,,,,,,,,,,,,,11.427284305510272
2025,6,Miami Grand Prix,2025-05-04,miami,Miami International Autodrome,leclerc,LEC,Charles Leclerc,ferrari,Ferrari,16,,7.0,7,6.0,57,Finished,4.0,1:30.461,,,LEC,,,,,,,,,,,,,STREET,ANTI_CLOCKWISE,25.958056,-80.238889,5.412,19,5,ground_effect,2,sprint,,,,,,,,,,,,,3.0,3.6666666666666665,7.4,15.0,8.6,8.5,13.2,4.0,3,False,False,,,,,,,,,,,,,,,,,,,,,,,,,,,,,,,,,,,,,,,,,,,,,,,,,,,,,,,,,,,,,7.042167378467082
2025,6,Miami Grand Prix,2025-05-04,miami,Miami International Autodrome,ocon,OCO,Esteban Ocon,haas,Haas F1 Team,31,,12.0,12,0.0,57,Finished,13.0,1:31.122,,,OCO,,,,,,,,,,,,,STREET,ANTI_CLOCKWISE,25.958056,-80.238889,5.412,19,5,ground_effect,2,sprint,,,,,,,,,,,,,14.0,13.333333333333334,11.6,0.0,2.8,11.3,4.0,9.0,3,False,False,,,,,,,,,,,,,,,,,,,,,,,,,,,,,,,,,,,,,,,,,,,,,,,,,,,,,,,,,,,,,12.774621999141656
2025,6,Miami Grand Prix,2025-05-04,miami,Miami International Autodrome,alonso,ALO,Fernando Alonso,aston_martin,Aston Martin,14,,15.0,15,0.0,56,Lapped,15.0,1:31.287,,,ALO,,,,,,,,,,,,,STREET,ANTI_CLOCKWISE,25.958056,-80.238889,5.412,19,5,ground_effect,2,sprint,,,,,,,,,,,,,11.0,12.333333333333334,14.2,0.0,0.0,13.9,2.0,7.666666666666667,3,False,False,,,,,,,,,,,,,,,,,,,,,,,,,,,,,,,,,,,,,,,,,,,,,,,,,,,,,,,,,,,,,12.505225930977122
2025,6,Miami Grand Prix,2025-05-04,miami,Miami International Autodrome,bortoleto,BOR,Gabriel Bortoleto,sauber,Sauber,5,,18.0,R,0.0,30,Retired,18.0,1:32.328,,,BOR,,,,,,,,,,,,,STREET,ANTI_CLOCKWISE,25.958056,-80.238889,5.412,19,5,ground_effect,2,sprint,,,,,,,,,,,,,18.0,18.33333333333333,17.0,0.0,0.0,15.8,1.2,,0,False,False,,,,,,,,,,,,,,,,,,,,,,,,,,,,,,,,,,,,,,,,,,,,,,,,,,,,,,,,,,,,,14.543228579801344
2025,6,Miami Grand Prix,2025-05-04,miami,Miami International Autodrome,russell,RUS,George Russell,mercedes,Mercedes,63,,3.0,3,15.0,57,Finished,3.0,1:30.318,,,RUS,,,,,,,,,,,,,STREET,ANTI_CLOCKWISE,25.958056,-80.238889,5.412,19,5,ground_effect,2,sprint,,,,,,,,,,,,,5.0,4.0,3.6,10.0,13.6,5.1,20.8,5.666666666666667,3,False,False,,,,,,,,,,,,,,,,,,,,,,,,,,,,,,,,,,,,,,,,,,,,,,,,,,,,,,,,,,,,,5.841414604810897
2025,6,Miami Grand Prix,2025-05-04,miami,Miami International Autodrome,hadjar,HAD,Isack Hadjar,rb,RB F1 Team,6,,11.0,11,0.0,57,Finished,11.0,1:30.971,,,HAD,,,,,,,,,,,,,STREET,ANTI_CLOCKWISE,25.958056,-80.238889,5.412,19,5,ground_effect,2,sprint,,,,,,,,,,,,,10.0,10.333333333333334,12.4,1.0,1.0,13.5,1.0,,0,False,False,,,,,,,,,,,,,,,,,,,,,,,,,,,,,,,,,,,,,,,,,,,,,,,,,,,,,,,,,,,,,13.220271383669566
2025,6,Miami Grand Prix,2025-05-04,miami,Miami International Autodrome,doohan,DOO,Jack Doohan,alpine,Alpine F1 Team,7,,20.0,R,0.0,0,Retired,,,,,DOO,,,,,,,,,,,,,STREET,ANTI_CLOCKWISE,25.958056,-80.238889,5.412,19,5,ground_effect,2,sprint,,,,,,,,,,,,,17.0,15.333333333333334,15.6,0.0,0.0,14.9,1.2,,0,False,False,,,,,,,,,,,,,,,,,,,,,,,,,,,,,,,,,,,,,,,,,,,,,,,,,,,,,,,,,,,,,13.955976340810842
2025,6,Miami Grand Prix,2025-05-04,miami,Miami International Autodrome,stroll,STR,Lance Stroll,aston_martin,Aston Martin,18,,16.0,16,0.0,56,Lapped,16.0,1:31.769,,,STR,,,,,,,,,,,,,STREET,ANTI_CLOCKWISE,25.958056,-80.238889,5.412,19,5,ground_effect,2,sprint,,,,,,,,,,,,,16.0,17.666666666666668,13.6,0.0,2.0,13.9,2.0,13.0,3,False,False,,,,,,,,,,,,,,,,,,,,,,,,,,,,,,,,,,,,,,,,,,,,,,,,,,,,,,,,,,,,,12.575448418660816
2025,6,Miami Grand Prix,2025-05-04,miami,Miami International Autodrome,norris,NOR,Lando Norris,mclaren,McLaren,4,,2.0,2,18.0,57,Finished,1.0,1:29.746,,,NOR,,,,,,,,,,,,,STREET,ANTI_CLOCKWISE,25.958056,-80.238889,5.412,19,5,ground_effect,2,sprint,,,,,,,,,,,,,4.0,3.0,2.4,12.0,17.6,2.7,36.0,12.333333333333334,3,False,False,,,,,,,,,,,,,,,,,,,,,,,,,,,,,,,,,,,,,,,,,,,,,,,,,,,,,,,,,,,,,3.989536785772315
2025,6,Miami Grand Prix,2025-05-04,miami,Miami International Autodrome,hamilton,HAM,Lewis Hamilton,ferrari,Ferrari,44,,8.0,8,4.0,57,Finished,7.0,1:30.562,,,HAM,,,,,,,,,,,,,STREET,ANTI_CLOCKWISE,25.958056,-80.238889,5.412,19,5,ground_effect,2,sprint,,,,,,,,,,,,,7.0,6.333333333333333,9.6,6.0,4.6,8.5,13.2,6.0,3,False,False,,,,,,,,,,,,,,,,,,,,,,,,,,,,,,,,,,,,,,,,,,,,,,,,,,,,,,,,,,,,,7.106419969168807
2025,6,Miami Grand Prix,2025-05-04,miami,Miami International Autodrome,lawson,LAW,Liam Lawson,rb,RB F1 Team,30,,17.0,R,0.0,36,Retired,17.0,1:31.770,,,LAW,,,,,,,,,,,,,STREET,ANTI_CLOCKWISE,25.958056,-80.238889,5.412,19,5,ground_effect,2,sprint,,,,,,,,,,,,,12.0,15.0,14.4,0.0,0.0,13.5,1.0,,0,False,False,,,,,,,,,,,,,,,,,,,,,,,,,,,,,,,,,,,,,,,,,,,,,,,,,,,,,,,,,,,,,14.211690763846066
2025,6,Miami Grand Prix,2025-05-04,miami,Miami International Autodrome,max_verstappen,VER,Max Verstappen,red_bull,Red Bull,1,,4.0,4,12.0,57,Finished,5.0,1:30.466,,,VER,,,,,,,,,,,,,STREET,ANTI_CLOCKWISE,25.958056,-80.238889,5.412,19,5,ground_effect,2,sprint,,,,,,,,,,,,,2.0,3.0,3.0,18.0,16.2,8.2,16.6,1.3333333333333333,3,False,False,,,,,,,,,,,,,,,,,,,,,,,,,,,,,,,,,,,,,,,,,,,,,,,,,,,,,,,,,,,,,4.417311827478987
2025,6,Miami Grand Prix,2025-05-04,miami,Miami International Autodrome,hulkenberg,HUL,Nico Hülkenberg,sauber,Sauber,27,,14.0,14,0.0,56,Lapped,12.0,1:31.015,,,HUL,,,,,,,,,,,,,STREET,ANTI_CLOCKWISE,25.958056,-80.238889,5.412,19,5,ground_effect,2,sprint,,,,,,,,,,,,,15.0,17.0,14.6,0.0,1.2,15.8,1.2,13.0,2,False,False,,,,,,,,,,,,,,,,,,,,,,,,,,,,,,,,,,,,,,,,,,,,,,,,,,,,,,,,,,,,,13.875920372098598
2025,6,Miami Grand Prix,2025-05-04,miami,Miami International Autodrome,bearman,BEA,Oliver Bearman,haas,Haas F1 Team,87,,19.0,R,0.0,27,Retired,19.0,1:32.680,,,BEA,,,,,,,,,,,,,STREET,ANTI_CLOCKWISE,25.958056,-80.238889,5.412,19,5,ground_effect,2,sprint,,,,,,,,,,,,,13.0,11.0,11.0,0.0,1.2,11.3,4.0,,0,False,False,,,,,,,,,,,,,,,,,,,,,,,,,,,,,,,,,,,,,,,,,,,,,,,,,,,,,,,,,,,,,13.952499704823646
2025,6,Miami Grand Prix,2025-05-04,miami,Miami International Autodrome,piastri,PIA,Oscar Piastri,mclaren,McLaren,81,,1.0,1,25.0,57,Finished,2.0,1:29.822,,,PIA,,,,,,,,,,,,,STREET,ANTI_CLOCKWISE,25.958056,-80.238889,5.412,19,5,ground_effect,2,sprint,,,,,,,,,,,,,1.0,1.6666666666666667,3.0,25.0,18.4,2.7,36.0,16.0,2,False,False,,,,,,,,,,,,,,,,,,,,,,,,,,,,,,,,,,,,,,,,,,,,,,,,,,,,,,,,,,,,,4.4717235107603726
2025,6,Miami Grand Prix,2025-05-04,miami,Miami International Autodrome,gasly,GAS,Pierre Gasly,alpine,Alpine F1 Team,10,,13.0,13,0.0,57,Finished,14.0,1:31.159,,,GAS,,,,,,,,,,,,,STREET,ANTI_CLOCKWISE,25.958056,-80.238889,5.412,19,5,ground_effect,2,sprint,,,,,,,,,,,,,20.0,13.333333333333334,14.2,0.0,1.2,14.9,1.2,12.666666666666666,3,False,False,,,,,,,,,,,,,,,,,,,,,,,,,,,,,,,,,,,,,,,,,,,,,,,,,,,,,,,,,,,,,12.822261005908093
2025,6,Miami Grand Prix,2025-05-04,miami,Miami International Autodrome,tsunoda,TSU,Yuki Tsunoda,red_bull,Red Bull,22,,10.0,10,1.0,57,Finished,10.0,1:30.964,,,TSU,,,,,,,,,,,,,STREET,ANTI_CLOCKWISE,25.958056,-80.238889,5.412,19,5,ground_effect,2,sprint,,,,,,,,,,,,,19.0,13.333333333333334,13.6,0.0,0.4,8.2,16.6,10.0,3,False,False,,,,,,,,,,,,,,,,,,,,,,,,,,,,,,,,,,,,,,,,,,,,,,,,,,,,,,,,,,,,,10.177865478538118
2025,7,Emilia Romagna Grand Prix,2025-05-18,imola,Autodromo Enzo e Dino Ferrari,albon,ALB,Alexander Albon,williams,Williams,23,,5.0,5,10.0,63,Finished,3.0,1:18.289,,,ALB,,,,,,,,,,,,,RACE,ANTI_CLOCKWISE,44.341111,11.713333,4.909,19,32,ground_effect,2,normal,,,,,,,,,,,,,5.0,8.666666666666666,8.4,10.0,4.0,10.2,5.4,15.333333333333334,3,False,False,,,,,,,,,,,,,,,,,,,,,,,,,,,,,,,,,,,,,,,,,,,,,,,,,,,,,,,,,,,,,10.24863129389393
2025,7,Emilia Romagna Grand Prix,2025-05-18,imola,Autodromo Enzo e Dino Ferrari,antonelli,ANT,Andrea Kimi Antonelli,mercedes,Mercedes,12,,19.0,R,0.0,44,Retired,18.0,1:20.620,,,ANT,,,,,,,,,,,,,RACE,ANTI_CLOCKWISE,44.341111,11.713333,4.909,19,32,ground_effect,2,normal,,,,,,,,,,,,,6.0,7.666666666666667,7.0,8.0,6.4,5.3,20.0,,0,False,False,,,,,,,,,,,,,,,,,,,,,,,,,,,,,,,,,,,,,,,,,,,,,,,,,,,,,,,,,,,,,7.163437614731283
2025,7,Emilia Romagna Grand Prix,2025-05-18,imola,Autodromo Enzo e Dino Ferrari,sainz,SAI,Carlos Sainz,williams,Williams,55,,8.0,8,4.0,63,Finished,10.0,1:19.836,,,SAI,,,,,,,,,,,,,RACE,ANTI_CLOCKWISE,44.341111,11.713333,4.909,19,32,ground_effect,2,normal,,,,,,,,,,,,,9.0,12.0,12.0,2.0,1.4,10.2,5.4,9.25,4,False,False,,,,,,,,,,,,,,,,,,,,,,,,,,,,,,,,,,,,,,,,,,,,,,,,,,,,,,,,,,,,,11.614173178775772
2025,7,Emilia Romagna Grand Prix,2025-05-18,imola,Autodromo Enzo e Dino Ferrari,leclerc,LEC,Charles Leclerc,ferrari,Ferrari,16,,6.0,6,8.0,63,Finished,6.0,1:19.048,,,LEC,,,,,,,,,,,,,RACE,ANTI_CLOCKWISE,44.341111,11.713333,4.909,19,32,ground_effect,2,normal,,,,,,,,,,,,,7.0,4.666666666666667,7.2,6.0,9.0,8.2,14.2,4.5,4,False,False,,,,,,,,,,,,,,,,,,,,,,,,,,,,,,,,,,,,,,,,,,,,,,,,,,,,,,,,,,,,,7.682048034452014
2025,7,Emilia Romagna Grand Prix,2025-05-18,imola,Autodromo Enzo e Dino Ferrari,ocon,OCO,Esteban Ocon,haas,Haas F1 Team,31,,20.0,R,0.0,27,Retired,20.0,1:21.413,,,OCO,,,,,,,,,,,,,RACE,ANTI_CLOCKWISE,44.341111,11.713333,4.909,19,32,ground_effect,2,normal,,,,,,,,,,,,,12.0,11.333333333333334,11.4,0.0,2.8,11.7,4.0,14.0,4,False,False,,,,,,,,,,,,,,,,,,,,,,,,,,,,,,,,,,,,,,,,,,,,,,,,,,,,,,,,,,,,,13.171740784787076
2025,7,Emilia Romagna Grand Prix,2025-05-18,imola,Autodromo Enzo e Dino Ferrari,alonso,ALO,Fernando Alonso,aston_martin,Aston Martin,14,,11.0,11,0.0,63,Finished,11.0,1:19.894,,,ALO,,,,,,,,,,,,,RACE,ANTI_CLOCKWISE,44.341111,11.713333,4.909,19,32,ground_effect,2,normal,,,,,,,,,,,,,15.0,13.666666666666666,13.8,0.0,0.0,14.7,0.4,16.0,3,False,False,,,,,,,,,,,,,,,,,,,,,,,,,,,,,,,,,,,,,,,,,,,,,,,,,,,,,,,,,,,,,13.630124188536188
2025,7,Emilia Romagna Grand Prix,2025-05-18,imola,Autodromo Enzo e Dino Ferrari,colapinto,COL,Franco Colapinto,alpine,Alpine F1 Team,43,,16.0,16,0.0,63,Finished,13.0,1:20.345,,,COL,,,,,,,,,,,,,RACE,ANTI_CLOCKWISE,44.341111,11.713333,4.909,19,32,ground_effect,2,normal,,,,,,,,,,,,,19.0,17.333333333333332,16.2,0.0,0.0,15.2,1.2,,0,False,False,,,,,,,,,,,,,,,,,,,,,,,,,,,,,,,,,,,,,,,,,,,,,,,,,,,,,,,,,,,,,14.02577122515941
2025,7,Emilia Romagna Grand Prix,2025-05-18,imola,Autodromo Enzo e Dino Ferrari,bortoleto,BOR,Gabriel Bortoleto,sauber,Sauber,5,,18.0,18,0.0,63,Finished,19.0,1:20.630,,,BOR,,,,,,,,,,,,,RACE,ANTI_CLOCKWISE,44.341111,11.713333,4.909,19,32,ground_effect,2,normal,,,,,,,,,,,,,18.0,18.0,17.4,0.0,0.0,16.7,0.0,,0,False,False,,,,,,,,,,,,,,,,,,,,,,,,,,,,,,,,,,,,,,,,,,,,,,,,,,,,,,,,,,,,,16.115074271690883
2025,7,Emilia Romagna Grand Prix,2025-05-18,imola,Autodromo Enzo e Dino Ferrari,russell,RUS,George Russell,mercedes,Mercedes,63,,7.0,7,6.0,63,Finished,9.0,1:19.733,,,RUS,,,,,,,,,,,,,RACE,ANTI_CLOCKWISE,44.341111,11.713333,4.909,19,32,ground_effect,2,normal,,,,,,,,,,,,,3.0,3.333333333333333,3.6,15.0,13.6,5.3,20.0,11.5,4,False,False,,,,,,,,,,,,,,,,,,,,,,,,,,,,,,,,,,,,,,,,,,,,,,,,,,,,,,,,,,,,,5.6295960197758435
2025,7,Emilia Romagna Grand Prix,2025-05-18,imola,Autodromo Enzo e Dino Ferrari,hadjar,HAD,Isack Hadjar,rb,RB F1 Team,6,,9.0,9,2.0,63,Finished,7.0,1:19.473,,,HAD,,,,,,,,,,,,,RACE,ANTI_CLOCKWISE,44.341111,11.713333,4.909,19,32,ground_effect,2,normal,,,,,,,,,,,,,11.0,11.333333333333334,10.6,0.0,1.0,13.1,1.0,,0,False,False,,,,,,,,,,,,,,,,,,,,,,,,,,,,,,,,,,,,,,,,,,,,,,,,,,,,,,,,,,,,,12.703052535641596
2025,7,Emilia Romagna Grand Prix,2025-05-18,imola,Autodromo Enzo e Dino Ferrari,stroll,STR,Lance Stroll,aston_martin,Aston Martin,18,,15.0,15,0.0,63,Finished,17.0,1:20.501,,,STR,,,,,,,,,,,,,RACE,ANTI_CLOCKWISE,44.341111,11.713333,4.909,19,32,ground_effect,2,normal,,,,,,,,,,,,,16.0,16.333333333333332,15.6,0.0,0.4,14.7,0.4,10.0,4,False,False,,,,,,,,,,,,,,,,,,,,,,,,,,,,,,,,,,,,,,,,,,,,,,,,,,,,,,,,,,,,,14.103167005043371
2025,7,Emilia Romagna Grand Prix,2025-05-18,imola,Autodromo Enzo e Dino Ferrari,norris,NOR,Lando Norris,mclaren,McLaren,4,,2.0,2,18.0,63,Finished,4.0,1:18.311,,,NOR,,,,,,,,,,,,,RACE,ANTI_CLOCKWISE,44.341111,11.713333,4.909,19,32,ground_effect,2,normal,,,,,,,,,,,,,2.0,3.0,2.6,18.0,16.2,2.0,39.2,4.0,4,False,False,,,,,,,,,,,,,,,,,,,,,,,,,,,,,,,,,,,,,,,,,,,,,,,,,,,,,,,,,,,,,4.911149940677286
2025,7,Emilia Romagna Grand Prix,2025-05-18,imola,Autodromo Enzo e Dino Ferrari,hamilton,HAM,Lewis Hamilton,ferrari,Ferrari,44,,4.0,4,12.0,63,Finished,2.0,1:18.265,,,HAM,,,,,,,,,,,,,RACE,ANTI_CLOCKWISE,44.341111,11.713333,4.909,19,32,ground_effect,2,normal,,,,,,,,,,,,,8.0,6.666666666666667,9.2,4.0,5.2,8.2,14.2,5.5,4,False,False,,,,,,,,,,,,,,,,,,,,,,,,,,,,,,,,,,,,,,,,,,,,,,,,,,,,,,,,,,,,,7.213320130871568
2025,7,Emilia Romagna Grand Prix,2025-05-18,imola,Autodromo Enzo e Dino Ferrari,lawson,LAW,Liam Lawson,rb,RB F1 Team,30,,14.0,14,0.0,63,Finished,16.0,1:20.473,,,LAW,,,,,,,,,,,,,RACE,ANTI_CLOCKWISE,44.341111,11.713333,4.909,19,32,ground_effect,2,normal,,,,,,,,,,,,,17.0,15.0,14.8,0.0,0.0,13.1,1.0,,0,False,False,,,,,,,,,,,,,,,,,,,,,,,,,,,,,,,,,,,,,,,,,,,,,,,,,,,,,,,,,,,,,14.211510371002538
2025,7,Emilia Romagna Grand Prix,2025-05-18,imola,Autodromo Enzo e Dino Ferrari,max_verstappen,VER,Max Verstappen,red_bull,Red Bull,1,,1.0,1,25.0,63,Finished,1.0,1:17.988,,,VER,,,,,,,,,,,,,RACE,ANTI_CLOCKWISE,44.341111,11.713333,4.909,19,32,ground_effect,2,normal,,,,,,,,,,,,,4.0,4.0,3.4,12.0,15.0,7.9,15.6,5.0,4,False,False,,,,,,,,,,,,,,,,,,,,,,,,,,,,,,,,,,,,,,,,,,,,,,,,,,,,,,,,,,,,,4.976720139664005
2025,7,Emilia Romagna Grand Prix,2025-05-18,imola,Autodromo Enzo e Dino Ferrari,hulkenberg,HUL,Nico Hülkenberg,sauber,Sauber,27,,12.0,12,0.0,63,Finished,15.0,1:20.401,,,HUL,,,,,,,,,,,,,RACE,ANTI_CLOCKWISE,44.341111,11.713333,4.909,19,32,ground_effect,2,normal,,,,,,,,,,,,,14.0,16.333333333333332,16.0,0.0,0.0,16.7,0.0,11.0,1,False,False,,,,,,,,,,,,,,,,,,,,,,,,,,,,,,,,,,,,,,,,,,,,,,,,,,,,,,,,,,,,,15.279433425865843
2025,7,Emilia Romagna Grand Prix,2025-05-18,imola,Autodromo Enzo e Dino Ferrari,bearman,BEA,Oliver Bearman,haas,Haas F1 Team,87,,17.0,17,0.0,63,Finished,8.0,1:19.521,,,BEA,,,,,,,,,,,,,RACE,ANTI_CLOCKWISE,44.341111,11.713333,4.909,19,32,ground_effect,2,normal,,,,,,,,,,,,,19.0,14.0,12.0,0.0,1.2,11.7,4.0,,0,False,False,,,,,,,,,,,,,,,,,,,,,,,,,,,,,,,,,,,,,,,,,,,,,,,,,,,,,,,,,,,,,13.493853851512524
2025,7,Emilia Romagna Grand Prix,2025-05-18,imola,Autodromo Enzo e Dino Ferrari,piastri,PIA,Oscar Piastri,mclaren,McLaren,81,,3.0,3,15.0,63,Finished,5.0,1:18.894,,,PIA,,,,,,,,,,,,,RACE,ANTI_CLOCKWISE,44.341111,11.713333,4.909,19,32,ground_effect,2,normal,,,,,,,,,,,,,1.0,1.0,1.4,25.0,23.0,2.0,39.2,4.0,1,False,False,,,,,,,,,,,,,,,,,,,,,,,,,,,,,,,,,,,,,,,,,,,,,,,,,,,,,,,,,,,,,4.2192735817439075
2025,7,Emilia Romagna Grand Prix,2025-05-18,imola,Autodromo Enzo e Dino Ferrari,gasly,GAS,Pierre Gasly,alpine,Alpine F1 Team,10,,13.0,13,0.0,63,Finished,14.0,1:20.398,,,GAS,,,,,,,,,,,,,RACE,ANTI_CLOCKWISE,44.341111,11.713333,4.909,19,32,ground_effect,2,normal,,,,,,,,,,,,,13.0,13.333333333333334,14.6,0.0,1.2,15.2,1.2,13.75,4,False,False,,,,,,,,,,,,,,,,,,,,,,,,,,,,,,,,,,,,,,,,,,,,,,,,,,,,,,,,,,,,,13.45105155655261
2025,7,Emilia Romagna Grand Prix,2025-05-18,imola,Autodromo Enzo e Dino Ferrari,tsunoda,TSU,Yuki Tsunoda,red_bull,Red Bull,22,,10.0,10,1.0,63,Finished,12.0,1:20.039,,,TSU,,,,,,,,,,,,,RACE,ANTI_CLOCKWISE,44.341111,11.713333,4.909,19,32,ground_effect,2,normal,,,,,,,,,,,,,10.0,12.666666666666666,13.2,1.0,0.6,7.9,15.6,9.666666666666666,3,False,False,,,,,,,,,,,,,,,,,,,,,,,,,,,,,,,,,,,,,,,,,,,,,,,,,,,,,,,,,,,,,10.759942611530855
2025,8,Monaco Grand Prix,2025-05-25,monaco,Circuit de Monaco,albon,ALB,Alexander Albon,williams,Williams,23,,9.0,9,2.0,76,Lapped,9.0,1:14.597,,,ALB,,,,,,,,,,,,,STREET,CLOCKWISE,43.734722,7.420556,3.337,19,72,ground_effect,2,normal,,,,,,,,,,,,,5.0,6.333333333333333,8.0,10.0,4.8,9.8,6.8,12.25,4,False,False,,,,,,,,,,,,,,,,,,,,,,,,,,,,,,,,,,,,,,,,,,,,,,,,,,,,,,,,,,,,,9.711897347174471
2025,8,Monaco Grand Prix,2025-05-25,monaco,Circuit de Monaco,antonelli,ANT,Andrea Kimi Antonelli,mercedes,Mercedes,12,,18.0,18,0.0,75,Lapped,3.0,1:13.518,,,ANT,,,,,,,,,,,,,STREET,CLOCKWISE,43.734722,7.420556,3.337,19,72,ground_effect,2,normal,,,,,,,,,,,,,19.0,10.333333333333334,9.6,0.0,4.8,7.0,16.6,,0,False,False,,,,,,,,,,,,,,,,,,,,,,,,,,,,,,,,,,,,,,,,,,,,,,,,,,,,,,,,,,,,,7.55681513595929
2025,8,Monaco Grand Prix,2025-05-25,monaco,Circuit de Monaco,sainz,SAI,Carlos Sainz,williams,Williams,55,,10.0,10,1.0,76,Lapped,5.0,1:13.988,,,SAI,,,,,,,,,,,,,STREET,CLOCKWISE,43.734722,7.420556,3.337,19,72,ground_effect,2,normal,,,,,,,,,,,,,8.0,8.333333333333334,11.6,4.0,2.0,9.8,6.8,6.111111111111111,9,False,False,,,,,,,,,,,,,,,,,,,,,,,,,,,,,,,,,,,,,,,,,,,,,,,,,,,,,,,,,,,,,10.343744734083883
2025,8,Monaco Grand Prix,2025-05-25,monaco,Circuit de Monaco,leclerc,LEC,Charles Leclerc,ferrari,Ferrari,16,,2.0,2,18.0,78,Finished,6.0,1:14.055,,,LEC,,,,,,,,,,,,,STREET,CLOCKWISE,43.734722,7.420556,3.337,19,72,ground_effect,2,normal,,,,,,,,,,,,,6.0,5.333333333333333,4.8,8.0,10.6,5.5,18.2,11.5,6,False,False,,,,,,,,,,,,,,,,,,,,,,,,,,,,,,,,,,,,,,,,,,,,,,,,,,,,,,,,,,,,,6.993430557245394
2025,8,Monaco Grand Prix,2025-05-25,monaco,Circuit de Monaco,ocon,OCO,Esteban Ocon,haas,Haas F1 Team,31,,7.0,7,6.0,77,Lapped,14.0,1:15.157,,,OCO,,,,,,,,,,,,,STREET,CLOCKWISE,43.734722,7.420556,3.337,19,72,ground_effect,2,normal,,,,,,,,,,,,,20.0,15.333333333333334,14.4,0.0,0.8,14.1,1.2,9.833333333333334,6,False,False,,,,,,,,,,,,,,,,,,,,,,,,,,,,,,,,,,,,,,,,,,,,,,,,,,,,,,,,,,,,,14.376038312504306
2025,8,Monaco Grand Prix,2025-05-25,monaco,Circuit de Monaco,alonso,ALO,Fernando Alonso,aston_martin,Aston Martin,14,,19.0,R,0.0,36,Retired,18.0,1:15.593,,,ALO,,,,,,,,,,,,,STREET,CLOCKWISE,43.734722,7.420556,3.337,19,72,ground_effect,2,normal,,,,,,,,,,,,,11.0,12.333333333333334,12.6,0.0,0.0,14.7,0.0,10.125,8,False,False,,,,,,,,,,,,,,,,,,,,,,,,,,,,,,,,,,,,,,,,,,,,,,,,,,,,,,,,,,,,,12.93696647404039
2025,8,Monaco Grand Prix,2025-05-25,monaco,Circuit de Monaco,colapinto,COL,Franco Colapinto,alpine,Alpine F1 Team,43,,13.0,13,0.0,76,Lapped,16.0,1:15.298,,,COL,,,,,,,,,,,,,STREET,CLOCKWISE,43.734722,7.420556,3.337,19,72,ground_effect,2,normal,,,,,,,,,,,,,16.0,18.0,17.0,0.0,0.0,14.8,1.2,,0,False,False,,,,,,,,,,,,,,,,,,,,,,,,,,,,,,,,,,,,,,,,,,,,,,,,,,,,,,,,,,,,,14.439139302917916
2025,8,Monaco Grand Prix,2025-05-25,monaco,Circuit de Monaco,bortoleto,BOR,Gabriel Bortoleto,sauber,Sauber,5,,14.0,14,0.0,76,Lapped,12.0,1:14.884,,,BOR,,,,,,,,,,,,,STREET,CLOCKWISE,43.734722,7.420556,3.337,19,72,ground_effect,2,normal,,,,,,,,,,,,,18.0,18.0,18.2,0.0,0.0,16.8,0.0,,0,False,False,,,,,,,,,,,,,,,,,,,,,,,,,,,,,,,,,,,,,,,,,,,,,,,,,,,,,,,,,,,,,15.431171566483735
2025,8,Monaco Grand Prix,2025-05-25,monaco,Circuit de Monaco,russell,RUS,George Russell,mercedes,Mercedes,63,,11.0,11,0.0,76,Lapped,2.0,1:13.405,,,RUS,,,,,,,,,,,,,STREET,CLOCKWISE,43.734722,7.420556,3.337,19,72,ground_effect,2,normal,,,,,,,,,,,,,7.0,5.0,4.4,6.0,11.8,7.0,16.6,8.8,5,False,False,,,,,,,,,,,,,,,,,,,,,,,,,,,,,,,,,,,,,,,,,,,,,,,,,,,,,,,,,,,,,6.963264218676193
2025,8,Monaco Grand Prix,2025-05-25,monaco,Circuit de Monaco,hadjar,HAD,Isack Hadjar,rb,RB F1 Team,6,,6.0,6,8.0,77,Lapped,19.0,1:15.981,,,HAD,,,,,,,,,,,,,STREET,CLOCKWISE,43.734722,7.420556,3.337,19,72,ground_effect,2,normal,,,,,,,,,,,,,9.0,10.0,10.2,2.0,1.4,12.7,1.4,,0,False,False,,,,,,,,,,,,,,,,,,,,,,,,,,,,,,,,,,,,,,,,,,,,,,,,,,,,,,,,,,,,,12.689070782791909
2025,8,Monaco Grand Prix,2025-05-25,monaco,Circuit de Monaco,stroll,STR,Lance Stroll,aston_martin,Aston Martin,18,,15.0,15,0.0,76,Lapped,11.0,1:14.877,,,STR,,,,,,,,,,,,,STREET,CLOCKWISE,43.734722,7.420556,3.337,19,72,ground_effect,2,normal,,,,,,,,,,,,,15.0,15.666666666666666,16.8,0.0,0.0,14.7,0.0,14.857142857142858,7,False,False,,,,,,,,,,,,,,,,,,,,,,,,,,,,,,,,,,,,,,,,,,,,,,,,,,,,,,,,,,,,,13.898081156463437
2025,8,Monaco Grand Prix,2025-05-25,monaco,Circuit de Monaco,norris,NOR,Lando Norris,mclaren,McLaren,4,,1.0,1,25.0,78,Finished,1.0,1:13.221,,,NOR,,,,,,,,,,,,,STREET,CLOCKWISE,43.734722,7.420556,3.337,19,72,ground_effect,2,normal,,,,,,,,,,,,,2.0,2.6666666666666665,2.6,18.0,16.2,2.2,37.2,6.6,5,False,False,,,,,,,,,,,,,,,,,,,,,,,,,,,,,,,,,,,,,,,,,,,,,,,,,,,,,,,,,,,,,5.020061660861603
2025,8,Monaco Grand Prix,2025-05-25,monaco,Circuit de Monaco,hamilton,HAM,Lewis Hamilton,ferrari,Ferrari,44,,5.0,5,10.0,78,Finished,7.0,1:14.090,,,HAM,,,,,,,,,,,,,STREET,CLOCKWISE,43.734722,7.420556,3.337,19,72,ground_effect,2,normal,,,,,,,,,,,,,4.0,6.333333333333333,6.2,12.0,7.6,5.5,18.2,4.3,10,False,False,,,,,,,,,,,,,,,,,,,,,,,,,,,,,,,,,,,,,,,,,,,,,,,,,,,,,,,,,,,,,5.8212399870019365
2025,8,Monaco Grand Prix,2025-05-25,monaco,Circuit de Monaco,lawson,LAW,Liam Lawson,rb,RB F1 Team,30,,8.0,8,4.0,77,Lapped,17.0,1:15.321,,,LAW,,,,,,,,,,,,,STREET,CLOCKWISE,43.734722,7.420556,3.337,19,72,ground_effect,2,normal,,,,,,,,,,,,,14.0,14.333333333333334,15.2,0.0,0.0,12.7,1.4,,0,False,False,,,,,,,,,,,,,,,,,,,,,,,,,,,,,,,,,,,,,,,,,,,,,,,,,,,,,,,,,,,,,14.71760206660498
2025,8,Monaco Grand Prix,2025-05-25,monaco,Circuit de Monaco,max_verstappen,VER,Max Verstappen,red_bull,Red Bull,1,,4.0,4,12.0,78,Finished,8.0,1:14.230,,,VER,,,,,,,,,,,,,STREET,CLOCKWISE,43.734722,7.420556,3.337,19,72,ground_effect,2,normal,,,,,,,,,,,,,1.0,2.333333333333333,2.8,25.0,17.6,7.4,18.4,7.222222222222222,9,False,False,,,,,,,,,,,,,,,,,,,,,,,,,,,,,,,,,,,,,,,,,,,,,,,,,,,,,,,,,,,,,4.999842736683505
2025,8,Monaco Grand Prix,2025-05-25,monaco,Circuit de Monaco,hulkenberg,HUL,Nico Hülkenberg,sauber,Sauber,27,,16.0,16,0.0,76,Lapped,15.0,1:15.223,,,HUL,,,,,,,,,,,,,STREET,CLOCKWISE,43.734722,7.420556,3.337,19,72,ground_effect,2,normal,,,,,,,,,,,,,12.0,13.666666666666666,15.4,0.0,0.0,16.8,0.0,12.375,8,False,False,,,,,,,,,,,,,,,,,,,,,,,,,,,,,,,,,,,,,,,,,,,,,,,,,,,,,,,,,,,,,14.448199763801135
2025,8,Monaco Grand Prix,2025-05-25,monaco,Circuit de Monaco,bearman,BEA,Oliver Bearman,haas,Haas F1 Team,87,,12.0,12,0.0,76,Lapped,10.0,1:14.855,,,BEA,,,,,,,,,,,,,STREET,CLOCKWISE,43.734722,7.420556,3.337,19,72,ground_effect,2,normal,,,,,,,,,,,,,17.0,16.333333333333332,13.8,0.0,0.4,14.1,1.2,,0,False,False,,,,,,,,,,,,,,,,,,,,,,,,,,,,,,,,,,,,,,,,,,,,,,,,,,,,,,,,,,,,,14.57157717629476
2025,8,Monaco Grand Prix,2025-05-25,monaco,Circuit de Monaco,piastri,PIA,Oscar Piastri,mclaren,McLaren,81,,3.0,3,15.0,78,Finished,4.0,1:13.745,,,PIA,,,,,,,,,,,,,STREET,CLOCKWISE,43.734722,7.420556,3.337,19,72,ground_effect,2,normal,,,,,,,,,,,,,3.0,1.6666666666666667,1.8,15.0,21.0,2.2,37.2,6.0,2,False,False,,,,,,,,,,,,,,,,,,,,,,,,,,,,,,,,,,,,,,,,,,,,,,,,,,,,,,,,,,,,,4.645783915750194
2025,8,Monaco Grand Prix,2025-05-25,monaco,Circuit de Monaco,gasly,GAS,Pierre Gasly,alpine,Alpine F1 Team,10,,20.0,R,0.0,7,Retired,20.0,1:18.054,,,GAS,,,,,,,,,,,,,STREET,CLOCKWISE,43.734722,7.420556,3.337,19,72,ground_effect,2,normal,,,,,,,,,,,,,13.0,15.333333333333334,13.2,0.0,1.2,14.8,1.2,7.666666666666667,6,False,False,,,,,,,,,,,,,,,,,,,,,,,,,,,,,,,,,,,,,,,,,,,,,,,,,,,,,,,,,,,,,12.135431190785694
2025,8,Monaco Grand Prix,2025-05-25,monaco,Circuit de Monaco,tsunoda,TSU,Yuki Tsunoda,red_bull,Red Bull,22,,17.0,17,0.0,76,Lapped,13.0,1:14.913,,,TSU,,,,,,,,,,,,,STREET,CLOCKWISE,43.734722,7.420556,3.337,19,72,ground_effect,2,normal,,,,,,,,,,,,,10.0,13.0,12.0,1.0,0.8,7.4,18.4,14.0,4,False,False,,,,,,,,,,,,,,,,,,,,,,,,,,,,,,,,,,,,,,,,,,,,,,,,,,,,,,,,,,,,,10.316512570461622
2025,9,Spanish Grand Prix,2025-06-01,catalunya,Circuit de Barcelona-Catalunya,albon,ALB,Alexander Albon,williams,Williams,23,,19.0,R,0.0,27,Retired,19.0,1:20.508,,,ALB,,,,,,,,,,,,,RACE,CLOCKWISE,41.57,2.261111,4.657,14,36,ground_effect,2,normal,,,,,,,,,,,,,9.0,6.333333333333333,8.0,2.0,4.8,9.4,7.0,14.2,5,False,False,,,,,,,,,,,,,,,,,,,,,,,,,,,,,,,,,,,,,,,,,,,,,,,,,,,,,,,,,,,,,10.092646879628516
2025,9,Spanish Grand Prix,2025-06-01,catalunya,Circuit de Barcelona-Catalunya,antonelli,ANT,Andrea Kimi Antonelli,mercedes,Mercedes,12,,18.0,R,0.0,53,Retired,12.0,1:18.255,,,ANT,,,,,,,,,,,,,RACE,CLOCKWISE,41.57,2.261111,4.657,14,36,ground_effect,2,normal,,,,,,,,,,,,,18.0,14.333333333333334,12.0,0.0,3.2,8.8,13.0,,0,False,False,,,,,,,,,,,,,,,,,,,,,,,,,,,,,,,,,,,,,,,,,,,,,,,,,,,,,,,,,,,,,8.656919392680326
2025,9,Spanish Grand Prix,2025-06-01,catalunya,Circuit de Barcelona-Catalunya,sainz,SAI,Carlos Sainz,williams,Williams,55,,14.0,14,0.0,66,Finished,17.0,1:19.317,,,SAI,,,,,,,,,,,,,RACE,CLOCKWISE,41.57,2.261111,4.657,14,36,ground_effect,2,normal,,,,,,,,,,,,,10.0,9.0,10.8,1.0,2.2,9.4,7.0,6.5,10,False,False,,,,,,,,,,,,,,,,,,,,,,,,,,,,,,,,,,,,,,,,,,,,,,,,,,,,,,,,,,,,,10.269132741132548
2025,9,Spanish Grand Prix,2025-06-01,catalunya,Circuit de Barcelona-Catalunya,leclerc,LEC,Charles Leclerc,ferrari,Ferrari,16,,3.0,3,15.0,66,Finished,5.0,1:17.259,,,LEC,,,,,,,,,,,,,RACE,CLOCKWISE,41.57,2.261111,4.657,14,36,ground_effect,2,normal,,,,,,,,,,,,,2.0,5.0,4.4,18.0,11.8,5.1,20.2,10.714285714285714,7,False,False,,,,,,,,,,,,,,,,,,,,,,,,,,,,,,,,,,,,,,,,,,,,,,,,,,,,,,,,,,,,,7.8248248232245246
2025,9,Spanish Grand Prix,2025-06-01,catalunya,Circuit de Barcelona-Catalunya,ocon,OCO,Esteban Ocon,haas,Haas F1 Team,31,,16.0,16,0.0,66,Finished,15.0,1:18.624,,,OCO,,,,,,,,,,,,,RACE,CLOCKWISE,41.57,2.261111,4.657,14,36,ground_effect,2,normal,,,,,,,,,,,,,7.0,13.0,12.2,6.0,2.0,13.2,2.2,9.714285714285714,7,False,False,,,,,,,,,,,,,,,,,,,,,,,,,,,,,,,,,,,,,,,,,,,,,,,,,,,,,,,,,,,,,12.490623532270131
2025,9,Spanish Grand Prix,2025-06-01,catalunya,Circuit de Barcelona-Catalunya,alonso,ALO,Fernando Alonso,aston_martin,Aston Martin,14,,9.0,9,2.0,66,Finished,11.0,1:18.128,,,ALO,,,,,,,,,,,,,RACE,CLOCKWISE,41.57,2.261111,4.657,14,36,ground_effect,2,normal,,,,,,,,,,,,,19.0,15.0,14.2,0.0,0.0,15.0,0.0,12.22222222222222,9,False,False,,,,,,,,,,,,,,,,,,,,,,,,,,,,,,,,,,,,,,,,,,,,,,,,,,,,,,,,,,,,,13.788368381086245
2025,9,Spanish Grand Prix,2025-06-01,catalunya,Circuit de Barcelona-Catalunya,colapinto,COL,Franco Colapinto,alpine,Alpine F1 Team,43,,15.0,15,0.0,66,Finished,14.0,1:18.353,,,COL,,,,,,,,,,,,,RACE,CLOCKWISE,41.57,2.261111,4.657,14,36,ground_effect,2,normal,,,,,,,,,,,,,13.0,16.0,16.2,0.0,0.0,15.3,1.2,,0,False,False,,,,,,,,,,,,,,,,,,,,,,,,,,,,,,,,,,,,,,,,,,,,,,,,,,,,,,,,,,,,,13.923192664731555
2025,9,Spanish Grand Prix,2025-06-01,catalunya,Circuit de Barcelona-Catalunya,bortoleto,BOR,Gabriel Bortoleto,sauber,Sauber,5,,12.0,12,0.0,66,Finished,13.0,1:18.297,,,BOR,,,,,,,,,,,,,RACE,CLOCKWISE,41.57,2.261111,4.657,14,36,ground_effect,2,normal,,,,,,,,,,,,,14.0,16.666666666666668,17.2,0.0,0.0,16.3,0.0,,0,False,False,,,,,,,,,,,,,,,,,,,,,,,,,,,,,,,,,,,,,,,,,,,,,,,,,,,,,,,,,,,,,16.213310186129764
2025,9,Spanish Grand Prix,2025-06-01,catalunya,Circuit de Barcelona-Catalunya,russell,RUS,George Russell,mercedes,Mercedes,63,,4.0,4,12.0,66,Finished,4.0,1:17.244,,,RUS,,,,,,,,,,,,,RACE,CLOCKWISE,41.57,2.261111,4.657,14,36,ground_effect,2,normal,,,,,,,,,,,,,11.0,7.0,5.6,0.0,9.8,8.8,13.0,9.666666666666666,6,False,False,,,,,,,,,,,,,,,,,,,,,,,,,,,,,,,,,,,,,,,,,,,,,,,,,,,,,,,,,,,,,6.4489497443586785
2025,9,Spanish Grand Prix,2025-06-01,catalunya,Circuit de Barcelona-Catalunya,hadjar,HAD,Isack Hadjar,rb,RB F1 Team,6,,7.0,7,6.0,66,Finished,8.0,1:17.770,,,HAD,,,,,,,,,,,,,RACE,CLOCKWISE,41.57,2.261111,4.657,14,36,ground_effect,2,normal,,,,,,,,,,,,,6.0,8.666666666666666,9.8,8.0,2.2,11.6,3.0,,0,False,False,,,,,,,,,,,,,,,,,,,,,,,,,,,,,,,,,,,,,,,,,,,,,,,,,,,,,,,,,,,,,11.470842806938581
2025,9,Spanish Grand Prix,2025-06-01,catalunya,Circuit de Barcelona-Catalunya,norris,NOR,Lando Norris,mclaren,McLaren,4,,2.0,2,18.0,66,Finished,2.0,1:16.187,,,NOR,,,,,,,,,,,,,RACE,CLOCKWISE,41.57,2.261111,4.657,14,36,ground_effect,2,normal,,,,,,,,,,,,,1.0,1.6666666666666667,2.4,25.0,17.6,2.1,38.6,10.833333333333334,6,False,False,,,,,,,,,,,,,,,,,,,,,,,,,,,,,,,,,,,,,,,,,,,,,,,,,,,,,,,,,,,,,5.587412082761445
2025,9,Spanish Grand Prix,2025-06-01,catalunya,Circuit de Barcelona-Catalunya,hamilton,HAM,Lewis Hamilton,ferrari,Ferrari,44,,6.0,6,8.0,66,Finished,7.0,1:17.706,,,HAM,,,,,,,,,,,,,RACE,CLOCKWISE,41.57,2.261111,4.657,14,36,ground_effect,2,normal,,,,,,,,,,,,,5.0,5.666666666666667,5.8,10.0,8.4,5.1,20.2,3.5454545454545454,11,False,False,,,,,,,,,,,,,,,,,,,,,,,,,,,,,,,,,,,,,,,,,,,,,,,,,,,,,,,,,,,,,5.43174553257139
2025,9,Spanish Grand Prix,2025-06-01,catalunya,Circuit de Barcelona-Catalunya,lawson,LAW,Liam Lawson,rb,RB F1 Team,30,,11.0,11,0.0,66,Finished,18.0,1:19.424,,,LAW,,,,,,,,,,,,,RACE,CLOCKWISE,41.57,2.261111,4.657,14,36,ground_effect,2,normal,,,,,,,,,,,,,8.0,13.0,13.4,4.0,0.8,11.6,3.0,,0,False,False,,,,,,,,,,,,,,,,,,,,,,,,,,,,,,,,,,,,,,,,,,,,,,,,,,,,,,,,,,,,,13.217470296290552
2025,9,Spanish Grand Prix,2025-06-01,catalunya,Circuit de Barcelona-Catalunya,max_verstappen,VER,Max Verstappen,red_bull,Red Bull,1,,10.0,10,1.0,66,Finished,3.0,1:17.019,,,VER,,,,,,,,,,,,,RACE,CLOCKWISE,41.57,2.261111,4.657,14,36,ground_effect,2,normal,,,,,,,,,,,,,4.0,3.0,3.4,12.0,15.0,8.2,15.8,4.4,10,False,False,,,,,,,,,,,,,,,,,,,,,,,,,,,,,,,,,,,,,,,,,,,,,,,,,,,,,,,,,,,,,4.745204620557801
2025,9,Spanish Grand Prix,2025-06-01,catalunya,Circuit de Barcelona-Catalunya,hulkenberg,HUL,Nico Hülkenberg,sauber,Sauber,27,,5.0,5,10.0,66,Finished,6.0,1:17.575,,,HUL,,,,,,,,,,,,,RACE,CLOCKWISE,41.57,2.261111,4.657,14,36,ground_effect,2,normal,,,,,,,,,,,,,16.0,14.0,15.4,0.0,0.0,16.3,0.0,13.75,8,False,False,,,,,,,,,,,,,,,,,,,,,,,,,,,,,,,,,,,,,,,,,,,,,,,,,,,,,,,,,,,,,14.850451415009776
2025,9,Spanish Grand Prix,2025-06-01,catalunya,Circuit de Barcelona-Catalunya,bearman,BEA,Oliver Bearman,haas,Haas F1 Team,87,,17.0,17,0.0,66,Finished,16.0,1:18.907,,,BEA,,,,,,,,,,,,,RACE,CLOCKWISE,41.57,2.261111,4.657,14,36,ground_effect,2,normal,,,,,,,,,,,,,12.0,16.0,14.2,0.0,0.2,13.2,2.2,,0,False,False,,,,,,,,,,,,,,,,,,,,,,,,,,,,,,,,,,,,,,,,,,,,,,,,,,,,,,,,,,,,,14.360025291751283
2025,9,Spanish Grand Prix,2025-06-01,catalunya,Circuit de Barcelona-Catalunya,piastri,PIA,Oscar Piastri,mclaren,McLaren,81,,1.0,1,25.0,66,Finished,1.0,1:15.743,,,PIA,,,,,,,,,,,,,RACE,CLOCKWISE,41.57,2.261111,4.657,14,36,ground_effect,2,normal,,,,,,,,,,,,,3.0,2.333333333333333,1.8,15.0,21.0,2.1,38.6,10.0,2,False,False,,,,,,,,,,,,,,,,,,,,,,,,,,,,,,,,,,,,,,,,,,,,,,,,,,,,,,,,,,,,,5.134668534946243
2025,9,Spanish Grand Prix,2025-06-01,catalunya,Circuit de Barcelona-Catalunya,gasly,GAS,Pierre Gasly,alpine,Alpine F1 Team,10,,8.0,8,4.0,66,Finished,9.0,1:17.896,,,GAS,,,,,,,,,,,,,RACE,CLOCKWISE,41.57,2.261111,4.657,14,36,ground_effect,2,normal,,,,,,,,,,,,,20.0,15.333333333333334,14.6,0.0,1.2,15.3,1.2,10.857142857142858,7,False,False,,,,,,,,,,,,,,,,,,,,,,,,,,,,,,,,,,,,,,,,,,,,,,,,,,,,,,,,,,,,,13.452875840827986
2025,9,Spanish Grand Prix,2025-06-01,catalunya,Circuit de Barcelona-Catalunya,tsunoda,TSU,Yuki Tsunoda,red_bull,Red Bull,22,,13.0,13,0.0,66,Finished,10.0,1:17.998,,,TSU,,,,,,,,,,,,,RACE,CLOCKWISE,41.57,2.261111,4.657,14,36,ground_effect,2,normal,,,,,,,,,,,,,17.0,12.333333333333334,13.0,0.0,0.8,8.2,15.8,15.25,4,False,False,,,,,,,,,,,,,,,,,,,,,,,,,,,,,,,,,,,,,,,,,,,,,,,,,,,,,,,,,,,,,9.730875925254479
2025,10,Canadian Grand Prix,2025-06-15,villeneuve,Circuit Gilles Villeneuve,albon,ALB,Alexander Albon,williams,Williams,23,,20.0,R,0.0,46,Retired,18.0,1:16.197,,,ALB,,,,,,,,,,,,,STREET,CLOCKWISE,45.500578,-73.522461,4.361,14,45,ground_effect,2,normal,,,,,,,,,,,,,19.0,11.0,9.4,0.0,4.8,9.6,7.0,14.0,4,False,False,,,,,,,,,,,,,,,,,,,,,,,,,,,,,,,,,,,,,,,,,,,,,,,,,,,,,,,,,,,,,11.087189112667069
2025,10,Canadian Grand Prix,2025-06-15,villeneuve,Circuit Gilles Villeneuve,antonelli,ANT,Andrea Kimi Antonelli,mercedes,Mercedes,12,,3.0,3,15.0,70,Finished,7.0,1:14.455,,,ANT,,,,,,,,,,,,,STREET,CLOCKWISE,45.500578,-73.522461,4.361,14,45,ground_effect,2,normal,,,,,,,,,,,,,18.0,18.33333333333333,13.4,0.0,3.2,9.7,11.8,,0,False,False,,,,,,,,,,,,,,,,,,,,,,,,,,,,,,,,,,,,,,,,,,,,,,,,,,,,,,,,,,,,,9.034864061898158
2025,10,Canadian Grand Prix,2025-06-15,villeneuve,Circuit Gilles Villeneuve,sainz,SAI,Carlos Sainz,williams,Williams,55,,10.0,10,1.0,69,Lapped,6.0,1:14.389,,,SAI,,,,,,,,,,,,,STREET,CLOCKWISE,45.500578,-73.522461,4.361,14,45,ground_effect,2,normal,,,,,,,,,,,,,14.0,10.666666666666666,9.8,0.0,2.2,9.6,7.0,10.375,8,False,False,,,,,,,,,,,,,,,,,,,,,,,,,,,,,,,,,,,,,,,,,,,,,,,,,,,,,,,,,,,,,11.05074224722165
2025,10,Canadian Grand Prix,2025-06-15,villeneuve,Circuit Gilles Villeneuve,leclerc,LEC,Charles Leclerc,ferrari,Ferrari,16,,5.0,5,10.0,70,Finished,4.0,1:14.261,,,LEC,,,,,,,,,,,,,STREET,CLOCKWISE,45.500578,-73.522461,4.361,14,45,ground_effect,2,normal,,,,,,,,,,,,,3.0,3.6666666666666665,4.2,15.0,12.4,5.1,20.4,8.2,5,False,False,,,,,,,,,,,,,,,,,,,,,,,,,,,,,,,,,,,,,,,,,,,,,,,,,,,,,,,,,,,,,6.176512883515699
2025,10,Canadian Grand Prix,2025-06-15,villeneuve,Circuit Gilles Villeneuve,ocon,OCO,Esteban Ocon,haas,Haas F1 Team,31,,9.0,9,2.0,69,Lapped,8.0,1:14.593,,,OCO,,,,,,,,,,,,,STREET,CLOCKWISE,45.500578,-73.522461,4.361,14,45,ground_effect,2,normal,,,,,,,,,,,,,16.0,14.333333333333334,13.8,0.0,1.2,14.7,1.2,7.8,5,False,False,,,,,,,,,,,,,,,,,,,,,,,,,,,,,,,,,,,,,,,,,,,,,,,,,,,,,,,,,,,,,13.525745858176432
2025,10,Canadian Grand Prix,2025-06-15,villeneuve,Circuit Gilles Villeneuve,alonso,ALO,Fernando Alonso,aston_martin,Aston Martin,14,,7.0,7,6.0,70,Finished,12.0,1:15.024,,,ALO,,,,,,,,,,,,,STREET,CLOCKWISE,45.500578,-73.522461,4.361,14,45,ground_effect,2,normal,,,,,,,,,,,,,9.0,13.0,13.0,2.0,0.4,13.6,0.4,11.0,8,False,False,,,,,,,,,,,,,,,,,,,,,,,,,,,,,,,,,,,,,,,,,,,,,,,,,,,,,,,,,,,,,12.226824625035517
2025,10,Canadian Grand Prix,2025-06-15,villeneuve,Circuit Gilles Villeneuve,colapinto,COL,Franco Colapinto,alpine,Alpine F1 Team,43,,13.0,13,0.0,69,Lapped,17.0,1:16.076,,,COL,,,,,,,,,,,,,STREET,CLOCKWISE,45.500578,-73.522461,4.361,14,45,ground_effect,2,normal,,,,,,,,,,,,,15.0,14.666666666666666,16.4,0.0,0.0,15.5,0.8,,0,False,False,,,,,,,,,,,,,,,,,,,,,,,,,,,,,,,,,,,,,,,,,,,,,,,,,,,,,,,,,,,,,14.627905824928987
2025,10,Canadian Grand Prix,2025-06-15,villeneuve,Circuit Gilles Villeneuve,bortoleto,BOR,Gabriel Bortoleto,sauber,Sauber,5,,14.0,14,0.0,69,Lapped,16.0,1:15.414,,,BOR,,,,,,,,,,,,,STREET,CLOCKWISE,45.500578,-73.522461,4.361,14,45,ground_effect,2,normal,,,,,,,,,,,,,12.0,14.666666666666666,16.0,0.0,0.0,14.2,2.0,,0,False,False,,,,,,,,,,,,,,,,,,,,,,,,,,,,,,,,,,,,,,,,,,,,,,,,,,,,,,,,,,,,,14.62238267924175
2025,10,Canadian Grand Prix,2025-06-15,villeneuve,Circuit Gilles Villeneuve,russell,RUS,George Russell,mercedes,Mercedes,63,,1.0,1,25.0,70,Finished,1.0,1:14.119,,,RUS,,,,,,,,,,,,,STREET,CLOCKWISE,45.500578,-73.522461,4.361,14,45,ground_effect,2,normal,,,,,,,,,,,,,4.0,7.333333333333333,6.0,12.0,8.6,9.7,11.8,10.5,4,False,False,,,,,,,,,,,,,,,,,,,,,,,,,,,,,,,,,,,,,,,,,,,,,,,,,,,,,,,,,,,,,6.0893536985570655
2025,10,Canadian Grand Prix,2025-06-15,villeneuve,Circuit Gilles Villeneuve,hadjar,HAD,Isack Hadjar,rb,RB F1 Team,6,,16.0,16,0.0,69,Lapped,19.0,1:16.292,,,HAD,,,,,,,,,,,,,STREET,CLOCKWISE,45.500578,-73.522461,4.361,14,45,ground_effect,2,normal,,,,,,,,,,,,,7.0,7.333333333333333,8.6,6.0,3.4,10.5,4.2,,0,False,False,,,,,,,,,,,,,,,,,,,,,,,,,,,,,,,,,,,,,,,,,,,,,,,,,,,,,,,,,,,,,10.449592257603586
2025,10,Canadian Grand Prix,2025-06-15,villeneuve,Circuit Gilles Villeneuve,stroll,STR,Lance Stroll,aston_martin,Aston Martin,18,,17.0,17,0.0,69,Lapped,10.0,1:14.902,,,STR,,,,,,,,,,,,,STREET,CLOCKWISE,45.500578,-73.522461,4.361,14,45,ground_effect,2,normal,,,,,,,,,,,,,15.0,15.333333333333334,15.8,0.0,0.0,13.6,0.4,10.666666666666666,6,False,False,,,,,,,,,,,,,,,,,,,,,,,,,,,,,,,,,,,,,,,,,,,,,,,,,,,,,,,,,,,,,13.498164490503253
2025,10,Canadian Grand Prix,2025-06-15,villeneuve,Circuit Gilles Villeneuve,norris,NOR,Lando Norris,mclaren,McLaren,4,,18.0,18,0.0,66,Retired,2.0,1:14.229,,,NOR,,,,,,,,,,,,,STREET,CLOCKWISE,45.500578,-73.522461,4.361,14,45,ground_effect,2,normal,,,,,,,,,,,,,2.0,1.6666666666666667,2.2,18.0,18.2,2.0,39.2,12.5,4,False,False,,,,,,,,,,,,,,,,,,,,,,,,,,,,,,,,,,,,,,,,,,,,,,,,,,,,,,,,,,,,,5.993869896161045
2025,10,Canadian Grand Prix,2025-06-15,villeneuve,Circuit Gilles Villeneuve,hamilton,HAM,Lewis Hamilton,ferrari,Ferrari,44,,6.0,6,8.0,70,Finished,9.0,1:14.805,,,HAM,,,,,,,,,,,,,STREET,CLOCKWISE,45.500578,-73.522461,4.361,14,45,ground_effect,2,normal,,,,,,,,,,,,,6.0,5.0,6.0,8.0,8.0,5.1,20.4,4.0,9,False,False,,,,,,,,,,,,,,,,,,,,,,,,,,,,,,,,,,,,,,,,,,,,,,,,,,,,,,,,,,,,,5.930469717738599
2025,10,Canadian Grand Prix,2025-06-15,villeneuve,Circuit Gilles Villeneuve,lawson,LAW,Liam Lawson,rb,RB F1 Team,30,,19.0,R,0.0,53,Retired,20.0,1:16.320,,,LAW,,,,,,,,,,,,,STREET,CLOCKWISE,45.500578,-73.522461,4.361,14,45,ground_effect,2,normal,,,,,,,,,,,,,11.0,11.0,12.4,0.0,0.8,10.5,4.2,,0,False,False,,,,,,,,,,,,,,,,,,,,,,,,,,,,,,,,,,,,,,,,,,,,,,,,,,,,,,,,,,,,,12.9543893596639
2025,10,Canadian Grand Prix,2025-06-15,villeneuve,Circuit Gilles Villeneuve,max_verstappen,VER,Max Verstappen,red_bull,Red Bull,1,,2.0,2,18.0,70,Finished,5.0,1:14.287,,,VER,,,,,,,,,,,,,STREET,CLOCKWISE,45.500578,-73.522461,4.361,14,45,ground_effect,2,normal,,,,,,,,,,,,,10.0,5.0,4.2,1.0,13.6,9.0,14.0,6.0,8,False,False,,,,,,,,,,,,,,,,,,,,,,,,,,,,,,,,,,,,,,,,,,,,,,,,,,,,,,,,,,,,,5.874008500265217
2025,10,Canadian Grand Prix,2025-06-15,villeneuve,Circuit Gilles Villeneuve,hulkenberg,HUL,Nico Hülkenberg,sauber,Sauber,27,,8.0,8,4.0,70,Finished,14.0,1:15.372,,,HUL,,,,,,,,,,,,,STREET,CLOCKWISE,45.500578,-73.522461,4.361,14,45,ground_effect,2,normal,,,,,,,,,,,,,5.0,11.0,12.4,10.0,2.0,14.2,2.0,8.625,8,False,False,,,,,,,,,,,,,,,,,,,,,,,,,,,,,,,,,,,,,,,,,,,,,,,,,,,,,,,,,,,,,11.813094830342102
2025,10,Canadian Grand Prix,2025-06-15,villeneuve,Circuit Gilles Villeneuve,bearman,BEA,Oliver Bearman,haas,Haas F1 Team,87,,11.0,11,0.0,69,Lapped,15.0,1:15.397,,,BEA,,,,,,,,,,,,,STREET,CLOCKWISE,45.500578,-73.522461,4.361,14,45,ground_effect,2,normal,,,,,,,,,,,,,17.0,15.333333333333334,15.6,0.0,0.0,14.7,1.2,,0,False,False,,,,,,,,,,,,,,,,,,,,,,,,,,,,,,,,,,,,,,,,,,,,,,,,,,,,,,,,,,,,,15.373331443096049
2025,10,Canadian Grand Prix,2025-06-15,villeneuve,Circuit Gilles Villeneuve,piastri,PIA,Oscar Piastri,mclaren,McLaren,81,,4.0,4,12.0,70,Finished,3.0,1:14.255,,,PIA,,,,,,,,,,,,,STREET,CLOCKWISE,45.500578,-73.522461,4.361,14,45,ground_effect,2,normal,,,,,,,,,,,,,1.0,2.333333333333333,1.8,25.0,21.0,2.0,39.2,8.0,2,False,False,,,,,,,,,,,,,,,,,,,,,,,,,,,,,,,,,,,,,,,,,,,,,,,,,,,,,,,,,,,,,6.2834096199095075
2025,10,Canadian Grand Prix,2025-06-15,villeneuve,Circuit Gilles Villeneuve,gasly,GAS,Pierre Gasly,alpine,Alpine F1 Team,10,,15.0,15,0.0,69,Lapped,11.0,1:14.993,,,GAS,,,,,,,,,,,,,STREET,CLOCKWISE,45.500578,-73.522461,4.361,14,45,ground_effect,2,normal,,,,,,,,,,,,,8.0,13.666666666666666,14.8,4.0,0.8,15.5,0.8,10.8,5,False,False,,,,,,,,,,,,,,,,,,,,,,,,,,,,,,,,,,,,,,,,,,,,,,,,,,,,,,,,,,,,,13.049741272818492
2025,10,Canadian Grand Prix,2025-06-15,villeneuve,Circuit Gilles Villeneuve,tsunoda,TSU,Yuki Tsunoda,red_bull,Red Bull,22,,12.0,12,0.0,69,Lapped,13.0,1:15.358,,,TSU,,,,,,,,,,,,,STREET,CLOCKWISE,45.500578,-73.522461,4.361,14,45,ground_effect,2,normal,,,,,,,,,,,,,13.0,13.333333333333334,13.8,0.0,0.4,9.0,14.0,15.333333333333334,3,False,False,,,,,,,,,,,,,,,,,,,,,,,,,,,,,,,,,,,,,,,,,,,,,,,,,,,,,,,,,,,,,10.094079083696418
2025,11,Austrian Grand Prix,2025-06-29,red_bull_ring,Red Bull Ring,albon,ALB,Alexander Albon,williams,Williams,23,,17.0,R,0.0,15,Retired,17.0,1:10.641,,,ALB,,,,,,,,,,,,,RACE,CLOCKWISE,47.219722,14.764722,4.326,10,40,ground_effect,2,normal,,,,,,,,,,,,,20.0,16.0,11.6,0.0,4.4,10.9,6.0,11.666666666666666,6,False,False,,,,,,,,,,,,,,,,,,,,,,,,,,,,,,,,,,,,,,,,,,,,,,,,,,,,,,,,,,,,,12.391715734688589
2025,11,Austrian Grand Prix,2025-06-29,red_bull_ring,Red Bull Ring,antonelli,ANT,Andrea Kimi Antonelli,mercedes,Mercedes,12,,19.0,R,0.0,0,Retired,,,,,ANT,,,,,,,,,,,,,RACE,CLOCKWISE,47.219722,14.764722,4.326,10,40,ground_effect,2,normal,,,,,,,,,,,,,3.0,13.0,12.8,15.0,4.6,9.0,16.2,,0,False,False,,,,,,,,,,,,,,,,,,,,,,,,,,,,,,,,,,,,,,,,,,,,,,,,,,,,,,,,,,,,,6.924471867109973
2025,11,Austrian Grand Prix,2025-06-29,red_bull_ring,Red Bull Ring,sainz,SAI,Carlos Sainz,williams,Williams,55,,20.0,W,0.0,0,Did not start,,,,,SAI,,,,,,,,,,,,,RACE,CLOCKWISE,47.219722,14.764722,4.326,10,40,ground_effect,2,normal,,,,,,,,,,,,,10.0,11.333333333333334,10.2,1.0,1.6,10.9,6.0,9.416666666666666,12,False,False,,,,,,,,,,,,,,,,,,,,,,,,,,,,,,,,,,,,,,,,,,,,,,,,,,,,,,,,,,,,,12.022547820600828
2025,11,Austrian Grand Prix,2025-06-29,red_bull_ring,Red Bull Ring,leclerc,LEC,Charles Leclerc,ferrari,Ferrari,16,,3.0,3,15.0,70,Finished,4.0,1:08.765,,,LEC,,,,,,,,,,,,,RACE,CLOCKWISE,47.219722,14.764722,4.326,10,40,ground_effect,2,normal,,,,,,,,,,,,,5.0,3.333333333333333,4.6,10.0,11.4,5.2,19.8,6.777777777777778,9,False,False,,,,,,,,,,,,,,,,,,,,,,,,,,,,,,,,,,,,,,,,,,,,,,,,,,,,,,,,,,,,,6.532870136141481
2025,11,Austrian Grand Prix,2025-06-29,red_bull_ring,Red Bull Ring,ocon,OCO,Esteban Ocon,haas,Haas F1 Team,31,,10.0,10,1.0,69,Lapped,9.0,1:09.550,,,OCO,,,,,,,,,,,,,RACE,CLOCKWISE,47.219722,14.764722,4.326,10,40,ground_effect,2,normal,,,,,,,,,,,,,9.0,10.666666666666666,12.8,2.0,1.6,14.0,1.6,11.666666666666666,9,False,False,,,,,,,,,,,,,,,,,,,,,,,,,,,,,,,,,,,,,,,,,,,,,,,,,,,,,,,,,,,,,12.338709615834999
2025,11,Austrian Grand Prix,2025-06-29,red_bull_ring,Red Bull Ring,alonso,ALO,Fernando Alonso,aston_martin,Aston Martin,14,,7.0,7,6.0,69,Lapped,12.0,1:09.935,,,ALO,,,,,,,,,,,,,RACE,CLOCKWISE,47.219722,14.764722,4.326,10,40,ground_effect,2,normal,,,,,,,,,,,,,7.0,11.666666666666666,12.2,6.0,1.6,13.3,1.6,12.2,10,False,False,,,,,,,,,,,,,,,,,,,,,,,,,,,,,,,,,,,,,,,,,,,,,,,,,,,,,,,,,,,,,12.094834572056849
2025,11,Austrian Grand Prix,2025-06-29,red_bull_ring,Red Bull Ring,colapinto,COL,Franco Colapinto,alpine,Alpine F1 Team,43,,15.0,15,0.0,69,Lapped,10.0,1:09.621,,,COL,,,,,,,,,,,,,RACE,CLOCKWISE,47.219722,14.764722,4.326,10,40,ground_effect,2,normal,,,,,,,,,,,,,13.0,13.666666666666666,15.2,0.0,0.0,14.6,0.8,,0,False,False,,,,,,,,,,,,,,,,,,,,,,,,,,,,,,,,,,,,,,,,,,,,,,,,,,,,,,,,,,,,,13.64795343062071
2025,11,Austrian Grand Prix,2025-06-29,red_bull_ring,Red Bull Ring,bortoleto,BOR,Gabriel Bortoleto,sauber,Sauber,5,,8.0,8,4.0,69,Lapped,6.0,1:09.247,,,BOR,,,,,,,,,,,,,RACE,CLOCKWISE,47.219722,14.764722,4.326,10,40,ground_effect,2,normal,,,,,,,,,,,,,14.0,13.333333333333334,15.2,0.0,0.0,13.1,2.8,,0,False,False,,,,,,,,,,,,,,,,,,,,,,,,,,,,,,,,,,,,,,,,,,,,,,,,,,,,,,,,,,,,,13.529406623207715
2025,11,Austrian Grand Prix,2025-06-29,red_bull_ring,Red Bull Ring,russell,RUS,George Russell,mercedes,Mercedes,63,,5.0,5,10.0,70,Finished,7.0,1:09.372,,,RUS,,,,,,,,,,,,,RACE,CLOCKWISE,47.219722,14.764722,4.326,10,40,ground_effect,2,normal,,,,,,,,,,,,,1.0,5.333333333333333,5.2,25.0,11.6,9.0,16.2,11.375,8,False,False,,,,,,,,,,,,,,,,,,,,,,,,,,,,,,,,,,,,,,,,,,,,,,,,,,,,,,,,,,,,,6.986786753190978
2025,11,Austrian Grand Prix,2025-06-29,red_bull_ring,Red Bull Ring,hadjar,HAD,Isack Hadjar,rb,RB F1 Team,6,,12.0,12,0.0,69,Lapped,16.0,1:10.204,,,HAD,,,,,,,,,,,,,RACE,CLOCKWISE,47.219722,14.764722,4.326,10,40,ground_effect,2,normal,,,,,,,,,,,,,16.0,9.666666666666666,9.8,0.0,3.2,11.8,4.0,,0,False,False,,,,,,,,,,,,,,,,,,,,,,,,,,,,,,,,,,,,,,,,,,,,,,,,,,,,,,,,,,,,,12.393738540848197
2025,11,Austrian Grand Prix,2025-06-29,red_bull_ring,Red Bull Ring,stroll,STR,Lance Stroll,aston_martin,Aston Martin,18,,14.0,14,0.0,69,Lapped,5.0,1:09.214,,,STR,,,,,,,,,,,,,RACE,CLOCKWISE,47.219722,14.764722,4.326,10,40,ground_effect,2,normal,,,,,,,,,,,,,17.0,15.666666666666666,15.8,0.0,0.0,13.3,1.6,11.9,10,False,False,,,,,,,,,,,,,,,,,,,,,,,,,,,,,,,,,,,,,,,,,,,,,,,,,,,,,,,,,,,,,13.507634997811481
2025,11,Austrian Grand Prix,2025-06-29,red_bull_ring,Red Bull Ring,norris,NOR,Lando Norris,mclaren,McLaren,4,,1.0,1,25.0,70,Finished,2.0,1:08.272,,,NOR,,,,,,,,,,,,,RACE,CLOCKWISE,47.219722,14.764722,4.326,10,40,ground_effect,2,normal,,,,,,,,,,,,,18.0,7.0,5.0,0.0,15.8,3.7,34.2,6.625,8,False,False,,,,,,,,,,,,,,,,,,,,,,,,,,,,,,,,,,,,,,,,,,,,,,,,,,,,,,,,,,,,,5.585372865839836
2025,11,Austrian Grand Prix,2025-06-29,red_bull_ring,Red Bull Ring,hamilton,HAM,Lewis Hamilton,ferrari,Ferrari,44,,4.0,4,12.0,70,Finished,3.0,1:08.628,,,HAM,,,,,,,,,,,,,RACE,CLOCKWISE,47.219722,14.764722,4.326,10,40,ground_effect,2,normal,,,,,,,,,,,,,6.0,5.666666666666667,5.8,8.0,8.4,5.2,19.8,4.307692307692308,13,False,False,,,,,,,,,,,,,,,,,,,,,,,,,,,,,,,,,,,,,,,,,,,,,,,,,,,,,,,,,,,,,5.76560086297693
2025,11,Austrian Grand Prix,2025-06-29,red_bull_ring,Red Bull Ring,lawson,LAW,Liam Lawson,rb,RB F1 Team,30,,6.0,6,8.0,70,Finished,14.0,1:09.977,,,LAW,,,,,,,,,,,,,RACE,CLOCKWISE,47.219722,14.764722,4.326,10,40,ground_effect,2,normal,,,,,,,,,,,,,19.0,12.666666666666666,13.8,0.0,0.8,11.8,4.0,,0,False,False,,,,,,,,,,,,,,,,,,,,,,,,,,,,,,,,,,,,,,,,,,,,,,,,,,,,,,,,,,,,,13.452885009667254
2025,11,Austrian Grand Prix,2025-06-29,red_bull_ring,Red Bull Ring,max_verstappen,VER,Max Verstappen,red_bull,Red Bull,1,,18.0,R,0.0,0,Retired,,,,,VER,,,,,,,,,,,,,RACE,CLOCKWISE,47.219722,14.764722,4.326,10,40,ground_effect,2,normal,,,,,,,,,,,,,2.0,5.333333333333333,4.2,18.0,13.6,8.3,14.0,5.416666666666667,12,False,False,,,,,,,,,,,,,,,,,,,,,,,,,,,,,,,,,,,,,,,,,,,,,,,,,,,,,,,,,,,,,6.501461344472425
2025,11,Austrian Grand Prix,2025-06-29,red_bull_ring,Red Bull Ring,hulkenberg,HUL,Nico Hülkenberg,sauber,Sauber,27,,9.0,9,2.0,69,Lapped,8.0,1:09.459,,,HUL,,,,,,,,,,,,,RACE,CLOCKWISE,47.219722,14.764722,4.326,10,40,ground_effect,2,normal,,,,,,,,,,,,,8.0,9.666666666666666,11.0,4.0,2.8,13.1,2.8,13.25,8,False,False,,,,,,,,,,,,,,,,,,,,,,,,,,,,,,,,,,,,,,,,,,,,,,,,,,,,,,,,,,,,,12.582552801393971
2025,11,Austrian Grand Prix,2025-06-29,red_bull_ring,Red Bull Ring,bearman,BEA,Oliver Bearman,haas,Haas F1 Team,87,,11.0,11,0.0,69,Lapped,13.0,1:09.960,,,BEA,,,,,,,,,,,,,RACE,CLOCKWISE,47.219722,14.764722,4.326,10,40,ground_effect,2,normal,,,,,,,,,,,,,11.0,13.333333333333334,15.2,0.0,0.0,14.0,1.6,,0,False,False,,,,,,,,,,,,,,,,,,,,,,,,,,,,,,,,,,,,,,,,,,,,,,,,,,,,,,,,,,,,,13.828974721163274
2025,11,Austrian Grand Prix,2025-06-29,red_bull_ring,Red Bull Ring,piastri,PIA,Oscar Piastri,mclaren,McLaren,81,,2.0,2,18.0,70,Finished,1.0,1:07.924,,,PIA,,,,,,,,,,,,,RACE,CLOCKWISE,47.219722,14.764722,4.326,10,40,ground_effect,2,normal,,,,,,,,,,,,,4.0,2.6666666666666665,2.4,12.0,18.4,3.7,34.2,9.0,2,False,False,,,,,,,,,,,,,,,,,,,,,,,,,,,,,,,,,,,,,,,,,,,,,,,,,,,,,,,,,,,,,5.656304927997437
2025,11,Austrian Grand Prix,2025-06-29,red_bull_ring,Red Bull Ring,gasly,GAS,Pierre Gasly,alpine,Alpine F1 Team,10,,13.0,13,0.0,69,Lapped,15.0,1:10.151,,,GAS,,,,,,,,,,,,,RACE,CLOCKWISE,47.219722,14.764722,4.326,10,40,ground_effect,2,normal,,,,,,,,,,,,,15.0,14.333333333333334,13.8,0.0,0.8,14.6,0.8,11.555555555555555,9,False,False,,,,,,,,,,,,,,,,,,,,,,,,,,,,,,,,,,,,,,,,,,,,,,,,,,,,,,,,,,,,,13.20487471560262
2025,11,Austrian Grand Prix,2025-06-29,red_bull_ring,Red Bull Ring,tsunoda,TSU,Yuki Tsunoda,red_bull,Red Bull,22,,16.0,16,0.0,68,Lapped,11.0,1:09.802,,,TSU,,,,,,,,,,,,,RACE,CLOCKWISE,47.219722,14.764722,4.326,10,40,ground_effect,2,normal,,,,,,,,,,,,,12.0,14.0,12.4,0.0,0.4,8.3,14.0,14.2,5,False,False,,,,,,,,,,,,,,,,,,,,,,,,,,,,,,,,,,,,,,,,,,,,,,,,,,,,,,,,,,,,,10.154120958041835
2025,12,British Grand Prix,2025-07-06,silverstone,Silverstone Circuit,albon,ALB,Alexander Albon,williams,Williams,23,,8.0,8,4.0,52,Finished,4.0,1:30.047,,,ALB,,,,,,,,,,,,,RACE,CLOCKWISE,52.078611,-1.016944,5.891,18,61,ground_effect,2,normal,,,,,,,,,,,,,17.0,18.666666666666668,14.0,0.0,2.4,13.2,3.6,10.333333333333334,6,False,False,,,,,,,,,,,,,,,,,,,,,,,,,,,,,,,,,,,,,,,,,,,,,,,,,,,,,,,,,,,,,12.830413951486126
2025,12,British Grand Prix,2025-07-06,silverstone,Silverstone Circuit,antonelli,ANT,Andrea Kimi Antonelli,mercedes,Mercedes,12,,16.0,R,0.0,23,Retired,17.0,1:45.576,,,ANT,,,,,,,,,,,,,RACE,CLOCKWISE,52.078611,-1.016944,5.891,18,61,ground_effect,2,normal,,,,,,,,,,,,,19.0,13.333333333333334,15.4,0.0,3.0,10.5,13.6,,0,False,False,,,,,,,,,,,,,,,,,,,,,,,,,,,,,,,,,,,,,,,,,,,,,,,,,,,,,,,,,,,,,8.957158093679707
2025,12,British Grand Prix,2025-07-06,silverstone,Silverstone Circuit,sainz,SAI,Carlos Sainz,williams,Williams,55,,12.0,12,0.0,52,Finished,7.0,1:30.645,,,SAI,,,,,,,,,,,,,RACE,CLOCKWISE,52.078611,-1.016944,5.891,18,61,ground_effect,2,normal,,,,,,,,,,,,,20.0,14.666666666666666,12.4,0.0,1.2,13.2,3.6,10.181818181818182,11,False,False,,,,,,,,,,,,,,,,,,,,,,,,,,,,,,,,,,,,,,,,,,,,,,,,,,,,,,,,,,,,,12.476939754463661
2025,12,British Grand Prix,2025-07-06,silverstone,Silverstone Circuit,leclerc,LEC,Charles Leclerc,ferrari,Ferrari,16,,14.0,14,0.0,52,Finished,10.0,1:30.819,,,LEC,,,,,,,,,,,,,RACE,CLOCKWISE,52.078611,-1.016944,5.891,18,61,ground_effect,2,normal,,,,,,,,,,,,,3.0,3.6666666666666665,3.8,15.0,13.2,4.4,23.2,7.25,8,False,False,,,,,,,,,,,,,,,,,,,,,,,,,,,,,,,,,,,,,,,,,,,,,,,,,,,,,,,,,,,,,5.79553788393443
2025,12,British Grand Prix,2025-07-06,silverstone,Silverstone Circuit,ocon,OCO,Esteban Ocon,haas,Haas F1 Team,31,,13.0,13,0.0,52,Finished,9.0,1:30.818,,,OCO,,,,,,,,,,,,,RACE,CLOCKWISE,52.078611,-1.016944,5.891,18,61,ground_effect,2,normal,,,,,,,,,,,,,10.0,11.666666666666666,12.4,1.0,1.8,13.0,1.8,11.125,8,False,False,,,,,,,,,,,,,,,,,,,,,,,,,,,,,,,,,,,,,,,,,,,,,,,,,,,,,,,,,,,,,12.777285535156564
2025,12,British Grand Prix,2025-07-06,silverstone,Silverstone Circuit,alonso,ALO,Fernando Alonso,aston_martin,Aston Martin,14,,9.0,9,2.0,52,Finished,6.0,1:30.353,,,ALO,,,,,,,,,,,,,RACE,CLOCKWISE,52.078611,-1.016944,5.891,18,61,ground_effect,2,normal,,,,,,,,,,,,,7.0,7.666666666666667,10.6,6.0,2.8,12.3,2.8,9.11111111111111,9,False,False,,,,,,,,,,,,,,,,,,,,,,,,,,,,,,,,,,,,,,,,,,,,,,,,,,,,,,,,,,,,,11.16100644953266
2025,12,British Grand Prix,2025-07-06,silverstone,Silverstone Circuit,colapinto,COL,Franco Colapinto,alpine,Alpine F1 Team,43,,20.0,W,0.0,0,Did not start,,,,,COL,,,,,,,,,,,,,RACE,CLOCKWISE,52.078611,-1.016944,5.891,18,61,ground_effect,2,normal,,,,,,,,,,,,,15.0,14.333333333333334,14.4,0.0,0.0,14.1,0.8,,0,False,False,,,,,,,,,,,,,,,,,,,,,,,,,,,,,,,,,,,,,,,,,,,,,,,,,,,,,,,,,,,,,13.548157808455409
2025,12,British Grand Prix,2025-07-06,silverstone,Silverstone Circuit,bortoleto,BOR,Gabriel Bortoleto,sauber,Sauber,5,,18.0,R,0.0,3,Retired,18.0,2:16.121,,,BOR,,,,,,,,,,,,,RACE,CLOCKWISE,52.078611,-1.016944,5.891,18,61,ground_effect,2,normal,,,,,,,,,,,,,8.0,11.333333333333334,13.2,4.0,0.8,11.6,4.0,,0,False,False,,,,,,,,,,,,,,,,,,,,,,,,,,,,,,,,,,,,,,,,,,,,,,,,,,,,,,,,,,,,,13.237634108665258
2025,12,British Grand Prix,2025-07-06,silverstone,Silverstone Circuit,russell,RUS,George Russell,mercedes,Mercedes,63,,10.0,10,1.0,52,Finished,11.0,1:30.869,,,RUS,,,,,,,,,,,,,RACE,CLOCKWISE,52.078611,-1.016944,5.891,18,61,ground_effect,2,normal,,,,,,,,,,,,,5.0,3.333333333333333,5.6,10.0,10.6,10.5,13.6,14.0,7,False,False,,,,,,,,,,,,,,,,,,,,,,,,,,,,,,,,,,,,,,,,,,,,,,,,,,,,,,,,,,,,,7.27953720328408
2025,12,British Grand Prix,2025-07-06,silverstone,Silverstone Circuit,hadjar,HAD,Isack Hadjar,rb,RB F1 Team,6,,17.0,R,0.0,17,Retired,16.0,1:41.705,,,HAD,,,,,,,,,,,,,RACE,CLOCKWISE,52.078611,-1.016944,5.891,18,61,ground_effect,2,normal,,,,,,,,,,,,,12.0,11.666666666666666,10.0,0.0,3.2,10.8,5.6,,0,False,False,,,,,,,,,,,,,,,,,,,,,,,,,,,,,,,,,,,,,,,,,,,,,,,,,,,,,,,,,,,,,12.150052137866286
2025,12,British Grand Prix,2025-07-06,silverstone,Silverstone Circuit,stroll,STR,Lance Stroll,aston_martin,Aston Martin,18,,7.0,7,6.0,52,Finished,15.0,1:32.088,,,STR,,,,,,,,,,,,,RACE,CLOCKWISE,52.078611,-1.016944,5.891,18,61,ground_effect,2,normal,,,,,,,,,,,,,14.0,15.333333333333334,15.4,0.0,0.0,12.3,2.8,10.666666666666666,9,False,False,,,,,,,,,,,,,,,,,,,,,,,,,,,,,,,,,,,,,,,,,,,,,,,,,,,,,,,,,,,,,12.531712874926695
2025,12,British Grand Prix,2025-07-06,silverstone,Silverstone Circuit,norris,NOR,Lando Norris,mclaren,McLaren,4,,1.0,1,25.0,52,Finished,2.0,1:29.734,,,NOR,,,,,,,,,,,,,RACE,CLOCKWISE,52.078611,-1.016944,5.891,18,61,ground_effect,2,normal,,,,,,,,,,,,,1.0,7.0,4.8,25.0,17.2,3.7,34.2,5.714285714285714,7,False,False,,,,,,,,,,,,,,,,,,,,,,,,,,,,,,,,,,,,,,,,,,,,,,,,,,,,,,,,,,,,,5.334382289927662
2025,12,British Grand Prix,2025-07-06,silverstone,Silverstone Circuit,hamilton,HAM,Lewis Hamilton,ferrari,Ferrari,44,,4.0,4,12.0,52,Finished,3.0,1:30.016,,,HAM,,,,,,,,,,,,,RACE,CLOCKWISE,52.078611,-1.016944,5.891,18,61,ground_effect,2,normal,,,,,,,,,,,,,4.0,5.333333333333333,5.0,12.0,10.0,4.4,23.2,1.5,12,False,False,,,,,,,,,,,,,,,,,,,,,,,,,,,,,,,,,,,,,,,,,,,,,,,,,,,,,,,,,,,,,5.318990257373579
2025,12,British Grand Prix,2025-07-06,silverstone,Silverstone Circuit,lawson,LAW,Liam Lawson,rb,RB F1 Team,30,,19.0,R,0.0,0,Retired,,,,,LAW,,,,,,,,,,,,,RACE,CLOCKWISE,52.078611,-1.016944,5.891,18,61,ground_effect,2,normal,,,,,,,,,,,,,6.0,12.0,11.6,8.0,2.4,10.8,5.6,,0,False,False,,,,,,,,,,,,,,,,,,,,,,,,,,,,,,,,,,,,,,,,,,,,,,,,,,,,,,,,,,,,,11.138553608481896
2025,12,British Grand Prix,2025-07-06,silverstone,Silverstone Circuit,max_verstappen,VER,Max Verstappen,red_bull,Red Bull,1,,5.0,5,10.0,52,Finished,5.0,1:30.179,,,VER,,,,,,,,,,,,,RACE,CLOCKWISE,52.078611,-1.016944,5.891,18,61,ground_effect,2,normal,,,,,,,,,,,,,18.0,10.0,7.0,0.0,11.2,10.3,11.4,6.818181818181818,11,False,False,,,,,,,,,,,,,,,,,,,,,,,,,,,,,,,,,,,,,,,,,,,,,,,,,,,,,,,,,,,,,6.9239879941295435
2025,12,British Grand Prix,2025-07-06,silverstone,Silverstone Circuit,hulkenberg,HUL,Nico Hülkenberg,sauber,Sauber,27,,3.0,3,15.0,52,Finished,14.0,1:30.933,,,HUL,,,,,,,,,,,,,RACE,CLOCKWISE,52.078611,-1.016944,5.891,18,61,ground_effect,2,normal,,,,,,,,,,,,,9.0,7.333333333333333,10.0,2.0,3.2,11.6,4.0,9.0,10,False,False,,,,,,,,,,,,,,,,,,,,,,,,,,,,,,,,,,,,,,,,,,,,,,,,,,,,,,,,,,,,,12.56751132873307
2025,12,British Grand Prix,2025-07-06,silverstone,Silverstone Circuit,bearman,BEA,Oliver Bearman,haas,Haas F1 Team,87,,11.0,11,0.0,52,Finished,13.0,1:30.921,,,BEA,,,,,,,,,,,,,RACE,CLOCKWISE,52.078611,-1.016944,5.891,18,61,ground_effect,2,normal,,,,,,,,,,,,,11.0,13.0,13.6,0.0,0.0,13.0,1.8,,0,False,False,,,,,,,,,,,,,,,,,,,,,,,,,,,,,,,,,,,,,,,,,,,,,,,,,,,,,,,,,,,,,13.7315447582931
2025,12,British Grand Prix,2025-07-06,silverstone,Silverstone Circuit,piastri,PIA,Oscar Piastri,mclaren,McLaren,81,,2.0,2,18.0,52,Finished,1.0,1:29.337,,,PIA,,,,,,,,,,,,,RACE,CLOCKWISE,52.078611,-1.016944,5.891,18,61,ground_effect,2,normal,,,,,,,,,,,,,2.0,2.333333333333333,2.6,18.0,17.0,3.7,34.2,4.0,2,False,False,,,,,,,,,,,,,,,,,,,,,,,,,,,,,,,,,,,,,,,,,,,,,,,,,,,,,,,,,,,,,5.500491759926103
2025,12,British Grand Prix,2025-07-06,silverstone,Silverstone Circuit,gasly,GAS,Pierre Gasly,alpine,Alpine F1 Team,10,,6.0,6,8.0,52,Finished,8.0,1:30.751,,,GAS,,,,,,,,,,,,,RACE,CLOCKWISE,52.078611,-1.016944,5.891,18,61,ground_effect,2,normal,,,,,,,,,,,,,13.0,12.0,13.8,0.0,0.8,14.1,0.8,12.5,8,False,False,,,,,,,,,,,,,,,,,,,,,,,,,,,,,,,,,,,,,,,,,,,,,,,,,,,,,,,,,,,,,13.191243292912409
2025,12,British Grand Prix,2025-07-06,silverstone,Silverstone Circuit,tsunoda,TSU,Yuki Tsunoda,red_bull,Red Bull,22,,15.0,15,0.0,51,Lapped,12.0,1:30.873,,,TSU,,,,,,,,,,,,,RACE,CLOCKWISE,52.078611,-1.016944,5.891,18,61,ground_effect,2,normal,,,,,,,,,,,,,16.0,13.666666666666666,13.6,0.0,0.2,10.3,11.4,12.5,4,False,False,,,,,,,,,,,,,,,,,,,,,,,,,,,,,,,,,,,,,,,,,,,,,,,,,,,,,,,,,,,,,10.282061786263082
2025,13,Belgian Grand Prix,2025-07-27,spa,Circuit de Spa-Francorchamps,albon,ALB,Alexander Albon,williams,Williams,23,,6.0,6,8.0,44,Finished,15.0,1:46.813,,,ALB,,,,,,,,,,,,,RACE,CLOCKWISE,50.437222,5.971389,7.004,19,59,ground_effect,2,sprint,,,,,,,,,,,,,8.0,15.0,14.6,4.0,1.2,13.9,1.6,9.4,5,False,False,,,,,,,,,,,,,,,,,,,,,,,,,,,,,,,,,,,,,,,,,,,,,,,,,,,,,,,,,,,,,12.492968722154973
2025,13,Belgian Grand Prix,2025-07-27,spa,Circuit de Spa-Francorchamps,antonelli,ANT,Andrea Kimi Antonelli,mercedes,Mercedes,12,,16.0,16,0.0,44,Finished,1.0,1:44.861,,,ANT,,,,,,,,,,,,,RACE,CLOCKWISE,50.437222,5.971389,7.004,19,59,ground_effect,2,sprint,,,,,,,,,,,,,16.0,12.666666666666666,14.8,0.0,3.0,10.5,12.6,,0,False,False,,,,,,,,,,,,,,,,,,,,,,,,,,,,,,,,,,,,,,,,,,,,,,,,,,,,,,,,,,,,,9.290999215691402
2025,13,Belgian Grand Prix,2025-07-27,spa,Circuit de Spa-Francorchamps,sainz,SAI,Carlos Sainz,williams,Williams,55,,18.0,18,0.0,44,Finished,6.0,1:46.073,,,SAI,,,,,,,,,,,,,RACE,CLOCKWISE,50.437222,5.971389,7.004,19,59,ground_effect,2,sprint,,,,,,,,,,,,,12.0,14.0,13.2,0.0,0.4,13.9,1.6,13.5,10,False,False,,,,,,,,,,,,,,,,,,,,,,,,,,,,,,,,,,,,,,,,,,,,,,,,,,,,,,,,,,,,,12.72198516025088
2025,13,Belgian Grand Prix,2025-07-27,spa,Circuit de Spa-Francorchamps,leclerc,LEC,Charles Leclerc,ferrari,Ferrari,16,,3.0,3,15.0,44,Finished,9.0,1:46.174,,,LEC,,,,,,,,,,,,,RACE,CLOCKWISE,50.437222,5.971389,7.004,19,59,ground_effect,2,sprint,,,,,,,,,,,,,14.0,7.333333333333333,5.4,0.0,11.6,5.2,21.6,7.571428571428571,7,False,False,,,,,,,,,,,,,,,,,,,,,,,,,,,,,,,,,,,,,,,,,,,,,,,,,,,,,,,,,,,,,6.6985786432006815
2025,13,Belgian Grand Prix,2025-07-27,spa,Circuit de Spa-Francorchamps,ocon,OCO,Esteban Ocon,haas,Haas F1 Team,31,,15.0,15,0.0,44,Finished,14.0,1:46.744,,,OCO,,,,,,,,,,,,,RACE,CLOCKWISE,50.437222,5.971389,7.004,19,59,ground_effect,2,sprint,,,,,,,,,,,,,13.0,10.666666666666666,11.0,0.0,1.8,11.7,1.8,8.375,8,False,False,,,,,,,,,,,,,,,,,,,,,,,,,,,,,,,,,,,,,,,,,,,,,,,,,,,,,,,,,,,,,12.29309699382427
2025,13,Belgian Grand Prix,2025-07-27,spa,Circuit de Spa-Francorchamps,alonso,ALO,Fernando Alonso,aston_martin,Aston Martin,14,,17.0,17,0.0,44,Finished,5.0,1:45.849,,,ALO,,,,,,,,,,,,,RACE,CLOCKWISE,50.437222,5.971389,7.004,19,59,ground_effect,2,sprint,,,,,,,,,,,,,9.0,7.666666666666667,10.2,2.0,3.2,11.3,4.4,10.333333333333334,9,False,False,,,,,,,,,,,,,,,,,,,,,,,,,,,,,,,,,,,,,,,,,,,,,,,,,,,,,,,,,,,,,11.533609763924492
2025,13,Belgian Grand Prix,2025-07-27,spa,Circuit de Spa-Francorchamps,colapinto,COL,Franco Colapinto,alpine,Alpine F1 Team,43,,19.0,19,0.0,44,Finished,8.0,1:46.104,,,COL,,,,,,,,,,,,,RACE,CLOCKWISE,50.437222,5.971389,7.004,19,59,ground_effect,2,sprint,,,,,,,,,,,,,20.0,16.0,15.2,0.0,0.0,13.8,2.4,,0,False,False,,,,,,,,,,,,,,,,,,,,,,,,,,,,,,,,,,,,,,,,,,,,,,,,,,,,,,,,,,,,,13.55959085586842
2025,13,Belgian Grand Prix,2025-07-27,spa,Circuit de Spa-Francorchamps,bortoleto,BOR,Gabriel Bortoleto,sauber,Sauber,5,,9.0,9,2.0,44,Finished,16.0,1:46.966,,,BOR,,,,,,,,,,,,,RACE,CLOCKWISE,50.437222,5.971389,7.004,19,59,ground_effect,2,sprint,,,,,,,,,,,,,18.0,13.333333333333334,13.2,0.0,0.8,10.7,7.0,,0,False,False,,,,,,,,,,,,,,,,,,,,,,,,,,,,,,,,,,,,,,,,,,,,,,,,,,,,,,,,,,,,,12.684128799316497
2025,13,Belgian Grand Prix,2025-07-27,spa,Circuit de Spa-Francorchamps,russell,RUS,George Russell,mercedes,Mercedes,63,,5.0,5,10.0,44,Finished,11.0,1:46.566,,,RUS,,,,,,,,,,,,,RACE,CLOCKWISE,50.437222,5.971389,7.004,19,59,ground_effect,2,sprint,,,,,,,,,,,,,10.0,5.333333333333333,6.2,1.0,9.6,10.5,12.6,11.0,6,False,False,,,,,,,,,,,,,,,,,,,,,,,,,,,,,,,,,,,,,,,,,,,,,,,,,,,,,,,,,,,,,7.724550933095439
2025,13,Belgian Grand Prix,2025-07-27,spa,Circuit de Spa-Francorchamps,hadjar,HAD,Isack Hadjar,rb,RB F1 Team,6,,20.0,20,0.0,43,Lapped,20.0,1:47.667,,,HAD,,,,,,,,,,,,,RACE,CLOCKWISE,50.437222,5.971389,7.004,19,59,ground_effect,2,sprint,,,,,,,,,,,,,17.0,15.0,11.6,0.0,2.8,12.1,5.2,,0,False,False,,,,,,,,,,,,,,,,,,,,,,,,,,,,,,,,,,,,,,,,,,,,,,,,,,,,,,,,,,,,,12.417652547690174
2025,13,Belgian Grand Prix,2025-07-27,spa,Circuit de Spa-Francorchamps,stroll,STR,Lance Stroll,aston_martin,Aston Martin,18,,14.0,14,0.0,44,Finished,18.0,1:47.212,,,STR,,,,,,,,,,,,,RACE,CLOCKWISE,50.437222,5.971389,7.004,19,59,ground_effect,2,sprint,,,,,,,,,,,,,7.0,12.666666666666666,13.6,6.0,1.2,11.3,4.4,11.75,8,False,False,,,,,,,,,,,,,,,,,,,,,,,,,,,,,,,,,,,,,,,,,,,,,,,,,,,,,,,,,,,,,11.742830986063044
2025,13,Belgian Grand Prix,2025-07-27,spa,Circuit de Spa-Francorchamps,norris,NOR,Lando Norris,mclaren,McLaren,4,,2.0,2,18.0,44,Finished,3.0,1:45.257,,,NOR,,,,,,,,,,,,,RACE,CLOCKWISE,50.437222,5.971389,7.004,19,59,ground_effect,2,sprint,,,,,,,,,,,,,1.0,6.666666666666667,4.6,25.0,18.6,3.5,36.2,9.333333333333334,6,False,False,,,,,,,,,,,,,,,,,,,,,,,,,,,,,,,,,,,,,,,,,,,,,,,,,,,,,,,,,,,,,4.878994752980185
2025,13,Belgian Grand Prix,2025-07-27,spa,Circuit de Spa-Francorchamps,hamilton,HAM,Lewis Hamilton,ferrari,Ferrari,44,,7.0,7,6.0,44,Finished,10.0,1:46.534,,,HAM,,,,,,,,,,,,,RACE,CLOCKWISE,50.437222,5.971389,7.004,19,59,ground_effect,2,sprint,,,,,,,,,,,,,4.0,4.666666666666667,5.0,12.0,10.0,5.2,21.6,5.181818181818182,11,False,False,,,,,,,,,,,,,,,,,,,,,,,,,,,,,,,,,,,,,,,,,,,,,,,,,,,,,,,,,,,,,5.6048417223494775
2025,13,Belgian Grand Prix,2025-07-27,spa,Circuit de Spa-Francorchamps,lawson,LAW,Liam Lawson,rb,RB F1 Team,30,,8.0,8,4.0,44,Finished,12.0,1:46.649,,,LAW,,,,,,,,,,,,,RACE,CLOCKWISE,50.437222,5.971389,7.004,19,59,ground_effect,2,sprint,,,,,,,,,,,,,19.0,14.666666666666666,12.6,0.0,2.4,12.1,5.2,,0,False,False,,,,,,,,,,,,,,,,,,,,,,,,,,,,,,,,,,,,,,,,,,,,,,,,,,,,,,,,,,,,,13.06163160847514
2025,13,Belgian Grand Prix,2025-07-27,spa,Circuit de Spa-Francorchamps,max_verstappen,VER,Max Verstappen,red_bull,Red Bull,1,,4.0,4,12.0,44,Finished,7.0,1:46.096,,,VER,,,,,,,,,,,,,RACE,CLOCKWISE,50.437222,5.971389,7.004,19,59,ground_effect,2,sprint,,,,,,,,,,,,,5.0,8.333333333333334,7.8,10.0,8.2,11.2,8.2,7.1,10,False,False,,,,,,,,,,,,,,,,,,,,,,,,,,,,,,,,,,,,,,,,,,,,,,,,,,,,,,,,,,,,,7.8963236706817295
2025,13,Belgian Grand Prix,2025-07-27,spa,Circuit de Spa-Francorchamps,hulkenberg,HUL,Nico Hülkenberg,sauber,Sauber,27,,12.0,12,0.0,44,Finished,2.0,1:45.068,,,HUL,,,,,,,,,,,,,RACE,CLOCKWISE,50.437222,5.971389,7.004,19,59,ground_effect,2,sprint,,,,,,,,,,,,,3.0,6.666666666666667,8.2,15.0,6.2,10.7,7.0,13.0,8,False,False,,,,,,,,,,,,,,,,,,,,,,,,,,,,,,,,,,,,,,,,,,,,,,,,,,,,,,,,,,,,,10.199678305944575
2025,13,Belgian Grand Prix,2025-07-27,spa,Circuit de Spa-Francorchamps,bearman,BEA,Oliver Bearman,haas,Haas F1 Team,87,,11.0,11,0.0,44,Finished,13.0,1:46.709,,,BEA,,,,,,,,,,,,,RACE,CLOCKWISE,50.437222,5.971389,7.004,19,59,ground_effect,2,sprint,,,,,,,,,,,,,11.0,11.0,12.4,0.0,0.0,11.7,1.8,,0,False,False,,,,,,,,,,,,,,,,,,,,,,,,,,,,,,,,,,,,,,,,,,,,,,,,,,,,,,,,,,,,,13.808279306553391
2025,13,Belgian Grand Prix,2025-07-27,spa,Circuit de Spa-Francorchamps,piastri,PIA,Oscar Piastri,mclaren,McLaren,81,,1.0,1,25.0,44,Finished,4.0,1:45.706,,,PIA,,,,,,,,,,,,,RACE,CLOCKWISE,50.437222,5.971389,7.004,19,59,ground_effect,2,sprint,,,,,,,,,,,,,2.0,2.6666666666666665,2.4,18.0,17.6,3.5,36.2,11.0,2,False,False,,,,,,,,,,,,,,,,,,,,,,,,,,,,,,,,,,,,,,,,,,,,,,,,,,,,,,,,,,,,,5.050376748418145
2025,13,Belgian Grand Prix,2025-07-27,spa,Circuit de Spa-Francorchamps,gasly,GAS,Pierre Gasly,alpine,Alpine F1 Team,10,,10.0,10,1.0,44,Finished,17.0,1:47.177,,,GAS,,,,,,,,,,,,,RACE,CLOCKWISE,50.437222,5.971389,7.004,19,59,ground_effect,2,sprint,,,,,,,,,,,,,6.0,11.333333333333334,12.4,8.0,2.4,13.8,2.4,9.285714285714286,7,False,False,,,,,,,,,,,,,,,,,,,,,,,,,,,,,,,,,,,,,,,,,,,,,,,,,,,,,,,,,,,,,11.426949670248666
2025,13,Belgian Grand Prix,2025-07-27,spa,Circuit de Spa-Francorchamps,tsunoda,TSU,Yuki Tsunoda,red_bull,Red Bull,22,,13.0,13,0.0,44,Finished,19.0,1:47.241,,,TSU,,,,,,,,,,,,,RACE,CLOCKWISE,50.437222,5.971389,7.004,19,59,ground_effect,2,sprint,,,,,,,,,,,,,15.0,14.333333333333334,14.6,0.0,0.0,11.2,8.2,13.5,4,False,False,,,,,,,,,,,,,,,,,,,,,,,,,,,,,,,,,,,,,,,,,,,,,,,,,,,,,,,,,,,,,11.767164896380624
2025,14,Hungarian Grand Prix,2025-08-03,hungaroring,Hungaroring,albon,ALB,Alexander Albon,williams,Williams,23,,15.0,15,0.0,69,Lapped,14.0,1:20.779,,,ALB,,,,,,,,,,,,,RACE,CLOCKWISE,47.582222,19.251111,4.381,14,41,ground_effect,2,normal,,,,,,,,,,,,,6.0,10.333333333333334,14.0,8.0,2.4,14.4,2.6,11.4,5,False,False,,,,,,,,,,,,,,,,,,,,,,,,,,,,,,,,,,,,,,,,,,,,,,,,,,,,,,,,,,,,,12.701081998187476
2025,14,Hungarian Grand Prix,2025-08-03,hungaroring,Hungaroring,antonelli,ANT,Andrea Kimi Antonelli,mercedes,Mercedes,12,,10.0,10,1.0,69,Lapped,13.0,1:20.745,,,ANT,,,,,,,,,,,,,RACE,CLOCKWISE,47.582222,19.251111,4.381,14,41,ground_effect,2,normal,,,,,,,,,,,,,16.0,17.0,14.4,0.0,3.0,9.7,14.6,,0,False,False,,,,,,,,,,,,,,,,,,,,,,,,,,,,,,,,,,,,,,,,,,,,,,,,,,,,,,,,,,,,,8.442035900742491
2025,14,Hungarian Grand Prix,2025-08-03,hungaroring,Hungaroring,sainz,SAI,Carlos Sainz,williams,Williams,55,,14.0,14,0.0,69,Lapped,4.0,1:19.790,,,SAI,,,,,,,,,,,,,RACE,CLOCKWISE,47.582222,19.251111,4.381,14,41,ground_effect,2,normal,,,,,,,,,,,,,18.0,16.666666666666668,14.8,0.0,0.2,14.4,2.6,7.6,10,False,False,,,,,,,,,,,,,,,,,,,,,,,,,,,,,,,,,,,,,,,,,,,,,,,,,,,,,,,,,,,,,13.353257990383907
2025,14,Hungarian Grand Prix,2025-08-03,hungaroring,Hungaroring,leclerc,LEC,Charles Leclerc,ferrari,Ferrari,16,,4.0,4,12.0,70,Finished,9.0,1:20.440,,,LEC,,,,,,,,,,,,,RACE,CLOCKWISE,47.582222,19.251111,4.381,14,41,ground_effect,2,normal,,,,,,,,,,,,,3.0,6.666666666666667,5.6,15.0,11.0,5.5,20.2,10.0,7,False,False,,,,,,,,,,,,,,,,,,,,,,,,,,,,,,,,,,,,,,,,,,,,,,,,,,,,,,,,,,,,,5.22657586019658
2025,14,Hungarian Grand Prix,2025-08-03,hungaroring,Hungaroring,ocon,OCO,Esteban Ocon,haas,Haas F1 Team,31,,16.0,16,0.0,69,Lapped,19.0,1:21.916,,,OCO,,,,,,,,,,,,,RACE,CLOCKWISE,47.582222,19.251111,4.381,14,41,ground_effect,2,normal,,,,,,,,,,,,,15.0,12.666666666666666,12.6,0.0,0.6,12.4,0.6,11.857142857142858,7,False,False,,,,,,,,,,,,,,,,,,,,,,,,,,,,,,,,,,,,,,,,,,,,,,,,,,,,,,,,,,,,,14.342350586266761
2025,14,Hungarian Grand Prix,2025-08-03,hungaroring,Hungaroring,alonso,ALO,Fernando Alonso,aston_martin,Aston Martin,14,,5.0,5,10.0,70,Finished,8.0,1:20.113,,,ALO,,,,,,,,,,,,,RACE,CLOCKWISE,47.582222,19.251111,4.381,14,41,ground_effect,2,normal,,,,,,,,,,,,,17.0,11.0,9.8,0.0,3.2,11.0,4.4,6.666666666666667,9,False,False,,,,,,,,,,,,,,,,,,,,,,,,,,,,,,,,,,,,,,,,,,,,,,,,,,,,,,,,,,,,,11.553788279036679
2025,14,Hungarian Grand Prix,2025-08-03,hungaroring,Hungaroring,colapinto,COL,Franco Colapinto,alpine,Alpine F1 Team,43,,18.0,18,0.0,69,Lapped,16.0,1:20.827,,,COL,,,,,,,,,,,,,RACE,CLOCKWISE,47.582222,19.251111,4.381,14,41,ground_effect,2,normal,,,,,,,,,,,,,19.0,18.0,16.4,0.0,0.0,13.4,2.6,,0,False,False,,,,,,,,,,,,,,,,,,,,,,,,,,,,,,,,,,,,,,,,,,,,,,,,,,,,,,,,,,,,,13.269683482642268
2025,14,Hungarian Grand Prix,2025-08-03,hungaroring,Hungaroring,bortoleto,BOR,Gabriel Bortoleto,sauber,Sauber,5,,6.0,6,8.0,70,Finished,11.0,1:20.705,,,BOR,,,,,,,,,,,,,RACE,CLOCKWISE,47.582222,19.251111,4.381,14,41,ground_effect,2,normal,,,,,,,,,,,,,9.0,11.666666666666666,12.2,2.0,1.2,9.8,7.4,,0,False,False,,,,,,,,,,,,,,,,,,,,,,,,,,,,,,,,,,,,,,,,,,,,,,,,,,,,,,,,,,,,,11.788864996625627
2025,14,Hungarian Grand Prix,2025-08-03,hungaroring,Hungaroring,russell,RUS,George Russell,mercedes,Mercedes,63,,3.0,3,15.0,70,Finished,1.0,1:19.409,,,RUS,,,,,,,,,,,,,RACE,CLOCKWISE,47.582222,19.251111,4.381,14,41,ground_effect,2,normal,,,,,,,,,,,,,5.0,6.666666666666667,5.0,10.0,11.6,9.7,14.6,9.833333333333334,6,False,False,,,,,,,,,,,,,,,,,,,,,,,,,,,,,,,,,,,,,,,,,,,,,,,,,,,,,,,,,,,,,6.798737019124583
2025,14,Hungarian Grand Prix,2025-08-03,hungaroring,Hungaroring,hadjar,HAD,Isack Hadjar,rb,RB F1 Team,6,,11.0,11,0.0,69,Lapped,15.0,1:20.802,,,HAD,,,,,,,,,,,,,RACE,CLOCKWISE,47.582222,19.251111,4.381,14,41,ground_effect,2,normal,,,,,,,,,,,,,20.0,16.333333333333332,14.4,0.0,1.2,13.5,3.6,,0,False,False,,,,,,,,,,,,,,,,,,,,,,,,,,,,,,,,,,,,,,,,,,,,,,,,,,,,,,,,,,,,,13.404040905481006
2025,14,Hungarian Grand Prix,2025-08-03,hungaroring,Hungaroring,stroll,STR,Lance Stroll,aston_martin,Aston Martin,18,,7.0,7,6.0,70,Finished,12.0,1:20.708,,,STR,,,,,,,,,,,,,RACE,CLOCKWISE,47.582222,19.251111,4.381,14,41,ground_effect,2,normal,,,,,,,,,,,,,14.0,11.666666666666666,13.4,0.0,1.2,11.0,4.4,12.75,8,False,False,,,,,,,,,,,,,,,,,,,,,,,,,,,,,,,,,,,,,,,,,,,,,,,,,,,,,,,,,,,,,12.849345510050933
2025,14,Hungarian Grand Prix,2025-08-03,hungaroring,Hungaroring,norris,NOR,Lando Norris,mclaren,McLaren,4,,1.0,1,25.0,70,Finished,5.0,1:19.918,,,NOR,,,,,,,,,,,,,RACE,CLOCKWISE,47.582222,19.251111,4.381,14,41,ground_effect,2,normal,,,,,,,,,,,,,2.0,1.3333333333333333,4.8,18.0,17.2,3.4,36.8,8.0,6,False,False,,,,,,,,,,,,,,,,,,,,,,,,,,,,,,,,,,,,,,,,,,,,,,,,,,,,,,,,,,,,,4.71824871517881
2025,14,Hungarian Grand Prix,2025-08-03,hungaroring,Hungaroring,hamilton,HAM,Lewis Hamilton,ferrari,Ferrari,44,,12.0,12,0.0,69,Lapped,7.0,1:20.022,,,HAM,,,,,,,,,,,,,RACE,CLOCKWISE,47.582222,19.251111,4.381,14,41,ground_effect,2,normal,,,,,,,,,,,,,7.0,5.0,5.4,6.0,9.2,5.5,20.2,2.5454545454545454,11,False,False,,,,,,,,,,,,,,,,,,,,,,,,,,,,,,,,,,,,,,,,,,,,,,,,,,,,,,,,,,,,,5.667143691671175
2025,14,Hungarian Grand Prix,2025-08-03,hungaroring,Hungaroring,lawson,LAW,Liam Lawson,rb,RB F1 Team,30,,8.0,8,4.0,70,Finished,10.0,1:20.457,,,LAW,,,,,,,,,,,,,RACE,CLOCKWISE,47.582222,19.251111,4.381,14,41,ground_effect,2,normal,,,,,,,,,,,,,8.0,11.0,12.6,4.0,2.4,13.5,3.6,,0,False,False,,,,,,,,,,,,,,,,,,,,,,,,,,,,,,,,,,,,,,,,,,,,,,,,,,,,,,,,,,,,,12.634154250278453
2025,14,Hungarian Grand Prix,2025-08-03,hungaroring,Hungaroring,max_verstappen,VER,Max Verstappen,red_bull,Red Bull,1,,9.0,9,2.0,70,Finished,3.0,1:19.576,,,VER,,,,,,,,,,,,,RACE,CLOCKWISE,47.582222,19.251111,4.381,14,41,ground_effect,2,normal,,,,,,,,,,,,,4.0,9.0,7.8,12.0,8.2,10.8,8.2,5.3,10,False,False,,,,,,,,,,,,,,,,,,,,,,,,,,,,,,,,,,,,,,,,,,,,,,,,,,,,,,,,,,,,,7.568233132068634
2025,14,Hungarian Grand Prix,2025-08-03,hungaroring,Hungaroring,hulkenberg,HUL,Nico Hülkenberg,sauber,Sauber,27,,13.0,13,0.0,69,Lapped,6.0,1:20.013,,,HUL,,,,,,,,,,,,,RACE,CLOCKWISE,47.582222,19.251111,4.381,14,41,ground_effect,2,normal,,,,,,,,,,,,,12.0,8.0,7.4,0.0,6.2,9.8,7.4,14.75,8,False,False,,,,,,,,,,,,,,,,,,,,,,,,,,,,,,,,,,,,,,,,,,,,,,,,,,,,,,,,,,,,,12.01191433183163
2025,14,Hungarian Grand Prix,2025-08-03,hungaroring,Hungaroring,bearman,BEA,Oliver Bearman,haas,Haas F1 Team,87,,20.0,R,0.0,48,Retired,20.0,1:21.989,,,BEA,,,,,,,,,,,,,RACE,CLOCKWISE,47.582222,19.251111,4.381,14,41,ground_effect,2,normal,,,,,,,,,,,,,11.0,11.0,12.2,0.0,0.0,12.4,0.6,,0,False,False,,,,,,,,,,,,,,,,,,,,,,,,,,,,,,,,,,,,,,,,,,,,,,,,,,,,,,,,,,,,,13.981239247490656
2025,14,Hungarian Grand Prix,2025-08-03,hungaroring,Hungaroring,piastri,PIA,Oscar Piastri,mclaren,McLaren,81,,2.0,2,18.0,70,Finished,2.0,1:19.412,,,PIA,,,,,,,,,,,,,RACE,CLOCKWISE,47.582222,19.251111,4.381,14,41,ground_effect,2,normal,,,,,,,,,,,,,1.0,1.6666666666666667,2.0,25.0,19.6,3.4,36.8,3.0,2,False,False,,,,,,,,,,,,,,,,,,,,,,,,,,,,,,,,,,,,,,,,,,,,,,,,,,,,,,,,,,,,,5.213433243277644
2025,14,Hungarian Grand Prix,2025-08-03,hungaroring,Hungaroring,gasly,GAS,Pierre Gasly,alpine,Alpine F1 Team,10,,19.0,19,0.0,69,Lapped,18.0,1:21.433,,,GAS,,,,,,,,,,,,,RACE,CLOCKWISE,47.582222,19.251111,4.381,14,41,ground_effect,2,normal,,,,,,,,,,,,,10.0,9.666666666666666,10.4,1.0,2.6,13.4,2.6,12.714285714285714,7,False,False,,,,,,,,,,,,,,,,,,,,,,,,,,,,,,,,,,,,,,,,,,,,,,,,,,,,,,,,,,,,,12.572428850668132
2025,14,Hungarian Grand Prix,2025-08-03,hungaroring,Hungaroring,tsunoda,TSU,Yuki Tsunoda,red_bull,Red Bull,22,,17.0,17,0.0,69,Lapped,17.0,1:21.180,,,TSU,,,,,,,,,,,,,RACE,CLOCKWISE,47.582222,19.251111,4.381,14,41,ground_effect,2,normal,,,,,,,,,,,,,13.0,14.666666666666666,13.8,0.0,0.0,10.8,8.2,12.25,4,False,False,,,,,,,,,,,,,,,,,,,,,,,,,,,,,,,,,,,,,,,,,,,,,,,,,,,,,,,,,,,,,11.216410216521421
2025,15,Dutch Grand Prix,2025-08-31,zandvoort,Circuit Park Zandvoort,albon,ALB,Alexander Albon,williams,Williams,23,,5.0,5,10.0,72,Finished,7.0,1:13.687,,,ALB,,,,,,,,,,,,,RACE,CLOCKWISE,52.388819,4.540922,4.259,14,36,ground_effect,2,normal,,,,,,,,,,,,,15.0,9.666666666666666,13.2,0.0,2.4,14.0,2.6,11.333333333333334,3,False,False,,,,,,,,,,,,,,,,,,,,,,,,,,,,,,,,,,,,,,,,,,,,,,,,,,,,,,,,,,,,,13.168624883844734
2025,15,Dutch Grand Prix,2025-08-31,zandvoort,Circuit Park Zandvoort,antonelli,ANT,Andrea Kimi Antonelli,mercedes,Mercedes,12,,16.0,16,0.0,72,Finished,6.0,1:13.480,,,ANT,,,,,,,,,,,,,RACE,CLOCKWISE,52.388819,4.540922,4.259,14,36,ground_effect,2,normal,,,,,,,,,,,,,10.0,14.0,12.8,1.0,3.2,8.8,15.4,,0,False,False,,,,,,,,,,,,,,,,,,,,,,,,,,,,,,,,,,,,,,,,,,,,,,,,,,,,,,,,,,,,,8.952171666149896
2025,15,Dutch Grand Prix,2025-08-31,zandvoort,Circuit Park Zandvoort,sainz,SAI,Carlos Sainz,williams,Williams,55,,13.0,13,0.0,72,Finished,10.0,1:13.808,,,SAI,,,,,,,,,,,,,RACE,CLOCKWISE,52.388819,4.540922,4.259,14,36,ground_effect,2,normal,,,,,,,,,,,,,14.0,14.666666666666666,14.8,0.0,0.2,14.0,2.6,6.25,4,False,False,,,,,,,,,,,,,,,,,,,,,,,,,,,,,,,,,,,,,,,,,,,,,,,,,,,,,,,,,,,,,12.675208599433828
2025,15,Dutch Grand Prix,2025-08-31,zandvoort,Circuit Park Zandvoort,leclerc,LEC,Charles Leclerc,ferrari,Ferrari,16,,19.0,R,0.0,52,Retired,17.0,1:14.557,,,LEC,,,,,,,,,,,,,RACE,CLOCKWISE,52.388819,4.540922,4.259,14,36,ground_effect,2,normal,,,,,,,,,,,,,4.0,7.0,5.8,12.0,10.4,6.2,18.0,7.5,4,False,False,,,,,,,,,,,,,,,,,,,,,,,,,,,,,,,,,,,,,,,,,,,,,,,,,,,,,,,,,,,,,5.775856183836631
2025,15,Dutch Grand Prix,2025-08-31,zandvoort,Circuit Park Zandvoort,ocon,OCO,Esteban Ocon,haas,Haas F1 Team,31,,10.0,10,1.0,72,Finished,14.0,1:13.986,,,OCO,,,,,,,,,,,,,RACE,CLOCKWISE,52.388819,4.540922,4.259,14,36,ground_effect,2,normal,,,,,,,,,,,,,16.0,14.666666666666666,12.6,0.0,0.6,12.7,0.6,10.75,4,False,False,,,,,,,,,,,,,,,,,,,,,,,,,,,,,,,,,,,,,,,,,,,,,,,,,,,,,,,,,,,,,14.173723874089715
2025,15,Dutch Grand Prix,2025-08-31,zandvoort,Circuit Park Zandvoort,alonso,ALO,Fernando Alonso,aston_martin,Aston Martin,14,,8.0,8,4.0,72,Finished,8.0,1:13.719,,,ALO,,,,,,,,,,,,,RACE,CLOCKWISE,52.388819,4.540922,4.259,14,36,ground_effect,2,normal,,,,,,,,,,,,,5.0,10.333333333333334,9.0,10.0,4.8,10.4,7.2,6.0,4,False,False,,,,,,,,,,,,,,,,,,,,,,,,,,,,,,,,,,,,,,,,,,,,,,,,,,,,,,,,,,,,,9.118748036014646
2025,15,Dutch Grand Prix,2025-08-31,zandvoort,Circuit Park Zandvoort,colapinto,COL,Franco Colapinto,alpine,Alpine F1 Team,43,,11.0,11,0.0,72,Finished,4.0,1:13.049,,,COL,,,,,,,,,,,,,RACE,CLOCKWISE,52.388819,4.540922,4.259,14,36,ground_effect,2,normal,,,,,,,,,,,,,18.0,19.0,17.0,0.0,0.0,14.8,1.8,,0,False,False,,,,,,,,,,,,,,,,,,,,,,,,,,,,,,,,,,,,,,,,,,,,,,,,,,,,,,,,,,,,,13.973317585275579
2025,15,Dutch Grand Prix,2025-08-31,zandvoort,Circuit Park Zandvoort,bortoleto,BOR,Gabriel Bortoleto,sauber,Sauber,5,,15.0,15,0.0,72,Finished,15.0,1:14.307,,,BOR,,,,,,,,,,,,,RACE,CLOCKWISE,52.388819,4.540922,4.259,14,36,ground_effect,2,normal,,,,,,,,,,,,,6.0,11.0,11.0,8.0,2.8,10.0,7.0,,0,False,False,,,,,,,,,,,,,,,,,,,,,,,,,,,,,,,,,,,,,,,,,,,,,,,,,,,,,,,,,,,,,10.861556438337248
2025,15,Dutch Grand Prix,2025-08-31,zandvoort,Circuit Park Zandvoort,russell,RUS,George Russell,mercedes,Mercedes,63,,4.0,4,12.0,72,Finished,9.0,1:13.728,,,RUS,,,,,,,,,,,,,RACE,CLOCKWISE,52.388819,4.540922,4.259,14,36,ground_effect,2,normal,,,,,,,,,,,,,3.0,6.0,4.8,15.0,12.2,8.8,15.4,10.75,4,False,False,,,,,,,,,,,,,,,,,,,,,,,,,,,,,,,,,,,,,,,,,,,,,,,,,,,,,,,,,,,,,6.714984039043617
2025,15,Dutch Grand Prix,2025-08-31,zandvoort,Circuit Park Zandvoort,hadjar,HAD,Isack Hadjar,rb,RB F1 Team,6,,3.0,3,15.0,72,Finished,5.0,1:13.327,,,HAD,,,,,,,,,,,,,RACE,CLOCKWISE,52.388819,4.540922,4.259,14,36,ground_effect,2,normal,,,,,,,,,,,,,11.0,16.0,15.2,0.0,0.0,13.6,3.2,,0,False,False,,,,,,,,,,,,,,,,,,,,,,,,,,,,,,,,,,,,,,,,,,,,,,,,,,,,,,,,,,,,,14.136740946876882
2025,15,Dutch Grand Prix,2025-08-31,zandvoort,Circuit Park Zandvoort,stroll,STR,Lance Stroll,aston_martin,Aston Martin,18,,7.0,7,6.0,72,Finished,11.0,1:13.822,,,STR,,,,,,,,,,,,,RACE,CLOCKWISE,52.388819,4.540922,4.259,14,36,ground_effect,2,normal,,,,,,,,,,,,,7.0,9.333333333333334,11.8,6.0,2.4,10.4,7.2,11.5,4,False,False,,,,,,,,,,,,,,,,,,,,,,,,,,,,,,,,,,,,,,,,,,,,,,,,,,,,,,,,,,,,,11.864161020070364
2025,15,Dutch Grand Prix,2025-08-31,zandvoort,Circuit Park Zandvoort,norris,NOR,Lando Norris,mclaren,McLaren,4,,18.0,18,0.0,64,Retired,2.0,1:12.379,,,NOR,,,,,,,,,,,,,RACE,CLOCKWISE,52.388819,4.540922,4.259,14,36,ground_effect,2,normal,,,,,,,,,,,,,1.0,1.3333333333333333,4.6,25.0,18.6,3.4,36.8,6.25,4,False,False,,,,,,,,,,,,,,,,,,,,,,,,,,,,,,,,,,,,,,,,,,,,,,,,,,,,,,,,,,,,,4.901719275368192
2025,15,Dutch Grand Prix,2025-08-31,zandvoort,Circuit Park Zandvoort,hamilton,HAM,Lewis Hamilton,ferrari,Ferrari,44,,20.0,R,0.0,22,Retired,20.0,1:15.684,,,HAM,,,,,,,,,,,,,RACE,CLOCKWISE,52.388819,4.540922,4.259,14,36,ground_effect,2,normal,,,,,,,,,,,,,12.0,7.666666666666667,6.6,0.0,7.6,6.2,18.0,5.0,4,False,False,,,,,,,,,,,,,,,,,,,,,,,,,,,,,,,,,,,,,,,,,,,,,,,,,,,,,,,,,,,,,6.410855564042127
2025,15,Dutch Grand Prix,2025-08-31,zandvoort,Circuit Park Zandvoort,lawson,LAW,Liam Lawson,rb,RB F1 Team,30,,12.0,12,0.0,72,Finished,12.0,1:13.879,,,LAW,,,,,,,,,,,,,RACE,CLOCKWISE,52.388819,4.540922,4.259,14,36,ground_effect,2,normal,,,,,,,,,,,,,8.0,11.666666666666666,12.0,4.0,3.2,13.6,3.2,13.0,1,False,False,,,,,,,,,,,,,,,,,,,,,,,,,,,,,,,,,,,,,,,,,,,,,,,,,,,,,,,,,,,,,12.500970730176915
2025,15,Dutch Grand Prix,2025-08-31,zandvoort,Circuit Park Zandvoort,max_verstappen,VER,Max Verstappen,red_bull,Red Bull,1,,2.0,2,18.0,72,Finished,3.0,1:12.921,,,VER,,,,,,,,,,,,,RACE,CLOCKWISE,52.388819,4.540922,4.259,14,36,ground_effect,2,normal,,,,,,,,,,,,,9.0,6.0,7.6,2.0,8.4,11.1,8.4,1.25,4,False,False,,,,,,,,,,,,,,,,,,,,,,,,,,,,,,,,,,,,,,,,,,,,,,,,,,,,,,,,,,,,,7.876046653577463
2025,15,Dutch Grand Prix,2025-08-31,zandvoort,Circuit Park Zandvoort,hulkenberg,HUL,Nico Hülkenberg,sauber,Sauber,27,,14.0,14,0.0,72,Finished,18.0,1:14.912,,,HUL,,,,,,,,,,,,,RACE,CLOCKWISE,52.388819,4.540922,4.259,14,36,ground_effect,2,normal,,,,,,,,,,,,,13.0,9.333333333333334,9.0,0.0,4.2,10.0,7.0,11.5,2,False,False,,,,,,,,,,,,,,,,,,,,,,,,,,,,,,,,,,,,,,,,,,,,,,,,,,,,,,,,,,,,,11.535253173059358
2025,15,Dutch Grand Prix,2025-08-31,zandvoort,Circuit Park Zandvoort,bearman,BEA,Oliver Bearman,haas,Haas F1 Team,87,,6.0,6,8.0,72,Finished,13.0,1:13.950,,,BEA,,,,,,,,,,,,,RACE,CLOCKWISE,52.388819,4.540922,4.259,14,36,ground_effect,2,normal,,,,,,,,,,,,,20.0,14.0,12.8,0.0,0.0,12.7,0.6,,0,False,False,,,,,,,,,,,,,,,,,,,,,,,,,,,,,,,,,,,,,,,,,,,,,,,,,,,,,,,,,,,,,14.097892196391754
2025,15,Dutch Grand Prix,2025-08-31,zandvoort,Circuit Park Zandvoort,piastri,PIA,Oscar Piastri,mclaren,McLaren,81,,1.0,1,25.0,72,Finished,1.0,1:12.271,,,PIA,,,,,,,,,,,,,RACE,CLOCKWISE,52.388819,4.540922,4.259,14,36,ground_effect,2,normal,,,,,,,,,,,,,2.0,1.6666666666666667,2.2,18.0,18.2,3.4,36.8,6.5,2,False,False,,,,,,,,,,,,,,,,,,,,,,,,,,,,,,,,,,,,,,,,,,,,,,,,,,,,,,,,,,,,,5.368802133976623
2025,15,Dutch Grand Prix,2025-08-31,zandvoort,Circuit Park Zandvoort,gasly,GAS,Pierre Gasly,alpine,Alpine F1 Team,10,,17.0,17,0.0,72,Finished,19.0,1:15.248,,,GAS,,,,,,,,,,,,,RACE,CLOCKWISE,52.388819,4.540922,4.259,14,36,ground_effect,2,normal,,,,,,,,,,,,,19.0,11.666666666666666,12.6,0.0,1.8,14.8,1.8,6.75,4,False,False,,,,,,,,,,,,,,,,,,,,,,,,,,,,,,,,,,,,,,,,,,,,,,,,,,,,,,,,,,,,,11.688593658472964
2025,15,Dutch Grand Prix,2025-08-31,zandvoort,Circuit Park Zandvoort,tsunoda,TSU,Yuki Tsunoda,red_bull,Red Bull,22,,9.0,9,2.0,72,Finished,16.0,1:14.354,,,TSU,,,,,,,,,,,,,RACE,CLOCKWISE,52.388819,4.540922,4.259,14,36,ground_effect,2,normal,,,,,,,,,,,,,17.0,15.0,14.6,0.0,0.0,11.1,8.4,17.75,4,False,False,,,,,,,,,,,,,,,,,,,,,,,,,,,,,,,,,,,,,,,,,,,,,,,,,,,,,,,,,,,,,11.79698231424495
2025,16,Italian Grand Prix,2025-09-07,monza,Autodromo Nazionale di Monza,albon,ALB,Alexander Albon,williams,Williams,23,,7.0,7,6.0,53,Finished,5.0,1:21.368,,,ALB,,,,,,,,,,,,,RACE,CLOCKWISE,45.620556,9.289444,5.793,11,75,ground_effect,2,normal,,,,,,,,,,,,,5.0,8.666666666666666,10.2,10.0,4.4,12.8,4.4,9.25,4,False,False,,,,,,,,,,,,,,,,,,,,,,,,,,,,,,,,,,,,,,,,,,,,,,,,,,,,,,,,,,,,,10.663122562533696
2025,16,Italian Grand Prix,2025-09-07,monza,Autodromo Nazionale di Monza,antonelli,ANT,Andrea Kimi Antonelli,mercedes,Mercedes,12,,9.0,9,2.0,53,Finished,10.0,1:21.968,,,ANT,,,,,,,,,,,,,RACE,CLOCKWISE,45.620556,9.289444,5.793,11,75,ground_effect,2,normal,,,,,,,,,,,,,16.0,14.0,15.4,0.0,0.2,10.4,9.8,,0,False,False,,,,,,,,,,,,,,,,,,,,,,,,,,,,,,,,,,,,,,,,,,,,,,,,,,,,,,,,,,,,,9.984978583640912
2025,16,Italian Grand Prix,2025-09-07,monza,Autodromo Nazionale di Monza,sainz,SAI,Carlos Sainz,williams,Williams,55,,11.0,11,0.0,53,Finished,7.0,1:21.740,,,SAI,,,,,,,,,,,,,RACE,CLOCKWISE,45.620556,9.289444,5.793,11,75,ground_effect,2,normal,,,,,,,,,,,,,13.0,15.0,15.4,0.0,0.0,12.8,4.4,8.7,10,False,False,,,,,,,,,,,,,,,,,,,,,,,,,,,,,,,,,,,,,,,,,,,,,,,,,,,,,,,,,,,,,12.857505733850225
2025,16,Italian Grand Prix,2025-09-07,monza,Autodromo Nazionale di Monza,leclerc,LEC,Charles Leclerc,ferrari,Ferrari,16,,4.0,4,12.0,53,Finished,4.0,1:21.294,,,LEC,,,,,,,,,,,,,RACE,CLOCKWISE,45.620556,9.289444,5.793,11,75,ground_effect,2,normal,,,,,,,,,,,,,19.0,8.666666666666666,8.6,0.0,8.4,9.0,14.4,5.857142857142857,7,False,False,,,,,,,,,,,,,,,,,,,,,,,,,,,,,,,,,,,,,,,,,,,,,,,,,,,,,,,,,,,,,6.091421628383465
2025,16,Italian Grand Prix,2025-09-07,monza,Autodromo Nazionale di Monza,ocon,OCO,Esteban Ocon,haas,Haas F1 Team,31,,15.0,15,0.0,52,Lapped,18.0,1:22.892,,,OCO,,,,,,,,,,,,,RACE,CLOCKWISE,45.620556,9.289444,5.793,11,75,ground_effect,2,normal,,,,,,,,,,,,,10.0,13.666666666666666,12.8,1.0,0.4,12.3,2.0,11.5,8,False,False,,,,,,,,,,,,,,,,,,,,,,,,,,,,,,,,,,,,,,,,,,,,,,,,,,,,,,,,,,,,,13.033944846683497
2025,16,Italian Grand Prix,2025-09-07,monza,Autodromo Nazionale di Monza,alonso,ALO,Fernando Alonso,aston_martin,Aston Martin,14,,19.0,R,0.0,24,Retired,19.0,1:23.757,,,ALO,,,,,,,,,,,,,RACE,CLOCKWISE,45.620556,9.289444,5.793,11,75,ground_effect,2,normal,,,,,,,,,,,,,8.0,10.0,9.2,4.0,4.4,9.5,8.0,15.0,9,False,False,,,,,,,,,,,,,,,,,,,,,,,,,,,,,,,,,,,,,,,,,,,,,,,,,,,,,,,,,,,,,11.498433607945335
2025,16,Italian Grand Prix,2025-09-07,monza,Autodromo Nazionale di Monza,colapinto,COL,Franco Colapinto,alpine,Alpine F1 Team,43,,17.0,17,0.0,52,Lapped,15.0,1:22.239,,,COL,,,,,,,,,,,,,RACE,CLOCKWISE,45.620556,9.289444,5.793,11,75,ground_effect,2,normal,,,,,,,,,,,,,11.0,16.0,16.6,0.0,0.0,14.8,1.8,12.0,1,False,False,,,,,,,,,,,,,,,,,,,,,,,,,,,,,,,,,,,,,,,,,,,,,,,,,,,,,,,,,,,,,14.093386343390753
2025,16,Italian Grand Prix,2025-09-07,monza,Autodromo Nazionale di Monza,bortoleto,BOR,Gabriel Bortoleto,sauber,Sauber,5,,8.0,8,4.0,53,Finished,12.0,1:22.139,,,BOR,,,,,,,,,,,,,RACE,CLOCKWISE,45.620556,9.289444,5.793,11,75,ground_effect,2,normal,,,,,,,,,,,,,15.0,10.0,11.2,0.0,2.8,10.7,6.2,,0,False,False,,,,,,,,,,,,,,,,,,,,,,,,,,,,,,,,,,,,,,,,,,,,,,,,,,,,,,,,,,,,,12.227561583818346
2025,16,Italian Grand Prix,2025-09-07,monza,Autodromo Nazionale di Monza,russell,RUS,George Russell,mercedes,Mercedes,63,,5.0,5,10.0,53,Finished,8.0,1:21.800,,,RUS,,,,,,,,,,,,,RACE,CLOCKWISE,45.620556,9.289444,5.793,11,75,ground_effect,2,normal,,,,,,,,,,,,,4.0,4.0,5.4,12.0,9.6,10.4,9.8,8.666666666666666,6,False,False,,,,,,,,,,,,,,,,,,,,,,,,,,,,,,,,,,,,,,,,,,,,,,,,,,,,,,,,,,,,,7.326912797358487
2025,16,Italian Grand Prix,2025-09-07,monza,Autodromo Nazionale di Monza,hadjar,HAD,Isack Hadjar,rb,RB F1 Team,6,,10.0,10,1.0,53,Finished,11.0,1:22.133,,,HAD,,,,,,,,,,,,,RACE,CLOCKWISE,45.620556,9.289444,5.793,11,75,ground_effect,2,normal,,,,,,,,,,,,,3.0,11.333333333333334,12.6,15.0,3.0,11.6,6.2,,0,False,False,,,,,,,,,,,,,,,,,,,,,,,,,,,,,,,,,,,,,,,,,,,,,,,,,,,,,,,,,,,,,11.87715824409524
2025,16,Italian Grand Prix,2025-09-07,monza,Autodromo Nazionale di Monza,stroll,STR,Lance Stroll,aston_martin,Aston Martin,18,,18.0,18,0.0,52,Lapped,13.0,1:22.164,,,STR,,,,,,,,,,,,,RACE,CLOCKWISE,45.620556,9.289444,5.793,11,75,ground_effect,2,normal,,,,,,,,,,,,,7.0,9.333333333333334,9.8,6.0,3.6,9.5,8.0,11.375,8,False,False,,,,,,,,,,,,,,,,,,,,,,,,,,,,,,,,,,,,,,,,,,,,,,,,,,,,,,,,,,,,,11.400427607853791
2025,16,Italian Grand Prix,2025-09-07,monza,Autodromo Nazionale di Monza,norris,NOR,Lando Norris,mclaren,McLaren,4,,2.0,2,18.0,53,Finished,1.0,1:20.901,,,NOR,,,,,,,,,,,,,RACE,CLOCKWISE,45.620556,9.289444,5.793,11,75,ground_effect,2,normal,,,,,,,,,,,,,18.0,7.0,4.6,0.0,18.6,3.1,39.4,5.666666666666667,6,False,False,,,,,,,,,,,,,,,,,,,,,,,,,,,,,,,,,,,,,,,,,,,,,,,,,,,,,,,,,,,,,5.0544352741007685
2025,16,Italian Grand Prix,2025-09-07,monza,Autodromo Nazionale di Monza,hamilton,HAM,Lewis Hamilton,ferrari,Ferrari,44,,6.0,6,8.0,53,Finished,6.0,1:21.546,,,HAM,,,,,,,,,,,,,RACE,CLOCKWISE,45.620556,9.289444,5.793,11,75,ground_effect,2,normal,,,,,,,,,,,,,20.0,13.0,9.4,0.0,6.0,9.0,14.4,4.454545454545454,11,False,False,,,,,,,,,,,,,,,,,,,,,,,,,,,,,,,,,,,,,,,,,,,,,,,,,,,,,,,,,,,,,7.26900198079813
2025,16,Italian Grand Prix,2025-09-07,monza,Autodromo Nazionale di Monza,lawson,LAW,Liam Lawson,rb,RB F1 Team,30,,14.0,14,0.0,53,Finished,17.0,1:22.777,,,LAW,,,,,,,,,,,,,RACE,CLOCKWISE,45.620556,9.289444,5.793,11,75,ground_effect,2,normal,,,,,,,,,,,,,12.0,9.333333333333334,10.6,0.0,3.2,11.6,6.2,11.0,1,False,False,,,,,,,,,,,,,,,,,,,,,,,,,,,,,,,,,,,,,,,,,,,,,,,,,,,,,,,,,,,,,12.189050083056355
2025,16,Italian Grand Prix,2025-09-07,monza,Autodromo Nazionale di Monza,max_verstappen,VER,Max Verstappen,red_bull,Red Bull,1,,1.0,1,25.0,53,Finished,2.0,1:21.003,,,VER,,,,,,,,,,,,,RACE,CLOCKWISE,45.620556,9.289444,5.793,11,75,ground_effect,2,normal,,,,,,,,,,,,,2.0,5.0,7.6,18.0,8.4,10.8,8.8,8.5,10,False,False,,,,,,,,,,,,,,,,,,,,,,,,,,,,,,,,,,,,,,,,,,,,,,,,,,,,,,,,,,,,,7.793459408580742
2025,16,Italian Grand Prix,2025-09-07,monza,Autodromo Nazionale di Monza,hulkenberg,HUL,Nico Hülkenberg,sauber,Sauber,27,,20.0,W,0.0,0,Did not start,,,,,HUL,,,,,,,,,,,,,RACE,CLOCKWISE,45.620556,9.289444,5.793,11,75,ground_effect,2,normal,,,,,,,,,,,,,14.0,13.0,10.2,0.0,3.4,10.7,6.2,11.75,8,False,False,,,,,,,,,,,,,,,,,,,,,,,,,,,,,,,,,,,,,,,,,,,,,,,,,,,,,,,,,,,,,12.413852954549
2025,16,Italian Grand Prix,2025-09-07,monza,Autodromo Nazionale di Monza,bearman,BEA,Oliver Bearman,haas,Haas F1 Team,87,,12.0,12,0.0,53,Finished,9.0,1:21.820,,,BEA,,,,,,,,,,,,,RACE,CLOCKWISE,45.620556,9.289444,5.793,11,75,ground_effect,2,normal,,,,,,,,,,,,,6.0,12.333333333333334,11.8,8.0,1.6,12.3,2.0,,0,False,False,,,,,,,,,,,,,,,,,,,,,,,,,,,,,,,,,,,,,,,,,,,,,,,,,,,,,,,,,,,,,12.273581463243506
2025,16,Italian Grand Prix,2025-09-07,monza,Autodromo Nazionale di Monza,piastri,PIA,Oscar Piastri,mclaren,McLaren,81,,3.0,3,15.0,53,Finished,3.0,1:21.245,,,PIA,,,,,,,,,,,,,RACE,CLOCKWISE,45.620556,9.289444,5.793,11,75,ground_effect,2,normal,,,,,,,,,,,,,1.0,1.3333333333333333,1.6,25.0,20.8,3.1,39.4,7.0,2,False,False,,,,,,,,,,,,,,,,,,,,,,,,,,,,,,,,,,,,,,,,,,,,,,,,,,,,,,,,,,,,,4.790419169736856
2025,16,Italian Grand Prix,2025-09-07,monza,Autodromo Nazionale di Monza,gasly,GAS,Pierre Gasly,alpine,Alpine F1 Team,10,,16.0,16,0.0,52,Lapped,14.0,1:22.185,,,GAS,,,,,,,,,,,,,RACE,CLOCKWISE,45.620556,9.289444,5.793,11,75,ground_effect,2,normal,,,,,,,,,,,,,17.0,15.333333333333334,13.0,0.0,1.8,14.8,1.8,11.857142857142858,7,False,False,,,,,,,,,,,,,,,,,,,,,,,,,,,,,,,,,,,,,,,,,,,,,,,,,,,,,,,,,,,,,13.123254148970286
2025,16,Italian Grand Prix,2025-09-07,monza,Autodromo Nazionale di Monza,tsunoda,TSU,Yuki Tsunoda,red_bull,Red Bull,22,,13.0,13,0.0,53,Finished,16.0,1:22.712,,,TSU,,,,,,,,,,,,,RACE,CLOCKWISE,45.620556,9.289444,5.793,11,75,ground_effect,2,normal,,,,,,,,,,,,,9.0,13.0,14.0,2.0,0.4,10.8,8.8,18.5,4,False,False,,,,,,,,,,,,,,,,,,,,,,,,,,,,,,,,,,,,,,,,,,,,,,,,,,,,,,,,,,,,,11.466664250091597
2025,17,Azerbaijan Grand Prix,2025-09-21,baku,Baku City Circuit,albon,ALB,Alexander Albon,williams,Williams,23,,13.0,13,0.0,51,Finished,7.0,1:44.152,,,ALB,,,,,,,,,,,,,STREET,ANTI_CLOCKWISE,40.3725,49.853333,6.003,20,9,ground_effect,2,normal,,,,,,,,,,,,,7.0,9.0,8.2,6.0,5.6,10.9,5.6,10.5,4,False,False,,,,,,,,,,,,,,,,,,,,,,,,,,,,,,,,,,,,,,,,,,,,,,,,,,,,,,,,,,,,,10.597644845430757
2025,17,Azerbaijan Grand Prix,2025-09-21,baku,Baku City Circuit,antonelli,ANT,Andrea Kimi Antonelli,mercedes,Mercedes,12,,4.0,4,12.0,51,Finished,6.0,1:44.091,,,ANT,,,,,,,,,,,,,STREET,ANTI_CLOCKWISE,40.3725,49.853333,6.003,20,9,ground_effect,2,normal,,,,,,,,,,,,,9.0,11.666666666666666,13.4,2.0,0.6,9.4,10.2,,0,False,False,,,,,,,,,,,,,,,,,,,,,,,,,,,,,,,,,,,,,,,,,,,,,,,,,,,,,,,,,,,,,9.170878197674936
2025,17,Azerbaijan Grand Prix,2025-09-21,baku,Baku City Circuit,sainz,SAI,Carlos Sainz,williams,Williams,55,,3.0,3,15.0,51,Finished,4.0,1:43.972,,,SAI,,,,,,,,,,,,,STREET,ANTI_CLOCKWISE,40.3725,49.853333,6.003,20,9,ground_effect,2,normal,,,,,,,,,,,,,11.0,12.666666666666666,13.6,0.0,0.0,10.9,5.6,11.5,8,False,False,,,,,,,,,,,,,,,,,,,,,,,,,,,,,,,,,,,,,,,,,,,,,,,,,,,,,,,,,,,,,12.509776541433412
2025,17,Azerbaijan Grand Prix,2025-09-21,baku,Baku City Circuit,leclerc,LEC,Charles Leclerc,ferrari,Ferrari,16,,9.0,9,2.0,51,Finished,9.0,1:44.274,,,LEC,,,,,,,,,,,,,STREET,ANTI_CLOCKWISE,40.3725,49.853333,6.003,20,9,ground_effect,2,normal,,,,,,,,,,,,,4.0,9.0,8.8,12.0,7.8,9.3,13.0,6.5,6,False,False,,,,,,,,,,,,,,,,,,,,,,,,,,,,,,,,,,,,,,,,,,,,,,,,,,,,,,,,,,,,,7.138936842882885
2025,17,Azerbaijan Grand Prix,2025-09-21,baku,Baku City Circuit,ocon,OCO,Esteban Ocon,haas,Haas F1 Team,31,,14.0,14,0.0,51,Finished,17.0,1:45.388,,,OCO,,,,,,,,,,,,,STREET,ANTI_CLOCKWISE,40.3725,49.853333,6.003,20,9,ground_effect,2,normal,,,,,,,,,,,,,15.0,13.666666666666666,13.8,0.0,0.2,12.9,1.8,14.166666666666666,6,False,False,,,,,,,,,,,,,,,,,,,,,,,,,,,,,,,,,,,,,,,,,,,,,,,,,,,,,,,,,,,,,13.32455543551756
2025,17,Azerbaijan Grand Prix,2025-09-21,baku,Baku City Circuit,alonso,ALO,Fernando Alonso,aston_martin,Aston Martin,14,,15.0,15,0.0,51,Finished,15.0,1:45.002,,,ALO,,,,,,,,,,,,,STREET,ANTI_CLOCKWISE,40.3725,49.853333,6.003,20,9,ground_effect,2,normal,,,,,,,,,,,,,19.0,10.666666666666666,11.6,0.0,3.2,11.1,6.8,8.285714285714286,7,False,False,,,,,,,,,,,,,,,,,,,,,,,,,,,,,,,,,,,,,,,,,,,,,,,,,,,,,,,,,,,,,11.582396301776013
2025,17,Azerbaijan Grand Prix,2025-09-21,baku,Baku City Circuit,colapinto,COL,Franco Colapinto,alpine,Alpine F1 Team,43,,19.0,19,0.0,50,Lapped,19.0,1:46.055,,,COL,,,,,,,,,,,,,STREET,ANTI_CLOCKWISE,40.3725,49.853333,6.003,20,9,ground_effect,2,normal,,,,,,,,,,,,,17.0,15.333333333333334,17.0,0.0,0.0,15.3,1.8,8.0,1,False,False,,,,,,,,,,,,,,,,,,,,,,,,,,,,,,,,,,,,,,,,,,,,,,,,,,,,,,,,,,,,,13.387697407169648
2025,17,Azerbaijan Grand Prix,2025-09-21,baku,Baku City Circuit,bortoleto,BOR,Gabriel Bortoleto,sauber,Sauber,5,,11.0,11,0.0,51,Finished,14.0,1:44.930,,,BOR,,,,,,,,,,,,,STREET,ANTI_CLOCKWISE,40.3725,49.853333,6.003,20,9,ground_effect,2,normal,,,,,,,,,,,,,8.0,9.666666666666666,11.2,4.0,2.8,11.8,5.8,,0,False,False,,,,,,,,,,,,,,,,,,,,,,,,,,,,,,,,,,,,,,,,,,,,,,,,,,,,,,,,,,,,,12.099569549046237
2025,17,Azerbaijan Grand Prix,2025-09-21,baku,Baku City Circuit,russell,RUS,George Russell,mercedes,Mercedes,63,,2.0,2,18.0,51,Finished,2.0,1:43.754,,,RUS,,,,,,,,,,,,,STREET,ANTI_CLOCKWISE,40.3725,49.853333,6.003,20,9,ground_effect,2,normal,,,,,,,,,,,,,5.0,4.0,5.4,10.0,9.6,9.4,10.2,9.2,5,False,False,,,,,,,,,,,,,,,,,,,,,,,,,,,,,,,,,,,,,,,,,,,,,,,,,,,,,,,,,,,,,7.1938629595487225
2025,17,Azerbaijan Grand Prix,2025-09-21,baku,Baku City Circuit,hadjar,HAD,Isack Hadjar,rb,RB F1 Team,6,,10.0,10,1.0,51,Finished,3.0,1:43.884,,,HAD,,,,,,,,,,,,,STREET,ANTI_CLOCKWISE,40.3725,49.853333,6.003,20,9,ground_effect,2,normal,,,,,,,,,,,,,10.0,8.0,12.2,1.0,3.2,12.2,4.8,,0,False,False,,,,,,,,,,,,,,,,,,,,,,,,,,,,,,,,,,,,,,,,,,,,,,,,,,,,,,,,,,,,,12.661673479946263
2025,17,Azerbaijan Grand Prix,2025-09-21,baku,Baku City Circuit,stroll,STR,Lance Stroll,aston_martin,Aston Martin,18,,17.0,17,0.0,51,Finished,16.0,1:45.083,,,STR,,,,,,,,,,,,,STREET,ANTI_CLOCKWISE,40.3725,49.853333,6.003,20,9,ground_effect,2,normal,,,,,,,,,,,,,18.0,10.666666666666666,10.6,0.0,3.6,11.1,6.8,11.571428571428571,7,False,False,,,,,,,,,,,,,,,,,,,,,,,,,,,,,,,,,,,,,,,,,,,,,,,,,,,,,,,,,,,,,12.419559636467838
2025,17,Azerbaijan Grand Prix,2025-09-21,baku,Baku City Circuit,norris,NOR,Lando Norris,mclaren,McLaren,4,,7.0,7,6.0,51,Finished,8.0,1:44.155,,,NOR,,,,,,,,,,,,,STREET,ANTI_CLOCKWISE,40.3725,49.853333,6.003,20,9,ground_effect,2,normal,,,,,,,,,,,,,2.0,7.0,4.8,18.0,17.2,3.3,37.4,7.0,5,False,False,,,,,,,,,,,,,,,,,,,,,,,,,,,,,,,,,,,,,,,,,,,,,,,,,,,,,,,,,,,,,4.438532849914665
2025,17,Azerbaijan Grand Prix,2025-09-21,baku,Baku City Circuit,hamilton,HAM,Lewis Hamilton,ferrari,Ferrari,44,,8.0,8,4.0,51,Finished,5.0,1:43.977,,,HAM,,,,,,,,,,,,,STREET,ANTI_CLOCKWISE,40.3725,49.853333,6.003,20,9,ground_effect,2,normal,,,,,,,,,,,,,6.0,12.666666666666666,9.8,8.0,5.2,9.3,13.0,5.875,8,False,False,,,,,,,,,,,,,,,,,,,,,,,,,,,,,,,,,,,,,,,,,,,,,,,,,,,,,,,,,,,,,7.983067631813202
2025,17,Azerbaijan Grand Prix,2025-09-21,baku,Baku City Circuit,lawson,LAW,Liam Lawson,rb,RB F1 Team,30,,5.0,5,10.0,51,Finished,13.0,1:44.531,,,LAW,,,,,,,,,,,,,STREET,ANTI_CLOCKWISE,40.3725,49.853333,6.003,20,9,ground_effect,2,normal,,,,,,,,,,,,,14.0,11.333333333333334,12.2,0.0,1.6,12.2,4.8,,0,False,False,,,,,,,,,,,,,,,,,,,,,,,,,,,,,,,,,,,,,,,,,,,,,,,,,,,,,,,,,,,,,13.36592780780295
2025,17,Azerbaijan Grand Prix,2025-09-21,baku,Baku City Circuit,max_verstappen,VER,Max Verstappen,red_bull,Red Bull,1,,1.0,1,25.0,51,Finished,1.0,1:43.388,,,VER,,,,,,,,,,,,,STREET,ANTI_CLOCKWISE,40.3725,49.853333,6.003,20,9,ground_effect,2,normal,,,,,,,,,,,,,1.0,4.0,4.2,25.0,13.4,8.8,13.8,9.0,8,False,False,,,,,,,,,,,,,,,,,,,,,,,,,,,,,,,,,,,,,,,,,,,,,,,,,,,,,,,,,,,,,5.636228348650309
2025,17,Azerbaijan Grand Prix,2025-09-21,baku,Baku City Circuit,hulkenberg,HUL,Nico Hülkenberg,sauber,Sauber,27,,16.0,16,0.0,51,Finished,11.0,1:44.370,,,HUL,,,,,,,,,,,,,STREET,ANTI_CLOCKWISE,40.3725,49.853333,6.003,20,9,ground_effect,2,normal,,,,,,,,,,,,,20.0,15.666666666666666,12.4,0.0,3.0,11.8,5.8,14.333333333333334,6,False,False,,,,,,,,,,,,,,,,,,,,,,,,,,,,,,,,,,,,,,,,,,,,,,,,,,,,,,,,,,,,,12.860145751107634
2025,17,Azerbaijan Grand Prix,2025-09-21,baku,Baku City Circuit,bearman,BEA,Oliver Bearman,haas,Haas F1 Team,87,,12.0,12,0.0,51,Finished,10.0,1:44.288,,,BEA,,,,,,,,,,,,,STREET,ANTI_CLOCKWISE,40.3725,49.853333,6.003,20,9,ground_effect,2,normal,,,,,,,,,,,,,12.0,12.666666666666666,12.0,0.0,1.6,12.9,1.8,10.0,1,False,False,,,,,,,,,,,,,,,,,,,,,,,,,,,,,,,,,,,,,,,,,,,,,,,,,,,,,,,,,,,,,12.938684760677049
2025,17,Azerbaijan Grand Prix,2025-09-21,baku,Baku City Circuit,piastri,PIA,Oscar Piastri,mclaren,McLaren,81,,20.0,R,0.0,0,Retired,,,,,PIA,,,,,,,,,,,,,STREET,ANTI_CLOCKWISE,40.3725,49.853333,6.003,20,9,ground_effect,2,normal,,,,,,,,,,,,,3.0,2.0,1.8,15.0,20.2,3.3,37.4,6.0,2,False,False,,,,,,,,,,,,,,,,,,,,,,,,,,,,,,,,,,,,,,,,,,,,,,,,,,,,,,,,,,,,,4.445318522953701
2025,17,Azerbaijan Grand Prix,2025-09-21,baku,Baku City Circuit,gasly,GAS,Pierre Gasly,alpine,Alpine F1 Team,10,,18.0,18,0.0,50,Lapped,18.0,1:45.492,,,GAS,,,,,,,,,,,,,STREET,ANTI_CLOCKWISE,40.3725,49.853333,6.003,20,9,ground_effect,2,normal,,,,,,,,,,,,,16.0,17.333333333333332,13.6,0.0,1.8,15.3,1.8,10.5,6,False,False,,,,,,,,,,,,,,,,,,,,,,,,,,,,,,,,,,,,,,,,,,,,,,,,,,,,,,,,,,,,,12.651846518313697
2025,17,Azerbaijan Grand Prix,2025-09-21,baku,Baku City Circuit,tsunoda,TSU,Yuki Tsunoda,red_bull,Red Bull,22,,6.0,6,8.0,51,Finished,12.0,1:44.434,,,TSU,,,,,,,,,,,,,STREET,ANTI_CLOCKWISE,40.3725,49.853333,6.003,20,9,ground_effect,2,normal,,,,,,,,,,,,,13.0,13.0,13.4,0.0,0.4,8.8,13.8,12.5,4,False,False,,,,,,,,,,,,,,,,,,,,,,,,,,,,,,,,,,,,,,,,,,,,,,,,,,,,,,,,,,,,,10.752846111273518
2025,18,Singapore Grand Prix,2025-10-05,marina_bay,Marina Bay Street Circuit,albon,ALB,Alexander Albon,williams,Williams,23,,14.0,14,0.0,61,Lapped,9.0,1:35.648,,,ALB,,,,,,,,,,,,,STREET,ANTI_CLOCKWISE,1.291531,103.86385,4.927,19,16,ground_effect,2,normal,,,,,,,,,,,,,13.0,8.333333333333334,9.2,0.0,4.8,10.5,7.8,13.5,4,False,False,,,,,,,,,,,,,,,,,,,,,,,,,,,,,,,,,,,,,,,,,,,,,,,,,,,,,,,,,,,,,11.330387839179995
2025,18,Singapore Grand Prix,2025-10-05,marina_bay,Marina Bay Street Circuit,antonelli,ANT,Andrea Kimi Antonelli,mercedes,Mercedes,12,,5.0,5,10.0,62,Finished,4.0,1:35.303,,,ANT,,,,,,,,,,,,,STREET,ANTI_CLOCKWISE,1.291531,103.86385,4.927,19,16,ground_effect,2,normal,,,,,,,,,,,,,4.0,9.666666666666666,11.0,12.0,3.0,7.4,16.0,,0,False,False,,,,,,,,,,,,,,,,,,,,,,,,,,,,,,,,,,,,,,,,,,,,,,,,,,,,,,,,,,,,,7.705494856067948
2025,18,Singapore Grand Prix,2025-10-05,marina_bay,Marina Bay Street Circuit,sainz,SAI,Carlos Sainz,williams,Williams,55,,10.0,10,1.0,61,Lapped,3.0,1:34.963,,,SAI,,,,,,,,,,,,,STREET,ANTI_CLOCKWISE,1.291531,103.86385,4.927,19,16,ground_effect,2,normal,,,,,,,,,,,,,3.0,9.0,11.8,15.0,3.0,10.5,7.8,7.25,8,False,False,,,,,,,,,,,,,,,,,,,,,,,,,,,,,,,,,,,,,,,,,,,,,,,,,,,,,,,,,,,,,10.30086190234444
2025,18,Singapore Grand Prix,2025-10-05,marina_bay,Marina Bay Street Circuit,leclerc,LEC,Charles Leclerc,ferrari,Ferrari,16,,6.0,6,8.0,62,Finished,14.0,1:35.983,,,LEC,,,,,,,,,,,,,STREET,ANTI_CLOCKWISE,1.291531,103.86385,4.927,19,16,ground_effect,2,normal,,,,,,,,,,,,,9.0,10.666666666666666,7.8,2.0,8.2,9.2,11.8,4.4,5,False,False,,,,,,,,,,,,,,,,,,,,,,,,,,,,,,,,,,,,,,,,,,,,,,,,,,,,,,,,,,,,,7.947434786428084
2025,18,Singapore Grand Prix,2025-10-05,marina_bay,Marina Bay Street Circuit,ocon,OCO,Esteban Ocon,haas,Haas F1 Team,31,,18.0,18,0.0,61,Lapped,16.0,1:36.646,,,OCO,,,,,,,,,,,,,STREET,ANTI_CLOCKWISE,1.291531,103.86385,4.927,19,16,ground_effect,2,normal,,,,,,,,,,,,,14.0,13.0,14.0,0.0,0.2,13.1,1.8,15.833333333333334,6,False,False,,,,,,,,,,,,,,,,,,,,,,,,,,,,,,,,,,,,,,,,,,,,,,,,,,,,,,,,,,,,,13.207651414389458
2025,18,Singapore Grand Prix,2025-10-05,marina_bay,Marina Bay Street Circuit,alonso,ALO,Fernando Alonso,aston_martin,Aston Martin,14,,7.0,7,6.0,62,Finished,13.0,1:35.862,,,ALO,,,,,,,,,,,,,STREET,ANTI_CLOCKWISE,1.291531,103.86385,4.927,19,16,ground_effect,2,normal,,,,,,,,,,,,,15.0,14.0,12.8,0.0,2.8,12.7,5.2,11.625,8,False,False,,,,,,,,,,,,,,,,,,,,,,,,,,,,,,,,,,,,,,,,,,,,,,,,,,,,,,,,,,,,,11.229525766053422
2025,18,Singapore Grand Prix,2025-10-05,marina_bay,Marina Bay Street Circuit,colapinto,COL,Franco Colapinto,alpine,Alpine F1 Team,43,,16.0,16,0.0,61,Lapped,20.0,1:37.182,,,COL,,,,,,,,,,,,,STREET,ANTI_CLOCKWISE,1.291531,103.86385,4.927,19,16,ground_effect,2,normal,,,,,,,,,,,,,19.0,15.666666666666666,16.8,0.0,0.0,16.4,0.2,11.0,1,False,False,,,,,,,,,,,,,,,,,,,,,,,,,,,,,,,,,,,,,,,,,,,,,,,,,,,,,,,,,,,,,14.189825705286431
2025,18,Singapore Grand Prix,2025-10-05,marina_bay,Marina Bay Street Circuit,bortoleto,BOR,Gabriel Bortoleto,sauber,Sauber,5,,17.0,17,0.0,61,Lapped,19.0,1:37.126,,,BOR,,,,,,,,,,,,,STREET,ANTI_CLOCKWISE,1.291531,103.86385,4.927,19,16,ground_effect,2,normal,,,,,,,,,,,,,11.0,11.333333333333334,9.8,0.0,2.8,12.4,2.8,,0,False,False,,,,,,,,,,,,,,,,,,,,,,,,,,,,,,,,,,,,,,,,,,,,,,,,,,,,,,,,,,,,,11.860635881126143
2025,18,Singapore Grand Prix,2025-10-05,marina_bay,Marina Bay Street Circuit,russell,RUS,George Russell,mercedes,Mercedes,63,,1.0,1,25.0,62,Finished,11.0,1:35.676,,,RUS,,,,,,,,,,,,,STREET,ANTI_CLOCKWISE,1.291531,103.86385,4.927,19,16,ground_effect,2,normal,,,,,,,,,,,,,2.0,3.6666666666666665,3.8,18.0,13.0,7.4,16.0,13.5,4,False,False,,,,,,,,,,,,,,,,,,,,,,,,,,,,,,,,,,,,,,,,,,,,,,,,,,,,,,,,,,,,,6.255040008527253
2025,18,Singapore Grand Prix,2025-10-05,marina_bay,Marina Bay Street Circuit,hadjar,HAD,Isack Hadjar,rb,RB F1 Team,6,,11.0,11,0.0,61,Lapped,18.0,1:36.938,,,HAD,,,,,,,,,,,,,STREET,ANTI_CLOCKWISE,1.291531,103.86385,4.927,19,16,ground_effect,2,normal,,,,,,,,,,,,,10.0,7.666666666666667,10.8,1.0,3.4,10.1,7.0,,0,False,False,,,,,,,,,,,,,,,,,,,,,,,,,,,,,,,,,,,,,,,,,,,,,,,,,,,,,,,,,,,,,11.513226433301377
2025,18,Singapore Grand Prix,2025-10-05,marina_bay,Marina Bay Street Circuit,stroll,STR,Lance Stroll,aston_martin,Aston Martin,18,,13.0,13,0.0,61,Lapped,12.0,1:35.851,,,STR,,,,,,,,,,,,,STREET,ANTI_CLOCKWISE,1.291531,103.86385,4.927,19,16,ground_effect,2,normal,,,,,,,,,,,,,17.0,14.0,12.6,0.0,2.4,12.7,5.2,12.5,6,False,False,,,,,,,,,,,,,,,,,,,,,,,,,,,,,,,,,,,,,,,,,,,,,,,,,,,,,,,,,,,,,12.236144491126792
2025,18,Singapore Grand Prix,2025-10-05,marina_bay,Marina Bay Street Circuit,norris,NOR,Lando Norris,mclaren,McLaren,4,,3.0,3,15.0,62,Finished,7.0,1:35.555,,,NOR,,,,,,,,,,,,,STREET,ANTI_CLOCKWISE,1.291531,103.86385,4.927,19,16,ground_effect,2,normal,,,,,,,,,,,,,7.0,9.0,6.0,6.0,13.4,5.7,30.0,3.5,4,False,False,,,,,,,,,,,,,,,,,,,,,,,,,,,,,,,,,,,,,,,,,,,,,,,,,,,,,,,,,,,,,5.748448880327619
2025,18,Singapore Grand Prix,2025-10-05,marina_bay,Marina Bay Street Circuit,hamilton,HAM,Lewis Hamilton,ferrari,Ferrari,44,,8.0,8,4.0,62,Finished,1.0,1:33.808,,,HAM,,,,,,,,,,,,,STREET,ANTI_CLOCKWISE,1.291531,103.86385,4.927,19,16,ground_effect,2,normal,,,,,,,,,,,,,8.0,11.333333333333334,10.6,4.0,3.6,9.2,11.8,5.111111111111111,9,False,False,,,,,,,,,,,,,,,,,,,,,,,,,,,,,,,,,,,,,,,,,,,,,,,,,,,,,,,,,,,,,8.820040073332772
2025,18,Singapore Grand Prix,2025-10-05,marina_bay,Marina Bay Street Circuit,lawson,LAW,Liam Lawson,rb,RB F1 Team,30,,15.0,15,0.0,61,Lapped,8.0,1:35.641,,,LAW,,,,,,,,,,,,,STREET,ANTI_CLOCKWISE,1.291531,103.86385,4.927,19,16,ground_effect,2,normal,,,,,,,,,,,,,5.0,10.333333333333334,9.4,10.0,3.6,10.1,7.0,9.0,1,False,False,,,,,,,,,,,,,,,,,,,,,,,,,,,,,,,,,,,,,,,,,,,,,,,,,,,,,,,,,,,,,10.34277929061529
2025,18,Singapore Grand Prix,2025-10-05,marina_bay,Marina Bay Street Circuit,max_verstappen,VER,Max Verstappen,red_bull,Red Bull,1,,2.0,2,18.0,62,Finished,10.0,1:35.649,,,VER,,,,,,,,,,,,,STREET,ANTI_CLOCKWISE,1.291531,103.86385,4.927,19,16,ground_effect,2,normal,,,,,,,,,,,,,1.0,1.3333333333333333,3.4,25.0,16.4,7.5,18.4,6.5,8,False,False,,,,,,,,,,,,,,,,,,,,,,,,,,,,,,,,,,,,,,,,,,,,,,,,,,,,,,,,,,,,,4.6838795415349
2025,18,Singapore Grand Prix,2025-10-05,marina_bay,Marina Bay Street Circuit,hulkenberg,HUL,Nico Hülkenberg,sauber,Sauber,27,,20.0,20,0.0,61,Lapped,5.0,1:35.404,,,HUL,,,,,,,,,,,,,STREET,ANTI_CLOCKWISE,1.291531,103.86385,4.927,19,16,ground_effect,2,normal,,,,,,,,,,,,,16.0,16.666666666666668,15.0,0.0,0.0,12.4,2.8,13.125,8,False,False,,,,,,,,,,,,,,,,,,,,,,,,,,,,,,,,,,,,,,,,,,,,,,,,,,,,,,,,,,,,,13.411587266062446
2025,18,Singapore Grand Prix,2025-10-05,marina_bay,Marina Bay Street Circuit,bearman,BEA,Oliver Bearman,haas,Haas F1 Team,87,,9.0,9,2.0,62,Finished,15.0,1:36.201,,,BEA,,,,,,,,,,,,,STREET,ANTI_CLOCKWISE,1.291531,103.86385,4.927,19,16,ground_effect,2,normal,,,,,,,,,,,,,12.0,10.0,12.2,0.0,1.6,13.1,1.8,,0,False,False,,,,,,,,,,,,,,,,,,,,,,,,,,,,,,,,,,,,,,,,,,,,,,,,,,,,,,,,,,,,,13.05093985459703
2025,18,Singapore Grand Prix,2025-10-05,marina_bay,Marina Bay Street Circuit,piastri,PIA,Oscar Piastri,mclaren,McLaren,81,,4.0,4,12.0,62,Finished,6.0,1:35.408,,,PIA,,,,,,,,,,,,,STREET,ANTI_CLOCKWISE,1.291531,103.86385,4.927,19,16,ground_effect,2,normal,,,,,,,,,,,,,20.0,8.0,5.4,0.0,16.6,5.7,30.0,5.0,2,False,False,,,,,,,,,,,,,,,,,,,,,,,,,,,,,,,,,,,,,,,,,,,,,,,,,,,,,,,,,,,,,6.240912275121762
2025,18,Singapore Grand Prix,2025-10-05,marina_bay,Marina Bay Street Circuit,gasly,GAS,Pierre Gasly,alpine,Alpine F1 Team,10,,19.0,19,0.0,61,Lapped,2.0,1:34.573,,,GAS,,,,,,,,,,,,,STREET,ANTI_CLOCKWISE,1.291531,103.86385,4.927,19,16,ground_effect,2,normal,,,,,,,,,,,,,18.0,17.0,16.0,0.0,0.2,16.4,0.2,10.8,5,False,False,,,,,,,,,,,,,,,,,,,,,,,,,,,,,,,,,,,,,,,,,,,,,,,,,,,,,,,,,,,,,13.668748075174344
2025,18,Singapore Grand Prix,2025-10-05,marina_bay,Marina Bay Street Circuit,tsunoda,TSU,Yuki Tsunoda,red_bull,Red Bull,22,,12.0,12,0.0,61,Lapped,17.0,1:36.831,,,TSU,,,,,,,,,,,,,STREET,ANTI_CLOCKWISE,1.291531,103.86385,4.927,19,16,ground_effect,2,normal,,,,,,,,,,,,,6.0,9.333333333333334,11.6,8.0,2.0,7.5,18.4,15.333333333333334,3,False,False,,,,,,,,,,,,,,,,,,,,,,,,,,,,,,,,,,,,,,,,,,,,,,,,,,,,,,,,,,,,,9.360375157058478
2025,19,United States Grand Prix,2025-10-19,americas,Circuit of the Americas,albon,ALB,Alexander Albon,williams,Williams,23,,14.0,14,0.0,56,Finished,7.0,1:38.328,,,ALB,,,,,,,,,,,,,RACE,ANTI_CLOCKWISE,30.132778,-97.641111,5.513,20,13,ground_effect,2,sprint,,,,,,,,,,,,,14.0,11.333333333333334,10.8,0.0,3.2,10.5,6.4,10.75,4,False,False,,,,,,,,,,,,,,,,,,,,,,,,,,,,,,,,,,,,,,,,,,,,,,,,,,,,,,,,,,,,,12.468980590938141
2025,19,United States Grand Prix,2025-10-19,americas,Circuit of the Americas,antonelli,ANT,Andrea Kimi Antonelli,mercedes,Mercedes,12,,13.0,13,0.0,56,Finished,1.0,1:37.577,,,ANT,,,,,,,,,,,,,RACE,ANTI_CLOCKWISE,30.132778,-97.641111,5.513,20,13,ground_effect,2,sprint,,,,,,,,,,,,,5.0,6.0,8.8,10.0,5.0,5.9,21.0,,0,False,False,,,,,,,,,,,,,,,,,,,,,,,,,,,,,,,,,,,,,,,,,,,,,,,,,,,,,,,,,,,,,7.125610834188132
2025,19,United States Grand Prix,2025-10-19,americas,Circuit of the Americas,sainz,SAI,Carlos Sainz,williams,Williams,55,,20.0,R,0.0,5,Retired,20.0,1:40.327,,,SAI,,,,,,,,,,,,,RACE,ANTI_CLOCKWISE,30.132778,-97.641111,5.513,20,13,ground_effect,2,sprint,,,,,,,,,,,,,10.0,8.0,10.2,1.0,3.2,10.5,6.4,7.444444444444445,9,False,False,,,,,,,,,,,,,,,,,,,,,,,,,,,,,,,,,,,,,,,,,,,,,,,,,,,,,,,,,,,,,10.692972746667538
2025,19,United States Grand Prix,2025-10-19,americas,Circuit of the Americas,leclerc,LEC,Charles Leclerc,ferrari,Ferrari,16,,3.0,3,15.0,56,Finished,5.0,1:38.231,,,LEC,,,,,,,,,,,,,RACE,ANTI_CLOCKWISE,30.132778,-97.641111,5.513,20,13,ground_effect,2,sprint,,,,,,,,,,,,,6.0,6.333333333333333,8.4,8.0,6.8,9.6,10.0,7.833333333333333,6,False,False,,,,,,,,,,,,,,,,,,,,,,,,,,,,,,,,,,,,,,,,,,,,,,,,,,,,,,,,,,,,,8.457142908014507
2025,19,United States Grand Prix,2025-10-19,americas,Circuit of the Americas,ocon,OCO,Esteban Ocon,haas,Haas F1 Team,31,,15.0,15,0.0,56,Finished,18.0,1:39.263,,,OCO,,,,,,,,,,,,,RACE,ANTI_CLOCKWISE,30.132778,-97.641111,5.513,20,13,ground_effect,2,sprint,,,,,,,,,,,,,18.0,15.666666666666666,14.6,0.0,0.2,13.2,2.2,15.571428571428571,7,False,False,,,,,,,,,,,,,,,,,,,,,,,,,,,,,,,,,,,,,,,,,,,,,,,,,,,,,,,,,,,,,13.022420661961206
2025,19,United States Grand Prix,2025-10-19,americas,Circuit of the Americas,alonso,ALO,Fernando Alonso,aston_martin,Aston Martin,14,,10.0,10,1.0,56,Finished,12.0,1:38.789,,,ALO,,,,,,,,,,,,,RACE,ANTI_CLOCKWISE,30.132778,-97.641111,5.513,20,13,ground_effect,2,sprint,,,,,,,,,,,,,7.0,13.666666666666666,10.8,6.0,4.0,11.6,6.4,12.333333333333334,9,False,False,,,,,,,,,,,,,,,,,,,,,,,,,,,,,,,,,,,,,,,,,,,,,,,,,,,,,,,,,,,,,12.31941156986986
2025,19,United States Grand Prix,2025-10-19,americas,Circuit of the Americas,colapinto,COL,Franco Colapinto,alpine,Alpine F1 Team,43,,17.0,17,0.0,55,Lapped,17.0,1:39.173,,,COL,,,,,,,,,,,,,RACE,ANTI_CLOCKWISE,30.132778,-97.641111,5.513,20,13,ground_effect,2,sprint,,,,,,,,,,,,,16.0,17.333333333333332,16.2,0.0,0.0,17.0,0.0,10.0,1,False,False,,,,,,,,,,,,,,,,,,,,,,,,,,,,,,,,,,,,,,,,,,,,,,,,,,,,,,,,,,,,,14.684754087986994
2025,19,United States Grand Prix,2025-10-19,americas,Circuit of the Americas,bortoleto,BOR,Gabriel Bortoleto,sauber,Sauber,5,,18.0,18,0.0,55,Lapped,6.0,1:38.275,,,BOR,,,,,,,,,,,,,RACE,ANTI_CLOCKWISE,30.132778,-97.641111,5.513,20,13,ground_effect,2,sprint,,,,,,,,,,,,,17.0,12.0,11.4,0.0,2.4,14.0,2.4,,0,False,False,,,,,,,,,,,,,,,,,,,,,,,,,,,,,,,,,,,,,,,,,,,,,,,,,,,,,,,,,,,,,12.690776213343709
2025,19,United States Grand Prix,2025-10-19,americas,Circuit of the Americas,russell,RUS,George Russell,mercedes,Mercedes,63,,6.0,6,8.0,56,Finished,4.0,1:38.224,,,RUS,,,,,,,,,,,,,RACE,ANTI_CLOCKWISE,30.132778,-97.641111,5.513,20,13,ground_effect,2,sprint,,,,,,,,,,,,,1.0,2.6666666666666665,3.0,25.0,16.0,5.9,21.0,9.4,5,False,False,,,,,,,,,,,,,,,,,,,,,,,,,,,,,,,,,,,,,,,,,,,,,,,,,,,,,,,,,,,,,6.074425131056552
2025,19,United States Grand Prix,2025-10-19,americas,Circuit of the Americas,hadjar,HAD,Isack Hadjar,rb,RB F1 Team,6,,16.0,16,0.0,56,Finished,11.0,1:38.724,,,HAD,,,,,,,,,,,,,RACE,ANTI_CLOCKWISE,30.132778,-97.641111,5.513,20,13,ground_effect,2,sprint,,,,,,,,,,,,,11.0,10.333333333333334,9.0,0.0,3.4,9.9,6.2,,0,False,False,,,,,,,,,,,,,,,,,,,,,,,,,,,,,,,,,,,,,,,,,,,,,,,,,,,,,,,,,,,,,11.47245850065735
2025,19,United States Grand Prix,2025-10-19,americas,Circuit of the Americas,stroll,STR,Lance Stroll,aston_martin,Aston Martin,18,,12.0,12,0.0,56,Finished,15.0,1:39.071,,,STR,,,,,,,,,,,,,RACE,ANTI_CLOCKWISE,30.132778,-97.641111,5.513,20,13,ground_effect,2,sprint,,,,,,,,,,,,,13.0,16.0,12.4,0.0,2.4,11.6,6.4,12.857142857142858,7,False,False,,,,,,,,,,,,,,,,,,,,,,,,,,,,,,,,,,,,,,,,,,,,,,,,,,,,,,,,,,,,,12.74972034313664
2025,19,United States Grand Prix,2025-10-19,americas,Circuit of the Americas,norris,NOR,Lando Norris,mclaren,McLaren,4,,2.0,2,18.0,56,Finished,2.0,1:37.620,,,NOR,,,,,,,,,,,,,RACE,ANTI_CLOCKWISE,30.132778,-97.641111,5.513,20,13,ground_effect,2,sprint,,,,,,,,,,,,,3.0,4.0,6.2,15.0,12.8,6.1,26.8,5.4,5,False,False,,,,,,,,,,,,,,,,,,,,,,,,,,,,,,,,,,,,,,,,,,,,,,,,,,,,,,,,,,,,,5.445195109733585
2025,19,United States Grand Prix,2025-10-19,americas,Circuit of the Americas,hamilton,HAM,Lewis Hamilton,ferrari,Ferrari,44,,4.0,4,12.0,56,Finished,8.0,1:38.361,,,HAM,,,,,,,,,,,,,RACE,ANTI_CLOCKWISE,30.132778,-97.641111,5.513,20,13,ground_effect,2,sprint,,,,,,,,,,,,,8.0,7.333333333333333,10.8,4.0,3.2,9.6,10.0,5.2,10,False,False,,,,,,,,,,,,,,,,,,,,,,,,,,,,,,,,,,,,,,,,,,,,,,,,,,,,,,,,,,,,,9.511845097942786
2025,19,United States Grand Prix,2025-10-19,americas,Circuit of the Americas,lawson,LAW,Liam Lawson,rb,RB F1 Team,30,,11.0,11,0.0,56,Finished,14.0,1:38.983,,,LAW,,,,,,,,,,,,,RACE,ANTI_CLOCKWISE,30.132778,-97.641111,5.513,20,13,ground_effect,2,sprint,,,,,,,,,,,,,15.0,11.333333333333334,10.8,0.0,2.8,9.9,6.2,9.0,1,False,False,,,,,,,,,,,,,,,,,,,,,,,,,,,,,,,,,,,,,,,,,,,,,,,,,,,,,,,,,,,,,12.362059952940081
2025,19,United States Grand Prix,2025-10-19,americas,Circuit of the Americas,max_verstappen,VER,Max Verstappen,red_bull,Red Bull,1,,1.0,1,25.0,56,Finished,3.0,1:37.991,,,VER,,,,,,,,,,,,,RACE,ANTI_CLOCKWISE,30.132778,-97.641111,5.513,20,13,ground_effect,2,sprint,,,,,,,,,,,,,2.0,1.3333333333333333,3.0,18.0,17.6,7.2,19.6,4.333333333333333,9,False,False,,,,,,,,,,,,,,,,,,,,,,,,,,,,,,,,,,,,,,,,,,,,,,,,,,,,,,,,,,,,,3.8040499612723737
2025,19,United States Grand Prix,2025-10-19,americas,Circuit of the Americas,hulkenberg,HUL,Nico Hülkenberg,sauber,Sauber,27,,8.0,8,4.0,56,Finished,9.0,1:38.372,,,HUL,,,,,,,,,,,,,RACE,ANTI_CLOCKWISE,30.132778,-97.641111,5.513,20,13,ground_effect,2,sprint,,,,,,,,,,,,,20.0,18.666666666666668,16.6,0.0,0.0,14.0,2.4,13.25,8,False,False,,,,,,,,,,,,,,,,,,,,,,,,,,,,,,,,,,,,,,,,,,,,,,,,,,,,,,,,,,,,,13.475243135999891
2025,19,United States Grand Prix,2025-10-19,americas,Circuit of the Americas,bearman,BEA,Oliver Bearman,haas,Haas F1 Team,87,,9.0,9,2.0,56,Finished,16.0,1:39.119,,,BEA,,,,,,,,,,,,,RACE,ANTI_CLOCKWISE,30.132778,-97.641111,5.513,20,13,ground_effect,2,sprint,,,,,,,,,,,,,9.0,11.0,11.8,2.0,2.0,13.2,2.2,,0,False,False,,,,,,,,,,,,,,,,,,,,,,,,,,,,,,,,,,,,,,,,,,,,,,,,,,,,,,,,,,,,,13.171850021562042
2025,19,United States Grand Prix,2025-10-19,americas,Circuit of the Americas,piastri,PIA,Oscar Piastri,mclaren,McLaren,81,,5.0,5,10.0,56,Finished,10.0,1:38.564,,,PIA,,,,,,,,,,,,,RACE,ANTI_CLOCKWISE,30.132778,-97.641111,5.513,20,13,ground_effect,2,sprint,,,,,,,,,,,,,4.0,9.0,6.0,12.0,14.0,6.1,26.8,11.0,2,False,False,,,,,,,,,,,,,,,,,,,,,,,,,,,,,,,,,,,,,,,,,,,,,,,,,,,,,,,,,,,,,5.895426747165028
2025,19,United States Grand Prix,2025-10-19,americas,Circuit of the Americas,gasly,GAS,Pierre Gasly,alpine,Alpine F1 Team,10,,19.0,19,0.0,55,Lapped,19.0,1:39.270,,,GAS,,,,,,,,,,,,,RACE,ANTI_CLOCKWISE,30.132778,-97.641111,5.513,20,13,ground_effect,2,sprint,,,,,,,,,,,,,19.0,17.666666666666668,17.8,0.0,0.0,17.0,0.0,13.333333333333334,6,False,False,,,,,,,,,,,,,,,,,,,,,,,,,,,,,,,,,,,,,,,,,,,,,,,,,,,,,,,,,,,,,13.880066091599364
2025,19,United States Grand Prix,2025-10-19,americas,Circuit of the Americas,tsunoda,TSU,Yuki Tsunoda,red_bull,Red Bull,22,,7.0,7,6.0,56,Finished,13.0,1:38.803,,,TSU,,,,,,,,,,,,,RACE,ANTI_CLOCKWISE,30.132778,-97.641111,5.513,20,13,ground_effect,2,sprint,,,,,,,,,,,,,12.0,10.333333333333334,11.4,0.0,2.0,7.2,19.6,10.25,4,False,False,,,,,,,,,,,,,,,,,,,,,,,,,,,,,,,,,,,,,,,,,,,,,,,,,,,,,,,,,,,,,9.83338319012468
2025,20,Mexico City Grand Prix,2025-10-26,rodriguez,Autódromo Hermanos Rodríguez,albon,ALB,Alexander Albon,williams,Williams,23,,12.0,12,0.0,70,Lapped,4.0,1:20.480,,,ALB,,,,,,,,,,,,,RACE,CLOCKWISE,19.404197,-99.088747,4.304,17,25,ground_effect,2,normal,,,,,,,,,,,,,14.0,13.666666666666666,10.6,0.0,3.2,11.0,6.4,11.25,4,False,False,,,,,,,,,,,,,,,,,,,,,,,,,,,,,,,,,,,,,,,,,,,,,,,,,,,,,,,,,,,,,12.1428273251168
2025,20,Mexico City Grand Prix,2025-10-26,rodriguez,Autódromo Hermanos Rodríguez,antonelli,ANT,Andrea Kimi Antonelli,mercedes,Mercedes,12,,6.0,6,8.0,71,Finished,9.0,1:20.826,,,ANT,,,,,,,,,,,,,RACE,CLOCKWISE,19.404197,-99.088747,4.304,17,25,ground_effect,2,normal,,,,,,,,,,,,,13.0,7.333333333333333,9.4,0.0,4.8,6.5,19.4,,0,False,False,,,,,,,,,,,,,,,,,,,,,,,,,,,,,,,,,,,,,,,,,,,,,,,,,,,,,,,,,,,,,7.4447795212835555
2025,20,Mexico City Grand Prix,2025-10-26,rodriguez,Autódromo Hermanos Rodríguez,sainz,SAI,Carlos Sainz,williams,Williams,55,,17.0,17,0.0,67,Retired,2.0,1:20.098,,,SAI,,,,,,,,,,,,,RACE,CLOCKWISE,19.404197,-99.088747,4.304,17,25,ground_effect,2,normal,,,,,,,,,,,,,20.0,11.0,11.4,0.0,3.2,11.0,6.4,10.333333333333334,9,False,False,,,,,,,,,,,,,,,,,,,,,,,,,,,,,,,,,,,,,,,,,,,,,,,,,,,,,,,,,,,,,11.528573100785689
2025,20,Mexico City Grand Prix,2025-10-26,rodriguez,Autódromo Hermanos Rodríguez,leclerc,LEC,Charles Leclerc,ferrari,Ferrari,16,,2.0,2,18.0,71,Finished,14.0,1:21.588,,,LEC,,,,,,,,,,,,,RACE,CLOCKWISE,19.404197,-99.088747,4.304,17,25,ground_effect,2,normal,,,,,,,,,,,,,3.0,6.0,8.2,15.0,7.4,8.7,13.0,4.666666666666667,6,False,False,,,,,,,,,,,,,,,,,,,,,,,,,,,,,,,,,,,,,,,,,,,,,,,,,,,,,,,,,,,,,7.008788404784228
2025,20,Mexico City Grand Prix,2025-10-26,rodriguez,Autódromo Hermanos Rodríguez,ocon,OCO,Esteban Ocon,haas,Haas F1 Team,31,,9.0,9,2.0,71,Finished,17.0,1:21.869,,,OCO,,,,,,,,,,,,,RACE,CLOCKWISE,19.404197,-99.088747,4.304,17,25,ground_effect,2,normal,,,,,,,,,,,,,15.0,15.666666666666666,14.4,0.0,0.2,12.0,2.6,11.571428571428571,7,False,False,,,,,,,,,,,,,,,,,,,,,,,,,,,,,,,,,,,,,,,,,,,,,,,,,,,,,,,,,,,,,12.996242552348937
2025,20,Mexico City Grand Prix,2025-10-26,rodriguez,Autódromo Hermanos Rodríguez,alonso,ALO,Fernando Alonso,aston_martin,Aston Martin,14,,18.0,R,0.0,34,Retired,15.0,1:21.708,,,ALO,,,,,,,,,,,,,RACE,CLOCKWISE,19.404197,-99.088747,4.304,17,25,ground_effect,2,normal,,,,,,,,,,,,,10.0,10.666666666666666,11.8,1.0,2.2,12.6,3.4,15.875,8,False,False,,,,,,,,,,,,,,,,,,,,,,,,,,,,,,,,,,,,,,,,,,,,,,,,,,,,,,,,,,,,,13.23495292750153
2025,20,Mexico City Grand Prix,2025-10-26,rodriguez,Autódromo Hermanos Rodríguez,colapinto,COL,Franco Colapinto,alpine,Alpine F1 Team,43,,16.0,16,0.0,70,Lapped,12.0,1:21.342,,,COL,,,,,,,,,,,,,RACE,CLOCKWISE,19.404197,-99.088747,4.304,17,25,ground_effect,2,normal,,,,,,,,,,,,,17.0,17.333333333333332,16.0,0.0,0.0,16.9,0.0,12.0,1,False,False,,,,,,,,,,,,,,,,,,,,,,,,,,,,,,,,,,,,,,,,,,,,,,,,,,,,,,,,,,,,,14.59803322647327
2025,20,Mexico City Grand Prix,2025-10-26,rodriguez,Autódromo Hermanos Rodríguez,bortoleto,BOR,Gabriel Bortoleto,sauber,Sauber,5,,10.0,10,1.0,71,Finished,11.0,1:21.121,,,BOR,,,,,,,,,,,,,RACE,CLOCKWISE,19.404197,-99.088747,4.304,17,25,ground_effect,2,normal,,,,,,,,,,,,,18.0,15.333333333333334,13.8,0.0,0.8,14.7,1.6,,0,False,False,,,,,,,,,,,,,,,,,,,,,,,,,,,,,,,,,,,,,,,,,,,,,,,,,,,,,,,,,,,,,13.622370262635252
2025,20,Mexico City Grand Prix,2025-10-26,rodriguez,Autódromo Hermanos Rodríguez,russell,RUS,George Russell,mercedes,Mercedes,63,,7.0,7,6.0,71,Finished,1.0,1:20.052,,,RUS,,,,,,,,,,,,,RACE,CLOCKWISE,19.404197,-99.088747,4.304,17,25,ground_effect,2,normal,,,,,,,,,,,,,6.0,3.0,3.6,8.0,14.6,6.5,19.4,9.4,5,False,False,,,,,,,,,,,,,,,,,,,,,,,,,,,,,,,,,,,,,,,,,,,,,,,,,,,,,,,,,,,,,6.733402467667162
2025,20,Mexico City Grand Prix,2025-10-26,rodriguez,Autódromo Hermanos Rodríguez,hadjar,HAD,Isack Hadjar,rb,RB F1 Team,6,,13.0,13,0.0,70,Lapped,16.0,1:21.714,,,HAD,,,,,,,,,,,,,RACE,CLOCKWISE,19.404197,-99.088747,4.304,17,25,ground_effect,2,normal,,,,,,,,,,,,,16.0,12.333333333333334,10.0,0.0,3.4,10.7,5.4,,0,False,False,,,,,,,,,,,,,,,,,,,,,,,,,,,,,,,,,,,,,,,,,,,,,,,,,,,,,,,,,,,,,11.728252589572119
2025,20,Mexico City Grand Prix,2025-10-26,rodriguez,Autódromo Hermanos Rodríguez,stroll,STR,Lance Stroll,aston_martin,Aston Martin,18,,14.0,14,0.0,70,Lapped,5.0,1:20.593,,,STR,,,,,,,,,,,,,RACE,CLOCKWISE,19.404197,-99.088747,4.304,17,25,ground_effect,2,normal,,,,,,,,,,,,,12.0,14.0,13.4,0.0,1.2,12.6,3.4,12.428571428571429,7,False,False,,,,,,,,,,,,,,,,,,,,,,,,,,,,,,,,,,,,,,,,,,,,,,,,,,,,,,,,,,,,,12.548237048594661
2025,20,Mexico City Grand Prix,2025-10-26,rodriguez,Autódromo Hermanos Rodríguez,norris,NOR,Lando Norris,mclaren,McLaren,4,,1.0,1,25.0,71,Finished,8.0,1:20.764,,,NOR,,,,,,,,,,,,,RACE,CLOCKWISE,19.404197,-99.088747,4.304,17,25,ground_effect,2,normal,,,,,,,,,,,,,2.0,4.0,6.4,18.0,11.4,6.5,23.8,9.2,5,False,False,,,,,,,,,,,,,,,,,,,,,,,,,,,,,,,,,,,,,,,,,,,,,,,,,,,,,,,,,,,,,5.4702062530305
2025,20,Mexico City Grand Prix,2025-10-26,rodriguez,Autódromo Hermanos Rodríguez,hamilton,HAM,Lewis Hamilton,ferrari,Ferrari,44,,8.0,8,4.0,71,Finished,6.0,1:20.601,,,HAM,,,,,,,,,,,,,RACE,CLOCKWISE,19.404197,-99.088747,4.304,17,25,ground_effect,2,normal,,,,,,,,,,,,,4.0,6.666666666666667,9.2,12.0,5.6,8.7,13.0,3.0,9,False,False,,,,,,,,,,,,,,,,,,,,,,,,,,,,,,,,,,,,,,,,,,,,,,,,,,,,,,,,,,,,,6.675476725594966
2025,20,Mexico City Grand Prix,2025-10-26,rodriguez,Autódromo Hermanos Rodríguez,lawson,LAW,Liam Lawson,rb,RB F1 Team,30,,20.0,R,0.0,5,Retired,20.0,1:25.124,,,LAW,,,,,,,,,,,,,RACE,CLOCKWISE,19.404197,-99.088747,4.304,17,25,ground_effect,2,normal,,,,,,,,,,,,,11.0,10.333333333333334,11.4,0.0,2.0,10.7,5.4,16.0,1,False,False,,,,,,,,,,,,,,,,,,,,,,,,,,,,,,,,,,,,,,,,,,,,,,,,,,,,,,,,,,,,,12.535100905857563
2025,20,Mexico City Grand Prix,2025-10-26,rodriguez,Autódromo Hermanos Rodríguez,max_verstappen,VER,Max Verstappen,red_bull,Red Bull,1,,3.0,3,15.0,71,Finished,10.0,1:21.108,,,VER,,,,,,,,,,,,,RACE,CLOCKWISE,19.404197,-99.088747,4.304,17,25,ground_effect,2,normal,,,,,,,,,,,,,1.0,1.3333333333333333,1.4,25.0,22.2,5.4,25.4,3.333333333333333,9,False,False,,,,,,,,,,,,,,,,,,,,,,,,,,,,,,,,,,,,,,,,,,,,,,,,,,,,,,,,,,,,,2.623302182203388
2025,20,Mexico City Grand Prix,2025-10-26,rodriguez,Autódromo Hermanos Rodríguez,hulkenberg,HUL,Nico Hülkenberg,sauber,Sauber,27,,19.0,R,0.0,25,Retired,19.0,1:23.091,,,HUL,,,,,,,,,,,,,RACE,CLOCKWISE,19.404197,-99.088747,4.304,17,25,ground_effect,2,normal,,,,,,,,,,,,,8.0,14.666666666666666,15.6,4.0,0.8,14.7,1.6,10.142857142857142,7,False,False,,,,,,,,,,,,,,,,,,,,,,,,,,,,,,,,,,,,,,,,,,,,,,,,,,,,,,,,,,,,,13.694600494986112
2025,20,Mexico City Grand Prix,2025-10-26,rodriguez,Autódromo Hermanos Rodríguez,bearman,BEA,Oliver Bearman,haas,Haas F1 Team,87,,4.0,4,12.0,71,Finished,7.0,1:20.705,,,BEA,,,,,,,,,,,,,RACE,CLOCKWISE,19.404197,-99.088747,4.304,17,25,ground_effect,2,normal,,,,,,,,,,,,,9.0,10.0,9.6,2.0,2.4,12.0,2.6,,0,False,False,,,,,,,,,,,,,,,,,,,,,,,,,,,,,,,,,,,,,,,,,,,,,,,,,,,,,,,,,,,,,13.040086214709174
2025,20,Mexico City Grand Prix,2025-10-26,rodriguez,Autódromo Hermanos Rodríguez,piastri,PIA,Oscar Piastri,mclaren,McLaren,81,,5.0,5,10.0,71,Finished,3.0,1:20.422,,,PIA,,,,,,,,,,,,,RACE,CLOCKWISE,19.404197,-99.088747,4.304,17,25,ground_effect,2,normal,,,,,,,,,,,,,5.0,9.666666666666666,6.6,10.0,12.4,6.5,23.8,8.0,2,False,False,,,,,,,,,,,,,,,,,,,,,,,,,,,,,,,,,,,,,,,,,,,,,,,,,,,,,,,,,,,,,6.928055216348182
2025,20,Mexico City Grand Prix,2025-10-26,rodriguez,Autódromo Hermanos Rodríguez,gasly,GAS,Pierre Gasly,alpine,Alpine F1 Team,10,,15.0,15,0.0,70,Lapped,18.0,1:22.271,,,GAS,,,,,,,,,,,,,RACE,CLOCKWISE,19.404197,-99.088747,4.304,17,25,ground_effect,2,normal,,,,,,,,,,,,,19.0,18.666666666666668,17.8,0.0,0.0,16.9,0.0,9.714285714285714,7,False,False,,,,,,,,,,,,,,,,,,,,,,,,,,,,,,,,,,,,,,,,,,,,,,,,,,,,,,,,,,,,,13.650472167338748
2025,20,Mexico City Grand Prix,2025-10-26,rodriguez,Autódromo Hermanos Rodríguez,tsunoda,TSU,Yuki Tsunoda,red_bull,Red Bull,22,,11.0,11,0.0,71,Finished,13.0,1:21.486,,,TSU,,,,,,,,,,,,,RACE,CLOCKWISE,19.404197,-99.088747,4.304,17,25,ground_effect,2,normal,,,,,,,,,,,,,7.0,8.333333333333334,9.4,6.0,3.2,5.4,25.4,18.0,4,False,False,,,,,,,,,,,,,,,,,,,,,,,,,,,,,,,,,,,,,,,,,,,,,,,,,,,,,,,,,,,,,9.909833045303465
2025,21,São Paulo Grand Prix,2025-11-09,interlagos,Autódromo José Carlos Pace,albon,ALB,Alexander Albon,williams,Williams,23,,11.0,11,0.0,71,Finished,1.0,1:12.400,,,ALB,,,,,,,,,,,,,RACE,ANTI_CLOCKWISE,-23.701111,-46.697222,4.309,15,42,ground_effect,2,sprint,,,,,,,,,,,,,12.0,13.333333333333334,12.0,0.0,1.2,12.1,4.4,16.5,4,False,False,,,,,,,,,,,,,,,,,,,,,,,,,,,,,,,,,,,,,,,,,,,,,,,,,,,,,,,,,,,,,13.378212127294196
2025,21,São Paulo Grand Prix,2025-11-09,interlagos,Autódromo José Carlos Pace,antonelli,ANT,Andrea Kimi Antonelli,mercedes,Mercedes,12,,2.0,2,18.0,71,Finished,9.0,1:13.123,,,ANT,,,,,,,,,,,,,RACE,ANTI_CLOCKWISE,-23.701111,-46.697222,4.309,15,42,ground_effect,2,sprint,,,,,,,,,,,,,6.0,8.0,7.4,8.0,6.4,5.8,19.8,,0,False,False,,,,,,,,,,,,,,,,,,,,,,,,,,,,,,,,,,,,,,,,,,,,,,,,,,,,,,,,,,,,,7.773164461751667
2025,21,São Paulo Grand Prix,2025-11-09,interlagos,Autódromo José Carlos Pace,sainz,SAI,Carlos Sainz,williams,Williams,55,,13.0,13,0.0,71,Finished,14.0,1:13.683,,,SAI,,,,,,,,,,,,,RACE,ANTI_CLOCKWISE,-23.701111,-46.697222,4.309,15,42,ground_effect,2,sprint,,,,,,,,,,,,,17.0,15.666666666666666,12.2,0.0,3.2,12.1,4.4,9.11111111111111,9,False,False,,,,,,,,,,,,,,,,,,,,,,,,,,,,,,,,,,,,,,,,,,,,,,,,,,,,,,,,,,,,,12.214140704798915
2025,21,São Paulo Grand Prix,2025-11-09,interlagos,Autódromo José Carlos Pace,leclerc,LEC,Charles Leclerc,ferrari,Ferrari,16,,19.0,R,0.0,5,Retired,19.0,1:43.560,,,LEC,,,,,,,,,,,,,RACE,ANTI_CLOCKWISE,-23.701111,-46.697222,4.309,15,42,ground_effect,2,sprint,,,,,,,,,,,,,2.0,3.6666666666666665,4.8,18.0,11.0,5.8,17.4,9.833333333333334,6,False,False,,,,,,,,,,,,,,,,,,,,,,,,,,,,,,,,,,,,,,,,,,,,,,,,,,,,,,,,,,,,,6.616949062362513
2025,21,São Paulo Grand Prix,2025-11-09,interlagos,Autódromo José Carlos Pace,ocon,OCO,Esteban Ocon,haas,Haas F1 Team,31,,12.0,12,0.0,71,Finished,12.0,1:13.481,,,OCO,,,,,,,,,,,,,RACE,ANTI_CLOCKWISE,-23.701111,-46.697222,4.309,15,42,ground_effect,2,sprint,,,,,,,,,,,,,9.0,14.0,14.2,2.0,0.4,11.7,3.6,10.428571428571429,7,False,False,,,,,,,,,,,,,,,,,,,,,,,,,,,,,,,,,,,,,,,,,,,,,,,,,,,,,,,,,,,,,12.517632408020924
2025,21,São Paulo Grand Prix,2025-11-09,interlagos,Autódromo José Carlos Pace,alonso,ALO,Fernando Alonso,aston_martin,Aston Martin,14,,14.0,14,0.0,71,Finished,10.0,1:13.312,,,ALO,,,,,,,,,,,,,RACE,ANTI_CLOCKWISE,-23.701111,-46.697222,4.309,15,42,ground_effect,2,sprint,,,,,,,,,,,,,18.0,11.666666666666666,13.8,0.0,1.4,14.3,1.4,9.666666666666666,9,False,False,,,,,,,,,,,,,,,,,,,,,,,,,,,,,,,,,,,,,,,,,,,,,,,,,,,,,,,,,,,,,11.50658600629763
2025,21,São Paulo Grand Prix,2025-11-09,interlagos,Autódromo José Carlos Pace,colapinto,COL,Franco Colapinto,alpine,Alpine F1 Team,43,,15.0,15,0.0,71,Finished,5.0,1:12.816,,,COL,,,,,,,,,,,,,RACE,ANTI_CLOCKWISE,-23.701111,-46.697222,4.309,15,42,ground_effect,2,sprint,,,,,,,,,,,,,16.0,16.333333333333332,17.0,0.0,0.0,17.2,0.0,17.0,1,False,False,,,,,,,,,,,,,,,,,,,,,,,,,,,,,,,,,,,,,,,,,,,,,,,,,,,,,,,,,,,,,13.942959390003134
2025,21,São Paulo Grand Prix,2025-11-09,interlagos,Autódromo José Carlos Pace,bortoleto,BOR,Gabriel Bortoleto,sauber,Sauber,5,,20.0,R,0.0,0,Retired,,,,,BOR,,,,,,,,,,,,,RACE,ANTI_CLOCKWISE,-23.701111,-46.697222,4.309,15,42,ground_effect,2,sprint,,,,,,,,,,,,,10.0,15.0,12.8,1.0,1.0,14.7,1.8,,0,False,False,,,,,,,,,,,,,,,,,,,,,,,,,,,,,,,,,,,,,,,,,,,,,,,,,,,,,,,,,,,,,12.91190789518654
2025,21,São Paulo Grand Prix,2025-11-09,interlagos,Autódromo José Carlos Pace,russell,RUS,George Russell,mercedes,Mercedes,63,,4.0,4,12.0,71,Finished,8.0,1:13.097,,,RUS,,,,,,,,,,,,,RACE,ANTI_CLOCKWISE,-23.701111,-46.697222,4.309,15,42,ground_effect,2,sprint,,,,,,,,,,,,,7.0,4.666666666666667,4.2,6.0,13.4,5.8,19.8,9.0,5,False,False,,,,,,,,,,,,,,,,,,,,,,,,,,,,,,,,,,,,,,,,,,,,,,,,,,,,,,,,,,,,,6.695779496050094
2025,21,São Paulo Grand Prix,2025-11-09,interlagos,Autódromo José Carlos Pace,hadjar,HAD,Isack Hadjar,rb,RB F1 Team,6,,8.0,8,4.0,71,Finished,15.0,1:13.694,,,HAD,,,,,,,,,,,,,RACE,ANTI_CLOCKWISE,-23.701111,-46.697222,4.309,15,42,ground_effect,2,sprint,,,,,,,,,,,,,13.0,13.333333333333334,12.0,0.0,0.4,12.5,2.4,,0,False,False,,,,,,,,,,,,,,,,,,,,,,,,,,,,,,,,,,,,,,,,,,,,,,,,,,,,,,,,,,,,,13.142907750215933
2025,21,São Paulo Grand Prix,2025-11-09,interlagos,Autódromo José Carlos Pace,stroll,STR,Lance Stroll,aston_martin,Aston Martin,18,,16.0,16,0.0,71,Finished,7.0,1:13.094,,,STR,,,,,,,,,,,,,RACE,ANTI_CLOCKWISE,-23.701111,-46.697222,4.309,15,42,ground_effect,2,sprint,,,,,,,,,,,,,14.0,13.0,14.8,0.0,0.0,14.3,1.4,15.285714285714286,7,False,False,,,,,,,,,,,,,,,,,,,,,,,,,,,,,,,,,,,,,,,,,,,,,,,,,,,,,,,,,,,,,13.012418893722458
2025,21,São Paulo Grand Prix,2025-11-09,interlagos,Autódromo José Carlos Pace,norris,NOR,Lando Norris,mclaren,McLaren,4,,1.0,1,25.0,71,Finished,6.0,1:13.040,,,NOR,,,,,,,,,,,,,RACE,ANTI_CLOCKWISE,-23.701111,-46.697222,4.309,15,42,ground_effect,2,sprint,,,,,,,,,,,,,1.0,2.0,3.0,25.0,16.4,5.2,25.8,8.8,5,False,False,,,,,,,,,,,,,,,,,,,,,,,,,,,,,,,,,,,,,,,,,,,,,,,,,,,,,,,,,,,,,5.541843435963202
2025,21,São Paulo Grand Prix,2025-11-09,interlagos,Autódromo José Carlos Pace,hamilton,HAM,Lewis Hamilton,ferrari,Ferrari,44,,18.0,R,0.0,37,Retired,17.0,1:13.844,,,HAM,,,,,,,,,,,,,RACE,ANTI_CLOCKWISE,-23.701111,-46.697222,4.309,15,42,ground_effect,2,sprint,,,,,,,,,,,,,8.0,6.666666666666667,6.8,4.0,6.4,5.8,17.4,3.8,10,False,False,,,,,,,,,,,,,,,,,,,,,,,,,,,,,,,,,,,,,,,,,,,,,,,,,,,,,,,,,,,,,7.461036022762826
2025,21,São Paulo Grand Prix,2025-11-09,interlagos,Autódromo José Carlos Pace,lawson,LAW,Liam Lawson,rb,RB F1 Team,30,,7.0,7,6.0,71,Finished,18.0,1:14.029,,,LAW,,,,,,,,,,,,,RACE,ANTI_CLOCKWISE,-23.701111,-46.697222,4.309,15,42,ground_effect,2,sprint,,,,,,,,,,,,,20.0,15.333333333333334,13.0,0.0,2.0,12.5,2.4,9.0,1,False,False,,,,,,,,,,,,,,,,,,,,,,,,,,,,,,,,,,,,,,,,,,,,,,,,,,,,,,,,,,,,,12.899636015086465
2025,21,São Paulo Grand Prix,2025-11-09,interlagos,Autódromo José Carlos Pace,max_verstappen,VER,Max Verstappen,red_bull,Red Bull,1,,3.0,3,15.0,71,Finished,2.0,1:12.447,,,VER,,,,,,,,,,,,,RACE,ANTI_CLOCKWISE,-23.701111,-46.697222,4.309,15,42,ground_effect,2,sprint,,,,,,,,,,,,,3.0,2.0,1.6,15.0,21.6,5.7,24.4,3.333333333333333,9,False,False,,,,,,,,,,,,,,,,,,,,,,,,,,,,,,,,,,,,,,,,,,,,,,,,,,,,,,,,,,,,,3.384963124639326
2025,21,São Paulo Grand Prix,2025-11-09,interlagos,Autódromo José Carlos Pace,hulkenberg,HUL,Nico Hülkenberg,sauber,Sauber,27,,9.0,9,2.0,71,Finished,11.0,1:13.474,,,HUL,,,,,,,,,,,,,RACE,ANTI_CLOCKWISE,-23.701111,-46.697222,4.309,15,42,ground_effect,2,sprint,,,,,,,,,,,,,19.0,15.666666666666666,16.6,0.0,0.8,14.7,1.8,12.125,8,False,False,,,,,,,,,,,,,,,,,,,,,,,,,,,,,,,,,,,,,,,,,,,,,,,,,,,,,,,,,,,,,13.180313844669772
2025,21,São Paulo Grand Prix,2025-11-09,interlagos,Autódromo José Carlos Pace,bearman,BEA,Oliver Bearman,haas,Haas F1 Team,87,,6.0,6,8.0,71,Finished,13.0,1:13.483,,,BEA,,,,,,,,,,,,,RACE,ANTI_CLOCKWISE,-23.701111,-46.697222,4.309,15,42,ground_effect,2,sprint,,,,,,,,,,,,,4.0,7.333333333333333,9.2,12.0,3.2,11.7,3.6,12.0,1,False,False,,,,,,,,,,,,,,,,,,,,,,,,,,,,,,,,,,,,,,,,,,,,,,,,,,,,,,,,,,,,,11.944486011630369
2025,21,São Paulo Grand Prix,2025-11-09,interlagos,Autódromo José Carlos Pace,piastri,PIA,Oscar Piastri,mclaren,McLaren,81,,5.0,5,10.0,71,Finished,3.0,1:12.742,,,PIA,,,,,,,,,,,,,RACE,ANTI_CLOCKWISE,-23.701111,-46.697222,4.309,15,42,ground_effect,2,sprint,,,,,,,,,,,,,5.0,4.666666666666667,7.4,10.0,9.4,5.2,25.8,11.0,2,False,False,,,,,,,,,,,,,,,,,,,,,,,,,,,,,,,,,,,,,,,,,,,,,,,,,,,,,,,,,,,,,7.416720694781403
2025,21,São Paulo Grand Prix,2025-11-09,interlagos,Autódromo José Carlos Pace,gasly,GAS,Pierre Gasly,alpine,Alpine F1 Team,10,,10.0,10,1.0,71,Finished,16.0,1:13.736,,,GAS,,,,,,,,,,,,,RACE,ANTI_CLOCKWISE,-23.701111,-46.697222,4.309,15,42,ground_effect,2,sprint,,,,,,,,,,,,,15.0,17.666666666666668,17.4,0.0,0.0,17.2,0.0,8.285714285714286,7,False,False,,,,,,,,,,,,,,,,,,,,,,,,,,,,,,,,,,,,,,,,,,,,,,,,,,,,,,,,,,,,,12.500213683947498
2025,21,São Paulo Grand Prix,2025-11-09,interlagos,Autódromo José Carlos Pace,tsunoda,TSU,Yuki Tsunoda,red_bull,Red Bull,22,,17.0,17,0.0,71,Finished,4.0,1:12.774,,,TSU,,,,,,,,,,,,,RACE,ANTI_CLOCKWISE,-23.701111,-46.697222,4.309,15,42,ground_effect,2,sprint,,,,,,,,,,,,,11.0,10.0,9.8,0.0,2.8,5.7,24.4,12.0,4,False,False,,,,,,,,,,,,,,,,,,,,,,,,,,,,,,,,,,,,,,,,,,,,,,,,,,,,,,,,,,,,,9.03381775089047
2025,22,Las Vegas Grand Prix,2025-11-23,vegas,Las Vegas Strip Street Circuit,albon,ALB,Alexander Albon,williams,Williams,23,,16.0,R,0.0,35,Retired,13.0,1:35.184,,,ALB,,,,,,,,,,,,,STREET,ANTI_CLOCKWISE,36.175,-115.136389,6.201,17,3,ground_effect,2,normal,,,,,,,,,,,,,11.0,12.333333333333334,12.8,0.0,0.0,12.7,3.2,15.5,2,False,False,,,,,,,,,,,,,,,,,,,,,,,,,,,,,,,,,,,,,,,,,,,,,,,,,,,,,,,,,,,,,13.423085414321752
2025,22,Las Vegas Grand Prix,2025-11-23,vegas,Las Vegas Strip Street Circuit,antonelli,ANT,Andrea Kimi Antonelli,mercedes,Mercedes,12,,3.0,3,15.0,50,Finished,2.0,1:33.998,,,ANT,,,,,,,,,,,,,STREET,ANTI_CLOCKWISE,36.175,-115.136389,6.201,17,3,ground_effect,2,normal,,,,,,,,,,,,,2.0,7.0,6.0,18.0,9.6,5.0,23.4,,0,False,False,,,,,,,,,,,,,,,,,,,,,,,,,,,,,,,,,,,,,,,,,,,,,,,,,,,,,,,,,,,,,7.085511628294622
2025,22,Las Vegas Grand Prix,2025-11-23,vegas,Las Vegas Strip Street Circuit,sainz,SAI,Carlos Sainz,williams,Williams,55,,5.0,5,10.0,50,Finished,4.0,1:34.496,,,SAI,,,,,,,,,,,,,STREET,ANTI_CLOCKWISE,36.175,-115.136389,6.201,17,3,ground_effect,2,normal,,,,,,,,,,,,,13.0,16.666666666666668,12.6,0.0,3.2,12.7,3.2,4.5,2,False,False,,,,,,,,,,,,,,,,,,,,,,,,,,,,,,,,,,,,,,,,,,,,,,,,,,,,,,,,,,,,,12.258910994717677
2025,22,Las Vegas Grand Prix,2025-11-23,vegas,Las Vegas Strip Street Circuit,leclerc,LEC,Charles Leclerc,ferrari,Ferrari,16,,4.0,4,12.0,50,Finished,3.0,1:34.304,,,LEC,,,,,,,,,,,,,STREET,ANTI_CLOCKWISE,36.175,-115.136389,6.201,17,3,ground_effect,2,normal,,,,,,,,,,,,,19.0,8.0,7.8,0.0,8.6,8.5,13.4,3.0,2,False,False,,,,,,,,,,,,,,,,,,,,,,,,,,,,,,,,,,,,,,,,,,,,,,,,,,,,,,,,,,,,,7.138600121163188
2025,22,Las Vegas Grand Prix,2025-11-23,vegas,Las Vegas Strip Street Circuit,ocon,OCO,Esteban Ocon,haas,Haas F1 Team,31,,9.0,9,2.0,50,Finished,7.0,1:34.557,,,OCO,,,,,,,,,,,,,STREET,ANTI_CLOCKWISE,36.175,-115.136389,6.201,17,3,ground_effect,2,normal,,,,,,,,,,,,,12.0,12.0,13.6,0.0,0.4,10.8,5.2,10.5,2,False,False,,,,,,,,,,,,,,,,,,,,,,,,,,,,,,,,,,,,,,,,,,,,,,,,,,,,,,,,,,,,,12.92518652461017
2025,22,Las Vegas Grand Prix,2025-11-23,vegas,Las Vegas Strip Street Circuit,alonso,ALO,Fernando Alonso,aston_martin,Aston Martin,14,,11.0,11,0.0,50,Finished,14.0,1:35.629,,,ALO,,,,,,,,,,,,,STREET,ANTI_CLOCKWISE,36.175,-115.136389,6.201,17,3,ground_effect,2,normal,,,,,,,,,,,,,14.0,14.0,12.8,0.0,1.4,13.6,1.4,10.0,2,False,False,,,,,,,,,,,,,,,,,,,,,,,,,,,,,,,,,,,,,,,,,,,,,,,,,,,,,,,,,,,,,12.298938334566751
2025,22,Las Vegas Grand Prix,2025-11-23,vegas,Las Vegas Strip Street Circuit,colapinto,COL,Franco Colapinto,alpine,Alpine F1 Team,43,,15.0,15,0.0,49,Lapped,16.0,1:35.780,,,COL,,,,,,,,,,,,,STREET,ANTI_CLOCKWISE,36.175,-115.136389,6.201,17,3,ground_effect,2,normal,,,,,,,,,,,,,15.0,16.0,16.6,0.0,0.0,16.4,0.2,14.0,1,False,False,,,,,,,,,,,,,,,,,,,,,,,,,,,,,,,,,,,,,,,,,,,,,,,,,,,,,,,,,,,,,14.559547959330011
2025,22,Las Vegas Grand Prix,2025-11-23,vegas,Las Vegas Strip Street Circuit,bortoleto,BOR,Gabriel Bortoleto,sauber,Sauber,5,,17.0,R,0.0,2,Retired,,,,,BOR,,,,,,,,,,,,,STREET,ANTI_CLOCKWISE,36.175,-115.136389,6.201,17,3,ground_effect,2,normal,,,,,,,,,,,,,20.0,16.0,15.2,0.0,0.2,14.8,1.4,,0,False,False,,,,,,,,,,,,,,,,,,,,,,,,,,,,,,,,,,,,,,,,,,,,,,,,,,,,,,,,,,,,,14.143430273350837
2025,22,Las Vegas Grand Prix,2025-11-23,vegas,Las Vegas Strip Street Circuit,russell,RUS,George Russell,mercedes,Mercedes,63,,2.0,2,18.0,50,Finished,9.0,1:34.592,,,RUS,,,,,,,,,,,,,STREET,ANTI_CLOCKWISE,36.175,-115.136389,6.201,17,3,ground_effect,2,normal,,,,,,,,,,,,,4.0,5.666666666666667,4.0,12.0,13.8,5.0,23.4,4.5,2,False,False,,,,,,,,,,,,,,,,,,,,,,,,,,,,,,,,,,,,,,,,,,,,,,,,,,,,,,,,,,,,,6.156881070926388
2025,22,Las Vegas Grand Prix,2025-11-23,vegas,Las Vegas Strip Street Circuit,hadjar,HAD,Isack Hadjar,rb,RB F1 Team,6,,6.0,6,8.0,50,Finished,10.0,1:34.620,,,HAD,,,,,,,,,,,,,STREET,ANTI_CLOCKWISE,36.175,-115.136389,6.201,17,3,ground_effect,2,normal,,,,,,,,,,,,,8.0,12.333333333333334,11.6,4.0,1.0,11.6,4.2,,0,False,False,,,,,,,,,,,,,,,,,,,,,,,,,,,,,,,,,,,,,,,,,,,,,,,,,,,,,,,,,,,,,12.755720922524286
2025,22,Las Vegas Grand Prix,2025-11-23,vegas,Las Vegas Strip Street Circuit,stroll,STR,Lance Stroll,aston_martin,Aston Martin,18,,18.0,R,0.0,0,Retired,,,,,STR,,,,,,,,,,,,,STREET,ANTI_CLOCKWISE,36.175,-115.136389,6.201,17,3,ground_effect,2,normal,,,,,,,,,,,,,16.0,14.0,14.4,0.0,0.0,13.6,1.4,10.0,2,False,False,,,,,,,,,,,,,,,,,,,,,,,,,,,,,,,,,,,,,,,,,,,,,,,,,,,,,,,,,,,,,13.770088080328444
2025,22,Las Vegas Grand Prix,2025-11-23,vegas,Las Vegas Strip Street Circuit,norris,NOR,Lando Norris,mclaren,McLaren,4,,19.0,D,0.0,50,Disqualified,,,,,NOR,,,,,,,,,,,,,STREET,ANTI_CLOCKWISE,36.175,-115.136389,6.201,17,3,ground_effect,2,normal,,,,,,,,,,,,,1.0,1.3333333333333333,2.8,25.0,17.8,5.3,26.2,13.0,2,False,False,,,,,,,,,,,,,,,,,,,,,,,,,,,,,,,,,,,,,,,,,,,,,,,,,,,,,,,,,,,,,5.956368602303582
2025,22,Las Vegas Grand Prix,2025-11-23,vegas,Las Vegas Strip Street Circuit,hamilton,HAM,Lewis Hamilton,ferrari,Ferrari,44,,8.0,8,4.0,50,Finished,6.0,1:34.553,,,HAM,,,,,,,,,,,,,STREET,ANTI_CLOCKWISE,36.175,-115.136389,6.201,17,3,ground_effect,2,normal,,,,,,,,,,,,,18.0,10.0,9.2,0.0,4.8,8.5,13.4,4.5,2,False,False,,,,,,,,,,,,,,,,,,,,,,,,,,,,,,,,,,,,,,,,,,,,,,,,,,,,,,,,,,,,,7.186606784940075
2025,22,Las Vegas Grand Prix,2025-11-23,vegas,Las Vegas Strip Street Circuit,lawson,LAW,Liam Lawson,rb,RB F1 Team,30,,14.0,14,0.0,49,Lapped,11.0,1:34.837,,,LAW,,,,,,,,,,,,,STREET,ANTI_CLOCKWISE,36.175,-115.136389,6.201,17,3,ground_effect,2,normal,,,,,,,,,,,,,7.0,12.666666666666666,11.6,6.0,3.2,11.6,4.2,16.0,1,False,False,,,,,,,,,,,,,,,,,,,,,,,,,,,,,,,,,,,,,,,,,,,,,,,,,,,,,,,,,,,,,12.712814952503829
2025,22,Las Vegas Grand Prix,2025-11-23,vegas,Las Vegas Strip Street Circuit,max_verstappen,VER,Max Verstappen,red_bull,Red Bull,1,,1.0,1,25.0,50,Finished,1.0,1:33.365,,,VER,,,,,,,,,,,,,STREET,ANTI_CLOCKWISE,36.175,-115.136389,6.201,17,3,ground_effect,2,normal,,,,,,,,,,,,,3.0,2.333333333333333,2.0,15.0,19.6,6.3,22.4,3.0,2,False,False,,,,,,,,,,,,,,,,,,,,,,,,,,,,,,,,,,,,,,,,,,,,,,,,,,,,,,,,,,,,,4.239486504738336
2025,22,Las Vegas Grand Prix,2025-11-23,vegas,Las Vegas Strip Street Circuit,hulkenberg,HUL,Nico Hülkenberg,sauber,Sauber,27,,7.0,7,6.0,50,Finished,8.0,1:34.592,,,HUL,,,,,,,,,,,,,STREET,ANTI_CLOCKWISE,36.175,-115.136389,6.201,17,3,ground_effect,2,normal,,,,,,,,,,,,,9.0,12.0,14.4,2.0,1.2,14.8,1.4,13.5,2,False,False,,,,,,,,,,,,,,,,,,,,,,,,,,,,,,,,,,,,,,,,,,,,,,,,,,,,,,,,,,,,,13.26079070753915
2025,22,Las Vegas Grand Prix,2025-11-23,vegas,Las Vegas Strip Street Circuit,bearman,BEA,Oliver Bearman,haas,Haas F1 Team,87,,10.0,10,1.0,50,Finished,5.0,1:34.519,,,BEA,,,,,,,,,,,,,STREET,ANTI_CLOCKWISE,36.175,-115.136389,6.201,17,3,ground_effect,2,normal,,,,,,,,,,,,,6.0,6.333333333333333,8.0,8.0,4.8,10.8,5.2,,0,False,False,,,,,,,,,,,,,,,,,,,,,,,,,,,,,,,,,,,,,,,,,,,,,,,,,,,,,,,,,,,,,10.331566264207714
2025,22,Las Vegas Grand Prix,2025-11-23,vegas,Las Vegas Strip Street Circuit,piastri,PIA,Oscar Piastri,mclaren,McLaren,81,,20.0,D,0.0,50,Disqualified,,,,,PIA,,,,,,,,,,,,,STREET,ANTI_CLOCKWISE,36.175,-115.136389,6.201,17,3,ground_effect,2,normal,,,,,,,,,,,,,5.0,5.0,7.8,10.0,8.4,5.3,26.2,8.5,2,False,False,,,,,,,,,,,,,,,,,,,,,,,,,,,,,,,,,,,,,,,,,,,,,,,,,,,,,,,,,,,,,7.351683895598697
2025,22,Las Vegas Grand Prix,2025-11-23,vegas,Las Vegas Strip Street Circuit,gasly,GAS,Pierre Gasly,alpine,Alpine F1 Team,10,,13.0,13,0.0,50,Finished,15.0,1:35.674,,,GAS,,,,,,,,,,,,,STREET,ANTI_CLOCKWISE,36.175,-115.136389,6.201,17,3,ground_effect,2,normal,,,,,,,,,,,,,10.0,14.666666666666666,16.2,1.0,0.2,16.4,0.2,15.5,2,False,False,,,,,,,,,,,,,,,,,,,,,,,,,,,,,,,,,,,,,,,,,,,,,,,,,,,,,,,,,,,,,13.699432070916341
2025,22,Las Vegas Grand Prix,2025-11-23,vegas,Las Vegas Strip Street Circuit,tsunoda,TSU,Yuki Tsunoda,red_bull,Red Bull,22,,12.0,12,0.0,50,Finished,12.0,1:34.967,,,TSU,,,,,,,,,,,,,STREET,ANTI_CLOCKWISE,36.175,-115.136389,6.201,17,3,ground_effect,2,normal,,,,,,,,,,,,,17.0,11.666666666666666,10.6,0.0,2.8,6.3,22.4,13.5,2,False,False,,,,,,,,,,,,,,,,,,,,,,,,,,,,,,,,,,,,,,,,,,,,,,,,,,,,,,,,,,,,,9.3894906131038
2025,23,Qatar Grand Prix,2025-11-30,losail,Losail International Circuit,albon,ALB,Alexander Albon,williams,Williams,23,,11.0,11,0.0,57,Finished,11.0,1:24.261,,,ALB,,,,,,,,,,,,,RACE,CLOCKWISE,25.49,51.454167,5.419,16,4,ground_effect,2,sprint,,,,,,,,,,,,,16.0,13.0,13.4,0.0,0.0,13.2,2.2,14.0,2,False,False,,,,,,,,,,,,,,,,,,,,,,,,,,,,,,,,,,,,,,,,,,,,,,,,,,,,,,,,,,,,,14.452637077860661
2025,23,Qatar Grand Prix,2025-11-30,losail,Losail International Circuit,antonelli,ANT,Andrea Kimi Antonelli,mercedes,Mercedes,12,,5.0,5,10.0,57,Finished,8.0,1:23.955,,,ANT,,,,,,,,,,,,,RACE,CLOCKWISE,25.49,51.454167,5.419,16,4,ground_effect,2,sprint,,,,,,,,,,,,,3.0,3.6666666666666665,5.8,15.0,10.2,4.9,24.0,,0,False,False,,,,,,,,,,,,,,,,,,,,,,,,,,,,,,,,,,,,,,,,,,,,,,,,,,,,,,,,,,,,,7.058814478356266
2025,23,Qatar Grand Prix,2025-11-30,losail,Losail International Circuit,sainz,SAI,Carlos Sainz,williams,Williams,55,,3.0,3,15.0,57,Finished,6.0,1:23.859,,,SAI,,,,,,,,,,,,,RACE,CLOCKWISE,25.49,51.454167,5.419,16,4,ground_effect,2,sprint,,,,,,,,,,,,,5.0,11.666666666666666,13.0,10.0,2.2,13.2,2.2,11.0,3,False,False,,,,,,,,,,,,,,,,,,,,,,,,,,,,,,,,,,,,,,,,,,,,,,,,,,,,,,,,,,,,,12.324674886871179
2025,23,Qatar Grand Prix,2025-11-30,losail,Losail International Circuit,leclerc,LEC,Charles Leclerc,ferrari,Ferrari,16,,8.0,8,4.0,57,Finished,13.0,1:24.432,,,LEC,,,,,,,,,,,,,RACE,CLOCKWISE,25.49,51.454167,5.419,16,4,ground_effect,2,sprint,,,,,,,,,,,,,4.0,8.333333333333334,6.8,12.0,10.6,8.0,15.4,5.0,3,False,False,,,,,,,,,,,,,,,,,,,,,,,,,,,,,,,,,,,,,,,,,,,,,,,,,,,,,,,,,,,,,7.534714126857522
2025,23,Qatar Grand Prix,2025-11-30,losail,Losail International Circuit,ocon,OCO,Esteban Ocon,haas,Haas F1 Team,31,,15.0,15,0.0,56,Lapped,16.0,1:25.056,,,OCO,,,,,,,,,,,,,RACE,CLOCKWISE,25.49,51.454167,5.419,16,4,ground_effect,2,sprint,,,,,,,,,,,,,9.0,10.0,12.6,2.0,0.8,10.1,5.8,10.666666666666666,3,False,False,,,,,,,,,,,,,,,,,,,,,,,,,,,,,,,,,,,,,,,,,,,,,,,,,,,,,,,,,,,,,11.719804586445381
2025,23,Qatar Grand Prix,2025-11-30,losail,Losail International Circuit,alonso,ALO,Fernando Alonso,aston_martin,Aston Martin,14,,7.0,7,6.0,57,Finished,7.0,1:23.940,,,ALO,,,,,,,,,,,,,RACE,CLOCKWISE,25.49,51.454167,5.419,16,4,ground_effect,2,sprint,,,,,,,,,,,,,11.0,14.333333333333334,12.0,0.0,1.4,13.3,1.4,5.333333333333333,3,False,False,,,,,,,,,,,,,,,,,,,,,,,,,,,,,,,,,,,,,,,,,,,,,,,,,,,,,,,,,,,,,11.179196021718603
2025,23,Qatar Grand Prix,2025-11-30,losail,Losail International Circuit,colapinto,COL,Franco Colapinto,alpine,Alpine F1 Team,43,,14.0,14,0.0,56,Lapped,19.0,1:25.644,,,COL,,,,,,,,,,,,,RACE,CLOCKWISE,25.49,51.454167,5.419,16,4,ground_effect,2,sprint,,,,,,,,,,,,,15.0,15.333333333333334,15.8,0.0,0.0,15.5,0.2,19.0,1,False,False,,,,,,,,,,,,,,,,,,,,,,,,,,,,,,,,,,,,,,,,,,,,,,,,,,,,,,,,,,,,,13.987477797242741
2025,23,Qatar Grand Prix,2025-11-30,losail,Losail International Circuit,bortoleto,BOR,Gabriel Bortoleto,sauber,Sauber,5,,13.0,13,0.0,57,Finished,17.0,1:25.233,,,BOR,,,,,,,,,,,,,RACE,CLOCKWISE,25.49,51.454167,5.419,16,4,ground_effect,2,sprint,,,,,,,,,,,,,17.0,15.666666666666666,16.4,0.0,0.2,14.5,2.6,,0,False,False,,,,,,,,,,,,,,,,,,,,,,,,,,,,,,,,,,,,,,,,,,,,,,,,,,,,,,,,,,,,,14.322520362082168
2025,23,Qatar Grand Prix,2025-11-30,losail,Losail International Circuit,russell,RUS,George Russell,mercedes,Mercedes,63,,6.0,6,8.0,57,Finished,3.0,1:23.198,,,RUS,,,,,,,,,,,,,RACE,CLOCKWISE,25.49,51.454167,5.419,16,4,ground_effect,2,sprint,,,,,,,,,,,,,2.0,4.333333333333333,4.0,18.0,13.8,4.9,24.0,8.333333333333334,3,False,False,,,,,,,,,,,,,,,,,,,,,,,,,,,,,,,,,,,,,,,,,,,,,,,,,,,,,,,,,,,,,6.558971665191229
2025,23,Qatar Grand Prix,2025-11-30,losail,Losail International Circuit,hadjar,HAD,Isack Hadjar,rb,RB F1 Team,6,,18.0,18,0.0,55,Retired,12.0,1:24.317,,,HAD,,,,,,,,,,,,,RACE,CLOCKWISE,25.49,51.454167,5.419,16,4,ground_effect,2,sprint,,,,,,,,,,,,,6.0,9.0,10.8,8.0,2.4,12.1,3.6,,0,False,False,,,,,,,,,,,,,,,,,,,,,,,,,,,,,,,,,,,,,,,,,,,,,,,,,,,,,,,,,,,,,11.425330187781457
2025,23,Qatar Grand Prix,2025-11-30,losail,Losail International Circuit,stroll,STR,Lance Stroll,aston_martin,Aston Martin,18,,17.0,17,0.0,55,Retired,4.0,1:23.484,,,STR,,,,,,,,,,,,,RACE,CLOCKWISE,25.49,51.454167,5.419,16,4,ground_effect,2,sprint,,,,,,,,,,,,,18.0,16.0,14.6,0.0,0.0,13.3,1.4,11.666666666666666,3,False,False,,,,,,,,,,,,,,,,,,,,,,,,,,,,,,,,,,,,,,,,,,,,,,,,,,,,,,,,,,,,,14.03358777202687
2025,23,Qatar Grand Prix,2025-11-30,losail,Losail International Circuit,norris,NOR,Lando Norris,mclaren,McLaren,4,,4.0,4,12.0,57,Finished,2.0,1:23.197,,,NOR,,,,,,,,,,,,,RACE,CLOCKWISE,25.49,51.454167,5.419,16,4,ground_effect,2,sprint,,,,,,,,,,,,,19.0,7.0,5.2,0.0,16.6,6.5,25.0,7.333333333333333,3,False,False,,,,,,,,,,,,,,,,,,,,,,,,,,,,,,,,,,,,,,,,,,,,,,,,,,,,,,,,,,,,,6.036654996974503
2025,23,Qatar Grand Prix,2025-11-30,losail,Losail International Circuit,hamilton,HAM,Lewis Hamilton,ferrari,Ferrari,44,,12.0,12,0.0,57,Finished,14.0,1:24.848,,,HAM,,,,,,,,,,,,,RACE,CLOCKWISE,25.49,51.454167,5.419,16,4,ground_effect,2,sprint,,,,,,,,,,,,,8.0,11.333333333333334,9.2,4.0,4.8,8.0,15.4,10.666666666666666,3,False,False,,,,,,,,,,,,,,,,,,,,,,,,,,,,,,,,,,,,,,,,,,,,,,,,,,,,,,,,,,,,,7.095297849006676
2025,23,Qatar Grand Prix,2025-11-30,losail,Losail International Circuit,lawson,LAW,Liam Lawson,rb,RB F1 Team,30,,9.0,9,2.0,57,Finished,9.0,1:23.971,,,LAW,,,,,,,,,,,,,RACE,CLOCKWISE,25.49,51.454167,5.419,16,4,ground_effect,2,sprint,,,,,,,,,,,,,14.0,13.666666666666666,13.4,0.0,1.2,12.1,3.6,15.5,2,False,False,,,,,,,,,,,,,,,,,,,,,,,,,,,,,,,,,,,,,,,,,,,,,,,,,,,,,,,,,,,,,13.268280491701576
2025,23,Qatar Grand Prix,2025-11-30,losail,Losail International Circuit,max_verstappen,VER,Max Verstappen,red_bull,Red Bull,1,,1.0,1,25.0,57,Finished,5.0,1:23.498,,,VER,,,,,,,,,,,,,RACE,CLOCKWISE,25.49,51.454167,5.419,16,4,ground_effect,2,sprint,,,,,,,,,,,,,1.0,2.333333333333333,2.0,25.0,19.6,6.9,20.8,1.3333333333333333,3,False,False,,,,,,,,,,,,,,,,,,,,,,,,,,,,,,,,,,,,,,,,,,,,,,,,,,,,,,,,,,,,,3.3738089274803427
2025,23,Qatar Grand Prix,2025-11-30,losail,Losail International Circuit,hulkenberg,HUL,Nico Hülkenberg,sauber,Sauber,27,,20.0,R,0.0,6,Retired,20.0,1:28.139,,,HUL,,,,,,,,,,,,,RACE,CLOCKWISE,25.49,51.454167,5.419,16,4,ground_effect,2,sprint,,,,,,,,,,,,,7.0,11.666666666666666,12.6,6.0,2.4,14.5,2.6,16.0,2,False,False,,,,,,,,,,,,,,,,,,,,,,,,,,,,,,,,,,,,,,,,,,,,,,,,,,,,,,,,,,,,,12.726508297600505
2025,23,Qatar Grand Prix,2025-11-30,losail,Losail International Circuit,bearman,BEA,Oliver Bearman,haas,Haas F1 Team,87,,19.0,R,0.0,41,Retired,15.0,1:24.930,,,BEA,,,,,,,,,,,,,RACE,CLOCKWISE,25.49,51.454167,5.419,16,4,ground_effect,2,sprint,,,,,,,,,,,,,10.0,6.666666666666667,7.6,1.0,5.0,10.1,5.8,,0,False,False,,,,,,,,,,,,,,,,,,,,,,,,,,,,,,,,,,,,,,,,,,,,,,,,,,,,,,,,,,,,,10.239347799174325
2025,23,Qatar Grand Prix,2025-11-30,losail,Losail International Circuit,piastri,PIA,Oscar Piastri,mclaren,McLaren,81,,2.0,2,18.0,57,Finished,1.0,1:22.996,,,PIA,,,,,,,,,,,,,RACE,CLOCKWISE,25.49,51.454167,5.419,16,4,ground_effect,2,sprint,,,,,,,,,,,,,20.0,10.0,7.8,0.0,8.4,6.5,25.0,2.5,2,False,False,,,,,,,,,,,,,,,,,,,,,,,,,,,,,,,,,,,,,,,,,,,,,,,,,,,,,,,,,,,,,7.176277663211169
2025,23,Qatar Grand Prix,2025-11-30,losail,Losail International Circuit,gasly,GAS,Pierre Gasly,alpine,Alpine F1 Team,10,,16.0,16,0.0,56,Lapped,18.0,1:25.376,,,GAS,,,,,,,,,,,,,RACE,CLOCKWISE,25.49,51.454167,5.419,16,4,ground_effect,2,sprint,,,,,,,,,,,,,13.0,12.666666666666666,15.2,0.0,0.2,15.5,0.2,9.333333333333334,3,False,False,,,,,,,,,,,,,,,,,,,,,,,,,,,,,,,,,,,,,,,,,,,,,,,,,,,,,,,,,,,,,12.593666824767984
2025,23,Qatar Grand Prix,2025-11-30,losail,Losail International Circuit,tsunoda,TSU,Yuki Tsunoda,red_bull,Red Bull,22,,10.0,10,1.0,57,Finished,10.0,1:24.139,,,TSU,,,,,,,,,,,,,RACE,CLOCKWISE,25.49,51.454167,5.419,16,4,ground_effect,2,sprint,,,,,,,,,,,,,12.0,13.333333333333334,11.8,0.0,1.2,6.9,20.8,13.666666666666666,3,False,False,,,,,,,,,,,,,,,,,,,,,,,,,,,,,,,,,,,,,,,,,,,,,,,,,,,,,,,,,,,,,10.198306424569367
2025,24,Abu Dhabi Grand Prix,2025-12-07,yas_marina,Yas Marina Circuit,albon,ALB,Alexander Albon,williams,Williams,23,,16.0,16,0.0,58,Finished,12.0,1:28.367,,,ALB,,,,,,,,,,,,,RACE,ANTI_CLOCKWISE,24.467222,54.603056,5.281,16,17,ground_effect,2,normal,,,,,,,,,,,,,11.0,12.666666666666666,12.8,0.0,0.0,12.2,5.0,9.6,5,False,False,,,,,,,,,,,,,,,,,,,,,,,,,,,,,,,,,,,,,,,,,,,,,,,,,,,,,,,,,,,,,13.845469129037614
2025,24,Abu Dhabi Grand Prix,2025-12-07,yas_marina,Yas Marina Circuit,antonelli,ANT,Andrea Kimi Antonelli,mercedes,Mercedes,12,,15.0,15,0.0,58,Finished,9.0,1:28.029,,,ANT,,,,,,,,,,,,,RACE,ANTI_CLOCKWISE,24.467222,54.603056,5.281,16,17,ground_effect,2,normal,,,,,,,,,,,,,5.0,3.333333333333333,5.8,10.0,10.2,5.4,20.6,,0,False,False,,,,,,,,,,,,,,,,,,,,,,,,,,,,,,,,,,,,,,,,,,,,,,,,,,,,,,,,,,,,,6.064348389074419
2025,24,Abu Dhabi Grand Prix,2025-12-07,yas_marina,Yas Marina Circuit,sainz,SAI,Carlos Sainz,williams,Williams,55,,13.0,13,0.0,58,Finished,18.0,1:29.052,,,SAI,,,,,,,,,,,,,RACE,ANTI_CLOCKWISE,24.467222,54.603056,5.281,16,17,ground_effect,2,normal,,,,,,,,,,,,,3.0,7.0,11.6,15.0,5.0,12.2,5.0,9.7,10,False,False,,,,,,,,,,,,,,,,,,,,,,,,,,,,,,,,,,,,,,,,,,,,,,,,,,,,,,,,,,,,,11.028974545892272
2025,24,Abu Dhabi Grand Prix,2025-12-07,yas_marina,Yas Marina Circuit,leclerc,LEC,Charles Leclerc,ferrari,Ferrari,16,,4.0,4,12.0,58,Finished,1.0,1:26.725,,,LEC,,,,,,,,,,,,,RACE,ANTI_CLOCKWISE,24.467222,54.603056,5.281,16,17,ground_effect,2,normal,,,,,,,,,,,,,8.0,10.333333333333334,7.2,4.0,9.8,8.6,13.8,5.714285714285714,7,False,False,,,,,,,,,,,,,,,,,,,,,,,,,,,,,,,,,,,,,,,,,,,,,,,,,,,,,,,,,,,,,7.406088384824335
2025,24,Abu Dhabi Grand Prix,2025-12-07,yas_marina,Yas Marina Circuit,ocon,OCO,Esteban Ocon,haas,Haas F1 Team,31,,7.0,7,6.0,58,Finished,15.0,1:28.655,,,OCO,,,,,,,,,,,,,RACE,ANTI_CLOCKWISE,24.467222,54.603056,5.281,16,17,ground_effect,2,normal,,,,,,,,,,,,,15.0,12.0,12.0,0.0,0.8,10.8,5.4,10.714285714285714,7,False,False,,,,,,,,,,,,,,,,,,,,,,,,,,,,,,,,,,,,,,,,,,,,,,,,,,,,,,,,,,,,,13.460963436143484
2025,24,Abu Dhabi Grand Prix,2025-12-07,yas_marina,Yas Marina Circuit,alonso,ALO,Fernando Alonso,aston_martin,Aston Martin,14,,6.0,6,8.0,58,Finished,11.0,1:28.279,,,ALO,,,,,,,,,,,,,RACE,ANTI_CLOCKWISE,24.467222,54.603056,5.281,16,17,ground_effect,2,normal,,,,,,,,,,,,,7.0,10.666666666666666,12.0,6.0,1.4,13.7,1.4,11.11111111111111,9,False,False,,,,,,,,,,,,,,,,,,,,,,,,,,,,,,,,,,,,,,,,,,,,,,,,,,,,,,,,,,,,,11.178932365859847
2025,24,Abu Dhabi Grand Prix,2025-12-07,yas_marina,Yas Marina Circuit,colapinto,COL,Franco Colapinto,alpine,Alpine F1 Team,43,,20.0,20,0.0,57,Lapped,7.0,1:27.710,,,COL,,,,,,,,,,,,,RACE,ANTI_CLOCKWISE,24.467222,54.603056,5.281,16,17,ground_effect,2,normal,,,,,,,,,,,,,14.0,14.666666666666666,15.4,0.0,0.0,15.0,0.2,19.0,1,False,False,,,,,,,,,,,,,,,,,,,,,,,,,,,,,,,,,,,,,,,,,,,,,,,,,,,,,,,,,,,,,14.429494844284912
2025,24,Abu Dhabi Grand Prix,2025-12-07,yas_marina,Yas Marina Circuit,bortoleto,BOR,Gabriel Bortoleto,sauber,Sauber,5,,11.0,11,0.0,58,Finished,19.0,1:29.114,,,BOR,,,,,,,,,,,,,RACE,ANTI_CLOCKWISE,24.467222,54.603056,5.281,16,17,ground_effect,2,normal,,,,,,,,,,,,,13.0,16.666666666666668,15.6,0.0,0.2,14.1,2.6,,0,False,False,,,,,,,,,,,,,,,,,,,,,,,,,,,,,,,,,,,,,,,,,,,,,,,,,,,,,,,,,,,,,14.295897499190831
2025,24,Abu Dhabi Grand Prix,2025-12-07,yas_marina,Yas Marina Circuit,russell,RUS,George Russell,mercedes,Mercedes,63,,5.0,5,10.0,58,Finished,14.0,1:28.599,,,RUS,,,,,,,,,,,,,RACE,ANTI_CLOCKWISE,24.467222,54.603056,5.281,16,17,ground_effect,2,normal,,,,,,,,,,,,,6.0,4.0,5.0,8.0,10.4,5.4,20.6,10.5,6,False,False,,,,,,,,,,,,,,,,,,,,,,,,,,,,,,,,,,,,,,,,,,,,,,,,,,,,,,,,,,,,,5.743766980121263
2025,24,Abu Dhabi Grand Prix,2025-12-07,yas_marina,Yas Marina Circuit,hadjar,HAD,Isack Hadjar,rb,RB F1 Team,6,,17.0,17,0.0,57,Lapped,20.0,1:29.375,,,HAD,,,,,,,,,,,,,RACE,ANTI_CLOCKWISE,24.467222,54.603056,5.281,16,17,ground_effect,2,normal,,,,,,,,,,,,,18.0,10.666666666666666,12.2,0.0,2.4,12.2,4.0,,0,False,False,,,,,,,,,,,,,,,,,,,,,,,,,,,,,,,,,,,,,,,,,,,,,,,,,,,,,,,,,,,,,12.8247935745096
2025,24,Abu Dhabi Grand Prix,2025-12-07,yas_marina,Yas Marina Circuit,stroll,STR,Lance Stroll,aston_martin,Aston Martin,18,,10.0,10,1.0,58,Finished,6.0,1:27.626,,,STR,,,,,,,,,,,,,RACE,ANTI_CLOCKWISE,24.467222,54.603056,5.281,16,17,ground_effect,2,normal,,,,,,,,,,,,,17.0,17.0,15.4,0.0,0.0,13.7,1.4,13.25,8,False,False,,,,,,,,,,,,,,,,,,,,,,,,,,,,,,,,,,,,,,,,,,,,,,,,,,,,,,,,,,,,,13.82668753814276
2025,24,Abu Dhabi Grand Prix,2025-12-07,yas_marina,Yas Marina Circuit,norris,NOR,Lando Norris,mclaren,McLaren,4,,3.0,3,15.0,58,Finished,3.0,1:26.818,,,NOR,,,,,,,,,,,,,RACE,ANTI_CLOCKWISE,24.467222,54.603056,5.281,16,17,ground_effect,2,normal,,,,,,,,,,,,,4.0,8.0,5.4,12.0,16.0,6.4,25.6,5.333333333333333,6,False,False,,,,,,,,,,,,,,,,,,,,,,,,,,,,,,,,,,,,,,,,,,,,,,,,,,,,,,,,,,,,,5.326936675697181
2025,24,Abu Dhabi Grand Prix,2025-12-07,yas_marina,Yas Marina Circuit,hamilton,HAM,Lewis Hamilton,ferrari,Ferrari,44,,8.0,8,4.0,58,Finished,10.0,1:28.094,,,HAM,,,,,,,,,,,,,RACE,ANTI_CLOCKWISE,24.467222,54.603056,5.281,16,17,ground_effect,2,normal,,,,,,,,,,,,,12.0,12.666666666666666,10.0,0.0,4.0,8.6,13.8,4.0,11,False,False,,,,,,,,,,,,,,,,,,,,,,,,,,,,,,,,,,,,,,,,,,,,,,,,,,,,,,,,,,,,,8.594534780606194
2025,24,Abu Dhabi Grand Prix,2025-12-07,yas_marina,Yas Marina Circuit,lawson,LAW,Liam Lawson,rb,RB F1 Team,30,,18.0,18,0.0,57,Lapped,16.0,1:28.886,,,LAW,,,,,,,,,,,,,RACE,ANTI_CLOCKWISE,24.467222,54.603056,5.281,16,17,ground_effect,2,normal,,,,,,,,,,,,,9.0,10.0,12.2,2.0,1.6,12.2,4.0,17.0,1,False,False,,,,,,,,,,,,,,,,,,,,,,,,,,,,,,,,,,,,,,,,,,,,,,,,,,,,,,,,,,,,,13.326581630185796
2025,24,Abu Dhabi Grand Prix,2025-12-07,yas_marina,Yas Marina Circuit,max_verstappen,VER,Max Verstappen,red_bull,Red Bull,1,,1.0,1,25.0,58,Finished,5.0,1:27.625,,,VER,,,,,,,,,,,,,RACE,ANTI_CLOCKWISE,24.467222,54.603056,5.281,16,17,ground_effect,2,normal,,,,,,,,,,,,,1.0,1.6666666666666667,1.8,25.0,21.0,6.6,22.4,4.0,10,False,False,,,,,,,,,,,,,,,,,,,,,,,,,,,,,,,,,,,,,,,,,,,,,,,,,,,,,,,,,,,,,3.503550519290665
2025,24,Abu Dhabi Grand Prix,2025-12-07,yas_marina,Yas Marina Circuit,hulkenberg,HUL,Nico Hülkenberg,sauber,Sauber,27,,9.0,9,2.0,58,Finished,4.0,1:27.050,,,HUL,,,,,,,,,,,,,RACE,ANTI_CLOCKWISE,24.467222,54.603056,5.281,16,17,ground_effect,2,normal,,,,,,,,,,,,,20.0,12.0,12.6,0.0,2.4,14.1,2.6,10.125,8,False,False,,,,,,,,,,,,,,,,,,,,,,,,,,,,,,,,,,,,,,,,,,,,,,,,,,,,,,,,,,,,,12.952391527715971
2025,24,Abu Dhabi Grand Prix,2025-12-07,yas_marina,Yas Marina Circuit,bearman,BEA,Oliver Bearman,haas,Haas F1 Team,87,,12.0,12,0.0,58,Finished,17.0,1:28.976,,,BEA,,,,,,,,,,,,,RACE,ANTI_CLOCKWISE,24.467222,54.603056,5.281,16,17,ground_effect,2,normal,,,,,,,,,,,,,19.0,11.666666666666666,9.6,0.0,4.6,10.8,5.4,,0,False,False,,,,,,,,,,,,,,,,,,,,,,,,,,,,,,,,,,,,,,,,,,,,,,,,,,,,,,,,,,,,,11.497741491948995
2025,24,Abu Dhabi Grand Prix,2025-12-07,yas_marina,Yas Marina Circuit,piastri,PIA,Oscar Piastri,mclaren,McLaren,81,,2.0,2,18.0,58,Finished,2.0,1:26.765,,,PIA,,,,,,,,,,,,,RACE,ANTI_CLOCKWISE,24.467222,54.603056,5.281,16,17,ground_effect,2,normal,,,,,,,,,,,,,2.0,9.0,7.4,18.0,9.6,6.4,25.6,8.0,2,False,False,,,,,,,,,,,,,,,,,,,,,,,,,,,,,,,,,,,,,,,,,,,,,,,,,,,,,,,,,,,,,6.441621992309783
2025,24,Abu Dhabi Grand Prix,2025-12-07,yas_marina,Yas Marina Circuit,gasly,GAS,Pierre Gasly,alpine,Alpine F1 Team,10,,19.0,19,0.0,57,Lapped,8.0,1:27.767,,,GAS,,,,,,,,,,,,,RACE,ANTI_CLOCKWISE,24.467222,54.603056,5.281,16,17,ground_effect,2,normal,,,,,,,,,,,,,16.0,13.0,14.6,0.0,0.2,15.0,0.2,12.125,8,False,False,,,,,,,,,,,,,,,,,,,,,,,,,,,,,,,,,,,,,,,,,,,,,,,,,,,,,,,,,,,,,13.18839466047378
2025,24,Abu Dhabi Grand Prix,2025-12-07,yas_marina,Yas Marina Circuit,tsunoda,TSU,Yuki Tsunoda,red_bull,Red Bull,22,,14.0,14,0.0,58,Finished,13.0,1:28.557,,,TSU,,,,,,,,,,,,,RACE,ANTI_CLOCKWISE,24.467222,54.603056,5.281,16,17,ground_effect,2,normal,,,,,,,,,,,,,10.0,13.0,11.4,1.0,1.4,6.6,22.4,8.75,4,False,False,,,,,,,,,,,,,,,,,,,,,,,,,,,,,,,,,,,,,,,,,,,,,,,,,,,,,,,,,,,,,10.592089291380416
